"Date","flow"
2006-01-01,0.0686885571532837
2006-01-02,0.0567723294854826
2006-01-03,0.0265151600636986
2006-01-04,0.0750528431962973
2006-01-05,0.0598628964176442
2006-01-06,0.0398319389133993
2006-01-07,0.0324432674166549
2006-01-08,0.012379770914459
2006-01-09,0.0176375701814656
2006-01-10,0.0111538959100224
2006-01-11,0.0281684244808788
2006-01-12,0.0860995866725314
2006-01-13,0.0510267991101406
2006-01-14,0.00897345135528768
2006-01-15,0.0171292755716252
2006-01-16,0.0311141526334221
2006-01-17,0.243377603353875
2006-01-18,0.378453175779102
2006-01-19,0.0937351227737681
2006-01-20,0.0574690021643254
2006-01-21,0.0162303284283204
2006-01-22,0.00775293269056654
2006-01-23,0.0112382090013755
2006-01-24,0.00787611658184419
2006-01-25,0.00791861109771103
2006-01-26,0.00862722789919907
2006-01-27,0.0216416490666842
2006-01-28,0.0589038318151348
2006-01-29,0.142356533728305
2006-01-30,0.213314906437128
2006-01-31,0.199348889020303
2006-02-01,0.143706780848272
2006-02-02,0.178387016260806
2006-02-03,0.24156952303204
2006-02-04,0.222216291799269
2006-02-05,0.230889357753041
2006-02-06,0.302636178228509
2006-02-07,0.345762524322285
2006-02-08,0.302366093357279
2006-02-09,0.341687106959001
2006-02-10,0.487774667506938
2006-02-11,0.660226128632773
2006-02-12,0.79161939225436
2006-02-13,0.800618928119126
2006-02-14,1.35245209655452
2006-02-15,1.4215502759626
2006-02-16,0.719272188742181
2006-02-17,0.630038137158626
2006-02-18,0.613962302159518
2006-02-19,0.609561166110876
2006-02-20,0.604545391478198
2006-02-21,0.589325424531122
2006-02-22,0.550028738698381
2006-02-23,0.528670683089815
2006-02-24,0.487522251731029
2006-02-25,0.447412987310541
2006-02-26,0.417789841959603
2006-02-27,0.401616217431819
2006-02-28,0.376879316837972
2006-03-01,0.345441940231761
2006-03-02,0.346963802557144
2006-03-03,0.375557429943793
2006-03-04,0.362924208972072
2006-03-05,0.379359266328832
2006-03-06,0.420851140605613
2006-03-07,0.458779496050914
2006-03-08,0.588159962169129
2006-03-09,0.78133651278866
2006-03-10,0.529688363859259
2006-03-11,0.523796299260937
2006-03-12,0.509542602088713
2006-03-13,0.507944960681512
2006-03-14,0.485489940614984
2006-03-15,0.761898447237098
2006-03-16,0.885296608693609
2006-03-17,0.703311183333343
2006-03-18,0.66628102252712
2006-03-19,0.659207013827494
2006-03-20,0.604084084304699
2006-03-21,0.573361890980474
2006-03-22,0.532456362581498
2006-03-23,0.49031248195659
2006-03-24,0.466873370793035
2006-03-25,0.460544784073838
2006-03-26,0.500015475275698
2006-03-27,0.447761519387002
2006-03-28,0.452443357773185
2006-03-29,0.484801194171332
2006-03-30,0.51797278447247
2006-03-31,0.511106703632469
2006-04-01,0.461260738200094
2006-04-02,0.446600254600043
2006-04-03,0.47522032875027
2006-04-04,0.501525891634134
2006-04-05,0.423319880473902
2006-04-06,0.3514900455305
2006-04-07,0.350109995668844
2006-04-08,0.331863175927809
2006-04-09,0.319436253260292
2006-04-10,0.347490426736374
2006-04-11,0.297417287701336
2006-04-12,0.290855111355476
2006-04-13,0.280764529557701
2006-04-14,0.270132832670181
2006-04-15,0.244696247105191
2006-04-16,0.225427180322694
2006-04-17,0.215535694412573
2006-04-18,0.207789994415845
2006-04-19,0.186680390256427
2006-04-20,0.191899503951934
2006-04-21,0.197880187085047
2006-04-22,0.23629891465148
2006-04-23,0.243979997662079
2006-04-24,0.217696774075285
2006-04-25,0.269029689825449
2006-04-26,0.298317400870301
2006-04-27,0.312301728389078
2006-04-28,0.422445986095507
2006-04-29,0.356235833708082
2006-04-30,0.35758414013478
2006-05-01,0.340653442294678
2006-05-02,0.321302663553187
2006-05-03,0.29915823561021
2006-05-04,0.283404593628294
2006-05-05,0.269744865864602
2006-05-06,0.255244978325637
2006-05-07,0.238172827454334
2006-05-08,0.212685048884472
2006-05-09,0.192665082698352
2006-05-10,0.180275260189237
2006-05-11,0.174368256821175
2006-05-12,0.162666521368844
2006-05-13,0.153905513912907
2006-05-14,0.150816971735155
2006-05-15,0.149969841657183
2006-05-16,0.150790924183564
2006-05-17,0.147455221410783
2006-05-18,0.131531751439159
2006-05-19,0.0908059615312614
2006-05-20,0.12931657675807
2006-05-21,0.111725926364062
2006-05-22,0.0745732771398576
2006-05-23,0.0792638730426068
2006-05-24,0.0786887844084246
2006-05-25,0.0725463918160756
2006-05-26,0.0649096218806218
2006-05-27,0.0591430444296737
2006-05-28,0.0548271726134269
2006-05-29,0.0522393922826345
2006-05-30,0.0479266823642236
2006-05-31,0.0411185718523665
2006-06-01,0.0564472312928483
2006-06-02,0.0544233051738836
2006-06-03,0.0552243146402015
2006-06-04,0.0487312993614802
2006-06-05,0.0285454521268798
2006-06-06,0.0260910062094891
2006-06-07,0.0239131894637001
2006-06-08,0.0217375256614088
2006-06-09,0.0190574453178173
2006-06-10,0.016667768448255
2006-06-11,0.014750528196652
2006-06-12,0.015904115658161
2006-06-13,0.0123405575396029
2006-06-14,0.0113076984347673
2006-06-15,0.0104289211378113
2006-06-16,0.00971462214739083
2006-06-17,0.00908604100542617
2006-06-18,0.00852437825920067
2006-06-19,0.00804571168388196
2006-06-20,0.0076586001513815
2006-06-21,0.00733874558429026
2006-06-22,0.00703475506378576
2006-06-23,0.0067301112581678
2006-06-24,0.00645051819753304
2006-06-25,0.00621214307449348
2006-06-26,0.00601852105554196
2006-06-27,0.00586959459628803
2006-06-28,0.00574389220020142
2006-06-29,0.00562224670477853
2006-06-30,0.00548984658050917
2006-07-01,0.0140412949849995
2006-07-02,0.0136152249191902
2006-07-03,0.0131786746095695
2006-07-04,0.0127782269116897
2006-07-05,0.0124233118145547
2006-07-06,0.012116472606972
2006-07-07,0.011858469722207
2006-07-08,0.0116068908162792
2006-07-09,0.0113263405343893
2006-07-10,0.0110076628960863
2006-07-11,0.0106884897515054
2006-07-12,0.0103968887168579
2006-07-13,0.0101366116054267
2006-07-14,0.00988858154976661
2006-07-15,0.0157269033091758
2006-07-16,0.00945857094830939
2006-07-17,0.00924928518976808
2006-07-18,0.0090418125632334
2006-07-19,0.0223420904923733
2006-07-20,0.00871934544603055
2006-07-21,0.0193948892704263
2006-07-22,0.00850006347105284
2006-07-23,0.0199871590655391
2006-07-24,0.00831541353040924
2006-07-25,0.00821501458348206
2006-07-26,0.00811098775719131
2006-07-27,0.00801880964514071
2006-07-28,0.00793939514845688
2006-07-29,0.00787128763467377
2006-07-30,0.00781371342632682
2006-07-31,0.00776826152140358
2006-08-01,0.00826676594123911
2006-08-02,0.00823806089955098
2006-08-03,0.00821020396597597
2006-08-04,0.00818477886944426
2006-08-05,0.00816237667074275
2006-08-06,0.00814164466895599
2006-08-07,0.00812299799507205
2006-08-08,0.00810799485991608
2006-08-09,0.00809499944932602
2006-08-10,0.00808288387097365
2006-08-11,0.00807205118667145
2006-08-12,0.00806225207533208
2006-08-13,0.00805307294278739
2006-08-14,0.00804437325845037
2006-08-15,0.00803679841259476
2006-08-16,0.008030729938147
2006-08-17,0.00802543598770313
2006-08-18,0.00802039703123575
2006-08-19,0.00801559070025855
2006-08-20,0.00801096019756197
2006-08-21,0.00800640930238902
2006-08-22,0.00800214356806605
2006-08-23,0.00799825344477338
2006-08-24,0.00799448391363379
2006-08-25,0.00799096298337677
2006-08-26,0.00798772695921643
2006-08-27,0.0166732201325265
2006-08-28,0.00798193449620925
2006-08-29,0.00798278346371557
2006-08-30,0.00797683076281709
2006-08-31,0.00797441606639103
2006-09-01,0.00294993642234094
2006-09-02,0.00294908718546335
2006-09-03,0.00294825106124946
2006-09-04,0.00294742004166815
2006-09-05,0.00294658859823649
2006-09-06,0.00294575743099271
2006-09-07,0.00294493070330972
2006-09-08,0.00294411359447825
2006-09-09,0.00294333117498707
2006-09-10,0.00294258164926051
2006-09-11,0.00294183631289547
2006-09-12,0.00294109905236817
2006-09-13,0.00294036777536047
2006-09-14,0.00293963664176256
2006-09-15,0.00293890566173363
2006-09-16,0.00293817491512952
2006-09-17,0.00293744424152974
2006-09-18,0.00293671393460541
2006-09-19,0.00293598367516933
2006-09-20,0.00293525365459207
2006-09-21,0.00293452377955094
2006-09-22,0.00293379417975266
2006-09-23,0.00293306469477671
2006-09-24,0.00293233535391934
2006-09-25,0.00293160622498714
2006-09-26,0.0029308772649808
2006-09-27,0.00293014852729509
2006-09-28,0.00292941991388212
2006-09-29,0.00292869156200891
2006-09-30,0.00292796328337629
2006-10-01,0.00400249449555539
2006-10-02,0.00400149925966346
2006-10-03,0.00400050432581874
2006-10-04,0.00399950962456654
2006-10-05,0.00399851518691919
2006-10-06,0.00399752093954541
2006-10-07,0.00399652688793702
2006-10-08,0.0039955331051022
2006-10-09,0.00399453964918904
2006-10-10,0.00399354647690956
2006-10-11,0.00399255340865061
2006-10-12,0.00399156069412609
2006-10-13,0.00399056816599864
2006-10-14,0.00398957597739162
2006-10-15,0.00398863548020869
2006-10-16,0.00417905664941915
2006-10-17,0.00398660061039119
2006-10-18,0.0135528350993632
2006-10-19,0.00398461835849124
2006-10-20,0.00398363245343551
2006-10-21,0.0203449742358155
2006-10-22,0.00412052118978368
2006-10-23,0.00402113863919698
2006-10-24,0.0173671497288084
2006-10-25,0.0068881067951408
2006-10-26,0.00678393322682303
2006-10-27,0.00531283984869205
2006-10-28,0.00400062176500755
2006-10-29,0.00410189285500272
2006-10-30,0.00424678820021123
2006-10-31,0.0039727458085224
2006-11-01,0.00503163481492931
2006-11-02,0.00503130974619254
2006-11-03,0.00504120381136892
2006-11-04,0.00885030943500159
2006-11-05,0.00536626457264332
2006-11-06,0.0050253835575099
2006-11-07,0.00502413433005341
2006-11-08,0.00502288531499807
2006-11-09,0.00502163674234287
2006-11-10,0.00502038855602043
2006-11-11,0.00501914065985681
2006-11-12,0.00501789292452875
2006-11-13,0.00501664574823732
2006-11-14,0.00501539869594888
2006-11-15,0.00501415205782224
2006-11-16,0.00501290569061965
2006-11-17,0.00501165964836219
2006-11-18,0.0050104139375979
2006-11-19,0.00500916845928808
2006-11-20,0.0050079233448022
2006-11-21,0.00500667865389094
2006-11-22,0.00500543410335267
2006-11-23,0.0814906700774561
2006-11-24,0.436347650851921
2006-11-25,0.353170276695856
2006-11-26,0.0267550134882131
2006-11-27,0.0728676313597983
2006-11-28,0.0564349304103206
2006-11-29,0.0417959330812227
2006-11-30,0.0289552097202121
2006-12-01,0.0152370681296844
2006-12-02,0.188117005357706
2006-12-03,0.236149502320023
2006-12-04,0.62433921548512
2006-12-05,0.358449713683246
2006-12-06,0.0181081882319883
2006-12-07,0.0819681905759565
2006-12-08,0.00793076050945664
2006-12-09,0.00723618461590317
2006-12-10,0.0073222360033856
2006-12-11,0.00983659609937514
2006-12-12,0.0318851603312895
2006-12-13,0.0312111726569893
2006-12-14,0.0670584411621704
2006-12-15,0.0657669602358349
2006-12-16,0.0889174094103421
2006-12-17,0.0755554841619844
2006-12-18,0.0781505646292069
2006-12-19,0.131869342165975
2006-12-20,0.0729801476064838
2006-12-21,0.0320964054949018
2006-12-22,0.0240185868398703
2006-12-23,0.0120242155300633
2006-12-24,0.0102415617255652
2006-12-25,0.0145584394730897
2006-12-26,0.130976268933441
2006-12-27,0.244668003433222
2006-12-28,0.181299241823327
2006-12-29,0.00919693582529121
2006-12-30,0.00934893955667572
2006-12-31,0.0118841024368884
2007-01-01,0.00910330306171131
2007-01-02,0.00818339865115056
2007-01-03,0.00822034929471608
2007-01-04,0.00825142335728523
2007-01-05,0.00827809786474596
2007-01-06,0.00830136912625216
2007-01-07,0.00832193522592956
2007-01-08,0.00834030236117004
2007-01-09,0.00836471896940762
2007-01-10,0.0125570417648674
2007-01-11,0.016682244410833
2007-01-12,0.0572143049519256
2007-01-13,0.0673459833774505
2007-01-14,0.136857717185713
2007-01-15,0.274677784854741
2007-01-16,0.302952635916824
2007-01-17,0.251524177560172
2007-01-18,0.0853545269655424
2007-01-19,0.08765654754816
2007-01-20,0.0883012161477911
2007-01-21,0.125820478824725
2007-01-22,1.05274470371514
2007-01-23,0.558424528999569
2007-01-24,1.4609213734566
2007-01-25,5.30825845481771
2007-01-26,1.05761584201576
2007-01-27,0.748520152465869
2007-01-28,0.754896357730231
2007-01-29,0.751053084296693
2007-01-30,0.738177926746607
2007-01-31,0.701981764393164
2007-02-01,0.454114595582918
2007-02-02,0.41849693329777
2007-02-03,0.383353789938268
2007-02-04,0.35297145145842
2007-02-05,0.331742932338324
2007-02-06,0.383493240722029
2007-02-07,0.439328944276506
2007-02-08,0.468637148393727
2007-02-09,0.511756353479549
2007-02-10,0.540617189880563
2007-02-11,0.565981506702461
2007-02-12,0.615175755962834
2007-02-13,0.588262703717128
2007-02-14,0.593869142473539
2007-02-15,0.619586324497969
2007-02-16,0.673989538362383
2007-02-17,0.68376696170396
2007-02-18,0.661048914488522
2007-02-19,0.624567210030068
2007-02-20,0.56460703614413
2007-02-21,0.55286443271699
2007-02-22,0.595346870072055
2007-02-23,0.594108033140428
2007-02-24,0.604268620306775
2007-02-25,0.61681447461975
2007-02-26,0.569617658801798
2007-02-27,0.576989295466888
2007-02-28,0.568556773320053
2007-03-01,0.458899309119675
2007-03-02,0.429302536210457
2007-03-03,0.42354475953824
2007-03-04,0.40990369676972
2007-03-05,0.394656246240096
2007-03-06,0.391583858225359
2007-03-07,0.376472186336485
2007-03-08,0.342635657010661
2007-03-09,0.326223608705198
2007-03-10,0.309828243064586
2007-03-11,0.293695492706336
2007-03-12,0.289148005770982
2007-03-13,0.268826508867569
2007-03-14,0.238390519508062
2007-03-15,0.226805249090745
2007-03-16,0.208046175423134
2007-03-17,0.2300229298112
2007-03-18,0.190406622755329
2007-03-19,0.184572250082488
2007-03-20,0.177260887934264
2007-03-21,0.170904437294883
2007-03-22,0.165128138265297
2007-03-23,0.155741053661775
2007-03-24,0.141920629284353
2007-03-25,0.133659892579019
2007-03-26,0.122091649767432
2007-03-27,0.117778933565756
2007-03-28,0.103988823085941
2007-03-29,0.10412841792414
2007-03-30,0.0923115627240889
2007-03-31,0.0792083842907213
2007-04-01,0.194773681074527
2007-04-02,0.0938530094917628
2007-04-03,0.14025473390659
2007-04-04,0.116470473206032
2007-04-05,0.108784529296649
2007-04-06,0.154530060211447
2007-04-07,0.151223277740607
2007-04-08,0.117410822779006
2007-04-09,0.115036858785385
2007-04-10,0.112215012839226
2007-04-11,0.106731176895556
2007-04-12,0.100550241410271
2007-04-13,0.0933385395185761
2007-04-14,0.0862985174298968
2007-04-15,0.0787916348108174
2007-04-16,0.0708685456027912
2007-04-17,0.0676606338959433
2007-04-18,0.066632233396036
2007-04-19,0.0579577408213474
2007-04-20,0.0499305594832508
2007-04-21,0.0427597858148359
2007-04-22,0.0357478990588981
2007-04-23,0.0253749428940344
2007-04-24,0.0228645389096624
2007-04-25,0.0207613005121234
2007-04-26,0.0187469049813923
2007-04-27,0.0167919596884111
2007-04-28,0.0148122868761014
2007-04-29,0.0132340423007254
2007-04-30,0.056909186656004
2007-05-01,0.132251934072041
2007-05-02,0.0534706937917885
2007-05-03,0.0381109534918967
2007-05-04,0.0233761886836597
2007-05-05,0.0504052199911703
2007-05-06,0.0410549439084368
2007-05-07,0.0182238568915166
2007-05-08,0.0171631049115246
2007-05-09,0.0169649129227233
2007-05-10,0.0159133838131068
2007-05-11,0.0145372925304423
2007-05-12,0.0131049599508323
2007-05-13,0.0116428387103985
2007-05-14,0.0101600585301842
2007-05-15,0.00893996379675199
2007-05-16,0.00807282755445899
2007-05-17,0.00738350061391504
2007-05-18,0.00684814047583917
2007-05-19,0.00647847123047186
2007-05-20,0.0062292368912827
2007-05-21,0.00601766741688815
2007-05-22,0.00582040651896429
2007-05-23,0.00565295294387644
2007-05-24,0.00550945929807783
2007-05-25,0.00540421369374351
2007-05-26,0.00584324799652938
2007-05-27,0.00529021510945186
2007-05-28,0.00521141434307752
2007-05-29,0.00513602852746311
2007-05-30,0.00506874556463781
2007-05-31,0.00499359837527015
2007-06-01,0.00717029306922871
2007-06-02,0.00706176254029831
2007-06-03,0.00695453636952029
2007-06-04,0.00683917760637091
2007-06-05,0.006720764358668
2007-06-06,0.00661065938259865
2007-06-07,0.00651768667223312
2007-06-08,0.00642007816033597
2007-06-09,0.00631452393478095
2007-06-10,0.00776003955646141
2007-06-11,0.00612324711892216
2007-06-12,0.00601882201085438
2007-06-13,0.00591060893348589
2007-06-14,0.00606522814549622
2007-06-15,0.00569959066702416
2007-06-16,0.00556759043056822
2007-06-17,0.0054275058692352
2007-06-18,0.00528598467978068
2007-06-19,0.0051376598670843
2007-06-20,0.00498514713046159
2007-06-21,0.00483545951393945
2007-06-22,0.00469555521782146
2007-06-23,0.00456314366548493
2007-06-24,0.00443841243648969
2007-06-25,0.00432656643002252
2007-06-26,0.00423129731582907
2007-06-27,0.00415810284731606
2007-06-28,0.004093492977728
2007-06-29,0.00402246462335094
2007-06-30,0.00394591793854687
2007-07-01,0.0101574595711251
2007-07-02,0.00992458523445146
2007-07-03,0.00969035375212462
2007-07-04,0.00947139212008463
2007-07-05,0.00927837120123011
2007-07-06,0.00911415070840896
2007-07-07,0.00896101994882413
2007-07-08,0.00880712701397617
2007-07-09,0.00865802403448119
2007-07-10,0.00852315955794873
2007-07-11,0.00839809104759835
2007-07-12,0.0082734505381375
2007-07-13,0.00815570006352074
2007-07-14,0.0123781017121407
2007-07-15,0.00796648220051278
2007-07-16,0.00788655616830687
2007-07-17,0.00781778136614877
2007-07-18,0.0184610198871341
2007-07-19,0.00772076047488267
2007-07-20,0.00768263539812056
2007-07-21,0.0076480675213856
2007-07-22,0.00761889713356453
2007-07-23,0.00759465045197181
2007-07-24,0.0241281771211386
2007-07-25,0.00755947148061729
2007-07-26,0.00754441680106771
2007-07-27,0.00753105093548209
2007-07-28,0.00752061015902467
2007-07-29,0.00751282512220874
2007-07-30,0.00750667104245969
2007-07-31,0.00750130934215469
2007-08-01,0.00801214396322011
2007-08-02,0.00800818773177315
2007-08-03,0.00800494874251462
2007-08-04,0.00801365218621819
2007-08-05,0.00799890892429813
2007-08-06,0.00799616999783078
2007-08-07,0.00799362073038423
2007-08-08,0.00799114625249599
2007-08-09,0.00798870351916369
2007-08-10,0.00798626331931754
2007-08-11,0.00798389481495868
2007-08-12,0.00798166339212118
2007-08-13,0.0216106833671274
2007-08-14,0.00797743555027203
2007-08-15,0.00797539918543687
2007-08-16,0.00797336048312874
2007-08-17,0.0079713190264206
2007-08-18,0.00796927740626172
2007-08-19,0.00796723750935868
2007-08-20,0.00796519982350971
2007-08-21,0.00796316984474525
2007-08-22,0.00796215322787912
2007-08-23,0.00795918770316687
2007-08-24,0.0102205176340647
2007-08-25,0.00795523023626236
2007-08-26,0.00795325205222159
2007-08-27,0.00795127446707445
2007-08-28,0.00794929727842305
2007-08-29,0.00794732081125332
2007-08-30,0.0079453446684311
2007-08-31,0.00794336902043041
2007-09-01,0.00293859670577292
2007-09-02,0.00293786603760713
2007-09-03,0.00293713551781258
2007-09-04,0.00293640514544425
2007-09-05,0.00293567500461067
2007-09-06,0.00293494507050455
2007-09-07,0.00293421527390172
2007-09-08,0.00293348571875656
2007-09-09,0.00293275626000547
2007-09-10,0.00293202705027237
2007-09-11,0.00293129803049227
2007-09-12,0.00293056912718833
2007-09-13,0.00292984044242484
2007-09-14,0.00292911195753728
2007-09-15,0.0029283836609489
2007-09-16,0.00292765543358469
2007-09-17,0.0029269275270615
2007-09-18,0.0029261997367782
2007-09-19,0.0029254721111681
2007-09-20,0.00292474471213128
2007-09-21,0.00292401747658636
2007-09-22,0.00292329036602295
2007-09-23,0.00292256354157034
2007-09-24,0.00292183684139048
2007-09-25,0.00292111036116863
2007-09-26,0.00292038401703251
2007-09-27,0.00291965782835544
2007-09-28,0.002918931814747
2007-09-29,0.00291820606433214
2007-09-30,0.00291748039495446
2007-10-01,0.00398816455176868
2007-10-02,0.00398717285612858
2007-10-03,0.00398618155848011
2007-10-04,0.00398519032737894
2007-10-05,0.00398419942319946
2007-10-06,0.00398320872706107
2007-10-07,0.00398221825027033
2007-10-08,0.00398122814691979
2007-10-09,0.00398023817795604
2007-10-10,0.00397924849617942
2007-10-11,0.0039782591154809
2007-10-12,0.00397726990438105
2007-10-13,0.00397628098660623
2007-10-14,0.00397529222227784
2007-10-15,0.00397430380263864
2007-10-16,0.00397331553999938
2007-10-17,0.0039723275848991
2007-10-18,0.00397133987789752
2007-10-19,0.00397035238055222
2007-10-20,0.00396936520948253
2007-10-21,0.0661492278430149
2007-10-22,0.228683693574545
2007-10-23,0.0763402107140963
2007-10-24,0.24343100218322
2007-10-25,0.23594131920342
2007-10-26,0.114632515383259
2007-10-27,0.0910431685771278
2007-10-28,0.0282574425960214
2007-10-29,0.0186600245313009
2007-10-30,0.276436723058656
2007-10-31,0.080728237611609
2007-11-01,0.281221263140339
2007-11-02,0.0672320990660104
2007-11-03,0.0190834196078749
2007-11-04,0.342126782010885
2007-11-05,0.140192539930764
2007-11-06,0.0338497809283652
2007-11-07,0.0199196865571954
2007-11-08,0.0121076567611486
2007-11-09,0.0110895678972298
2007-11-10,0.0100860205952923
2007-11-11,0.00995898386867636
2007-11-12,0.0220017350278191
2007-11-13,0.0154660812754742
2007-11-14,0.033712980422796
2007-11-15,0.0105391545206805
2007-11-16,0.00938305120197436
2007-11-17,0.0121538473244392
2007-11-18,0.0128521716040197
2007-11-19,0.0174810781818126
2007-11-20,0.0265932909342974
2007-11-21,0.0229238393600678
2007-11-22,0.108179784648923
2007-11-23,0.196445925219998
2007-11-24,0.169359429780286
2007-11-25,0.0499507869833263
2007-11-26,0.048702788145228
2007-11-27,0.0831948235277181
2007-11-28,0.0593442632800042
2007-11-29,0.010370402845922
2007-11-30,0.0104551083245973
2007-12-01,0.00839391842510282
2007-12-02,0.00843162626405947
2007-12-03,0.00846668170964157
2007-12-04,0.0128469937899446
2007-12-05,0.00907527922657805
2007-12-06,0.00853296393789091
2007-12-07,0.00889820602990465
2007-12-08,0.00971036829644337
2007-12-09,0.0148151965994023
2007-12-10,0.100775095382829
2007-12-11,0.207623090634302
2007-12-12,0.0205960837918393
2007-12-13,0.168146404490566
2007-12-14,9.28481908154636
2007-12-15,22.1100328933863
2007-12-16,2.87296637219473
2007-12-17,0.461779442160041
2007-12-18,0.477862309145689
2007-12-19,0.783092266565911
2007-12-20,0.959796043135978
2007-12-21,1.07495605429292
2007-12-22,0.609300476361343
2007-12-23,0.596152315639506
2007-12-24,0.567865085616168
2007-12-25,0.537572836434472
2007-12-26,0.50861320140225
2007-12-27,0.480437291084826
2007-12-28,0.445271814468506
2007-12-29,0.408923521709259
2007-12-30,0.385170929943914
2007-12-31,0.346424011026888
2008-01-01,0.282010299017888
2008-01-02,0.252856394945112
2008-01-03,0.248282859888405
2008-01-04,0.320049572831079
2008-01-05,0.230473706990604
2008-01-06,0.227885264558094
2008-01-07,0.218447270148465
2008-01-08,0.207367652542451
2008-01-09,0.19775770440348
2008-01-10,0.186343938562688
2008-01-11,0.176601691990872
2008-01-12,0.169750992293659
2008-01-13,0.181247888583608
2008-01-14,0.199100968596425
2008-01-15,0.179768434432131
2008-01-16,0.161318102400165
2008-01-17,0.167701706629264
2008-01-18,0.186779951202898
2008-01-19,0.186504062903926
2008-01-20,0.238470154596959
2008-01-21,0.195549510325844
2008-01-22,0.188196936584762
2008-01-23,0.186531929506212
2008-01-24,0.180372671422993
2008-01-25,0.172683272609078
2008-01-26,0.164646976127268
2008-01-27,0.164577814807305
2008-01-28,0.171769915854054
2008-01-29,0.204732846901101
2008-01-30,0.167493284344317
2008-01-31,0.161853908742516
2008-02-01,0.109686686349749
2008-02-02,0.105475984401689
2008-02-03,0.101692379459376
2008-02-04,0.103080205622392
2008-02-05,0.145335968374205
2008-02-06,0.162497605150439
2008-02-07,0.200749241800532
2008-02-08,0.258145318249329
2008-02-09,0.234282246819116
2008-02-10,0.187775787016828
2008-02-11,0.195823459284794
2008-02-12,0.188685501563117
2008-02-13,0.206244705092232
2008-02-14,0.191805933957545
2008-02-15,0.188782287987565
2008-02-16,0.179122594953282
2008-02-17,0.172377195127384
2008-02-18,0.166402435328664
2008-02-19,0.159223574810476
2008-02-20,0.151767076654975
2008-02-21,0.144433015439943
2008-02-22,0.13739914578202
2008-02-23,0.130740874887102
2008-02-24,0.124482907697201
2008-02-25,0.118623929048546
2008-02-26,0.113819811077424
2008-02-27,0.117174093809216
2008-02-28,0.115069839694387
2008-02-29,0.15664980116662
2008-03-01,0.190007247780985
2008-03-02,0.312626202241461
2008-03-03,0.369952423208564
2008-03-04,0.337246881861957
2008-03-05,0.306765215227916
2008-03-06,0.288230822500519
2008-03-07,0.287731736707254
2008-03-08,0.308915159889485
2008-03-09,0.323111638257138
2008-03-10,0.317175231614046
2008-03-11,0.325823325298611
2008-03-12,0.297656692493302
2008-03-13,0.284934602581078
2008-03-14,0.277855149435861
2008-03-15,0.272617299213771
2008-03-16,0.263820800378072
2008-03-17,0.239016403028979
2008-03-18,0.229985102635483
2008-03-19,0.219167514522895
2008-03-20,0.218610455167392
2008-03-21,0.268337607511665
2008-03-22,0.261191320752713
2008-03-23,0.24576253809374
2008-03-24,0.22715319498065
2008-03-25,0.228437580880825
2008-03-26,0.223480959436883
2008-03-27,0.215905507323807
2008-03-28,0.211417671425878
2008-03-29,0.240535950100537
2008-03-30,0.305220020122488
2008-03-31,0.267000102889874
2008-04-01,0.276920639211653
2008-04-02,0.32449074270415
2008-04-03,0.37648611642047
2008-04-04,0.483372492613502
2008-04-05,0.388106541683101
2008-04-06,0.397202967467751
2008-04-07,0.382137112717137
2008-04-08,0.364148821245281
2008-04-09,0.339269362749937
2008-04-10,0.319219757798065
2008-04-11,0.302856499589473
2008-04-12,0.289257575103974
2008-04-13,0.275535569784929
2008-04-14,0.27970612816016
2008-04-15,0.298938206154799
2008-04-16,0.26804093474007
2008-04-17,0.245405793020412
2008-04-18,0.245171212898213
2008-04-19,0.33171747827397
2008-04-20,0.39519061977429
2008-04-21,0.414974155893855
2008-04-22,0.434420033534737
2008-04-23,0.42376257011334
2008-04-24,0.388792803310898
2008-04-25,0.407947918195104
2008-04-26,0.367557395625445
2008-04-27,0.352718647536681
2008-04-28,0.360259453327027
2008-04-29,0.38526920103254
2008-04-30,0.459413390058731
2008-05-01,0.442801346554026
2008-05-02,0.465298382795071
2008-05-03,0.60707985587134
2008-05-04,0.707776429107385
2008-05-05,0.781304042700405
2008-05-06,1.00475337456421
2008-05-07,0.532012260556649
2008-05-08,0.516686948626751
2008-05-09,0.554156200526256
2008-05-10,0.590995846224516
2008-05-11,0.611873793054511
2008-05-12,0.655700762826109
2008-05-13,0.64932737924008
2008-05-14,0.628667661152186
2008-05-15,0.633365102601995
2008-05-16,0.969365303963156
2008-05-17,1.08854627590362
2008-05-18,1.38256330380668
2008-05-19,1.54387194143754
2008-05-20,1.55682373440538
2008-05-21,1.42091783263921
2008-05-22,1.28635485575602
2008-05-23,1.32671217554753
2008-05-24,1.33188497514647
2008-05-25,1.33000113192578
2008-05-26,1.24126747412464
2008-05-27,1.24399952870487
2008-05-28,1.27667623792505
2008-05-29,1.00781723545825
2008-05-30,0.774776817432618
2008-05-31,0.733911891440717
2008-06-01,0.927526908279781
2008-06-02,0.757747467611134
2008-06-03,0.716241612423765
2008-06-04,0.710050775313358
2008-06-05,0.720252691990427
2008-06-06,0.698831237791827
2008-06-07,0.668609723330757
2008-06-08,0.588661800361636
2008-06-09,0.574028373441126
2008-06-10,0.538626846052063
2008-06-11,0.551362170612914
2008-06-12,0.493522632282739
2008-06-13,0.471509292528529
2008-06-14,0.317756864783144
2008-06-15,0.237842695813893
2008-06-16,0.193277233458248
2008-06-17,0.180608523300823
2008-06-18,0.17300629216431
2008-06-19,0.163228951435405
2008-06-20,0.150913080360237
2008-06-21,0.133957009289754
2008-06-22,0.119381703743042
2008-06-23,0.106021394243523
2008-06-24,0.100634366368624
2008-06-25,0.0969546481655193
2008-06-26,0.088841333497225
2008-06-27,0.0871320587241963
2008-06-28,0.106866041209322
2008-06-29,0.0609456414186874
2008-06-30,0.0344579693962303
2008-07-01,0.0825076778912448
2008-07-02,0.0764507394678628
2008-07-03,0.0701563806434483
2008-07-04,0.0608398127314859
2008-07-05,0.0517920593876092
2008-07-06,0.0442648022657092
2008-07-07,0.0385577929556299
2008-07-08,0.0343738759252368
2008-07-09,0.0309792517834499
2008-07-10,0.0279721348421367
2008-07-11,0.0251560693619187
2008-07-12,0.0226004690452222
2008-07-13,0.0203613752656951
2008-07-14,0.0184891299122617
2008-07-15,0.0169535991255488
2008-07-16,0.0156440574359375
2008-07-17,0.0145922468137748
2008-07-18,0.0138059087781993
2008-07-19,0.0132390834522138
2008-07-20,0.0128368710039768
2008-07-21,0.0125208309123144
2008-07-22,0.0122213398185962
2008-07-23,0.0119268337128564
2008-07-24,0.0116295981497989
2008-07-25,0.0113262351148683
2008-07-26,0.0110394192552365
2008-07-27,0.0107806398237293
2008-07-28,0.0105421432099774
2008-07-29,0.0103141966376215
2008-07-30,0.0100902819452623
2008-07-31,0.00988294955549685
2008-08-01,0.011731734464468
2008-08-02,0.0101942279662293
2008-08-03,0.0100104490774229
2008-08-04,0.00983510770374585
2008-08-05,0.00967212870304553
2008-08-06,0.00951567836463184
2008-08-07,0.00937038136507721
2008-08-08,0.00924036129978803
2008-08-09,0.0091198714789819
2008-08-10,0.00901154190837586
2008-08-11,0.00891513328590104
2008-08-12,0.00883036271539391
2008-08-13,0.00875532934096577
2008-08-14,0.00868787208807512
2008-08-15,0.00862882341953639
2008-08-16,0.00857572139783469
2008-08-17,0.00852311153008023
2008-08-18,0.0084727783284501
2008-08-19,0.00842798303895535
2008-08-20,0.00839111856608254
2008-08-21,0.00835820844688884
2008-08-22,0.0083230109721491
2008-08-23,0.00828576496954218
2008-08-24,0.00825001611040076
2008-08-25,0.00821768413811015
2008-08-26,0.00818847921112811
2008-08-27,0.00816210473024668
2008-08-28,0.00813704210420131
2008-08-29,0.00811400346862236
2008-08-30,0.00809601555668564
2008-08-31,0.0158067720212503
2008-09-01,0.00311146881943576
2008-09-02,0.00298404887582604
2008-09-03,0.00298083588196978
2008-09-04,0.00297762555832349
2008-09-05,0.00297456975364869
2008-09-06,0.00297185625775229
2008-09-07,0.00296941506491983
2008-09-08,0.00296714574128108
2008-09-09,0.00296507131556626
2008-09-10,0.00296319482347955
2008-09-11,0.00296139012299632
2008-09-12,0.00295953433862207
2008-09-13,0.00295774706325549
2008-09-14,0.00295608204674495
2008-09-15,0.00295441265493629
2008-09-16,0.00295281924716399
2008-09-17,0.00295144413508396
2008-09-18,0.0215403670379573
2008-09-19,0.00294919259000676
2008-09-20,0.00294818886652533
2008-09-21,0.00294725938182798
2008-09-22,0.00369616163915553
2008-09-23,0.00294553002677045
2008-09-24,0.00294460560914034
2008-09-25,0.00294370804080019
2008-09-26,0.00294282709547416
2008-09-27,0.00294198487764355
2008-09-28,0.00294177446358337
2008-09-29,0.00294033794068972
2008-09-30,0.00293946944130181
2008-10-01,0.00401803660651512
2008-10-02,0.00401686232220109
2008-10-03,0.00401570111410875
2008-10-04,0.00401456045524164
2008-10-05,0.00401345726315137
2008-10-06,0.00401240379223275
2008-10-07,0.00401137517285472
2008-10-08,0.00401034460034569
2008-10-09,0.00400931494431577
2008-10-10,0.00400828823865722
2008-10-11,0.00400726409506978
2008-10-12,0.00400623838277507
2008-10-13,0.00400520946458028
2008-10-14,0.0040041789353593
2008-10-15,0.00400314758172709
2008-10-16,0.00400211797706134
2008-10-17,0.00475902628530066
2008-10-18,0.00400008510204765
2008-10-19,0.00399906914797788
2008-10-20,0.00399805088187396
2008-10-21,0.00399703139918197
2008-10-22,0.00399601234807833
2008-10-23,0.00399499245738033
2008-10-24,0.00399396928648184
2008-10-25,0.00399295294863443
2008-10-26,0.0039919528977545
2008-10-27,0.00399096034313733
2008-10-28,0.00398996788834113
2008-10-29,0.00398897579697071
2008-10-30,0.00398798395660638
2008-10-31,0.00398699228584076
2008-11-01,0.00504967831317222
2008-11-02,0.00504842268953483
2008-11-03,0.00504716734868971
2008-11-04,0.00504591239622365
2008-11-05,0.00504465768603403
2008-11-06,0.00504340340392078
2008-11-07,0.00504214939723333
2008-11-08,0.00504168423948886
2008-11-09,0.00503964215570543
2008-11-10,0.00503838904241248
2008-11-11,0.00503713616484801
2008-11-12,0.00503588372927442
2008-11-13,0.00503463160882393
2008-11-14,0.00503337976175301
2008-11-15,0.00503212822366643
2008-11-16,0.00984909467159787
2008-11-17,0.00824669394100063
2008-11-18,0.00502837534954114
2008-11-19,0.00502712494917182
2008-11-20,0.00502587500020613
2008-11-21,0.00502462532462001
2008-11-22,0.00502337591750239
2008-11-23,0.00502212685415547
2008-11-24,0.00502087808465062
2008-11-25,0.00501962970147854
2008-11-26,0.00501838155198866
2008-11-27,0.00501713378310206
2008-11-28,0.00501588613862767
2008-11-29,0.00501463899180229
2008-11-30,0.005013392013179
2008-12-01,0.00804795444806043
2008-12-02,0.00491160015541395
2008-12-03,0.00399885689784154
2008-12-04,0.00399786255862692
2008-12-05,0.00399686852224131
2008-12-06,0.00399587461227946
2008-12-07,0.00399488111686994
2008-12-08,0.00399388771227645
2008-12-09,0.00399289460103836
2008-12-10,0.00399190187364503
2008-12-11,0.00399090922726744
2008-12-12,0.00398991696963475
2008-12-13,0.00402358344537541
2008-12-14,0.00398793292053656
2008-12-15,0.00398694131854337
2008-12-16,0.0039859499099426
2008-12-17,0.00398495883781851
2008-12-18,0.00398396797019383
2008-12-19,0.00398297743153227
2008-12-20,0.00398198703464828
2008-12-21,0.00398099696574736
2008-12-22,0.00399578786630545
2008-12-23,0.00397901739538241
2008-12-24,0.00397802798277437
2008-12-25,0.00433165255371707
2008-12-26,0.00810142627159081
2008-12-27,0.00712783896787999
2008-12-28,0.00397407289413836
2008-12-29,0.00402966554551604
2008-12-30,0.00407944909955487
2008-12-31,0.00559960500705429
2009-01-01,0.0149185412926325
2009-01-02,0.00453611738490719
2009-01-03,0.00443415605018919
2009-01-04,0.00353438615577144
2009-01-05,0.00340863915492744
2009-01-06,0.00361138446071916
2009-01-07,0.00380303143013273
2009-01-08,0.00358119468921199
2009-01-09,0.00339141468268388
2009-01-10,0.00343185422298231
2009-01-11,0.00442636638007577
2009-01-12,0.00353502066128287
2009-01-13,0.00399361768887435
2009-01-14,0.0113592756364382
2009-01-15,0.00338635830635628
2009-01-16,0.00348522576835503
2009-01-17,0.00532357467232584
2009-01-18,0.0102112211182089
2009-01-19,0.00790639589076327
2009-01-20,0.00461905786604123
2009-01-21,0.0149451689155486
2009-01-22,0.00378053004194993
2009-01-23,0.00337963034988999
2009-01-24,0.0117806802520041
2009-01-25,0.00337795264760439
2009-01-26,0.00390781900090722
2009-01-27,0.00524809182144667
2009-01-28,0.0042060612859456
2009-01-29,0.00337460909223254
2009-01-30,0.00337377645508982
2009-01-31,0.00426054278507828
2009-02-01,0.00374776721415006
2009-02-02,0.00255329516723357
2009-02-03,0.00242346207679602
2009-02-04,0.00290126843927203
2009-02-05,0.00470945142916381
2009-02-06,0.00352360964942324
2009-02-07,0.00375594253542455
2009-02-08,0.00312308972166864
2009-02-09,0.007029432057152
2009-02-10,0.00703032611392222
2009-02-11,0.00938443020891494
2009-02-12,0.017287970176809
2009-02-13,0.0326455807212233
2009-02-14,0.0427855508630347
2009-02-15,0.0610535620175044
2009-02-16,0.0953165681073642
2009-02-17,0.0555073016160379
2009-02-18,0.059070433507821
2009-02-19,0.0796028762211495
2009-02-20,0.107789800844356
2009-02-21,0.0502736677549058
2009-02-22,0.0499609521181469
2009-02-23,0.0736125255378567
2009-02-24,0.091889420513404
2009-02-25,0.125186821569683
2009-02-26,0.124738069597406
2009-02-27,0.0669049825098661
2009-02-28,0.0285191360835053
2009-03-01,0.0121724671081885
2009-03-02,0.00348390709540168
2009-03-03,0.0112732742841005
2009-03-04,0.0151530115314331
2009-03-05,0.0176721765754897
2009-03-06,0.0281888228617422
2009-03-07,0.0179941620116637
2009-03-08,0.0103075895801763
2009-03-09,0.00729820909881723
2009-03-10,0.00587760880363444
2009-03-11,0.00554600358133636
2009-03-12,0.00919246916626776
2009-03-13,0.00713525688394227
2009-03-14,0.00771471019674627
2009-03-15,0.00731822910286275
2009-03-16,0.00578122644197596
2009-03-17,0.00497409943940764
2009-03-18,0.0349545039630839
2009-03-19,0.0385900701621021
2009-03-20,0.0137176842209477
2009-03-21,0.00956556880456504
2009-03-22,0.0047891324822227
2009-03-23,0.00546281712076717
2009-03-24,0.00578523565468305
2009-03-25,0.0061396402087219
2009-03-26,0.00511423728481357
2009-03-27,0.00505782232501156
2009-03-28,0.00413319533872786
2009-03-29,0.00354113205990151
2009-03-30,0.00353468616372175
2009-03-31,0.00406611579176468
2009-04-01,0.0111831182255009
2009-04-02,0.00381433320934211
2009-04-03,0.00333270922878884
2009-04-04,0.00364983239783288
2009-04-05,0.003672086868284
2009-04-06,0.0165377504819145
2009-04-07,0.00477031492146658
2009-04-08,0.00323150753642312
2009-04-09,0.0232393418267922
2009-04-10,0.0562471365080783
2009-04-11,0.00428765176716849
2009-04-12,0.00317816000472754
2009-04-13,0.00314860092749129
2009-04-14,0.00311879608200537
2009-04-15,0.00309460957396864
2009-04-16,0.0036703119680206
2009-04-17,0.00342139740722989
2009-04-18,0.00387909125857099
2009-04-19,0.00303046501397672
2009-04-20,0.00315185481031507
2009-04-21,0.00298725587704607
2009-04-22,0.00295096007344664
2009-04-23,0.00291719779621984
2009-04-24,0.00288108776431793
2009-04-25,0.00284381674066465
2009-04-26,0.00280814827444471
2009-04-27,0.00277275994395863
2009-04-28,0.00743826752180988
2009-04-29,0.00307543424114221
2009-04-30,0.00272595356574574
2009-05-01,0.00251699573659589
2009-05-02,0.00249074005771676
2009-05-03,0.00246068071548168
2009-05-04,0.00243536070825757
2009-05-05,0.00241687005059234
2009-05-06,0.00239772788118409
2009-05-07,0.00237006459405143
2009-05-08,0.00233620135608859
2009-05-09,0.00230292749470016
2009-05-10,0.00227376948853439
2009-05-11,0.00224772277095893
2009-05-12,0.00222457882906053
2009-05-13,0.00220320332962172
2009-05-14,0.00217907800547648
2009-05-15,0.00215292372917901
2009-05-16,0.00212980245474781
2009-05-17,0.00211183624628853
2009-05-18,0.00209418561435056
2009-05-19,0.00213845943710473
2009-05-20,0.00206323428278258
2009-05-21,0.00205144588940038
2009-05-22,0.00204237075035107
2009-05-23,0.00706833204410948
2009-05-24,0.0034150075206398
2009-05-25,0.00934139208088483
2009-05-26,0.00297899873678655
2009-05-27,0.00202304658614096
2009-05-28,0.0020175912912465
2009-05-29,0.00201129101294374
2009-05-30,0.00200497647165175
2009-05-31,0.00199924123738432
2009-06-01,0.00290968282841488
2009-06-02,0.0029020038758599
2009-06-03,0.00289382045599635
2009-06-04,0.00288628406817007
2009-06-05,0.00288008761235481
2009-06-06,0.00287572014223995
2009-06-07,0.00287216044635358
2009-06-08,0.00286872104173669
2009-06-09,0.00286566081906083
2009-06-10,0.00286281792896122
2009-06-11,0.00286067559383145
2009-06-12,0.00285910759293321
2009-06-13,0.00285760286045814
2009-06-14,0.00285607247459936
2009-06-15,0.00285446730203104
2009-06-16,0.00285297693054221
2009-06-17,0.00285150306325669
2009-06-18,0.00285014621639731
2009-06-19,0.002848989469567
2009-06-20,0.00284786990849643
2009-06-21,0.00284679578858237
2009-06-22,0.00284576269567484
2009-06-23,0.00284477720350312
2009-06-24,0.00284384330102805
2009-06-25,0.00284295804124091
2009-06-26,0.00284210914842319
2009-06-27,0.00360583724018067
2009-06-28,0.00284048354359434
2009-06-29,0.00283968059984222
2009-06-30,0.00283888630531527
2009-07-01,0.00746077702264417
2009-07-02,0.00745887833621985
2009-07-03,0.00745697953091436
2009-07-04,0.00745508735846132
2009-07-05,0.00745321691736683
2009-07-06,0.00745136388370164
2009-07-07,0.00744951117083639
2009-07-08,0.00744765891975579
2009-07-09,0.00744580719617309
2009-07-10,0.00744395585731133
2009-07-11,0.0074421048051981
2009-07-12,0.00744025442455444
2009-07-13,0.00743840442743693
2009-07-14,0.00743655482818306
2009-07-15,0.00743470585977602
2009-07-16,0.00743285718827319
2009-07-17,0.00743100909026746
2009-07-18,0.00742916126527025
2009-07-19,0.00742731413623568
2009-07-20,0.00742546722883386
2009-07-21,0.00742362080890455
2009-07-22,0.00742177495948541
2009-07-23,0.0074199296793816
2009-07-24,0.00741808459701482
2009-07-25,0.00741624001287367
2009-07-26,0.00741439592337376
2009-07-27,0.00741255258718618
2009-07-28,0.00741070935673714
2009-07-29,0.00740886674817403
2009-07-30,0.00740702448370916
2009-07-31,0.00740518278497532
2009-08-01,0.00791251675345665
2009-08-02,0.00791054937057144
2009-08-03,0.00790858250166214
2009-08-04,0.00790661597561622
2009-08-05,0.00790464999291628
2009-08-06,0.00790268458612474
2009-08-07,0.00790071945707171
2009-08-08,0.00789875496841348
2009-08-09,0.0449950520838525
2009-08-10,0.00789482757963374
2009-08-11,0.00789286442603589
2009-08-12,0.00789090178258305
2009-08-13,0.00788893975973219
2009-08-14,0.00788697816785488
2009-08-15,0.00788501712890071
2009-08-16,0.00788305645834914
2009-08-17,0.00788109630432739
2009-08-18,0.00787913669939791
2009-08-19,0.00787717761482912
2009-08-20,0.00787521889483202
2009-08-21,0.00787402829552913
2009-08-22,0.00787130305231325
2009-08-23,0.00786934604599481
2009-08-24,0.00786738928804486
2009-08-25,0.0078654329316984
2009-08-26,0.0078634772955567
2009-08-27,0.00786152197482381
2009-08-28,0.00785956732002489
2009-08-29,0.00785761296850366
2009-08-30,0.00785565924716161
2009-08-31,0.00785370595296225
2009-09-01,0.00290542635326672
2009-09-02,0.00290470395656191
2009-09-03,0.00290398169169016
2009-09-04,0.00290325966189706
2009-09-05,0.00290253774550874
2009-09-06,0.0029018160110406
2009-09-07,0.00290109448589876
2009-09-08,0.00290037309448005
2009-09-09,0.00289965200334776
2009-09-10,0.00289893094789071
2009-09-11,0.00289821014334175
2009-09-12,0.00289748953252593
2009-09-13,0.0028967691111906
2009-09-14,0.00289604878695812
2009-09-15,0.00289532870111193
2009-09-16,0.00289460877875761
2009-09-17,0.00289388903714218
2009-09-18,0.00289316948736982
2009-09-19,0.00289245003966176
2009-09-20,0.00289173088916873
2009-09-21,0.00289101188562938
2009-09-22,0.00289029297777533
2009-09-23,0.00288957434918053
2009-09-24,0.00288885587604479
2009-09-25,0.00288813750379203
2009-09-26,0.00288741942686424
2009-09-27,0.00288670146924771
2009-09-28,0.00288598372166629
2009-09-29,0.0028852661200935
2009-09-30,0.00288454866523815
2009-10-01,0.00394314714365844
2009-10-02,0.00394216668159051
2009-10-03,0.00394118654644424
2009-10-04,0.00394020653114773
2009-10-05,0.00393922682339022
2009-10-06,0.00393824726778697
2009-10-07,0.00393726813052719
2009-10-08,0.0039362890669217
2009-10-09,0.00393531038935517
2009-10-10,0.00393433185457461
2009-10-11,0.00393335359179805
2009-10-12,0.00393237556322924
2009-10-13,0.00393139783541546
2009-10-14,0.00393772407904039
2009-10-15,0.00841592561769932
2009-10-16,0.00597153576924864
2009-10-17,0.0109022129771814
2009-10-18,0.00428123236017172
2009-10-19,0.00415210499134079
2009-10-20,0.00392456015251922
2009-10-21,0.00392358434100929
2009-10-22,0.00392260874787789
2009-10-23,0.0039216333831394
2009-10-24,0.00392065822159631
2009-10-25,0.00391968343187821
2009-10-26,0.00391870885860034
2009-10-27,0.00391773445492119
2009-10-28,0.00392047739965632
2009-10-29,0.00392284573864775
2009-10-30,0.00391481278287083
2009-10-31,0.00391383943974893
2009-11-01,0.00495702728936532
2009-11-02,0.00495579479290042
2009-11-03,0.00495456252152347
2009-11-04,0.00495333050224502
2009-11-05,0.0049520990084446
2009-11-06,0.0049696578088539
2009-11-07,0.00568425112427607
2009-11-08,0.00498367795706507
2009-11-09,0.00494717561520634
2009-11-10,0.00494594548421111
2009-11-11,0.00494471555252104
2009-11-12,0.00494348609187865
2009-11-13,0.00494225695618141
2009-11-14,0.0049410280390241
2009-11-15,0.00493979949223876
2009-11-16,0.00493857128717786
2009-11-17,0.00493734323108426
2009-11-18,0.00493611560838726
2009-11-19,0.00493488821405221
2009-11-20,0.100805578781589
2009-11-21,0.0280505476803967
2009-11-22,0.0855883893562676
2009-11-23,0.568357146439859
2009-11-24,0.468278006795677
2009-11-25,0.0239515141544062
2009-11-26,0.00928224268654317
2009-11-27,0.395819990514133
2009-11-28,2.13159917953611
2009-11-29,0.177124287758105
2009-11-30,0.00958296649839673
2009-12-01,0.0110177431644454
2009-12-02,0.00727528751394908
2009-12-03,0.00796372052530035
2009-12-04,0.0218057747470415
2009-12-05,0.0164462902827131
2009-12-06,0.0285440490299981
2009-12-07,0.0339844855836529
2009-12-08,0.0396114873671662
2009-12-09,0.0316851560478634
2009-12-10,0.0272224511073179
2009-12-11,0.165831364144624
2009-12-12,0.192070703570164
2009-12-13,0.042381742927581
2009-12-14,0.0410524870413986
2009-12-15,0.0468289163314412
2009-12-16,0.0256375072530569
2009-12-17,0.173293262501602
2009-12-18,0.0224557266215507
2009-12-19,0.0286563500025176
2009-12-20,0.038253045801119
2009-12-21,0.0773910094430994
2009-12-22,0.191112463164991
2009-12-23,0.207802884645413
2009-12-24,0.0101060547021261
2009-12-25,0.110880233689746
2009-12-26,0.0348406626321512
2009-12-27,0.00998113412741725
2009-12-28,0.010076944932706
2009-12-29,0.0296017148819932
2009-12-30,0.0241542867715951
2009-12-31,0.0102602493971444
2010-01-01,0.00882306701505896
2010-01-02,0.00885681146610993
2010-01-03,0.00888522072240963
2010-01-04,0.0160694558950228
2010-01-05,0.0379798135842807
2010-01-06,0.0164879091252111
2010-01-07,0.0200696723103568
2010-01-08,0.0203057648012413
2010-01-09,0.0580367498908159
2010-01-10,0.126853209437143
2010-01-11,0.131014814611799
2010-01-12,0.143473273802111
2010-01-13,0.167615669275713
2010-01-14,0.135497341590244
2010-01-15,0.0894455080915663
2010-01-16,0.0702613300398005
2010-01-17,0.0321249118306209
2010-01-18,0.0264877909818261
2010-01-19,0.0206618292269275
2010-01-20,0.0248403216890728
2010-01-21,0.0326513352467724
2010-01-22,0.0287049650597565
2010-01-23,0.0291394913573417
2010-01-24,0.0363676189806739
2010-01-25,0.0468337919674279
2010-01-26,0.0596215021335695
2010-01-27,0.0449135344642401
2010-01-28,0.0289062464199996
2010-01-29,0.0252911969301011
2010-01-30,0.0276801441481607
2010-01-31,0.0347949516685461
2010-02-01,0.0233329787675346
2010-02-02,0.0236571055858673
2010-02-03,0.0191554827523096
2010-02-04,0.018575930560935
2010-02-05,0.0199366173970847
2010-02-06,0.0279332909669971
2010-02-07,0.0355218464903407
2010-02-08,0.0743155224816914
2010-02-09,0.0438692068279559
2010-02-10,0.0197863174732942
2010-02-11,0.0272161408158543
2010-02-12,0.0322726307529248
2010-02-13,0.0250983622539134
2010-02-14,0.0235139695221434
2010-02-15,0.0256226699665634
2010-02-16,0.0537939615655081
2010-02-17,0.0581590726757997
2010-02-18,0.0305889728872474
2010-02-19,0.0326950123594743
2010-02-20,0.0353959126758335
2010-02-21,0.0342484884931099
2010-02-22,0.0385570268994545
2010-02-23,0.0569907948359297
2010-02-24,0.0593959770862637
2010-02-25,0.0637177550029158
2010-02-26,0.0757920699527082
2010-02-27,0.0812698282494713
2010-02-28,0.092145579829609
2010-03-01,0.107079325021393
2010-03-02,0.156460632461521
2010-03-03,0.225493575251189
2010-03-04,0.269432614555391
2010-03-05,0.29134805286859
2010-03-06,0.288213174051386
2010-03-07,0.315860202185758
2010-03-08,0.291664601792182
2010-03-09,0.281678886014581
2010-03-10,0.318255047425899
2010-03-11,0.342147841678825
2010-03-12,0.294869031637511
2010-03-13,0.28676773486255
2010-03-14,0.275404136354874
2010-03-15,0.274300832537306
2010-03-16,0.29985812731123
2010-03-17,0.246253489622792
2010-03-18,0.251949799148658
2010-03-19,0.259685121337937
2010-03-20,0.243415644823147
2010-03-21,0.230646219995961
2010-03-22,0.218067124004851
2010-03-23,0.211262665159096
2010-03-24,0.202169848647275
2010-03-25,1.09945978824478
2010-03-26,0.967827623623157
2010-03-27,0.694573420218705
2010-03-28,0.674703136975774
2010-03-29,0.631929740898875
2010-03-30,0.609992462615982
2010-03-31,0.640503133706773
2010-04-01,0.602491011651482
2010-04-02,0.549812286908815
2010-04-03,0.537748994152342
2010-04-04,0.496336215061783
2010-04-05,0.470399195115936
2010-04-06,0.445126001408738
2010-04-07,0.403993940580948
2010-04-08,0.390715521711595
2010-04-09,0.396446347972096
2010-04-10,0.350969281605859
2010-04-11,0.335602033255022
2010-04-12,0.326890391794421
2010-04-13,0.391456699840937
2010-04-14,0.342884233637621
2010-04-15,0.321541296426834
2010-04-16,0.35865733403914
2010-04-17,0.311492141997459
2010-04-18,0.306171176204704
2010-04-19,0.30728494095247
2010-04-20,0.401256569531536
2010-04-21,0.310139720934667
2010-04-22,0.319192295517427
2010-04-23,0.310852372229574
2010-04-24,0.289326789572875
2010-04-25,0.27743685308422
2010-04-26,0.262154055329602
2010-04-27,0.24013099165084
2010-04-28,0.227645760387662
2010-04-29,0.215904410894939
2010-04-30,0.209170941648129
2010-05-01,0.185490141120083
2010-05-02,0.180032080927321
2010-05-03,0.164794023202136
2010-05-04,0.173573053781121
2010-05-05,0.212825846119313
2010-05-06,0.194225401438221
2010-05-07,0.151405443611896
2010-05-08,0.155610484444142
2010-05-09,0.162228932601381
2010-05-10,0.172875796621681
2010-05-11,0.167459636292142
2010-05-12,0.15939428060906
2010-05-13,0.146244707856991
2010-05-14,0.148154546098903
2010-05-15,0.169658824232315
2010-05-16,0.176677356154074
2010-05-17,0.10159480477033
2010-05-18,0.0913247005751257
2010-05-19,0.0887322023660264
2010-05-20,0.0816049231721171
2010-05-21,0.0765848682318969
2010-05-22,0.0740677622672622
2010-05-23,0.067856329489512
2010-05-24,0.0546062527046204
2010-05-25,0.049483021030023
2010-05-26,0.0423396370671277
2010-05-27,0.0298910464896461
2010-05-28,0.0272561559198678
2010-05-29,0.0246701358673718
2010-05-30,0.0224151203879222
2010-05-31,0.0202232433489915
2010-06-01,0.0261160829803225
2010-06-02,0.0227038979550247
2010-06-03,0.0196479038712613
2010-06-04,0.0172096646193102
2010-06-05,0.0150633649655967
2010-06-06,0.0131104147929767
2010-06-07,0.0116358337532301
2010-06-08,0.0105195334605353
2010-06-09,0.00960832919846701
2010-06-10,0.00890382691043372
2010-06-11,0.00834062830406707
2010-06-12,0.00787465458987229
2010-06-13,0.0075227995967311
2010-06-14,0.00729442044004633
2010-06-15,0.00825478974551567
2010-06-16,0.00691639280151546
2010-06-17,0.00671803199071301
2010-06-18,0.00651630227079667
2010-06-19,0.00634376012436713
2010-06-20,0.00619250025505492
2010-06-21,0.00605889990057787
2010-06-22,0.00594246189274628
2010-06-23,0.00583302786702608
2010-06-24,0.00571088144329577
2010-06-25,0.00558405613871118
2010-06-26,0.00562644066498229
2010-06-27,0.00535480465153557
2010-06-28,0.0052323914121618
2010-06-29,0.00509169836488391
2010-06-30,0.00854994881170914
2010-07-01,0.0126671244107367
2010-07-02,0.0123364370811406
2010-07-03,0.0120490074278684
2010-07-04,0.0117498524231678
2010-07-05,0.0114147748525583
2010-07-06,0.0110921855231222
2010-07-07,0.0107849568584346
2010-07-08,0.0104923195013754
2010-07-09,0.0102270441858445
2010-07-10,0.0100183882489927
2010-07-11,0.00980703291264278
2010-07-12,0.00960470327970778
2010-07-13,0.00939952802223968
2010-07-14,0.00920374928783027
2010-07-15,0.00901768982750775
2010-07-16,0.00884304600329431
2010-07-17,0.00868206432820579
2010-07-18,0.00854309845904833
2010-07-19,0.00842571249620464
2010-07-20,0.00831312857277583
2010-07-21,0.00820428335881834
2010-07-22,0.0081088747626649
2010-07-23,0.00802910214631117
2010-07-24,0.0079651213862703
2010-07-25,0.00791068929687536
2010-07-26,0.0206850312854093
2010-07-27,0.00781628240840154
2010-07-28,0.00777308793982198
2010-07-29,0.00774058513834591
2010-07-30,0.00771417601423109
2010-07-31,0.00768981029734026
2010-08-01,0.0081951135877215
2010-08-02,0.00817347968082666
2010-08-03,0.00815270339283366
2010-08-04,0.00813251780871756
2010-08-05,0.00811402489918254
2010-08-06,0.00809787109011583
2010-08-07,0.00808393546884767
2010-08-08,0.00807291335154641
2010-08-09,0.00806410461046314
2010-08-10,0.00805582118403028
2010-08-11,0.0080481957840164
2010-08-12,0.015691660421865
2010-08-13,0.00803736336659857
2010-08-14,0.00803257219631408
2010-08-15,0.0080265140958792
2010-08-16,0.00802023010718849
2010-08-17,0.0080143818123525
2010-08-18,0.00800904208229909
2010-08-19,0.00800438514847188
2010-08-20,0.00800031988581785
2010-08-21,0.00799658951964151
2010-08-22,0.00799316727722573
2010-08-23,0.00798988298019392
2010-08-24,0.00798663161656666
2010-08-25,0.00798345943842817
2010-08-26,0.007980429791871
2010-08-27,0.00797899845838988
2010-08-28,0.00797511594257895
2010-08-29,0.00797276309437278
2010-08-30,0.00797046705231489
2010-08-31,0.00796821130532874
2010-09-01,0.00294770713224262
2010-09-02,0.00294690335579663
2010-09-03,0.00294609420987065
2010-09-04,0.00294527320676635
2010-09-05,0.0177311803127805
2010-09-06,0.00294363063235257
2010-09-07,0.00294282155565076
2010-09-08,0.00294204946331842
2010-09-09,0.00294129939584779
2010-09-10,0.00294054966811898
2010-09-11,0.00293980120249084
2010-09-12,0.00293905853444572
2010-09-13,0.00293832410856535
2010-09-14,0.00293759349143169
2010-09-15,0.00293686307133886
2010-09-16,0.00293613281828179
2010-09-17,0.00293540268028334
2010-09-18,0.00293467279437425
2010-09-19,0.00293394310834108
2010-09-20,0.00293321356902533
2010-09-21,0.00293248426195313
2010-09-22,0.00293488354179721
2010-09-23,0.0029314737880523
2010-09-24,0.0029302972990069
2010-09-25,0.00292956866645687
2010-09-26,0.002928840304897
2010-09-27,0.00292811200854488
2010-09-28,0.00292738392648054
2010-09-29,0.00292665604830854
2010-09-30,0.00292592830622227
2010-10-01,0.00399971275568175
2010-10-02,0.0039987182165982
2010-10-03,0.0039977238787718
2010-10-04,0.0039967298042272
2010-10-05,0.00399573607695614
2010-10-06,0.00399474246630437
2010-10-07,0.00399374919258871
2010-10-08,0.00399275625839347
2010-10-09,0.00399176337233199
2010-10-10,0.00399077077571896
2010-10-11,0.00398977850182804
2010-10-12,0.00398878641304199
2010-10-13,0.00398779459690604
2010-10-14,0.00398680300593258
2010-10-15,0.00398581171377588
2010-10-16,0.0039848206393516
2010-10-17,0.00398382981173382
2010-10-18,0.00398283928325587
2010-10-19,0.00398184891533135
2010-10-20,0.00398085890501781
2010-10-21,0.00397986899323304
2010-10-22,0.00397887945327325
2010-10-23,0.00397789011069405
2010-10-24,0.0154477975887806
2010-10-25,0.00397591214560328
2010-10-26,0.0039749235637954
2010-10-27,0.00397393513252658
2010-10-28,0.00397294703754775
2010-10-29,0.00529199346909271
2010-10-30,0.0112438098715358
2010-10-31,0.00432425303006822
2010-11-01,0.00603374607787469
2010-11-02,0.00508944775949475
2010-11-03,0.00502563675689344
2010-11-04,0.00502438711854913
2010-11-05,0.00502313778427816
2010-11-06,0.00502188882365319
2010-11-07,0.00502064014909454
2010-11-08,0.00552616133101002
2010-11-09,0.00508494718495842
2010-11-10,0.00501689587660277
2010-11-11,0.00501564855216254
2010-11-12,0.00501440134026628
2010-11-13,0.00501315454253184
2010-11-14,0.00501190791177171
2010-11-15,0.00501066179789537
2010-11-16,0.00500941592015676
2010-11-17,0.00500817037923155
2010-11-18,0.00500692500855468
2010-11-19,0.00500568005490437
2010-11-20,0.0050044354413415
2010-11-21,0.00500336323409504
2010-11-22,0.00500194710556401
2010-11-23,0.00500073613487322
2010-11-24,0.00499947043425311
2010-11-25,0.00499821680898741
2010-11-26,0.0266403040499721
2010-11-27,0.109567747029076
2010-11-28,0.0693963480074724
2010-11-29,0.00567582072006601
2010-11-30,0.0320413675013589
2010-12-01,0.0630790924480046
2010-12-02,0.104825426490846
2010-12-03,0.188412449473371
2010-12-04,0.0765096757727058
2010-12-05,0.0118701531474746
2010-12-06,0.00507469063975926
2010-12-07,0.00428373320003095
2010-12-08,0.00461979679448665
2010-12-09,0.00872006663860566
2010-12-10,0.00875723036929523
2010-12-11,0.0350575885582845
2010-12-12,0.688921035110904
2010-12-13,0.598999073382585
2010-12-14,0.0235881886658831
2010-12-15,0.00830765585897789
2010-12-16,0.00770926686212847
2010-12-17,0.00820094058027102
2010-12-18,0.0730243757865252
2010-12-19,0.00713587289800694
2010-12-20,0.00665847917031641
2010-12-21,0.00671431538409332
2010-12-22,0.0069429117868463
2010-12-23,0.00749350121276647
2010-12-24,0.00789471130255044
2010-12-25,0.0149236091167747
2010-12-26,0.0189403600451916
2010-12-27,0.0141179815454812
2010-12-28,0.0181756685125593
2010-12-29,0.0297369069959306
2010-12-30,0.0330400057489071
2010-12-31,0.0103049796879369
2011-01-01,0.00617683653271082
2011-01-02,0.00608859127490601
2011-01-03,0.00748260530580613
2011-01-04,0.00655230324396173
2011-01-05,0.00661546748722281
2011-01-06,0.00705295594874313
2011-01-07,0.00947557130785813
2011-01-08,0.0263449933005368
2011-01-09,0.0240217639161282
2011-01-10,0.0181753292177275
2011-01-11,0.0153317525860243
2011-01-12,0.0134992898591202
2011-01-13,0.0182431138948804
2011-01-14,0.0426069034282706
2011-01-15,0.0321806115173105
2011-01-16,0.00636052659184653
2011-01-17,0.00639830082201125
2011-01-18,0.00642937881091913
2011-01-19,0.00676975800938116
2011-01-20,0.0383641080466028
2011-01-21,0.0370375382584276
2011-01-22,0.0233666997365928
2011-01-23,0.149051223130084
2011-01-24,0.0760475419825439
2011-01-25,0.0732232011498004
2011-01-26,0.0779302277564454
2011-01-27,0.00706226711258588
2011-01-28,0.0071620277185031
2011-01-29,0.0134102781980008
2011-01-30,0.01368136881805
2011-01-31,0.0112457753832724
2011-02-01,0.00615792426217868
2011-02-02,0.0347215792306504
2011-02-03,0.0135853363157565
2011-02-04,0.0103528493364033
2011-02-05,0.0114992873067374
2011-02-06,0.012109365601342
2011-02-07,0.013302749453934
2011-02-08,0.0254412558413662
2011-02-09,0.0402749826428465
2011-02-10,0.0718637935119801
2011-02-11,0.0466387365113555
2011-02-12,0.0315351864652695
2011-02-13,0.0668909024453648
2011-02-14,0.0791897765177254
2011-02-15,0.0563112910241404
2011-02-16,0.123919916155065
2011-02-17,0.0584605160534494
2011-02-18,0.0795409325032432
2011-02-19,0.117227039088172
2011-02-20,0.0952727126397725
2011-02-21,0.0722669812848458
2011-02-22,0.0704055704278452
2011-02-23,0.0670610481092874
2011-02-24,0.0654057158799194
2011-02-25,0.0639478455692778
2011-02-26,0.0564360398797601
2011-02-27,0.0538548433968452
2011-02-28,0.0505492691126631
2011-03-01,0.0425086161086054
2011-03-02,0.0401923591483454
2011-03-03,0.0380260136789419
2011-03-04,0.0360139629894756
2011-03-05,0.0341531124435556
2011-03-06,0.0324360402041244
2011-03-07,0.0308531071862893
2011-03-08,0.0293938983605166
2011-03-09,0.028964335070331
2011-03-10,0.0295842715104436
2011-03-11,0.0292392313996486
2011-03-12,0.0426223549571482
2011-03-13,0.0550663334091568
2011-03-14,0.0827733573384621
2011-03-15,0.152606297524058
2011-03-16,0.206024425642976
2011-03-17,0.267905893126275
2011-03-18,0.276586501647687
2011-03-19,0.176650707710425
2011-03-20,0.149846628954614
2011-03-21,0.172203341188799
2011-03-22,0.128777904329041
2011-03-23,0.126665192537015
2011-03-24,0.135226432932976
2011-03-25,0.145894508623759
2011-03-26,0.261803979709273
2011-03-27,0.348943623908069
2011-03-28,0.406301600200404
2011-03-29,0.469046785966687
2011-03-30,0.436906405502655
2011-03-31,0.451797342652885
2011-04-01,0.491951457196015
2011-04-02,0.632209385545563
2011-04-03,0.801870431476719
2011-04-04,0.807263634575504
2011-04-05,0.419461778633714
2011-04-06,0.446817273578967
2011-04-07,0.567641206975918
2011-04-08,0.628866723045859
2011-04-09,0.610903255738411
2011-04-10,0.673676124396883
2011-04-11,0.664533072285345
2011-04-12,0.525331631412053
2011-04-13,0.533424280904872
2011-04-14,0.494309901539205
2011-04-15,0.486555196632204
2011-04-16,0.495377668084399
2011-04-17,0.545962841735937
2011-04-18,0.635648924755833
2011-04-19,0.600796585999222
2011-04-20,0.710599208963038
2011-04-21,0.961526229468391
2011-04-22,0.585439672972389
2011-04-23,0.584585400693725
2011-04-24,0.615418507736961
2011-04-25,0.643941266551229
2011-04-26,0.661732113477245
2011-04-27,0.788460639765215
2011-04-28,1.02311047935695
2011-04-29,1.0388137294742
2011-04-30,0.732646046946815
2011-05-01,0.616613567212097
2011-05-02,0.646218823630314
2011-05-03,0.714209604978317
2011-05-04,0.632637828745845
2011-05-05,0.647527480761439
2011-05-06,0.695225898249778
2011-05-07,0.756691213744213
2011-05-08,0.76557469586751
2011-05-09,0.847269430786028
2011-05-10,0.904086370582635
2011-05-11,0.710856543680877
2011-05-12,0.601836000880618
2011-05-13,0.489670908944866
2011-05-14,0.45522256219539
2011-05-15,0.429355657857105
2011-05-16,0.387252243037375
2011-05-17,0.329299933043141
2011-05-18,0.272066702815798
2011-05-19,0.285353579615529
2011-05-20,0.266175887631979
2011-05-21,0.240816799870952
2011-05-22,0.224768292461604
2011-05-23,0.168231839950184
2011-05-24,0.155170978559234
2011-05-25,0.145654116579076
2011-05-26,0.13749003709056
2011-05-27,0.118271384774806
2011-05-28,0.0961628384427961
2011-05-29,0.0827641470639875
2011-05-30,0.0663121897430514
2011-05-31,0.0542381001701307
2011-06-01,0.0584689047745188
2011-06-02,0.0503212304369763
2011-06-03,0.0465727345974149
2011-06-04,0.0425884825692943
2011-06-05,0.0392186980402006
2011-06-06,0.0350951582625483
2011-06-07,0.0540639350735098
2011-06-08,0.0269059208183316
2011-06-09,0.0989832957842471
2011-06-10,0.0226528703898366
2011-06-11,0.0219210688682453
2011-06-12,0.0202691358434009
2011-06-13,0.0183297999457259
2011-06-14,0.0164753425516974
2011-06-15,0.0149116065377649
2011-06-16,0.01360222449272
2011-06-17,0.0125329894869821
2011-06-18,0.0116443008847236
2011-06-19,0.0108096888127011
2011-06-20,0.010174218252453
2011-06-21,0.0284602714362131
2011-06-22,0.00955273141087255
2011-06-23,0.00918020992954101
2011-06-24,0.00867411571989404
2011-06-25,0.00824635764179346
2011-06-26,0.0078828254647233
2011-06-27,0.00754674532661339
2011-06-28,0.00723843895864228
2011-06-29,0.00697138127960248
2011-06-30,0.0067523326888807
2011-07-01,0.017255962705568
2011-07-02,0.0167878813781473
2011-07-03,0.0163332661689827
2011-07-04,0.0159337784287905
2011-07-05,0.0155530248783805
2011-07-06,0.0151860159603167
2011-07-07,0.014836794758698
2011-07-08,0.0144763106832748
2011-07-09,0.0141050643850719
2011-07-10,0.0137364766199192
2011-07-11,0.0133758475226103
2011-07-12,0.0130310521976813
2011-07-13,0.0126934632306778
2011-07-14,0.0123664523257803
2011-07-15,0.0566796968345769
2011-07-16,0.0118154369427727
2011-07-17,0.0115507823745345
2011-07-18,0.0112736002841555
2011-07-19,0.0109961436290505
2011-07-20,0.0107238859605764
2011-07-21,0.0104695127097176
2011-07-22,0.0102168174821164
2011-07-23,0.00996169235504671
2011-07-24,0.00972711281254761
2011-07-25,0.00952629985364118
2011-07-26,0.00935007591586608
2011-07-27,0.00917535941582936
2011-07-28,0.00900507274244355
2011-07-29,0.00884190201755417
2011-07-30,0.00956219157436669
2011-07-31,0.00855467330870682
2011-08-01,0.00900098588931705
2011-08-02,0.00887197463484523
2011-08-03,0.00875638738556611
2011-08-04,0.00865318211313437
2011-08-05,0.00856436206829105
2011-08-06,0.00848936744253764
2011-08-07,0.00842433665197092
2011-08-08,0.00836743393175906
2011-08-09,0.00831963527679508
2011-08-10,0.00827925817389708
2011-08-11,0.00824313692932316
2011-08-12,0.00821163711210002
2011-08-13,0.0081833277213943
2011-08-14,0.00815892447470566
2011-08-15,0.00813771205869192
2011-08-16,0.00811773351300514
2011-08-17,0.00809865451260665
2011-08-18,0.00808047643597349
2011-08-19,0.00806402210552007
2011-08-20,0.00805076485198526
2011-08-21,0.00804030541506272
2011-08-22,0.00803158928924336
2011-08-23,0.00802411986271703
2011-08-24,0.0080177309322796
2011-08-25,0.00801214285354297
2011-08-26,0.00800679124968865
2011-08-27,0.00800152209267574
2011-08-28,0.00799673809443005
2011-08-29,0.00799290785986408
2011-08-30,0.00798983735062707
2011-08-31,0.0079870723710089
2011-09-01,0.00295454199426687
2011-09-02,0.00295363634205614
2011-09-03,0.00295275808182449
2011-09-04,0.00295190009883965
2011-09-05,0.00295105994639356
2011-09-06,0.00295023584733882
2011-09-07,0.00294942345709115
2011-09-08,0.00294862798801766
2011-09-09,0.00294784706499701
2011-09-10,0.00294706644698798
2011-09-11,0.00294629302994608
2011-09-12,0.00294553479071617
2011-09-13,0.00294478860854048
2011-09-14,0.00294404359514279
2011-09-15,0.0029433026903057
2011-09-16,0.00294256890279973
2011-09-17,0.00294183727187462
2011-09-18,0.00294110578246923
2011-09-19,0.00294037448325309
2011-09-20,0.0029396433406773
2011-09-21,0.0029389123545056
2011-09-22,0.00293818158711063
2011-09-23,0.00293745104321757
2011-09-24,0.00293672056713111
2011-09-25,0.00293599040645169
2011-09-26,0.00293526035964957
2011-09-27,0.00293453049169624
2011-09-28,0.00293380079006991
2011-09-29,0.00293307130296762
2011-09-30,0.00293234202188401
2011-10-01,0.00400848015784429
2011-10-02,0.00400748336552082
2011-10-03,0.00400648691077953
2011-10-04,0.00400549072868836
2011-10-05,0.00400449473880904
2011-10-06,0.00400349904257776
2011-10-07,0.00400250358152336
2011-10-08,0.0040015083940882
2011-10-09,0.00400051327093903
2011-10-10,0.00399951854804279
2011-10-11,0.00399852415045304
2011-10-12,0.00399752986851345
2011-10-13,0.00399653593546262
2011-10-14,0.00399554212258458
2011-10-15,0.00399454867054799
2011-10-16,0.00399355539263274
2011-10-17,0.00399256240416593
2011-10-18,0.00399156957980606
2011-10-19,0.00399057716474441
2011-10-20,0.00398958490086788
2011-10-21,0.00398859291222584
2011-10-22,0.00398760115617629
2011-10-23,0.0039866095364518
2011-10-24,0.00398561821554409
2011-10-25,0.00398462724514035
2011-10-26,0.00398363651088262
2011-10-27,0.0039826458967977
2011-10-28,0.00398165569168793
2011-10-29,0.0053769819847035
2011-10-30,0.00412836488148162
2011-10-31,0.00397868630425326
2011-11-01,0.00504148910583798
2011-11-02,0.0944497036969684
2011-11-03,0.0559454157732326
2011-11-04,0.0698056444111224
2011-11-05,0.0126228264450678
2011-11-06,0.0929674754863059
2011-11-07,0.167465262315097
2011-11-08,0.157499241361558
2011-11-09,0.0215271934880474
2011-11-10,0.0257491505981298
2011-11-11,0.0516076021403162
2011-11-12,0.00529597237096258
2011-11-13,0.0283161146483715
2011-11-14,0.0231435829339382
2011-11-15,0.00900083558944374
2011-11-16,0.00847261521232203
2011-11-17,0.0115281254293005
2011-11-18,0.00929125648637695
2011-11-19,0.0104927902697093
2011-11-20,0.0305691657169977
2011-11-21,0.0697495983582274
2011-11-22,0.00852220721419919
2011-11-23,0.00832601352309396
2011-11-24,0.015717566046267
2011-11-25,0.0106162221785025
2011-11-26,0.0247684483377465
2011-11-27,0.0311204816315464
2011-11-28,0.0861247397872022
2011-11-29,0.0635626032673196
2011-11-30,0.0403723145777518
2011-12-01,0.0264232703847228
2011-12-02,0.0930233978389207
2011-12-03,0.00741078848407478
2011-12-04,0.00698224908630559
2011-12-05,0.0227052445939407
2011-12-06,0.0277265866671298
2011-12-07,0.0941229089176519
2011-12-08,0.194596445027638
2011-12-09,0.602939355753792
2011-12-10,0.451944169702417
2011-12-11,0.483194983928518
2011-12-12,0.313124447555672
2011-12-13,0.0401470078053352
2011-12-14,0.00839787080493824
2011-12-15,0.00852658878812549
2011-12-16,0.00861289873081985
2011-12-17,0.0142822013690373
2011-12-18,0.0264541705975013
2011-12-19,0.0220801626462108
2011-12-20,0.0435503678778819
2011-12-21,0.0556562381807898
2011-12-22,0.0302160034497967
2011-12-23,0.0919528562423557
2011-12-24,0.439711147655143
2011-12-25,0.0840374409412146
2011-12-26,0.00976881258014293
2011-12-27,0.00991120330877017
2011-12-28,0.0148640675943927
2011-12-29,0.032726418667094
2011-12-30,0.0411932433257483
2011-12-31,0.0717575083401266
2012-01-01,0.043072222231183
2012-01-02,0.00945717454081152
2012-01-03,0.00897323987768374
2012-01-04,0.00934506813062779
2012-01-05,0.00933238914567791
2012-01-06,0.0117680778013002
2012-01-07,0.0142150637553852
2012-01-08,0.0124659435620043
2012-01-09,0.0678968548226156
2012-01-10,0.102470746699754
2012-01-11,0.0159612657149746
2012-01-12,0.0201359178392366
2012-01-13,0.0269107222586661
2012-01-14,0.0241126185540117
2012-01-15,0.0280939516008103
2012-01-16,0.0408872687872622
2012-01-17,0.0344711035568343
2012-01-18,0.0310069923106066
2012-01-19,0.0317807622939442
2012-01-20,0.0350719570760384
2012-01-21,0.0349305144782081
2012-01-22,0.0345431205721389
2012-01-23,0.0354021900721905
2012-01-24,0.0379582754084699
2012-01-25,0.0357491083051314
2012-01-26,0.0370833130231165
2012-01-27,0.0373337143416782
2012-01-28,0.0416802841502511
2012-01-29,0.0358904272459401
2012-01-30,0.0357695193639203
2012-01-31,0.0367215799546848
2012-02-01,0.0253674301053409
2012-02-02,0.0247869272931001
2012-02-03,0.0245454664947345
2012-02-04,0.0243220415067258
2012-02-05,0.0241565392521074
2012-02-06,0.0239905302648187
2012-02-07,0.0239055300732262
2012-02-08,0.0237324863111688
2012-02-09,0.0239276131580279
2012-02-10,0.0258791891454242
2012-02-11,0.0272115770010253
2012-02-12,0.0242959516688246
2012-02-13,0.0275876174467703
2012-02-14,0.0267978140100501
2012-02-15,0.0235020093097102
2012-02-16,0.0234067441396916
2012-02-17,0.0236946876720597
2012-02-18,0.0237742850265517
2012-02-19,0.0238861443264341
2012-02-20,0.0246368540140028
2012-02-21,0.0231679590382662
2012-02-22,0.022866734622058
2012-02-23,0.023135317763218
2012-02-24,0.0226149221674422
2012-02-25,0.022406786471373
2012-02-26,0.0313346537097143
2012-02-27,0.0318409963761293
2012-02-28,0.0345726408584684
2012-02-29,0.0334246941560961
2012-03-01,0.0268590974208196
2012-03-02,0.0279438834963995
2012-03-03,0.0423475918837427
2012-03-04,0.0675482773231792
2012-03-05,0.106267398013327
2012-03-06,0.130118312072738
2012-03-07,0.132042043476918
2012-03-08,0.107691386774672
2012-03-09,0.097547302710358
2012-03-10,0.0668661865766105
2012-03-11,0.0616751183111145
2012-03-12,0.0775964710573945
2012-03-13,0.0835215139746033
2012-03-14,0.0808260140681746
2012-03-15,0.0689591283017199
2012-03-16,0.062250919496851
2012-03-17,0.0637714897695363
2012-03-18,0.0505561126399182
2012-03-19,0.0470154825448117
2012-03-20,0.057085429308612
2012-03-21,0.0712188205094871
2012-03-22,0.0781409347424893
2012-03-23,0.123074321207365
2012-03-24,0.139199590778539
2012-03-25,0.223541977154838
2012-03-26,0.216754900808234
2012-03-27,0.336310410891759
2012-03-28,0.378409806495079
2012-03-29,0.230573854451919
2012-03-30,0.264335294084095
2012-03-31,0.316113864552009
2012-04-01,0.307655381905459
2012-04-02,0.280243273081721
2012-04-03,0.267589542723961
2012-04-04,0.248005293102335
2012-04-05,0.248391686055766
2012-04-06,0.228491211666651
2012-04-07,0.206210671058805
2012-04-08,0.191646273218812
2012-04-09,0.167872184299513
2012-04-10,0.159656201462981
2012-04-11,0.148836393758121
2012-04-12,0.137901731357561
2012-04-13,0.120781720000086
2012-04-14,0.110638949198665
2012-04-15,0.099273595531341
2012-04-16,0.0871928608230135
2012-04-17,0.0789830384455814
2012-04-18,0.0712376660048994
2012-04-19,0.0647041798646202
2012-04-20,0.0577053519355739
2012-04-21,0.0510531035284067
2012-04-22,0.0440329739172446
2012-04-23,0.0397501093214677
2012-04-24,0.034190652948326
2012-04-25,0.030461205030271
2012-04-26,0.0281669609325664
2012-04-27,0.0262237393492222
2012-04-28,0.0244189619135466
2012-04-29,0.0220884385399248
2012-04-30,0.0195873310728047
2012-05-01,0.0159957264248847
2012-05-02,0.0141972220744395
2012-05-03,0.0181625294069116
2012-05-04,0.0138439721410544
2012-05-05,0.0114813141960309
2012-05-06,0.0121368472799816
2012-05-07,0.0120934937652419
2012-05-08,0.0112196505455048
2012-05-09,0.00897090798413215
2012-05-10,0.00841121237211579
2012-05-11,0.00776468200710039
2012-05-12,0.00713027413538753
2012-05-13,0.00666007603265972
2012-05-14,0.00624504690438827
2012-05-15,0.0141520377537491
2012-05-16,0.00570626191140402
2012-05-17,0.00554117341058436
2012-05-18,0.00542782919346811
2012-05-19,0.00535735298036482
2012-05-20,0.00541081588737778
2012-05-21,0.00517542483931513
2012-05-22,0.00504236566775187
2012-05-23,0.0049184773697847
2012-05-24,0.00481382929217087
2012-05-25,0.00484325717641427
2012-05-26,0.00473999219338321
2012-05-27,0.00461675841459877
2012-05-28,0.00454134243456645
2012-05-29,0.00446352690139464
2012-05-30,0.0282892822058795
2012-05-31,0.00449774220760098
2012-06-01,0.00741758682513325
2012-06-02,0.00673312257204321
2012-06-03,0.0219360905525657
2012-06-04,0.00674455705953173
2012-06-05,0.00609200955180614
2012-06-06,0.00595365209757278
2012-06-07,0.0058370282968395
2012-06-08,0.00571289825853356
2012-06-09,0.00558937855418876
2012-06-10,0.00547093126544442
2012-06-11,0.00535037257857163
2012-06-12,0.00523360124287308
2012-06-13,0.0051293239992865
2012-06-14,0.00502111319580522
2012-06-15,0.0049012569391888
2012-06-16,0.00477940972001863
2012-06-17,0.00465845662893209
2012-06-18,0.0045447713622304
2012-06-19,0.00443745799426371
2012-06-20,0.00433577163857899
2012-06-21,0.00423986094685963
2012-06-22,0.00414409233082187
2012-06-23,0.004049825528657
2012-06-24,0.0039603583313044
2012-06-25,0.0038776814536127
2012-06-26,0.00380054587633578
2012-06-27,0.00372727994967872
2012-06-28,0.00365621186840596
2012-06-29,0.00358461864644933
2012-06-30,0.00351318502133199
2012-07-01,0.00904854286838062
2012-07-02,0.00886742340638334
2012-07-03,0.00870109192627563
2012-07-04,0.0085486866387367
2012-07-05,0.00840850977010507
2012-07-06,0.00828396381239512
2012-07-07,0.00817599309908279
2012-07-08,0.00808394863396122
2012-07-09,0.00800502278309627
2012-07-10,0.00793097468043279
2012-07-11,0.00786071627173072
2012-07-12,0.00951537661378312
2012-07-13,0.00775881370082099
2012-07-14,0.00771978900543534
2012-07-15,0.00768082806799291
2012-07-16,0.026294555146477
2012-07-17,0.00762311145195126
2012-07-18,0.00760013892739626
2012-07-19,0.00757986779822884
2012-07-20,0.00756144162179396
2012-07-21,0.00754472654147769
2012-07-22,0.00753150528497927
2012-07-23,0.00752162112031902
2012-07-24,0.00751350912443996
2012-07-25,0.00750659670528701
2012-07-26,0.00750026808169401
2012-07-27,0.00749467931536591
2012-07-28,0.0074899602072168
2012-07-29,0.00748618137027249
2012-07-30,0.00748316279753175
2012-07-31,0.00748044199285151
2012-08-01,0.00799219391350622
2012-08-02,0.00798961425763389
2012-08-03,0.00798716968739646
2012-08-04,0.00798477892564663
2012-08-05,0.00798244125154123
2012-08-06,0.00798013837009231
2012-08-07,0.00797790126351144
2012-08-08,0.0079757194849991
2012-08-09,0.00797358395474016
2012-08-10,0.0079770555164951
2012-08-11,0.00796949845675936
2012-08-12,0.00796747407618203
2012-08-13,0.00796545170745323
2012-08-14,0.00796342938916429
2012-08-15,0.00796142759160238
2012-08-16,0.00795944798758349
2012-08-17,0.00795746883560799
2012-08-18,0.00795549029912662
2012-08-19,0.00795351219298035
2012-08-20,0.00795153443416682
2012-08-21,0.00821466944729381
2012-08-22,0.00794758056381662
2012-08-23,0.00794560450655065
2012-08-24,0.0079436286031582
2012-08-25,0.00794165354192003
2012-08-26,0.00793967889633194
2012-08-27,0.00793770457892229
2012-08-28,0.00793573093957768
2012-08-29,0.00793375764628892
2012-08-30,0.00793178491166961
2012-08-31,0.00792981254545289
2012-09-01,0.00293358162399599
2012-09-02,0.00293285216666247
2012-09-03,0.00293212290825981
2012-09-04,0.00293139384524414
2012-09-05,0.00293066492162184
2012-09-06,0.00292993618937011
2012-09-07,0.00292920766195576
2012-09-08,0.00292847936489486
2012-09-09,0.0029277511873815
2012-09-10,0.00292702319982114
2012-09-11,0.00292629533346214
2012-09-12,0.00292556773974713
2012-09-13,0.00494232381802437
2012-09-14,0.00292411307586916
2012-09-15,0.00292338598397028
2012-09-16,0.00292265901232772
2012-09-17,0.00301315629945022
2012-09-18,0.00292120578396523
2012-09-19,0.00303295244611122
2012-09-20,0.00291975321122412
2012-09-21,0.00291902721084622
2012-09-22,0.00291830143586034
2012-09-23,0.00291757582554764
2012-09-24,0.00291685035958978
2012-09-25,0.0618058482858279
2012-09-26,0.115714054378678
2012-09-27,0.00291483204443277
2012-09-28,0.00291453983316006
2012-09-29,0.00291432162748285
2012-09-30,0.00291410077522164
2012-10-01,0.00398418977577902
2012-10-02,0.00398379438854062
2012-10-03,0.00398333875822689
2012-10-04,0.0039828185469875
2012-10-05,0.00398223551057285
2012-10-06,0.00398159561756521
2012-10-07,0.00398088983788338
2012-10-08,0.00398012336770869
2012-10-09,0.00397932020638855
2012-10-10,0.00397848857736042
2012-10-11,0.00397763243178954
2012-10-12,0.00397675463702469
2012-10-13,0.0039758591497229
2012-10-14,0.00397494911763613
2012-10-15,0.0039740272378684
2012-10-16,0.00397309647726637
2012-10-17,0.00397215932166248
2012-10-18,0.00397121707099045
2012-10-19,0.00397027030091672
2012-10-20,0.00396931926632392
2012-10-21,0.00396836430059467
2012-10-22,0.00396740535204173
2012-10-23,0.00396644329740963
2012-10-24,0.00814452364461325
2012-10-25,0.0117098287252478
2012-10-26,0.00396354861933531
2012-10-27,0.00396258238191458
2012-10-28,0.00396161499445309
2012-10-29,0.00401321677218726
2012-10-30,0.00395967698714034
2012-10-31,0.00395870668678071
2012-11-01,0.129367355230036
2012-11-02,0.00678038651829576
2012-11-03,0.00565915689142723
2012-11-04,0.00501044056059083
2012-11-05,0.0283595286974251
2012-11-06,0.109686563631505
2012-11-07,0.52722443962087
2012-11-08,0.681032190798636
2012-11-09,0.156334750136473
2012-11-10,0.0113185291993847
2012-11-11,0.180817726977595
2012-11-12,0.167619248116687
2012-11-13,0.0573978520105194
2012-11-14,0.03244322135245
2012-11-15,0.0132768645543433
2012-11-16,0.0229367475202168
2012-11-17,0.0148946336964394
2012-11-18,0.0109047373761216
2012-11-19,0.0095735802844186
2012-11-20,0.0106859991420079
2012-11-21,0.0117281146110456
2012-11-22,0.0108619161223643
2012-11-23,0.00981391434736311
2012-11-24,0.00780563334667136
2012-11-25,0.00845879757696311
2012-11-26,0.0101342528167454
2012-11-27,0.232438520839761
2012-11-28,0.0255705169883887
2012-11-29,0.00817042227600384
2012-11-30,0.00794791499253584
2012-12-01,0.00636737249382191
2012-12-02,0.00638510313034293
2012-12-03,0.00639442944974474
2012-12-04,0.00640165051886267
2012-12-05,0.0064049715495423
2012-12-06,0.00640534017509547
2012-12-07,0.00878411487210094
2012-12-08,0.00641688718045535
2012-12-09,0.0114736494105433
2012-12-10,0.00986022252988093
2012-12-11,0.0124377275762934
2012-12-12,0.00714289613125266
2012-12-13,0.00643936499915024
2012-12-14,0.00645017597517347
2012-12-15,0.00720353211230118
2012-12-16,0.00646554104802633
2012-12-17,0.00647320782068382
2012-12-18,0.00648213673826305
2012-12-19,0.0372276130904097
2012-12-20,0.0302388920522857
2012-12-21,0.00811901408519621
2012-12-22,0.0103145551013492
2012-12-23,0.00918546075668477
2012-12-24,0.0239015349068377
2012-12-25,0.0266852334278697
2012-12-26,0.0121018120080549
2012-12-27,0.00801498119724965
2012-12-28,0.0821191644423961
2012-12-29,0.0137501723376565
2012-12-30,0.00732157241519071
2012-12-31,0.00665661703782518
2013-01-01,0.00572402569672018
2013-01-02,0.0227270452471274
2013-01-03,0.00882946760820964
2013-01-04,0.00579549015352579
2013-01-05,0.00581772241442401
2013-01-06,0.00616551130305381
2013-01-07,0.00585759154790721
2013-01-08,0.00853046864790474
2013-01-09,0.00847548779157564
2013-01-10,0.0249200148733268
2013-01-11,0.0190334850200002
2013-01-12,0.00651532448633447
2013-01-13,0.00596177407860609
2013-01-14,0.00598067739423966
2013-01-15,0.00599801137504012
2013-01-16,0.00601382784633008
2013-01-17,0.00602829172160649
2013-01-18,0.00604157318005577
2013-01-19,0.0108427134300178
2013-01-20,0.00634127416089124
2013-01-21,0.0140394638940116
2013-01-22,0.00608709940207785
2013-01-23,0.00609773658798592
2013-01-24,0.00610797980793942
2013-01-25,0.00611771842653733
2013-01-26,0.00612693201294936
2013-01-27,0.00613563494324586
2013-01-28,0.00902226714622301
2013-01-29,0.0162088048919761
2013-01-30,0.0261689040381799
2013-01-31,0.0519977505882588
2013-02-01,0.0627069277536907
2013-02-02,0.0891810856180264
2013-02-03,0.0520577880644788
2013-02-04,0.028684733814523
2013-02-05,0.0146316870977066
2013-02-06,0.0222609521011918
2013-02-07,0.0410303160758496
2013-02-08,0.0567991336208827
2013-02-09,0.0528044353164922
2013-02-10,0.0769672986879066
2013-02-11,0.0818371257950842
2013-02-12,0.0876029387802466
2013-02-13,0.166741390444207
2013-02-14,0.0492780438235579
2013-02-15,0.025394779210639
2013-02-16,0.0603462620263027
2013-02-17,0.00819151593803265
2013-02-18,0.0287518625075227
2013-02-19,0.00664108369520184
2013-02-20,0.00595470324117584
2013-02-21,0.00599181125607553
2013-02-22,0.00602133127184005
2013-02-23,0.00613419013078779
2013-02-24,0.00606623668142353
2013-02-25,0.00608399503283517
2013-02-26,0.00633106757245669
2013-02-27,0.0064918805069884
2013-02-28,0.00612575201195347
2013-03-01,0.0055896334036951
2013-03-02,0.00798875053198288
2013-03-03,0.023952272606892
2013-03-04,0.0427445480997987
2013-03-05,0.0552344658909949
2013-03-06,0.0496128964535687
2013-03-07,0.0112440600281715
2013-03-08,0.00623642930565109
2013-03-09,0.00627653397938609
2013-03-10,0.0116581015349701
2013-03-11,0.00756397740161105
2013-03-12,0.00954235452672714
2013-03-13,0.0355604316923337
2013-03-14,0.0762172300806279
2013-03-15,0.0990364371875614
2013-03-16,0.0749378724063206
2013-03-17,0.0173032724557953
2013-03-18,0.0166426207985297
2013-03-19,0.0185359565566927
2013-03-20,0.0206569307898568
2013-03-21,0.0243177420762915
2013-03-22,0.0280683870727505
2013-03-23,0.0475371084343682
2013-03-24,0.0708539604798128
2013-03-25,0.177378200898234
2013-03-26,0.0603973700470293
2013-03-27,0.0639492413567385
2013-03-28,0.101985160853687
2013-03-29,0.147580514701738
2013-03-30,0.127359790706135
2013-03-31,0.100659342340861
2013-04-01,0.110409799528414
2013-04-02,0.148385193995882
2013-04-03,0.250821590653228
2013-04-04,0.209786720436617
2013-04-05,0.200396811420167
2013-04-06,0.167888577109198
2013-04-07,0.175036342487132
2013-04-08,0.215024789294266
2013-04-09,0.230856048203709
2013-04-10,0.213019388349788
2013-04-11,0.230765765819151
2013-04-12,0.295655759549436
2013-04-13,0.329512068323091
2013-04-14,0.37114756789261
2013-04-15,0.396389535054925
2013-04-16,0.419172126393568
2013-04-17,0.392797055627356
2013-04-18,0.380324757657234
2013-04-19,0.375562588068484
2013-04-20,0.379453416257095
2013-04-21,0.343316519619599
2013-04-22,0.358145681367139
2013-04-23,0.336265657646411
2013-04-24,0.299379348598875
2013-04-25,0.282604223440337
2013-04-26,0.273640137197995
2013-04-27,0.249593501598415
2013-04-28,0.232032614979981
2013-04-29,0.21532503911346
2013-04-30,0.201419740204891
2013-05-01,0.174680474314825
2013-05-02,0.163389971249348
2013-05-03,0.148128374800901
2013-05-04,0.134158065660541
2013-05-05,0.123514871968889
2013-05-06,0.112432764283877
2013-05-07,0.0988189102046195
2013-05-08,0.0854486107768065
2013-05-09,0.0754005732354287
2013-05-10,0.0666313582475538
2013-05-11,0.0588475066290533
2013-05-12,0.0518376071868825
2013-05-13,0.046033187688553
2013-05-14,0.0430641095462878
2013-05-15,0.0286109076967425
2013-05-16,0.0236127636235281
2013-05-17,0.020024332583655
2013-05-18,0.0175609867803782
2013-05-19,0.0153693010407788
2013-05-20,0.0134796785065116
2013-05-21,0.0120148885615678
2013-05-22,0.0108062672807485
2013-05-23,0.0097708700578485
2013-05-24,0.00885771030922744
2013-05-25,0.00806029678634095
2013-05-26,0.00744233721452916
2013-05-27,0.00697205606223346
2013-05-28,0.00658771330448393
2013-05-29,0.00624769289751095
2013-05-30,0.0059388469428283
2013-05-31,0.0056722304231528
2013-06-01,0.00793269128625603
2013-06-02,0.00763211010578896
2013-06-03,0.00737175391959467
2013-06-04,0.00712721930515577
2013-06-05,0.00689846106424847
2013-06-06,0.00669772088250505
2013-06-07,0.00653994069866239
2013-06-08,0.00640656463227487
2013-06-09,0.00629711268497832
2013-06-10,0.00625960648624002
2013-06-11,0.00612746007378797
2013-06-12,0.00600430629575349
2013-06-13,0.00585080333692825
2013-06-14,0.00568296403875138
2013-06-15,0.00551648227714484
2013-06-16,0.00534952569580111
2013-06-17,0.00518395548299033
2013-06-18,0.00503965883489554
2013-06-19,0.00491262595754219
2013-06-20,0.00479424456562193
2013-06-21,0.00468328396620144
2013-06-22,0.00457276979042558
2013-06-23,0.00446202903131125
2013-06-24,0.00435269287136946
2013-06-25,0.00424729014815158
2013-06-26,0.00414920157425957
2013-06-27,0.00405690187496767
2013-06-28,0.00396737325516289
2013-06-29,0.0038767193270751
2013-06-30,0.00378537338098
2013-07-01,0.00971756465446475
2013-07-02,0.00949610167417791
2013-07-03,0.00928264992931575
2013-07-04,0.00907015189520465
2013-07-05,0.00886458973269367
2013-07-06,0.0238271970849638
2013-07-07,0.00852554797266773
2013-07-08,0.00838357622656176
2013-07-09,0.00825461433755771
2013-07-10,0.00813807997968203
2013-07-11,0.00803625320477828
2013-07-12,0.00794888913197209
2013-07-13,0.00787449894784369
2013-07-14,0.00781147444942122
2013-07-15,0.00775679911959261
2013-07-16,0.00771111359285749
2013-07-17,0.00767261594310365
2013-07-18,0.00763767564332251
2013-07-19,0.00760757640584989
2013-07-20,0.00856639182416926
2013-07-21,0.00756710671162586
2013-07-22,0.00755191593583669
2013-07-23,0.00754038458473888
2013-07-24,0.0192432617471161
2013-07-25,0.00752349438588676
2013-07-26,0.00751584709053025
2013-07-27,0.00751020569747925
2013-07-28,0.00750574209423833
2013-07-29,0.00750163496783709
2013-07-30,0.00749737323497979
2013-07-31,0.00749323172623229
2013-08-01,0.00800486036036895
2013-08-02,0.00800181006921973
2013-08-03,0.00799893895836782
2013-08-04,0.00799621810278219
2013-08-05,0.00799370459018053
2013-08-06,0.00799135074913893
2013-08-07,0.00798900708801245
2013-08-08,0.00798670962086861
2013-08-09,0.00798449102125083
2013-08-10,0.00798228275159081
2013-08-11,0.00798007122185516
2013-08-12,0.0079779061708639
2013-08-13,0.0079758521022727
2013-08-14,0.00797386880081977
2013-08-15,0.0079718860050425
2013-08-16,0.00796990389882293
2013-08-17,0.00796792216355988
2013-08-18,0.00796594096589648
2013-08-19,0.0079639600587412
2013-08-20,0.00796197990626851
2013-08-21,0.00796000029458788
2013-08-22,0.00795802091978308
2013-08-23,0.00795604231689985
2013-08-24,0.00795406392599178
2013-08-25,0.0079520859647803
2013-08-26,0.00795010883231507
2013-08-27,0.00794813199418883
2013-08-28,0.0214787608918909
2013-08-29,0.00794417990519605
2013-08-30,0.00794220450045599
2013-08-31,0.00794022987274535
2013-09-01,0.00293743535059515
2013-09-02,0.00293670488726674
2013-09-03,0.00293597469587353
2013-09-04,0.00293524465308782
2013-09-05,0.00293451482766127
2013-09-06,0.00293378517612206
2013-09-07,0.00293305569728887
2013-09-08,0.00293232643699615
2013-09-09,0.0029315972038733
2013-09-10,0.00293086834853013
2013-09-11,0.00293013955366951
2013-09-12,0.00292941101089827
2013-09-13,0.00292868261177307
2013-09-14,0.00292795439574933
2013-09-15,0.00292722639283208
2013-09-16,0.0029264985210391
2013-09-17,0.00292577085928121
2013-09-18,0.00292504337873472
2013-09-19,0.00292431603687282
2013-09-20,0.0029235889475728
2013-09-21,0.00292291432097689
2013-09-22,0.00292213515478528
2013-09-23,0.0029214085873835
2013-09-24,0.00292068223993975
2013-09-25,0.0029199559603026
2013-09-26,0.00291922990558493
2013-09-27,0.00291850406302869
2013-09-28,0.00291777839530482
2013-09-29,0.00291705286177661
2013-09-30,0.00291632750071816
2013-10-01,0.00398658855563826
2013-10-02,0.00398559730903091
2013-10-03,0.00398460626691117
2013-10-04,0.00398361547385922
2013-10-05,0.00398262496541006
2013-10-06,0.00398163474285586
2013-10-07,0.00398064469894562
2013-10-08,0.00397965486856823
2013-10-09,0.0039786653341002
2013-10-10,0.00397767608165059
2013-10-11,0.0039766870188285
2013-10-12,0.00397569821315033
2013-10-13,0.00397470975571485
2013-10-14,0.0039737213057094
2013-10-15,0.00397273323043633
2013-10-16,0.00397174552731128
2013-10-17,0.00397075791690018
2013-10-18,0.00396977063664124
2013-10-19,0.00396878352404272
2013-10-20,0.00396779666212723
2013-10-21,0.00396681010904293
2013-10-22,0.00396582372103469
2013-10-23,0.00398052385227653
2013-10-24,0.00401443359379485
2013-10-25,0.00438464857561814
2013-10-26,0.0039618808386469
2013-10-27,0.00396089576607852
2013-10-28,0.00395991082886606
2013-10-29,0.00395892621405268
2013-10-30,0.109056696437926
2013-10-31,0.00735995320347552
2013-11-01,0.0114576676819839
2013-11-02,0.0309375757719792
2013-11-03,0.0106950195311889
2013-11-04,0.0068950148168341
2013-11-05,0.00500677877505531
2013-11-06,0.00794511923532579
2013-11-07,0.00500440816968603
2013-11-08,0.00500323176800189
2013-11-09,0.00500205775797949
2013-11-10,0.00500088395135472
2013-11-11,0.00499970907126509
2013-11-12,0.00499853217438748
2013-11-13,0.0049973536388696
2013-11-14,0.00499617436138003
2013-11-15,0.00499499619377864
2013-11-16,0.00499381920154557
2013-11-17,0.00499264295128423
2013-11-18,0.0575600522084216
2013-11-19,0.00957178188657435
2013-11-20,0.00508337957142162
2013-11-21,0.00541075140025745
2013-11-22,0.138216538031117
2013-11-23,0.0252406962243972
2013-11-24,0.0106788364335156
2013-11-25,0.0553067997511551
2013-11-26,0.188148014119645
2013-11-27,0.00516737547221732
2013-11-28,0.0130998778144694
2013-11-29,0.00560526708692171
2013-11-30,0.0151077404180051
2013-12-01,0.0125214918658154
2013-12-02,0.0106733221838533
2013-12-03,0.0118940138751841
2013-12-04,0.00934434922653475
2013-12-05,0.00797999225579269
2013-12-06,0.036207506517365
2013-12-07,0.0348598147598011
2013-12-08,0.0288770806305062
2013-12-09,0.119164195453738
2013-12-10,0.017133463198057
2013-12-11,0.0123929958690322
2013-12-12,0.00933011260008615
2013-12-13,0.00918256876447556
2013-12-14,0.0292033313844596
2013-12-15,0.060277574673602
2013-12-16,0.0562441736469966
2013-12-17,0.0380831470405094
2013-12-18,0.0166314430782188
2013-12-19,0.0175413448252105
2013-12-20,0.0178651725701067
2013-12-21,0.00638614691170176
2013-12-22,0.00531925554087685
2013-12-23,0.00600743072550451
2013-12-24,0.00666511437539171
2013-12-25,0.431110056121545
2013-12-26,0.0116992802803525
2013-12-27,0.00569856769391058
2013-12-28,0.00582972151342988
2013-12-29,0.00975430213779505
2013-12-30,0.0340861807126652
2013-12-31,0.029800530899669
2014-01-01,0.0186630788750917
2014-01-02,0.0667140079928803
2014-01-03,0.0054154201397691
2014-01-04,0.00624958980391594
2014-01-05,0.00690179643259253
2014-01-06,0.00597114887754518
2014-01-07,0.00621325528012782
2014-01-08,0.00755859428724944
2014-01-09,0.0100435977065343
2014-01-10,0.0106344967832178
2014-01-11,0.00994835404436207
2014-01-12,0.00914871714289102
2014-01-13,0.0103553414287281
2014-01-14,0.00752719082269953
2014-01-15,0.00569151158888236
2014-01-16,0.00570877431454781
2014-01-17,0.00572431097674201
2014-01-18,0.00573835533829872
2014-01-19,0.00575115226999456
2014-01-20,0.00576289939232651
2014-01-21,0.00577375041130623
2014-01-22,0.00578382640144101
2014-01-23,0.00579322434793928
2014-01-24,0.00580202310807946
2014-01-25,0.00581028748015183
2014-01-26,0.00581807202298471
2014-01-27,0.00584905588657538
2014-01-28,0.0422929590723448
2014-01-29,0.280399583986893
2014-01-30,0.050893410190257
2014-01-31,0.00653215936690372
2014-02-01,0.00430629325053678
2014-02-02,0.00741221266645936
2014-02-03,0.016174136312736
2014-02-04,0.0101515326760077
2014-02-05,0.00441749636249363
2014-02-06,0.00443862182484963
2014-02-07,0.00622733601957612
2014-02-08,0.0283010446275411
2014-02-09,0.0708379538221073
2014-02-10,0.115832246788885
2014-02-11,0.134736034743107
2014-02-12,0.121302399228165
2014-02-13,0.135347430114352
2014-02-14,0.169364978408919
2014-02-15,0.175997322463571
2014-02-16,0.138880203280063
2014-02-17,0.0682368003934252
2014-02-18,0.113299987730066
2014-02-19,0.218280193344976
2014-02-20,0.230282658616654
2014-02-21,0.319285536544122
2014-02-22,0.310208242505328
2014-02-23,0.500719995958492
2014-02-24,0.23082885648217
2014-02-25,0.207033004074515
2014-02-26,0.200756243809289
2014-02-27,0.362769497471293
2014-02-28,0.391455633232433
2014-03-01,0.250616947032541
2014-03-02,0.253731824011823
2014-03-03,0.247721385407113
2014-03-04,0.235305492706514
2014-03-05,0.221600143902316
2014-03-06,0.209746421884745
2014-03-07,0.196056982388332
2014-03-08,0.185949434865086
2014-03-09,0.179708656606507
2014-03-10,0.1715617483553
2014-03-11,0.166735379918572
2014-03-12,0.171405544927206
2014-03-13,0.174909496433705
2014-03-14,0.227924758387685
2014-03-15,0.280528469107069
2014-03-16,0.340919345020132
2014-03-17,0.422235297508712
2014-03-18,0.462710519431718
2014-03-19,0.51462171599114
2014-03-20,0.547929626000329
2014-03-21,0.576888604672318
2014-03-22,0.595638913670652
2014-03-23,0.643635906151427
2014-03-24,0.506520707353765
2014-03-25,0.541120774272465
2014-03-26,0.521467777318967
2014-03-27,0.49464808355254
2014-03-28,0.490758752212169
2014-03-29,0.464262025691117
2014-03-30,0.452649604291598
2014-03-31,0.456553246086653
2014-04-01,0.424458836699184
2014-04-02,0.382407692733276
2014-04-03,0.351824655794352
2014-04-04,0.331776132001042
2014-04-05,0.304541384904805
2014-04-06,0.276626089740915
2014-04-07,0.251091008461685
2014-04-08,0.232742160590885
2014-04-09,0.215191083421632
2014-04-10,0.199036114537948
2014-04-11,0.184671460215767
2014-04-12,0.174823378093119
2014-04-13,0.169361533483741
2014-04-14,0.144791321987249
2014-04-15,0.124969437257182
2014-04-16,0.115707577952309
2014-04-17,0.109950981879477
2014-04-18,0.103641625773329
2014-04-19,0.095293568173896
2014-04-20,0.0864573064532096
2014-04-21,0.0774309310988721
2014-04-22,0.067871978017397
2014-04-23,0.0598500513876321
2014-04-24,0.0544808177119414
2014-04-25,0.0503847107307824
2014-04-26,0.0452788165240448
2014-04-27,0.0398682959676
2014-04-28,0.0359732169384925
2014-04-29,0.0332467718238468
2014-04-30,0.030874630366973
2014-05-01,0.0269659325546053
2014-05-02,0.0798710351177574
2014-05-03,0.0512453209551894
2014-05-04,0.0660759088357829
2014-05-05,0.0453371057462225
2014-05-06,0.0289480279207287
2014-05-07,0.0231962110642853
2014-05-08,0.0270246171186288
2014-05-09,0.0259238639370544
2014-05-10,0.0223400700664591
2014-05-11,0.0200027482202533
2014-05-12,0.018482579484041
2014-05-13,0.0168748332603225
2014-05-14,0.0154789168372234
2014-05-15,0.0142634259336297
2014-05-16,0.0130531612282648
2014-05-17,0.0123779768211241
2014-05-18,0.0792953762711357
2014-05-19,0.0338274296231314
2014-05-20,0.032323449489806
2014-05-21,0.130512366457648
2014-05-22,0.0349588547563375
2014-05-23,0.0187675342995952
2014-05-24,0.0188967088330722
2014-05-25,0.0175077974457189
2014-05-26,0.0156409477521092
2014-05-27,0.0137965159122487
2014-05-28,0.0171957953931515
2014-05-29,0.0114951703894009
2014-05-30,0.0105834862467626
2014-05-31,0.00945555616780819
2014-06-01,0.0124244306551327
2014-06-02,0.0112637541232257
2014-06-03,0.0103051894865441
2014-06-04,0.0094783219175681
2014-06-05,0.00880163770025048
2014-06-06,0.00835178675173847
2014-06-07,0.00804133265207556
2014-06-08,0.00779118847515513
2014-06-09,0.00758556047491095
2014-06-10,0.00741714153138741
2014-06-11,0.00727609055526456
2014-06-12,0.00715903850107712
2014-06-13,0.00704842939425997
2014-06-14,0.00693213101891974
2014-06-15,0.00681341064872963
2014-06-16,0.00669496499620234
2014-06-17,0.00658181039332612
2014-06-18,0.00648061047270168
2014-06-19,0.00638702190159739
2014-06-20,0.00628457154389931
2014-06-21,0.0061597731427397
2014-06-22,0.00601339470022811
2014-06-23,0.00586383724204606
2014-06-24,0.00572485843665667
2014-06-25,0.00559435036561978
2014-06-26,0.00546912503770531
2014-06-27,0.00534301118665968
2014-06-28,0.0052158207166057
2014-06-29,0.00509301957561749
2014-06-30,0.00497917319834848
2014-07-01,0.0128112445056735
2014-07-02,0.0125301842940533
2014-07-03,0.0122513058673401
2014-07-04,0.011984324032317
2014-07-05,0.0117234836762361
2014-07-06,0.0114739387327519
2014-07-07,0.011225707735654
2014-07-08,0.0109728896076232
2014-07-09,0.0107131036857094
2014-07-10,0.0104519073313006
2014-07-11,0.0134765528520024
2014-07-12,0.0100565207095301
2014-07-13,0.015302823096714
2014-07-14,0.0097599986348184
2014-07-15,0.0096051737833041
2014-07-16,0.00941669135088028
2014-07-17,0.00922652162724681
2014-07-18,0.00904334425213314
2014-07-19,0.00886575069036371
2014-07-20,0.00869748500942606
2014-07-21,0.00854492396007333
2014-07-22,0.00840438280847011
2014-07-23,0.00827434690395719
2014-07-24,0.0081567953503957
2014-07-25,0.00804979906900169
2014-07-26,0.00795587205482798
2014-07-27,0.0078741510053578
2014-07-28,0.00780389721928132
2014-07-29,0.00774568066012522
2014-07-30,0.00769858498943569
2014-07-31,0.00765945958795837
2014-08-01,0.00815183833500867
2014-08-02,0.00812372340277315
2014-08-03,0.00810053165473273
2014-08-04,0.00808262631988724
2014-08-05,0.00806950907402475
2014-08-06,0.00805771765931176
2014-08-07,0.0080460302420345
2014-08-08,0.00803643280589773
2014-08-09,0.00802955265177753
2014-08-10,0.00802404260352049
2014-08-11,0.00801893249108094
2014-08-12,0.00801392514700427
2014-08-13,0.00800910977707459
2014-08-14,0.00800495457630067
2014-08-15,0.0080017026865664
2014-08-16,0.00799877541315338
2014-08-17,0.0079960529224221
2014-08-18,0.00799347187402626
2014-08-19,0.00799095264384182
2014-08-20,0.00798845017565635
2014-08-21,0.00798600951355112
2014-08-22,0.00798377722302017
2014-08-23,0.00798171267889787
2014-08-24,0.00797967000716351
2014-08-25,0.00797763522064937
2014-08-26,0.00797560214653689
2014-08-27,0.00797356676879088
2014-08-28,0.0159213655431488
2014-08-29,0.0079695098184998
2014-08-30,0.00796749061215932
2014-08-31,0.00796547260871397
2014-09-01,0.00294675985882455
2014-09-02,0.00294601454797558
2014-09-03,0.0029452768158734
2014-09-04,0.00294454438308202
2014-09-05,0.00294381227585683
2014-09-06,0.00294308023880086
2014-09-07,0.00294234846233962
2014-09-08,0.00294161686354587
2014-09-09,0.00294088542800774
2014-09-10,0.0029401541642306
2014-09-11,0.00293942311993895
2014-09-12,0.00293869219590362
2014-09-13,0.00293796156719323
2014-09-14,0.00316104019643701
2014-09-15,0.0029399532782981
2014-09-16,0.00443239118896846
2014-09-17,0.00293504054645964
2014-09-18,0.00293488016091726
2014-09-19,0.00293358106618625
2014-09-20,0.00293285162917106
2014-09-21,0.00293212240124594
2014-09-22,0.0029313932649897
2014-09-23,0.002930664420987
2014-09-24,0.00292993576221211
2014-09-25,0.00292920720479275
2014-09-26,0.00292847884417792
2014-09-27,0.00292775067800504
2014-09-28,0.0029270226195667
2014-09-29,0.00292629489165602
2014-09-30,0.00292556725187032
2014-10-01,0.00399921913687325
2014-10-02,0.0039982246727362
2014-10-03,0.00399723057913192
2014-10-04,0.00399623657985684
2014-10-05,0.0039952429507915
2014-10-06,0.00399424955528781
2014-10-07,0.00399325637460913
2014-10-08,0.00399226346690362
2014-10-09,0.00399127080342024
2014-10-10,0.00399027835928454
2014-10-11,0.00398928617520016
2014-10-12,0.00398829417880501
2014-10-13,0.00398730253711345
2014-10-14,0.00398631114448972
2014-10-15,0.00398531989723629
2014-10-16,0.00398432896236751
2014-10-17,0.00398333823747811
2014-10-18,0.00398234784597129
2014-10-19,0.00398135757883686
2014-10-20,0.00398036760244305
2014-10-21,0.0039793778702714
2014-10-22,0.0120742545728544
2014-10-23,0.0157256098508569
2014-10-24,0.00399661317038997
2014-10-25,0.00397542152142336
2014-10-26,0.00397443302102287
2014-10-27,0.0039734448643424
2014-10-28,0.00397245681426686
2014-10-29,0.00397146901487435
2014-10-30,0.00397048151300644
2014-10-31,0.0039694942543915
2014-11-01,0.00502751642171723
2014-11-02,0.00502626638026086
2014-11-03,0.0050250164959568
2014-11-04,0.00857566747642119
2014-11-05,0.0810963107193997
2014-11-06,0.0439915991122007
2014-11-07,0.0163636199079711
2014-11-08,0.00791996214810055
2014-11-09,0.00510104877501265
2014-11-10,0.00501631802591831
2014-11-11,0.00501508973614248
2014-11-12,0.00501386331336886
2014-11-13,0.00501263846784786
2014-11-14,0.00501141475513309
2014-11-15,0.00501019185764593
2014-11-16,0.00500896969189924
2014-11-17,0.185036758214902
2014-11-18,0.0117855166649332
2014-11-19,0.0388945278114318
2014-11-20,0.0670146450691229
2014-11-21,0.205283293549342
2014-11-22,0.00788529925398851
2014-11-23,0.00637699390994259
2014-11-24,0.00777386453841521
2014-11-25,0.168583628276132
2014-11-26,0.0341102578651755
2014-11-27,0.00798256979289464
2014-11-28,0.0297169117048251
2014-11-29,0.0319345093766136
2014-11-30,0.0508808752128279
2014-12-01,0.0100144145552998
2014-12-02,0.0112376373336296
2014-12-03,0.0224156271625641
2014-12-04,0.0475812387488427
2014-12-05,0.0850812576144277
2014-12-06,0.0425322695537952
2014-12-07,0.0460423883830621
2014-12-08,0.39886326029047
2014-12-09,0.176060052081757
2014-12-10,0.0360690644261686
2014-12-11,0.0232811089659028
2014-12-12,0.0473786564131336
2014-12-13,0.0176898308987458
2014-12-14,0.0176418034292232
2014-12-15,0.0297918468789619
2014-12-16,0.0311249864050813
2014-12-17,0.0737639775555048
2014-12-18,0.0567141807975921
2014-12-19,0.0163309076150474
2014-12-20,0.00676774015707729
2014-12-21,0.00683053305946692
2014-12-22,0.00687870389941465
2014-12-23,0.007245072735522
2014-12-24,0.0113190816484797
2014-12-25,0.0142096876031883
2014-12-26,0.0167713780210404
2014-12-27,0.0168543295612768
2014-12-28,0.0218484729617536
2014-12-29,0.0334608801289244
2014-12-30,0.0736107229194795
2014-12-31,0.0723682770424019
2015-01-01,0.0132498960068672
2015-01-02,0.0158275784224269
2015-01-03,0.15361871659779
2015-01-04,0.0374562847214171
2015-01-05,0.0074059843130076
2015-01-06,0.00922897831529978
2015-01-07,0.0116669414909561
2015-01-08,0.011574802512496
2015-01-09,0.00700297218975064
2015-01-10,0.00720353184632056
2015-01-11,0.0118822088696329
2015-01-12,0.0379191264452572
2015-01-13,0.0606898090468458
2015-01-14,0.0297058393024096
2015-01-15,0.0170439231950173
2015-01-16,0.00810959592960585
2015-01-17,0.0219991777605934
2015-01-18,0.0331549812130313
2015-01-19,0.0644566952520974
2015-01-20,0.144698297138881
2015-01-21,0.0379097008762583
2015-01-22,0.0136731212949535
2015-01-23,0.108774777923222
2015-01-24,0.0153302592681514
2015-01-25,0.0170300163542996
2015-01-26,0.0358677044795834
2015-01-27,0.0100600309351214
2015-01-28,0.0106626170842502
2015-01-29,0.0260445562835775
2015-01-30,0.0596411811010278
2015-01-31,0.0524098106434539
2015-02-01,0.0857803558766794
2015-02-02,0.102559312827286
2015-02-03,0.125094813531519
2015-02-04,0.0465002524741451
2015-02-05,0.0470452470879995
2015-02-06,0.0210762830544116
2015-02-07,0.0329549761425445
2015-02-08,0.0335976038933454
2015-02-09,0.0261057674716303
2015-02-10,0.026620982222264
2015-02-11,0.0278693113419562
2015-02-12,0.0295333228139025
2015-02-13,0.0402624713556987
2015-02-14,0.0295011233560677
2015-02-15,0.0304477805172963
2015-02-16,0.0321041274226615
2015-02-17,0.0457681922591871
2015-02-18,0.0636564625051349
2015-02-19,0.0540181544935007
2015-02-20,0.06216478837747
2015-02-21,0.0585123757113068
2015-02-22,0.0823027434784418
2015-02-23,0.0710430797234008
2015-02-24,0.0875669378062314
2015-02-25,0.0738238790415285
2015-02-26,0.0683365212202063
2015-02-27,0.0731876221854056
2015-02-28,0.0759614239529692
2015-03-01,0.0604712784701961
2015-03-02,0.0749738422187133
2015-03-03,0.082640793834125
2015-03-04,0.116408947523985
2015-03-05,0.10803764335003
2015-03-06,0.141531444323052
2015-03-07,0.0714083651804429
2015-03-08,0.0852676946753899
2015-03-09,0.0830376614128257
2015-03-10,0.110220640399922
2015-03-11,0.103767036712119
2015-03-12,0.0845563363774906
2015-03-13,0.123276364496837
2015-03-14,0.132956366560229
2015-03-15,0.148181936071886
2015-03-16,0.209545025714974
2015-03-17,0.265195489733992
2015-03-18,0.345706423202251
2015-03-19,0.423628472358248
2015-03-20,0.489268657185121
2015-03-21,0.341650150418307
2015-03-22,0.280947967720559
2015-03-23,0.28051290192544
2015-03-24,0.266963650529338
2015-03-25,0.275638054939126
2015-03-26,0.23373686021909
2015-03-27,0.229891794352989
2015-03-28,0.247060988232041
2015-03-29,0.250254284377338
2015-03-30,0.210475530556189
2015-03-31,0.213971369478008
2015-04-01,0.201543802067009
2015-04-02,0.221136934552663
2015-04-03,0.226999647893664
2015-04-04,0.231201352975228
2015-04-05,0.232051592252765
2015-04-06,0.252825707593132
2015-04-07,0.274871359652536
2015-04-08,0.301110163326846
2015-04-09,0.327959745860457
2015-04-10,0.270496440912982
2015-04-11,0.260640683017534
2015-04-12,0.254433783119312
2015-04-13,0.233840717301086
2015-04-14,0.226811460335247
2015-04-15,0.195148072695891
2015-04-16,0.182460224554864
2015-04-17,0.202717270060726
2015-04-18,0.230219179199895
2015-04-19,0.161993997056987
2015-04-20,0.154851008609544
2015-04-21,0.147803605445145
2015-04-22,0.141246255329282
2015-04-23,0.134667245613845
2015-04-24,0.124758365013655
2015-04-25,0.111279421678927
2015-04-26,0.100927127667314
2015-04-27,0.0910972564798294
2015-04-28,0.081763037561933
2015-04-29,0.072546575126691
2015-04-30,0.0643136273868573
2015-05-01,0.0548170781343791
2015-05-02,0.0503772533852863
2015-05-03,0.046016745804731
2015-05-04,0.0418471048255622
2015-05-05,0.0403855619579932
2015-05-06,0.0348179715850353
2015-05-07,0.0242668423507475
2015-05-08,0.0216940926853498
2015-05-09,0.0199353900013496
2015-05-10,0.0272983104981274
2015-05-11,0.111941502179888
2015-05-12,0.0711315649696152
2015-05-13,0.0483869382718175
2015-05-14,0.0520347421878663
2015-05-15,0.0318260738498969
2015-05-16,0.0264406297304129
2015-05-17,0.0271290373475634
2015-05-18,0.0286488634038524
2015-05-19,0.0244266174908512
2015-05-20,0.0227528683971168
2015-05-21,0.0207000455071317
2015-05-22,0.0185858373473362
2015-05-23,0.0163870357524318
2015-05-24,0.014507410051205
2015-05-25,0.0133745414640542
2015-05-26,0.0389076956533151
2015-05-27,0.0185859418448864
2015-05-28,0.012798002476415
2015-05-29,0.0158973170179141
2015-05-30,0.0107433006284257
2015-05-31,0.009601993514293
2015-06-01,0.0709277291258518
2015-06-02,0.0183552386668624
2015-06-03,0.0167757454472266
2015-06-04,0.0121395914508241
2015-06-05,0.0469893623148734
2015-06-06,0.0183136313486943
2015-06-07,0.0129037246406101
2015-06-08,0.010858197428543
2015-06-09,0.0103804644995859
2015-06-10,0.0100477144445225
2015-06-11,0.0113249123108876
2015-06-12,0.00966812138895283
2015-06-13,0.00924956609189901
2015-06-14,0.00881287130527995
2015-06-15,0.00843750713723975
2015-06-16,0.00810692920850105
2015-06-17,0.00775956930313331
2015-06-18,0.00897054883650035
2015-06-19,0.0072249303715022
2015-06-20,0.00702674576855098
2015-06-21,0.00685694645004848
2015-06-22,0.00672737055914094
2015-06-23,0.00661425789750751
2015-06-24,0.00650284476862573
2015-06-25,0.00638648112367797
2015-06-26,0.00627336709353078
2015-06-27,0.00616284819136014
2015-06-28,0.00604523677546351
2015-06-29,0.00592467450118481
2015-06-30,0.00580380874363835
2015-07-01,0.0149226908981582
2015-07-02,0.0145927129534167
2015-07-03,0.0142657894291667
2015-07-04,0.0139128494835421
2015-07-05,0.0135437742566031
2015-07-06,0.0131729630013564
2015-07-07,0.0128152928587771
2015-07-08,0.0124838038112924
2015-07-09,0.0121929173313369
2015-07-10,0.0119384042355987
2015-07-11,0.0116894196597203
2015-07-12,0.0114414067659611
2015-07-13,0.0112026631051885
2015-07-14,0.0109594738519711
2015-07-15,0.0107054826929613
2015-07-16,0.0104491610424401
2015-07-17,0.0102052668047635
2015-07-18,0.00998294396174775
2015-07-19,0.00977755228200441
2015-07-20,0.00958713274840847
2015-07-21,0.00940780184167742
2015-07-22,0.00922777690547667
2015-07-23,0.00905175931434967
2015-07-24,0.00888977296672099
2015-07-25,0.00873756978732792
2015-07-26,0.00858950434832854
2015-07-27,0.0092980742612036
2015-07-28,0.00832994938564693
2015-07-29,0.00821859118921748
2015-07-30,0.00811228013172301
2015-07-31,0.00801380193532648
2015-08-01,0.00847547779114589
2015-08-02,0.00840241524356073
2015-08-03,0.00834050036896862
2015-08-04,0.00828746822691887
2015-08-05,0.00824341259470788
2015-08-06,0.00820709012250539
2015-08-07,0.00817488300294073
2015-08-08,0.00814563048753706
2015-08-09,0.00812029991979197
2015-08-10,0.00809855968756564
2015-08-11,0.00807924292127955
2015-08-12,0.00806260242875688
2015-08-13,0.00804842369305945
2015-08-14,0.00803695041857146
2015-08-15,0.00802856362615901
2015-08-16,0.00802210872164799
2015-08-17,0.00801646143863452
2015-08-18,0.00801146914862451
2015-08-19,0.00800707984747304
2015-08-20,0.0080030560380923
2015-08-21,0.0079996651494831
2015-08-22,0.00799676609813536
2015-08-23,0.00799399922159501
2015-08-24,0.00799142284942212
2015-08-25,0.00798909457309461
2015-08-26,0.00798684288556028
2015-08-27,0.00798447495519435
2015-08-28,0.00798194196194854
2015-08-29,0.00797930069345523
2015-08-30,0.0092611368899231
2015-08-31,0.0261299088183674
2015-09-01,0.00892545208896369
2015-09-02,0.00294919992115313
2015-09-03,0.00294836537326567
2015-09-04,0.00294754872088842
2015-09-05,0.00294675615663106
2015-09-06,0.00294597841107055
2015-09-07,0.00294521480992097
2015-09-08,0.00294446201104901
2015-09-09,0.00294371422065182
2015-09-10,0.0123032484718733
2015-09-11,0.00294222163019967
2015-09-12,0.00294147620429211
2015-09-13,0.0029407308499713
2015-09-14,0.00293998655409508
2015-09-15,0.0029392437518543
2015-09-16,0.00293850236977211
2015-09-17,0.00293776072189747
2015-09-18,0.00293701743910393
2015-09-19,0.00293627397958796
2015-09-20,0.00293553760220037
2015-09-21,0.00293480766195148
2015-09-22,0.00293407781880545
2015-09-23,0.00293334832626919
2015-09-24,0.00293261896485719
2015-09-25,0.00293188975559661
2015-09-26,0.00293116071124548
2015-09-27,0.00293043187976456
2015-09-28,0.00292970320232514
2015-09-29,0.00292897479067816
2015-09-30,0.00292824650023254
2015-10-01,0.00400288159442428
2015-10-02,0.00400188623254475
2015-10-03,0.00400089111294907
2015-10-04,0.00399989635742528
2015-10-05,0.00399890175502489
2015-10-06,0.00399790746404004
2015-10-07,0.00446503962341686
2015-10-08,0.00399591944933762
2015-10-09,0.00399492592396976
2015-10-10,0.00399393257595372
2015-10-11,0.00399293946989847
2015-10-12,0.00399194658674438
2015-10-13,0.0039909539710717
2015-10-14,0.0039899616286952
2015-10-15,0.00398896954798528
2015-10-16,0.00398797761619917
2015-10-17,0.00398698605946848
2015-10-18,0.00398599478120272
2015-10-19,0.00398500362310976
2015-10-20,0.00398401272119159
2015-10-21,0.00398302212035153
2015-10-22,0.00398203174758133
2015-10-23,0.0926850653094917
2015-10-24,0.212753468510619
2015-10-25,0.196127186335961
2015-10-26,0.0116752039920921
2015-10-27,0.00441189031499897
2015-10-28,0.00410431877582353
2015-10-29,0.0041435600248257
2015-10-30,0.0253320974302131
2015-10-31,0.00836841030687816
2015-11-01,0.00536120025757192
2015-11-02,0.00539167179232649
2015-11-03,0.00541549484509615
2015-11-04,0.00543248063830432
2015-11-05,0.0132922056008775
2015-11-06,0.071748774000676
2015-11-07,0.0241745138897828
2015-11-08,0.038624358688777
2015-11-09,0.00642274971832209
2015-11-10,0.246315507672978
2015-11-11,0.00836164317279628
2015-11-12,0.0197180081550817
2015-11-13,0.376051927797763
2015-11-14,0.161490443304912
2015-11-15,0.112278337191031
2015-11-16,0.0985045816269893
2015-11-17,0.00711353886053295
2015-11-18,0.0073503801863555
2015-11-19,0.00738998947851236
2015-11-20,0.00747438239679268
2015-11-21,0.0114035186236384
2015-11-22,0.0130401515401087
2015-11-23,0.0164091735738703
2015-11-24,0.0501200302714389
2015-11-25,0.0174188813217003
2015-11-26,0.023848661987761
2015-11-27,0.0207183186710831
2015-11-28,0.0201742058359821
2015-11-29,0.0121443830646945
2015-11-30,0.0481121144370596
2015-12-01,0.0677157559356169
2015-12-02,0.337990624195332
2015-12-03,0.784935035949441
2015-12-04,0.00906826284308272
2015-12-05,0.00790215301608581
2015-12-06,0.00837564855105965
2015-12-07,0.00831436435978039
2015-12-08,0.0423341108475545
2015-12-09,0.301968332031065
2015-12-10,0.329135080170676
2015-12-11,0.0218614153894669
2015-12-12,0.114428800793518
2015-12-13,0.0323717598361025
2015-12-14,0.00950059295834461
2015-12-15,0.0103723607941308
2015-12-16,0.0198002635833384
2015-12-17,0.0192654837381753
2015-12-18,0.0197084760741015
2015-12-19,0.0541594389027496
2015-12-20,0.13198533129855
2015-12-21,0.178958555855571
2015-12-22,0.104723936581899
2015-12-23,0.0518825508559741
2015-12-24,0.0308730770374148
2015-12-25,0.0207610587474604
2015-12-26,0.0122316944997792
2015-12-27,0.048296624767691
2015-12-28,0.0407776726204738
2015-12-29,0.0639416063715564
2015-12-30,0.0909891644250064
2015-12-31,0.0595358637250751
2016-01-01,0.0132767932005357
2016-01-02,0.0330383949812066
2016-01-03,0.0359566820009611
2016-01-04,0.0183195550791482
2016-01-05,0.0136505916506652
2016-01-06,0.032419348333863
2016-01-07,0.0256384436087431
2016-01-08,0.0276483889639648
2016-01-09,0.0324653186829001
2016-01-10,0.0385335543995853
2016-01-11,0.0339029825759516
2016-01-12,0.0189899948610199
2016-01-13,0.0188048635950993
2016-01-14,0.0210328770488855
2016-01-15,0.0406019123833033
2016-01-16,0.0657319064486895
2016-01-17,0.0431070894652401
2016-01-18,0.044934738311832
2016-01-19,0.0511672855032829
2016-01-20,0.0549578783456992
2016-01-21,0.0424420490282647
2016-01-22,0.0179159274568568
2016-01-23,0.0180015933220579
2016-01-24,0.0277792617706722
2016-01-25,0.147653870225948
2016-01-26,0.104254589943153
2016-01-27,0.11575695356109
2016-01-28,0.358679162143204
2016-01-29,0.656886158005082
2016-01-30,0.156120828459045
2016-01-31,0.155504980209139
2016-02-01,0.161365121512642
2016-02-02,0.536526346810608
2016-02-03,0.273964267163875
2016-02-04,0.277488852939143
2016-02-05,0.330624401946417
2016-02-06,0.315359862899349
2016-02-07,0.298921504615191
2016-02-08,0.286995532733207
2016-02-09,0.27663706243301
2016-02-10,0.264072316554457
2016-02-11,0.2506720873058
2016-02-12,0.237590546009712
2016-02-13,0.227022200199835
2016-02-14,0.212417705315779
2016-02-15,0.200850298787684
2016-02-16,0.190069131222752
2016-02-17,0.187614726862641
2016-02-18,0.179233284214729
2016-02-19,0.16905339217764
2016-02-20,0.160838489340746
2016-02-21,0.160003045773499
2016-02-22,0.170955297008983
2016-02-23,0.184348637801038
2016-02-24,0.164497158235661
2016-02-25,0.156198833543445
2016-02-26,0.151155252089667
2016-02-27,0.174988954652508
2016-02-28,0.234184245027139
2016-02-29,0.251130878545768
2016-03-01,0.184819252031491
2016-03-02,0.178928548809632
2016-03-03,0.18074891132815
2016-03-04,0.177526835763619
2016-03-05,0.177042963982007
2016-03-06,0.166208235957257
2016-03-07,0.160703190811534
2016-03-08,0.155347778781006
2016-03-09,0.15514380449377
2016-03-10,0.144913439552063
2016-03-11,0.13914634075126
2016-03-12,0.139075544796257
2016-03-13,0.128534577853896
2016-03-14,0.126639224382597
2016-03-15,0.121951737787486
2016-03-16,0.120354977955772
2016-03-17,0.116395450668066
2016-03-18,0.109848954286022
2016-03-19,0.106083883022276
2016-03-20,0.103401030812171
2016-03-21,0.0974247950931589
2016-03-22,0.0953239650453354
2016-03-23,0.0933790881610253
2016-03-24,0.090633171470853
2016-03-25,0.0940091573924315
2016-03-26,0.130600585882273
2016-03-27,0.248874553292029
2016-03-28,0.192550203270507
2016-03-29,0.183467747792411
2016-03-30,0.250199569980651
2016-03-31,0.273112186868454
2016-04-01,0.353549335192914
2016-04-02,0.432542734972972
2016-04-03,0.42465026813413
2016-04-04,0.418752255681762
2016-04-05,0.388491715837105
2016-04-06,0.461183948817674
2016-04-07,0.514944177468284
2016-04-08,0.693910607360976
2016-04-09,0.497090054736293
2016-04-10,0.539152874528011
2016-04-11,0.665759468243778
2016-04-12,0.721327354322757
2016-04-13,0.771879995586338
2016-04-14,0.965759637013263
2016-04-15,0.606693512343505
2016-04-16,0.611382984636907
2016-04-17,0.597910062099449
2016-04-18,0.570996570285852
2016-04-19,0.544928775430343
2016-04-20,0.519360362460662
2016-04-21,0.491683402640817
2016-04-22,0.55314700298311
2016-04-23,0.707029768983685
2016-04-24,0.840477025212325
2016-04-25,0.970537166341399
2016-04-26,1.04222621246452
2016-04-27,1.07420883500288
2016-04-28,1.21672181545997
2016-04-29,1.58369321091978
2016-04-30,1.74492506534827
2016-05-01,1.17663193264285
2016-05-02,1.19300992496642
2016-05-03,1.01529334776644
2016-05-04,0.720895214246457
2016-05-05,0.661196627466248
2016-05-06,0.805937211435856
2016-05-07,1.011793324939
2016-05-08,0.923415074807547
2016-05-09,0.643103103023896
2016-05-10,0.534022969023223
2016-05-11,0.521911968848897
2016-05-12,0.459147184786161
2016-05-13,0.418296762392374
2016-05-14,0.427519079999492
2016-05-15,0.460229573159663
2016-05-16,0.443757673709977
2016-05-17,0.424558363814263
2016-05-18,0.404322438001334
2016-05-19,0.432287666945919
2016-05-20,0.462280918246413
2016-05-21,0.447412794894133
2016-05-22,0.34289080730323
2016-05-23,0.292499609563449
2016-05-24,0.189648538912795
2016-05-25,0.172006312272624
2016-05-26,0.164530778359729
2016-05-27,0.193024836795296
2016-05-28,0.162051391219992
2016-05-29,0.133292089858877
2016-05-30,0.136202074844583
2016-05-31,0.101999747874648
2016-06-01,0.149093357484605
2016-06-02,0.122751068002057
2016-06-03,0.11742309394697
2016-06-04,0.0899613354474075
2016-06-05,0.111570739453544
2016-06-06,0.0683108519249118
2016-06-07,0.0592101579266825
2016-06-08,0.0778751416939944
2016-06-09,0.0487978986462608
2016-06-10,0.0431272186052603
2016-06-11,0.0369539514972524
2016-06-12,0.0309410768908875
2016-06-13,0.0261564398495999
2016-06-14,0.0226460790963993
2016-06-15,0.0197354292559755
2016-06-16,0.0170730365387917
2016-06-17,0.0422937128845826
2016-06-18,0.0134391246308818
2016-06-19,0.016286973457176
2016-06-20,0.0110587241257745
2016-06-21,0.0101166347968305
2016-06-22,0.00947774836894801
2016-06-23,0.00901448750082064
2016-06-24,0.00862703654236319
2016-06-25,0.00998530141563602
2016-06-26,0.0082175003059959
2016-06-27,0.0101724869543652
2016-06-28,0.00774652728328789
2016-06-29,0.00957080882236239
2016-06-30,0.00737931493589649
2016-07-01,0.113389256781739
2016-07-02,0.0549599317910648
2016-07-03,0.0187283633622631
2016-07-04,0.0185573801228778
2016-07-05,0.134756455764756
2016-07-06,0.0179391242127253
2016-07-07,0.0177105919761647
2016-07-08,0.0174481419594736
2016-07-09,0.0277783437124883
2016-07-10,0.0169329579802308
2016-07-11,0.0167011247206182
2016-07-12,0.0164224292574033
2016-07-13,0.016161811509003
2016-07-14,0.0159278845321328
2016-07-15,0.0174478593221783
2016-07-16,0.015452899832476
2016-07-17,0.0151222940577525
2016-07-18,0.0147690099075289
2016-07-19,0.0143978260344859
2016-07-20,0.0140055547015611
2016-07-21,0.0252340019898742
2016-07-22,0.0133654662859055
2016-07-23,0.0130768938572111
2016-07-24,0.0127448009184694
2016-07-25,0.0124215577043611
2016-07-26,0.012101492652303
2016-07-27,0.0117858748122218
2016-07-28,0.0114899348287083
2016-07-29,0.0112228027565602
2016-07-30,0.0117578534772267
2016-07-31,0.0107719705374148
2016-08-01,0.0112614166560988
2016-08-02,0.0110001216932772
2016-08-03,0.0191120139494044
2016-08-04,0.010538182767838
2016-08-05,0.0103071768878511
2016-08-06,0.0100811730065917
2016-08-07,0.00986646482529849
2016-08-08,0.00966966344543785
2016-08-09,0.00949540923740528
2016-08-10,0.00934395757187988
2016-08-11,0.00920748688053005
2016-08-12,0.00908213743040403
2016-08-13,0.00896863679620206
2016-08-14,0.00886762200858739
2016-08-15,0.00877377746500364
2016-08-16,0.00868344979030966
2016-08-17,0.00859984956845506
2016-08-18,0.00852869565407563
2016-08-19,0.00847170340117825
2016-08-20,0.00841658986042774
2016-08-21,0.00835852777596243
2016-08-22,0.0083061691064246
2016-08-23,0.00826332308870917
2016-08-24,0.00822855662649345
2016-08-25,0.00819823730527557
2016-08-26,0.00817094542147627
2016-08-27,0.00814681391160878
2016-08-28,0.00812507333524205
2016-08-29,0.00810458962084449
2016-08-30,0.00808583476876193
2016-08-31,0.00807047879649638
2016-09-01,0.00298187692696363
2016-09-02,0.00297830134235693
2016-09-03,0.00297543939180957
2016-09-04,0.0029730553568753
2016-09-05,0.00297091774603461
2016-09-06,0.00296879198717454
2016-09-07,0.00296683872477834
2016-09-08,0.00296528244171394
2016-09-09,0.00296399186013784
2016-09-10,0.00296266232638312
2016-09-11,0.00296127169745806
2016-09-12,0.0029599071766755
2016-09-13,0.00295857182454688
2016-09-14,0.00295725750711449
2016-09-15,0.00295598076706407
2016-09-16,0.00295475123860401
2016-09-17,0.00295363682237262
2016-09-18,0.0029526631745471
2016-09-19,0.00295174376515549
2016-09-20,0.00295086786421574
2016-09-21,0.0029500227096739
2016-09-22,0.00294918528815661
2016-09-23,0.00294834512224369
2016-09-24,0.00294750603509374
2016-09-25,0.00294667146145394
2016-09-26,0.00294584405759496
2016-09-27,0.00294504301633045
2016-09-28,0.00294426335659179
2016-09-29,0.00294348288010247
2016-09-30,0.00294270267838347
2016-10-01,0.00402258227209862
2016-10-02,0.00402152848524186
2016-10-03,0.00402048259005513
2016-10-04,0.00401944666404183
2016-10-05,0.0040184169392033
2016-10-06,0.00401740149877532
2016-10-07,0.00401640203228406
2016-10-08,0.00401540330588924
2016-10-09,0.00401440490027827
2016-10-10,0.00401340662743887
2016-10-11,0.00401240869250469
2016-10-12,0.00401141107835434
2016-10-13,0.00401041360634385
2016-10-14,0.0040094163856625
2016-10-15,0.00400841941146462
2016-10-16,0.00400742273285302
2016-10-17,0.00400642631978456
2016-10-18,0.00400543005402468
2016-10-19,0.00400443410226469
2016-10-20,0.00400343840861778
2016-10-21,0.00400244295822386
2016-10-22,0.0040014477885562
2016-10-23,0.00400045278913331
2016-10-24,0.00399945801971857
2016-10-25,0.00399846362826669
2016-10-26,0.00399746934923449
2016-10-27,0.00399647544170424
2016-10-28,0.00399548170344963
2016-10-29,0.00399448821587807
2016-10-30,0.00399349486172415
2016-10-31,0.00399250195724909
2016-11-01,0.00505665650397961
2016-11-02,0.00505539925643498
2016-11-03,0.00505414216645192
2016-11-04,0.00505288541205452
2016-11-05,0.00505162900183706
2016-11-06,0.00505037296526557
2016-11-07,0.00504918612441178
2016-11-08,0.00504786163082033
2016-11-09,0.0141617366434583
2016-11-10,0.11554369420951
2016-11-11,0.0966180954614602
2016-11-12,0.223829538732516
2016-11-13,0.120737429892668
2016-11-14,0.014554524881926
2016-11-15,0.0125369715564362
2016-11-16,0.0108599633919472
2016-11-17,0.00730172062889001
2016-11-18,0.00699603505899024
2016-11-19,0.00748301317838423
2016-11-20,0.00858229627958093
2016-11-21,0.143105915222795
2016-11-22,0.350874207230402
2016-11-23,0.0737830861210456
2016-11-24,0.0215196675555469
2016-11-25,0.0153636241238494
2016-11-26,0.0155023942643497
2016-11-27,0.15364423889967
2016-11-28,0.055461016962797
2016-11-29,0.0517148101348067
2016-11-30,0.0186414666716209
2016-12-01,0.0130844642678453
2016-12-02,0.00748593493229861
2016-12-03,0.00766266966936958
2016-12-04,0.00733298106330118
2016-12-05,0.0486558663914194
2016-12-06,0.310493055652529
2016-12-07,0.172402033155374
2016-12-08,0.05967791835009
2016-12-09,0.0704392931344279
2016-12-10,0.00886093797576473
2016-12-11,0.00977111139402521
2016-12-12,0.00983218032908735
2016-12-13,0.0139850989865458
2016-12-14,0.0104223876511878
2016-12-15,0.00929783767231696
2016-12-16,0.146040613541614
2016-12-17,0.0520286675398075
2016-12-18,0.00750711090051718
2016-12-19,0.0315191861352826
2016-12-20,0.0282786957582728
2016-12-21,0.00956433682941198
2016-12-22,0.009799508887402
2016-12-23,0.00788237967800839
2016-12-24,0.00971515682278053
2016-12-25,0.0113704399012786
2016-12-26,0.0104958324643352
2016-12-27,0.00739474211194012
2016-12-28,0.00742123135722706
2016-12-29,0.00819360643146901
2016-12-30,0.0101293340108784
2016-12-31,0.0113911431824883
2017-01-01,0.00646118235546171
2017-01-02,0.00920776280892566
2017-01-03,0.00681123864795122
2017-01-04,0.00942831337528198
2017-01-05,0.00995935121138894
2017-01-06,0.0131362621340357
2017-01-07,0.0170430671458006
2017-01-08,0.0191579444971426
2017-01-09,0.0205257509758371
2017-01-10,0.0235230923822604
2017-01-11,0.00686176938323045
2017-01-12,0.00847265322833685
2017-01-13,0.022104258464906
2017-01-14,0.0611619550381307
2017-01-15,0.085223611210136
2017-01-16,0.189067510284161
2017-01-17,0.0379051320848218
2017-01-18,0.00694742842417411
2017-01-19,0.00805215949875222
2017-01-20,0.0143798402773207
2017-01-21,0.0208919759972395
2017-01-22,0.0119947591557384
2017-01-23,0.00982536071277059
2017-01-24,0.00984161862174885
2017-01-25,0.0112201799680234
2017-01-26,0.0122729871331767
2017-01-27,0.0373219240866613
2017-01-28,0.0178559325736863
2017-01-29,0.0493387585772522
2017-01-30,0.110776073747137
2017-01-31,0.0975533379583694
2017-02-01,0.0681630047102851
2017-02-02,0.0424092783506061
2017-02-03,0.0217386551489735
2017-02-04,0.0103720715135592
2017-02-05,0.0116801986098712
2017-02-06,0.0156245060999406
2017-02-07,0.0142512287259108
2017-02-08,0.00952099749953922
2017-02-09,0.00804205458116094
2017-02-10,0.00741195146612148
2017-02-11,0.0904967135965728
2017-02-12,0.0740056041477619
2017-02-13,0.0190355618749429
2017-02-14,0.016180454773657
2017-02-15,0.00631612026971044
2017-02-16,0.00623523471762266
2017-02-17,0.00629444516574116
2017-02-18,0.00670779301619058
2017-02-19,0.00649134735417785
2017-02-20,0.00584399774321091
2017-02-21,0.0111314068826124
2017-02-22,0.0909849106018155
2017-02-23,0.00835737133507686
2017-02-24,0.00688272592891521
2017-02-25,0.0120486662784347
2017-02-26,0.00599217321761588
2017-02-27,0.00607888739366783
2017-02-28,0.0279279906563171
2017-03-01,0.102183872661945
2017-03-02,0.0918244317624477
2017-03-03,0.0572046690355025
2017-03-04,0.0358009660104746
2017-03-05,0.00964005050652382
2017-03-06,0.00826088845240987
2017-03-07,0.00673689628187278
2017-03-08,0.00658121798267886
2017-03-09,0.00664036811798304
2017-03-10,0.00663853368541082
2017-03-11,0.00658459602511449
2017-03-12,0.00649460149788012
2017-03-13,0.0249385377967459
2017-03-14,0.0303077421061138
2017-03-15,0.133961480836368
2017-03-16,0.00693295824159441
2017-03-17,0.157166110623341
2017-03-18,0.0717325591269411
2017-03-19,0.174914620819413
2017-03-20,0.0248338994368675
2017-03-21,0.0161325982499411
2017-03-22,0.0177314916060144
2017-03-23,0.0738639134819936
2017-03-24,0.124489132427329
2017-03-25,0.288859291508342
2017-03-26,0.0530951986452066
2017-03-27,0.0615682278209179
2017-03-28,0.137070568356103
2017-03-29,0.0747259788522993
2017-03-30,0.0766397596889339
2017-03-31,0.0779318899533311
2017-04-01,0.0923588950510581
2017-04-02,0.0899254418750326
2017-04-03,0.0928895268083446
2017-04-04,0.0811862866450731
2017-04-05,0.0797226049995559
2017-04-06,0.13150430709901
2017-04-07,0.169297465558248
2017-04-08,0.235093268576337
2017-04-09,0.293297280387983
2017-04-10,0.261172708154216
2017-04-11,0.336726933390751
2017-04-12,0.527585683394064
2017-04-13,0.378022255683466
2017-04-14,0.36732273515124
2017-04-15,0.344570642005311
2017-04-16,0.409593615124494
2017-04-17,0.346595226444235
2017-04-18,0.362751029035769
2017-04-19,0.330755909770571
2017-04-20,0.313360432018584
2017-04-21,0.294404881734686
2017-04-22,0.281845127836872
2017-04-23,0.262898237814452
2017-04-24,0.259325975148021
2017-04-25,0.235306182981768
2017-04-26,0.257328478460137
2017-04-27,0.219750715195542
2017-04-28,0.210924300576344
2017-04-29,0.213444502603335
2017-04-30,0.187509683120264
2017-05-01,0.163368953051503
2017-05-02,0.14846571085471
2017-05-03,0.133670670750865
2017-05-04,0.157748092082273
2017-05-05,0.18527978663576
2017-05-06,0.121759829845821
2017-05-07,0.114952927400851
2017-05-08,0.106405902823803
2017-05-09,0.0939031880137494
2017-05-10,0.0814176140040487
2017-05-11,0.0693002752993097
2017-05-12,0.0585723715567767
2017-05-13,0.049942715028265
2017-05-14,0.0478273801865463
2017-05-15,0.0401030799307072
2017-05-16,0.0338348398324944
2017-05-17,0.0276996210806324
2017-05-18,0.0218007006944522
2017-05-19,0.0237903768738486
2017-05-20,0.0144801579394863
2017-05-21,0.0126626278407235
2017-05-22,0.0107063357311307
2017-05-23,0.00950308047657654
2017-05-24,0.00856851844750742
2017-05-25,0.00746194031090806
2017-05-26,0.00664161709094603
2017-05-27,0.0062545756053737
2017-05-28,0.00608134143585331
2017-05-29,0.00597104674734897
2017-05-30,0.00588009510934007
2017-05-31,0.00579973924930771
2017-06-01,0.00835020357174546
2017-06-02,0.00823760587216227
2017-06-03,0.00812250948823559
2017-06-04,0.00801004312415978
2017-06-05,0.00790214602712135
2017-06-06,0.00778737264062339
2017-06-07,0.00766878797282217
2017-06-08,0.00754588227029174
2017-06-09,0.00740436191530793
2017-06-10,0.00725459877418784
2017-06-11,0.00950751410064189
2017-06-12,0.00699121460788388
2017-06-13,0.00685637661564112
2017-06-14,0.0067278045643526
2017-06-15,0.00660957878803735
2017-06-16,0.00648621369984165
2017-06-17,0.00635746255641483
2017-06-18,0.00623001370496183
2017-06-19,0.00610657261266568
2017-06-20,0.00597910552239202
2017-06-21,0.00584360730702095
2017-06-22,0.00570019397434203
2017-06-23,0.00765248351796102
2017-06-24,0.00545186034386475
2017-06-25,0.00533826509818967
2017-06-26,0.00520143698831747
2017-06-27,0.00505967172936368
2017-06-28,0.00492958082004731
2017-06-29,0.00481340526961321
2017-06-30,0.00470448562190467
2017-07-01,0.0121083132151415
2017-07-02,0.0690543527915154
2017-07-03,0.0116946860591438
2017-07-04,0.011413478568688
2017-07-05,0.0110874501897842
2017-07-06,0.010782586522017
2017-07-07,0.0105264038238705
2017-07-08,0.0542221688945826
2017-07-09,0.0101681160631422
2017-07-10,0.142733118253367
2017-07-11,0.00991537567622816
2017-07-12,0.00974615577197645
2017-07-13,0.00956391325867564
2017-07-14,0.00936788138025451
2017-07-15,0.00915704419495464
2017-07-16,0.00895770671267344
2017-07-17,0.00878272916332568
2017-07-18,0.00862991542875886
2017-07-19,0.00849132599533517
2017-07-20,0.00835822357193134
2017-07-21,0.00823274654704768
2017-07-22,0.00811690621923907
2017-07-23,0.00801130297366395
2017-07-24,0.00791845763596464
2017-07-25,0.00783868242035474
2017-07-26,0.0241443296049765
2017-07-27,0.00772282006906251
2017-07-28,0.00768667163072135
2017-07-29,0.00764074963858453
2017-07-30,0.00760718667932076
2017-07-31,0.00758182553394625
2017-08-01,0.00808408812415793
2017-08-02,0.00806864794795571
2017-08-03,0.00805558367161898
2017-08-04,0.00804538920363621
2017-08-05,0.00804025021277463
2017-08-06,0.103520356401524
2017-08-07,0.00811877880525689
2017-08-08,0.00802217124601756
2017-08-09,0.00801753115974555
2017-08-10,0.00801360149414838
2017-08-11,0.0080104233724054
2017-08-12,0.0080076045447139
2017-08-13,0.00800491110160168
2017-08-14,0.00800229272195539
2017-08-15,0.00799971901926477
2017-08-16,0.00799718787186283
2017-08-17,0.00799471945186689
2017-08-18,0.00799231344514505
2017-08-19,0.00799001329000307
2017-08-20,0.00798780608213426
2017-08-21,0.00798563172339073
2017-08-22,0.00798353272245213
2017-08-23,0.00798150110088024
2017-08-24,0.007979473189512
2017-08-25,0.00797744521046492
2017-08-26,0.00797542027377206
2017-08-27,0.00797339935694536
2017-08-28,0.00797137660129804
2017-08-29,0.00796935644234633
2017-08-30,0.0434951127631384
2017-08-31,0.00796534683785468
2017-09-01,0.00294672671627819
2017-09-02,0.00294599413724188
2017-09-03,0.00298714263093729
2017-09-04,0.002944529506974
2017-09-05,0.00294379742408361
2017-09-06,0.00294607847991916
2017-09-07,0.00295645443117926
2017-09-08,0.00294160240656301
2017-09-09,0.00294087107261667
2017-09-10,0.0124223636907416
2017-09-11,0.017634065420491
2017-09-12,0.0450249710715852
2017-09-13,0.00293795058134162
2017-09-14,0.0339111382871836
2017-09-15,0.00434880537186911
2017-09-16,0.00293583688331594
2017-09-17,0.00293516523855693
2017-09-18,0.00293449531636924
2017-09-19,0.0029338223542247
2017-09-20,0.00293314424066815
2017-09-21,0.00293246060878783
2017-09-22,0.00336637378375079
2017-09-23,0.00293108140255904
2017-09-24,0.00293038745816799
2017-09-25,0.00292969072401941
2017-09-26,0.00292899075003806
2017-09-27,0.00292828755299844
2017-09-28,0.00292758136797916
2017-09-29,0.0029268723480767
2017-09-30,0.0029261610581886
2017-10-01,0.00400005037695502
2017-10-02,0.0039990732419291
2017-10-03,0.00399809467419793
2017-10-04,0.00399711486920382
2017-10-05,0.00399613357561764
2017-10-06,0.003995150833497
2017-10-07,0.00833211495379019
2017-10-08,0.00442576378209363
2017-10-09,0.00399219841303987
2017-10-10,0.00403147966698463
2017-10-11,0.0039902281283476
2017-10-12,0.00398924238190704
2017-10-13,0.00398825647652826
2017-10-14,0.00398727028590062
2017-10-15,0.00398628367919081
2017-10-16,0.00398529686831647
2017-10-17,0.00398430973148956
2017-10-18,0.00398332247804337
2017-10-19,0.00398233526530084
2017-10-20,0.00398134792075593
2017-10-21,0.00398036062563689
2017-10-22,0.00397937338123596
2017-10-23,0.00397838600955523
2017-10-24,0.00933156603966632
2017-10-25,0.0566605392394823
2017-10-26,0.00606995576706762
2017-10-27,0.00397444156007538
2017-10-28,0.00422837103197063
2017-10-29,0.00397247895998122
2017-10-30,0.00397149942279155
2017-10-31,0.003970520537507
2017-11-01,0.0235213272669238
2017-11-02,0.105458093050461
2017-11-03,0.00598321391270636
2017-11-04,0.00502534745667747
2017-11-05,0.00502435768727714
2017-11-06,0.00502340003178786
2017-11-07,0.00502245784516069
2017-11-08,0.00502152307865995
2017-11-09,0.00502058814723114
2017-11-10,0.00501964801340603
2017-11-11,0.00501868276590496
2017-11-12,0.00501768965169777
2017-11-13,0.00501669048917285
2017-11-14,0.0156324017458683
2017-11-15,0.0232246012228337
2017-11-16,0.0091478889675629
2017-11-17,0.00893024191642801
2017-11-18,0.0135408782517945
2017-11-19,0.00524693269602466
2017-11-20,0.00501018891144936
2017-11-21,0.00500935364487027
2017-11-22,0.0050085202383361
2017-11-23,0.00500768107159678
2017-11-24,0.00500683947554467
2017-11-25,0.00795751349800512
2017-11-26,0.00614762296368786
2017-11-27,0.00500433554812983
2017-11-28,0.00500349602043131
2017-11-29,0.00500264597580546
2017-11-30,0.00500178388733755
2017-12-01,0.00399187714162926
2017-12-02,0.00399116865209191
2017-12-03,0.00399045108421782
2017-12-04,0.00398972838099096
2017-12-05,0.00398900151982706
2017-12-06,0.00398826453169523
2017-12-07,0.00398750916801671
2017-12-08,0.00398674057394462
2017-12-09,0.00398596822799422
2017-12-10,0.00398519351200666
2017-12-11,0.00398441368418702
2017-12-12,0.00398362589591723
2017-12-13,0.00398283125920371
2017-12-14,0.00398202811975721
2017-12-15,0.00398121357375138
2017-12-16,0.00398039088076319
2017-12-17,0.00398653774221044
2017-12-18,0.12453010822592
2017-12-19,0.490275737207452
2017-12-20,0.118349585847939
2017-12-21,0.00588295000846131
2017-12-22,0.0710027010947356
2017-12-23,0.0440710568540462
2017-12-24,0.0272108795332804
2017-12-25,0.015463233994143
2017-12-26,0.00622003656943661
2017-12-27,0.00638271090073482
2017-12-28,0.00533756534914803
2017-12-29,0.00521168547028685
2017-12-30,0.0285531678229995
2017-12-31,0.0219241302723888
2018-01-01,0.00454638350384309
2018-01-02,0.00457905002979078
2018-01-03,0.00460643942393727
2018-01-04,0.00462994986831357
2018-01-05,0.00465059648058383
2018-01-06,0.00466902102280009
2018-01-07,0.00468565620645929
2018-01-08,0.00470081175431414
2018-01-09,0.00471471915537801
2018-01-10,0.00472755673007633
2018-01-11,0.0142189109331842
2018-01-12,0.010671621207397
2018-01-13,0.00476354525008648
2018-01-14,0.0244096863255105
2018-01-15,0.050372441980831
2018-01-16,0.0300397037050055
2018-01-17,0.0247135150291846
2018-01-18,0.034031883041394
2018-01-19,0.0911364578887902
2018-01-20,0.172857681599219
2018-01-21,0.135645745410501
2018-01-22,0.0979889792181592
2018-01-23,0.0331734508737506
2018-01-24,0.0977237084448818
2018-01-25,0.125612388860928
2018-01-26,0.166500398396368
2018-01-27,0.215655231635584
2018-01-28,0.21919587356155
2018-01-29,0.132854252906442
2018-01-30,0.0707120387405381
2018-01-31,0.0466062931868445
2018-02-01,0.017137415372975
2018-02-02,0.0179178104413902
2018-02-03,0.00976141639647147
2018-02-04,0.00970096452147801
2018-02-05,0.0149346792261078
2018-02-06,0.0283931573080619
2018-02-07,0.0477880342441719
2018-02-08,0.033599259007493
2018-02-09,0.0111946027372872
2018-02-10,0.0535935545930725
2018-02-11,0.0172330392430465
2018-02-12,0.021081090051566
2018-02-13,0.0112074337176265
2018-02-14,0.021398610223475
2018-02-15,0.0189992570803603
2018-02-16,0.0219862417615495
2018-02-17,0.051558172629224
2018-02-18,0.0477938664322877
2018-02-19,0.0600979882470968
2018-02-20,0.069990348902517
2018-02-21,0.0721993202319304
2018-02-22,0.0589048046031691
2018-02-23,0.0313137154879675
2018-02-24,0.0604582172997907
2018-02-25,0.167777173510322
2018-02-26,0.189968036291358
2018-02-27,0.131479179531946
2018-02-28,0.0154637310914379
2018-03-01,0.0172051784220543
2018-03-02,0.0169101809858834
2018-03-03,0.0103939914036186
2018-03-04,0.0103792910951311
2018-03-05,0.012062085424984
2018-03-06,0.0167343263032991
2018-03-07,0.0238694002596382
2018-03-08,0.0277059870964339
2018-03-09,0.0320664523853438
2018-03-10,0.0266522428641849
2018-03-11,0.118280973056045
2018-03-12,0.0458994180564837
2018-03-13,0.0225124498439418
2018-03-14,0.0268935307652961
2018-03-15,0.0315469321307055
2018-03-16,0.0337580834726398
2018-03-17,0.030227703616632
2018-03-18,0.025127434818559
2018-03-19,0.0278126807901381
2018-03-20,0.0261607988999436
2018-03-21,0.0253764321145465
2018-03-22,0.0256682731754333
2018-03-23,0.0241561119216672
2018-03-24,0.0236432997098966
2018-03-25,0.0223163730067721
2018-03-26,0.0211414279620027
2018-03-27,0.0202969166809557
2018-03-28,0.0198655635560733
2018-03-29,0.019133670614445
2018-03-30,0.0189427607733837
2018-03-31,0.0193496982032455
2018-04-01,0.0173806759500641
2018-04-02,0.0163928044880517
2018-04-03,0.0157430099392248
2018-04-04,0.0146248357858928
2018-04-05,0.0134365600915786
2018-04-06,0.0121222370314444
2018-04-07,0.0108948156555772
2018-04-08,0.00983413638857091
2018-04-09,0.00896035641395164
2018-04-10,0.00830692184069342
2018-04-11,0.00788484913312543
2018-04-12,0.00805012694779444
2018-04-13,0.00789176250198276
2018-04-14,0.00747350827685827
2018-04-15,0.00720569169662234
2018-04-16,0.00702902951833591
2018-04-17,0.00686076721160614
2018-04-18,0.00670254522815433
2018-04-19,0.00653043330169117
2018-04-20,0.013914054767444
2018-04-21,0.0121931204557336
2018-04-22,0.0121395276032163
2018-04-23,0.0312716820492626
2018-04-24,0.0753100061770512
2018-04-25,0.0830424737321548
2018-04-26,0.103996342292695
2018-04-27,0.156955151850259
2018-04-28,0.108939364109031
2018-04-29,0.0481237832430333
2018-04-30,0.0241347272769655
2018-05-01,0.0266136354211089
2018-05-02,0.02396216338555
2018-05-03,0.02415548298622
2018-05-04,0.0214060532639394
2018-05-05,0.0236435478107544
2018-05-06,0.0187929102043928
2018-05-07,0.0175973578156371
2018-05-08,0.0161566090528739
2018-05-09,0.0147771466321304
2018-05-10,0.0134714114163649
2018-05-11,0.0122008351395321
2018-05-12,0.0111541747352958
2018-05-13,0.0105007360114955
2018-05-14,0.0160302582252631
2018-05-15,0.0304543089226771
2018-05-16,0.0102950850473302
2018-05-17,0.00877306946746159
2018-05-18,0.00837789087574791
2018-05-19,0.00795574128678604
2018-05-20,0.00825039807515063
2018-05-21,0.00745309544253152
2018-05-22,0.00724964266044413
2018-05-23,0.00673450845686527
2018-05-24,0.00627474197854721
2018-05-25,0.00590916942551373
2018-05-26,0.00590821719970191
2018-05-27,0.00607488165655999
2018-05-28,0.00737364133316216
2018-05-29,0.00532475563529899
2018-05-30,0.0106544758038165
2018-05-31,0.00513076172926517
2018-06-01,0.0322074279316653
2018-06-02,0.00726294103641281
2018-06-03,0.024593248852298
2018-06-04,0.00701445580042581
2018-06-05,0.00693047236977836
2018-06-06,0.00683175911411961
2018-06-07,0.00677979477875877
2018-06-08,0.00667534030786683
2018-06-09,0.00659339832388699
2018-06-10,0.00650847313033226
2018-06-11,0.00642173319798269
2018-06-12,0.00638714749580089
2018-06-13,0.00628277499620213
2018-06-14,0.00620731347759526
2018-06-15,0.00611526091707315
2018-06-16,0.00602022640504527
2018-06-17,0.00592015123457204
2018-06-18,0.00581183734305292
2018-06-19,0.00569832594259404
2018-06-20,0.00557988380338838
2018-06-21,0.00545646274520662
2018-06-22,0.00533362062788917
2018-06-23,0.00521486790650624
2018-06-24,0.00510768467733594
2018-06-25,0.00501472156156545
2018-06-26,0.00491828999059864
2018-06-27,0.00481707087964789
2018-06-28,0.00472628470454348
2018-06-29,0.00464474374054836
2018-06-30,0.00456007673409187
2018-07-01,0.0117370504426369
2018-07-02,0.0115235209954883
2018-07-03,0.0112509672860164
2018-07-04,0.0110233335312408
2018-07-05,0.0107991101606361
2018-07-06,0.01059653371904
2018-07-07,0.0104110922747302
2018-07-08,0.0102329489030783
2018-07-09,0.0100619689135099
2018-07-10,0.00989312406501444
2018-07-11,0.00972589600103864
2018-07-12,0.00957206683608175
2018-07-13,0.00942548653952332
2018-07-14,0.00927437447720339
2018-07-15,0.00911894378752898
2018-07-16,0.00896331017844919
2018-07-17,0.0088229466693665
2018-07-18,0.00869158790656114
2018-07-19,0.00856216626822622
2018-07-20,0.00983283414296884
2018-07-21,0.00834037952672002
2018-07-22,0.00823764575598878
2018-07-23,0.00816231635206689
2018-07-24,0.0195374321312349
2018-07-25,0.00806040958447264
2018-07-26,0.00799009498082034
2018-07-27,0.00795917086394222
2018-07-28,0.00786519360007161
2018-07-29,0.00781368272093336
2018-07-30,0.00776598301501522
2018-07-31,0.00772020896123582
2018-08-01,0.00820967128518902
2018-08-02,0.00817489483524045
2018-08-03,0.00814341714005063
2018-08-04,0.00811713581777907
2018-08-05,0.00809642385785983
2018-08-06,0.00807906037172658
2018-08-07,0.00806331516647331
2018-08-08,0.00804983599602435
2018-08-09,0.00803853187706904
2018-08-10,0.00802900480774397
2018-08-11,0.0080208054205201
2018-08-12,0.00801387560292037
2018-08-13,0.00800782071275977
2018-08-14,0.00800222386833981
2018-08-15,0.00799761384806151
2018-08-16,0.00799408824605093
2018-08-17,0.00799110478453767
2018-08-18,0.00798828903303978
2018-08-19,0.00798561267882798
2018-08-20,0.0079830157131414
2018-08-21,0.00798048802118982
2018-08-22,0.00797803647428826
2018-08-23,0.00797564573935457
2018-08-24,0.00797330288462754
2018-08-25,0.00797103833237232
2018-08-26,0.00796887475307604
2018-08-27,0.00796675943643554
2018-08-28,0.00796469180207311
2018-08-29,0.00796265376952985
2018-08-30,0.00796062216328148
2018-08-31,0.00795859741685549
2018-09-01,0.00294421318986191
2018-09-02,0.00294346363861928
2018-09-03,0.00294271551296922
2018-09-04,0.00294196841268736
2018-09-05,0.0029412227949367
2018-09-06,0.00294047753771873
2018-09-07,0.00293973189634208
2018-09-08,0.00293898610683043
2018-09-09,0.00293824037189485
2018-09-10,0.00293749454458162
2018-09-11,0.00293675571977715
2018-09-12,0.0029360254761705
2018-09-13,0.00293529545606575
2018-09-14,0.00293456560370558
2018-09-15,0.00293383589570024
2018-09-16,0.00293310638308187
2018-09-17,0.00293237703277409
2018-09-18,0.00293164795983552
2018-09-19,0.00293091897360433
2018-09-20,0.00293019018724906
2018-09-21,0.00292946154075969
2018-09-22,0.00292873318841397
2018-09-23,0.00500112183540415
2018-09-24,0.00293124462818232
2018-09-25,0.00292664113061878
2018-09-26,0.0142082380535088
2018-09-27,0.00606512237728222
2018-09-28,0.00292436646986766
2018-09-29,0.0029236393531615
2018-09-30,0.00292291234655246
2018-10-01,0.00399558988933308
2018-10-02,0.00400566217844237
2018-10-03,0.0361484335531481
2018-10-04,0.00427075129424855
2018-10-05,0.00399161751098454
2018-10-06,0.0039906250652336
2018-10-07,0.00398963295835702
2018-10-08,0.00398864122492064
2018-10-09,0.00398764962070231
2018-10-10,0.00398665839186246
2018-10-11,0.00398566731679211
2018-10-12,0.00398467657187389
2018-10-13,0.0932967601037361
2018-10-14,0.126831219483822
2018-10-15,0.01829660145203
2018-10-16,0.0157794672677892
2018-10-17,0.00620849269916878
2018-10-18,0.00408680032436711
2018-10-19,0.00398538253956798
2018-10-20,0.00398674022566059
2018-10-21,0.00398799296827396
2018-10-22,0.00398912131427507
2018-10-23,0.0126532727173572
2018-10-24,0.0425671222160972
2018-10-25,0.0251432979198885
2018-10-26,0.0244665555102211
2018-10-27,0.00525149886369139
2018-10-28,0.00400398046869304
2018-10-29,0.00400882354192006
2018-10-30,0.00401330928262771
2018-10-31,0.00401725338903359
2018-11-01,0.00509357357119627
2018-11-02,0.00509725106050387
2018-11-03,0.00510045616101447
2018-11-04,0.00510335765185451
2018-11-05,0.011768856901792
2018-11-06,0.00510886813174953
2018-11-07,0.00527341962697716
2018-11-08,0.00511358747580804
2018-11-09,0.012681530311867
2018-11-10,0.0512103269226241
2018-11-11,0.244509853759521
2018-11-12,0.315528739633761
2018-11-13,0.133476171174308
2018-11-14,0.0131675168308725
2018-11-15,0.00930719404379557
2018-11-16,0.0431419631519423
2018-11-17,0.0378920389163942
2018-11-18,0.0263696861285557
2018-11-19,0.0289712176393039
2018-11-20,0.0186995984937768
2018-11-21,0.0115564512853864
2018-11-22,0.0175059977762911
2018-11-23,0.0287833061319967
2018-11-24,0.0452064038929483
2018-11-25,0.0484220474770584
2018-11-26,0.0441463999678814
2018-11-27,0.0609125001704322
2018-11-28,0.0429982746147468
2018-11-29,0.053878972533637
2018-11-30,0.0671571187133679
2018-12-01,0.0995820079757374
2018-12-02,0.145475221933692
2018-12-03,0.12990713577859
2018-12-04,0.0462223782647594
2018-12-05,0.0319237300131124
2018-12-06,0.0251684218741105
2018-12-07,0.0157278875145975
2018-12-08,0.0121693647630886
2018-12-09,0.0108396850515377
2018-12-10,0.0128198344229351
2018-12-11,0.00796069281277351
2018-12-12,0.0168344496306549
2018-12-13,0.00863311059078316
2018-12-14,0.0084983219920903
2018-12-15,0.00764592879892049
2018-12-16,0.021570977088283
2018-12-17,0.0194797446318245
2018-12-18,0.00712701898205899
2018-12-19,0.00969665564813628
2018-12-20,0.00654605215102033
2018-12-21,0.0065202287636758
2018-12-22,0.0183736228814145
2018-12-23,0.00718025347519552
2018-12-24,0.00719063247396756
2018-12-25,0.0131868407961024
2018-12-26,0.168031062561404
2018-12-27,0.626849124197868
2018-12-28,0.783768268327529
2018-12-29,1.32788563080508
2018-12-30,1.38624516982596
2018-12-31,0.727243123021284
2019-01-01,0.438657237742266
2019-01-02,0.0221438667448806
2019-01-03,0.0189264575143584
2019-01-04,0.019523056292743
2019-01-05,0.0182344918926831
2019-01-06,0.0187512470120204
2019-01-07,0.0191405499200899
2019-01-08,0.0356619760662144
2019-01-09,0.0236262704698364
2019-01-10,0.0283512026038034
2019-01-11,0.0700224615810121
2019-01-12,0.0203033013197943
2019-01-13,0.0205009108749738
2019-01-14,0.0261993449362661
2019-01-15,0.0642911612113002
2019-01-16,0.0342721998136346
2019-01-17,0.0217299738343863
2019-01-18,0.021960958366046
2019-01-19,0.0222687469912092
2019-01-20,0.0226189573246878
2019-01-21,0.0230286826958797
2019-01-22,0.0226611876551666
2019-01-23,0.0220542018916512
2019-01-24,0.021513138445128
2019-01-25,0.0209653801129163
2019-01-26,0.0205519873064671
2019-01-27,0.0202717624516417
2019-01-28,0.0200941898402076
2019-01-29,0.0199534785793095
2019-01-30,0.182043313218733
2019-01-31,0.631031922779019
2019-02-01,0.840624767715745
2019-02-02,0.637017981681454
2019-02-03,0.802559054773375
2019-02-04,0.667613786926637
2019-02-05,0.623390120085415
2019-02-06,0.614574681341991
2019-02-07,0.623864522989537
2019-02-08,0.641185088184544
2019-02-09,0.629289160823311
2019-02-10,0.597152167136841
2019-02-11,0.562922814356594
2019-02-12,0.521791039607477
2019-02-13,0.696452066769521
2019-02-14,0.508919473325885
2019-02-15,0.526334293719578
2019-02-16,0.505588613171672
2019-02-17,0.538256052482269
2019-02-18,0.485321487413689
2019-02-19,0.464875323609688
2019-02-20,0.428862113120756
2019-02-21,0.418611174644471
2019-02-22,0.389966388032368
2019-02-23,0.392380574080474
2019-02-24,0.349265473272656
2019-02-25,0.328535032402631
2019-02-26,0.311321449722041
2019-02-27,0.292865649125545
2019-02-28,0.277959082399718
2019-03-01,0.231690961257113
2019-03-02,0.219546480245697
2019-03-03,0.215979395823285
2019-03-04,0.242621869566056
2019-03-05,0.265687762468121
2019-03-06,0.263846470692611
2019-03-07,0.289300092135385
2019-03-08,0.236407885233682
2019-03-09,0.254878145930876
2019-03-10,0.258371676922814
2019-03-11,0.261769129168917
2019-03-12,0.268812070431396
2019-03-13,0.284439642419085
2019-03-14,0.342636957264189
2019-03-15,0.352493534721565
2019-03-16,0.337560187221981
2019-03-17,0.346194534039734
2019-03-18,0.343346669773435
2019-03-19,0.326348500478779
2019-03-20,0.317247209448249
2019-03-21,0.291060732157023
2019-03-22,0.28445551806872
2019-03-23,0.270375745344458
2019-03-24,0.242734332236533
2019-03-25,0.206145155437186
2019-03-26,0.187357093151956
2019-03-27,0.167587934225457
2019-03-28,0.150054849157714
2019-03-29,0.13928857416392
2019-03-30,0.120835850716568
2019-03-31,0.0973194820384931
2019-04-01,0.0813388028831177
2019-04-02,0.0701810004128198
2019-04-03,0.0614647638356183
2019-04-04,0.0530181733716969
2019-04-05,0.0447429031557814
2019-04-06,0.0377959649082049
2019-04-07,0.032333591079185
2019-04-08,0.0273856995113627
2019-04-09,0.023390375968715
2019-04-10,0.0210125456115049
2019-04-11,0.0195080080222424
2019-04-12,0.0175876433794613
2019-04-13,0.0154485905342471
2019-04-14,0.0135054195709096
2019-04-15,0.0119224893054647
2019-04-16,0.0106620448061528
2019-04-17,0.00957031348239988
2019-04-18,0.00870909307392643
2019-04-19,0.00821037811764556
2019-04-20,0.00782950817507098
2019-04-21,0.00756937309437515
2019-04-22,0.00729908806287591
2019-04-23,0.00701194771739239
2019-04-24,0.00676709921376374
2019-04-25,0.00656865951805967
2019-04-26,0.00640355859657844
2019-04-27,0.00626479982771828
2019-04-28,0.00672589427095313
2019-04-29,0.00804921154666222
2019-04-30,0.00860197798540291
2019-05-01,0.0193194811389824
2019-05-02,0.0676526017084449
2019-05-03,0.0785696192211804
2019-05-04,0.0894907638868945
2019-05-05,0.0598615971523315
2019-05-06,0.0269868232974356
2019-05-07,0.034867191446266
2019-05-08,0.136229284464651
2019-05-09,0.0722630121825061
2019-05-10,0.0528525669384235
2019-05-11,0.0779854446309771
2019-05-12,0.0741875145385121
2019-05-13,0.0453142601040309
2019-05-14,0.0324181510559636
2019-05-15,0.0438796760749943
2019-05-16,0.0300267235949662
2019-05-17,0.0437415236614489
2019-05-18,0.0237873273561388
2019-05-19,0.0339869435567384
2019-05-20,0.0174919625800411
2019-05-21,0.0147085309368001
2019-05-22,0.0173758846824538
2019-05-23,0.0110428835267346
2019-05-24,0.00986901251132488
2019-05-25,0.00882642311922015
2019-05-26,0.00783641894672109
2019-05-27,0.00699660446041414
2019-05-28,0.00638302133232471
2019-05-29,0.0126977580814236
2019-05-30,0.00573325595333427
2019-05-31,0.0055209654154419
2019-06-01,0.0077972742240696
2019-06-02,0.00758533604774295
2019-06-03,0.0074337531891831
2019-06-04,0.00730883866297171
2019-06-05,0.00717798380936409
2019-06-06,0.00704152243982022
2019-06-07,0.00690290221230854
2019-06-08,0.00676661539121908
2019-06-09,0.00663304811377892
2019-06-10,0.00650357586904104
2019-06-11,0.00637716845338456
2019-06-12,0.00625556496056261
2019-06-13,0.00613701007145738
2019-06-14,0.00601425313105503
2019-06-15,0.00588204947509463
2019-06-16,0.00575458494413716
2019-06-17,0.00562475645131286
2019-06-18,0.00549515364872523
2019-06-19,0.00535617285487761
2019-06-20,0.00522230177510736
2019-06-21,0.00509479574741271
2019-06-22,0.00496915256238547
2019-06-23,0.00484332016430841
2019-06-24,0.00471989778806289
2019-06-25,0.00459748308791089
2019-06-26,0.00447474869321612
2019-06-27,0.00435286835701266
2019-06-28,0.00422783231441427
2019-06-29,0.00410406251974591
2019-06-30,0.0039901041241027
2019-07-01,0.010217202633214
2019-07-02,0.00997135616837917
2019-07-03,0.00973975250474827
2019-07-04,0.00951386716402583
2019-07-05,0.0104381190994344
2019-07-06,0.00914937242142747
2019-07-07,0.00899289915165164
2019-07-08,0.00883621255827704
2019-07-09,0.00868470127207704
2019-07-10,0.00853749335462408
2019-07-11,0.00840291746302976
2019-07-12,0.00828517068567713
2019-07-13,0.00818172167504423
2019-07-14,0.0080866301415445
2019-07-15,0.00800225101125038
2019-07-16,0.00792914318755784
2019-07-17,0.00786368872096677
2019-07-18,0.0078070653517036
2019-07-19,0.00776131049932414
2019-07-20,0.00772191250571183
2019-07-21,0.00768600893928414
2019-07-22,0.00765269090689394
2019-07-23,0.0076214765592605
2019-07-24,0.0077084479149891
2019-07-25,0.0171227257373538
2019-07-26,0.00755721409445461
2019-07-27,0.00754122914166643
2019-07-28,0.00752809100043078
2019-07-29,0.00751795840220109
2019-07-30,0.00751056795409442
2019-07-31,0.0075045282595378
2019-08-01,0.00801495414334698
2019-08-02,0.00800988657151106
2019-08-03,0.00800582041307049
2019-08-04,0.00800264231431278
2019-08-05,0.00799976016479101
2019-08-06,0.00799710956300622
2019-08-07,0.00799453772403685
2019-08-08,0.00799200113806763
2019-08-09,0.00798949237511402
2019-08-10,0.00798706940654918
2019-08-11,0.00798482880429373
2019-08-12,0.00798273681577411
2019-08-13,0.00798068861672376
2019-08-14,0.00797864562128032
2019-08-15,0.00797660683596989
2019-08-16,0.00797457093530923
2019-08-17,0.00797253509658111
2019-08-18,0.00797049997678072
2019-08-19,0.00796846626801977
2019-08-20,0.00796644380734994
2019-08-21,0.00796444764692243
2019-08-22,0.00796246721734971
2019-08-23,0.00796048728642936
2019-08-24,0.00795850787714667
2019-08-25,0.00795652902525649
2019-08-26,0.00795455068861918
2019-08-27,0.00795257273826185
2019-08-28,0.00795059544745374
2019-08-29,0.00794861839415993
2019-08-30,0.00794664202148514
2019-08-31,0.00794466609063808
2019-09-01,0.00293907644696665
2019-09-02,0.00293834569563735
2019-09-03,0.00342469376975012
2019-09-04,0.00299400043852827
2019-09-05,0.0135847414913767
2019-09-06,0.00489300111407523
2019-09-07,0.00293469440861614
2019-09-08,0.00293396472447306
2019-09-09,0.0108709238391649
2019-09-10,0.00293250585138773
2019-09-11,0.00952279697133081
2019-09-12,0.00293976117225803
2019-09-13,0.00807442881253074
2019-09-14,0.00292959020769445
2019-09-15,0.0196383787069191
2019-09-16,0.00292813359939705
2019-09-17,0.00292740562577603
2019-09-18,0.0029266780067812
2019-09-19,0.00292595047543882
2019-09-20,0.00292522317704874
2019-09-21,0.00292449608538613
2019-09-22,0.00292376914091347
2019-09-23,0.00292304239206404
2019-09-24,0.0029223157566194
2019-09-25,0.00292158927757885
2019-09-26,0.00480911725551629
2019-09-27,0.015073958203355
2019-09-28,0.0029239906537575
2019-09-29,0.00291868536088464
2019-09-30,0.00295727505366876
2019-10-01,0.210499525746707
2019-10-02,0.125027656647968
2019-10-03,0.00399264537185256
2019-10-04,0.00400221368338749
2019-10-05,0.0040127510961384
2019-10-06,0.00402268853069469
2019-10-07,0.00403149130565541
2019-10-08,0.00403895490178031
2019-10-09,0.00404490653740022
2019-10-10,0.00404971971602879
2019-10-11,0.0040534864919667
2019-10-12,0.0040561547961501
2019-10-13,0.00405804478473914
2019-10-14,0.00405947909746509
2019-10-15,0.00406043916472339
2019-10-16,0.00406070134720039
2019-10-17,0.00406071204968629
2019-10-18,0.00406072717046077
2019-10-19,0.00406056499436396
2019-10-20,0.00406005007944985
2019-10-21,0.00405938485485653
2019-10-22,0.109173372097885
2019-10-23,0.144759013323496
2019-10-24,0.0229108564663353
2019-10-25,0.0062284720911558
2019-10-26,0.00415851915299627
2019-10-27,0.0153010382042312
2019-10-28,0.00465007010197927
2019-10-29,0.00424752668013865
2019-10-30,0.00426760582653064
2019-10-31,0.00428280758422423
2019-11-01,0.00764159919521448
2019-11-02,0.207495936916359
2019-11-03,0.405460864514902
2019-11-04,0.0427035518345455
2019-11-05,0.0183349764245938
2019-11-06,0.00686757096090501
2019-11-07,0.0074738577994606
2019-11-08,0.126828015781344
2019-11-09,0.00715622658393599
2019-11-10,0.009266887137388
2019-11-11,0.00852344129937573
2019-11-12,0.00679235958126934
2019-11-13,0.00682218488075689
2019-11-14,0.0130161956527111
2019-11-15,0.169519547764089
2019-11-16,0.705572495987576
2019-11-17,0.126139136255796
2019-11-18,0.0880827563652463
2019-11-19,0.017768766789379
2019-11-20,0.0720814289484824
2019-11-21,0.0899136906670587
2019-11-22,0.0358550689289174
2019-11-23,0.0211110260645089
2019-11-24,0.0282474244016908
2019-11-25,0.0209961071094974
2019-11-26,0.012636130381853
2019-11-27,0.0133017591403233
2019-11-28,0.0231328530599253
2019-11-29,0.0460107582138654
2019-11-30,0.0107294665585948
2019-12-01,0.0127713762482393
2019-12-02,0.117035294959921
2019-12-03,0.231276778416537
2019-12-04,0.0186082828676372
2019-12-05,0.0135973736503957
2019-12-06,0.0132414004663692
2019-12-07,0.0106227966180532
2019-12-08,0.0124670072514082
2019-12-09,0.0920002634579592
2019-12-10,0.245350132193383
2019-12-11,0.0312530388210682
2019-12-12,0.175566000290855
2019-12-13,0.168357014435867
2019-12-14,0.0307111644670988
2019-12-15,0.00918369022229197
2019-12-16,0.00929246541252054
2019-12-17,0.00936848084018293
2019-12-18,0.00942652131724267
2019-12-19,0.0094731967058745
2019-12-20,0.00951203162736156
2019-12-21,0.00954513290656783
2019-12-22,0.00957386057307376
2019-12-23,0.0102007825137828
2019-12-24,0.0109839798670509
2019-12-25,0.0112785701669421
2019-12-26,0.0120069226738729
2019-12-27,0.00967775244854521
2019-12-28,0.00969385715005516
2019-12-29,0.00970880668727927
2019-12-30,0.00972265865587779
2019-12-31,0.00973550744311193
2020-01-01,0.00834318735278027
2020-01-02,0.00835270802798183
2020-01-03,0.00836159695242835
2020-01-04,0.0402763817266724
2020-01-05,0.00838239465967539
2020-01-06,0.00839737836240407
2020-01-07,0.00841048118837875
2020-01-08,0.00842196075485639
2020-01-09,0.0199621704217954
2020-01-10,0.00844363564342214
2020-01-11,0.00845566082502589
2020-01-12,0.00846649431892325
2020-01-13,0.00847614457840232
2020-01-14,0.0100569375125806
2020-01-15,0.0241876567094206
2020-01-16,0.0582244970646819
2020-01-17,0.0439112300008332
2020-01-18,0.0397782541034044
2020-01-19,0.00861330980569871
2020-01-20,0.008648553296642
2020-01-21,0.0119017752740318
2020-01-22,0.0367353110026868
2020-01-23,0.0475455475051302
2020-01-24,0.0324399034760298
2020-01-25,0.0116766447965522
2020-01-26,0.0114675340797524
2020-01-27,0.0130305193816807
2020-01-28,0.0151001828951189
2020-01-29,0.0122944925667561
2020-01-30,0.0143450581169188
2020-01-31,0.0215335157036264
2020-02-01,0.0154018381877836
2020-02-02,0.0158053726486939
2020-02-03,0.0602218310661033
2020-02-04,0.0991444511682063
2020-02-05,0.081275051635399
2020-02-06,0.142833347088826
2020-02-07,0.224965584387695
2020-02-08,0.243802129926248
2020-02-09,0.283468416297977
2020-02-10,0.280928171506756
2020-02-11,0.361947199834157
2020-02-12,0.445377057878759
2020-02-13,0.476620933483309
2020-02-14,0.460355711659763
2020-02-15,0.368982135339637
2020-02-16,0.357124980552433
2020-02-17,0.364994104395869
2020-02-18,0.365930163542679
2020-02-19,0.360102098957685
2020-02-20,0.338283780933435
2020-02-21,0.321446569069122
2020-02-22,0.311109682501644
2020-02-23,0.301000711919339
2020-02-24,0.269672151039254
2020-02-25,0.253297646645846
2020-02-26,0.246111545343614
2020-02-27,0.236026744292347
2020-02-28,0.216222459732451
2020-02-29,0.202783445186243
2020-03-01,0.167057504317666
2020-03-02,0.157721311313287
2020-03-03,0.14894389654083
2020-03-04,0.14084153913432
2020-03-05,0.13315845602418
2020-03-06,0.127188320964724
2020-03-07,0.119387012548226
2020-03-08,0.11385865874652
2020-03-09,0.10889712120666
2020-03-10,0.105347974388486
2020-03-11,0.0988323195677881
2020-03-12,0.0939652212308633
2020-03-13,0.0912359672963289
2020-03-14,0.0853327380532123
2020-03-15,0.118490026629937
2020-03-16,0.0954322298171349
2020-03-17,0.0794243622126563
2020-03-18,0.0905820933703764
2020-03-19,0.112856383573623
2020-03-20,0.0774802670158427
2020-03-21,0.0695624797968823
2020-03-22,0.0654129691351534
2020-03-23,0.0595059631104158
2020-03-24,0.0546877257095467
2020-03-25,0.050730812322806
2020-03-26,0.0583709461147535
2020-03-27,0.0492718256722557
2020-03-28,0.0438593391975576
2020-03-29,0.0407812546444194
2020-03-30,0.0793885091524868
2020-03-31,0.114787828457238
2020-04-01,0.0644806612153083
2020-04-02,0.0689191353847953
2020-04-03,0.0842321410449763
2020-04-04,0.070426252397141
2020-04-05,0.0889644503236139
2020-04-06,0.0751483935523665
2020-04-07,0.0688612782588921
2020-04-08,0.0670491296968173
2020-04-09,0.0640335836434879
2020-04-10,0.0610074717794908
2020-04-11,0.0569366213201235
2020-04-12,0.0537920825838167
2020-04-13,0.0872248285597381
2020-04-14,0.0636313419445619
2020-04-15,0.048938245266715
2020-04-16,0.045098798708128
2020-04-17,0.0425458096816099
2020-04-18,0.0393168959566774
2020-04-19,0.03557892809386
2020-04-20,0.0323953970555992
2020-04-21,0.02890694368826
2020-04-22,0.0263990340432918
2020-04-23,0.0241338223587153
2020-04-24,0.0218703390425788
2020-04-25,0.0204291096255838
2020-04-26,0.0196781799391963
2020-04-27,0.0182342914120549
2020-04-28,0.0144575143092775
2020-04-29,0.0138789838027085
2020-04-30,0.0134645734906856
2020-05-01,0.0117510597164191
2020-05-02,0.0108037064079818
2020-05-03,0.00998050733866227
2020-05-04,0.00929000480659701
2020-05-05,0.00871977013962716
2020-05-06,0.00826389367478505
2020-05-07,0.00975130260282311
2020-05-08,0.00759924587677527
2020-05-09,0.00726032388085772
2020-05-10,0.00689171019543581
2020-05-11,0.0065305091228368
2020-05-12,0.00619421858839225
2020-05-13,0.00591925176515811
2020-05-14,0.0056951591111744
2020-05-15,0.00548470770599381
2020-05-16,0.00529112552203964
2020-05-17,0.00511949674907189
2020-05-18,0.00497194828615008
2020-05-19,0.0203437718075705
2020-05-20,0.00480477217798023
2020-05-21,0.00474417680886356
2020-05-22,0.00464674316080368
2020-05-23,0.00456941847730388
2020-05-24,0.00504353297051395
2020-05-25,0.00677406311890661
2020-05-26,0.00502758729991699
2020-05-27,0.00440008568224848
2020-05-28,0.00431450543841868
2020-05-29,0.00422473575225344
2020-05-30,0.00413668740808587
2020-05-31,0.00658197565024766
2020-06-01,0.00627731852455182
2020-06-02,0.0125277064934276
2020-06-03,0.00877194826263104
2020-06-04,0.00551127021405435
2020-06-05,0.00538552324150647
2020-06-06,0.00525616819217903
2020-06-07,0.00512382431877967
2020-06-08,0.00499653484032237
2020-06-09,0.00487902255736336
2020-06-10,0.00476153936679816
2020-06-11,0.00463957464224535
2020-06-12,0.00451587745834505
2020-06-13,0.0158333601575229
2020-06-14,0.0042993297899481
2020-06-15,0.00419283638579976
2020-06-16,0.00408223920473245
2020-06-17,0.00398078204669745
2020-06-18,0.00388859552817564
2020-06-19,0.00380033607785732
2020-06-20,0.00371412727701859
2020-06-21,0.00363427799466027
2020-06-22,0.00356066844901271
2020-06-23,0.00348759836617512
2020-06-24,0.00341484656368882
2020-06-25,0.0033441904945979
2020-06-26,0.00327633147607662
2020-06-27,0.00321681692935512
2020-06-28,0.00316748746000191
2020-06-29,0.00312559763873209
2020-06-30,0.00308752852882985
2020-07-01,0.00802347825806451
2020-07-02,0.00793939148165978
2020-07-03,0.00786635600701665
2020-07-04,0.00780429996957129
2020-07-05,0.00775116999997706
2020-07-06,0.0101868689602805
2020-07-07,0.00766894920393465
2020-07-08,0.00763776658741812
2020-07-09,0.00761392324574208
2020-07-10,0.00759528329109252
2020-07-11,0.007579605759038
2020-07-12,0.00756478089232371
2020-07-13,0.00755152083994094
2020-07-14,0.00754025678270118
2020-07-15,0.0075305534386912
2020-07-16,0.00752163479523803
2020-07-17,0.00751417513499167
2020-07-18,0.00750817709125967
2020-07-19,0.00750317542706079
2020-07-20,0.00749894693552942
2020-07-21,0.0074950302167384
2020-07-22,0.00749146737612831
2020-07-23,0.00748820506891006
2020-07-24,0.00748518905181581
2020-07-25,0.0074824628532758
2020-07-26,0.00747994084061401
2020-07-27,0.00747755648637401
2020-07-28,0.00747530214571992
2020-07-29,0.0074731182173677
2020-07-30,0.00747100188461022
2020-07-31,0.00746895960227685
2020-08-01,0.00798049343741032
2020-08-02,0.00797830791421648
2020-08-03,0.00797612484086796
2020-08-04,0.00797403247500703
2020-08-05,0.00797203328116401
2020-08-06,0.00797005117302901
2020-08-07,0.00796806930879316
2020-08-08,0.0079660881155991
2020-08-09,0.00796410744468116
2020-08-10,0.00796212715493545
2020-08-11,0.00796014738044253
2020-08-12,0.00797760773347387
2020-08-13,0.00795618919141785
2020-08-14,0.00795421088606601
2020-08-15,0.00795223313108338
2020-08-16,0.00795025572215658
2020-08-17,0.00794827896703263
2020-08-18,0.00794630252029425
2020-08-19,0.00794432668394214
2020-08-20,0.0079423512913332
2020-08-21,0.00794037648995613
2020-08-22,0.00793840229385752
2020-08-23,0.00793642819608475
2020-08-24,0.0154316658736061
2020-08-25,0.00793248191853124
2020-08-26,0.00793050952358295
2020-08-27,0.00792853755386192
2020-08-28,0.126225871545562
2020-08-29,0.00792459533895264
2020-08-30,0.00792262519719807
2020-08-31,0.00792065560964359
2020-09-01,0.00293019415594377
2020-09-02,0.0029294657289399
2020-09-03,0.00292873749874056
2020-09-04,0.00292800944549994
2020-09-05,0.00292728149455987
2020-09-06,0.0029265537867313
2020-09-07,0.00568314550460468
2020-09-08,0.00292509879705085
2020-09-09,0.00292437155867082
2020-09-10,0.00292364452938083
2020-09-11,0.00292291765625867
2020-09-12,0.00292219100592966
2020-09-13,0.00292146441939082
2020-09-14,0.00292073805233749
2020-09-15,0.0123190339482278
2020-09-16,0.00291928587722188
2020-09-17,0.0116504512070461
2020-09-18,0.00584614489952838
2020-09-19,0.00291710890003887
2020-09-20,0.0122192644116876
2020-09-21,0.00291565859397574
2020-09-22,0.0125349292043725
2020-09-23,0.00291420940258709
2020-09-24,0.00291348525992122
2020-09-25,0.00291276137099855
2020-09-26,0.0502574158752929
2020-09-27,0.0183609171015826
2020-09-28,0.00291061146944254
2020-09-29,0.00290991707899269
2020-09-30,0.00290922703076455
2020-10-01,0.00397692845179226
2020-10-02,0.003975983430685
2020-10-03,0.00397503489969215
2020-10-04,0.00397408207898269
2020-10-05,0.00397312519113477
2020-10-06,0.00397216429720392
2020-10-07,0.00397119982134841
2020-10-08,0.00397023194221221
2020-10-09,0.00396926134012842
2020-10-10,0.0039682885271236
2020-10-11,0.00396731387146922
2020-10-12,0.00396633802539347
2020-10-13,0.00396536110971521
2020-10-14,0.0141791254599792
2020-10-15,0.0150783699061145
2020-10-16,0.0931411643255628
2020-10-17,0.0733263182196409
2020-10-18,0.178361999139923
2020-10-19,0.179376373418105
2020-10-20,0.130579843449977
2020-10-21,0.965965117196497
2020-10-22,0.357798140180684
2020-10-23,0.0574880945080106
2020-10-24,0.0576543702067505
2020-10-25,0.018114360130458
2020-10-26,0.0141393480716734
2020-10-27,0.344337179456198
2020-10-28,0.219087383253622
2020-10-29,0.132751830847397
2020-10-30,0.149335550680868
2020-10-31,0.037054506291257
2020-11-01,0.0144702721991652
2020-11-02,0.0156235234473407
2020-11-03,0.435921995671911
2020-11-04,0.49100912146317
2020-11-05,0.367296832569817
2020-11-06,0.187417856339486
2020-11-07,0.412930888902134
2020-11-08,0.0316638009203238
2020-11-09,0.0800922852291719
2020-11-10,0.0433916686328112
2020-11-11,0.0480154833062985
2020-11-12,0.0390576914986937
2020-11-13,0.0355618486181181
2020-11-14,0.0204871682380548
2020-11-15,0.0189101654465602
2020-11-16,0.0233519981482761
2020-11-17,0.0227458459368669
2020-11-18,0.0190292555955048
2020-11-19,0.0209447606539003
2020-11-20,0.0195793072148008
2020-11-21,0.0417350086743688
2020-11-22,0.0553469093622491
2020-11-23,0.0283845121448518
2020-11-24,0.0163057402485664
2020-11-25,0.0178242304104358
2020-11-26,0.0720313774262906
2020-11-27,0.0412252230867374
2020-11-28,0.257437609361129
2020-11-29,1.36214241458199
2020-11-30,8.15221776011206
2020-12-01,0.184717325278958
2020-12-02,0.254549050972426
2020-12-03,0.286184641998053
2020-12-04,0.409111326017419
2020-12-05,0.461077523297423
2020-12-06,0.393903534353581
2020-12-07,0.431069654803777
2020-12-08,0.525453592779805
2020-12-09,0.49685957802958
2020-12-10,0.476064991664098
2020-12-11,0.488224359873685
2020-12-12,0.772289643088129
2020-12-13,0.576334800670239
2020-12-14,0.563967283759917
2020-12-15,0.570345513398936
2020-12-16,0.824832697927122
2020-12-17,1.10015884010861
2020-12-18,1.10135282040654
2020-12-19,0.896582990873805
2020-12-20,0.900748753377192
2020-12-21,0.849032407479416
2020-12-22,0.806159610896181
2020-12-23,0.756982797373889
2020-12-24,0.698248426293508
2020-12-25,0.641545015952308
2020-12-26,0.586179809027581
2020-12-27,0.535540334261007
2020-12-28,0.494115182512868
2020-12-29,0.464661347091191
2020-12-30,0.439631261751949
2020-12-31,0.414754540532363
2021-01-01,0.324595973133568
2021-01-02,0.327693308945092
2021-01-03,0.34037165387883
2021-01-04,0.313224400040906
2021-01-05,0.301646004016924
2021-01-06,0.28196203037772
2021-01-07,0.269079575045111
2021-01-08,0.256012653833774
2021-01-09,0.242950072105291
2021-01-10,0.230435671911404
2021-01-11,0.218655741086234
2021-01-12,0.207655168571963
2021-01-13,0.207809418430428
2021-01-14,0.205510564947503
2021-01-15,0.185831973281339
2021-01-16,0.178873665273386
2021-01-17,0.172803585678462
2021-01-18,0.166219270985819
2021-01-19,0.159592105517294
2021-01-20,0.153134167585958
2021-01-21,0.146939808745757
2021-01-22,0.141103121972625
2021-01-23,0.141641296353003
2021-01-24,0.13036224437653
2021-01-25,0.128632110791297
2021-01-26,0.184082937678441
2021-01-27,0.127108462381659
2021-01-28,0.129354778788106
2021-01-29,0.130274946260566
2021-01-30,0.170025753550545
2021-01-31,0.187889862650555
2021-02-01,0.154938770707975
2021-02-02,0.535076606890725
2021-02-03,0.849295581593899
2021-02-04,1.07821247105245
2021-02-05,1.12756446583169
2021-02-06,1.72767316205057
2021-02-07,3.82914785572538
2021-02-08,1.99093322154195
2021-02-09,0.767510957727859
2021-02-10,0.767192080695831
2021-02-11,0.764210475786097
2021-02-12,0.764874858765876
2021-02-13,0.769482751489715
2021-02-14,0.751671254966361
2021-02-15,0.719984909494324
2021-02-16,0.680661086214257
2021-02-17,0.655107442048212
2021-02-18,0.999833882912718
2021-02-19,0.731795891975551
2021-02-20,0.590395400762451
2021-02-21,0.564030024826567
2021-02-22,0.533133337774813
2021-02-23,0.503028688540974
2021-02-24,0.470225795345112
2021-02-25,0.43901622929778
2021-02-26,0.40722620890594
2021-02-27,0.380795920889425
2021-02-28,0.383933590672341
2021-03-01,0.39739173896606
2021-03-02,0.462879208451859
2021-03-03,0.408509025756703
2021-03-04,0.716754597732297
2021-03-05,0.484581293055102
2021-03-06,0.476572183001176
2021-03-07,0.461352236782977
2021-03-08,0.440091979327944
2021-03-09,0.413375184684913
2021-03-10,0.390358250310578
2021-03-11,0.369099392986034
2021-03-12,0.33945092633222
2021-03-13,0.316555804369261
2021-03-14,0.298841450251558
2021-03-15,0.28148495407994
2021-03-16,0.269577108158567
2021-03-17,0.253557196242001
2021-03-18,0.256038521837016
2021-03-19,0.235857843345908
2021-03-20,0.220818190515988
2021-03-21,0.208926693907011
2021-03-22,0.197551105476348
2021-03-23,0.188801989012333
2021-03-24,0.178458314079809
2021-03-25,0.165733174629213
2021-03-26,0.157064020244118
2021-03-27,0.149044414704485
2021-03-28,0.1462564315897
2021-03-29,0.147088656343934
2021-03-30,0.14053274777721
2021-03-31,0.127965239538872
2021-04-01,0.125245575861225
2021-04-02,0.125939368848879
2021-04-03,0.12716173958439
2021-04-04,0.12912798817578
2021-04-05,0.175694813542252
2021-04-06,0.135817447748802
2021-04-07,0.131143267370767
2021-04-08,0.127556066232149
2021-04-09,0.124394302892025
2021-04-10,0.11968616873866
2021-04-11,0.111649025204551
2021-04-12,0.113293025935394
2021-04-13,0.134627930256936
2021-04-14,0.295484813887334
2021-04-15,0.390304114016315
2021-04-16,0.340898478791093
2021-04-17,0.224481958556986
2021-04-18,0.22906682237252
2021-04-19,0.303353235704202
2021-04-20,0.566153601090478
2021-04-21,0.64253296134429
2021-04-22,0.421878582476778
2021-04-23,0.372466693053814
2021-04-24,0.547741382199721
2021-04-25,0.806539087146018
2021-04-26,0.890417637570957
2021-04-27,1.04655795425011
2021-04-28,1.41444125132513
2021-04-29,1.52073782474155
2021-04-30,1.62082434330305
2021-05-01,1.52823478964874
2021-05-02,1.76358817872005
2021-05-03,1.76246781104094
2021-05-04,1.84163605921751
2021-05-05,2.11834978766823
2021-05-06,2.09688994172271
2021-05-07,2.06809064903675
2021-05-08,1.72626693939886
2021-05-09,1.61457391477794
2021-05-10,1.69648262650252
2021-05-11,1.88172759953691
2021-05-12,2.39996673154702
2021-05-13,1.93553902489688
2021-05-14,1.13172751827886
2021-05-15,1.2235583584978
2021-05-16,1.28024818894658
2021-05-17,1.47004738509078
2021-05-18,1.6468035353282
2021-05-19,1.69709845506516
2021-05-20,1.936413522695
2021-05-21,1.38785970707798
2021-05-22,1.65421207113561
2021-05-23,1.87155087061915
2021-05-24,1.63834845821397
2021-05-25,1.66325379290401
2021-05-26,1.81434155473822
2021-05-27,1.63124371123938
2021-05-28,1.71106593268311
2021-05-29,1.68959355692949
2021-05-30,1.62732064793025
2021-05-31,1.59123990919072
2021-06-01,2.21935837034377
2021-06-02,2.03471727313908
2021-06-03,2.04889388084713
2021-06-04,1.6738207541456
2021-06-05,1.08347942484759
2021-06-06,0.848863167894047
2021-06-07,0.846969288692431
2021-06-08,0.852193868823437
2021-06-09,0.840969752680253
2021-06-10,0.772425168853622
2021-06-11,0.68607597188828
2021-06-12,0.556857151684373
2021-06-13,0.519069054431961
2021-06-14,0.511575432476424
2021-06-15,0.409703897866846
2021-06-16,0.35674379718094
2021-06-17,0.266564702903634
2021-06-18,0.251815617669535
2021-06-19,0.241158490582251
2021-06-20,0.222326824856721
2021-06-21,0.197210116834463
2021-06-22,0.171562328794939
2021-06-23,0.154416710184593
2021-06-24,0.143052425622588
2021-06-25,0.130535484112079
2021-06-26,0.112886891364854
2021-06-27,0.0997465102381538
2021-06-28,0.0911757585082038
2021-06-29,0.0854163941553994
2021-06-30,0.0819887394613674
2021-07-01,0.205467806967763
2021-07-02,0.135976752238772
2021-07-03,0.0829485431560463
2021-07-04,0.0781787511775168
2021-07-05,0.0739999236734688
2021-07-06,0.0697615415154687
2021-07-07,0.0623824305289874
2021-07-08,0.0541327485317763
2021-07-09,0.0468591230793946
2021-07-10,0.0410576668836
2021-07-11,0.0366312264713486
2021-07-12,0.0332442915589072
2021-07-13,0.0304947207597063
2021-07-14,0.0281791736915906
2021-07-15,0.0260491721682625
2021-07-16,0.0241208655456109
2021-07-17,0.0224968623270672
2021-07-18,0.0337883999291667
2021-07-19,0.0201384724779135
2021-07-20,0.0191299890578458
2021-07-21,0.0180754159180493
2021-07-22,0.017139272101393
2021-07-23,0.016284820539873
2021-07-24,0.0155399039396684
2021-07-25,0.0149064635598054
2021-07-26,0.0150765688587578
2021-07-27,0.0140256729393873
2021-07-28,0.0136823470227672
2021-07-29,0.0133441463673357
2021-07-30,0.0130284990291919
2021-07-31,0.0127328746029022
2021-08-01,0.0132963027774871
2021-08-02,0.0129751727808846
2021-08-03,0.0126457549095633
2021-08-04,0.0123088751834425
2021-08-05,0.0119733543846881
2021-08-06,0.0116456767840313
2021-08-07,0.0113415388752185
2021-08-08,0.0110639489004245
2021-08-09,0.010803989963991
2021-08-10,0.0105661600388128
2021-08-11,0.0103511468425151
2021-08-12,0.0101523102413359
2021-08-13,0.00997040842953071
2021-08-14,0.00980500232675016
2021-08-15,0.00964736292457656
2021-08-16,0.00950358310205463
2021-08-17,0.00937425812116576
2021-08-18,0.00924840554035519
2021-08-19,0.0091216866592387
2021-08-20,0.00900313998144834
2021-08-21,0.00902736113318133
2021-08-22,0.00879940157236358
2021-08-23,0.0087081637785243
2021-08-24,0.00863907258540853
2021-08-25,0.0250990390731018
2021-08-26,0.00852383687584883
2021-08-27,0.00847401445899404
2021-08-28,0.00842423514715867
2021-08-29,0.00838394829012768
2021-08-30,0.00834439831874146
2021-08-31,0.014596937180064
2021-09-01,0.00319072594804483
2021-09-02,0.00305680472256529
2021-09-03,0.0030485333593833
2021-09-04,0.00303937586756814
2021-09-05,0.00303036812936116
2021-09-06,0.00302189642458961
2021-09-07,0.00301407547636203
2021-09-08,0.00300715309916184
2021-09-09,0.00300183812719117
2021-09-10,0.00299796164852219
2021-09-11,0.00474580254555149
2021-09-12,0.0029912374107325
2021-09-13,0.00301239935894127
2021-09-14,0.00298316072008246
2021-09-15,0.00297888685878592
2021-09-16,0.00297523087255422
2021-09-17,0.00297234327669765
2021-09-18,0.00296986140958775
2021-09-19,0.00296766968316832
2021-09-20,0.00296566361076587
2021-09-21,0.0227618648728553
2021-09-22,0.0111700898318815
2021-09-23,0.035025442555927
2021-09-24,0.00296097067298029
2021-09-25,0.00295973027632607
2021-09-26,0.00295841788228598
2021-09-27,0.00295706409124924
2021-09-28,0.00295577261826434
2021-09-29,0.0029545872987669
2021-09-30,0.00295342016207178
2021-10-01,0.00403663423003947
2021-10-02,0.00403494297947459
2021-10-03,0.00403343819477159
2021-10-04,0.00403212972105453
2021-10-05,0.00403082412566977
2021-10-06,0.00402949853055961
2021-10-07,0.00402821359940415
2021-10-08,0.0169615440669879
2021-10-09,0.00402591971941306
2021-10-10,0.00555015405266038
2021-10-11,0.196174094270207
2021-10-12,0.0852565125516347
2021-10-13,0.0143103194058325
2021-10-14,0.00417728912660148
2021-10-15,0.00403525979664003
2021-10-16,0.0040410322426671
2021-10-17,0.00404633381904841
2021-10-18,0.0040511420941746
2021-10-19,0.143366657588308
2021-10-20,0.0650073332429107
2021-10-21,0.0127776385395434
2021-10-22,0.0160230918296369
2021-10-23,0.00451950569295219
2021-10-24,0.00423346742913044
2021-10-25,0.00425865095932757
2021-10-26,0.00744910511661813
2021-10-27,0.0134678733806709
2021-10-28,0.0269663587442271
2021-10-29,0.0118326149144611
2021-10-30,0.00504954567028434
2021-10-31,0.00437009408023822
2021-11-01,0.005549207699817
2021-11-02,0.00555853084292513
2021-11-03,0.0055668394238096
2021-11-04,0.00557042373530208
2021-11-05,0.0166280738614827
2021-11-06,0.0213682847159752
2021-11-07,0.00559240852183212
2021-11-08,0.00559352306566561
2021-11-09,0.00559423712566011
2021-11-10,0.00559269277393935
2021-11-11,0.0055902040718824
2021-11-12,0.00558756635096506
2021-11-13,0.00558033100004482
2021-11-14,0.00557196544039784
2021-11-15,0.00556318732728698
2021-11-16,0.00555422867440914
2021-11-17,0.00607794465663819
2021-11-18,0.0171628534543935
2021-11-19,0.131533925422447
2021-11-20,0.447391124471937
2021-11-21,0.915861091401104
2021-11-22,0.587149153832387
2021-11-23,0.08694474230066
2021-11-24,0.0162032666892582
2021-11-25,0.0117857141374525
2021-11-26,0.0201442838649053
2021-11-27,0.0312314569164311
2021-11-28,0.0833380527758256
2021-11-29,0.104795351485245
2021-11-30,0.0890646079541449
2021-12-01,0.0307516699972458
2021-12-02,0.0288782323150351
2021-12-03,0.0470853078134493
2021-12-04,0.0578353220357872
2021-12-05,0.0576871947411256
2021-12-06,0.0609598065458981
2021-12-07,0.0508945975537993
2021-12-08,0.262397277094323
2021-12-09,0.237393869915364
2021-12-10,0.031123398750009
2021-12-11,0.029156730425122
2021-12-12,0.0171704296933055
2021-12-13,0.0164806588121398
2021-12-14,0.0183554804699632
2021-12-15,0.0233101200868948
2021-12-16,0.0303933000232089
2021-12-17,0.0296877295307961
2021-12-18,0.0117980871438798
2021-12-19,0.0139486537655383
2021-12-20,0.0190152425493498
2021-12-21,0.0271519644455346
2021-12-22,0.0172111846075517
2021-12-23,0.018419535306895
2021-12-24,0.0192520059584288
2021-12-25,0.0803597347011001
2021-12-26,0.0156791268976774
2021-12-27,0.0109320952575797
2021-12-28,0.00922629288220137
2021-12-29,0.0105685843537483
2021-12-30,0.0101777962239478
2021-12-31,0.00929662613675418
2022-01-01,0.00797168605910979
2022-01-02,0.00798891875256196
2022-01-03,0.0080176670032778
2022-01-04,0.00801511849291371
2022-01-05,0.00802706290188368
2022-01-06,0.00812010307266957
2022-01-07,0.00849473766518198
2022-01-08,0.0107936060587997
2022-01-09,0.0102795262558599
2022-01-10,0.0100351731710463
2022-01-11,0.0157838796037917
2022-01-12,0.0149826121728616
2022-01-13,0.135976429858434
2022-01-14,0.164845246754638
2022-01-15,0.258580195882567
2022-01-16,0.966745736896533
2022-01-17,0.650208125618657
2022-01-18,0.222412828280755
2022-01-19,0.0878289190721551
2022-01-20,0.0287027932022119
2022-01-21,0.0273178574816252
2022-01-22,0.0489600936290622
2022-01-23,0.0545510901890511
2022-01-24,0.107447089441674
2022-01-25,0.0835129492396224
2022-01-26,0.163090997904451
2022-01-27,0.113241634795964
2022-01-28,0.11395792767357
2022-01-29,0.100917959480821
2022-01-30,0.104517876484303
2022-01-31,0.11488376536412
2022-02-01,0.0752600463515555
2022-02-02,0.0748543809434745
2022-02-03,0.0752264436883923
2022-02-04,0.0753724638672439
2022-02-05,0.0774694380353788
2022-02-06,0.0859933011156149
2022-02-07,0.0969077210657268
2022-02-08,0.0935310129832406
2022-02-09,0.088438701198187
2022-02-10,0.0865658843448195
2022-02-11,0.0808537147472687
2022-02-12,0.0748083392597554
2022-02-13,0.0760071878188864
2022-02-14,0.0777991812938189
2022-02-15,0.157980888485151
2022-02-16,0.172457628700725
2022-02-17,0.146390921528236
2022-02-18,0.153492109582547
2022-02-19,0.166763187275752
2022-02-20,0.134753725469036
2022-02-21,0.139515226298004
2022-02-22,0.178850693205726
2022-02-23,0.187195310919254
2022-02-24,0.176393969996313
2022-02-25,0.229872089811139
2022-02-26,0.53386789190917
2022-02-27,0.431450295888616
2022-02-28,0.364597280580045
2022-03-01,0.357354532811183
2022-03-02,0.344606170827114
2022-03-03,0.328060756586458
2022-03-04,0.313799571275641
2022-03-05,0.32265642828426
2022-03-06,0.431559796244657
2022-03-07,0.46514685944013
2022-03-08,0.397321286544234
2022-03-09,0.379948120538454
2022-03-10,0.370596072914579
2022-03-11,0.368939030946865
2022-03-12,0.398361908488807
2022-03-13,0.445207601485606
2022-03-14,0.425392816000669
2022-03-15,0.407188191717736
2022-03-16,0.384307256550369
2022-03-17,0.371695840340472
2022-03-18,0.351308533171976
2022-03-19,0.330686599550235
2022-03-20,0.308253719249733
2022-03-21,0.286323123310417
2022-03-22,0.294751561634808
2022-03-23,0.328774404188648
2022-03-24,0.382145069754428
2022-03-25,0.455891146176238
2022-03-26,0.484296855186379
2022-03-27,0.627623578486415
2022-03-28,0.733840060196081
2022-03-29,0.828686658727211
2022-03-30,0.805529749148084
2022-03-31,0.694717434828855
2022-04-01,0.576550319630959
2022-04-02,0.606503305891538
2022-04-03,0.566417567092446
2022-04-04,0.544649508568473
2022-04-05,0.521184293488528
2022-04-06,0.49603784357476
2022-04-07,0.45797429150016
2022-04-08,0.419542350056838
2022-04-09,0.385790407615122
2022-04-10,0.398158076891013
2022-04-11,0.382057674452067
2022-04-12,0.397405852357884
2022-04-13,0.496385781468745
2022-04-14,0.442437025895599
2022-04-15,0.405167289367827
2022-04-16,0.447134428194646
2022-04-17,0.570747330999038
2022-04-18,0.530759821229774
2022-04-19,0.453297135680843
2022-04-20,0.461646102901376
2022-04-21,0.524602399191375
2022-04-22,0.600542289232273
2022-04-23,0.706952030080995
2022-04-24,0.836755006400612
2022-04-25,0.912860840317677
2022-04-26,1.11265831933844
2022-04-27,1.25066502088123
2022-04-28,0.982447028057281
2022-04-29,0.762189320839266
2022-04-30,0.685162690535682
2022-05-01,0.643804303716468
2022-05-02,0.682636693781945
2022-05-03,0.719623773149884
2022-05-04,0.651223180885224
2022-05-05,0.565206450164036
2022-05-06,0.524775376826672
2022-05-07,0.529195396320254
2022-05-08,0.53053730152697
2022-05-09,0.518670351830756
2022-05-10,0.494133044741391
2022-05-11,0.47495172827497
2022-05-12,0.443492435082372
2022-05-13,0.416413799354447
2022-05-14,0.429334898876579
2022-05-15,0.412271636864508
2022-05-16,0.338398609623955
2022-05-17,0.329315315570573
2022-05-18,0.327850301786143
2022-05-19,0.335366122070696
2022-05-20,0.42372148351448
2022-05-21,0.441394810923889
2022-05-22,0.353321655620975
2022-05-23,0.328294304028607
2022-05-24,0.30657690582849
2022-05-25,0.273979986261662
2022-05-26,0.247324323007733
2022-05-27,0.152810642719624
2022-05-28,0.140738048808307
2022-05-29,0.123217165896744
2022-05-30,0.115718125724738
2022-05-31,0.103194786642539
2022-06-01,0.130344747323298
2022-06-02,0.119377092570213
2022-06-03,0.106099011179042
2022-06-04,0.0814882640906436
2022-06-05,0.073812195768195
2022-06-06,0.0672876400094934
2022-06-07,0.0425880845576764
2022-06-08,0.0371306130723807
2022-06-09,0.0344780472685141
2022-06-10,0.0325464290567424
2022-06-11,0.0310612877866437
2022-06-12,0.0298958665488699
2022-06-13,0.0264870511808009
2022-06-14,0.0236873110048148
2022-06-15,0.0210688300611785
2022-06-16,0.018791156591711
2022-06-17,0.0165652528309486
2022-06-18,0.0145282493407599
2022-06-19,0.0129819600920847
2022-06-20,0.0117838338204726
2022-06-21,0.0107740765343007
2022-06-22,0.00993127160439654
2022-06-23,0.00922866998064249
2022-06-24,0.00864003709410526
2022-06-25,0.0081168988635765
2022-06-26,0.00766022466994403
2022-06-27,0.00726377225649552
2022-06-28,0.00694842375710322
2022-06-29,0.00667965723569122
2022-06-30,0.00644031015017699
2022-07-01,0.0232569440474289
2022-07-02,0.0161443705205442
2022-07-03,0.0158400109650959
2022-07-04,0.0156116911148246
2022-07-05,0.0152041120162857
2022-07-06,0.0148809672298128
2022-07-07,0.0145476945991623
2022-07-08,0.0142238583651515
2022-07-09,0.0138965514855669
2022-07-10,0.0135561207567722
2022-07-11,0.0132321070648354
2022-07-12,0.0129054278360148
2022-07-13,0.0125526875784978
2022-07-14,0.0122164768098677
2022-07-15,0.0118925642792358
2022-07-16,0.0115709405301488
2022-07-17,0.0113012037440694
2022-07-18,0.0579328432633984
2022-07-19,0.174607661918649
2022-07-20,0.0109879022838862
2022-07-21,0.0107582726976533
2022-07-22,0.0105298658203912
2022-07-23,0.0103096013140433
2022-07-24,0.0100883084467379
2022-07-25,0.00986384105610195
2022-07-26,0.00964618841985402
2022-07-27,0.00943758946113445
2022-07-28,0.00924222886465928
2022-07-29,0.00906464428946997
2022-07-30,0.00889744786939178
2022-07-31,0.00873514783617091
2022-08-01,0.00917730272284148
2022-08-02,0.00903594418585278
2022-08-03,0.00890954646816122
2022-08-04,0.00879647501404745
2022-08-05,0.0086971276414929
2022-08-06,0.00861291153030408
2022-08-07,0.00853422484713668
2022-08-08,0.00846197290721712
2022-08-09,0.010110222430007
2022-08-10,0.00835823966980712
2022-08-11,0.00831658861093171
2022-08-12,0.00827876815247098
2022-08-13,0.00824350207631503
2022-08-14,0.00821320595871454
2022-08-15,0.00818745780119729
2022-08-16,0.00816405033076962
2022-08-17,0.00814259107160702
2022-08-18,0.00812314365073294
2022-08-19,0.00810637640345426
2022-08-20,0.00809196297359348
2022-08-21,0.00807885107052637
2022-08-22,0.00806787624347682
2022-08-23,0.00805885178511412
2022-08-24,0.00805024870526016
2022-08-25,0.00804203633391978
2022-08-26,0.00803457736121619
2022-08-27,0.00802775625047602
2022-08-28,0.00802127314560805
2022-08-29,0.00801496392868186
2022-08-30,0.00800892563004624
2022-08-31,0.00800321722284849
2022-09-01,0.00295957727343475
2022-09-02,0.00295809261848195
2022-09-03,0.00295688751363091
2022-09-04,0.00295574036405539
2022-09-05,0.00295464914406256
2022-09-06,0.00295360934297736
2022-09-07,0.00295260919103765
2022-09-08,0.00295165217284152
2022-09-09,0.00295073765946494
2022-09-10,0.00294985769060131
2022-09-11,0.00294900138671596
2022-09-12,0.00294816036341568
2022-09-13,0.00294733476174764
2022-09-14,0.0260702670042504
2022-09-15,0.00294766798066058
2022-09-16,0.00294498817614242
2022-09-17,0.00294418888296532
2022-09-18,0.00294340544921015
2022-09-19,0.00294262715883417
2022-09-20,0.0029418513333583
2022-09-21,0.00294107730534817
2022-09-22,0.00294030423442711
2022-09-23,0.00293955011084558
2022-09-24,0.00293881717198537
2022-09-25,0.00293808644806222
2022-09-26,0.0029373558373076
2022-09-27,0.00306956766767933
2022-09-28,0.00293589531560032
2022-09-29,0.00293516529171542
2022-09-30,0.00293443545116823
2022-10-01,0.00401134185850029
2022-10-02,0.00401034441201037
2022-10-03,0.0040093472821047
2022-10-04,0.00400835035539444
2022-10-05,0.00725531853859698
2022-10-06,0.00400635721945722
2022-10-07,0.00400536101733722
2022-10-08,0.0040043650817295
2022-10-09,0.00400336938323691
2022-10-10,0.00400237389698497
2022-10-11,0.00400137875962183
2022-10-12,0.00400038383837587
2022-10-13,0.00399938915295289
2022-10-14,0.00399839464035904
2022-10-15,0.0122890770093789
2022-10-16,0.00405420502740943
2022-10-17,0.00399541287738762
2022-10-18,0.00399441935589631
2022-10-19,0.00399342616132671
2022-10-20,0.00399243320096483
2022-10-21,0.00399144038952677
2022-10-22,0.00399044791599394
2022-10-23,0.003989455713496
2022-10-24,0.00398846377492595
2022-10-25,0.00398747203179822
2022-10-26,0.00398648055809014
2022-10-27,0.0039854893373264
2022-10-28,0.00398449832137331
2022-10-29,0.00398350757807033
2022-10-30,0.00398251714876722
2022-10-31,0.00398152686321922
2022-11-01,0.00504275607595408
2022-11-02,0.00504150218590311
2022-11-03,0.00504024864985407
2022-11-04,0.0050389953904586
2022-11-05,0.0050381780146879
2022-11-06,0.00503648985141406
2022-11-07,0.00503523746249507
2022-11-08,0.00503398546113657
2022-11-09,0.00503273380682278
2022-11-10,0.00503184259606722
2022-11-11,0.0169358835200247
2022-11-12,0.00505440646267116
2022-11-13,0.00502773001012413
2022-11-14,0.00502647993879246
2022-11-15,0.00502523011301127
2022-11-16,0.00502402304493619
2022-11-17,0.00502273138021696
2022-11-18,0.00502148247565936
2022-11-19,0.00502023388827112
2022-11-20,0.00501898566347909
2022-11-21,0.00501773757455835
2022-11-22,0.00501648997837558
2022-11-23,0.00501524266498512
2022-11-24,0.00501399559264338
2022-11-25,0.00501274890049562
2022-11-26,0.0050115024919587
2022-11-27,0.00501025639813565
2022-11-28,0.00500901056868864
2022-11-29,0.00500776506009425
2022-11-30,0.00500651995256564
2022-12-01,0.00399536203285704
2022-12-02,0.0065442506320257
2022-12-03,0.0154415421738579
2022-12-04,0.00870561810927297
2022-12-05,0.00427704843651464
2022-12-06,0.006835836814572
2022-12-07,0.00640918359463603
2022-12-08,0.0105958339040207
2022-12-09,0.00734801939508694
2022-12-10,0.0049397938860288
2022-12-11,0.00420216639395013
2022-12-12,0.00412420944784152
2022-12-13,0.00399340555491909
2022-12-14,0.00452339283667844
2022-12-15,0.0303500791798553
2022-12-16,0.0296560943216316
2022-12-17,0.00398946189048294
2022-12-18,0.00397860281103533
2022-12-19,0.00870600284225865
2022-12-20,0.0630258539687629
2022-12-21,0.19031502434099
2022-12-22,0.104694464148769
2022-12-23,0.104395060290963
2022-12-24,0.0111643457483673
2022-12-25,0.00432548510218393
2022-12-26,0.0043628371951306
2022-12-27,0.0043903262570151
2022-12-28,0.00704128852766422
2022-12-29,0.0190051658046364
2022-12-30,0.00757038166740978
2022-12-31,0.00833327818974772
2023-01-01,0.00959881382215249
2023-01-02,0.0202681100716371
2023-01-03,0.0073400630999312
2023-01-04,0.0345598659759725
2023-01-05,0.0905603006459938
2023-01-06,0.123402983463333
2023-01-07,0.124504843875955
2023-01-08,0.0548541162771704
2023-01-09,0.00901357245335281
2023-01-10,0.00491972559468715
2023-01-11,0.00523869170710164
2023-01-12,0.0060603752312694
2023-01-13,0.0117912762412741
2023-01-14,0.0053224083612608
2023-01-15,0.0046326872749406
2023-01-16,0.00465394148072085
2023-01-17,0.00487561650804638
2023-01-18,0.00520180870298347
2023-01-19,0.00513558499070051
2023-01-20,0.00910616864420056
2023-01-21,0.0119687241594375
2023-01-22,0.0153024373344706
2023-01-23,0.00726977252222113
2023-01-24,0.00515536082257405
2023-01-25,0.0154359760365435
2023-01-26,0.00827121181149058
2023-01-27,0.00520771544285821
2023-01-28,0.00655872012853813
2023-01-29,0.033026949253047
2023-01-30,0.0453208138891335
2023-01-31,0.0821305168879685
2023-02-01,0.0777448603829771
2023-02-02,0.144751254547369
2023-02-03,0.110763613927496
2023-02-04,0.0575618935156139
2023-02-05,0.0595364565460795
2023-02-06,0.0267858356521056
2023-02-07,0.0244615016854759
2023-02-08,0.0341613333392434
2023-02-09,0.0359348784837993
2023-02-10,0.083276517134962
2023-02-11,0.11531176431183
2023-02-12,0.0881097331583963
2023-02-13,0.0295196036421224
2023-02-14,0.0145042138813215
2023-02-15,0.013335362708326
2023-02-16,0.0242174719821788
2023-02-17,0.0309967839436066
2023-02-18,0.0370758638568737
2023-02-19,0.0564098568077321
2023-02-20,0.0502621833278287
2023-02-21,0.0273047247767173
2023-02-22,0.0200827654141496
2023-02-23,0.0140383819140596
2023-02-24,0.012419048973708
2023-02-25,0.0189755420912184
2023-02-26,0.0292864227769667
2023-02-27,0.0473294416549802
2023-02-28,0.0439387903831145
2023-03-01,0.0211742492738664
2023-03-02,0.0321774003887675
2023-03-03,0.0161465172838679
2023-03-04,0.00874838260136791
2023-03-05,0.0223407658255018
2023-03-06,0.0349077182935041
2023-03-07,0.0439031812929256
2023-03-08,0.0483897759094042
2023-03-09,0.0378089179271472
2023-03-10,0.0183118380227603
2023-03-11,0.0457985681604111
2023-03-12,0.0481478921106923
2023-03-13,0.0488511472718254
2023-03-14,0.0514565607977201
2023-03-15,0.024330862025599
2023-03-16,0.0236289539515197
2023-03-17,0.0243856588586943
2023-03-18,0.0221549859051571
2023-03-19,0.0193754591960415
2023-03-20,0.0194041322326624
2023-03-21,0.0166287894575117
2023-03-22,0.00606382943485763
2023-03-23,0.00669596555025916
2023-03-24,0.00717868641776866
2023-03-25,0.00660906607717809
2023-03-26,0.051681353819626
2023-03-27,0.0212802737326508
2023-03-28,0.00766390667725307
2023-03-29,0.00638293454579358
2023-03-30,0.00571033548184186
2023-03-31,0.0092128920609276
2023-04-01,0.00530401754851466
2023-04-02,0.00586561100223619
2023-04-03,0.00560508548026869
2023-04-04,0.00977904323246805
2023-04-05,0.0116577158434053
2023-04-06,0.00963182231646598
2023-04-07,0.00536972113339109
2023-04-08,0.00746987526313494
2023-04-09,0.0540670791730812
2023-04-10,0.108150854215639
2023-04-11,0.0244009111702801
2023-04-12,0.00919055661624611
2023-04-13,0.0221769025282027
2023-04-14,0.066551731409018
2023-04-15,0.140116619705939
2023-04-16,0.23721350755276
2023-04-17,0.22523899791489
2023-04-18,0.181675581042489
2023-04-19,0.1238242730992
2023-04-20,0.0922109109572483
2023-04-21,0.114387070095014
2023-04-22,0.123977016266605
2023-04-23,0.102809388144663
2023-04-24,0.0931718398459818
2023-04-25,0.0877042575301029
2023-04-26,0.079786074309519
2023-04-27,0.072470185524886
2023-04-28,0.0654817897646759
2023-04-29,0.0604180363977622
2023-04-30,0.0550092695881317
2023-05-01,0.0496808324398653
2023-05-02,0.0423354754981983
2023-05-03,0.0366108013555565
2023-05-04,0.0314869441297597
2023-05-05,0.026983684442413
2023-05-06,0.0230599207035376
2023-05-07,0.019300806501387
2023-05-08,0.0156878516866485
2023-05-09,0.0127127232640627
2023-05-10,0.010527255547966
2023-05-11,0.00909055507255289
2023-05-12,0.00802448198258699
2023-05-13,0.0119422030751483
2023-05-14,0.00665383633440978
2023-05-15,0.0103380231017941
2023-05-16,0.00607380123033672
2023-05-17,0.00590732437728796
2023-05-18,0.00572166012019648
2023-05-19,0.0055630388482743
2023-05-20,0.00541365582345073
2023-05-21,0.0052774732629857
2023-05-22,0.00516192576718579
2023-05-23,0.00505884636047311
2023-05-24,0.00496475518527763
2023-05-25,0.00488243138284685
2023-05-26,0.00480817554347807
2023-05-27,0.0047360320945694
2023-05-28,0.00466047844949011
2023-05-29,0.00516615613219424
2023-05-30,0.00597947134634953
2023-05-31,0.00445907885817967
2023-06-01,0.00640096874356842
2023-06-02,0.00629836944693993
2023-06-03,0.00619676619153815
2023-06-04,0.00608999567403249
2023-06-05,0.00598881745055529
2023-06-06,0.00589584461201941
2023-06-07,0.00580047592674578
2023-06-08,0.00569869314969871
2023-06-09,0.00558941403055616
2023-06-10,0.00548156806666437
2023-06-11,0.00537751395763429
2023-06-12,0.00527422574772035
2023-06-13,0.00517804722772099
2023-06-14,0.00508691258906008
2023-06-15,0.0049946359099787
2023-06-16,0.00489869192215119
2023-06-17,0.00479782036983798
2023-06-18,0.00470217988209491
2023-06-19,0.00461645039968128
2023-06-20,0.00453869764132934
2023-06-21,0.00446526050637317
2023-06-22,0.00439231207309245
2023-06-23,0.0043188830710441
2023-06-24,0.00424724953588064
2023-06-25,0.00417936989647937
2023-06-26,0.00410948204675128
2023-06-27,0.00403407444376906
2023-06-28,0.00395745388967329
2023-06-29,0.0038822351604531
2023-06-30,0.00380446004592206
2023-07-01,0.00978472482271727
2023-07-02,0.00958220950456215
2023-07-03,0.00940353053022369
2023-07-04,0.00922582625244857
2023-07-05,0.00903451018038644
2023-07-06,0.00883996978035439
2023-07-07,0.0086584848728591
2023-07-08,0.00849493598696559
2023-07-09,0.00834903324438028
2023-07-10,0.00822008933212092
2023-07-11,0.0081071240558181
2023-07-12,0.00800814545571729
2023-07-13,0.00792430250578855
2023-07-14,0.00785301601331914
2023-07-15,0.00779058628874442
2023-07-16,0.0077382688665758
2023-07-17,0.00769314678043513
2023-07-18,0.00765337360262706
2023-07-19,0.00762151269017552
2023-07-20,0.00760679686855924
2023-07-21,0.00758224423581921
2023-07-22,0.00768292761222004
2023-07-23,0.0075534196064159
2023-07-24,0.0283611766216966
2023-07-25,0.00753306937049153
2023-07-26,0.00752472532095669
2023-07-27,0.00751514382715981
2023-07-28,0.00750780878126307
2023-07-29,0.00750177668673789
2023-07-30,0.00749648387538308
2023-07-31,0.00749185229961917
2023-08-01,0.00800337331700863
2023-08-02,0.00800045959723577
2023-08-03,0.00799767507887188
2023-08-04,0.00799498730290254
2023-08-05,0.00799247217367111
2023-08-06,0.00799011107248056
2023-08-07,0.00798778714802845
2023-08-08,0.00798553004491209
2023-08-09,0.00798339458616284
2023-08-10,0.00798133756779692
2023-08-11,0.00797927988285854
2023-08-12,0.00797722563421617
2023-08-13,0.00797517554909777
2023-08-14,0.00797315762035452
2023-08-15,0.00797117521213424
2023-08-16,0.00796919313783865
2023-08-17,0.00796721148877031
2023-08-18,0.0079652305273443
2023-08-19,0.00796324998539918
2023-08-20,0.00796126990699011
2023-08-21,0.00795929020017607
2023-08-22,0.00795731117908884
2023-08-23,0.00795533254811249
2023-08-24,0.0079533545511462
2023-08-25,0.00795137695578342
2023-08-26,0.00794939981565643
2023-08-27,0.00794742313842698
2023-08-28,0.00794544697645038
2023-08-29,0.00794347135335039
2023-08-30,0.00794149625061108
2023-08-31,0.00793952157629143
2023-09-01,0.00293717336807479
2023-09-02,0.00293644299665149
2023-09-03,0.00293571282841176
2023-09-04,0.00293498289666823
2023-09-05,0.00293425311164214
2023-09-06,0.00293352345892163
2023-09-07,0.0029327940181263
2023-09-08,0.0029320647764981
2023-09-09,0.00293133581058528
2023-09-10,0.00293060690397369
2023-09-11,0.00292987813793679
2023-09-12,0.00918221796165885
2023-09-13,0.00314935797617612
2023-09-14,0.00436978123063379
2023-09-15,0.00292696521501312
2023-09-16,0.00292623741764202
2023-09-17,0.00292550982109189
2023-09-18,0.00292478231219419
2023-09-19,0.00292405510689054
2023-09-20,0.00292332808775974
2023-09-21,0.00292260121298377
2023-09-22,0.00292187445940915
2023-09-23,0.00292114791964979
2023-09-24,0.00292042157645871
2023-09-25,0.00291969542770958
2023-09-26,0.00291896939614538
2023-09-27,0.00291824363439004
2023-09-28,0.00291751799029217
2023-09-29,0.00291679256827866
2023-09-30,0.00291606731117459
2023-10-01,0.00398623285611213
2023-10-02,0.00398524157655418
2023-10-03,0.00398425064330064
2023-10-04,0.00398326004633712
2023-10-05,0.114870302418081
2023-10-06,0.268798226243429
2023-10-07,0.282134755267777
2023-10-08,0.00605780136730985
2023-10-09,0.00424174100315124
2023-10-10,0.00432694063167687
2023-10-11,0.00437634665276995
2023-10-12,0.00440356147279818
2023-10-13,0.00441632772298301
2023-10-14,0.00442324596235685
2023-10-15,0.00442720146450356
2023-10-16,0.00442895193925936
2023-10-17,0.00443051593329322
2023-10-18,0.00442517737244151
2023-10-19,0.00441294057355657
2023-10-20,0.00439914965871246
2023-10-21,0.00438736145195653
2023-10-22,0.00437715767700909
2023-10-23,0.00436599435845954
2023-10-24,0.00435361086347847
2023-10-25,0.00434067690246423
2023-10-26,0.0043327641372517
2023-10-27,0.00431709140233829
2023-10-28,0.00430644654896907
2023-10-29,0.00429820709853082
2023-10-30,0.00429400222652399
2023-10-31,0.00429353110522604
2023-11-01,0.00543977572019875
2023-11-02,0.00543718241322555
2023-11-03,0.0054282677294362
2023-11-04,0.00541457484231837
2023-11-05,0.00540025976341859
2023-11-06,0.00538674036017455
2023-11-07,0.00537402775602329
2023-11-08,0.00536315865324799
2023-11-09,0.00535337852840807
2023-11-10,0.0131995755245733
2023-11-11,0.142374574832208
2023-11-12,0.0189195940499188
2023-11-13,0.0100451808238678
2023-11-14,0.00777461246718822
2023-11-15,0.00742360899996227
2023-11-16,0.00562351046776194
2023-11-17,0.00564741933305989
2023-11-18,0.00546245002640774
2023-11-19,0.03969170882999
2023-11-20,0.440108181529467
2023-11-21,0.0731074328008209
2023-11-22,0.0311431361828096
2023-11-23,0.0732841970883246
2023-11-24,0.0139520384356073
2023-11-25,0.0129416578025068
2023-11-26,0.00689352029917521
2023-11-27,0.00709468910218056
2023-11-28,0.00711042282650386
2023-11-29,0.00679199201838399
2023-11-30,0.00830657515198857
2023-12-01,0.0237723934916004
2023-12-02,0.010230152852048
2023-12-03,0.0427496640939362
2023-12-04,0.0783613152041186
2023-12-05,0.0710692642189415
2023-12-06,0.101468234611789
2023-12-07,0.109947358036568
2023-12-08,0.0990618640323342
2023-12-09,0.200954429982251
2023-12-10,0.0134633206158523
2023-12-11,0.104995409380425
2023-12-12,0.536150916823733
2023-12-13,0.0295283323719127
2023-12-14,0.0327757367905865
2023-12-15,0.020575486369459
2023-12-16,0.0252047260499753
2023-12-17,0.0201111309614144
2023-12-18,0.0266197893388481
2023-12-19,0.174727204344293
2023-12-20,0.00948296822442754
2023-12-21,0.0183894126263813
2023-12-22,0.221603918468236
2023-12-23,0.100728275550313
2023-12-24,0.0167955884940413
2023-12-25,0.0114194095786715
2023-12-26,0.0210530291811447
2023-12-27,0.0105127131646909
2023-12-28,0.00974952792249693
2023-12-29,0.0101804639247244
2023-12-30,0.0156096325219477
2023-12-31,0.0124286410870132
2024-01-01,0.00828014936135794
2024-01-02,0.00997859834981188
2024-01-03,0.00879707461011048
2024-01-04,0.00773299989909375
2024-01-05,0.00784822358791919
2024-01-06,0.00778115577544101
2024-01-07,0.00798877276221701
2024-01-08,0.00827994412753294
2024-01-09,0.00844815723770589
2024-01-10,0.00829400894508521
2024-01-11,0.00806389766616862
2024-01-12,0.00768623871072187
2024-01-13,0.00766225993762681
2024-01-14,0.00935630288840313
2024-01-15,0.039453528028014
2024-01-16,0.114186332436824
2024-01-17,0.0303811489858027
2024-01-18,0.0554339229950622
2024-01-19,0.123319786940287
2024-01-20,0.0509328146031596
2024-01-21,0.0646837624262181
2024-01-22,0.141045796720182
2024-01-23,0.193752903842549
2024-01-24,0.0990759603207937
2024-01-25,0.044981522011921
2024-01-26,0.046870411609621
2024-01-27,0.03039542550465
2024-01-28,0.0227510327497692
2024-01-29,0.023494365544379
2024-01-30,0.0135615048254081
2024-01-31,0.009422497940818
2024-02-01,0.00644918146492033
2024-02-02,0.00647254394913002
2024-02-03,0.00671480124448294
2024-02-04,0.00679124794561397
2024-02-05,0.00675253818621876
2024-02-06,0.00714272774458619
2024-02-07,0.0101817465778566
2024-02-08,0.0159070916619736
2024-02-09,0.0236489256794826
2024-02-10,0.0253550611424324
2024-02-11,0.0368412699193828
2024-02-12,0.0372044497663293
2024-02-13,0.0296288185616985
2024-02-14,0.0150203349677447
2024-02-15,0.107054661871371
2024-02-16,0.144521319562013
2024-02-17,0.0505531352028821
2024-02-18,0.0202345647858228
2024-02-19,0.0192834712798207
2024-02-20,0.0129080763413838
2024-02-21,0.0397343515975662
2024-02-22,0.0924200094197535
2024-02-23,0.0550083994862035
2024-02-24,0.034439573767314
2024-02-25,0.0930455292665252
2024-02-26,0.0192776835689986
2024-02-27,0.0780280805182187
2024-02-28,0.0271957109567464
2024-02-29,0.0221992665100902
2024-03-01,0.0201224121435022
2024-03-02,0.0216521215716711
2024-03-03,0.0262313296901647
2024-03-04,0.0266049064456921
2024-03-05,0.0299419208530741
2024-03-06,0.0417384124321458
2024-03-07,0.103579616005242
2024-03-08,0.0695654486670991
2024-03-09,0.0359841346591388
2024-03-10,0.042398473111206
2024-03-11,0.0463209453366229
2024-03-12,0.0459177803694342
2024-03-13,0.0503162868849737
2024-03-14,0.0545750171968405
2024-03-15,0.051812113039232
2024-03-16,0.0604154475438142
2024-03-17,0.0673744633865111
2024-03-18,0.0907911429445017
2024-03-19,0.082798610661178
2024-03-20,0.096233894313122
2024-03-21,0.101519764932334
2024-03-22,0.165111123612271
2024-03-23,0.103852971282974
2024-03-24,0.178100396317849
2024-03-25,0.20642865796452
2024-03-26,0.226952237167879
2024-03-27,0.275491633237705
2024-03-28,0.40526497172661
2024-03-29,0.452777157714473
2024-03-30,0.449917659398211
2024-03-31,0.395483940140281
2024-04-01,0.379429292292094
2024-04-02,0.380249214743713
2024-04-03,0.370612137092181
2024-04-04,0.339688290223563
2024-04-05,0.34274956048606
2024-04-06,0.411089437969979
2024-04-07,0.495390141806405
2024-04-08,0.582889496780152
2024-04-09,0.624983875688013
2024-04-10,0.567553478722537
2024-04-11,0.639040760060075
2024-04-12,0.68658289697151
2024-04-13,0.713462439642918
2024-04-14,0.718240056507381
2024-04-15,0.596945371438659
2024-04-16,0.579182280401118
2024-04-17,0.620481354293357
2024-04-18,0.557823871579907
2024-04-19,0.461844136137557
2024-04-20,0.440019418383681
2024-04-21,0.423286534197638
2024-04-22,0.39452569658606
2024-04-23,0.349056309676613
2024-04-24,0.318997424954483
2024-04-25,0.350414928583362
2024-04-26,0.291013180646725
2024-04-27,0.269741433378787
2024-04-28,0.248996523725764
2024-04-29,0.234903166694452
2024-04-30,0.217422024165884
2024-05-01,0.188745981454792
2024-05-02,0.172852382421064
2024-05-03,0.151256058585748
2024-05-04,0.139527477722863
2024-05-05,0.127046386581315
2024-05-06,0.114464285154694
2024-05-07,0.101420792347676
2024-05-08,0.0912013230061469
2024-05-09,0.0802751119573331
2024-05-10,0.0743646584955414
2024-05-11,0.0703345144327103
2024-05-12,0.067015164365921
2024-05-13,0.0658111708878634
2024-05-14,0.0576447040055463
2024-05-15,0.0520218942047876
2024-05-16,0.0423015553827132
2024-05-17,0.0409093735568287
2024-05-18,0.0378336388054844
2024-05-19,0.0326156078433412
2024-05-20,0.0202540589886485
2024-05-21,0.026505890172428
2024-05-22,0.0174612572154581
2024-05-23,0.0163180052780552
2024-05-24,0.0149518895330791
2024-05-25,0.0150733769864676
2024-05-26,0.0120999928608522
2024-05-27,0.0109764318725781
2024-05-28,0.0100807640543445
2024-05-29,0.00938105068477749
2024-05-30,0.00880989330602183
2024-05-31,0.00825707078055305
2024-06-01,0.0112739513015553
2024-06-02,0.0105740905649931
2024-06-03,0.00997773144922693
2024-06-04,0.00944174967334563
2024-06-05,0.00897505142223847
2024-06-06,0.00858135717716098
2024-06-07,0.00821306587233434
2024-06-08,0.00787178453879675
2024-06-09,0.00756580722081994
2024-06-10,0.007289733593542
2024-06-11,0.0070334399252355
2024-06-12,0.00682358291792713
2024-06-13,0.00666109603526764
2024-06-14,0.0065160547588785
2024-06-15,0.00639040549621389
2024-06-16,0.00630232283233134
2024-06-17,0.00622753841988581
2024-06-18,0.0061490735071486
2024-06-19,0.00611832095022054
2024-06-20,0.00598713678474985
2024-06-21,0.00587861352198671
2024-06-22,0.00576662224898743
2024-06-23,0.00565519364421929
2024-06-24,0.00554163918398145
2024-06-25,0.0054164044964509
2024-06-26,0.00528169244383525
2024-06-27,0.0051460565703414
2024-06-28,0.00501060701333867
2024-06-29,0.00487847552545873
2024-06-30,0.00475523597783498
2024-07-01,0.0121734335808384
2024-07-02,0.0118077599910446
2024-07-03,0.0114232552737308
2024-07-04,0.0110619903712458
2024-07-05,0.0107298034590295
2024-07-06,0.0104157832910795
2024-07-07,0.0101173778578484
2024-07-08,0.00983994085517489
2024-07-09,0.0095905282407711
2024-07-10,0.0093650381697858
2024-07-11,0.0091529644387028
2024-07-12,0.00895345369876434
2024-07-13,0.00876535748199193
2024-07-14,0.00859251686171393
2024-07-15,0.00843706294421197
2024-07-16,0.00830051530564909
2024-07-17,0.00818147891909615
2024-07-18,0.00808076893004006
2024-07-19,0.00799771619759079
2024-07-20,0.00792812051975383
2024-07-21,0.00786996444960749
2024-07-22,0.00782006939856301
2024-07-23,0.00777503963948236
2024-07-24,0.00773415349137453
2024-07-25,0.00769943548385048
2024-07-26,0.00767054177731821
2024-07-27,0.00764653422191481
2024-07-28,0.00762550873138227
2024-07-29,0.00760609027054209
2024-07-30,0.00758899515699256
2024-07-31,0.00757366980054939
2024-08-01,0.00807877455260442
2024-08-02,0.00806349317579947
2024-08-03,0.00805145250257015
2024-08-04,0.00804294959119111
2024-08-05,0.00803538452237011
2024-08-06,0.0080285913016859
2024-08-07,0.00802264483745397
2024-08-08,0.0080171468149559
2024-08-09,0.00801221530115894
2024-08-10,0.00800803176147802
2024-08-11,0.00800446674422031
2024-08-12,0.00800126216069976
2024-08-13,0.00799835117042619
2024-08-14,0.00799559738398994
2024-08-15,0.00799288784928206
2024-08-16,0.00799022569932086
2024-08-17,0.00798769295572047
2024-08-18,0.00798526251630851
2024-08-19,0.00798287677300656
2024-08-20,0.00798052883470675
2024-08-21,0.00797820825333267
2024-08-22,0.00797589962046155
2024-08-23,0.00797358300085197
2024-08-24,0.00797126451943651
2024-08-25,0.00796905992614075
2024-08-26,0.00796699842820355
2024-08-27,0.00796496791694731
2024-08-28,0.00796296536470278
2024-08-29,0.00796098546698338
2024-08-30,0.0232515373941945
2024-08-31,0.007957026881463
2024-09-01,0.00294364928247709
2024-09-02,0.00294291734181517
2024-09-03,0.00294218558378221
2024-09-04,0.0256629960168486
2024-09-05,0.00294072261938328
2024-09-06,0.00294004411930543
2024-09-07,0.00293926036423671
2024-09-08,0.0435529558921277
2024-09-09,0.00293779908460751
2024-09-10,0.00841663513351467
2024-09-11,0.00293634030531739
2024-09-12,0.00295914925545147
2024-09-13,0.00293488347777076
2024-09-14,0.00293415532530096
2024-09-15,0.00293342721630298
2024-09-16,0.00293269912927719
2024-09-17,0.00293197106445982
2024-09-18,0.00293124296349469
2024-09-19,0.00293051494663808
2024-09-20,0.0029297870306645
2024-09-21,0.00292905914611348
2024-09-22,0.0029283314106425
2024-09-23,0.00292760368863833
2024-09-24,0.00292687615540586
2024-09-25,0.00292614875589653
2024-09-26,0.00292542146979197
2024-09-27,0.00292469435379458
2024-09-28,0.00292396737010277
2024-09-29,0.00292324045138244
2024-09-30,0.00292251382633323
2024-10-01,0.00399504534213318
2024-10-02,0.00399405212010473
2024-10-03,0.00399305909287251
2024-10-04,0.00399206640419162
2024-10-05,0.00399107398299209
2024-10-06,0.00399008167518143
2024-10-07,0.00398908963065258
2024-10-08,0.00398809788655569
2024-10-09,0.00398710630495055
2024-10-10,0.00398611506286583
2024-10-11,0.00398512390961855
2024-10-12,0.00398413312367359
2024-10-13,0.00398314255804545
2024-10-14,0.0039821521613699
2024-10-15,0.00398116198404202
2024-10-16,0.00398017214946505
2024-10-17,0.00397918250128513
2024-10-18,0.00397819317453513
2024-10-19,0.00397720398927892
2024-10-20,0.00397621514354316
2024-10-21,0.00397522642896372
2024-10-22,0.00397423803516813
2024-10-23,0.00397324991305352
2024-10-24,0.00397226198993472
2024-10-25,0.00397127426807303
2024-10-26,0.00397028686699522
2024-10-27,0.00396929963293171
2024-10-28,0.0326770238498485
2024-10-29,0.00612290119813601
2024-10-30,0.0748140020958887
2024-10-31,0.0472406780986864
2024-11-01,0.012349254124048
2024-11-02,0.0835034844033895
2024-11-03,0.091305514592159
2024-11-04,0.0149891572563302
2024-11-05,0.00894917450100554
2024-11-06,0.0186083316057281
2024-11-07,0.0619493068461498
2024-11-08,0.0711182302290085
2024-11-09,0.0780415855948513
2024-11-10,0.0230059687104818
2024-11-11,0.0154951766008402
2024-11-12,0.0137940976742977
2024-11-13,0.0243053795064065
2024-11-14,0.0348289218289733
2024-11-15,0.164434347477967
2024-11-16,0.419755708185194
2024-11-17,0.636941766707776
2024-11-18,0.612311121897359
2024-11-19,0.160107588396966
2024-11-20,0.096225572595132
2024-11-21,0.0590796110215572
2024-11-22,0.0660508294932701
2024-11-23,0.037713453838479
2024-11-24,0.0350221714773855
2024-11-25,0.537451252765303
2024-11-26,0.948054987055794
2024-11-27,0.0374027667006605
2024-11-28,0.010830158463328
2024-11-29,0.0208962398443274
2024-11-30,0.0190877199932851
2024-12-01,0.00896517686322645
2024-12-02,0.00944536876558851
2024-12-03,0.0533715374859772
2024-12-04,0.10189161211106
2024-12-05,0.0145683546155688
2024-12-06,0.0135688683701457
2024-12-07,0.0148149895682431
2024-12-08,0.0174344542460751
2024-12-09,0.0788106436794233
2024-12-10,0.0287230412766426
2024-12-11,0.024391260986252
2024-12-12,0.0431627038706498
2024-12-13,0.0813992195520161
2024-12-14,0.133850399910064
2024-12-15,0.154459765202717
2024-12-16,0.0413982264349596
2024-12-17,0.0379326179864363
2024-12-18,0.0545717572734682
2024-12-19,0.139687544371431
2024-12-20,0.011031805461021
2024-12-21,0.0144257783635022
2024-12-22,0.0168344987941442
2024-12-23,0.0108549714561435
2024-12-24,0.0109052166656565
2024-12-25,0.0109468274217238
2024-12-26,0.0109820638871845
2024-12-27,0.0110124629457205
2024-12-28,0.0137917283806561
2024-12-29,0.0634226038145359
2024-12-30,0.137052933089498
2024-12-31,0.0601341485912134
2025-01-01,0.177427970545168
2025-01-02,0.0460039969280119
2025-01-03,0.0433613922547959
2025-01-04,0.0492843410624537
2025-01-05,0.0701809319119319
2025-01-06,0.0882210454875282
2025-01-07,0.0934136028036527
2025-01-08,0.0845788539320665
2025-01-09,0.0849284367089989
2025-01-10,0.0835221154488102
2025-01-11,0.0842004754796596
2025-01-12,0.0865012345980336
2025-01-13,0.0834249139125972
2025-01-14,0.0817147263110222
2025-01-15,0.0796730907768093
2025-01-16,0.0966947202775123
2025-01-17,0.08389436308797
2025-01-18,0.0786260885751378
2025-01-19,0.07839028792961
2025-01-20,0.0772540715396568
2025-01-21,0.0755096974056714
2025-01-22,0.0766384748611955
2025-01-23,0.0884471520429763
2025-01-24,0.0954833466015181
2025-01-25,0.103809025606814
2025-01-26,0.10078948850852
2025-01-27,0.0928736523693066
2025-01-28,0.098731361874026
2025-01-29,0.115814284977342
2025-01-30,0.123128745831056
2025-01-31,0.146501482871848
2025-02-01,0.149488271851184
2025-02-02,0.228323110798094
2025-02-03,0.246379569640775
2025-02-04,0.281576294447531
2025-02-05,0.301653677827026
2025-02-06,0.280926042009738
2025-02-07,0.28915105161153
2025-02-08,0.318573485469579
2025-02-09,0.302838557995431
2025-02-10,0.272263064989644
2025-02-11,0.244489308445611
2025-02-12,0.23379977015731
2025-02-13,0.220650734918843
2025-02-14,0.208010157718578
2025-02-15,0.194704054419768
2025-02-16,0.182131946259016
2025-02-17,0.171269081956303
2025-02-18,0.162390255313334
2025-02-19,0.150542030531978
2025-02-20,0.141759395467149
2025-02-21,0.133913674686622
2025-02-22,0.127902416840894
2025-02-23,0.119616691995128
2025-02-24,0.113452228031112
2025-02-25,0.109329883285675
2025-02-26,0.114784692455322
2025-02-27,0.107276900043428
2025-02-28,0.100676100944847
2025-03-01,0.0838158589587411
2025-03-02,0.0816894354805431
2025-03-03,0.0834384986077892
2025-03-04,0.0766341783082259
2025-03-05,0.0743044053521802
2025-03-06,0.0718708067664066
2025-03-07,0.0693971353216531
2025-03-08,0.0669438845024745
2025-03-09,0.0645488465752186
2025-03-10,0.0629867450310534
2025-03-11,0.0673165165555596
2025-03-12,0.100792769862251
2025-03-13,0.11111735244246
2025-03-14,0.0794363908813964
2025-03-15,0.106236756764984
2025-03-16,0.187309853660578
2025-03-17,0.292125745618784
2025-03-18,0.370237495458678
2025-03-19,0.450606708263341
2025-03-20,0.572662108325748
2025-03-21,0.740281367225294
2025-03-22,0.872899474577861
2025-03-23,0.998805989890057
2025-03-24,1.16109226234638
2025-03-25,1.26335766899949
2025-03-26,0.838209094455628
2025-03-27,0.743407518583045
2025-03-28,0.932894365422514
2025-03-29,1.00838684459555
2025-03-30,1.08189699476145
2025-03-31,1.19551363386404
2025-04-01,0.719887613028586
2025-04-02,0.60818481884918
2025-04-03,0.662598987181524
2025-04-04,0.775583932624408
2025-04-05,0.822581845158537
2025-04-06,0.783481157086977
2025-04-07,0.641883668719661
2025-04-08,0.665579366649262
2025-04-09,0.87823764713308
2025-04-10,1.09439917883338
2025-04-11,1.34909620021648
2025-04-12,0.989031864405747
2025-04-13,0.856617857462742
2025-04-14,0.958113421546936
2025-04-15,0.630477592426666
2025-04-16,0.603747107401023
2025-04-17,0.581807502826465
2025-04-18,0.561798274797752
2025-04-19,0.583868052509983
2025-04-20,0.600683810002921
2025-04-21,0.584676400651969
2025-04-22,0.64790567178487
2025-04-23,0.591718122029295
2025-04-24,0.577109901066439
2025-04-25,0.566534196960553
2025-04-26,0.568977421571486
2025-04-27,0.51602563633717
2025-04-28,0.556752799535811
2025-04-29,0.504697617931065
2025-04-30,0.479839385677149
2025-05-01,0.417914309616896
2025-05-02,0.420011264519586
2025-05-03,0.413103312568544
2025-05-04,0.382470532044527
2025-05-05,0.395667609500782
2025-05-06,0.403270816575309
2025-05-07,0.395705846964656
2025-05-08,0.401542315242637
2025-05-09,0.426492372118127
2025-05-10,0.477141992531288
2025-05-11,0.599418491253349
2025-05-12,0.692022882605995
2025-05-13,0.610574124918055
2025-05-14,0.611423063561563
2025-05-15,0.396199900073627
2025-05-16,0.288225888631186
2025-05-17,0.280289429920593
2025-05-18,0.265881375086404
2025-05-19,0.279496433285341
2025-05-20,0.28053099591148
2025-05-21,0.318090702949509
2025-05-22,0.339854352847584
2025-05-23,0.340741433856328
2025-05-24,0.339887478788416
2025-05-25,0.358610474501228
2025-05-26,0.371050193066127
2025-05-27,0.345375955731848
2025-05-28,0.262396602139467
2025-05-29,0.222608706289541
2025-05-30,0.202992215897368
2025-05-31,0.20926160530915
2025-06-01,0.210037391538193
2025-06-02,0.177423714407518
2025-06-03,0.164684454216502
2025-06-04,0.151802709914112
2025-06-05,0.141960982962175
2025-06-06,0.126317150735363
2025-06-07,0.119146786037097
2025-06-08,0.114529490027712
2025-06-09,0.109687658931827
2025-06-10,0.101371941854333
2025-06-11,0.0929347742266788
2025-06-12,0.0652646791740563
2025-06-13,0.0600044394893389
2025-06-14,0.0370669114543837
2025-06-15,0.0313200513023314
2025-06-16,0.0287460733270091
2025-06-17,0.0263594189589564
2025-06-18,0.0240227059456701
2025-06-19,0.0211480156843526
2025-06-20,0.0182518752650479
2025-06-21,0.0157188372572221
2025-06-22,0.0135951586566042
2025-06-23,0.0118960823908771
2025-06-24,0.0106335241635116
2025-06-25,0.00962797461130961
2025-06-26,0.00878482755841729
2025-06-27,0.0080699414655909
2025-06-28,0.00745761225364728
2025-06-29,0.00695916591115813
2025-06-30,0.00656026927076043
2025-07-01,0.0164127158365713
2025-07-02,0.015751855862356
2025-07-03,0.0151373602090364
2025-07-04,0.0145366235302697
2025-07-05,0.0140019075335783
2025-07-06,0.0135479300591686
2025-07-07,0.013156297334387
2025-07-08,0.0128060427268284
2025-07-09,0.0124915067962047
2025-07-10,0.0122118965573156
2025-07-11,0.0119379615179371
2025-07-12,0.011657801920197
2025-07-13,0.0113881702071507
2025-07-14,0.0111271413521298
2025-07-15,0.0108695791377613
2025-07-16,0.0106150702882911
2025-07-17,0.0103698918006252
2025-07-18,0.010138283768858
2025-07-19,0.00991968937270232
2025-07-20,0.0111153828908017
2025-07-21,0.00953572509874915
2025-07-22,0.00935341155603971
2025-07-23,0.00916498160995147
2025-07-24,0.00899208738621323
2025-07-25,0.00883548180647349
2025-07-26,0.0086931899743087
2025-07-27,0.00856208428741242
2025-07-28,0.00844582094694427
2025-07-29,0.0207368087021064
2025-07-30,0.00826614344664031
2025-07-31,0.00817409162462618
2025-08-01,0.0086486791569082
2025-08-02,0.00857102980798561
2025-08-03,0.0085010772729948
2025-08-04,0.00843895380910698
2025-08-05,0.00838377197468729
2025-08-06,0.00833461507680692
2025-08-07,0.00829147858481617
2025-08-08,0.00825313680220111
2025-08-09,0.00821867674942885
2025-08-10,0.00818746722898373
2025-08-11,0.00815905492881115
2025-08-12,0.00813414237159609
2025-08-13,0.00811262965383253
2025-08-14,0.00809488478864632
2025-08-15,0.0080806002530859
2025-08-16,0.008068312496001
2025-08-17,0.00805706060593537
2025-08-18,0.00804676412299535
2025-08-19,0.0080377761275512
2025-08-20,0.00802986239791422
2025-08-21,0.00802311259957368
2025-08-22,0.00801731877724391
2025-08-23,0.00801153319640585
2025-08-24,0.00800559249253482
2025-08-25,0.0079997824547444
2025-08-26,0.00799455556634293
2025-08-27,0.00799032883097852
2025-08-28,0.00798679320164939
2025-08-29,0.00798346311287696
2025-08-30,0.0208864630601593
2025-08-31,0.0079776245554899
2025-09-01,0.00837872776774714
2025-09-02,0.00295011204027133
2025-09-03,0.00294919231783529
2025-09-04,0.00294829671257909
2025-09-05,0.0029474245901448
2025-09-06,0.00294657211674209
2025-09-07,0.00294572994592721
2025-09-08,0.00294488946956872
2025-09-09,0.00294404812424611
2025-09-10,0.00294320205254313
2025-09-11,0.00294238678464922
2025-09-12,0.00294161202210688
2025-09-13,0.00294084533020459
2025-09-14,0.00294009631716212
2025-09-15,0.00293936528822738
2025-09-16,0.00293863438569171
2025-09-17,0.0029379036414502
2025-09-18,0.00293717324663718
2025-09-19,0.00293644290167499
2025-09-20,0.00293571271713332
2025-09-21,0.00293498275420349
2025-09-22,0.00293425290042575
2025-09-23,0.00293352327841903
2025-09-24,0.00293279390235891
2025-09-25,0.00293206468246664
2025-09-26,0.00293133556392989
2025-09-27,0.00293060671543825
2025-09-28,0.00292987803091103
2025-09-29,0.0029291495221612
2025-09-30,0.00292842117572197
2025-10-01,0.00400312039295484
2025-10-02,0.00400212496808149
2025-10-03,0.00400112987852901
2025-10-04,0.0040001349776349
2025-10-05,0.00399914038234151
2025-10-06,0.0039981460180254
2025-10-07,0.00399715185528947
2025-10-08,0.00399615793709871
2025-10-09,0.00399516434195312
2025-10-10,0.00906954303715148
2025-10-11,0.00399317778450738
2025-10-12,0.00399218487034096
2025-10-13,0.00399119214806336
2025-10-14,0.00399019973170953
2025-10-15,0.0039892076216025
2025-10-16,0.00398821570209211
2025-10-17,0.00514679641683277
2025-10-18,0.00399157150224778
2025-10-19,0.0167544868922899
2025-10-20,0.00398425052151263
2025-10-21,0.00398734207977845
2025-10-22,0.0205442107535501
2025-10-23,0.00398127917287083
2025-10-24,0.00398028926528565
2025-10-25,0.0573543005380897
2025-10-26,0.00517048338899476
2025-10-27,0.00397732345234561
2025-10-28,0.0483752509191649
2025-10-29,0.152537037826726
2025-10-30,0.162880703236701
2025-10-31,0.302503331863446
2025-11-01,0.0202206131225408
2025-11-02,0.0159447804097745
2025-11-03,0.096469069261574
2025-11-04,0.12044482720682
2025-11-05,0.1195840609546
2025-11-06,0.152875951464654
2025-11-07,0.0446046036464658
2025-11-08,0.034861897534647
2025-11-09,0.0190212564029123
2025-11-10,0.0128694437054112
2025-11-11,0.00837118225463872
2025-11-12,0.00676497661694975
2025-11-13,0.00677317793196922
2025-11-14,0.0275496767180317
2025-11-15,0.369005064426212
2025-11-16,0.111834683461614
2025-11-17,0.00868024682513096
2025-11-18,0.0110921242218444
2025-11-19,0.0230381418433958
2025-11-20,0.4644129953162
2025-11-21,0.596760600198589
2025-11-22,0.00936773427504583
2025-11-23,0.00919134386189355
2025-11-24,0.0122443129534233
2025-11-25,0.0190715245538352
2025-11-26,0.0870337718685524
2025-11-27,0.0721756818122898
2025-11-28,0.0121747421868459
2025-11-29,0.0228305143292338
2025-11-30,0.0398924819578534
2025-12-01,0.0635620682708408
2025-12-02,0.338836116662821
2025-12-03,0.215845319230179
2025-12-04,0.0286300387017778
2025-12-05,0.0202550568423387
2025-12-06,0.0806806684172866
2025-12-07,0.125887545259469
2025-12-08,0.109773347188611
2025-12-09,0.174837339660144
2025-12-10,0.266258959475578
2025-12-11,0.0352282422895808
2025-12-12,0.511910798876552
2025-12-13,1.29283395623927
2025-12-14,0.218730343403352
2025-12-15,0.0136689183856297
2025-12-16,0.0159179965514431
2025-12-17,0.0212579614484036
2025-12-18,0.0224564665919114
2025-12-19,0.029888359144039
2025-12-20,0.0449936785621328
2025-12-21,0.106204663141354
2025-12-22,0.0687853931096621
2025-12-23,0.0683348618850827
2025-12-24,0.0606163036912466
2025-12-25,0.0928952126982386
2025-12-26,0.0757678421493561
2025-12-27,0.0781673223097695
2025-12-28,0.0684810555521662
2025-12-29,0.0693621039177786
2025-12-30,0.0728468556665026
2025-12-31,0.0756346427973029
2026-01-01,0.0663682170212423
2026-01-02,0.067398712692977
2026-01-03,0.0686922743587011
2026-01-04,0.0682237177120964
2026-01-05,0.0670029607391374
2026-01-06,0.066520832414402
2026-01-07,0.0670554399444818
2026-01-08,0.063675655960441
2026-01-09,0.0632936776521071
2026-01-10,0.060290702682183
2026-01-11,0.0589955779925121
2026-01-12,0.0579306077591807
2026-01-13,0.0562599233659373
2026-01-14,0.0544751563413223
2026-01-15,0.0550419867904166
2026-01-16,0.0565382712362346
2026-01-17,0.0645049412379467
2026-01-18,0.0494151844146302
2026-01-19,0.0467798056609219
2026-01-20,0.0427966722823974
2026-01-21,0.0925618357853162
2026-01-22,0.0723483794549896
2026-01-23,0.0713798496448521
2026-01-24,0.138730301229341
2026-01-25,0.116576573691353
2026-01-26,0.0558936092600975
2026-01-27,0.058680311311017
2026-01-28,0.0657716418344437
2026-01-29,0.0986377249165283
2026-01-30,0.0831437245776304
2026-01-31,0.0881701842027332
2026-02-01,0.0610465688840544
2026-02-02,0.0546279293368575
2026-02-03,0.0582225929050784
2026-02-04,0.0607663166019308
2026-02-05,0.0661689386279924
2026-02-06,0.0646818515497663
2026-02-07,0.0581999951272676
2026-02-08,0.0605979820792149
2026-02-09,0.0756295807578407
2026-02-10,0.117814612152769
2026-02-11,0.0779551647708798
2026-02-12,0.0759058044249011
2026-02-13,0.0662660286536635
2026-02-14,0.12147764652215
2026-02-15,0.150262159016101
2026-02-16,0.181739648377721
2026-02-17,0.150035781569381
2026-02-18,0.116542777742923
2026-02-19,0.133631485277879
2026-02-20,0.145241438068131
2026-02-21,0.149075889543991
2026-02-22,0.177002247649174
2026-02-23,0.226300753428192
2026-02-24,0.25432538151448
2026-02-25,0.236160346620084
2026-02-26,0.23876661300529
2026-02-27,0.218389961225395
2026-02-28,0.220396093284003
2026-03-01,0.188558131180109
2026-03-02,0.181814578512466
2026-03-03,0.173769509289441
2026-03-04,0.166261317244315
2026-03-05,0.161044597107186
2026-03-06,0.147519555248559
2026-03-07,0.138361017449565
2026-03-08,0.13313041977005
2026-03-09,0.127392848570871
2026-03-10,0.117990717718382
2026-03-11,0.118195262520352
2026-03-12,0.106871728725977
2026-03-13,0.0996572978321772
2026-03-14,0.141186462765885
2026-03-15,0.0992059773651136
2026-03-16,0.0982236594922396
2026-03-17,0.093234712634365
2026-03-18,0.112584443268669
2026-03-19,0.122760735170197
2026-03-20,0.178395971377611
2026-03-21,0.177919284219761
2026-03-22,0.142180939246816
2026-03-23,0.133814413341608
2026-03-24,0.133696006927601
2026-03-25,0.129103484547133
2026-03-26,0.132584748944219
2026-03-27,0.121108931369888
2026-03-28,0.113725782819221
2026-03-29,0.107471112782619
2026-03-30,0.251494326939474
2026-03-31,0.116855436816742
2026-04-01,0.113232258083364
2026-04-02,0.10983839664093
2026-04-03,0.120273048867121
2026-04-04,0.108773902194737
2026-04-05,0.130960511260369
2026-04-06,0.0994110983129868
2026-04-07,0.0987349256430339
2026-04-08,0.0924932704791171
2026-04-09,0.0853492314007602
2026-04-10,0.0776210824713007
2026-04-11,0.0713532520222157
2026-04-12,0.0647473395361426
2026-04-13,0.106343677395133
2026-04-14,0.0723271262828802
2026-04-15,0.0524913582354204
2026-04-16,0.0491027978749493
2026-04-17,0.0461490198447593
2026-04-18,0.0438915599688999
2026-04-19,0.0404975371226592
2026-04-20,0.0365313264322836
2026-04-21,0.0307937641790682
2026-04-22,0.0259638306267873
2026-04-23,0.0225444221743192
2026-04-24,0.0195634588417584
2026-04-25,0.0166800453080615
2026-04-26,0.0142112648310405
2026-04-27,0.0124183677322229
2026-04-28,0.0111924610379589
2026-04-29,0.0102482497425793
2026-04-30,0.00955099287931078
2026-05-01,0.00843692552257518
2026-05-02,0.00810306853047852
2026-05-03,0.00824945328367992
2026-05-04,0.0352875308228415
2026-05-05,0.0147360098938875
2026-05-06,0.0216592927901764
2026-05-07,0.0436158706209049
2026-05-08,0.0543603611775087
2026-05-09,0.0156650234499169
2026-05-10,0.00776429737129059
2026-05-11,0.00747344128058194
2026-05-12,0.00733245429389356
2026-05-13,0.00708676031834827
2026-05-14,0.00681804045420508
2026-05-15,0.00655388123674147
2026-05-16,0.00630969471084156
2026-05-17,0.00609332371113365
2026-05-18,0.00588651482785429
2026-05-19,0.00567484009400404
2026-05-20,0.00548290891502549
2026-05-21,0.00533142271175859
2026-05-22,0.00520763843663027
2026-05-23,0.00509208703193745
2026-05-24,0.00515586625429003
2026-05-25,0.00489136052121062
2026-05-26,0.00479417484660112
2026-05-27,0.00470309036821993
2026-05-28,0.00461531671403352
2026-05-29,0.00502667770997533
2026-05-30,0.00447230378387858
2026-05-31,0.0761773481937441
2026-06-01,0.00640150605907073
2026-06-02,0.00631946654200997
2026-06-03,0.00620423938479828
2026-06-04,0.00608350947053718
2026-06-05,0.00596636649540375
2026-06-06,0.00585846857253021
2026-06-07,0.00575417018129263
2026-06-08,0.0056486311166522
2026-06-09,0.00554159860488936
2026-06-10,0.00543267727914932
2026-06-11,0.00532568664045357
2026-06-12,0.00521467894843358
2026-06-13,0.00509936847459468
2026-06-14,0.00498230428104016
2026-06-15,0.00486386083740591
2026-06-16,0.00474571040615926
2026-06-17,0.00462300791133407
2026-06-18,0.00449338562321929
2026-06-19,0.00436557450603712
2026-06-20,0.00425370407539429
2026-06-21,0.00415174674534776
2026-06-22,0.00404514686437423
2026-06-23,0.00394672087070912
2026-06-24,0.00386396412062714
2026-06-25,0.00378976991849092
2026-06-26,0.00372424301241689
2026-06-27,0.00366517819995253
2026-06-28,0.00360248893922066
2026-06-29,0.00353663207793211
2026-06-30,0.00347054644054697
2026-07-01,0.00896288308499926
2026-07-02,0.00882033725933018
2026-07-03,0.00867990005646676
2026-07-04,0.00854238683038628
2026-07-05,0.00841809977794444
2026-07-06,0.00830410448351635
2026-07-07,0.00819395614793039
2026-07-08,0.00808771259223999
2026-07-09,0.00798978560840436
2026-07-10,0.00790477151346587
2026-07-11,0.00783271656593996
2026-07-12,0.00777382956178524
2026-07-13,0.00772557265384588
2026-07-14,0.00768559929149668
2026-07-15,0.00765255517924571
2026-07-16,0.00762525767525839
2026-07-17,0.00760409272874905
2026-07-18,0.00758703290498545
2026-07-19,0.00757189701884318
2026-07-20,0.00755735091353951
2026-07-21,0.00754325820070974
2026-07-22,0.00753077799924885
2026-07-23,0.00752049707794077
2026-07-24,0.00751214165046234
2026-07-25,0.00750564639668805
2026-07-26,0.00750048657751976
2026-07-27,0.00749626308437412
2026-07-28,0.00749257082637614
2026-07-29,0.00748927147901098
2026-07-30,0.00748630790285047
2026-07-31,0.0074835880474274
2026-08-01,0.00799564344261496
2026-08-02,0.00799322079775916
2026-08-03,0.00799085727034699
2026-08-04,0.00798849178024923
2026-08-05,0.00798621001459014
2026-08-06,0.0079839982575558
2026-08-07,0.00798181470534776
2026-08-08,0.00797962207204761
2026-08-09,0.0079774967983213
2026-08-10,0.00797545179422177
2026-08-11,0.00797340467292462
2026-08-12,0.00797136395749101
2026-08-13,0.00796935449306881
2026-08-14,0.00796737273418206
2026-08-15,0.00796539176700969
2026-08-16,0.00796341113886989
2026-08-17,0.00796143105662995
2026-08-18,0.00795945140919446
2026-08-19,0.00795747225721897
2026-08-20,0.00795549374053045
2026-08-21,0.00795351549328022
2026-08-22,0.00795153792728748
2026-08-23,0.00794956075076716
2026-08-24,0.00794758407609166
2026-08-25,0.00794560781834314
2026-08-26,0.00794363218949684
2026-08-27,0.0079416571276202
2026-08-28,0.00793968242903834
2026-08-29,0.00793770804650376
2026-08-30,0.00793573438161998
2026-08-31,0.00793376126072066
2026-09-01,0.00293504234061773
2026-09-02,0.00293431252747671
2026-09-03,0.002933582881844
2026-09-04,0.0029328534790865
2026-09-05,0.00293212424478237
2026-09-06,0.00293139513356968
2026-09-07,0.0029306662340459
2026-09-08,0.00292993751407967
2026-09-09,0.00292920899729702
2026-09-10,0.00292848063644593
2026-09-11,0.00292775249649791
2026-09-12,0.00292702456658497
2026-09-13,0.0029262967318848
2026-09-14,0.00292556906540172
2026-09-15,0.00292484167534278
2026-09-16,0.00292411436939241
2026-09-17,0.00292338726142784
2026-09-18,0.00292266039373968
2026-09-19,0.00292193362197304
2026-09-20,0.00292120709402668
2026-09-21,0.0029204807650112
2026-09-22,0.00291975462713001
2026-09-23,0.00291902862557084
2026-09-24,0.00291830280475052
2026-09-25,0.00291757719443782
2026-09-26,0.00291685167177755
2026-09-27,0.00291612642861282
2026-09-28,0.00291615683763153
2026-09-29,0.00291467642118229
2026-09-30,0.00291395170534978
2026-10-01,0.00398334079631876
2026-10-02,0.00398235032825025
2026-10-03,0.00398136005820841
2026-10-04,0.00398037009279815
2026-10-05,0.00397938042911205
2026-10-06,0.00397839095053085
2026-10-07,0.00397740174459974
2026-10-08,0.00397641269566858
2026-10-09,0.00397542401791629
2026-10-10,0.00397443553302197
2026-10-11,0.0340618494606702
2026-10-12,0.00397245929137709
2026-10-13,0.00397740104068435
2026-10-14,0.00490663646966988
2026-10-15,0.00457435517573426
2026-10-16,0.00396850983146693
2026-10-17,0.00396752307163372
2026-10-18,0.00396653657411318
2026-10-19,0.00396555031112342
2026-10-20,0.00396456427652657
2026-10-21,0.00396357854268478
2026-10-22,0.00396259296778119
2026-10-23,0.00396160775791863
2026-10-24,0.00396062272314654
2026-10-25,0.00395963797620768
2026-10-26,0.00395865342309591
2026-10-27,0.00395766910096143
2026-10-28,0.0354267091482263
2026-10-29,0.00416788640155105
2026-10-30,0.00395471769745041
2026-10-31,0.00395373441552133
2026-11-01,0.122931028900937
2026-11-02,0.234581252630861
2026-11-03,0.155208004316568
2026-11-04,0.104901897122851
2026-11-05,0.100475443395397
2026-11-06,0.104624288305435
2026-11-07,0.153606930050515
2026-11-08,0.062822089326664
2026-11-09,0.0656267820542487
2026-11-10,0.0848679266164778
2026-11-11,0.0267455524394504
2026-11-12,0.0113243297730331
2026-11-13,0.0191110025828873
2026-11-14,0.0193763463720718
2026-11-15,0.00949906715869264
2026-11-16,0.0134260875637625
2026-11-17,0.00899829318713253
2026-11-18,0.00656792084515236
2026-11-19,0.00661095558459457
2026-11-20,0.00674765011302963
2026-11-21,0.00705030500388621
2026-11-22,0.00820285740637529
2026-11-23,0.00814940376501289
2026-11-24,0.00778649893964771
2026-11-25,0.0079939316160472
2026-11-26,0.00776350107892997
2026-11-27,0.00770704051553389
2026-11-28,0.00881996792209399
2026-11-29,0.00868298002303444
2026-11-30,0.00860056928158551
2026-12-01,0.00633470661086189
2026-12-02,0.00642490575483214
2026-12-03,0.018124241945848
2026-12-04,0.113691862920188
2026-12-05,0.0264180842514103
2026-12-06,0.00603067169028945
2026-12-07,0.00536896148085333
2026-12-08,0.00537862641862228
2026-12-09,0.00538842933404267
2026-12-10,0.118575604933431
2026-12-11,0.692616072226459
2026-12-12,0.192003281489604
2026-12-13,0.00807336374433922
2026-12-14,0.00711079954330899
2026-12-15,0.00920416852931533
2026-12-16,0.0423020927148648
2026-12-17,0.0125991575103446
2026-12-18,0.01274966165273
2026-12-19,0.0197471567285458
2026-12-20,0.0804019549124718
2026-12-21,0.0530897901147057
2026-12-22,0.0121062017383146
2026-12-23,0.00740104834997545
2026-12-24,0.00851959679690257
2026-12-25,0.0106418675391806
2026-12-26,0.0141356795026034
2026-12-27,0.0380799517018358
2026-12-28,0.0430926876601023
2026-12-29,0.0502139943808499
2026-12-30,0.0358171872420061
2026-12-31,0.0339250807949387
2027-01-01,0.0144216582370971
2027-01-02,0.0286153482984445
2027-01-03,0.0220901994745079
2027-01-04,0.0409243196886375
2027-01-05,0.0523801778094794
2027-01-06,0.0365922589873671
2027-01-07,0.0480494341362129
2027-01-08,0.0274962596259283
2027-01-09,0.0249723005645842
2027-01-10,0.0296828079759351
2027-01-11,0.0345537176569363
2027-01-12,0.0189965266266551
2027-01-13,0.0119320057682314
2027-01-14,0.00927211655666765
2027-01-15,0.0121577846793512
2027-01-16,0.140022588424859
2027-01-17,0.051237765768843
2027-01-18,0.0183191200009989
2027-01-19,0.0228651144690402
2027-01-20,0.00874177960306257
2027-01-21,0.0102056503364226
2027-01-22,0.0147279716096839
2027-01-23,0.0135299016001962
2027-01-24,0.00910470033387861
2027-01-25,0.0125316494505484
2027-01-26,0.0366099810118993
2027-01-27,0.0348239016282736
2027-01-28,0.118583902586112
2027-01-29,0.0356313231782717
2027-01-30,0.210662529222554
2027-01-31,0.0501125546659053
2027-02-01,0.00578446786581183
2027-02-02,0.0110043908053783
2027-02-03,0.0154433385766702
2027-02-04,0.0528784663235403
2027-02-05,0.114925095158575
2027-02-06,0.140793203626269
2027-02-07,0.138762673273668
2027-02-08,0.0665820228928313
2027-02-09,0.0738387392808541
2027-02-10,0.0135460944836084
2027-02-11,0.0175358919498391
2027-02-12,0.0856534937125056
2027-02-13,0.0615391470751729
2027-02-14,0.0268325968193143
2027-02-15,0.0681718649886636
2027-02-16,0.0925455623610548
2027-02-17,0.0586498490889238
2027-02-18,0.149524292723527
2027-02-19,0.191590022612883
2027-02-20,0.215771106670919
2027-02-21,0.421368246611893
2027-02-22,0.37204483813684
2027-02-23,0.251494672563025
2027-02-24,0.236650302993133
2027-02-25,0.253035551707112
2027-02-26,0.266726012088624
2027-02-27,0.24547301860468
2027-02-28,0.247511428614612
2027-03-01,0.22644486829456
2027-03-02,0.247355722874887
2027-03-03,0.254226480824434
2027-03-04,0.249388645959795
2027-03-05,0.221601287162609
2027-03-06,0.223530437378579
2027-03-07,0.219481205087561
2027-03-08,0.233895336810399
2027-03-09,0.209013052854298
2027-03-10,0.19653734173964
2027-03-11,0.1802667514244
2027-03-12,0.179872790680246
2027-03-13,0.172179636867566
2027-03-14,0.182592234902151
2027-03-15,0.176663120225737
2027-03-16,0.190482072700926
2027-03-17,0.166051392507288
2027-03-18,0.185175839197678
2027-03-19,0.19230664983276
2027-03-20,0.21395396189449
2027-03-21,0.237804413812012
2027-03-22,0.233685264248853
2027-03-23,0.213986363767242
2027-03-24,0.206150887646718
2027-03-25,0.189972395595776
2027-03-26,0.177744417241586
2027-03-27,0.166711777415584
2027-03-28,0.157044240982634
2027-03-29,0.144820553446887
2027-03-30,0.135624164989232
2027-03-31,0.127731303505107
2027-04-01,0.118017450854738
2027-04-02,0.114629853513114
2027-04-03,0.200500225187318
2027-04-04,0.193662900841277
2027-04-05,0.11886831768281
2027-04-06,0.159224610739604
2027-04-07,0.16014092280404
2027-04-08,0.151125404602579
2027-04-09,0.138700252899301
2027-04-10,0.192949722022596
2027-04-11,0.179356313514455
2027-04-12,0.28072747555196
2027-04-13,0.371533285613441
2027-04-14,0.388969439634224
2027-04-15,0.398527073587202
2027-04-16,0.381611820265221
2027-04-17,0.362489279165599
2027-04-18,0.34535504379405
2027-04-19,0.418021152746246
2027-04-20,0.339700722294229
2027-04-21,0.313087713832348
2027-04-22,0.299971174384703
2027-04-23,0.291311816174482
2027-04-24,0.328668378951865
2027-04-25,0.305782120263418
2027-04-26,0.271276796848187
2027-04-27,0.264136232314002
2027-04-28,0.257384190341555
2027-04-29,0.262583127992863
2027-04-30,0.226913533560374
2027-05-01,0.198877974264719
2027-05-02,0.185304291898751
2027-05-03,0.173672111463138
2027-05-04,0.163742974664255
2027-05-05,0.146518845438607
2027-05-06,0.129826384751954
2027-05-07,0.112287571930841
2027-05-08,0.109637418687034
2027-05-09,0.0922903863203074
2027-05-10,0.0976113256971367
2027-05-11,0.0817768950791616
2027-05-12,0.115928197922141
2027-05-13,0.0672399683474589
2027-05-14,0.0460582857551362
2027-05-15,0.0364252538182752
2027-05-16,0.0296282197726271
2027-05-17,0.0242358953674296
2027-05-18,0.0198191632798837
2027-05-19,0.016171944790711
2027-05-20,0.0174870417426945
2027-05-21,0.0116668308639916
2027-05-22,0.0104446319076888
2027-05-23,0.0095397466963269
2027-05-24,0.00889984130330362
2027-05-25,0.0209238553303329
2027-05-26,0.0291114552700847
2027-05-27,0.0162607706338939
2027-05-28,0.00963949757902638
2027-05-29,0.00791363332835875
2027-05-30,0.00765549248027118
2027-05-31,0.007398366416791
2027-06-01,0.0104176772314318
2027-06-02,0.0100878674147929
2027-06-03,0.00981525704317701
2027-06-04,0.00954004191581074
2027-06-05,0.0112013367683629
2027-06-06,0.00901149544067498
2027-06-07,0.0087148783823648
2027-06-08,0.00841278610453828
2027-06-09,0.00814798942658877
2027-06-10,0.00791886538663249
2027-06-11,0.00770583288333836
2027-06-12,0.00750141782352688
2027-06-13,0.00731281876324267
2027-06-14,0.00714622459534214
2027-06-15,0.00700787250471917
2027-06-16,0.00689350447099964
2027-06-17,0.00678464213406615
2027-06-18,0.00669580935283551
2027-06-19,0.00949574457180363
2027-06-20,0.00919520677608641
2027-06-21,0.00645048068634793
2027-06-22,0.00634453219656663
2027-06-23,0.00624089013698778
2027-06-24,0.00614248690673801
2027-06-25,0.00605242697543852
2027-06-26,0.00598334900906817
2027-06-27,0.00609099538902099
2027-06-28,0.00590810841476127
2027-06-29,0.00583774129660358
2027-06-30,0.00573132892837767
2027-07-01,0.0147537717955277
2027-07-02,0.0144177799689758
2027-07-03,0.0140680935130514
2027-07-04,0.0137215031768321
2027-07-05,0.0133953443512325
2027-07-06,0.0130628212538184
2027-07-07,0.0127193047079553
2027-07-08,0.0123648713448044
2027-07-09,0.011997933404176
2027-07-10,0.0116237498377975
2027-07-11,0.0112598213112806
2027-07-12,0.0109251631307406
2027-07-13,0.0106377276911217
2027-07-14,0.0103790939452036
2027-07-15,0.0101309177732342
2027-07-16,0.00988626192244108
2027-07-17,0.00963914769745079
2027-07-18,0.00939819028886611
2027-07-19,0.0091764225761133
2027-07-20,0.00897265558499409
2027-07-21,0.00878870232265985
2027-07-22,0.00862449051891721
2027-07-23,0.0084768997079142
2027-07-24,0.0083398644910734
2027-07-25,0.00821016308053926
2027-07-26,0.00809513021156418
2027-07-27,0.00799660447882899
2027-07-28,0.00791276885532575
2027-07-29,0.00784145983218624
2027-07-30,0.00778284732525217
2027-07-31,0.0077359560770084
2027-08-01,0.00822712012260637
2027-08-02,0.00819105311813212
2027-08-03,0.0081592508538685
2027-08-04,0.00813326790577751
2027-08-05,0.0081115106574374
2027-08-06,0.0254721908162311
2027-08-07,0.00807787016508853
2027-08-08,0.00806314888218237
2027-08-09,0.00805057495545014
2027-08-10,0.00804046483186951
2027-08-11,0.00803244736018861
2027-08-12,0.00802609100752271
2027-08-13,0.00802086732875708
2027-08-14,0.00801643150097521
2027-08-15,0.0131780885246208
2027-08-16,0.00800935414994678
2027-08-17,0.00800605666831592
2027-08-18,0.00800279310590174
2027-08-19,0.00799958000698175
2027-08-20,0.0079966063710276
2027-08-21,0.00799387605062372
2027-08-22,0.0079913169365483
2027-08-23,0.0079889207694321
2027-08-24,0.00798659769351909
2027-08-25,0.00810264339716572
2027-08-26,0.00798200010826504
2027-08-27,0.00797978832377611
2027-08-28,0.00797769020138513
2027-08-29,0.00797565564089268
2027-08-30,0.00797362420575678
2027-08-31,0.00797159270677293
2027-09-01,0.0029490193441263
2027-09-02,0.002948267629215
2027-09-03,0.0029475160029012
2027-09-04,0.00294677106888686
2027-09-05,0.00294603598076983
2027-09-06,0.00294530346575998
2027-09-07,0.0029445710894347
2027-09-08,0.0105266675028445
2027-09-09,0.00294310695106006
2027-09-10,0.00294237511388
2027-09-11,0.00294164351555877
2027-09-12,0.00294091206277366
2027-09-13,0.0029401808032492
2027-09-14,0.00293944979179769
2027-09-15,0.00293871880869736
2027-09-16,0.00293798813722393
2027-09-17,0.0243973849537596
2027-09-18,0.00293652726396184
2027-09-19,0.00307850022655135
2027-09-20,0.0141613805045856
2027-09-21,0.00293433733264556
2027-09-22,0.00293360777537406
2027-09-23,0.00293287839057233
2027-09-24,0.00293214917635029
2027-09-25,0.00293142025698068
2027-09-26,0.00293069141179668
2027-09-27,0.0149823472758788
2027-09-28,0.00292923436429203
2027-09-29,0.0254271327526458
2027-09-30,0.00292777828167303
2027-10-01,0.0040022425303505
2027-10-02,0.00400124864446426
2027-10-03,0.004000255130403
2027-10-04,0.00399926177204949
2027-10-05,0.00402931028891853
2027-10-06,0.00399727585552533
2027-10-07,0.00399628318008928
2027-10-08,0.00399529065583837
2027-10-09,0.00399429853539388
2027-10-10,0.00399330642657905
2027-10-11,0.00399231439787939
2027-10-12,0.00399132265281338
2027-10-13,0.00399033109802097
2027-10-14,0.00398933951060099
2027-10-15,0.00398834820003072
2027-10-16,0.00398735702223199
2027-10-17,0.0250925099587957
2027-10-18,0.0039853754309594
2027-10-19,0.00398438494350816
2027-10-20,0.00398339480494569
2027-10-21,0.00398240481207661
2027-10-22,0.00398141512125473
2027-10-23,0.00398042558937106
2027-10-24,0.00397943631269305
2027-10-25,0.00397844727765285
2027-10-26,0.0697724978900675
2027-10-27,0.00493592660703008
2027-10-28,0.00430831794049475
2027-10-29,0.00397450579921927
2027-10-30,0.00397352667035867
2027-10-31,0.012248546914237
2027-11-01,0.00861926064595995
2027-11-02,0.0112532882106107
2027-11-03,0.00533512999837418
2027-11-04,0.00503395282665851
2027-11-05,0.00502649831497233
2027-11-06,0.00502527987872824
2027-11-07,0.00534261226381326
2027-11-08,0.00502284585789976
2027-11-09,0.00502162826962334
2027-11-10,0.00502040930258099
2027-11-11,0.00501918876933575
2027-11-12,0.00501796689824963
2027-11-13,0.00501674384074542
2027-11-14,0.00501551951538219
2027-11-15,0.0050142938853274
2027-11-16,0.00501306749283832
2027-11-17,0.00501184017626093
2027-11-18,0.0732732580580911
2027-11-19,0.00869478328048058
2027-11-20,0.154356565955993
2027-11-21,0.387001752600798
2027-11-22,0.145232162351986
2027-11-23,0.10718385723365
2027-11-24,0.060964916795616
2027-11-25,0.349260857273496
2027-11-26,0.168050284622356
2027-11-27,0.0102148747707869
2027-11-28,0.0224220936993989
2027-11-29,0.0270998511884677
2027-11-30,0.0464645688763928
2027-12-01,0.14084842867905
2027-12-02,0.0115156237842147
2027-12-03,0.0289950245331545
2027-12-04,0.0446705392472105
2027-12-05,0.0296426158682784
2027-12-06,0.0354196142338108
2027-12-07,0.113560497549615
2027-12-08,0.142745284513357
2027-12-09,0.0103763492690934
2027-12-10,0.0229633914773848
2027-12-11,0.0456121512128381
2027-12-12,0.0879188455487595
2027-12-13,0.112174212571888
2027-12-14,0.103997633883043
2027-12-15,0.0510110724757193
2027-12-16,0.086558731139586
2027-12-17,0.0587105460861681
2027-12-18,0.0893835333260792
2027-12-19,0.0413303610682658
2027-12-20,0.00879602258307168
2027-12-21,0.00801080712632565
2027-12-22,0.00913670587032189
2027-12-23,0.0103284127613036
2027-12-24,0.0165335485284059
2027-12-25,0.0252519276874762
2027-12-26,0.052927603558292
2027-12-27,0.00815536626223567
2027-12-28,0.00820357538212224
2027-12-29,0.00824431541887252
2027-12-30,0.00827872823385656
2027-12-31,0.0116816120494747
2028-01-01,0.0071337601750145
2028-01-02,0.00715386482727185
2028-01-03,0.00717194118080692
2028-01-04,0.00718826247602515
2028-01-05,0.00720308523689306
2028-01-06,0.00721662575261102
2028-01-07,0.00722905991767406
2028-01-08,0.00724053242166317
2028-01-09,0.0072511618902269
2028-01-10,0.00726104648127448
2028-01-11,0.00727026841136604
2028-01-12,0.00727889667020459
2028-01-13,0.00728699133451963
2028-01-14,0.00729460226450708
2028-01-15,0.00730177348090567
2028-01-16,0.00730854333667981
2028-01-17,0.00731494496160585
2028-01-18,0.00732100814183678
2028-01-19,0.00732675827862002
2028-01-20,0.00733221918835127
2028-01-21,0.00733741102336535
2028-01-22,0.00734235266207603
2028-01-23,0.00734706064364699
2028-01-24,0.00735155022772861
2028-01-25,0.00767765388878817
2028-01-26,0.0124266939786022
2028-01-27,0.0190347964260865
2028-01-28,0.0350225327540475
2028-01-29,0.0729182734565875
2028-01-30,0.104928164049491
2028-01-31,0.132066652650187
2028-02-01,0.0373654749734632
2028-02-02,0.100919429877129
2028-02-03,0.108235138898154
2028-02-04,0.0719020590196724
2028-02-05,0.0265312319901851
2028-02-06,0.0226219042592693
2028-02-07,0.018951239661158
2028-02-08,0.0352210024621463
2028-02-09,0.0386720617316148
2028-02-10,0.0478036767436431
2028-02-11,0.127618047489814
2028-02-12,0.176318659708055
2028-02-13,0.167861265915972
2028-02-14,0.105737291616822
2028-02-15,0.112551854970548
2028-02-16,0.157523942420024
2028-02-17,0.154574133451299
2028-02-18,0.236488167191427
2028-02-19,0.128432442565187
2028-02-20,0.137061091992999
2028-02-21,0.141510063522089
2028-02-22,0.192573382881325
2028-02-23,0.275374805904716
2028-02-24,0.296670695412782
2028-02-25,0.223951874773446
2028-02-26,0.201491078995035
2028-02-27,0.261730677807927
2028-02-28,0.326736458838215
2028-02-29,0.324678137147278
2028-03-01,0.276723320554407
2028-03-02,0.270055232083164
2028-03-03,0.282017073187842
2028-03-04,0.255941443759048
2028-03-05,0.441716071970596
2028-03-06,0.47073935637101
2028-03-07,0.483722650387152
2028-03-08,0.696723958591169
2028-03-09,0.556188666387043
2028-03-10,0.530683065520407
2028-03-11,0.604427703849799
2028-03-12,0.639419063081267
2028-03-13,0.547316828368663
2028-03-14,0.5528118329328
2028-03-15,0.546098929427549
2028-03-16,0.486634712405424
2028-03-17,0.464916141795259
2028-03-18,0.436284199517868
2028-03-19,0.400038193750717
2028-03-20,0.383448508233992
2028-03-21,0.391314179226333
2028-03-22,0.404909119967276
2028-03-23,0.428663914571754
2028-03-24,0.426053185938451
2028-03-25,0.446763998473224
2028-03-26,0.630419199966104
2028-03-27,0.607201021094621
2028-03-28,0.627016977164004
2028-03-29,0.615918695817279
2028-03-30,0.621091001453343
2028-03-31,0.583263733051229
2028-04-01,0.584927721033846
2028-04-02,0.69062662469802
2028-04-03,0.727828685696789
2028-04-04,0.678429117643808
2028-04-05,0.763798785606386
2028-04-06,0.620090862979481
2028-04-07,0.599463436161585
2028-04-08,0.660758330096377
2028-04-09,0.624789762898217
2028-04-10,0.607499634712041
2028-04-11,0.54470415965382
2028-04-12,0.523053845375434
2028-04-13,0.513795023744194
2028-04-14,0.482724383300402
2028-04-15,0.436107150333166
2028-04-16,0.443463732586592
2028-04-17,0.405270493253456
2028-04-18,0.419029908635607
2028-04-19,0.420117204939473
2028-04-20,0.399389449614272
2028-04-21,0.382899920171108
2028-04-22,0.386785606614345
2028-04-23,0.393297958963515
2028-04-24,0.395135451042767
2028-04-25,0.39309157965604
2028-04-26,0.426342391673375
2028-04-27,0.440511846617737
2028-04-28,0.505698705008063
2028-04-29,0.537933189254972
2028-04-30,0.595511142878917
2028-05-01,0.521450759371411
2028-05-02,0.43081468271797
2028-05-03,0.383460665581478
2028-05-04,0.3616237439621
2028-05-05,0.338920749577214
2028-05-06,0.312078725378689
2028-05-07,0.291026664122282
2028-05-08,0.260477124914644
2028-05-09,0.23592946433325
2028-05-10,0.224237149815574
2028-05-11,0.217368021478561
2028-05-12,0.223152378585439
2028-05-13,0.216618031258699
2028-05-14,0.194384309138017
2028-05-15,0.248873968525639
2028-05-16,0.198468609536865
2028-05-17,0.167614504041316
2028-05-18,0.178605074138763
2028-05-19,0.201566061628105
2028-05-20,0.202776682294721
2028-05-21,0.207553922272249
2028-05-22,0.237462993379475
2028-05-23,0.166580480823086
2028-05-24,0.16157187235605
2028-05-25,0.202456674284368
2028-05-26,0.193160811928392
2028-05-27,0.1220710086486
2028-05-28,0.115346354091179
2028-05-29,0.112863117600545
2028-05-30,0.102418359118736
2028-05-31,0.0964748517420361
2028-06-01,0.128760366708759
2028-06-02,0.119768776065873
2028-06-03,0.106248672826527
2028-06-04,0.0963086081966505
2028-06-05,0.0928831891123466
2028-06-06,0.0776288690166191
2028-06-07,0.0634165830292622
2028-06-08,0.0442496158035975
2028-06-09,0.0357244507989662
2028-06-10,0.0330330764262126
2028-06-11,0.0301233154588886
2028-06-12,0.0273343770207108
2028-06-13,0.0242620060222136
2028-06-14,0.021389144298455
2028-06-15,0.019060582009552
2028-06-16,0.0172182154823935
2028-06-17,0.0155113229427767
2028-06-18,0.0139158359695373
2028-06-19,0.0126480414162549
2028-06-20,0.011647158170579
2028-06-21,0.0108336252097831
2028-06-22,0.0101666486528292
2028-06-23,0.00955626834766136
2028-06-24,0.00897450065248686
2028-06-25,0.00845508043343495
2028-06-26,0.00800456744877523
2028-06-27,0.00761633145927914
2028-06-28,0.00725750644552964
2028-06-29,0.00693679685412449
2028-06-30,0.0108250805997759
2028-07-01,0.0173577956103194
2028-07-02,0.0168141586857447
2028-07-03,0.0163166774282866
2028-07-04,0.0158834770395148
2028-07-05,0.0155029584245836
2028-07-06,0.0151468168740197
2028-07-07,0.0148166361789349
2028-07-08,0.0145282019056932
2028-07-09,0.0142548109346547
2028-07-10,0.0139717321207553
2028-07-11,0.0136964805542534
2028-07-12,0.0134082821627607
2028-07-13,0.0130978155835982
2028-07-14,0.0127895544042805
2028-07-15,0.0124883992220899
2028-07-16,0.012170594518068
2028-07-17,0.01184116555582
2028-07-18,0.011514165227165
2028-07-19,0.0111849583492814
2028-07-20,0.0316699359082904
2028-07-21,0.010590486126353
2028-07-22,0.0102993410302675
2028-07-23,0.0100195596048822
2028-07-24,0.010753144559421
2028-07-25,0.00952042717876593
2028-07-26,0.00929298727079104
2028-07-27,0.0104080958628735
2028-07-28,0.00890792750386238
2028-07-29,0.00873325115459695
2028-07-30,0.0085721810528261
2028-07-31,0.00842788422519812
2028-08-01,0.00887089923829106
2028-08-02,0.00875106292538532
2028-08-03,0.0086449631092702
2028-08-04,0.00855214238715388
2028-08-05,0.00847163901181047
2028-08-06,0.0084015583403943
2028-08-07,0.00834029453088053
2028-08-08,0.00828699688931464
2028-08-09,0.0121857267568742
2028-08-10,0.00821562409207509
2028-08-11,0.00818825084876468
2028-08-12,0.00816268357053838
2028-08-13,0.00814122751654222
2028-08-14,0.00811940852980068
2028-08-15,0.00809894144906773
2028-08-16,0.00808256718009682
2028-08-17,0.00983534346097736
2028-08-18,0.00806007446225917
2028-08-19,0.00805058806407016
2028-08-20,0.0080418774170423
2028-08-21,0.0107599628590384
2028-08-22,0.008027009806795
2028-08-23,0.00802012406342636
2028-08-24,0.00801385504324609
2028-08-25,0.00800861902650504
2028-08-26,0.00800434361666565
2028-08-27,0.00800058221464544
2028-08-28,0.00799705280857473
2028-08-29,0.00799381686422433
2028-08-30,0.00799089712359098
2028-08-31,0.00798818851340123
2028-09-01,0.00295497758910688
2028-09-02,0.0029540858516624
2028-09-03,0.00295321341712869
2028-09-04,0.00295235372905577
2028-09-05,0.0029514992318503
2028-09-06,0.00858843938313495
2028-09-07,0.00294984219218457
2028-09-08,0.00294904741464396
2028-09-09,0.00294826385708858
2028-09-10,0.00294747871611898
2028-09-11,0.00294670956073414
2028-09-12,0.0139642686887805
2028-09-13,0.00294523237821116
2028-09-14,0.00294450006803868
2028-09-15,0.00294376794120392
2028-09-16,0.00294303595234499
2028-09-17,0.0279757516045933
2028-09-18,0.00294157259811712
2028-09-19,0.00294084115407363
2028-09-20,0.00294010997818519
2028-09-21,0.00293937897240392
2028-09-22,0.00293864811215877
2028-09-23,0.0029379174704541
2028-09-24,0.00293718710446478
2028-09-25,0.0029364568497539
2028-09-26,0.00293572676278759
2028-09-27,0.00293499679702263
2028-09-28,0.00293426710130282
2028-09-29,0.00296648945200152
2028-09-30,0.00293280812520816
2028-10-01,0.00400911745292284
2028-10-02,0.00400812059114465
2028-10-03,0.126210334773429
2028-10-04,0.118146727076854
2028-10-05,0.094035557473418
2028-10-06,0.00400844362079142
2028-10-07,0.00401425782589628
2028-10-08,0.0127805150369595
2028-10-09,0.0042823618743041
2028-10-10,0.0064192274286099
2028-10-11,0.0040436899810127
2028-10-12,0.00405066484244877
2028-10-13,0.00405659026069321
2028-10-14,0.0040616032673003
2028-10-15,0.00406552367382159
2028-10-16,0.00406827642653061
2028-10-17,0.00407018055900557
2028-10-18,0.00407140588477682
2028-10-19,0.0040720090333366
2028-10-20,0.00407207195962499
2028-10-21,0.00407217796043101
2028-10-22,0.0040721456313643
2028-10-23,0.00407154009776215
2028-10-24,0.00407064612618823
2028-10-25,0.0040698504520856
2028-10-26,0.00406920287964857
2028-10-27,0.00406869705070243
2028-10-28,0.0040683687499279
2028-10-29,0.00406803680811146
2028-10-30,0.0132691508235751
2028-10-31,0.00834593889386332
2028-11-01,0.00516941184490569
2028-11-02,0.00515268430901183
2028-11-03,0.00515226907045339
2028-11-04,0.00515156194930637
2028-11-05,0.00515067954440049
2028-11-06,0.00514974183866045
2028-11-07,0.00884563952393915
2028-11-08,0.00514786681637785
2028-11-09,0.00514702305211494
2028-11-10,0.00514606299636965
2028-11-11,0.0051451743598017
2028-11-12,0.0051445111819604
2028-11-13,0.00536829613581616
2028-11-14,0.00514342548989974
2028-11-15,0.00514286968555642
2028-11-16,0.00830299373921957
2028-11-17,0.0101533622136336
2028-11-18,0.0375619406672574
2028-11-19,0.582933205867763
2028-11-20,0.522982067621413
2028-11-21,0.0191257058079419
2028-11-22,0.0108033249403201
2028-11-23,0.0213855412420994
2028-11-24,0.0485179738869284
2028-11-25,0.0630904345301848
2028-11-26,0.405102996381815
2028-11-27,0.286132117135979
2028-11-28,0.710058029862575
2028-11-29,0.20126567638478
2028-11-30,0.014713826742675
2028-12-01,0.0126442784910666
2028-12-02,0.0187553181203843
2028-12-03,0.0121445709532137
2028-12-04,0.0178850074912562
2028-12-05,0.00791228065632668
2028-12-06,0.00795900336011281
2028-12-07,0.00835861646037351
2028-12-08,0.0101867080367515
2028-12-09,0.0113485743107173
2028-12-10,0.0108571483589724
2028-12-11,0.0102994999359292
2028-12-12,0.00995876181408776
2028-12-13,0.0228892368761613
2028-12-14,0.0266048389940801
2028-12-15,0.00776733807224918
2028-12-16,0.00776863731323454
2028-12-17,0.0077633628623079
2028-12-18,0.00775070277119406
2028-12-19,0.00772888856813488
2028-12-20,0.0077024271092879
2028-12-21,0.00767541237628787
2028-12-22,0.289040688332024
2028-12-23,0.0602180164084019
2028-12-24,0.0583267254756091
2028-12-25,0.0657279517276637
2028-12-26,0.0516006236290988
2028-12-27,0.176201875430345
2028-12-28,0.354378633955257
2028-12-29,0.118714833972358
2028-12-30,0.131328469285507
2028-12-31,0.0955508100102455
2029-01-01,0.0799030439066491
2029-01-02,0.0934807197985422
2029-01-03,0.0367899004934708
2029-01-04,0.0345907092997325
2029-01-05,0.0204239224454307
2029-01-06,0.0189886699205013
2029-01-07,0.0160754015803638
2029-01-08,0.0115101041031228
2029-01-09,0.0112977914836452
2029-01-10,0.0109378791173732
2029-01-11,0.0125706450046995
2029-01-12,0.00898496157472151
2029-01-13,0.0110146130926521
2029-01-14,0.0638044583188637
2029-01-15,0.022491520929502
2029-01-16,0.0143294998176399
2029-01-17,0.013758528191244
2029-01-18,0.0112757879435826
2029-01-19,0.0106035967003475
2029-01-20,0.0113709704866245
2029-01-21,0.0185250208025044
2029-01-22,0.0111707528325573
2029-01-23,0.00918563873960278
2029-01-24,0.0110249938222601
2029-01-25,0.00914628910921963
2029-01-26,0.0101060825265437
2029-01-27,0.0135238927450363
2029-01-28,0.0112408011673025
2029-01-29,0.00906499640692774
2029-01-30,0.00915990824678115
2029-01-31,0.00943176365285792
2029-02-01,0.00691679461196176
2029-02-02,0.00684085996667003
2029-02-03,0.174494215241601
2029-02-04,0.554051813013869
2029-02-05,0.0401036712254537
2029-02-06,0.00872020144873526
2029-02-07,0.00835510869372848
2029-02-08,0.00859627091370059
2029-02-09,0.00879973771699538
2029-02-10,0.00896819106620526
2029-02-11,0.00923156696417236
2029-02-12,0.00922209864007251
2029-02-13,0.00931692087716682
2029-02-14,0.00939508824307072
2029-02-15,0.0094592868392414
2029-02-16,0.00951167669496155
2029-02-17,0.0095540138715977
2029-02-18,0.00958773712143514
2029-02-19,0.00961403689975804
2029-02-20,0.00963390925069704
2029-02-21,0.00964819559070962
2029-02-22,0.00965784475684241
2029-02-23,0.00966382591153271
2029-02-24,0.00966662938778095
2029-02-25,0.00966658473609696
2029-02-26,0.00966398041286997
2029-02-27,0.0103627657952981
2029-02-28,0.010667455872771
2029-03-01,0.00945818297035165
2029-03-02,0.00856787470994346
2029-03-03,0.00855732675574322
2029-03-04,0.00882504071763005
2029-03-05,0.0127478831289204
2029-03-06,0.022709978139175
2029-03-07,0.0678651988151312
2029-03-08,0.13184400534179
2029-03-09,0.200906838945215
2029-03-10,0.242748520235777
2029-03-11,0.479913523036411
2029-03-12,0.830876548558569
2029-03-13,1.46269942724274
2029-03-14,1.21191515573627
2029-03-15,2.2717771951674
2029-03-16,2.08143730618192
2029-03-17,0.652845308989242
2029-03-18,0.65026342438084
2029-03-19,0.650487438729205
2029-03-20,0.652551562896669
2029-03-21,0.734767183791324
2029-03-22,0.723749855781666
2029-03-23,0.762708727054317
2029-03-24,0.79193826921275
2029-03-25,0.80253812895627
2029-03-26,0.683494751781243
2029-03-27,0.642260333923989
2029-03-28,0.605928473953571
2029-03-29,0.584379186407411
2029-03-30,0.568156239289696
2029-03-31,0.529646909416793
2029-04-01,0.475516714336101
2029-04-02,0.48526306467166
2029-04-03,0.420598670235978
2029-04-04,0.399704669408593
2029-04-05,0.368337391044424
2029-04-06,0.357157135728925
2029-04-07,0.361692937870939
2029-04-08,0.435016148889877
2029-04-09,0.600738414113374
2029-04-10,0.769086203345329
2029-04-11,0.869417174966708
2029-04-12,0.820502618578801
2029-04-13,0.890626539644758
2029-04-14,0.698310300390312
2029-04-15,0.798775763450578
2029-04-16,0.706552887879168
2029-04-17,0.643978240640664
2029-04-18,0.620997253345653
2029-04-19,0.584717470179994
2029-04-20,0.653315034504684
2029-04-21,0.722085203552506
2029-04-22,0.795987207087055
2029-04-23,0.803890447424851
2029-04-24,0.654255950131167
2029-04-25,0.621872680692881
2029-04-26,0.692124853301584
2029-04-27,0.790081648129985
2029-04-28,0.955068563081814
2029-04-29,1.09583346684103
2029-04-30,1.30241269500405
2029-05-01,1.27185183814731
2029-05-02,0.767311242294243
2029-05-03,0.74632905602745
2029-05-04,0.806106798865269
2029-05-05,0.81655753889206
2029-05-06,0.85695865169817
2029-05-07,1.00297342844554
2029-05-08,1.00626780420088
2029-05-09,1.16583011944231
2029-05-10,1.53045835527789
2029-05-11,2.0285873583295
2029-05-12,1.87524924929118
2029-05-13,1.63554630489622
2029-05-14,1.3162065064107
2029-05-15,1.3996171583031
2029-05-16,1.28260615550245
2029-05-17,0.86078754818292
2029-05-18,0.903172930749328
2029-05-19,0.920312600825871
2029-05-20,1.03643711792389
2029-05-21,0.88944442843426
2029-05-22,0.787619871957818
2029-05-23,0.931025054156625
2029-05-24,0.759328168586974
2029-05-25,0.743035050387486
2029-05-26,0.651295484592824
2029-05-27,0.445912665023749
2029-05-28,0.431355222602958
2029-05-29,0.416084511200605
2029-05-30,0.397292297338586
2029-05-31,0.424962356885351
2029-06-01,0.617781744786802
2029-06-02,0.576854725330441
2029-06-03,0.614998856330289
2029-06-04,0.664135436815683
2029-06-05,0.626479686112795
2029-06-06,0.582735219125806
2029-06-07,0.389525406874163
2029-06-08,0.273006040504497
2029-06-09,0.227612014625439
2029-06-10,0.21790372942946
2029-06-11,0.210590812767713
2029-06-12,0.190849647520128
2029-06-13,0.176416328568905
2029-06-14,0.15542539292339
2029-06-15,0.136995818329359
2029-06-16,0.124755824321027
2029-06-17,0.121853589094074
2029-06-18,0.112245852582512
2029-06-19,0.10226577884675
2029-06-20,0.0903463000031486
2029-06-21,0.0701070856183998
2029-06-22,0.0649752853295819
2029-06-23,0.0384872114367617
2029-06-24,0.0356325997635729
2029-06-25,0.0326258742952959
2029-06-26,0.0296238556353715
2029-06-27,0.0262868139476384
2029-06-28,0.02285621259303
2029-06-29,0.0198585950488427
2029-06-30,0.0173449720326828
2029-07-01,0.0403324440700401
2029-07-02,0.0360619051754441
2029-07-03,0.0326144029625105
2029-07-04,0.0298881380856276
2029-07-05,0.027646382507701
2029-07-06,0.0257248670227072
2029-07-07,0.0240936661526409
2029-07-08,0.0310243288219903
2029-07-09,0.198114389631317
2029-07-10,0.0305802460424841
2029-07-11,0.0221479324679519
2029-07-12,0.0214626489498183
2029-07-13,0.0205840243204356
2029-07-14,0.0196493237152184
2029-07-15,0.0187127693128679
2029-07-16,0.115513052641045
2029-07-17,0.017719296173518
2029-07-18,0.0170624104709178
2029-07-19,0.0164358309516232
2029-07-20,0.0158380927630429
2029-07-21,0.0153226009401125
2029-07-22,0.0148815915268136
2029-07-23,0.0145147610464001
2029-07-24,0.0141862547454115
2029-07-25,0.0138684525946466
2029-07-26,0.013557655890239
2029-07-27,0.013247848366781
2029-07-28,0.0129356775298556
2029-07-29,0.0126185713285808
2029-07-30,0.0122993599556387
2029-07-31,0.0119857453481144
2029-08-01,0.0124847532003096
2029-08-02,0.0121734174977195
2029-08-03,0.0118712140281717
2029-08-04,0.0115667795137662
2029-08-05,0.011267220863934
2029-08-06,0.0109928824755966
2029-08-07,0.0107473953164614
2029-08-08,0.0105068490746474
2029-08-09,0.0102726141944119
2029-08-10,0.0100651009905635
2029-08-11,0.00989790992930869
2029-08-12,0.00975840858324268
2029-08-13,0.0096297048261832
2029-08-14,0.00951066125820559
2029-08-15,0.00939908788420657
2029-08-16,0.00929273237114921
2029-08-17,0.0091828770263856
2029-08-18,0.00907695787630939
2029-08-19,0.00898094483969204
2029-08-20,0.00888957467503223
2029-08-21,0.00880494086489132
2029-08-22,0.00872452311857052
2029-08-23,0.00864768675117989
2029-08-24,0.0187321931838756
2029-08-25,0.00852737582590919
2029-08-26,0.00847746059266945
2029-08-27,0.0084292209700111
2029-08-28,0.00838590077601214
2029-08-29,0.00834830909556489
2029-08-30,0.00831312358529012
2029-08-31,0.00827692779250308
2029-09-01,0.00305006982260013
2029-09-02,0.00303923003185878
2029-09-03,0.0030294763746697
2029-09-04,0.00302036261929725
2029-09-05,0.00301258888242378
2029-09-06,0.00300620203117264
2029-09-07,0.00300044534333908
2029-09-08,0.00299519115703819
2029-09-09,0.00299036086574811
2029-09-10,0.00298589946153625
2029-09-11,0.00298196121482861
2029-09-12,0.0029785854759018
2029-09-13,0.00297556365698513
2029-09-14,0.00297274056174983
2029-09-15,0.00297008033514903
2029-09-16,0.0029675550396794
2029-09-17,0.00296525648619539
2029-09-18,0.00296325136733811
2029-09-19,0.00296142695899455
2029-09-20,0.00295977009652379
2029-09-21,0.00295823064603608
2029-09-22,0.00295674319234786
2029-09-23,0.00295528974449987
2029-09-24,0.00295400665449066
2029-09-25,0.00295290943774767
2029-09-26,0.00295186352745258
2029-09-27,0.0029508809140343
2029-09-28,0.00294998624318623
2029-09-29,0.00294914731763809
2029-09-30,0.00294831994543794
2029-10-01,0.0040301971040732
2029-10-02,0.00402905895849737
2029-10-03,0.00402791065993543
2029-10-04,0.00402676862974165
2029-10-05,0.00402565023708475
2029-10-06,0.00402454668383
2029-10-07,0.00700659362777793
2029-10-08,0.0106828943135805
2029-10-09,0.361502970977778
2029-10-10,0.125128643312535
2029-10-11,0.00451304284742302
2029-10-12,0.0224632757607085
2029-10-13,0.00414020715533566
2029-10-14,0.00417481786574739
2029-10-15,0.00419888231487838
2029-10-16,0.00421545606956487
2029-10-17,0.00422783157079361
2029-10-18,0.004238510273157
2029-10-19,0.00424734351612131
2029-10-20,0.00425161977755344
2029-10-21,0.00425240778999417
2029-10-22,0.0042524057477027
2029-10-23,0.0101434926195188
2029-10-24,0.00663984019106459
2029-10-25,0.00819830721568483
2029-10-26,0.0455937600694075
2029-10-27,0.681063248841829
2029-10-28,1.04199379960423
2029-10-29,0.278930080839562
2029-10-30,0.0968537564142572
2029-10-31,0.0431377151084809
2029-11-01,0.0802684815428501
2029-11-02,0.0589217794712817
2029-11-03,0.0236833242644324
2029-11-04,0.0228816152498966
2029-11-05,0.105461026311442
2029-11-06,0.335546070981134
2029-11-07,0.150343012632329
2029-11-08,0.0146017978964201
2029-11-09,0.0133670980898267
2029-11-10,0.0408428900450073
2029-11-11,0.206114904081418
2029-11-12,0.421645864441594
2029-11-13,0.242692418006351
2029-11-14,0.04958411156655
2029-11-15,0.0485530654397515
2029-11-16,0.0364144417567928
2029-11-17,0.0435701989480569
2029-11-18,0.0556397459824071
2029-11-19,0.0278113193607561
2029-11-20,0.0215922403102302
2029-11-21,0.0193284777355861
2029-11-22,0.0226698188655277
2029-11-23,0.198739430971406
2029-11-24,0.0733319017609287
2029-11-25,0.0140209160532695
2029-11-26,0.0125450630052111
2029-11-27,0.0125895750688671
2029-11-28,0.0389396433072219
2029-11-29,0.10491878239874
2029-11-30,0.236431052684546
2029-12-01,0.380128394688621
2029-12-02,0.0985759871088975
2029-12-03,0.0290605114389965
2029-12-04,0.0253391727948981
2029-12-05,0.0158752077219285
2029-12-06,0.0133782637142622
2029-12-07,0.0135103546873149
2029-12-08,0.0145836614289551
2029-12-09,0.0136468324067653
2029-12-10,0.0260312550068787
2029-12-11,0.0740277622539787
2029-12-12,0.19811418551294
2029-12-13,0.250393267664265
2029-12-14,0.544576611938275
2029-12-15,3.61016707322415
2029-12-16,0.31139819061415
2029-12-17,0.199517317157224
2029-12-18,0.223449699384666
2029-12-19,0.232773606331029
2029-12-20,0.235486956458018
2029-12-21,0.233364522285424
2029-12-22,0.2296522721364
2029-12-23,0.224630911313946
2029-12-24,0.21883739891094
2029-12-25,0.212613873161994
2029-12-26,0.211422819947192
2029-12-27,0.210546238561005
2029-12-28,0.202723711814217
2029-12-29,0.189488866989582
2029-12-30,0.184849484672419
2029-12-31,0.17980090568578
2030-01-01,0.149415283214388
2030-01-02,0.144900733635699
2030-01-03,0.140430360363958
2030-01-04,0.136049558259123
2030-01-05,0.131785623679957
2030-01-06,0.127654664455463
2030-01-07,0.123665547693489
2030-01-08,0.119822351990384
2030-01-09,0.217708430277646
2030-01-10,0.360142670840841
2030-01-11,0.166617043349354
2030-01-12,0.18128952192829
2030-01-13,0.181713717736178
2030-01-14,0.183191239833723
2030-01-15,0.187896365790435
2030-01-16,0.24600534458743
2030-01-17,0.187145838672693
2030-01-18,0.190091031178905
2030-01-19,0.187582794628505
2030-01-20,0.183012771883961
2030-01-21,0.177542154552246
2030-01-22,0.171701975727776
2030-01-23,0.165768545265541
2030-01-24,0.159894360046017
2030-01-25,0.154165220572984
2030-01-26,0.148628698901216
2030-01-27,0.143622806811888
2030-01-28,0.142243742235485
2030-01-29,0.133423843935727
2030-01-30,0.128931581546414
2030-01-31,0.124674034754083
2030-02-01,0.104879002350671
2030-02-02,0.282478050342305
2030-02-03,0.115218461437997
2030-02-04,0.116650579833147
2030-02-05,0.125123897197015
2030-02-06,0.466310607098497
2030-02-07,0.166089336946908
2030-02-08,0.176914187304682
2030-02-09,0.178208249879324
2030-02-10,0.182238278099731
2030-02-11,0.16940888787513
2030-02-12,0.167268884574195
2030-02-13,0.170977114003153
2030-02-14,0.183348542828597
2030-02-15,0.211233170358137
2030-02-16,0.308178189985427
2030-02-17,0.443770756260722
2030-02-18,0.664578092270566
2030-02-19,0.755903237735726
2030-02-20,0.801487693530671
2030-02-21,0.691648555614862
2030-02-22,0.637896155628332
2030-02-23,0.743793712542012
2030-02-24,0.818847780313298
2030-02-25,0.934051401289391
2030-02-26,1.05870088086839
2030-02-27,1.0744224579649
2030-02-28,1.0255835372601
2030-03-01,1.01746792959603
2030-03-02,1.12272404380488
2030-03-03,1.21312351941684
2030-03-04,1.18258917406165
2030-03-05,0.749780218214594
2030-03-06,0.747542293973835
2030-03-07,0.827367901456186
2030-03-08,0.982515566670134
2030-03-09,1.22012078431475
2030-03-10,1.57165072791976
2030-03-11,1.58361314685484
2030-03-12,1.51809319475644
2030-03-13,1.85940705233542
2030-03-14,1.94510103309375
2030-03-15,2.03537647182319
2030-03-16,2.12499800229571
2030-03-17,1.76568083544596
2030-03-18,1.07495177190351
2030-03-19,0.901730106546923
2030-03-20,0.691878486028946
2030-03-21,0.690075432448212
2030-03-22,0.716033598894919
2030-03-23,0.851482873468531
2030-03-24,0.960826813319255
2030-03-25,1.12946505647624
2030-03-26,1.04374642976817
2030-03-27,0.89974253443504
2030-03-28,0.959873885951579
2030-03-29,0.974969985268575
2030-03-30,1.02005810195157
2030-03-31,0.860965841649704
2030-04-01,0.761628051803896
2030-04-02,0.631327846056749
2030-04-03,0.783454159092305
2030-04-04,0.98337148797075
2030-04-05,1.06891606555794
2030-04-06,0.996294425957836
2030-04-07,0.960580083155259
2030-04-08,0.660077505536427
2030-04-09,0.700209728395777
2030-04-10,0.741741884699365
2030-04-11,0.800341258258072
2030-04-12,1.08067490509079
2030-04-13,1.29739569165453
2030-04-14,1.38069813424342
2030-04-15,0.921039153881924
2030-04-16,0.798540619870957
2030-04-17,1.49450868060498
2030-04-18,1.21916578832305
2030-04-19,1.33434488561766
2030-04-20,1.42565273310508
2030-04-21,1.33909020565504
2030-04-22,1.14745980140143
2030-04-23,1.03596032666076
2030-04-24,1.23930137411988
2030-04-25,1.36377362413242
2030-04-26,1.36548503007213
2030-04-27,1.159061996028
2030-04-28,0.887733781361424
2030-04-29,0.917756869264877
2030-04-30,0.937895963630492
2030-05-01,1.35968120558965
2030-05-02,1.26344666928931
2030-05-03,0.596752033162179
2030-05-04,0.905635814146364
2030-05-05,0.641008864556634
2030-05-06,0.637121500807295
2030-05-07,0.569114594598551
2030-05-08,0.612229917605621
2030-05-09,0.634628899123834
2030-05-10,0.624534152981672
2030-05-11,0.629500565194904
2030-05-12,0.636358807027498
2030-05-13,0.543220731568758
2030-05-14,0.551342282575295
2030-05-15,0.518354174392169
2030-05-16,0.528766254803373
2030-05-17,0.530680695176255
2030-05-18,0.544779809091687
2030-05-19,0.575149183852376
2030-05-20,0.43460200083745
2030-05-21,0.402493269318934
2030-05-22,0.371265952419567
2030-05-23,0.384261356504082
2030-05-24,0.385652871883194
2030-05-25,0.403470528733778
2030-05-26,0.411254268755862
2030-05-27,0.410254573929179
2030-05-28,0.316356592422483
2030-05-29,0.286123388815791
2030-05-30,0.252206094355837
2030-05-31,0.230164902071874
2030-06-01,0.32841765532043
2030-06-02,0.289458756754933
2030-06-03,0.185098735188354
2030-06-04,0.169409493036746
2030-06-05,0.15721027850256
2030-06-06,0.147613997478424
2030-06-07,0.132150276631334
2030-06-08,0.135000210712644
2030-06-09,0.099544023418333
2030-06-10,0.0867703988512189
2030-06-11,0.0844620877708896
2030-06-12,0.0679876804745006
2030-06-13,0.0628734386354805
2030-06-14,0.0584442761926262
2030-06-15,0.058751329508758
2030-06-16,0.0595562381403245
2030-06-17,0.0572938251901455
2030-06-18,0.0330493150342452
2030-06-19,0.0246545082827085
2030-06-20,0.022382579796773
2030-06-21,0.0206015993577698
2030-06-22,0.0187905125366798
2030-06-23,0.0166643708589831
2030-06-24,0.0163866010568346
2030-06-25,0.0134613883128097
2030-06-26,0.0122414275958176
2030-06-27,0.0112649427581083
2030-06-28,0.0104613519389435
2030-06-29,0.00974799146808449
2030-06-30,0.00907843676708722
2030-07-01,0.0221702285084642
2030-07-02,0.0206802343166647
2030-07-03,0.0194627824097968
2030-07-04,0.0184464018413978
2030-07-05,0.0176140862967761
2030-07-06,0.016933561039917
2030-07-07,0.0163448555896494
2030-07-08,0.015902307870728
2030-07-09,0.0155873683355426
2030-07-10,0.0153070041642164
2030-07-11,0.0150316706413939
2030-07-12,0.0147440684909456
2030-07-13,0.0144193484907271
2030-07-14,0.0141064052774587
2030-07-15,0.0138406001246793
2030-07-16,0.0135627838062412
2030-07-17,0.0132654415219437
2030-07-18,0.0129414568812196
2030-07-19,0.0125973887410616
2030-07-20,0.0267830427745407
2030-07-21,0.0120072726241209
2030-07-22,0.0278700438182861
2030-07-23,0.0115007120113989
2030-07-24,0.0277050390759397
2030-07-25,0.0109976415419576
2030-07-26,0.0107371137609158
2030-07-27,0.0104893763381275
2030-07-28,0.0102635269903223
2030-07-29,0.0100456836776374
2030-07-30,0.00984278715356699
2030-07-31,0.00965350955784853
2030-08-01,0.0101274971700613
2030-08-02,0.00994295107997107
2030-08-03,0.00975850810493795
2030-08-04,0.00957859235217812
2030-08-05,0.00941219786161987
2030-08-06,0.00926640000500567
2030-08-07,0.00913523596920072
2030-08-08,0.00900749930471637
2030-08-09,0.00888935347257659
2030-08-10,0.00878256210732149
2030-08-11,0.00868900682937157
2030-08-12,0.0217433676925521
2030-08-13,0.0106209999739131
2030-08-14,0.0205427811446347
2030-08-15,0.00859049377888354
2030-08-16,0.00838924844467565
2030-08-17,0.00833905905669341
2030-08-18,0.00829448010763394
2030-08-19,0.00825623890084361
2030-08-20,0.00841471599625478
2030-08-21,0.00879574727717364
2030-08-22,0.0970200880204392
2030-08-23,0.00817681826456715
2030-08-24,0.00815631473496226
2030-08-25,0.00813558532923263
2030-08-26,0.00811540431918276
2030-08-27,0.00809669457822182
2030-08-28,0.00808131934303361
2030-08-29,0.00806881801715238
2030-08-30,0.00805784329353648
2030-08-31,0.00841005307540651
2030-09-01,0.00300670604949422
2030-09-02,0.00297256428796181
2030-09-03,0.00297012099430583
2030-09-04,0.00296798389898437
2030-09-05,0.00296619462084217
2030-09-06,0.00296457861291518
2030-09-07,0.00296292195811693
2030-09-08,0.00296128736314684
2030-09-09,0.00295976160817615
2030-09-10,0.00296461350709285
2030-09-11,0.0432936645101476
2030-09-12,0.00295640043963698
2030-09-13,0.00295525570203935
2030-09-14,0.00295412601679964
2030-09-15,0.00295301612116621
2030-09-16,0.00295196358496071
2030-09-17,0.00295094888980326
2030-09-18,0.00294995163204799
2030-09-19,0.00294898417376075
2030-09-20,0.00294803699059399
2030-09-21,0.0029470995862267
2030-09-22,0.00294618153367603
2030-09-23,0.0029452874974222
2030-09-24,0.00294442412629284
2030-09-25,0.00407471661409029
2030-09-26,0.00294280287812009
2030-09-27,0.002942008997186
2030-09-28,0.0029412222775274
2030-09-29,0.00294043720554571
2030-09-30,0.00293965282320682
2030-10-01,0.00412098151523567
2030-10-02,0.00404009639442695
2030-10-03,0.00401634956878208
2030-10-04,0.00401529288776381
2030-10-05,0.00401422967703383
2030-10-06,0.00401317075795873
2030-10-07,0.0040121340340239
2030-10-08,0.0040111137391964
2030-10-09,0.0040100957980759
2030-10-10,0.00400908120757973
2030-10-11,0.00400806639450543
2030-10-12,0.00400706030720377
2030-10-13,0.0040060640737484
2030-10-14,0.00400506805770244
2030-10-15,0.0277655055408873
2030-10-16,0.00400307690558547
2030-10-17,0.0040020816092841
2030-10-18,0.00400108659984683
2030-10-19,0.00400009190279421
2030-10-20,0.0039990974047374
2030-10-21,0.0311850342585269
2030-10-22,0.00399710922043627
2030-10-23,0.00399611571477419
2030-10-24,0.00399512254249469
2030-10-25,0.00399412960313075
2030-10-26,0.00650651885041639
2030-10-27,0.00399214477849921
2030-10-28,0.00399115273138598
2030-10-29,0.00399016099245784
2030-10-30,0.0039891695691448
2030-10-31,0.00398817830606215
2030-11-01,0.00505118129413787
2030-11-02,0.00504992593896898
2030-11-03,0.00504867105689405
2030-11-04,0.00504741637944451
2030-11-05,0.0050461619688265
2030-11-06,0.00504490777388366
2030-11-07,0.00504365408968584
2030-11-08,0.00505124882420476
2030-11-09,0.00504114728892107
2030-11-10,0.00503989433891922
2030-11-11,0.00985859840767559
2030-11-12,0.00503738940638439
2030-11-13,0.00503613733381625
2030-11-14,0.00503488564144212
2030-11-15,0.00503363413609561
2030-11-16,0.00503238307233074
2030-11-17,0.00503113224674981
2030-11-18,0.00502988175798231
2030-11-19,0.00502863142636713
2030-11-20,0.00502738161531898
2030-11-21,0.00502613194873633
2030-11-22,0.00502488248596064
2030-11-23,0.0050236335024176
2030-11-24,0.00502238470672072
2030-11-25,0.00502113629244558
2030-11-26,0.00501988807788483
2030-11-27,0.00699933253886761
2030-11-28,0.00562707796886815
2030-11-29,0.00501614545549233
2030-11-30,0.144467279830506
2030-12-01,0.173106238912107
2030-12-02,0.00985723149200512
2030-12-03,0.00909538236080009
2030-12-04,0.0128645241856019
2030-12-05,0.0910222905028703
2030-12-06,0.00914908626046135
2030-12-07,0.00479337679189842
2030-12-08,0.0147004692334582
2030-12-09,0.0352746869172809
2030-12-10,0.0246912477399195
2030-12-11,0.0230257311293571
2030-12-12,0.0130098073023702
2030-12-13,0.00527757126759581
2030-12-14,0.00530902810688049
2030-12-15,0.00518578268424689
2030-12-16,0.00466152875206627
2030-12-17,0.00429984485484775
2030-12-18,0.00431198274657299
2030-12-19,0.00432345792265596
2030-12-20,0.0043358656124876
2030-12-21,0.0043487970517873
2030-12-22,0.0222859082723335
2030-12-23,0.0165176167197194
2030-12-24,0.0100236509390594
2030-12-25,0.0352827117481637
2030-12-26,0.0524035991572149
2030-12-27,0.010508075283862
2030-12-28,0.0127243237234811
2030-12-29,0.0332026755289498
2030-12-30,0.017582674242348
2030-12-31,0.201246904834328
2031-01-01,0.116291183488223
2031-01-02,0.125128962628748
2031-01-03,1.85813618206406
2031-01-04,0.924678619544422
2031-01-05,0.00675767095872261
2031-01-06,0.00728395142169567
2031-01-07,0.0188193099659848
2031-01-08,0.0248952866543832
2031-01-09,0.0246739494300389
2031-01-10,0.0197680037036654
2031-01-11,0.0161351812603545
2031-01-12,0.0172158855940685
2031-01-13,0.00956406413806926
2031-01-14,0.0108785692950303
2031-01-15,0.0143642450443976
2031-01-16,0.0176852524119556
2031-01-17,0.0156367708590499
2031-01-18,0.0280043460727082
2031-01-19,0.0244144445179132
2031-01-20,0.0943449269640022
2031-01-21,0.0798318792636379
2031-01-22,0.0157363217657077
2031-01-23,0.00790490390357301
2031-01-24,0.0079762238005385
2031-01-25,0.0119959176499165
2031-01-26,0.0123160613026913
2031-01-27,0.00795154959293925
2031-01-28,0.0104250493335192
2031-01-29,0.039174058313095
2031-01-30,0.0598029727465483
2031-01-31,0.0481310502478
2031-02-01,0.0179029893383627
2031-02-02,0.00970859726608035
2031-02-03,0.00960132338721827
2031-02-04,0.0114775024565864
2031-02-05,0.0735617147179063
2031-02-06,0.066415643296953
2031-02-07,0.0155679469197727
2031-02-08,0.009315512798209
2031-02-09,0.025110558570361
2031-02-10,0.0739500479071197
2031-02-11,0.0632828717495178
2031-02-12,0.04083247964839
2031-02-13,0.034241963397046
2031-02-14,0.0539880607741279
2031-02-15,0.488719266938985
2031-02-16,1.26783199158888
2031-02-17,0.286040035010174
2031-02-18,0.0722808623621905
2031-02-19,0.0703956156891027
2031-02-20,0.070300891217572
2031-02-21,0.0826265714994242
2031-02-22,0.108346652392407
2031-02-23,0.0914735518668994
2031-02-24,0.0912338057447413
2031-02-25,0.0930944748939442
2031-02-26,0.107795314560788
2031-02-27,0.12516586978928
2031-02-28,0.109737619980045
2031-03-01,0.0871948238312978
2031-03-02,0.162247272747981
2031-03-03,0.0947628048940609
2031-03-04,0.0931265597898377
2031-03-05,0.0917575544559879
2031-03-06,0.0937025321299952
2031-03-07,0.0928022124886373
2031-03-08,0.0909920972262822
2031-03-09,0.088289575627621
2031-03-10,0.084316784192902
2031-03-11,0.0844903138580123
2031-03-12,0.0822408870342703
2031-03-13,0.0813347928790624
2031-03-14,0.136038397280466
2031-03-15,0.0885932282365387
2031-03-16,0.0904355284067349
2031-03-17,0.0975992407571151
2031-03-18,0.0918413350362541
2031-03-19,0.135107554418336
2031-03-20,0.0996769068161285
2031-03-21,0.0961188050909195
2031-03-22,0.107786880093165
2031-03-23,0.117692497118691
2031-03-24,0.117226496096553
2031-03-25,0.125895737716812
2031-03-26,0.111417738568777
2031-03-27,0.117937456148172
2031-03-28,0.118667549524545
2031-03-29,0.132929327586645
2031-03-30,0.166048798006085
2031-03-31,0.201619045080486
2031-04-01,0.151597392821412
2031-04-02,0.146531327894891
2031-04-03,0.135811956136989
2031-04-04,0.125082541093067
2031-04-05,0.117015013827331
2031-04-06,0.105381749453357
2031-04-07,0.0982766668746853
2031-04-08,0.101964915290115
2031-04-09,0.0833064202229181
2031-04-10,0.0749666884060225
2031-04-11,0.0699875915359156
2031-04-12,0.0631376138224123
2031-04-13,0.0585559524854392
2031-04-14,0.0529435271363807
2031-04-15,0.0450119773061539
2031-04-16,0.0382941523112195
2031-04-17,0.0347671805916633
2031-04-18,0.0343896457901678
2031-04-19,0.0351375697408896
2031-04-20,0.0286819671622452
2031-04-21,0.024716533026261
2031-04-22,0.0219433624937077
2031-04-23,0.0193184795129151
2031-04-24,0.0165533943349591
2031-04-25,0.0141174233025896
2031-04-26,0.0122891322852978
2031-04-27,0.010875022351527
2031-04-28,0.00994841373346044
2031-04-29,0.00932228398948101
2031-04-30,0.00881831520899914
2031-05-01,0.00780485239219635
2031-05-02,0.00749938753238307
2031-05-03,0.00727815088644198
2031-05-04,0.00705710496980478
2031-05-05,0.00679981772935997
2031-05-06,0.00654011334715929
2031-05-07,0.00630387215180065
2031-05-08,0.00612049896633637
2031-05-09,0.00614282693579546
2031-05-10,0.00676015560251099
2031-05-11,0.00700723340277253
2031-05-12,0.00792721704800165
2031-05-13,0.00567957801609459
2031-05-14,0.00557070402404699
2031-05-15,0.00546802084307853
2031-05-16,0.00537565209635921
2031-05-17,0.00529149487737683
2031-05-18,0.00522326018805881
2031-05-19,0.00516634318497707
2031-05-20,0.00510866832889049
2031-05-21,0.00504809375331484
2031-05-22,0.00498468953050532
2031-05-23,0.00492084327542075
2031-05-24,0.00881530194915625
2031-05-25,0.00642008280659224
2031-05-26,0.00541789308547941
2031-05-27,0.00913470602325025
2031-05-28,0.00470584906386118
2031-05-29,0.00938171158702134
2031-05-30,0.0045983808260763
2031-05-31,0.00453510003226844
2031-06-01,0.00648567587483953
2031-06-02,0.00635142633624527
2031-06-03,0.00622288500447756
2031-06-04,0.00609891511591591
2031-06-05,0.00597695530501382
2031-06-06,0.00585076062075487
2031-06-07,0.00571713254421578
2031-06-08,0.00560319021872387
2031-06-09,0.00546262027950856
2031-06-10,0.00531501121133037
2031-06-11,0.00516050283393665
2031-06-12,0.00500714161741377
2031-06-13,0.00486013257139321
2031-06-14,0.00472693778194828
2031-06-15,0.00461202272314169
2031-06-16,0.00450482851904545
2031-06-17,0.00439677607592331
2031-06-18,0.0042916402365246
2031-06-19,0.00418644374755901
2031-06-20,0.0040822007977185
2031-06-21,0.00398875716908444
2031-06-22,0.00389742783286502
2031-06-23,0.0038048420814711
2031-06-24,0.00371796189941271
2031-06-25,0.00363702428500442
2031-06-26,0.00356234226724976
2031-06-27,0.00349081676922625
2031-06-28,0.0034191306378654
2031-06-29,0.0033487458217477
2031-06-30,0.00328399221049091
2031-07-01,0.00847837079489692
2031-07-02,0.00833496998958774
2031-07-03,0.0082055195330233
2031-07-04,0.00808984412685252
2031-07-05,0.00799009478129113
2031-07-06,0.00790491393549799
2031-07-07,0.00783170085059356
2031-07-08,0.00777021819854093
2031-07-09,0.00771818071524412
2031-07-10,0.00767448264153215
2031-07-11,0.00763805906437044
2031-07-12,0.0076088438075696
2031-07-13,0.00758703983235255
2031-07-14,0.00853735000065914
2031-07-15,0.0075562655858002
2031-07-16,0.00754254295841852
2031-07-17,0.00752952090494479
2031-07-18,0.00751900177205583
2031-07-19,0.00751201857619139
2031-07-20,0.00750654833439055
2031-07-21,0.00750165556175968
2031-07-22,0.00749773806934499
2031-07-23,0.00749450175409083
2031-07-24,0.00749148193937042
2031-07-25,0.00748867269128091
2031-07-26,0.00748606836266793
2031-07-27,0.00748362047988349
2031-07-28,0.00748128959050852
2031-07-29,0.0074790476194701
2031-07-30,0.00747688285189514
2031-07-31,0.00747486314204941
2031-08-01,0.0079869075341507
2031-08-02,0.00798486153913119
2031-08-03,0.00798281739442488
2031-08-04,0.0079807745432778
2031-08-05,0.00797873308593115
2031-08-06,0.00797671136398195
2031-08-07,0.00797471883075575
2031-08-08,0.00797273586003514
2031-08-09,0.00797075343138351
2031-08-10,0.00796877139731213
2031-08-11,0.0173125052958211
2031-08-12,0.00796480907157955
2031-08-13,0.00796282859028999
2031-08-14,0.00796084878004226
2031-08-15,0.00795886924050978
2031-08-16,0.00795689018430621
2031-08-17,0.00795491159546954
2031-08-18,0.00795342507119294
2031-08-19,0.00795095614999067
2031-08-20,0.00794897914394436
2031-08-21,0.00794700270933708
2031-08-22,0.00794502676061261
2031-08-23,0.00794305125626977
2031-08-24,0.00794107620397031
2031-08-25,0.00793910147410295
2031-08-26,0.00793712748231778
2031-08-27,0.00793515385191187
2031-08-28,0.00793318096597295
2031-08-29,0.00793120812345061
2031-08-30,0.00792923622140841
2031-08-31,0.00792726455688051
2031-09-01,0.00293263887849994
2031-09-02,0.0029319097627983
2031-09-03,0.00293118071254068
2031-09-04,0.00293045185672498
2031-09-05,0.0029297231884997
2031-09-06,0.00292899472085911
2031-09-07,0.0029282664438803
2031-09-08,0.00292753833535486
2031-09-09,0.00292681039835413
2031-09-10,0.00292608270824504
2031-09-11,0.00292535505333871
2031-09-12,0.00292462774219059
2031-09-13,0.00292390051326096
2031-09-14,0.00292317348869616
2031-09-15,0.00874133362606787
2031-09-16,0.00292171995390451
2031-09-17,0.00292099346470479
2031-09-18,0.00292026720042454
2031-09-19,0.00291954101600014
2031-09-20,0.00291881511367014
2031-09-21,0.00291808936750797
2031-09-22,0.00291736372270131
2031-09-23,0.00291663834675849
2031-09-24,0.00291591313596137
2031-09-25,0.00291518812952911
2031-09-26,0.00291446326178145
2031-09-27,0.00291373858162418
2031-09-28,0.00291301404180534
2031-09-29,0.0029122897609274
2031-09-30,0.00291156561637146
2031-10-01,0.00398007903396104
2031-10-02,0.00397908934249306
2031-10-03,0.0039780999931299
2031-10-04,0.00397711083080989
2031-10-05,0.0465783474058714
2031-10-06,0.0039751333577169
2031-10-07,0.00397414492580198
2031-10-08,0.00397315676298367
2031-10-09,0.00397216894323931
2031-10-10,0.00397118127564923
2031-10-11,0.00397019399248288
2031-10-12,0.00396920688117654
2031-10-13,0.00396822001603061
2031-10-14,0.00396723343807183
2031-10-15,0.00396624707752243
2031-10-16,0.00396526097185565
2031-10-17,0.00396427505064766
2031-10-18,0.00396328940951982
2031-10-19,0.00396230402327461
2031-10-20,0.00396131882730297
2031-10-21,0.00396033397763576
2031-10-22,0.00395934935668451
2031-10-23,0.00395836489887106
2031-10-24,0.00395738076119537
2031-10-25,0.00395765558895182
2031-10-26,0.0174469295632252
2031-10-27,0.0346007813269068
2031-10-28,0.0061955603020161
2031-10-29,0.00746182703144009
2031-10-30,0.00648039756601272
2031-10-31,0.00427390253252201
2031-11-01,0.00554888030980966
2031-11-02,0.00500221812536481
2031-11-03,0.00500097598531385
2031-11-04,0.00503513513055782
2031-11-05,0.00521582445458963
2031-11-06,0.00499725185164519
2031-11-07,0.00499601119267289
2031-11-08,0.00499477077515856
2031-11-09,0.00499353068218014
2031-11-10,0.00499229079546413
2031-11-11,0.00499105116043735
2031-11-12,0.00498981184585396
2031-11-13,0.00498857276740829
2031-11-14,0.00498733371761018
2031-11-15,0.00498609526982001
2031-11-16,0.00498485693743857
2031-11-17,0.0140432558722436
2031-11-18,0.0145508386853983
2031-11-19,0.00664420209603085
2031-11-20,0.00528817147020946
2031-11-21,0.014343603997174
2031-11-22,0.00652231373027885
2031-11-23,0.00497619893125539
2031-11-24,0.00896760300972355
2031-11-25,0.00513293313277945
2031-11-26,0.00497249634136787
2031-11-27,0.0049712632015607
2031-11-28,0.00497003051233866
2031-11-29,0.00720286652753377
2031-11-30,0.00555289183003749
2031-12-01,0.00456222181232858
2031-12-02,0.0230112830037963
2031-12-03,0.00396285641765827
2031-12-04,0.00396133533433318
2031-12-05,0.00396035584876712
2031-12-06,0.0039593772367337
2031-12-07,0.00395839929144681
2031-12-08,0.00395742171203745
2031-12-09,0.00395644462394938
2031-12-10,0.0039554678929186
2031-12-11,0.00395449149379101
2031-12-12,0.00395351529132262
2031-12-13,0.00396252456377906
2031-12-14,0.00395156367171588
2031-12-15,0.0350299649207563
2031-12-16,0.0431593124399025
2031-12-17,0.00566809781226094
2031-12-18,0.00408354555118971
2031-12-19,0.0973438099420314
2031-12-20,0.00712325967450075
2031-12-21,0.0639003024064293
2031-12-22,0.00462154899841419
2031-12-23,0.00395047541238715
2031-12-24,0.00425228801035286
2031-12-25,0.0139833279696519
2031-12-26,0.0462544428384173
2031-12-27,0.0685485753076583
2031-12-28,0.038204931265153
2031-12-29,0.0296762416045339
2031-12-30,0.011045834419945
2031-12-31,0.0133793683204773
2032-01-01,0.0096076008186552
2032-01-02,0.00383214717491398
2032-01-03,0.00368113811398349
2032-01-04,0.00371679834627436
2032-01-05,0.00362907001716428
2032-01-06,0.00430863950015202
2032-01-07,0.0053016600629128
2032-01-08,0.00486482072819567
2032-01-09,0.00449618683925835
2032-01-10,0.00387049781995832
2032-01-11,0.00370804447087991
2032-01-12,0.00371739635909281
2032-01-13,0.0727930056323642
2032-01-14,0.210880466184423
2032-01-15,0.516027732065987
2032-01-16,0.20901789985212
2032-01-17,0.0121541396450839
2032-01-18,0.00501098899038148
2032-01-19,0.0142565717838169
2032-01-20,0.00519018144107517
2032-01-21,0.00524809034340746
2032-01-22,0.0052934674266318
2032-01-23,0.00533056264905118
2032-01-24,0.00536184004295217
2032-01-25,0.00538880359236048
2032-01-26,0.00541243995807187
2032-01-27,0.00543343122190715
2032-01-28,0.00545226965033324
2032-01-29,0.00554021249337487
2032-01-30,0.00548487227890673
2032-01-31,0.0187154681387023
2032-02-01,0.0232712730327956
2032-02-02,0.0121674141856704
2032-02-03,0.00386281499324477
2032-02-04,0.00564337027392355
2032-02-05,0.0090485171689657
2032-02-06,0.0136046161998466
2032-02-07,0.0423050280073178
2032-02-08,0.125345196039015
2032-02-09,0.00404573940294192
2032-02-10,0.00430230988008481
2032-02-11,0.015907534911901
2032-02-12,0.0844575086648623
2032-02-13,0.154233788794105
2032-02-14,0.150168382188011
2032-02-15,0.263064418490581
2032-02-16,0.300086500000562
2032-02-17,0.210848471699742
2032-02-18,0.014398368929979
2032-02-19,0.0173645817737181
2032-02-20,0.0184986017875271
2032-02-21,0.0189426235688184
2032-02-22,0.0190360919456943
2032-02-23,0.0189294172058564
2032-02-24,0.0191621132483596
2032-02-25,0.0217244501702042
2032-02-26,0.0255700671879588
2032-02-27,0.0211360684598112
2032-02-28,0.0691823781856443
2032-02-29,0.188141917581296
2032-03-01,0.208386473073498
2032-03-02,0.182768412350423
2032-03-03,0.0822931152184949
2032-03-04,0.0573619800927434
2032-03-05,0.124614416939067
2032-03-06,0.097633407962031
2032-03-07,0.100477613593542
2032-03-08,0.0551868806638831
2032-03-09,0.0567203143169383
2032-03-10,0.0546526462291104
2032-03-11,0.0632546423065946
2032-03-12,0.0994785677720142
2032-03-13,0.146038348134875
2032-03-14,0.182414163122706
2032-03-15,0.289706935875446
2032-03-16,0.343314298100918
2032-03-17,0.383940839431439
2032-03-18,0.343279425368133
2032-03-19,0.361682836766883
2032-03-20,0.356134211918586
2032-03-21,0.331529016893026
2032-03-22,0.40486330262785
2032-03-23,0.432352898465602
2032-03-24,0.494465184274547
2032-03-25,0.429837068822214
2032-03-26,0.416232187464196
2032-03-27,0.512842896895753
2032-03-28,0.435035172777746
2032-03-29,0.424606372303942
2032-03-30,0.402973312132929
2032-03-31,0.394530990177574
2032-04-01,0.342680763383195
2032-04-02,0.318984924394851
2032-04-03,0.312795891412415
2032-04-04,0.282957124642129
2032-04-05,0.276872779210624
2032-04-06,0.291261446274287
2032-04-07,0.320623428530841
2032-04-08,0.328905853440755
2032-04-09,0.336371911296614
2032-04-10,0.358454146021515
2032-04-11,0.396699207049883
2032-04-12,0.39799546921902
2032-04-13,0.413390607990997
2032-04-14,0.545104494717666
2032-04-15,0.416383109375786
2032-04-16,0.441963069010426
2032-04-17,0.429776222919197
2032-04-18,0.426173447795986
2032-04-19,0.408241092583061
2032-04-20,0.404428654542916
2032-04-21,0.416135170178158
2032-04-22,0.462777518798137
2032-04-23,0.408525929080113
2032-04-24,0.417225286327014
2032-04-25,0.434369400282881
2032-04-26,0.415027307364688
2032-04-27,0.400224466712173
2032-04-28,0.410579361294957
2032-04-29,0.396730615172038
2032-04-30,0.394629777073624
2032-05-01,0.357786076476117
2032-05-02,0.398043887734421
2032-05-03,0.329044595051
2032-05-04,0.343551228963468
2032-05-05,0.325317137051554
2032-05-06,0.300855830597225
2032-05-07,0.289608186075176
2032-05-08,0.284388795680506
2032-05-09,0.262815232806849
2032-05-10,0.253055911278896
2032-05-11,0.243444538306762
2032-05-12,0.23368804914847
2032-05-13,0.212963514704804
2032-05-14,0.200558409176355
2032-05-15,0.178197240338832
2032-05-16,0.173487694287728
2032-05-17,0.19393226979309
2032-05-18,0.187085921037387
2032-05-19,0.12299345460979
2032-05-20,0.110476529128433
2032-05-21,0.101868967414463
2032-05-22,0.0957381398242439
2032-05-23,0.0908437454800785
2032-05-24,0.0729352253675387
2032-05-25,0.0639358349843229
2032-05-26,0.0555257936073763
2032-05-27,0.0346978236306576
2032-05-28,0.0300444145184976
2032-05-29,0.0260390000515452
2032-05-30,0.022997185416309
2032-05-31,0.020251849123189
2032-06-01,0.159711559763416
2032-06-02,0.290104833145993
2032-06-03,0.0787128186564564
2032-06-04,0.0702723526179187
2032-06-05,0.0767195708819771
2032-06-06,0.0480982399525081
2032-06-07,0.0446549213553236
2032-06-08,0.0418111241251683
2032-06-09,0.0374795785093754
2032-06-10,0.0328649881430678
2032-06-11,0.0285530135331466
2032-06-12,0.0247617450352658
2032-06-13,0.0221007569168
2032-06-14,0.0196093032073861
2032-06-15,0.0175415896319192
2032-06-16,0.0154224982762737
2032-06-17,0.0134707865999788
2032-06-18,0.0118285217499446
2032-06-19,0.0105192285578492
2032-06-20,0.0094864492249583
2032-06-21,0.0086958084416063
2032-06-22,0.00811555824594506
2032-06-23,0.00771741975172167
2032-06-24,0.00742918234319625
2032-06-25,0.00720520612935769
2032-06-26,0.00703157584949674
2032-06-27,0.00689367222824425
2032-06-28,0.00677003797279757
2032-06-29,0.00665369576092979
2032-06-30,0.00654505322385155
2032-07-01,0.0169347020817052
2032-07-02,0.0166581899458654
2032-07-03,0.0164046470955166
2032-07-04,0.0161392609683971
2032-07-05,0.0158154853124077
2032-07-06,0.0154660399510819
2032-07-07,0.0151287181763797
2032-07-08,0.0148120962157492
2032-07-09,0.0144966636570504
2032-07-10,0.014163658621344
2032-07-11,0.0138111884260033
2032-07-12,0.031962375411238
2032-07-13,0.0132561896312705
2032-07-14,0.0130221532526589
2032-07-15,0.0126705136412278
2032-07-16,0.0123088965004052
2032-07-17,0.0119661491623135
2032-07-18,0.0116638308336055
2032-07-19,0.011381664611312
2032-07-20,0.0110991664620367
2032-07-21,0.0108125367022154
2032-07-22,0.0105210634056846
2032-07-23,0.0102411520533353
2032-07-24,0.00998105446919889
2032-07-25,0.00973828944732237
2032-07-26,0.00951475872561252
2032-07-27,0.00931545045225568
2032-07-28,0.00914027865585405
2032-07-29,0.00897873451870055
2032-07-30,0.00882799856115869
2032-07-31,0.0086875791032516
2032-08-01,0.00914074903235736
2032-08-02,0.00900189396979767
2032-08-03,0.00887282172649915
2032-08-04,0.00875702088160753
2032-08-05,0.0086517893648772
2032-08-06,0.00855654410162131
2032-08-07,0.00847215522812981
2032-08-08,0.00839909840068137
2032-08-09,0.0083374857675394
2032-08-10,0.00828606201057783
2032-08-11,0.00824368687842323
2032-08-12,0.00820866569294622
2032-08-13,0.00817712452843734
2032-08-14,0.00814764589364832
2032-08-15,0.00812199635118568
2032-08-16,0.00810000668996904
2032-08-17,0.00808087749743008
2032-08-18,0.00806444675751255
2032-08-19,0.00805141436555874
2032-08-20,0.00804194443375274
2032-08-21,0.00803446312448677
2032-08-22,0.00802793306712268
2032-08-23,0.0094785252601352
2032-08-24,0.00801787464185534
2032-08-25,0.02288285215395
2032-08-26,0.0256968134737861
2032-08-27,0.00804584763629537
2032-08-28,0.00800537174659185
2032-08-29,0.00800174630556172
2032-08-30,0.00799811403088685
2032-08-31,0.00799448702047442
2032-09-01,0.00295705809662542
2032-09-02,0.0029560124455075
2032-09-03,0.00300092765527737
2032-09-04,0.00295405148741581
2032-09-05,0.00295314776025118
2032-09-06,0.00295227058776035
2032-09-07,0.00295141083140831
2032-09-08,0.00295056414188554
2032-09-09,0.00294974202859573
2032-09-10,0.00294894598210291
2032-09-11,0.00294816126687374
2032-09-12,0.00294738366732188
2032-09-13,0.00294660807243573
2032-09-14,0.00294583136382015
2032-09-15,0.00294506693032675
2032-09-16,0.00294431788798807
2032-09-17,0.00294357167958752
2032-09-18,0.00294282792309278
2032-09-19,0.00294208514353296
2032-09-20,0.0029413419346888
2032-09-21,0.00294059697043317
2032-09-22,0.0029398519752275
2032-09-23,0.0255819674600094
2032-09-24,0.00293838363142567
2032-09-25,0.0104732985093294
2032-09-26,0.00293692260908355
2032-09-27,0.00293619233263676
2032-09-28,0.00293546225039564
2032-09-29,0.00293473237748085
2032-09-30,0.00293400268648622
2032-10-01,0.00401075032212157
2032-10-02,0.00400975308108838
2032-10-03,0.00400875609655303
2032-10-04,0.00400775936334682
2032-10-05,0.00400676285885658
2032-10-06,0.00912422788869358
2032-10-07,0.046046594504875
2032-10-08,0.00905989721383953
2032-10-09,0.00453598078674156
2032-10-10,0.0142033568339708
2032-10-11,0.00400079285779667
2032-10-12,0.00399980048343871
2032-10-13,0.0779569897548036
2032-10-14,0.069638254822775
2032-10-15,0.0124235638659266
2032-10-16,0.0039967847448394
2032-10-17,0.00399667307556007
2032-10-18,0.00399665292658779
2032-10-19,0.00399664428093037
2032-10-20,0.00399658929444575
2032-10-21,0.00399646100836984
2032-10-22,0.00399626140684597
2032-10-23,0.00409469788642865
2032-10-24,0.0039957565699715
2032-10-25,0.00401847104538987
2032-10-26,0.00399521055582357
2032-10-27,0.00399490531368901
2032-10-28,0.0100081752746155
2032-10-29,0.00554681966006091
2032-10-30,0.00399394877699117
2032-10-31,0.00399360267158304
2032-11-01,0.0346704993868269
2032-11-02,0.0125141925356318
2032-11-03,0.00785248022221163
2032-11-04,0.020404799704279
2032-11-05,0.0533587217136195
2032-11-06,0.0495931442811375
2032-11-07,0.0401702035975321
2032-11-08,0.108943306983594
2032-11-09,0.114060790496008
2032-11-10,0.0710274256830588
2032-11-11,0.44675699045996
2032-11-12,0.0429828386187507
2032-11-13,0.0748782610819908
2032-11-14,0.0119958355036836
2032-11-15,0.00951211145366801
2032-11-16,0.053664020546415
2032-11-17,0.11609058379744
2032-11-18,0.16277999083383
2032-11-19,0.164911550888956
2032-11-20,0.095130618988947
2032-11-21,0.0610679405017845
2032-11-22,0.361872183161024
2032-11-23,0.449407206613203
2032-11-24,0.0313513236548015
2032-11-25,0.0354383660890924
2032-11-26,0.0798672116975758
2032-11-27,0.975852965097985
2032-11-28,0.620818347477271
2032-11-29,0.0113143615389231
2032-11-30,0.0170549163378418
2032-12-01,0.488284771191544
2032-12-02,0.0888931591141833
2032-12-03,0.0163636701524029
2032-12-04,0.0691188354371225
2032-12-05,0.247216616547175
2032-12-06,0.355199626091095
2032-12-07,0.152430224643387
2032-12-08,0.0551251303180135
2032-12-09,0.0157769567779797
2032-12-10,0.0149876032565808
2032-12-11,0.0139263565328958
2032-12-12,0.0148129815388115
2032-12-13,0.0163441838818524
2032-12-14,0.023680248511502
2032-12-15,0.0400942307715147
2032-12-16,0.0177518839006835
2032-12-17,0.148390873219492
2032-12-18,0.368070344131523
2032-12-19,0.0697262649298306
2032-12-20,0.0825004116643043
2032-12-21,0.092328595311011
2032-12-22,0.097482163965194
2032-12-23,0.102262915452767
2032-12-24,0.103175253009303
2032-12-25,0.0995366301731479
2032-12-26,0.103879869945761
2032-12-27,0.113858172621291
2032-12-28,0.155819994969163
2032-12-29,0.219740091683028
2032-12-30,0.20628187091676
2032-12-31,0.159225828517694
2033-01-01,0.167084727120693
2033-01-02,0.215220561797631
2033-01-03,0.236218299829402
2033-01-04,0.299741677228565
2033-01-05,0.313653574597308
2033-01-06,0.36195672561782
2033-01-07,0.376018711007612
2033-01-08,0.419016372177442
2033-01-09,0.48490382519641
2033-01-10,0.550631405942741
2033-01-11,0.543298355683643
2033-01-12,0.574721564269416
2033-01-13,0.564481736797848
2033-01-14,0.602774648257225
2033-01-15,0.586093691006596
2033-01-16,0.551625494362545
2033-01-17,0.499371829337041
2033-01-18,0.473334083015381
2033-01-19,0.443416159478793
2033-01-20,0.461618428600097
2033-01-21,0.399427126036457
2033-01-22,0.367727884742305
2033-01-23,0.348338138054719
2033-01-24,0.331376552544662
2033-01-25,0.320978646749713
2033-01-26,0.320655732724668
2033-01-27,0.307242867002331
2033-01-28,0.369310656109417
2033-01-29,0.277355283319186
2033-01-30,0.275510718289802
2033-01-31,0.270300572836123
2033-02-01,0.182603299060937
2033-02-02,0.233496951580651
2033-02-03,0.250862862623219
2033-02-04,0.292782891212319
2033-02-05,0.273589358765043
2033-02-06,0.544700469152115
2033-02-07,0.36210688587598
2033-02-08,0.393561687027922
2033-02-09,0.368124647252272
2033-02-10,0.355031073478322
2033-02-11,0.336400491016346
2033-02-12,0.361678802094369
2033-02-13,0.458941689087732
2033-02-14,0.485618308234472
2033-02-15,0.544419105139943
2033-02-16,0.608529165880246
2033-02-17,0.887490866856142
2033-02-18,0.619608170550999
2033-02-19,0.617301886781544
2033-02-20,0.59449310971592
2033-02-21,0.568001694176459
2033-02-22,0.524774389048661
2033-02-23,0.483173942268935
2033-02-24,0.443076370226345
2033-02-25,0.414892649521519
2033-02-26,0.433104491574125
2033-02-27,0.511024962020636
2033-02-28,0.44691175518205
2033-03-01,0.380417598004032
2033-03-02,0.421215120399948
2033-03-03,0.356553093110053
2033-03-04,0.347989492958214
2033-03-05,0.33421555901634
2033-03-06,0.328398728984271
2033-03-07,0.301343108389741
2033-03-08,0.28078156296881
2033-03-09,0.263890999679915
2033-03-10,0.248890001512671
2033-03-11,0.2375454301312
2033-03-12,0.234431278764102
2033-03-13,0.260641664575586
2033-03-14,0.250931022530238
2033-03-15,0.211821296053199
2033-03-16,0.207260850298725
2033-03-17,0.204204710137994
2033-03-18,0.200808786271345
2033-03-19,0.191132008870179
2033-03-20,0.191665371549641
2033-03-21,0.178882769829908
2033-03-22,0.187424587536439
2033-03-23,0.266898257906852
2033-03-24,0.320784903770825
2033-03-25,0.410384484453106
2033-03-26,0.578610712350226
2033-03-27,0.728129050676084
2033-03-28,0.932002617242837
2033-03-29,1.04623712233299
2033-03-30,1.38083638884939
2033-03-31,2.08696948794048
2033-04-01,1.93388211129451
2033-04-02,1.68430410812404
2033-04-03,1.28127788945734
2033-04-04,1.14509150204716
2033-04-05,1.14642077029995
2033-04-06,1.04535585351394
2033-04-07,1.01248175050521
2033-04-08,0.925012220417355
2033-04-09,0.719947498741972
2033-04-10,0.497248240120149
2033-04-11,0.626364749808914
2033-04-12,0.425864557321701
2033-04-13,0.410142784440597
2033-04-14,0.407405106193609
2033-04-15,0.405995898291146
2033-04-16,0.40075849423416
2033-04-17,0.408576557409256
2033-04-18,0.3587899490455
2033-04-19,0.303351266646403
2033-04-20,0.35636588917257
2033-04-21,0.280860285911675
2033-04-22,0.28690437270586
2033-04-23,0.251943746618593
2033-04-24,0.253569056698582
2033-04-25,0.24652381448858
2033-04-26,0.246807736315802
2033-04-27,0.22938481486802
2033-04-28,0.191450573877433
2033-04-29,0.180566283564269
2033-04-30,0.165921268306242
2033-05-01,0.147282304089288
2033-05-02,0.137246395935117
2033-05-03,0.138004651345657
2033-05-04,0.147310815259493
2033-05-05,0.158038652840221
2033-05-06,0.130500916224776
2033-05-07,0.100818140272114
2033-05-08,0.0924892148341143
2033-05-09,0.0950705635325086
2033-05-10,0.0760470995049684
2033-05-11,0.0745630238580249
2033-05-12,0.0642875022680525
2033-05-13,0.0602652684918478
2033-05-14,0.057867969216457
2033-05-15,0.0816155971939884
2033-05-16,0.111233364616258
2033-05-17,0.0497728972685256
2033-05-18,0.0607547348967221
2033-05-19,0.0924396625877178
2033-05-20,0.0655911885333598
2033-05-21,0.0475390907722933
2033-05-22,0.0490680804821428
2033-05-23,0.0419769942787004
2033-05-24,0.0383278410242823
2033-05-25,0.0351037507187909
2033-05-26,0.0338636289156717
2033-05-27,0.0331224854857714
2033-05-28,0.0795441060974381
2033-05-29,0.0420485091107212
2033-05-30,0.0327758738667579
2033-05-31,0.0326863615928248
2033-06-01,0.0453425174324025
2033-06-02,0.0390567918577931
2033-06-03,0.0381069854865246
2033-06-04,0.0365190075406079
2033-06-05,0.040346834401682
2033-06-06,0.0304595448786254
2033-06-07,0.0242142100729839
2033-06-08,0.0230436718654192
2033-06-09,0.0220131827346391
2033-06-10,0.0209843942724179
2033-06-11,0.019395338173994
2033-06-12,0.0174109938755556
2033-06-13,0.0155612294565733
2033-06-14,0.0139831835054693
2033-06-15,0.0126977523612073
2033-06-16,0.0116861086185743
2033-06-17,0.0108399853791143
2033-06-18,0.010087831556187
2033-06-19,0.00944908766462661
2033-06-20,0.00890178484836666
2033-06-21,0.00842243052556718
2033-06-22,0.00799466177660439
2033-06-23,0.0076061982420378
2033-06-24,0.00726717157743049
2033-06-25,0.006984436017854
2033-06-26,0.00674404909458193
2033-06-27,0.00653933450296689
2033-06-28,0.00637282025199811
2033-06-29,0.00623343867587175
2033-06-30,0.00611031632365842
2033-07-01,0.0157656347754916
2033-07-02,0.0154423631398225
2033-07-03,0.0150749586007547
2033-07-04,0.0147202093362817
2033-07-05,0.0144076137458939
2033-07-06,0.0141124276900384
2033-07-07,0.0138116639339594
2033-07-08,0.0135175411644377
2033-07-09,0.0132326315219641
2033-07-10,0.0129546527353806
2033-07-11,0.0126702051607193
2033-07-12,0.0123641097741028
2033-07-13,0.0120248171849622
2033-07-14,0.0116713027637029
2033-07-15,0.0113370487683904
2033-07-16,0.0110466017222284
2033-07-17,0.0107781035835601
2033-07-18,0.0105029496943684
2033-07-19,0.0102226080877637
2033-07-20,0.0200651504273643
2033-07-21,0.00971217989957609
2033-07-22,0.00948667682872567
2033-07-23,0.00930205654744067
2033-07-24,0.00913227712208873
2033-07-25,0.00893196962202467
2033-07-26,0.0087460129144616
2033-07-27,0.00858354149939704
2033-07-28,0.00844038700989974
2033-07-29,0.00831452677962695
2033-07-30,0.00820075242794563
2033-07-31,0.00809522529738421
2033-08-01,0.00856179135176844
2033-08-02,0.0084868491215478
2033-08-03,0.00841633438631474
2033-08-04,0.00835041659657937
2033-08-05,0.00829377491738219
2033-08-06,0.00826154348899234
2033-08-07,0.00821255995166978
2033-08-08,0.00817924292382535
2033-08-09,0.00815264807306535
2033-08-10,0.00813055635411331
2033-08-11,0.00811087208612343
2033-08-12,0.00809400617781967
2033-08-13,0.00807842499855578
2033-08-14,0.00806380085007058
2033-08-15,0.00805244618781114
2033-08-16,0.00804375251858832
2033-08-17,0.00803626307254123
2033-08-18,0.0080293215260754
2033-08-19,0.00802307577208345
2033-08-20,0.0080178064311885
2033-08-21,0.00801352339471298
2033-08-22,0.00801003417134165
2033-08-23,0.00800672412315976
2033-08-24,0.00800345463565701
2033-08-25,0.00800022429140919
2033-08-26,0.00799703886993156
2033-08-27,0.00799391977432967
2033-08-28,0.00799093031430269
2033-08-29,0.00798804556680834
2033-08-30,0.0195310632042935
2033-08-31,0.289068228067536
2033-09-01,0.00320303106058696
2033-09-02,0.00295251529211775
2033-09-03,0.00295177055679802
2033-09-04,0.00295099860480411
2033-09-05,0.00295020997073109
2033-09-06,0.00294941989405479
2033-09-07,0.00294862887139363
2033-09-08,0.00294783490068076
2033-09-09,0.00294704058644592
2033-09-10,0.00294625437616378
2033-09-11,0.00294547778071672
2033-09-12,0.0029446983702323
2033-09-13,0.00294391465249268
2033-09-14,0.00294314368806537
2033-09-15,0.00294239554516832
2033-09-16,0.00294166159440671
2033-09-17,0.0325187808238289
2033-09-18,0.00294020848960818
2033-09-19,0.00293948196142555
2033-09-20,0.00293875543088035
2033-09-21,0.00293802893104891
2033-09-22,0.00293730229820313
2033-09-23,0.00293657548603605
2033-09-24,0.00293584855999165
2033-09-25,0.00293512151439974
2033-09-26,0.00293439442179209
2033-09-27,0.00293366711584169
2033-09-28,0.00293293961804821
2033-09-29,0.00293221216845178
2033-09-30,0.00293148458087952
2033-10-01,0.0177464372289412
2033-10-02,0.00400631509146186
2033-10-03,0.00400532033852244
2033-10-04,0.00400432597679069
2033-10-05,0.00400333166416181
2033-10-06,0.00400233742518722
2033-10-07,0.00400134340556028
2033-10-08,0.00400034937914941
2033-10-09,0.00399935563895654
2033-10-10,0.00399836188551882
2033-10-11,0.00399736839697811
2033-10-12,0.00399637504508552
2033-10-13,0.00399538194161464
2033-10-14,0.00399438909561074
2033-10-15,0.00399339635653481
2033-10-16,0.00399240386911103
2033-10-17,0.00399141155451643
2033-10-18,0.00399041949577357
2033-10-19,0.00398942758563149
2033-10-20,0.00398843582505932
2033-10-21,0.00398744453968656
2033-10-22,0.0162717460232877
2033-10-23,0.00400503294947826
2033-10-24,0.00398769550086711
2033-10-25,0.00398348102989661
2033-10-26,0.00398249073853378
2033-10-27,0.00398150070269968
2033-10-28,0.00398051092788607
2033-10-29,0.00397952135109913
2033-10-30,0.0039785320291948
2033-10-31,0.0521707444211279
2033-11-01,0.0230565032664934
2033-11-02,0.0109621524892026
2033-11-03,0.0067036837018413
2033-11-04,0.0071057667796311
2033-11-05,0.0111078842650872
2033-11-06,0.0253875830828636
2033-11-07,0.0829055459572277
2033-11-08,0.013274882434807
2033-11-09,0.00833062585052118
2033-11-10,0.00558741538898184
2033-11-11,0.00510666223714444
2033-11-12,0.127544754613781
2033-11-13,0.115939035553425
2033-11-14,0.0135837843939917
2033-11-15,0.0651065104688453
2033-11-16,0.0429588520813323
2033-11-17,0.0111093484679016
2033-11-18,0.0129261793856179
2033-11-19,0.00911934200308648
2033-11-20,0.00543347841346898
2033-11-21,0.0053538587519026
2033-11-22,0.00547283766647707
2033-11-23,0.00562952579290795
2033-11-24,0.00634088321210533
2033-11-25,0.00562056321572408
2033-11-26,0.00674537553427038
2033-11-27,0.0130619595298796
2033-11-28,0.0323972703621278
2033-11-29,0.0699202821289774
2033-11-30,0.223461655937452
2033-12-01,0.226476527538438
2033-12-02,0.173467731619684
2033-12-03,0.128680689753623
2033-12-04,0.268857022181975
2033-12-05,0.831729638254797
2033-12-06,0.111885274554871
2033-12-07,0.00847742700215074
2033-12-08,0.0114501887375954
2033-12-09,0.0900652651607125
2033-12-10,0.0580722494324913
2033-12-11,0.0622654290205001
2033-12-12,0.0348874263606112
2033-12-13,0.0238839149116884
2033-12-14,0.0199431213239525
2033-12-15,0.0190061275987161
2033-12-16,0.017825092098205
2033-12-17,0.0101165016920542
2033-12-18,0.0118642109602164
2033-12-19,0.016086112921267
2033-12-20,0.0117074062032029
2033-12-21,0.0154492146992865
2033-12-22,0.0145564365378496
2033-12-23,0.0381216607143195
2033-12-24,0.0184805990765501
2033-12-25,0.0117010292972253
2033-12-26,0.0115778863804145
2033-12-27,0.0128168860999568
2033-12-28,0.012237090539003
2033-12-29,0.0082229965258153
2033-12-30,0.00833498922885726
2033-12-31,0.0118471254860354
2034-01-01,0.0381207472176596
2034-01-02,0.00885921646686376
2034-01-03,0.00800740397323691
2034-01-04,0.0177663021521156
2034-01-05,0.0134709990310616
2034-01-06,0.00721766070496858
2034-01-07,0.00697382539524107
2034-01-08,0.00697948293731374
2034-01-09,0.00804970687471384
2034-01-10,0.089861169419212
2034-01-11,0.0273840630296284
2034-01-12,0.0743275728830164
2034-01-13,0.00895074116540625
2034-01-14,0.00713627997294306
2034-01-15,0.00718449762103947
2034-01-16,0.00722483789839443
2034-01-17,0.0125208694160374
2034-01-18,0.011131224175444
2034-01-19,0.00731689569933985
2034-01-20,0.0073420852348441
2034-01-21,0.00736445071667855
2034-01-22,0.00738436564361766
2034-01-23,0.00740223779118853
2034-01-24,0.0184127506710974
2034-01-25,0.0209242398528512
2034-01-26,0.113892229925705
2034-01-27,0.292474267149298
2034-01-28,0.0214033580576265
2034-01-29,0.00790188036941435
2034-01-30,0.0079925041546858
2034-01-31,0.00805537412162663
2034-02-01,0.00896433663146314
2034-02-02,0.0370383527626736
2034-02-03,0.0903095087242242
2034-02-04,0.0942669393922765
2034-02-05,0.039147348759233
2034-02-06,0.00597179850616673
2034-02-07,0.00606929838484768
2034-02-08,0.00622185275828986
2034-02-09,0.00637767869187048
2034-02-10,0.00651954574791434
2034-02-11,0.0116622927780784
2034-02-12,0.00677231336297134
2034-02-13,0.00690714886853054
2034-02-14,0.00703804546155474
2034-02-15,0.00728829668255666
2034-02-16,0.00726761876051837
2034-02-17,0.00736482480693644
2034-02-18,0.00745072941214923
2034-02-19,0.00758416258355682
2034-02-20,0.00775759461801015
2034-02-21,0.010721312955235
2034-02-22,0.0204636290850413
2034-02-23,0.0645283511000707
2034-02-24,0.123509376035601
2034-02-25,0.0956198007708445
2034-02-26,0.0543716180165849
2034-02-27,0.0297307450700593
2034-02-28,0.0432296298614172
2034-03-01,0.0394936163297616
2034-03-02,0.0791879954006229
2034-03-03,0.169126541710484
2034-03-04,0.0785821149598876
2034-03-05,0.0630717712889277
2034-03-06,0.063593715434267
2034-03-07,0.0628235966177206
2034-03-08,0.0617918527677112
2034-03-09,0.0603413370711011
2034-03-10,0.0649240764254188
2034-03-11,0.175261744882147
2034-03-12,0.431375019267404
2034-03-13,0.140546025619391
2034-03-14,0.118877327973675
2034-03-15,0.139477867316315
2034-03-16,0.126279095897755
2034-03-17,0.117391366371997
2034-03-18,0.120855679812437
2034-03-19,0.139033628939195
2034-03-20,0.170019305826632
2034-03-21,0.238100629691947
2034-03-22,0.275118846537335
2034-03-23,0.34480032937105
2034-03-24,0.506552624235909
2034-03-25,0.572148242589906
2034-03-26,0.838448304010815
2034-03-27,0.712951839354967
2034-03-28,0.571213413605758
2034-03-29,0.55272251180708
2034-03-30,0.638554479736137
2034-03-31,0.896942495691354
2034-04-01,0.527734885820097
2034-04-02,0.513097751319151
2034-04-03,0.514371524561971
2034-04-04,0.504742068414098
2034-04-05,0.505376720940235
2034-04-06,0.566420803362366
2034-04-07,0.60731490844991
2034-04-08,0.636589377540185
2034-04-09,0.543617574818511
2034-04-10,0.516567065348981
2034-04-11,0.506896883343232
2034-04-12,0.48746165205673
2034-04-13,0.500257445108378
2034-04-14,0.540002545830278
2034-04-15,0.619452946714371
2034-04-16,0.614046720984432
2034-04-17,0.66891312599082
2034-04-18,0.771880898490995
2034-04-19,0.974817405753791
2034-04-20,1.37822578146578
2034-04-21,1.41652368704089
2034-04-22,1.11071643156258
2034-04-23,0.747179435315807
2034-04-24,0.811371707718556
2034-04-25,1.14562615023835
2034-04-26,1.26157308388264
2034-04-27,1.21196717734101
2034-04-28,0.81846259492926
2034-04-29,0.813284819510725
2034-04-30,1.02608825533502
2034-05-01,0.800902719105423
2034-05-02,0.708564933549086
2034-05-03,0.600814918058436
2034-05-04,0.701385244378818
2034-05-05,0.739551678934246
2034-05-06,0.710482553785322
2034-05-07,0.739630754243578
2034-05-08,0.803911377245116
2034-05-09,0.730602859762859
2034-05-10,0.554930733721873
2034-05-11,0.54788244045326
2034-05-12,0.51973345256728
2034-05-13,0.40481554808187
2034-05-14,0.34089568066623
2034-05-15,0.2832315742152
2034-05-16,0.302222737064296
2034-05-17,0.354360727015692
2034-05-18,0.260824046665326
2034-05-19,0.236550100264136
2034-05-20,0.220491852603235
2034-05-21,0.364958370256488
2034-05-22,0.277460749828266
2034-05-23,0.298768288086878
2034-05-24,0.328425745260834
2034-05-25,0.354062690897051
2034-05-26,0.289128723639587
2034-05-27,0.281730389047769
2034-05-28,0.262414969329817
2034-05-29,0.243682871371283
2034-05-30,0.222598757449694
2034-05-31,0.199898154334173
2034-06-01,0.270342233194036
2034-06-02,0.254744373972484
2034-06-03,0.235802984061772
2034-06-04,0.221596597904986
2034-06-05,0.199858684019263
2034-06-06,0.176642270344845
2034-06-07,0.154400612411217
2034-06-08,0.138810283027851
2034-06-09,0.142319015759621
2034-06-10,0.13577864446226
2034-06-11,0.127010302798359
2034-06-12,0.135137183545916
2034-06-13,0.0734120493561185
2034-06-14,0.0631152693253254
2034-06-15,0.0580847953039953
2034-06-16,0.0321162812640821
2034-06-17,0.028332611188243
2034-06-18,0.0254400356495875
2034-06-19,0.0233001932283283
2034-06-20,0.0211423716376876
2034-06-21,0.0189114523089595
2034-06-22,0.0170841832702398
2034-06-23,0.0156897139038913
2034-06-24,0.0145294645373541
2034-06-25,0.0135210001317265
2034-06-26,0.0126170039675754
2034-06-27,0.0117948771466386
2034-06-28,0.0110402297007326
2034-06-29,0.0103368413320026
2034-06-30,0.00970702761500055
2034-07-01,0.0240860585976468
2034-07-02,0.0228760958461009
2034-07-03,0.0218091963490263
2034-07-04,0.0208176477644047
2034-07-05,0.0199260458035693
2034-07-06,0.0191083477491087
2034-07-07,0.0183802626198605
2034-07-08,0.0177762822378827
2034-07-09,0.0172710191181541
2034-07-10,0.0168328661780418
2034-07-11,0.0164059851873258
2034-07-12,0.01597012163332
2034-07-13,0.0155328414291544
2034-07-14,0.0150960214241565
2034-07-15,0.0146702511312581
2034-07-16,0.014271638477156
2034-07-17,0.0144096042515944
2034-07-18,0.0136599884758495
2034-07-19,0.0193365149977741
2034-07-20,0.0131168313879391
2034-07-21,0.0127668963317726
2034-07-22,0.0123959743019757
2034-07-23,0.0120207654087976
2034-07-24,0.012010022927461
2034-07-25,0.0113508458793061
2034-07-26,0.0110330009611893
2034-07-27,0.0107306129155447
2034-07-28,0.0104533481591423
2034-07-29,0.0102133832554008
2034-07-30,0.00999715804568156
2034-07-31,0.00980570197998913
2034-08-01,0.010304094928125
2034-08-02,0.0101132877528761
2034-08-03,0.00992296786253063
2034-08-04,0.00973837487038418
2034-08-05,0.00956208293691682
2034-08-06,0.00939532235377873
2034-08-07,0.00923875652402375
2034-08-08,0.00909123380772175
2034-08-09,0.00895164827751196
2034-08-10,0.00882203010944887
2034-08-11,0.00870574029853752
2034-08-12,0.00860314653547155
2034-08-13,0.00851445720076396
2034-08-14,0.0509918321935797
2034-08-15,0.00839786674523936
2034-08-16,0.00835015803478008
2034-08-17,0.00830660921855663
2034-08-18,0.00826670253704498
2034-08-19,0.0107087879660129
2034-08-20,0.00820556149370657
2034-08-21,0.00818561800053735
2034-08-22,0.00816602340250605
2034-08-23,0.00814729440181479
2034-08-24,0.0081309579512541
2034-08-25,0.00811588820865298
2034-08-26,0.00810134044273211
2034-08-27,0.00808754905012346
2034-08-28,0.00807446300036315
2034-08-29,0.00806306957474404
2034-08-30,0.00805397396998634
2034-08-31,0.00804614859950977
2034-09-01,0.00297477377876718
2034-09-02,0.00297246501152908
2034-09-03,0.00297036654589142
2034-09-04,0.00296835650597557
2034-09-05,0.00296650736877514
2034-09-06,0.00296486473884026
2034-09-07,0.00296329802891531
2034-09-08,0.00296182429626019
2034-09-09,0.00296045479606283
2034-09-10,0.0258952927555965
2034-09-11,0.00315071801298101
2034-09-12,0.00295731586072429
2034-09-13,0.00295620844534788
2034-09-14,0.00295514470734916
2034-09-15,0.0029541578991354
2034-09-16,0.00295323796595548
2034-09-17,0.00295234556036786
2034-09-18,0.00295146814712814
2034-09-19,0.00295059985375891
2034-09-20,0.00294974351467083
2034-09-21,0.00294890536476412
2034-09-22,0.00294808911237497
2034-09-23,0.00294729276630454
2034-09-24,0.002946514486324
2034-09-25,0.0029457489253981
2034-09-26,0.0029449847161154
2034-09-27,0.00294421792781903
2034-09-28,0.00294345212260034
2034-09-29,0.00294269262835754
2034-09-30,0.00294194156221608
2034-10-01,0.00402159085653868
2034-10-02,0.00402059026197374
2034-10-03,0.00401959050086532
2034-10-04,0.00401859098010248
2034-10-05,0.00401759183116461
2034-10-06,0.00401659279723081
2034-10-07,0.00401559414319812
2034-10-08,0.00401459557380326
2034-10-09,0.00401359741209138
2034-10-10,0.00401259944194527
2034-10-11,0.00401160174380319
2034-10-12,0.00401060423851906
2034-10-13,0.00400960690057231
2034-10-14,0.0040086099176522
2034-10-15,0.0139808415642813
2034-10-16,0.0275845459991652
2034-10-17,0.00419920422840413
2034-10-18,0.00400462449893997
2034-10-19,0.004003628826291
2034-10-20,0.00400263323052676
2034-10-21,0.00400163811836113
2034-10-22,0.00400064308954114
2034-10-23,0.00399964835986097
2034-10-24,0.00399865394838027
2034-10-25,0.00399765968323902
2034-10-26,0.00814165140880874
2034-10-27,0.011479014916285
2034-10-28,0.0638933530520022
2034-10-29,0.00399368610477774
2034-10-30,0.00399269589611448
2034-10-31,0.00399170751944027
2034-11-01,0.0371381180730866
2034-11-02,0.138478588907254
2034-11-03,0.0330268983106961
2034-11-04,0.0318780512773168
2034-11-05,0.0158394642344477
2034-11-06,0.0130796482719228
2034-11-07,0.105615329994505
2034-11-08,0.0220613508462048
2034-11-09,0.0266015853931643
2034-11-10,0.0287285960755059
2034-11-11,0.0558541217240262
2034-11-12,0.0199290989599514
2034-11-13,0.0192361859738303
2034-11-14,0.0116256604805103
2034-11-15,0.0433938715538
2034-11-16,0.924783182371466
2034-11-17,2.58110273515729
2034-11-18,0.974744637843226
2034-11-19,0.0218278198748809
2034-11-20,0.0170310205497443
2034-11-21,0.0158020428920665
2034-11-22,0.0142417268120604
2034-11-23,0.0168649026012058
2034-11-24,0.0348250898761324
2034-11-25,0.0429108080559102
2034-11-26,0.011248559802056
2034-11-27,0.0173140259005793
2034-11-28,0.0235788865967162
2034-11-29,0.0296046665678801
2034-11-30,0.0101609338078839
2034-12-01,0.00814709928901577
2034-12-02,0.00840698062413923
2034-12-03,0.0217917493858046
2034-12-04,0.0180333664308359
2034-12-05,0.0287786096758921
2034-12-06,0.153274085483855
2034-12-07,0.0460458689461547
2034-12-08,0.018984309867552
2034-12-09,0.0290140071242541
2034-12-10,0.00930617235705793
2034-12-11,0.00936616563694633
2034-12-12,0.0094512727003487
2034-12-13,0.0107450379995102
2034-12-14,0.0106604068330389
2034-12-15,0.0244249495786374
2034-12-16,0.0642209440190459
2034-12-17,0.0345230667796253
2034-12-18,0.0190676098257934
2034-12-19,0.023214658845592
2034-12-20,0.0437291922788532
2034-12-21,0.0205512295534929
2034-12-22,0.0170547063067435
2034-12-23,0.0408098748986816
2034-12-24,0.0558332166008037
2034-12-25,0.0503840710853532
2034-12-26,0.0423097458344094
2034-12-27,0.024032071641199
2034-12-28,0.0415080689684081
2034-12-29,0.0101813670313915
2034-12-30,0.00953652096961865
2034-12-31,0.00957032343681837
2035-01-01,0.00890512570851448
2035-01-02,0.00962004596695321
2035-01-03,0.0125678989129844
2035-01-04,0.0208552798918226
2035-01-05,0.0328342251213169
2035-01-06,0.0295141239606807
2035-01-07,0.0849355389748404
2035-01-08,0.159710508890675
2035-01-09,0.10290634944664
2035-01-10,0.0767946018803449
2035-01-11,0.131764655863428
2035-01-12,0.0618776077955771
2035-01-13,0.0537262905139246
2035-01-14,0.0287693241045047
2035-01-15,0.0505035923703479
2035-01-16,0.0852757086339822
2035-01-17,0.0793590138671061
2035-01-18,0.130539674439666
2035-01-19,0.133601591728641
2035-01-20,0.0805254776807636
2035-01-21,0.0283017434469505
2035-01-22,0.0299059365972219
2035-01-23,0.027970370540321
2035-01-24,0.0206464232467751
2035-01-25,0.0171330856955461
2035-01-26,0.0198936983210774
2035-01-27,0.032167153159993
2035-01-28,0.0910754282819863
2035-01-29,0.155996859153503
2035-01-30,0.295295657103884
2035-01-31,0.303356843301812
2035-02-01,0.031424246534725
2035-02-02,0.0448422469761259
2035-02-03,0.133377735955129
2035-02-04,0.0633442108831577
2035-02-05,0.0698366117919207
2035-02-06,0.0925522895135451
2035-02-07,0.144619057384334
2035-02-08,0.172490332598578
2035-02-09,0.221444744391896
2035-02-10,0.204499467859723
2035-02-11,0.232465087448911
2035-02-12,0.246122235464435
2035-02-13,0.313727175943202
2035-02-14,0.333368220463153
2035-02-15,0.345649957137035
2035-02-16,0.353310161323757
2035-02-17,0.325831961092098
2035-02-18,0.313191181772625
2035-02-19,0.286420835186697
2035-02-20,0.371433081723287
2035-02-21,0.385465450453733
2035-02-22,0.586873501256055
2035-02-23,0.747227862760521
2035-02-24,0.649387193241149
2035-02-25,0.586229701631457
2035-02-26,0.632184415468217
2035-02-27,0.674971878380537
2035-02-28,0.614633630261142
2035-03-01,0.581040082071879
2035-03-02,0.54913874917871
2035-03-03,0.550484949787133
2035-03-04,0.518319214026339
2035-03-05,0.509044358333779
2035-03-06,0.53521503742827
2035-03-07,0.634561941810165
2035-03-08,0.56738090419278
2035-03-09,0.55103483121824
2035-03-10,0.54009590484098
2035-03-11,0.701882115064741
2035-03-12,0.651981420117128
2035-03-13,0.651437109617149
2035-03-14,0.619118503239972
2035-03-15,0.606730472046049
2035-03-16,0.631799096507441
2035-03-17,0.559325101648936
2035-03-18,0.538706119576122
2035-03-19,0.514362414533664
2035-03-20,0.485922674889734
2035-03-21,0.447121682773481
2035-03-22,0.428990579106672
2035-03-23,0.39676243774491
2035-03-24,0.369126050582395
2035-03-25,0.345746160621344
2035-03-26,0.326084744762569
2035-03-27,0.303701930245302
2035-03-28,0.29370863857967
2035-03-29,0.285603936391932
2035-03-30,0.322638102297349
2035-03-31,0.325694980699652
2035-04-01,0.324520157803804
2035-04-02,0.328791627046332
2035-04-03,0.329942853274873
2035-04-04,0.33656735976605
2035-04-05,0.323588299290858
2035-04-06,0.318769394186263
2035-04-07,0.342351783061763
2035-04-08,0.40972302056584
2035-04-09,0.358336706367363
2035-04-10,0.352360600186959
2035-04-11,0.350741287680222
2035-04-12,0.363521611191344
2035-04-13,0.345975467536231
2035-04-14,0.326867008871784
2035-04-15,0.31033288845124
2035-04-16,0.295218624374863
2035-04-17,0.298399728110137
2035-04-18,0.332334703084837
2035-04-19,0.30959284234714
2035-04-20,0.36659764945167
2035-04-21,0.406429233116337
2035-04-22,0.398844254808583
2035-04-23,0.471127843743265
2035-04-24,0.534209576364164
2035-04-25,0.623144058115547
2035-04-26,0.575077880737698
2035-04-27,0.596994698863527
2035-04-28,0.623596584624956
2035-04-29,0.733318179145775
2035-04-30,0.557625100778898
2035-05-01,0.461654368505998
2035-05-02,0.485414323526341
2035-05-03,0.450282761538808
2035-05-04,0.410142027053639
2035-05-05,0.341512464074001
2035-05-06,0.353089056550056
2035-05-07,0.381924330323309
2035-05-08,0.333731194522072
2035-05-09,0.292771394240103
2035-05-10,0.270674486933422
2035-05-11,0.240435296140035
2035-05-12,0.217045805793773
2035-05-13,0.208141558868819
2035-05-14,0.141275210511485
2035-05-15,0.123157860647001
2035-05-16,0.112137482548916
2035-05-17,0.103958350536478
2035-05-18,0.102500329021049
2035-05-19,0.0970101683972983
2035-05-20,0.156770203855548
2035-05-21,0.0830973255583712
2035-05-22,0.0908094963939846
2035-05-23,0.0815247275234294
2035-05-24,0.0814582644469199
2035-05-25,0.145597822366766
2035-05-26,0.256218882066965
2035-05-27,0.295350779781525
2035-05-28,0.167330823762205
2035-05-29,0.13080409987101
2035-05-30,0.140491972146882
2035-05-31,0.122731811019868
2035-06-01,0.160888263117782
2035-06-02,0.137301396552179
2035-06-03,0.119635538806141
2035-06-04,0.108877243547206
2035-06-05,0.0911729862947269
2035-06-06,0.0805432452223168
2035-06-07,0.0715348504984174
2035-06-08,0.0641901891068071
2035-06-09,0.0633739956188933
2035-06-10,0.104438306060024
2035-06-11,0.0500145448997163
2035-06-12,0.0812512416764251
2035-06-13,0.0408924377060976
2035-06-14,0.038079075824923
2035-06-15,0.0327277195999234
2035-06-16,0.0271626027014065
2035-06-17,0.0218389631543874
2035-06-18,0.0175032588720472
2035-06-19,0.0142662730637883
2035-06-20,0.0121380679954808
2035-06-21,0.0109235560090142
2035-06-22,0.0100690815976729
2035-06-23,0.00946995928580425
2035-06-24,0.00904785612521308
2035-06-25,0.00870018479683436
2035-06-26,0.00840451294930436
2035-06-27,0.00815333025996189
2035-06-28,0.00791424793209367
2035-06-29,0.00771060205337704
2035-06-30,0.00788381813806989
2035-07-01,0.020402325975837
2035-07-02,0.0192892109696124
2035-07-03,0.0189997711946493
2035-07-04,0.0186647086520535
2035-07-05,0.018291679957107
2035-07-06,0.0179221318125073
2035-07-07,0.0175732350812132
2035-07-08,0.0172657243682596
2035-07-09,0.0169904863123938
2035-07-10,0.0167137407548685
2035-07-11,0.0164305183504366
2035-07-12,0.0161447762339025
2035-07-13,0.015857341689178
2035-07-14,0.015551368913853
2035-07-15,0.0152234043657098
2035-07-16,0.0148873536290574
2035-07-17,0.0145406195075555
2035-07-18,0.0141811752038901
2035-07-19,0.0138246636461365
2035-07-20,0.0135062469860547
2035-07-21,0.114702001013001
2035-07-22,0.0129279508344222
2035-07-23,0.012654063899503
2035-07-24,0.0123718718650606
2035-07-25,0.0120744719490831
2035-07-26,0.0117499355109505
2035-07-27,0.0114124300749951
2035-07-28,0.0110866103546495
2035-07-29,0.0107859554829698
2035-07-30,0.0105039623743618
2035-07-31,0.0102402243369379
2035-08-01,0.0106806568330018
2035-08-02,0.010426676439281
2035-08-03,0.0101896108243521
2035-08-04,0.00996682823051049
2035-08-05,0.00975693994979656
2035-08-06,0.00957036927162318
2035-08-07,0.00940604051148198
2035-08-08,0.0275971155835555
2035-08-09,0.00915065374371563
2035-08-10,0.00902407872094067
2035-08-11,0.00890016994014114
2035-08-12,0.0087856245174477
2035-08-13,0.0086799966320842
2035-08-14,0.00858406575180019
2035-08-15,0.00850069896119674
2035-08-16,0.00842908681719463
2035-08-17,0.00836970179197589
2035-08-18,0.00831922750108937
2035-08-19,0.00827234656125972
2035-08-20,0.00823077892673767
2035-08-21,0.00819593705627711
2035-08-22,0.00816806311680399
2035-08-23,0.00814622983450925
2035-08-24,0.00812665717846009
2035-08-25,0.00810775921952631
2035-08-26,0.00808951602118948
2035-08-27,0.00807220807765383
2035-08-28,0.00805633691765922
2035-08-29,0.00804313497303856
2035-08-30,0.00803343793348113
2035-08-31,0.00802610649639382
2035-09-01,0.00296761462703869
2035-09-02,0.00296572651994012
2035-09-03,0.00296407844870225
2035-09-04,0.00296266641958682
2035-09-05,0.0029615154995387
2035-09-06,0.0029604665809456
2035-09-07,0.00295945543063251
2035-09-08,0.00295846340768906
2035-09-09,0.00295748974497916
2035-09-10,0.00295652498856073
2035-09-11,0.00295559443573214
2035-09-12,0.00295472790155452
2035-09-13,0.00295389473248016
2035-09-14,0.00295306356948905
2035-09-15,0.00295225860394671
2035-09-16,0.00295148188682576
2035-09-17,0.00295072237202836
2035-09-18,0.00294997105946776
2035-09-19,0.00294922106783659
2035-09-20,0.00294847321341294
2035-09-21,0.00294772648925692
2035-09-22,0.00294697844440776
2035-09-23,0.00294622958965947
2035-09-24,0.00294548868316857
2035-09-25,0.00294475627353063
2035-09-26,0.00294402405951597
2035-09-27,0.00294329203498178
2035-09-28,0.00294256021221358
2035-09-29,0.00294182852931128
2035-09-30,0.00619009446033107
2035-10-01,0.0061531201797944
2035-10-02,0.00401944851412142
2035-10-03,0.00401844898431332
2035-10-04,0.00401744986380344
2035-10-05,0.0040164509290445
2035-10-06,0.0040154522291394
2035-10-07,0.00401445375665808
2035-10-08,0.00401345555844209
2035-10-09,0.00401245757957376
2035-10-10,0.00401145989952221
2035-10-11,0.00401046245400143
2035-10-12,0.00400946525044148
2035-10-13,0.00400846826945963
2035-10-14,0.0040074715840641
2035-10-15,0.00400647513126108
2035-10-16,0.00720252635433433
2035-10-17,0.00400448305135844
2035-10-18,0.00448538924711623
2035-10-19,0.00400249179812836
2035-10-20,0.00400149656837429
2035-10-21,0.00400050156733619
2035-10-22,0.00399950690161894
2035-10-23,0.00399851237125763
2035-10-24,0.0399256380915391
2035-10-25,0.0241975383817954
2035-10-26,0.00559600618747872
2035-10-27,0.00399453725671664
2035-10-28,0.00570056826346532
2035-10-29,0.00399255184575815
2035-10-30,0.00399155970819228
2035-10-31,0.00399056782034031
2035-11-01,0.00505420781028181
2035-11-02,0.00505295205650266
2035-11-03,0.00505169664158316
2035-11-04,0.0050504414742604
2035-11-05,0.00504918673051223
2035-11-06,0.00504793233217174
2035-11-07,0.00504667812044962
2035-11-08,0.00504542429465102
2035-11-09,0.00504417066488356
2035-11-10,0.00504291733755245
2035-11-11,0.0156320249322776
2035-11-12,0.00692138881011462
2035-11-13,0.00503915947834305
2035-11-14,0.00510137082020441
2035-11-15,0.0726909755278518
2035-11-16,0.00508426916359022
2035-11-17,0.00503416353107494
2035-11-18,0.00503292495396152
2035-11-19,0.00524537897778062
2035-11-20,0.00503045743227097
2035-11-21,0.0157965574399047
2035-11-22,0.0232428643807195
2035-11-23,0.0078419409453045
2035-11-24,0.0255432695425637
2035-11-25,0.177558573903459
2035-11-26,0.451615848974055
2035-11-27,0.262460696610707
2035-11-28,0.0332080359243816
2035-11-29,0.0436047362189496
2035-11-30,0.0362232154157368
2035-12-01,0.027946018409557
2035-12-02,0.0278412046592065
2035-12-03,0.0719413331079238
2035-12-04,0.0560323412479542
2035-12-05,0.0265839702669617
2035-12-06,0.0232952434664531
2035-12-07,0.0269076958692993
2035-12-08,0.0157354533899866
2035-12-09,0.0141847203889147
2035-12-10,0.0334827017592978
2035-12-11,0.0744396740471884
2035-12-12,0.0115727361155157
2035-12-13,0.0722976783946471
2035-12-14,0.0232057773254895
2035-12-15,0.0163508066751851
2035-12-16,0.107943410125211
2035-12-17,0.0539948022917409
2035-12-18,0.0134342997906116
2035-12-19,0.0291446365197186
2035-12-20,0.0165800247450592
2035-12-21,0.00836144557129869
2035-12-22,0.00622252636878737
2035-12-23,0.0117721682624943
2035-12-24,0.0122189275423661
2035-12-25,0.00671314366907518
2035-12-26,0.00645866095653239
2035-12-27,0.00689666642324757
2035-12-28,0.00850113842339826
2035-12-29,0.00734168013333585
2035-12-30,0.00748503467424954
2035-12-31,0.0126778999566816
2036-01-01,0.0081384452277612
2036-01-02,0.00790576175126646
2036-01-03,0.311234247847471
2036-01-04,0.208289472130564
2036-01-05,0.057101249641129
2036-01-06,0.186989298888025
2036-01-07,0.108358756349943
2036-01-08,0.101442665575351
2036-01-09,0.0553357450386341
2036-01-10,0.117646077875667
2036-01-11,0.36658453692166
2036-01-12,0.183379712195253
2036-01-13,0.0126946763878893
2036-01-14,0.0102996595825252
2036-01-15,0.0084542302323856
2036-01-16,0.00941617698842399
2036-01-17,0.00965884484011015
2036-01-18,0.0203210282906966
2036-01-19,0.00982059913536169
2036-01-20,0.0186501396680014
2036-01-21,0.0161610584050876
2036-01-22,0.0450285536233084
2036-01-23,0.0410149821551401
2036-01-24,0.0151417061401403
2036-01-25,0.0172095092669328
2036-01-26,0.0117144802336459
2036-01-27,0.0222768259423401
2036-01-28,0.0310716603992048
2036-01-29,0.0415444445921472
2036-01-30,0.0803694141367715
2036-01-31,0.44632041689781
2036-02-01,0.208441191559676
2036-02-02,0.0149568472037514
2036-02-03,0.028795938397947
2036-02-04,0.0471932327749208
2036-02-05,0.0299073574491896
2036-02-06,0.0181529744226169
2036-02-07,0.0228675490126594
2036-02-08,0.0215135133072027
2036-02-09,0.0185391046918185
2036-02-10,0.019062393027682
2036-02-11,0.0129127087315421
2036-02-12,0.101007757530659
2036-02-13,0.109344726450246
2036-02-14,0.0193888070919059
2036-02-15,0.0143542895765496
2036-02-16,0.038457150285498
2036-02-17,0.0248979389004095
2036-02-18,0.0289514214521685
2036-02-19,0.0245195793984206
2036-02-20,0.0277839717068822
2036-02-21,0.0260392633980249
2036-02-22,0.0275474425219253
2036-02-23,0.0387656942543902
2036-02-24,0.0498088284067479
2036-02-25,0.0497891846063951
2036-02-26,0.0422774640933943
2036-02-27,0.0455182161835516
2036-02-28,0.0600290619583713
2036-02-29,0.126598400114623
2036-03-01,0.168701556645586
2036-03-02,0.109768369389324
2036-03-03,0.0914571878928157
2036-03-04,0.124431094986025
2036-03-05,0.123503166821478
2036-03-06,0.118000823839743
2036-03-07,0.120086961715107
2036-03-08,0.109962729072829
2036-03-09,0.113069096107688
2036-03-10,0.114418895314422
2036-03-11,0.109981707238092
2036-03-12,0.133322987918165
2036-03-13,0.148203448074542
2036-03-14,0.114179475332377
2036-03-15,0.129672955019892
2036-03-16,0.127478888985934
2036-03-17,0.112941607471098
2036-03-18,0.114431080769584
2036-03-19,0.111909976864383
2036-03-20,0.166543466811101
2036-03-21,0.14324293226054
2036-03-22,0.117325979724342
2036-03-23,0.121892189023296
2036-03-24,0.11930468128275
2036-03-25,0.111195744214008
2036-03-26,0.105601648008129
2036-03-27,0.0994844074940487
2036-03-28,0.09329353193689
2036-03-29,0.0916140847433161
2036-03-30,0.0844312062703762
2036-03-31,0.0809352256415698
2036-04-01,0.149559391451794
2036-04-02,0.0920005633021349
2036-04-03,0.0763006903339216
2036-04-04,0.14342691662146
2036-04-05,0.0949343138730389
2036-04-06,0.103306398329211
2036-04-07,0.161110750319667
2036-04-08,0.121810782512191
2036-04-09,0.105599725089946
2036-04-10,0.115563800229027
2036-04-11,0.104941225512056
2036-04-12,0.100948692400794
2036-04-13,0.096357349401368
2036-04-14,0.0907895268980896
2036-04-15,0.0837248779368765
2036-04-16,0.0778069564665733
2036-04-17,0.0890397151133175
2036-04-18,0.255419590686928
2036-04-19,0.236615697583671
2036-04-20,0.168737959888554
2036-04-21,0.199215617425102
2036-04-22,0.173821036440568
2036-04-23,0.188011075499392
2036-04-24,0.186521872349574
2036-04-25,0.173391623724116
2036-04-26,0.161105099556269
2036-04-27,0.148899637158927
2036-04-28,0.137046726453538
2036-04-29,0.123695298023765
2036-04-30,0.110170069968434
2036-05-01,0.0894431740685812
2036-05-02,0.0767781393185615
2036-05-03,0.0661144020756297
2036-05-04,0.0580690721246958
2036-05-05,0.0527824272255855
2036-05-06,0.0475664376518484
2036-05-07,0.0435904896263543
2036-05-08,0.0399217738951502
2036-05-09,0.0363359576046675
2036-05-10,0.0277559894208026
2036-05-11,0.0256406089638082
2036-05-12,0.023545117290965
2036-05-13,0.0183811489604314
2036-05-14,0.0156451923724754
2036-05-15,0.0177051906846959
2036-05-16,0.0114212306912854
2036-05-17,0.0102857616932697
2036-05-18,0.00951947686971904
2036-05-19,0.00892056774554372
2036-05-20,0.00840820885842175
2036-05-21,0.00798546301175126
2036-05-22,0.00762104724120341
2036-05-23,0.0106982915497371
2036-05-24,0.00704443581771995
2036-05-25,0.00759263572425004
2036-05-26,0.00656582406799369
2036-05-27,0.00630170785863126
2036-05-28,0.00608045885399744
2036-05-29,0.00589498146746689
2036-05-30,0.00573149220129697
2036-05-31,0.00558395867029001
2036-06-01,0.0143376045491919
2036-06-02,0.00774629891829085
2036-06-03,0.00769724929864074
2036-06-04,0.00738486844249055
2036-06-05,0.0118177929528749
2036-06-06,0.00707844178931174
2036-06-07,0.00695293411850845
2036-06-08,0.00684761437422074
2036-06-09,0.00674663891985171
2036-06-10,0.00663591788442504
2036-06-11,0.00651752909544013
2036-06-12,0.00639490503631577
2036-06-13,0.00627197848019893
2036-06-14,0.00615405392508135
2036-06-15,0.00604137470507369
2036-06-16,0.00592323141546
2036-06-17,0.00579199664043213
2036-06-18,0.00564863260788224
2036-06-19,0.00550614448095747
2036-06-20,0.00537451540125239
2036-06-21,0.00524760731817421
2036-06-22,0.0051228620795249
2036-06-23,0.00499916251538329
2036-06-24,0.00487961595102386
2036-06-25,0.0047711495890725
2036-06-26,0.00467321379785748
2036-06-27,0.00457733874521822
2036-06-28,0.00447286266444397
2036-06-29,0.00436073660624634
2036-06-30,0.00425230501981606
2036-07-01,0.0109038485313565
2036-07-02,0.0106408289006135
2036-07-03,0.0103857694777928
2036-07-04,0.0101274279931683
2036-07-05,0.0098686134367556
2036-07-06,0.00962052623569336
2036-07-07,0.00938983125194032
2036-07-08,0.00917073725318407
2036-07-09,0.00896456126298151
2036-07-10,0.00877713137696347
2036-07-11,0.00861109281348914
2036-07-12,0.00846463856920479
2036-07-13,0.00833174544775125
2036-07-14,0.00820807481927027
2036-07-15,0.00809481568962211
2036-07-16,0.00799745857910679
2036-07-17,0.00791405701764067
2036-07-18,0.00784177141555305
2036-07-19,0.00778059200009474
2036-07-20,0.00772880804792027
2036-07-21,0.0076842513875104
2036-07-22,0.00764798488582928
2036-07-23,0.00762000815994806
2036-07-24,0.0075972044651747
2036-07-25,0.00757786231051393
2036-07-26,0.00756067055911783
2036-07-27,0.026991716398999
2036-07-28,0.00753307916713636
2036-07-29,0.00752306606419724
2036-07-30,0.00751482967022473
2036-07-31,0.00750865586575963
2036-08-01,0.00802014691971095
2036-08-02,0.00801589267227037
2036-08-03,0.0080119305610669
2036-08-04,0.00800823984956741
2036-08-05,0.0080048194753423
2036-08-06,0.00800167494080677
2036-08-07,0.00799879553866171
2036-08-08,0.00799603823037324
2036-08-09,0.00799342530717166
2036-08-10,0.00810096259638551
2036-08-11,0.00798877353545021
2036-08-12,0.00798652402321512
2036-08-13,0.00798428983001562
2036-08-14,0.00798209282632417
2036-08-15,0.00797998810524887
2036-08-16,0.00797794527964094
2036-08-17,0.00797590233846823
2036-08-18,0.00797386759026286
2036-08-19,0.007971860622295
2036-08-20,0.00796987845031208
2036-08-21,0.00796789660459211
2036-08-22,0.00796591547652295
2036-08-23,0.00796393467663221
2036-08-24,0.00796195444498807
2036-08-25,0.00795997485501574
2036-08-26,0.00795799560407595
2036-08-27,0.00795601688562794
2036-08-28,0.00795403848578116
2036-08-29,0.00795206069376672
2036-08-30,0.00795008342211299
2036-08-31,0.00794810666571211
2036-09-01,0.0029403493591333
2036-09-02,0.00293961817284942
2036-09-03,0.00293888728567066
2036-09-04,0.0104465411150356
2036-09-05,0.00293742594626767
2036-09-06,0.00293669548671941
2036-09-07,0.00293596538203361
2036-09-08,0.00293523530877037
2036-09-09,0.00293450543916322
2036-09-10,0.00293377583912867
2036-09-11,0.00293304634848249
2036-09-12,0.00293231705771222
2036-09-13,0.00293158795831252
2036-09-14,0.00293085892081293
2036-09-15,0.00293013021265971
2036-09-16,0.00292940166917968
2036-09-17,0.00292867325375255
2036-09-18,0.00292794499260316
2036-09-19,0.0029272170074054
2036-09-20,0.00292648918971596
2036-09-21,0.00297321093311004
2036-09-22,0.00294791916562853
2036-09-23,0.00292494664020642
2036-09-24,0.00292357958128318
2036-09-25,0.00292285257869057
2036-09-26,0.00292212581873693
2036-09-27,0.00292139926362068
2036-09-28,0.00292067287388639
2036-09-29,0.00291994664126496
2036-09-30,0.00291922058961867
2036-10-01,0.00399054325663297
2036-10-02,0.00398955100503217
2036-10-03,0.00398855907615347
2036-10-04,0.00398756727132411
2036-10-05,0.00398657579438557
2036-10-06,0.00398558456457659
2036-10-07,0.00398459347496919
2036-10-08,0.00398360274717238
2036-10-09,0.00398261230720878
2036-10-10,0.00398162195575957
2036-10-11,0.00398063190506539
2036-10-12,0.00397964222845749
2036-10-13,0.00397865262388867
2036-10-14,0.0039776633052148
2036-10-15,0.00397667427857375
2036-10-16,0.00397568548743263
2036-10-17,0.00397469689431816
2036-10-18,0.00397370862715628
2036-10-19,0.00397272065945725
2036-10-20,0.00397173279093309
2036-10-21,0.00397074523802402
2036-10-22,0.00396975790446262
2036-10-23,0.00396911660103983
2036-10-24,0.00396778397549799
2036-10-25,0.00396679742758241
2036-10-26,0.00396581107575523
2036-10-27,0.00396482498042589
2036-10-28,0.00396383919780428
2036-10-29,0.00692028890927177
2036-10-30,0.00536297849419611
2036-10-31,0.0156097578797999
2036-11-01,0.345076298859083
2036-11-02,0.910784419626839
2036-11-03,0.214981601988017
2036-11-04,0.0493020187410712
2036-11-05,0.00937652464439994
2036-11-06,0.00740923549314285
2036-11-07,0.0369982968905641
2036-11-08,0.0496984804189003
2036-11-09,0.46842880771743
2036-11-10,0.403482807680179
2036-11-11,0.314089051257173
2036-11-12,0.56883365469333
2036-11-13,1.04433017227209
2036-11-14,0.532529428165728
2036-11-15,0.0501084187987443
2036-11-16,0.0665814504857136
2036-11-17,0.0646641863903984
2036-11-18,0.0746891650207234
2036-11-19,0.0704960339510206
2036-11-20,0.0191645362057725
2036-11-21,0.0128991343679303
2036-11-22,0.0136284783053804
2036-11-23,0.0143112233299004
2036-11-24,0.0173877438986363
2036-11-25,0.0150005619317259
2036-11-26,0.0136760880006937
2036-11-27,0.0121771599260402
2036-11-28,0.0121978089981401
2036-11-29,0.0122038636985342
2036-11-30,0.0121958494315974
2036-12-01,0.0685067594497825
2036-12-02,0.152304736248279
2036-12-03,0.0476080126599317
2036-12-04,0.0202965261024498
2036-12-05,0.0212660711047301
2036-12-06,0.0109778241641073
2036-12-07,0.023173718729356
2036-12-08,0.0638682809220401
2036-12-09,0.0636445634546206
2036-12-10,0.0214017928283832
2036-12-11,0.0151035387377859
2036-12-12,0.0161668799693286
2036-12-13,0.0398735103887509
2036-12-14,0.0583350531753555
2036-12-15,0.0479335818774363
2036-12-16,0.0184596817086249
2036-12-17,0.0164441977218468
2036-12-18,0.022904946761819
2036-12-19,0.200540933498884
2036-12-20,0.236951615257836
2036-12-21,0.876023991683796
2036-12-22,0.655670410563113
2036-12-23,0.170978911409512
2036-12-24,0.470196145115071
2036-12-25,0.220814455412246
2036-12-26,0.122566237789536
2036-12-27,0.157058553198637
2036-12-28,0.235905256563439
2036-12-29,0.235156371612021
2036-12-30,0.221953138921437
2036-12-31,0.431687786559834
2037-01-01,0.329445027982699
2037-01-02,0.3225780435112
2037-01-03,0.359139818059002
2037-01-04,0.420720086917409
2037-01-05,0.434280605821881
2037-01-06,0.601510627211041
2037-01-07,1.00924228697929
2037-01-08,1.12667439090598
2037-01-09,0.916786812617862
2037-01-10,1.2669360451747
2037-01-11,1.6382989261539
2037-01-12,1.56786091496442
2037-01-13,0.894666978215628
2037-01-14,0.875505619877956
2037-01-15,0.868246816609469
2037-01-16,0.87069528864949
2037-01-17,0.87018269252781
2037-01-18,0.830836366519197
2037-01-19,0.80172934776604
2037-01-20,0.737709737313614
2037-01-21,0.701322313098545
2037-01-22,0.653355543281654
2037-01-23,0.600885644508819
2037-01-24,0.552211238614473
2037-01-25,0.543612517077016
2037-01-26,0.55725133128066
2037-01-27,0.564610831173869
2037-01-28,0.528798795116224
2037-01-29,0.513639081514946
2037-01-30,0.5062557228142
2037-01-31,0.493382809912994
2037-02-01,0.324161395759754
2037-02-02,0.321450124859202
2037-02-03,0.331618463849318
2037-02-04,0.323206307409189
2037-02-05,0.317850050601276
2037-02-06,0.297072878892465
2037-02-07,0.325542280473198
2037-02-08,0.337194217057002
2037-02-09,0.308552865522743
2037-02-10,0.33682118950088
2037-02-11,0.306812397649686
2037-02-12,0.298094252620655
2037-02-13,0.305195440547856
2037-02-14,0.293700947925538
2037-02-15,0.284820261769739
2037-02-16,0.263376651662058
2037-02-17,0.352198588856273
2037-02-18,0.375004162239139
2037-02-19,0.381620037965261
2037-02-20,0.405126756932849
2037-02-21,0.440388244662996
2037-02-22,0.428816352394639
2037-02-23,0.502500860489867
2037-02-24,0.455004892693748
2037-02-25,0.456568035223284
2037-02-26,0.509512193169437
2037-02-27,0.542914532313448
2037-02-28,0.576632693951571
2037-03-01,0.427714103431411
2037-03-02,0.419269979702035
2037-03-03,0.405496318797629
2037-03-04,0.42527093434274
2037-03-05,0.416067540755828
2037-03-06,0.379579041482071
2037-03-07,0.368034103475606
2037-03-08,0.389141111509791
2037-03-09,0.394334887537707
2037-03-10,0.396431203742551
2037-03-11,0.43696504742982
2037-03-12,0.485358777800909
2037-03-13,0.511784416953454
2037-03-14,0.501312991987696
2037-03-15,0.532274029254562
2037-03-16,0.537597399515382
2037-03-17,0.579709572277293
2037-03-18,0.685891649633548
2037-03-19,0.482015999217577
2037-03-20,0.517400833649712
2037-03-21,0.471863676043749
2037-03-22,0.434951449632246
2037-03-23,0.417489816266072
2037-03-24,0.408790127194484
2037-03-25,0.416229083493984
2037-03-26,0.42233849681449
2037-03-27,0.382707644573776
2037-03-28,0.362775130922669
2037-03-29,0.340602893061572
2037-03-30,0.334094318149628
2037-03-31,0.32743192869303
2037-04-01,0.313520612380889
2037-04-02,0.309688499758902
2037-04-03,0.339936323069342
2037-04-04,0.276276958183227
2037-04-05,0.236065733212121
2037-04-06,0.207034816834947
2037-04-07,0.197795946924019
2037-04-08,0.190394595904499
2037-04-09,0.181277351793174
2037-04-10,0.176748598405643
2037-04-11,0.15515029790208
2037-04-12,0.169502471112823
2037-04-13,0.139990271881108
2037-04-14,0.139147655612062
2037-04-15,0.142690378395073
2037-04-16,0.165786045531659
2037-04-17,0.177740544497334
2037-04-18,0.129506561015191
2037-04-19,0.107444344024807
2037-04-20,0.101856664308027
2037-04-21,0.0913823985302015
2037-04-22,0.0705881607317346
2037-04-23,0.0657773482645889
2037-04-24,0.0580354272472883
2037-04-25,0.0543866281315645
2037-04-26,0.0512135974695789
2037-04-27,0.049965176142174
2037-04-28,0.0485939470214557
2037-04-29,0.0378232922667315
2037-04-30,0.0338343988578199
2037-05-01,0.0293499085505835
2037-05-02,0.027968706402122
2037-05-03,0.027064806813014
2037-05-04,0.0255124350128457
2037-05-05,0.0246294611176589
2037-05-06,0.0236994043678524
2037-05-07,0.0225795433670956
2037-05-08,0.0196599545046903
2037-05-09,0.0177962685622843
2037-05-10,0.0166457742920183
2037-05-11,0.0156883797563073
2037-05-12,0.0145078170875347
2037-05-13,0.0131730122376075
2037-05-14,0.0119668794491559
2037-05-15,0.0109001522922912
2037-05-16,0.0100088139574888
2037-05-17,0.00922068001865606
2037-05-18,0.0084867550396507
2037-05-19,0.0725532372285709
2037-05-20,0.00736237244314151
2037-05-21,0.0146700566243554
2037-05-22,0.00670399489934299
2037-05-23,0.00639207951461591
2037-05-24,0.00610954478315582
2037-05-25,0.00587167833560108
2037-05-26,0.00567328178265029
2037-05-27,0.0055017752584471
2037-05-28,0.00533303317376797
2037-05-29,0.00516349557097749
2037-05-30,0.00499869241061841
2037-05-31,0.00484666820083782
2037-06-01,0.00686012907085053
2037-06-02,0.00664811494723653
2037-06-03,0.00645110194796651
2037-06-04,0.00626847211067181
2037-06-05,0.00608926016173968
2037-06-06,0.00592194896443604
2037-06-07,0.00578956303025914
2037-06-08,0.0394305915537101
2037-06-09,0.0525015111156763
2037-06-10,0.00836891373109766
2037-06-11,0.0055809109581915
2037-06-12,0.00547475005834751
2037-06-13,0.00534622875114957
2037-06-14,0.00520786162232832
2037-06-15,0.00589822264535294
2037-06-16,0.00495334565295297
2037-06-17,0.0133900590935667
2037-06-18,0.00474006190943829
2037-06-19,0.00529149592197907
2037-06-20,0.0186651978163188
2037-06-21,0.0110318891301743
2037-06-22,0.0203834281702662
2037-06-23,0.0237672496028084
2037-06-24,0.0054249062207545
2037-06-25,0.00788635712516659
2037-06-26,0.0043171371615379
2037-06-27,0.00424182704073207
2037-06-28,0.00415232017306959
2037-06-29,0.00406277870577936
2037-06-30,0.00398236089707831
2037-07-01,0.0102674735584429
2037-07-02,0.0100710874511713
2037-07-03,0.00989180995315032
2037-07-04,0.00972647852833368
2037-07-05,0.00957348113789019
2037-07-06,0.00942368275731159
2037-07-07,0.00926597778660827
2037-07-08,0.0091057851103178
2037-07-09,0.00896024618772466
2037-07-10,0.00883054197183384
2037-07-11,0.00870627999256592
2037-07-12,0.00858879692351971
2037-07-13,0.0184839392019109
2037-07-14,0.00840889259794195
2037-07-15,0.00831461966226227
2037-07-16,0.00823136312865577
2037-07-17,0.00815323963130538
2037-07-18,0.00807739674495822
2037-07-19,0.00800943548607955
2037-07-20,0.00795163640533592
2037-07-21,0.00790169560117028
2037-07-22,0.029995071116862
2037-07-23,0.0078256335349826
2037-07-24,0.00779170730831501
2037-07-25,0.0077602042156422
2037-07-26,0.00772978231376339
2037-07-27,0.00770097278943748
2037-07-28,0.00767057033986362
2037-07-29,0.00764356378529516
2037-07-30,0.00762100537284412
2037-07-31,0.00760171017624579
2037-08-01,0.00810464140216012
2037-08-02,0.00808768295201757
2037-08-03,0.00807366650564561
2037-08-04,0.00806184476443939
2037-08-05,0.00805138882255295
2037-08-06,0.0080421717483715
2037-08-07,0.00803399801077949
2037-08-08,0.00802647711898478
2037-08-09,0.00802003721873903
2037-08-10,0.00801455369674602
2037-08-11,0.00800917241062413
2037-08-12,0.0080041827000708
2037-08-13,0.00799940556164749
2037-08-14,0.0079948005023539
2037-08-15,0.00799078561891482
2037-08-16,0.007987063886895
2037-08-17,0.00798352118129898
2037-08-18,0.00798032355464967
2037-08-19,0.00797747231838367
2037-08-20,0.00797484798938659
2037-08-21,0.00797235305781163
2037-08-22,0.00796987717846117
2037-08-23,0.00796736162527942
2037-08-24,0.0079648267102107
2037-08-25,0.00796234651665513
2037-08-26,0.0119642587358753
2037-08-27,0.0182532697672742
2037-08-28,0.0101929899994187
2037-08-29,0.00795772002999377
2037-08-30,0.00795124598195573
2037-08-31,0.00794893652033838
2037-09-01,0.00294053389020672
2037-09-02,0.00293970373746319
2037-09-03,0.00293890283228441
2037-09-04,0.00293811889293293
2037-09-05,0.00703322841726834
2037-09-06,0.00293656365744517
2037-09-07,0.00460671898667974
2037-09-08,0.00293501228646149
2037-09-09,0.00293425218857451
2037-09-10,0.00293350325609669
2037-09-11,0.00293276316446637
2037-09-12,0.00293203394315653
2037-09-13,0.00293130496519444
2037-09-14,0.00293057607063212
2037-09-15,0.038794953959891
2037-09-16,0.00292911885798176
2037-09-17,0.00292839062636487
2037-09-18,0.00292766261068958
2037-09-19,0.00292693476346764
2037-09-20,0.00292620708375399
2037-09-21,0.00292547964691559
2037-09-22,0.00292475221929132
2037-09-23,0.0186093304227251
2037-09-24,0.0029232982235565
2037-09-25,0.00292257148273992
2037-09-26,0.00292184496022754
2037-09-27,0.00292111865649187
2037-09-28,0.00292039247395756
2037-09-29,0.00896067762830038
2037-09-30,0.0029189407226923
2037-10-01,0.0116557143814601
2037-10-02,0.266601635086241
2037-10-03,0.0818230364990726
2037-10-04,0.00399865362791946
2037-10-05,0.00401250223184394
2037-10-06,0.00402631714829682
2037-10-07,0.00403845790876518
2037-10-08,0.00404815941666234
2037-10-09,0.00405558207779765
2037-10-10,0.0040615035720126
2037-10-11,0.00406595533483107
2037-10-12,0.00406894476689442
2037-10-13,0.00407090282626592
2037-10-14,0.00407219210690131
2037-10-15,0.00407267753619213
2037-10-16,0.00407242846094917
2037-10-17,0.0183976473146216
2037-10-18,0.0040724318257875
2037-10-19,0.00407232166028336
2037-10-20,0.00407771221977507
2037-10-21,0.00407177668892517
2037-10-22,0.0040715494182609
2037-10-23,0.00407096286646891
2037-10-24,0.00407030632791366
2037-10-25,0.00495685166621468
2037-10-26,0.00416487742137939
2037-10-27,0.0040682039810707
2037-10-28,0.00406672715560263
2037-10-29,0.00406523412877406
2037-10-30,0.00406400065225057
2037-10-31,0.00406288576947925
2037-11-01,0.00514545483657021
2037-11-02,0.00514351535442033
2037-11-03,0.00514151266184583
2037-11-04,0.00513973535351437
2037-11-05,0.00513805604929282
2037-11-06,0.00513620967702241
2037-11-07,0.00513408280138219
2037-11-08,0.00513185607181839
2037-11-09,0.00512965754413714
2037-11-10,0.0492172510644578
2037-11-11,0.119351802133689
2037-11-12,0.0151820963067051
2037-11-13,0.00512678498119059
2037-11-14,0.31021239348185
2037-11-15,0.422496778646828
2037-11-16,0.139524489246463
2037-11-17,0.580761690268922
2037-11-18,0.0660561964133012
2037-11-19,0.155371414157551
2037-11-20,0.0576045756844459
2037-11-21,0.00978461214734966
2037-11-22,0.0132531740947435
2037-11-23,0.041507729346388
2037-11-24,0.163128629324932
2037-11-25,0.100597972642597
2037-11-26,0.0224006961223009
2037-11-27,0.0194754922966752
2037-11-28,0.0173960889343552
2037-11-29,0.0168307660302366
2037-11-30,0.0320042686977259
2037-12-01,0.0239428218638855
2037-12-02,0.0164037803917102
2037-12-03,0.0125728891564424
2037-12-04,0.00997186811312949
2037-12-05,0.00826369490217954
2037-12-06,0.00865338393842908
2037-12-07,0.00907439063218258
2037-12-08,0.00895378861278944
2037-12-09,0.0091181099268582
2037-12-10,0.00728929673802588
2037-12-11,0.00691729343597488
2037-12-12,0.0134853767273482
2037-12-13,0.0109737141635694
2037-12-14,0.0173962992283084
2037-12-15,0.0138623887441136
2037-12-16,0.00921958825578077
2037-12-17,0.0074028327276068
2037-12-18,0.0376773767496209
2037-12-19,0.0130999844603663
2037-12-20,0.0113255250964769
2037-12-21,0.0070097283622723
2037-12-22,0.00719562685346882
2037-12-23,0.00979881115564469
2037-12-24,0.00747330198799238
2037-12-25,0.0614713957233326
2037-12-26,0.075248805780023
2037-12-27,0.0117248183269816
2037-12-28,0.00797994578346349
2037-12-29,0.00758122395569121
2037-12-30,0.00815805975868638
2037-12-31,0.00954189277141473
2038-01-01,0.00753766354193368
2038-01-02,0.00762259671351584
2038-01-03,0.0228795749274344
2038-01-04,0.031599278139263
2038-01-05,0.107292339523902
2038-01-06,0.00650107012577225
2038-01-07,0.00655557820416583
2038-01-08,0.00647573244186276
2038-01-09,0.00690828262003953
2038-01-10,0.00738264962723397
2038-01-11,0.00689826041923554
2038-01-12,0.0094185318555195
2038-01-13,0.0125064551291722
2038-01-14,0.0131627523255891
2038-01-15,0.00911436619637396
2038-01-16,0.00666464058393096
2038-01-17,0.00668176202235766
2038-01-18,0.00669744719701442
2038-01-19,0.00671175805245179
2038-01-20,0.00672485356708155
2038-01-21,0.00673689123400632
2038-01-22,0.00674800798296142
2038-01-23,0.00675831799485248
2038-01-24,0.00676791737690018
2038-01-25,0.00677688524810158
2038-01-26,0.00716908726604759
2038-01-27,0.00760571892954515
2038-01-28,0.00811230885687258
2038-01-29,0.0128373280273845
2038-01-30,0.00911218919617008
2038-01-31,0.0208834055245333
2038-02-01,0.016647492133319
2038-02-02,0.0423174938979411
2038-02-03,0.00913297736311969
2038-02-04,0.0090260855626953
2038-02-05,0.0212256566731657
2038-02-06,0.0522434522917405
2038-02-07,0.0676690148136643
2038-02-08,0.0801724674317691
2038-02-09,0.149497121040661
2038-02-10,0.188306183814753
2038-02-11,0.195875095079678
2038-02-12,0.152632343439277
2038-02-13,0.0142556933858664
2038-02-14,0.0105783675176187
2038-02-15,0.0222895688488871
2038-02-16,0.0328185758020166
2038-02-17,0.0365806141592216
2038-02-18,0.0182678085872725
2038-02-19,0.0337864356379039
2038-02-20,0.0359372646229783
2038-02-21,0.0143713263851152
2038-02-22,0.0183235236851358
2038-02-23,0.040777958433163
2038-02-24,0.179350437488333
2038-02-25,0.0413570416113404
2038-02-26,0.0405948462406963
2038-02-27,0.0440644934001124
2038-02-28,0.0556609451417891
2038-03-01,0.0523041757821907
2038-03-02,0.0514781108415846
2038-03-03,0.0468651000814883
2038-03-04,0.0484281497722237
2038-03-05,0.0601338994068798
2038-03-06,0.23346546376514
2038-03-07,0.390816098517366
2038-03-08,0.420121028445092
2038-03-09,0.795859969126199
2038-03-10,0.343007864998224
2038-03-11,0.251659076126512
2038-03-12,0.327783960519871
2038-03-13,0.385939524258708
2038-03-14,0.591645249114922
2038-03-15,0.36522700919127
2038-03-16,0.338388987438738
2038-03-17,0.345656067246389
2038-03-18,0.467367429664732
2038-03-19,0.743001339700358
2038-03-20,0.493433489217962
2038-03-21,0.428209100066968
2038-03-22,0.420215957229887
2038-03-23,0.418089148007262
2038-03-24,0.467919465777184
2038-03-25,0.475790704001457
2038-03-26,0.412980953189266
2038-03-27,0.390414235682948
2038-03-28,0.373500940301402
2038-03-29,0.355112491963101
2038-03-30,0.3273922222835
2038-03-31,0.307520745068315
2038-04-01,0.283827888910648
2038-04-02,0.262583383646754
2038-04-03,0.280801814929544
2038-04-04,0.253636934424743
2038-04-05,0.240049998267415
2038-04-06,0.226055745188082
2038-04-07,0.221001825855083
2038-04-08,0.230043677121856
2038-04-09,0.337580430548803
2038-04-10,0.416053072198327
2038-04-11,0.374083759635087
2038-04-12,0.413230574586112
2038-04-13,0.356751692271344
2038-04-14,0.351124167280898
2038-04-15,0.33885127138787
2038-04-16,0.359717750718632
2038-04-17,0.373398799611362
2038-04-18,0.464517063718379
2038-04-19,0.629367648539583
2038-04-20,0.747116517528506
2038-04-21,0.802598666724977
2038-04-22,0.565719224779331
2038-04-23,0.616182415805734
2038-04-24,0.653337734039132
2038-04-25,0.799337126210513
2038-04-26,0.869973588728482
2038-04-27,0.984751750120323
2038-04-28,0.937786277397142
2038-04-29,0.75717454213708
2038-04-30,0.820201749914983
2038-05-01,0.664526423526498
2038-05-02,0.644611926531269
2038-05-03,0.626576938768516
2038-05-04,0.834250176323392
2038-05-05,0.924820592965534
2038-05-06,0.942105668251447
2038-05-07,1.12467474189601
2038-05-08,0.474510540034202
2038-05-09,0.519216332944512
2038-05-10,0.525411360462234
2038-05-11,0.523997232929143
2038-05-12,0.521702303047401
2038-05-13,0.530492590849223
2038-05-14,0.477870834537215
2038-05-15,0.522157782472263
2038-05-16,0.496957121744604
2038-05-17,0.529129068932073
2038-05-18,0.534633175832214
2038-05-19,0.404425844163957
2038-05-20,0.415666978217883
2038-05-21,0.444683468901816
2038-05-22,0.431927819999919
2038-05-23,0.44577460746401
2038-05-24,0.425280581969564
2038-05-25,0.411394155262576
2038-05-26,0.370461662717655
2038-05-27,0.283514851007103
2038-05-28,0.200030666911433
2038-05-29,0.184860080524755
2038-05-30,0.17427705258751
2038-05-31,0.160024620234988
2038-06-01,0.203931241468584
2038-06-02,0.176610137657008
2038-06-03,0.155767042405765
2038-06-04,0.136877992020895
2038-06-05,0.129041879132908
2038-06-06,0.111728636697809
2038-06-07,0.0654916438083665
2038-06-08,0.0555177918852385
2038-06-09,0.0483602419426308
2038-06-10,0.0426212281813159
2038-06-11,0.036830598564786
2038-06-12,0.0312828787968819
2038-06-13,0.0266872288583894
2038-06-14,0.02309673833523
2038-06-15,0.0201795740902007
2038-06-16,0.017598135316417
2038-06-17,0.0153121741848333
2038-06-18,0.0311992451653532
2038-06-19,0.0127162262335448
2038-06-20,0.0118046991622128
2038-06-21,0.0108257936868048
2038-06-22,0.0101200690400916
2038-06-23,0.0105255475199628
2038-06-24,0.00916175015094087
2038-06-25,0.00879528825995817
2038-06-26,0.0084303189866266
2038-06-27,0.00810467370510006
2038-06-28,0.00778929689778913
2038-06-29,0.00749031406004765
2038-06-30,0.00722709466852821
2038-07-01,0.0183128627656616
2038-07-02,0.0176660433255977
2038-07-03,0.0171043323697324
2038-07-04,0.016662157805066
2038-07-05,0.0162645788364836
2038-07-06,0.0158622624424936
2038-07-07,0.0154572029712269
2038-07-08,0.0150414401347106
2038-07-09,0.0146110990220925
2038-07-10,0.0141764750892482
2038-07-11,0.0137581091852151
2038-07-12,0.0167433575337197
2038-07-13,0.0131053884527704
2038-07-14,0.0128091762218177
2038-07-15,0.012456642153237
2038-07-16,0.0121073596244664
2038-07-17,0.011777384649962
2038-07-18,0.0114585419508286
2038-07-19,0.0111421547106155
2038-07-20,0.0109452133314988
2038-07-21,0.0105507673644593
2038-07-22,0.0246436780937376
2038-07-23,0.0100831906577388
2038-07-24,0.00988955980977813
2038-07-25,0.00964793072437082
2038-07-26,0.00940702834283339
2038-07-27,0.00925111736904741
2038-07-28,0.0127040934206838
2038-07-29,0.00901442243707402
2038-07-30,0.00886440675724756
2038-07-31,0.014619669390312
2038-08-01,0.00936026824319741
2038-08-02,0.0822692635829093
2038-08-03,0.129687568436635
2038-08-04,0.177879471151766
2038-08-05,0.00900823113871232
2038-08-06,0.00894007204439417
2038-08-07,0.00885679331286591
2038-08-08,0.00877625813422636
2038-08-09,0.00871065435439296
2038-08-10,0.00865638560038585
2038-08-11,0.00860980187717362
2038-08-12,0.00856088395190688
2038-08-13,0.00850280121199534
2038-08-14,0.00844214895717938
2038-08-15,0.00838569842721383
2038-08-16,0.00833741184312065
2038-08-17,0.0189664116903077
2038-08-18,0.0082729942328202
2038-08-19,0.00823837563093462
2038-08-20,0.00820646575033419
2038-08-21,0.0170888913762968
2038-08-22,0.0081589641498139
2038-08-23,0.00813840598872147
2038-08-24,0.00811747327392055
2038-08-25,0.0080991734775797
2038-08-26,0.00808407158307282
2038-08-27,0.00807113140350244
2038-08-28,0.00805971236783717
2038-08-29,0.00804981319975682
2038-08-30,0.00804121739282139
2038-08-31,0.00803337165357591
2038-09-01,0.0029699863903947
2038-09-02,0.00296747971220945
2038-09-03,0.00296508881108839
2038-09-04,0.00296295679724602
2038-09-05,0.00296120104061115
2038-09-06,0.00295978703069226
2038-09-07,0.00295858462912762
2038-09-08,0.00295748985909272
2038-09-09,0.00295643827926749
2038-09-10,0.00295539529977713
2038-09-11,0.00295436426889769
2038-09-12,0.0107399131782621
2038-09-13,0.00295242759478538
2038-09-14,0.00295149070688238
2038-09-15,0.00295057931308223
2038-09-16,0.00294969504759506
2038-09-17,0.00294883510861408
2038-09-18,0.00294799019245853
2038-09-19,0.00294715037691914
2038-09-20,0.00294630642517672
2038-09-21,0.00294547433155764
2038-09-22,0.0100486769197713
2038-09-23,0.00294393901443784
2038-09-24,0.00294318217622944
2038-09-25,0.00294241653095874
2038-09-26,0.0165489169247899
2038-09-27,0.00294090350260301
2038-09-28,0.0826102964789653
2038-09-29,0.14885310486594
2038-09-30,0.00294055596704562
2038-10-01,0.00402581905175946
2038-10-02,0.0407742025628231
2038-10-03,0.00409091885254242
2038-10-04,0.00404591790745927
2038-10-05,0.00405360189047927
2038-10-06,0.00406054150122827
2038-10-07,0.00406631183034044
2038-10-08,0.00407114066632148
2038-10-09,0.00407506774081778
2038-10-10,0.00407755847321848
2038-10-11,0.00407851733034965
2038-10-12,0.0040785572054281
2038-10-13,0.00407786575182968
2038-10-14,0.00407672281484815
2038-10-15,0.00407570619239796
2038-10-16,0.00407499316390595
2038-10-17,0.00407459748754216
2038-10-18,0.00407430751510589
2038-10-19,0.0224731700147883
2038-10-20,0.00621414011509203
2038-10-21,0.00407430138693934
2038-10-22,0.00407393290128605
2038-10-23,0.00407316991159984
2038-10-24,0.00407200577154969
2038-10-25,0.00407072345705997
2038-10-26,0.0040696819737009
2038-10-27,0.00406883230744665
2038-10-28,0.00406823351773513
2038-10-29,0.00406765827349262
2038-10-30,0.00406709387258371
2038-10-31,0.0362836727133713
2038-11-01,0.0801664688744374
2038-11-02,0.00515153109220458
2038-11-03,0.00515164963743115
2038-11-04,0.00839566700949127
2038-11-05,0.035538743438742
2038-11-06,0.0174756573036991
2038-11-07,0.00926529878752189
2038-11-08,0.00516166850691598
2038-11-09,0.0431839931389028
2038-11-10,0.276912458421936
2038-11-11,0.248795077474909
2038-11-12,1.20664701432293
2038-11-13,0.460888031526354
2038-11-14,0.0789136917548438
2038-11-15,0.0374015427190679
2038-11-16,0.609437793412792
2038-11-17,0.302686569717649
2038-11-18,0.0250281569876022
2038-11-19,0.0416725351451578
2038-11-20,0.0283100565368719
2038-11-21,0.538631430213787
2038-11-22,0.0316256084814811
2038-11-23,0.0121306717555607
2038-11-24,0.100691070339517
2038-11-25,0.0774571847513172
2038-11-26,0.423133381416842
2038-11-27,0.128015277800064
2038-11-28,0.086398824578634
2038-11-29,0.0859963148417328
2038-11-30,0.0493808215691241
2038-12-01,0.0142646813172611
2038-12-02,0.0102512158699464
2038-12-03,0.152940057402115
2038-12-04,0.184165727691818
2038-12-05,0.05668411027815
2038-12-06,0.0408716519087288
2038-12-07,0.021964702471306
2038-12-08,0.0217543762856063
2038-12-09,0.0173348805123471
2038-12-10,0.0123946671911535
2038-12-11,0.0221866741722828
2038-12-12,0.0116891406177673
2038-12-13,0.0168527800332588
2038-12-14,0.0125592061102426
2038-12-15,0.0142065884765903
2038-12-16,0.017438765476653
2038-12-17,0.0122776615664587
2038-12-18,0.0155198241685233
2038-12-19,0.265722798288467
2038-12-20,0.563691037155745
2038-12-21,0.112045131830255
2038-12-22,0.0167496601006191
2038-12-23,0.0158599155325372
2038-12-24,0.0815685114400246
2038-12-25,0.124315566163866
2038-12-26,0.0925031737990411
2038-12-27,0.0358484293575561
2038-12-28,0.0384932727848114
2038-12-29,0.0674823028664063
2038-12-30,0.0936358755460911
2038-12-31,0.145400927620167
2039-01-01,0.228595577640257
2039-01-02,0.0728720380743729
2039-01-03,0.0925690381892931
2039-01-04,0.102536332526553
2039-01-05,0.105814344964945
2039-01-06,0.108821704913145
2039-01-07,0.110681725673828
2039-01-08,0.112834307770714
2039-01-09,0.138050357390282
2039-01-10,0.164053964287766
2039-01-11,0.129120338720451
2039-01-12,0.146065253222153
2039-01-13,0.143194563849676
2039-01-14,0.13400772882887
2039-01-15,0.227265214201894
2039-01-16,0.221382333965706
2039-01-17,0.165703490447397
2039-01-18,0.184975286425231
2039-01-19,0.213864966542225
2039-01-20,0.182720996561513
2039-01-21,0.186926401284603
2039-01-22,0.241076991042318
2039-01-23,0.251575368475673
2039-01-24,0.473769234306011
2039-01-25,0.524279864524185
2039-01-26,0.614734895709692
2039-01-27,0.574659669871546
2039-01-28,0.50710416121386
2039-01-29,0.491343082531873
2039-01-30,0.471333359592488
2039-01-31,0.448850473737134
2039-02-01,0.291250337950977
2039-02-02,0.274066163906514
2039-02-03,0.256368852593213
2039-02-04,0.242490598657939
2039-02-05,0.224870308386096
2039-02-06,0.213883095768714
2039-02-07,0.219599034796169
2039-02-08,0.193746652577949
2039-02-09,0.186909219171124
2039-02-10,0.206705375365901
2039-02-11,0.255865152261313
2039-02-12,0.521810626777465
2039-02-13,0.363911190013185
2039-02-14,0.354632089108494
2039-02-15,0.398736475963915
2039-02-16,0.60454156996603
2039-02-17,0.379777843018214
2039-02-18,0.374539485966899
2039-02-19,0.366656674232276
2039-02-20,0.356638298725084
2039-02-21,0.344480454573012
2039-02-22,0.325420726761022
2039-02-23,0.309022925919997
2039-02-24,0.325110052290623
2039-02-25,0.282351397422541
2039-02-26,0.264036190509223
2039-02-27,0.251268685671664
2039-02-28,0.254226460610101
2039-03-01,0.268582225906803
2039-03-02,0.292445100252877
2039-03-03,0.286508777723449
2039-03-04,0.346147006030235
2039-03-05,0.47036729400196
2039-03-06,0.525973062469126
2039-03-07,0.571936915384025
2039-03-08,0.680016388542373
2039-03-09,1.01139061934464
2039-03-10,0.554992973013692
2039-03-11,0.559192615848432
2039-03-12,0.55357227082064
2039-03-13,0.535549143291695
2039-03-14,0.506610953708401
2039-03-15,0.479689647261124
2039-03-16,0.444261584220678
2039-03-17,0.4378099205408
2039-03-18,0.380907196251286
2039-03-19,0.366237733615825
2039-03-20,0.339642483279885
2039-03-21,0.325397632206165
2039-03-22,0.356225488181989
2039-03-23,0.385372121891177
2039-03-24,0.342866821810364
2039-03-25,0.408339008692863
2039-03-26,0.342013652661794
2039-03-27,0.360970841844359
2039-03-28,0.454339563026471
2039-03-29,0.381062623069836
2039-03-30,0.363179109279052
2039-03-31,0.365683376843452
2039-04-01,0.331201874943649
2039-04-02,0.311472354553876
2039-04-03,0.304632990163517
2039-04-04,0.282444535188313
2039-04-05,0.275651864173998
2039-04-06,0.282946003829252
2039-04-07,0.26543920862328
2039-04-08,0.258536512849372
2039-04-09,0.24109092404709
2039-04-10,0.231476685736624
2039-04-11,0.264391390290028
2039-04-12,0.306899260543434
2039-04-13,0.394380735660508
2039-04-14,0.497431348579791
2039-04-15,0.60820842926088
2039-04-16,0.695923113868191
2039-04-17,0.782916708087212
2039-04-18,0.781947945260782
2039-04-19,0.747393100643881
2039-04-20,0.79120981904824
2039-04-21,0.652366796940039
2039-04-22,0.811576260989627
2039-04-23,1.18848607487992
2039-04-24,0.869286574293149
2039-04-25,0.723922307863659
2039-04-26,0.944375929583889
2039-04-27,1.02779472988679
2039-04-28,1.11663374024914
2039-04-29,1.19659343670585
2039-04-30,1.23060762784178
2039-05-01,0.919400431399891
2039-05-02,0.866320524834774
2039-05-03,0.841024451824548
2039-05-04,0.763353814861884
2039-05-05,0.583109166353382
2039-05-06,0.498635160059144
2039-05-07,0.455845270778973
2039-05-08,0.433408895806264
2039-05-09,0.45207919160684
2039-05-10,0.431912661392339
2039-05-11,0.420156845352223
2039-05-12,0.38779281520959
2039-05-13,0.380315249888441
2039-05-14,0.371532139418913
2039-05-15,0.374252015452522
2039-05-16,0.34441132171341
2039-05-17,0.239072759312491
2039-05-18,0.16223836138061
2039-05-19,0.145498588224197
2039-05-20,0.137844972297847
2039-05-21,0.128463882136646
2039-05-22,0.112905284501364
2039-05-23,0.100784869132528
2039-05-24,0.101136264595415
2039-05-25,0.0976329623292489
2039-05-26,0.0896635816753732
2039-05-27,0.0823297881229394
2039-05-28,0.0792373082948641
2039-05-29,0.0784143953506491
2039-05-30,0.0587606689119117
2039-05-31,0.0375974996001783
2039-06-01,0.0406071079920935
2039-06-02,0.0621432969915568
2039-06-03,0.0371250769192321
2039-06-04,0.0667547206233667
2039-06-05,0.0341947153146367
2039-06-06,0.0324776782683353
2039-06-07,0.0289383513627217
2039-06-08,0.0263537381060432
2039-06-09,0.0243882190866442
2039-06-10,0.0878513600287696
2039-06-11,0.106702253762717
2039-06-12,0.150351289872274
2039-06-13,0.028770994033187
2039-06-14,0.0298239258853109
2039-06-15,0.0339887804127946
2039-06-16,0.0280657899289331
2039-06-17,0.0262151818200762
2039-06-18,0.0242418240565277
2039-06-19,0.0222724809078856
2039-06-20,0.0203231924417862
2039-06-21,0.0184537977958736
2039-06-22,0.0167252224482019
2039-06-23,0.0151204058207359
2039-06-24,0.0135761187236122
2039-06-25,0.0120394380891736
2039-06-26,0.0105932051544791
2039-06-27,0.00935562009995496
2039-06-28,0.0084501091746817
2039-06-29,0.00787814507173175
2039-06-30,0.00748871827663825
2039-07-01,0.0188743778447854
2039-07-02,0.0182338407596434
2039-07-03,0.017747416017394
2039-07-04,0.0173602664162611
2039-07-05,0.0170263892503642
2039-07-06,0.0167152239832629
2039-07-07,0.0164135498769957
2039-07-08,0.0161632901159665
2039-07-09,0.0159365650655619
2039-07-10,0.0156843286416187
2039-07-11,0.0154044516560834
2039-07-12,0.0151274595354256
2039-07-13,0.0148695082391148
2039-07-14,0.0146365460695673
2039-07-15,0.0144260896230217
2039-07-16,0.0141981193825597
2039-07-17,0.0139361947393979
2039-07-18,0.0136518297160606
2039-07-19,0.0133576284120844
2039-07-20,0.0130691407570152
2039-07-21,0.0127855928798334
2039-07-22,0.0125045078680479
2039-07-23,0.0122156333760387
2039-07-24,0.0119161986086971
2039-07-25,0.0116157279048597
2039-07-26,0.0166718365012456
2039-07-27,0.0110598916078111
2039-07-28,0.0107783947253395
2039-07-29,0.0210548512885456
2039-07-30,0.0103014256062203
2039-07-31,0.0216100063821483
2039-08-01,0.0107544060281207
2039-08-02,0.0103580572733271
2039-08-03,0.0101647086966975
2039-08-04,0.00997101933361805
2039-08-05,0.00978195672536123
2039-08-06,0.00960626218958856
2039-08-07,0.00944168908849914
2039-08-08,0.00938498028149606
2039-08-09,0.0111679278693908
2039-08-10,0.0139989205664833
2039-08-11,0.00895388786969299
2039-08-12,0.00884984145176575
2039-08-13,0.00876990521530261
2039-08-14,0.00869502413608235
2039-08-15,0.00861130756923947
2039-08-16,0.00853783540648956
2039-08-17,0.00847170451085543
2039-08-18,0.00841172481361046
2039-08-19,0.00835788094974862
2039-08-20,0.00830952764264552
2039-08-21,0.00826851332009439
2039-08-22,0.00823224615233671
2039-08-23,0.00819802247675944
2039-08-24,0.0081690064617773
2039-08-25,0.00814356811232924
2039-08-26,0.00811995632722526
2039-08-27,0.00809912620392845
2039-08-28,0.00808183963604374
2039-08-29,0.00806711905993426
2039-08-30,0.00805414776024078
2039-08-31,0.00804333326621591
2039-09-01,0.00297323004937545
2039-09-02,0.00297075518241173
2039-09-03,0.00296846861652152
2039-09-04,0.00296634117525431
2039-09-05,0.00296431778263463
2039-09-06,0.00296233227122722
2039-09-07,0.00296045990116792
2039-09-08,0.00295883002312782
2039-09-09,0.0029575200887901
2039-09-10,0.00621655828981897
2039-09-11,0.00295514898979709
2039-09-12,0.00295393062745498
2039-09-13,0.00295287026797362
2039-09-14,0.00296756575973856
2039-09-15,0.00295106516206831
2039-09-16,0.00295018886539313
2039-09-17,0.00294933142131725
2039-09-18,0.00294849260279485
2039-09-19,0.00294769005371932
2039-09-20,0.00295071474012306
2039-09-21,0.00294615073033946
2039-09-22,0.00294536972250151
2039-09-23,0.00294458341700659
2039-09-24,0.00294379590705843
2039-09-25,0.00294300827496388
2039-09-26,0.00294221981265184
2039-09-27,0.00294143167070832
2039-09-28,0.00294065511967812
2039-09-29,0.00293989794267295
2039-09-30,0.0029391578682896
2039-10-01,0.00401779702233876
2039-10-02,0.00401679798549756
2039-10-03,0.00401579912923861
2039-10-04,0.00404152730193394
2039-10-05,0.00689281156078518
2039-10-06,0.00740265306692199
2039-10-07,0.00401180651146515
2039-10-08,0.00401080898324481
2039-10-09,0.00400981166403468
2039-10-10,0.00400881458258579
2039-10-11,0.00400781776118826
2039-10-12,0.00400682124442229
2039-10-13,0.00400582496380233
2039-10-14,0.00400482888056296
2039-10-15,0.00400383311810743
2039-10-16,0.0041256562625553
2039-10-17,0.00400184227191424
2039-10-18,0.00400084709837003
2039-10-19,0.0042799807575847
2039-10-20,0.00399885776725861
2039-10-21,0.00399786346916675
2039-10-22,0.00399686935456455
2039-10-23,0.00399587555267005
2039-10-24,0.00399488197303062
2039-10-25,0.00399388859077177
2039-10-26,0.00399289558033791
2039-10-27,0.00399190272690397
2039-10-28,0.00399091014708929
2039-10-29,0.00398991786027656
2039-10-30,0.00398892573401728
2039-10-31,0.00398793383647396
2039-11-01,0.00505087069405424
2039-11-02,0.00504961491940329
2039-11-03,0.00959267276124126
2039-11-04,0.00504710410675283
2039-11-05,0.00504584901800622
2039-11-06,0.00504459448829623
2039-11-07,0.00504334007849672
2039-11-08,0.00670393346147177
2039-11-09,0.0296852132480109
2039-11-10,0.0558783206220989
2039-11-11,0.254368758669862
2039-11-12,0.131339632470946
2039-11-13,0.013408495211744
2039-11-14,0.0330546801144847
2039-11-15,0.036236930161759
2039-11-16,0.1969768000699
2039-11-17,0.152691886109963
2039-11-18,0.0112774621652559
2039-11-19,0.0154802888057166
2039-11-20,0.00719927035349733
2039-11-21,0.0114345594483691
2039-11-22,0.0176362712266369
2039-11-23,0.0172833516512118
2039-11-24,0.00906262942467874
2039-11-25,0.00771201786971922
2039-11-26,0.00643434360632786
2039-11-27,0.00617031695649781
2039-11-28,0.00629265209112764
2039-11-29,0.00812736889150397
2039-11-30,0.0097903245057582
2039-12-01,0.00695941666366133
2039-12-02,0.0101905193083956
2039-12-03,0.0149028376023418
2039-12-04,0.0521705960193896
2039-12-05,0.0232857100528437
2039-12-06,0.0262292891540273
2039-12-07,0.0255330098188769
2039-12-08,0.00803927651202782
2039-12-09,0.0516323441507813
2039-12-10,0.0336461678329568
2039-12-11,0.00524289189448174
2039-12-12,0.00528145446129297
2039-12-13,0.00779090734941462
2039-12-14,0.00701105967830521
2039-12-15,0.00534611120207787
2039-12-16,0.00536171191379427
2039-12-17,0.00537546919818259
2039-12-18,0.00538775496879385
2039-12-19,0.00539886118284698
2039-12-20,0.00540900323082314
2039-12-21,0.0115969501894703
2039-12-22,0.142826831330763
2039-12-23,0.0800433194504965
2039-12-24,0.00562195813663971
2039-12-25,0.00567353684340377
2039-12-26,0.00570521680200618
2039-12-27,0.00572929921786401
2039-12-28,0.00574909228360165
2039-12-29,0.00576602315916335
2039-12-30,0.00666569132116901
2039-12-31,0.0208839118869637
2040-01-01,0.0261664396902092
2040-01-02,0.0402317640125151
2040-01-03,0.0386959285013238
2040-01-04,0.105821186942099
2040-01-05,0.0213901921524279
2040-01-06,0.00646898089017539
2040-01-07,0.00754925925835817
2040-01-08,0.00828957059997579
2040-01-09,0.0091170196724075
2040-01-10,0.0097300945355258
2040-01-11,0.0557489112300202
2040-01-12,0.0104713032437914
2040-01-13,0.0116937666597125
2040-01-14,0.0125005374622649
2040-01-15,0.013012566942412
2040-01-16,0.0133307785611078
2040-01-17,0.0135147216797935
2040-01-18,0.0136028456695982
2040-01-19,0.0136211825931132
2040-01-20,0.0135880358481443
2040-01-21,0.0135166565936162
2040-01-22,0.013416857936438
2040-01-23,0.0132960315084712
2040-01-24,0.0137850070514432
2040-01-25,0.0130141760000381
2040-01-26,0.0128630089564011
2040-01-27,0.0127081658746251
2040-01-28,0.016157323467953
2040-01-29,0.0124059364924202
2040-01-30,0.0122816005789083
2040-01-31,0.0121684993731209
2040-02-01,0.00861930799653477
2040-02-02,0.0083669985127161
2040-02-03,0.00821199507016921
2040-02-04,0.00848293367253033
2040-02-05,0.0217982594720691
2040-02-06,0.0276257892781593
2040-02-07,0.0296855790212875
2040-02-08,0.0508072317787012
2040-02-09,0.0726560424259448
2040-02-10,0.0691303105172852
2040-02-11,0.0995967595262051
2040-02-12,0.12810628465212
2040-02-13,0.125111903885679
2040-02-14,0.102581163737282
2040-02-15,0.0707279642190658
2040-02-16,0.0568343829462676
2040-02-17,0.0587905464894161
2040-02-18,0.0794639157533385
2040-02-19,0.143589922718734
2040-02-20,0.241367224861982
2040-02-21,0.303698930017334
2040-02-22,0.363427098615964
2040-02-23,0.404149016027298
2040-02-24,0.451231037361766
2040-02-25,0.496658741213394
2040-02-26,0.627500734452904
2040-02-27,0.498110762401066
2040-02-28,0.562618282561242
2040-02-29,0.543653455358926
2040-03-01,0.306583082614514
2040-03-02,0.342692441375272
2040-03-03,0.376679425188475
2040-03-04,0.416070404615982
2040-03-05,0.415166639754454
2040-03-06,0.478184354603405
2040-03-07,0.544269426514047
2040-03-08,0.605126852536762
2040-03-09,0.476281692368065
2040-03-10,0.496660632217376
2040-03-11,0.551425868924728
2040-03-12,0.569023733979279
2040-03-13,0.756397030626577
2040-03-14,0.481676584924051
2040-03-15,0.528295479805546
2040-03-16,0.641737746083775
2040-03-17,0.643095717305014
2040-03-18,0.564402368566613
2040-03-19,0.552263730886809
2040-03-20,0.530109288352162
2040-03-21,0.548476413854274
2040-03-22,0.543112252246317
2040-03-23,0.599053399642778
2040-03-24,0.665535354753406
2040-03-25,0.742369708803612
2040-03-26,1.15301318660122
2040-03-27,0.87606082289626
2040-03-28,0.772416649916335
2040-03-29,0.756410238232256
2040-03-30,0.792353016987119
2040-03-31,0.948998459597348
2040-04-01,0.847435053822881
2040-04-02,0.923700821789719
2040-04-03,0.754849532046195
2040-04-04,0.731125014026904
2040-04-05,0.555029567258926
2040-04-06,0.545514489256906
2040-04-07,0.524333213442114
2040-04-08,0.527984535338233
2040-04-09,0.558492709980788
2040-04-10,0.590294914412516
2040-04-11,0.538703702637372
2040-04-12,0.511261497406414
2040-04-13,0.477391001871492
2040-04-14,0.510570030072848
2040-04-15,0.481771013621308
2040-04-16,0.592386592449446
2040-04-17,1.03293769622228
2040-04-18,0.927576168715524
2040-04-19,1.12290145479196
2040-04-20,0.700956220254373
2040-04-21,0.709901493131994
2040-04-22,0.654357948949884
2040-04-23,0.640043829413262
2040-04-24,0.667486293199186
2040-04-25,0.642823416403343
2040-04-26,0.675420816800299
2040-04-27,0.618468246528946
2040-04-28,0.572622027087311
2040-04-29,0.563895638298371
2040-04-30,0.560391381540307
2040-05-01,0.526691539377592
2040-05-02,0.454817418212788
2040-05-03,0.431230101592985
2040-05-04,0.433981825503665
2040-05-05,0.405843362681115
2040-05-06,0.392282920769889
2040-05-07,0.388908253317801
2040-05-08,0.424267256522752
2040-05-09,0.618849874971179
2040-05-10,0.644513074791746
2040-05-11,0.48226664326328
2040-05-12,0.369215873401706
2040-05-13,0.333385848268603
2040-05-14,0.264395392268525
2040-05-15,0.282411179713777
2040-05-16,0.321085333630313
2040-05-17,0.365345974109926
2040-05-18,0.377145848859713
2040-05-19,0.341734849046086
2040-05-20,0.262809228438343
2040-05-21,0.21600881983158
2040-05-22,0.212829944888665
2040-05-23,0.210157104659675
2040-05-24,0.196444611037493
2040-05-25,0.142774997797885
2040-05-26,0.110667142136148
2040-05-27,0.105508139060868
2040-05-28,0.103875877370356
2040-05-29,0.0971421748406761
2040-05-30,0.0889113276735578
2040-05-31,0.0830511545756721
2040-06-01,0.114349983403814
2040-06-02,0.110898824770778
2040-06-03,0.103844206015521
2040-06-04,0.0912178457106549
2040-06-05,0.0739620070659101
2040-06-06,0.0625129110078918
2040-06-07,0.0572639255231771
2040-06-08,0.0351091718998993
2040-06-09,0.032863646483257
2040-06-10,0.0302214931002562
2040-06-11,0.0273803853900762
2040-06-12,0.0241245576624504
2040-06-13,0.0207907160089595
2040-06-14,0.0178583165205593
2040-06-15,0.015545261250681
2040-06-16,0.0137643230715284
2040-06-17,0.012354213737156
2040-06-18,0.0112425702386576
2040-06-19,0.0103834987714047
2040-06-20,0.0096540591105047
2040-06-21,0.00899359737357352
2040-06-22,0.00840703956432756
2040-06-23,0.00789340954203001
2040-06-24,0.00746145701467862
2040-06-25,0.00706007135179916
2040-06-26,0.00667426835571313
2040-06-27,0.00633369154678975
2040-06-28,0.00602256306617593
2040-06-29,0.005751448349212
2040-06-30,0.00554697499962225
2040-07-01,0.014197550548703
2040-07-02,0.0139007612912483
2040-07-03,0.0136287905475576
2040-07-04,0.0133610135671617
2040-07-05,0.0130870663553071
2040-07-06,0.0128001386207275
2040-07-07,0.0152430689649363
2040-07-08,0.0123108891280449
2040-07-09,0.0120543994488459
2040-07-10,0.0117733074236686
2040-07-11,0.0114846215309616
2040-07-12,0.0111920477580044
2040-07-13,0.0109091063193626
2040-07-14,0.0106370514555945
2040-07-15,0.0103771214138583
2040-07-16,0.010123310542027
2040-07-17,0.00987143945903804
2040-07-18,0.00963800486826322
2040-07-19,0.00941871229912135
2040-07-20,0.00921506590130057
2040-07-21,0.00903677330629927
2040-07-22,0.00887176599337158
2040-07-23,0.00871846421515785
2040-07-24,0.00857914962451434
2040-07-25,0.00845116787910139
2040-07-26,0.00833502148962779
2040-07-27,0.0190897255764537
2040-07-28,0.00816861859897479
2040-07-29,0.00810991636841866
2040-07-30,0.0095941245509113
2040-07-31,0.00798398577662238
2040-08-01,0.00847876626255582
2040-08-02,0.00842651772496353
2040-08-03,0.00837747223662589
2040-08-04,0.00833336328117156
2040-08-05,0.00829242574725767
2040-08-06,0.00825186874449613
2040-08-07,0.00821466353625178
2040-08-08,0.00818256423606035
2040-08-09,0.00815589854473692
2040-08-10,0.0081323076296082
2040-08-11,0.00811085651169607
2040-08-12,0.00809149548155051
2040-08-13,0.00807509459820541
2040-08-14,0.00806086830090251
2040-08-15,0.0277972157973463
2040-08-16,0.00804242872865736
2040-08-17,0.0134060692829539
2040-08-18,0.0080288321048199
2040-08-19,0.00802296554245059
2040-08-20,0.00801727741591162
2040-08-21,0.00801167728906924
2040-08-22,0.00800610958165547
2040-08-23,0.00800116386233091
2040-08-24,0.00799679599748591
2040-08-25,0.00799301548386263
2040-08-26,0.0079897267244985
2040-08-27,0.00798657150628761
2040-08-28,0.00798356463492815
2040-08-29,0.00798071631395898
2040-08-30,0.00797805086369789
2040-08-31,0.00797552920793028
2040-09-01,0.0029503410609842
2040-09-02,0.00294949039355258
2040-09-03,0.00294864669389953
2040-09-04,0.00294780596757801
2040-09-05,0.00294695966741164
2040-09-06,0.00294611681876695
2040-09-07,0.00294530982020769
2040-09-08,0.00294454059819755
2040-09-09,0.00294379310312529
2040-09-10,0.00294306111851904
2040-09-11,0.00294232931866806
2040-09-12,0.00294159775035184
2040-09-13,0.00294086628079227
2040-09-14,0.00294013505977818
2040-09-15,0.00293940397036088
2040-09-16,0.00293867305695726
2040-09-17,0.0029379423590227
2040-09-18,0.0029372118082781
2040-09-19,0.0270300650312291
2040-09-20,0.0342864496080989
2040-09-21,0.00293502151028635
2040-09-22,0.00293429219565383
2040-09-23,0.00293356321107647
2040-09-24,0.00293283450835723
2040-09-25,0.00293210606316135
2040-09-26,0.00293137775239738
2040-09-27,0.0327482259106008
2040-09-28,0.53842236767411
2040-09-29,2.48883145712538
2040-09-30,0.166763286569015
2040-10-01,0.00981276547933869
2040-10-02,0.00775714494172421
2040-10-03,0.0164343533414438
2040-10-04,0.00664233852665601
2040-10-05,0.00910430810984385
2040-10-06,0.00667505765102041
2040-10-07,0.00664819997872972
2040-10-08,0.00661297559268583
2040-10-09,0.00657952849511457
2040-10-10,0.00654683369088146
2040-10-11,0.0160694675237347
2040-10-12,0.00648275894402719
2040-10-13,0.00748768813656978
2040-10-14,0.00643694994672029
2040-10-15,0.00639147364909377
2040-10-16,0.00633511227138488
2040-10-17,0.00628691058523512
2040-10-18,0.00624488205548885
2040-10-19,0.00619633979381787
2040-10-20,0.00614398345432249
2040-10-21,0.00610063588857483
2040-10-22,0.00605326529358302
2040-10-23,0.00599445971166681
2040-10-24,0.00593402204813592
2040-10-25,0.00587601797807128
2040-10-26,0.00582252314669568
2040-10-27,0.0102133772242594
2040-10-28,0.00572867362788144
2040-10-29,0.00568487032295384
2040-10-30,0.00564090133527429
2040-10-31,0.00561547846673817
2040-11-01,0.00716594805126658
2040-11-02,0.0070169644633931
2040-11-03,0.00696981618117942
2040-11-04,0.00692768089644105
2040-11-05,0.0355004291569298
2040-11-06,0.0122916955390921
2040-11-07,0.0068642070927705
2040-11-08,0.00683399366718142
2040-11-09,0.00679662957653292
2040-11-10,0.00675830205463845
2040-11-11,0.00672038363294954
2040-11-12,0.00667934837673695
2040-11-13,0.00663485676579932
2040-11-14,0.00659170685908672
2040-11-15,0.0469756223287627
2040-11-16,0.00654227424935021
2040-11-17,0.00651887443803859
2040-11-18,0.00649366678337404
2040-11-19,0.00647258753219641
2040-11-20,0.00669784551231404
2040-11-21,0.081290141463037
2040-11-22,0.526636050525062
2040-11-23,0.777842184449382
2040-11-24,0.750111654555163
2040-11-25,0.0194305752367807
2040-11-26,0.0164537140468992
2040-11-27,0.110965620042105
2040-11-28,0.0174930249234111
2040-11-29,0.022573309995172
2040-11-30,0.0407335448322902
2040-12-01,0.032295980227629
2040-12-02,0.0333586127197268
2040-12-03,0.0379957881778369
2040-12-04,0.0117425821303026
2040-12-05,0.0318550537814022
2040-12-06,0.0373717332235664
2040-12-07,0.0364099648042504
2040-12-08,0.107272222076025
2040-12-09,0.0356913563717896
2040-12-10,0.0550282971730971
2040-12-11,0.0444111229829627
2040-12-12,0.0249633924421877
2040-12-13,0.0194039127668897
2040-12-14,0.0652493864384929
2040-12-15,0.112637596604435
2040-12-16,0.0807344427620967
2040-12-17,0.0420139540187734
2040-12-18,0.0196309065619388
2040-12-19,0.116158389223283
2040-12-20,0.338726601159223
2040-12-21,0.0396447909975657
2040-12-22,0.0365080768800279
2040-12-23,0.0545952800038223
2040-12-24,0.052200664939424
2040-12-25,0.0485419933972527
2040-12-26,0.220152629748841
2040-12-27,0.0266328851613782
2040-12-28,0.0105298491730952
2040-12-29,0.0106402888258944
2040-12-30,0.0116680628314829
2040-12-31,0.0216950841597372
2041-01-01,0.0404915553267532
2041-01-02,0.036095761115113
2041-01-03,0.0267171530100648
2041-01-04,0.0434762759386806
2041-01-05,0.014639908440941
2041-01-06,0.0118720885226634
2041-01-07,0.0102175621122106
2041-01-08,0.0100656648861672
2041-01-09,0.0651333820776921
2041-01-10,0.166613974088811
2041-01-11,0.0210292167661525
2041-01-12,0.0128587510520295
2041-01-13,0.0119889235046283
2041-01-14,0.0164262645998513
2041-01-15,0.0275417058353073
2041-01-16,0.0300066650431216
2041-01-17,0.0354235364747907
2041-01-18,0.0373503226186485
2041-01-19,0.0492198608475702
2041-01-20,0.140948750542499
2041-01-21,0.272966481598638
2041-01-22,0.0670383066157525
2041-01-23,0.0781737772733393
2041-01-24,0.108614382454901
2041-01-25,0.0762149766436343
2041-01-26,0.0713245452360656
2041-01-27,0.0793922356889733
2041-01-28,0.0961786956523504
2041-01-29,0.11701792552703
2041-01-30,0.151002940037384
2041-01-31,0.174396234054051
2041-02-01,0.114546868008797
2041-02-02,0.116679901891821
2041-02-03,0.108211069668314
2041-02-04,0.0986705072254189
2041-02-05,0.1424953177877
2041-02-06,0.10577511791773
2041-02-07,0.108104502705985
2041-02-08,0.101588587862343
2041-02-09,0.134850632532862
2041-02-10,0.117933152634292
2041-02-11,0.114252284199404
2041-02-12,0.101626994294114
2041-02-13,0.126954149633025
2041-02-14,0.128220648213913
2041-02-15,0.154777613870218
2041-02-16,0.115792448174032
2041-02-17,0.119087914245875
2041-02-18,0.193909975699014
2041-02-19,0.158774585150718
2041-02-20,0.171029995087853
2041-02-21,0.158459949541927
2041-02-22,0.167554321495807
2041-02-23,0.184488788488513
2041-02-24,0.240495037110839
2041-02-25,0.188332659428168
2041-02-26,0.218930512298355
2041-02-27,0.267018216512782
2041-02-28,0.356453857960165
2041-03-01,0.383240964499446
2041-03-02,0.49984597239345
2041-03-03,0.607037928052061
2041-03-04,0.677572956784466
2041-03-05,0.731133169319585
2041-03-06,0.820924361617137
2041-03-07,0.921201860602673
2041-03-08,0.709687738965597
2041-03-09,0.690040461636363
2041-03-10,0.692271675601361
2041-03-11,0.731657078828139
2041-03-12,0.798657785759184
2041-03-13,0.903045941013286
2041-03-14,0.961477926830225
2041-03-15,1.24002450971984
2041-03-16,0.71136397168318
2041-03-17,0.657769724896422
2041-03-18,0.66196025818029
2041-03-19,0.613766064195244
2041-03-20,0.607349884378228
2041-03-21,0.59549911255289
2041-03-22,0.565527821922816
2041-03-23,0.535637296997898
2041-03-24,0.502502878176926
2041-03-25,0.516994605672344
2041-03-26,0.508870676689963
2041-03-27,0.457203135638845
2041-03-28,0.452599600260009
2041-03-29,0.44532194322169
2041-03-30,0.437776815706042
2041-03-31,0.414890174626123
2041-04-01,0.388662957974603
2041-04-02,0.364545119058272
2041-04-03,0.332925466047594
2041-04-04,0.314530841013621
2041-04-05,0.301067748873681
2041-04-06,0.293519141070869
2041-04-07,0.256064318000686
2041-04-08,0.24267228972748
2041-04-09,0.292808794559467
2041-04-10,0.240142871365655
2041-04-11,0.198018688211894
2041-04-12,0.214289948492412
2041-04-13,0.188514273746822
2041-04-14,0.165996358830349
2041-04-15,0.154250340904529
2041-04-16,0.144849260302367
2041-04-17,0.135675443997412
2041-04-18,0.132568527994198
2041-04-19,0.113194978474794
2041-04-20,0.0975558634153238
2041-04-21,0.0897904932661233
2041-04-22,0.0801569719706897
2041-04-23,0.0716912180973069
2041-04-24,0.0635820921462427
2041-04-25,0.0611832103353682
2041-04-26,0.0529051403775465
2041-04-27,0.0512578242514352
2041-04-28,0.0461908724351563
2041-04-29,0.0414276245614365
2041-04-30,0.0385364946043632
2041-05-01,0.0321757085572835
2041-05-02,0.0286250709330431
2041-05-03,0.0251630816672529
2041-05-04,0.0211078310341512
2041-05-05,0.0188608048222082
2041-05-06,0.0168434155334144
2041-05-07,0.0167210201378683
2041-05-08,0.0135519191684563
2041-05-09,0.012038595016175
2041-05-10,0.0107813382307202
2041-05-11,0.00981318325324458
2041-05-12,0.00901367882432461
2041-05-13,0.00832873224792109
2041-05-14,0.00775934570885508
2041-05-15,0.00732945822108201
2041-05-16,0.00698970579427571
2041-05-17,0.00669136491156792
2041-05-18,0.00641192094288314
2041-05-19,0.00615522708602513
2041-05-20,0.00593226659681853
2041-05-21,0.00573765209508592
2041-05-22,0.00557589211578756
2041-05-23,0.00543184106790312
2041-05-24,0.00528984319397515
2041-05-25,0.00518537442673898
2041-05-26,0.0152048042894673
2041-05-27,0.00498985735232023
2041-05-28,0.00488850309619822
2041-05-29,0.00478469685313633
2041-05-30,0.00470354040673249
2041-05-31,0.00463009856277351
2041-06-01,0.00663285316896982
2041-06-02,0.00649618449390599
2041-06-03,0.00635324445746439
2041-06-04,0.00621190628752362
2041-06-05,0.00606887246130213
2041-06-06,0.00595606417831081
2041-06-07,0.00580958825316831
2041-06-08,0.00568744949829646
2041-06-09,0.00555889426959184
2041-06-10,0.0118032181739742
2041-06-11,0.00534387734588518
2041-06-12,0.00523916090255228
2041-06-13,0.0051250453184904
2041-06-14,0.00501973611416759
2041-06-15,0.00492782027685203
2041-06-16,0.00483909265620086
2041-06-17,0.00474768575102116
2041-06-18,0.00465983998864366
2041-06-19,0.00457199589884361
2041-06-20,0.0044785574542906
2041-06-21,0.00438590609104708
2041-06-22,0.00428594145294482
2041-06-23,0.00418102628832297
2041-06-24,0.0040817646099751
2041-06-25,0.00398741379715429
2041-06-26,0.00389267614989617
2041-06-27,0.00379915169941142
2041-06-28,0.00464977538889177
2041-06-29,0.00387145270750827
2041-06-30,0.00356595801720557
2041-07-01,0.00916683404921078
2041-07-02,0.00897714027620142
2041-07-03,0.00880551050843894
2041-07-04,0.00865293440717676
2041-07-05,0.00851782379763468
2041-07-06,0.00838637069037382
2041-07-07,0.00825835883337588
2041-07-08,0.00814347463277225
2041-07-09,0.00804187739948742
2041-07-10,0.00795317481669702
2041-07-11,0.00787749153937337
2041-07-12,0.00781439919803556
2041-07-13,0.00776084042764276
2041-07-14,0.00771297843996567
2041-07-15,0.0100506627490373
2041-07-16,0.00764057946646122
2041-07-17,0.0111925790194374
2041-07-18,0.00759702942907905
2041-07-19,0.00758108728366803
2041-07-20,0.00756614539666163
2041-07-21,0.00755134250862651
2041-07-22,0.00753655763915357
2041-07-23,0.00752536973575806
2041-07-24,0.00751811057428142
2041-07-25,0.00751152295162962
2041-07-26,0.00788298722891348
2041-07-27,0.00750119635426411
2041-07-28,0.00749677755130277
2041-07-29,0.00749299320460452
2041-07-30,0.00748975452845397
2041-07-31,0.00748683179185862
2041-08-01,0.00799880549957841
2041-08-02,0.00799606372102371
2041-08-03,0.00799348752124024
2041-08-04,0.00799102174774132
2041-08-05,0.00798869061677254
2041-08-06,0.00798646607163481
2041-08-07,0.00798427710767562
2041-08-08,0.00798207820259258
2041-08-09,0.00797988699437841
2041-08-10,0.00868834119355546
2041-08-11,0.00797566536110267
2041-08-12,0.00797363278181171
2041-08-13,0.00824947436576066
2041-08-14,0.00796964690321358
2041-08-15,0.00796946458415166
2041-08-16,0.00796568397028712
2041-08-17,0.00796370350049021
2041-08-18,0.00796172330779332
2041-08-19,0.00795974357927095
2041-08-20,0.00795776428810695
2041-08-21,0.00795578557157439
2041-08-22,0.00795380749032882
2041-08-23,0.00795182955146412
2041-08-24,0.00794985250583207
2041-08-25,0.00794787564599754
2041-08-26,0.00794589964300232
2041-08-27,0.007943923797073
2041-08-28,0.00794194852322121
2041-08-29,0.00793997375632205
2041-08-30,0.00793799941592713
2041-08-31,0.0079360256814491
2041-09-01,0.00293588003855916
2041-09-02,0.00293515002790482
2041-09-03,0.00293442016042401
2041-09-04,0.00293369053062071
2041-09-05,0.0029329611014021
2041-09-06,0.00293223182504369
2041-09-07,0.00293150273202302
2041-09-08,0.0116196382717189
2041-09-09,0.00293004507071501
2041-09-10,0.00292931653621285
2041-09-11,0.00292858811653304
2041-09-12,0.00292786000044727
2041-09-13,0.0033030944296156
2041-09-14,0.0362731032756911
2041-09-15,0.003044046269698
2041-09-16,0.00292494909943628
2041-09-17,0.00292422184971576
2041-09-18,0.00292349480506888
2041-09-19,0.00292276797589108
2041-09-20,0.00292204131729297
2041-09-21,0.00292131487156506
2041-09-22,0.00292058855672518
2041-09-23,0.00291986244554138
2041-09-24,0.00291913647753111
2041-09-25,0.00291841071010554
2041-09-26,0.00291768516051165
2041-09-27,0.00291695971558091
2041-09-28,0.00291623443154321
2041-09-29,0.00291550932139283
2041-09-30,0.00291478441631609
2041-10-01,0.00398447922326691
2041-10-02,0.0039834884912705
2041-10-03,0.00398249807101267
2041-10-04,0.00398150780193996
2041-10-05,0.00398051779517993
2041-10-06,0.00397952813310906
2041-10-07,0.00397853862965337
2041-10-08,0.00397754941952267
2041-10-09,0.00397656036251538
2041-10-10,0.00397557161207794
2041-10-11,0.0039745830955252
2041-10-12,0.00397359487391267
2041-10-13,0.00640067028005886
2041-10-14,0.00400857908816108
2041-10-15,0.0108286495187331
2041-10-16,0.00400228805031994
2041-10-17,0.00817332685892184
2041-10-18,0.00396767031303007
2041-10-19,0.00396668377771324
2041-10-20,0.00396569747175848
2041-10-21,0.00412386577155031
2041-10-22,0.00396372560769847
2041-10-23,0.0111489942377349
2041-10-24,0.00396175471018957
2041-10-25,0.0110046395534931
2041-10-26,0.00395978479861446
2041-10-27,0.00395880020189159
2041-10-28,0.0039578159098003
2041-10-29,0.020382899029947
2041-10-30,0.399343567230581
2041-10-31,0.18200289841223
2041-11-01,0.0297047959745636
2041-11-02,0.0589985346976227
2041-11-03,0.0122601182303396
2041-11-04,0.00569649659809396
2041-11-05,0.220933827672907
2041-11-06,0.124447729263322
2041-11-07,0.0174571164306695
2041-11-08,0.0276015264858263
2041-11-09,0.056834562484601
2041-11-10,0.147757690640077
2041-11-11,0.00765345587871676
2041-11-12,0.0799948831124473
2041-11-13,0.0172001687959041
2041-11-14,0.0092340694745551
2041-11-15,0.00932622497543523
2041-11-16,0.0102156057307936
2041-11-17,0.0101482895457531
2041-11-18,0.00811063008770755
2041-11-19,0.00855367036734927
2041-11-20,0.00723009127630878
2041-11-21,0.00853603262164025
2041-11-22,0.0172112431702913
2041-11-23,0.0892966609939268
2041-11-24,0.0124875820248492
2041-11-25,0.0268164662394993
2041-11-26,0.0554816148900048
2041-11-27,0.0242485384027818
2041-11-28,0.0093503281636582
2041-11-29,0.00757165438076342
2041-11-30,0.00758301701996211
2041-12-01,0.170971681836355
2041-12-02,0.446918007437495
2041-12-03,0.22273555721425
2041-12-04,0.124518698689903
2041-12-05,0.00727423442884678
2041-12-06,0.00742535129330056
2041-12-07,0.0109856755304831
2041-12-08,0.00763286509194587
2041-12-09,0.010218057130324
2041-12-10,0.192509085413808
2041-12-11,0.520923184164309
2041-12-12,0.209756563119629
2041-12-13,0.0594444870035523
2041-12-14,0.0180332900303764
2041-12-15,0.00954044964189541
2041-12-16,0.0159497040148904
2041-12-17,0.0561586156388588
2041-12-18,0.273547244972481
2041-12-19,6.18362480715762
2041-12-20,1.68082831493723
2041-12-21,0.0819126464722832
2041-12-22,0.0322170193177661
2041-12-23,0.0314006428422291
2041-12-24,0.0364393719805048
2041-12-25,0.0388235399288779
2041-12-26,0.0409616938788899
2041-12-27,0.0424203889373412
2041-12-28,0.0433950742016894
2041-12-29,0.0440143704087886
2041-12-30,0.0443667282436996
2041-12-31,0.0445153298946865
2042-01-01,0.0380948123863368
2042-01-02,0.0379826815518766
2042-01-03,0.0377888102436216
2042-01-04,0.0877002637179574
2042-01-05,0.139461746434767
2042-01-06,0.26317232575183
2042-01-07,0.14535658184506
2042-01-08,0.133180604588968
2042-01-09,0.136110451672693
2042-01-10,0.132754143184644
2042-01-11,0.127897873178904
2042-01-12,0.138766090319752
2042-01-13,0.132030369236469
2042-01-14,0.117382672259248
2042-01-15,0.116610971668933
2042-01-16,0.112179936225629
2042-01-17,0.10809627794001
2042-01-18,0.103756321422428
2042-01-19,0.0994061746247544
2042-01-20,0.0955410002068303
2042-01-21,0.0943793593508713
2042-01-22,0.0910116058487962
2042-01-23,0.0852362159251536
2042-01-24,0.0826228914189341
2042-01-25,0.0801301481173118
2042-01-26,0.0763024095614712
2042-01-27,0.0737880553614891
2042-01-28,0.0714813827972596
2042-01-29,0.0692262689661091
2042-01-30,0.06830654714456
2042-01-31,0.0686871673087807
2042-02-01,0.0548763683768985
2042-02-02,0.0761101960823046
2042-02-03,0.109601924905928
2042-02-04,0.162790896218786
2042-02-05,0.187001339483742
2042-02-06,0.207910578505298
2042-02-07,0.597184922220204
2042-02-08,0.571396373603772
2042-02-09,0.509755949928948
2042-02-10,0.473388673855124
2042-02-11,0.512534594471206
2042-02-12,0.364281747189505
2042-02-13,0.363630773616552
2042-02-14,0.374034100855886
2042-02-15,0.351404307217217
2042-02-16,0.326608863537724
2042-02-17,0.310727769463474
2042-02-18,0.294889926199305
2042-02-19,0.279238749234234
2042-02-20,0.269108590555918
2042-02-21,0.262525751754339
2042-02-22,0.340753436771067
2042-02-23,0.334377156655042
2042-02-24,0.326608484554134
2042-02-25,0.419942515529692
2042-02-26,0.482324818554207
2042-02-27,0.415751752961252
2042-02-28,0.521508541287518
2042-03-01,0.520468715437709
2042-03-02,0.421344188059016
2042-03-03,0.396976209228443
2042-03-04,0.40889280871047
2042-03-05,0.461131267904281
2042-03-06,0.510362551319283
2042-03-07,0.425247495457901
2042-03-08,0.432973875237176
2042-03-09,0.490472887498214
2042-03-10,0.584896790552763
2042-03-11,0.699156974445067
2042-03-12,0.81604350801403
2042-03-13,0.972482520532982
2042-03-14,1.00696659916312
2042-03-15,1.14913384691665
2042-03-16,1.4607549293118
2042-03-17,1.68367335650389
2042-03-18,1.73230016314653
2042-03-19,1.8776465428765
2042-03-20,1.8682737074255
2042-03-21,1.34996415339561
2042-03-22,1.06739770187583
2042-03-23,0.640449399119059
2042-03-24,0.653535318504176
2042-03-25,0.759628172258828
2042-03-26,0.794687037401165
2042-03-27,0.676198189396568
2042-03-28,0.620896564384496
2042-03-29,0.633170578522426
2042-03-30,0.700674563305008
2042-03-31,0.791935575788686
2042-04-01,0.808329013208789
2042-04-02,0.849222522787662
2042-04-03,0.721265189506548
2042-04-04,0.632419601232595
2042-04-05,0.593141804382077
2042-04-06,0.717646764826006
2042-04-07,0.773414795399906
2042-04-08,0.786699189647408
2042-04-09,0.713509398315842
2042-04-10,0.824314946715926
2042-04-11,0.909955480209224
2042-04-12,1.01130865248704
2042-04-13,1.09895879353599
2042-04-14,1.28789630348169
2042-04-15,0.669574438531019
2042-04-16,0.670001320973748
2042-04-17,0.68371822849522
2042-04-18,0.811306390179099
2042-04-19,0.855474669464423
2042-04-20,0.943613883865904
2042-04-21,1.26725364049626
2042-04-22,0.801893845823201
2042-04-23,0.705263712055155
2042-04-24,0.688967048100371
2042-04-25,0.657099109554107
2042-04-26,0.654666117791126
2042-04-27,0.678548818082721
2042-04-28,0.665564645768433
2042-04-29,0.636023798097098
2042-04-30,0.610334950829117
2042-05-01,0.521148357642683
2042-05-02,0.511912807674591
2042-05-03,0.480633152395554
2042-05-04,0.453077401474107
2042-05-05,0.472360052153801
2042-05-06,0.463286410963344
2042-05-07,0.441825937810744
2042-05-08,0.48255476095475
2042-05-09,0.527936343131716
2042-05-10,0.55089124048305
2042-05-11,0.633482428968641
2042-05-12,0.786495488086068
2042-05-13,0.967955173709
2042-05-14,1.05546660231185
2042-05-15,1.03224014892404
2042-05-16,0.591590150955678
2042-05-17,0.565717844536116
2042-05-18,0.50183646350255
2042-05-19,0.490904810312301
2042-05-20,0.422791302665034
2042-05-21,0.359366235612597
2042-05-22,0.286070068941117
2042-05-23,0.260428334769981
2042-05-24,0.234893331814856
2042-05-25,0.221050557607906
2042-05-26,0.192752015084276
2042-05-27,0.142733836683338
2042-05-28,0.131918045896018
2042-05-29,0.119447859985067
2042-05-30,0.11031646464366
2042-05-31,0.101432833638549
2042-06-01,0.133576829160866
2042-06-02,0.121812767719135
2042-06-03,0.116377737066262
2042-06-04,0.109826022479606
2042-06-05,0.0983732036459915
2042-06-06,0.0838895554833845
2042-06-07,0.0703780163213936
2042-06-08,0.0348190569945647
2042-06-09,0.0308512861891062
2042-06-10,0.0326038167439931
2042-06-11,0.0254862901314511
2042-06-12,0.0228545255468871
2042-06-13,0.0201070575336859
2042-06-14,0.0176807618081678
2042-06-15,0.015565321032767
2042-06-16,0.0137415834513271
2042-06-17,0.0122370251611076
2042-06-18,0.0111117746170166
2042-06-19,0.010237997511222
2042-06-20,0.00945880456779876
2042-06-21,0.00880179203369759
2042-06-22,0.0082931850486967
2042-06-23,0.00782605511444261
2042-06-24,0.007382183833439
2042-06-25,0.00701826976830658
2042-06-26,0.00670888527146239
2042-06-27,0.00643885917379542
2042-06-28,0.00621579804434497
2042-06-29,0.00602720711378702
2042-06-30,0.00586382564399413
2042-07-01,0.0150616582805116
2042-07-02,0.014750145315258
2042-07-03,0.0144703041135525
2042-07-04,0.0142110095209462
2042-07-05,0.013951445738357
2042-07-06,0.0136832023614404
2042-07-07,0.0134120555180284
2042-07-08,0.0131498396410888
2042-07-09,0.0129036379419913
2042-07-10,0.0126566920539337
2042-07-11,0.0123733934066459
2042-07-12,0.0120561948114032
2042-07-13,0.0117349096012417
2042-07-14,0.011410933585675
2042-07-15,0.011088263176891
2042-07-16,0.0107851401636416
2042-07-17,0.0104987359124404
2042-07-18,0.0102272867739252
2042-07-19,0.00998085423148983
2042-07-20,0.00976877913118248
2042-07-21,0.00958756150081823
2042-07-22,0.00943823562569934
2042-07-23,0.00931735413467614
2042-07-24,0.00918517578357349
2042-07-25,0.00903586544664175
2042-07-26,0.00889350409049829
2042-07-27,0.00876074881385307
2042-07-28,0.00863065000029208
2042-07-29,0.0085045268956733
2042-07-30,0.0083837946130646
2042-07-31,0.00827012129604098
2042-08-01,0.00872968670110365
2042-08-02,0.00863295012625285
2042-08-03,0.00854647970529489
2042-08-04,0.00847131757320102
2042-08-05,0.00840698598905737
2042-08-06,0.00835134096594572
2042-08-07,0.00830383399836782
2042-08-08,0.00826471846367048
2042-08-09,0.00834891680725533
2042-08-10,0.00820952669004238
2042-08-11,0.00818160498656584
2042-08-12,0.00815445846983474
2042-08-13,0.00813010065414589
2042-08-14,0.00810921290936265
2042-08-15,0.00809112993295513
2042-08-16,0.00807540177063173
2042-08-17,0.00806215074418625
2042-08-18,0.00805165110924086
2042-08-19,0.00804249316974198
2042-08-20,0.00803398852042207
2042-08-21,0.00802630272409036
2042-08-22,0.00801934196769566
2042-08-23,0.00975586670747182
2042-08-24,0.00800746338075542
2042-08-25,0.00800253821280495
2042-08-26,0.00799857278470112
2042-08-27,0.00799536131007268
2042-08-28,0.00799259328299247
2042-08-29,0.00799008926010973
2042-08-30,0.00798762745603704
2042-08-31,0.0079851415966155
2042-09-01,0.00295386230840032
2042-09-02,0.00295295032253273
2042-09-03,0.0029520538667407
2042-09-04,0.00295118103907044
2042-09-05,0.00295032298804273
2042-09-06,0.00294948741549585
2042-09-07,0.00294865845610134
2042-09-08,0.00294781027837713
2042-09-09,0.00294695256212978
2042-09-10,0.002946096888586
2042-09-11,0.00294523613332687
2042-09-12,0.00294436789571499
2042-09-13,0.00294352957570109
2042-09-14,0.00294273797609313
2042-09-15,0.00294196466749456
2042-09-16,0.00294120729888256
2042-09-17,0.00294046997621889
2042-09-18,0.00293973887522486
2042-09-19,0.00293900785266914
2042-09-20,0.00293827714174028
2042-09-21,0.00293754644120688
2042-09-22,0.002936816061987
2042-09-23,0.0029360858221605
2042-09-24,0.00293535573070525
2042-09-25,0.0029346258504664
2042-09-26,0.00293389620247108
2042-09-27,0.0120104794617072
2042-09-28,0.00293243734946786
2042-09-29,0.00293170823069485
2042-09-30,0.00293097922201897
2042-10-01,0.00400661721750287
2042-10-02,0.0156010631401835
2042-10-03,0.00400462489240898
2042-10-04,0.00400362919714684
2042-10-05,0.00400263366276118
2042-10-06,0.00400163845852767
2042-10-07,0.00400064345910478
2042-10-08,0.0039996486441407
2042-10-09,0.00399865414059213
2042-10-10,0.00399765985897558
2042-10-11,0.00399666584645565
2042-10-12,0.00399567217700967
2042-10-13,0.00399467855375913
2042-10-14,0.0039936853310846
2042-10-15,0.00399269221501496
2042-10-16,0.00399169945106453
2042-10-17,0.00399070689612434
2042-10-18,0.0040124056297136
2042-10-19,0.0727302009805474
2042-10-20,0.00398773099932982
2042-10-21,0.00398674010322648
2042-10-22,0.00398574987162702
2042-10-23,0.00398476010811998
2042-10-24,0.00398377067153464
2042-10-25,0.0147151200872657
2042-10-26,0.055474098211718
2042-10-27,0.00455223373756239
2042-10-28,0.0039798366560902
2042-10-29,0.00398629417912742
2042-10-30,0.00485195529535076
2042-10-31,0.00400569079345897
2042-11-01,0.00503698371360108
2042-11-02,0.0050357672618142
2042-11-03,0.00503454993832307
2042-11-04,0.0050333314754777
2042-11-05,0.0127838969388496
2042-11-06,0.0138695497883557
2042-11-07,0.113470148670933
2042-11-08,0.0121876982313859
2042-11-09,0.0565563983654022
2042-11-10,0.00731005674212272
2042-11-11,0.00546788537726685
2042-11-12,0.0286097288029154
2042-11-13,0.00670787406098978
2042-11-14,0.0242104828190471
2042-11-15,0.177873939141449
2042-11-16,0.225937244837255
2042-11-17,0.0184939602651327
2042-11-18,0.00887862236080815
2042-11-19,0.0204215324597576
2042-11-20,0.0925034757350135
2042-11-21,0.230784281107941
2042-11-22,0.299095624063284
2042-11-23,0.292644146195329
2042-11-24,0.356998684442406
2042-11-25,0.219437128529587
2042-11-26,0.0181876269424639
2042-11-27,0.0193028810217281
2042-11-28,0.0107359509453288
2042-11-29,0.0173001420627631
2042-11-30,0.0211459482701652
2042-12-01,0.0242675212127384
2042-12-02,0.0138190179955005
2042-12-03,0.0375701727970162
2042-12-04,0.0932671370027532
2042-12-05,0.337455721815164
2042-12-06,0.25221035998534
2042-12-07,0.0415871153734011
2042-12-08,0.00849606801519518
2042-12-09,0.00897612457879757
2042-12-10,0.422402907505313
2042-12-11,0.737181968725994
2042-12-12,1.36828737407706
2042-12-13,0.0391612726188287
2042-12-14,0.0336769026315143
2042-12-15,0.0212956707698178
2042-12-16,0.0210376497090501
2042-12-17,0.0314348221521999
2042-12-18,0.0293099886127727
2042-12-19,0.0888806760463892
2042-12-20,0.594925686848902
2042-12-21,0.358358770960449
2042-12-22,0.272656861324773
2042-12-23,0.220791370522331
2042-12-24,0.26624231364901
2042-12-25,0.272318418611539
2042-12-26,0.244742250486475
2042-12-27,0.247530789652449
2042-12-28,0.254789395419801
2042-12-29,0.246466631480361
2042-12-30,0.309138791400649
2042-12-31,0.403210514461123
2043-01-01,0.424810723881193
2043-01-02,0.827501806486137
2043-01-03,0.662051521109881
2043-01-04,0.766609009452099
2043-01-05,1.14320841774068
2043-01-06,0.623031887061641
2043-01-07,0.60394981290799
2043-01-08,0.603915636351086
2043-01-09,0.584474044732147
2043-01-10,0.549821163927078
2043-01-11,0.515194717010503
2043-01-12,0.485707360714576
2043-01-13,0.466798813721445
2043-01-14,0.54512594404527
2043-01-15,0.545092800391152
2043-01-16,0.557617561708117
2043-01-17,0.61523782400319
2043-01-18,0.913940550551647
2043-01-19,0.648135392315647
2043-01-20,0.628528165254481
2043-01-21,0.621468700513741
2043-01-22,0.605452258189202
2043-01-23,0.591858004399273
2043-01-24,0.666518989116885
2043-01-25,0.653347273187563
2043-01-26,0.612785318650852
2043-01-27,0.576784410258497
2043-01-28,0.546405870963146
2043-01-29,0.51653640365188
2043-01-30,0.503706937296592
2043-01-31,0.452330491362272
2043-02-01,0.292136627837854
2043-02-02,0.274997599453216
2043-02-03,0.255371399146504
2043-02-04,0.241799064719844
2043-02-05,0.230924569241724
2043-02-06,0.241627863042044
2043-02-07,0.246616022856639
2043-02-08,0.24161473344727
2043-02-09,0.250075130267783
2043-02-10,0.245202027182578
2043-02-11,0.236806620197548
2043-02-12,0.222715893531317
2043-02-13,0.215167597399372
2043-02-14,0.215444565106411
2043-02-15,0.24315710062481
2043-02-16,0.213039153138238
2043-02-17,0.292410740453746
2043-02-18,0.366383896169263
2043-02-19,0.258376171027145
2043-02-20,0.258543030480976
2043-02-21,0.325535813774655
2043-02-22,0.315181599321716
2043-02-23,0.31390454882011
2043-02-24,0.306776094740844
2043-02-25,0.30258244531121
2043-02-26,0.324785008721521
2043-02-27,0.31790571206209
2043-02-28,0.391876127743796
2043-03-01,0.391295053510924
2043-03-02,0.309479676689754
2043-03-03,0.319326169077968
2043-03-04,0.311613863436273
2043-03-05,0.351423421402136
2043-03-06,0.299137800491098
2043-03-07,0.283460055635087
2043-03-08,0.275622742578173
2043-03-09,0.288552718324214
2043-03-10,0.32984932594121
2043-03-11,0.401213691411922
2043-03-12,0.463090367074698
2043-03-13,0.40577256452755
2043-03-14,0.423621100225283
2043-03-15,0.472680325154249
2043-03-16,0.528069860245266
2043-03-17,0.572033470097896
2043-03-18,0.631641111793616
2043-03-19,0.673013786409416
2043-03-20,0.724014933050401
2043-03-21,0.688684770008849
2043-03-22,0.629076267661617
2043-03-23,0.570082144509572
2043-03-24,0.594878809192483
2043-03-25,0.533666623604426
2043-03-26,0.52929013724522
2043-03-27,0.517518959360378
2043-03-28,0.464433074145886
2043-03-29,0.450260479955204
2043-03-30,0.424342372872231
2043-03-31,0.377835603449627
2043-04-01,0.341308121302836
2043-04-02,0.313723448982332
2043-04-03,0.301877332455386
2043-04-04,0.304784279173064
2043-04-05,0.282458748107519
2043-04-06,0.281351480245028
2043-04-07,0.309370014018968
2043-04-08,0.262801374134594
2043-04-09,0.271320277668321
2043-04-10,0.304953586880662
2043-04-11,0.312364561964766
2043-04-12,0.278929375246266
2043-04-13,0.270087055013665
2043-04-14,0.287129823251994
2043-04-15,0.276213610642674
2043-04-16,0.306234186075668
2043-04-17,0.276622706803148
2043-04-18,0.27094498835257
2043-04-19,0.319113606134593
2043-04-20,0.352173636568528
2043-04-21,0.332092958588782
2043-04-22,0.305934733694181
2043-04-23,0.292179822711048
2043-04-24,0.278467774538616
2043-04-25,0.260372858274673
2043-04-26,0.248819271220256
2043-04-27,0.232275497635898
2043-04-28,0.216223895752264
2043-04-29,0.195203918843864
2043-04-30,0.190888959085928
2043-05-01,0.171580039374163
2043-05-02,0.165869608391273
2043-05-03,0.294899034448641
2043-05-04,0.143461445153056
2043-05-05,0.15242533744411
2043-05-06,0.175338041249114
2043-05-07,0.162066126537052
2043-05-08,0.132656246600197
2043-05-09,0.126230685465709
2043-05-10,0.121880471322459
2043-05-11,0.113701205235835
2043-05-12,0.102660548099125
2043-05-13,0.0907182559246424
2043-05-14,0.0810128202774379
2043-05-15,0.0712354023794711
2043-05-16,0.0524553138428259
2043-05-17,0.0481221646214924
2043-05-18,0.0431314784972813
2043-05-19,0.0376749957398255
2043-05-20,0.037947045715337
2043-05-21,0.023094894825254
2043-05-22,0.0203703641433946
2043-05-23,0.018923459778557
2043-05-24,0.0175825940794404
2043-05-25,0.0162972809689014
2043-05-26,0.0147515717164338
2043-05-27,0.0132467666562549
2043-05-28,0.0118924261675538
2043-05-29,0.0107609577571187
2043-05-30,0.00996349560684434
2043-05-31,0.00939334187878355
2043-06-01,0.0127055380319295
2043-06-02,0.011566742765299
2043-06-03,0.010557309441015
2043-06-04,0.00981763043147211
2043-06-05,0.00923717391202112
2043-06-06,0.00875039697779386
2043-06-07,0.00833162816759429
2043-06-08,0.00794254659612025
2043-06-09,0.00759005642487989
2043-06-10,0.00726433365938548
2043-06-11,0.00698418343184493
2043-06-12,0.00674167539904164
2043-06-13,0.00654065119955941
2043-06-14,0.0236591730582089
2043-06-15,0.00630337968129256
2043-06-16,0.00623038002260074
2043-06-17,0.00653308748804449
2043-06-18,0.008362493096274
2043-06-19,0.0139137552563873
2043-06-20,0.00586329785400214
2043-06-21,0.00574899019260156
2043-06-22,0.00706979223143326
2043-06-23,0.00612919161049082
2043-06-24,0.00540533245013038
2043-06-25,0.00527761084583853
2043-06-26,0.00515211650065967
2043-06-27,0.00502217783997721
2043-06-28,0.00489005676071031
2043-06-29,0.00476509170902511
2043-06-30,0.00464148705456308
2043-07-01,0.0118767619333025
2043-07-02,0.0115603035555525
2043-07-03,0.0112408772741285
2043-07-04,0.0109294433463344
2043-07-05,0.0106276283652824
2043-07-06,0.010331872818438
2043-07-07,0.0100399237630462
2043-07-08,0.009760414624528
2043-07-09,0.00950281698476532
2043-07-10,0.0092699578857903
2043-07-11,0.00906107568103221
2043-07-12,0.00887217940831815
2043-07-13,0.0139501097135269
2043-07-14,0.0086165124411835
2043-07-15,0.0123450569720298
2043-07-16,0.00841380281802744
2043-07-17,0.00843116861802887
2043-07-18,0.00819752355620599
2043-07-19,0.00809242141149262
2043-07-20,0.00799888931997078
2043-07-21,0.00792165889919518
2043-07-22,0.00785523768494957
2043-07-23,0.00779436356051955
2043-07-24,0.00819725000107378
2043-07-25,0.00905551073215839
2043-07-26,0.00766766742774896
2043-07-27,0.00763888161454135
2043-07-28,0.00761385728162713
2043-07-29,0.00759214814789646
2043-07-30,0.00757266019294716
2043-07-31,0.00755627764596643
2043-08-01,0.00806275131320794
2043-08-02,0.0100209795924231
2043-08-03,0.00804420461114727
2043-08-04,0.00846558323160962
2043-08-05,0.00803052609211457
2043-08-06,0.0143772921287703
2043-08-07,0.00801944922073769
2043-08-08,0.024671612723025
2043-08-09,0.00801043863717027
2043-08-10,0.00800619451920493
2043-08-11,0.00800243567557157
2043-08-12,0.00799912286468944
2043-08-13,0.0079960894683429
2043-08-14,0.00799323080464637
2043-08-15,0.00799053674795546
2043-08-16,0.00798801014333426
2043-08-17,0.00798562901049185
2043-08-18,0.00798331277843925
2043-08-19,0.0079810309591479
2043-08-20,0.00797878650303094
2043-08-21,0.00797656757587326
2043-08-22,0.00797434799299722
2043-08-23,0.00797213824206509
2043-08-24,0.0079699895355073
2043-08-25,0.00796792433885912
2043-08-26,0.00796590441550631
2043-08-27,0.00796388452088507
2043-08-28,0.007961862237074
2043-08-29,0.00795985625427983
2043-08-30,0.00805736699175512
2043-08-31,0.00795589391322375
2043-09-01,0.00294323024449841
2043-09-02,0.00294249841440616
2043-09-03,0.00294176673292141
2043-09-04,0.00294103522957669
2043-09-05,0.00294030393508575
2043-09-06,0.00293957282794895
2043-09-07,0.0029388419247045
2043-09-08,0.00293811121330313
2043-09-09,0.00293738058412023
2043-09-10,0.00293665025971266
2043-09-11,0.00293592002177624
2043-09-12,0.00293519002907765
2043-09-13,0.00293446015521782
2043-09-14,0.00293373050060722
2043-09-15,0.0029330011028112
2043-09-16,0.00293227175628359
2043-09-17,0.00293154263278536
2043-09-18,0.00293081369994893
2043-09-19,0.00293008499179571
2043-09-20,0.00292935640366255
2043-09-21,0.00292862802745458
2043-09-22,0.00292789982560643
2043-09-23,0.00292717179717311
2043-09-24,0.00292644400665354
2043-09-25,0.00292571637938961
2043-09-26,0.00292498882513002
2043-09-27,0.00292426156997551
2043-09-28,0.00292353439467688
2043-09-29,0.00292280750643408
2043-09-30,0.00292208072663461
2043-10-01,0.00399445312735965
2043-10-02,0.00399345984459871
2043-10-03,0.00399246688132943
2043-10-04,0.00399147412771645
2043-10-05,0.00399048170619389
2043-10-06,0.00398948945459309
2043-10-07,0.00398849756124935
2043-10-08,0.00398750564723073
2043-10-09,0.00398651421842593
2043-10-10,0.00398552295566634
2043-10-11,0.00398453205084077
2043-10-12,0.00398354128395548
2043-10-13,0.00398255073544871
2043-10-14,0.00398156049092745
2043-10-15,0.00398057047738346
2043-10-16,0.00397958076782496
2043-10-17,0.00397859121138987
2043-10-18,0.00397760185815017
2043-10-19,0.00397661294005229
2043-10-20,0.00397562418606137
2043-10-21,0.00397463562428229
2043-10-22,0.0039736473241698
2043-10-23,0.00397265929121563
2043-10-24,0.00730748771865258
2043-10-25,0.0040095674063641
2043-10-26,0.035207428886941
2043-10-27,0.00502894421415165
2043-10-28,0.00401315495297462
2043-10-29,0.00396673625801356
2043-10-30,0.00396574993752177
2043-10-31,0.0039647639048632
2043-11-01,0.00502152516338357
2043-11-02,0.00502027665907325
2043-11-03,0.00501902841913896
2043-11-04,0.00501778036786928
2043-11-05,0.00688244389654095
2043-11-06,0.00501528551395415
2043-11-07,0.00501403852428106
2043-11-08,0.00501279190170598
2043-11-09,0.00501154545592724
2043-11-10,0.00501029942185479
2043-11-11,0.00500905359445403
2043-11-12,0.0058495327065784
2043-11-13,0.00542643766335507
2043-11-14,0.00500531829192151
2043-11-15,0.00792669254368134
2043-11-16,0.0537419555163823
2043-11-17,0.0208190327023705
2043-11-18,0.0142283924708048
2043-11-19,0.00705183110015609
2043-11-20,0.00499786279025763
2043-11-21,0.00499662545931292
2043-11-22,0.0049953891875093
2043-11-23,0.00499415398957981
2043-11-24,0.00499291938833801
2043-11-25,0.00499168546358778
2043-11-26,0.00499045212529396
2043-11-27,0.00498921927196237
2043-11-28,0.00499092359614143
2043-11-29,0.00498675531852963
2043-11-30,0.00498552426017208
2043-12-01,0.0039786141411524
2043-12-02,0.00397763201865454
2043-12-03,0.00397665027314125
2043-12-04,0.00397566877034851
2043-12-05,0.00397468760174571
2043-12-06,0.00397370620348942
2043-12-07,0.00397272505318049
2043-12-08,0.00397174376501414
2043-12-09,0.0140333324281426
2043-12-10,0.00396978141180139
2043-12-11,0.00414205041277809
2043-12-12,0.00450730325473163
2043-12-13,0.00396683971806692
2043-12-14,0.00396585967845771
2043-12-15,0.00396488012788303
2043-12-16,0.00396390085530997
2043-12-17,0.00396292191137335
2043-12-18,0.00396194310170074
2043-12-19,0.00396096443543905
2043-12-20,0.0886794538049421
2043-12-21,0.377599797285063
2043-12-22,0.106583787907586
2043-12-23,0.0692436260867527
2043-12-24,0.00666543928445765
2043-12-25,0.0437269625766268
2043-12-26,0.022851779739443
2043-12-27,0.00506242173446976
2043-12-28,0.00462423365892202
2043-12-29,0.0124320189606906
2043-12-30,0.0755126746950158
2043-12-31,0.181946384922516
2044-01-01,0.150239289292626
2044-01-02,0.181209959588254
2044-01-03,0.113852271164775
2044-01-04,0.0393153016887997
2044-01-05,0.0201140335209592
2044-01-06,0.0117863262857268
2044-01-07,0.0125441697613065
2044-01-08,0.00844454318018778
2044-01-09,0.00786363796935159
2044-01-10,0.00685459367846912
2044-01-11,0.00680273451644483
2044-01-12,0.00746869924577067
2044-01-13,0.00626648361088301
2044-01-14,0.00589235821098686
2044-01-15,0.00582142419465967
2044-01-16,0.00605077993605883
2044-01-17,0.0254814679216255
2044-01-18,0.108266057438445
2044-01-19,0.12448714006827
2044-01-20,0.30783547129559
2044-01-21,0.0288786365418846
2044-01-22,0.00613199276719221
2044-01-23,0.00624366598214689
2044-01-24,0.00722708088245159
2044-01-25,0.0067680737034535
2044-01-26,0.00714896466872776
2044-01-27,0.0076058750860932
2044-01-28,0.0146289531561656
2044-01-29,0.0644292272428182
2044-01-30,0.0465303508824723
2044-01-31,0.0381310665138515
2044-02-01,0.0131852652719005
2044-02-02,0.0272747362620135
2044-02-03,0.0680464919686148
2044-02-04,0.108249442403216
2044-02-05,0.118901442800494
2044-02-06,0.0995264131705407
2044-02-07,0.115308958423569
2044-02-08,0.0794423190273746
2044-02-09,0.19457834051306
2044-02-10,0.197588724663167
2044-02-11,0.0702682925220626
2044-02-12,0.00627380953917929
2044-02-13,0.0063652507749429
2044-02-14,0.0146256952524994
2044-02-15,0.0409569312013786
2044-02-16,0.00651180437439125
2044-02-17,0.00655283082684702
2044-02-18,0.0105615040185848
2044-02-19,0.0336781525170483
2044-02-20,0.0361379165689223
2044-02-21,0.00742589614440723
2044-02-22,0.0104827680106561
2044-02-23,0.0147906922009606
2044-02-24,0.0528687233121394
2044-02-25,0.0688358759968958
2044-02-26,0.0120150196402221
2044-02-27,0.0136622611309364
2044-02-28,0.0197879556297227
2044-02-29,0.0151678105465734
2044-03-01,0.0125731179593406
2044-03-02,0.0133979751842695
2044-03-03,0.0138796199288916
2044-03-04,0.0141471833783779
2044-03-05,0.0165944939712289
2044-03-06,0.0173830155058096
2044-03-07,0.0170124235499367
2044-03-08,0.0205031195300845
2044-03-09,0.0221118658682322
2044-03-10,0.0170654710230458
2044-03-11,0.0197782739682597
2044-03-12,0.0258016960228457
2044-03-13,0.0378283108816731
2044-03-14,0.216964515118046
2044-03-15,0.375868782229438
2044-03-16,0.0931617714617885
2044-03-17,0.102948001539799
2044-03-18,0.119157597233287
2044-03-19,0.149371971301695
2044-03-20,0.186414704827584
2044-03-21,0.230151996532715
2044-03-22,0.397372110711261
2044-03-23,0.452699044600196
2044-03-24,0.497156821562249
2044-03-25,0.441021873535432
2044-03-26,0.382038528567492
2044-03-27,0.366405386187767
2044-03-28,0.411716353892439
2044-03-29,0.377121363337435
2044-03-30,0.398555964493409
2044-03-31,0.371082419476023
2044-04-01,0.328320952684726
2044-04-02,0.316439156250814
2044-04-03,0.304035625207819
2044-04-04,0.285062653084533
2044-04-05,0.2654220555315
2044-04-06,0.268009735158829
2044-04-07,0.240287126957271
2044-04-08,0.22358807436357
2044-04-09,0.210883757195287
2044-04-10,0.217095933366186
2044-04-11,0.231365742703648
2044-04-12,0.243617132472553
2044-04-13,0.348361962599705
2044-04-14,0.514909414856058
2044-04-15,0.679850868931616
2044-04-16,0.705933991287583
2044-04-17,0.892662376479878
2044-04-18,1.21621545278311
2044-04-19,1.54796658480439
2044-04-20,1.58917772407547
2044-04-21,1.86815427796694
2044-04-22,1.76079189186062
2044-04-23,1.83817491056283
2044-04-24,2.13075608614855
2044-04-25,1.68693480014307
2044-04-26,1.39767767695526
2044-04-27,1.02874747994772
2044-04-28,0.740688535049521
2044-04-29,0.892879185028979
2044-04-30,0.977125954887207
2044-05-01,0.810420630198301
2044-05-02,0.76913882520149
2044-05-03,0.634078994806055
2044-05-04,0.462798053967004
2044-05-05,0.448574194220561
2044-05-06,0.437766260632559
2044-05-07,0.410489833729831
2044-05-08,0.356746107746113
2044-05-09,0.311055500144293
2044-05-10,0.271873605266659
2044-05-11,0.280986000616265
2044-05-12,0.276321723595664
2044-05-13,0.227608852855979
2044-05-14,0.222996368167409
2044-05-15,0.213119109440154
2044-05-16,0.19700836373584
2044-05-17,0.170989384859338
2044-05-18,0.149792965466015
2044-05-19,0.13484653903269
2044-05-20,0.120007040295415
2044-05-21,0.0970052247283297
2044-05-22,0.0855529867747291
2044-05-23,0.0729928663116664
2044-05-24,0.0608853148331006
2044-05-25,0.0413130930820396
2044-05-26,0.0323757279754796
2044-05-27,0.0289129461230141
2044-05-28,0.0253347880754626
2044-05-29,0.0220307733864275
2044-05-30,0.0192763472405424
2044-05-31,0.0170245426345625
2044-06-01,0.0220291287216127
2044-06-02,0.0195311970452384
2044-06-03,0.0172974257265441
2044-06-04,0.0153992930268755
2044-06-05,0.0138714779205138
2044-06-06,0.0126878699846768
2044-06-07,0.0117546189957907
2044-06-08,0.0179899076013956
2044-06-09,0.0107126813851392
2044-06-10,0.0103469385129267
2044-06-11,0.00986926479957406
2044-06-12,0.0409529212305611
2044-06-13,0.00899921758510109
2044-06-14,0.0252467185601378
2044-06-15,0.00837151855320579
2044-06-16,0.0081019656231513
2044-06-17,0.00785172245509874
2044-06-18,0.00760876361677064
2044-06-19,0.00738256728772459
2044-06-20,0.0071858041551618
2044-06-21,0.00701793901157296
2044-06-22,0.00687317202424868
2044-06-23,0.00674177470832709
2044-06-24,0.00662063776598312
2044-06-25,0.00650838563635201
2044-06-26,0.00639389007314777
2044-06-27,0.00627965397715437
2044-06-28,0.00617592521852406
2044-06-29,0.0060776057089562
2044-06-30,0.00597714463305333
2044-07-01,0.015428099694515
2044-07-02,0.0151281687016345
2044-07-03,0.0148192015306535
2044-07-04,0.0145309537264111
2044-07-05,0.0142682488583595
2044-07-06,0.0139928870000009
2044-07-07,0.0136762207187973
2044-07-08,0.0133129006010217
2044-07-09,0.0129229169420755
2044-07-10,0.0125261625010344
2044-07-11,0.0121309707906186
2044-07-12,0.0117465473127541
2044-07-13,0.0113749789397718
2044-07-14,0.0110142233051058
2044-07-15,0.0113884122982006
2044-07-16,0.0103830227874844
2044-07-17,0.0100899509203436
2044-07-18,0.00981344236766581
2044-07-19,0.0095516786322595
2044-07-20,0.0093156842401427
2044-07-21,0.00911338014993241
2044-07-22,0.00893627964752
2044-07-23,0.00877055617530311
2044-07-24,0.00860624688840307
2044-07-25,0.00844883979269353
2044-07-26,0.00830428170666711
2044-07-27,0.0118202358960563
2044-07-28,0.0227710146925763
2044-07-29,0.00800746691126685
2044-07-30,0.00792255460131144
2044-07-31,0.00784875624588423
2044-08-01,0.00832200538501412
2044-08-02,0.00826624185693843
2044-08-03,0.00822804096182028
2044-08-04,0.00818682190319643
2044-08-05,0.00864943044984
2044-08-06,0.00813765735058684
2044-08-07,0.0081203514188997
2044-08-08,0.0081017399916311
2044-08-09,0.00808541872027901
2044-08-10,0.00807010267659801
2044-08-11,0.00805487032862412
2044-08-12,0.00804195154577447
2044-08-13,0.00803285307041351
2044-08-14,0.00802579788547347
2044-08-15,0.00801994463476059
2044-08-16,0.00801535430327071
2044-08-17,0.00801143878829187
2044-08-18,0.0080078344988064
2044-08-19,0.00800450944125142
2044-08-20,0.00800138613615502
2044-08-21,0.00799855602525606
2044-08-22,0.00799599394544392
2044-08-23,0.0183458094933415
2044-08-24,0.00799119086113435
2044-08-25,0.00798892469735719
2044-08-26,0.00798769724502493
2044-08-27,0.00798454839692272
2044-08-28,0.00798237241261069
2044-08-29,0.00798013324501841
2044-08-30,0.00797788972555071
2044-08-31,0.00797565836975354
2044-09-01,0.00295048365402567
2044-09-02,0.0029497319785698
2044-09-03,0.002948984915617
2044-09-04,0.00294824193996141
2044-09-05,0.00294750636751148
2044-09-06,0.0029467734945678
2044-09-07,0.00294604074636937
2044-09-08,0.00294530825782063
2044-09-09,0.00294457587251748
2044-09-10,0.0200038629953915
2044-09-11,0.00607289811480499
2044-09-12,0.00294237993830826
2044-09-13,0.0029416482728892
2044-09-14,0.00294091690988288
2044-09-15,0.00294018563452901
2044-09-16,0.00293945454251285
2044-09-17,0.00293872366289439
2044-09-18,0.017401829916543
2044-09-19,0.081285275363069
2044-09-20,0.00298261207627197
2044-09-21,0.0304800763420592
2044-09-22,0.00293517964167251
2044-09-23,0.0029345704094693
2044-09-24,0.00293397384032712
2044-09-25,0.00293337216607985
2044-09-26,0.0029327598516293
2044-09-27,0.0029321356145564
2044-09-28,0.00293149799406589
2044-09-29,0.00293084717136915
2044-09-30,0.00293018366529302
2044-10-01,0.00400560323594681
2044-10-02,0.00400466838591619
2044-10-03,0.00400372361032323
2044-10-04,0.00400277073049653
2044-10-05,0.00400181120272362
2044-10-06,0.00400084655048546
2044-10-07,0.00399987822134734
2044-10-08,0.005465969480139
2044-10-09,0.00399793602090851
2044-10-10,0.00399696286256843
2044-10-11,0.00399598803828448
2044-10-12,0.00399501149023161
2044-10-13,0.00743092362273841
2044-10-14,0.00399305430534335
2044-10-15,0.00629485685313742
2044-10-16,0.00399109412905698
2044-10-17,0.00399011287359013
2044-10-18,0.00398913086219762
2044-10-19,0.00398814796016963
2044-10-20,0.003987164531255
2044-10-21,0.00398618052376649
2044-10-22,0.00398519610342628
2044-10-23,0.0039842113070615
2044-10-24,0.00398322627810424
2044-10-25,0.00398224101009354
2044-10-26,0.00398125555956234
2044-10-27,0.00398027002407025
2044-10-28,0.00397928434482308
2044-10-29,0.00397829858836812
2044-10-30,0.00397731272369304
2044-10-31,0.00397632684189654
2044-11-01,0.00503617371621324
2044-11-02,0.00503492467660286
2044-11-03,0.00503367577081749
2044-11-04,0.00503242696529859
2044-11-05,0.00503117829319543
2044-11-06,0.00502992977292433
2044-11-07,0.00502868131404085
2044-11-08,0.00502743307656206
2044-11-09,0.00502618523155479
2044-11-10,0.00502493752487428
2044-11-11,0.00502368997002585
2044-11-12,0.0050224426631834
2044-11-13,0.0391856849432052
2044-11-14,0.00836971432764194
2044-11-15,0.0101878826667735
2044-11-16,0.00598217342567168
2044-11-17,0.00566658346519761
2044-11-18,0.00667096578775452
2044-11-19,0.00641743718731427
2044-11-20,0.00633088703844266
2044-11-21,0.00662284511456687
2044-11-22,0.01294753425412
2044-11-23,0.00720726088225018
2044-11-24,0.00507979223188241
2044-11-25,0.00500627126353529
2044-11-26,0.00500503073265849
2044-11-27,0.00500379043178065
2044-11-28,0.0796160955971009
2044-11-29,0.00500131928453718
2044-11-30,0.00535376317505922
2044-12-01,0.00399028039482653
2044-12-02,0.00527925218616262
2044-12-03,0.0447980180932939
2044-12-04,0.0141070573074884
2044-12-05,0.175609635391225
2044-12-06,0.0436479805856834
2044-12-07,0.0870700363202514
2044-12-08,0.0860227646254661
2044-12-09,0.0315146777071582
2044-12-10,0.0081230315343941
2044-12-11,0.00948543066267094
2044-12-12,0.00582845127379399
2044-12-13,0.00919467233884656
2044-12-14,0.0512051688709475
2044-12-15,0.00526660891659589
2044-12-16,0.00509967940454736
2044-12-17,0.0218622957614177
2044-12-18,0.0427386007898063
2044-12-19,0.0352012184129087
2044-12-20,0.0145981123714462
2044-12-21,0.0114430563362887
2044-12-22,0.00520071449666374
2044-12-23,0.00622210045334319
2044-12-24,0.00630076576713885
2044-12-25,0.00812122643306622
2044-12-26,0.014693541881365
2044-12-27,0.0160646392437116
2044-12-28,0.0415843573472574
2044-12-29,0.0278302251606365
2044-12-30,0.0134596631529239
2044-12-31,0.00585580288626273
2045-01-01,0.00666074725473505
2045-01-02,0.0269188045601312
2045-01-03,0.0191405791436598
2045-01-04,0.023141810777878
2045-01-05,0.122961264361476
2045-01-06,0.130359323974611
2045-01-07,0.37222558897112
2045-01-08,0.21530472413178
2045-01-09,0.083018459639582
2045-01-10,0.0498286105952382
2045-01-11,0.0372471113867564
2045-01-12,0.0462543632679901
2045-01-13,0.0239858191931656
2045-01-14,0.0270666498784147
2045-01-15,0.0176517459839362
2045-01-16,0.0108803844535643
2045-01-17,0.0105081120366962
2045-01-18,0.0112294713726685
2045-01-19,0.0133840649735472
2045-01-20,0.00904194476482381
2045-01-21,0.0173943088536969
2045-01-22,0.0257155603156482
2045-01-23,0.024304054842721
2045-01-24,0.0204410190340086
2045-01-25,0.0100302940271663
2045-01-26,0.0116183117238099
2045-01-27,0.0111721611092102
2045-01-28,0.0140655996010969
2045-01-29,0.0143748073955532
2045-01-30,0.0157931695717805
2045-01-31,0.0143196867814734
2045-02-01,0.00850734145025985
2045-02-02,0.02120686901208
2045-02-03,0.0245243450654463
2045-02-04,0.00859681228882304
2045-02-05,0.010209301456034
2045-02-06,0.0111556047621615
2045-02-07,0.0363877618696108
2045-02-08,0.0589985405409808
2045-02-09,0.026741182180794
2045-02-10,0.00574278779981991
2045-02-11,0.00602783339332975
2045-02-12,0.0071961893457442
2045-02-13,0.00669985769384228
2045-02-14,0.0410318428867432
2045-02-15,0.0241385210319253
2045-02-16,0.00655582439169287
2045-02-17,0.0058972250854047
2045-02-18,0.00545821220423141
2045-02-19,0.00534002002444532
2045-02-20,0.00539701486933471
2045-02-21,0.0116870403689969
2045-02-22,0.0369549595089215
2045-02-23,0.0712918752157969
2045-02-24,0.0925424895648525
2045-02-25,0.026759059758635
2045-02-26,0.0130206562358159
2045-02-27,0.0143809923903816
2045-02-28,0.0157489232216832
2045-03-01,0.0222059468845936
2045-03-02,0.0500852295481377
2045-03-03,0.0539965146378311
2045-03-04,0.0395126785638767
2045-03-05,0.0220534039912099
2045-03-06,0.019542787892053
2045-03-07,0.0220380858222553
2045-03-08,0.0213810076051717
2045-03-09,0.0194537968325256
2045-03-10,0.0185668706377581
2045-03-11,0.00649435246245606
2045-03-12,0.00610236198712475
2045-03-13,0.00587045231611092
2045-03-14,0.0113966955262759
2045-03-15,0.0113779208906529
2045-03-16,0.00940756526143684
2045-03-17,0.0157687301450431
2045-03-18,0.0245607250516966
2045-03-19,0.161421682835102
2045-03-20,0.127459184732819
2045-03-21,0.00804802344880276
2045-03-22,0.0160753321299707
2045-03-23,0.0199025512841392
2045-03-24,0.0652288652602252
2045-03-25,0.0759534879651391
2045-03-26,0.0301677109969706
2045-03-27,0.00662396599516145
2045-03-28,0.0108664995751639
2045-03-29,0.038205316252343
2045-03-30,0.0186349815460063
2045-03-31,0.0214182663784056
2045-04-01,0.0199583296750333
2045-04-02,0.0190926993689907
2045-04-03,0.0329238134807591
2045-04-04,0.0448436398640594
2045-04-05,0.0461702625274
2045-04-06,0.0164877926483344
2045-04-07,0.00803642813690054
2045-04-08,0.0160268388335081
2045-04-09,0.016413691939812
2045-04-10,0.0106584920482453
2045-04-11,0.0121388691007292
2045-04-12,0.0122109660029024
2045-04-13,0.0136430929777322
2045-04-14,0.013957831364516
2045-04-15,0.0138298795588607
2045-04-16,0.0138243531153783
2045-04-17,0.0117667528412233
2045-04-18,0.0102614495115816
2045-04-19,0.00856953156659535
2045-04-20,0.00994359152528614
2045-04-21,0.0703375396604424
2045-04-22,0.0750304884177666
2045-04-23,0.0798393988655444
2045-04-24,0.0475604015319035
2045-04-25,0.0227926727931071
2045-04-26,0.0147994010392183
2045-04-27,0.0141484737519476
2045-04-28,0.0163139426635188
2045-04-29,0.0152744394770917
2045-04-30,0.017655599773823
2045-05-01,0.0172986720844101
2045-05-02,0.0182267665625007
2045-05-03,0.0176590859840368
2045-05-04,0.0201042004834002
2045-05-05,0.0214511054354546
2045-05-06,0.0214233664449434
2045-05-07,0.0162271460810494
2045-05-08,0.0166932341465722
2045-05-09,0.0160430462763448
2045-05-10,0.0148001044068131
2045-05-11,0.0145835027746364
2045-05-12,0.0143300187676907
2045-05-13,0.0150270828292543
2045-05-14,0.0145434476521985
2045-05-15,0.0146208540707767
2045-05-16,0.0139638821557103
2045-05-17,0.0118716161969851
2045-05-18,0.0111714201683859
2045-05-19,0.0102502119902652
2045-05-20,0.00942744607356421
2045-05-21,0.00859469249690342
2045-05-22,0.0079189643415466
2045-05-23,0.00732173577593212
2045-05-24,0.00679197607932961
2045-05-25,0.00636817139552328
2045-05-26,0.0060289274612047
2045-05-27,0.00573037896080704
2045-05-28,0.00544402984293433
2045-05-29,0.00515845611466394
2045-05-30,0.00489582011635819
2045-05-31,0.00916169208168179
2045-06-01,0.00656921916991541
2045-06-02,0.00765819314829639
2045-06-03,0.00620280250169964
2045-06-04,0.0080051883272463
2045-06-05,0.00595393787651744
2045-06-06,0.00584045787097341
2045-06-07,0.0057335132258847
2045-06-08,0.00562155443315757
2045-06-09,0.00550308301430214
2045-06-10,0.00538580613752759
2045-06-11,0.00527689559991203
2045-06-12,0.00517483065496045
2045-06-13,0.00507768713595354
2045-06-14,0.0049820319495272
2045-06-15,0.00488107472170721
2045-06-16,0.0047650842751456
2045-06-17,0.0046406563067108
2045-06-18,0.00451781315312255
2045-06-19,0.00439775480506452
2045-06-20,0.00428707049271173
2045-06-21,0.00418672560071901
2045-06-22,0.00409087360260537
2045-06-23,0.00399932231104198
2045-06-24,0.0039080296556275
2045-06-25,0.00382267330501508
2045-06-26,0.00374931597109196
2045-06-27,0.00368319196078073
2045-06-28,0.00362215127827424
2045-06-29,0.00356070771367711
2045-06-30,0.00349558206756631
2045-07-01,0.00901201095761576
2045-07-02,0.00883646403556286
2045-07-03,0.00866650279131729
2045-07-04,0.00851185796293386
2045-07-05,0.00837809965657877
2045-07-06,0.00826361211046879
2045-07-07,0.00816692012636383
2045-07-08,0.00808571033522544
2045-07-09,0.00801136016685755
2045-07-10,0.00794117107065713
2045-07-11,0.0078732629767523
2045-07-12,0.00780995505785262
2045-07-13,0.00775426165835254
2045-07-14,0.0077080864672438
2045-07-15,0.00767101660066205
2045-07-16,0.00764047221533384
2045-07-17,0.00761480095319188
2045-07-18,0.00759223838228941
2045-07-19,0.00757220285230413
2045-07-20,0.00755464235481465
2045-07-21,0.00754083423394939
2045-07-22,0.00753085346549396
2045-07-23,0.00752228405967427
2045-07-24,0.00751453546859937
2045-07-25,0.0075075826848085
2045-07-26,0.00750155091287542
2045-07-27,0.0074964104928441
2045-07-28,0.00749178827225177
2045-07-29,0.00748780092490267
2045-07-30,0.00748440088160156
2045-07-31,0.00749363108213626
2045-08-01,0.00799733427709848
2045-08-02,0.00799030049271005
2045-08-03,0.00798764066425982
2045-08-04,0.00798510815051203
2045-08-05,0.00798268691669566
2045-08-06,0.00798035621159263
2045-08-07,0.00797806510881116
2045-08-08,0.00797575565613253
2045-08-09,0.00797346193047784
2045-08-10,0.00797131596682744
2045-08-11,0.00796931345799951
2045-08-12,0.00796733177956114
2045-08-13,0.00796535061509868
2045-08-14,0.0079633700195213
2045-08-15,0.00796139005156918
2045-08-16,0.0079594103358164
2045-08-17,0.00795743117554066
2045-08-18,0.00795545263267449
2045-08-19,0.00795347451312013
2045-08-20,0.00795149689732604
2045-08-21,0.00794951967419671
2045-08-22,0.00794754309720854
2045-08-23,0.00794556693140106
2045-08-24,0.00794359116400471
2045-08-25,0.00794161616150666
2045-08-26,0.00793964133075957
2045-08-27,0.00793766713785338
2045-08-28,0.00793569359364222
2045-08-29,0.00793372021032783
2045-08-30,0.0079317475599878
2045-08-31,0.00792977509480678
2045-09-01,0.00293356774490499
2045-09-02,0.00293283835277921
2045-09-03,0.0029321090244436
2045-09-04,0.00293137991701107
2045-09-05,0.00293065111199126
2045-09-06,0.00292992242297511
2045-09-07,0.00292919384192974
2045-09-08,0.00292846551580887
2045-09-09,0.0029277373271913
2045-09-10,0.0029270093923169
2045-09-11,0.0029262816209344
2045-09-12,0.00292555396153912
2045-09-13,0.0029248264935144
2045-09-14,0.00292409928183173
2045-09-15,0.00292337213063161
2045-09-16,0.00513101905913676
2045-09-17,0.00292191851314896
2045-09-18,0.00292119202324047
2045-09-19,0.00292046566941769
2045-09-20,0.00291973944010391
2045-09-21,0.00291901348579671
2045-09-22,0.00291828772191504
2045-09-23,0.00291756206718548
2045-09-24,0.0191361536773065
2045-09-25,0.022850271457606
2045-09-26,0.00302889292882293
2045-09-27,0.0029146614234004
2045-09-28,0.00291393683892843
2045-09-29,0.00291321235155929
2045-09-30,0.00291248812313105
2045-10-01,0.00398134020288418
2045-10-02,0.0039803505272454
2045-10-03,0.00397936093624448
2045-10-04,0.00397837171286894
2045-10-05,0.00397738265101597
2045-10-06,0.00397639381497157
2045-10-07,0.00397540528646614
2045-10-08,0.00397441693725078
2045-10-09,0.0039734287902617
2045-10-10,0.00397244090429308
2045-10-11,0.00397145328128323
2045-10-12,0.00397046585403873
2045-10-13,0.00396947868878385
2045-10-14,0.00396849178551859
2045-10-15,0.00396750503537674
2045-10-16,0.00396651860085
2045-10-17,0.00396553242282111
2045-10-18,0.00396454640308437
2045-10-19,0.0039635607060697
2045-10-20,0.00396257525844591
2045-10-21,0.00396159003210804
2045-10-22,0.00396060499927422
2045-10-23,0.00395962023586005
2045-10-24,0.00395863572700548
2045-10-25,0.00395765135092245
2045-10-26,0.0039566673789689
2045-10-27,0.00431125617959272
2045-10-28,0.0240887205044416
2045-10-29,0.0039537167695029
2045-10-30,0.00395273372339677
2045-10-31,0.00395175083396754
2045-11-01,0.00500504376647828
2045-11-02,0.00500379935467605
2045-11-03,0.00500261596667134
2045-11-04,0.00500131134384372
2045-11-05,0.0050000678454893
2045-11-06,0.00499882460005187
2045-11-07,0.00499758172989745
2045-11-08,0.00499633913639659
2045-11-09,0.00499509689485139
2045-11-10,0.00499385482028054
2045-11-11,0.00499261323394593
2045-11-12,0.00499137181581337
2045-11-13,0.0085088616005393
2045-11-14,0.00498888998835152
2045-11-15,0.00498764958679798
2045-11-16,0.00498640952205785
2045-11-17,0.00498516968772594
2045-11-18,0.0049839301889797
2045-11-19,0.00498269098530327
2045-11-20,0.00498145199361878
2045-11-21,0.00498021346561544
2045-11-22,0.00510415480654268
2045-11-23,0.00497773719618885
2045-11-24,0.00497649949159815
2045-11-25,0.00497526226869564
2045-11-26,0.00497402504743015
2045-11-27,0.00500887841832813
2045-11-28,0.00497155191900352
2045-11-29,0.00497031579616719
2045-11-30,0.00496907984685323
2045-12-01,0.00396548378729505
2045-12-02,0.00396449774500726
2045-12-03,0.00396351211629178
2045-12-04,0.00396252661498008
2045-12-05,0.00396154126263281
2045-12-06,0.00396055630229721
2045-12-07,0.00395957148504587
2045-12-08,0.00395858698173052
2045-12-09,0.00395760271329551
2045-12-10,0.00395661874507609
2045-12-11,0.00395563479547724
2045-12-12,0.00396001720883936
2045-12-13,0.0039536680180862
2045-12-14,0.00395268501813559
2045-12-15,0.0404121004343865
2045-12-16,0.0362065009427694
2045-12-17,0.00394974022522224
2045-12-18,0.00394876783702732
2045-12-19,0.0039478001356585
2045-12-20,0.0157064492494157
2045-12-21,0.035437655635617
2045-12-22,0.0909898339704716
2045-12-23,0.102465975408299
2045-12-24,0.0903892829175818
2045-12-25,0.0388019874001368
2045-12-26,0.0343079531884151
2045-12-27,0.0187129627486182
2045-12-28,0.00700529707583622
2045-12-29,0.00848983046282989
2045-12-30,0.00845206060272812
2045-12-31,0.0105238267162222
2046-01-01,0.0475635321464163
2046-01-02,0.00558873657065157
2046-01-03,0.00384902500977442
2046-01-04,0.00445740736655447
2046-01-05,0.00494925722240126
2046-01-06,0.00483850419953848
2046-01-07,0.00480291754737241
2046-01-08,0.00418678056393296
2046-01-09,0.00380006928940557
2046-01-10,0.00373928484725257
2046-01-11,0.00384624728226013
2046-01-12,0.00401299497331915
2046-01-13,0.00376738549394262
2046-01-14,0.00377165018174802
2046-01-15,0.00377499182567907
2046-01-16,0.00377651160956927
2046-01-17,0.00377768219649046
2046-01-18,0.00377930965187406
2046-01-19,0.00377988151939241
2046-01-20,0.00377999134922573
2046-01-21,0.00378099378444108
2046-01-22,0.00378324125546289
2046-01-23,0.00438716908727376
2046-01-24,0.00680937433944072
2046-01-25,0.147146215477344
2046-01-26,0.228482446248747
2046-01-27,0.144199421014861
2046-01-28,0.0164357057710274
2046-01-29,0.00432996110770778
2046-01-30,0.00441939211030466
2046-01-31,0.00642688500925644
2046-02-01,0.0198833894077088
2046-02-02,0.0821218112755916
2046-02-03,0.0726104567377634
2046-02-04,0.0603012142289242
2046-02-05,0.0644517989919778
2046-02-06,0.0385346794206461
2046-02-07,0.0594611321887816
2046-02-08,0.106139194745005
2046-02-09,0.136848392670055
2046-02-10,0.126984974851384
2046-02-11,0.161415348182226
2046-02-12,0.0222958006040813
2046-02-13,0.0184552818537558
2046-02-14,0.029438535300255
2046-02-15,0.0218957600490865
2046-02-16,0.0277803187728432
2046-02-17,0.0309127870286944
2046-02-18,0.0361264626686846
2046-02-19,0.0576869674174341
2046-02-20,0.0592543526572089
2046-02-21,0.0192591031189317
2046-02-22,0.0108769916328168
2046-02-23,0.0127139112759868
2046-02-24,0.0119556260186653
2046-02-25,0.0138466778497499
2046-02-26,0.0185464356868355
2046-02-27,0.109658368367239
2046-02-28,0.0633830654873143
2046-03-01,0.040680762070443
2046-03-02,0.0334174794093026
2046-03-03,0.0513639588386359
2046-03-04,0.150252277290584
2046-03-05,0.0155655970950807
2046-03-06,0.0302349766854132
2046-03-07,0.06911573430952
2046-03-08,0.152682504707702
2046-03-09,0.012206029651797
2046-03-10,0.0136441900617394
2046-03-11,0.0334805425223332
2046-03-12,0.0476248291903572
2046-03-13,0.158808326654614
2046-03-14,0.0443784848743006
2046-03-15,0.0121770899958094
2046-03-16,0.0228682321099245
2046-03-17,0.0476560863371993
2046-03-18,0.064862277974064
2046-03-19,0.035424205232193
2046-03-20,0.035565627104568
2046-03-21,0.0632861095604229
2046-03-22,0.0324248799975402
2046-03-23,0.0256076271330957
2046-03-24,0.0440879672706872
2046-03-25,0.0205614927463127
2046-03-26,0.0211740687749389
2046-03-27,0.0259476279872983
2046-03-28,0.0299558287390831
2046-03-29,0.030962691347348
2046-03-30,0.0261416168879292
2046-03-31,0.02260478844786
2046-04-01,0.0189514443604154
2046-04-02,0.0195839289978635
2046-04-03,0.0196104655835135
2046-04-04,0.0252513514826679
2046-04-05,0.0200864004113612
2046-04-06,0.0162693446472776
2046-04-07,0.0153677466507031
2046-04-08,0.0141331588290708
2046-04-09,0.0131000925598549
2046-04-10,0.0124480116568565
2046-04-11,0.0121109328696835
2046-04-12,0.032095309424467
2046-04-13,0.0120500252043344
2046-04-14,0.0114589932687489
2046-04-15,0.0107648229999004
2046-04-16,0.00996232995405876
2046-04-17,0.00927863115262085
2046-04-18,0.00872426813589242
2046-04-19,0.00826103771445327
2046-04-20,0.00785076795582244
2046-04-21,0.0074569480906239
2046-04-22,0.00711242031790711
2046-04-23,0.00680789684643583
2046-04-24,0.00652130782118232
2046-04-25,0.00627058582626022
2046-04-26,0.00606397500990998
2046-04-27,0.00587346489420883
2046-04-28,0.00569789157493513
2046-04-29,0.00555594324963109
2046-04-30,0.00545652268900858
2046-05-01,0.00960624564095463
2046-05-02,0.0067742825931667
2046-05-03,0.00492443640896313
2046-05-04,0.00487278270791118
2046-05-05,0.00481880086912154
2046-05-06,0.00475365897505362
2046-05-07,0.00467206354430819
2046-05-08,0.00458825920250985
2046-05-09,0.00452052553551702
2046-05-10,0.00446538799386743
2046-05-11,0.00441073977807888
2046-05-12,0.00435520062190132
2046-05-13,0.00429757172248395
2046-05-14,0.00423711132277641
2046-05-15,0.00417517476107576
2046-05-16,0.00411098574445756
2046-05-17,0.00404448535233403
2046-05-18,0.00397105754568949
2046-05-19,0.0039006678920278
2046-05-20,0.00383419998056473
2046-05-21,0.00377449885270073
2046-05-22,0.00400414612605244
2046-05-23,0.00396166216165666
2046-05-24,0.00381345543606062
2046-05-25,0.00362863313126444
2046-05-26,0.00358343727764242
2046-05-27,0.00352692139101552
2046-05-28,0.00346759924946009
2046-05-29,0.00341656394778819
2046-05-30,0.00336068126567958
2046-05-31,0.00329837422571889
2046-06-01,0.00472192830798207
2046-06-02,0.0046198702210525
2046-06-03,0.00451195549513876
2046-06-04,0.00440687689561235
2046-06-05,0.00430764701805206
2046-06-06,0.00421410425148083
2046-06-07,0.00412514914211775
2046-06-08,0.00404035456231687
2046-06-09,0.00395570441094136
2046-06-10,0.00387224539740624
2046-06-11,0.00379134131863011
2046-06-12,0.00370845202133112
2046-06-13,0.00362464486216556
2046-06-14,0.00354668703195719
2046-06-15,0.00347698135000096
2046-06-16,0.00341514876116268
2046-06-17,0.00335787724827737
2046-06-18,0.00330682036230678
2046-06-19,0.00326214318914392
2046-06-20,0.00321805806703457
2046-06-21,0.00317430228474033
2046-06-22,0.00313217159777511
2046-06-23,0.00309174113009096
2046-06-24,0.00305508040924902
2046-06-25,0.0030224928076179
2046-06-26,0.00299381591497396
2046-06-27,0.00296974626869242
2046-06-28,0.00295046878879856
2046-06-29,0.00293482714683372
2046-06-30,0.00292134744006103
2046-07-01,0.0076493899710613
2046-07-02,0.00762369664600779
2046-07-03,0.00760054496932064
2046-07-04,0.00757956731919974
2046-07-05,0.00756051721555018
2046-07-06,0.00754407902142847
2046-07-07,0.00753112740355495
2046-07-08,0.00752156368398654
2046-07-09,0.00751451132078688
2046-07-10,0.007508756896833
2046-07-11,0.00750329788482233
2046-07-12,0.00749778123157346
2046-07-13,0.00749282914142015
2046-07-14,0.00748901974066451
2046-07-15,0.00748591976658101
2046-07-16,0.00748883187316855
2046-07-17,0.00748057465766674
2046-07-18,0.0110348388395961
2046-07-19,0.00747585570782673
2046-07-20,0.00747363109762102
2046-07-21,0.0124859300082
2046-07-22,0.141376285471538
2046-07-23,0.0461869858365975
2046-07-24,0.00746565650925875
2046-07-25,0.00746366238216305
2046-07-26,0.0217722715001485
2046-07-27,0.00745980212177248
2046-07-28,0.00745796069425497
2046-07-29,0.00745609749893796
2046-07-30,0.00745422593414755
2046-07-31,0.00745235040027928
2046-08-01,0.00796288820383208
2046-08-02,0.00796089593493637
2046-08-03,0.00795892646294665
2046-08-04,0.00795695818746728
2046-08-05,0.0079549884939252
2046-08-06,0.00795301749086195
2046-08-07,0.00795104585315019
2046-08-08,0.0079490734645867
2046-08-09,0.00794710094321947
2046-08-10,0.00794512778081898
2046-08-11,0.00794315469822839
2046-08-12,0.00794118160031434
2046-08-13,0.00793920850048482
2046-08-14,0.00793723548557303
2046-08-15,0.00793526302869225
2046-08-16,0.00793329059096585
2046-08-17,0.00793131854015793
2046-08-18,0.00792934698353306
2046-08-19,0.00792737566825338
2046-08-20,0.0079254050189077
2046-08-21,0.00792343445831065
2046-08-22,0.00792146456364758
2046-08-23,0.00791949520147631
2046-08-24,0.00791752606149588
2046-08-25,0.00791555774515383
2046-08-26,0.0079135895239452
2046-08-27,0.00791162188886062
2046-08-28,0.00790965470645792
2046-08-29,0.00790768807123206
2046-08-30,0.00790669924864996
2046-08-31,0.00790375611924023
2046-09-01,0.00292394220865391
2046-09-02,0.00292321522708844
2046-09-03,0.00292248831332957
2046-09-04,0.00292176161102336
2046-09-05,0.0241906319986238
2046-09-06,0.00292030887738922
2046-09-07,0.00291958276313404
2046-09-08,0.00291885673983894
2046-09-09,0.00291813104281883
2046-09-10,0.00291740551425208
2046-09-11,0.00291668006979386
2046-09-12,0.00291595476520154
2046-09-13,0.00291522976727465
2046-09-14,0.00291450490094455
2046-09-15,0.00707927729538449
2046-09-16,0.00291305571144596
2046-09-17,0.00291233138520611
2046-09-18,0.0176703116401586
2046-09-19,0.0029108832827396
2046-09-20,0.0147290352860353
2046-09-21,0.00290943592945337
2046-09-22,0.00290871250572656
2046-09-23,0.00290798940024188
2046-09-24,0.00290726643793075
2046-09-25,0.00290654353728347
2046-09-26,0.00290582101748722
2046-09-27,0.00290509850005359
2046-09-28,0.00290437628503269
2046-09-29,0.00290365419286696
2046-09-30,0.00290293221410601
2046-10-01,0.0101092758358584
2046-10-02,0.00396729076275726
2046-10-03,0.0336296649784888
2046-10-04,0.00396531836018099
2046-10-05,0.00396433258628157
2046-10-06,0.00396654867764592
2046-10-07,0.00396236231871072
2046-10-08,0.00396137757790972
2046-10-09,0.00396039313398721
2046-10-10,0.00395940895916132
2046-10-11,0.00396020206150147
2046-10-12,0.00395744136672737
2046-10-13,0.0039564578803107
2046-10-14,0.00395547475699677
2046-10-15,0.00395449172833508
2046-10-16,0.00395350887314863
2046-10-17,0.00395252626509173
2046-10-18,0.00395154394325284
2046-10-19,0.00395056175580072
2046-10-20,0.00394957982129296
2046-10-21,0.00394859796560822
2046-10-22,0.00394761649240894
2046-10-23,0.00394663527926101
2046-10-24,0.00394565422602042
2046-10-25,0.00394467332331888
2046-10-26,0.00394369272783329
2046-10-27,0.00394271232455955
2046-10-28,0.00394173225143797
2046-10-29,0.00394075236471344
2046-10-30,0.00393977265340242
2046-10-31,0.00393879318728267
2046-11-01,0.0711330427927835
2046-11-02,0.0115742585395068
2046-11-03,0.0109401758803221
2046-11-04,0.00618271119830535
2046-11-05,0.00539799850454546
2046-11-06,0.00529022003857198
2046-11-07,0.00502154029870628
2046-11-08,0.0465455355419821
2046-11-09,0.0144122258126176
2046-11-10,0.010656933742698
2046-11-11,0.0258188868432258
2046-11-12,0.016805070948854
2046-11-13,0.00526150645253931
2046-11-14,0.0463104909598121
2046-11-15,0.0139828344207206
2046-11-16,0.00582246636978835
2046-11-17,0.00780407990467163
2046-11-18,0.00541035336987708
2046-11-19,0.00520100963788895
2046-11-20,0.00505672679239693
2046-11-21,0.00497023512914931
2046-11-22,0.00512759474653323
2046-11-23,0.00496560435965283
2046-11-24,0.00496495555715548
2046-11-25,0.00496429214931521
2046-11-26,0.00496361461822948
2046-11-27,0.214220981886567
2046-11-28,0.125788244270946
2046-11-29,0.0190854202525584
2046-11-30,0.0134434015834867
2046-12-01,0.0370982410436044
2046-12-02,0.166384895974799
2046-12-03,0.0193706595779376
2046-12-04,0.016574751813831
2046-12-05,0.457725356338842
2046-12-06,0.457927128107463
2046-12-07,0.151656651612866
2046-12-08,0.0507888926041361
2046-12-09,0.109958475031921
2046-12-10,0.099573001188961
2046-12-11,0.0189572746597828
2046-12-12,0.0890409290418668
2046-12-13,0.107004670784457
2046-12-14,0.136483034801826
2046-12-15,0.0266217633802153
2046-12-16,0.00760993539422105
2046-12-17,0.00733873305107438
2046-12-18,0.00741845478566491
2046-12-19,0.00788892457862385
2046-12-20,0.00752920626218075
2046-12-21,0.00757033449435973
2046-12-22,0.00875356437227296
2046-12-23,0.00805654161117924
2046-12-24,0.0114775546039349
2046-12-25,0.0187857819033126
2046-12-26,0.0365134298711445
2046-12-27,0.113918487423264
2046-12-28,0.107626769462021
2046-12-29,0.158554770108072
2046-12-30,0.134947112978115
2046-12-31,0.0668937899702878
2047-01-01,0.0248883579309244
2047-01-02,0.025209167638609
2047-01-03,0.0228778973115496
2047-01-04,0.024701858993885
2047-01-05,0.0216053118770569
2047-01-06,0.0153901888452528
2047-01-07,0.0107935154487888
2047-01-08,0.00793348191470582
2047-01-09,0.00945250501845828
2047-01-10,0.0119041554501021
2047-01-11,0.0115717515996602
2047-01-12,0.0507655132457709
2047-01-13,0.0379937632847799
2047-01-14,0.00903368039275146
2047-01-15,0.12201908853512
2047-01-16,0.00831881304341884
2047-01-17,0.00833109173195488
2047-01-18,0.0167694844744718
2047-01-19,0.0311873235180906
2047-01-20,0.0501825906920454
2047-01-21,0.0581873902410807
2047-01-22,0.0280306949339623
2047-01-23,0.0223074280149259
2047-01-24,0.0134570338612016
2047-01-25,0.0319751069410402
2047-01-26,0.816486026123903
2047-01-27,0.636003603822745
2047-01-28,0.0113853138443846
2047-01-29,0.0100269499223532
2047-01-30,0.0101466283106269
2047-01-31,0.010224291552588
2047-02-01,0.00877863889799931
2047-02-02,0.0184270970275898
2047-02-03,0.0236806906596131
2047-02-04,0.0192949681909228
2047-02-05,0.0225634744114876
2047-02-06,0.019959137478175
2047-02-07,0.0358293360842379
2047-02-08,0.114207651613082
2047-02-09,0.144282222844772
2047-02-10,0.139167107973294
2047-02-11,0.136818636220096
2047-02-12,0.186928912199939
2047-02-13,0.227555671241014
2047-02-14,0.183192387697164
2047-02-15,0.13943934069516
2047-02-16,0.159856423028658
2047-02-17,0.178392930273655
2047-02-18,0.180070372848915
2047-02-19,0.164959068313212
2047-02-20,0.16165469121927
2047-02-21,0.159115209120045
2047-02-22,0.156798568615318
2047-02-23,0.153609274277558
2047-02-24,0.231473544094755
2047-02-25,0.15379039366405
2047-02-26,0.162586771980868
2047-02-27,0.145275030848398
2047-02-28,0.140492801416451
2047-03-01,0.118951787035454
2047-03-02,0.123176586637369
2047-03-03,0.110442702443254
2047-03-04,0.104733513799917
2047-03-05,0.0974049834750699
2047-03-06,0.0921715381274916
2047-03-07,0.0873131572761128
2047-03-08,0.0818429264026136
2047-03-09,0.0771019837846821
2047-03-10,0.0726645191247272
2047-03-11,0.0668629339663456
2047-03-12,0.122031309138472
2047-03-13,0.618737083717842
2047-03-14,3.01257883066634
2047-03-15,0.723028617989625
2047-03-16,0.812156546311069
2047-03-17,0.819801635651989
2047-03-18,0.824160129598715
2047-03-19,0.795345793931716
2047-03-20,0.759073693407413
2047-03-21,0.738629922965497
2047-03-22,0.772611559666268
2047-03-23,0.771521823960018
2047-03-24,0.765801754921385
2047-03-25,0.701520862250593
2047-03-26,0.652686246674159
2047-03-27,0.654810564782849
2047-03-28,0.647838491203685
2047-03-29,0.59985572707002
2047-03-30,0.547238741274236
2047-03-31,0.514122526135019
2047-04-01,0.440908593099955
2047-04-02,0.374623724333266
2047-04-03,0.329067316448257
2047-04-04,0.292233710057543
2047-04-05,0.261738985260283
2047-04-06,0.235705106643089
2047-04-07,0.212661216597033
2047-04-08,0.19219675488932
2047-04-09,0.169961914316133
2047-04-10,0.147326344561881
2047-04-11,0.130439459909434
2047-04-12,0.115160041749107
2047-04-13,0.102843581427605
2047-04-14,0.0815454940427585
2047-04-15,0.117390566384812
2047-04-16,0.235854510798409
2047-04-17,0.0798685630436531
2047-04-18,0.0880483593843749
2047-04-19,0.126701438494031
2047-04-20,0.195018992091168
2047-04-21,0.167803225364517
2047-04-22,0.204250782834585
2047-04-23,0.192689552525149
2047-04-24,0.178259245590678
2047-04-25,0.170112342856619
2047-04-26,0.156551078716301
2047-04-27,0.140208710999298
2047-04-28,0.1243204355947
2047-04-29,0.10997184855383
2047-04-30,0.205860125091609
2047-05-01,0.140163486809682
2047-05-02,0.115919221810715
2047-05-03,0.108664537237233
2047-05-04,0.102047770066541
2047-05-05,0.0954160743376302
2047-05-06,0.0891931160921092
2047-05-07,0.0864577060694882
2047-05-08,0.0772521576671476
2047-05-09,0.0729803397991301
2047-05-10,0.0663962403176918
2047-05-11,0.0589788166677578
2047-05-12,0.0514930315188988
2047-05-13,0.0437841150395678
2047-05-14,0.0373305078049792
2047-05-15,0.0318726544299998
2047-05-16,0.0270669304485888
2047-05-17,0.0230938687017735
2047-05-18,0.0197463527917476
2047-05-19,0.0168504020859434
2047-05-20,0.0140085048763588
2047-05-21,0.0112283164860138
2047-05-22,0.0089524829923791
2047-05-23,0.00738274819143368
2047-05-24,0.00659022126064013
2047-05-25,0.00622402784932146
2047-05-26,0.00604054358451504
2047-05-27,0.0143052794794772
2047-05-28,0.00584769001333976
2047-05-29,0.00576809880240957
2047-05-30,0.00569683714541714
2047-05-31,0.00563808090247093
2047-06-01,0.00828788188376733
2047-06-02,0.00807654345780448
2047-06-03,0.00797451891923318
2047-06-04,0.00786301341544477
2047-06-05,0.00775260960205509
2047-06-06,0.00765027537758987
2047-06-07,0.00754327886078435
2047-06-08,0.00741716261768026
2047-06-09,0.00728331033395348
2047-06-10,0.00714622442808438
2047-06-11,0.00700897224620161
2047-06-12,0.0068834176455115
2047-06-13,0.00676832224467856
2047-06-14,0.00665280106653327
2047-06-15,0.00652688279342183
2047-06-16,0.00638926272904034
2047-06-17,0.00624192893120275
2047-06-18,0.00608967163487889
2047-06-19,0.0059309777078916
2047-06-20,0.00576909179594112
2047-06-21,0.00562075768180526
2047-06-22,0.00549666540420752
2047-06-23,0.00537909826752607
2047-06-24,0.00525310590514264
2047-06-25,0.00512271913187595
2047-06-26,0.0049877086073618
2047-06-27,0.00485071881651884
2047-06-28,0.0047109897147065
2047-06-29,0.00457396043194678
2047-06-30,0.00445114975681267
2047-07-01,0.0114157598374208
2047-07-02,0.0111454438873679
2047-07-03,0.0108820085990657
2047-07-04,0.0106318143242373
2047-07-05,0.0103841003192475
2047-07-06,0.0101326377173378
2047-07-07,0.00988260950815442
2047-07-08,0.00963633254831502
2047-07-09,0.00940384699906893
2047-07-10,0.0268235623498702
2047-07-11,0.00907519358950145
2047-07-12,0.00894835095151882
2047-07-13,0.00878067951633369
2047-07-14,0.00862109113035861
2047-07-15,0.0100234706759214
2047-07-16,0.0083878801741825
2047-07-17,0.0177210514510173
2047-07-18,0.00820200608963051
2047-07-19,0.00809934666981199
2047-07-20,0.00799882737332253
2047-07-21,0.00791055164203792
2047-07-22,0.00783711907859655
2047-07-23,0.00777837565063691
2047-07-24,0.00772838916025814
2047-07-25,0.00768307722447214
2047-07-26,0.00764219650128847
2047-07-27,0.00760907968155242
2047-07-28,0.00760945835392486
2047-07-29,0.00756653855999162
2047-07-30,0.00755072662470875
2047-07-31,0.007537185628042
2047-08-01,0.00804277620317866
2047-08-02,0.00803211380260219
2047-08-03,0.00802431723712254
2047-08-04,0.00801879727966563
2047-08-05,0.00801488957839736
2047-08-06,0.00801167325579503
2047-08-07,0.008008732162496
2047-08-08,0.00800579827762911
2047-08-09,0.00800299886928773
2047-08-10,0.00800755626609611
2047-08-11,0.00799802088057721
2047-08-12,0.00799568233813987
2047-08-13,0.0079934187748892
2047-08-14,0.00799126531166012
2047-08-15,0.00798921137651109
2047-08-16,0.00798715945193363
2047-08-17,0.00798510725919482
2047-08-18,0.0079830552101139
2047-08-19,0.00798102242906346
2047-08-20,0.00797902419485495
2047-08-21,0.00797704043050446
2047-08-22,0.00797505682513533
2047-08-23,0.0079730738084442
2047-08-24,0.00825187212141353
2047-08-25,0.012204507461625
2047-08-26,0.00796712779370172
2047-08-27,0.00796514662221597
2047-08-28,0.00796316615050359
2047-08-29,0.00796118629428537
2047-08-30,0.00795920661364893
2047-08-31,0.00795722758873086
2047-09-01,0.00294372353307417
2047-09-02,0.00294299158650576
2047-09-03,0.00294225980791817
2047-09-04,0.00294152822991529
2047-09-05,0.00294079679106953
2047-09-06,0.0029400655962803
2047-09-07,0.00293933454442832
2047-09-08,0.0184712995174801
2047-09-09,0.00293787292954625
2047-09-10,0.00293714250803585
2047-09-11,0.0102103528478596
2047-09-12,0.00293568199648775
2047-09-13,0.00293495200686054
2047-09-14,0.00293422229720137
2047-09-15,0.00293349269456797
2047-09-16,0.00293276323109167
2047-09-17,0.00293203407617088
2047-09-18,0.00293130498480402
2047-09-19,0.0273840700854879
2047-09-20,0.00754152547111162
2047-09-21,0.00292911907557718
2047-09-22,0.00292839097154066
2047-09-23,0.00292766303146855
2047-09-24,0.00292693537868856
2047-09-25,0.00292620792176805
2047-09-26,0.00292548059148289
2047-09-27,0.00292475343532131
2047-09-28,0.00292402649510133
2047-09-29,0.00292329961418259
2047-09-30,0.00292257301016052
2047-10-01,0.00399512628464975
2047-10-02,0.00399413315404308
2047-10-03,0.00399314018948161
2047-10-04,0.00399214746849619
2047-10-05,0.00813401475771846
2047-10-06,0.00399016276468354
2047-10-07,0.00872561705249958
2047-10-08,0.0278721252704199
2047-10-09,0.0427165537216086
2047-10-10,0.00398619700326888
2047-10-11,0.00398520845602683
2047-10-12,0.00398422093865274
2047-10-13,0.00398323404798625
2047-10-14,0.0515724950607657
2047-10-15,0.00398126619647008
2047-10-16,0.00398029339186444
2047-10-17,0.00397932532503901
2047-10-18,0.162452129993584
2047-10-19,0.167604223109787
2047-10-20,0.0312251186650696
2047-10-21,0.00402606524285529
2047-10-22,0.00406239280968288
2047-10-23,0.00409544103274331
2047-10-24,0.00412285400285355
2047-10-25,0.0041445401166839
2047-10-26,0.00416120323761236
2047-10-27,0.00417375844530618
2047-10-28,0.00418228282286152
2047-10-29,0.00418794812805621
2047-10-30,0.00419315878305618
2047-10-31,0.00419905439230913
2047-11-01,0.0053269977583434
2047-11-02,0.00533257033263605
2047-11-03,0.00533606584979882
2047-11-04,0.00533795080664481
2047-11-05,0.00533825152823239
2047-11-06,0.00533631704385338
2047-11-07,0.00533250154453219
2047-11-08,0.00532777190413254
2047-11-09,0.00532302491518184
2047-11-10,0.00531788853595385
2047-11-11,0.00531262050728834
2047-11-12,0.00749812022840146
2047-11-13,0.00530943113715114
2047-11-14,0.00530986977953563
2047-11-15,0.00530955410228645
2047-11-16,0.0123534048448
2047-11-17,0.0053074807198196
2047-11-18,0.00530640229237006
2047-11-19,0.00530472920016658
2047-11-20,0.0131312596396616
2047-11-21,0.0583003031252187
2047-11-22,0.0244177909334145
2047-11-23,0.0280348539988096
2047-11-24,0.00967744809739276
2047-11-25,0.00614186320953382
2047-11-26,0.151988701182251
2047-11-27,0.628314921097342
2047-11-28,0.741356367928798
2047-11-29,0.67015199104357
2047-11-30,0.461462733074948
2047-12-01,0.0130748540424908
2047-12-02,0.021218319406265
2047-12-03,0.022868596926396
2047-12-04,0.0460232920942068
2047-12-05,0.0120971215865562
2047-12-06,0.00882399738007339
2047-12-07,0.400096700377788
2047-12-08,0.119854450468001
2047-12-09,0.037649631453887
2047-12-10,0.0136185615926105
2047-12-11,0.0131178175850696
2047-12-12,0.0105043276425708
2047-12-13,0.0120503741821153
2047-12-14,0.0117143121263053
2047-12-15,0.0245889251684743
2047-12-16,0.010685259718418
2047-12-17,0.00894631590942549
2047-12-18,0.00942268380727792
2047-12-19,0.00881572068888437
2047-12-20,0.0112884137378921
2047-12-21,0.0139787449322346
2047-12-22,0.00939158471064934
2047-12-23,0.0184221238631305
2047-12-24,0.0437086945992668
2047-12-25,0.010828899571953
2047-12-26,0.0200200794795541
2047-12-27,0.0343813202836171
2047-12-28,0.0367589559456566
2047-12-29,0.0577407824217427
2047-12-30,0.0279203182811326
2047-12-31,0.0698517778060667
2048-01-01,0.156125363919943
2048-01-02,0.0702829190130732
2048-01-03,0.0125722970538055
2048-01-04,0.016499825591243
2048-01-05,0.0297598092828178
2048-01-06,0.0132837001325628
2048-01-07,0.0243565947611961
2048-01-08,0.0831717318760503
2048-01-09,0.0370146881351981
2048-01-10,0.0108569704827029
2048-01-11,0.0139070138477856
2048-01-12,0.0235111079135626
2048-01-13,0.011262682121265
2048-01-14,0.540263745963714
2048-01-15,0.629017567562121
2048-01-16,0.100386603011784
2048-01-17,0.0101668931419582
2048-01-18,0.0103846310422015
2048-01-19,0.0107936081005405
2048-01-20,0.0145039266628064
2048-01-21,0.032517979733483
2048-01-22,0.0806575091136269
2048-01-23,0.272915216369585
2048-01-24,0.315573089100307
2048-01-25,0.293187442428944
2048-01-26,0.120362466280727
2048-01-27,0.224157092258596
2048-01-28,0.146267972706157
2048-01-29,0.160877382060237
2048-01-30,0.165748984162063
2048-01-31,0.166499764791214
2048-02-01,0.133728020639107
2048-02-02,0.176753568572035
2048-02-03,0.207730756736582
2048-02-04,0.218049565543131
2048-02-05,0.201534546104198
2048-02-06,0.246171204121458
2048-02-07,0.251876884033488
2048-02-08,0.234686228046439
2048-02-09,0.401000588259358
2048-02-10,0.912144542477518
2048-02-11,0.781603855568081
2048-02-12,0.571373530330833
2048-02-13,0.555953995983117
2048-02-14,0.546730413678652
2048-02-15,0.544417343701153
2048-02-16,0.500837368204388
2048-02-17,0.485865742007844
2048-02-18,0.471247503702833
2048-02-19,0.429896266229113
2048-02-20,0.442108495820724
2048-02-21,0.436245942323059
2048-02-22,0.467943754736632
2048-02-23,0.622530580578311
2048-02-24,0.53284088858874
2048-02-25,0.510840735633404
2048-02-26,0.518142788431758
2048-02-27,0.590548992535342
2048-02-28,0.956464451842116
2048-02-29,1.0419812118549
2048-03-01,0.669234031587668
2048-03-02,0.683747710042499
2048-03-03,0.651343764488825
2048-03-04,0.762471346797222
2048-03-05,0.631864513043041
2048-03-06,0.627052603115768
2048-03-07,0.622322392304784
2048-03-08,0.654588253736493
2048-03-09,0.883444151236487
2048-03-10,0.625089291498058
2048-03-11,0.630170920932159
2048-03-12,0.745201112376229
2048-03-13,0.889877605719589
2048-03-14,0.799852984123211
2048-03-15,0.682565399744059
2048-03-16,0.66777572750735
2048-03-17,0.632960865804718
2048-03-18,0.639453582169094
2048-03-19,0.660733503550058
2048-03-20,0.690100118900241
2048-03-21,0.60786735636171
2048-03-22,0.564080106697444
2048-03-23,0.543341405007835
2048-03-24,0.512199579523292
2048-03-25,0.579654239139805
2048-03-26,0.795795583463115
2048-03-27,0.635138645276142
2048-03-28,0.629663175299065
2048-03-29,0.656873505515877
2048-03-30,0.698483178153967
2048-03-31,0.665584815324177
2048-04-01,0.623052793253219
2048-04-02,0.636701395331662
2048-04-03,0.67243045513267
2048-04-04,0.700290984066418
2048-04-05,0.810919425521498
2048-04-06,0.678396481417739
2048-04-07,0.635171440206249
2048-04-08,0.597797644485127
2048-04-09,0.564554108889641
2048-04-10,0.366063391409506
2048-04-11,0.326157260571719
2048-04-12,0.305093527171341
2048-04-13,0.285925814058867
2048-04-14,0.316069282797178
2048-04-15,0.342066959600781
2048-04-16,0.327638231639437
2048-04-17,0.340500698501917
2048-04-18,0.33655668217417
2048-04-19,0.332413500467028
2048-04-20,0.355338549242843
2048-04-21,0.353555822468714
2048-04-22,0.334405531154069
2048-04-23,0.341050065879404
2048-04-24,0.346717153847057
2048-04-25,0.370233683743817
2048-04-26,0.343694053209184
2048-04-27,0.327473268037074
2048-04-28,0.369116042902333
2048-04-29,0.349634891513041
2048-04-30,0.343822889921838
2048-05-01,0.37128418472461
2048-05-02,0.376156478237486
2048-05-03,0.324040892783131
2048-05-04,0.31779788159117
2048-05-05,0.301755769106324
2048-05-06,0.276374914163203
2048-05-07,0.262416462490152
2048-05-08,0.23830289930254
2048-05-09,0.204235629123503
2048-05-10,0.184257105223713
2048-05-11,0.170046563385965
2048-05-12,0.151949801890622
2048-05-13,0.137438302882013
2048-05-14,0.130402458483841
2048-05-15,0.123263730023302
2048-05-16,0.110966858932962
2048-05-17,0.0970073891548168
2048-05-18,0.100340553614835
2048-05-19,0.0769060392065729
2048-05-20,0.0862447706505494
2048-05-21,0.0784069794665544
2048-05-22,0.0717896990600004
2048-05-23,0.0679405445659655
2048-05-24,0.0638651006755776
2048-05-25,0.0618129773201204
2048-05-26,0.0535712018652643
2048-05-27,0.0464242471279183
2048-05-28,0.0427224306672915
2048-05-29,0.0363326873754579
2048-05-30,0.0303746883244975
2048-05-31,0.0303406950006719
2048-06-01,0.0351350780827957
2048-06-02,0.0268074921303625
2048-06-03,0.0257037626133646
2048-06-04,0.0242100671068484
2048-06-05,0.0228504270467681
2048-06-06,0.0212976212600424
2048-06-07,0.0194991054155405
2048-06-08,0.017637742529214
2048-06-09,0.0159480694188562
2048-06-10,0.0144360854579376
2048-06-11,0.0130627008618542
2048-06-12,0.0119058712880544
2048-06-13,0.0109411076776014
2048-06-14,0.0101020790107739
2048-06-15,0.00935127016372397
2048-06-16,0.00868769210868751
2048-06-17,0.00811811542822999
2048-06-18,0.00763346050072632
2048-06-19,0.00719887788125781
2048-06-20,0.00683722235334549
2048-06-21,0.00657834594686161
2048-06-22,0.00635628956558515
2048-06-23,0.00614839148915455
2048-06-24,0.00596826313640705
2048-06-25,0.00579999805455475
2048-06-26,0.00563925130600975
2048-06-27,0.00547965505530939
2048-06-28,0.00531818321535622
2048-06-29,0.00516348528585214
2048-06-30,0.00502325523118911
2048-07-01,0.0128650964071636
2048-07-02,0.0125291532418412
2048-07-03,0.0121875159958106
2048-07-04,0.0118464689284824
2048-07-05,0.0115155211834091
2048-07-06,0.0112031909525215
2048-07-07,0.0109039624350503
2048-07-08,0.0106124160534821
2048-07-09,0.01033396311144
2048-07-10,0.0105125885402653
2048-07-11,0.00990551025476755
2048-07-12,0.00971834870386333
2048-07-13,0.00952330282826195
2048-07-14,0.00931611145605814
2048-07-15,0.00910814033926835
2048-07-16,0.00891450647805839
2048-07-17,0.00873731815890172
2048-07-18,0.00857549909201511
2048-07-19,0.00843005812332492
2048-07-20,0.00829891617289241
2048-07-21,0.024554058987899
2048-07-22,0.00809482334102932
2048-07-23,0.0080093593806241
2048-07-24,0.00792828556684416
2048-07-25,0.00785893509665541
2048-07-26,0.00779866837017814
2048-07-27,0.00774664662459775
2048-07-28,0.00770311371685727
2048-07-29,0.007668159804286
2048-07-30,0.00764060146485433
2048-07-31,0.0076170852339792
2048-08-01,0.00811855966892043
2048-08-02,0.00809820398049127
2048-08-03,0.00808101154298204
2048-08-04,0.00806759922898517
2048-08-05,0.00805680275348671
2048-08-06,0.00804789888727708
2048-08-07,0.00804042311681968
2048-08-08,0.0377786561358981
2048-08-09,0.00802782382010957
2048-08-10,0.01294603404889
2048-08-11,0.00801743398510043
2048-08-12,0.0241027394927612
2048-08-13,0.0080093104951966
2048-08-14,0.00800586096991874
2048-08-15,0.00800211557649186
2048-08-16,0.00799866658370579
2048-08-17,0.00809000714335404
2048-08-18,0.00799247160287055
2048-08-19,0.00798946234040582
2048-08-20,0.00798663923809494
2048-08-21,0.00798396154626881
2048-08-22,0.00798141525285919
2048-08-23,0.00797899637694714
2048-08-24,0.00797667742050304
2048-08-25,0.00797440741244159
2048-08-26,0.00797216874030931
2048-08-27,0.0079699523760078
2048-08-28,0.0079677228820165
2048-08-29,0.00796551450253804
2048-08-30,0.00796340832764521
2048-08-31,0.00796137043365197
2048-09-01,0.00294524291753145
2048-09-02,0.00294450490829636
2048-09-03,0.00294377270089696
2048-09-04,0.00294304071392809
2048-09-05,0.00294230899511429
2048-09-06,0.00294157740175451
2048-09-07,0.0029408459194369
2048-09-08,0.00294011468093958
2048-09-09,0.00293938364184566
2048-09-10,0.00293865281136926
2048-09-11,0.00293792206003997
2048-09-12,0.0029371916040356
2048-09-13,0.00293646123473865
2048-09-14,0.00293573101074156
2048-09-15,0.00293500113192027
2048-09-16,0.00293427134264151
2048-09-17,0.00293354175583752
2048-09-18,0.00293281230511926
2048-09-19,0.00293208305380441
2048-09-20,0.0167804248047817
2048-09-21,0.00370183252139018
2048-09-22,0.00674902241618682
2048-09-23,0.00292916789279021
2048-09-24,0.00292843956454299
2048-09-25,0.00292771133906885
2048-09-26,0.00292698345333654
2048-09-27,0.00292625561910889
2048-09-28,0.00489092709260121
2048-09-29,0.00292480057083597
2048-09-30,0.00292407340333391
2048-10-01,0.00399717699143282
2048-10-02,0.00482907207568153
2048-10-03,0.00399518944094628
2048-10-04,0.00399419604156605
2048-10-05,0.00399320291095936
2048-10-06,0.00399221001908307
2048-10-07,0.00399121728872934
2048-10-08,0.00415857532699488
2048-10-09,0.00398923281137134
2048-10-10,0.00398824087086301
2048-10-11,0.00398724918523731
2048-10-12,0.00398625777387695
2048-10-13,0.00398526662321403
2048-10-14,0.00398427568253045
2048-10-15,0.00398328495764104
2048-10-16,0.00398229453512188
2048-10-17,0.0114190756002976
2048-10-18,0.00468346997971748
2048-10-19,0.00397932468734787
2048-10-20,0.00397833524979339
2048-10-21,0.003977346056138
2048-10-22,0.00397635707827677
2048-10-23,0.00604101986325465
2048-10-24,0.0298307068072462
2048-10-25,0.00753921356322813
2048-10-26,0.00397240388202637
2048-10-27,0.00397141623931077
2048-10-28,0.00397042914028014
2048-10-29,0.0354343581777607
2048-10-30,0.019037988879514
2048-10-31,0.00396747204859008
2048-11-01,0.0965330010668298
2048-11-02,0.208566238877667
2048-11-03,0.00502595859950607
2048-11-04,0.00503261945068747
2048-11-05,0.00504049476469684
2048-11-06,0.00504848595029727
2048-11-07,0.0226449382251781
2048-11-08,0.00624087055976679
2048-11-09,0.00507122897462822
2048-11-10,0.0054083235190096
2048-11-11,0.00595891419856123
2048-11-12,0.0102673884755831
2048-11-13,0.00578552675448907
2048-11-14,0.00510068660032346
2048-11-15,0.00725574905366155
2048-11-16,0.0051097774412129
2048-11-17,0.00511381582671015
2048-11-18,0.00736482528464683
2048-11-19,0.00512098978427941
2048-11-20,0.00512379262111923
2048-11-21,0.0309527026592016
2048-11-22,0.00512888754610495
2048-11-23,0.00513183816545845
2048-11-24,0.00513442228761572
2048-11-25,0.00513635438483477
2048-11-26,0.00513769921409894
2048-11-27,0.00513873486051507
2048-11-28,0.0064860413726422
2048-11-29,0.0051405133646774
2048-11-30,0.00514153236931859
2048-12-01,0.00410489289253325
2048-12-02,0.00410546942310485
2048-12-03,0.00410594968802592
2048-12-04,0.00410633849172605
2048-12-05,0.00410657346416974
2048-12-06,0.00410657844075778
2048-12-07,0.00410630193925194
2048-12-08,0.00410578381286452
2048-12-09,0.00410514602067039
2048-12-10,0.00410462315224855
2048-12-11,0.00410413104171509
2048-12-12,0.00410350570177141
2048-12-13,0.00410269013228847
2048-12-14,0.00410175784133309
2048-12-15,0.00410081940624827
2048-12-16,0.00409992446355067
2048-12-17,0.00409913439997985
2048-12-18,0.00409848114063891
2048-12-19,0.00409795456607349
2048-12-20,0.00409746900703493
2048-12-21,0.00409695637109749
2048-12-22,0.00716041782621104
2048-12-23,0.00411252057313441
2048-12-24,0.00409535737970131
2048-12-25,0.00409473576256174
2048-12-26,0.0132808191565965
2048-12-27,0.0500727984874354
2048-12-28,0.00764591899993563
2048-12-29,0.00737219853916908
2048-12-30,0.0169400836458079
2048-12-31,0.0333351220448198
2049-01-01,0.0171138887467044
2049-01-02,0.114411557820862
2049-01-03,0.10140215802344
2049-01-04,0.0224948598709644
2049-01-05,0.00682885640081561
2049-01-06,0.0159675589573491
2049-01-07,0.00375611155079219
2049-01-08,0.0163347872600787
2049-01-09,0.183125881291104
2049-01-10,0.998114898517468
2049-01-11,0.274603737056624
2049-01-12,0.0753053957458435
2049-01-13,0.0781228659287033
2049-01-14,0.0508061289590599
2049-01-15,0.0181314158714598
2049-01-16,0.00855743246965701
2049-01-17,0.00592437493710062
2049-01-18,0.00597311495042529
2049-01-19,0.00601195880787044
2049-01-20,0.00604423965170571
2049-01-21,0.00607181489739912
2049-01-22,0.00609583393098482
2049-01-23,0.00940580672085046
2049-01-24,0.02113185602651
2049-01-25,0.028948170093972
2049-01-26,0.0354612849485983
2049-01-27,0.100196603633872
2049-01-28,0.110338155722572
2049-01-29,0.151436470790839
2049-01-30,0.190624412046049
2049-01-31,0.845512172870697
2049-02-01,0.079571234686145
2049-02-02,0.0260763630049838
2049-02-03,0.0341082324188254
2049-02-04,0.0256196868930418
2049-02-05,0.0251244106806912
2049-02-06,0.0264786936596712
2049-02-07,0.0273486208276595
2049-02-08,0.0284440248347208
2049-02-09,0.037407149669782
2049-02-10,0.0519320325273037
2049-02-11,0.0742038767728024
2049-02-12,0.0722392365354774
2049-02-13,0.111213305201543
2049-02-14,0.182650350185842
2049-02-15,0.153266639303653
2049-02-16,0.19303798038415
2049-02-17,0.11333572774944
2049-02-18,0.084151012532956
2049-02-19,0.0880418394927622
2049-02-20,0.0929393869986006
2049-02-21,0.093699305224431
2049-02-22,0.148434062568167
2049-02-23,0.232109417030877
2049-02-24,0.141263285789378
2049-02-25,0.219402594654228
2049-02-26,0.16330755389506
2049-02-27,0.202240537276337
2049-02-28,0.162506898722218
2049-03-01,0.13926682604339
2049-03-02,0.162563819782678
2049-03-03,0.170783398387409
2049-03-04,0.165864184733843
2049-03-05,0.177603463240515
2049-03-06,0.206102667346771
2049-03-07,0.284342364885009
2049-03-08,0.193615444228791
2049-03-09,0.18689657726796
2049-03-10,0.184991797519045
2049-03-11,0.178719617723581
2049-03-12,0.171633809504178
2049-03-13,0.159358014789197
2049-03-14,0.158445988326537
2049-03-15,0.155607026113416
2049-03-16,0.160105366589936
2049-03-17,0.138293242800873
2049-03-18,0.129337946361951
2049-03-19,0.127484917837208
2049-03-20,0.133512041591972
2049-03-21,0.149920948327214
2049-03-22,0.112353590112243
2049-03-23,0.206177891511702
2049-03-24,0.199584030232306
2049-03-25,0.234387715741698
2049-03-26,0.324255937287211
2049-03-27,0.26606282700844
2049-03-28,0.213878931310797
2049-03-29,0.239919966716469
2049-03-30,0.347175019352384
2049-03-31,0.506575364394274
2049-04-01,0.584254934607599
2049-04-02,0.715382902008628
2049-04-03,0.851818750763877
2049-04-04,1.05169025170765
2049-04-05,1.15135954706588
2049-04-06,0.524706442825631
2049-04-07,0.512747427277497
2049-04-08,0.494017696997811
2049-04-09,0.495059744096633
2049-04-10,0.479211270975764
2049-04-11,0.504053319273942
2049-04-12,0.590895080869669
2049-04-13,0.606203961852605
2049-04-14,0.79407813785991
2049-04-15,0.588177354763944
2049-04-16,0.581386898224437
2049-04-17,0.696450725434709
2049-04-18,0.857448984674753
2049-04-19,1.03485547172056
2049-04-20,0.793660210247713
2049-04-21,0.643488028854791
2049-04-22,0.579249654518607
2049-04-23,0.595476105785305
2049-04-24,0.673568484493955
2049-04-25,0.726137267649672
2049-04-26,0.905302743039256
2049-04-27,0.987629110397954
2049-04-28,1.27888378418751
2049-04-29,1.05009638403184
2049-04-30,0.610200414292185
2049-05-01,0.546094945088368
2049-05-02,0.486796255288089
2049-05-03,0.472664856948657
2049-05-04,0.4512328935197
2049-05-05,0.522178830740144
2049-05-06,0.630861361027897
2049-05-07,0.764713712379025
2049-05-08,0.607841950924244
2049-05-09,0.478647420616479
2049-05-10,0.532410740048473
2049-05-11,0.478811634130202
2049-05-12,0.396982141435364
2049-05-13,0.36958826562567
2049-05-14,0.328736445452397
2049-05-15,0.414322140735325
2049-05-16,0.388388631457839
2049-05-17,0.25094149743452
2049-05-18,0.25250808111582
2049-05-19,0.245279862608679
2049-05-20,0.248942876169387
2049-05-21,0.243145736139805
2049-05-22,0.27239184314242
2049-05-23,0.207395255441742
2049-05-24,0.349892072977488
2049-05-25,0.19690463048837
2049-05-26,0.182443477611125
2049-05-27,0.185202314393033
2049-05-28,0.157674370743282
2049-05-29,0.14733700713455
2049-05-30,0.137714506575026
2049-05-31,0.125389856366115
2049-06-01,0.169182897870248
2049-06-02,0.167654741615356
2049-06-03,0.117449651345165
2049-06-04,0.149829023618177
2049-06-05,0.087372458275428
2049-06-06,0.112876835668396
2049-06-07,0.0745909605981515
2049-06-08,0.0787294465268906
2049-06-09,0.0641282197409034
2049-06-10,0.0589149141226254
2049-06-11,0.0617996848931786
2049-06-12,0.0999059992061927
2049-06-13,0.0488047361801013
2049-06-14,0.0467604672053181
2049-06-15,0.0418279066753824
2049-06-16,0.035341332774172
2049-06-17,0.0291762932691153
2049-06-18,0.0242238104438681
2049-06-19,0.0197693584919651
2049-06-20,0.0160880503926506
2049-06-21,0.0134737218133989
2049-06-22,0.0117806043270513
2049-06-23,0.0105786691566497
2049-06-24,0.00970168060218096
2049-06-25,0.00916417916288948
2049-06-26,0.00879182270677463
2049-06-27,0.00848794313633091
2049-06-28,0.00817694636528186
2049-06-29,0.00790131698411634
2049-06-30,0.00767287177698489
2049-07-01,0.0196803344182115
2049-07-02,0.0192774183182986
2049-07-03,0.0188997764687931
2049-07-04,0.018525796343344
2049-07-05,0.0181425797053076
2049-07-06,0.0177570134293199
2049-07-07,0.0173783457846591
2049-07-08,0.0170124350227479
2049-07-09,0.016652166911997
2049-07-10,0.0162752780032566
2049-07-11,0.0158768832039777
2049-07-12,0.0154724162699201
2049-07-13,0.0150639221591394
2049-07-14,0.0146619075106513
2049-07-15,0.0142687595037663
2049-07-16,0.0138738147925798
2049-07-17,0.0134864604386429
2049-07-18,0.0131065753098088
2049-07-19,0.0127253501476387
2049-07-20,0.0123570283537165
2049-07-21,0.0120287620098904
2049-07-22,0.011730081225167
2049-07-23,0.0114205428893023
2049-07-24,0.0110993333520838
2049-07-25,0.0107833769754666
2049-07-26,0.0104829216341829
2049-07-27,0.0102021985719526
2049-07-28,0.028129197506238
2049-07-29,0.00974194046430719
2049-07-30,0.00954548216032127
2049-07-31,0.0093671696016468
2049-08-01,0.00983207626050767
2049-08-02,0.0113563269009274
2049-08-03,0.00950184582458152
2049-08-04,0.00934134413534098
2049-08-05,0.00917567624133242
2049-08-06,0.00902429404108595
2049-08-07,0.00888350891412188
2049-08-08,0.00875531003271108
2049-08-09,0.0386114932398025
2049-08-10,0.00857520612454936
2049-08-11,0.00863023756706819
2049-08-12,0.00845297282152755
2049-08-13,0.00838360302027562
2049-08-14,0.00832501360228809
2049-08-15,0.00828018181475847
2049-08-16,0.00824508040115586
2049-08-17,0.00821538948410645
2049-08-18,0.00818603045246597
2049-08-19,0.00815702983058302
2049-08-20,0.00813283354315225
2049-08-21,0.00811237983856219
2049-08-22,0.0080934178369549
2049-08-23,0.00807709742499605
2049-08-24,0.00806347147133163
2049-08-25,0.00805197064326634
2049-08-26,0.00804218673156693
2049-08-27,0.00803337718025335
2049-08-28,0.00802569525629906
2049-08-29,0.00801902486627661
2049-08-30,0.00801334047867287
2049-08-31,0.00800914565578448
2049-09-01,0.00296235021162683
2049-09-02,0.00296119886394819
2049-09-03,0.00296011181914127
2049-09-04,0.00785091927419064
2049-09-05,0.00295808066987103
2049-09-06,0.00295710410258124
2049-09-07,0.00295616378820013
2049-09-08,0.00656283314188094
2049-09-09,0.00295445147882577
2049-09-10,0.00295366817005212
2049-09-11,0.00295289006254135
2049-09-12,0.0029521112051415
2049-09-13,0.00295132899639419
2049-09-14,0.00295055792730371
2049-09-15,0.00294980360809895
2049-09-16,0.00294905225135775
2049-09-17,0.00294830084594699
2049-09-18,0.00294755843802407
2049-09-19,0.0029468255001089
2049-09-20,0.00294609276159713
2049-09-21,0.00294536021067575
2049-09-22,0.00294462781143327
2049-09-23,0.00294389565979122
2049-09-24,0.00294316363620206
2049-09-25,0.00294243176311051
2049-09-26,0.00294170019030534
2049-09-27,0.00294096871342172
2049-09-28,0.0029402374241285
2049-09-29,0.00293950637251279
2049-09-30,0.00293877547021339
2049-10-01,0.00401727453330799
2049-10-02,0.0040162756789873
2049-10-03,0.00401527702010892
2049-10-04,0.00401427852727577
2049-10-05,0.0237389166441004
2049-10-06,0.00401228258019961
2049-10-07,0.00401128484393819
2049-10-08,0.00401028747433303
2049-10-09,0.00400929027303439
2049-10-10,0.0377185918829311
2049-10-11,0.118978620374017
2049-10-12,0.00400631643888319
2049-10-13,0.00400537300295849
2049-10-14,0.00400444756032576
2049-10-15,0.00400352954611632
2049-10-16,0.00400261314680961
2049-10-17,0.00400169377516444
2049-10-18,0.00400076877768792
2049-10-19,0.00399983881145392
2049-10-20,0.00399890520740845
2049-10-21,0.00399796765478206
2049-10-22,0.00399702584829713
2049-10-23,0.00399608010712221
2049-10-24,0.00399513032045284
2049-10-25,0.00399417646955241
2049-10-26,0.00399321906838575
2049-10-27,0.00399225866839093
2049-10-28,0.00399129567822007
2049-10-29,0.00399033039798212
2049-10-30,0.0136342282135206
2049-10-31,0.00398839536106955
2049-11-01,0.00505148530160019
2049-11-02,0.00505025822402528
2049-11-03,0.00504903009181102
2049-11-04,0.00504780058778805
2049-11-05,0.00505621006618569
2049-11-06,0.00567014489465881
2049-11-07,0.00504410828360112
2049-11-08,0.130290653265866
2049-11-09,0.169472497282997
2049-11-10,0.0100091264589953
2049-11-11,0.0136364277915973
2049-11-12,0.0484624812025162
2049-11-13,0.0720148677526099
2049-11-14,0.0223476200037608
2049-11-15,0.013828709830722
2049-11-16,0.0150741892774545
2049-11-17,0.0980218983754863
2049-11-18,0.119296696499048
2049-11-19,1.33984739605832
2049-11-20,0.461550859009686
2049-11-21,0.0893952384429632
2049-11-22,0.103044068670797
2049-11-23,0.0607434484133358
2049-11-24,0.0439255546445857
2049-11-25,0.021881449232171
2049-11-26,0.0280366874162456
2049-11-27,0.025316935811497
2049-11-28,0.025765060885939
2049-11-29,0.0290225622982901
2049-11-30,0.0186235186966094
2049-12-01,0.0107323383276322
2049-12-02,0.0075801170402008
2049-12-03,0.00805678438792178
2049-12-04,0.00840276952836709
2049-12-05,0.0102994969768946
2049-12-06,0.0119882552797503
2049-12-07,0.0130262978655327
2049-12-08,0.0109915104594304
2049-12-09,0.00951389690182618
2049-12-10,0.00776381092967777
2049-12-11,0.0073477533308916
2049-12-12,0.00706951003491875
2049-12-13,0.00717958103472395
2049-12-14,0.00837953420920346
2049-12-15,0.00781635627088559
2049-12-16,0.00683957912254453
2049-12-17,0.00681423677271071
2049-12-18,0.00679337234008023
2049-12-19,0.00837821787585628
2049-12-20,0.303772680032744
2049-12-21,0.126110142659407
2049-12-22,0.0910567108960932
2049-12-23,0.128581052757053
2049-12-24,0.00817470133388814
2049-12-25,0.0367435534141294
2049-12-26,0.0891565795606473
2049-12-27,0.064306310366802
2049-12-28,0.13496751617113
2049-12-29,0.0949123680006041
2049-12-30,0.0438757283067084
2049-12-31,0.0532972273685004
2050-01-01,0.0445206561295531
2050-01-02,0.0463692524982965
2050-01-03,0.0349830275498319
2050-01-04,0.0205317569884418
2050-01-05,0.027861273674652
2050-01-06,0.0175595949675374
2050-01-07,0.203886221049499
2050-01-08,0.782946469612152
2050-01-09,0.0956234109632973
2050-01-10,0.0156772221414555
2050-01-11,0.0106389981485525
2050-01-12,0.0155198369038215
2050-01-13,0.0104597842704845
2050-01-14,0.00935234399365632
2050-01-15,0.00939501807255291
2050-01-16,0.00943018232090982
2050-01-17,0.0117724788747122
2050-01-18,0.0322459158629219
2050-01-19,0.0879792864085019
2050-01-20,0.0690332203267603
2050-01-21,0.0308607118606031
2050-01-22,0.0307481686604737
2050-01-23,0.0204804499996088
2050-01-24,0.042080879083824
2050-01-25,0.0715008447418106
2050-01-26,0.076659399408589
2050-01-27,0.048199501890845
2050-01-28,0.0438202966219907
2050-01-29,0.0426911822641218
2050-01-30,0.04132838880454
2050-01-31,0.245550696425114
2050-02-01,0.42585897133273
2050-02-02,0.135126971240983
2050-02-03,0.0466013972517322
2050-02-04,0.0664471041069598
2050-02-05,0.091481034317235
2050-02-06,0.104354853716136
2050-02-07,0.106620843906705
2050-02-08,0.113623164727791
2050-02-09,0.192306112295444
2050-02-10,0.300879114841317
2050-02-11,0.327695982117117
2050-02-12,0.484397037599309
2050-02-13,0.532986188791159
2050-02-14,0.424926852307561
2050-02-15,0.434784249255104
2050-02-16,0.422053106683442
2050-02-17,0.415942578007054
2050-02-18,0.384369588572369
2050-02-19,0.36679225964353
2050-02-20,0.342676451917219
2050-02-21,0.316922233060936
2050-02-22,0.297015802544495
2050-02-23,0.27659437914653
2050-02-24,0.24988657503116
2050-02-25,0.234838339621817
2050-02-26,0.221244231784628
2050-02-27,0.210268893343612
2050-02-28,0.200342046583594
2050-03-01,0.161838032675069
2050-03-02,0.159856278630513
2050-03-03,0.160656520556785
2050-03-04,0.147390199815898
2050-03-05,0.173780780272038
2050-03-06,0.170818095861222
2050-03-07,0.160007255282471
2050-03-08,0.151579862659098
2050-03-09,0.160729338361187
2050-03-10,0.16944049346774
2050-03-11,0.174671511126838
2050-03-12,0.166923481548069
2050-03-13,0.161912756273607
2050-03-14,0.162920462508526
2050-03-15,0.162894882033617
2050-03-16,0.149258583710454
2050-03-17,0.137543121716319
2050-03-18,0.116082143073083
2050-03-19,0.102998259085006
2050-03-20,0.0935543798313658
2050-03-21,0.0852714822409376
2050-03-22,0.0777671827362628
2050-03-23,0.0725664833419759
2050-03-24,0.0682288608024685
2050-03-25,0.0629098244682243
2050-03-26,0.0566103532768436
2050-03-27,0.0612649869935116
2050-03-28,0.0451412665134386
2050-03-29,0.0417680446791508
2050-03-30,0.0384055745610223
2050-03-31,0.0348352681704689
2050-04-01,0.0301191730146505
2050-04-02,0.0266097726115711
2050-04-03,0.0239107823076975
2050-04-04,0.0218703919543544
2050-04-05,0.0205127549931536
2050-04-06,0.0198217588315857
2050-04-07,0.0172663816887162
2050-04-08,0.0157664453620707
2050-04-09,0.0226731797086708
2050-04-10,0.0157659012851441
2050-04-11,0.0172288373443083
2050-04-12,0.0126097184357725
2050-04-13,0.0119750620245534
2050-04-14,0.0113626253087565
2050-04-15,0.0108944897002177
2050-04-16,0.011644038047878
2050-04-17,0.0104091295676273
2050-04-18,0.0151993468401863
2050-04-19,0.0143177168040459
2050-04-20,0.05585640277479
2050-04-21,0.0163670475046648
2050-04-22,0.0100936649099663
2050-04-23,0.00912054140101639
2050-04-24,0.0087341085531106
2050-04-25,0.0097381116556575
2050-04-26,0.0515903039585005
2050-04-27,0.0593642653225214
2050-04-28,0.042682517303911
2050-04-29,0.0329538675294667
2050-04-30,0.0286834799160545
2050-05-01,0.0138066363153958
2050-05-02,0.0113578436727132
2050-05-03,0.0112303640855383
2050-05-04,0.0122918326086795
2050-05-05,0.0102104012264318
2050-05-06,0.00982833891288028
2050-05-07,0.00928343215315388
2050-05-08,0.00882376738205507
2050-05-09,0.00844795271972619
2050-05-10,0.00802950432094606
2050-05-11,0.00756956408830446
2050-05-12,0.00711482529912747
2050-05-13,0.00669511740826638
2050-05-14,0.00633399900210206
2050-05-15,0.00605289116451153
2050-05-16,0.00580962123584109
2050-05-17,0.00557431908744733
2050-05-18,0.00536744078043573
2050-05-19,0.00520490260282622
2050-05-20,0.005084289322299
2050-05-21,0.00498543120687971
2050-05-22,0.00489101439713824
2050-05-23,0.00479289970804634
2050-05-24,0.00468951520833294
2050-05-25,0.00458352159377864
2050-05-26,0.00447872702970998
2050-05-27,0.0043792699257458
2050-05-28,0.00428589485605559
2050-05-29,0.00419673369782843
2050-05-30,0.00410558673042555
2050-05-31,0.00401224686351031
2050-06-01,0.00571148399977182
2050-06-02,0.00556202803749752
2050-06-03,0.00541401494324027
2050-06-04,0.00526208712830973
2050-06-05,0.00511490197351997
2050-06-06,0.00497921350701026
2050-06-07,0.00485232314325382
2050-06-08,0.00473923098069312
2050-06-09,0.00463096061527482
2050-06-10,0.00451166111287389
2050-06-11,0.00438177741908555
2050-06-12,0.00424959437536957
2050-06-13,0.00412927754137645
2050-06-14,0.00402097725500217
2050-06-15,0.00391888267497809
2050-06-16,0.00382009355975141
2050-06-17,0.00372696853075821
2050-06-18,0.00363991703768266
2050-06-19,0.00356235791221188
2050-06-20,0.00349457269685187
2050-06-21,0.00342838387416487
2050-06-22,0.0033594091283205
2050-06-23,0.00329334914431909
2050-06-24,0.00323458686429858
2050-06-25,0.00318573492330356
2050-06-26,0.00314530135339731
2050-06-27,0.00452405998033449
2050-06-28,0.00308372211436333
2050-06-29,0.00305525351646892
2050-06-30,0.00303111737682584
2050-07-01,0.00791313676686136
2050-07-02,0.00786301673290253
2050-07-03,0.00781602525707873
2050-07-04,0.00777319317116423
2050-07-05,0.00773319212085275
2050-07-06,0.00769665799196833
2050-07-07,0.00766497895814977
2050-07-08,0.00763624224346309
2050-07-09,0.00761001081085495
2050-07-10,0.00758745665303555
2050-07-11,0.00756829120179378
2050-07-12,0.00755185739253535
2050-07-13,0.00753861052879379
2050-07-14,0.00752760652859549
2050-07-15,0.0075181518553199
2050-07-16,0.00751118101294157
2050-07-17,0.00750575603678932
2050-07-18,0.00750909905954336
2050-07-19,0.00749583018127908
2050-07-20,0.00749169746973821
2050-07-21,0.00748841847136466
2050-07-22,0.00748554717208313
2050-07-23,0.00748280624183623
2050-07-24,0.00748020995233842
2050-07-25,0.00747780566310007
2050-07-26,0.0146455375041406
2050-07-27,0.00747342399108934
2050-07-28,0.00747128679498507
2050-07-29,0.00746924662144839
2050-07-30,0.00746732418507518
2050-07-31,0.00746540895564895
2050-08-01,0.00797680455770818
2050-08-02,0.00821370624305811
2050-08-03,0.00797270424764441
2050-08-04,0.00798666203691638
2050-08-05,0.00796863591135069
2050-08-06,0.00796665332244074
2050-08-07,0.00796467240570826
2050-08-08,0.00796269188994083
2050-08-09,0.007960712082247
2050-08-10,0.00795873258549265
2050-08-11,0.00795675364421534
2050-08-12,0.00795477521882938
2050-08-13,0.00795279716056905
2050-08-14,0.00795081983209064
2050-08-15,0.00794884284009086
2050-08-16,0.00794686636845177
2050-08-17,0.00794489042164274
2050-08-18,0.00794291484323629
2050-08-19,0.00797048747535461
2050-08-20,0.00793896522388174
2050-08-21,0.00793699124295068
2050-08-22,0.00793501777599552
2050-08-23,0.0079330446914895
2050-08-24,0.00793107220843106
2050-08-25,0.00798113018522721
2050-08-26,0.00792712837689201
2050-08-27,0.00792515733105063
2050-08-28,0.0079231868751642
2050-08-29,0.00792121674745616
2050-08-30,0.00791924703603666
2050-08-31,0.00791727809270789
2050-09-01,0.00292894444379584
2050-09-02,0.00292821620131099
2050-09-03,0.00292748807270344
2050-09-04,0.00292676011349428
2050-09-05,0.00292603245244517
2050-09-06,0.00292530488022981
2050-09-07,0.00292457747457771
2050-09-08,0.00292385029242755
2050-09-09,0.00292312325085204
2050-09-10,0.00528930635488381
2050-09-11,0.00292166979733381
2050-09-12,0.00292094334262803
2050-09-13,0.00292021707433137
2050-09-14,0.00291949095015327
2050-09-15,0.0029187649443414
2050-09-16,0.00291803921448116
2050-09-17,0.00291731367292011
2050-09-18,0.00291658828114787
2050-09-19,0.011937363255929
2050-09-20,0.00291513798099124
2050-09-21,0.00291441319475328
2050-09-22,0.00291368851979372
2050-09-23,0.00291296403620474
2050-09-24,0.00291223973217334
2050-09-25,0.00291151561266094
2050-09-26,0.00291079165947556
2050-09-27,0.00291006793120966
2050-09-28,0.0029093442988653
2050-09-29,0.00290862090537974
2050-09-30,0.00290789762695279
2050-10-01,0.00397506498197983
2050-10-02,0.00397407651840647
2050-10-03,0.00397308839532272
2050-10-04,0.00397210046832739
2050-10-05,0.00397111287503769
2050-10-06,0.00397012540515122
2050-10-07,0.00396913823246632
2050-10-08,0.00396815136376689
2050-10-09,0.00396716475576491
2050-10-10,0.00396617828214971
2050-10-11,0.0056751067658359
2050-10-12,0.00396420615028527
2050-10-13,0.00396322042936526
2050-10-14,0.00396223500952336
2050-10-15,0.00396124982356613
2050-10-16,0.00396026486600183
2050-10-17,0.00395928013618435
2050-10-18,0.00395829560116313
2050-10-19,0.00395731144345861
2050-10-20,0.00395632750607092
2050-10-21,0.00395534369467082
2050-10-22,0.00395436021503809
2050-10-23,0.00395337693860077
2050-10-24,0.00395504385546645
2050-10-25,0.0169017754196312
2050-10-26,0.00548617013059693
2050-10-27,0.00400368537566805
2050-10-28,0.00394846441325023
2050-10-29,0.0116315688244135
2050-10-30,0.0070033768397664
2050-10-31,0.0051783077344876
2050-11-01,0.00948290209138224
2050-11-02,0.00501597215537214
2050-11-03,0.0049946672269279
2050-11-04,0.00499342518223237
2050-11-05,0.00499218361472328
2050-11-06,0.00499094244868923
2050-11-07,0.00498970141525243
2050-11-08,0.00498846081521227
2050-11-09,0.00498722037600766
2050-11-10,0.00498598034318909
2050-11-11,0.00551612417128799
2050-11-12,0.00498350123397113
2050-11-13,0.00498226213629066
2050-11-14,0.00498102339138441
2050-11-15,0.00497978477498289
2050-11-16,0.00865396541666111
2050-11-17,0.0143034985718974
2050-11-18,0.00522611204347647
2050-11-19,0.0238356533549012
2050-11-20,0.0782389956493452
2050-11-21,0.0513832152055299
2050-11-22,0.00676931840544589
2050-11-23,0.0100875114808502
2050-11-24,0.0192337061709322
2050-11-25,0.0327962499416502
2050-11-26,0.0646251199039607
2050-11-27,0.0622017175804584
2050-11-28,0.0102300454949099
2050-11-29,0.019076050145055
2050-11-30,0.00670132270895504
2050-12-01,0.0207411427439253
2050-12-02,0.0616549144241045
2050-12-03,0.00745122518742766
2050-12-04,0.0435167842426991
2050-12-05,0.141433714204569
2050-12-06,0.0324970026293706
2050-12-07,0.00413012504168194
2050-12-08,0.00672413222572803
2050-12-09,0.0255236730023828
2050-12-10,0.00430188364674119
2050-12-11,0.00434690299125291
2050-12-12,0.00438522090946591
2050-12-13,0.0812494814154457
2050-12-14,0.00446445787688143
2050-12-15,0.0045135825001506
2050-12-16,0.00455469556539836
2050-12-17,0.0045897303183182
2050-12-18,0.00462022472650416
2050-12-19,0.00464718535078782
2050-12-20,0.00467130931400166
2050-12-21,0.0433153427530498
2050-12-22,0.0708149227335001
2050-12-23,0.0149618018401832
2050-12-24,0.0219168856926981
2050-12-25,0.0568394930491199
2050-12-26,0.162212149389679
2050-12-27,0.209848089362894
2050-12-28,0.16609209802279
2050-12-29,0.0851533136387124
2050-12-30,0.19911545673708
2050-12-31,0.0188014743464112
2051-01-01,0.0188125856168177
2051-01-02,0.0176975470440777
2051-01-03,0.0865084500482368
2051-01-04,0.0495171828798405
2051-01-05,0.0161861172809191
2051-01-06,0.149988527302858
2051-01-07,0.0680617228688996
2051-01-08,0.0643068451176282
2051-01-09,0.213120369593486
2051-01-10,0.373696450781284
2051-01-11,0.0893694720259339
2051-01-12,0.0246822031857297
2051-01-13,0.0257536834682011
2051-01-14,0.0428773625732641
2051-01-15,0.0633310142752943
2051-01-16,0.0669634254501411
2051-01-17,0.291961508436595
2051-01-18,0.319665675909295
2051-01-19,0.0573596009260364
2051-01-20,0.0712863988716423
2051-01-21,0.112148915230428
2051-01-22,0.188482039128918
2051-01-23,0.166905342603195
2051-01-24,0.227383300569138
2051-01-25,0.084118835692043
2051-01-26,0.099756053517867
2051-01-27,0.142594767803495
2051-01-28,0.235264711494698
2051-01-29,0.358307797503011
2051-01-30,0.248901072370236
2051-01-31,0.38971993776169
2051-02-01,0.276848983138629
2051-02-02,0.244740109434951
2051-02-03,0.201938236958387
2051-02-04,0.209418520292438
2051-02-05,0.221439792913875
2051-02-06,0.207897164545721
2051-02-07,0.203203057676873
2051-02-08,0.204976648753525
2051-02-09,0.23826999510013
2051-02-10,0.372532630996676
2051-02-11,0.434505177536843
2051-02-12,0.522517917777875
2051-02-13,0.363225189682874
2051-02-14,0.373091847551669
2051-02-15,0.350554584993208
2051-02-16,0.368983613359206
2051-02-17,0.325633487532154
2051-02-18,0.308661108391201
2051-02-19,0.288826902217784
2051-02-20,0.273393632536952
2051-02-21,0.280025793617357
2051-02-22,0.253369524365155
2051-02-23,0.244920919817993
2051-02-24,0.229368473256368
2051-02-25,0.21892627334216
2051-02-26,0.218263186853982
2051-02-27,0.227398257626553
2051-02-28,0.246084360682229
2051-03-01,0.254084744481646
2051-03-02,0.29122959418325
2051-03-03,0.353741520800016
2051-03-04,0.382252574358327
2051-03-05,0.290743991891981
2051-03-06,0.297128084175677
2051-03-07,0.314392605279518
2051-03-08,0.330011188418
2051-03-09,0.342000587588975
2051-03-10,0.368180103356806
2051-03-11,0.337032362464892
2051-03-12,0.355781021141228
2051-03-13,0.416063652635662
2051-03-14,0.393067063170543
2051-03-15,0.416656208676444
2051-03-16,0.541565886451657
2051-03-17,0.477432967426029
2051-03-18,0.524173938183676
2051-03-19,0.613930474367285
2051-03-20,0.829897840427098
2051-03-21,0.888185381261265
2051-03-22,0.949606149473833
2051-03-23,0.740897219106536
2051-03-24,0.748074012084841
2051-03-25,0.71827640852536
2051-03-26,0.762220751191362
2051-03-27,0.766000716604039
2051-03-28,0.797059408086166
2051-03-29,0.564437722556337
2051-03-30,0.620655514390884
2051-03-31,0.532505713866689
2051-04-01,0.513161581247898
2051-04-02,0.454657934657043
2051-04-03,0.446983312453284
2051-04-04,0.355841024264585
2051-04-05,0.331137658646397
2051-04-06,0.34665114603405
2051-04-07,0.323595205061486
2051-04-08,0.310132318503737
2051-04-09,0.281134967257036
2051-04-10,0.230518371535659
2051-04-11,0.264268753177526
2051-04-12,0.218804732586695
2051-04-13,0.225893578143012
2051-04-14,0.209219555628385
2051-04-15,0.188751429860149
2051-04-16,0.18348192154364
2051-04-17,0.175431868732123
2051-04-18,0.171906358427133
2051-04-19,0.182231505125847
2051-04-20,0.16534547152067
2051-04-21,0.157132185871566
2051-04-22,0.155181254457955
2051-04-23,0.156996300586751
2051-04-24,0.139727519717648
2051-04-25,0.148649787858067
2051-04-26,0.177441047462216
2051-04-27,0.182214062610268
2051-04-28,0.136339948489722
2051-04-29,0.198367120291419
2051-04-30,0.231583518812228
2051-05-01,0.209060715614838
2051-05-02,0.188640803323014
2051-05-03,0.181449917089919
2051-05-04,0.173688195132389
2051-05-05,0.16021084254518
2051-05-06,0.152592769913231
2051-05-07,0.167023224185859
2051-05-08,0.141347774544686
2051-05-09,0.129255774078082
2051-05-10,0.119420919913207
2051-05-11,0.110125194262887
2051-05-12,0.100438126302549
2051-05-13,0.090412586995638
2051-05-14,0.0805092137638017
2051-05-15,0.0824445180122218
2051-05-16,0.0625653707294597
2051-05-17,0.0618081198343124
2051-05-18,0.0572204227535908
2051-05-19,0.0737745887416258
2051-05-20,0.0445651199283626
2051-05-21,0.0428549939570556
2051-05-22,0.0299799356214463
2051-05-23,0.0189121783030787
2051-05-24,0.0170211898859416
2051-05-25,0.0156981034988696
2051-05-26,0.0147125798247038
2051-05-27,0.0136884955726985
2051-05-28,0.0123588583302809
2051-05-29,0.0113174610822969
2051-05-30,0.0103544603350646
2051-05-31,0.00951025730799445
2051-06-01,0.0173285460641618
2051-06-02,0.0119417158542821
2051-06-03,0.0111363399709369
2051-06-04,0.0104354099338016
2051-06-05,0.00983320071664746
2051-06-06,0.0163507805148182
2051-06-07,0.00901265036721385
2051-06-08,0.008735053184147
2051-06-09,0.0159622311211249
2051-06-10,0.0148677441697915
2051-06-11,0.00792205030222896
2051-06-12,0.00759803702677602
2051-06-13,0.00731001347182034
2051-06-14,0.00706472315007955
2051-06-15,0.00684705537611535
2051-06-16,0.00666393201394093
2051-06-17,0.00651237442175403
2051-06-18,0.00638746260257285
2051-06-19,0.0062731274086387
2051-06-20,0.00614768862802768
2051-06-21,0.00601836747157313
2051-06-22,0.00588925019730885
2051-06-23,0.00576221695362468
2051-06-24,0.00563847260031359
2051-06-25,0.00550956833605825
2051-06-26,0.00537648352039796
2051-06-27,0.00523439537900513
2051-06-28,0.00508833281183301
2051-06-29,0.00494729873965042
2051-06-30,0.00481056331692963
2051-07-01,0.01232607900655
2051-07-02,0.0120077716120042
2051-07-03,0.0116421992109955
2051-07-04,0.0112874080477799
2051-07-05,0.0109625111308731
2051-07-06,0.0106650066914639
2051-07-07,0.0103890558408251
2051-07-08,0.0101249091771555
2051-07-09,0.00985825072400731
2051-07-10,0.00959508795197125
2051-07-11,0.0188011702511158
2051-07-12,0.00914660601894818
2051-07-13,0.010282822327308
2051-07-14,0.0285240758888999
2051-07-15,0.00865126038884077
2051-07-16,0.00851290482096527
2051-07-17,0.00865559921882558
2051-07-18,0.00829995622004828
2051-07-19,0.00822041578758193
2051-07-20,0.00812086133366126
2051-07-21,0.00802597238084524
2051-07-22,0.00794084900483856
2051-07-23,0.00786564894422788
2051-07-24,0.00780029688928493
2051-07-25,0.00774455986756389
2051-07-26,0.0263824250216264
2051-07-27,0.00766560907136707
2051-07-28,0.007638592551689
2051-07-29,0.00761318148876801
2051-07-30,0.00759169471420245
2051-07-31,0.00757273320988172
2051-08-01,0.00807609033934998
2051-08-02,0.00806163961207812
2051-08-03,0.00805001834254088
2051-08-04,0.00804058654199999
2051-08-05,0.00803262812455321
2051-08-06,0.00802645693984422
2051-08-07,0.00802133091202932
2051-08-08,0.00801667140704567
2051-08-09,0.00801251033800782
2051-08-10,0.00800869754414443
2051-08-11,0.00800506225903931
2051-08-12,0.00800163711920414
2051-08-13,0.00799842447743541
2051-08-14,0.00799540361699288
2051-08-15,0.00799261953726429
2051-08-16,0.00799006359068501
2051-08-17,0.00798756705524989
2051-08-18,0.00798512306219778
2051-08-19,0.00798276970576202
2051-08-20,0.00798047902246155
2051-08-21,0.00797820699361285
2051-08-22,0.0079759497857859
2051-08-23,0.0138130607425122
2051-08-24,0.00797167873739908
2051-08-25,0.0198536344901861
2051-08-26,0.00796771501467366
2051-08-27,0.0122729581207412
2051-08-28,0.00796375323101007
2051-08-29,0.00796177303448233
2051-08-30,0.00795979328233622
2051-08-31,0.00795781412142202
2051-09-01,0.00294394051728741
2051-09-02,0.00294320845046269
2051-09-03,0.00294247664919414
2051-09-04,0.0029417450125988
2051-09-05,0.00294101352839112
2051-09-06,0.0182840214146046
2051-09-07,0.00293955119008105
2051-09-08,0.00293882027904003
2051-09-09,0.00293808951282634
2051-09-10,0.00293735894601607
2051-09-11,0.027747971154426
2051-09-12,0.00293589838745224
2051-09-13,0.0210821585783354
2051-09-14,0.00293443869572619
2051-09-15,0.00293370941015363
2051-09-16,0.00293298034808301
2051-09-17,0.00293225148612456
2051-09-18,0.00364827911705796
2051-09-19,0.00293079447760281
2051-09-20,0.00293006630599594
2051-09-21,0.00292933824117858
2051-09-22,0.00292861035308366
2051-09-23,0.00292788264431004
2051-09-24,0.00292715505059504
2051-09-25,0.00292642752988433
2051-09-26,0.00292570013604525
2051-09-27,0.00292497291609349
2051-09-28,0.00292424590546803
2051-09-29,0.0029235190339997
2051-09-30,0.00292279228893045
2051-10-01,0.0205991813262541
2051-10-02,0.00399443273610351
2051-10-03,0.00399343979867784
2051-10-04,0.0104750658840862
2051-10-05,0.00399145465972336
2051-10-06,0.00399046239197029
2051-10-07,0.00398947033581181
2051-10-08,0.00398847868022931
2051-10-09,0.0062036064412657
2051-10-10,0.00400249795536898
2051-10-11,0.00398550484543202
2051-10-12,0.00398451424879153
2051-10-13,0.00398352370028476
2051-10-14,0.00398253335141992
2051-10-15,0.00398154333787592
2051-10-16,0.00398055358825983
2051-10-17,0.0039795641096786
2051-10-18,0.00397857475450063
2051-10-19,0.0039775857042773
2051-10-20,0.00397659692896538
2051-10-21,0.00397560833746616
2051-10-22,0.00397461995497715
2051-10-23,0.00397363174596338
2051-10-24,0.00397264390586719
2051-10-25,0.00397165628867214
2051-10-26,0.00397066880489475
2051-10-27,0.00396968158795264
2051-10-28,0.00396869468501044
2051-10-29,0.00396770799204756
2051-10-30,0.00396672155978215
2051-10-31,0.00396573532457427
2051-11-01,0.0058024378721112
2051-11-02,0.00502150682567328
2051-11-03,0.0579309969296464
2051-11-04,0.00900168452295368
2051-11-05,0.0139944769043953
2051-11-06,0.00501651597644252
2051-11-07,0.204523243435231
2051-11-08,0.308635585444631
2051-11-09,0.371620972758303
2051-11-10,0.0135788995939232
2051-11-11,0.0261741258459786
2051-11-12,0.352271497969563
2051-11-13,0.574357377332323
2051-11-14,0.0374336190887204
2051-11-15,0.0896337784264781
2051-11-16,0.122660147829612
2051-11-17,0.280498004414568
2051-11-18,0.21445269673703
2051-11-19,0.203711405204504
2051-11-20,0.115281255889083
2051-11-21,0.2043477343969
2051-11-22,0.120446632408051
2051-11-23,0.0562669655595318
2051-11-24,0.585270077468713
2051-11-25,0.764026736575315
2051-11-26,0.019091334436687
2051-11-27,0.0389639897549448
2051-11-28,0.0172506187253961
2051-11-29,0.0428309791607748
2051-11-30,0.0579845095178585
2051-12-01,0.0617971523877471
2051-12-02,0.114839360882167
2051-12-03,0.0809698110643917
2051-12-04,0.0547183225532338
2051-12-05,0.07506669579276
2051-12-06,0.0949059995777594
2051-12-07,0.135763107191319
2051-12-08,0.0142731307810568
2051-12-09,0.0315327388225776
2051-12-10,0.0805228687954362
2051-12-11,0.0670801121940768
2051-12-12,0.0201627223664164
2051-12-13,0.0113315052592116
2051-12-14,0.0110824439072327
2051-12-15,0.0111964567972945
2051-12-16,0.0112536805311231
2051-12-17,0.0112852802188041
2051-12-18,0.0112836717139383
2051-12-19,0.0123800280566037
2051-12-20,0.0138866247671279
2051-12-21,0.0130142766377848
2051-12-22,0.0159183818466388
2051-12-23,0.0173967264400044
2051-12-24,0.018678810825889
2051-12-25,0.0201507791718566
2051-12-26,0.0358408308373957
2051-12-27,0.0485157694857127
2051-12-28,0.763906991355874
2051-12-29,0.755143983983888
2051-12-30,1.97095525353819
2051-12-31,0.926106515808083
2052-01-01,0.593839278819266
2052-01-02,1.12994972003046
2052-01-03,1.69089063520342
2052-01-04,11.9144132481817
2052-01-05,1.75810836984348
2052-01-06,0.966283132132071
2052-01-07,0.966393180750972
2052-01-08,1.06629307595806
2052-01-09,0.93643204207919
2052-01-10,0.895645314555877
2052-01-11,0.862003521836056
2052-01-12,0.8204687256255
2052-01-13,0.762239255141747
2052-01-14,0.701018762264005
2052-01-15,0.640722718797028
2052-01-16,0.584956094468592
2052-01-17,0.53508353091474
2052-01-18,0.498774616981687
2052-01-19,0.46875118427998
2052-01-20,0.433423615324064
2052-01-21,0.403090623352077
2052-01-22,0.375637304695418
2052-01-23,0.354487818191094
2052-01-24,0.331696823441905
2052-01-25,0.312870018546566
2052-01-26,0.298046751306784
2052-01-27,0.29151331480831
2052-01-28,0.282389686768075
2052-01-29,0.27815709612701
2052-01-30,0.287911009872827
2052-01-31,0.251579064773797
2052-02-01,0.168861606938491
2052-02-02,0.162178047943284
2052-02-03,0.154959316331282
2052-02-04,0.148498955604596
2052-02-05,0.141284092518078
2052-02-06,0.134337267885343
2052-02-07,0.128398608882458
2052-02-08,0.139498829570283
2052-02-09,0.123285744094672
2052-02-10,0.117072551017012
2052-02-11,0.118998005720049
2052-02-12,0.11381708982352
2052-02-13,0.112236603136739
2052-02-14,0.107665842234022
2052-02-15,0.129617068433302
2052-02-16,0.187764804827801
2052-02-17,0.243378008306121
2052-02-18,0.30830877482971
2052-02-19,0.321161911636786
2052-02-20,1.2055085765337
2052-02-21,0.527021571399629
2052-02-22,0.542711917542721
2052-02-23,0.533888902303726
2052-02-24,0.517682506941643
2052-02-25,0.495681885130449
2052-02-26,0.456752177159074
2052-02-27,0.42475855296287
2052-02-28,0.395764477885309
2052-02-29,0.370944393485964
2052-03-01,0.315988062294599
2052-03-02,0.316963283869466
2052-03-03,0.300699709461206
2052-03-04,0.303213978266507
2052-03-05,0.307699520836939
2052-03-06,0.283030756482511
2052-03-07,0.339293579198495
2052-03-08,0.397250185175855
2052-03-09,0.430283541958728
2052-03-10,0.427783384267817
2052-03-11,0.381206759681817
2052-03-12,0.437314753248552
2052-03-13,0.53545057398205
2052-03-14,0.696445627214132
2052-03-15,1.24430173013864
2052-03-16,2.82802048110041
2052-03-17,1.07800190462916
2052-03-18,0.691361488381057
2052-03-19,0.670925164227027
2052-03-20,0.760231866505411
2052-03-21,0.855261930993574
2052-03-22,0.788988566757931
2052-03-23,0.813268846996678
2052-03-24,0.806522388665052
2052-03-25,1.03257660694642
2052-03-26,1.05437340067408
2052-03-27,0.961024483710282
2052-03-28,0.833343834221519
2052-03-29,0.807681417914307
2052-03-30,0.828891880765013
2052-03-31,0.959188061650775
2052-04-01,0.951501023054617
2052-04-02,0.81757044132366
2052-04-03,0.999056317784077
2052-04-04,0.553346476873878
2052-04-05,0.539640919816745
2052-04-06,0.581039458650426
2052-04-07,0.566710071844169
2052-04-08,0.566664250129921
2052-04-09,0.543515450215935
2052-04-10,0.517717885754117
2052-04-11,0.487826192786038
2052-04-12,0.489162585929102
2052-04-13,0.448325764322762
2052-04-14,0.433599878456846
2052-04-15,0.451881932929244
2052-04-16,0.459862097337637
2052-04-17,0.43116877154541
2052-04-18,0.399774369040746
2052-04-19,0.376234126560549
2052-04-20,0.378001201407152
2052-04-21,0.396916785257952
2052-04-22,0.435547876390196
2052-04-23,0.492043914577166
2052-04-24,0.523410754380289
2052-04-25,0.550940908239086
2052-04-26,0.538062035191007
2052-04-27,0.631810239348725
2052-04-28,0.712054058788166
2052-04-29,0.466695962894328
2052-04-30,0.64136695227203
2052-05-01,0.380150373178037
2052-05-02,0.298694539719243
2052-05-03,0.277530637661253
2052-05-04,0.302379180030341
2052-05-05,0.362483802473643
2052-05-06,0.406238675171644
2052-05-07,0.394263096780196
2052-05-08,0.377225683760789
2052-05-09,0.424829336125225
2052-05-10,0.268922825980605
2052-05-11,0.242379642475414
2052-05-12,0.280113055131145
2052-05-13,0.29426310548338
2052-05-14,0.285156272666866
2052-05-15,0.238029692015633
2052-05-16,0.238438015778734
2052-05-17,0.202418286500216
2052-05-18,0.187073851464433
2052-05-19,0.124671338457492
2052-05-20,0.111261971113736
2052-05-21,0.0971174595440753
2052-05-22,0.0813856870090413
2052-05-23,0.0736784651776045
2052-05-24,0.0687534744070132
2052-05-25,0.063867024387275
2052-05-26,0.0668748629047918
2052-05-27,0.062617567504974
2052-05-28,0.0567319664771655
2052-05-29,0.0598443460806423
2052-05-30,0.0541160663918776
2052-05-31,0.0772987032924219
2052-06-01,0.0693312720267914
2052-06-02,0.0669611524152416
2052-06-03,0.0682445711634155
2052-06-04,0.0704158576732899
2052-06-05,0.0743937179303649
2052-06-06,0.0791349120261064
2052-06-07,0.0769221474492125
2052-06-08,0.059517536066443
2052-06-09,0.0389802728071044
2052-06-10,0.0241499138487078
2052-06-11,0.0229344080885387
2052-06-12,0.0214534927016931
2052-06-13,0.0196002789508014
2052-06-14,0.0173831512765827
2052-06-15,0.0153959260834946
2052-06-16,0.0136993542434149
2052-06-17,0.0122735873544123
2052-06-18,0.0110619823648025
2052-06-19,0.0100109022395237
2052-06-20,0.0090977737434694
2052-06-21,0.00830678399319689
2052-06-22,0.00761515257079597
2052-06-23,0.00701562411394722
2052-06-24,0.00648262961318573
2052-06-25,0.00602123295487605
2052-06-26,0.00565553977684823
2052-06-27,0.00536141833315651
2052-06-28,0.00511389032096449
2052-06-29,0.00490953205879221
2052-06-30,0.00475075128958445
2052-07-01,0.0121681656275961
2052-07-02,0.0118806798528531
2052-07-03,0.0115893208698275
2052-07-04,0.0148274507978438
2052-07-05,0.0110112348331969
2052-07-06,0.0107262999747724
2052-07-07,0.0122117389913755
2052-07-08,0.0102339640807712
2052-07-09,0.00999684568869103
2052-07-10,0.00978387376914279
2052-07-11,0.00959833106376342
2052-07-12,0.00942674283690529
2052-07-13,0.00925036374486502
2052-07-14,0.00907731012298294
2052-07-15,0.00891543966000261
2052-07-16,0.00876700538948266
2052-07-17,0.00863190652767034
2052-07-18,0.00850588947341939
2052-07-19,0.00838745577975339
2052-07-20,0.0391872488078378
2052-07-21,0.0081903910790451
2052-07-22,0.00810517353421636
2052-07-23,0.00803091709200245
2052-07-24,0.00797099234782291
2052-07-25,0.00791259452893278
2052-07-26,0.0887852488902218
2052-07-27,0.00781839247391096
2052-07-28,0.00777648771608851
2052-07-29,0.010124264587318
2052-07-30,0.00771057224862858
2052-07-31,0.0113743484938066
2052-08-01,0.00837235322953019
2052-08-02,0.00816372351935626
2052-08-03,0.00814079041292502
2052-08-04,0.00812097661534779
2052-08-05,0.00810492760373143
2052-08-06,0.00809130068404773
2052-08-07,0.00807921238025721
2052-08-08,0.00806806692789548
2052-08-09,0.00805772595954363
2052-08-10,0.00804819045718299
2052-08-11,0.00803915585019067
2052-08-12,0.0080304999661771
2052-08-13,0.00802264093506803
2052-08-14,0.00801592811553734
2052-08-15,0.00800996399862766
2052-08-16,0.00800450776268914
2052-08-17,0.00799956317602702
2052-08-18,0.00799498783794824
2052-08-19,0.00799076020296641
2052-08-20,0.00798688736011797
2052-08-21,0.00798329288533743
2052-08-22,0.00797992072141279
2052-08-23,0.00797674099261724
2052-08-24,0.00797375676875962
2052-08-25,0.00797097653395382
2052-08-26,0.00796839956607967
2052-08-27,0.00796597850529121
2052-08-28,0.00796358110654832
2052-08-29,0.00796117600135938
2052-08-30,0.00795884089266413
2052-08-31,0.00795659135616681
2052-09-01,0.00294340936380132
2052-09-02,0.0029426053161289
2052-09-03,0.0029417971785604
2052-09-04,0.00294099349779969
2052-09-05,0.00294021125479469
2052-09-06,0.00293945975677004
2052-09-07,0.00293981015981448
2052-09-08,0.0161093787755003
2052-09-09,0.00296068106245715
2052-09-10,0.00293653555337859
2052-09-11,0.00293580537379838
2052-09-12,0.00293507538984142
2052-09-13,0.0273563377314168
2052-09-14,0.00293361602935181
2052-09-15,0.00293288656729308
2052-09-16,0.00293215733936796
2052-09-17,0.00293142833848867
2052-09-18,0.0029306994406187
2052-09-19,0.00292997082673321
2052-09-20,0.00292924232058225
2052-09-21,0.00292851398524724
2052-09-22,0.00292778592302873
2052-09-23,0.00292705793948479
2052-09-24,0.00292633015936068
2052-09-25,0.00292560259423311
2052-09-26,0.00292487515715845
2052-09-27,0.00292414790460281
2052-09-28,0.00292342089539492
2052-09-29,0.00292269403290446
2052-09-30,0.00292196731075242
2052-10-01,0.00399429805825621
2052-10-02,0.00399330484171952
2052-10-03,0.00399231190041731
2052-10-04,0.00399131928345244
2052-10-05,0.00399032676792374
2052-10-06,0.00398933462745047
2052-10-07,0.00398834266562116
2052-10-08,0.00398735102296046
2052-10-09,0.0104388401181546
2052-10-10,0.00398536836111623
2052-10-11,0.0039843774394923
2052-10-12,0.00398338667357615
2052-10-13,0.00398239626850144
2052-10-14,0.00398140600039788
2052-10-15,0.0039804160156049
2052-10-16,0.00397942634868836
2052-10-17,0.00397843680000635
2052-10-18,0.0039774475908448
2052-10-19,0.00397645867436214
2052-10-20,0.00397546985802349
2052-10-21,0.00397448129269092
2052-10-22,0.0039734930646175
2052-10-23,0.00397250511662421
2052-10-24,0.00397151735922758
2052-10-25,0.00397052980825679
2052-10-26,0.00396954258582293
2052-10-27,0.00396855548323881
2052-10-28,0.00396756884907016
2052-10-29,0.00396658222750027
2052-10-30,0.00396559592574511
2052-10-31,0.00396460987628818
2052-11-01,0.0199141825045843
2052-11-02,0.152678883998106
2052-11-03,0.239258933964902
2052-11-04,0.00762285076572561
2052-11-05,0.00502340357549062
2052-11-06,0.251819301355959
2052-11-07,0.300464952220297
2052-11-08,0.341333592999068
2052-11-09,0.150306374993789
2052-11-10,0.0980576966054189
2052-11-11,0.0255624452356276
2052-11-12,0.0467241412305864
2052-11-13,0.0591760139696184
2052-11-14,0.0177011231815911
2052-11-15,0.0165543697591277
2052-11-16,0.0236422322107555
2052-11-17,0.0203248149148696
2052-11-18,0.0125835771921293
2052-11-19,0.0151501067105018
2052-11-20,0.0206780393068458
2052-11-21,0.0096751648658437
2052-11-22,0.0124278219447345
2052-11-23,0.0167929656086521
2052-11-24,0.112578685191549
2052-11-25,0.590887196590455
2052-11-26,3.25955719326785
2052-11-27,4.839199909299
2052-11-28,1.05313294817908
2052-11-29,0.321955196797731
2052-11-30,0.431561331058393
2052-12-01,0.0655425177506864
2052-12-02,0.0174812030036097
2052-12-03,0.0798207790653884
2052-12-04,0.121609746524721
2052-12-05,0.0809808531744111
2052-12-06,0.502002655525228
2052-12-07,1.29564442023073
2052-12-08,0.646627478976587
2052-12-09,0.713666222096318
2052-12-10,1.13355118210957
2052-12-11,0.79797281689826
2052-12-12,0.735342899924714
2052-12-13,0.723904139731127
2052-12-14,0.686576194587869
2052-12-15,0.678647043295433
2052-12-16,0.610423573117046
2052-12-17,0.570025266065116
2052-12-18,0.541437489472263
2052-12-19,0.54204296852924
2052-12-20,0.478378117732809
2052-12-21,0.459085086602721
2052-12-22,0.434306331713551
2052-12-23,0.425070202257155
2052-12-24,0.415353264313707
2052-12-25,0.40743763441558
2052-12-26,0.368085072970101
2052-12-27,0.354073734782254
2052-12-28,0.338669851415841
2052-12-29,0.354728099031577
2052-12-30,0.354175543200677
2052-12-31,0.33319997233432
2053-01-01,0.28574572775172
2053-01-02,0.292502491145155
2053-01-03,0.29175964549169
2053-01-04,0.306511497538725
2053-01-05,0.337282722957678
2053-01-06,0.312840136875212
2053-01-07,0.31980151067985
2053-01-08,0.30739939123599
2053-01-09,0.307655095211189
2053-01-10,0.309506773363823
2053-01-11,0.281759688941807
2053-01-12,0.283504681546564
2053-01-13,0.276149490624735
2053-01-14,0.338535917164778
2053-01-15,0.374893402065524
2053-01-16,0.576992572965536
2053-01-17,1.45893928055072
2053-01-18,1.37237565720188
2053-01-19,0.908701727866952
2053-01-20,0.922988129800467
2053-01-21,0.88850675839248
2053-01-22,0.836084227560731
2053-01-23,0.771630844268471
2053-01-24,0.711818611052085
2053-01-25,0.657902862833936
2053-01-26,0.648737918140869
2053-01-27,0.60478398692293
2053-01-28,0.595092523428454
2053-01-29,0.572178758848117
2053-01-30,0.551769920618793
2053-01-31,0.599309255642718
2053-02-01,0.45548071606862
2053-02-02,0.461837124131332
2053-02-03,0.45073677703452
2053-02-04,0.466606912821297
2053-02-05,0.593128504394159
2053-02-06,0.488357125868009
2053-02-07,0.478457310352359
2053-02-08,0.456551478660979
2053-02-09,0.42855536154223
2053-02-10,0.398999158626856
2053-02-11,0.370396369393699
2053-02-12,0.343668892727596
2053-02-13,0.321913438929551
2053-02-14,0.299665721206553
2053-02-15,0.282765329545429
2053-02-16,0.264610240042065
2053-02-17,0.244448930463339
2053-02-18,0.230595309729753
2053-02-19,0.217410236436455
2053-02-20,0.205030434973046
2053-02-21,0.199417676495839
2053-02-22,0.19761659860518
2053-02-23,0.193730900100939
2053-02-24,0.227943400118785
2053-02-25,0.361787778406848
2053-02-26,0.291269496499678
2053-02-27,0.300277796576208
2053-02-28,0.378076479603427
2053-03-01,0.484705418663201
2053-03-02,0.619708149182696
2053-03-03,0.668657568576438
2053-03-04,0.756629504128814
2053-03-05,0.708079738304643
2053-03-06,0.665735419279551
2053-03-07,0.736298491785812
2053-03-08,0.737287777940735
2053-03-09,0.643790232677181
2053-03-10,0.61301126463411
2053-03-11,0.585392574709328
2053-03-12,0.559397029461933
2053-03-13,0.521490447635154
2053-03-14,0.484762076375444
2053-03-15,0.447245966276519
2053-03-16,0.419210695385675
2053-03-17,0.402756318030483
2053-03-18,0.362037958878421
2053-03-19,0.34473893615626
2053-03-20,0.321346800893838
2053-03-21,0.299568375879303
2053-03-22,0.283826751793201
2053-03-23,0.332559202758281
2053-03-24,0.415316608810026
2053-03-25,0.483747459658612
2053-03-26,0.646468494857103
2053-03-27,0.630541420069605
2053-03-28,0.725925855204104
2053-03-29,0.801886244401782
2053-03-30,1.12280299101035
2053-03-31,1.23323242110714
2053-04-01,0.739596331756779
2053-04-02,0.706976757751142
2053-04-03,0.790598691567925
2053-04-04,0.769135834573355
2053-04-05,0.707992888033964
2053-04-06,0.643973027285388
2053-04-07,0.598387327003866
2053-04-08,0.580236832779853
2053-04-09,0.578367928031104
2053-04-10,0.56062049766185
2053-04-11,0.538958367417225
2053-04-12,0.549220392011978
2053-04-13,0.531159066047078
2053-04-14,0.543266682136646
2053-04-15,0.540525184128274
2053-04-16,0.790952396348749
2053-04-17,0.680567476949753
2053-04-18,0.644562070237724
2053-04-19,0.677278361389432
2053-04-20,0.699178054356384
2053-04-21,0.842983333202425
2053-04-22,0.613619386145588
2053-04-23,0.575605732948662
2053-04-24,0.590638012970052
2053-04-25,0.677337671633552
2053-04-26,0.624088886536227
2053-04-27,0.619525434499546
2053-04-28,0.5948632791437
2053-04-29,0.590885784902736
2053-04-30,0.577779358988956
2053-05-01,0.80059733526239
2053-05-02,0.715303818404196
2053-05-03,0.576691179042945
2053-05-04,0.59144544921122
2053-05-05,0.562117421991501
2053-05-06,0.544598091040315
2053-05-07,0.512050683269119
2053-05-08,0.505519090693618
2053-05-09,0.502274779468001
2053-05-10,0.501046695521262
2053-05-11,0.497548925631558
2053-05-12,0.48195142426318
2053-05-13,0.472855401974839
2053-05-14,0.470918812771245
2053-05-15,0.486706759842736
2053-05-16,0.483988015777041
2053-05-17,0.42206766601489
2053-05-18,0.389326769344259
2053-05-19,0.384271882716287
2053-05-20,0.378814439857609
2053-05-21,0.37929076248003
2053-05-22,0.36838922241644
2053-05-23,0.330625552369146
2053-05-24,0.729885206571495
2053-05-25,0.75211828708178
2053-05-26,0.305326822418154
2053-05-27,0.296715092998894
2053-05-28,0.3209673423189
2053-05-29,0.281165827925952
2053-05-30,0.21426958922674
2053-05-31,0.198359245106313
2053-06-01,0.258596858355586
2053-06-02,0.236315734041088
2053-06-03,0.223247858141009
2053-06-04,0.204493923666667
2053-06-05,0.183047608229743
2053-06-06,0.170362890929005
2053-06-07,0.152968016388531
2053-06-08,0.135477400248461
2053-06-09,0.11897210943324
2053-06-10,0.107819687456606
2053-06-11,0.0961826694912783
2053-06-12,0.0963846428125539
2053-06-13,0.0947249564877239
2053-06-14,0.0913249980062332
2053-06-15,0.086406439376518
2053-06-16,0.076962963169203
2053-06-17,0.0767503910073976
2053-06-18,0.0756057055711504
2053-06-19,0.0646226593595976
2053-06-20,0.0462672216869263
2053-06-21,0.0261643096882366
2053-06-22,0.0697463795395244
2053-06-23,0.0246375505054645
2053-06-24,0.0238794586608434
2053-06-25,0.0221918240187837
2053-06-26,0.0200277846360572
2053-06-27,0.0179888299043021
2053-06-28,0.0162612634221627
2053-06-29,0.0149227738364616
2053-06-30,0.0137236786716452
2053-07-01,0.032959391808064
2053-07-02,0.0302172610262358
2053-07-03,0.0316489932970506
2053-07-04,0.0260878411006929
2053-07-05,0.024230148063059
2053-07-06,0.0225742276767768
2053-07-07,0.0211190292843966
2053-07-08,0.019808204476258
2053-07-09,0.0186610014030802
2053-07-10,0.0176895593222949
2053-07-11,0.0168738341373039
2053-07-12,0.0161939479414118
2053-07-13,0.0168931329087008
2053-07-14,0.0152726309282172
2053-07-15,0.0148855376743696
2053-07-16,0.0144975363213101
2053-07-17,0.01410681749523
2053-07-18,0.0137120210533565
2053-07-19,0.0133187284284233
2053-07-20,0.0129291053581716
2053-07-21,0.0125585011998982
2053-07-22,0.0226929056395869
2053-07-23,0.0119237342579073
2053-07-24,0.0116457096058928
2053-07-25,0.0113784380138468
2053-07-26,0.0111304843862342
2053-07-27,0.0109096838847128
2053-07-28,0.0106470498268267
2053-07-29,0.0118932021896242
2053-07-30,0.0101382287943813
2053-07-31,0.00988016201009093
2053-08-01,0.0102927804760196
2053-08-02,0.0100430532698635
2053-08-03,0.0105671782295307
2053-08-04,0.00963736811100913
2053-08-05,0.00946500773559183
2053-08-06,0.00930862112955071
2053-08-07,0.00916684619546941
2053-08-08,0.010043775012693
2053-08-09,0.00891201222442123
2053-08-10,0.0330016450049525
2053-08-11,0.00871401417140347
2053-08-12,0.00863506542437746
2053-08-13,0.00855644998976174
2053-08-14,0.00847947178162447
2053-08-15,0.0132263198962102
2053-08-16,0.00837197215439339
2053-08-17,0.00833459058409971
2053-08-18,0.00830560423286921
2053-08-19,0.00827828232840827
2053-08-20,0.00825372979311111
2053-08-21,0.00823286588084745
2053-08-22,0.00821186636258821
2053-08-23,0.00819219755282243
2053-08-24,0.0081725886279525
2053-08-25,0.00815172504578264
2053-08-26,0.00813126408040514
2053-08-27,0.0081123124719651
2053-08-28,0.00809680499939849
2053-08-29,0.00808446850846002
2053-08-30,0.00807303538027808
2053-08-31,0.0080629187052606
2053-09-01,0.00298034837207623
2053-09-02,0.00297742244989362
2053-09-03,0.00297462744195046
2053-09-04,0.00297198581538707
2053-09-05,0.00296953409315723
2053-09-06,0.00296740876948799
2053-09-07,0.00296559087010616
2053-09-08,0.00296390150393596
2053-09-09,0.0104759670125889
2053-09-10,0.00296091694864802
2053-09-11,0.0193233342941271
2053-09-12,0.00295844072413461
2053-09-13,0.0155093702650979
2053-09-14,0.0296221209032475
2053-09-15,0.0195670145770821
2053-09-16,0.00309698753677463
2053-09-17,0.00295415782683986
2053-09-18,0.014852443846306
2053-09-19,0.00295248975903199
2053-09-20,0.0102299678159759
2053-09-21,0.00413164112003893
2053-09-22,0.0105344804498925
2053-09-23,0.0449171878138156
2053-09-24,0.00294844905087117
2053-09-25,0.00294768242464914
2053-09-26,0.00294689725296574
2053-09-27,0.00294611144007284
2053-09-28,0.00294533067156621
2053-09-29,0.00294457167535939
2053-09-30,0.00294383362950401
2053-10-01,0.0040241855012585
2053-10-02,0.00402316016305008
2053-10-03,0.00402210717476094
2053-10-04,0.00402104367199814
2053-10-05,0.0040199768841892
2053-10-06,0.00401890940958627
2053-10-07,0.00401786768329724
2053-10-08,0.00401685480687864
2053-10-09,0.00401584744354863
2053-10-10,0.00401484482542886
2053-10-11,0.0040138440431747
2053-10-12,0.00401283944995686
2053-10-13,0.00401183351416338
2053-10-14,0.00401083104593657
2053-10-15,0.0557746516689233
2053-10-16,0.00500248040141883
2053-10-17,0.00400785225498054
2053-10-18,0.00400686048891661
2053-10-19,0.00400586769976866
2053-10-20,0.00400487498427501
2053-10-21,0.00400388229171757
2053-10-22,0.00400288945992766
2053-10-23,0.0221069404455394
2053-10-24,0.00402849175678698
2053-10-25,0.00399993415112381
2053-10-26,0.00399896172868059
2053-10-27,0.00399799423945988
2053-10-28,0.00399702616423528
2053-10-29,0.00399605701650077
2053-10-30,0.00399508670289629
2053-10-31,0.0039941156007386
2053-11-01,0.00505872717270435
2053-11-02,0.00505749510881756
2053-11-03,0.00505626200461522
2053-11-04,0.00505502799515007
2053-11-05,0.00505379305177458
2053-11-06,0.00570057604454346
2053-11-07,0.0502108050198373
2053-11-08,0.110344860583959
2053-11-09,0.00703186269195685
2053-11-10,0.0065802160192071
2053-11-11,0.00980435514675087
2053-11-12,0.0668923757784466
2053-11-13,0.0113682545413144
2053-11-14,0.00504753758971235
2053-11-15,0.00504876487477745
2053-11-16,0.00505029801711852
2053-11-17,0.00505202425299519
2053-11-18,0.00505384976493329
2053-11-19,0.00505566102962297
2053-11-20,0.00505737065523703
2053-11-21,0.00505896676204294
2053-11-22,0.00506046954452195
2053-11-23,0.0144448627576594
2053-11-24,0.0166914362973674
2053-11-25,0.195402309073258
2053-11-26,0.19766242819271
2053-11-27,0.0245158887585091
2053-11-28,0.0441412773808151
2053-11-29,0.0275525064815286
2053-11-30,0.0216418884756423
2053-12-01,0.0109610632814629
2053-12-02,0.00526328422256727
2053-12-03,0.00561221049323029
2053-12-04,0.00495902216684427
2053-12-05,0.0144043913923931
2053-12-06,0.00883281141340816
2053-12-07,0.702033357474532
2053-12-08,0.89226076700321
2053-12-09,0.162912230523185
2053-12-10,0.064975091515343
2053-12-11,0.100066820443773
2053-12-12,0.0358885937454344
2053-12-13,0.0104364222534463
2053-12-14,0.0312040739268709
2053-12-15,0.250438774930013
2053-12-16,0.0989165281227016
2053-12-17,0.00787305492795994
2053-12-18,0.0155449132147947
2053-12-19,0.107685091749732
2053-12-20,0.127893313550809
2053-12-21,0.0556527702783675
2053-12-22,0.0945306539202479
2053-12-23,0.184960602771962
2053-12-24,0.268417035748353
2053-12-25,0.295559871816856
2053-12-26,0.288699955788508
2053-12-27,0.244527942174443
2053-12-28,0.238107098296143
2053-12-29,0.223397389186429
2053-12-30,0.202289225113437
2053-12-31,0.250259173123527
2054-01-01,0.107110217442913
2054-01-02,0.205111564412236
2054-01-03,0.213819790797804
2054-01-04,0.178394554171922
2054-01-05,0.300396130182685
2054-01-06,0.275572221054815
2054-01-07,0.332848402729656
2054-01-08,0.337168757824552
2054-01-09,0.36648297704599
2054-01-10,0.375868916559933
2054-01-11,0.35251822423571
2054-01-12,0.335500315741496
2054-01-13,0.311632255464739
2054-01-14,0.316069859310931
2054-01-15,0.319040720406798
2054-01-16,0.30639015088877
2054-01-17,0.285870264409575
2054-01-18,0.273662939114005
2054-01-19,0.2824918959207
2054-01-20,0.285101654346119
2054-01-21,0.27573304215369
2054-01-22,0.317778767224147
2054-01-23,0.329456752395905
2054-01-24,0.244174851927411
2054-01-25,0.251615496703333
2054-01-26,0.292748450290973
2054-01-27,0.272653134485753
2054-01-28,0.262928748174
2054-01-29,0.251585576071694
2054-01-30,0.252078780166844
2054-01-31,0.255139650931361
2054-02-01,0.275360669738059
2054-02-02,0.235864180043743
2054-02-03,0.196003183602625
2054-02-04,0.208853326742546
2054-02-05,0.230627060972573
2054-02-06,0.260019561925906
2054-02-07,0.229541297869805
2054-02-08,0.221682487016787
2054-02-09,0.22713291201732
2054-02-10,0.22358140232914
2054-02-11,0.223748646849297
2054-02-12,0.22228359592665
2054-02-13,0.212209029521901
2054-02-14,0.202253476477136
2054-02-15,0.192908947989245
2054-02-16,0.186806026642197
2054-02-17,0.186911223194662
2054-02-18,0.228618863846826
2054-02-19,0.168216877376112
2054-02-20,0.168951429947932
2054-02-21,0.179297838694354
2054-02-22,0.19588103771425
2054-02-23,0.188001107465723
2054-02-24,0.165140030053915
2054-02-25,0.266908815937224
2054-02-26,0.315020067972513
2054-02-27,0.520310826792802
2054-02-28,0.392268782806786
2054-03-01,0.330125652388922
2054-03-02,0.334252161838952
2054-03-03,0.336403280405006
2054-03-04,0.345787005709567
2054-03-05,0.385152114522626
2054-03-06,0.391950152658597
2054-03-07,0.39349420305604
2054-03-08,0.580604911924365
2054-03-09,0.53369384564073
2054-03-10,0.464580567675719
2054-03-11,0.452699775935586
2054-03-12,0.425663025059022
2054-03-13,0.393810676225355
2054-03-14,0.362247823501762
2054-03-15,0.440821695686716
2054-03-16,0.38037682142473
2054-03-17,0.335404751820389
2054-03-18,0.368083878755315
2054-03-19,0.378064832026086
2054-03-20,0.33190996761802
2054-03-21,0.317502337449605
2054-03-22,0.301717967171665
2054-03-23,0.283874545527255
2054-03-24,0.265732781861779
2054-03-25,0.247777644302271
2054-03-26,0.233199208770013
2054-03-27,0.219663286653964
2054-03-28,0.207064564687136
2054-03-29,0.194706928186509
2054-03-30,0.195473090205071
2054-03-31,0.172017115597163
2054-04-01,0.155985809725786
2054-04-02,0.146789070801215
2054-04-03,0.13008836253554
2054-04-04,0.127159005779604
2054-04-05,0.112754191771699
2054-04-06,0.103286070249371
2054-04-07,0.20415094163282
2054-04-08,0.238344701852429
2054-04-09,0.314714981430183
2054-04-10,0.307280544166714
2054-04-11,0.307641814908478
2054-04-12,0.369730508646001
2054-04-13,0.406348828763767
2054-04-14,0.411245577713823
2054-04-15,0.410364066109648
2054-04-16,0.390651908513537
2054-04-17,0.357060884771141
2054-04-18,0.324508979258997
2054-04-19,0.291308518343856
2054-04-20,0.264852194566766
2054-04-21,0.240814472533812
2054-04-22,0.218770661020209
2054-04-23,0.180065553863621
2054-04-24,0.156773303813901
2054-04-25,0.139975420911727
2054-04-26,0.11870433175884
2054-04-27,0.106472893017152
2054-04-28,0.0986618904635992
2054-04-29,0.092803733751691
2054-04-30,0.084328791257187
2054-05-01,0.0705838717825696
2054-05-02,0.0628389156133904
2054-05-03,0.0552489490347208
2054-05-04,0.0480180889021756
2054-05-05,0.0418702797118503
2054-05-06,0.0372964353507578
2054-05-07,0.0337829885241192
2054-05-08,0.0258753298350007
2054-05-09,0.0210684863515198
2054-05-10,0.0177346603806059
2054-05-11,0.0153480998367224
2054-05-12,0.0130782182547431
2054-05-13,0.0113985540482051
2054-05-14,0.0137899757360396
2054-05-15,0.00969961968864487
2054-05-16,0.00906727151536618
2054-05-17,0.00845368511226679
2054-05-18,0.03470721940125
2054-05-19,0.0616608313590254
2054-05-20,0.0116966931200269
2054-05-21,0.0075537463084975
2054-05-22,0.00733171203908151
2054-05-23,0.00707573768515446
2054-05-24,0.00681384977026894
2054-05-25,0.00654925030412425
2054-05-26,0.0112853949844033
2054-05-27,0.0060480796515703
2054-05-28,0.0058335282697012
2054-05-29,0.00610291296398202
2054-05-30,0.113866011746274
2054-05-31,0.151113141881826
2054-06-01,0.0910970874830218
2054-06-02,0.0102935514382002
2054-06-03,0.00944102540322757
2054-06-04,0.00957525405778354
2054-06-05,0.00927065236839275
2054-06-06,0.00908548312722048
2054-06-07,0.00892333186404082
2054-06-08,0.00874199307427272
2054-06-09,0.00851250391429749
2054-06-10,0.0082700621255599
2054-06-11,0.0080220803858321
2054-06-12,0.00776609026351501
2054-06-13,0.00751744952554917
2054-06-14,0.00729122735018213
2054-06-15,0.00708715084776911
2054-06-16,0.00691106725359122
2054-06-17,0.00676648252493976
2054-06-18,0.00664206423972842
2054-06-19,0.00651966431234396
2054-06-20,0.00638677062365294
2054-06-21,0.00625420895340073
2054-06-22,0.00612245207423514
2054-06-23,0.0060021308556348
2054-06-24,0.0058815237821875
2054-06-25,0.0057429671785217
2054-06-26,0.00560541841138959
2054-06-27,0.00547231742036015
2054-06-28,0.00533727215668528
2054-06-29,0.0052036567031063
2054-06-30,0.00507418625820719
2054-07-01,0.0129951599841067
2054-07-02,0.0126507147253951
2054-07-03,0.0123061526429334
2054-07-04,0.0119618848971081
2054-07-05,0.0116308680922302
2054-07-06,0.0113034096839573
2054-07-07,0.0109783164339009
2054-07-08,0.0106684268382281
2054-07-09,0.010368896096146
2054-07-10,0.0100811170134772
2054-07-11,0.00980767456808679
2054-07-12,0.00955056253819268
2054-07-13,0.00931733461606061
2054-07-14,0.00911300679375866
2054-07-15,0.00892547000907503
2054-07-16,0.00874810413700675
2054-07-17,0.00858357607470114
2054-07-18,0.0118803786509786
2054-07-19,0.0083283141327283
2054-07-20,0.00822605629290718
2054-07-21,0.00811358981511421
2054-07-22,0.023232150491542
2054-07-23,0.00792777087708799
2054-07-24,0.00785212320138932
2054-07-25,0.00778737492240654
2054-07-26,0.0178847817621227
2054-07-27,0.00769675866102166
2054-07-28,0.00766544158990099
2054-07-29,0.00763304661304942
2054-07-30,0.00760514621545116
2054-07-31,0.00758327038582597
2054-08-01,0.00808639165621732
2054-08-02,0.00807064837597938
2054-08-03,0.00805623747960471
2054-08-04,0.00804345995393155
2054-08-05,0.00803362462421129
2054-08-06,0.00802627901415885
2054-08-07,0.0226149752937087
2054-08-08,0.0080163428781228
2054-08-09,0.00801256077340891
2054-08-10,0.00800906076292859
2054-08-11,0.00812137278732937
2054-08-12,0.00800279117322469
2054-08-13,0.00800001872595179
2054-08-14,0.0379753286457204
2054-08-15,0.0079950169391996
2054-08-16,0.00799263612431994
2054-08-17,0.00799026070778336
2054-08-18,0.00798801432920503
2054-08-19,0.00971461343593077
2054-08-20,0.00798377070478424
2054-08-21,0.00798166385246479
2054-08-22,0.00797955652511671
2054-08-23,0.00797747849567158
2054-08-24,0.0079754389876025
2054-08-25,0.00797343185618393
2054-08-26,0.00797142159174707
2054-08-27,0.00796940683113845
2054-08-28,0.0134065388347312
2054-08-29,0.00796538131829476
2054-08-30,0.00796336674092974
2054-08-31,0.00796134675053657
2054-09-01,0.00294523253674159
2054-09-02,0.00294448713020733
2054-09-03,0.00294374931895809
2054-09-04,0.0029430173433297
2054-09-05,0.00294228557939023
2054-09-06,0.0029415539598056
2054-09-07,0.00294082258285994
2054-09-08,0.00918120674920945
2054-09-09,0.00293936026415946
2054-09-10,0.00293862936256883
2054-09-11,0.00293789866841443
2054-09-12,0.00293716815688898
2054-09-13,0.00293643790666705
2054-09-14,0.00293570770346084
2054-09-15,0.00293497772730044
2054-09-16,0.00293424794699955
2054-09-17,0.00293351841051893
2054-09-18,0.00293278894160867
2054-09-19,0.00293205973565572
2054-09-20,0.0029313306905958
2054-09-21,0.00293060180052242
2054-09-22,0.00292987308291881
2054-09-23,0.00292914457464152
2054-09-24,0.00292841628632223
2054-09-25,0.00292768808022142
2054-09-26,0.00304427907742168
2054-09-27,0.00728305555766798
2054-09-28,0.00805730200690706
2054-09-29,0.00663084743326124
2054-09-30,0.00499251049202184
2054-10-01,0.00808317784462459
2054-10-02,0.0109602906230409
2054-10-03,0.0123470455499685
2054-10-04,0.00792153654228038
2054-10-05,0.00399317107259824
2054-10-06,0.00399217828958815
2054-10-07,0.00399118562481259
2054-10-08,0.00399019336933524
2054-10-09,0.00398920127667264
2054-10-10,0.00398820949348731
2054-10-11,0.0039872178986373
2054-10-12,0.00398622648856911
2054-10-13,0.00398523546195553
2054-10-14,0.00398424459944889
2054-10-15,0.00398325405611084
2054-10-16,0.00398226363617605
2054-10-17,0.0039812735263646
2054-10-18,0.00398028350926712
2054-10-19,0.0039792939605851
2054-10-20,0.00397830460314582
2054-10-21,0.00397731534035877
2054-10-22,0.00397632651109832
2054-10-23,0.00397533786048183
2054-10-24,0.00397434941887555
2054-10-25,0.00397336121406138
2054-10-26,0.00397237327026767
2054-10-27,0.00397138559557059
2054-10-28,0.00397039815346603
2054-10-29,0.00432809959492844
2054-10-30,0.00396842400353852
2054-10-31,0.00396743723272178
2054-11-01,0.00502491108358871
2054-11-02,0.0258398584843584
2054-11-03,0.0585193193568594
2054-11-04,0.0331253075715642
2054-11-05,0.0526492642462178
2054-11-06,0.00657586352348202
2054-11-07,0.0229325545811512
2054-11-08,0.0846459418628069
2054-11-09,0.0762135301261165
2054-11-10,0.0987767161975305
2054-11-11,0.0597165347293297
2054-11-12,0.0203152866397041
2054-11-13,0.0166297331275569
2054-11-14,0.0548055438982256
2054-11-15,0.0150253681801001
2054-11-16,0.0114453934742574
2054-11-17,0.00861197220702466
2054-11-18,0.0102832517474318
2054-11-19,0.0184212944500893
2054-11-20,0.0776113455174504
2054-11-21,0.220946217750997
2054-11-22,0.188060997635205
2054-11-23,0.183122180348593
2054-11-24,0.145194991203451
2054-11-25,0.090563254365202
2054-11-26,0.155579377013464
2054-11-27,0.115637231170875
2054-11-28,0.134483788227544
2054-11-29,0.153250027105178
2054-11-30,0.186285832254735
2054-12-01,0.0849954331232953
2054-12-02,0.0451702628222606
2054-12-03,0.0172104429169134
2054-12-04,0.0245298916958199
2054-12-05,0.0243380601708375
2054-12-06,0.0187903662340416
2054-12-07,0.0119391226901508
2054-12-08,0.0114176771020776
2054-12-09,0.00942352348384469
2054-12-10,0.00826589564519765
2054-12-11,0.00862016832836815
2054-12-12,0.00986880112166474
2054-12-13,0.00952972518153931
2054-12-14,0.00857066332180936
2054-12-15,0.00771937149847163
2054-12-16,0.00782785881428273
2054-12-17,0.0500019293810344
2054-12-18,0.0356444934388984
2054-12-19,0.0375662406247286
2054-12-20,0.0132033757820265
2054-12-21,0.0263033142626915
2054-12-22,0.0792559468313223
2054-12-23,0.0798268339422789
2054-12-24,0.0403715501744019
2054-12-25,0.116003047271508
2054-12-26,0.00874305669044601
2054-12-27,0.0112342551380237
2054-12-28,0.0131113699745619
2054-12-29,0.0144763028192561
2054-12-30,0.33321487783034
2054-12-31,0.0671524132125834
2055-01-01,0.0138081746558731
2055-01-02,0.00690548948384067
2055-01-03,0.00691826758745321
2055-01-04,0.00696390005102311
2055-01-05,0.00699740228874825
2055-01-06,0.00702477766473021
2055-01-07,0.00703927414075338
2055-01-08,0.125641153878414
2055-01-09,0.10474185622074
2055-01-10,0.00841722779034042
2055-01-11,0.05729243123231
2055-01-12,0.0583508466564631
2055-01-13,0.0188646789761958
2055-01-14,0.0290351459873219
2055-01-15,0.13790258479958
2055-01-16,0.0141931424145465
2055-01-17,0.00789661889599297
2055-01-18,0.00795603375418838
2055-01-19,0.00800036887681173
2055-01-20,0.0080357916891983
2055-01-21,0.00806526389056487
2055-01-22,0.00809045256877283
2055-01-23,0.00811239677923445
2055-01-24,0.00814834038653748
2055-01-25,0.0106731013638425
2055-01-26,0.0106953664927984
2055-01-27,0.0256437982623866
2055-01-28,0.022457818045298
2055-01-29,0.0856759628205189
2055-01-30,0.06954920554705
2055-01-31,0.0181892396324704
2055-02-01,0.0147045954888723
2055-02-02,0.0395041439462884
2055-02-03,0.00845735414346452
2055-02-04,0.01178388939571
2055-02-05,0.042330483244108
2055-02-06,0.0174019079691779
2055-02-07,0.0390674507239745
2055-02-08,0.0490142902735681
2055-02-09,0.0481932302801992
2055-02-10,0.0579089209216363
2055-02-11,0.0749206634223441
2055-02-12,0.101775593519666
2055-02-13,0.043763438713783
2055-02-14,0.0716944708364913
2055-02-15,0.123987217635589
2055-02-16,0.176436921086713
2055-02-17,0.0579244954786213
2055-02-18,0.0558492821827372
2055-02-19,0.0585798065453015
2055-02-20,0.0610785475373354
2055-02-21,0.0621550190842785
2055-02-22,0.0631720598304143
2055-02-23,0.0610881476943502
2055-02-24,0.0619719386773624
2055-02-25,0.0571103116438463
2055-02-26,0.0565897002186802
2055-02-27,0.0658410460117268
2055-02-28,0.163895048756818
2055-03-01,0.227129967292014
2055-03-02,0.251522534112257
2055-03-03,0.259057864222037
2055-03-04,0.327277573279616
2055-03-05,0.351094147966306
2055-03-06,0.360812311178307
2055-03-07,0.372367789297996
2055-03-08,0.333977365809872
2055-03-09,0.359339916758667
2055-03-10,0.329011689008373
2055-03-11,0.334538476610704
2055-03-12,0.36002313043235
2055-03-13,0.394197439490243
2055-03-14,0.442412287666664
2055-03-15,0.47409201882465
2055-03-16,0.559518516332877
2055-03-17,0.635884440821772
2055-03-18,0.684462002861711
2055-03-19,0.648824699184887
2055-03-20,0.741232296899353
2055-03-21,0.7090824177669
2055-03-22,0.694390083398555
2055-03-23,0.671259767176869
2055-03-24,0.681190788883378
2055-03-25,0.741710012183241
2055-03-26,0.708999071485962
2055-03-27,0.841446422370831
2055-03-28,0.675047865563244
2055-03-29,0.514555546633642
2055-03-30,0.476639032172776
2055-03-31,0.442037950573649
2055-04-01,0.427289626318664
2055-04-02,0.390337248768812
2055-04-03,0.3196033165305
2055-04-04,0.284416796973716
2055-04-05,0.255486398667119
2055-04-06,0.231840599754616
2055-04-07,0.212173874200989
2055-04-08,0.391877654695498
2055-04-09,0.408648211443683
2055-04-10,0.281868985945957
2055-04-11,0.32316578454806
2055-04-12,0.315505210604705
2055-04-13,0.335965750873984
2055-04-14,0.341795881063576
2055-04-15,0.342979566686667
2055-04-16,0.316599947077608
2055-04-17,0.300237314155266
2055-04-18,0.276693693193483
2055-04-19,0.280596480525236
2055-04-20,0.263079241166064
2055-04-21,0.2312324898844
2055-04-22,0.213267809782779
2055-04-23,0.194397391649335
2055-04-24,0.175369754271819
2055-04-25,0.15796212152999
2055-04-26,0.149521739116743
2055-04-27,0.14228186131211
2055-04-28,0.125796479642181
2055-04-29,0.115522078750065
2055-04-30,0.107653425388796
2055-05-01,0.090390001657244
2055-05-02,0.0820104209448821
2055-05-03,0.0727192770004843
2055-05-04,0.0651995634984653
2055-05-05,0.0591290693217323
2055-05-06,0.05341469277853
2055-05-07,0.0475140022304634
2055-05-08,0.0404623986176618
2055-05-09,0.0359454373034606
2055-05-10,0.0366317881476947
2055-05-11,0.0381915391377671
2055-05-12,0.0363260578731496
2055-05-13,0.0320802387567693
2055-05-14,0.0373500060468399
2055-05-15,0.0257508725063884
2055-05-16,0.0162013808344452
2055-05-17,0.0237459078976925
2055-05-18,0.0133694020588846
2055-05-19,0.0130937103806917
2055-05-20,0.0128522071289532
2055-05-21,0.0122043130945187
2055-05-22,0.0381823341413331
2055-05-23,0.0107599802485664
2055-05-24,0.0100806319388104
2055-05-25,0.00934684266370841
2055-05-26,0.0132448624320192
2055-05-27,0.00820359228624944
2055-05-28,0.0117904605657516
2055-05-29,0.00760209146857922
2055-05-30,0.00735847919016546
2055-05-31,0.0070435450019271
2055-06-01,0.00983804764881093
2055-06-02,0.00950623861126706
2055-06-03,0.00897414128058943
2055-06-04,0.00856314312336643
2055-06-05,0.00815554358259606
2055-06-06,0.00776308565131197
2055-06-07,0.00742242666429576
2055-06-08,0.00714909125990286
2055-06-09,0.00691609904146758
2055-06-10,0.00671490567986657
2055-06-11,0.00655418512533868
2055-06-12,0.00641561596825199
2055-06-13,0.0062813665905524
2055-06-14,0.0061719359281673
2055-06-15,0.0123718124615278
2055-06-16,0.00597928949591121
2055-06-17,0.00589075995342479
2055-06-18,0.0057762869704705
2055-06-19,0.00984316150297189
2055-06-20,0.00555995200483729
2055-06-21,0.00544988965813093
2055-06-22,0.00536830901223607
2055-06-23,0.00527945349804191
2055-06-24,0.00516567079915936
2055-06-25,0.00506833093455975
2055-06-26,0.0049966054140002
2055-06-27,0.00663066619306636
2055-06-28,0.00488176701332638
2055-06-29,0.00478264053332166
2055-06-30,0.00466243579383229
2055-07-01,0.0118985702205009
2055-07-02,0.0115239675448275
2055-07-03,0.0111649800638654
2055-07-04,0.0108396812270447
2055-07-05,0.0105414662366701
2055-07-06,0.0102665139866709
2055-07-07,0.0100109454358213
2055-07-08,0.00976794087196996
2055-07-09,0.00954144963155601
2055-07-10,0.00933337900465502
2055-07-11,0.0101412898136739
2055-07-12,0.00898733495668755
2055-07-13,0.0088191166693117
2055-07-14,0.0086565540108577
2055-07-15,0.00850131715424389
2055-07-16,0.0083641403021373
2055-07-17,0.00824834135692395
2055-07-18,0.00814509456674686
2055-07-19,0.00805301317856741
2055-07-20,0.00796903833565494
2055-07-21,0.00789297600960141
2055-07-22,0.00782820913437757
2055-07-23,0.00777397255432753
2055-07-24,0.00772840238354816
2055-07-25,0.00768829977645764
2055-07-26,0.00765338679724223
2055-07-27,0.00762560480469263
2055-07-28,0.00760333879690937
2055-07-29,0.00758380849517278
2055-07-30,0.00756582814881613
2055-07-31,0.00754925204835457
2055-08-01,0.00805435811684739
2055-08-02,0.00804430318150832
2055-08-03,0.00803619396544935
2055-08-04,0.0080296532697419
2055-08-05,0.0080242220379326
2055-08-06,0.00801918985573137
2055-08-07,0.00801448883171108
2055-08-08,0.00801008035510859
2055-08-09,0.00800602297320547
2055-08-10,0.0080023727700298
2055-08-11,0.00799908222100799
2055-08-12,0.0079961451635371
2055-08-13,0.00799344723319183
2055-08-14,0.0079908753195204
2055-08-15,0.0079884671483535
2055-08-16,0.00798615619588685
2055-08-17,0.00798387389198962
2055-08-18,0.00798160567230889
2055-08-19,0.00797933816644811
2055-08-20,0.00797708925438363
2055-08-21,0.00797489260440972
2055-08-22,0.00797275047163558
2055-08-23,0.00797068019907639
2055-08-24,0.00796867608191892
2055-08-25,0.00796669481976909
2055-08-26,0.00796471380981863
2055-08-27,0.00796273341216988
2055-08-28,0.00796332149955832
2055-08-29,0.00795877399854173
2055-08-30,0.00795679503427918
2055-08-31,0.00795481663123999
2055-09-01,0.00294283162339618
2055-09-02,0.00294209988828044
2055-09-03,0.00294136829751951
2055-09-04,0.0113428268433609
2055-09-05,0.00293990581910731
2055-09-06,0.00293917476253014
2055-09-07,0.00293844394622936
2055-09-08,0.00293771328775021
2055-09-09,0.00293698281119124
2055-09-10,0.00293625258057888
2055-09-11,0.00293552243761896
2055-09-12,0.00293479249028227
2055-09-13,0.00293406278700212
2055-09-14,0.00293333319145652
2055-09-15,0.0029326038874557
2055-09-16,0.00293187466212945
2055-09-17,0.00293114565770624
2055-09-18,0.00504200965120666
2055-09-19,0.00292968819816424
2055-09-20,0.00292895970382627
2055-09-21,0.00292823142566616
2055-09-22,0.0029275033584862
2055-09-23,0.00292677542384808
2055-09-24,0.00292604775547492
2055-09-25,0.00292532009135444
2055-09-26,0.00292459273555319
2055-09-27,0.00292386557112251
2055-09-28,0.00292313854206879
2055-09-29,0.00292241168831996
2055-09-30,0.00292168500727713
2055-10-01,0.0039939121698375
2055-10-02,0.00399291908671846
2055-10-03,0.0943787853607251
2055-10-04,0.00399093389930721
2055-10-05,0.00398994299222033
2055-10-06,0.00398895297706112
2055-10-07,0.00398796367615473
2055-10-08,0.00398697449542115
2055-10-09,0.00398598557829242
2055-10-10,0.0039849966585793
2055-10-11,0.00398400792526326
2055-10-12,0.00398301936380723
2055-10-13,0.00398203088472772
2055-10-14,0.0211860425334861
2055-10-15,0.00417438359453307
2055-10-16,0.0039790668062171
2055-10-17,0.00397807962513302
2055-10-18,0.00397709269505501
2055-10-19,0.00397610611451186
2055-10-20,0.00397511957564154
2055-10-21,0.0958085464786652
2055-10-22,0.00397315940936956
2055-10-23,0.00397221182619119
2055-10-24,0.00397127772562531
2055-10-25,0.00397034959170342
2055-10-26,0.00396942302971923
2055-10-27,0.00396849538198029
2055-10-28,0.00396756424987632
2055-10-29,0.00396662858415668
2055-10-30,0.00396568779041829
2055-10-31,0.00396474184281752
2055-11-01,0.00502154208836007
2055-11-02,0.00502033308534716
2055-11-03,0.00501911967142904
2055-11-04,0.00501790251859549
2055-11-05,0.00501668210362375
2055-11-06,0.00501545927775551
2055-11-07,0.00501423436593587
2055-11-08,0.0050130077213483
2055-11-09,0.00501177960223006
2055-11-10,0.00501054988989844
2055-11-11,0.00500931883604264
2055-11-12,0.00500808662687181
2055-11-13,0.00500685340439598
2055-11-14,0.00505111919360148
2055-11-15,0.00500438687227388
2055-11-16,0.00500315343657839
2055-11-17,0.00500192001848068
2055-11-18,0.00533200574454258
2055-11-19,0.00499945290849643
2055-11-20,0.0049982194265556
2055-11-21,0.00499698570151978
2055-11-22,0.00499575188440251
2055-11-23,0.00499451796824656
2055-11-24,0.00499328398988448
2055-11-25,0.0556867709213378
2055-11-26,0.336950408940665
2055-11-27,0.0980893820210472
2055-11-28,0.00667637991077413
2055-11-29,0.00745468666463228
2055-11-30,0.00507506870446213
2055-12-01,0.00407479102751197
2055-12-02,0.0294184886774564
2055-12-03,0.00415286045450685
2055-12-04,0.00413774954992874
2055-12-05,0.00415667615359606
2055-12-06,0.00417404067441858
2055-12-07,0.00418967078962306
2055-12-08,0.00420381164762258
2055-12-09,0.00421708385351332
2055-12-10,0.147371218047223
2055-12-11,0.25928654243508
2055-12-12,0.00444898827477216
2055-12-13,0.00991725052248628
2055-12-14,0.0302076943163759
2055-12-15,0.0577153128399504
2055-12-16,0.0413736653192874
2055-12-17,0.0121253827461171
2055-12-18,0.0314509184496332
2055-12-19,0.106303877736211
2055-12-20,0.0873349438681837
2055-12-21,0.150073324992264
2055-12-22,0.175511526590705
2055-12-23,0.0357897009549107
2055-12-24,0.00603048335220644
2055-12-25,0.0951766012153017
2055-12-26,0.80643205444364
2055-12-27,1.74213971469798
2055-12-28,0.217843172219346
2055-12-29,0.232102532915201
2055-12-30,0.306357714059063
2055-12-31,0.151280595178102
2056-01-01,0.467191873118452
2056-01-02,0.672745496463005
2056-01-03,0.018641151518639
2056-01-04,0.0288085197749866
2056-01-05,0.0515673505063932
2056-01-06,0.0481533009632174
2056-01-07,0.0523790652553101
2056-01-08,0.0787083992382082
2056-01-09,0.104477119363542
2056-01-10,0.141997140796349
2056-01-11,0.117779447180634
2056-01-12,0.348816211526801
2056-01-13,0.292330775813528
2056-01-14,0.112235290454907
2056-01-15,0.455881276190543
2056-01-16,2.85994996716203
2056-01-17,2.66013135962096
2056-01-18,1.17233253473326
2056-01-19,1.02973766258904
2056-01-20,1.59379767221428
2056-01-21,7.9011012404674
2056-01-22,1.78307274583849
2056-01-23,1.76715721446834
2056-01-24,6.36591663184917
2056-01-25,1.45406736719386
2056-01-26,1.04997534735637
2056-01-27,1.04768242150076
2056-01-28,1.046792602939
2056-01-29,1.04001877789531
2056-01-30,1.03692557492076
2056-01-31,1.01712573762803
2056-02-01,0.664190606776638
2056-02-02,0.609434078827343
2056-02-03,0.604400425226352
2056-02-04,0.616514077199854
2056-02-05,0.648259218967695
2056-02-06,0.63913759800471
2056-02-07,0.608308476637981
2056-02-08,0.848691668573781
2056-02-09,0.637251448928917
2056-02-10,0.616198658435713
2056-02-11,0.602094328930414
2056-02-12,0.568179699349426
2056-02-13,0.54266175448144
2056-02-14,0.507044743399367
2056-02-15,0.465061004214142
2056-02-16,0.432590390717143
2056-02-17,0.402998756888154
2056-02-18,0.384409192129662
2056-02-19,0.372506081398342
2056-02-20,0.3725598501548
2056-02-21,0.328277618174138
2056-02-22,0.304312367778771
2056-02-23,0.29965137078622
2056-02-24,0.285125210390617
2056-02-25,0.275572256460554
2056-02-26,0.274572717584107
2056-02-27,0.2518537343094
2056-02-28,0.297036065058608
2056-02-29,0.326148120536296
2056-03-01,0.240654817917421
2056-03-02,0.233009132502419
2056-03-03,0.224414453934414
2056-03-04,0.213162895503512
2056-03-05,0.201437823636153
2056-03-06,0.194368196010983
2056-03-07,0.20405983591729
2056-03-08,0.218931337606689
2056-03-09,0.252206652838857
2056-03-10,0.291287623656734
2056-03-11,0.388069419174778
2056-03-12,0.446516638660275
2056-03-13,0.563919024474247
2056-03-14,0.674413758374172
2056-03-15,0.816374888936444
2056-03-16,0.822154290073546
2056-03-17,0.993914233759887
2056-03-18,0.973567385640821
2056-03-19,1.07252191341898
2056-03-20,1.19856701467005
2056-03-21,1.39254853745432
2056-03-22,1.55731082675017
2056-03-23,1.66907297908994
2056-03-24,1.56089028128982
2056-03-25,1.0985277516958
2056-03-26,1.03954258051956
2056-03-27,1.35762690460095
2056-03-28,0.692839176533278
2056-03-29,0.61650287743691
2056-03-30,0.627349375209998
2056-03-31,0.631650347748679
2056-04-01,0.851437351001071
2056-04-02,0.610278719156551
2056-04-03,0.576165030432703
2056-04-04,0.592477404980007
2056-04-05,0.633669383416922
2056-04-06,0.641949352228937
2056-04-07,0.609967278256527
2056-04-08,0.524034498051675
2056-04-09,0.532195525841509
2056-04-10,0.547613050156159
2056-04-11,0.576735475981495
2056-04-12,0.544525139661609
2056-04-13,0.66189675040032
2056-04-14,0.522700110564997
2056-04-15,0.510534835339857
2056-04-16,0.51595069025282
2056-04-17,0.819594827073797
2056-04-18,0.549027159025488
2056-04-19,0.515664714593132
2056-04-20,0.647412840698197
2056-04-21,0.761134199377918
2056-04-22,0.452563989657831
2056-04-23,0.450731896978031
2056-04-24,0.423279251673344
2056-04-25,0.407073285525273
2056-04-26,0.42845106250294
2056-04-27,0.449473761424141
2056-04-28,0.478270189993363
2056-04-29,0.592613215727033
2056-04-30,0.451954301100036
2056-05-01,0.429771899191348
2056-05-02,0.328794483697534
2056-05-03,0.34775748568973
2056-05-04,0.315494845787523
2056-05-05,0.314523683580273
2056-05-06,0.311120712247359
2056-05-07,0.355267156149732
2056-05-08,0.420788204040767
2056-05-09,0.423858051933354
2056-05-10,0.424079932831755
2056-05-11,0.41868952335298
2056-05-12,0.308638074393908
2056-05-13,0.26207602415403
2056-05-14,0.249555348906501
2056-05-15,0.242133538014717
2056-05-16,0.231897729842225
2056-05-17,0.21825397680838
2056-05-18,0.224277456352496
2056-05-19,0.133070906566878
2056-05-20,0.155717219709528
2056-05-21,0.114073286709509
2056-05-22,0.113853501863586
2056-05-23,0.108113902003514
2056-05-24,0.101835929512652
2056-05-25,0.0924388265537407
2056-05-26,0.0997440853872957
2056-05-27,0.073169412670644
2056-05-28,0.0749670207959544
2056-05-29,0.067303883074984
2056-05-30,0.058832450532337
2056-05-31,0.0483780786335011
2056-06-01,0.0575725813857487
2056-06-02,0.0567581195817972
2056-06-03,0.0525117211310379
2056-06-04,0.028855370989036
2056-06-05,0.0260681587362222
2056-06-06,0.0236075938451661
2056-06-07,0.0213288891662587
2056-06-08,0.0187975877110499
2056-06-09,0.0165378650694119
2056-06-10,0.0145814365493001
2056-06-11,0.012998095991591
2056-06-12,0.0117701268170163
2056-06-13,0.0106718886835411
2056-06-14,0.00963122374433514
2056-06-15,0.00875820117503822
2056-06-16,0.00812686561482117
2056-06-17,0.00764213920690271
2056-06-18,0.00717502191606145
2056-06-19,0.00672796096352379
2056-06-20,0.00632460453900822
2056-06-21,0.00597445493491224
2056-06-22,0.00566992932688767
2056-06-23,0.00541394132892573
2056-06-24,0.00520886126868662
2056-06-25,0.00504996465531102
2056-06-26,0.00491245464925205
2056-06-27,0.00478465117865762
2056-06-28,0.00466993402257696
2056-06-29,0.00456178286011651
2056-06-30,0.00445064692685742
2056-07-01,0.0114301306401917
2056-07-02,0.0111799744766353
2056-07-03,0.0109211956216123
2056-07-04,0.0106601874829794
2056-07-05,0.0103974769719552
2056-07-06,0.0101450843692181
2056-07-07,0.00991122352313544
2056-07-08,0.00969303471309346
2056-07-09,0.00949067949023963
2056-07-10,0.00930609956283952
2056-07-11,0.0302805683202628
2056-07-12,0.00902111557901144
2056-07-13,0.00889638413322107
2056-07-14,0.0087658578552293
2056-07-15,0.00862924962012591
2056-07-16,0.00850030012045154
2056-07-17,0.00838333949233327
2056-07-18,0.00827757663295551
2056-07-19,0.00818227306682293
2056-07-20,0.00809428981249064
2056-07-21,0.00801403769879163
2056-07-22,0.00794243845983162
2056-07-23,0.00788017674959735
2056-07-24,0.00782516700942499
2056-07-25,0.00777868796461512
2056-07-26,0.00773967984688014
2056-07-27,0.00770436251636202
2056-07-28,0.00767269102701736
2056-07-29,0.00764530688912357
2056-07-30,0.00762250680081065
2056-07-31,0.00760263150113741
2056-08-01,0.00810565108322484
2056-08-02,0.00808884159670479
2056-08-03,0.00807534742326752
2056-08-04,0.00806337729562415
2056-08-05,0.00805275221097462
2056-08-06,0.00804332296945904
2056-08-07,0.00809977802368945
2056-08-08,0.0081475195079334
2056-08-09,0.0080211094988754
2056-08-10,0.00801451944296613
2056-08-11,0.00800823266858992
2056-08-12,0.0098515129325815
2056-08-13,0.00799923760964842
2056-08-14,0.00799549286044724
2056-08-15,0.00799165987339669
2056-08-16,0.00798813597229516
2056-08-17,0.00798488526055532
2056-08-18,0.00798187384003032
2056-08-19,0.00797907943992117
2056-08-20,0.00797648285285283
2056-08-21,0.00797403448557856
2056-08-22,0.00797166230485545
2056-08-23,0.00796935304244368
2056-08-24,0.00796708952452505
2056-08-25,0.00796742699535155
2056-08-26,0.00796257434333435
2056-08-27,0.00796032600845519
2056-08-28,0.00795811847943127
2056-08-29,0.00795600932730915
2056-08-30,0.0079540044976087
2056-08-31,0.00795202682243598
2056-09-01,0.00294179958770316
2056-09-02,0.00294106812216001
2056-09-03,0.00294033678844993
2056-09-04,0.00293960570588417
2056-09-05,0.00293887474428351
2056-09-06,0.00293814399248169
2056-09-07,0.00293741339283128
2056-09-08,0.00293668308756076
2056-09-09,0.00293595287112401
2056-09-10,0.00293522280329474
2056-09-11,0.00293449294975326
2056-09-12,0.00293376331215339
2056-09-13,0.00293303383001256
2056-09-14,0.00293230449955063
2056-09-15,0.00293157540983758
2056-09-16,0.00293084647511107
2056-09-17,0.00293011765945957
2056-09-18,0.00292938911597953
2056-09-19,0.00292866073575514
2056-09-20,0.00292793247436949
2056-09-21,0.00294309543953005
2056-09-22,0.00292647658926382
2056-09-23,0.00292574899035109
2056-09-24,0.00292502145759113
2056-09-25,0.00292429416628886
2056-09-26,0.00292356707202739
2056-09-27,0.00292284006919852
2056-09-28,0.00292211335673313
2056-09-29,0.00292138674515075
2056-09-30,0.00292066037266344
2056-10-01,0.00399251145671485
2056-10-02,0.00399151873088377
2056-10-03,0.00399052620663285
2056-10-04,0.00398953392757321
2056-10-05,0.00398854196542085
2056-10-06,0.00398755023263056
2056-10-07,0.00398655875020026
2056-10-08,0.00398556744479872
2056-10-09,0.00398457643724478
2056-10-10,0.00398358558378339
2056-10-11,0.00398259518258522
2056-10-12,0.00398160485730266
2056-10-13,0.00398061483245209
2056-10-14,0.00397962504891626
2056-10-15,0.00397863552026304
2056-10-16,0.00397764619480524
2056-10-17,0.0353775880678182
2056-10-18,0.0983865186753264
2056-10-19,0.0123088502152127
2056-10-20,0.0039737168864517
2056-10-21,0.0156916954872086
2056-10-22,0.00405825239875194
2056-10-23,0.00429197104329778
2056-10-24,0.0359066617279375
2056-10-25,0.0511952822651483
2056-10-26,0.00628532596541432
2056-10-27,0.00396864425023201
2056-10-28,0.00396878119779458
2056-10-29,0.00396891356748426
2056-10-30,0.00396897334957418
2056-10-31,0.00396895784146855
2056-11-01,0.0194578250210647
2056-11-02,0.00521796469349653
2056-11-03,0.00502783503902422
2056-11-04,0.00502768309647604
2056-11-05,0.00502746572249914
2056-11-06,0.0050272039472649
2056-11-07,0.00502690094696881
2056-11-08,0.203469599121238
2056-11-09,0.312231883968628
2056-11-10,1.21639039275198
2056-11-11,1.69416864119315
2056-11-12,0.0554102775006345
2056-11-13,0.0368158744323239
2056-11-14,0.0224125143034869
2056-11-15,0.0203848789291908
2056-11-16,0.0119890784130818
2056-11-17,0.00890997636308397
2056-11-18,0.008894896468495
2056-11-19,0.00891670868869156
2056-11-20,0.0089196504923734
2056-11-21,0.00891375245646322
2056-11-22,0.008905771833217
2056-11-23,0.0707670421782084
2056-11-24,0.206607899131448
2056-11-25,0.0492419747538475
2056-11-26,0.0146652399716938
2056-11-27,0.417110668890995
2056-11-28,0.541913158999882
2056-11-29,0.0265335404822172
2056-11-30,0.0725811445295126
2056-12-01,0.192244554072935
2056-12-02,0.0529699065586066
2056-12-03,0.18044810430166
2056-12-04,0.939554219160184
2056-12-05,0.370582439003149
2056-12-06,1.19095245137144
2056-12-07,1.35305996033742
2056-12-08,0.633155274767544
2056-12-09,0.47136981097143
2056-12-10,0.493130245998508
2056-12-11,0.648931374707338
2056-12-12,0.698760085643645
2056-12-13,0.653281222583955
2056-12-14,1.10731533794364
2056-12-15,0.900549436458773
2056-12-16,0.877197300025516
2056-12-17,0.861584526737495
2056-12-18,0.818467365764492
2056-12-19,0.995739040534962
2056-12-20,1.34718151912002
2056-12-21,1.69465228682853
2056-12-22,1.18598322883181
2056-12-23,1.21838598521691
2056-12-24,1.2742038979137
2056-12-25,1.13369048403915
2056-12-26,1.09382305822413
2056-12-27,2.59792582922121
2056-12-28,12.7682473302288
2056-12-29,8.96185152910549
2056-12-30,2.49875738015799
2056-12-31,4.11958787193543
2057-01-01,1.16295699549283
2057-01-02,1.12406998838911
2057-01-03,1.18771060481236
2057-01-04,2.71201506806595
2057-01-05,3.35350115114999
2057-01-06,1.14779581429872
2057-01-07,1.12023234247214
2057-01-08,1.13634149078465
2057-01-09,1.14876618217
2057-01-10,1.23634638103633
2057-01-11,2.12905538458166
2057-01-12,2.54054782952582
2057-01-13,1.19448612684416
2057-01-14,1.62074551127038
2057-01-15,2.5035603601979
2057-01-16,1.13212656803487
2057-01-17,1.21129453437672
2057-01-18,1.17321017059683
2057-01-19,2.08644587158261
2057-01-20,3.8258363633341
2057-01-21,1.71825680793686
2057-01-22,1.11172227567479
2057-01-23,1.10668439887514
2057-01-24,1.07674395077708
2057-01-25,1.08525659778911
2057-01-26,1.10208478756398
2057-01-27,1.02956181700406
2057-01-28,0.948953033623319
2057-01-29,0.876772064626597
2057-01-30,0.806060466109104
2057-01-31,0.740561097569339
2057-02-01,0.471339675321097
2057-02-02,0.431578935953256
2057-02-03,0.396731528988594
2057-02-04,0.370674215339915
2057-02-05,0.361761599377964
2057-02-06,0.404071319561108
2057-02-07,0.476733945681766
2057-02-08,0.586334010051774
2057-02-09,0.662307387533375
2057-02-10,1.13612122631565
2057-02-11,1.2074079031717
2057-02-12,0.759568242353495
2057-02-13,0.754879002232202
2057-02-14,0.776413672087036
2057-02-15,0.900157724532438
2057-02-16,1.08634383264096
2057-02-17,0.719176329536575
2057-02-18,0.746006094147084
2057-02-19,0.806004137720704
2057-02-20,0.703182660910826
2057-02-21,0.665142269114557
2057-02-22,0.653720941512389
2057-02-23,0.617905957379245
2057-02-24,0.58920445727204
2057-02-25,0.538855480820867
2057-02-26,0.509237421764101
2057-02-27,0.471184322568255
2057-02-28,0.433125779317566
2057-03-01,0.357081220911818
2057-03-02,0.334523293228769
2057-03-03,0.306606667077881
2057-03-04,0.286251467987522
2057-03-05,0.273325434838987
2057-03-06,0.256196079214224
2057-03-07,0.247876591055552
2057-03-08,0.260129026078582
2057-03-09,0.3067665528512
2057-03-10,0.331838929542736
2057-03-11,0.326254742452154
2057-03-12,0.30948099539653
2057-03-13,0.287668804755808
2057-03-14,0.333871811424951
2057-03-15,0.29684028946838
2057-03-16,0.284592668393501
2057-03-17,0.274134127522517
2057-03-18,0.270778306772988
2057-03-19,0.250183516013967
2057-03-20,0.264245014221594
2057-03-21,0.241619645379492
2057-03-22,0.263740592048122
2057-03-23,0.292485257805286
2057-03-24,0.301919761780741
2057-03-25,0.285696456848715
2057-03-26,0.389039237650139
2057-03-27,0.523846253183078
2057-03-28,0.628462187711258
2057-03-29,0.560799579300115
2057-03-30,0.655236326322174
2057-03-31,0.786018850482433
2057-04-01,0.876054337137899
2057-04-02,2.33087493204682
2057-04-03,1.21548858923393
2057-04-04,1.57864485977546
2057-04-05,2.16427765620133
2057-04-06,1.71676976981091
2057-04-07,0.646846830555387
2057-04-08,0.638406379685347
2057-04-09,0.626954575955002
2057-04-10,0.620398677664339
2057-04-11,0.670720128982766
2057-04-12,0.778674259054931
2057-04-13,0.879261018896151
2057-04-14,1.26578385229547
2057-04-15,1.22189272085384
2057-04-16,0.753895698120011
2057-04-17,0.806762925166294
2057-04-18,0.698332699162101
2057-04-19,0.529947781145307
2057-04-20,0.535382596787952
2057-04-21,0.542402685443549
2057-04-22,0.653838454108855
2057-04-23,0.482338154089467
2057-04-24,0.455218709699919
2057-04-25,0.521823696777164
2057-04-26,0.630329151106531
2057-04-27,0.640589203077471
2057-04-28,0.497728875534898
2057-04-29,0.387820836344893
2057-04-30,0.450476061794019
2057-05-01,0.32042079770906
2057-05-02,0.331684813481994
2057-05-03,0.392005507479325
2057-05-04,0.408498080954893
2057-05-05,0.360553749894645
2057-05-06,0.326187843347509
2057-05-07,0.323351442797653
2057-05-08,0.332070269100838
2057-05-09,0.316265497794188
2057-05-10,0.268821729020841
2057-05-11,0.249370988768718
2057-05-12,0.238218626907494
2057-05-13,0.235798282069772
2057-05-14,0.236753907046019
2057-05-15,0.156576557530117
2057-05-16,0.165175972358081
2057-05-17,0.148683835076211
2057-05-18,0.1265893241897
2057-05-19,0.12589180392554
2057-05-20,0.134435400991913
2057-05-21,0.14764693678112
2057-05-22,0.133844574361203
2057-05-23,0.153089356752943
2057-05-24,0.160714228039564
2057-05-25,0.123034389072092
2057-05-26,0.123499197214256
2057-05-27,0.143717500415988
2057-05-28,0.159360109261624
2057-05-29,0.0946987524536752
2057-05-30,0.0898239607592109
2057-05-31,0.0848049290593161
2057-06-01,0.128445531839718
2057-06-02,0.122967953596545
2057-06-03,0.112089090400202
2057-06-04,0.099779070217714
2057-06-05,0.0972036767914641
2057-06-06,0.0971409382153773
2057-06-07,0.0967428289026305
2057-06-08,0.0940015682588128
2057-06-09,0.083605039602839
2057-06-10,0.0685865365574913
2057-06-11,0.0659311655112889
2057-06-12,0.0734298018276264
2057-06-13,0.0608362880425606
2057-06-14,0.0558021762984702
2057-06-15,0.0333053595430539
2057-06-16,0.0238716238972464
2057-06-17,0.0228296087317242
2057-06-18,0.0214126558063267
2057-06-19,0.0197840409362209
2057-06-20,0.0176222310355901
2057-06-21,0.0156323181228201
2057-06-22,0.0139135221718129
2057-06-23,0.0123952362613478
2057-06-24,0.0110777725802759
2057-06-25,0.00996256572281024
2057-06-26,0.00903027480791826
2057-06-27,0.00825066664850926
2057-06-28,0.00760185932618316
2057-06-29,0.00702967553109559
2057-06-30,0.00650699236707361
2057-07-01,0.0158246331790694
2057-07-02,0.0146278134255627
2057-07-03,0.0136020985274765
2057-07-04,0.0127779747127533
2057-07-05,0.0121514857426776
2057-07-06,0.011718132418955
2057-07-07,0.0114329872352463
2057-07-08,0.0112045780329314
2057-07-09,0.0109589155931619
2057-07-10,0.01069679336591
2057-07-11,0.0104279633928557
2057-07-12,0.0101690510032135
2057-07-13,0.00992315178620326
2057-07-14,0.00968858776396953
2057-07-15,0.00946929773673406
2057-07-16,0.00926522788836488
2057-07-17,0.00907829081139623
2057-07-18,0.00890884027468624
2057-07-19,0.00875226066002795
2057-07-20,0.00860990316124989
2057-07-21,0.00848259103583604
2057-07-22,0.00836824606946989
2057-07-23,0.00826581433875518
2057-07-24,0.00817467558924828
2057-07-25,0.0080932889889524
2057-07-26,0.00802043319393926
2057-07-27,0.00795685323310342
2057-07-28,0.00790191793643965
2057-07-29,0.00785339979638713
2057-07-30,0.00781018090758395
2057-07-31,0.00777080905289441
2057-08-01,0.00826612739035647
2057-08-02,0.00823023541414816
2057-08-03,0.00819822180938118
2057-08-04,0.00817170608983921
2057-08-05,0.00815031626083907
2057-08-06,0.00813185426775226
2057-08-07,0.00811531071299886
2057-08-08,0.00810033775365502
2057-08-09,0.00808673141854628
2057-08-10,0.00807424743695723
2057-08-11,0.00806282384574168
2057-08-12,0.00805240918282366
2057-08-13,0.00804282239396889
2057-08-14,0.00803394288766281
2057-08-15,0.00802573186798325
2057-08-16,0.0080186801653097
2057-08-17,0.00801295641289871
2057-08-18,0.0080080508973433
2057-08-19,0.00800347530387281
2057-08-20,0.00799904257463134
2057-08-21,0.00799495614638608
2057-08-22,0.00799125017076025
2057-08-23,0.00798781061533781
2057-08-24,0.00798447809651288
2057-08-25,0.00798107089092482
2057-08-26,0.00797770963669725
2057-08-27,0.00797456351937132
2057-08-28,0.00797157168803198
2057-08-29,0.00796866088164049
2057-08-30,0.00796589174488314
2057-08-31,0.00796330853587313
2057-09-01,0.00294580911947295
2057-09-02,0.00294494131846946
2057-09-03,0.00294408675487496
2057-09-04,0.00294324600091102
2057-09-05,0.00294241392004999
2057-09-06,0.00294158828365173
2057-09-07,0.0029407640671758
2057-09-08,0.00293994587249359
2057-09-09,0.00293915706736835
2057-09-10,0.00294469069792656
2057-09-11,0.00293763696113692
2057-09-12,0.00293689331875573
2057-09-13,0.002936163049633
2057-09-14,0.00293543299432553
2057-09-15,0.025560679950503
2057-09-16,0.00293397340608133
2057-09-17,0.0144978528380649
2057-09-18,0.00293251451149635
2057-09-19,0.00293178535563052
2057-09-20,0.00293105642255783
2057-09-21,0.00293032760643381
2057-09-22,0.00292959905657477
2057-09-23,0.00292887057546736
2057-09-24,0.00292814236913029
2057-09-25,0.00292741433195533
2057-09-26,0.00292668638125153
2057-09-27,0.00292595867153289
2057-09-28,0.00292523123847464
2057-09-29,0.00292450381510305
2057-09-30,0.00292377669910565
2057-10-01,0.00399677139661369
2057-10-02,0.00399577756596817
2057-10-03,0.00399478414462086
2057-10-04,0.00399379078465213
2057-10-05,0.00399279781589109
2057-10-06,0.00783676955617539
2057-10-07,0.003990812364875
2057-10-08,0.00398982005641824
2057-10-09,0.00398882802125768
2057-10-10,0.00398783617217114
2057-10-11,0.00398684462900836
2057-10-12,0.00398585324284551
2057-10-13,0.00398486222366196
2057-10-14,0.00398387137246189
2057-10-15,0.0039828808223399
2057-10-16,0.00398189048930426
2057-10-17,0.00523279403407953
2057-10-18,0.00397991046415454
2057-10-19,0.00397892088962892
2057-10-20,0.00397793152508265
2057-10-21,0.00397694242123382
2057-10-22,0.00397595357905155
2057-10-23,0.00397496500435067
2057-10-24,0.00397397658664974
2057-10-25,0.00397298848262566
2057-10-26,0.00397200060279489
2057-10-27,0.00397101286768838
2057-10-28,0.00397002555318664
2057-10-29,0.00396903843606548
2057-10-30,0.00396805150340312
2057-10-31,0.00605999577329918
2057-11-01,0.402395968253785
2057-11-02,0.72376585737203
2057-11-03,0.384546183571255
2057-11-04,0.0471547161545445
2057-11-05,0.0842513364312423
2057-11-06,0.0534164536907771
2057-11-07,0.0256202168184415
2057-11-08,0.0120433298487914
2057-11-09,0.113999469255015
2057-11-10,0.365604228384488
2057-11-11,1.28327261963378
2057-11-12,1.1752292950846
2057-11-13,0.333966671711841
2057-11-14,0.0482804538088158
2057-11-15,0.0238144961668178
2057-11-16,0.0264174768445057
2057-11-17,0.0252008084272423
2057-11-18,0.013156426520668
2057-11-19,0.0120737532830705
2057-11-20,0.0122751857704652
2057-11-21,0.0124338299537038
2057-11-22,0.0123116684944771
2057-11-23,0.402226896725783
2057-11-24,0.322458679302467
2057-11-25,0.0982031307921216
2057-11-26,0.0245648126383858
2057-11-27,0.0138928650492685
2057-11-28,0.0131829569877217
2057-11-29,0.0132594312506949
2057-11-30,0.0138633469277093
2057-12-01,0.012369906448769
2057-12-02,0.0129366756229118
2057-12-03,0.0831061063786565
2057-12-04,0.201227467286253
2057-12-05,0.0296243057594649
2057-12-06,0.152860414546152
2057-12-07,0.684416162281437
2057-12-08,1.29051452057821
2057-12-09,0.377618444192656
2057-12-10,0.0938072429163253
2057-12-11,0.0475056140953925
2057-12-12,0.0487429571579697
2057-12-13,0.112310619777587
2057-12-14,0.147456179482213
2057-12-15,0.10990786719398
2057-12-16,0.130291500115858
2057-12-17,0.210564690939344
2057-12-18,0.165354985506959
2057-12-19,0.164266801935803
2057-12-20,0.172307913630175
2057-12-21,0.164985419347944
2057-12-22,0.174073856905273
2057-12-23,0.160027809003915
2057-12-24,0.156498413483985
2057-12-25,0.151916307933296
2057-12-26,0.149800429183564
2057-12-27,0.15964626854291
2057-12-28,0.167315008926441
2057-12-29,0.180879964994717
2057-12-30,0.166675299735182
2057-12-31,0.213459306508897
2058-01-01,0.224731562022966
2058-01-02,0.508992277797615
2058-01-03,0.525777280937769
2058-01-04,0.318465273293337
2058-01-05,0.336016694068766
2058-01-06,0.334333158936042
2058-01-07,0.33129740971555
2058-01-08,0.315220220979426
2058-01-09,0.299808829908343
2058-01-10,0.288695459892906
2058-01-11,0.267682198208258
2058-01-12,0.25596425974985
2058-01-13,0.248201702065159
2058-01-14,0.232237889009166
2058-01-15,0.257046272415015
2058-01-16,0.250729759717486
2058-01-17,0.233329364471688
2058-01-18,0.280675761824966
2058-01-19,0.346467713132782
2058-01-20,0.350996509376497
2058-01-21,0.365176658975812
2058-01-22,0.45686527008237
2058-01-23,0.472435290472852
2058-01-24,0.393543222277971
2058-01-25,0.370068274920801
2058-01-26,0.383690813992368
2058-01-27,0.492209004765266
2058-01-28,1.66878905430244
2058-01-29,2.43848404715124
2058-01-30,0.9164104294043
2058-01-31,0.812764736660983
2058-02-01,0.581466973258636
2058-02-02,0.589840766447598
2058-02-03,0.616514326833847
2058-02-04,0.637988144173916
2058-02-05,0.893663602138097
2058-02-06,0.6356866846837
2058-02-07,0.546728711608542
2058-02-08,0.541201527782228
2058-02-09,0.536956262450613
2058-02-10,0.617634964965056
2058-02-11,0.628353365342329
2058-02-12,0.492130517560341
2058-02-13,0.495009738076172
2058-02-14,0.475441758852985
2058-02-15,0.457446998617514
2058-02-16,0.423131250004625
2058-02-17,0.39799799589554
2058-02-18,0.37533527547263
2058-02-19,0.354744925088976
2058-02-20,0.359813879764144
2058-02-21,0.343519317364767
2058-02-22,0.368288326117279
2058-02-23,0.353395262618745
2058-02-24,0.47679126484623
2058-02-25,0.614856281979411
2058-02-26,0.72487180929108
2058-02-27,0.809807187233616
2058-02-28,1.18191712520363
2058-03-01,0.726796848565402
2058-03-02,0.752073462180319
2058-03-03,0.830464966889353
2058-03-04,1.35350888856408
2058-03-05,2.32128952432953
2058-03-06,4.04733462259733
2058-03-07,0.820263926712453
2058-03-08,0.698779917047794
2058-03-09,0.697767800045565
2058-03-10,0.70300454141004
2058-03-11,0.732814874522485
2058-03-12,0.70180919083154
2058-03-13,0.690228528529526
2058-03-14,0.773344382479768
2058-03-15,0.785829614802721
2058-03-16,1.12162945947205
2058-03-17,0.66516832330431
2058-03-18,0.658510889173328
2058-03-19,0.650960509265668
2058-03-20,0.65796362806749
2058-03-21,0.61504222567998
2058-03-22,0.645384413234654
2058-03-23,0.562911074839562
2058-03-24,0.620160373439736
2058-03-25,0.642275302562878
2058-03-26,0.653519161334976
2058-03-27,0.614744074500567
2058-03-28,0.669790459049054
2058-03-29,0.767341797555881
2058-03-30,0.895408729830207
2058-03-31,0.862838149506526
2058-04-01,0.593414272421641
2058-04-02,0.69024524130135
2058-04-03,0.737622270414655
2058-04-04,0.907157600514282
2058-04-05,0.884835430952872
2058-04-06,0.855357276436614
2058-04-07,0.844981911310288
2058-04-08,0.625888781004034
2058-04-09,0.591257078714157
2058-04-10,0.583044715644469
2058-04-11,0.573017343044575
2058-04-12,0.652786534383373
2058-04-13,0.566249472688454
2058-04-14,0.533573642064223
2058-04-15,0.513506183527568
2058-04-16,0.487367720413299
2058-04-17,0.462188245304175
2058-04-18,0.49232723704549
2058-04-19,0.572428484774359
2058-04-20,0.69823667966292
2058-04-21,0.82455020635464
2058-04-22,0.977418697752305
2058-04-23,1.25741264823247
2058-04-24,1.298085436704
2058-04-25,1.19625339863775
2058-04-26,1.31841871400538
2058-04-27,1.09526780145962
2058-04-28,0.96090596551057
2058-04-29,0.703901742712334
2058-04-30,1.08889080707527
2058-05-01,1.03264283801911
2058-05-02,0.976414584591519
2058-05-03,1.03851806889887
2058-05-04,1.12626608110165
2058-05-05,1.12940384756505
2058-05-06,1.07813754363036
2058-05-07,0.752936839867614
2058-05-08,0.695475524551655
2058-05-09,0.776125979781694
2058-05-10,0.514487045214332
2058-05-11,0.495675569088096
2058-05-12,0.451370196682732
2058-05-13,0.365159588502142
2058-05-14,0.408317849949924
2058-05-15,0.516859117824955
2058-05-16,0.729979394991498
2058-05-17,0.826143451824598
2058-05-18,0.611708113347422
2058-05-19,0.567057716743485
2058-05-20,0.497888756059297
2058-05-21,0.546327651682032
2058-05-22,0.452909055482166
2058-05-23,0.415539981796534
2058-05-24,0.403263651465276
2058-05-25,0.337706563218427
2058-05-26,0.29747565456218
2058-05-27,0.308649533705481
2058-05-28,0.332159648020751
2058-05-29,0.236516543287263
2058-05-30,0.21092955429794
2058-05-31,0.18593826298431
2058-06-01,0.238119432121352
2058-06-02,0.194838898224091
2058-06-03,0.191860210948629
2058-06-04,0.167669371320245
2058-06-05,0.165883628596041
2058-06-06,0.13780156171251
2058-06-07,0.118426250183571
2058-06-08,0.109153002404955
2058-06-09,0.0938820904382952
2058-06-10,0.0871266416408358
2058-06-11,0.0807997805239772
2058-06-12,0.0763995110310028
2058-06-13,0.0710994156948352
2058-06-14,0.0671331463357826
2058-06-15,0.0650176788382301
2058-06-16,0.0812261465190568
2058-06-17,0.0760028866206895
2058-06-18,0.0679687554184903
2058-06-19,0.0542322873298255
2058-06-20,0.059558414054037
2058-06-21,0.0634371058253249
2058-06-22,0.071857621421527
2058-06-23,0.0514944387253485
2058-06-24,0.0301693293695759
2058-06-25,0.0300718261014325
2058-06-26,0.0261033997047035
2058-06-27,0.0238385402809586
2058-06-28,0.0214550750867573
2058-06-29,0.018826980212997
2058-06-30,0.0166023687710109
2058-07-01,0.0387490543333926
2058-07-02,0.0346810971547735
2058-07-03,0.0312776524184221
2058-07-04,0.0282680727646449
2058-07-05,0.0255728850626538
2058-07-06,0.0232469880492692
2058-07-07,0.021256297949208
2058-07-08,0.019532600334489
2058-07-09,0.0181413763650067
2058-07-10,0.0169897641600598
2058-07-11,0.0158947021031331
2058-07-12,0.014890495928422
2058-07-13,0.0140471934576862
2058-07-14,0.0134096557934686
2058-07-15,0.0129802459290343
2058-07-16,0.0126085167737489
2058-07-17,0.0122496757997911
2058-07-18,0.0119059715638577
2058-07-19,0.0115671321144939
2058-07-20,0.0112355186091765
2058-07-21,0.0109220481615
2058-07-22,0.0106298055090444
2058-07-23,0.0103596771074797
2058-07-24,0.0101058957241527
2058-07-25,0.00986221967822888
2058-07-26,0.009629807858607
2058-07-27,0.00941012212016114
2058-07-28,0.00920639745551779
2058-07-29,0.00902106534126246
2058-07-30,0.0194999847745211
2058-07-31,0.00872468239993543
2058-08-01,0.00918771399543407
2058-08-02,0.00905716398843441
2058-08-03,0.00893092172642358
2058-08-04,0.00881249096520187
2058-08-05,0.00870621981059313
2058-08-06,0.00861147042042682
2058-08-07,0.00852811051965429
2058-08-08,0.0084549974881436
2058-08-09,0.0349107417058254
2058-08-10,0.00833963069302233
2058-08-11,0.00829063995939875
2058-08-12,0.00824888567117834
2058-08-13,0.00821550255369555
2058-08-14,0.00818673018499603
2058-08-15,0.00816439615226784
2058-08-16,0.00814570060789572
2058-08-17,0.00812738671329185
2058-08-18,0.00810928852511325
2058-08-19,0.00809250458479142
2058-08-20,0.00807787233336448
2058-08-21,0.00806599706524
2058-08-22,0.00805670161963098
2058-08-23,0.00804891363978347
2058-08-24,0.00804172427904168
2058-08-25,0.00803523270921416
2058-08-26,0.00802947019727435
2058-08-27,0.00802390005533875
2058-08-28,0.00801823130920267
2058-08-29,0.0080122904852975
2058-08-30,0.00800640123775608
2058-08-31,0.00800121315357699
2058-09-01,0.00295916546855458
2058-09-02,0.002957804946708
2058-09-03,0.00295653062406942
2058-09-04,0.00295533245297551
2058-09-05,0.00295418059733797
2058-09-06,0.00295306912301553
2058-09-07,0.00295200272921868
2058-09-08,0.00295100413092444
2058-09-09,0.00295007127432502
2058-09-10,0.00294916144031311
2058-09-11,0.00294826591278643
2058-09-12,0.00294738479593567
2058-09-13,0.00294651198196849
2058-09-14,0.00294565336958714
2058-09-15,0.00294480315884602
2058-09-16,0.00294395872725964
2058-09-17,0.00914894539671747
2058-09-18,0.00294237632990999
2058-09-19,0.00294160327221948
2058-09-20,0.00294083524261332
2058-09-21,0.00294007308335825
2058-09-22,0.00293931712191053
2058-09-23,0.00293856422971589
2058-09-24,0.00293781773874845
2058-09-25,0.00293708385532093
2058-09-26,0.00293635354343514
2058-09-27,0.00293562340283782
2058-09-28,0.0029348934864512
2058-09-29,0.00293416362629444
2058-09-30,0.00293343410918714
2058-10-01,0.00400997298341574
2058-10-02,0.00400897590971994
2058-10-03,0.00400797912644172
2058-10-04,0.00400698250468609
2058-10-05,0.00400598607514231
2058-10-06,0.00400499004617454
2058-10-07,0.00400399422718612
2058-10-08,0.00400299870152268
2058-10-09,0.00400200326308145
2058-10-10,0.00400100816932938
2058-10-11,0.00400001325583649
2058-10-12,0.00399901869704722
2058-10-13,0.00399802438732575
2058-10-14,0.00399703016773387
2058-10-15,0.15296648897735
2058-10-16,0.142792747933191
2058-10-17,0.0494782062793657
2058-10-18,0.00573316196813345
2058-10-19,0.0040046462179117
2058-10-20,0.00401135393586637
2058-10-21,0.00401794230123579
2058-10-22,0.0040241340892685
2058-10-23,0.00402966364507511
2058-10-24,0.0103058613320022
2058-10-25,0.00550152159290617
2058-10-26,0.00404322350413491
2058-10-27,0.00432047671137649
2058-10-28,0.0314700123120621
2058-10-29,0.0663894238901506
2058-10-30,0.00493386070549519
2058-10-31,0.00406856183498495
2058-11-01,0.00516578622486422
2058-11-02,0.0051766663557211
2058-11-03,0.00518665744485173
2058-11-04,0.00519622426203077
2058-11-05,0.0219549746638075
2058-11-06,0.00564938954135134
2058-11-07,0.00522313465052572
2058-11-08,0.00523053662136519
2058-11-09,0.00523640950226509
2058-11-10,0.0052412239545748
2058-11-11,0.00524554888234682
2058-11-12,0.014286905700801
2058-11-13,0.0131681521792495
2058-11-14,0.00877721000644763
2058-11-15,0.00637316933139217
2058-11-16,0.0512694840748019
2058-11-17,0.00954213738877434
2058-11-18,0.0446650146473602
2058-11-19,0.104341726970448
2058-11-20,0.00933746236424202
2058-11-21,0.00569437746916232
2058-11-22,0.00576911287005287
2058-11-23,0.00887742801142975
2058-11-24,0.0058805334059041
2058-11-25,0.00703215833024012
2058-11-26,0.00549436741112418
2058-11-27,0.00551700026472788
2058-11-28,0.00553669338955138
2058-11-29,0.00555286733719504
2058-11-30,0.0724588610406979
2058-12-01,0.142032485732932
2058-12-02,0.00838552982634457
2058-12-03,0.00471168046189763
2058-12-04,0.016865950651614
2058-12-05,0.0835104094149748
2058-12-06,0.0431538921704377
2058-12-07,0.00838547180535179
2058-12-08,0.0258972122456542
2058-12-09,0.0166391032690004
2058-12-10,0.0149839575095743
2058-12-11,0.00715182535525433
2058-12-12,0.00979599507518716
2058-12-13,0.00635555727930957
2058-12-14,0.00722536363312891
2058-12-15,0.0063824754970783
2058-12-16,0.00952515538398924
2058-12-17,0.00953588323981973
2058-12-18,0.0199714644093773
2058-12-19,0.0458507669645705
2058-12-20,0.0202193567655924
2058-12-21,0.00580402196779628
2058-12-22,0.123101417133784
2058-12-23,0.139793763694624
2058-12-24,0.0162465619950978
2058-12-25,0.0346283697128352
2058-12-26,0.0426762044725484
2058-12-27,0.0176523568071962
2058-12-28,0.0153288082845659
2058-12-29,0.0270924462164856
2058-12-30,0.20142063233952
2058-12-31,0.0622604994366066
2059-01-01,0.00542368281234804
2059-01-02,0.00585212607375825
2059-01-03,0.00813438850337194
2059-01-04,0.0193027129236606
2059-01-05,0.0704240090747848
2059-01-06,0.0520783375517141
2059-01-07,0.0501833058404497
2059-01-08,0.106727543222495
2059-01-09,0.205966143163894
2059-01-10,0.347019430875348
2059-01-11,0.0101892144867346
2059-01-12,0.0194065495048267
2059-01-13,0.124880773030052
2059-01-14,0.147303311324632
2059-01-15,0.123579296186428
2059-01-16,0.0568034459280159
2059-01-17,0.0337150816865671
2059-01-18,0.0213184972087453
2059-01-19,0.021132784156282
2059-01-20,0.0191552996351752
2059-01-21,0.0121646080811921
2059-01-22,0.0108351601435594
2059-01-23,0.00823101050393416
2059-01-24,0.00936130304191991
2059-01-25,0.0501017665276235
2059-01-26,0.100385455997435
2059-01-27,0.0674288687628974
2059-01-28,0.0564412389352316
2059-01-29,0.0231026955897907
2059-01-30,0.0135580791029678
2059-01-31,0.0123916742867301
2059-02-01,0.00726337149326597
2059-02-02,0.108243287281349
2059-02-03,0.0589498673500646
2059-02-04,0.0392177007496439
2059-02-05,0.0624263553683647
2059-02-06,0.0660434983258157
2059-02-07,0.0379328085791281
2059-02-08,0.0216423580231977
2059-02-09,0.0582035728200026
2059-02-10,0.118527515842731
2059-02-11,0.108631853542896
2059-02-12,0.174101721276555
2059-02-13,0.0426078187187234
2059-02-14,0.00838551767793993
2059-02-15,0.0325836356876385
2059-02-16,0.0768347042000657
2059-02-17,0.0775013542375326
2059-02-18,0.0618336607075573
2059-02-19,0.0937887457609244
2059-02-20,0.158407007925944
2059-02-21,0.155427952270061
2059-02-22,0.13907976489172
2059-02-23,0.12986655427747
2059-02-24,0.107001291739509
2059-02-25,0.0935915610155302
2059-02-26,0.0978158739408751
2059-02-27,0.232627744375531
2059-02-28,0.461716371394099
2059-03-01,0.273123806518706
2059-03-02,0.339086899221795
2059-03-03,0.25859036283811
2059-03-04,0.368938690173957
2059-03-05,0.441486923758966
2059-03-06,0.36167182736982
2059-03-07,0.395966790194654
2059-03-08,0.408074556214904
2059-03-09,0.439889713515804
2059-03-10,0.499275951054585
2059-03-11,0.496156653550551
2059-03-12,0.524272856413287
2059-03-13,0.486337360256169
2059-03-14,0.46369323062734
2059-03-15,0.439189345386859
2059-03-16,0.399272512727131
2059-03-17,0.481439732110785
2059-03-18,1.0303596379177
2059-03-19,1.05039706816267
2059-03-20,0.695746480087918
2059-03-21,0.691393964066798
2059-03-22,0.656328461138085
2059-03-23,0.611427147703413
2059-03-24,0.568663364946625
2059-03-25,0.525789027009364
2059-03-26,0.4846088094389
2059-03-27,0.430755129716656
2059-03-28,0.391173715479262
2059-03-29,0.354608325638166
2059-03-30,0.340758837483782
2059-03-31,0.498930532869374
2059-04-01,0.448305420954631
2059-04-02,0.541041480129151
2059-04-03,0.529676174596348
2059-04-04,0.501439307691323
2059-04-05,0.478682786732613
2059-04-06,0.483865547066869
2059-04-07,0.445692930827707
2059-04-08,0.441168861126707
2059-04-09,0.464752533526843
2059-04-10,0.458762622588658
2059-04-11,0.462567308977606
2059-04-12,0.523287086707783
2059-04-13,0.5492627181935
2059-04-14,0.511104674853526
2059-04-15,0.477469331671161
2059-04-16,0.441959040838168
2059-04-17,0.40656099514227
2059-04-18,0.372451076250212
2059-04-19,0.338884133104157
2059-04-20,0.307614729356035
2059-04-21,0.347418872754182
2059-04-22,0.302618760720677
2059-04-23,0.253536858513402
2059-04-24,0.236471545832848
2059-04-25,0.218036769479885
2059-04-26,0.199968564888982
2059-04-27,0.178274057391523
2059-04-28,0.156012854443317
2059-04-29,0.136031010069942
2059-04-30,0.122008307885952
2059-05-01,0.100948446772883
2059-05-02,0.0900612987265627
2059-05-03,0.081411959975014
2059-05-04,0.0718927106621079
2059-05-05,0.0621732260563285
2059-05-06,0.0580222983040534
2059-05-07,0.0428274346148891
2059-05-08,0.0337417002616874
2059-05-09,0.0271601087906046
2059-05-10,0.0220691560646292
2059-05-11,0.0181776170326852
2059-05-12,0.0150863287787028
2059-05-13,0.0129738151060725
2059-05-14,0.0113644574852505
2059-05-15,0.0101940476775466
2059-05-16,0.00939389869028353
2059-05-17,0.0130993772929683
2059-05-18,0.00836211608659867
2059-05-19,0.0806677887320544
2059-05-20,0.0135390077179644
2059-05-21,0.00772572445905476
2059-05-22,0.00748394152507873
2059-05-23,0.0115108028722963
2059-05-24,0.0159581423918465
2059-05-25,0.0290565822931098
2059-05-26,0.014449764736867
2059-05-27,0.0366112988661391
2059-05-28,0.0993300943381281
2059-05-29,0.0115262459466072
2059-05-30,0.143205819333202
2059-05-31,0.160325556167811
2059-06-01,0.0222892452979082
2059-06-02,0.0258904116965144
2059-06-03,0.0250804314083703
2059-06-04,0.0237430244465942
2059-06-05,0.0214757217380883
2059-06-06,0.0214881256550966
2059-06-07,0.0178569617128354
2059-06-08,0.0155283083939052
2059-06-09,0.013089491181002
2059-06-10,0.0112881312031028
2059-06-11,0.010275577767417
2059-06-12,0.00968551354501142
2059-06-13,0.00931898358512637
2059-06-14,0.00900210276300338
2059-06-15,0.00871020291302309
2059-06-16,0.00845429168636559
2059-06-17,0.00824019971343592
2059-06-18,0.00806498627221666
2059-06-19,0.00791234313363931
2059-06-20,0.00777554456384813
2059-06-21,0.00948299377905118
2059-06-22,0.00755727046192755
2059-06-23,0.00744315445835779
2059-06-24,0.00732325797170892
2059-06-25,0.00720078796378425
2059-06-26,0.00707737082434234
2059-06-27,0.00695717220975884
2059-06-28,0.00683919566066265
2059-06-29,0.00671322653710652
2059-06-30,0.00658010925844526
2059-07-01,0.0169441526986836
2059-07-02,0.0166006264177072
2059-07-03,0.0162839243825435
2059-07-04,0.0159743393425082
2059-07-05,0.0156562318224567
2059-07-06,0.0153266704648176
2059-07-07,0.0149866467970995
2059-07-08,0.0146372569395405
2059-07-09,0.014283344384643
2059-07-10,0.0139253237552819
2059-07-11,0.0135604879276698
2059-07-12,0.0131834376272856
2059-07-13,0.0127965648687375
2059-07-14,0.0124122751124762
2059-07-15,0.0120289391559775
2059-07-16,0.0116481485576546
2059-07-17,0.011292029522826
2059-07-18,0.0344513564606452
2059-07-19,0.0106985081652666
2059-07-20,0.0104019882901553
2059-07-21,0.013231554960367
2059-07-22,0.00990284159590903
2059-07-23,0.0102240289818019
2059-07-24,0.00950607887440602
2059-07-25,0.00932046676930561
2059-07-26,0.00912221973680962
2059-07-27,0.00893863326530209
2059-07-28,0.00877466949905742
2059-07-29,0.00862484963324616
2059-07-30,0.00848078483955996
2059-07-31,0.00835322315568603
2059-08-01,0.00890119789448555
2059-08-02,0.00871156840720956
2059-08-03,0.00860518044471504
2059-08-04,0.0085115071540687
2059-08-05,0.00842906361038485
2059-08-06,0.00835696094311184
2059-08-07,0.00937937843459029
2059-08-08,0.00825123416878606
2059-08-09,0.00820715007188764
2059-08-10,0.00816889617851217
2059-08-11,0.0294903298744272
2059-08-12,0.00811722964168445
2059-08-13,0.00809758126134318
2059-08-14,0.00807950853061414
2059-08-15,0.0080653771228387
2059-08-16,0.00805333020017329
2059-08-17,0.00804264858966791
2059-08-18,0.00803363877036029
2059-08-19,0.0201652087005769
2059-08-20,0.00802030735872326
2059-08-21,0.0080158057113798
2059-08-22,0.00801205480212961
2059-08-23,0.0080087302962208
2059-08-24,0.00800577771795483
2059-08-25,0.00800315826247082
2059-08-26,0.0080005663707798
2059-08-27,0.00799796637487009
2059-08-28,0.00799531612488746
2059-08-29,0.00799265157105141
2059-08-30,0.00799011710802607
2059-08-31,0.00798777962546447
2059-09-01,0.00295495770877677
2059-09-02,0.00295419656095055
2059-09-03,0.00295344400282749
2059-09-04,0.00295269054833416
2059-09-05,0.00295193848966463
2059-09-06,0.00295118915294604
2059-09-07,0.00295044067243352
2059-09-08,0.00294969127854002
2059-09-09,0.0029489443065473
2059-09-10,0.0029482056001091
2059-09-11,0.00294747257690407
2059-09-12,0.00294673963969767
2059-09-13,0.00294600697537152
2059-09-14,0.00429336706246946
2059-09-15,0.0083309042125902
2059-09-16,0.00294380992436151
2059-09-17,0.00294307796409002
2059-09-18,0.00294234616707417
2059-09-19,0.00294161454040173
2059-09-20,0.0029408831119514
2059-09-21,0.00294015186967392
2059-09-22,0.00293942082679983
2059-09-23,0.0029414455505081
2059-09-24,0.00294233640079645
2059-09-25,0.00585925088795304
2059-09-26,0.00293759718960875
2059-09-27,0.00293576814608115
2059-09-28,0.00293503816117914
2059-09-29,0.00293446204080851
2059-09-30,0.00293357875532763
2059-10-01,0.00401514008417601
2059-10-02,0.00444486851608425
2059-10-03,0.00470877431911044
2059-10-04,0.00400718011140614
2059-10-05,0.00400618370835207
2059-10-06,0.00400518767970734
2059-10-07,0.00400419173279303
2059-10-08,0.00400319607661935
2059-10-09,0.00400220062751762
2059-10-10,0.00400120555444044
2059-10-11,0.00400021062931796
2059-10-12,0.00399921596586204
2059-10-13,0.00399822150883197
2059-10-14,0.00399722745754662
2059-10-15,0.00399623353063365
2059-10-16,0.0498715661664918
2059-10-17,0.00416071839141805
2059-10-18,0.00399325332215549
2059-10-19,0.00399226045903021
2059-10-20,0.00399126788987601
2059-10-21,0.00399027555072996
2059-10-22,0.00398928333757153
2059-10-23,0.00399632050731061
2059-10-24,0.00398729999700941
2059-10-25,0.00398630870937535
2059-10-26,0.00398531745275361
2059-10-27,0.00405359455961562
2059-10-28,0.377599752602362
2059-10-29,0.648758170447219
2059-10-30,0.079932796700429
2059-10-31,0.0839413198720585
2059-11-01,0.0628126879065627
2059-11-02,0.0256213446080868
2059-11-03,0.0132680069000635
2059-11-04,0.00677037327969281
2059-11-05,0.0108288804917316
2059-11-06,0.00682414208182985
2059-11-07,0.00683978511944769
2059-11-08,0.010095452038033
2059-11-09,0.00685702710325355
2059-11-10,0.00685660446093873
2059-11-11,0.00819570368994182
2059-11-12,0.00683737942532323
2059-11-13,0.00681858882171992
2059-11-14,0.00678429038878132
2059-11-15,0.0067595575198958
2059-11-16,0.00675943918502414
2059-11-17,0.00676861646418636
2059-11-18,0.0341936631597575
2059-11-19,0.0182998190036714
2059-11-20,0.0077928786760386
2059-11-21,0.00714761633895932
2059-11-22,0.0115528712362411
2059-11-23,0.00763947362672135
2059-11-24,0.00692305403938232
2059-11-25,0.00686480224657921
2059-11-26,0.00680440965787884
2059-11-27,0.00682674875739001
2059-11-28,0.00696874847691961
2059-11-29,0.00680159296298809
2059-11-30,0.00678923178127947
2059-12-01,0.00540291396111589
2059-12-02,0.00694700188103202
2059-12-03,0.0177783864279788
2059-12-04,0.00536934402674064
2059-12-05,0.00559684567551168
2059-12-06,0.00560495884491598
2059-12-07,0.00532698775726791
2059-12-08,0.00531145130933002
2059-12-09,0.00607734277528659
2059-12-10,0.00536254807662986
2059-12-11,0.0139804792767642
2059-12-12,0.0960091330990568
2059-12-13,0.11461240759891
2059-12-14,0.567746248356184
2059-12-15,0.179490556460879
2059-12-16,0.00694650187538368
2059-12-17,0.0069086412244009
2059-12-18,0.00677712895529784
2059-12-19,0.00697554611874768
2059-12-20,0.00701433457443904
2059-12-21,0.00700327221244382
2059-12-22,0.0067981363565416
2059-12-23,0.00684980630826683
2059-12-24,0.00685703595982675
2059-12-25,0.010173364950252
2059-12-26,0.00695525499990646
2059-12-27,0.0156113610255035
2059-12-28,0.114122292446614
2059-12-29,0.0252111346892969
2059-12-30,0.0187879126239009
2059-12-31,0.00996553771933556
2060-01-01,0.00721138664327061
2060-01-02,0.00746155091129804
2060-01-03,0.00829810721339303
2060-01-04,0.0800540075297575
2060-01-05,0.0104170952657965
2060-01-06,0.0658868653823439
2060-01-07,0.0648587806872718
2060-01-08,0.00680419128989619
2060-01-09,0.00724654545201814
2060-01-10,0.00642703647835666
2060-01-11,0.00655280714796019
2060-01-12,0.00705128686779371
2060-01-13,0.00636657726270967
2060-01-14,0.120268266114237
2060-01-15,0.586894082154328
2060-01-16,1.4306980222072
2060-01-17,0.190427230495906
2060-01-18,0.019576211730944
2060-01-19,0.017731209829408
2060-01-20,0.0330194708460794
2060-01-21,0.0594441214726212
2060-01-22,0.0446401533939923
2060-01-23,0.0459511282036929
2060-01-24,0.0140635187489372
2060-01-25,0.00913961031587173
2060-01-26,0.0111876470746037
2060-01-27,0.0188708749926142
2060-01-28,0.0111449419764567
2060-01-29,0.0144104838798442
2060-01-30,0.0205914750057326
2060-01-31,0.0305113754839355
2060-02-01,0.069014707257019
2060-02-02,0.116568643293889
2060-02-03,0.148049819475534
2060-02-04,0.183895502011139
2060-02-05,0.212210381923053
2060-02-06,0.204413584847913
2060-02-07,0.127921529132744
2060-02-08,0.127047101574539
2060-02-09,0.213311629023828
2060-02-10,0.255681246539982
2060-02-11,0.302574335362489
2060-02-12,0.285717746071741
2060-02-13,0.264171895038396
2060-02-14,0.26669268234793
2060-02-15,0.278894918785702
2060-02-16,0.272408451182789
2060-02-17,0.266609191359618
2060-02-18,0.268390397550394
2060-02-19,0.256766419375546
2060-02-20,0.259241979763995
2060-02-21,0.266126800852852
2060-02-22,0.250562859823141
2060-02-23,0.238849053007206
2060-02-24,0.224038861322832
2060-02-25,0.218582186760687
2060-02-26,0.205373817907999
2060-02-27,0.198806936544041
2060-02-28,0.193743098076033
2060-02-29,0.176605278309629
2060-03-01,0.144396056520292
2060-03-02,0.129400623336921
2060-03-03,0.118267539578015
2060-03-04,0.108274410498535
2060-03-05,0.0988278645500502
2060-03-06,0.0974774887572376
2060-03-07,0.0913016393550806
2060-03-08,0.0812298956311819
2060-03-09,0.0739729636928814
2060-03-10,0.0735505978957505
2060-03-11,0.0919585568356117
2060-03-12,0.0714283733151375
2060-03-13,0.0655961460708203
2060-03-14,0.0592853219168024
2060-03-15,0.0533404698239675
2060-03-16,0.0510419561594162
2060-03-17,0.0840392221386931
2060-03-18,0.0501860517174614
2060-03-19,0.0446910136020282
2060-03-20,0.0453133887668589
2060-03-21,0.0418711935914596
2060-03-22,0.0452048466145153
2060-03-23,0.0431633255558609
2060-03-24,0.0439362352378629
2060-03-25,0.0481893603469053
2060-03-26,0.0387174886766279
2060-03-27,0.0363138813385885
2060-03-28,0.0338376826551598
2060-03-29,0.119108126288769
2060-03-30,0.155115049932098
2060-03-31,0.0731952538240749
2060-04-01,0.0593914642917176
2060-04-02,0.0949495172761227
2060-04-03,0.114315716385538
2060-04-04,0.117844012488773
2060-04-05,0.0849326426461134
2060-04-06,0.0817640369575009
2060-04-07,0.0772569521227931
2060-04-08,0.0701341166282526
2060-04-09,0.0625586383285953
2060-04-10,0.0562468675660837
2060-04-11,0.0518384657124249
2060-04-12,0.0485145446350696
2060-04-13,0.044320381166999
2060-04-14,0.039219691400496
2060-04-15,0.0337230635549831
2060-04-16,0.0284018669491273
2060-04-17,0.0236511022507094
2060-04-18,0.0194545338590884
2060-04-19,0.0159209748704847
2060-04-20,0.0131239086482611
2060-04-21,0.0110997356820623
2060-04-22,0.00980680763514203
2060-04-23,0.00882251647650372
2060-04-24,0.00798543148115
2060-04-25,0.007321170576592
2060-04-26,0.00685134719388508
2060-04-27,0.00979138828495714
2060-04-28,0.00639879911476873
2060-04-29,0.0238478943562913
2060-04-30,0.00620446579031157
2060-05-01,0.00569862488096854
2060-05-02,0.0105861511180719
2060-05-03,0.00554306068164403
2060-05-04,0.0449629138416747
2060-05-05,0.116434972333541
2060-05-06,0.00647850983222997
2060-05-07,0.00875851176876399
2060-05-08,0.0463242048995351
2060-05-09,0.0260031421493578
2060-05-10,0.0199810375898609
2060-05-11,0.0337073702522597
2060-05-12,0.0184342491029323
2060-05-13,0.0164650472653896
2060-05-14,0.00650420241622489
2060-05-15,0.00657485369346887
2060-05-16,0.00649264690271472
2060-05-17,0.00635534059736933
2060-05-18,0.00618107880111577
2060-05-19,0.00598714378825857
2060-05-20,0.00578859445238621
2060-05-21,0.0104256372043727
2060-05-22,0.00550839188903798
2060-05-23,0.00543433210078641
2060-05-24,0.00532763499390723
2060-05-25,0.00521413039568433
2060-05-26,0.00511038213032879
2060-05-27,0.00502108871826574
2060-05-28,0.00494421589393985
2060-05-29,0.00486640771474467
2060-05-30,0.00479217737024134
2060-05-31,0.00471761856348227
2060-06-01,0.00676849212945987
2060-06-02,0.00665569208345791
2060-06-03,0.00654903889498709
2060-06-04,0.00644763932679305
2060-06-05,0.0107042841791998
2060-06-06,0.00627017349462126
2060-06-07,0.00847321299498432
2060-06-08,0.00610966741951614
2060-06-09,0.00604099316016253
2060-06-10,0.00597102003534631
2060-06-11,0.00587939500834288
2060-06-12,0.00577332437904857
2060-06-13,0.00566498079428036
2060-06-14,0.00555652996775548
2060-06-15,0.00545133602810699
2060-06-16,0.00534990890783567
2060-06-17,0.00524349556651509
2060-06-18,0.00513218789954942
2060-06-19,0.00502927855842274
2060-06-20,0.00494910827663854
2060-06-21,0.00488596724978608
2060-06-22,0.00482277071154285
2060-06-23,0.00471391924590822
2060-06-24,0.00459257390586939
2060-06-25,0.00447221561013596
2060-06-26,0.0043627212884536
2060-06-27,0.00425565745404217
2060-06-28,0.0041492960385245
2060-06-29,0.00405039968404093
2060-06-30,0.00395554227319334
2060-07-01,0.0101611470804476
2060-07-02,0.00993988125233591
2060-07-03,0.00972786700724017
2060-07-04,0.00952716123434526
2060-07-05,0.00934404818111369
2060-07-06,0.00917204997312294
2060-07-07,0.00900185395469469
2060-07-08,0.00883231822200274
2060-07-09,0.00866856969101388
2060-07-10,0.00851440928906387
2060-07-11,0.00837480279436774
2060-07-12,0.00825128725802319
2060-07-13,0.00814348258227848
2060-07-14,0.0080479066014366
2060-07-15,0.00796222856173077
2060-07-16,0.00788916034040292
2060-07-17,0.00782702650688045
2060-07-18,0.00777402156025257
2060-07-19,0.0077275486775496
2060-07-20,0.00768428442094366
2060-07-21,0.00764658130065062
2060-07-22,0.00761671287784106
2060-07-23,0.00759363749239847
2060-07-24,0.0131351534244684
2060-07-25,0.00756036751727353
2060-07-26,0.0075445518907004
2060-07-27,0.00753047972459924
2060-07-28,0.00751991039219438
2060-07-29,0.00751129399127389
2060-07-30,0.00750462672241944
2060-07-31,0.00749933844647093
2060-08-01,0.00801025118984202
2060-08-02,0.00821915080376279
2060-08-03,0.00800304922424045
2060-08-04,0.00800002732563046
2060-08-05,0.00799722353540516
2060-08-06,0.00799460221428442
2060-08-07,0.00799208641784204
2060-08-08,0.00798964684817503
2060-08-09,0.007987303977486
2060-08-10,0.00798497486347357
2060-08-11,0.00798271335804193
2060-08-12,0.00798054494162591
2060-08-13,0.00986094792615776
2060-08-14,0.00950234931281459
2060-08-15,0.00797440007503666
2060-08-16,0.00797238167381864
2060-08-17,0.00797035789085802
2060-08-18,0.00796833331490603
2060-08-19,0.00796630729854457
2060-08-20,0.00796427899451148
2060-08-21,0.00796225281853019
2060-08-22,0.0079602402364132
2060-08-23,0.00795825022773443
2060-08-24,0.00795627155717241
2060-08-25,0.00866393525950715
2060-08-26,0.00795231530082474
2060-08-27,0.00795033786380485
2060-08-28,0.0079483611374125
2060-08-29,0.00794638474302942
2060-08-30,0.00794440880388212
2060-08-31,0.00794243339722662
2060-09-01,0.00293825053532556
2060-09-02,0.00293751997394925
2060-09-03,0.00293678953401057
2060-09-04,0.00293605928426115
2060-09-05,0.0149728531337111
2060-09-06,0.00293459936454424
2060-09-07,0.007645315462428
2060-09-08,0.00293314012383845
2060-09-09,0.0029324108441724
2060-09-10,0.0029316817128776
2060-09-11,0.00293095271648723
2060-09-12,0.00293022393698351
2060-09-13,0.00292949534129003
2060-09-14,0.00292877494050932
2060-09-15,0.00820453983120348
2060-09-16,0.0675303262101395
2060-09-17,0.0260611079164992
2060-09-18,0.00292587749946418
2060-09-19,0.00292519093040012
2060-09-20,0.00396702916634731
2060-09-21,0.00292382878332133
2060-09-22,0.00292314507583782
2060-09-23,0.00292245673884053
2060-09-24,0.00880591806388768
2060-09-25,0.00292106775688362
2060-09-26,0.00292037227869294
2060-09-27,0.00293358066785197
2060-09-28,0.0166281356736784
2060-09-29,0.00291828080209725
2060-09-30,0.00291758320276471
2060-10-01,0.00398834041108904
2060-10-02,0.00398738018004683
2060-10-03,0.00398641667752636
2060-10-04,0.00398545011673742
2060-10-05,0.003984480397213
2060-10-06,0.00398350763072668
2060-10-07,0.00398253208508291
2060-10-08,0.00398155425744818
2060-10-09,0.00398057449412689
2060-10-10,0.00397959347189864
2060-10-11,0.00397861129833747
2060-10-12,0.00397762819279103
2060-10-13,0.00397664431484364
2060-10-14,0.00397565995652811
2060-10-15,0.00397467508909339
2060-10-16,0.00397369004366081
2060-10-17,0.00397270481603077
2060-10-18,0.00397171939941931
2060-10-19,0.00397073406679959
2060-10-20,0.00396974880040413
2060-10-21,0.00396876374398801
2060-10-22,0.00396777872795253
2060-10-23,0.00396679398941285
2060-10-24,0.00396580930417561
2060-10-25,0.0039648248101811
2060-10-26,0.00396384033524626
2060-10-27,0.00396285620693888
2060-10-28,0.00396187222529397
2060-10-29,0.00396088855991028
2060-10-30,0.00395990491940107
2060-10-31,0.00395892151213046
2060-11-01,0.00501412705750876
2060-11-02,0.00501288172243672
2060-11-03,0.00501163661613586
2060-11-04,0.00523470858632677
2060-11-05,0.0487565862194386
2060-11-06,0.0270056705353286
2060-11-07,0.0151206566686333
2060-11-08,0.00500541667376994
2060-11-09,0.00500417552124117
2060-11-10,0.00500293534682184
2060-11-11,0.0050016959634843
2060-11-12,0.00500045716578469
2060-11-13,0.00499921898564454
2060-11-14,0.0049979811533676
2060-11-15,0.00499674389977129
2060-11-16,0.00499550692855805
2060-11-17,0.0201860293341546
2060-11-18,0.00504946508613378
2060-11-19,0.00499179964947474
2060-11-20,0.00499056562363956
2060-11-21,0.00498933211141415
2060-11-22,0.0049880991745954
2060-11-23,0.0049868668553361
2060-11-24,0.00498563477467002
2060-11-25,0.00498440299398479
2060-11-26,0.0363984099112615
2060-11-27,0.198646843050391
2060-11-28,0.0950878086531829
2060-11-29,0.0435676206196633
2060-11-30,0.0321503053748766
2060-12-01,0.0196139357599894
2060-12-02,0.019971204474611
2060-12-03,0.0119049441207554
2060-12-04,0.0106108558418788
2060-12-05,0.00672812020610255
2060-12-06,0.00440825763976824
2060-12-07,0.00410180446948694
2060-12-08,0.00411967914807982
2060-12-09,0.00435164579498319
2060-12-10,0.00425856224586278
2060-12-11,0.00424614999628216
2060-12-12,0.00440992309445501
2060-12-13,0.00446723188534067
2060-12-14,0.00486563973169876
2060-12-15,0.00498647806846228
2060-12-16,0.00549987386300329
2060-12-17,0.0055205348703286
2060-12-18,0.00522290350566664
2060-12-19,0.00423671295351303
2060-12-20,0.00424082747590547
2060-12-21,0.00424418011154536
2060-12-22,0.00424709868116525
2060-12-23,0.00452302348557702
2060-12-24,0.0083903457258761
2060-12-25,0.540429750418308
2060-12-26,0.0542810234588663
2060-12-27,0.00657200400908016
2060-12-28,0.058354373654374
2060-12-29,0.0216046007811775
2060-12-30,0.0295747862001265
2060-12-31,0.0136041367133415
2061-01-01,0.00873117486355438
2061-01-02,0.0132434564780366
2061-01-03,0.0059686092907799
2061-01-04,0.0237124947452969
2061-01-05,0.0484126590321755
2061-01-06,0.0314544093744063
2061-01-07,0.385756943221581
2061-01-08,0.219099200736683
2061-01-09,0.00999565278770909
2061-01-10,0.0376300943009484
2061-01-11,0.937541550863782
2061-01-12,7.66692282183362
2061-01-13,0.489750409889151
2061-01-14,0.269089502475808
2061-01-15,0.0332976106187458
2061-01-16,0.00913229945412742
2061-01-17,0.00924278516216306
2061-01-18,0.00931596877541678
2061-01-19,0.00937028626448506
2061-01-20,0.010406290055407
2061-01-21,0.0211170602019699
2061-01-22,0.0521919421752513
2061-01-23,0.156795514403181
2061-01-24,0.0220655552560614
2061-01-25,0.0263587268745711
2061-01-26,0.0282006823331795
2061-01-27,0.0290201813067286
2061-01-28,0.0293092891682513
2061-01-29,0.0292979936984636
2061-01-30,0.029078809949285
2061-01-31,0.0289131819447875
2061-02-01,0.0196425386516406
2061-02-02,0.0193317681208288
2061-02-03,0.0190031108826468
2061-02-04,0.0267986739304878
2061-02-05,0.0211401364642323
2061-02-06,0.0185547063730934
2061-02-07,0.0247469561530844
2061-02-08,0.0277969264082717
2061-02-09,0.0328850616611299
2061-02-10,0.04071296944018
2061-02-11,0.0446264107045781
2061-02-12,0.0344660825218736
2061-02-13,0.0332511776558635
2061-02-14,0.0393116952680626
2061-02-15,0.0528319288766924
2061-02-16,0.143740350725272
2061-02-17,0.234611520637297
2061-02-18,0.104383670009424
2061-02-19,0.0827405711000011
2061-02-20,0.161494114121742
2061-02-21,0.293638170401569
2061-02-22,0.353566603641421
2061-02-23,0.404785248799724
2061-02-24,0.445142114715262
2061-02-25,0.522148538552661
2061-02-26,0.611319170771999
2061-02-27,0.706763152777059
2061-02-28,1.29022473292189
2061-03-01,0.667108744468409
2061-03-02,0.729141108601448
2061-03-03,0.760911932643003
2061-03-04,0.788285093299322
2061-03-05,0.704329524341241
2061-03-06,0.645449708787324
2061-03-07,0.615652077752028
2061-03-08,0.64032268811505
2061-03-09,0.753506741076257
2061-03-10,1.33690601654902
2061-03-11,3.47972887747093
2061-03-12,1.62261855234194
2061-03-13,1.38531560757994
2061-03-14,0.840260318876699
2061-03-15,0.810428220947699
2061-03-16,0.905417016297975
2061-03-17,0.967704315252348
2061-03-18,1.01324959875072
2061-03-19,1.11063735891554
2061-03-20,0.986448598576062
2061-03-21,0.781729635695548
2061-03-22,0.746856279184347
2061-03-23,0.676285134987256
2061-03-24,0.604351408634072
2061-03-25,0.523845512317738
2061-03-26,0.477158393253679
2061-03-27,0.417841504231595
2061-03-28,0.435488860707922
2061-03-29,0.345390118825548
2061-03-30,0.330016677371157
2061-03-31,0.31625611158814
2061-04-01,0.296833613679121
2061-04-02,0.281836692250521
2061-04-03,0.331028517758855
2061-04-04,0.374241947334172
2061-04-05,0.279204926179501
2061-04-06,0.312564616231424
2061-04-07,0.310179727103379
2061-04-08,0.284170823782664
2061-04-09,0.286429923345763
2061-04-10,0.412905185971263
2061-04-11,0.463852477735889
2061-04-12,0.458412657009418
2061-04-13,0.404210545432743
2061-04-14,0.409438274511547
2061-04-15,0.38653803397104
2061-04-16,0.372175441899003
2061-04-17,0.353909490334564
2061-04-18,0.38694873435633
2061-04-19,0.45598557987897
2061-04-20,0.556591748834893
2061-04-21,0.683793164691249
2061-04-22,0.774735784306128
2061-04-23,0.753377574677773
2061-04-24,0.714979534629558
2061-04-25,0.708551308975057
2061-04-26,0.644110865824917
2061-04-27,0.597901905262977
2061-04-28,0.558982041255515
2061-04-29,0.496082094633011
2061-04-30,0.443103316380359
2061-05-01,0.367262687312312
2061-05-02,0.324166804435456
2061-05-03,0.286561041339107
2061-05-04,0.256236594606683
2061-05-05,0.219640769257434
2061-05-06,0.183723497290726
2061-05-07,0.151601476819663
2061-05-08,0.129889964306475
2061-05-09,0.111918933260776
2061-05-10,0.0956575803853054
2061-05-11,0.0824701863005893
2061-05-12,0.0773465929115133
2061-05-13,0.0563837299311519
2061-05-14,0.0455327952772959
2061-05-15,0.0363752053508665
2061-05-16,0.0290673956695513
2061-05-17,0.0229455370844168
2061-05-18,0.0180469827779895
2061-05-19,0.0147293083021122
2061-05-20,0.0122373770836499
2061-05-21,0.0105065139498495
2061-05-22,0.00936687690328136
2061-05-23,0.00852557036741387
2061-05-24,0.00795932827150812
2061-05-25,0.00755406693863889
2061-05-26,0.00719472223413792
2061-05-27,0.0068793370053224
2061-05-28,0.00659670049250833
2061-05-29,0.00633599491851796
2061-05-30,0.0102497761691086
2061-05-31,0.00596288375853657
2061-06-01,0.0127410690035225
2061-06-02,0.00820258981535089
2061-06-03,0.00791614210968128
2061-06-04,0.00765933225534328
2061-06-05,0.00744594355941231
2061-06-06,0.00725867883959458
2061-06-07,0.00709794409588324
2061-06-08,0.00696244275170155
2061-06-09,0.00855458034589576
2061-06-10,0.00745393394406843
2061-06-11,0.00672661196255245
2061-06-12,0.00662556062452673
2061-06-13,0.00650758832868589
2061-06-14,0.00638653758362015
2061-06-15,0.00625725434604146
2061-06-16,0.00611614822394964
2061-06-17,0.0059731661939972
2061-06-18,0.00583006369620021
2061-06-19,0.00568243070561959
2061-06-20,0.00553352542537747
2061-06-21,0.00539182919660341
2061-06-22,0.00524591149599925
2061-06-23,0.00509117620075156
2061-06-24,0.00494618336320497
2061-06-25,0.00482571526094465
2061-06-26,0.00471190459093145
2061-06-27,0.00459323685148108
2061-06-28,0.00447663453655033
2061-06-29,0.00436046299075749
2061-06-30,0.00424716420988799
2061-07-01,0.0108862319237466
2061-07-02,0.0106294455876377
2061-07-03,0.0104067020886771
2061-07-04,0.0101921403431549
2061-07-05,0.00995869394371619
2061-07-06,0.00972483016503223
2061-07-07,0.00950951813475344
2061-07-08,0.0093088210067301
2061-07-09,0.00911188342464206
2061-07-10,0.00891607559361811
2061-07-11,0.00872983570692459
2061-07-12,0.00855945455108554
2061-07-13,0.00840969777234538
2061-07-14,0.00827920873223745
2061-07-15,0.00816373941344619
2061-07-16,0.00805951500605227
2061-07-17,0.00796547609542462
2061-07-18,0.00788392797385083
2061-07-19,0.00781575088112879
2061-07-20,0.00775833418615136
2061-07-21,0.0077093348372231
2061-07-22,0.00766696513812881
2061-07-23,0.00763217199173091
2061-07-24,0.00760515746256573
2061-07-25,0.00758333122251838
2061-07-26,0.00756465948298655
2061-07-27,0.00754792328483417
2061-07-28,0.0075331502963096
2061-07-29,0.00752190680790195
2061-07-30,0.00756425422364677
2061-07-31,0.00750799159302363
2061-08-01,0.00801906440858114
2061-08-02,0.00801518871300686
2061-08-03,0.00801175080358422
2061-08-04,0.00800846002024047
2061-08-05,0.00800527407137889
2061-08-06,0.00800226728940654
2061-08-07,0.00799947801884064
2061-08-08,0.00799684113223127
2061-08-09,0.00799432339672705
2061-08-10,0.0130061639879931
2061-08-11,0.0079896070517557
2061-08-12,0.00798739340290698
2061-08-13,0.0081145191869278
2061-08-14,0.0127662100960559
2061-08-15,0.00798118060083548
2061-08-16,0.00797916865017458
2061-08-17,0.0079771806948455
2061-08-18,0.00797519719482549
2061-08-19,0.00797321432370763
2061-08-20,0.00797123161731748
2061-08-21,0.00796924950215921
2061-08-22,0.00796726813019094
2061-08-23,0.00796528707235451
2061-08-24,0.00796330626224809
2061-08-25,0.0079613263019577
2061-08-26,0.00795934669091555
2061-08-27,0.00795736744508358
2061-08-28,0.00795538909248427
2061-08-29,0.00795341090397414
2061-08-30,0.00795143324731733
2061-08-31,0.00794945622147813
2061-09-01,0.00294084859578966
2061-09-02,0.00294011737855573
2061-09-03,0.00293938629244608
2061-09-04,0.00293865540266845
2061-09-05,0.00293792466078954
2061-09-06,0.00293719416225839
2061-09-07,0.00293646385320773
2061-09-08,0.00293573370316001
2061-09-09,0.0366034074080015
2061-09-10,0.0318756723793715
2061-09-11,0.00293354462119825
2061-09-12,0.00293281600943909
2061-09-13,0.00293208790776517
2061-09-14,0.00293136006739476
2061-09-15,0.00293063235011579
2061-09-16,0.00292990487453076
2061-09-17,0.00292917735287502
2061-09-18,0.00292844995407447
2061-09-19,0.00292772261457517
2061-09-20,0.00292699535067905
2061-09-21,0.00292626813497996
2061-09-22,0.00292554108159147
2061-09-23,0.0029248141359375
2061-09-24,0.00292408727510086
2061-09-25,0.00292336055224004
2061-09-26,0.00292263397491534
2061-09-27,0.00292190747602896
2061-09-28,0.00292118124931404
2061-09-29,0.0029204550686698
2061-09-30,0.00291972912523057
2061-10-01,0.00399123866495015
2061-10-02,0.00399426386683418
2061-10-03,0.00398925454940272
2061-10-04,0.00398826284988609
2061-10-05,0.00398727127797228
2061-10-06,0.00398627995641847
2061-10-07,0.00399681013134275
2061-10-08,0.0039842981958702
2061-10-09,0.00398330775235312
2061-10-10,0.00398231735858498
2061-10-11,0.00398132725878794
2061-10-12,0.00398033747040643
2061-10-13,0.00397934783094872
2061-10-14,0.00397835842343744
2061-10-15,0.00397736930634374
2061-10-16,0.00397638039761419
2061-10-17,0.0039753917398907
2061-10-18,0.00397440332606631
2061-10-19,0.00397341521461218
2061-10-20,0.00397242721557777
2061-10-21,0.00397143953926546
2061-10-22,0.0100319779980554
2061-10-23,0.00396946479816532
2061-10-24,0.00396847786905645
2061-10-25,0.00396749112795988
2061-10-26,0.00396650467986523
2061-10-27,0.00396551840072321
2061-10-28,0.00396453238324776
2061-10-29,0.00396354669947796
2061-10-30,0.00396256117981509
2061-10-31,0.0039615758817612
2061-11-01,0.00631157014279965
2061-11-02,0.00707712417774217
2061-11-03,0.00561973408790713
2061-11-04,0.0050137457654865
2061-11-05,0.0050124991654202
2061-11-06,0.00501125283464094
2061-11-07,0.00501000673959014
2061-11-08,0.00643058559610491
2061-11-09,0.0606277241460398
2061-11-10,0.00500627060464146
2061-11-11,0.00500502595424602
2061-11-12,0.00500378153876054
2061-11-13,0.0073896348463156
2061-11-14,0.00500129429650123
2061-11-15,0.0146278310238826
2061-11-16,0.318115889883614
2061-11-17,0.0418526653617829
2061-11-18,0.007678161185788
2061-11-19,0.00550496395245086
2061-11-20,0.00502007384869567
2061-11-21,0.00502950392904041
2061-11-22,0.0487357727938504
2061-11-23,0.386081506646193
2061-11-24,0.080170976415241
2061-11-25,0.012335198842064
2061-11-26,0.0137187380116346
2061-11-27,0.0386414746147392
2061-11-28,0.0781828782746746
2061-11-29,0.286240056415013
2061-11-30,0.206896124746467
2061-12-01,0.0254912183885546
2061-12-02,0.169890365569927
2061-12-03,0.00836127416681279
2061-12-04,0.0126859135302962
2061-12-05,0.00886278867523589
2061-12-06,0.0155034820876181
2061-12-07,0.0513870130272622
2061-12-08,0.199605514350557
2061-12-09,0.6637489542411
2061-12-10,0.46699398722212
2061-12-11,0.67169996618671
2061-12-12,0.281609378028283
2061-12-13,0.433131558901193
2061-12-14,0.162333372190247
2061-12-15,0.0465312542778196
2061-12-16,0.0137238232894604
2061-12-17,0.0155081381819621
2061-12-18,0.0361421453989184
2061-12-19,0.0657673682154389
2061-12-20,0.162264060463204
2061-12-21,0.183741171644765
2061-12-22,0.305717712139628
2061-12-23,0.0527181438581835
2061-12-24,0.0559717883727247
2061-12-25,0.0475882281031338
2061-12-26,0.11557356179802
2061-12-27,0.140865890882318
2061-12-28,0.12721037970715
2061-12-29,0.0996817726465854
2061-12-30,0.249969461075562
2061-12-31,0.138142567441587
2062-01-01,0.100310465920522
2062-01-02,0.322169612613794
2062-01-03,0.41729070660799
2062-01-04,0.238416730951962
2062-01-05,0.229079057592981
2062-01-06,0.233067556417128
2062-01-07,0.237116624992781
2062-01-08,0.222731837930175
2062-01-09,0.214458077140247
2062-01-10,0.228924026208004
2062-01-11,0.208373328701296
2062-01-12,0.190150983140219
2062-01-13,0.184800517141363
2062-01-14,0.177626640986896
2062-01-15,0.170494530681677
2062-01-16,0.163276716520672
2062-01-17,0.156178369230072
2062-01-18,0.149316938066727
2062-01-19,0.142755566349828
2062-01-20,0.136524219438061
2062-01-21,0.135834682966835
2062-01-22,0.152539618962598
2062-01-23,0.123468159469507
2062-01-24,0.123967085269739
2062-01-25,0.132023702760673
2062-01-26,0.131435593440216
2062-01-27,0.127784498119518
2062-01-28,0.125085930641791
2062-01-29,0.121921215805252
2062-01-30,0.135514275937875
2062-01-31,0.15054188444368
2062-02-01,0.13133921462214
2062-02-02,0.117439619428833
2062-02-03,0.104085639918575
2062-02-04,0.123171101663308
2062-02-05,0.151818295525902
2062-02-06,0.122966307984961
2062-02-07,0.145555722136175
2062-02-08,0.160011273472144
2062-02-09,0.181378589478015
2062-02-10,0.149309686211752
2062-02-11,0.149995829935121
2062-02-12,0.145363191368917
2062-02-13,0.149879810766237
2062-02-14,0.352513026770722
2062-02-15,0.996543270479701
2062-02-16,0.694699103604401
2062-02-17,0.373790343829751
2062-02-18,0.41163325400932
2062-02-19,0.480856001426716
2062-02-20,0.561574705120885
2062-02-21,0.613373827852492
2062-02-22,0.8771609542291
2062-02-23,1.16200400936823
2062-02-24,0.879664631391562
2062-02-25,0.758277537857538
2062-02-26,0.921561003137134
2062-02-27,0.940891934191971
2062-02-28,0.871297875990055
2062-03-01,1.01860914847249
2062-03-02,0.646029074674007
2062-03-03,0.598939899720289
2062-03-04,0.726917552403184
2062-03-05,0.900727486426244
2062-03-06,0.968148698456575
2062-03-07,0.970650888265855
2062-03-08,1.01178971689019
2062-03-09,1.15124629957629
2062-03-10,1.36116213135044
2062-03-11,0.809355114749806
2062-03-12,0.79719185540288
2062-03-13,0.761513604896797
2062-03-14,0.695519834480761
2062-03-15,0.604702937507896
2062-03-16,0.600942811076067
2062-03-17,0.709873446313831
2062-03-18,0.769680273375783
2062-03-19,0.841544803051723
2062-03-20,0.798380589924172
2062-03-21,0.639087022838555
2062-03-22,0.727517415135738
2062-03-23,0.816976382867674
2062-03-24,0.971180198167415
2062-03-25,0.867786860520115
2062-03-26,0.743170522314531
2062-03-27,0.952334419402469
2062-03-28,1.08414354590084
2062-03-29,0.716122356786416
2062-03-30,0.629805161929875
2062-03-31,0.658129057359546
2062-04-01,0.651370737023992
2062-04-02,0.627373356708498
2062-04-03,0.659176530281628
2062-04-04,0.713925588055361
2062-04-05,0.82591919627773
2062-04-06,1.0965675446722
2062-04-07,1.00746442195643
2062-04-08,0.975315263561701
2062-04-09,1.01643680166461
2062-04-10,0.735073440557208
2062-04-11,0.551433702614557
2062-04-12,0.488525130457676
2062-04-13,0.491385635971645
2062-04-14,0.508244026859769
2062-04-15,0.527599586321865
2062-04-16,0.575164054240051
2062-04-17,0.602133166752293
2062-04-18,0.645987526418283
2062-04-19,0.719102151559161
2062-04-20,0.72780055912492
2062-04-21,0.601697006859105
2062-04-22,0.502442524570345
2062-04-23,0.440041079057083
2062-04-24,0.499407023520258
2062-04-25,0.405003253519627
2062-04-26,0.34563707460293
2062-04-27,0.348080014554583
2062-04-28,0.333999758317217
2062-04-29,0.342343606448647
2062-04-30,0.339655512218844
2062-05-01,0.312355757814937
2062-05-02,0.304717087223059
2062-05-03,0.256001438858773
2062-05-04,0.230304751752948
2062-05-05,0.209354495638429
2062-05-06,0.210612669666521
2062-05-07,0.213691816985101
2062-05-08,0.226413993690333
2062-05-09,0.195932406213519
2062-05-10,0.188637132767601
2062-05-11,0.187819213907074
2062-05-12,0.190120047605734
2062-05-13,0.200132307157783
2062-05-14,0.249159325081563
2062-05-15,0.215039324341504
2062-05-16,0.238232058087178
2062-05-17,0.26932766604951
2062-05-18,0.252596145629143
2062-05-19,0.232461901731256
2062-05-20,0.239012058573339
2062-05-21,0.221298561087833
2062-05-22,0.194231159629641
2062-05-23,0.180819826881199
2062-05-24,0.116681108516419
2062-05-25,0.113020993842899
2062-05-26,0.104561245748979
2062-05-27,0.101428329320545
2062-05-28,0.0907217584883041
2062-05-29,0.0836102067376286
2062-05-30,0.0777809362475163
2062-05-31,0.0710167841099147
2062-06-01,0.0932689185232064
2062-06-02,0.0903750403439716
2062-06-03,0.0847514909754346
2062-06-04,0.0762159311229088
2062-06-05,0.0675271056448422
2062-06-06,0.0578025185219567
2062-06-07,0.0518767947229524
2062-06-08,0.0296192219986458
2062-06-09,0.0270464680750336
2062-06-10,0.0246800256386188
2062-06-11,0.0226546261970925
2062-06-12,0.0202114957224001
2062-06-13,0.0177234307566869
2062-06-14,0.0155531467597321
2062-06-15,0.0138200675577995
2062-06-16,0.0124734964787857
2062-06-17,0.0113740909526158
2062-06-18,0.0104410752131101
2062-06-19,0.0096262929410487
2062-06-20,0.00891916421602542
2062-06-21,0.00830331615976307
2062-06-22,0.00774089699629929
2062-06-23,0.00724789457067608
2062-06-24,0.00682355550538281
2062-06-25,0.00647116475387255
2062-06-26,0.00617498259569382
2062-06-27,0.00592060697010976
2062-06-28,0.00570911523288091
2062-06-29,0.00551993885885935
2062-06-30,0.00534992510229402
2062-07-01,0.0136815175105804
2062-07-02,0.0133237539011157
2062-07-03,0.0129719291958834
2062-07-04,0.0126379686220013
2062-07-05,0.0123225116837016
2062-07-06,0.0119990802108051
2062-07-07,0.0116746057904104
2062-07-08,0.0113538467662325
2062-07-09,0.0110474568804889
2062-07-10,0.0107567251527534
2062-07-11,0.0104834257966827
2062-07-12,0.0107849604881933
2062-07-13,0.0100417992861614
2062-07-14,0.00982802394973933
2062-07-15,0.0096171382680906
2062-07-16,0.00941712585020893
2062-07-17,0.00924056859651376
2062-07-18,0.0090869366596009
2062-07-19,0.00894075297392638
2062-07-20,0.00880163236389954
2062-07-21,0.00867195829603472
2062-07-22,0.00854558607861085
2062-07-23,0.00842227586737255
2062-07-24,0.00830788904348385
2062-07-25,0.00820558960899301
2062-07-26,0.00811386048842344
2062-07-27,0.00803010930639502
2062-07-28,0.00795718541636675
2062-07-29,0.00789253062278864
2062-07-30,0.00783709822540548
2062-07-31,0.00779120357653531
2062-08-01,0.0082860464444507
2062-08-02,0.00824693708001801
2062-08-03,0.00922822903860814
2062-08-04,0.00818620438637827
2062-08-05,0.00816471883846595
2062-08-06,0.00813880071327028
2062-08-07,0.0081179469509132
2062-08-08,0.0103061177974216
2062-08-09,0.00808857883754211
2062-08-10,0.00807633283253888
2062-08-11,0.0080836020127795
2062-08-12,0.00805482869210722
2062-08-13,0.00804528729083568
2062-08-14,0.0156072227621646
2062-08-15,0.00803040645384967
2062-08-16,0.00845193858518461
2062-08-17,0.00801872049166688
2062-08-18,0.00801263693697484
2062-08-19,0.00800703960667211
2062-08-20,0.0080023197749649
2062-08-21,0.00799821311905463
2062-08-22,0.007994438482634
2062-08-23,0.00799088114564469
2062-08-24,0.0110349463579956
2062-08-25,0.0079847208087002
2062-08-26,0.00840779780025659
2062-08-27,0.00797947822966816
2062-08-28,0.00797695434816149
2062-08-29,0.00797446252853498
2062-08-30,0.0079720018756406
2062-08-31,0.00796956139933288
2062-09-01,0.00294815085064489
2062-09-02,0.00294730709334441
2062-09-03,0.00294646712990629
2062-09-04,0.00294563249460263
2062-09-05,0.00294480170844616
2062-09-06,0.00294399703633868
2062-09-07,0.00294323936578645
2062-09-08,0.00294250346469894
2062-09-09,0.00294177182668603
2062-09-10,0.00294104034129705
2062-09-11,0.00294030903499312
2062-09-12,0.00293957790304902
2062-09-13,0.00293884703524356
2062-09-14,0.00293811627729898
2062-09-15,0.00293738569773068
2062-09-16,0.00293665531189552
2062-09-17,0.00293592508955226
2062-09-18,0.00293591650315675
2062-09-19,0.00293446523858698
2062-09-20,0.00293373562295929
2062-09-21,0.00293300610443443
2062-09-22,0.00293227685571844
2062-09-23,0.00293154777073058
2062-09-24,0.00293081883907545
2062-09-25,0.00293009009075804
2062-09-26,0.00292936148466912
2062-09-27,0.00292863313988371
2062-09-28,0.00292790492575006
2062-09-29,0.00292717682005972
2062-09-30,0.00292644905411121
2062-10-01,0.00400042443029153
2062-10-02,0.00399942985115038
2062-10-03,0.00399843529042283
2062-10-04,0.00399744103271162
2062-10-05,0.00399644717880686
2062-10-06,0.00399545349773124
2062-10-07,0.00399446003664938
2062-10-08,0.00399346681332875
2062-10-09,0.00399247374151631
2062-10-10,0.00399148104055968
2062-10-11,0.00399048861386841
2062-10-12,0.00398949627310713
2062-10-13,0.00398850435779633
2062-10-14,0.00398751258624062
2062-10-15,0.00398652100334328
2062-10-16,0.00398552989047663
2062-10-17,0.00398453888130748
2062-10-18,0.0631796039212069
2062-10-19,0.00398255763892364
2062-10-20,0.0039815674654723
2062-10-21,0.00398057768645909
2062-10-22,0.00397958808512073
2062-10-23,0.00397859891117109
2062-10-24,0.00397760985577901
2062-10-25,0.00397662107109879
2062-10-26,0.00397563253968597
2062-10-27,0.00397464435296233
2062-10-28,0.00397365628608842
2062-10-29,0.00397266848185024
2062-10-30,0.0134433612348921
2062-10-31,0.00397069356565962
2062-11-01,0.00502903574447695
2062-11-02,0.00977883033539549
2062-11-03,0.00525903040615441
2062-11-04,0.0102833785476564
2062-11-05,0.299740277654516
2062-11-06,0.327011027896848
2062-11-07,0.190106304271214
2062-11-08,0.00541647487350872
2062-11-09,0.00543906563280187
2062-11-10,0.0055473478820205
2062-11-11,0.00563064765619217
2062-11-12,0.00567369251927167
2062-11-13,0.00570940208910918
2062-11-14,0.00573117930362846
2062-11-15,0.00574119385142476
2062-11-16,0.00574245150781093
2062-11-17,0.00573897372266727
2062-11-18,0.00573578618433668
2062-11-19,0.00573083201257274
2062-11-20,0.00572261959908055
2062-11-21,0.00571474759018074
2062-11-22,0.00570996332298301
2062-11-23,0.00570526259083283
2062-11-24,0.00569685089143104
2062-11-25,0.0056875363037111
2062-11-26,0.00568093980844731
2062-11-27,0.00567475504978274
2062-11-28,0.00566755876921881
2062-11-29,0.0056617322768982
2062-11-30,0.00565419074334759
2062-12-01,0.00734531579714905
2062-12-02,0.00450532550395416
2062-12-03,0.00450256125723865
2062-12-04,0.0172081858829806
2062-12-05,0.120226659225977
2062-12-06,0.00579002761435522
2062-12-07,0.00471550227669545
2062-12-08,0.00460819838463751
2062-12-09,0.0247293260053961
2062-12-10,0.0981590423445988
2062-12-11,0.00469466600552943
2062-12-12,0.00539411203375458
2062-12-13,0.0934048101545804
2062-12-14,0.0343717835950768
2062-12-15,0.00522414197471738
2062-12-16,0.00943725777707572
2062-12-17,0.0766906756325963
2062-12-18,0.0522478396333101
2062-12-19,0.0289826624290523
2062-12-20,0.130388925799469
2062-12-21,0.389413924837927
2062-12-22,0.00680758846137881
2062-12-23,0.00722489248019225
2062-12-24,0.0253326564503722
2062-12-25,0.0135441761402928
2062-12-26,0.00905436411859993
2062-12-27,0.00852690687684187
2062-12-28,0.00645552033615323
2062-12-29,0.00631160209030948
2062-12-30,0.030543693363498
2062-12-31,0.0554688543168973
2063-01-01,0.031485616940881
2063-01-02,0.0573796628616743
2063-01-03,0.0746032367515482
2063-01-04,0.0952733138002001
2063-01-05,0.0687600436654765
2063-01-06,0.0575839872082578
2063-01-07,0.0504884581777271
2063-01-08,0.0347835644518372
2063-01-09,0.0253516665831767
2063-01-10,0.0363260120527968
2063-01-11,0.0593901394481228
2063-01-12,0.0730576960725321
2063-01-13,0.0354329761340944
2063-01-14,0.0155903382444424
2063-01-15,0.0117087525062411
2063-01-16,0.00877197443697985
2063-01-17,0.0121996189227241
2063-01-18,0.0143141092403001
2063-01-19,0.0146870454785221
2063-01-20,0.0140437003598243
2063-01-21,0.0145909454142604
2063-01-22,0.0112555859873569
2063-01-23,0.0119111204763961
2063-01-24,0.0100832426875144
2063-01-25,0.0135106685979349
2063-01-26,0.0367100218390631
2063-01-27,0.122926537242516
2063-01-28,0.387871456880208
2063-01-29,0.321682080556461
2063-01-30,0.0440132870736814
2063-01-31,0.0128973953104294
2063-02-01,0.012361137151729
2063-02-02,0.00566925131811664
2063-02-03,0.00642110847762018
2063-02-04,0.00837492063662032
2063-02-05,0.0225062275965485
2063-02-06,0.0271950782638534
2063-02-07,0.0435481355783818
2063-02-08,0.0713712313527615
2063-02-09,0.0960433382537816
2063-02-10,0.094379789736324
2063-02-11,0.0428957855469316
2063-02-12,0.0211706818589121
2063-02-13,0.0182072227913299
2063-02-14,0.0124761838075559
2063-02-15,0.0134433851245
2063-02-16,0.0119458263288457
2063-02-17,0.0117856528272009
2063-02-18,0.0122355817364104
2063-02-19,0.0113822696611702
2063-02-20,0.00879739919878694
2063-02-21,0.00698420874478493
2063-02-22,0.00875667338369364
2063-02-23,0.0064432817916089
2063-02-24,0.00672732999779465
2063-02-25,0.155658185315676
2063-02-26,0.201207790555738
2063-02-27,0.0159598919256526
2063-02-28,0.00902028691682234
2063-03-01,0.0077481192350234
2063-03-02,0.00830262751181143
2063-03-03,0.00862755788612992
2063-03-04,0.00861717897134097
2063-03-05,0.264111341677645
2063-03-06,0.0925010498120619
2063-03-07,0.0497111893298735
2063-03-08,0.0951444960528462
2063-03-09,0.0772814517817114
2063-03-10,0.043083611709241
2063-03-11,0.0336829454295267
2063-03-12,0.33319094739674
2063-03-13,0.137289952571838
2063-03-14,0.103510985592031
2063-03-15,0.109381082118531
2063-03-16,0.105523204623604
2063-03-17,0.103324291702366
2063-03-18,0.139930886134971
2063-03-19,0.140554210635549
2063-03-20,0.28231571850176
2063-03-21,0.173218762130247
2063-03-22,0.169241974145989
2063-03-23,0.174693121575307
2063-03-24,0.17206443138053
2063-03-25,0.170810570982964
2063-03-26,0.259616830289927
2063-03-27,0.238450123563055
2063-03-28,0.442340733518137
2063-03-29,0.363189170546779
2063-03-30,0.380118636471441
2063-03-31,0.53385831340058
2063-04-01,0.559022348353122
2063-04-02,0.457133491363779
2063-04-03,0.457565517171335
2063-04-04,0.488051573116502
2063-04-05,0.572579046517627
2063-04-06,0.592232527923445
2063-04-07,0.579465165166386
2063-04-08,0.535749957856934
2063-04-09,0.496669785995374
2063-04-10,0.45164178047456
2063-04-11,0.409826205522088
2063-04-12,0.423873244449653
2063-04-13,0.344486403782802
2063-04-14,0.315371426706393
2063-04-15,0.283078044521948
2063-04-16,0.248896831982992
2063-04-17,0.215224665706521
2063-04-18,0.185861250222347
2063-04-19,0.161766115473605
2063-04-20,0.141704812573215
2063-04-21,0.124184342751636
2063-04-22,0.109725942824838
2063-04-23,0.0994161835544276
2063-04-24,0.0895756149226745
2063-04-25,0.0955644141485077
2063-04-26,0.103842883560506
2063-04-27,0.10301613195265
2063-04-28,0.103811992880754
2063-04-29,0.12973022126016
2063-04-30,0.136143641773953
2063-05-01,0.0899353106519386
2063-05-02,0.11945787987774
2063-05-03,0.0937986551829072
2063-05-04,0.0946049606375651
2063-05-05,0.0920093556108525
2063-05-06,0.0916512550992708
2063-05-07,0.0859961761232121
2063-05-08,0.0815117542121923
2063-05-09,0.073131765001365
2063-05-10,0.0646330129921862
2063-05-11,0.0556138586128534
2063-05-12,0.0472749474913011
2063-05-13,0.0404013863171002
2063-05-14,0.0343697182911753
2063-05-15,0.0287680967514244
2063-05-16,0.0239004875693401
2063-05-17,0.0202491050554479
2063-05-18,0.0184507757501424
2063-05-19,0.020201222583815
2063-05-20,0.0145358562663188
2063-05-21,0.0119032734073616
2063-05-22,0.00962176788241707
2063-05-23,0.00803552785420984
2063-05-24,0.0123070948217021
2063-05-25,0.00661140844762898
2063-05-26,0.00638150319544406
2063-05-27,0.00757542277150891
2063-05-28,0.0060626962484284
2063-05-29,0.0112389685509268
2063-05-30,0.00588387875507756
2063-05-31,0.00840846394724713
2063-06-01,0.0083963966127495
2063-06-02,0.00829307276784601
2063-06-03,0.00817635477100561
2063-06-04,0.00805297100130163
2063-06-05,0.00793414166723639
2063-06-06,0.00782395394721582
2063-06-07,0.00773754553244081
2063-06-08,0.0182632547742799
2063-06-09,0.00765111521962748
2063-06-10,0.00757772700119835
2063-06-11,0.00745357827002151
2063-06-12,0.00730953504467902
2063-06-13,0.00716346216297637
2063-06-14,0.00702068223173759
2063-06-15,0.00688007864508196
2063-06-16,0.00674501080933824
2063-06-17,0.00661377956626671
2063-06-18,0.00649078639111775
2063-06-19,0.00636798332484746
2063-06-20,0.00623105328047045
2063-06-21,0.00608146090132581
2063-06-22,0.00592937512418228
2063-06-23,0.00577362197011691
2063-06-24,0.0056136660252752
2063-06-25,0.00545854311202404
2063-06-26,0.00530222836099518
2063-06-27,0.00514093482006955
2063-06-28,0.00497933514702253
2063-06-29,0.00482398777433354
2063-06-30,0.00466857895533087
2063-07-01,0.0118612067156352
2063-07-02,0.01146438853517
2063-07-03,0.0110904770609086
2063-07-04,0.0117756251082728
2063-07-05,0.0104615714552773
2063-07-06,0.0101523838332038
2063-07-07,0.00984757513632892
2063-07-08,0.00956535190483882
2063-07-09,0.0093014654141048
2063-07-10,0.00906117581422417
2063-07-11,0.00885746673316987
2063-07-12,0.00870227175558479
2063-07-13,0.00856518626993058
2063-07-14,0.00841911503329835
2063-07-15,0.00827958492961146
2063-07-16,0.00814889363977547
2063-07-17,0.00803475922032624
2063-07-18,0.00794089469164911
2063-07-19,0.0165991657982414
2063-07-20,0.00781501185842165
2063-07-21,0.0198069368110881
2063-07-22,0.0160397161301112
2063-07-23,0.278308295997899
2063-07-24,0.218084145391339
2063-07-25,0.145850245208739
2063-07-26,0.00781802108913351
2063-07-27,0.00785325028151008
2063-07-28,0.133074451139872
2063-07-29,0.00785816510271504
2063-07-30,0.00788425282770167
2063-07-31,0.00784511707938073
2063-08-01,0.00835278313761417
2063-08-02,0.00831736635031767
2063-08-03,0.00828060334650225
2063-08-04,0.00854214013530177
2063-08-05,0.00821717594619958
2063-08-06,0.016969210902798
2063-08-07,0.00816218870560774
2063-08-08,0.00813735623477584
2063-08-09,0.0081149406165149
2063-08-10,0.00809576613854946
2063-08-11,0.00807859440884174
2063-08-12,0.0656613188487822
2063-08-13,0.00805359795862943
2063-08-14,0.00804332996910841
2063-08-15,0.00803464741070362
2063-08-16,0.00802744322383232
2063-08-17,0.00802104740675635
2063-08-18,0.00801509569550093
2063-08-19,0.0428314132736226
2063-08-20,0.00800499400240193
2063-08-21,0.00800068777571713
2063-08-22,0.00799700966524654
2063-08-23,0.00799407319836907
2063-08-24,0.00799151805755076
2063-08-25,0.00798898957643868
2063-08-26,0.00798642907558604
2063-08-27,0.00798389255538017
2063-08-28,0.00798152343169631
2063-08-29,0.00797939480595329
2063-08-30,0.00797738605343559
2063-08-31,0.00797539200637479
2063-09-01,0.00295043982851297
2063-09-02,0.00294970108356438
2063-09-03,0.00294896098839014
2063-09-04,0.00294821956425368
2063-09-05,0.00294747774532683
2063-09-06,0.00294673675614493
2063-09-07,0.00294599703567899
2063-09-08,0.00294525709690886
2063-09-09,0.00294451634847586
2063-09-10,0.00294378055866677
2063-09-11,0.00294305010218989
2063-09-12,0.00294231951577004
2063-09-13,0.00294158892226239
2063-09-14,0.00294085828197526
2063-09-15,0.00294012766295154
2063-09-16,0.00293939714410203
2063-09-17,0.00293866667014192
2063-09-18,0.00601345198699274
2063-09-19,0.00402924135151673
2063-09-20,0.00427682192956159
2063-09-21,0.00293574619540508
2063-09-22,0.00293501648149323
2063-09-23,0.00293428679167991
2063-09-24,0.00293355743144922
2063-09-25,0.00293282808043266
2063-09-26,0.00293209907317434
2063-09-27,0.00293137008505307
2063-09-28,0.00293064136508686
2063-09-29,0.0029299127367895
2063-09-30,0.00292918419756215
2063-10-01,0.00400416356874745
2063-10-02,0.00400316801950174
2063-10-03,0.00400217272739993
2063-10-04,0.00400117762751003
2063-10-05,0.0040001828044698
2063-10-06,0.00399918830415168
2063-10-07,0.00399819387038085
2063-10-08,0.00399719975577865
2063-10-09,0.00399620592157964
2063-10-10,0.00399521231771183
2063-10-11,0.00399421892931513
2063-10-12,0.00399322588657673
2063-10-13,0.00399223293170664
2063-10-14,0.00399124028082202
2063-10-15,0.00399024792713894
2063-10-16,0.00398925579926442
2063-10-17,0.00398826383905034
2063-10-18,0.0039872722403238
2063-10-19,0.0131800058048621
2063-10-20,0.0301007656596995
2063-10-21,0.00524775595917505
2063-10-22,0.00398330805956905
2063-10-23,0.00398231769164453
2063-10-24,0.00398132751496275
2063-10-25,0.00398033761609978
2063-10-26,0.00397934798019557
2063-10-27,0.00397835859917401
2063-10-28,0.00397736942813177
2063-10-29,0.00397638050486518
2063-10-30,0.00397539179157793
2063-10-31,0.00397939068676479
2063-11-01,0.00503373403503679
2063-11-02,0.0050324824895837
2063-11-03,0.00503123122078418
2063-11-04,0.00502998035305043
2063-11-05,0.00502872966334077
2063-11-06,0.00502755179121846
2063-11-07,0.0430560646048436
2063-11-08,0.00502497973254731
2063-11-09,0.0982447316902486
2063-11-10,0.0792790249746571
2063-11-11,0.00617269249661333
2063-11-12,0.00502062691842511
2063-11-13,0.00501992631009546
2063-11-14,0.0949727969177386
2063-11-15,0.123296616800803
2063-11-16,0.219024401733264
2063-11-17,0.183816281506861
2063-11-18,0.216521009324647
2063-11-19,0.239327710429679
2063-11-20,0.153424099173881
2063-11-21,0.908609462497155
2063-11-22,1.2772684811491
2063-11-23,0.487690112036759
2063-11-24,0.0293528955384232
2063-11-25,0.0239925481358025
2063-11-26,0.068662385279297
2063-11-27,0.0450920171293269
2063-11-28,0.0228538960115532
2063-11-29,0.0178403909808982
2063-11-30,0.0171130048886819
2063-12-01,0.0154751502633816
2063-12-02,0.0159800938591923
2063-12-03,0.0213148432755406
2063-12-04,0.0866335573796167
2063-12-05,0.0704083702699089
2063-12-06,0.0637179694546934
2063-12-07,0.109109313251645
2063-12-08,0.0865617573402544
2063-12-09,0.119133676371032
2063-12-10,0.139007436052443
2063-12-11,0.123080129136473
2063-12-12,0.10786030065001
2063-12-13,0.179554035608431
2063-12-14,0.192127544013282
2063-12-15,0.207039504736108
2063-12-16,0.143780944936391
2063-12-17,0.232252748965603
2063-12-18,0.145251989704189
2063-12-19,0.142818461829507
2063-12-20,0.0386287804968845
2063-12-21,0.0583042200834673
2063-12-22,0.0668763928618624
2063-12-23,0.0998577320636442
2063-12-24,0.0743819676960422
2063-12-25,0.0556959018240777
2063-12-26,0.210716153337251
2063-12-27,0.176772945110934
2063-12-28,0.117386328618638
2063-12-29,0.133555528195454
2063-12-30,0.178327867500785
2063-12-31,0.225379568766623
2064-01-01,0.138002701732061
2064-01-02,0.144865596356664
2064-01-03,0.148571409712259
2064-01-04,0.150724008324263
2064-01-05,0.143422398612115
2064-01-06,0.139770246690792
2064-01-07,0.13552457763964
2064-01-08,0.130695352002359
2064-01-09,0.125745850722578
2064-01-10,0.12084717789924
2064-01-11,0.118757493170899
2064-01-12,0.116031931480741
2064-01-13,0.112441652862094
2064-01-14,0.109971237013134
2064-01-15,0.122264566081741
2064-01-16,0.156232652125305
2064-01-17,0.162483053909606
2064-01-18,0.160123308657238
2064-01-19,0.133494087967785
2064-01-20,0.135564110341089
2064-01-21,0.134415291273386
2064-01-22,0.133251421618184
2064-01-23,0.130714228909575
2064-01-24,0.127425613259485
2064-01-25,0.125724142965955
2064-01-26,0.12166695318727
2064-01-27,0.115709438894278
2064-01-28,0.122478634950691
2064-01-29,0.154139328062907
2064-01-30,0.153502650894129
2064-01-31,0.116789015816816
2064-02-01,0.0813081728625706
2064-02-02,0.083140905302405
2064-02-03,0.0829955533548774
2064-02-04,0.093167665661088
2064-02-05,0.0987994318773073
2064-02-06,0.156925959098588
2064-02-07,0.189280454141232
2064-02-08,0.198689231562103
2064-02-09,0.168095644580959
2064-02-10,0.160108263751177
2064-02-11,0.198045674013033
2064-02-12,0.175228351897827
2064-02-13,0.166896963262188
2064-02-14,0.159058379825867
2064-02-15,0.198230649934702
2064-02-16,0.176595869411565
2064-02-17,0.160872735369493
2064-02-18,0.166510760577581
2064-02-19,0.197724703757182
2064-02-20,0.212967742365794
2064-02-21,0.245631327629182
2064-02-22,0.271689315981004
2064-02-23,0.284773591945878
2064-02-24,0.275424225545298
2064-02-25,0.379732664678409
2064-02-26,0.339292480596185
2064-02-27,0.738287907994704
2064-02-28,1.87910603498337
2064-02-29,1.90639324683134
2064-03-01,1.17145538629564
2064-03-02,0.577661002458013
2064-03-03,0.583910091790186
2064-03-04,0.5936710866437
2064-03-05,0.593612102626916
2064-03-06,0.870038477202738
2064-03-07,1.07322230854945
2064-03-08,1.11192936334587
2064-03-09,0.645055421843694
2064-03-10,0.664836444730189
2064-03-11,0.731185874242572
2064-03-12,0.848797818861157
2064-03-13,0.961471270292795
2064-03-14,0.930368012889303
2064-03-15,0.937382141253632
2064-03-16,0.963840118172368
2064-03-17,0.963736599138981
2064-03-18,0.597479257083818
2064-03-19,0.520994770491982
2064-03-20,0.534402373700777
2064-03-21,0.583993577226039
2064-03-22,0.610419978995152
2064-03-23,0.612775391410595
2064-03-24,0.510214356146911
2064-03-25,0.457402888809183
2064-03-26,0.421583016667153
2064-03-27,0.39519843475451
2064-03-28,0.398055506231604
2064-03-29,0.406221921405855
2064-03-30,0.417247767028566
2064-03-31,0.447739199881053
2064-04-01,0.393262808551015
2064-04-02,0.383692044187385
2064-04-03,0.435326411824714
2064-04-04,0.476997508352439
2064-04-05,0.494133759091738
2064-04-06,0.432413929598363
2064-04-07,0.365713834404598
2064-04-08,0.348701295140822
2064-04-09,0.330214387109269
2064-04-10,0.322044281048426
2064-04-11,0.303323017384798
2064-04-12,0.227055632241535
2064-04-13,0.209935268225137
2064-04-14,0.223680426366921
2064-04-15,0.1469696538951
2064-04-16,0.130454439813773
2064-04-17,0.122406621208798
2064-04-18,0.117724077956293
2064-04-19,0.113012663744739
2064-04-20,0.13837583087602
2064-04-21,0.102802044746053
2064-04-22,0.182897655879066
2064-04-23,0.18102272855205
2064-04-24,0.140546838409154
2064-04-25,0.158537534786462
2064-04-26,0.152160213119547
2064-04-27,0.133930630896404
2064-04-28,0.136314635668439
2064-04-29,0.139511416580245
2064-04-30,0.130176501559167
2064-05-01,0.114823283255117
2064-05-02,0.104205395700645
2064-05-03,0.0953064083457541
2064-05-04,0.0912618477563435
2064-05-05,0.0825009469677991
2064-05-06,0.0991455224242593
2064-05-07,0.245482369512506
2064-05-08,0.0737765745433257
2064-05-09,0.0816941836453174
2064-05-10,0.0775592410659165
2064-05-11,0.0859483461333491
2064-05-12,0.0740429751951768
2064-05-13,0.0696690426902877
2064-05-14,0.0665895144762748
2064-05-15,0.0544449241083636
2064-05-16,0.0467345518226251
2064-05-17,0.0413145500976528
2064-05-18,0.0451448624221008
2064-05-19,0.0346146218791675
2064-05-20,0.0311571488047714
2064-05-21,0.0271877658666189
2064-05-22,0.0230314452400989
2064-05-23,0.0187077772996999
2064-05-24,0.0150011746247584
2064-05-25,0.011981437633467
2064-05-26,0.00987793077711655
2064-05-27,0.00866558003742806
2064-05-28,0.00794808624815659
2064-05-29,0.00743046385933958
2064-05-30,0.00702942510266162
2064-05-31,0.00668874786836212
2064-06-01,0.00931333556745346
2064-06-02,0.00894666217587198
2064-06-03,0.00867181283846453
2064-06-04,0.00844919954162342
2064-06-05,0.00821651807489568
2064-06-06,0.00797173519133369
2064-06-07,0.00774120221304814
2064-06-08,0.00752503101274443
2064-06-09,0.0073403646174351
2064-06-10,0.00718834878357133
2064-06-11,0.00705203031986197
2064-06-12,0.0069292100305891
2064-06-13,0.00681130591364063
2064-06-14,0.00668206464639304
2064-06-15,0.00654625142196854
2064-06-16,0.00641546336328635
2064-06-17,0.00628307534202367
2064-06-18,0.00613807259672828
2064-06-19,0.00599167525727317
2064-06-20,0.00584641724439072
2064-06-21,0.0057025854951037
2064-06-22,0.00558464206440432
2064-06-23,0.00544241068129799
2064-06-24,0.00530794869537166
2064-06-25,0.00534406058447021
2064-06-26,0.00596306508751566
2064-06-27,0.00492962791764637
2064-06-28,0.00479079625180313
2064-06-29,0.00465870276642793
2064-06-30,0.00452361376985259
2064-07-01,0.0140065222676439
2064-07-02,0.0112744937902558
2064-07-03,0.010990690038977
2064-07-04,0.0111852050426455
2064-07-05,0.0103924039491842
2064-07-06,0.0101364592332198
2064-07-07,0.00990288794761773
2064-07-08,0.009681105124411
2064-07-09,0.00946438332952231
2064-07-10,0.00925435969944981
2064-07-11,0.00905542287598627
2064-07-12,0.00886900972147978
2064-07-13,0.008696213730627
2064-07-14,0.00853361908537191
2064-07-15,0.00839068386711625
2064-07-16,0.00827186014941947
2064-07-17,0.021931793797751
2064-07-18,0.00808436490384802
2064-07-19,0.00905421521713265
2064-07-20,0.00793245652287582
2064-07-21,0.00785921698601481
2064-07-22,0.00779475382948135
2064-07-23,0.00773547030942811
2064-07-24,0.0240902770440179
2064-07-25,0.00766421161723088
2064-07-26,0.00763599082651394
2064-07-27,0.00760738804610223
2064-07-28,0.00758456984483908
2064-07-29,0.00756609495221468
2064-07-30,0.00755055816351846
2064-07-31,0.00753723235730299
2064-08-01,0.00804314561202035
2064-08-02,0.00803293242701476
2064-08-03,0.0080249897282917
2064-08-04,0.00801881582174512
2064-08-05,0.00801412309667972
2064-08-06,0.00801037415841536
2064-08-07,0.0102706838893008
2064-08-08,0.0119056669350828
2064-08-09,0.00800138687742958
2064-08-10,0.00799845421014283
2064-08-11,0.00799573116968081
2064-08-12,0.00799320392147236
2064-08-13,0.00799078579321968
2064-08-14,0.00798845633251294
2064-08-15,0.00798620343697565
2064-08-16,0.00798407991842912
2064-08-17,0.0079820358177779
2064-08-18,0.0079799980955356
2064-08-19,0.00797796249240634
2064-08-20,0.00797594151173169
2064-08-21,0.00797394548091548
2064-08-22,0.0079719626206518
2064-08-23,0.00796998056551059
2064-08-24,0.00796799875937636
2064-08-25,0.00796601763449961
2064-08-26,0.00796403686078648
2064-08-27,0.00796205639482046
2064-08-28,0.00796007685592645
2064-08-29,0.0079580975296461
2064-08-30,0.00795611873458055
2064-08-31,0.00795414035835751
2064-09-01,0.00294258147655449
2064-09-02,0.00294184983381638
2064-09-03,0.00294111830448305
2064-09-04,0.00294038699794285
2064-09-05,0.002939655859856
2064-09-06,0.00293892499157804
2064-09-07,0.00293819413676687
2064-09-08,0.00293746353735271
2064-09-09,0.00293673320467605
2064-09-10,0.00293600292870178
2064-09-11,0.00293527295088757
2064-09-12,0.00293454304087996
2064-09-13,0.00293381335980826
2064-09-14,0.00293308386231053
2064-09-15,0.00293235455901848
2064-09-16,0.00293162540433395
2064-09-17,0.00293089643723982
2064-09-18,0.0029301677302679
2064-09-19,0.00292943915442025
2064-09-20,0.00292871076876188
2064-09-21,0.00292798253265605
2064-09-22,0.00292725448295932
2064-09-23,0.0029265265818701
2064-09-24,0.00292579890003013
2064-09-25,0.00292507148563642
2064-09-26,0.00292434412298364
2064-09-27,0.0115092118500424
2064-09-28,0.002922889989273
2064-09-29,0.0173889592813068
2064-09-30,0.00292143662009958
2064-10-01,0.00399357268362453
2064-10-02,0.0280019842712671
2064-10-03,0.00399158681717237
2064-10-04,0.00399059445638232
2064-10-05,0.0039896021824914
2064-10-06,0.0039886103624789
2064-10-07,0.0136185800226087
2064-10-08,0.00802241634674148
2064-10-09,0.0122272664801867
2064-10-10,0.0377398209812302
2064-10-11,0.00398365587033254
2064-10-12,0.0139904937716115
2064-10-13,0.00398168190260251
2064-10-14,0.00398069711076037
2064-10-15,0.00397971265262387
2064-10-16,0.0039787285365922
2064-10-17,0.00397774441119222
2064-10-18,0.00397676009874909
2064-10-19,0.00397577568454672
2064-10-20,0.0697220974087139
2064-10-21,0.170286649325768
2064-10-22,0.202364893994068
2064-10-23,0.380318032571292
2064-10-24,0.0627830396419578
2064-10-25,0.031042067596902
2064-10-26,0.0124139385818254
2064-10-27,0.00681014883459656
2064-10-28,0.00490580419519753
2064-10-29,0.00931933857517108
2064-10-30,0.00494961919694403
2064-10-31,0.00494989358891257
2064-11-01,0.00626179026410698
2064-11-02,0.0062541294147105
2064-11-03,0.00624488107241916
2064-11-04,0.224934482353957
2064-11-05,0.00627018578827975
2064-11-06,0.00632868168036541
2064-11-07,0.0153632789502574
2064-11-08,0.0713722749110901
2064-11-09,0.38802477344281
2064-11-10,0.759960775012016
2064-11-11,0.448909157021009
2064-11-12,0.843726360524623
2064-11-13,0.0323724017815814
2064-11-14,0.0127114602289575
2064-11-15,0.0105233291135353
2064-11-16,0.0121210575446824
2064-11-17,0.0121376231760449
2064-11-18,0.0122074693504102
2064-11-19,0.0129026275257621
2064-11-20,0.0216814268135308
2064-11-21,0.0203329042089389
2064-11-22,0.159892512844647
2064-11-23,0.0772271474493886
2064-11-24,0.0465523537955268
2064-11-25,0.159618846001423
2064-11-26,0.0855475257693106
2064-11-27,0.222538015612431
2064-11-28,0.690303257910025
2064-11-29,0.659350559981762
2064-11-30,0.039008090976624
2064-12-01,0.0253938656870615
2064-12-02,0.0171533502175563
2064-12-03,0.0220977382133719
2064-12-04,0.090308500758777
2064-12-05,0.067482861846289
2064-12-06,0.136821255313702
2064-12-07,0.0169655956321549
2064-12-08,0.0291487251242601
2064-12-09,0.0419166793837895
2064-12-10,0.0304254241153441
2064-12-11,0.0334302702674236
2064-12-12,0.0751823570265264
2064-12-13,0.10179096807573
2064-12-14,0.0665680564116942
2064-12-15,0.0712292952541491
2064-12-16,0.0785800147027351
2064-12-17,0.0748067674332242
2064-12-18,0.0799826259188693
2064-12-19,0.07677541836428
2064-12-20,0.0791329127454426
2064-12-21,0.080282109239073
2064-12-22,0.0835179615327146
2064-12-23,0.0819269374691158
2064-12-24,0.0764806892034043
2064-12-25,0.0745115568637336
2064-12-26,0.0791142720643014
2064-12-27,0.0902792271010415
2064-12-28,0.106451901356855
2064-12-29,0.106313343432746
2064-12-30,0.162012622488256
2064-12-31,0.177326494379094
2065-01-01,0.178103187637205
2065-01-02,0.228541621095856
2065-01-03,0.247311347340339
2065-01-04,0.40083462441423
2065-01-05,0.435486977527426
2065-01-06,0.408304390600191
2065-01-07,0.429963295539204
2065-01-08,0.470443285919927
2065-01-09,0.51909513265226
2065-01-10,0.535712026281439
2065-01-11,0.535305024135135
2065-01-12,0.584766025500365
2065-01-13,0.609181489065637
2065-01-14,0.636580376628327
2065-01-15,0.637509236344798
2065-01-16,0.548533100478852
2065-01-17,0.534839461339433
2065-01-18,0.507281400932615
2065-01-19,0.479584259297762
2065-01-20,0.442470126320179
2065-01-21,0.410378706218273
2065-01-22,0.38482910273142
2065-01-23,0.362458580522673
2065-01-24,0.341292808187124
2065-01-25,0.321648164801057
2065-01-26,0.349729020858158
2065-01-27,0.467915712541024
2065-01-28,0.975638649935033
2065-01-29,0.504522216673437
2065-01-30,0.554824470596444
2065-01-31,0.559392844442013
2065-02-01,0.4036555416937
2065-02-02,0.37910747786918
2065-02-03,0.346569717317038
2065-02-04,0.329322625842579
2065-02-05,0.310053120127585
2065-02-06,0.301223311642926
2065-02-07,0.292549196345903
2065-02-08,0.265278678910786
2065-02-09,0.259392187359326
2065-02-10,0.302896015903319
2065-02-11,0.312004513348066
2065-02-12,0.505450542556661
2065-02-13,0.350141379580545
2065-02-14,0.337672456449935
2065-02-15,0.331517595581993
2065-02-16,0.332971751084506
2065-02-17,0.333877182285663
2065-02-18,0.314216843116571
2065-02-19,0.324948833293166
2065-02-20,0.322103393793787
2065-02-21,0.398846189227598
2065-02-22,0.45913681286997
2065-02-23,0.51743032551073
2065-02-24,0.813141983990661
2065-02-25,0.746399788632451
2065-02-26,0.798694755371285
2065-02-27,0.836753825891628
2065-02-28,0.686684222304684
2065-03-01,0.692114843162124
2065-03-02,0.795850983883814
2065-03-03,0.913283344124721
2065-03-04,1.01231662555329
2065-03-05,1.03561317925971
2065-03-06,1.20167934858257
2065-03-07,1.07869420075844
2065-03-08,1.36905224950511
2065-03-09,0.71187690286628
2065-03-10,0.787660933816879
2065-03-11,0.82662135066205
2065-03-12,0.890548838079221
2065-03-13,1.15746656827067
2065-03-14,0.833104860080353
2065-03-15,1.53184211648525
2065-03-16,3.36687132117855
2065-03-17,2.06719447844666
2065-03-18,0.767366351382778
2065-03-19,0.77180745278566
2065-03-20,0.809822634476679
2065-03-21,0.957511770143106
2065-03-22,1.14142425702381
2065-03-23,1.11002009432958
2065-03-24,1.35834710380496
2065-03-25,1.44961601855814
2065-03-26,1.26273808649593
2065-03-27,1.13103278930581
2065-03-28,1.18285473226194
2065-03-29,1.06068748444243
2065-03-30,0.787716407300524
2065-03-31,0.742711144153753
2065-04-01,0.751614160183571
2065-04-02,0.589544150938024
2065-04-03,0.580502645152563
2065-04-04,0.646799151413065
2065-04-05,0.740766295058737
2065-04-06,0.632071417278107
2065-04-07,0.527320533453163
2065-04-08,0.464983668839549
2065-04-09,0.441845086747983
2065-04-10,0.421058961051919
2065-04-11,0.337348230571033
2065-04-12,0.358931657490503
2065-04-13,0.285987435414161
2065-04-14,0.269640054896795
2065-04-15,0.265921364755048
2065-04-16,0.26336304244584
2065-04-17,0.245508053655794
2065-04-18,0.207532402756882
2065-04-19,0.322904848887942
2065-04-20,0.22525293008939
2065-04-21,0.272840489943265
2065-04-22,0.305319589731708
2065-04-23,0.344158416727009
2065-04-24,0.323989657603035
2065-04-25,0.318308817660007
2065-04-26,0.343256993902282
2065-04-27,0.318790566200109
2065-04-28,0.304111844157635
2065-04-29,0.299111446915857
2065-04-30,0.283047895820304
2065-05-01,0.249075041403712
2065-05-02,0.234351911911577
2065-05-03,0.21801529205065
2065-05-04,0.193695132856652
2065-05-05,0.172831606865511
2065-05-06,0.175246997736392
2065-05-07,0.141928858731574
2065-05-08,0.14480518013905
2065-05-09,0.12110055805236
2065-05-10,0.114382622794944
2065-05-11,0.100227096544439
2065-05-12,0.0908761969401768
2065-05-13,0.0812847154465869
2065-05-14,0.0725310683864697
2065-05-15,0.0630689850359626
2065-05-16,0.0623698182516661
2065-05-17,0.0550452707170818
2065-05-18,0.0433121363549769
2065-05-19,0.0379609542490603
2065-05-20,0.034559921038635
2065-05-21,0.034673845981303
2065-05-22,0.0343397005266776
2065-05-23,0.0204912864722276
2065-05-24,0.0167017815755784
2065-05-25,0.0156211966934341
2065-05-26,0.0147535865328407
2065-05-27,0.0139098189325804
2065-05-28,0.012654583819436
2065-05-29,0.011419302020661
2065-05-30,0.0104083262199989
2065-05-31,0.0188993603626251
2065-06-01,0.016539408493421
2065-06-02,0.0136037149610183
2065-06-03,0.0142783483038765
2065-06-04,0.0113169469626249
2065-06-05,0.0106293148860436
2065-06-06,0.0099101750101907
2065-06-07,0.00923498877413483
2065-06-08,0.00863207554186623
2065-06-09,0.00811588736873416
2065-06-10,0.00771363080932632
2065-06-11,0.00737200720372304
2065-06-12,0.00706087656648422
2065-06-13,0.00682839057997214
2065-06-14,0.00661044730432442
2065-06-15,0.006438926799101
2065-06-16,0.00629652355593577
2065-06-17,0.00617185751201019
2065-06-18,0.00603934195262724
2065-06-19,0.00588753969099478
2065-06-20,0.00572368757836324
2065-06-21,0.00555424201271615
2065-06-22,0.00594046864857874
2065-06-23,0.00524090377096728
2065-06-24,0.00508650214037454
2065-06-25,0.00493801683251026
2065-06-26,0.00479860256294902
2065-06-27,0.00466325226614522
2065-06-28,0.00453115534925925
2065-06-29,0.00440543319039759
2065-06-30,0.00428564272606914
2065-07-01,0.0109661291496708
2065-07-02,0.0106870181639075
2065-07-03,0.0104254197426261
2065-07-04,0.0101728781776003
2065-07-05,0.00993122930594537
2065-07-06,0.00971064537007349
2065-07-07,0.0095157941441688
2065-07-08,0.00934204741100986
2065-07-09,0.00917812455542015
2065-07-10,0.00901403350328517
2065-07-11,0.0088449754566435
2065-07-12,0.00867485814531633
2065-07-13,0.00851340779106913
2065-07-14,0.00836603723461634
2065-07-15,0.00880713843134772
2065-07-16,0.00813551449295269
2065-07-17,0.00804261239278
2065-07-18,0.0128764677800492
2065-07-19,0.00790461629886392
2065-07-20,0.0131983059788205
2065-07-21,0.00782394962800332
2065-07-22,0.010018381080279
2065-07-23,0.00775856429648825
2065-07-24,0.0077278861381811
2065-07-25,0.00769605148532565
2065-07-26,0.00766531925639716
2065-07-27,0.00763651606383768
2065-07-28,0.00761238299022934
2065-07-29,0.00759165840884873
2065-07-30,0.00757303310227108
2065-07-31,0.00755688147509451
2065-08-01,0.00806308669620691
2065-08-02,0.00805226124332206
2065-08-03,0.00804291080037679
2065-08-04,0.00803497141472318
2065-08-05,0.00802822528636208
2065-08-06,0.0080224539212673
2065-08-07,0.00801759996100583
2065-08-08,0.00801301096649175
2065-08-09,0.00800861237674236
2065-08-10,0.00800455196908549
2065-08-11,0.00800085400318339
2065-08-12,0.00799760028931356
2065-08-13,0.00799466090713926
2065-08-14,0.00799185023729868
2065-08-15,0.00798920505748075
2065-08-16,0.00798669988150425
2065-08-17,0.00798429261442415
2065-08-18,0.00798194786213645
2065-08-19,0.00797961686205594
2065-08-20,0.00797727039992046
2065-08-21,0.00797496586672537
2065-08-22,0.00797282010611143
2065-08-23,0.00948252630644937
2065-08-24,0.00796883193217995
2065-08-25,0.00796685035015194
2065-08-26,0.00796486954451488
2065-08-27,0.00796288903193985
2065-08-28,0.00796090905760291
2065-08-29,0.00795892953658634
2065-08-30,0.00795695061127103
2065-08-31,0.00795497207415116
2065-09-01,0.00294288913922819
2065-09-02,0.00294215736938223
2065-09-03,0.00294142586910888
2065-09-04,0.0029406944633395
2065-09-05,0.00293996325650101
2065-09-06,0.00293923218007801
2065-09-07,0.0123387902550815
2065-09-08,0.00293777073246798
2065-09-09,0.00293704019589898
2065-09-10,0.00301001651759228
2065-09-11,0.00293557983319464
2065-09-12,0.00293484992247827
2065-09-13,0.00293412016840223
2065-09-14,0.00293339057427418
2065-09-15,0.00335864694707706
2065-09-16,0.00433564578456621
2065-09-17,0.00453940438576884
2065-09-18,0.00512346709924595
2065-09-19,0.353870617763302
2065-09-20,0.126994587317859
2065-09-21,0.0030439861467374
2065-09-22,0.00312498902330092
2065-09-23,0.00316365338722484
2065-09-24,0.00318021024264286
2065-09-25,0.00318499074049378
2065-09-26,0.00318173333141996
2065-09-27,0.00552419795159212
2065-09-28,0.0076761601208517
2065-09-29,0.00317484434720168
2065-09-30,0.00316864868482947
2065-10-01,0.00432126436620622
2065-10-02,0.00431038071559866
2065-10-03,0.018866963043438
2065-10-04,0.00428972708088983
2065-10-05,0.00427418425890771
2065-10-06,0.00425600837083051
2065-10-07,0.00423823843033776
2065-10-08,0.0042217988850831
2065-10-09,0.0042066521952815
2065-10-10,0.00419257572628968
2065-10-11,0.00417996254103617
2065-10-12,0.00416966789574852
2065-10-13,0.16966306475388
2065-10-14,0.00416293016948351
2065-10-15,0.0041669050766295
2065-10-16,0.0041704948309306
2065-10-17,0.00417323372790995
2065-10-18,0.00417500127915559
2065-10-19,0.00417561740605438
2065-10-20,0.00417531129848187
2065-10-21,0.00417409821030712
2065-10-22,0.0310953289263953
2065-10-23,0.00417767110714299
2065-10-24,0.00417876751690027
2065-10-25,0.00417833369665699
2065-10-26,0.00417641057397271
2065-10-27,0.00417313883533455
2065-10-28,0.00416944391885265
2065-10-29,0.00416489293691505
2065-10-30,0.00416058029446084
2065-10-31,0.00415757187089598
2065-11-01,0.00536176099338751
2065-11-02,0.00928058365783451
2065-11-03,0.165642432335044
2065-11-04,0.0763993482766527
2065-11-05,0.0307637652620176
2065-11-06,0.0134770950213624
2065-11-07,0.0783524824507916
2065-11-08,0.161774050148032
2065-11-09,0.335279487125162
2065-11-10,0.0346126134797994
2065-11-11,0.0121280689425097
2065-11-12,0.00949582757593656
2065-11-13,0.00731446783028623
2065-11-14,0.00645227118100491
2065-11-15,0.00648437754874179
2065-11-16,0.00650027141945497
2065-11-17,0.00650488257683414
2065-11-18,0.00651478956574185
2065-11-19,0.00652655857953566
2065-11-20,0.00653708061920793
2065-11-21,0.0065450371940581
2065-11-22,0.00654869192165417
2065-11-23,0.00654530864684625
2065-11-24,0.00653329387057463
2065-11-25,0.00651956026627522
2065-11-26,0.00650950280239275
2065-11-27,0.00649981996260911
2065-11-28,0.013654115061156
2065-11-29,0.11042852271862
2065-11-30,0.0671208388574378
2065-12-01,0.00703140256881998
2065-12-02,0.0445983615542662
2065-12-03,0.00603620779854697
2065-12-04,0.0348156729477691
2065-12-05,0.00576549175436089
2065-12-06,0.0320556978526885
2065-12-07,0.154410992245923
2065-12-08,0.368813528421907
2065-12-09,0.105759017024985
2065-12-10,0.0457516151333938
2065-12-11,0.0279156608480687
2065-12-12,0.0770222578202915
2065-12-13,0.141215082981317
2065-12-14,0.808566872390085
2065-12-15,0.336692525735807
2065-12-16,0.0194518462111082
2065-12-17,0.0529228215288948
2065-12-18,0.0621278717590805
2065-12-19,0.0377490682977958
2065-12-20,0.0113232125380123
2065-12-21,0.0121397106096866
2065-12-22,0.0102206692719411
2065-12-23,0.0150106052085885
2065-12-24,0.0111430246185569
2065-12-25,0.167695583398843
2065-12-26,1.02943466785702
2065-12-27,0.941229549783688
2065-12-28,0.113723735062508
2065-12-29,0.0890004130985828
2065-12-30,0.0341722350774763
2065-12-31,0.0656160694327464
2066-01-01,0.106507330264788
2066-01-02,0.244098249997012
2066-01-03,0.214470094737602
2066-01-04,0.251475042799091
2066-01-05,0.947899095601026
2066-01-06,0.356828750646125
2066-01-07,0.24306158706883
2066-01-08,0.266114082004224
2066-01-09,0.275329172408109
2066-01-10,0.275533203155038
2066-01-11,0.27257627665269
2066-01-12,0.264356992196027
2066-01-13,0.255746393625371
2066-01-14,0.247731193937048
2066-01-15,0.237936666257406
2066-01-16,0.225736895991407
2066-01-17,0.215804162727174
2066-01-18,0.207867320488369
2066-01-19,0.194898117798703
2066-01-20,0.518154511193005
2066-01-21,0.612701736438423
2066-01-22,0.331323287648794
2066-01-23,0.378176828925595
2066-01-24,0.410500678993149
2066-01-25,0.429113519561594
2066-01-26,0.470448846702719
2066-01-27,0.479107487007962
2066-01-28,0.475434349317775
2066-01-29,0.456411215569496
2066-01-30,0.447867647069033
2066-01-31,0.417938898536573
2066-02-01,0.441504181012957
2066-02-02,0.327425311281859
2066-02-03,0.318964451150326
2066-02-04,0.315685271259765
2066-02-05,0.314412043742181
2066-02-06,0.318338942321926
2066-02-07,0.320906487548033
2066-02-08,0.298907810500981
2066-02-09,0.298105021853471
2066-02-10,0.342482894272063
2066-02-11,0.43313426159049
2066-02-12,0.367100737581255
2066-02-13,0.379433567562676
2066-02-14,0.392742743450743
2066-02-15,0.367518823676426
2066-02-16,0.360474058444906
2066-02-17,0.339675283834386
2066-02-18,0.320219386436288
2066-02-19,0.300189735400843
2066-02-20,0.278975113700018
2066-02-21,0.257879150439908
2066-02-22,0.237040114516595
2066-02-23,0.218550626637305
2066-02-24,0.21125555600441
2066-02-25,0.288293730582384
2066-02-26,0.346683366038775
2066-02-27,0.246179378538809
2066-02-28,0.24733530228623
2066-03-01,0.216115991094681
2066-03-02,0.209185638046529
2066-03-03,0.197450312725505
2066-03-04,0.185837200978201
2066-03-05,0.177277996334997
2066-03-06,0.236717040195869
2066-03-07,0.332621775149912
2066-03-08,0.285559902178875
2066-03-09,0.259701895678915
2066-03-10,0.299233348361382
2066-03-11,0.305118073927872
2066-03-12,0.27559370486587
2066-03-13,0.266084252623867
2066-03-14,0.251679168385899
2066-03-15,0.244040056738953
2066-03-16,0.24236354375923
2066-03-17,0.219094112940142
2066-03-18,0.2260602083731
2066-03-19,0.196555941835311
2066-03-20,0.190547661806927
2066-03-21,0.218445299069981
2066-03-22,0.172890805691536
2066-03-23,0.160475046976899
2066-03-24,0.233166782223075
2066-03-25,0.544749440677674
2066-03-26,0.738138757393115
2066-03-27,0.552952553437697
2066-03-28,0.486585184985063
2066-03-29,0.720955553361715
2066-03-30,0.581471525082579
2066-03-31,0.555135969366928
2066-04-01,0.505757497327161
2066-04-02,0.462133398790398
2066-04-03,0.410976987237285
2066-04-04,0.363869135432775
2066-04-05,0.318993941645417
2066-04-06,0.30466372505661
2066-04-07,0.381191907309524
2066-04-08,0.399126057220807
2066-04-09,0.401497404580767
2066-04-10,0.374057461180246
2066-04-11,0.357591513949098
2066-04-12,0.338739026883541
2066-04-13,0.311352211659452
2066-04-14,0.288677054949884
2066-04-15,0.348053353384919
2066-04-16,0.355728211524909
2066-04-17,0.413783728333124
2066-04-18,0.349275666710246
2066-04-19,0.372805623683419
2066-04-20,0.423039066314784
2066-04-21,0.448839348842652
2066-04-22,0.509418760998486
2066-04-23,0.495886198706258
2066-04-24,0.508283186901242
2066-04-25,0.525555094147969
2066-04-26,0.60695621673709
2066-04-27,0.553499733367349
2066-04-28,0.516243338245795
2066-04-29,0.511761496314986
2066-04-30,0.468025495986851
2066-05-01,0.387875694709942
2066-05-02,0.34686659915118
2066-05-03,0.310274372378145
2066-05-04,0.284774124234944
2066-05-05,0.255277806322795
2066-05-06,0.227980280815338
2066-05-07,0.202408591987288
2066-05-08,0.176729386554472
2066-05-09,0.150821868453801
2066-05-10,0.128118514225249
2066-05-11,0.109451888456782
2066-05-12,0.0935771381538748
2066-05-13,0.0775816517884041
2066-05-14,0.0623341629091878
2066-05-15,0.0499605842949965
2066-05-16,0.0400592487909315
2066-05-17,0.0318869954145537
2066-05-18,0.024853769086883
2066-05-19,0.0191345041032037
2066-05-20,0.01668051748535
2066-05-21,0.0420669212877596
2066-05-22,0.040046963831717
2066-05-23,0.0162458685430105
2066-05-24,0.0121776759613927
2066-05-25,0.00996446968900243
2066-05-26,0.0083147149629349
2066-05-27,0.00716271869348241
2066-05-28,0.00659417088963895
2066-05-29,0.00627711362463965
2066-05-30,0.00608556349060964
2066-05-31,0.00594048023023051
2066-06-01,0.00850852399082888
2066-06-02,0.0141427845480132
2066-06-03,0.0082964507888709
2066-06-04,0.00818890737196711
2066-06-05,0.00806474831898765
2066-06-06,0.00793353425892227
2066-06-07,0.00780182587859385
2066-06-08,0.0077455677083399
2066-06-09,0.00756361085212153
2066-06-10,0.00745727031927861
2066-06-11,0.00735478632641182
2066-06-12,0.00724965463073281
2066-06-13,0.00714153622079286
2066-06-14,0.00703368237806143
2066-06-15,0.00692480315173185
2066-06-16,0.00681862962801874
2066-06-17,0.00671152948276921
2066-06-18,0.00659995142820734
2066-06-19,0.00647926394287262
2066-06-20,0.00634804998916134
2066-06-21,0.00620829153452396
2066-06-22,0.006059337644091
2066-06-23,0.00590250831143238
2066-06-24,0.00832825544109511
2066-06-25,0.0055944731796178
2066-06-26,0.0054319083321244
2066-06-27,0.00526984742857738
2066-06-28,0.00510989533975388
2066-06-29,0.00495558078136101
2066-06-30,0.00480851037174664
2066-07-01,0.0122665124202736
2066-07-02,0.0118997175361085
2066-07-03,0.0115588236916746
2066-07-04,0.011239786112251
2066-07-05,0.0109269900224962
2066-07-06,0.0106333726461036
2066-07-07,0.0103582544236526
2066-07-08,0.0100909627532341
2066-07-09,0.00981337981585861
2066-07-10,0.00953863844193982
2066-07-11,0.00929491935207132
2066-07-12,0.00908953781844758
2066-07-13,0.00890478709285642
2066-07-14,0.00873219579626315
2066-07-15,0.00857759618991866
2066-07-16,0.00843282354667735
2066-07-17,0.00829891023719735
2066-07-18,0.00817847731589578
2066-07-19,0.00806839365943282
2066-07-20,0.0082918067604708
2066-07-21,0.00789117853526047
2066-07-22,0.0078169968573551
2066-07-23,0.00775286393240263
2066-07-24,0.00770125599425585
2066-07-25,0.00766335300484512
2066-07-26,0.00762699275012732
2066-07-27,0.00759736170971742
2066-07-28,0.00757474743685618
2066-07-29,0.00755703490408932
2066-07-30,0.00754193080462152
2066-07-31,0.00752877460360359
2066-08-01,0.00803512624660961
2066-08-02,0.00802659500717774
2066-08-03,0.0080208583447138
2066-08-04,0.00801676203280789
2066-08-05,0.00801341830866996
2066-08-06,0.00801058764995569
2066-08-07,0.00800863853332683
2066-08-08,0.00800525507214817
2066-08-09,0.0080025605193588
2066-08-10,0.00799994170235414
2066-08-11,0.00799741330232895
2066-08-12,0.00799502780420308
2066-08-13,0.00799278813987384
2066-08-14,0.00799066051271254
2066-08-15,0.00798862284793339
2066-08-16,0.00798658595316037
2066-08-17,0.00798454972495981
2066-08-18,0.00798251363211687
2066-08-19,0.00798047467824789
2066-08-20,0.00797843500034326
2066-08-21,0.00797641955592324
2066-08-22,0.00797443212350876
2066-08-23,0.00797244912405657
2066-08-24,0.00797046689333353
2066-08-25,0.00796848510443825
2066-08-26,0.00796650361754368
2066-08-27,0.00796452259418513
2066-08-28,0.00796254245639747
2066-08-29,0.00796056241374327
2066-08-30,0.00795858310342489
2066-08-31,0.00795660410787684
2066-09-01,0.00677419101048629
2066-09-02,0.00294276105821813
2066-09-03,0.0029420293424757
2066-09-04,0.00294824141192041
2066-09-05,0.00294056638681838
2066-09-06,0.00293983525794567
2066-09-07,0.00293910421814296
2066-09-08,0.00293837347508276
2066-09-09,0.00293764277006041
2066-09-10,0.00299545413964694
2066-09-11,0.00613303817117888
2066-09-12,0.0029354520304988
2066-09-13,0.00293472220601731
2066-09-14,0.00293399247485848
2066-09-15,0.0029332628786041
2066-09-16,0.00293253355877386
2066-09-17,0.00293180436203506
2066-09-18,0.00293107535265039
2066-09-19,0.00293034656322375
2066-09-20,0.00292961789381717
2066-09-21,0.00292888948642286
2066-09-22,0.00292816120826277
2066-09-23,0.0029274331363576
2066-09-24,0.00292670525369667
2066-09-25,0.00292597752602226
2066-09-26,0.00292525002232228
2066-09-27,0.00292452262942823
2066-09-28,0.00292379542908604
2066-09-29,0.00292306845035568
2066-09-30,0.00425159137939679
2066-10-01,0.00412980348876981
2066-10-02,0.00399381638791878
2066-10-03,0.00399340164252265
2066-10-04,0.0039918305298658
2066-10-05,0.00399083799689266
2066-10-06,0.00398984566033098
2066-10-07,0.00398885360481857
2066-10-08,0.00398786179740485
2066-10-09,0.00398687018026473
2066-10-10,0.00398587886484877
2066-10-11,0.00398488772516939
2066-10-12,0.0039838969876812
2066-10-13,0.00866560753169343
2066-10-14,0.00398191597724377
2066-10-15,0.0213743903052219
2066-10-16,0.00499052104114128
2066-10-17,0.00398006629435238
2066-10-18,0.00397842295170674
2066-10-19,0.00397696795246138
2066-10-20,0.00898181883821454
2066-10-21,0.00397499045837045
2066-10-22,0.00397400211723122
2066-10-23,0.0039730139657195
2066-10-24,0.00397202613240724
2066-10-25,0.00397103852328833
2066-10-26,0.00397005110993478
2066-10-27,0.00396906396567783
2066-10-28,0.00396807700491054
2066-10-29,0.0496405085343541
2066-10-30,0.0564075079468241
2066-10-31,0.00396512143896275
2066-11-01,0.00502198988527592
2066-11-02,0.0050207573998608
2066-11-03,0.00501952726027132
2066-11-04,0.00501829867869967
2066-11-05,0.00501707080635967
2066-11-06,0.0050158434738215
2066-11-07,0.00501461578277962
2066-11-08,0.0050133875695337
2066-11-09,0.00501215929940193
2066-11-10,0.00501093115368239
2066-11-11,0.00500970303047164
2066-11-12,0.0163146599583649
2066-11-13,0.00711697484193415
2066-11-14,0.00561468720200923
2066-11-15,0.37204910935202
2066-11-16,0.155355004810889
2066-11-17,0.0392221007080551
2066-11-18,0.0266355596585364
2066-11-19,0.0448906997142565
2066-11-20,0.0640598053436475
2066-11-21,0.0502252849588777
2066-11-22,0.0752050735971576
2066-11-23,0.0637006413825333
2066-11-24,0.0270894272118374
2066-11-25,0.0234674171750372
2066-11-26,0.0271555101261105
2066-11-27,0.00704739935751344
2066-11-28,0.00605200466974899
2066-11-29,0.00654004761964361
2066-11-30,0.00728784430041693
2066-12-01,0.00597341870651071
2066-12-02,0.00721722695870534
2066-12-03,0.00761388312675821
2066-12-04,0.00787654170051701
2066-12-05,0.0191333291148423
2066-12-06,0.00892205811473685
2066-12-07,0.0203764120409254
2066-12-08,0.0506409562884092
2066-12-09,0.0114575445554954
2066-12-10,0.00566143653220322
2066-12-11,0.00525554121050169
2066-12-12,0.0209928644503825
2066-12-13,0.00543627103250521
2066-12-14,0.00507782856963171
2066-12-15,0.00508875099130375
2066-12-16,0.00509723331286354
2066-12-17,0.00510206835530459
2066-12-18,0.00510342907678563
2066-12-19,0.00510196190584441
2066-12-20,0.00510191064639946
2066-12-21,0.00510370657726785
2066-12-22,0.111807811363458
2066-12-23,0.0759131019192164
2066-12-24,0.00682936002728958
2066-12-25,0.100405563256308
2066-12-26,1.31312098476288
2066-12-27,0.305276013158631
2066-12-28,0.00712086798978886
2066-12-29,0.00734526551119973
2066-12-30,0.0284603344612752
2066-12-31,0.0382310744889325
2067-01-01,0.0254436430052852
2067-01-02,0.0466131495104289
2067-01-03,0.0305039908516492
2067-01-04,0.028334160601456
2067-01-05,0.0215499422813168
2067-01-06,0.0206471011701776
2067-01-07,0.0151962661853411
2067-01-08,0.0128945082580646
2067-01-09,0.0167186734955768
2067-01-10,0.0140302236380234
2067-01-11,0.0097067265365492
2067-01-12,0.0134491371160112
2067-01-13,0.00901696644632336
2067-01-14,0.00822971975628396
2067-01-15,0.00749747624527182
2067-01-16,0.108323428761196
2067-01-17,0.0940667120948653
2067-01-18,0.0315635023137365
2067-01-19,0.0115934176848611
2067-01-20,0.0650486636322684
2067-01-21,0.0112573792096191
2067-01-22,0.00814551937898178
2067-01-23,0.00766830380492393
2067-01-24,0.00770245399479417
2067-01-25,0.0105133422023055
2067-01-26,0.0238900399087097
2067-01-27,0.00777951249726461
2067-01-28,0.00780421982457409
2067-01-29,0.0078246812351202
2067-01-30,0.00784213136586752
2067-01-31,0.0324251084193097
2067-02-01,0.0722000407881144
2067-02-02,0.353265812127204
2067-02-03,0.0290944820374174
2067-02-04,0.00941502719756531
2067-02-05,0.0191995817583705
2067-02-06,0.122172751259522
2067-02-07,0.300546062566013
2067-02-08,0.116358916550816
2067-02-09,0.0638261572300652
2067-02-10,0.137646015259176
2067-02-11,0.149462853573525
2067-02-12,0.108957681982962
2067-02-13,0.141149791185319
2067-02-14,0.140251388078229
2067-02-15,0.27834499060023
2067-02-16,0.351743951256858
2067-02-17,0.336647972558727
2067-02-18,0.212197696847769
2067-02-19,0.218223956671109
2067-02-20,0.208954077459915
2067-02-21,0.204908358619147
2067-02-22,0.207045828083891
2067-02-23,0.222550582684074
2067-02-24,0.242805906230783
2067-02-25,0.323907997550689
2067-02-26,0.498462929546096
2067-02-27,0.691418600815662
2067-02-28,1.21179918993003
2067-03-01,0.458849461615303
2067-03-02,0.340242308496533
2067-03-03,0.346395956776721
2067-03-04,0.340093332965783
2067-03-05,0.413868282382879
2067-03-06,0.431613656464462
2067-03-07,0.437042232190234
2067-03-08,0.480551774159719
2067-03-09,0.509861887122601
2067-03-10,0.628015944137331
2067-03-11,0.755484461801277
2067-03-12,0.813399220810343
2067-03-13,0.873495259628083
2067-03-14,0.9875130495171
2067-03-15,1.21064415037342
2067-03-16,1.43804816592023
2067-03-17,1.45549118214382
2067-03-18,1.42175561165358
2067-03-19,1.03921046429094
2067-03-20,1.28099740586196
2067-03-21,0.745316556023764
2067-03-22,0.714201508065144
2067-03-23,0.758920404785822
2067-03-24,0.718169491723017
2067-03-25,0.645790235924444
2067-03-26,0.624820697920583
2067-03-27,0.694267055080324
2067-03-28,0.737662182305929
2067-03-29,0.949825361632072
2067-03-30,1.1648281430891
2067-03-31,1.42288005315305
2067-04-01,1.0449250892826
2067-04-02,1.27618690238676
2067-04-03,0.872977264325234
2067-04-04,0.612866362717512
2067-04-05,0.619659884240172
2067-04-06,0.713589487041094
2067-04-07,0.726313269408403
2067-04-08,0.663925599794999
2067-04-09,0.676663317146722
2067-04-10,0.907784462825312
2067-04-11,1.00389257997269
2067-04-12,0.607548448255161
2067-04-13,0.56202445983604
2067-04-14,0.569449138526391
2067-04-15,0.574658531244785
2067-04-16,0.714401903294723
2067-04-17,0.691153680523653
2067-04-18,0.63751266245926
2067-04-19,0.550061810586786
2067-04-20,0.576729568985064
2067-04-21,0.443207462530888
2067-04-22,0.390839176417744
2067-04-23,0.342612780727669
2067-04-24,0.321077306745515
2067-04-25,0.306833077003567
2067-04-26,0.297260555821791
2067-04-27,0.315358229876674
2067-04-28,0.304081280366305
2067-04-29,0.275101930325405
2067-04-30,0.256708788330671
2067-05-01,0.327867342847273
2067-05-02,0.195302347755637
2067-05-03,0.20250276975619
2067-05-04,0.2127365781068
2067-05-05,0.189074484894567
2067-05-06,0.179089845452098
2067-05-07,0.174425496160742
2067-05-08,0.17077334444189
2067-05-09,0.180620941848083
2067-05-10,0.149443828602506
2067-05-11,0.130054501507305
2067-05-12,0.177950802154806
2067-05-13,0.208795813760674
2067-05-14,0.119967591511449
2067-05-15,0.126499350644599
2067-05-16,0.125890545861331
2067-05-17,0.109714618450428
2067-05-18,0.0975111897674604
2067-05-19,0.0854943509701653
2067-05-20,0.0775548891034696
2067-05-21,0.0693344818669646
2067-05-22,0.0462033619814393
2067-05-23,0.0374488065349796
2067-05-24,0.0317387606021807
2067-05-25,0.0269234668067905
2067-05-26,0.0227666312567522
2067-05-27,0.0187599870014425
2067-05-28,0.0153352789265194
2067-05-29,0.0128528492508184
2067-05-30,0.0111943620255982
2067-05-31,0.0100341858826852
2067-06-01,0.0133237957714172
2067-06-02,0.0123176098616763
2067-06-03,0.0117213212641385
2067-06-04,0.0118023866557364
2067-06-05,0.0109533221261282
2067-06-06,0.0104953320976441
2067-06-07,0.0100543539361041
2067-06-08,0.00958106746609494
2067-06-09,0.00916509425636765
2067-06-10,0.00879283266175489
2067-06-11,0.00845015372069116
2067-06-12,0.00812652445492858
2067-06-13,0.00784650685414336
2067-06-14,0.00762360543402212
2067-06-15,0.00747010639848179
2067-06-16,0.00735594460628661
2067-06-17,0.00723038268807019
2067-06-18,0.00708881235210925
2067-06-19,0.00695640530255119
2067-06-20,0.00683015457194937
2067-06-21,0.00668792323792956
2067-06-22,0.00772764804999086
2067-06-23,0.00643263350968762
2067-06-24,0.00634226092730528
2067-06-25,0.00743686110667725
2067-06-26,0.00613420237888651
2067-06-27,0.00847423331267265
2067-06-28,0.00594657471340054
2067-06-29,0.00584596392363668
2067-06-30,0.00571984764099069
2067-07-01,0.0146837113795324
2067-07-02,0.0143424061011064
2067-07-03,0.0139931654674942
2067-07-04,0.0136340834992997
2067-07-05,0.0132789382864514
2067-07-06,0.0129297028477671
2067-07-07,0.0125803332740838
2067-07-08,0.0122297778362291
2067-07-09,0.0118783324551249
2067-07-10,0.01153200330263
2067-07-11,0.0308033005250292
2067-07-12,0.0110191926658854
2067-07-13,0.0118496145302345
2067-07-14,0.0105157440025834
2067-07-15,0.0102658357247873
2067-07-16,0.0100443174032246
2067-07-17,0.00980703508715263
2067-07-18,0.0228123712660221
2067-07-19,0.00933552552904808
2067-07-20,0.00913466271651627
2067-07-21,0.00895845628175331
2067-07-22,0.0220587815340855
2067-07-23,0.0611252643633726
2067-07-24,0.0096295014582203
2067-07-25,0.0085516348869923
2067-07-26,0.00841542418932918
2067-07-27,0.00828179495327674
2067-07-28,0.020542960269344
2067-07-29,0.00807005265572903
2067-07-30,0.00798522090061075
2067-07-31,0.00791526295600294
2067-08-01,0.00839780147860091
2067-08-02,0.00834131908276834
2067-08-03,0.00829081391438088
2067-08-04,0.00824685551300117
2067-08-05,0.0082097286334063
2067-08-06,0.00817866522449631
2067-08-07,0.00815264715684742
2067-08-08,0.0081302351217327
2067-08-09,0.00811170983299326
2067-08-10,0.0080961054469196
2067-08-11,0.0080816739091453
2067-08-12,0.00806764360713247
2067-08-13,0.0080542852918901
2067-08-14,0.00804332697336319
2067-08-15,0.00803494338356327
2067-08-16,0.00802781492545342
2067-08-17,0.00802143780305353
2067-08-18,0.00801633967295637
2067-08-19,0.00801225343114708
2067-08-20,0.00800848218760583
2067-08-21,0.00800497976111951
2067-08-22,0.0080017242301374
2067-08-23,0.00799876786058088
2067-08-24,0.00799608242719239
2067-08-25,0.00799356353667896
2067-08-26,0.00799120425196223
2067-08-27,0.00798896498540563
2067-08-28,0.00798673342082572
2067-08-29,0.00798447431352259
2067-08-30,0.0640037203119638
2067-08-31,0.00797992993467014
2067-09-01,0.0029520574078049
2067-09-02,0.00295129678754716
2067-09-03,0.00295054626574863
2067-09-04,0.00294979714473539
2067-09-05,0.0029490482533668
2067-09-06,0.00294830199086273
2067-09-07,0.00294756352753601
2067-09-08,0.00294683057969791
2067-09-09,0.00294609782984566
2067-09-10,0.00294536532830262
2067-09-11,0.00294463291464828
2067-09-12,0.00294390074812185
2067-09-13,0.00294316877391103
2067-09-14,0.00294243694287374
2067-09-15,0.00294170531171237
2067-09-16,0.00294097380624129
2067-09-17,0.00294024256632641
2067-09-18,0.00293951150974924
2067-09-19,0.00293878056515929
2067-09-20,0.00293804985517549
2067-09-21,0.0029373192819862
2067-09-22,0.00293658891505183
2067-09-23,0.0029358587839049
2067-09-24,0.00293512874608067
2067-09-25,0.00293439891900031
2067-09-26,0.0161144449210862
2067-09-27,0.00299876711564441
2067-09-28,0.0029322106143338
2067-09-29,0.00293148150595622
2067-09-30,0.00293075257500986
2067-10-01,0.0133729035402972
2067-10-02,0.00400531115757919
2067-10-03,0.0350095317984022
2067-10-04,0.00400331967854053
2067-10-05,0.00400232432506017
2067-10-06,0.0040013293821702
2067-10-07,0.00400033456365261
2067-10-08,0.00399965080660496
2067-10-09,0.00399834601269523
2067-10-10,0.0130326521406344
2067-10-11,0.00399635835140419
2067-10-12,0.00399536498465151
2067-10-13,0.00399437187601191
2067-10-14,0.00399337899608829
2067-10-15,0.00399238642079623
2067-10-16,0.00399139397827574
2067-10-17,0.00399040181098972
2067-10-18,0.00398940996190317
2067-10-19,0.00398841819487009
2067-10-20,0.00398742668950359
2067-10-21,0.00398643551590445
2067-10-22,0.00398544454550073
2067-10-23,0.00398445380381296
2067-10-24,0.00398346320975683
2067-10-25,0.003982472932608
2067-10-26,0.00398148294232327
2067-10-27,0.00398049304184507
2067-10-28,0.00397950347894908
2067-10-29,0.0039785140413946
2067-10-30,0.00397752499666303
2067-10-31,0.00397653616449517
2067-11-01,0.00503643524712477
2067-11-02,0.00503549908303252
2067-11-03,0.00720737285900127
2067-11-04,0.0240897030961411
2067-11-05,0.0975796239399808
2067-11-06,0.00837420389660551
2067-11-07,0.0334660185413491
2067-11-08,0.0479921968861088
2067-11-09,0.0175040002812019
2067-11-10,0.0391777190182019
2067-11-11,0.0189739783276228
2067-11-12,0.0085037493462373
2067-11-13,0.00581352178449784
2067-11-14,0.0205787989320664
2067-11-15,0.0205781691838775
2067-11-16,0.0249336076211738
2067-11-17,0.0108904375520457
2067-11-18,0.0138374368537803
2067-11-19,0.00757698055578399
2067-11-20,0.00769882862424574
2067-11-21,0.0102859138682916
2067-11-22,0.0970629179849986
2067-11-23,0.158745354810641
2067-11-24,0.196705370920069
2067-11-25,0.0885173612351311
2067-11-26,0.0983005486576367
2067-11-27,0.0271402421635858
2067-11-28,0.0217704963828249
2067-11-29,0.0214881604742335
2067-11-30,0.0211209054199834
2067-12-01,0.276188937981026
2067-12-02,0.953212019688686
2067-12-03,0.177177120947308
2067-12-04,0.0605664449875922
2067-12-05,0.010738110392936
2067-12-06,0.0252970248979176
2067-12-07,0.0515702823850961
2067-12-08,0.0369207793555335
2067-12-09,0.0184918005739379
2067-12-10,0.0117109760038301
2067-12-11,0.0370754052862475
2067-12-12,0.00873760126145532
2067-12-13,0.110411699908449
2067-12-14,0.1029253175654
2067-12-15,0.0131768080194169
2067-12-16,0.0078809656592751
2067-12-17,0.00775810327777021
2067-12-18,0.00791244941342715
2067-12-19,0.0133211145077308
2067-12-20,0.013644067238169
2067-12-21,0.361452148712716
2067-12-22,0.450560925987101
2067-12-23,0.252193778089339
2067-12-24,0.439406903448691
2067-12-25,0.202048541314634
2067-12-26,0.0100946646033542
2067-12-27,0.0110113396683166
2067-12-28,0.0125229674826479
2067-12-29,0.0792667678467643
2067-12-30,0.277160078146707
2067-12-31,0.0270824837209577
2068-01-01,0.0239288538021674
2068-01-02,0.0264296079549492
2068-01-03,0.0392604118803569
2068-01-04,0.0570991286666082
2068-01-05,0.103899273186089
2068-01-06,0.162694105044148
2068-01-07,0.141054493028661
2068-01-08,0.182399602704548
2068-01-09,0.201381618333711
2068-01-10,0.170293424372054
2068-01-11,0.145752787521705
2068-01-12,0.355693211191978
2068-01-13,0.529800504478432
2068-01-14,1.00577364282615
2068-01-15,0.927635643549268
2068-01-16,0.488352218337849
2068-01-17,0.495954854374554
2068-01-18,0.565782228665629
2068-01-19,0.624022879884629
2068-01-20,0.750800049889586
2068-01-21,1.07170657483084
2068-01-22,1.34319283915792
2068-01-23,0.796568396680417
2068-01-24,0.713603670567406
2068-01-25,0.689495318716656
2068-01-26,0.685518088632324
2068-01-27,0.693051307468771
2068-01-28,0.678917726807036
2068-01-29,0.639232041291551
2068-01-30,0.593463357546927
2068-01-31,0.552200730951327
2068-02-01,0.367479824907243
2068-02-02,0.327292394266402
2068-02-03,0.308864087395194
2068-02-04,0.302729611006111
2068-02-05,0.274872897960081
2068-02-06,0.260142892555762
2068-02-07,0.2474403530282
2068-02-08,0.242381238530094
2068-02-09,0.278430826422782
2068-02-10,0.315436607939765
2068-02-11,0.345038588716465
2068-02-12,0.403574647953017
2068-02-13,0.428383529560297
2068-02-14,0.353498697859533
2068-02-15,0.44774458879675
2068-02-16,0.530361262271116
2068-02-17,0.582751655070192
2068-02-18,0.674360699591273
2068-02-19,0.719038396747307
2068-02-20,0.730900148328108
2068-02-21,0.706444488361762
2068-02-22,0.608209544778011
2068-02-23,0.760653560461657
2068-02-24,0.703463681663856
2068-02-25,0.601681631272737
2068-02-26,0.59581963857418
2068-02-27,0.579091863933755
2068-02-28,0.592631820484185
2068-02-29,0.633614701279508
2068-03-01,0.626511038934383
2068-03-02,0.738694622344815
2068-03-03,0.60285309643556
2068-03-04,0.642105861404702
2068-03-05,0.532978156716992
2068-03-06,0.519523475182166
2068-03-07,0.505533139126678
2068-03-08,0.479260653852825
2068-03-09,0.505589380212467
2068-03-10,0.500224326238889
2068-03-11,0.471722432043085
2068-03-12,0.665978530389484
2068-03-13,0.528134916600611
2068-03-14,0.502951554844048
2068-03-15,0.542549203416761
2068-03-16,0.575120156224708
2068-03-17,0.520206303869048
2068-03-18,0.478282937939117
2068-03-19,0.517015257437112
2068-03-20,0.660727498578808
2068-03-21,0.587394687196952
2068-03-22,0.540536003450462
2068-03-23,0.522066264187108
2068-03-24,0.492945047245062
2068-03-25,0.530384177808389
2068-03-26,0.573912524811582
2068-03-27,0.620091583803846
2068-03-28,0.512049891292393
2068-03-29,0.385887270337277
2068-03-30,0.35454298938467
2068-03-31,0.362344705956556
2068-04-01,0.325304032310081
2068-04-02,0.324961551834368
2068-04-03,0.314365459034404
2068-04-04,0.316256677989408
2068-04-05,0.262873876583337
2068-04-06,0.251545103130879
2068-04-07,0.251197426759966
2068-04-08,0.24952937801089
2068-04-09,0.283496473730566
2068-04-10,0.251591623040327
2068-04-11,0.247984743385183
2068-04-12,0.196295827842379
2068-04-13,0.174344265170353
2068-04-14,0.180069581151077
2068-04-15,0.161643218699466
2068-04-16,0.163137856191677
2068-04-17,0.172926947535014
2068-04-18,0.196307951559194
2068-04-19,0.159848498773659
2068-04-20,0.129714551811563
2068-04-21,0.141706367951645
2068-04-22,0.150179332002758
2068-04-23,0.126670970636589
2068-04-24,0.117807509663838
2068-04-25,0.111544754287684
2068-04-26,0.0998711430985898
2068-04-27,0.0884083855850335
2068-04-28,0.0763107976654651
2068-04-29,0.0666064763932104
2068-04-30,0.0962672284045284
2068-05-01,0.0522407032784055
2068-05-02,0.0474979931145693
2068-05-03,0.0433982211419078
2068-05-04,0.0415177187086145
2068-05-05,0.0383353660683156
2068-05-06,0.037178553454083
2068-05-07,0.0350213211538475
2068-05-08,0.0342445174680193
2068-05-09,0.0461316534678086
2068-05-10,0.0318418039339453
2068-05-11,0.0338225549704651
2068-05-12,0.0376138151198247
2068-05-13,0.0367021341755698
2068-05-14,0.0365253089130805
2068-05-15,0.030570224206706
2068-05-16,0.0300166353058553
2068-05-17,0.0285908591161521
2068-05-18,0.0258201789774483
2068-05-19,0.0158975486166262
2068-05-20,0.0147771815735648
2068-05-21,0.0139588725532587
2068-05-22,0.0130836052028833
2068-05-23,0.0118863106007164
2068-05-24,0.0106755428981773
2068-05-25,0.00961538887538536
2068-05-26,0.00865406656452992
2068-05-27,0.00778489342707963
2068-05-28,0.00705107666513123
2068-05-29,0.00644385298901829
2068-05-30,0.00593379247735029
2068-05-31,0.00550030553433739
2068-06-01,0.0074744203570267
2068-06-02,0.00698535489962921
2068-06-03,0.00655675983241732
2068-06-04,0.00624783179013733
2068-06-05,0.00754622341018614
2068-06-06,0.00575352300063232
2068-06-07,0.00551708895052481
2068-06-08,0.00529422687324279
2068-06-09,0.00510945407701057
2068-06-10,0.00495809076832834
2068-06-11,0.00481344529375503
2068-06-12,0.00467550404723673
2068-06-13,0.00454228347964652
2068-06-14,0.00440905700258571
2068-06-15,0.00428495359689395
2068-06-16,0.00416939813227468
2068-06-17,0.00405766714095871
2068-06-18,0.00395070833622936
2068-06-19,0.00385350237645242
2068-06-20,0.00376481764377741
2068-06-21,0.00367958099903235
2068-06-22,0.00359614999980581
2068-06-23,0.00351341982347965
2068-06-24,0.00343694872235914
2068-06-25,0.0033664217405679
2068-06-26,0.00330171666928095
2068-06-27,0.00324868482432299
2068-06-28,0.00320506731736898
2068-06-29,0.0031635002801379
2068-06-30,0.00312453267640677
2068-07-01,0.00811791459023815
2068-07-02,0.00802974873562237
2068-07-03,0.0079517106176535
2068-07-04,0.00788258406164335
2068-07-05,0.00782311244230573
2068-07-06,0.00777392678567419
2068-07-07,0.00773200297520258
2068-07-08,0.00769554557843869
2068-07-09,0.00766410538704783
2068-07-10,0.00763650425636865
2068-07-11,0.00761186821683818
2068-07-12,0.00758974080837038
2068-07-13,0.00757177944417054
2068-07-14,0.00755792818258292
2068-07-15,0.0075462918522426
2068-07-16,0.00753630565109688
2068-07-17,0.00752728403444628
2068-07-18,0.00751915764378986
2068-07-19,0.00751192530584813
2068-07-20,0.00750548110586147
2068-07-21,0.00749957608634688
2068-07-22,0.00749435969168917
2068-07-23,0.00748997296573519
2068-07-24,0.00748612531212526
2068-07-25,0.00748267324785756
2068-07-26,0.00747952477085377
2068-07-27,0.00747659591755338
2068-07-28,0.00747379658917159
2068-07-29,0.0074711471299208
2068-07-30,0.00746863808844924
2068-07-31,0.00746625451798863
2068-08-01,0.00797729274542153
2068-08-02,0.00797488218634179
2068-08-03,0.00797252047221105
2068-08-04,0.00797026727084216
2068-08-05,0.00796812437636211
2068-08-06,0.0079660036339239
2068-08-07,0.00796395286116324
2068-08-08,0.00796197272529102
2068-08-09,0.0079599928371488
2068-08-10,0.0079580137471058
2068-08-11,0.00795603494820941
2068-08-12,0.00795405649345339
2068-08-13,0.00795207882849635
2068-08-14,0.00795010133592875
2068-08-15,0.00794812472510116
2068-08-16,0.00794614828985541
2068-08-17,0.00794417259460724
2068-08-18,0.00794219721668329
2068-08-19,0.0079402225717337
2068-08-20,0.0079382480755498
2068-08-21,0.007936274272116
2068-08-22,0.00793430091817171
2068-08-23,0.00793232802329405
2068-08-24,0.00793035562004552
2068-08-25,0.00792838376716624
2068-08-26,0.00792641238931558
2068-08-27,0.00792444144499241
2068-08-28,0.00792247114489496
2068-08-29,0.00816898006065522
2068-08-30,0.00791853174376427
2068-08-31,0.00791656276340367
2068-09-01,0.00292867992762373
2068-09-02,0.00292795167001825
2068-09-03,0.00292722363260703
2068-09-04,0.00292649576128657
2068-09-05,0.00292576808251797
2068-09-06,0.00292504061567456
2068-09-07,0.0029243132917684
2068-09-08,0.00292358615167251
2068-09-09,0.00292285920176586
2068-09-10,0.00292213241771371
2068-09-11,0.00292140586448753
2068-09-12,0.00292067941474322
2068-09-13,0.00291995324473069
2068-09-14,0.00291922718623286
2068-09-15,0.00291850137108278
2068-09-16,0.00291777562870075
2068-09-17,0.00291705015707264
2068-09-18,0.00291632482601922
2068-09-19,0.00291559968113863
2068-09-20,0.00291487468368425
2068-09-21,0.00937706911653254
2068-09-22,0.00291342530588649
2068-09-23,0.00291270089530183
2068-09-24,0.0149140796824051
2068-09-25,0.00291125261965676
2068-09-26,0.00291052869316876
2068-09-27,0.00290980505397285
2068-09-28,0.00290908156196691
2068-09-29,0.216014825311642
2068-09-30,0.00290843195411884
2068-10-01,0.00397897528978659
2068-10-02,0.00398157656694644
2068-10-03,0.00398405512603664
2068-10-04,0.00398622045408567
2068-10-05,0.00398803694473368
2068-10-06,0.00398955905757869
2068-10-07,0.00399081347259683
2068-10-08,0.00399181472165123
2068-10-09,0.00399260068114
2068-10-10,0.00399322035895113
2068-10-11,0.0113123753239787
2068-10-12,0.0782778093850692
2068-10-13,0.204289507348246
2068-10-14,0.0457049935298143
2068-10-15,0.0454067993592291
2068-10-16,0.0602242291541155
2068-10-17,0.104535802538222
2068-10-18,0.00495334358483524
2068-10-19,0.00447185719255276
2068-10-20,0.0210438371914038
2068-10-21,0.0395370198120649
2068-10-22,0.004700894071623
2068-10-23,0.00468099036750009
2068-10-24,0.00872660629622696
2068-10-25,0.0102406547182777
2068-10-26,0.00911661663605927
2068-10-27,0.0449515296284934
2068-10-28,0.00481492238495232
2068-10-29,0.00482216429295624
2068-10-30,0.00482492300875574
2068-10-31,0.00482525383671249
2068-11-01,0.0702741909028978
2068-11-02,0.246122802008929
2068-11-03,0.0129069951183404
2068-11-04,0.0084870374093473
2068-11-05,0.00647489926724592
2068-11-06,0.00702532157446637
2068-11-07,0.00863045369571554
2068-11-08,0.175472484545997
2068-11-09,0.0507383408054781
2068-11-10,0.0140226968025818
2068-11-11,0.00930376629447437
2068-11-12,0.00695324896601629
2068-11-13,0.0147621511061296
2068-11-14,0.00838218354092383
2068-11-15,0.00708179708615754
2068-11-16,0.0464297126419668
2068-11-17,0.374899113866816
2068-11-18,0.0148871980733151
2068-11-19,0.00866384345762199
2068-11-20,0.0109972036481522
2068-11-21,0.00886572009919109
2068-11-22,0.00796395792057899
2068-11-23,0.00784491089930326
2068-11-24,0.00787986863120399
2068-11-25,0.00791235338159915
2068-11-26,0.00793239516151131
2068-11-27,0.00793488158117651
2068-11-28,0.00792255755862293
2068-11-29,0.00789877112152323
2068-11-30,0.00787038913177774
2068-12-01,0.00626544454189655
2068-12-02,0.00625698508964378
2068-12-03,0.00624995816626162
2068-12-04,0.00624517126546612
2068-12-05,0.00624642563222316
2068-12-06,0.00624699031587565
2068-12-07,0.0062382489092348
2068-12-08,0.00621785260843778
2068-12-09,0.00619588734237783
2068-12-10,0.0927976882289959
2068-12-11,0.263150357547943
2068-12-12,0.280229889093445
2068-12-13,0.0212210943797262
2068-12-14,0.0136558069734492
2068-12-15,0.00794618812973029
2068-12-16,0.0362067728472851
2068-12-17,0.0408806587935075
2068-12-18,0.0129707732735864
2068-12-19,0.0260786586852302
2068-12-20,0.0614848008267304
2068-12-21,0.0627440440788182
2068-12-22,0.138485975626728
2068-12-23,0.112109252157309
2068-12-24,0.00859664616577769
2068-12-25,0.020101730054607
2068-12-26,0.0212591473947519
2068-12-27,0.0234217912397573
2068-12-28,0.0221525051656853
2068-12-29,0.0531079275253949
2068-12-30,0.0982590735663899
2068-12-31,0.137096182348471
2069-01-01,0.062895903068438
2069-01-02,0.0173511576589343
2069-01-03,0.0137121312173458
2069-01-04,0.0175200336531952
2069-01-05,0.0110305726602828
2069-01-06,0.0118286895167043
2069-01-07,0.0102576925902044
2069-01-08,0.00798427392403293
2069-01-09,0.00828101217052088
2069-01-10,0.00807269749890782
2069-01-11,0.00776341825694211
2069-01-12,0.00773379785683978
2069-01-13,0.00774643673788282
2069-01-14,0.00775105631056367
2069-01-15,0.00774691560189505
2069-01-16,0.140413543380357
2069-01-17,0.218712595634358
2069-01-18,0.0961989346786718
2069-01-19,0.078218545074465
2069-01-20,0.0953435039456209
2069-01-21,0.139293071696543
2069-01-22,0.144716379651753
2069-01-23,0.0395291049015921
2069-01-24,0.0155808651080818
2069-01-25,0.011516023838614
2069-01-26,0.00933342655919723
2069-01-27,0.0106416607128774
2069-01-28,0.00936436950184922
2069-01-29,0.0121275929329309
2069-01-30,0.0409649340318182
2069-01-31,0.0610003533142175
2069-02-01,0.059223844234449
2069-02-02,0.0331694024958974
2069-02-03,0.0278023029895466
2069-02-04,0.0185257926002414
2069-02-05,0.0650630687176778
2069-02-06,0.0448302471875433
2069-02-07,0.0381863040282604
2069-02-08,0.0381309334102723
2069-02-09,0.106171531889846
2069-02-10,0.0107481109156749
2069-02-11,0.0122873152542294
2069-02-12,0.0136373431063769
2069-02-13,0.0121681650954663
2069-02-14,0.146476396334832
2069-02-15,0.223618800161449
2069-02-16,0.357502674168454
2069-02-17,0.154802557485207
2069-02-18,0.213412172388728
2069-02-19,0.196372075574184
2069-02-20,0.151284588968599
2069-02-21,0.184759966409096
2069-02-22,0.175211657777954
2069-02-23,0.175857043220171
2069-02-24,0.274740003833941
2069-02-25,0.198742141424313
2069-02-26,0.220900240617936
2069-02-27,0.222542744621558
2069-02-28,0.282391831839085
2069-03-01,0.330352976541727
2069-03-02,0.410024903615669
2069-03-03,0.424715978089383
2069-03-04,0.403956112278883
2069-03-05,0.399070843485424
2069-03-06,0.40476079188299
2069-03-07,0.394085257390747
2069-03-08,0.359319518497176
2069-03-09,0.339447339949672
2069-03-10,0.315269316952506
2069-03-11,0.28915078217951
2069-03-12,0.272891348822509
2069-03-13,0.255624320898655
2069-03-14,0.23800278232424
2069-03-15,0.248437100887036
2069-03-16,0.235159355198061
2069-03-17,0.202239957519384
2069-03-18,0.188881166756546
2069-03-19,0.181512793256637
2069-03-20,0.169046666127714
2069-03-21,0.157048439587234
2069-03-22,0.287581115696691
2069-03-23,0.228145684712509
2069-03-24,0.236400638523236
2069-03-25,0.215135167016588
2069-03-26,0.254861620667374
2069-03-27,0.318482336050962
2069-03-28,0.408225332503532
2069-03-29,0.455147889832734
2069-03-30,0.569482564223106
2069-03-31,0.564477808789234
2069-04-01,0.620192086412146
2069-04-02,0.581411974967383
2069-04-03,0.555755460626382
2069-04-04,0.60695163040013
2069-04-05,0.538894775722514
2069-04-06,0.608637837816085
2069-04-07,0.692732653779649
2069-04-08,0.716279267406843
2069-04-09,0.659644936428826
2069-04-10,0.617007412729691
2069-04-11,0.592183219427956
2069-04-12,0.567713744706774
2069-04-13,0.537051407770378
2069-04-14,0.512930693454274
2069-04-15,0.463959416919252
2069-04-16,0.438809204402251
2069-04-17,0.400034529003791
2069-04-18,0.454346954169968
2069-04-19,0.359682001033035
2069-04-20,0.337192189109823
2069-04-21,0.311509796063618
2069-04-22,0.285177407758831
2069-04-23,0.258475428364569
2069-04-24,0.234358755583902
2069-04-25,0.211149687566948
2069-04-26,0.191967973394188
2069-04-27,0.173489891250834
2069-04-28,0.154571870850878
2069-04-29,0.136726428222701
2069-04-30,0.122477774073118
2069-05-01,0.102833825959533
2069-05-02,0.098343649465397
2069-05-03,0.0764697402934062
2069-05-04,0.0644617552865068
2069-05-05,0.0561806312616194
2069-05-06,0.0534785438791592
2069-05-07,0.0483429863080343
2069-05-08,0.038065290000555
2069-05-09,0.0290006449310436
2069-05-10,0.0202482816106656
2069-05-11,0.0173649065101523
2069-05-12,0.0152260628457575
2069-05-13,0.013557886075259
2069-05-14,0.0122044652856086
2069-05-15,0.011173547807858
2069-05-16,0.0103471817553107
2069-05-17,0.0096393371745579
2069-05-18,0.00896820933106702
2069-05-19,0.00833877919291241
2069-05-20,0.00778771947504208
2069-05-21,0.00729427309328319
2069-05-22,0.00687994325782319
2069-05-23,0.00655491688684411
2069-05-24,0.00628115654002653
2069-05-25,0.00601619118107182
2069-05-26,0.00575686017430331
2069-05-27,0.00552484260174361
2069-05-28,0.00531556242908787
2069-05-29,0.005120132358296
2069-05-30,0.00495969644241358
2069-05-31,0.00482668167660888
2069-06-01,0.00685900231133389
2069-06-02,0.00668795896700159
2069-06-03,0.00652923213023515
2069-06-04,0.00638103500564561
2069-06-05,0.00625257268952674
2069-06-06,0.00614190531702008
2069-06-07,0.00603311455412936
2069-06-08,0.00590685411848786
2069-06-09,0.00577072807526826
2069-06-10,0.00563151863599417
2069-06-11,0.00548963363822142
2069-06-12,0.00534785105172896
2069-06-13,0.00519304842569476
2069-06-14,0.00502473481637149
2069-06-15,0.00485822760568112
2069-06-16,0.00469439308101946
2069-06-17,0.00453300323463019
2069-06-18,0.00438461654247712
2069-06-19,0.00425221698770219
2069-06-20,0.00413256779571823
2069-06-21,0.00402599797841516
2069-06-22,0.00392741810308061
2069-06-23,0.00383157813729818
2069-06-24,0.0037378880280172
2069-06-25,0.00364535262302221
2069-06-26,0.00355341367005013
2069-06-27,0.00346462814140468
2069-06-28,0.00338059940617936
2069-06-29,0.00330477570569946
2069-06-30,0.00324372975002898
2069-07-01,0.00839395898960522
2069-07-02,0.00827186358920734
2069-07-03,0.00816483534251842
2069-07-04,0.00806909148593125
2069-07-05,0.00798220979229327
2069-07-06,0.00790107823571832
2069-07-07,0.00782823002938617
2069-07-08,0.0077669197066423
2069-07-09,0.00771643294518043
2069-07-10,0.00767470154657195
2069-07-11,0.00764081790027224
2069-07-12,0.00761312343891311
2069-07-13,0.0075908229496164
2069-07-14,0.00757245218913148
2069-07-15,0.00755585022992441
2069-07-16,0.00754049558271401
2069-07-17,0.0235785961093512
2069-07-18,0.00751971315279989
2069-07-19,0.00751540939933176
2069-07-20,0.0075089070652578
2069-07-21,0.0257754667200866
2069-07-22,0.00750061743342954
2069-07-23,0.0074967474869118
2069-07-24,0.00749308782983469
2069-07-25,0.00980481710860465
2069-07-26,0.00748688605304827
2069-07-27,0.00751279928735892
2069-07-28,0.00748183160740174
2069-07-29,0.00747951051586637
2069-07-30,0.0176805720766401
2069-07-31,0.0074750517987013
2069-08-01,0.0193864539779118
2069-08-02,0.00798455145396195
2069-08-03,0.00798233983867005
2069-08-04,0.00857629912589532
2069-08-05,0.00797817350345433
2069-08-06,0.00797618967717133
2069-08-07,0.0079742064989449
2069-08-08,0.00797222365655866
2069-08-09,0.00797024140859667
2069-08-10,0.00796825962353224
2069-08-11,0.00796627826816442
2069-08-12,0.00796429753276008
2069-08-13,0.0126154146813384
2069-08-14,0.0736141206306649
2069-08-15,0.0118748383678249
2069-08-16,0.00795637975324844
2069-08-17,0.112937274299804
2069-08-18,0.007952443997835
2069-08-19,0.0396937834532224
2069-08-20,0.00794862204115412
2069-08-21,0.00794673992144285
2069-08-22,0.00794485089593868
2069-08-23,0.00794294767512261
2069-08-24,0.0079410301549225
2069-08-25,0.00793910079667634
2069-08-26,0.00793716185677025
2069-08-27,0.00793521608768875
2069-08-28,0.00793326495921143
2069-08-29,0.00793130974702001
2069-08-30,0.00792935156334561
2069-08-31,0.0079273911175388
2069-09-01,0.00293268919029343
2069-09-02,0.00293196267014365
2069-09-03,0.00293123573417635
2069-09-04,0.00293050861014612
2069-09-05,0.00292978126001512
2069-09-06,0.0108281689620642
2069-09-07,0.00292832651675381
2069-09-08,0.00292759919757285
2069-09-09,0.0144388705556403
2069-09-10,0.00292614468797264
2069-09-11,0.00292541758284321
2069-09-12,0.00292469062726633
2069-09-13,0.00292396377682513
2069-09-14,0.00292323700576727
2069-09-15,0.0029225104147395
2069-09-16,0.00292178394255048
2069-09-17,0.00292105762109533
2069-09-18,0.00292033143643468
2069-09-19,0.00291960544645224
2069-09-20,0.0029188795932643
2069-09-21,0.012768602318955
2069-09-22,0.0029174284593463
2069-09-23,0.00291670310230427
2069-09-24,0.00291597797065423
2069-09-25,0.00291525297957888
2069-09-26,0.00291452822570851
2069-09-27,0.0101387619783995
2069-09-28,0.00291307906574243
2069-09-29,0.0128001568289161
2069-09-30,0.00291163068283534
2069-10-01,0.00398016802773194
2069-10-02,0.00397917846257462
2069-10-03,0.00397818913614767
2069-10-04,0.00397720010433792
2069-10-05,0.00397621119851575
2069-10-06,0.00397522266871815
2069-10-07,0.00397423428106042
2069-10-08,0.00397324624907539
2069-10-09,0.00397225839476522
2069-10-10,0.0039712707520496
2069-10-11,0.00397028343270218
2069-10-12,0.00396929624192674
2069-10-13,0.0039683094517273
2069-10-14,0.00396732278913067
2069-10-15,0.00396633638820063
2069-10-16,0.00396535026573552
2069-10-17,0.00396436431674563
2069-10-18,0.00396337870727621
2069-10-19,0.00396239318987467
2069-10-20,0.00396140805625075
2069-10-21,0.00396042305701364
2069-10-22,0.00395943837016118
2069-10-23,0.00395845391880862
2069-10-24,0.00395746969487987
2069-10-25,0.0039564857012823
2069-10-26,0.00395550193510852
2069-10-27,0.0039545184596754
2069-10-28,0.00395353526852199
2069-10-29,0.0039525521933418
2069-10-30,0.00395156944152981
2069-10-31,0.0703672320591494
2069-11-01,0.298184827847385
2069-11-02,0.364181698159135
2069-11-03,1.08804200930848
2069-11-04,0.385632780118752
2069-11-05,0.0265331571950972
2069-11-06,0.010222710913355
2069-11-07,0.0230269791616873
2069-11-08,0.011442417023402
2069-11-09,0.00952144531464563
2069-11-10,0.00761408812556938
2069-11-11,0.00765597259931192
2069-11-12,0.00766770238314162
2069-11-13,0.00765578601204571
2069-11-14,0.00763722269979415
2069-11-15,0.0076240569350859
2069-11-16,0.0076159201343641
2069-11-17,0.0624842305665552
2069-11-18,0.0111799983633844
2069-11-19,0.00762009859004354
2069-11-20,0.00762911484701914
2069-11-21,0.00764271027678612
2069-11-22,0.0507407268653857
2069-11-23,0.432466197285715
2069-11-24,0.0978090481072572
2069-11-25,0.034704798274034
2069-11-26,0.0371001784783978
2069-11-27,0.0178103353010338
2069-11-28,0.0517933079089431
2069-11-29,0.443482445970338
2069-11-30,0.193482168008592
2069-12-01,0.00964161632808
2069-12-02,0.0954442022949654
2069-12-03,0.649096929867007
2069-12-04,7.86414138576804
2069-12-05,0.66777862208707
2069-12-06,0.0126606695584025
2069-12-07,0.0137102149456563
2069-12-08,0.0728723185945502
2069-12-09,0.121950488130239
2069-12-10,0.112486581693067
2069-12-11,0.056272747489433
2069-12-12,0.0466383364408945
2069-12-13,0.153840194624042
2069-12-14,0.113548730072323
2069-12-15,0.151212855876479
2069-12-16,0.105822861825335
2069-12-17,0.106003065701625
2069-12-18,0.426852101810307
2069-12-19,0.634917566563771
2069-12-20,0.221481206940006
2069-12-21,0.23942571919471
2069-12-22,0.241396430673653
2069-12-23,0.238613919941425
2069-12-24,0.233861883826872
2069-12-25,0.224830513786726
2069-12-26,0.224151054533207
2069-12-27,0.518340164584001
2069-12-28,0.277668244244334
2069-12-29,0.277639239145948
2069-12-30,0.283886723470346
2069-12-31,0.276506512994865
2070-01-01,0.230217615331814
2070-01-02,0.217845108240768
2070-01-03,0.20630905346116
2070-01-04,0.1963900950828
2070-01-05,0.207251868340669
2070-01-06,0.23213038889112
2070-01-07,0.234669166023088
2070-01-08,0.305461204673173
2070-01-09,0.43292832453282
2070-01-10,0.503875999537215
2070-01-11,0.505467840137255
2070-01-12,0.509622819502047
2070-01-13,0.395429808652149
2070-01-14,0.406971832351338
2070-01-15,0.382610632321949
2070-01-16,0.366128432225801
2070-01-17,0.346678843554649
2070-01-18,0.333683472390499
2070-01-19,0.351394456760455
2070-01-20,0.416964260314178
2070-01-21,0.344900861564371
2070-01-22,0.377203453441925
2070-01-23,0.351998234681174
2070-01-24,0.352471936364927
2070-01-25,0.328225231424295
2070-01-26,0.319118577526344
2070-01-27,0.312886725981905
2070-01-28,0.371372136656464
2070-01-29,0.439673566148143
2070-01-30,0.475581781745834
2070-01-31,0.550188288369732
2070-02-01,0.482697922111975
2070-02-02,0.445327666819595
2070-02-03,0.456376019598186
2070-02-04,0.431252834980967
2070-02-05,0.493269986285605
2070-02-06,0.406068975762805
2070-02-07,0.417993874179863
2070-02-08,0.409702760575724
2070-02-09,0.416670825830849
2070-02-10,0.384849593091869
2070-02-11,0.378447872931166
2070-02-12,0.395578523142302
2070-02-13,0.487926593571274
2070-02-14,0.440373228372196
2070-02-15,0.521954992927265
2070-02-16,0.581007293055645
2070-02-17,0.826573921568158
2070-02-18,0.941430199895476
2070-02-19,0.77502827677379
2070-02-20,0.732600069173398
2070-02-21,0.824821150174309
2070-02-22,0.855123835754396
2070-02-23,0.924749213709309
2070-02-24,0.992835244165136
2070-02-25,0.996183167379477
2070-02-26,1.4951061543698
2070-02-27,1.8454286029481
2070-02-28,2.0124863468764
2070-03-01,1.79189370649512
2070-03-02,1.65602300195384
2070-03-03,1.3696317437683
2070-03-04,0.719562596686256
2070-03-05,1.14506444310856
2070-03-06,1.51980697127299
2070-03-07,1.93775201400599
2070-03-08,1.71975965010081
2070-03-09,0.68987578055565
2070-03-10,0.837840014078399
2070-03-11,0.970037397981124
2070-03-12,0.804459842366048
2070-03-13,0.770060440106624
2070-03-14,0.8925302705652
2070-03-15,0.873299514330999
2070-03-16,0.601674967049543
2070-03-17,0.639479617064871
2070-03-18,0.635834683796772
2070-03-19,0.961341435362494
2070-03-20,0.745606800962862
2070-03-21,0.606156452760967
2070-03-22,0.6319507680488
2070-03-23,0.605810398098661
2070-03-24,0.58011702306632
2070-03-25,0.608029937632741
2070-03-26,0.602995051785192
2070-03-27,0.586756473255891
2070-03-28,0.593731000576475
2070-03-29,0.738242894505496
2070-03-30,0.667563147091035
2070-03-31,0.656553445776504
2070-04-01,0.69650729785758
2070-04-02,0.616333240415363
2070-04-03,0.606078312804797
2070-04-04,0.675280487390189
2070-04-05,0.72737698279241
2070-04-06,0.738841960213587
2070-04-07,0.727937062698013
2070-04-08,0.749389596155201
2070-04-09,0.767482137216196
2070-04-10,0.780346654564986
2070-04-11,0.569032372030622
2070-04-12,0.467820806381339
2070-04-13,0.464952400784088
2070-04-14,0.46174866889368
2070-04-15,0.456012453379448
2070-04-16,0.472292632213651
2070-04-17,0.479102164002916
2070-04-18,0.745231487349587
2070-04-19,0.459714220370449
2070-04-20,0.363436346122314
2070-04-21,0.36585672218757
2070-04-22,0.376286356990984
2070-04-23,0.373006991391717
2070-04-24,0.359750546584269
2070-04-25,0.384945886970591
2070-04-26,0.351421817960691
2070-04-27,0.384003812640772
2070-04-28,0.383982198676826
2070-04-29,0.488506119482015
2070-04-30,0.414548549623871
2070-05-01,0.413196764789108
2070-05-02,0.371249705459577
2070-05-03,0.366480747194177
2070-05-04,0.350349517099331
2070-05-05,0.330973398360409
2070-05-06,0.300357658164897
2070-05-07,0.284336156017364
2070-05-08,0.2661035629075
2070-05-09,0.249893299108468
2070-05-10,0.241392787776646
2070-05-11,0.26319885697558
2070-05-12,0.388491754832044
2070-05-13,0.262299024124022
2070-05-14,0.275067734518217
2070-05-15,0.242258560723931
2070-05-16,0.200213661081619
2070-05-17,0.219814874050071
2070-05-18,0.247999553464367
2070-05-19,0.260045929604563
2070-05-20,0.26984155511573
2070-05-21,0.243254353360979
2070-05-22,0.230255021908436
2070-05-23,0.155240109712288
2070-05-24,0.108623584519103
2070-05-25,0.0980352522574764
2070-05-26,0.0893999386417179
2070-05-27,0.0841193016041671
2070-05-28,0.0844713132978375
2070-05-29,0.084184701520988
2070-05-30,0.0780230319689291
2070-05-31,0.0660056623726961
2070-06-01,0.0856449435104738
2070-06-02,0.0716099862739325
2070-06-03,0.0594995368115879
2070-06-04,0.0531923183223671
2070-06-05,0.0541040603226271
2070-06-06,0.0531322464183023
2070-06-07,0.0539647545319844
2070-06-08,0.0573528038712348
2070-06-09,0.0575687343340134
2070-06-10,0.0480765365458438
2070-06-11,0.0247108108817095
2070-06-12,0.0228290799509119
2070-06-13,0.0213100071377575
2070-06-14,0.0198158037958254
2070-06-15,0.0177004327696308
2070-06-16,0.0156824405227316
2070-06-17,0.0140525568290172
2070-06-18,0.0127235706047088
2070-06-19,0.0116216205046699
2070-06-20,0.0107584129815714
2070-06-21,0.0100399845878913
2070-06-22,0.0093718243574284
2070-06-23,0.00875555867630526
2070-06-24,0.00815857916702455
2070-06-25,0.00760733494384561
2070-06-26,0.00713054086532946
2070-06-27,0.00671016115352934
2070-06-28,0.00634405729001902
2070-06-29,0.00603309587307558
2070-06-30,0.00577194614751396
2070-07-01,0.0146033880488434
2070-07-02,0.0141398777227496
2070-07-03,0.0137595625033458
2070-07-04,0.013373397114049
2070-07-05,0.0129580910381073
2070-07-06,0.0125619730450369
2070-07-07,0.0121871736813625
2070-07-08,0.0118623558114735
2070-07-09,0.0115858895577915
2070-07-10,0.0113187852369293
2070-07-11,0.0110458728133816
2070-07-12,0.0107690198075894
2070-07-13,0.010488916288308
2070-07-14,0.0102282347921201
2070-07-15,0.00998574525137019
2070-07-16,0.00974671693172508
2070-07-17,0.0095166398540645
2070-07-18,0.00930051222009849
2070-07-19,0.00910146629179763
2070-07-20,0.00891694981169649
2070-07-21,0.0103775569239755
2070-07-22,0.00861533346435391
2070-07-23,0.00847594375275833
2070-07-24,0.00834568763790228
2070-07-25,0.00823127125979608
2070-07-26,0.00812837798398767
2070-07-27,0.00804018595102118
2070-07-28,0.00796648365755386
2070-07-29,0.00833042252733
2070-07-30,0.00784469717376125
2070-07-31,0.00779250547888504
2070-08-01,0.00828247240611794
2070-08-02,0.00863578699673295
2070-08-03,0.00821507168802183
2070-08-04,0.00818514446145626
2070-08-05,0.0100152099301528
2070-08-06,0.00814202527097955
2070-08-07,0.0081234157112631
2070-08-08,0.00810638837941187
2070-08-09,0.00809349167070961
2070-08-10,0.00808108911950283
2070-08-11,0.00806961630727392
2070-08-12,0.00806095000008459
2070-08-13,0.00805008209087538
2070-08-14,0.0228674294293046
2070-08-15,0.00803303695758075
2070-08-16,0.00802545565478325
2070-08-17,0.00801861911135814
2070-08-18,0.00801243026120181
2070-08-19,0.00800722397844519
2070-08-20,0.00800303539413875
2070-08-21,0.00799928337712683
2070-08-22,0.00799584577800518
2070-08-23,0.00799257665443568
2070-08-24,0.00798946954245314
2070-08-25,0.00802111637082888
2070-08-26,0.00798372588927856
2070-08-27,0.0188662129706343
2070-08-28,0.00797854332794607
2070-08-29,0.00797605241176791
2070-08-30,0.00797354382120372
2070-08-31,0.0079711753027983
2070-09-01,0.00294878401054747
2070-09-02,0.00294797723667142
2070-09-03,0.00294718488339421
2070-09-04,0.0109992701341924
2070-09-05,0.0060565111279314
2070-09-06,0.00294486865742936
2070-09-07,0.00294406181810931
2070-09-08,0.00294325116224597
2070-09-09,0.00294245392122283
2070-09-10,0.00294168508313509
2070-09-11,0.00294094242524914
2070-09-12,0.00294021117730142
2070-09-13,0.00293948001724239
2070-09-14,0.00293874920401299
2070-09-15,0.00293801847300205
2070-09-16,0.00293728784452792
2070-09-17,0.00293655756926242
2070-09-18,0.0087500203314141
2070-09-19,0.00293509737572022
2070-09-20,0.00293436754415092
2070-09-21,0.00293363798829699
2070-09-22,0.00296799138299094
2070-09-23,0.0171734907210347
2070-09-24,0.00336566495049368
2070-09-25,0.00293072126914839
2070-09-26,0.00292999249980384
2070-09-27,0.00292926400428457
2070-09-28,0.00292853562760408
2070-09-29,0.00847430078457678
2070-09-30,0.0029270794244925
2070-10-01,0.00400128627340976
2070-10-02,0.00400029137186957
2070-10-03,0.00858162688336307
2070-10-04,0.00399830235443499
2070-10-05,0.00399730806409622
2070-10-06,0.00399631422569762
2070-10-07,0.00399532061343063
2070-10-08,0.0106067216594896
2070-10-09,0.00399333396520919
2070-10-10,0.00766361448039356
2070-10-11,0.00414347523258004
2070-10-12,0.00399035598154301
2070-10-13,0.00398936387854296
2070-10-14,0.00398837188796265
2070-10-15,0.0039873802556394
2070-10-16,0.00398638882457328
2070-10-17,0.00398539773399675
2070-10-18,0.00398440679557449
2070-10-19,0.0105781971019916
2070-10-20,0.00403268933734168
2070-10-21,0.00398143550863432
2070-10-22,0.00398044556906767
2070-10-23,0.00397945593671697
2070-10-24,0.104287371770352
2070-10-25,0.295157274293454
2070-10-26,0.00398481841098615
2070-10-27,0.00400415593842094
2070-10-28,0.00402465082648031
2070-10-29,0.00404382834835869
2070-10-30,0.00406065959684481
2070-10-31,0.00407482977832809
2070-11-01,0.0202664527774077
2070-11-02,0.00521613335096214
2070-11-03,0.00628519061440193
2070-11-04,0.00522069011317917
2070-11-05,0.170102484617619
2070-11-06,0.321267213236795
2070-11-07,0.423013493742838
2070-11-08,0.0518816857559707
2070-11-09,0.0155570568964475
2070-11-10,0.0118884979989098
2070-11-11,0.00832024788104851
2070-11-12,0.00668233389167927
2070-11-13,0.00879931742743832
2070-11-14,0.01084778712858
2070-11-15,0.00680730432323387
2070-11-16,0.0068398247897657
2070-11-17,0.00686417749002242
2070-11-18,0.0493079426350846
2070-11-19,0.226640446594179
2070-11-20,0.450253671365056
2070-11-21,0.294683436039847
2070-11-22,0.027013852620471
2070-11-23,0.53596382751462
2070-11-24,0.148633966363547
2070-11-25,0.0190249198279066
2070-11-26,0.0310492277694479
2070-11-27,0.143411520295516
2070-11-28,0.3022095588518
2070-11-29,0.185837635808588
2070-11-30,0.0692130327587686
2070-12-01,0.228977843938342
2070-12-02,0.140179582314796
2070-12-03,0.0780344442047398
2070-12-04,0.0393429122587389
2070-12-05,0.0405961976529023
2070-12-06,0.026634172775951
2070-12-07,0.0530339042448116
2070-12-08,0.0591060192002655
2070-12-09,0.0760977749113948
2070-12-10,0.335856821506822
2070-12-11,0.712630752330771
2070-12-12,0.654170295458347
2070-12-13,0.215271390652966
2070-12-14,0.089288758808193
2070-12-15,0.111252203415998
2070-12-16,0.0891340083471344
2070-12-17,0.113732246850931
2070-12-18,0.349458784981337
2070-12-19,0.249062542943053
2070-12-20,0.210075217894311
2070-12-21,0.222849057750295
2070-12-22,0.666215174769872
2070-12-23,0.556779801639324
2070-12-24,0.38455635898659
2070-12-25,0.398376540932664
2070-12-26,0.390916243427178
2070-12-27,0.375036333175165
2070-12-28,0.352730485131628
2070-12-29,0.334960354326826
2070-12-30,0.370779217968811
2070-12-31,0.32822837562572
2071-01-01,0.302499157470151
2071-01-02,0.296503487419945
2071-01-03,0.276437442986186
2071-01-04,0.263559246413009
2071-01-05,0.271095254672381
2071-01-06,0.279675673503238
2071-01-07,0.277177019556932
2071-01-08,0.251826788683891
2071-01-09,0.246857869017815
2071-01-10,0.231639697461505
2071-01-11,0.243745680490383
2071-01-12,0.265040733691021
2071-01-13,0.346450837425782
2071-01-14,0.344548095710607
2071-01-15,0.349779756847393
2071-01-16,0.367210840987579
2071-01-17,0.359937011412142
2071-01-18,0.412568491981367
2071-01-19,0.468583925401539
2071-01-20,0.53811570658874
2071-01-21,1.2026227592834
2071-01-22,4.58813427215169
2071-01-23,3.99763245483643
2071-01-24,1.0220701551173
2071-01-25,0.952197607687807
2071-01-26,0.962677701593842
2071-01-27,1.00366941866246
2071-01-28,1.00037903291866
2071-01-29,0.958336472122678
2071-01-30,0.852998185294551
2071-01-31,0.880066518283267
2071-02-01,0.651285759957239
2071-02-02,0.670562078627884
2071-02-03,0.607719029293951
2071-02-04,0.590113271508308
2071-02-05,0.5442368904471
2071-02-06,0.582870379731192
2071-02-07,0.639450324220376
2071-02-08,0.613325929995712
2071-02-09,0.546630861557885
2071-02-10,0.453820918732081
2071-02-11,0.432960619472228
2071-02-12,0.408589426712855
2071-02-13,0.383364594397937
2071-02-14,0.396164351777758
2071-02-15,0.385310071717504
2071-02-16,0.367938482473509
2071-02-17,0.37418790047264
2071-02-18,0.32771046738693
2071-02-19,0.334327203049766
2071-02-20,0.339950275824156
2071-02-21,0.318205141869685
2071-02-22,0.292941075357818
2071-02-23,0.290540447717214
2071-02-24,0.370548483622914
2071-02-25,0.345904911832033
2071-02-26,0.362363173339652
2071-02-27,0.37418946827302
2071-02-28,0.344387225885616
2071-03-01,0.298477521429768
2071-03-02,0.286173626811845
2071-03-03,0.293161424434203
2071-03-04,0.262000329392953
2071-03-05,0.249062451358109
2071-03-06,0.235374705278037
2071-03-07,0.224795743741963
2071-03-08,0.211368253222847
2071-03-09,0.207531373138114
2071-03-10,0.191000850450195
2071-03-11,0.205063246634972
2071-03-12,0.243421933037404
2071-03-13,0.226976833588633
2071-03-14,0.254025621662911
2071-03-15,0.259576367709504
2071-03-16,0.255536461793635
2071-03-17,0.320549429727007
2071-03-18,0.382811040975236
2071-03-19,0.510613910457203
2071-03-20,0.621967832151431
2071-03-21,0.632947123639458
2071-03-22,0.58766980154317
2071-03-23,0.577466429903809
2071-03-24,0.661458549858506
2071-03-25,0.727971554890587
2071-03-26,0.702124133164462
2071-03-27,0.723821434350688
2071-03-28,0.721015158718252
2071-03-29,0.663210463225882
2071-03-30,0.766356942893701
2071-03-31,1.04800673543088
2071-04-01,0.750167454780886
2071-04-02,1.09465719684849
2071-04-03,1.43525527583991
2071-04-04,1.57236928834909
2071-04-05,1.38516065378076
2071-04-06,1.38621677462761
2071-04-07,1.33312045544059
2071-04-08,1.10908987399349
2071-04-09,1.20440088838639
2071-04-10,1.06614431594824
2071-04-11,0.894206838181945
2071-04-12,1.18966482951189
2071-04-13,1.33755760445957
2071-04-14,1.17359762162996
2071-04-15,0.729835176972267
2071-04-16,0.841846793838128
2071-04-17,1.5379221919026
2071-04-18,1.18123404913168
2071-04-19,0.506862812090448
2071-04-20,0.565234529218828
2071-04-21,0.590497628267917
2071-04-22,0.56453228003164
2071-04-23,0.622197447512423
2071-04-24,0.749574950111313
2071-04-25,0.659730586021685
2071-04-26,0.589200561433856
2071-04-27,0.649532827554571
2071-04-28,0.461091399755043
2071-04-29,0.406099456553018
2071-04-30,0.405787309302877
2071-05-01,0.386647525489594
2071-05-02,0.412692117737462
2071-05-03,0.415961956976108
2071-05-04,0.358079382197029
2071-05-05,0.35734460837743
2071-05-06,0.346917099408612
2071-05-07,0.338739013758431
2071-05-08,0.364379223043936
2071-05-09,0.436041208109029
2071-05-10,0.447562102422718
2071-05-11,0.435401875994133
2071-05-12,0.403461727588996
2071-05-13,0.350554943905354
2071-05-14,0.252661797423946
2071-05-15,0.304328901486882
2071-05-16,0.348920605638613
2071-05-17,0.413465545969511
2071-05-18,0.533049456334408
2071-05-19,0.373384339316396
2071-05-20,0.283018523352938
2071-05-21,0.201619453460798
2071-05-22,0.229425412093395
2071-05-23,0.170320086402648
2071-05-24,0.175684182558132
2071-05-25,0.175458444342155
2071-05-26,0.17818556958509
2071-05-27,0.155130288510358
2071-05-28,0.152422806784042
2071-05-29,0.151949901133953
2071-05-30,0.1315301781392
2071-05-31,0.118204298614101
2071-06-01,0.151416933116588
2071-06-02,0.135440936257724
2071-06-03,0.119784599240212
2071-06-04,0.104615771396786
2071-06-05,0.095076108115238
2071-06-06,0.0916527663193916
2071-06-07,0.0860486236587167
2071-06-08,0.0817158841426036
2071-06-09,0.111354761772268
2071-06-10,0.0678078533902193
2071-06-11,0.056471652156076
2071-06-12,0.0321574517941059
2071-06-13,0.0286974052881761
2071-06-14,0.0271673364627989
2071-06-15,0.0252952298571032
2071-06-16,0.0230193028493651
2071-06-17,0.0205887078344424
2071-06-18,0.0183103125896334
2071-06-19,0.0162821586503165
2071-06-20,0.0145587966987975
2071-06-21,0.0130976054859206
2071-06-22,0.0118357122803445
2071-06-23,0.0106875001704801
2071-06-24,0.00964781518848705
2071-06-25,0.00877403250273781
2071-06-26,0.00806889630149202
2071-06-27,0.0075433096348457
2071-06-28,0.00716580289965102
2071-06-29,0.00697476170677544
2071-06-30,0.00652873753454226
2071-07-01,0.0164436449428742
2071-07-02,0.0158572912501075
2071-07-03,0.0154120107768574
2071-07-04,0.0150490310989113
2071-07-05,0.0146787108336529
2071-07-06,0.0142981993492022
2071-07-07,0.0139144108783971
2071-07-08,0.0135371746263557
2071-07-09,0.013168510163134
2071-07-10,0.0127890245658373
2071-07-11,0.0124084037154888
2071-07-12,0.0120458182857381
2071-07-13,0.0116998156406773
2071-07-14,0.0113666504845791
2071-07-15,0.0110444110301947
2071-07-16,0.0107431104509556
2071-07-17,0.0104783463770295
2071-07-18,0.010238802900467
2071-07-19,0.00999726214615917
2071-07-20,0.00976008959683577
2071-07-21,0.00953486888967475
2071-07-22,0.00932215584433018
2071-07-23,0.00913030646954383
2071-07-24,0.00895709761513805
2071-07-25,0.00879085835993612
2071-07-26,0.00863347543354526
2071-07-27,0.0084894152099141
2071-07-28,0.00835932125972805
2071-07-29,0.00824555072299723
2071-07-30,0.00814324825673786
2071-07-31,0.00805026737180295
2071-08-01,0.00851918776850179
2071-08-02,0.00844785174895104
2071-08-03,0.00984750248657408
2071-08-04,0.00833804353992721
2071-08-05,0.00829628730306774
2071-08-06,0.00826125841752952
2071-08-07,0.00823146794941474
2071-08-08,0.00822442068161891
2071-08-09,0.0081834157657844
2071-08-10,0.00816007989571054
2071-08-11,0.00813733869574749
2071-08-12,0.00849486080030538
2071-08-13,0.00810046852827714
2071-08-14,0.00808673191400627
2071-08-15,0.00807573350280563
2071-08-16,0.0080668914924777
2071-08-17,0.00805977949181215
2071-08-18,0.00805363258591975
2071-08-19,0.00804777701624983
2071-08-20,0.00804178894806342
2071-08-21,0.00803535938671416
2071-08-22,0.0080292100194838
2071-08-23,0.00802369029124099
2071-08-24,0.00801790553531829
2071-08-25,0.00801210502683252
2071-08-26,0.00800698572220542
2071-08-27,0.00800263365589401
2071-08-28,0.00799862657467283
2071-08-29,0.00799486295776771
2071-08-30,0.00799133495571315
2071-08-31,0.00798808023815374
2071-09-01,0.00295475267222942
2071-09-02,0.00295367784631479
2071-09-03,0.00295263695158227
2071-09-04,0.00295162855369765
2071-09-05,0.00295065041079023
2071-09-06,0.00295323710029901
2071-09-07,0.00294881135432951
2071-09-08,0.00294791519149984
2071-09-09,0.00294703075921314
2071-09-10,0.00294617447304729
2071-09-11,0.0029453506085987
2071-09-12,0.002944557852262
2071-09-13,0.00294378441655557
2071-09-14,0.00294301204543648
2071-09-15,0.00294224006792649
2071-09-16,0.00294146964925967
2071-09-17,0.00294071522515549
2071-09-18,0.00293998095048149
2071-09-19,0.00293924993784868
2071-09-20,0.00293851905893901
2071-09-21,0.00293778841652554
2071-09-22,0.00293705793004365
2071-09-23,0.00293632759524064
2071-09-24,0.0029355974907911
2071-09-25,0.0029348676037007
2071-09-26,0.00293413779197725
2071-09-27,0.00293340827321612
2071-09-28,0.00293267885273914
2071-09-29,0.00293194967939008
2071-09-30,0.00293122064897828
2071-10-01,0.0106236075035758
2071-10-02,0.00400595081573301
2071-10-03,0.00400495474541546
2071-10-04,0.00400395891705872
2071-10-05,0.00400296333583151
2071-10-06,0.00400196800367212
2071-10-07,0.00400097289312172
2071-10-08,0.00399997810852385
2071-10-09,0.00399898349578603
2071-10-10,0.00399798911208722
2071-10-11,0.0039969950217134
2071-10-12,0.00399600124437032
2071-10-13,0.00399500761272063
2071-10-14,0.00399401419008115
2071-10-15,0.00399302110082425
2071-10-16,0.0039920282393142
2071-10-17,0.00399628264351129
2071-10-18,0.00399004323668478
2071-10-19,0.0290848660114094
2071-10-20,0.00398805929235128
2071-10-21,0.00398706757765151
2071-10-22,0.00398607627128082
2071-10-23,0.00398554658674232
2071-10-24,0.00407421608428234
2071-10-25,0.00398310352740702
2071-10-26,0.00398211313913065
2071-10-27,0.00398112299249207
2071-10-28,0.00398013313756324
2071-10-29,0.00397914347839979
2071-10-30,0.00397815403406135
2071-10-31,0.00397716491729071
2071-11-01,0.0050372315145572
2071-11-02,0.00503597911704392
2071-11-03,0.00503472690819526
2071-11-04,0.00503347497559092
2071-11-05,0.0050322233630207
2071-11-06,0.00503097217075106
2071-11-07,0.0161546704064696
2071-11-08,0.00502847054496277
2071-11-09,0.00502722028046471
2071-11-10,0.00502597016125071
2071-11-11,0.00502472054214117
2071-11-12,0.00502347117717639
2071-11-13,0.00502222216171182
2071-11-14,0.00502097337460917
2071-11-15,0.00501972481382226
2071-11-16,0.00501847670443895
2071-11-17,0.00501722893391534
2071-11-18,0.00501598131563301
2071-11-19,0.00501473407263368
2071-11-20,0.00501348723520192
2071-11-21,0.00501224057252025
2071-11-22,0.0286625938024678
2071-11-23,0.0313394230464096
2071-11-24,0.00599951166567726
2071-11-25,0.00510366065665236
2071-11-26,0.00500601289081224
2071-11-27,0.00500476857354697
2071-11-28,0.00500352455871802
2071-11-29,0.00516054152881513
2071-11-30,0.00500103796716749
2071-12-01,0.00399098785337322
2071-12-02,0.003989996194865
2071-12-03,0.0188324021254497
2071-12-04,0.0119258684733486
2071-12-05,0.00524737093675856
2071-12-06,0.00659806200168413
2071-12-07,0.00539529082262319
2071-12-08,0.00398405495235487
2071-12-09,0.00398306679745088
2071-12-10,0.00398207924657155
2071-12-11,0.0105192734315101
2071-12-12,0.0449484276262781
2071-12-13,0.00812437347688315
2071-12-14,0.00513573375725997
2071-12-15,0.00632328825098919
2071-12-16,0.00808933196045542
2071-12-17,0.00448147201376013
2071-12-18,0.00598098656613223
2071-12-19,0.0187093504882279
2071-12-20,0.0133888184087412
2071-12-21,0.00507526838426032
2071-12-22,0.00439925062889243
2071-12-23,0.00458354189710123
2071-12-24,0.00430360110765514
2071-12-25,0.00400693973207672
2071-12-26,0.00551757296839292
2071-12-27,0.00589747201449987
2071-12-28,0.00638259416848208
2071-12-29,0.00739388453056735
2071-12-30,0.00631825559775596
2071-12-31,0.0057663139282603
2072-01-01,0.00339275036429186
2072-01-02,0.00341291980701028
2072-01-03,0.00339165037010032
2072-01-04,0.00351943974347429
2072-01-05,0.0037175921274272
2072-01-06,0.0153526066522542
2072-01-07,0.0166850004500931
2072-01-08,0.00556394084787346
2072-01-09,0.00799549211692013
2072-01-10,0.00338834425139807
2072-01-11,0.00343128996459769
2072-01-12,0.00373730282463493
2072-01-13,0.00382977518985395
2072-01-14,0.00563673837637067
2072-01-15,0.00700729483145664
2072-01-16,0.00421046575303184
2072-01-17,0.00382953351087033
2072-01-18,0.00338678585925593
2072-01-19,0.00338674871618095
2072-01-20,0.00338672487461998
2072-01-21,0.00338670838998103
2072-01-22,0.00338668322137239
2072-01-23,0.00338664061044709
2072-01-24,0.00338657186233052
2072-01-25,0.0033864836578382
2072-01-26,0.0033863892755558
2072-01-27,0.00338628731433796
2072-01-28,0.00338614907796675
2072-01-29,0.00338597010520201
2072-01-30,0.00338575957409121
2072-01-31,0.00338551518480982
2072-02-01,0.00234590698092941
2072-02-02,0.00234569748442812
2072-02-03,0.003805947124305
2072-02-04,0.00332243702171136
2072-02-05,0.00236522033053055
2072-02-06,0.00234477166865355
2072-02-07,0.00234451866853815
2072-02-08,0.00234424542538302
2072-02-09,0.002343952241271
2072-02-10,0.00234364569498171
2072-02-11,0.00234332364248251
2072-02-12,0.00234298623684938
2072-02-13,0.00234263443296645
2072-02-14,0.0023422691213872
2072-02-15,0.00234188660019169
2072-02-16,0.00235257623872578
2072-02-17,0.00234110589308932
2072-02-18,0.0124344523564743
2072-02-19,0.00234019008712789
2072-02-20,0.00233972907496076
2072-02-21,0.0113570935822751
2072-02-22,0.248580907895407
2072-02-23,0.384378062522611
2072-02-24,0.36741522023652
2072-02-25,0.455215356026066
2072-02-26,0.430116366173009
2072-02-27,0.0712695522392222
2072-02-28,0.0487551421537614
2072-02-29,0.050510029505736
2072-03-01,0.0385249845875054
2072-03-02,0.0452442698537681
2072-03-03,0.0282579046801385
2072-03-04,0.02851986553368
2072-03-05,0.021440933821614
2072-03-06,0.00896622718012016
2072-03-07,0.0118912259808829
2072-03-08,0.0164974869184101
2072-03-09,0.0118329072058016
2072-03-10,0.00729541465790692
2072-03-11,0.00601566330788948
2072-03-12,0.00586699918085739
2072-03-13,0.00628564582036863
2072-03-14,0.00581038429961637
2072-03-15,0.0046520268352858
2072-03-16,0.00461483778186433
2072-03-17,0.00457860165239675
2072-03-18,0.00454293648920554
2072-03-19,0.00451083191344877
2072-03-20,0.0872720110734687
2072-03-21,0.173182123213227
2072-03-22,0.0643447153278374
2072-03-23,0.00782518543394386
2072-03-24,0.0340384075039556
2072-03-25,0.0325412124352398
2072-03-26,0.0449414402663674
2072-03-27,0.0411443889404409
2072-03-28,0.0584502280831396
2072-03-29,0.0414172237473942
2072-03-30,0.0131494515441493
2072-03-31,0.00736386634113158
2072-04-01,0.00752229711157228
2072-04-02,0.00657536245608119
2072-04-03,0.00572108386617157
2072-04-04,0.00515236412023203
2072-04-05,0.00559654835092643
2072-04-06,0.0665905011191487
2072-04-07,0.0987492292811634
2072-04-08,0.164226981581159
2072-04-09,0.0152615179364736
2072-04-10,0.00883213908049451
2072-04-11,0.00724680988669692
2072-04-12,0.00674305765055721
2072-04-13,0.0103805601367245
2072-04-14,0.0143363447801489
2072-04-15,0.0070392419139763
2072-04-16,0.0709392735132341
2072-04-17,0.109264960834459
2072-04-18,0.0405794748442328
2072-04-19,0.0460202177961989
2072-04-20,0.0656903963624976
2072-04-21,0.258225158783192
2072-04-22,0.126719947707038
2072-04-23,0.0634588555716177
2072-04-24,0.118218343879315
2072-04-25,0.0609322827193756
2072-04-26,0.0880838031057555
2072-04-27,0.109397624762275
2072-04-28,0.0989625900124406
2072-04-29,0.0802213697748302
2072-04-30,0.117739023694575
2072-05-01,0.0907927289840157
2072-05-02,0.100432134069708
2072-05-03,0.0998474342282125
2072-05-04,0.0921801844123312
2072-05-05,0.0885965428032224
2072-05-06,0.0821038689877379
2072-05-07,0.0711154876977547
2072-05-08,0.0628249102659619
2072-05-09,0.0546643370004965
2072-05-10,0.046375791516459
2072-05-11,0.0387377207803146
2072-05-12,0.0320879286371564
2072-05-13,0.0262907878799328
2072-05-14,0.021341216161038
2072-05-15,0.0176313118835749
2072-05-16,0.0151639529041447
2072-05-17,0.0130689086810174
2072-05-18,0.0111265379304532
2072-05-19,0.00975668079590289
2072-05-20,0.00873627230493849
2072-05-21,0.00793509409984938
2072-05-22,0.00731007481576053
2072-05-23,0.00679715388970686
2072-05-24,0.00638633764279976
2072-05-25,0.0061284888350196
2072-05-26,0.00586241854738455
2072-05-27,0.00564955513879356
2072-05-28,0.00547383249684087
2072-05-29,0.00533938783813714
2072-05-30,0.00523403493408508
2072-05-31,0.00514716839006534
2072-06-01,0.00744988815377307
2072-06-02,0.00726132949077905
2072-06-03,0.00712656342936529
2072-06-04,0.00701287556880505
2072-06-05,0.00691680141082032
2072-06-06,0.00681541352839761
2072-06-07,0.00670424024893861
2072-06-08,0.00659458758871334
2072-06-09,0.00648430192473956
2072-06-10,0.00636236660982486
2072-06-11,0.00623306317541909
2072-06-12,0.00609248340026672
2072-06-13,0.00594689718405828
2072-06-14,0.00580979672767447
2072-06-15,0.00569247510081783
2072-06-16,0.00559178492816528
2072-06-17,0.00548341658379691
2072-06-18,0.00536373671956064
2072-06-19,0.00523808521391513
2072-06-20,0.00512484454920308
2072-06-21,0.00495871416248316
2072-06-22,0.00479763213942741
2072-06-23,0.00463881529299701
2072-06-24,0.00448824955195761
2072-06-25,0.0043454734144699
2072-06-26,0.00421681296655472
2072-06-27,0.0041018138130088
2072-06-28,0.00399335459950798
2072-06-29,0.00389320962346992
2072-06-30,0.00380224456257236
2072-07-01,0.0097652926451406
2072-07-02,0.00954095679024736
2072-07-03,0.00932591343499891
2072-07-04,0.00912470792688225
2072-07-05,0.00893797961301564
2072-07-06,0.00876752678377843
2072-07-07,0.00861478345553953
2072-07-08,0.00848298369795349
2072-07-09,0.00836041245625437
2072-07-10,0.00824587665753169
2072-07-11,0.00814093665299521
2072-07-12,0.00803946050585803
2072-07-13,0.0143642056842915
2072-07-14,0.00787732859331359
2072-07-15,0.00780899866122348
2072-07-16,0.00774870427187437
2072-07-17,0.00769718249987548
2072-07-18,0.00765324411892857
2072-07-19,0.0076192709598864
2072-07-20,0.00759363039417703
2072-07-21,0.00757255932197508
2072-07-22,0.00755505885111333
2072-07-23,0.00753985505036859
2072-07-24,0.0075271381224453
2072-07-25,0.00751766538401089
2072-07-26,0.00751023453363056
2072-07-27,0.00750416445209087
2072-07-28,0.00749914604595823
2072-07-29,0.00749535456818193
2072-07-30,0.00749230849087845
2072-07-31,0.00748944107465023
2072-08-01,0.00800170899601955
2072-08-02,0.00799898448833191
2072-08-03,0.00799629209551822
2072-08-04,0.00799374907303842
2072-08-05,0.00799143846024277
2072-08-06,0.00798929650113503
2072-08-07,0.00798723827476615
2072-08-08,0.00798518806769818
2072-08-09,0.00798314220420541
2072-08-10,0.00798109715349689
2072-08-11,0.00797905339123971
2072-08-12,0.00797701734564424
2072-08-13,0.00797498516348749
2072-08-14,0.00797294888548552
2072-08-15,0.0079709367873359
2072-08-16,0.00796895489692238
2072-08-17,0.00796697329765545
2072-08-18,0.00796499222704943
2072-08-19,0.00796301168829673
2072-08-20,0.00796103167501258
2072-08-21,0.00795905217889669
2072-08-22,0.00795707309587696
2072-08-23,0.00795509465708294
2072-08-24,0.00795325627767807
2072-08-25,0.00795113907241561
2072-08-26,0.00794916193165014
2072-08-27,0.00794718558579148
2072-08-28,0.00794520934655888
2072-08-29,0.00794323385753954
2072-08-30,0.00794125867562878
2072-08-31,0.00793928415326722
2072-09-01,0.00293708549189362
2072-09-02,0.00293635515638185
2072-09-03,0.00293562509587665
2072-09-04,0.00293489510459562
2072-09-05,0.00293416537887079
2072-09-06,0.00293343577883624
2072-09-07,0.00293270638363908
2072-09-08,0.00293197717059834
2072-09-09,0.00293124811963193
2072-09-10,0.00293051923830016
2072-09-11,0.00292979064993074
2072-09-12,0.00292906208235219
2072-09-13,0.00292833378670885
2072-09-14,0.00292760568243607
2072-09-15,0.00292687771354025
2072-09-16,0.00292615000051395
2072-09-17,0.0029254223758489
2072-09-18,0.00292469493806545
2072-09-19,0.009798589297102
2072-09-20,0.002923240666379
2072-09-21,0.00331478968882711
2072-09-22,0.00292178710725257
2072-09-23,0.0222644770016645
2072-09-24,0.0029203343053393
2072-09-25,0.00291960818068868
2072-09-26,0.00291888225166131
2072-09-27,0.00291815648683459
2072-09-28,0.00291743090085667
2072-09-29,0.0029167054384427
2072-09-30,0.00291598021772266
2072-10-01,0.0039861138020206
2072-10-02,0.00398512269852226
2072-10-03,0.00398413171939632
2072-10-04,0.00472907003723427
2072-10-05,0.00398215074837041
2072-10-06,0.00398116057168861
2072-10-07,0.00398017065861167
2072-10-08,0.00397918097263546
2072-10-09,0.00397819159258301
2072-10-10,0.00397720241055725
2072-10-11,0.00397621347146145
2072-10-12,0.00397522481858364
2072-10-13,0.00397423636696297
2072-10-14,0.00397324819929899
2072-10-15,0.00397226018863494
2072-10-16,0.00397127252944403
2072-10-17,0.00397028513095056
2072-10-18,0.00398985687613563
2072-10-19,0.0330740242090416
2072-10-20,0.00403207211241241
2072-10-21,0.00396633767165902
2072-10-22,0.00396535159797373
2072-10-23,0.00396436554948594
2072-10-24,0.00396337975588078
2072-10-25,0.00396239433733105
2072-10-26,0.00396140906770514
2072-10-27,0.00396042407654414
2072-10-28,0.00395943934188098
2072-10-29,0.00395845492283296
2072-10-30,0.0039574706530318
2072-10-31,0.00395648664877374
2072-11-01,0.00501104172138291
2072-11-02,0.0050097957888047
2072-11-03,0.00500855012101174
2072-11-04,0.0050073047450146
2072-11-05,0.00500605966367805
2072-11-06,0.00500481490728665
2072-11-07,0.00500357043532455
2072-11-08,0.00500232627521158
2072-11-09,0.00500108252148465
2072-11-10,0.00499983898261442
2072-11-11,0.113182464511105
2072-11-12,0.00499735393312093
2072-11-13,0.0049961158078204
2072-11-14,0.00499488032382461
2072-11-15,0.00499364645023073
2072-11-16,0.00500734928950976
2072-11-17,0.00525745346456391
2072-11-18,0.0274750114565911
2072-11-19,0.237104637073318
2072-11-20,0.123112312682641
2072-11-21,0.00882735054928474
2072-11-22,0.00756072083776485
2072-11-23,0.00601506307572204
2072-11-24,0.00565806981446183
2072-11-25,0.00609183841182925
2072-11-26,0.00651900230886337
2072-11-27,0.00578192199641689
2072-11-28,0.00512118663023568
2072-11-29,0.00513536393280408
2072-11-30,0.00514836982695748
2072-12-01,0.0102753017485739
2072-12-02,0.0562019276974458
2072-12-03,0.0437568623632297
2072-12-04,0.00545794307645522
2072-12-05,0.00417369682694256
2072-12-06,0.00436047887126451
2072-12-07,0.00421190882295108
2072-12-08,0.111828498331102
2072-12-09,0.574305313476763
2072-12-10,0.520601212797173
2072-12-11,0.116485350504255
2072-12-12,0.0244732247988771
2072-12-13,0.25629748306828
2072-12-14,1.22212396305996
2072-12-15,1.31648012654976
2072-12-16,1.73518619761645
2072-12-17,0.989197046006492
2072-12-18,0.0266043999410183
2072-12-19,0.0130640152774141
2072-12-20,0.0114201693828621
2072-12-21,0.0172782764078323
2072-12-22,0.0116010692967658
2072-12-23,0.0117511592657631
2072-12-24,0.0119481829251033
2072-12-25,0.0143511033694107
2072-12-26,0.0145661572823988
2072-12-27,0.0127070907052574
2072-12-28,0.0129926578897804
2072-12-29,0.0132781368520787
2072-12-30,0.031906664021911
2072-12-31,0.0152751239698073
2073-01-01,0.0183991042577569
2073-01-02,0.0137047330344095
2073-01-03,0.0228241293281556
2073-01-04,0.0389706924254469
2073-01-05,0.0374951020194539
2073-01-06,0.0233145530710568
2073-01-07,0.0225412966808993
2073-01-08,0.025438470554227
2073-01-09,0.0258829029546775
2073-01-10,0.0404608837717848
2073-01-11,0.128313227610135
2073-01-12,0.229990739299537
2073-01-13,0.110842489968574
2073-01-14,0.0686841449741658
2073-01-15,0.0774784796535744
2073-01-16,0.0845040668598962
2073-01-17,0.107131533577866
2073-01-18,0.165084967402853
2073-01-19,0.166111193237972
2073-01-20,0.204596410623953
2073-01-21,0.205887192228226
2073-01-22,0.400236733035474
2073-01-23,0.430247275966952
2073-01-24,0.260955347193378
2073-01-25,0.271702109871851
2073-01-26,0.26845066746709
2073-01-27,0.268853545963411
2073-01-28,0.254351512374119
2073-01-29,0.237270208206909
2073-01-30,0.224313486777119
2073-01-31,0.212924717434767
2073-02-01,0.139548873957758
2073-02-02,0.131952284925253
2073-02-03,0.124503290162433
2073-02-04,0.128740198143532
2073-02-05,0.122026294536635
2073-02-06,0.112232536917689
2073-02-07,0.150686280853247
2073-02-08,0.200498634449603
2073-02-09,0.221052382149705
2073-02-10,0.167903839231113
2073-02-11,0.172295536473357
2073-02-12,0.169470398536032
2073-02-13,0.166409739507093
2073-02-14,0.161616533331747
2073-02-15,0.170257929531829
2073-02-16,0.240877149284204
2073-02-17,0.276953600733687
2073-02-18,0.414813809680792
2073-02-19,0.500973687292182
2073-02-20,0.341568571758793
2073-02-21,0.34346829172689
2073-02-22,0.33751671568861
2073-02-23,0.343478811390818
2073-02-24,0.448733295442829
2073-02-25,0.49365786969339
2073-02-26,0.456055383474274
2073-02-27,0.702438769442009
2073-02-28,0.728738086419416
2073-03-01,0.493870607335707
2073-03-02,0.494882979264087
2073-03-03,0.517296770952837
2073-03-04,0.559290938446543
2073-03-05,0.518820253519936
2073-03-06,0.543780643473185
2073-03-07,0.597171536048143
2073-03-08,0.634098660054084
2073-03-09,0.654455981742174
2073-03-10,0.732678503524774
2073-03-11,0.67137773705521
2073-03-12,0.587442564706874
2073-03-13,0.649536357535567
2073-03-14,0.659198741367982
2073-03-15,0.657974036713736
2073-03-16,0.607282258686702
2073-03-17,0.647402676924229
2073-03-18,0.748469109500221
2073-03-19,0.700767895726733
2073-03-20,0.670985651876004
2073-03-21,0.619211248345462
2073-03-22,0.675048132484558
2073-03-23,0.717499063761718
2073-03-24,0.73066106099919
2073-03-25,0.751015425877028
2073-03-26,0.887666124529993
2073-03-27,0.889327061667441
2073-03-28,0.778685985839444
2073-03-29,0.686590399264902
2073-03-30,0.891476553590231
2073-03-31,1.08627255356095
2073-04-01,0.802242838378637
2073-04-02,0.618689357790671
2073-04-03,0.980394996874018
2073-04-04,0.429727224584028
2073-04-05,0.49899499495737
2073-04-06,0.539257975443266
2073-04-07,0.444634501671542
2073-04-08,0.412296473456321
2073-04-09,0.371557965454726
2073-04-10,0.345667155243262
2073-04-11,0.296034898783539
2073-04-12,0.256872995830283
2073-04-13,0.248946492827054
2073-04-14,0.204133656714391
2073-04-15,0.185999552945956
2073-04-16,0.166534445937714
2073-04-17,0.227962582583572
2073-04-18,0.425249280885735
2073-04-19,0.526618527891933
2073-04-20,0.379092223742473
2073-04-21,0.336576670860399
2073-04-22,0.334908881957295
2073-04-23,0.315235941137173
2073-04-24,0.332934439689533
2073-04-25,0.535336910829004
2073-04-26,0.421393679953258
2073-04-27,0.427286611758448
2073-04-28,0.511156425357125
2073-04-29,0.571483642475707
2073-04-30,0.545570038871167
2073-05-01,0.436700221557345
2073-05-02,0.414450639542107
2073-05-03,0.38448779558465
2073-05-04,0.352877900047752
2073-05-05,0.320166048814397
2073-05-06,0.284179418428755
2073-05-07,0.246759861845674
2073-05-08,0.213684260985776
2073-05-09,0.184301953031991
2073-05-10,0.174742695472213
2073-05-11,0.337677433122423
2073-05-12,0.150689870079894
2073-05-13,0.155939447631274
2073-05-14,0.152603150014015
2073-05-15,0.140209070682211
2073-05-16,0.128107573815551
2073-05-17,0.116268535063756
2073-05-18,0.156487575835832
2073-05-19,0.0990116739594089
2073-05-20,0.0934274395553337
2073-05-21,0.087898069174754
2073-05-22,0.0822382249638818
2073-05-23,0.0775643630151648
2073-05-24,0.0716514536098821
2073-05-25,0.0614866705379886
2073-05-26,0.0514984085420207
2073-05-27,0.050552150853685
2073-05-28,0.0358007627452618
2073-05-29,0.0366338298457223
2073-05-30,0.0248828850019753
2073-05-31,0.0217020429879007
2073-06-01,0.0246240557625387
2073-06-02,0.0208705857203969
2073-06-03,0.0176156208754718
2073-06-04,0.0149216085054001
2073-06-05,0.0130554972562619
2073-06-06,0.0133191505439119
2073-06-07,0.0111044141554758
2073-06-08,0.0105140610425862
2073-06-09,0.010079083643483
2073-06-10,0.00975039800341023
2073-06-11,0.00953658472460538
2073-06-12,0.0093490073155264
2073-06-13,0.00910622559996755
2073-06-14,0.00883795579224054
2073-06-15,0.00858226029080328
2073-06-16,0.00835082766038351
2073-06-17,0.00814668481982232
2073-06-18,0.00797491961424703
2073-06-19,0.00782626400118457
2073-06-20,0.00768200917661585
2073-06-21,0.00754235352276932
2073-06-22,0.00740811803791609
2073-06-23,0.00727496907663848
2073-06-24,0.00714315872089983
2073-06-25,0.00701192558345255
2073-06-26,0.00689017076600481
2073-06-27,0.00677154708897085
2073-06-28,0.00664726937843921
2073-06-29,0.0065199233600469
2073-06-30,0.00638593530666453
2073-07-01,0.0164237880106406
2073-07-02,0.0160571041483464
2073-07-03,0.0156879216523583
2073-07-04,0.015342131375665
2073-07-05,0.015033333687416
2073-07-06,0.014732574156099
2073-07-07,0.0144276131826
2073-07-08,0.0140955490644774
2073-07-09,0.0137331681282622
2073-07-10,0.0133740067785102
2073-07-11,0.0130324801791878
2073-07-12,0.0126788676337687
2073-07-13,0.01229121309472
2073-07-14,0.0118968381337908
2073-07-15,0.0115245854891531
2073-07-16,0.0111785325770709
2073-07-17,0.0108500592199066
2073-07-18,0.0105396732182821
2073-07-19,0.0102414162395559
2073-07-20,0.00995141242660547
2073-07-21,0.00967577748804187
2073-07-22,0.00942300826617148
2073-07-23,0.00919220968733504
2073-07-24,0.00898252166956069
2073-07-25,0.00879201729841847
2073-07-26,0.00861639687673766
2073-07-27,0.00845214914937533
2073-07-28,0.00830160569390295
2073-07-29,0.00820300558576192
2073-07-30,0.00806341971426068
2073-07-31,0.00796542266640317
2073-08-01,0.00842273150014226
2073-08-02,0.00834979897568904
2073-08-03,0.00828965976650385
2073-08-04,0.00824020488072291
2073-08-05,0.00819604560032443
2073-08-06,0.00815876049085591
2073-08-07,0.00812755661776083
2073-08-08,0.00810182164101177
2073-08-09,0.00808175084271735
2073-08-10,0.00806528026487933
2073-08-11,0.00805061469312935
2073-08-12,0.00803903650945714
2073-08-13,0.00803009589684417
2073-08-14,0.0080233947097692
2073-08-15,0.00801892138217831
2073-08-16,0.00801551271383401
2073-08-17,0.00801259909238698
2073-08-18,0.00800983901820586
2073-08-19,0.0129162177134219
2073-08-20,0.00800453594580714
2073-08-21,0.00800198085351327
2073-08-22,0.00799945244518784
2073-08-23,0.0079970301802273
2073-08-24,0.00799470466532309
2073-08-25,0.00799238844093223
2073-08-26,0.00799011706716338
2073-08-27,0.00798796808605948
2073-08-28,0.0079859192076671
2073-08-29,0.00798387365383681
2073-08-30,0.00798183311590048
2073-08-31,0.00797979737358274
2073-09-01,0.00295206272058249
2073-09-02,0.00295132798992677
2073-09-03,0.00295059409634008
2073-09-04,0.00294986046334813
2073-09-05,0.00294912696100792
2073-09-06,0.00294839366775777
2073-09-07,0.00294766050019791
2073-09-08,0.00294692760268318
2073-09-09,0.00294619487740197
2073-09-10,0.00294546231159622
2073-09-11,0.00294472986273915
2073-09-12,0.00294399766786153
2073-09-13,0.00294326568774421
2073-09-14,0.00294253382575685
2073-09-15,0.00294180220546345
2073-09-16,0.00294107067849272
2073-09-17,0.00294033939297966
2073-09-18,0.00293960825725541
2073-09-19,0.00293887734007162
2073-09-20,0.00293814658874232
2073-09-21,0.0029374160398878
2073-09-22,0.00293668561672357
2073-09-23,0.00293595542769296
2073-09-24,0.00293522540380805
2073-09-25,0.00293449562516099
2073-09-26,0.00293376588974949
2073-09-27,0.00293303644470147
2073-09-28,0.00293230714377203
2073-09-29,0.00293157801153219
2073-09-30,0.00293084905483351
2073-10-01,0.00400643931879846
2073-10-02,0.00829743562891103
2073-10-03,0.00400444715296582
2073-10-04,0.00400345144510493
2073-10-05,0.00400245604026038
2073-10-06,0.00400146078853924
2073-10-07,0.00400046584403404
2073-10-08,0.00399947120448346
2073-10-09,0.00399847660951311
2073-10-10,0.00399748250492531
2073-10-11,0.00399648847625312
2073-10-12,0.0039954947480129
2073-10-13,0.00399450129274587
2073-10-14,0.00399350802936764
2073-10-15,0.00399251503347079
2073-10-16,0.00399152229245657
2073-10-17,0.00399052982990729
2073-10-18,0.00398953762547107
2073-10-19,0.00398854561647717
2073-10-20,0.00398755388110253
2073-10-21,0.00398656240707139
2073-10-22,0.00398557113042085
2073-10-23,0.00398458014741836
2073-10-24,0.00398358939313184
2073-10-25,0.00629624057053151
2073-10-26,0.00398160857587543
2073-10-27,0.00398061855264008
2073-10-28,0.0164653638244305
2073-10-29,0.0118589726033077
2073-10-30,0.00422428442679429
2073-10-31,0.0039826489159777
2073-11-01,0.0567918650030217
2073-11-02,0.00519398406402282
2073-11-03,0.0148913951409028
2073-11-04,0.102784665874124
2073-11-05,0.0121783240334207
2073-11-06,0.00739261666736011
2073-11-07,0.0158538103812135
2073-11-08,0.0400829880105269
2073-11-09,0.0526514314150558
2073-11-10,0.0981666600133225
2073-11-11,0.0226164195121037
2073-11-12,0.00659444451905181
2073-11-13,0.00535385578115098
2073-11-14,0.00700920372242197
2073-11-15,0.00845881350827864
2073-11-16,0.00688722485249037
2073-11-17,0.00602209757985009
2073-11-18,0.00641724548891468
2073-11-19,0.00533327771202033
2073-11-20,0.00508114130712374
2073-11-21,0.00570865821560242
2073-11-22,0.00509341160323101
2073-11-23,0.00509877729264503
2073-11-24,0.00510363328432117
2073-11-25,0.00510804012405205
2073-11-26,0.00563369166535274
2073-11-27,0.00511396066057175
2073-11-28,0.0132373352821787
2073-11-29,0.0217635350310515
2073-11-30,0.00704283218886683
2073-12-01,0.0046626004678495
2073-12-02,0.00409410770075042
2073-12-03,0.00590454807491052
2073-12-04,0.00469697996674239
2073-12-05,0.00410105016979342
2073-12-06,0.00410328110685644
2073-12-07,0.013774158941944
2073-12-08,0.0213084700093912
2073-12-09,0.00719616610928485
2073-12-10,0.00495428644023119
2073-12-11,0.00424849153878234
2073-12-12,0.00463306374644108
2073-12-13,0.00412290743402701
2073-12-14,0.00412577938562003
2073-12-15,0.00494046048193316
2073-12-16,0.0871789628655302
2073-12-17,0.266010589207493
2073-12-18,0.0247202286720933
2073-12-19,0.0295935616780713
2073-12-20,0.00709189716661575
2073-12-21,0.00456545308899807
2073-12-22,0.00462823930660881
2073-12-23,0.00467814847980476
2073-12-24,0.00471951408680558
2073-12-25,0.0109178056752556
2073-12-26,0.00509398763368559
2073-12-27,0.004814460367215
2073-12-28,0.0048400228864788
2073-12-29,0.00486306923119383
2073-12-30,0.140158346973798
2073-12-31,0.0182043027659529
2074-01-01,0.0042752958516161
2074-01-02,0.00658027196125227
2074-01-03,0.0149294472076548
2074-01-04,0.00848864935660681
2074-01-05,0.00907737484605394
2074-01-06,0.00941245515763292
2074-01-07,0.0084989410062514
2074-01-08,0.00705754690405719
2074-01-09,0.0146455158991268
2074-01-10,0.0217551544015534
2074-01-11,0.0194638864585526
2074-01-12,0.122791752732063
2074-01-13,0.10967696805903
2074-01-14,0.00822917007724903
2074-01-15,0.00490146920193982
2074-01-16,0.0049517696086035
2074-01-17,0.00499038043636258
2074-01-18,0.00502193556965704
2074-01-19,0.00504868585584689
2074-01-20,0.00507191621654655
2074-01-21,0.00647934064762066
2074-01-22,0.0129660893759514
2074-01-23,0.01265366559746
2074-01-24,0.0177724948646159
2074-01-25,0.044077533370825
2074-01-26,0.233505405130992
2074-01-27,0.00546913151532394
2074-01-28,0.00546747912732586
2074-01-29,0.00553479176584236
2074-01-30,0.00558431750324461
2074-01-31,0.00562363035321196
2074-02-01,0.00391964451955637
2074-02-02,0.00393890761295471
2074-02-03,0.0039577837380095
2074-02-04,0.0123172558356101
2074-02-05,0.0329240084573341
2074-02-06,0.0716106722336514
2074-02-07,0.0189559717429246
2074-02-08,0.00957262945124736
2074-02-09,0.0121246306878989
2074-02-10,0.0178478394505219
2074-02-11,0.0251751017932823
2074-02-12,0.0366423263789568
2074-02-13,0.0331903861804372
2074-02-14,0.0605195473945841
2074-02-15,0.0296312310772263
2074-02-16,0.0243480271095685
2074-02-17,0.0251583534279297
2074-02-18,0.0249641639366432
2074-02-19,0.0243300138645496
2074-02-20,0.0235016196491669
2074-02-21,0.0255526233522824
2074-02-22,0.031684804145664
2074-02-23,0.0804158883634934
2074-02-24,0.123276060967372
2074-02-25,0.148614345069251
2074-02-26,0.180880344010835
2074-02-27,0.100312467980579
2074-02-28,0.178486275225944
2074-03-01,0.17628075621556
2074-03-02,0.3937926976666
2074-03-03,0.559702168300407
2074-03-04,0.193173649392377
2074-03-05,0.104808853820193
2074-03-06,0.131106476029217
2074-03-07,0.122799185968884
2074-03-08,0.113544619774095
2074-03-09,0.154430137868906
2074-03-10,0.290823433251945
2074-03-11,0.141678114247122
2074-03-12,0.127329269823386
2074-03-13,0.125543486253724
2074-03-14,0.156218859630469
2074-03-15,0.197338685858631
2074-03-16,0.231326223409885
2074-03-17,0.296571860767856
2074-03-18,0.347474463174601
2074-03-19,0.257669762032863
2074-03-20,0.286465309873007
2074-03-21,0.375180028108883
2074-03-22,0.516399027722048
2074-03-23,0.556739092193773
2074-03-24,0.502213163120673
2074-03-25,0.496173141808289
2074-03-26,0.568808729128345
2074-03-27,0.648112272890133
2074-03-28,0.743022435655635
2074-03-29,0.903995023531628
2074-03-30,1.40312904804702
2074-03-31,1.6938975382221
2074-04-01,1.42118431835793
2074-04-02,1.37484304264604
2074-04-03,1.06438927545287
2074-04-04,1.16129835890573
2074-04-05,1.08847238106802
2074-04-06,0.941526505007761
2074-04-07,1.03573270261416
2074-04-08,1.04840648226568
2074-04-09,0.970675060650212
2074-04-10,0.614168089847181
2074-04-11,0.586520078874353
2074-04-12,0.628941776378827
2074-04-13,0.519324409485311
2074-04-14,0.492630679021907
2074-04-15,0.531370692246471
2074-04-16,0.735908585227339
2074-04-17,0.940669854179993
2074-04-18,0.714103907799901
2074-04-19,0.559075664707979
2074-04-20,0.543980768117753
2074-04-21,0.518283061491961
2074-04-22,0.512318477958189
2074-04-23,0.504398793769079
2074-04-24,0.439052013812725
2074-04-25,0.390563674400604
2074-04-26,0.356453727956376
2074-04-27,0.402210630599564
2074-04-28,0.308637950595672
2074-04-29,0.301835301711631
2074-04-30,0.279289993401645
2074-05-01,0.230521848190101
2074-05-02,0.248720399596698
2074-05-03,0.281854585529345
2074-05-04,0.201384736500678
2074-05-05,0.195679373790389
2074-05-06,0.18857913580117
2074-05-07,0.175878916392455
2074-05-08,0.163530943942989
2074-05-09,0.148899136640323
2074-05-10,0.138768947108072
2074-05-11,0.138198248020767
2074-05-12,0.143141080416432
2074-05-13,0.124660884360296
2074-05-14,0.0926458464200518
2074-05-15,0.0836621796275557
2074-05-16,0.0766860660497576
2074-05-17,0.0667123166240712
2074-05-18,0.0503695562633706
2074-05-19,0.0404213569011199
2074-05-20,0.0341644015210005
2074-05-21,0.0289105982031447
2074-05-22,0.0245837584825658
2074-05-23,0.0205843157025476
2074-05-24,0.0171357942489572
2074-05-25,0.0145769356744439
2074-05-26,0.0127391150293555
2074-05-27,0.0114364284351419
2074-05-28,0.0104888015883035
2074-05-29,0.00972722081039435
2074-05-30,0.00900362825047019
2074-05-31,0.00833525722402207
2074-06-01,0.0116708716217239
2074-06-02,0.0107749600406086
2074-06-03,0.0215444118719289
2074-06-04,0.0101998415884149
2074-06-05,0.0166284848428321
2074-06-06,0.00957435239492038
2074-06-07,0.00925470778674779
2074-06-08,0.00897584018930603
2074-06-09,0.008734149038779
2074-06-10,0.0084904061602326
2074-06-11,0.00824798451514503
2074-06-12,0.00801607187590745
2074-06-13,0.0077816474044133
2074-06-14,0.0075671400541487
2074-06-15,0.00738307624031317
2074-06-16,0.00722296429353741
2074-06-17,0.0070789472958454
2074-06-18,0.0069369400953835
2074-06-19,0.00679257412895296
2074-06-20,0.00664031811524148
2074-06-21,0.00648227884006339
2074-06-22,0.00633994322583979
2074-06-23,0.0062149371719186
2074-06-24,0.0061006073920449
2074-06-25,0.00599213773538869
2074-06-26,0.00587124640286057
2074-06-27,0.00573558018072178
2074-06-28,0.00559375412994114
2074-06-29,0.00545175313483244
2074-06-30,0.00530999690825132
2074-07-01,0.0135742869406841
2074-07-02,0.0131776096397827
2074-07-03,0.012784345911935
2074-07-04,0.0124161210449975
2074-07-05,0.0120876172924865
2074-07-06,0.0117890032628262
2074-07-07,0.0115106116515201
2074-07-08,0.0112344709685604
2074-07-09,0.0109513510468664
2074-07-10,0.0106684856372136
2074-07-11,0.0103888405619597
2074-07-12,0.0101128657941021
2074-07-13,0.00984164491938269
2074-07-14,0.00958464129955801
2074-07-15,0.00935460575384089
2074-07-16,0.00916339889773115
2074-07-17,0.00899874850968778
2074-07-18,0.0105939613270472
2074-07-19,0.00870567472551335
2074-07-20,0.00941496064295282
2074-07-21,0.00847575572934283
2074-07-22,0.00837353630964602
2074-07-23,0.00825377585014119
2074-07-24,0.00814266968179376
2074-07-25,0.00804575592098166
2074-07-26,0.0079585891945033
2074-07-27,0.00881780248755256
2074-07-28,0.00781854513226904
2074-07-29,0.00776075761466079
2074-07-30,0.007711745053793
2074-07-31,0.00767021054988338
2074-08-01,0.0183120828841718
2074-08-02,0.00813429945476078
2074-08-03,0.0170735511827721
2074-08-04,0.00809572781701749
2074-08-05,0.00808059382423708
2074-08-06,0.00806401587013053
2074-08-07,0.00805017830205513
2074-08-08,0.00803975875604687
2074-08-09,0.0080317512127202
2074-08-10,0.00802495627580345
2074-08-11,0.00801952644098699
2074-08-12,0.00801539696390849
2074-08-13,0.00801183758761602
2074-08-14,0.00800858234267266
2074-08-15,0.00800543599230178
2074-08-16,0.00800234721106205
2074-08-17,0.018975454500483
2074-08-18,0.00799667347010186
2074-08-19,0.0079940643324445
2074-08-20,0.00845022500295796
2074-08-21,0.00798928911584411
2074-08-22,0.00798704391653719
2074-08-23,0.00798478581739298
2074-08-24,0.0193019325484407
2074-08-25,0.0079803668077963
2074-08-26,0.00797830498168071
2074-08-27,0.00797627224596234
2074-08-28,0.00797424139567351
2074-08-29,0.00797223550290493
2074-08-30,0.00797025310553877
2074-08-31,0.0079682713811299
2074-09-01,0.00294780916890039
2074-09-02,0.00294707617664541
2074-09-03,0.00851662594167743
2074-09-04,0.00595601768380404
2074-09-05,0.00294487831360994
2074-09-06,0.00294414606202993
2074-09-07,0.0029434139822109
2074-09-08,0.00294268212211363
2074-09-09,0.00294195041038763
2074-09-10,0.00294121890940548
2074-09-11,0.00294048758467328
2074-09-12,0.00293975645509179
2074-09-13,0.00293902548640333
2074-09-14,0.00293829468286058
2074-09-15,0.00294259005751602
2074-09-16,0.00293683370139143
2074-09-17,0.00293610341053278
2074-09-18,0.00293537336373067
2074-09-19,0.00293464348325556
2074-09-20,0.00293391372232798
2074-09-21,0.0206664142618749
2074-09-22,0.00293245488586296
2074-09-23,0.00293172575952962
2074-09-24,0.00293099679338054
2074-09-25,0.00293026800253633
2074-09-26,0.0115537126976544
2074-09-27,0.00292881100842642
2074-09-28,0.00292808274940339
2074-09-29,0.00292735463449891
2074-09-30,0.0029266268094854
2074-10-01,0.00400066743519301
2074-10-02,0.00399967273361774
2074-10-03,0.00399867821391693
2074-10-04,0.00399768397171188
2074-10-05,0.00399668988392242
2074-10-06,0.00399569609365756
2074-10-07,0.00399470264388227
2074-10-08,0.00399370928132918
2074-10-09,0.00399271627671013
2074-10-10,0.00405312572676953
2074-10-11,0.00399073091517753
2074-10-12,0.00398973866842242
2074-10-13,0.00398874663229272
2074-10-14,0.00398775483037076
2074-10-15,0.0039867633217738
2074-10-16,0.00398577194756364
2074-10-17,0.00398478089833689
2074-10-18,0.131245735214238
2074-10-19,0.00398280378382402
2074-10-20,0.00398183014188533
2074-10-21,0.00398086397844194
2074-10-22,0.00397990172836752
2074-10-23,0.00397894127926984
2074-10-24,0.445328790780264
2074-10-25,0.00419861240257697
2074-10-26,0.00410536972795908
2074-10-27,0.00417453490500615
2074-10-28,0.00422594256813838
2074-10-29,0.00426304990910919
2074-10-30,0.00429831931472559
2074-10-31,0.00455863388455
2074-11-01,0.0054836602182005
2074-11-02,0.257824961834576
2074-11-03,0.153247413782567
2074-11-04,0.194863386574648
2074-11-05,1.21715970129805
2074-11-06,0.564684179825157
2074-11-07,0.206957429614157
2074-11-08,0.105435710848654
2074-11-09,0.0640671600840787
2074-11-10,0.0517221290035859
2074-11-11,0.0495036373442751
2074-11-12,0.0230305829195506
2074-11-13,0.0123058182975311
2074-11-14,0.0122764865995378
2074-11-15,0.0142915935296824
2074-11-16,0.028007986764994
2074-11-17,0.034896652511419
2074-11-18,0.0203802965912535
2074-11-19,0.0137355785523175
2074-11-20,0.0137707491830376
2074-11-21,0.0109311954638955
2074-11-22,0.00983562056095939
2074-11-23,0.0434717683013784
2074-11-24,0.00980930820248787
2074-11-25,0.0098135525851988
2074-11-26,0.00984711334682664
2074-11-27,0.105584542396578
2074-11-28,0.0163123168648814
2074-11-29,0.00992324799792628
2074-11-30,0.00983508882056369
2074-12-01,0.00785275275765659
2074-12-02,0.00784702327723297
2074-12-03,0.00783124230352716
2074-12-04,0.00780713612588242
2074-12-05,0.0077862269202933
2074-12-06,0.00776577708115685
2074-12-07,0.00774130915776361
2074-12-08,0.00771073043897609
2074-12-09,0.00768266213608601
2074-12-10,0.122955125259939
2074-12-11,0.404881724561193
2074-12-12,0.623877353324168
2074-12-13,0.688782991225154
2074-12-14,0.0184034498466241
2074-12-15,0.0644572431857004
2074-12-16,0.0317786773796011
2074-12-17,0.0184560120221195
2074-12-18,0.0225038411359561
2074-12-19,0.0555303657344698
2074-12-20,0.0536180963498411
2074-12-21,0.0140247023541204
2074-12-22,0.107599762677058
2074-12-23,0.277005663942799
2074-12-24,0.0317361183028948
2074-12-25,0.0164310024929995
2074-12-26,0.0113360727883209
2074-12-27,0.0134071966014868
2074-12-28,0.0176851853743428
2074-12-29,0.0181115655535826
2074-12-30,0.0277871108732396
2074-12-31,0.0394393556944083
2075-01-01,0.0587438718007638
2075-01-02,0.0728053386129768
2075-01-03,0.0651130880546669
2075-01-04,0.0538951721843481
2075-01-05,0.0494803329806131
2075-01-06,0.0232396209614657
2075-01-07,0.0164454470769947
2075-01-08,0.0647614190648167
2075-01-09,0.630256410291471
2075-01-10,0.260846080109936
2075-01-11,0.0701749386357416
2075-01-12,0.0487243667848338
2075-01-13,0.0741623790205206
2075-01-14,0.101186120667983
2075-01-15,0.099463518360796
2075-01-16,0.0848375027312233
2075-01-17,0.087928175591206
2075-01-18,0.0931121828492363
2075-01-19,0.109373890445334
2075-01-20,0.119953541354727
2075-01-21,0.107009898071068
2075-01-22,0.119108756727268
2075-01-23,0.111605038266088
2075-01-24,0.106138460246085
2075-01-25,0.124779534998398
2075-01-26,0.140493986315798
2075-01-27,0.125895246044865
2075-01-28,0.146111382418743
2075-01-29,0.274597432491842
2075-01-30,0.182231075915645
2075-01-31,0.160354131567576
2075-02-01,0.118464447900676
2075-02-02,0.125776605741727
2075-02-03,0.125854366030142
2075-02-04,0.130445181082264
2075-02-05,0.148163998136261
2075-02-06,0.149333456473339
2075-02-07,0.131626716967424
2075-02-08,0.140494704122288
2075-02-09,0.154196524014669
2075-02-10,0.159468994089913
2075-02-11,0.170499306298452
2075-02-12,0.171038866319497
2075-02-13,0.183230321789919
2075-02-14,0.191163314472073
2075-02-15,0.197493547331638
2075-02-16,0.193091406765043
2075-02-17,0.235986150692279
2075-02-18,0.248303916992125
2075-02-19,0.202015638954434
2075-02-20,0.202640852395009
2075-02-21,0.310904990501404
2075-02-22,0.312975225401146
2075-02-23,0.265379117381044
2075-02-24,0.276480843070116
2075-02-25,0.260948209392316
2075-02-26,0.299209540108249
2075-02-27,0.325761023779418
2075-02-28,0.316548745162307
2075-03-01,0.253686473173909
2075-03-02,0.247726420668765
2075-03-03,0.232821190656755
2075-03-04,0.220225801425807
2075-03-05,0.26323697162578
2075-03-06,0.195501464935106
2075-03-07,0.199772347915358
2075-03-08,0.185198086710593
2075-03-09,0.251071107701715
2075-03-10,0.200616883390095
2075-03-11,0.18654585826613
2075-03-12,0.185644490716368
2075-03-13,0.190930374567484
2075-03-14,0.189001226804319
2075-03-15,0.19761449572296
2075-03-16,0.191240500393287
2075-03-17,0.183796275807495
2075-03-18,0.193991086706369
2075-03-19,0.182892730046569
2075-03-20,0.172483822564933
2075-03-21,0.168109065924668
2075-03-22,0.159932291165764
2075-03-23,0.148663343367446
2075-03-24,0.136810978220569
2075-03-25,0.125520129572284
2075-03-26,0.114308098030212
2075-03-27,0.116380015054753
2075-03-28,0.10175610359572
2075-03-29,0.0937516771535452
2075-03-30,0.0854768886112923
2075-03-31,0.0784056055489468
2075-04-01,0.0695138764025318
2075-04-02,0.0645356961917175
2075-04-03,0.0584632795479745
2075-04-04,0.0530628366058222
2075-04-05,0.0482492523504519
2075-04-06,0.0431300467262205
2075-04-07,0.0382728150976368
2075-04-08,0.0347646326990033
2075-04-09,0.0304263395042834
2075-04-10,0.0259750777155264
2075-04-11,0.0218484888307079
2075-04-12,0.0392433463880732
2075-04-13,0.0283066679514695
2075-04-14,0.0194458021358444
2075-04-15,0.01614297922764
2075-04-16,0.0142254147074977
2075-04-17,0.0124189248881183
2075-04-18,0.010989842844302
2075-04-19,0.00994246262567254
2075-04-20,0.0597898524486271
2075-04-21,0.0810066228635443
2075-04-22,0.0146226538972367
2075-04-23,0.0112887905178177
2075-04-24,0.100290440867505
2075-04-25,0.31722364324858
2075-04-26,0.0517706424276733
2075-04-27,0.0434251827027787
2075-04-28,0.0877843456192354
2075-04-29,0.128970689042213
2075-04-30,0.0583227003115948
2075-05-01,0.0573561378906416
2075-05-02,0.055671713530944
2075-05-03,0.0517707988201607
2075-05-04,0.04905459912198
2075-05-05,0.0450650745604344
2075-05-06,0.0412735814025572
2075-05-07,0.0358888238135003
2075-05-08,0.0295858432481197
2075-05-09,0.0243494957103227
2075-05-10,0.0196871113769762
2075-05-11,0.0156914480201317
2075-05-12,0.0124604860989504
2075-05-13,0.00988665339454805
2075-05-14,0.00813227246091855
2075-05-15,0.00712409419968389
2075-05-16,0.00659265451517091
2075-05-17,0.00628618525895483
2075-05-18,0.0115423001949669
2075-05-19,0.0059223744824866
2075-05-20,0.0103747231967474
2075-05-21,0.00568109180581537
2075-05-22,0.0055889994769144
2075-05-23,0.00549809410831107
2075-05-24,0.00543424595375809
2075-05-25,0.00537905442179064
2075-05-26,0.00532218324766705
2075-05-27,0.00526553123070634
2075-05-28,0.00520981443124766
2075-05-29,0.00515405063349591
2075-05-30,0.00508934412294067
2075-05-31,0.00532137437253628
2075-06-01,0.00727432473572378
2075-06-02,0.112989545847903
2075-06-03,0.00942649771692637
2075-06-04,0.00712060403731328
2075-06-05,0.00701411929738877
2075-06-06,0.00689413832512649
2075-06-07,0.00677306123060303
2075-06-08,0.00665022000547839
2075-06-09,0.00651096179875483
2075-06-10,0.00635367073155042
2075-06-11,0.00619246728755369
2075-06-12,0.0060451574284807
2075-06-13,0.0139335951949856
2075-06-14,0.00579766041078484
2075-06-15,0.0193043095721976
2075-06-16,0.00557731082933631
2075-06-17,0.00549474318140501
2075-06-18,0.00536536133538717
2075-06-19,0.00522609977623666
2075-06-20,0.00507925700577526
2075-06-21,0.00492986469961667
2075-06-22,0.00478592823380132
2075-06-23,0.00465127733525279
2075-06-24,0.0045174227776388
2075-06-25,0.00437845310143161
2075-06-26,0.00424330045146758
2075-06-27,0.00411950791929064
2075-06-28,0.00401127715396122
2075-06-29,0.00391468431016892
2075-06-30,0.00382267523802373
2075-07-01,0.00981097873999629
2075-07-02,0.00957501384235773
2075-07-03,0.0093470258175116
2075-07-04,0.009129394994465
2075-07-05,0.00893244748490317
2075-07-06,0.00875452642044319
2075-07-07,0.00858406456400312
2075-07-08,0.00842642203219969
2075-07-09,0.00828481312636168
2075-07-10,0.00816434222043517
2075-07-11,0.00806448862564534
2075-07-12,0.00797686912320244
2075-07-13,0.00789878777251274
2075-07-14,0.0078300869347542
2075-07-15,0.00776975138742952
2075-07-16,0.00771785508657477
2075-07-17,0.00767549447143565
2075-07-18,0.00764072877523775
2075-07-19,0.00761084216301165
2075-07-20,0.00758602194667806
2075-07-21,0.0075661378790704
2075-07-22,0.00754948072076697
2075-07-23,0.00753488804809574
2075-07-24,0.00752295184567744
2075-07-25,0.00751347188356908
2075-07-26,0.00750605820882966
2075-07-27,0.00750112247110997
2075-07-28,0.00749743400715374
2075-07-29,0.00810083213006592
2075-07-30,0.00749132177297944
2075-07-31,0.00748847812641403
2075-08-01,0.00800073296026387
2075-08-02,0.0180629121983455
2075-08-03,0.00799587959123431
2075-08-04,0.00799354877567434
2075-08-05,0.00799127728634073
2075-08-06,0.00798913863072524
2075-08-07,0.00798707114449002
2075-08-08,0.00798502345175385
2075-08-09,0.00798297805498951
2075-08-10,0.00798093044078628
2075-08-11,0.00797888345356981
2075-08-12,0.00797684536611732
2075-08-13,0.0079748098945148
2075-08-14,0.00797279378032991
2075-08-15,0.0079708062310737
2075-08-16,0.00796882417720946
2075-08-17,0.00796684294379123
2075-08-18,0.00796486180678336
2075-08-19,0.00796288140466525
2075-08-20,0.00796090144054399
2075-08-21,0.0100481104613018
2075-08-22,0.00795694295973423
2075-08-23,0.0079549643811132
2075-08-24,0.0135224120550907
2075-08-25,0.00795100893308046
2075-08-26,0.00794903176613732
2075-08-27,0.00794705536409247
2075-08-28,0.00818134685574014
2075-08-29,0.00794310374565901
2075-08-30,0.007941128695275
2075-08-31,0.00793915409118808
2075-09-01,0.00293703741630061
2075-09-02,0.00293630713536487
2075-09-03,0.00293557702311875
2075-09-04,0.00293484710082563
2075-09-05,0.00293411727185519
2075-09-06,0.00293338771718255
2075-09-07,0.00293265837254501
2075-09-08,0.00293192918194898
2075-09-09,0.00293120012318599
2075-09-10,0.00293047126689777
2075-09-11,0.00292974260812289
2075-09-12,0.00292901413504832
2075-09-13,0.00292828586562983
2075-09-14,0.0029275576815012
2075-09-15,0.00292682978726352
2075-09-16,0.00292610201824362
2075-09-17,0.00292537446681913
2075-09-18,0.00292464711243545
2075-09-19,0.00292391981310034
2075-09-20,0.00292319280152986
2075-09-21,0.00292246602976321
2075-09-22,0.00292173930926499
2075-09-23,0.00292101282077405
2075-09-24,0.00292028645253942
2075-09-25,0.00291956039758548
2075-09-26,0.00291883442059733
2075-09-27,0.00291810867821532
2075-09-28,0.00291738306010604
2075-09-29,0.00641331599967719
2075-09-30,0.00291593249415698
2075-10-01,0.0135499593707945
2075-10-02,0.00398505736974707
2075-10-03,0.00398406642809436
2075-10-04,0.0111151075454883
2075-10-05,0.00450272915442403
2075-10-06,0.00509200272717907
2075-10-07,0.00398010535244965
2075-10-08,0.00397911572462155
2075-10-09,0.0039781263051576
2075-10-10,0.00397868845088832
2075-10-11,0.00397614826350515
2075-10-12,0.00397515966263761
2075-10-13,0.00397417115868362
2075-10-14,0.00397318300135708
2075-10-15,0.00397219506660865
2075-10-16,0.0039712074271235
2075-10-17,0.00397021993914651
2075-10-18,0.00396923274255625
2075-10-19,0.00396824583961405
2075-10-20,0.00406041268471221
2075-10-21,0.0812365546140436
2075-10-22,0.231967362683689
2075-10-23,0.260665617776855
2075-10-24,0.00403303051275773
2075-10-25,0.0041191164382736
2075-10-26,0.00417957068758872
2075-10-27,0.00421974457408526
2075-10-28,0.00424783519472061
2075-10-29,0.0119624938794987
2075-10-30,0.0181327457872592
2075-10-31,0.00431351421029405
2075-11-01,0.00548128803803411
2075-11-02,0.00549600312317721
2075-11-03,0.00552866947411745
2075-11-04,0.00551798299460501
2075-11-05,0.00553202554520552
2075-11-06,0.212913555016454
2075-11-07,0.0147023596716732
2075-11-08,0.00847746463143019
2075-11-09,0.0267277287563654
2075-11-10,0.0721367533677872
2075-11-11,0.00974203499696751
2075-11-12,0.0565968478576569
2075-11-13,0.0509453833733653
2075-11-14,0.00843105112671474
2075-11-15,0.00786427029114112
2075-11-16,0.011884815379234
2075-11-17,0.00708116228249336
2075-11-18,0.0094825993071706
2075-11-19,0.0603928252473359
2075-11-20,0.217976034666719
2075-11-21,0.490293931825118
2075-11-22,0.198201890614275
2075-11-23,0.0190368105938163
2075-11-24,0.0172434556829552
2075-11-25,0.0151788724686462
2075-11-26,0.176620607048291
2075-11-27,0.0106231386465119
2075-11-28,0.009260817884035
2075-11-29,0.00818968981886394
2075-11-30,0.00823686850022779
2075-12-01,0.0070378530906677
2075-12-02,0.00661747821125708
2075-12-03,0.0100593463668741
2075-12-04,0.0066377463987228
2075-12-05,0.0069286841299512
2075-12-06,0.00664232569406209
2075-12-07,0.00664178101607142
2075-12-08,0.00663597640987949
2075-12-09,0.00662312156083834
2075-12-10,0.0230770697998668
2075-12-11,0.00664329283583427
2075-12-12,0.00659057644752452
2075-12-13,0.00656887452640568
2075-12-14,0.00654822811236786
2075-12-15,0.00675696491945061
2075-12-16,0.00915503170860325
2075-12-17,0.0718285250572122
2075-12-18,0.0922078665934491
2075-12-19,0.0102263244439408
2075-12-20,0.00678094279821183
2075-12-21,0.00682685421034229
2075-12-22,0.00660674822811005
2075-12-23,0.00661605152532029
2075-12-24,0.00662424161133284
2075-12-25,0.00662954762703852
2075-12-26,0.0066315139817103
2075-12-27,0.00663148669312513
2075-12-28,0.0218028540262576
2075-12-29,0.0109734105675242
2075-12-30,0.147911645387491
2075-12-31,0.437076357668815
2076-01-01,0.2062699665001
2076-01-02,0.557705364775514
2076-01-03,0.933253775810807
2076-01-04,0.028722687929841
2076-01-05,0.0257655465620863
2076-01-06,0.0230980714627582
2076-01-07,0.0204656485525919
2076-01-08,0.0504248644860635
2076-01-09,0.0636241052891903
2076-01-10,0.0509663809183303
2076-01-11,0.071103070358345
2076-01-12,0.139597095997988
2076-01-13,0.214116658369646
2076-01-14,0.785931865670662
2076-01-15,0.154739497719149
2076-01-16,0.0127939474312063
2076-01-17,0.21185046675486
2076-01-18,0.0853345572868413
2076-01-19,0.0216698784434311
2076-01-20,0.0475053748278029
2076-01-21,0.0587567056269578
2076-01-22,0.0857141860351518
2076-01-23,0.129714704805129
2076-01-24,0.14248290619698
2076-01-25,0.12105876153278
2076-01-26,0.142092708346515
2076-01-27,0.137510621220732
2076-01-28,0.280462070654033
2076-01-29,0.173273465010778
2076-01-30,0.174271760615786
2076-01-31,0.263025923616084
2076-02-01,0.295352193191152
2076-02-02,0.187576921745899
2076-02-03,0.192919955450149
2076-02-04,0.198781131177127
2076-02-05,0.197436325480099
2076-02-06,0.193531458831811
2076-02-07,0.192473541678689
2076-02-08,0.190959623210552
2076-02-09,0.174400241601972
2076-02-10,0.168732670090904
2076-02-11,0.162430354022228
2076-02-12,0.155911079459081
2076-02-13,0.149418122522529
2076-02-14,0.144825901372523
2076-02-15,0.138767571406065
2076-02-16,0.131317865386331
2076-02-17,0.12725646759308
2076-02-18,0.130600750582952
2076-02-19,0.142584934849097
2076-02-20,0.185515241222135
2076-02-21,0.192514460500512
2076-02-22,0.141311743786073
2076-02-23,0.144214752254424
2076-02-24,0.144227349367983
2076-02-25,0.143698050311675
2076-02-26,0.140933843378732
2076-02-27,0.137405661401324
2076-02-28,0.133537392592411
2076-02-29,0.130136820074442
2076-03-01,0.113099687710535
2076-03-02,0.108470312446928
2076-03-03,0.103754216881082
2076-03-04,0.10135370899232
2076-03-05,0.10163899792332
2076-03-06,0.111890793499121
2076-03-07,0.100948661504368
2076-03-08,0.107653493857194
2076-03-09,0.113265910157189
2076-03-10,0.125047625490124
2076-03-11,0.164066438050036
2076-03-12,0.273867341784202
2076-03-13,0.385802478884704
2076-03-14,0.509504247372653
2076-03-15,0.608409070992762
2076-03-16,0.658000454439942
2076-03-17,0.805193457180127
2076-03-18,0.692214018170933
2076-03-19,0.745184606635886
2076-03-20,0.661346545971273
2076-03-21,0.603769009390765
2076-03-22,0.598817408089055
2076-03-23,0.620200952582803
2076-03-24,0.612799398721354
2076-03-25,0.706745739666101
2076-03-26,0.618944090282825
2076-03-27,0.657911293202152
2076-03-28,0.563612007132699
2076-03-29,0.582579874324599
2076-03-30,0.579142009555124
2076-03-31,0.627139660087742
2076-04-01,0.623472585275375
2076-04-02,0.603669666992685
2076-04-03,0.579092482399576
2076-04-04,0.585802709112189
2076-04-05,0.60232487881397
2076-04-06,0.591162865222701
2076-04-07,0.574885775534764
2076-04-08,0.570261428119404
2076-04-09,0.555499078045429
2076-04-10,0.756491610731672
2076-04-11,0.916044025260629
2076-04-12,0.708134460455546
2076-04-13,0.679338882223072
2076-04-14,0.77797593885648
2076-04-15,0.869000550468106
2076-04-16,0.965514944402868
2076-04-17,0.854574794580437
2076-04-18,0.924042184914485
2076-04-19,0.875702205656744
2076-04-20,0.911970595458619
2076-04-21,1.23250838718868
2076-04-22,0.904345287509598
2076-04-23,0.644771591221837
2076-04-24,0.62824328526898
2076-04-25,0.648205716135822
2076-04-26,0.589757370122576
2076-04-27,0.575693509549719
2076-04-28,0.53143033010294
2076-04-29,0.491736797072669
2076-04-30,0.454190596797232
2076-05-01,0.375686848830863
2076-05-02,0.344810948691602
2076-05-03,0.327173597310881
2076-05-04,0.289097164679198
2076-05-05,0.267356782563812
2076-05-06,0.251895324249632
2076-05-07,0.254844147876288
2076-05-08,0.27049252111761
2076-05-09,0.274038899994771
2076-05-10,0.217740968250112
2076-05-11,0.15791779151865
2076-05-12,0.140036703270835
2076-05-13,0.126852601706825
2076-05-14,0.116655714820536
2076-05-15,0.0934707519278
2076-05-16,0.0905306100086736
2076-05-17,0.0823674332031103
2076-05-18,0.0776553603164187
2076-05-19,0.0557191060225861
2076-05-20,0.0354715301108433
2076-05-21,0.0305331039890887
2076-05-22,0.0279021631006398
2076-05-23,0.0453927944367884
2076-05-24,0.0250660881641478
2076-05-25,0.0308935687488664
2076-05-26,0.0367394293168455
2076-05-27,0.0337766604896865
2076-05-28,0.0200636136069952
2076-05-29,0.0226641049018506
2076-05-30,0.0174537991138245
2076-05-31,0.0160855953677743
2076-06-01,0.0214759332018721
2076-06-02,0.0196970742682738
2076-06-03,0.0178328417399258
2076-06-04,0.0163114180982736
2076-06-05,0.0149976195588693
2076-06-06,0.0137616991193157
2076-06-07,0.0125287196717555
2076-06-08,0.011468280036743
2076-06-09,0.0105493869180069
2076-06-10,0.00975644715878464
2076-06-11,0.00913029735628731
2076-06-12,0.00868613302653575
2076-06-13,0.00833967405227859
2076-06-14,0.00803298720877192
2076-06-15,0.0077669320799212
2076-06-16,0.00752947389928512
2076-06-17,0.0073130207905991
2076-06-18,0.00711496754906201
2076-06-19,0.00694931427687372
2076-06-20,0.00682053857882837
2076-06-21,0.00671182394775394
2076-06-22,0.00660348179376663
2076-06-23,0.00649483760274564
2076-06-24,0.00638723907759677
2076-06-25,0.00628836416914656
2076-06-26,0.00620050072244417
2076-06-27,0.00611523786095676
2076-06-28,0.00602970505274275
2076-06-29,0.00593434665109333
2076-06-30,0.00582515647307412
2076-07-01,0.0149884681462445
2076-07-02,0.014619945390573
2076-07-03,0.014232693776253
2076-07-04,0.0138713949418559
2076-07-05,0.0135616412697761
2076-07-06,0.0132759667625769
2076-07-07,0.0129664144405515
2076-07-08,0.0126250105230131
2076-07-09,0.0122785043558574
2076-07-10,0.0119534675773442
2076-07-11,0.0116349329572713
2076-07-12,0.0113032149135873
2076-07-13,0.0109719582566879
2076-07-14,0.0106456554331339
2076-07-15,0.0182636745605522
2076-07-16,0.0100832585173812
2076-07-17,0.0252950767313577
2076-07-18,0.0125542416863552
2076-07-19,0.0150862774156175
2076-07-20,0.012672447085161
2076-07-21,0.00930800968515458
2076-07-22,0.00911629407438625
2076-07-23,0.00892593121484958
2076-07-24,0.00874674944902768
2076-07-25,0.0085814182338959
2076-07-26,0.00843084323488796
2076-07-27,0.00829609000723567
2076-07-28,0.00817676300460902
2076-07-29,0.00807233771491919
2076-07-30,0.00798207729295584
2076-07-31,0.0079484333427582
2076-08-01,0.00841600787307126
2076-08-02,0.00836166613129457
2076-08-03,0.00842002661675663
2076-08-04,0.00841053262385544
2076-08-05,0.00824607105681221
2076-08-06,0.0125663054842519
2076-08-07,0.0617266271113156
2076-08-08,0.146900187716994
2076-08-09,0.00818271560738854
2076-08-10,0.00815922323835865
2076-08-11,0.00813558840542627
2076-08-12,0.00811319619381911
2076-08-13,0.00809342883731603
2076-08-14,0.008077155820958
2076-08-15,0.0080636107109133
2076-08-16,0.00805308045449722
2076-08-17,0.00804475039672335
2076-08-18,0.00803778618423978
2076-08-19,0.00803167712676615
2076-08-20,0.00802632829965864
2076-08-21,0.00802180253056444
2076-08-22,0.00801797703670784
2076-08-23,0.00801393487806841
2076-08-24,0.00800939866664408
2076-08-25,0.00800518601485767
2076-08-26,0.00800133520401696
2076-08-27,0.0079978522153967
2076-08-28,0.00799475171742197
2076-08-29,0.00799168363568352
2076-08-30,0.0079886707236707
2076-08-31,0.00798586261732483
2076-09-01,0.00295405674750744
2076-09-02,0.00295309955069877
2076-09-03,0.00295217723105705
2076-09-04,0.0029512786527056
2076-09-05,0.00295040599726883
2076-09-06,0.00294955094059981
2076-09-07,0.00294870481432077
2076-09-08,0.00294786938282107
2076-09-09,0.00294706273723418
2076-09-10,0.00294627995224885
2076-09-11,0.00294550094033498
2076-09-12,0.00294474113777294
2076-09-13,0.00294400150495945
2076-09-14,0.065671309117398
2076-09-15,0.00294252378187368
2076-09-16,0.00294178248862524
2076-09-17,0.00294104071222518
2076-09-18,0.00294030006254884
2076-09-19,0.00293956016087151
2076-09-20,0.00293882612387503
2076-09-21,0.00293809788706042
2076-09-22,0.00293736950187455
2076-09-23,0.00293664101698699
2076-09-24,0.0029359125441487
2076-09-25,0.00293518406398632
2076-09-26,0.00293445563202099
2076-09-27,0.0029337272659722
2076-09-28,0.0029329988160511
2076-09-29,0.00293227044763971
2076-09-30,0.00293154222594572
2076-10-01,0.00400738789081806
2076-10-02,0.00400639239649001
2076-10-03,0.00400539696806317
2076-10-04,0.00400440168532968
2076-10-05,0.004003406579948
2076-10-06,0.00400241156728027
2076-10-07,0.00400141682241696
2076-10-08,0.00400042232823671
2076-10-09,0.00399942795164489
2076-10-10,0.0039984337620962
2076-10-11,0.00399743982646102
2076-10-12,0.00399644604007268
2076-10-13,0.00399545263358545
2076-10-14,0.00399445923452827
2076-10-15,0.00399346619889687
2076-10-16,0.00399247338842794
2076-10-17,0.0039914807158993
2076-10-18,0.00399048847172854
2076-10-19,0.0040040870212602
2076-10-20,0.0039885044327428
2076-10-21,0.00398751273451835
2076-10-22,0.00398652135869295
2076-10-23,0.00398553019543125
2076-10-24,0.00398453928866743
2076-10-25,0.00398354850692206
2076-10-26,0.00398255807083501
2076-10-27,0.00398156796070052
2076-10-28,0.00398057797041578
2076-10-29,0.00397958824793549
2076-10-30,0.00397859879261352
2076-10-31,0.0262639524859692
2076-11-01,0.157083346662759
2076-11-02,0.00503655456419839
2076-11-03,0.00503534700665933
2076-11-04,0.00503415897734117
2076-11-05,0.00503298047783738
2076-11-06,0.00503180569105695
2076-11-07,0.00503063107575258
2076-11-08,0.00502945612117931
2076-11-09,0.00706025303655763
2076-11-10,0.00667820009754069
2076-11-11,0.00502594116214757
2076-11-12,0.00502477229763558
2076-11-13,0.0372282097245883
2076-11-14,0.00502243723979166
2076-11-15,0.00502128246537582
2076-11-16,0.00508170552075272
2076-11-17,0.00501899100993168
2076-11-18,0.00501785154067762
2076-11-19,0.00501671518664072
2076-11-20,0.00501558024492837
2076-11-21,0.00691884468199273
2076-11-22,0.00505973267370581
2076-11-23,0.00501218289066485
2076-11-24,0.00501104877359289
2076-11-25,0.00500991180854453
2076-11-26,0.00650282007225381
2076-11-27,0.0291359770724125
2076-11-28,0.106993630625206
2076-11-29,0.00706681147763489
2076-11-30,0.0110388389749127
2076-12-01,0.0271045557076192
2076-12-02,0.0407145061257432
2076-12-03,0.0249534058604833
2076-12-04,0.0156061314997667
2076-12-05,0.0108182443349763
2076-12-06,0.0135864290696112
2076-12-07,0.0099691659558345
2076-12-08,0.0118293910045334
2076-12-09,0.0245969581518931
2076-12-10,0.143581138571812
2076-12-11,0.043880179071224
2076-12-12,0.16688623730619
2076-12-13,0.375743311131222
2076-12-14,0.249940701322902
2076-12-15,0.430101079904918
2076-12-16,0.0228939813554149
2076-12-17,0.0116737950729754
2076-12-18,0.00675418786244735
2076-12-19,0.00828617345981642
2076-12-20,0.00721370949098175
2076-12-21,0.0159739750347458
2076-12-22,0.0158880503532729
2076-12-23,0.0112858051276467
2076-12-24,0.00717044572692469
2076-12-25,0.00799940170055106
2076-12-26,0.0117181823274293
2076-12-27,0.022842552637213
2076-12-28,0.0695621040929226
2076-12-29,0.359862550182539
2076-12-30,0.154726296814457
2076-12-31,0.0455546978202839
2077-01-01,0.0391861511120568
2077-01-02,0.140248964762447
2077-01-03,0.138780356005237
2077-01-04,0.275886969896914
2077-01-05,0.428223507238565
2077-01-06,0.586458650850483
2077-01-07,0.0855381976860197
2077-01-08,0.0120282895640072
2077-01-09,0.121149765395582
2077-01-10,0.439510607058561
2077-01-11,0.0875841541339251
2077-01-12,0.0169157079783031
2077-01-13,0.0846211788878122
2077-01-14,0.115871493069313
2077-01-15,0.0165655270031683
2077-01-16,0.0271481006397478
2077-01-17,0.0241572105165653
2077-01-18,0.0269987969681943
2077-01-19,0.112566858154019
2077-01-20,0.282156564053335
2077-01-21,0.572267181110483
2077-01-22,0.582272126710974
2077-01-23,2.67469195329595
2077-01-24,0.721831108024796
2077-01-25,0.615728772944928
2077-01-26,0.596529654630134
2077-01-27,0.567393527056275
2077-01-28,0.535424121389484
2077-01-29,0.502480565545156
2077-01-30,0.464178097655783
2077-01-31,0.428978871504974
2077-02-01,0.275708645189783
2077-02-02,0.256065857688518
2077-02-03,0.238923053989659
2077-02-04,0.225431300862806
2077-02-05,0.211314563734192
2077-02-06,0.19712733890536
2077-02-07,0.187872140545487
2077-02-08,0.179848636360732
2077-02-09,0.187249282580838
2077-02-10,0.225927891688629
2077-02-11,0.439300217999648
2077-02-12,0.543944086794396
2077-02-13,0.413961361932252
2077-02-14,0.414596655537383
2077-02-15,0.622928267223403
2077-02-16,0.627165974554128
2077-02-17,2.58314235541084
2077-02-18,10.0383495429236
2077-02-19,1.13775649821909
2077-02-20,0.699797289608747
2077-02-21,0.695049652252611
2077-02-22,0.702553089239571
2077-02-23,0.716602703600582
2077-02-24,0.745001278199605
2077-02-25,0.872567088768622
2077-02-26,0.791198773434444
2077-02-27,1.78357256929842
2077-02-28,6.20547110679337
2077-03-01,5.58118473523314
2077-03-02,1.07370959483672
2077-03-03,0.659949616619407
2077-03-04,0.652474268420504
2077-03-05,0.649880223640537
2077-03-06,0.64461172088431
2077-03-07,0.64267651834929
2077-03-08,0.646539431434014
2077-03-09,0.613988725180466
2077-03-10,0.587917244908628
2077-03-11,0.536380781927832
2077-03-12,0.478118913277802
2077-03-13,0.441988930112276
2077-03-14,0.41720173067678
2077-03-15,0.39550213612583
2077-03-16,0.364867198987029
2077-03-17,0.355870165748484
2077-03-18,0.389275914588131
2077-03-19,0.431366339552831
2077-03-20,0.458957526252645
2077-03-21,0.421231954722254
2077-03-22,0.423881946130216
2077-03-23,0.454894618362625
2077-03-24,0.522494729033407
2077-03-25,0.651380212834428
2077-03-26,0.586336970169033
2077-03-27,0.531116289923692
2077-03-28,0.510133559932681
2077-03-29,0.483623654495069
2077-03-30,0.562988348259392
2077-03-31,0.694602726730185
2077-04-01,0.77597042721132
2077-04-02,0.932530124893023
2077-04-03,1.25048239433252
2077-04-04,2.76553570286294
2077-04-05,0.745653364842552
2077-04-06,0.893552075486389
2077-04-07,0.667526651883379
2077-04-08,0.695189084298897
2077-04-09,0.737600672441478
2077-04-10,0.845183427858213
2077-04-11,0.91904883717793
2077-04-12,0.855279047557893
2077-04-13,0.729518951271716
2077-04-14,0.725064197338618
2077-04-15,0.868559898933127
2077-04-16,0.998894231683574
2077-04-17,1.2998935177805
2077-04-18,1.49103897343121
2077-04-19,1.84238477392604
2077-04-20,1.7625075987809
2077-04-21,1.91157420234576
2077-04-22,2.13277662905204
2077-04-23,2.41293794479574
2077-04-24,2.05635223420303
2077-04-25,1.73768201568723
2077-04-26,1.00171386235256
2077-04-27,0.924147982758067
2077-04-28,1.03120275535647
2077-04-29,0.807234718610914
2077-04-30,0.715283029098809
2077-05-01,0.79719401083394
2077-05-02,0.652154573489603
2077-05-03,0.605897750258591
2077-05-04,0.602948773079633
2077-05-05,0.526654480473743
2077-05-06,0.522839465725198
2077-05-07,0.525074089871246
2077-05-08,0.509398105922369
2077-05-09,0.494126785329537
2077-05-10,0.495683198229104
2077-05-11,0.450152310085986
2077-05-12,0.418889099406345
2077-05-13,0.403600020880923
2077-05-14,0.448774583055769
2077-05-15,0.516994247099043
2077-05-16,0.61885087739211
2077-05-17,0.725402205445395
2077-05-18,1.06139647690419
2077-05-19,1.02754186488775
2077-05-20,1.07273034049855
2077-05-21,0.867310968927643
2077-05-22,0.685325938561388
2077-05-23,0.489602353262832
2077-05-24,0.45625874825649
2077-05-25,0.379159745687101
2077-05-26,0.437457170838839
2077-05-27,0.410525538971201
2077-05-28,0.470481198115194
2077-05-29,0.473577757043872
2077-05-30,0.478604901763291
2077-05-31,0.45704779961551
2077-06-01,0.617428697526376
2077-06-02,0.601739574509552
2077-06-03,0.598520506606163
2077-06-04,0.531032085422234
2077-06-05,0.366035717874972
2077-06-06,0.338975669274697
2077-06-07,0.241878888525403
2077-06-08,0.178890059335075
2077-06-09,0.160386071892587
2077-06-10,0.145069527591967
2077-06-11,0.145947388440112
2077-06-12,0.133566687502109
2077-06-13,0.112426931625549
2077-06-14,0.0979401210398755
2077-06-15,0.0935798339769947
2077-06-16,0.0899816613192927
2077-06-17,0.0841604854200834
2077-06-18,0.0876238778162799
2077-06-19,0.0965397031173224
2077-06-20,0.0850954457203906
2077-06-21,0.088452650042814
2077-06-22,0.0851210614006746
2077-06-23,0.0782006137851267
2077-06-24,0.0764645482911679
2077-06-25,0.0722002036853423
2077-06-26,0.0692198339315097
2077-06-27,0.0549829509662473
2077-06-28,0.0435413811158308
2077-06-29,0.02392834062324
2077-06-30,0.0242263138886942
2077-07-01,0.0637880434679561
2077-07-02,0.109500551845164
2077-07-03,0.0814409609657791
2077-07-04,0.0609427082881401
2077-07-05,0.0472906115697493
2077-07-06,0.0419028404328484
2077-07-07,0.0378328175248253
2077-07-08,0.034268941534998
2077-07-09,0.0309157671569494
2077-07-10,0.0278321906580077
2077-07-11,0.0250364982442753
2077-07-12,0.0225813726346685
2077-07-13,0.0205587576832023
2077-07-14,0.0188832501711787
2077-07-15,0.0174303768041656
2077-07-16,0.0161559790338853
2077-07-17,0.0150471066839731
2077-07-18,0.0140855443907509
2077-07-19,0.0132613548795448
2077-07-20,0.0126176173723014
2077-07-21,0.0121321392575163
2077-07-22,0.0117697177870037
2077-07-23,0.0114720191089042
2077-07-24,0.0123111021696742
2077-07-25,0.0109306383506159
2077-07-26,0.0131069887809102
2077-07-27,0.0104799779362684
2077-07-28,0.0102646710507365
2077-07-29,0.0100246089912089
2077-07-30,0.00979836216391068
2077-07-31,0.0095952296218858
2077-08-01,0.0100566277952914
2077-08-02,0.0114677534993727
2077-08-03,0.00970152316454488
2077-08-04,0.0095323253038808
2077-08-05,0.00937527076605165
2077-08-06,0.0092330484756514
2077-08-07,0.00909961854742299
2077-08-08,0.00898210832724533
2077-08-09,0.00887446012714111
2077-08-10,0.00877630340560631
2077-08-11,0.00868803732717535
2077-08-12,0.00861033931973976
2077-08-13,0.00854219436327035
2077-08-14,0.00848299192335944
2077-08-15,0.00842991125432342
2077-08-16,0.00838145849895014
2077-08-17,0.00833720923254576
2077-08-18,0.00829634142313332
2077-08-19,0.00825927425285245
2077-08-20,0.00822666166057718
2077-08-21,0.00819805221329774
2077-08-22,0.00817329402890242
2077-08-23,0.00815163324074902
2077-08-24,0.00813108804078786
2077-08-25,0.00811348433317533
2077-08-26,0.00809899356494658
2077-08-27,0.00819323431243586
2077-08-28,0.00807469351312509
2077-08-29,0.0279050040281081
2077-08-30,0.00805445873608871
2077-08-31,0.0135230970240622
2077-09-01,0.00306875200121487
2077-09-02,0.00380260153700167
2077-09-03,0.00528615076321852
2077-09-04,0.00680971674904474
2077-09-05,0.00622247989395203
2077-09-06,0.00296344342399985
2077-09-07,0.00296142407071661
2077-09-08,0.00295962183702356
2077-09-09,0.00295799882564277
2077-09-10,0.00295649091113374
2077-09-11,0.00295504273070142
2077-09-12,0.00295367147438384
2077-09-13,0.00295236495660131
2077-09-14,0.00295112690317333
2077-09-15,0.00294994438737277
2077-09-16,0.00294882938143653
2077-09-17,0.00294777365761172
2077-09-18,0.00294676647126815
2077-09-19,0.00294581829250194
2077-09-20,0.00294494232682695
2077-09-21,0.00835187283258616
2077-09-22,0.00294331617720518
2077-09-23,0.00294251443519365
2077-09-24,0.00294169000088604
2077-09-25,0.00294084325702349
2077-09-26,0.00293999163699173
2077-09-27,0.00293914672154497
2077-09-28,0.00293831221547551
2077-09-29,0.0029375071440887
2077-09-30,0.00293673225349348
2077-10-01,0.00401443892371682
2077-10-02,0.00401341005430185
2077-10-03,0.00401238100979639
2077-10-04,0.00401134784937264
2077-10-05,0.00401031039567881
2077-10-06,0.00400927124502879
2077-10-07,0.00400823098504171
2077-10-08,0.00400718979888419
2077-10-09,0.00400614931373464
2077-10-10,0.00400513011176891
2077-10-11,0.00400413425207679
2077-10-12,0.00400313854550807
2077-10-13,0.00400214321916348
2077-10-14,0.00400114797745674
2077-10-15,0.0100542099493279
2077-10-16,0.0258398031162142
2077-10-17,0.00505208598236294
2077-10-18,0.00399716994420281
2077-10-19,0.00399617616007579
2077-10-20,0.00399518244023477
2077-10-21,0.00399418912258495
2077-10-22,0.00399319596225813
2077-10-23,0.00399220296765347
2077-10-24,0.003991210317738
2077-10-25,0.00399021786003438
2077-10-26,0.0109637678742832
2077-10-27,0.00418123013338913
2077-10-28,0.00398724213994557
2077-10-29,0.00398625066139183
2077-10-30,0.00438747133996488
2077-10-31,0.00398426858490538
2077-11-01,0.0050462287282741
2077-11-02,0.00504497393050483
2077-11-03,0.00504371947159522
2077-11-04,0.00504246539165188
2077-11-05,0.00508182252515
2077-11-06,0.005039958161583
2077-11-07,0.0050387048383444
2077-11-08,0.00503745205040585
2077-11-09,0.00503619948018872
2077-11-10,0.0236631344601394
2077-11-11,0.236972936679168
2077-11-12,0.15301200111367
2077-11-13,0.0152756570635499
2077-11-14,0.00557695444186119
2077-11-15,0.00563654784885412
2077-11-16,0.0055392488878885
2077-11-17,0.00506795656832021
2077-11-18,0.00507725099880075
2077-11-19,0.00508619708440474
2077-11-20,0.00509472590811428
2077-11-21,0.00510285006912484
2077-11-22,0.00529394333409498
2077-11-23,0.00511774315954466
2077-11-24,0.00568590981658058
2077-11-25,0.00512959781561844
2077-11-26,0.00513457560197261
2077-11-27,0.005215471651744
2077-11-28,0.00514319783145
2077-11-29,0.0780123056016052
2077-11-30,0.0384368684364244
2077-12-01,0.00716291381248587
2077-12-02,0.00967502799101347
2077-12-03,0.0278167721155192
2077-12-04,0.00478132171590361
2077-12-05,0.00415859104171007
2077-12-06,0.00427698713961106
2077-12-07,0.00418136270810017
2077-12-08,0.00419024804443621
2077-12-09,0.00419745979609028
2077-12-10,0.00420410198485337
2077-12-11,0.00421000595260793
2077-12-12,0.0539154067938291
2077-12-13,0.55220128463918
2077-12-14,0.103553248934833
2077-12-15,0.00722198048918141
2077-12-16,0.0603430469770097
2077-12-17,0.303457034286007
2077-12-18,0.123960501939241
2077-12-19,0.119789102736752
2077-12-20,0.0136727079395011
2077-12-21,0.0552126242731318
2077-12-22,0.0873153960785893
2077-12-23,0.00646589884425733
2077-12-24,0.00655060693060364
2077-12-25,0.0112946797424637
2077-12-26,0.0317734047639422
2077-12-27,0.00670580737335595
2077-12-28,0.00674979645176423
2077-12-29,0.00678529988892727
2077-12-30,0.00815468066454604
2077-12-31,0.0068411872301719
2078-01-01,0.00996566669229767
2078-01-02,0.0100298788910823
2078-01-03,0.0123500964247205
2078-01-04,0.0401609994296441
2078-01-05,0.0767618260913413
2078-01-06,0.0613970452243797
2078-01-07,0.127856616646422
2078-01-08,0.117362038966108
2078-01-09,0.0161222189890301
2078-01-10,0.00827412344136023
2078-01-11,0.0105116869544163
2078-01-12,0.0125319887033278
2078-01-13,0.0232288780210974
2078-01-14,0.137673976446071
2078-01-15,0.0820258402677199
2078-01-16,0.0270160242841115
2078-01-17,0.0285928557063565
2078-01-18,0.0558574681346361
2078-01-19,0.687682820533623
2078-01-20,1.80729116814599
2078-01-21,2.73572116226954
2078-01-22,0.369682766050463
2078-01-23,0.790465006023163
2078-01-24,0.539763971490481
2078-01-25,0.353871335724238
2078-01-26,1.04127435325657
2078-01-27,3.2505098447724
2078-01-28,1.0313818444989
2078-01-29,0.494163480125454
2078-01-30,0.481485581953254
2078-01-31,0.464050225765265
2078-02-01,0.308299015325631
2078-02-02,0.291110803914808
2078-02-03,0.277543823264589
2078-02-04,0.323832752746401
2078-02-05,0.46915663776416
2078-02-06,1.14631377394985
2078-02-07,0.943805947219367
2078-02-08,0.425765224087448
2078-02-09,0.434117363232596
2078-02-10,0.519547733324957
2078-02-11,0.437665344664221
2078-02-12,0.432847997458647
2078-02-13,0.418794640877281
2078-02-14,0.420688439393422
2078-02-15,0.399965424409249
2078-02-16,0.421257558740918
2078-02-17,0.465368246113267
2078-02-18,0.580039440409291
2078-02-19,0.628873948978973
2078-02-20,0.700773282840722
2078-02-21,0.774874584886878
2078-02-22,0.784863089953656
2078-02-23,0.747927130447791
2078-02-24,0.603561795454135
2078-02-25,0.581627843787716
2078-02-26,0.566392604065794
2078-02-27,0.561601684799184
2078-02-28,0.519384779483628
2078-03-01,0.427117544435398
2078-03-02,0.408468913075162
2078-03-03,0.397440138989386
2078-03-04,0.455504852459909
2078-03-05,0.49575286230629
2078-03-06,0.480768041585584
2078-03-07,0.534565180436738
2078-03-08,0.468237456903951
2078-03-09,0.484269640507108
2078-03-10,0.4332000894073
2078-03-11,0.413989472161229
2078-03-12,0.407443518860845
2078-03-13,0.419089544677085
2078-03-14,0.426253413797342
2078-03-15,0.418304492169625
2078-03-16,0.386804404449636
2078-03-17,0.379929763812216
2078-03-18,0.419791660228177
2078-03-19,0.409252292678008
2078-03-20,0.423312784312286
2078-03-21,0.475345492212783
2078-03-22,0.593495551325416
2078-03-23,0.751519509240939
2078-03-24,0.759115074952383
2078-03-25,0.829623706849467
2078-03-26,0.930879827601304
2078-03-27,1.01356267339001
2078-03-28,1.43611128922454
2078-03-29,1.52584435767565
2078-03-30,1.73431446806306
2078-03-31,1.73418754958961
2078-04-01,1.07632526277099
2078-04-02,1.10300681123936
2078-04-03,1.03778708503566
2078-04-04,1.35533843693871
2078-04-05,1.51735406092265
2078-04-06,1.42045796197407
2078-04-07,1.22946088124855
2078-04-08,0.73351878487946
2078-04-09,0.659326145159033
2078-04-10,0.730425509481975
2078-04-11,0.756349402851308
2078-04-12,0.666464292258445
2078-04-13,0.6149854246779
2078-04-14,0.921856893581526
2078-04-15,0.769661604085887
2078-04-16,0.532110218428044
2078-04-17,0.621271210012108
2078-04-18,0.798048649076385
2078-04-19,0.80447895882757
2078-04-20,0.743803306504505
2078-04-21,0.562370509480039
2078-04-22,0.536628434282345
2078-04-23,0.475480551062299
2078-04-24,0.418936128140334
2078-04-25,0.349617095858598
2078-04-26,0.338951184204898
2078-04-27,0.327900030011452
2078-04-28,0.333805353340629
2078-04-29,0.321230718943198
2078-04-30,0.272507777343816
2078-05-01,0.222082724002015
2078-05-02,0.241974591845236
2078-05-03,0.299538697109856
2078-05-04,0.322094912258895
2078-05-05,0.302124498846212
2078-05-06,0.30129846106342
2078-05-07,0.288694086684643
2078-05-08,0.30214666132768
2078-05-09,0.325999396172971
2078-05-10,0.461453114933595
2078-05-11,0.462048419130267
2078-05-12,0.463676126608245
2078-05-13,0.44990262327648
2078-05-14,0.499322846060837
2078-05-15,0.430332106136022
2078-05-16,0.446972800643377
2078-05-17,0.45143436073464
2078-05-18,0.416814891395917
2078-05-19,0.372525957094126
2078-05-20,0.279502366494491
2078-05-21,0.241933115753475
2078-05-22,0.217820021206893
2078-05-23,0.194415411144495
2078-05-24,0.168344162386307
2078-05-25,0.14532360294541
2078-05-26,0.123778586396765
2078-05-27,0.103585499793676
2078-05-28,0.0897775018179748
2078-05-29,0.0902558632745808
2078-05-30,0.11969485732113
2078-05-31,0.0842549869166358
2078-06-01,0.0999625240852814
2078-06-02,0.0901260309981177
2078-06-03,0.0763809813636636
2078-06-04,0.0503801689480278
2078-06-05,0.0424354117999343
2078-06-06,0.0376471387370976
2078-06-07,0.03289792697778
2078-06-08,0.028839060508351
2078-06-09,0.0251096274147381
2078-06-10,0.021758483077628
2078-06-11,0.018888276569645
2078-06-12,0.0165491545458001
2078-06-13,0.0147221765119206
2078-06-14,0.013250114254717
2078-06-15,0.0120791567619857
2078-06-16,0.0111729934247026
2078-06-17,0.0104345542804532
2078-06-18,0.00978464815519689
2078-06-19,0.00924364485870132
2078-06-20,0.00876372038334112
2078-06-21,0.00831059478454404
2078-06-22,0.0079190583002599
2078-06-23,0.00759869173221679
2078-06-24,0.00733890124125522
2078-06-25,0.00713681574048335
2078-06-26,0.0069695475661438
2078-06-27,0.0068113497892556
2078-06-28,0.00666351104165267
2078-06-29,0.00652532019749395
2078-06-30,0.00639432844614996
2078-07-01,0.0164447482545269
2078-07-02,0.0160603199784033
2078-07-03,0.0156680883744906
2078-07-04,0.0152722534643705
2078-07-05,0.0148769631016994
2078-07-06,0.014482395239045
2078-07-07,0.0140844701554015
2078-07-08,0.0136822741922192
2078-07-09,0.0132860893735934
2078-07-10,0.0316208491464555
2078-07-11,0.0126057698719634
2078-07-12,0.0123072983228796
2078-07-13,0.0120640991810189
2078-07-14,0.0183370054465412
2078-07-15,0.0117180901916463
2078-07-16,0.0113132349582309
2078-07-17,0.010990842616687
2078-07-18,0.0106800199675094
2078-07-19,0.0104984855486947
2078-07-20,0.0101186391261361
2078-07-21,0.0109490182362761
2078-07-22,0.00965268809672472
2078-07-23,0.00941303449677021
2078-07-24,0.00918474667870193
2078-07-25,0.00896694834133276
2078-07-26,0.00876768169132046
2078-07-27,0.00859073424751934
2078-07-28,0.00843554747392984
2078-07-29,0.00829885067175689
2078-07-30,0.00818060388497922
2078-07-31,0.00808266201471196
2078-08-01,0.00854396802512904
2078-08-02,0.00845436393144661
2078-08-03,0.00837734434473814
2078-08-04,0.00831263950619154
2078-08-05,0.00825748652593168
2078-08-06,0.00821081732884733
2078-08-07,0.00817393984568033
2078-08-08,0.00814466140035242
2078-08-09,0.00811934491299291
2078-08-10,0.00809710584768662
2078-08-11,0.00807869186697168
2078-08-12,0.00806417125940944
2078-08-13,0.00805218310366248
2078-08-14,0.00804254742388821
2078-08-15,0.00803468332006051
2078-08-16,0.00802822832105454
2078-08-17,0.00802246876080486
2078-08-18,0.0080174544407026
2078-08-19,0.00801330888926743
2078-08-20,0.00800943494631902
2078-08-21,0.00800568334368021
2078-08-22,0.00800219765620763
2078-08-23,0.00799897050307971
2078-08-24,0.00799607674089508
2078-08-25,0.00799350909609674
2078-08-26,0.00799105054060711
2078-08-27,0.00798867629887259
2078-08-28,0.00798635339917987
2078-08-29,0.00798402176636631
2078-08-30,0.00798168199613315
2078-08-31,0.00797941533689601
2078-09-01,0.00378549618661694
2078-09-02,0.00295111995240548
2078-09-03,0.00295036848202324
2078-09-04,0.00294963057225359
2078-09-05,0.00294889716843378
2078-09-06,0.00294816394653414
2078-09-07,0.00294743086828055
2078-09-08,0.00294669804518772
2078-09-09,0.0029459653080935
2078-09-10,0.00294523282474247
2078-09-11,0.00294450038958848
2078-09-12,0.00294376824243537
2078-09-13,0.00294303633366855
2078-09-14,0.00294230452200458
2078-09-15,0.00294157291966692
2078-09-16,0.00294084149121658
2078-09-17,0.00294011023429098
2078-09-18,0.00293937919590584
2078-09-19,0.00293864826950791
2078-09-20,0.00293791762355055
2078-09-21,0.00293718708414642
2078-09-22,0.402202248473518
2078-09-23,4.70260202570182
2078-09-24,0.408901246103862
2078-09-25,0.00471414830317586
2078-09-26,0.0048266907431871
2078-09-27,0.00483314533016708
2078-09-28,0.00479721828399446
2078-09-29,0.00474189300986223
2078-09-30,0.00467641375258687
2078-10-01,0.00630419447715949
2078-10-02,0.00622044442104368
2078-10-03,0.00613461502794507
2078-10-04,0.00604232007412281
2078-10-05,0.00594403685879029
2078-10-06,0.0058427831612231
2078-10-07,0.0245922139155332
2078-10-08,0.00569704908322354
2078-10-09,0.00565432129316969
2078-10-10,0.0056012674933743
2078-10-11,0.00553427105121042
2078-10-12,0.0054657566411939
2078-10-13,0.00539502677265847
2078-10-14,0.00532357944345153
2078-10-15,0.00525434071709926
2078-10-16,0.0051877715111954
2078-10-17,0.0051298418235694
2078-10-18,0.00507699211530246
2078-10-19,0.00502253087367695
2078-10-20,0.00497147348388142
2078-10-21,0.00492754362601516
2078-10-22,0.00488919901144811
2078-10-23,0.00602417951297134
2078-10-24,0.022111663206737
2078-10-25,0.0329123241515682
2078-10-26,0.00483970315537456
2078-10-27,0.00481742724605582
2078-10-28,0.223556599976854
2078-10-29,0.00480331365271503
2078-10-30,0.00481770960302564
2078-10-31,0.0058868795688945
2078-11-01,0.0164098763729196
2078-11-02,0.027201963562655
2078-11-03,0.00619160855646165
2078-11-04,0.0062055458407966
2078-11-05,0.00621219755545368
2078-11-06,0.00621687455801417
2078-11-07,0.00671877642235063
2078-11-08,0.00623198892789135
2078-11-09,0.0100007108651627
2078-11-10,0.00939163553237125
2078-11-11,0.00636555471505969
2078-11-12,0.258036308067608
2078-11-13,0.442937151161601
2078-11-14,0.762314377743718
2078-11-15,0.25696753640312
2078-11-16,0.0607941150681423
2078-11-17,0.127564596662928
2078-11-18,0.134014785906486
2078-11-19,0.0607041762382595
2078-11-20,0.0669085264176197
2078-11-21,0.38948428412301
2078-11-22,0.30522147117362
2078-11-23,0.12532172900553
2078-11-24,0.435787490606661
2078-11-25,0.632842053879872
2078-11-26,0.699560029687637
2078-11-27,0.134344848953506
2078-11-28,0.0962702066368112
2078-11-29,0.209948299824309
2078-11-30,0.47562723624242
2078-12-01,0.681816264835018
2078-12-02,0.783776933562384
2078-12-03,0.445382796630164
2078-12-04,0.374574705912828
2078-12-05,0.534336161006502
2078-12-06,0.51456326220167
2078-12-07,0.367223069007988
2078-12-08,0.432967047554898
2078-12-09,0.677102466473599
2078-12-10,1.35630012861281
2078-12-11,1.06562888899266
2078-12-12,0.866912885618273
2078-12-13,0.763004478023205
2078-12-14,1.36293790122863
2078-12-15,0.711138000066141
2078-12-16,0.691000470198527
2078-12-17,0.700440282859344
2078-12-18,0.697821169827079
2078-12-19,0.846797910145566
2078-12-20,0.83213870066812
2078-12-21,1.1511124802134
2078-12-22,1.35857533770631
2078-12-23,3.18179306285453
2078-12-24,8.87623774108978
2078-12-25,2.04319329184828
2078-12-26,1.17802747425333
2078-12-27,1.32961793787754
2078-12-28,1.69961390634901
2078-12-29,1.60511740297683
2078-12-30,1.18221497320753
2078-12-31,1.18126540333459
2079-01-01,1.00323695340696
2079-01-02,1.02400368544837
2079-01-03,1.02948600667187
2079-01-04,0.908820730332184
2079-01-05,0.853241547612159
2079-01-06,0.806423849127299
2079-01-07,0.916673221227891
2079-01-08,0.792932378828183
2079-01-09,0.810166077754152
2079-01-10,0.984739678982813
2079-01-11,0.82145830898627
2079-01-12,0.787589653854727
2079-01-13,0.766890817818743
2079-01-14,0.723281785885871
2079-01-15,0.666756977024447
2079-01-16,0.633105053827247
2079-01-17,0.652208038064981
2079-01-18,0.682865079200598
2079-01-19,0.758761697198662
2079-01-20,0.682644000352383
2079-01-21,0.855124818058219
2079-01-22,1.58262569240898
2079-01-23,1.22867023149898
2079-01-24,1.34457331437539
2079-01-25,1.47342181646864
2079-01-26,8.28464111898819
2079-01-27,12.4391340879217
2079-01-28,13.7566150354647
2079-01-29,2.67219406920731
2079-01-30,1.16453660654927
2079-01-31,1.14897166778621
2079-02-01,0.779877462776998
2079-02-02,0.781369719284772
2079-02-03,0.773517507084124
2079-02-04,0.778770555340123
2079-02-05,0.749062954491943
2079-02-06,0.710016006685788
2079-02-07,0.646531740978702
2079-02-08,0.597711556539038
2079-02-09,0.632004297181626
2079-02-10,0.571788038427117
2079-02-11,0.578424017738051
2079-02-12,0.525405553027955
2079-02-13,0.477564947807005
2079-02-14,0.466267223060378
2079-02-15,0.490325316368402
2079-02-16,0.563232137686102
2079-02-17,0.65413710521499
2079-02-18,0.671140696400032
2079-02-19,0.7636333721424
2079-02-20,0.865453926014686
2079-02-21,0.945608727804843
2079-02-22,0.882035642446759
2079-02-23,1.00204825171847
2079-02-24,0.77102675314366
2079-02-25,0.716473289179168
2079-02-26,0.851337578337738
2079-02-27,0.706927098494977
2079-02-28,0.662563434826636
2079-03-01,0.574204894482724
2079-03-02,0.553333520276192
2079-03-03,0.540706126187545
2079-03-04,0.526488054084683
2079-03-05,0.512888622718984
2079-03-06,0.586890439882612
2079-03-07,0.699305437448731
2079-03-08,0.788808326821197
2079-03-09,0.927602149052246
2079-03-10,1.10723513026753
2079-03-11,1.40764417820868
2079-03-12,1.19108244187702
2079-03-13,0.948304556910481
2079-03-14,1.03972949610878
2079-03-15,1.07872870638962
2079-03-16,1.14298221030513
2079-03-17,1.30766757893268
2079-03-18,1.22764786881764
2079-03-19,0.810206357389834
2079-03-20,0.927452846475467
2079-03-21,1.06418752343309
2079-03-22,1.11165437216928
2079-03-23,0.892426357811981
2079-03-24,0.728099708744406
2079-03-25,0.8328005430787
2079-03-26,1.02194245073011
2079-03-27,1.19464684987955
2079-03-28,1.14807606133845
2079-03-29,0.521490939967627
2079-03-30,0.448996829940353
2079-03-31,0.430062154134513
2079-04-01,0.414640247828258
2079-04-02,0.42077859731018
2079-04-03,0.451303148881582
2079-04-04,0.476819357953465
2079-04-05,0.530303288394651
2079-04-06,0.541480797444415
2079-04-07,0.529601391894539
2079-04-08,0.674049680365846
2079-04-09,0.943429789212322
2079-04-10,0.402305889164445
2079-04-11,0.417482625914188
2079-04-12,0.413231719599159
2079-04-13,0.468810608063073
2079-04-14,0.460523783076212
2079-04-15,0.469837167957522
2079-04-16,0.467941519625247
2079-04-17,0.521791730704804
2079-04-18,0.493015424958996
2079-04-19,0.589861529133555
2079-04-20,0.744396459532186
2079-04-21,0.786342801180417
2079-04-22,0.755579084832989
2079-04-23,0.419035428648194
2079-04-24,0.461989279361627
2079-04-25,0.363274960672991
2079-04-26,0.36054231121043
2079-04-27,0.342926894557494
2079-04-28,0.334062830649775
2079-04-29,0.679434119381128
2079-04-30,0.615575185053773
2079-05-01,0.381295063360018
2079-05-02,0.581884452249232
2079-05-03,0.706481988935931
2079-05-04,0.492963121203828
2079-05-05,0.474353662299837
2079-05-06,0.653949217753324
2079-05-07,0.671326882874978
2079-05-08,0.652546215396063
2079-05-09,0.637426799546168
2079-05-10,0.610758608007323
2079-05-11,0.622058214708392
2079-05-12,0.58073480008763
2079-05-13,0.57135369772722
2079-05-14,0.591534373986244
2079-05-15,0.493200300074347
2079-05-16,0.486532500017593
2079-05-17,0.472558160460708
2079-05-18,0.476793409815412
2079-05-19,0.555780345964596
2079-05-20,0.580007683274968
2079-05-21,0.560340063804761
2079-05-22,0.546460667256465
2079-05-23,0.516932689849781
2079-05-24,0.439615592646117
2079-05-25,0.413939103927825
2079-05-26,0.397585199255816
2079-05-27,0.375013981401383
2079-05-28,0.271849102114326
2079-05-29,0.244581962220337
2079-05-30,0.227345869638712
2079-05-31,0.216544946307036
2079-06-01,0.275555610326816
2079-06-02,0.155613155453158
2079-06-03,0.14311856518037
2079-06-04,0.133546268214047
2079-06-05,0.132970753842774
2079-06-06,0.12781708184146
2079-06-07,0.115993316649957
2079-06-08,0.0996984565047449
2079-06-09,0.0932410754865455
2079-06-10,0.0991809792170942
2079-06-11,0.10037487599305
2079-06-12,0.0968764229013136
2079-06-13,0.0951228631731681
2079-06-14,0.0892770300564491
2079-06-15,0.0929339015739443
2079-06-16,0.074717056449446
2079-06-17,0.0629319288494189
2079-06-18,0.0515684064545909
2079-06-19,0.0512833886635533
2079-06-20,0.0528003001157823
2079-06-21,0.047892944288856
2079-06-22,0.022519128127163
2079-06-23,0.0647571854184205
2079-06-24,0.0934859946751698
2079-06-25,0.0732824173452383
2079-06-26,0.0217204222876623
2079-06-27,0.0211127877497036
2079-06-28,0.020179189749631
2079-06-29,0.0231294322786983
2079-06-30,0.0172143709240714
2079-07-01,0.0490662717439526
2079-07-02,0.0372619793565575
2079-07-03,0.0341745273792407
2079-07-04,0.0316265013690434
2079-07-05,0.0321224192960939
2079-07-06,0.0272653683578168
2079-07-07,0.0690365813994264
2079-07-08,0.0229874293660252
2079-07-09,0.020865118328957
2079-07-10,0.0189874971498654
2079-07-11,0.0174032911069966
2079-07-12,0.0160714936088897
2079-07-13,0.0149579103446683
2079-07-14,0.0140165524392905
2079-07-15,0.0132703119210187
2079-07-16,0.0126988158846633
2079-07-17,0.0122636826589095
2079-07-18,0.0119103771960996
2079-07-19,0.0115868257918157
2079-07-20,0.0112737997046312
2079-07-21,0.0109735420537735
2079-07-22,0.0106962281534484
2079-07-23,0.0104381278578105
2079-07-24,0.0101979869466127
2079-07-25,0.00997086385875012
2079-07-26,0.00977066043885233
2079-07-27,0.134655048838122
2079-07-28,0.00949736199977965
2079-07-29,0.00935993187104011
2079-07-30,0.00920369991450871
2079-07-31,0.00905492244420444
2079-08-01,0.00953691449057712
2079-08-02,0.00940458356348535
2079-08-03,0.00927785751288399
2079-08-04,0.00917643636379549
2079-08-05,0.0101167799247452
2079-08-06,0.00898880435029918
2079-08-07,0.00890233747928652
2079-08-08,0.00882017458495736
2079-08-09,0.00874065735313658
2079-08-10,0.00867043884615497
2079-08-11,0.00860753722595411
2079-08-12,0.00854973233821917
2079-08-13,0.00850302223120747
2079-08-14,0.00845867666104384
2079-08-15,0.00841254262651576
2079-08-16,0.0083715201888918
2079-08-17,0.00833530518553742
2079-08-18,0.00830307687228841
2079-08-19,0.00827368409382069
2079-08-20,0.00824557392144891
2079-08-21,0.00821910561921605
2079-08-22,0.00819603885734379
2079-08-23,0.00817691001660697
2079-08-24,0.00815973073368825
2079-08-25,0.00814359883595665
2079-08-26,0.00812855707216015
2079-08-27,0.00811433798392786
2079-08-28,0.00810053448000397
2079-08-29,0.00808782686335279
2079-08-30,0.00807636931141936
2079-08-31,0.00806565383852198
2079-09-01,0.00298092623132013
2079-09-02,0.00297762924185244
2079-09-03,0.00297460948926533
2079-09-04,0.00297170114529583
2079-09-05,0.00296881535422903
2079-09-06,0.00296608557222523
2079-09-07,0.00296357223339936
2079-09-08,0.00296115107989995
2079-09-09,0.00295895620838801
2079-09-10,0.00295709850818178
2079-09-11,0.00295541133686656
2079-09-12,0.0223299610729727
2079-09-13,0.00305657455811798
2079-09-14,0.0128455351982111
2079-09-15,0.0123341776239444
2079-09-16,0.0157515546738236
2079-09-17,0.00294855671949371
2079-09-18,0.0218372056121299
2079-09-19,0.00294646386432119
2079-09-20,0.00939585536742082
2079-09-21,0.00294452859146668
2079-09-22,0.035289348392971
2079-09-23,0.00294275428748036
2079-09-24,0.00294189319247941
2079-09-25,0.0029409467901518
2079-09-26,0.00757099535152685
2079-09-27,0.0172450715919735
2079-09-28,0.00607869079518875
2079-09-29,0.00293776505986647
2079-09-30,0.0029369403711069
2079-10-01,0.0040146328738888
2079-10-02,0.00401350262709001
2079-10-03,0.00401237515557214
2079-10-04,0.00401126692203921
2079-10-05,0.00401017641011728
2079-10-06,0.0040090892604493
2079-10-07,0.00400802581454245
2079-10-08,0.00400699158063966
2079-10-09,0.00400596281136868
2079-10-10,0.00400494092134423
2079-10-11,0.00400391951330314
2079-10-12,0.00400289393022649
2079-10-13,0.011502350940915
2079-10-14,0.00400085151472032
2079-10-15,0.00399983323989417
2079-10-16,0.00399881857315933
2079-10-17,0.00399780663421776
2079-10-18,0.0039967951452781
2079-10-19,0.00399578594737466
2079-10-20,0.00399478448414133
2079-10-21,0.00399379127729599
2079-10-22,0.00399280123758536
2079-10-23,0.0208315587761625
2079-10-24,0.184301672183323
2079-10-25,0.184805572402591
2079-10-26,0.366802861293387
2079-10-27,0.280749456689133
2079-10-28,0.00722757551519228
2079-10-29,0.00491823127058494
2079-10-30,0.00864507786620812
2079-10-31,0.00509180875374785
2079-11-01,0.00649482931350199
2079-11-02,0.00651326230310715
2079-11-03,0.0135336886051862
2079-11-04,0.0445141917971306
2079-11-05,0.00657296702959437
2079-11-06,0.00658657251874625
2079-11-07,0.00659286619460282
2079-11-08,0.0679751617945175
2079-11-09,0.138906133346153
2079-11-10,0.00729487169995092
2079-11-11,0.0667365204057948
2079-11-12,0.0163976040804868
2079-11-13,0.0232602854133916
2079-11-14,0.0222896195134635
2079-11-15,0.637627607012399
2079-11-16,1.00520895508
2079-11-17,0.340634510115816
2079-11-18,0.0236886480273289
2079-11-19,0.0267589183924662
2079-11-20,0.0513148192556081
2079-11-21,0.0754581128842337
2079-11-22,0.197075238712521
2079-11-23,0.0954353478646875
2079-11-24,0.336192918850797
2079-11-25,0.101852487486965
2079-11-26,0.0507238011178656
2079-11-27,0.11663114966314
2079-11-28,0.172603971326104
2079-11-29,0.587667717039573
2079-11-30,0.479374962869948
2079-12-01,0.0912336888809739
2079-12-02,0.0824906076943725
2079-12-03,0.0529163593675674
2079-12-04,0.219980016701442
2079-12-05,0.809512510477516
2079-12-06,0.284266930020201
2079-12-07,0.0706920317838187
2079-12-08,0.058286039852691
2079-12-09,0.0936789166311906
2079-12-10,0.0662193762407259
2079-12-11,0.0728608373648273
2079-12-12,0.0761677742216661
2079-12-13,0.0759255590489056
2079-12-14,0.0767551206877371
2079-12-15,0.0778333236053837
2079-12-16,0.0825539199952274
2079-12-17,0.0872790710457444
2079-12-18,0.0780306664471526
2079-12-19,0.075920594529586
2079-12-20,0.0754361024134806
2079-12-21,0.0972667986159275
2079-12-22,0.106983550594271
2079-12-23,0.0948840964017734
2079-12-24,0.0787797880560112
2079-12-25,0.0982082497940522
2079-12-26,0.107193568937132
2079-12-27,0.102097575951781
2079-12-28,0.0981838684483943
2079-12-29,0.112022474260493
2079-12-30,0.105625901870503
2079-12-31,0.0985041759795258
2080-01-01,0.0852971275874485
2080-01-02,0.0864035900789864
2080-01-03,0.0887295660030513
2080-01-04,0.0855327153696056
2080-01-05,0.174834579769365
2080-01-06,0.198678273285217
2080-01-07,0.115309222474635
2080-01-08,0.106003126611911
2080-01-09,0.112605761076549
2080-01-10,0.118633940638859
2080-01-11,0.131552305864042
2080-01-12,0.12669836441932
2080-01-13,0.139231895404274
2080-01-14,0.161238778595974
2080-01-15,0.161045718351528
2080-01-16,0.154356398132132
2080-01-17,0.145314277618213
2080-01-18,0.138147558623952
2080-01-19,0.137961478364027
2080-01-20,0.135249348059628
2080-01-21,0.129731807498238
2080-01-22,0.128024082644963
2080-01-23,0.12801873311832
2080-01-24,0.126266962412534
2080-01-25,0.121070283550243
2080-01-26,0.116868184619826
2080-01-27,0.104936938457494
2080-01-28,0.100933813545644
2080-01-29,0.0962324458975958
2080-01-30,0.0935342636976596
2080-01-31,0.0992789643634163
2080-02-01,0.0633236407800936
2080-02-02,0.0590469693838688
2080-02-03,0.0642005151746248
2080-02-04,0.0588074449575933
2080-02-05,0.065705705053135
2080-02-06,0.0607253105795
2080-02-07,0.0667862642714695
2080-02-08,0.0659729202603866
2080-02-09,0.0757766991402489
2080-02-10,0.0770817586472681
2080-02-11,0.0779492421268696
2080-02-12,0.0623778042080749
2080-02-13,0.120719329848211
2080-02-14,0.189217200719136
2080-02-15,0.163211170505346
2080-02-16,0.495333544933139
2080-02-17,1.49499114581866
2080-02-18,0.609390575546518
2080-02-19,0.506414913174634
2080-02-20,0.547881630744845
2080-02-21,0.550211209693905
2080-02-22,0.540707259735302
2080-02-23,0.723031119532846
2080-02-24,0.669613604925548
2080-02-25,0.740857007772172
2080-02-26,0.839853656220727
2080-02-27,0.759756138450343
2080-02-28,0.783814938992678
2080-02-29,0.712504454370263
2080-03-01,0.579545421189727
2080-03-02,0.546704075298335
2080-03-03,0.521252324990574
2080-03-04,0.479901830758898
2080-03-05,0.446945294601919
2080-03-06,0.411326556215493
2080-03-07,0.405720867617334
2080-03-08,0.403765527956883
2080-03-09,0.387670035466026
2080-03-10,0.345474232940263
2080-03-11,0.353119674448117
2080-03-12,0.353703307444876
2080-03-13,0.344549095236507
2080-03-14,0.357353897719735
2080-03-15,0.403737689451964
2080-03-16,0.460311052574135
2080-03-17,0.445145367815296
2080-03-18,0.434191139620418
2080-03-19,0.435906558663494
2080-03-20,0.411009129753407
2080-03-21,0.379733739753071
2080-03-22,0.366771235829357
2080-03-23,0.338390373714124
2080-03-24,0.325244781253575
2080-03-25,0.317500849327018
2080-03-26,0.320270372659197
2080-03-27,0.301862332647205
2080-03-28,0.21193208609757
2080-03-29,0.190162291646396
2080-03-30,0.185009348401321
2080-03-31,0.166703304485199
2080-04-01,0.143778898909058
2080-04-02,0.123925100708725
2080-04-03,0.167694655213897
2080-04-04,0.108941695470085
2080-04-05,0.098428541574962
2080-04-06,0.0943211569653501
2080-04-07,0.0867595378052264
2080-04-08,0.0769932507956654
2080-04-09,0.0702118422233993
2080-04-10,0.0663015187397892
2080-04-11,0.0534481494396622
2080-04-12,0.0485971582287142
2080-04-13,0.0457499363119477
2080-04-14,0.0439304488872092
2080-04-15,0.0460695030790638
2080-04-16,0.0327047955585402
2080-04-17,0.0284113962468213
2080-04-18,0.0256272011979136
2080-04-19,0.022990550296923
2080-04-20,0.0205768491556797
2080-04-21,0.0182318338053026
2080-04-22,0.016166097915156
2080-04-23,0.0144946297088196
2080-04-24,0.0132561653624625
2080-04-25,0.0941051737902183
2080-04-26,0.0908320966331766
2080-04-27,0.0633899295880897
2080-04-28,0.0333817892950823
2080-04-29,0.0156130476945637
2080-04-30,0.0160045565022124
2080-05-01,0.014044774511528
2080-05-02,0.0154494864937634
2080-05-03,0.0131443436906207
2080-05-04,0.0276163788777542
2080-05-05,0.0116985334687972
2080-05-06,0.0106987764518115
2080-05-07,0.00964716649735608
2080-05-08,0.00873989162641241
2080-05-09,0.00797416422425996
2080-05-10,0.0074128957770274
2080-05-11,0.0074227648329717
2080-05-12,0.00684219853499126
2080-05-13,0.00667322038825425
2080-05-14,0.00704947611412309
2080-05-15,0.0117715790480757
2080-05-16,0.00976530946783265
2080-05-17,0.00715192551719273
2080-05-18,0.00609348909446448
2080-05-19,0.00585684871295694
2080-05-20,0.00571236713925245
2080-05-21,0.00555209023236151
2080-05-22,0.00537906732247664
2080-05-23,0.00522178739701471
2080-05-24,0.00508906302248728
2080-05-25,0.00497815304888381
2080-05-26,0.0048847550846499
2080-05-27,0.00480309147519932
2080-05-28,0.00472153842178701
2080-05-29,0.00463322091129737
2080-05-30,0.00453499108943888
2080-05-31,0.00443778815483536
2080-06-01,0.00633828312001073
2080-06-02,0.00619633620960245
2080-06-03,0.00604615514228486
2080-06-04,0.005890353363939
2080-06-05,0.00874741364141213
2080-06-06,0.00560706568791339
2080-06-07,0.00548086701673888
2080-06-08,0.00534433921450984
2080-06-09,0.00520757053976786
2080-06-10,0.00509052349604065
2080-06-11,0.00500423505688156
2080-06-12,0.00496363921310312
2080-06-13,0.00482361265339235
2080-06-14,0.00471017060535707
2080-06-15,0.00459523938890701
2080-06-16,0.00449112632424923
2080-06-17,0.00438905342228318
2080-06-18,0.0042857271980474
2080-06-19,0.00418327439874985
2080-06-20,0.0040863933135062
2080-06-21,0.00399767235453098
2080-06-22,0.0039116269504184
2080-06-23,0.00381724146365832
2080-06-24,0.00372029541218906
2080-06-25,0.00362826311144293
2080-06-26,0.00354321298703436
2080-06-27,0.00346705796896198
2080-06-28,0.00339927129214198
2080-06-29,0.00333907762216711
2080-06-30,0.0032841599502371
2080-07-01,0.00849800283561734
2080-07-02,0.00836964642215602
2080-07-03,0.0082471972206409
2080-07-04,0.00813258583440237
2080-07-05,0.00803002599817439
2080-07-06,0.00794074405427093
2080-07-07,0.00786372362722649
2080-07-08,0.00779937139638364
2080-07-09,0.00965134211036942
2080-07-10,0.0077069695147235
2080-07-11,0.00767054293387069
2080-07-12,0.00764069621852395
2080-07-13,0.00761640236679435
2080-07-14,0.00759493371832165
2080-07-15,0.00757452733643332
2080-07-16,0.00755630241447005
2080-07-17,0.00754041833145915
2080-07-18,0.00752661598200591
2080-07-19,0.00751579619385695
2080-07-20,0.00750838234169186
2080-07-21,0.00750273176073933
2080-07-22,0.00749725942149229
2080-07-23,0.00749266890931592
2080-07-24,0.00748934610293222
2080-07-25,0.00748660304297994
2080-07-26,0.00748406856571699
2080-07-27,0.0074815862617558
2080-07-28,0.00747910601820241
2080-07-29,0.0074767202266353
2080-07-30,0.00747460478877226
2080-07-31,0.00747267530734556
2080-08-01,0.00798456887167924
2080-08-02,0.00798251537005772
2080-08-03,0.00798045994852874
2080-08-04,0.0079784049592503
2080-08-05,0.00797638459470823
2080-08-06,0.00797440123579214
2080-08-07,0.00797241844065334
2080-08-08,0.0079704361173508
2080-08-09,0.0140224560411711
2080-08-10,0.00922633004707946
2080-08-11,0.00796449200655382
2080-08-12,0.00796251155208039
2080-08-13,0.00796053178716473
2080-08-14,0.00795855239831336
2080-08-15,0.00795657325016876
2080-08-16,0.00795459500228003
2080-08-17,0.00795261716940292
2080-08-18,0.00795063960404867
2080-08-19,0.00794866284700931
2080-08-20,0.0079466861780801
2080-08-21,0.00794471046686994
2080-08-22,0.00794273485526257
2080-08-23,0.00794075991150462
2080-08-24,0.00793878542170551
2080-08-25,0.00793681152377677
2080-08-26,0.00793483802681308
2080-08-27,0.00793286502211701
2080-08-28,0.00793089244392512
2080-08-29,0.00792892042312573
2080-08-30,0.0079269490044124
2080-08-31,0.007924977774689
2080-09-01,0.00293179296178349
2080-09-02,0.00293106397980499
2080-09-03,0.00293033516486226
2080-09-04,0.0029296065660974
2080-09-05,0.00292887808593504
2080-09-06,0.00292814982573069
2080-09-07,0.00292742170161209
2080-09-08,0.00292669385060998
2080-09-09,0.00292596617845667
2080-09-10,0.00292523853347324
2080-09-11,0.00292451119066629
2080-09-12,0.00292378398843402
2080-09-13,0.00292305708105418
2080-09-14,0.00468520936550283
2080-09-15,0.00292160361123401
2080-09-16,0.00292087707123839
2080-09-17,0.00292015079443636
2080-09-18,0.00291942476169085
2080-09-19,0.00291869886810248
2080-09-20,0.00291797311059982
2080-09-21,0.00291724752981962
2080-09-22,0.00291652221884827
2080-09-23,0.00291579694851366
2080-09-24,0.00291507200161891
2080-09-25,0.0029143471660026
2080-09-26,0.00291362245111512
2080-09-27,0.00291289805257973
2080-09-28,0.0029121737816247
2080-09-29,0.00291144967274401
2080-09-30,0.00291072568411964
2080-10-01,0.00397893086041757
2080-10-02,0.00397794155660378
2080-10-03,0.00397695235099572
2080-10-04,0.00397596354337929
2080-10-05,0.00397497486853441
2080-10-06,0.00397398659588075
2080-10-07,0.00397299837136082
2080-10-08,0.00397201056938395
2080-10-09,0.0039710228704585
2080-10-10,0.00397003553140532
2080-10-11,0.00396904836744261
2080-10-12,0.00396806136790992
2080-10-13,0.00396707474310957
2080-10-14,0.00396608837997582
2080-10-15,0.00396510217190374
2080-10-16,0.00396411627944676
2080-10-17,0.00396313059438478
2080-10-18,0.00396214523689058
2080-10-19,0.00396116002670497
2080-10-20,0.00396017511695135
2080-10-21,0.00395919035353719
2080-10-22,0.00395820594159615
2080-10-23,0.00395722168019416
2080-10-24,0.0471005212634497
2080-10-25,0.00507239258129361
2080-10-26,0.00395427068921182
2080-10-27,0.00395328739177656
2080-10-28,0.00395230457212508
2080-10-29,0.00395132180965259
2080-10-30,0.00395033946649271
2080-10-31,0.00394935722799947
2080-11-01,0.0050020121355177
2080-11-02,0.00500076847550922
2080-11-03,0.0115641963823361
2080-11-04,0.00501265235782034
2080-11-05,0.00499703935102695
2080-11-06,0.00499579688766782
2080-11-07,0.00499469624608434
2080-11-08,0.00499331302336468
2080-11-09,0.0828561899559688
2080-11-10,0.107715663408254
2080-11-11,0.0361417034430875
2080-11-12,0.0486190991784472
2080-11-13,0.0746252086362737
2080-11-14,0.0543562813557659
2080-11-15,0.0151340648358703
2080-11-16,0.00598965948732129
2080-11-17,0.00500960868711021
2080-11-18,0.0160224768225336
2080-11-19,0.00845499902308094
2080-11-20,0.0050315691895157
2080-11-21,0.00503900619713547
2080-11-22,0.00504631411600007
2080-11-23,0.0050535209237226
2080-11-24,0.00506065484305737
2080-11-25,0.00506764698604335
2080-11-26,0.00507443598429383
2080-11-27,0.00508102189960571
2080-11-28,0.00508739446019289
2080-11-29,0.00830054951003887
2080-11-30,0.00914522559112158
2080-12-01,0.00646270851875946
2080-12-02,0.136283372664872
2080-12-03,0.0125119820601283
2080-12-04,0.381840486869559
2080-12-05,0.234678792187753
2080-12-06,0.00554110516288849
2080-12-07,0.00624862414338818
2080-12-08,0.0129572586859049
2080-12-09,0.0320437636495696
2080-12-10,0.062400584659059
2080-12-11,0.0749329583811797
2080-12-12,0.0484619321740292
2080-12-13,0.00973060294992477
2080-12-14,0.0120914391227047
2080-12-15,0.0131632467170124
2080-12-16,0.0103465944836843
2080-12-17,0.0102132317646909
2080-12-18,0.00735893250582864
2080-12-19,0.00856624958606209
2080-12-20,0.0197730009715641
2080-12-21,0.0124677295139485
2080-12-22,0.01375013839206
2080-12-23,0.0215902017289436
2080-12-24,0.0693291804485287
2080-12-25,0.060011147619212
2080-12-26,0.0862282416275575
2080-12-27,0.0959735482286582
2080-12-28,0.187062701434966
2080-12-29,0.182260204151023
2080-12-30,0.254390876524705
2080-12-31,0.0733409225995094
2081-01-01,0.0556999391251141
2081-01-02,0.0829098456117983
2081-01-03,0.0761193973530385
2081-01-04,0.142912708799809
2081-01-05,0.191364804136534
2081-01-06,0.104894585252913
2081-01-07,0.044481848682315
2081-01-08,0.0472998502636107
2081-01-09,0.0409567417895131
2081-01-10,0.0290643236830848
2081-01-11,0.0200787795741329
2081-01-12,0.0239368065780737
2081-01-13,0.0114991615653869
2081-01-14,0.00922831882404725
2081-01-15,0.0100679959720984
2081-01-16,0.163002157426891
2081-01-17,0.0286535331651459
2081-01-18,0.0377871364701914
2081-01-19,0.0193068685240078
2081-01-20,0.00804650632368984
2081-01-21,0.00810269976327402
2081-01-22,0.00814823490442109
2081-01-23,0.00818590247193944
2081-01-24,0.00821776588965259
2081-01-25,0.00824521736032739
2081-01-26,0.00847894175110782
2081-01-27,0.0082904634455462
2081-01-28,0.00830945595914038
2081-01-29,0.0083265731172371
2081-01-30,0.00834210603763775
2081-01-31,0.0143064303434374
2081-02-01,0.0523068849344275
2081-02-02,0.00729070726971469
2081-02-03,0.00583368746010591
2081-02-04,0.00585137135652025
2081-02-05,0.0102638920460733
2081-02-06,0.00588151922100094
2081-02-07,0.00589505629630012
2081-02-08,0.00590731635358856
2081-02-09,0.00591839088967751
2081-02-10,0.00653729664161893
2081-02-11,0.00593769164093117
2081-02-12,0.00594625265149278
2081-02-13,0.00595415534152854
2081-02-14,0.00604478908479861
2081-02-15,0.00647152606279988
2081-02-16,0.011293790874361
2081-02-17,0.00650485494471679
2081-02-18,0.00598758385614852
2081-02-19,0.00625993581219465
2081-02-20,0.00599945837199411
2081-02-21,0.00600486205353155
2081-02-22,0.00600993203329343
2081-02-23,0.00601469174701954
2081-02-24,0.00601916650999029
2081-02-25,0.00602337962850903
2081-02-26,0.012574402800019
2081-02-27,0.0412080734354576
2081-02-28,0.0970926233481576
2081-03-01,0.0167343609072741
2081-03-02,0.0241255669103737
2081-03-03,0.0839231101675948
2081-03-04,0.0460025550549767
2081-03-05,0.0404106514599716
2081-03-06,0.0191823017128519
2081-03-07,0.0493038148162912
2081-03-08,0.0314087033381217
2081-03-09,0.0589229206809938
2081-03-10,0.036774015463446
2081-03-11,0.0214150369015696
2081-03-12,0.0240808253260528
2081-03-13,0.0654586937023396
2081-03-14,0.0748416326164722
2081-03-15,0.0235848812208928
2081-03-16,0.0222112532555257
2081-03-17,0.0841213993628473
2081-03-18,0.158796376544535
2081-03-19,0.135672580683479
2081-03-20,0.0669589219405121
2081-03-21,0.123590067209707
2081-03-22,0.152071645417046
2081-03-23,0.161423529196656
2081-03-24,0.183347597320418
2081-03-25,0.244202652029158
2081-03-26,0.307831330126837
2081-03-27,0.348650776542687
2081-03-28,0.394534255164227
2081-03-29,0.392821908294532
2081-03-30,0.426055374038042
2081-03-31,0.397479951538179
2081-04-01,0.333347188405435
2081-04-02,0.310008426695027
2081-04-03,0.283198473851956
2081-04-04,0.258957644921549
2081-04-05,0.326476461166585
2081-04-06,0.255257455284221
2081-04-07,0.293386638782805
2081-04-08,0.327592742374452
2081-04-09,0.274071858129908
2081-04-10,0.273773920206143
2081-04-11,0.281363693771164
2081-04-12,0.259620913547825
2081-04-13,0.238373760093035
2081-04-14,0.222668230599491
2081-04-15,0.205692769786099
2081-04-16,0.186819160502229
2081-04-17,0.167819675806258
2081-04-18,0.15118865015506
2081-04-19,0.135255384896707
2081-04-20,0.119600869494859
2081-04-21,0.104932515286127
2081-04-22,0.14592650892838
2081-04-23,0.134347582715102
2081-04-24,0.139862861734593
2081-04-25,0.126931412533459
2081-04-26,0.095142043559916
2081-04-27,0.0939521908008302
2081-04-28,0.0891531737242747
2081-04-29,0.0873674544938711
2081-04-30,0.0833124935887676
2081-05-01,0.0712993805968365
2081-05-02,0.0625693898775068
2081-05-03,0.0547869064375602
2081-05-04,0.0470874080876018
2081-05-05,0.0397248150893286
2081-05-06,0.0333741448848021
2081-05-07,0.0278308575839315
2081-05-08,0.0238729413371813
2081-05-09,0.021265716413141
2081-05-10,0.0181367872348924
2081-05-11,0.014726119159458
2081-05-12,0.0119080559591723
2081-05-13,0.00969849110538426
2081-05-14,0.00821693576394496
2081-05-15,0.00740516292467206
2081-05-16,0.00691329523539468
2081-05-17,0.0119568224847646
2081-05-18,0.00634221714091103
2081-05-19,0.00612914592088315
2081-05-20,0.00781330738892112
2081-05-21,0.00591447709280832
2081-05-22,0.0999081188221933
2081-05-23,0.0059562995257497
2081-05-24,0.00574912001999024
2081-05-25,0.0108747545408036
2081-05-26,0.00558178735425828
2081-05-27,0.00549761233422306
2081-05-28,0.00539709080872336
2081-05-29,0.00531260462162482
2081-05-30,0.00552094026819972
2081-05-31,0.00515005974821788
2081-06-01,0.00914011276245353
2081-06-02,0.00732885686832772
2081-06-03,0.00869503360010947
2081-06-04,0.00714607794847912
2081-06-05,0.00702479309211292
2081-06-06,0.00688790589207963
2081-06-07,0.00674672781961512
2081-06-08,0.00660748524285503
2081-06-09,0.00647580600400697
2081-06-10,0.0063663403106691
2081-06-11,0.00625724613677688
2081-06-12,0.00611600461272378
2081-06-13,0.00595734774241685
2081-06-14,0.00579362953233545
2081-06-15,0.00563026767533106
2081-06-16,0.0054728547208638
2081-06-17,0.00531984860071234
2081-06-18,0.00516913180229595
2081-06-19,0.00501812223147048
2081-06-20,0.00487078272187184
2081-06-21,0.00473381570853387
2081-06-22,0.00461073756736001
2081-06-23,0.00449489192146317
2081-06-24,0.00438486752226646
2081-06-25,0.00427944129933556
2081-06-26,0.00416721238671553
2081-06-27,0.00405211900479265
2081-06-28,0.00393893457004338
2081-06-29,0.00382610904496027
2081-06-30,0.0037179046972643
2081-07-01,0.00951313739015434
2081-07-02,0.00928550194953627
2081-07-03,0.00908930375337027
2081-07-04,0.00891454843654033
2081-07-05,0.00874926314179972
2081-07-06,0.00859068710784945
2081-07-07,0.00844847933602291
2081-07-08,0.00832322018388427
2081-07-09,0.00821952684078363
2081-07-10,0.00813432084953201
2081-07-11,0.00805369983023576
2081-07-12,0.00797485443205379
2081-07-13,0.00790146662289277
2081-07-14,0.00783263859183983
2081-07-15,0.00776906083239651
2081-07-16,0.00771400359650816
2081-07-17,0.00766707311807542
2081-07-18,0.00762950107532488
2081-07-19,0.00760165891576027
2081-07-20,0.00757951540934821
2081-07-21,0.00756095024708467
2081-07-22,0.00754530732558044
2081-07-23,0.00753189626424113
2081-07-24,0.00752076946278043
2081-07-25,0.00751233572188272
2081-07-26,0.00750576053097547
2081-07-27,0.00750081472419984
2081-07-28,0.00749714769171095
2081-07-29,0.00749394805518107
2081-07-30,0.00749097336930629
2081-07-31,0.0074881629622747
2081-08-01,0.00800034095627565
2081-08-02,0.00799768725658894
2081-08-03,0.00810094881097737
2081-08-04,0.00799283137386609
2081-08-05,0.00799062684697218
2081-08-06,0.00798846072780493
2081-08-07,0.00798637088202208
2081-08-08,0.00798432339806865
2081-08-09,0.00798227480379959
2081-08-10,0.00798022389248888
2081-08-11,0.00797818935242779
2081-08-12,0.00797618909168575
2081-08-13,0.0079742059792227
2081-08-14,0.00797222324920881
2081-08-15,0.00797024063603664
2081-08-16,0.00796825894865953
2081-08-17,0.00796627763734679
2081-08-18,0.00796429687704176
2081-08-19,0.00796231648386236
2081-08-20,0.00796033671064646
2081-08-21,0.00795835721133819
2081-08-22,0.00795637855673813
2081-08-23,0.0292488444664873
2081-08-24,0.00795242228187458
2081-08-25,0.00795044489720998
2081-08-26,0.0079484679792738
2081-08-27,0.00794649165193107
2081-08-28,0.00794451572619185
2081-08-29,0.00794254036103751
2081-08-30,0.00794056528000649
2081-08-31,0.00793859104559913
2081-09-01,0.00293682904565278
2081-09-02,0.00293609884386413
2081-09-03,0.00293536876304057
2081-09-04,0.00293463888327425
2081-09-05,0.0029339091929884
2081-09-06,0.00293317969100174
2081-09-07,0.00293245035534207
2081-09-08,0.00293172120042129
2081-09-09,0.00293099223379968
2081-09-10,0.00293026341082413
2081-09-11,0.00292953482245471
2081-09-12,0.00292880633922095
2081-09-13,0.00292807814091672
2081-09-14,0.00292735002175956
2081-09-15,0.00292662216343341
2081-09-16,0.00292589445465979
2081-09-17,0.00292516693607544
2081-09-18,0.00292443961736701
2081-09-19,0.00292371246285926
2081-09-20,0.00292298547089833
2081-09-21,0.00292225870763706
2081-09-22,0.00292153206061568
2081-09-23,0.00292080562410193
2081-09-24,0.00292007936714573
2081-09-25,0.00291935332187846
2081-09-26,0.00291862738741709
2081-09-27,0.00291790163487591
2081-09-28,0.00291717617671462
2081-09-29,0.00291645083715582
2081-09-30,0.00291572565801753
2081-10-01,0.0039857657085926
2081-10-02,0.00398477462060043
2081-10-03,0.00398378385339211
2081-10-04,0.00398279336464869
2081-10-05,0.00398180291887029
2081-10-06,0.00398081290080366
2081-10-07,0.00397982313148182
2081-10-08,0.0039788334897628
2081-10-09,0.00397784414815274
2081-10-10,0.00397685502879772
2081-10-11,0.00397586625930062
2081-10-12,0.00397487766909357
2081-10-13,0.00397388926173009
2081-10-14,0.00397290120648582
2081-10-15,0.00397191324524769
2081-10-16,0.00397092572496618
2081-10-17,0.00396993828770729
2081-10-18,0.00396895113052855
2081-10-19,0.00396796432999164
2081-10-20,0.00396697777044643
2081-10-21,0.00396599133462752
2081-10-22,0.00396500515756776
2081-10-23,0.00396928936687979
2081-10-24,0.0173873173149489
2081-10-25,0.00396204826390439
2081-10-26,0.00396106306954799
2081-10-27,0.00396007822440341
2081-10-28,0.00395909352204478
2081-10-29,0.00395810913465518
2081-10-30,0.00395712494432312
2081-10-31,0.00395614102147244
2081-11-01,0.00501060399244623
2081-11-02,0.00500935817691374
2081-11-03,0.00500811252303531
2081-11-04,0.00500686732424378
2081-11-05,0.0050056223321239
2081-11-06,0.00500437771978878
2081-11-07,0.0050031332551932
2081-11-08,0.00500188937541704
2081-11-09,0.00500064558649455
2081-11-10,0.00499940222687616
2081-11-11,0.00499815911567301
2081-11-12,0.00499691633596302
2081-11-13,0.00499618524131281
2081-11-14,0.00499443161591643
2081-11-15,0.00499318985073919
2081-11-16,0.00499194824189577
2081-11-17,0.327574121023303
2081-11-18,0.150636652615919
2081-11-19,0.0991533044301273
2081-11-20,0.356389484582779
2081-11-21,0.0108113689315525
2081-11-22,0.0728642495746634
2081-11-23,0.00667707322134331
2081-11-24,0.00596601577562301
2081-11-25,0.00611563984838038
2081-11-26,0.00708679252308987
2081-11-27,0.0128293915011562
2081-11-28,0.0179882944482516
2081-11-29,0.0114518855684119
2081-11-30,0.011641996795548
2081-12-01,0.185221803320411
2081-12-02,0.185156128754013
2081-12-03,0.0747636661619213
2081-12-04,0.010099728134366
2081-12-05,0.00683055295732553
2081-12-06,0.0056991966367681
2081-12-07,0.0266303968026704
2081-12-08,0.0814776647947114
2081-12-09,0.208998711203287
2081-12-10,0.232436325842212
2081-12-11,0.209976651825254
2081-12-12,0.151808798954457
2081-12-13,0.0804984511116042
2081-12-14,0.122381097973537
2081-12-15,0.115969288145771
2081-12-16,0.203130015678059
2081-12-17,0.0845515553159999
2081-12-18,0.0507177321879889
2081-12-19,0.0869156514662567
2081-12-20,0.0561512185780651
2081-12-21,0.0407808718093553
2081-12-22,0.0265882839077579
2081-12-23,0.037755842222078
2081-12-24,0.0436760072602018
2081-12-25,0.0409515467765766
2081-12-26,0.0218989288148131
2081-12-27,0.137946677530936
2081-12-28,0.0118592918881155
2081-12-29,0.0829702092350115
2081-12-30,0.394170549814863
2081-12-31,0.492285246880311
2082-01-01,0.187366980420618
2082-01-02,0.0805781721060647
2082-01-03,0.00929792163594462
2082-01-04,0.00996106670769076
2082-01-05,0.0410438653016796
2082-01-06,0.0431163168108941
2082-01-07,0.0225264724844936
2082-01-08,0.036919217172629
2082-01-09,0.0439173230611674
2082-01-10,0.049224909580092
2082-01-11,0.0463297559889554
2082-01-12,0.10087262340242
2082-01-13,0.0495216217190277
2082-01-14,0.0706983011820055
2082-01-15,0.0819131866793683
2082-01-16,0.0850016093809596
2082-01-17,0.178433751451863
2082-01-18,0.179355466392788
2082-01-19,0.0555168929324048
2082-01-20,0.0816482990700001
2082-01-21,0.141598078276268
2082-01-22,0.154837696753994
2082-01-23,0.164898476504155
2082-01-24,0.185472752838739
2082-01-25,0.149833912568913
2082-01-26,0.15282529993625
2082-01-27,0.156043362420956
2082-01-28,0.157060922327089
2082-01-29,0.151751945020803
2082-01-30,0.147455527119293
2082-01-31,0.142571448145292
2082-02-01,0.0952273027591681
2082-02-02,0.0917201325040065
2082-02-03,0.089644267185027
2082-02-04,0.0982900815983208
2082-02-05,0.111814300069409
2082-02-06,0.135846371309178
2082-02-07,0.150787463455716
2082-02-08,0.151893393715174
2082-02-09,0.217659102994087
2082-02-10,0.262160155543651
2082-02-11,0.30783590173677
2082-02-12,0.316648601426071
2082-02-13,0.261230713012192
2082-02-14,0.241831807076585
2082-02-15,0.237475370454602
2082-02-16,0.235287079070931
2082-02-17,0.31155216212879
2082-02-18,0.440880563444185
2082-02-19,0.410900080955192
2082-02-20,0.440189178971034
2082-02-21,0.423323791573235
2082-02-22,0.468486015881507
2082-02-23,0.482803042800756
2082-02-24,0.49312220361852
2082-02-25,0.70813933337165
2082-02-26,0.68524278569756
2082-02-27,0.568936734968799
2082-02-28,0.611254471642929
2082-03-01,0.526565665144892
2082-03-02,0.487763827764023
2082-03-03,0.469444091793466
2082-03-04,0.443491376930159
2082-03-05,0.433493495292253
2082-03-06,0.44177752761538
2082-03-07,0.456318321732865
2082-03-08,0.474060241648919
2082-03-09,0.452022083295915
2082-03-10,0.400934107585524
2082-03-11,0.387719454199876
2082-03-12,0.364319369415285
2082-03-13,0.335369723641331
2082-03-14,0.310348856481791
2082-03-15,0.282489496923097
2082-03-16,0.262446836875615
2082-03-17,0.256885186196605
2082-03-18,0.255772821007354
2082-03-19,0.225625096817128
2082-03-20,0.207976571758306
2082-03-21,0.193597962790233
2082-03-22,0.181704389104473
2082-03-23,0.205149829400956
2082-03-24,0.166904878835522
2082-03-25,0.162407384091016
2082-03-26,0.154057166336874
2082-03-27,0.14151540154496
2082-03-28,0.135055264948485
2082-03-29,0.130437894619741
2082-03-30,0.122926153953388
2082-03-31,0.25963848820339
2082-04-01,0.16542896317483
2082-04-02,0.14603610170529
2082-04-03,0.142138675887415
2082-04-04,0.13937983859562
2082-04-05,0.139731816327832
2082-04-06,0.131991623338456
2082-04-07,0.140111694983504
2082-04-08,0.173916367178405
2082-04-09,0.202814367067995
2082-04-10,0.161015823903754
2082-04-11,0.21629112786186
2082-04-12,0.2128502540069
2082-04-13,0.273909223270392
2082-04-14,0.314551335977672
2082-04-15,0.318828144871448
2082-04-16,0.293641647702022
2082-04-17,0.287867849912896
2082-04-18,0.274998542100853
2082-04-19,0.258944972258721
2082-04-20,0.236753907675309
2082-04-21,0.221749522633126
2082-04-22,0.191701998840119
2082-04-23,0.167792470371312
2082-04-24,0.149252207699826
2082-04-25,0.15953090082102
2082-04-26,0.190466713612233
2082-04-27,0.155043354593666
2082-04-28,0.136246744958493
2082-04-29,0.125691435700073
2082-04-30,0.118334562513323
2082-05-01,0.101757972345422
2082-05-02,0.0921385737909858
2082-05-03,0.0930291607355864
2082-05-04,0.0732577062776726
2082-05-05,0.0724008621401286
2082-05-06,0.0606785503515305
2082-05-07,0.05689404086988
2082-05-08,0.0514311231875723
2082-05-09,0.0463629132633671
2082-05-10,0.0372781445509339
2082-05-11,0.0736981834332267
2082-05-12,0.0709253142789843
2082-05-13,0.0507069918495727
2082-05-14,0.0370633622350732
2082-05-15,0.0301488738531818
2082-05-16,0.026531990755881
2082-05-17,0.0244322323605594
2082-05-18,0.0224275139382934
2082-05-19,0.0203590101361329
2082-05-20,0.0177754880627559
2082-05-21,0.0150907015144436
2082-05-22,0.012761984467544
2082-05-23,0.0112090865925014
2082-05-24,0.0102479260588525
2082-05-25,0.00943784722268868
2082-05-26,0.0086939700067222
2082-05-27,0.00804265822434406
2082-05-28,0.00750267586043037
2082-05-29,0.00703226495120575
2082-05-30,0.00662860384165679
2082-05-31,0.00628001252989285
2082-06-01,0.00870844799841445
2082-06-02,0.00832091217210513
2082-06-03,0.00801676827443144
2082-06-04,0.00781177390742482
2082-06-05,0.00784043451630022
2082-06-06,0.00762013525488934
2082-06-07,0.00749609012534071
2082-06-08,0.00732827252340206
2082-06-09,0.00718235935739167
2082-06-10,0.00705810201594441
2082-06-11,0.00694281504227304
2082-06-12,0.00682574223085418
2082-06-13,0.00785530639267711
2082-06-14,0.00659744851015219
2082-06-15,0.00649089066450396
2082-06-16,0.00637744120667792
2082-06-17,0.00625927086085162
2082-06-18,0.00614598735361387
2082-06-19,0.00603168678475975
2082-06-20,0.00591644251226311
2082-06-21,0.00579383883358572
2082-06-22,0.0056578857307828
2082-06-23,0.00551519378211687
2082-06-24,0.00536364498232414
2082-06-25,0.00520967522395231
2082-06-26,0.00506611565210113
2082-06-27,0.0049315250417882
2082-06-28,0.00480644916503099
2082-06-29,0.00468930535360885
2082-06-30,0.00456726137751919
2082-07-01,0.0116585795786873
2082-07-02,0.0113013014631968
2082-07-03,0.0109653640591307
2082-07-04,0.0106708471549184
2082-07-05,0.0104253097064534
2082-07-06,0.0102094346609239
2082-07-07,0.0100008937759549
2082-07-08,0.00979877566547922
2082-07-09,0.00959339816903615
2082-07-10,0.00937030346522741
2082-07-11,0.00913532478069099
2082-07-12,0.00891416326632624
2082-07-13,0.00898629780509467
2082-07-14,0.00855211262262615
2082-07-15,0.00839327758901974
2082-07-16,0.00825195445619182
2082-07-17,0.00812974648309134
2082-07-18,0.00802233739728627
2082-07-19,0.0079286309500992
2082-07-20,0.0078500993665462
2082-07-21,0.00778608050658359
2082-07-22,0.0077327032557907
2082-07-23,0.00768563162120122
2082-07-24,0.00764498920338914
2082-07-25,0.0080856962056905
2082-07-26,0.0108270267852155
2082-07-27,0.00757245847609348
2082-07-28,0.00755551071485902
2082-07-29,0.0075405134734341
2082-07-30,0.00752756999025858
2082-07-31,0.00751784292796157
2082-08-01,0.00802724883687177
2082-08-02,0.00802192175701017
2082-08-03,0.00801795405336586
2082-08-04,0.00801454502747311
2082-08-05,0.00801131682468508
2082-08-06,0.00800826504204804
2082-08-07,0.00800534447905327
2082-08-08,0.00800250108395244
2082-08-09,0.00799979321312181
2082-08-10,0.00799720659399347
2082-08-11,0.00799469648831776
2082-08-12,0.00799224089728784
2082-08-13,0.00798987310227954
2082-08-14,0.0079876243434501
2082-08-15,0.0079854333491265
2082-08-16,0.0229274906961203
2082-08-17,0.00798128160571835
2082-08-18,0.00797924624329584
2082-08-19,0.00797721564073703
2082-08-20,0.00797518500561578
2082-08-21,0.00797317621223539
2082-08-22,0.00797119362907175
2082-08-23,0.00796921141494918
2082-08-24,0.00796723003851153
2082-08-25,0.00796524896279768
2082-08-26,0.00796326835508922
2082-08-27,0.0079612883469129
2082-08-28,0.00795930864456817
2082-08-29,0.00795732963178118
2082-08-30,0.00795535098675833
2082-08-31,0.00795337293232885
2082-09-01,0.00294229755706113
2082-09-02,0.0029415659710254
2082-09-03,0.00294083452438306
2082-09-04,0.0029401032731277
2082-09-05,0.00293937222198452
2082-09-06,0.00293864136693708
2082-09-07,0.00293791064632158
2082-09-08,0.0029371801220381
2082-09-09,0.0029364498408661
2082-09-10,0.00293571964758282
2082-09-11,0.0029349897659264
2082-09-12,0.00293425995845562
2082-09-13,0.00293353036007489
2082-09-14,0.00293280087084626
2082-09-15,0.00293207171214531
2082-09-16,0.00293134268716749
2082-09-17,0.00293061373330393
2082-09-18,0.00292988504452402
2082-09-19,0.00292915649844513
2082-09-20,0.00292842817492312
2082-09-21,0.00292770002150827
2082-09-22,0.0503379379550531
2082-09-23,0.155306429764149
2082-09-24,0.00292587249973104
2082-09-25,0.00292616281029242
2082-09-26,0.00341559832735924
2082-09-27,0.00292710757770116
2082-09-28,0.00338955755652191
2082-09-29,0.00292785647284989
2082-09-30,0.0029280405443977
2082-10-01,0.00400362641798938
2082-10-02,0.0040034629671564
2082-10-03,0.00400312900146206
2082-10-04,0.00400267455123228
2082-10-05,0.00400213293114451
2082-10-06,0.00400152580945239
2082-10-07,0.00400087079179372
2082-10-08,0.00400017794037893
2082-10-09,0.0423260396271031
2082-10-10,0.0290950684156763
2082-10-11,0.00403477275276954
2082-10-12,0.0100444169453521
2082-10-13,0.00399715088809228
2082-10-14,0.00399666842080247
2082-10-15,0.00399615005544307
2082-10-16,0.00399557949180179
2082-10-17,0.00399495556303951
2082-10-18,0.00399428741553364
2082-10-19,0.00399359225402295
2082-10-20,0.00399288144678942
2082-10-21,0.00399215536501191
2082-10-22,0.00399141585715481
2082-10-23,0.00399066304177568
2082-10-24,0.00398989370619048
2082-10-25,0.00402952880602828
2082-10-26,0.0039882969395489
2082-10-27,0.00398747743246707
2082-10-28,0.00398663818086552
2082-10-29,0.0178083172063803
2082-10-30,0.00398493367155843
2082-10-31,0.00829157785632162
2082-11-01,0.00519019737227537
2082-11-02,0.00504506726056126
2082-11-03,0.00504396097459062
2082-11-04,0.0050428469386374
2082-11-05,0.00504172935447963
2082-11-06,0.00504061258841426
2082-11-07,0.00503949477998706
2082-11-08,0.00503837755474226
2082-11-09,0.0183919364663257
2082-11-10,0.0257890764470156
2082-11-11,0.0194116613054458
2082-11-12,0.00772276064659153
2082-11-13,0.00984589682014685
2082-11-14,0.00621989198879012
2082-11-15,0.00709236638652258
2082-11-16,0.00585844721070666
2082-11-17,0.00507677961635146
2082-11-18,0.00502826753487079
2082-11-19,0.00502739023455027
2082-11-20,0.00502651985793495
2082-11-21,0.00502565797572944
2082-11-22,0.00502480584105972
2082-11-23,0.00502395517600965
2082-11-24,0.0165503506608026
2082-11-25,0.0133944067227401
2082-11-26,0.00513227593327397
2082-11-27,0.00502071396525386
2082-11-28,0.00533716518587221
2082-11-29,0.00728623739511914
2082-11-30,0.00855399051525427
2082-12-01,0.00403333914756457
2082-12-02,0.00400476009202642
2082-12-03,0.00400419086038529
2082-12-04,0.0269557301643982
2082-12-05,0.0487912905599269
2082-12-06,0.156302886576134
2082-12-07,0.0319450419028813
2082-12-08,0.0652233909547619
2082-12-09,0.103538704972874
2082-12-10,0.100727716845818
2082-12-11,0.0906788413374823
2082-12-12,0.0610458994487222
2082-12-13,0.0252168378817453
2082-12-14,0.0138415545787035
2082-12-15,0.022709590520164
2082-12-16,0.0141155437484375
2082-12-17,0.0140759058276481
2082-12-18,0.040752465234375
2082-12-19,0.0150093005506554
2082-12-20,0.00586546969654071
2082-12-21,0.00621200464836941
2082-12-22,0.00541160397894794
2082-12-23,0.00505798450089007
2082-12-24,0.00507308891016162
2082-12-25,0.00508804265105751
2082-12-26,0.00510117582184531
2082-12-27,0.1743602663752
2082-12-28,0.467056674955621
2082-12-29,0.233955917393062
2082-12-30,0.0624901630924167
2082-12-31,0.257810302429498
2083-01-01,0.169358392787741
2083-01-02,0.0184389893655837
2083-01-03,0.0159183504701859
2083-01-04,0.0119729283729024
2083-01-05,0.0088552760065039
2083-01-06,0.0123903563639617
2083-01-07,0.0256269345558586
2083-01-08,0.0577131064436352
2083-01-09,0.124580625969377
2083-01-10,0.0931523494309805
2083-01-11,0.112425023096234
2083-01-12,0.188726933478623
2083-01-13,0.116846448215637
2083-01-14,0.108643955395013
2083-01-15,0.0602468287072335
2083-01-16,0.0224615133222729
2083-01-17,0.014945987895788
2083-01-18,0.0416995659585637
2083-01-19,0.0386019345934431
2083-01-20,0.174292117657078
2083-01-21,0.0554714925081285
2083-01-22,0.0101806959467226
2083-01-23,0.0197667358323489
2083-01-24,0.0261432631962935
2083-01-25,0.0125004670230434
2083-01-26,0.0165293484262178
2083-01-27,0.0086839280696785
2083-01-28,0.0141818474128324
2083-01-29,0.0109214420865959
2083-01-30,0.0125934463627013
2083-01-31,0.0122073672477245
2083-02-01,0.00920818646970083
2083-02-02,0.00991032485024252
2083-02-03,0.00824618502853813
2083-02-04,0.0246325277134249
2083-02-05,0.0177271074316402
2083-02-06,0.00906573627630513
2083-02-07,0.00650845234201288
2083-02-08,0.0224564216541822
2083-02-09,0.0694279606944627
2083-02-10,0.0114542992256577
2083-02-11,0.00632658808234447
2083-02-12,0.0063599237825371
2083-02-13,0.00638535250889156
2083-02-14,0.0317231236116726
2083-02-15,0.0512784322262241
2083-02-16,0.014279831954865
2083-02-17,0.00718027202372261
2083-02-18,0.00743299816487559
2083-02-19,0.0138255070544249
2083-02-20,0.0505011846496664
2083-02-21,0.0864795581117588
2083-02-22,0.199309075130394
2083-02-23,0.099383711098553
2083-02-24,0.105405262274318
2083-02-25,0.184321868686315
2083-02-26,0.328812119315173
2083-02-27,0.341159440022889
2083-02-28,0.431359644159111
2083-03-01,0.446357377672216
2083-03-02,0.580513883698857
2083-03-03,0.585455215906313
2083-03-04,0.626343691078168
2083-03-05,0.693964725282733
2083-03-06,0.70173142150137
2083-03-07,0.585621264468614
2083-03-08,0.608773269443739
2083-03-09,0.604491265519689
2083-03-10,0.558858272181606
2083-03-11,0.64067662219263
2083-03-12,1.28072060441686
2083-03-13,2.47281583463915
2083-03-14,0.701475347873117
2083-03-15,0.69525990009786
2083-03-16,0.809345218945002
2083-03-17,0.687869382932808
2083-03-18,0.78454246244035
2083-03-19,0.696157685456486
2083-03-20,0.662712560784329
2083-03-21,0.649072565320529
2083-03-22,0.816187812937439
2083-03-23,0.636380918524832
2083-03-24,0.613295908918895
2083-03-25,0.57240782641626
2083-03-26,0.527071246387453
2083-03-27,0.47882277278761
2083-03-28,0.433217823289564
2083-03-29,0.390784037472673
2083-03-30,0.639401192771268
2083-03-31,0.446198815811848
2083-04-01,0.428547373648648
2083-04-02,0.456753351278877
2083-04-03,0.475940214286145
2083-04-04,0.433379678792278
2083-04-05,0.396483272469769
2083-04-06,0.439580664017749
2083-04-07,0.384248436869445
2083-04-08,0.380828428254386
2083-04-09,0.367702643793627
2083-04-10,0.350112978649705
2083-04-11,0.405435576545276
2083-04-12,0.3371302888974
2083-04-13,0.382368746556271
2083-04-14,0.40646946683444
2083-04-15,0.543647095448125
2083-04-16,0.713790248923402
2083-04-17,0.541613695859267
2083-04-18,0.535229503998771
2083-04-19,0.496707188929129
2083-04-20,0.588453486780911
2083-04-21,0.626871342212316
2083-04-22,0.508945662938788
2083-04-23,0.499813807239676
2083-04-24,0.458358584659059
2083-04-25,0.423033690456404
2083-04-26,0.394070764956703
2083-04-27,0.357140556422607
2083-04-28,0.321329084381872
2083-04-29,0.286807321126425
2083-04-30,0.290605435856363
2083-05-01,0.215812583728319
2083-05-02,0.192714317716705
2083-05-03,0.17489080109893
2083-05-04,0.157968508184653
2083-05-05,0.140958443647731
2083-05-06,0.130797128570295
2083-05-07,0.114953663674425
2083-05-08,0.102976768162057
2083-05-09,0.144622916486094
2083-05-10,0.0895069856086857
2083-05-11,0.0894552140617857
2083-05-12,0.0837372012931484
2083-05-13,0.077708614100309
2083-05-14,0.0692341509829285
2083-05-15,0.063771820446301
2083-05-16,0.0428326903025363
2083-05-17,0.0343406665057246
2083-05-18,0.031600223015193
2083-05-19,0.0224794279104364
2083-05-20,0.0183447959386617
2083-05-21,0.0151255895613976
2083-05-22,0.0128586954544719
2083-05-23,0.0112198149052781
2083-05-24,0.0100785209042679
2083-05-25,0.00917326924065922
2083-05-26,0.00842746456825776
2083-05-27,0.00785553700833055
2083-05-28,0.00738055479135625
2083-05-29,0.00694653289038609
2083-05-30,0.0158867021580362
2083-05-31,0.00638453272606141
2083-06-01,0.02024192917246
2083-06-02,0.00873988671387473
2083-06-03,0.0204862227098589
2083-06-04,0.00826519131917151
2083-06-05,0.0126804079313278
2083-06-06,0.0079282546209762
2083-06-07,0.00776846042573548
2083-06-08,0.00762720049287695
2083-06-09,0.00750344599547458
2083-06-10,0.00740022108534463
2083-06-11,0.00730197634089732
2083-06-12,0.00718884477277576
2083-06-13,0.00707310456288824
2083-06-14,0.00695213774757659
2083-06-15,0.00682585121427299
2083-06-16,0.00669761508198292
2083-06-17,0.00657217652998778
2083-06-18,0.00645851550611436
2083-06-19,0.00634601650496225
2083-06-20,0.00622247659333676
2083-06-21,0.00608972438015384
2083-06-22,0.00594746274884813
2083-06-23,0.00581087380936864
2083-06-24,0.0056782772540597
2083-06-25,0.00553821298000019
2083-06-26,0.00539298382498712
2083-06-27,0.00524842593620402
2083-06-28,0.00510814206363487
2083-06-29,0.00497061387102328
2083-06-30,0.00484347301652462
2083-07-01,0.0124268183992806
2083-07-02,0.0121251097218911
2083-07-03,0.0118167084228932
2083-07-04,0.0115043380292865
2083-07-05,0.0112041299118516
2083-07-06,0.0109223666811949
2083-07-07,0.0106569092504634
2083-07-08,0.0103781973290763
2083-07-09,0.0100812168115319
2083-07-10,0.00979683277318114
2083-07-11,0.00953197875220804
2083-07-12,0.00928905199279744
2083-07-13,0.00908049836902395
2083-07-14,0.00890134054969317
2083-07-15,0.00873677191127262
2083-07-16,0.00858378849086018
2083-07-17,0.00844468025463079
2083-07-18,0.00831072373811786
2083-07-19,0.00818163748865615
2083-07-20,0.00807203362285834
2083-07-21,0.00805316964829165
2083-07-22,0.00790344240345763
2083-07-23,0.0142648855188731
2083-07-24,0.00777428383660836
2083-07-25,0.00772524716436904
2083-07-26,0.00768063600202024
2083-07-27,0.0107516076409445
2083-07-28,0.00762266387688862
2083-07-29,0.00762483316493503
2083-07-30,0.00758211879109357
2083-07-31,0.00756481146987509
2083-08-01,0.00856816358916266
2083-08-02,0.00805533864239003
2083-08-03,0.00804384888491855
2083-08-04,0.00803426826760543
2083-08-05,0.00802720818808248
2083-08-06,0.0080221500127475
2083-08-07,0.00801795460118115
2083-08-08,0.00846381829010222
2083-08-09,0.00801070427715186
2083-08-10,0.00800728857595726
2083-08-11,0.00800400107631292
2083-08-12,0.00866938779609618
2083-08-13,0.00799826158730082
2083-08-14,0.00799574740748819
2083-08-15,0.0079933488237276
2083-08-16,0.0079909627816173
2083-08-17,0.00798863881502556
2083-08-18,0.00798644255963193
2083-08-19,0.00798435691951268
2083-08-20,0.00798231261327109
2083-08-21,0.00798026519380408
2083-08-22,0.00797821847730285
2083-08-23,0.0079761708433068
2083-08-24,0.0079741473566006
2083-08-25,0.00797215761225232
2083-08-26,0.00797017546070072
2083-08-27,0.00796819358816461
2083-08-28,0.00853862094873195
2083-08-29,0.00796423166914341
2083-08-30,0.00796225131554974
2083-08-31,0.00796027144273104
2083-09-01,0.00294484958747089
2083-09-02,0.00294411737345622
2083-09-03,0.00294338527780778
2083-09-04,0.00294265341558417
2083-09-05,0.00294192171000092
2083-09-06,0.0029411902390238
2083-09-07,0.00294045886396821
2083-09-08,0.00293972776439174
2083-09-09,0.0161094950118539
2083-09-10,0.00293826598554524
2083-09-11,0.0029375354456686
2083-09-12,0.00293680495280769
2083-09-13,0.00293607480417753
2083-09-14,0.00293534468271728
2083-09-15,0.00293461486957625
2083-09-16,0.00946563705643646
2083-09-17,0.00293315565178766
2083-09-18,0.00404095269625095
2083-09-19,0.00293169713545488
2083-09-20,0.0029309682347498
2083-09-21,0.00293023939854369
2083-09-22,0.00292951083403652
2083-09-23,0.00292878238222535
2083-09-24,0.00292805416194893
2083-09-25,0.00292732610020295
2083-09-26,0.00292659820596528
2083-09-27,0.00292587048466989
2083-09-28,0.00292514300979362
2083-09-29,0.00292441564619581
2083-09-30,0.0029236885545332
2083-10-01,0.00399665092338481
2083-10-02,0.0039956571321508
2083-10-03,0.00399466362616565
2083-10-04,0.00399367037506315
2083-10-05,0.00399267731584945
2083-10-06,0.00399168459809449
2083-10-07,0.0039906920095576
2083-10-08,0.00398969974535803
2083-10-09,0.00398870768435386
2083-10-10,0.00398771595511706
2083-10-11,0.00398672442907567
2083-10-12,0.00398573312238193
2083-10-13,0.00398474198367168
2083-10-14,0.00398375124327609
2083-10-15,0.00398276066181872
2083-10-16,0.00398177039177688
2083-10-17,0.0039807802674284
2083-10-18,0.00397979059695837
2083-10-19,0.00397880093811796
2083-10-20,0.0039778116423803
2083-10-21,0.00397682252367138
2083-10-22,0.0039758338029541
2083-10-23,0.114276185994031
2083-10-24,0.0474994544832002
2083-10-25,0.00397288953260313
2083-10-26,0.00400318154217183
2083-10-27,0.0182564912567928
2083-10-28,0.00397010591583714
2083-10-29,0.003969216077949
2083-10-30,0.00396833467412369
2083-10-31,0.00396745343666664
2083-11-01,0.00502506080513274
2083-11-02,0.00502393371817118
2083-11-03,0.0050227982260165
2083-11-04,0.00502165636469144
2083-11-05,0.00502051062530573
2083-11-06,0.0146218812643995
2083-11-07,0.0490935813531151
2083-11-08,0.10441900217327
2083-11-09,0.00552808817713191
2083-11-10,0.00501645991849433
2083-11-11,0.00501680905649897
2083-11-12,0.00501728075120662
2083-11-13,0.00501777528088171
2083-11-14,0.0050182380224094
2083-11-15,0.00501863448372217
2083-11-16,0.00501895306706134
2083-11-17,0.00501919614976485
2083-11-18,0.00501939273339137
2083-11-19,0.00501956905869353
2083-11-20,0.00501970441021387
2083-11-21,0.00501978602955838
2083-11-22,0.00521623568535489
2083-11-23,0.00741519845505702
2083-11-24,0.174936246654125
2083-11-25,0.925304053700828
2083-11-26,0.548881523377729
2083-11-27,0.00671121202191102
2083-11-28,0.0068656703322085
2083-11-29,0.00876706583705156
2083-11-30,0.0137437632943162
2083-12-01,0.00573579388643173
2083-12-02,0.00577492903397039
2083-12-03,0.0058028729744274
2083-12-04,0.00582380779667194
2083-12-05,0.00583943650586127
2083-12-06,0.00585346756825441
2083-12-07,0.0058695789659769
2083-12-08,0.00588908797059046
2083-12-09,0.00590730278267555
2083-12-10,0.00592398171005521
2083-12-11,0.00593781775187322
2083-12-12,0.00594841361672362
2083-12-13,0.00595724412630856
2083-12-14,0.00596418204997634
2083-12-15,0.00596660697662382
2083-12-16,0.0059646869191827
2083-12-17,0.00596538966215576
2083-12-18,0.00596698166529071
2083-12-19,0.0104430034007667
2083-12-20,0.00618417707788106
2083-12-21,0.00596574146060832
2083-12-22,0.00596607001146261
2083-12-23,0.00710304765250594
2083-12-24,0.00595554176927731
2083-12-25,0.00594658545661641
2083-12-26,0.00593580131901828
2083-12-27,0.00592316566787154
2083-12-28,0.00591348419962414
2083-12-29,0.00590681807136221
2083-12-30,0.00590205827229297
2083-12-31,0.00589800193945833
2084-01-01,0.00504526606289948
2084-01-02,0.00504173194700259
2084-01-03,0.00503751094607688
2084-01-04,0.00503151965067153
2084-01-05,0.005410360837841
2084-01-06,0.0101441000348041
2084-01-07,0.00689196265354666
2084-01-08,0.00501028908764675
2084-01-09,0.00499307033071183
2084-01-10,0.0049685892558061
2084-01-11,0.00494245895701346
2084-01-12,0.00491959235333911
2084-01-13,0.00496837360692162
2084-01-14,0.00488638157789968
2084-01-15,0.0145553784726391
2084-01-16,0.0093779620727324
2084-01-17,0.00587385910468438
2084-01-18,0.00484915283591639
2084-01-19,0.100185578139158
2084-01-20,0.038008767857892
2084-01-21,0.00869393748038233
2084-01-22,0.0248533034187302
2084-01-23,0.00777460749748502
2084-01-24,0.0191679183538173
2084-01-25,0.0314558597441396
2084-01-26,0.0112686611997788
2084-01-27,0.0778854913850432
2084-01-28,0.010328958739222
2084-01-29,0.00783549911425749
2084-01-30,0.0104547321322651
2084-01-31,0.0691504191859846
2084-02-01,0.0406951595180497
2084-02-02,0.106197187747636
2084-02-03,0.0459442359536637
2084-02-04,0.00382702264087308
2084-02-05,0.00390629615362079
2084-02-06,0.00396073433151939
2084-02-07,0.00400130708263963
2084-02-08,0.0040333446042947
2084-02-09,0.00405964930933911
2084-02-10,0.00408185523471353
2084-02-11,0.00410099299491948
2084-02-12,0.00411775206667781
2084-02-13,0.00413261554075089
2084-02-14,0.00414593486177749
2084-02-15,0.00415797252600965
2084-02-16,0.00416893061196384
2084-02-17,0.00425700543705729
2084-02-18,0.00737321949443177
2084-02-19,0.0171376632591898
2084-02-20,0.0676794530822455
2084-02-21,0.0812516259172431
2084-02-22,0.149738432210931
2084-02-23,0.213914800328398
2084-02-24,0.0856949645348622
2084-02-25,0.0139195290242122
2084-02-26,0.0500626664639654
2084-02-27,0.124380761965426
2084-02-28,0.168718586605638
2084-02-29,0.132530299838437
2084-03-01,0.0682578720199398
2084-03-02,0.0657187203501
2084-03-03,0.0515572249873101
2084-03-04,0.0573329578693662
2084-03-05,0.0332302793610174
2084-03-06,0.0222389971641128
2084-03-07,0.0205676572166834
2084-03-08,0.00927423190344989
2084-03-09,0.00968842207925464
2084-03-10,0.216717834931688
2084-03-11,0.212579698501948
2084-03-12,0.0769917356941504
2084-03-13,0.0195134737981136
2084-03-14,0.0559234084817453
2084-03-15,0.0549430391499061
2084-03-16,0.0531693069105339
2084-03-17,0.056767028418141
2084-03-18,0.0947682823373773
2084-03-19,0.0760359983666443
2084-03-20,0.109864564473065
2084-03-21,0.0948948014815237
2084-03-22,0.0674951167956657
2084-03-23,0.0467881043834445
2084-03-24,0.0428501465193737
2084-03-25,0.0421387913898512
2084-03-26,0.11663017646883
2084-03-27,0.0862005551451809
2084-03-28,0.105661548873071
2084-03-29,0.119718641977313
2084-03-30,0.0959478460773218
2084-03-31,0.173672254366935
2084-04-01,0.0969899390224764
2084-04-02,0.101879773234579
2084-04-03,0.0994235368487331
2084-04-04,0.0931207191102838
2084-04-05,0.0851523619112793
2084-04-06,0.0761427281619204
2084-04-07,0.0676927699426154
2084-04-08,0.0616609324037733
2084-04-09,0.0552755570715448
2084-04-10,0.08749982452428
2084-04-11,0.127186154774966
2084-04-12,0.249111926742084
2084-04-13,0.220693014726006
2084-04-14,0.188579572061966
2084-04-15,0.268567550796772
2084-04-16,0.237530276097549
2084-04-17,0.20804200548418
2084-04-18,0.198448238367448
2084-04-19,0.184069526174047
2084-04-20,0.167430927794522
2084-04-21,0.148823736250862
2084-04-22,0.130489721697661
2084-04-23,0.113794048305453
2084-04-24,0.0995352742648428
2084-04-25,0.0897605284891536
2084-04-26,0.0843799421887329
2084-04-27,0.0756436273954972
2084-04-28,0.06558089178417
2084-04-29,0.0559070875750228
2084-04-30,0.0776950483917721
2084-05-01,0.0424040839647711
2084-05-02,0.0393713714512835
2084-05-03,0.0365687987696561
2084-05-04,0.0318842635541211
2084-05-05,0.0270896860040216
2084-05-06,0.0467860623443156
2084-05-07,0.1642421982994
2084-05-08,0.0368654886505031
2084-05-09,0.0388292691392184
2084-05-10,0.0384480208279295
2084-05-11,0.0546107085142253
2084-05-12,0.0429158374080212
2084-05-13,0.0386655375733955
2084-05-14,0.051611823925035
2084-05-15,0.0442646725476584
2084-05-16,0.0682121421434247
2084-05-17,0.0373838508962791
2084-05-18,0.0358718898284379
2084-05-19,0.0327481262535697
2084-05-20,0.0290627230289937
2084-05-21,0.0247838362690771
2084-05-22,0.0209735023196464
2084-05-23,0.0181225933603972
2084-05-24,0.0153536549027677
2084-05-25,0.0123526317999756
2084-05-26,0.00966551656383369
2084-05-27,0.00794406392913731
2084-05-28,0.00693627607313744
2084-05-29,0.00641715038684197
2084-05-30,0.00614581121371187
2084-05-31,0.00598769703693155
2084-06-01,0.00855807855069974
2084-06-02,0.00841837389033424
2084-06-03,0.00830515398830767
2084-06-04,0.00819675020575029
2084-06-05,0.00808633069194892
2084-06-06,0.00797508322231789
2084-06-07,0.00785955427077805
2084-06-08,0.00774674790625121
2084-06-09,0.00766445685172381
2084-06-10,0.0076783689036296
2084-06-11,0.00752707664949123
2084-06-12,0.00742090165227375
2084-06-13,0.00729290310506386
2084-06-14,0.00715227382661884
2084-06-15,0.00700681377774438
2084-06-16,0.0068602518607598
2084-06-17,0.00671643581552051
2084-06-18,0.00658183398212206
2084-06-19,0.00645531458695152
2084-06-20,0.00635022762817396
2084-06-21,0.00622376664686148
2084-06-22,0.00609840825359462
2084-06-23,0.00596466953878496
2084-06-24,0.00582743355090604
2084-06-25,0.00569166756361355
2084-06-26,0.00556729340808533
2084-06-27,0.00543958853956697
2084-06-28,0.00529570710064035
2084-06-29,0.00515086381015151
2084-06-30,0.00500722813511784
2084-07-01,0.0127687153080733
2084-07-02,0.0135676449313901
2084-07-03,0.0120259528717212
2084-07-04,0.0116384991259569
2084-07-05,0.0112711080425648
2084-07-06,0.0109370973450357
2084-07-07,0.0106325418423536
2084-07-08,0.0227443275896355
2084-07-09,0.0101746588920857
2084-07-10,0.00998195370788065
2084-07-11,0.00972436688630456
2084-07-12,0.0310445742937336
2084-07-13,0.00930170292135958
2084-07-14,0.0678744272113152
2084-07-15,0.0286219275540465
2084-07-16,0.00894009790283192
2084-07-17,0.00876462778398931
2084-07-18,0.00877440993247552
2084-07-19,0.00846227104650745
2084-07-20,0.0083114015907874
2084-07-21,0.00819221060076538
2084-07-22,0.00807883732786889
2084-07-23,0.00797388566222457
2084-07-24,0.00788270399960202
2084-07-25,0.00780747881503896
2084-07-26,0.00774440576530739
2084-07-27,0.00769417001098319
2084-07-28,0.00765649935002891
2084-07-29,0.111211778016201
2084-07-30,0.0792419323057481
2084-07-31,0.00760637910937213
2084-08-01,0.00811275737843869
2084-08-02,0.0114434406058156
2084-08-03,0.00808460809728991
2084-08-04,0.00807306571954091
2084-08-05,0.00806252750447942
2084-08-06,0.00805244886240125
2084-08-07,0.00804349558618841
2084-08-08,0.00803566008240572
2084-08-09,0.0080282598766206
2084-08-10,0.00802181796005697
2084-08-11,0.00801653698670634
2084-08-12,0.00801221405931657
2084-08-13,0.0125887721808627
2084-08-14,0.0368831270047778
2084-08-15,0.0080033460756477
2084-08-16,0.0168608563108238
2084-08-17,0.00799815818428941
2084-08-18,0.00799564823631808
2084-08-19,0.00799324447257432
2084-08-20,0.00799101411344346
2084-08-21,0.00799725338559279
2084-08-22,0.00798674428135984
2084-08-23,0.00798470285082935
2084-08-24,0.00798268647933728
2084-08-25,0.00798066723532653
2084-08-26,0.00797864409212222
2084-08-27,0.00797661667174462
2084-08-28,0.00797458513828288
2084-08-29,0.00797255022726527
2084-08-30,0.00999527652815017
2084-08-31,0.00796855554786745
2084-09-01,0.00445341306715579
2084-09-02,0.00294718222665102
2084-09-03,0.0540240574617255
2084-09-04,0.00294572142662952
2084-09-05,0.00294500058569651
2084-09-06,0.0029442817914835
2084-09-07,0.00494408896504739
2084-09-08,0.00294284503091232
2084-09-09,0.00526792666288605
2084-09-10,0.00294140962552825
2084-09-11,0.0029406930119946
2084-09-12,0.00293997626875423
2084-09-13,0.00293925866103871
2084-09-14,0.0029385395492923
2084-09-15,0.00293781911330886
2084-09-16,0.00829711183842069
2084-09-17,0.00293637485691813
2084-09-18,0.00293565134223122
2084-09-19,0.00293492703701849
2084-09-20,0.00293420188764897
2084-09-21,0.00293347621236478
2084-09-22,0.00293275001730871
2084-09-23,0.00470002863740164
2084-09-24,0.00429740230475625
2084-09-25,0.0949451155954643
2084-09-26,0.00292989364178748
2084-09-27,0.00292930382826244
2084-09-28,0.00292872470809917
2084-09-29,0.00292813496994103
2084-09-30,0.00292753878448503
2084-10-01,0.00400208046570426
2084-10-02,0.00400123633353653
2084-10-03,0.00400037388438558
2084-10-04,0.00399948790236437
2084-10-05,0.00399857831026511
2084-10-06,0.00399765289412208
2084-10-07,0.00407464074684163
2084-10-08,0.00399579267059039
2084-10-09,0.00399484218775872
2084-10-10,0.00399387233481663
2084-10-11,0.00399289391665536
2084-10-12,0.0145926239160379
2084-10-13,0.00399095509010011
2084-10-14,0.00398999819611432
2084-10-15,0.00398902748484127
2084-10-16,0.00398805428838186
2084-10-17,0.00398707921955273
2084-10-18,0.00398609886893537
2084-10-19,0.00398511393850685
2084-10-20,0.00398412361354733
2084-10-21,0.00398312765887994
2084-10-22,0.00398212889856539
2084-10-23,0.00398113054011901
2084-10-24,0.00398013558495332
2084-10-25,0.00397914280258932
2084-10-26,0.0039781483901395
2084-10-27,0.00397715000164991
2084-10-28,0.00397614881881977
2084-10-29,0.00397514630762795
2084-10-30,0.00397414688733215
2084-10-31,0.00397316053388974
2084-11-01,0.00503217362063101
2084-11-02,0.00778929443207251
2084-11-03,0.00516790062858602
2084-11-04,0.0330749626509189
2084-11-05,0.0373500826939155
2084-11-06,0.015208752633525
2084-11-07,0.0113246291555519
2084-11-08,0.0115553624621477
2084-11-09,0.0621565914957128
2084-11-10,0.0136246709174103
2084-11-11,0.0297909898476873
2084-11-12,0.00974980525056443
2084-11-13,0.00502534535149132
2084-11-14,0.00501748821763065
2084-11-15,0.00501691689777061
2084-11-16,0.184243329853566
2084-11-17,0.334597088102559
2084-11-18,0.61061398354046
2084-11-19,0.42493122404849
2084-11-20,0.0570841824598798
2084-11-21,0.010598461413637
2084-11-22,0.0191393761805357
2084-11-23,0.0233661528020862
2084-11-24,0.574210385389707
2084-11-25,1.47770237947744
2084-11-26,1.67697417509938
2084-11-27,1.24845312720211
2084-11-28,0.208042959228421
2084-11-29,0.0644979039132125
2084-11-30,0.138603473494359
2084-12-01,0.0711417658592163
2084-12-02,0.0479460475477528
2084-12-03,0.271902014018404
2084-12-04,0.376459138225258
2084-12-05,0.0207346062578403
2084-12-06,0.0206069166349265
2084-12-07,0.0171468493013028
2084-12-08,0.0127230588129171
2084-12-09,0.0526406800800598
2084-12-10,0.0920295713474603
2084-12-11,0.12568720796475
2084-12-12,0.0441382642010709
2084-12-13,0.0199860731120617
2084-12-14,0.0293617687766167
2084-12-15,0.0249094220340512
2084-12-16,0.0215006103232667
2084-12-17,0.0226641884455196
2084-12-18,0.0234651392360136
2084-12-19,0.0227009166623593
2084-12-20,0.0234313917856905
2084-12-21,0.0230472926449654
2084-12-22,0.0231203961910536
2084-12-23,0.0400330637701618
2084-12-24,0.141549354012284
2084-12-25,0.0912991017554133
2084-12-26,0.128028548670386
2084-12-27,0.0361133919674459
2084-12-28,0.0343116158641185
2084-12-29,0.0375634346699322
2084-12-30,0.0414723519789719
2084-12-31,0.0412400721078903
2085-01-01,0.036702400274799
2085-01-02,0.0359937782227206
2085-01-03,0.036083744194423
2085-01-04,0.0362381997503124
2085-01-05,0.039711605230878
2085-01-06,0.0352853345218252
2085-01-07,0.035036362863671
2085-01-08,0.0347667255420313
2085-01-09,0.30976150976076
2085-01-10,0.372930488733281
2085-01-11,0.153062473877609
2085-01-12,0.22893928319308
2085-01-13,0.351090044493571
2085-01-14,0.245709800166576
2085-01-15,0.244167175330653
2085-01-16,0.322664773380086
2085-01-17,0.384531648408769
2085-01-18,0.479993840101844
2085-01-19,0.667962468295087
2085-01-20,0.547867854373531
2085-01-21,0.558630510351136
2085-01-22,0.61082469236367
2085-01-23,0.58293574105206
2085-01-24,0.563817151995119
2085-01-25,0.53987021208201
2085-01-26,0.543545038586618
2085-01-27,0.524232491881116
2085-01-28,0.52828196174749
2085-01-29,0.505850633101879
2085-01-30,0.46758745620785
2085-01-31,0.451865853296797
2085-02-01,0.302724359868088
2085-02-02,0.287021495945876
2085-02-03,0.277393483485237
2085-02-04,0.306599651350628
2085-02-05,0.300444688372088
2085-02-06,0.272270354122448
2085-02-07,0.258268206321394
2085-02-08,0.280569480940584
2085-02-09,0.297882068165497
2085-02-10,0.301733953850686
2085-02-11,0.295350332011925
2085-02-12,0.295136209910852
2085-02-13,0.280638181257376
2085-02-14,0.276909895104234
2085-02-15,0.272646625097529
2085-02-16,0.266903172485211
2085-02-17,0.292453640173396
2085-02-18,0.414346126544309
2085-02-19,0.297868841060933
2085-02-20,0.375434246527803
2085-02-21,0.323964021272219
2085-02-22,0.316632672371452
2085-02-23,0.309669504332594
2085-02-24,0.364118306213106
2085-02-25,0.300107963935627
2085-02-26,0.283309511822613
2085-02-27,0.276578899216082
2085-02-28,0.355747805030584
2085-03-01,0.321537354442043
2085-03-02,0.274161511722385
2085-03-03,0.267182496655882
2085-03-04,0.280810493935199
2085-03-05,0.279451702713639
2085-03-06,0.276993454840157
2085-03-07,0.27348971378671
2085-03-08,0.269815411033908
2085-03-09,0.249496157192745
2085-03-10,0.233693692055368
2085-03-11,0.224977935665238
2085-03-12,0.290200303704466
2085-03-13,0.371238117268045
2085-03-14,0.455629846517755
2085-03-15,0.397758283814165
2085-03-16,0.430357092929507
2085-03-17,0.5198801157544
2085-03-18,0.487894459316497
2085-03-19,0.50939674737931
2085-03-20,0.504941608978352
2085-03-21,0.471834574357247
2085-03-22,0.460446349047967
2085-03-23,0.478930084123249
2085-03-24,0.462791737478579
2085-03-25,0.437813369283688
2085-03-26,0.42507183370923
2085-03-27,0.430760238034361
2085-03-28,0.426137088342688
2085-03-29,0.426825743810617
2085-03-30,0.424968329389914
2085-03-31,0.397496743325914
2085-04-01,0.374029175494328
2085-04-02,0.474141315986392
2085-04-03,0.468172508873381
2085-04-04,0.408852197326669
2085-04-05,0.413820594466101
2085-04-06,0.430783265168705
2085-04-07,0.468077646034448
2085-04-08,0.42175135005865
2085-04-09,0.418234096870269
2085-04-10,0.431855915622873
2085-04-11,0.412178589524773
2085-04-12,0.386237996655597
2085-04-13,0.387780367803262
2085-04-14,0.362114305890074
2085-04-15,0.363714915996872
2085-04-16,0.359023047361818
2085-04-17,0.357158589676976
2085-04-18,0.325160738457032
2085-04-19,0.301773035148656
2085-04-20,0.293239924283378
2085-04-21,0.284722143428176
2085-04-22,0.262689567344047
2085-04-23,0.281848999158028
2085-04-24,0.307252091902244
2085-04-25,0.246771830889125
2085-04-26,0.238744343393093
2085-04-27,0.227559245062516
2085-04-28,0.207280166782836
2085-04-29,0.191211088897924
2085-04-30,0.181250223691182
2085-05-01,0.161283621175997
2085-05-02,0.158721409972475
2085-05-03,0.152206079826822
2085-05-04,0.154069973049262
2085-05-05,0.11260254986479
2085-05-06,0.114104223028019
2085-05-07,0.117871132241055
2085-05-08,0.0905132377204989
2085-05-09,0.0803276152256854
2085-05-10,0.0795035612136756
2085-05-11,0.0767219097031291
2085-05-12,0.0701551448070681
2085-05-13,0.0686929741306174
2085-05-14,0.0522726975441232
2085-05-15,0.0492201064957643
2085-05-16,0.0338969809113096
2085-05-17,0.0243765161255213
2085-05-18,0.0223768793880096
2085-05-19,0.0204794213628116
2085-05-20,0.0188159372062574
2085-05-21,0.0170552592707368
2085-05-22,0.0153785267949324
2085-05-23,0.0137736696458303
2085-05-24,0.0131604634653449
2085-05-25,0.0254584187092019
2085-05-26,0.0816263738992886
2085-05-27,0.0108095612872656
2085-05-28,0.0103662634311047
2085-05-29,0.00970278091303836
2085-05-30,0.00900024567477555
2085-05-31,0.00840046046207302
2085-06-01,0.0113755977367253
2085-06-02,0.0104347667032419
2085-06-03,0.00967247285595586
2085-06-04,0.00911265386501672
2085-06-05,0.0086914867096669
2085-06-06,0.00850108030856144
2085-06-07,0.00810081269643332
2085-06-08,0.00774009268062462
2085-06-09,0.00739886972185767
2085-06-10,0.00709731919459072
2085-06-11,0.00684510000264619
2085-06-12,0.00663285457929803
2085-06-13,0.00645755789417234
2085-06-14,0.00632876681841365
2085-06-15,0.0062328521565954
2085-06-16,0.0061463955475014
2085-06-17,0.00605380426614832
2085-06-18,0.00594388660829855
2085-06-19,0.00581390725807934
2085-06-20,0.00567372881561097
2085-06-21,0.00553228029646466
2085-06-22,0.00539312723395839
2085-06-23,0.00525957651185332
2085-06-24,0.00512869840623776
2085-06-25,0.00499222432783238
2085-06-26,0.00486248967841954
2085-06-27,0.00474728763486721
2085-06-28,0.00463543431450978
2085-06-29,0.00452244093355453
2085-06-30,0.00441159277906095
2085-07-01,0.011321231541402
2085-07-02,0.0110384465444069
2085-07-03,0.0107396246220458
2085-07-04,0.0104453253874649
2085-07-05,0.0101605555229628
2085-07-06,0.00989091130290051
2085-07-07,0.00963655102681635
2085-07-08,0.00939713256664897
2085-07-09,0.00917346095880382
2085-07-10,0.00896725515989442
2085-07-11,0.00877882437984583
2085-07-12,0.0105791848999295
2085-07-13,0.0278925312204451
2085-07-14,0.00834402975335411
2085-07-15,0.0082214550276601
2085-07-16,0.00811063917370294
2085-07-17,0.00801374565494911
2085-07-18,0.00792942066278171
2085-07-19,0.00785844384620386
2085-07-20,0.00779899977563604
2085-07-21,0.00774709136981062
2085-07-22,0.00770245740677012
2085-07-23,0.00766647962444048
2085-07-24,0.00763747570012811
2085-07-25,0.00761231013040909
2085-07-26,0.00758924881535956
2085-07-27,0.00756913128544388
2085-07-28,0.00755402294388969
2085-07-29,0.00754274355635544
2085-07-30,0.0075328090930121
2085-07-31,0.0075239774138236
2085-08-01,0.00803358942931281
2085-08-02,0.00802719801327522
2085-08-03,0.00802143210973296
2085-08-04,0.00801607318315871
2085-08-05,0.00801101683962104
2085-08-06,0.00800632291676835
2085-08-07,0.00800236003364328
2085-08-08,0.00800080099343344
2085-08-09,0.00799606731693954
2085-08-10,0.00799326145421018
2085-08-11,0.00799064684989244
2085-08-12,0.00798816794031888
2085-08-13,0.00798577741799882
2085-08-14,0.00798345699752154
2085-08-15,0.00798118000258031
2085-08-16,0.00797890987512321
2085-08-17,0.00797671199799197
2085-08-18,0.00797463148933144
2085-08-19,0.00797260165422485
2085-08-20,0.0079705746003344
2085-08-21,0.00796854967002634
2085-08-22,0.00796652756052017
2085-08-23,0.0079645066136849
2085-08-24,0.00796248563939504
2085-08-25,0.00796047995157833
2085-08-26,0.00797961024740962
2085-08-27,0.00795651707739199
2085-08-28,0.00795453854601844
2085-08-29,0.00795256091617778
2085-08-30,0.00795058343893368
2085-08-31,0.0079486065152512
2085-09-01,0.00321085059999644
2085-09-02,0.00293980303704938
2085-09-03,0.00293907208300904
2085-09-04,0.00293834126930711
2085-09-05,0.00293761064272306
2085-09-06,0.00293688021908632
2085-09-07,0.00293614998823769
2085-09-08,0.00293541990009009
2085-09-09,0.0029346900070932
2085-09-10,0.00293396031160964
2085-09-11,0.00305244409503686
2085-09-12,0.00293250140521166
2085-09-13,0.0029317722401317
2085-09-14,0.00293104326146083
2085-09-15,0.0164567989551011
2085-09-16,0.00292958586878038
2085-09-17,0.00293760593382593
2085-09-18,0.00292812915085837
2085-09-19,0.0431408425849691
2085-09-20,0.00292667326669774
2085-09-21,0.00292594590428122
2085-09-22,0.00292521879655294
2085-09-23,0.00296872680139937
2085-09-24,0.00292376551739455
2085-09-25,0.00292303909080371
2085-09-26,0.00292231282085322
2085-09-27,0.00292158671675721
2085-09-28,0.00292086076008742
2085-09-29,0.00292013488705365
2085-09-30,0.00291940919712134
2085-10-01,0.00399080164720595
2085-10-02,0.00398980968828406
2085-10-03,0.00398881804174682
2085-10-04,0.00398782649341531
2085-10-05,0.0039868352161187
2085-10-06,0.00398584415881581
2085-10-07,0.00861587099664346
2085-10-08,0.00398386272906578
2085-10-09,0.00398287236760216
2085-10-10,0.00398188214407882
2085-10-11,0.0039808921932056
2085-10-12,0.00397990250464504
2085-10-13,0.00397891301152679
2085-10-14,0.00397792385049896
2085-10-15,0.00397693488135995
2085-10-16,0.00397594607245132
2085-10-17,0.00397495763084505
2085-10-18,0.00397396931684162
2085-10-19,0.00397298130294713
2085-10-20,0.0262403158406887
2085-10-21,0.00397100588635957
2085-10-22,0.00397001859253272
2085-10-23,0.00396903142566262
2085-10-24,0.00396804466776768
2085-10-25,0.00396705814924921
2085-10-26,0.00396607177190146
2085-10-27,0.00396508566397336
2085-10-28,0.00396409982191144
2085-10-29,0.00396311432421565
2085-10-30,0.00396212890275851
2085-10-31,0.00396911709497587
2085-11-01,0.00501816836792157
2085-11-02,0.00546463228063978
2085-11-03,0.00799895762524279
2085-11-04,0.00501319904119088
2085-11-05,0.00501195267726231
2085-11-06,0.0797646124933579
2085-11-07,0.18127181992578
2085-11-08,0.016458334387048
2085-11-09,0.0256947632968807
2085-11-10,0.0131077635758335
2085-11-11,0.0193482719056623
2085-11-12,0.0094033603577181
2085-11-13,0.0091466551876875
2085-11-14,0.00853081420972443
2085-11-15,0.00746018341129786
2085-11-16,0.00501688101343187
2085-11-17,0.00501901466421923
2085-11-18,0.00502122260835237
2085-11-19,0.00502342160749054
2085-11-20,0.00502554216225201
2085-11-21,0.00502754810591492
2085-11-22,0.0050294291576897
2085-11-23,0.00503117330320031
2085-11-24,0.00503276529703559
2085-11-25,0.00503419968961176
2085-11-26,0.00503551491162609
2085-11-27,0.00503671202385671
2085-11-28,0.00503776676591561
2085-11-29,0.00503868072242193
2085-11-30,0.00503947301316422
2085-12-01,0.00402321181962634
2085-12-02,0.00402369006666738
2085-12-03,0.00402409999228255
2085-12-04,0.00520986366795546
2085-12-05,0.00807573361425546
2085-12-06,0.0075779501715638
2085-12-07,0.00454151712053033
2085-12-08,0.00402553374292284
2085-12-09,0.00451254372641406
2085-12-10,0.00402592444951292
2085-12-11,0.00402606854875315
2085-12-12,0.00402618297238388
2085-12-13,0.00402626200944855
2085-12-14,0.00402630166502162
2085-12-15,0.0058807668631734
2085-12-16,0.00427287479092329
2085-12-17,0.00772304079165865
2085-12-18,0.00712884325667726
2085-12-19,0.00501010506281144
2085-12-20,0.00982272820072945
2085-12-21,0.0118412936226193
2085-12-22,0.00727030229510701
2085-12-23,0.0104693843587122
2085-12-24,0.00432053885060779
2085-12-25,0.00402646547983507
2085-12-26,0.0056846876817778
2085-12-27,0.0107242207618171
2085-12-28,0.00671949826468911
2085-12-29,0.00718894527243383
2085-12-30,0.00402780307132134
2085-12-31,0.00402820800140121
2086-01-01,0.00344825296930053
2086-01-02,0.00344862402313083
2086-01-03,0.00375188928097847
2086-01-04,0.137187741621753
2086-01-05,0.0387885877711159
2086-01-06,0.00576950119286164
2086-01-07,0.00462797504827103
2086-01-08,0.115796795422709
2086-01-09,0.293899279370089
2086-01-10,0.0781111255501001
2086-01-11,0.0880965471457284
2086-01-12,0.0742427951426637
2086-01-13,0.038835574761713
2086-01-14,0.0283411265907402
2086-01-15,0.0223526566483211
2086-01-16,0.0194226037597987
2086-01-17,0.0157618473563265
2086-01-18,0.015106008113274
2086-01-19,0.0134178331643796
2086-01-20,0.013871974878211
2086-01-21,0.00684303064947172
2086-01-22,0.00665318404086393
2086-01-23,0.00791230729795366
2086-01-24,0.00846114124174303
2086-01-25,0.00596808081430968
2086-01-26,0.00486486774080337
2086-01-27,0.00484779582368052
2086-01-28,0.0048635721703722
2086-01-29,0.00482730901524236
2086-01-30,0.233908043438952
2086-01-31,0.161811215453023
2086-02-01,0.247734932604169
2086-02-02,0.106893755704649
2086-02-03,0.0171406599274091
2086-02-04,0.0226887470144642
2086-02-05,0.0395446994664781
2086-02-06,0.0354289970198306
2086-02-07,0.00791250883721483
2086-02-08,0.0137363968349837
2086-02-09,0.0280749161304292
2086-02-10,0.0692586348175545
2086-02-11,0.0496632935539554
2086-02-12,0.0520312762956786
2086-02-13,0.281123493303441
2086-02-14,0.39823616390581
2086-02-15,0.285336409268939
2086-02-16,0.366091373740787
2086-02-17,0.674298967076375
2086-02-18,0.45626747915621
2086-02-19,0.335409888801257
2086-02-20,0.177349732327659
2086-02-21,0.29428998157532
2086-02-22,0.172875848271956
2086-02-23,0.193927058264511
2086-02-24,0.249822789617694
2086-02-25,0.47703042703504
2086-02-26,0.640543367457406
2086-02-27,0.679797976258981
2086-02-28,0.529540658204691
2086-03-01,0.485318386146364
2086-03-02,0.473425411358376
2086-03-03,0.427968795459631
2086-03-04,0.387028916379391
2086-03-05,0.361595903695283
2086-03-06,0.335487024448825
2086-03-07,0.311978488881936
2086-03-08,0.285352705919362
2086-03-09,0.2697855023901
2086-03-10,0.257832921848493
2086-03-11,0.241866952854929
2086-03-12,0.223537065734275
2086-03-13,0.207365580267175
2086-03-14,0.18942321066721
2086-03-15,0.182135453989055
2086-03-16,0.1709177386593
2086-03-17,0.203330623586963
2086-03-18,0.229945815598886
2086-03-19,0.199069825675872
2086-03-20,0.195713403436516
2086-03-21,0.184809661528385
2086-03-22,0.181893881877739
2086-03-23,0.223411839494208
2086-03-24,0.287894929921829
2086-03-25,0.264668099356197
2086-03-26,0.235313131038326
2086-03-27,0.227238518397987
2086-03-28,0.216229979671127
2086-03-29,0.201129938672109
2086-03-30,0.183935711687734
2086-03-31,0.170656473293194
2086-04-01,0.156166516197139
2086-04-02,0.146039467531538
2086-04-03,0.135338884540888
2086-04-04,0.170952518966922
2086-04-05,0.317027849208013
2086-04-06,0.301906918595135
2086-04-07,0.260863715900992
2086-04-08,0.248178428558656
2086-04-09,0.241397769019446
2086-04-10,0.233864850842048
2086-04-11,0.219381562860157
2086-04-12,0.2065691617971
2086-04-13,0.19369434983588
2086-04-14,0.202375056569721
2086-04-15,0.21294279742289
2086-04-16,0.176935685275526
2086-04-17,0.182039926258908
2086-04-18,0.158882673706039
2086-04-19,0.150332276873307
2086-04-20,0.139752764690774
2086-04-21,0.126844799436452
2086-04-22,0.114649392867856
2086-04-23,0.10526028291393
2086-04-24,0.0969683345708115
2086-04-25,0.0868885407720049
2086-04-26,0.0758202421511265
2086-04-27,0.0658252225471106
2086-04-28,0.0566279076760172
2086-04-29,0.0514042257846513
2086-04-30,0.0374879513743568
2086-05-01,0.0279973497831772
2086-05-02,0.0230636770938659
2086-05-03,0.0193649392952357
2086-05-04,0.0165393596480514
2086-05-05,0.0142516049810913
2086-05-06,0.0154741384525311
2086-05-07,0.0118972776852058
2086-05-08,0.010976406233804
2086-05-09,0.010118596472935
2086-05-10,0.00933183990660658
2086-05-11,0.00868386689253772
2086-05-12,0.00814309758241671
2086-05-13,0.00766729688270198
2086-05-14,0.00724350292506728
2086-05-15,0.00689157918569254
2086-05-16,0.00658831997126694
2086-05-17,0.00631079739990601
2086-05-18,0.0060668432975447
2086-05-19,0.00585336075445634
2086-05-20,0.00627978647570976
2086-05-21,0.00550341838302732
2086-05-22,0.00613432815411246
2086-05-23,0.00524675885241033
2086-05-24,0.00513641422015978
2086-05-25,0.00501239518406896
2086-05-26,0.00490566833328389
2086-05-27,0.00481662119673711
2086-05-28,0.00472999087488128
2086-05-29,0.00463717866583451
2086-05-30,0.00454888498311376
2086-05-31,0.00446869951237431
2086-06-01,0.00640733760030321
2086-06-02,0.0062999171760178
2086-06-03,0.00619947849492693
2086-06-04,0.0103258949280631
2086-06-05,0.00598408637028626
2086-06-06,0.00585634960326181
2086-06-07,0.00571651241976806
2086-06-08,0.00559350511997533
2086-06-09,0.00638734267967947
2086-06-10,0.00541702115075493
2086-06-11,0.00530122153028046
2086-06-12,0.00517844635423898
2086-06-13,0.00505608594695056
2086-06-14,0.00492333805565322
2086-06-15,0.00479393426932812
2086-06-16,0.00466063480244228
2086-06-17,0.00452492219218633
2086-06-18,0.00438731418354304
2086-06-19,0.00425776931712897
2086-06-20,0.00413500731763437
2086-06-21,0.00402521285011254
2086-06-22,0.00392167490211622
2086-06-23,0.00381951897486051
2086-06-24,0.00371813410125917
2086-06-25,0.00361731389480084
2086-06-26,0.00352147918400219
2086-06-27,0.00343491935597298
2086-06-28,0.00335694305491927
2086-06-29,0.00328472909038849
2086-06-30,0.00321848699997334
2086-07-01,0.00830472622487071
2086-07-02,0.00816905636723694
2086-07-03,0.00805315095288343
2086-07-04,0.00795422810745428
2086-07-05,0.00787038776633997
2086-07-06,0.00780016202546674
2086-07-07,0.00774201288268751
2086-07-08,0.00769555642530009
2086-07-09,0.00765732648220274
2086-07-10,0.0076242024495458
2086-07-11,0.00759626008450469
2086-07-12,0.00757413363544975
2086-07-13,0.00755672973970834
2086-07-14,0.00754216343117697
2086-07-15,0.00752977610876704
2086-07-16,0.00751951233860676
2086-07-17,0.00751158041962391
2086-07-18,0.00750614252067021
2086-07-19,0.00750229231559556
2086-07-20,0.00749901793447106
2086-07-21,0.00749586989356405
2086-07-22,0.00749279641086506
2086-07-23,0.00748992145076033
2086-07-24,0.00780954123727639
2086-07-25,0.00748494359445741
2086-07-26,0.0074827743135797
2086-07-27,0.00748069441819975
2086-07-28,0.0074786194041165
2086-07-29,0.00747655093865335
2086-07-30,0.00747448545895948
2086-07-31,0.00808835511928002
2086-08-01,0.00812693943422888
2086-08-02,0.00798241327720601
2086-08-03,0.00827700460412556
2086-08-04,0.007978444248717
2086-08-05,0.00797646047095844
2086-08-06,0.00797447699520061
2086-08-07,0.00797249419559246
2086-08-08,0.00797051172607814
2086-08-09,0.00796852981140241
2086-08-10,0.00796654866545583
2086-08-11,0.00796456769253717
2086-08-12,0.00796258729041906
2086-08-13,0.00796060736332959
2086-08-14,0.0079586278767909
2086-08-15,0.00795664906065557
2086-08-16,0.00795467069464817
2086-08-17,0.00795269266958879
2086-08-18,0.00795071527598549
2086-08-19,0.00794873828334725
2086-08-20,0.00794676202368328
2086-08-21,0.00794478579722028
2086-08-22,0.00794281052975331
2086-08-23,0.00794083564026609
2086-08-24,0.00793886097488514
2086-08-25,0.00793688714271979
2086-08-26,0.0079349135378531
2086-08-27,0.0079329404584549
2086-08-28,0.00793096791282549
2086-08-29,0.00792899589074917
2086-08-30,0.007927024327101
2086-08-31,0.00792505318995707
2086-09-01,0.00293182095339033
2086-09-02,0.00293109195416485
2086-09-03,0.00293036307637698
2086-09-04,0.00292963446839798
2086-09-05,0.00292890602391087
2086-09-06,0.00292817775898134
2086-09-07,0.00292744963935166
2086-09-08,0.00292672173046587
2086-09-09,0.00292599400893422
2086-09-10,0.00292526652649764
2086-09-11,0.00292453909225809
2086-09-12,0.00292381194720073
2086-09-13,0.00292308489617483
2086-09-14,0.00292235810527115
2086-09-15,0.00292163146226618
2086-09-16,0.00292090499692871
2086-09-17,0.00292017870854993
2086-09-18,0.00291945263564025
2086-09-19,0.0105195508540455
2086-09-20,0.00291800092997316
2086-09-21,0.0590202354427674
2086-09-22,0.00291655021825171
2086-09-23,0.00291582584594117
2086-09-24,0.00291510214933409
2086-09-25,0.00291437866063578
2086-09-26,0.00291365547033378
2086-09-27,0.00291293244423247
2086-09-28,0.00291220945073502
2086-09-29,0.00291148652646174
2086-09-30,0.00291076365345686
2086-10-01,0.00397898404786373
2086-10-02,0.108859450360317
2086-10-03,0.0411582638226458
2086-10-04,0.00403875652330539
2086-10-05,0.00409684477861384
2086-10-06,0.0981280983589332
2086-10-07,0.00397444456601054
2086-10-08,0.00397518344522177
2086-10-09,0.00397613616158762
2086-10-10,0.00397700882510327
2086-10-11,0.00397770679613766
2086-10-12,0.00397820845618608
2086-10-13,0.00397852741514089
2086-10-14,0.00397867305164891
2086-10-15,0.00397865968468658
2086-10-16,0.00397851090107266
2086-10-17,0.003978247797917
2086-10-18,0.00397787644620712
2086-10-19,0.00397739821726972
2086-10-20,0.00397683161254677
2086-10-21,0.00397620642229316
2086-10-22,0.00397553043383535
2086-10-23,0.00397481197753869
2086-10-24,0.00397406107814035
2086-10-25,0.00397328292342247
2086-10-26,0.00397248299190778
2086-10-27,0.00397166525995908
2086-10-28,0.00397083133601817
2086-10-29,0.00396998169237708
2086-10-30,0.00396911797495087
2086-10-31,0.00396824081206233
2086-11-01,0.00502605325921838
2086-11-02,0.00502491673984416
2086-11-03,0.0218374498738369
2086-11-04,0.00635867287826298
2086-11-05,0.00651403065758811
2086-11-06,0.00502031763653834
2086-11-07,0.00501915926849112
2086-11-08,0.00501799560105518
2086-11-09,0.00501682663750451
2086-11-10,0.00501565329619792
2086-11-11,0.00501447562133452
2086-11-12,0.00501329429390761
2086-11-13,0.00518277901667049
2086-11-14,0.00640922935006464
2086-11-15,0.00520025096914693
2086-11-16,0.00559475246696663
2086-11-17,0.436403351393183
2086-11-18,0.472630825177369
2086-11-19,1.3894531922775
2086-11-20,0.775340367328165
2086-11-21,0.0821677443721506
2086-11-22,0.0141213062869533
2086-11-23,0.00877175634734427
2086-11-24,0.0382881635254343
2086-11-25,0.0518467831767552
2086-11-26,0.033086788120862
2086-11-27,0.0371735700948416
2086-11-28,0.0268920399460656
2086-11-29,0.0165024442733852
2086-11-30,0.0114738132689557
2086-12-01,0.00874567431369276
2086-12-02,0.0196020323621271
2086-12-03,0.0664810887975676
2086-12-04,0.038228048636501
2086-12-05,0.0639333772111281
2086-12-06,0.0665831445041337
2086-12-07,0.0423633850462662
2086-12-08,0.0319705098819992
2086-12-09,0.0524916318683343
2086-12-10,0.0407796759124444
2086-12-11,0.030616492059757
2086-12-12,0.0496630026307474
2086-12-13,0.018162150675101
2086-12-14,0.0176385053194654
2086-12-15,0.0145860769447093
2086-12-16,0.0269353484510083
2086-12-17,0.0192266993940329
2086-12-18,0.0167382507893555
2086-12-19,0.00992416460988488
2086-12-20,0.00809186631715843
2086-12-21,0.057766955427955
2086-12-22,0.521843447619091
2086-12-23,0.768462881440262
2086-12-24,0.744895073362042
2086-12-25,0.444690962339426
2086-12-26,0.904379459601859
2086-12-27,0.457848401502972
2086-12-28,0.0552576748825337
2086-12-29,0.365886426597631
2086-12-30,1.39225961036353
2086-12-31,0.836738322151849
2087-01-01,0.410422429644611
2087-01-02,0.435229223684645
2087-01-03,0.437693810371774
2087-01-04,0.424856484460508
2087-01-05,0.407645089245742
2087-01-06,0.389465946685738
2087-01-07,0.381378259192229
2087-01-08,0.383225357405218
2087-01-09,0.402927472476423
2087-01-10,0.369951135127222
2087-01-11,0.388965901681558
2087-01-12,0.487034310831935
2087-01-13,0.795910534308704
2087-01-14,0.66897113417214
2087-01-15,0.609984458401395
2087-01-16,0.601873727121257
2087-01-17,0.583649910487832
2087-01-18,0.554090146662761
2087-01-19,0.542410063422452
2087-01-20,0.582187835252232
2087-01-21,0.572412105569402
2087-01-22,0.589382451549268
2087-01-23,0.555060255428127
2087-01-24,0.536094260132293
2087-01-25,0.530903601800722
2087-01-26,0.493147238267915
2087-01-27,0.472038532593377
2087-01-28,0.442710676274215
2087-01-29,0.414135668011539
2087-01-30,0.386623070377308
2087-01-31,0.367155234374299
2087-02-01,0.237020100281656
2087-02-02,0.225359704676976
2087-02-03,0.212138123001133
2087-02-04,0.201118581200412
2087-02-05,0.191001036874723
2087-02-06,0.182723921375878
2087-02-07,0.173697931342287
2087-02-08,0.168161339678203
2087-02-09,0.167079838458924
2087-02-10,0.167958275494981
2087-02-11,0.166242115214326
2087-02-12,0.148380094829203
2087-02-13,0.142906236612504
2087-02-14,0.136052031015502
2087-02-15,0.12691425242096
2087-02-16,0.122719000391931
2087-02-17,0.117892342684761
2087-02-18,0.11804269315308
2087-02-19,0.118550621223613
2087-02-20,0.10671341609886
2087-02-21,0.116415134921445
2087-02-22,0.126686097956578
2087-02-23,0.149919327122146
2087-02-24,0.179076685409405
2087-02-25,0.129212084467583
2087-02-26,0.120872836013259
2087-02-27,0.130629586525772
2087-02-28,0.124610190961401
2087-03-01,0.113617507116657
2087-03-02,0.126420184029558
2087-03-03,0.138358446538847
2087-03-04,0.148101488963755
2087-03-05,0.16621308509949
2087-03-06,0.135976182729341
2087-03-07,0.12712027614844
2087-03-08,0.128083207029211
2087-03-09,0.126183462756344
2087-03-10,0.154895653329634
2087-03-11,0.128352956818998
2087-03-12,0.121306703755642
2087-03-13,0.128544467741086
2087-03-14,0.121661469326839
2087-03-15,0.126965732981783
2087-03-16,0.111565086521461
2087-03-17,0.10697401047078
2087-03-18,0.101869818461866
2087-03-19,0.0968777382028905
2087-03-20,0.0928894167501748
2087-03-21,0.0881649685750723
2087-03-22,0.0836553767673407
2087-03-23,0.0794420315361297
2087-03-24,0.0744660917303361
2087-03-25,0.0835913277216
2087-03-26,0.0707408220432569
2087-03-27,0.0639080503459597
2087-03-28,0.0615425047152555
2087-03-29,0.0591451128497758
2087-03-30,0.0567722251222679
2087-03-31,0.0618085367216955
2087-04-01,0.0580189353351884
2087-04-02,0.0467024075150817
2087-04-03,0.0437888548047575
2087-04-04,0.0384545968248557
2087-04-05,0.0363995278540107
2087-04-06,0.0319786965398496
2087-04-07,0.0394189061886587
2087-04-08,0.0308310674567376
2087-04-09,0.0265602109389654
2087-04-10,0.0248482780660244
2087-04-11,0.0284215644808328
2087-04-12,0.16892494621688
2087-04-13,0.318064237360367
2087-04-14,0.0624521283970967
2087-04-15,0.0883182314657992
2087-04-16,0.173150268985623
2087-04-17,0.13662920416604
2087-04-18,0.161337333797292
2087-04-19,0.202098798632152
2087-04-20,0.290086755793802
2087-04-21,0.316113503375373
2087-04-22,0.266358205301583
2087-04-23,0.317100858757709
2087-04-24,0.313599692239849
2087-04-25,0.331483262126766
2087-04-26,0.356767721341312
2087-04-27,0.46880110073995
2087-04-28,0.525780124054301
2087-04-29,0.545654306340373
2087-04-30,0.554845498623865
2087-05-01,0.524310649810312
2087-05-02,0.542302970815516
2087-05-03,0.548185845529912
2087-05-04,0.48967759309131
2087-05-05,0.537058323583873
2087-05-06,0.530407571789907
2087-05-07,0.513671788945006
2087-05-08,0.540452661579354
2087-05-09,0.523261379747995
2087-05-10,0.473081162694128
2087-05-11,0.461167603469761
2087-05-12,0.426218855974792
2087-05-13,0.375627617413064
2087-05-14,0.324442398643321
2087-05-15,0.28962306419189
2087-05-16,0.266725555461269
2087-05-17,0.220264991947835
2087-05-18,0.186921052398322
2087-05-19,0.164339221465735
2087-05-20,0.136853166454339
2087-05-21,0.11739929773789
2087-05-22,0.0998057059326504
2087-05-23,0.070802816366967
2087-05-24,0.0585207330175196
2087-05-25,0.0482512248467179
2087-05-26,0.0396033565839881
2087-05-27,0.0322123932403153
2087-05-28,0.0261740571408501
2087-05-29,0.0213244185009909
2087-05-30,0.0173687593889899
2087-05-31,0.0142600957998341
2087-06-01,0.017489187475325
2087-06-02,0.015356742095966
2087-06-03,0.0151909102034152
2087-06-04,0.0121749180443623
2087-06-05,0.0110300205734733
2087-06-06,0.010290311499351
2087-06-07,0.00981724392246021
2087-06-08,0.00939391285550426
2087-06-09,0.00899837038099575
2087-06-10,0.00867338045076119
2087-06-11,0.00839654640205826
2087-06-12,0.0081242343082674
2087-06-13,0.00787122673512981
2087-06-14,0.00765319430974108
2087-06-15,0.00746954458790107
2087-06-16,0.00731692150661786
2087-06-17,0.0071837384538488
2087-06-18,0.00705081958786779
2087-06-19,0.00691308045006227
2087-06-20,0.00678058013476827
2087-06-21,0.00666619248826023
2087-06-22,0.00656201281002441
2087-06-23,0.00645702056957992
2087-06-24,0.00633631813285732
2087-06-25,0.00619829765798196
2087-06-26,0.00605500425955903
2087-06-27,0.0059076333677717
2087-06-28,0.00575705731992834
2087-06-29,0.00560436804593847
2087-06-30,0.00545389182051641
2087-07-01,0.0139467386067391
2087-07-02,0.0135606906875712
2087-07-03,0.0132004216807312
2087-07-04,0.0128866084663802
2087-07-05,0.012625585688039
2087-07-06,0.0123797616821872
2087-07-07,0.0121051664174089
2087-07-08,0.0117950419663081
2087-07-09,0.0114744431043393
2087-07-10,0.0111564729416235
2087-07-11,0.0108422411651896
2087-07-12,0.0105500738810066
2087-07-13,0.0102881411431722
2087-07-14,0.0100482883808157
2087-07-15,0.00981419454974192
2087-07-16,0.00957953938209126
2087-07-17,0.00934770275198833
2087-07-18,0.00912170455241224
2087-07-19,0.00890893835165212
2087-07-20,0.00871431641526666
2087-07-21,0.00861523273376913
2087-07-22,0.00840851661622677
2087-07-23,0.00827126032999198
2087-07-24,0.00814665180613742
2087-07-25,0.00803906560769928
2087-07-26,0.00794652498275198
2087-07-27,0.00788144675296279
2087-07-28,0.00780595196143669
2087-07-29,0.0077478030653807
2087-07-30,0.00769677149660374
2087-07-31,0.00765516970117233
2087-08-01,0.00814773300713549
2087-08-02,0.00812137943134572
2087-08-03,0.00809908575689864
2087-08-04,0.00807990919365962
2087-08-05,0.00985391250726214
2087-08-06,0.00805080786761756
2087-08-07,0.00804105924531161
2087-08-08,0.00803276352559689
2087-08-09,0.00802616870280064
2087-08-10,0.0080204191424149
2087-08-11,0.0136394588618316
2087-08-12,0.00801153589589665
2087-08-13,0.00800828572431036
2087-08-14,0.00800516808763386
2087-08-15,0.00800221926745746
2087-08-16,0.00799943915843208
2087-08-17,0.00799685617288984
2087-08-18,0.00799439309441233
2087-08-19,0.00799190375655518
2087-08-20,0.0079894688292717
2087-08-21,0.00798720537264709
2087-08-22,0.00798509260928562
2087-08-23,0.00798305605162969
2087-08-24,0.00798101711372266
2087-08-25,0.00797897492276326
2087-08-26,0.00797693183410182
2087-08-27,0.00797488544833293
2087-08-28,0.00797285290990466
2087-08-29,0.00797085516221744
2087-08-30,0.00796887329478915
2087-08-31,0.00796689160485817
2087-09-01,0.0029472987004458
2087-09-02,0.00294656586695752
2087-09-03,0.00294583321373559
2087-09-04,0.00294510077149381
2087-09-05,0.00695304616106799
2087-09-06,0.00294363629432237
2087-09-07,0.00294290435909445
2087-09-08,0.00294217263437412
2087-09-09,0.00294144104337695
2087-09-10,0.00294070964493163
2087-09-11,0.00293997845061492
2087-09-12,0.00293924743727333
2087-09-13,0.00293851656805031
2087-09-14,0.00293778591854905
2087-09-15,0.00293705543253967
2087-09-16,0.00293632513790086
2087-09-17,0.0029355950388853
2087-09-18,0.00293486507902684
2087-09-19,0.00293413533227486
2087-09-20,0.00672879664237599
2087-09-21,0.00293267634058705
2087-09-22,0.00293194715896888
2087-09-23,0.00293121813021091
2087-09-24,0.00296099888879782
2087-09-25,0.0381789089608721
2087-09-26,0.0392924017352657
2087-09-27,0.124435217762892
2087-09-28,0.00292792705692875
2087-09-29,0.00292812536621017
2087-09-30,0.00292846385915407
2087-10-01,0.0813760075364763
2087-10-02,0.257081778771061
2087-10-03,0.639159089008793
2087-10-04,0.0229248260797437
2087-10-05,0.00506385323188763
2087-10-06,0.00516312335856152
2087-10-07,0.568751828130126
2087-10-08,0.00570821683686
2087-10-09,0.0059633043390524
2087-10-10,0.0661045447853459
2087-10-11,0.00614038997692601
2087-10-12,0.00619506725822799
2087-10-13,0.00620099360296592
2087-10-14,0.00618094919200401
2087-10-15,0.00615935315317668
2087-10-16,0.00613001728392942
2087-10-17,0.00608756100428133
2087-10-18,0.0060406380503736
2087-10-19,0.00599531677500897
2087-10-20,0.00595695553136964
2087-10-21,0.159415576057387
2087-10-22,0.832303480443056
2087-10-23,1.19939806910387
2087-10-24,0.0102993818344645
2087-10-25,0.0084816817292907
2087-10-26,0.00835327123060473
2087-10-27,0.00839282582500606
2087-10-28,0.00839588126553162
2087-10-29,0.00838691134507052
2087-10-30,0.00837403135650214
2087-10-31,0.0135708401605175
2087-11-01,0.0111674534059626
2087-11-02,0.010562977698681
2087-11-03,0.0105217340969736
2087-11-04,0.0125839788505182
2087-11-05,0.213802895188048
2087-11-06,0.211155944096697
2087-11-07,0.0106668662983223
2087-11-08,0.0143981726800189
2087-11-09,0.0108685231034524
2087-11-10,0.010913486714808
2087-11-11,0.0880963212706318
2087-11-12,0.370435519449728
2087-11-13,0.72579875122226
2087-11-14,1.08882620353098
2087-11-15,0.146792957956896
2087-11-16,0.639000736644526
2087-11-17,1.75884393395972
2087-11-18,2.57617189009366
2087-11-19,1.87118176662565
2087-11-20,0.612435055457612
2087-11-21,0.686029999876364
2087-11-22,1.1199761398412
2087-11-23,1.87671496518231
2087-11-24,1.37595919206938
2087-11-25,1.35537005543812
2087-11-26,1.3080180825549
2087-11-27,1.24945063881908
2087-11-28,1.21342782852306
2087-11-29,1.09007523344048
2087-11-30,1.00555129473131
2087-12-01,0.736349953933062
2087-12-02,0.682555013927671
2087-12-03,0.626311025950463
2087-12-04,0.572875957877818
2087-12-05,0.52709303911571
2087-12-06,0.486535893430699
2087-12-07,0.449812531566409
2087-12-08,0.442083603039872
2087-12-09,0.541651364130541
2087-12-10,1.37349636006488
2087-12-11,1.16451564583475
2087-12-12,1.13592109922402
2087-12-13,1.02308880648506
2087-12-14,0.981587167553926
2087-12-15,0.919820242257693
2087-12-16,0.844809744326454
2087-12-17,0.768358484908577
2087-12-18,0.697252399758771
2087-12-19,0.63284843697404
2087-12-20,0.574944296793093
2087-12-21,0.522075487454898
2087-12-22,0.475138373877982
2087-12-23,0.441391995408969
2087-12-24,0.409310061577315
2087-12-25,0.37675024244776
2087-12-26,0.354765278904653
2087-12-27,0.329237836786908
2087-12-28,0.306635960685828
2087-12-29,0.287127833911803
2087-12-30,0.270108379502059
2087-12-31,0.254258277858656
2088-01-01,0.241077896802417
2088-01-02,0.297930998342352
2088-01-03,0.243599807520635
2088-01-04,0.210588310684344
2088-01-05,0.205157796539185
2088-01-06,0.201757675585657
2088-01-07,0.201253233095513
2088-01-08,0.198537659839981
2088-01-09,0.194947226293969
2088-01-10,0.189733873690935
2088-01-11,0.20227078585695
2088-01-12,0.212570042409556
2088-01-13,0.203084666188875
2088-01-14,0.22614866419062
2088-01-15,0.211114948757868
2088-01-16,0.207203412897147
2088-01-17,0.203355952522454
2088-01-18,0.244838153584073
2088-01-19,0.240753569255162
2088-01-20,0.268756258707077
2088-01-21,0.297320483983078
2088-01-22,0.40449678264534
2088-01-23,0.493957881574298
2088-01-24,0.533907996211724
2088-01-25,0.53750050677471
2088-01-26,0.656148811413548
2088-01-27,0.760595923746983
2088-01-28,0.809164550324421
2088-01-29,0.939763310895291
2088-01-30,0.798554629261508
2088-01-31,0.788676242256379
2088-02-01,0.525289861449432
2088-02-02,0.510377732858381
2088-02-03,0.533809727616448
2088-02-04,0.508975299522813
2088-02-05,0.562422747837796
2088-02-06,0.647516477613408
2088-02-07,0.582005810900534
2088-02-08,0.900190098130283
2088-02-09,2.97371135417499
2088-02-10,1.57345595186016
2088-02-11,0.873362745681094
2088-02-12,0.828442269383985
2088-02-13,0.85564608606688
2088-02-14,0.809204991566405
2088-02-15,0.821246392846112
2088-02-16,0.815474468490912
2088-02-17,0.78985696162469
2088-02-18,1.03020247573631
2088-02-19,1.97502197122241
2088-02-20,1.31227334214978
2088-02-21,0.836025149199298
2088-02-22,0.774901703447339
2088-02-23,0.769696311399656
2088-02-24,0.767849068060825
2088-02-25,0.763053687384896
2088-02-26,0.734185148132028
2088-02-27,0.686524615307426
2088-02-28,0.634545018844461
2088-02-29,0.58089834573692
2088-03-01,0.461780159227343
2088-03-02,0.436965115551312
2088-03-03,0.38830399339116
2088-03-04,0.359871117891968
2088-03-05,0.333044669575223
2088-03-06,0.293188624250503
2088-03-07,0.356298042087307
2088-03-08,0.245397477048586
2088-03-09,0.242700847920341
2088-03-10,0.278702009065662
2088-03-11,0.250226246388735
2088-03-12,0.253339921432077
2088-03-13,0.237675825118394
2088-03-14,0.303047759241922
2088-03-15,0.366526070221123
2088-03-16,0.497998514343468
2088-03-17,0.392423365791342
2088-03-18,0.382650028119926
2088-03-19,0.382946099123118
2088-03-20,0.374130217133768
2088-03-21,0.37099660948389
2088-03-22,0.36197541904745
2088-03-23,0.40425630584562
2088-03-24,0.491398773380224
2088-03-25,0.57317815761129
2088-03-26,0.603093022843703
2088-03-27,0.75683331079262
2088-03-28,0.688675804091083
2088-03-29,0.687015188534281
2088-03-30,0.669055607701954
2088-03-31,0.582276641167202
2088-04-01,0.531014459926764
2088-04-02,0.48135883652981
2088-04-03,0.427648714191788
2088-04-04,0.384154557671928
2088-04-05,0.345419109248802
2088-04-06,0.310532274553651
2088-04-07,0.262914390732442
2088-04-08,0.235827200849684
2088-04-09,0.20505017147
2088-04-10,0.178443513102212
2088-04-11,0.15610293474467
2088-04-12,0.136891087265804
2088-04-13,0.120835718757115
2088-04-14,0.136358859370249
2088-04-15,0.0886678877936514
2088-04-16,0.081017641519432
2088-04-17,0.0731977318931573
2088-04-18,0.0709547924685612
2088-04-19,0.0616756606076733
2088-04-20,0.053162082172898
2088-04-21,0.0447479634149971
2088-04-22,0.0412004738854236
2088-04-23,0.0342078045486804
2088-04-24,0.0289379121775545
2088-04-25,0.0242250217437512
2088-04-26,0.0207316183238644
2088-04-27,0.099765171010192
2088-04-28,0.227848961886439
2088-04-29,0.16633159519554
2088-04-30,0.055347768387213
2088-05-01,0.059614936780965
2088-05-02,0.0597960297010267
2088-05-03,0.0567469829149253
2088-05-04,0.0522168186463114
2088-05-05,0.0465654524949125
2088-05-06,0.0401525934706847
2088-05-07,0.0336791865375736
2088-05-08,0.0275583448489514
2088-05-09,0.0224421133819988
2088-05-10,0.018588081106688
2088-05-11,0.0154066109130581
2088-05-12,0.0127650458611364
2088-05-13,0.0107809684081474
2088-05-14,0.00919808583331196
2088-05-15,0.00811072484964499
2088-05-16,0.00730387839411648
2088-05-17,0.00682626178392162
2088-05-18,0.00652882331317093
2088-05-19,0.00630878680294801
2088-05-20,0.00611519690462283
2088-05-21,0.0059805026810643
2088-05-22,0.00582823834116134
2088-05-23,0.00769923159519488
2088-05-24,0.00564154526059062
2088-05-25,0.00555463940928703
2088-05-26,0.00547610629071911
2088-05-27,0.00539904182566844
2088-05-28,0.00828462699847084
2088-05-29,0.00523394004414449
2088-05-30,0.00514598598469168
2088-05-31,0.00505699084648171
2088-06-01,0.00726525149443627
2088-06-02,0.00717950853550263
2088-06-03,0.0100080716067351
2088-06-04,0.00699177702840994
2088-06-05,0.00687011242378981
2088-06-06,0.00674316380797901
2088-06-07,0.00661450648887445
2088-06-08,0.00648730037158582
2088-06-09,0.00637242767943845
2088-06-10,0.0092610925529665
2088-06-11,0.00620271306971117
2088-06-12,0.00610543965461342
2088-06-13,0.00597775377166701
2088-06-14,0.00583731009068662
2088-06-15,0.00569502583686204
2088-06-16,0.0055614614409819
2088-06-17,0.00542412699919545
2088-06-18,0.00528445423324551
2088-06-19,0.00514952254166929
2088-06-20,0.00500579804959208
2088-06-21,0.00486379485013541
2088-06-22,0.00472965145703237
2088-06-23,0.00459976829865062
2088-06-24,0.00448080929756491
2088-06-25,0.00437931589277699
2088-06-26,0.00428467158124852
2088-06-27,0.00418411650422105
2088-06-28,0.0040841007766046
2088-06-29,0.00398749556164781
2088-06-30,0.00389973469439247
2088-07-01,0.0100310233878653
2088-07-02,0.00978779825463781
2088-07-03,0.00953529355472282
2088-07-04,0.00928922991907948
2088-07-05,0.00905751755504628
2088-07-06,0.00884139962931095
2088-07-07,0.00864524241966879
2088-07-08,0.00854847483311311
2088-07-09,0.00831797468783282
2088-07-10,0.00818270104620638
2088-07-11,0.00806602268619456
2088-07-12,0.00797323146153148
2088-07-13,0.00790821143214018
2088-07-14,0.00785544992428034
2088-07-15,0.00780232747287473
2088-07-16,0.00775326102179826
2088-07-17,0.00770793458609377
2088-07-18,0.00766600459977524
2088-07-19,0.00762949217954845
2088-07-20,0.00759950101760531
2088-07-21,0.00757602890657934
2088-07-22,0.00755786140063719
2088-07-23,0.00754337250883848
2088-07-24,0.00753564106174267
2088-07-25,0.00813431521193601
2088-07-26,0.00755510256234582
2088-07-27,0.029067605642398
2088-07-28,0.00750372357021734
2088-07-29,0.00750041232935859
2088-07-30,0.00749671600968685
2088-07-31,0.00749397366899551
2088-08-01,0.00800651784388243
2088-08-02,0.00800363809057374
2088-08-03,0.00800084624055117
2088-08-04,0.00799832836458145
2088-08-05,0.00799608826480929
2088-08-06,0.00799399220151428
2088-08-07,0.00799194726764749
2088-08-08,0.0423582645179465
2088-08-09,0.00798786462622341
2088-08-10,0.00798581864269651
2088-08-11,0.00798377046471599
2088-08-12,0.0127212959555413
2088-08-13,0.00797972416745327
2088-08-14,0.00797774009727118
2088-08-15,0.00799911238021967
2088-08-16,0.00797377329132884
2088-08-17,0.00797179049108222
2088-08-18,0.0079698083803933
2088-08-19,0.00796782678814964
2088-08-20,0.00796584535169496
2088-08-21,0.00796386467439222
2088-08-22,0.00796188444785595
2088-08-23,0.00795990480616678
2088-08-24,0.0079579255577809
2088-08-25,0.00795594688849581
2088-08-26,0.00795396869423936
2088-08-27,0.00795199095521873
2088-08-28,0.00795001343136563
2088-08-29,0.00794803682309195
2088-08-30,0.00794606050915729
2088-08-31,0.00794408471047544
2088-09-01,0.00293886147190806
2088-09-02,0.00293813070451309
2088-09-03,0.00293740012021957
2088-09-04,0.0029366697910868
2088-09-05,0.0029359395418099
2088-09-06,0.00293520948933755
2088-09-07,0.00293447974707451
2088-09-08,0.00293375003316267
2088-09-09,0.00295194993764072
2088-09-10,0.00455422584165467
2088-09-11,0.00293156215589041
2088-09-12,0.00293083322447154
2088-09-13,0.00293010448395071
2088-09-14,0.0029293759314928
2088-09-15,0.00292864755055962
2088-09-16,0.00292791928586633
2088-09-17,0.00292719127208111
2088-09-18,0.00292646347801766
2088-09-19,0.00292573573947529
2088-09-20,0.00292500828538992
2088-09-21,0.0029242809895987
2088-09-22,0.00292355386722229
2088-09-23,0.00292282690692021
2088-09-24,0.0185638452405412
2088-09-25,0.00292137358712513
2088-09-26,0.00292064721369276
2088-09-27,0.00291992100375231
2088-09-28,0.00291919493816668
2088-09-29,0.00291846906938559
2088-09-30,0.00291774347348473
2088-10-01,0.00398852404384491
2088-10-02,0.00398753234303609
2088-10-03,0.019766322202907
2088-10-04,0.00398554957781739
2088-10-05,0.00398455860902889
2088-10-06,0.0689013624891249
2088-10-07,0.0435072528280792
2088-10-08,0.00398159807852318
2088-10-09,0.00398063183916417
2088-10-10,0.00960661555757004
2088-10-11,0.058459281001161
2088-10-12,0.182888509662887
2088-10-13,0.205398486045554
2088-10-14,0.748594877631167
2088-10-15,0.857435769869276
2088-10-16,0.202673905052487
2088-10-17,0.0101412808669739
2088-10-18,0.00676925126913235
2088-10-19,0.00649069315330001
2088-10-20,0.429436639869748
2088-10-21,1.29895204725267
2088-10-22,0.757259672791524
2088-10-23,0.0091051094310988
2088-10-24,0.00936041011078764
2088-10-25,0.00944965476308667
2088-10-26,0.00948285642774905
2088-10-27,0.00948852319020039
2088-10-28,0.00948775650584679
2088-10-29,0.0235243357697576
2088-10-30,0.0864190970928461
2088-10-31,0.120016804682273
2088-11-01,0.015621246965156
2088-11-02,0.0147390189775876
2088-11-03,0.0127258062754568
2088-11-04,0.012368029922594
2088-11-05,0.0129045934512439
2088-11-06,0.104623171993638
2088-11-07,0.0124277505673008
2088-11-08,0.019409603628388
2088-11-09,0.289311978510689
2088-11-10,0.114187034990814
2088-11-11,0.0128221074984996
2088-11-12,0.0129644398800055
2088-11-13,0.0130612150670516
2088-11-14,0.0131261086911048
2088-11-15,0.0131800585048751
2088-11-16,0.0132091744458414
2088-11-17,0.013209138354831
2088-11-18,0.0131918098013828
2088-11-19,0.027045920390127
2088-11-20,0.0133330372859153
2088-11-21,0.0133854205366956
2088-11-22,0.0133886505683562
2088-11-23,0.0131437482326063
2088-11-24,0.400602084969844
2088-11-25,0.423661983906533
2088-11-26,0.0155288221174923
2088-11-27,0.0164884916937106
2088-11-28,0.289519347035387
2088-11-29,0.395541495141598
2088-11-30,0.560807811995847
2088-12-01,0.22064961365108
2088-12-02,0.149399116684
2088-12-03,0.085539374038611
2088-12-04,0.0629650937356979
2088-12-05,0.0680374532905214
2088-12-06,0.0695581811564298
2088-12-07,0.0697579455966673
2088-12-08,0.0683735954349672
2088-12-09,0.0660668370991598
2088-12-10,0.0639072432734514
2088-12-11,0.0623750019074199
2088-12-12,0.0602848999733941
2088-12-13,0.0585508196048209
2088-12-14,0.130431479501696
2088-12-15,0.0628118504222761
2088-12-16,0.0688787838668884
2088-12-17,0.0561299915908354
2088-12-18,0.0545369737441622
2088-12-19,0.053028812679739
2088-12-20,0.0512488036916834
2088-12-21,0.0491445739069317
2088-12-22,0.0466957948577315
2088-12-23,0.0449171113578021
2088-12-24,0.0440119454181124
2088-12-25,0.113264681686024
2088-12-26,0.0782493958431919
2088-12-27,0.0473130347193083
2088-12-28,0.0464625872492364
2088-12-29,0.0505605196846183
2088-12-30,0.0494722210410535
2088-12-31,0.0477850724942344
2089-01-01,0.0409318825216744
2089-01-02,0.0432721073420865
2089-01-03,0.0439915101126116
2089-01-04,0.041207436922473
2089-01-05,0.0390531615474064
2089-01-06,0.0394465536290613
2089-01-07,0.0395828372795081
2089-01-08,0.0399503722323129
2089-01-09,0.0407731428934647
2089-01-10,0.0398580721073145
2089-01-11,0.037974296907789
2089-01-12,0.0371657665856794
2089-01-13,0.0343762604343399
2089-01-14,0.0326936299857597
2089-01-15,0.0315657815385545
2089-01-16,0.0378086416084984
2089-01-17,0.0319178460400651
2089-01-18,0.0296360912450588
2089-01-19,0.0294551752161025
2089-01-20,0.029158825098908
2089-01-21,0.0284763998786373
2089-01-22,0.0274610661198888
2089-01-23,0.0264670834802682
2089-01-24,0.0256127268841112
2089-01-25,0.0249039200855202
2089-01-26,0.0243248487986676
2089-01-27,0.023709000981604
2089-01-28,0.0245411670039437
2089-01-29,0.0996493687601786
2089-01-30,0.136101028257281
2089-01-31,0.0656064512311279
2089-02-01,0.0761825458298264
2089-02-02,0.0398289919493857
2089-02-03,0.0321386892243039
2089-02-04,0.0590302269927426
2089-02-05,0.0507079983342357
2089-02-06,0.0364712488833735
2089-02-07,0.0595405001532885
2089-02-08,0.0603166441170883
2089-02-09,0.0487900855153208
2089-02-10,0.0802910398678073
2089-02-11,0.0605512645250989
2089-02-12,0.057412649087567
2089-02-13,0.0570000463470775
2089-02-14,0.0661232389648568
2089-02-15,0.0859147051888779
2089-02-16,0.150402060268
2089-02-17,0.175498238021399
2089-02-18,0.170121415841439
2089-02-19,0.128355389537049
2089-02-20,0.116455603754122
2089-02-21,0.11492885797172
2089-02-22,0.108822650650587
2089-02-23,0.10189051528874
2089-02-24,0.0944351364946098
2089-02-25,0.0867296604095905
2089-02-26,0.0793803680796314
2089-02-27,0.0836754098793173
2089-02-28,0.0701381629730433
2089-03-01,0.0836771639583205
2089-03-02,0.0558050067320642
2089-03-03,0.0508476894094649
2089-03-04,0.0463199928655897
2089-03-05,0.0417722098420653
2089-03-06,0.0375604184724452
2089-03-07,0.0342198136234621
2089-03-08,0.0318888375898689
2089-03-09,0.078847857474806
2089-03-10,0.0280242148139883
2089-03-11,0.16833471132832
2089-03-12,0.177640309852391
2089-03-13,0.0830058658969052
2089-03-14,0.0763736301011596
2089-03-15,0.0815866929036663
2089-03-16,0.0846850579912929
2089-03-17,0.0834667125040679
2089-03-18,0.0797737597391735
2089-03-19,0.0938949958760783
2089-03-20,0.254549993742149
2089-03-21,0.273397391164623
2089-03-22,0.272725173315544
2089-03-23,0.252925681579755
2089-03-24,0.218127279522952
2089-03-25,0.250273991965659
2089-03-26,0.245253040647168
2089-03-27,0.259906108446523
2089-03-28,0.310287707372689
2089-03-29,0.358906957658728
2089-03-30,0.343610019264514
2089-03-31,0.310178017294348
2089-04-01,0.284703017128077
2089-04-02,0.264261225981599
2089-04-03,0.244835852506699
2089-04-04,0.223946352925223
2089-04-05,0.199620117716895
2089-04-06,0.174862544786687
2089-04-07,0.152595565154482
2089-04-08,0.141690621028658
2089-04-09,0.119888073010447
2089-04-10,0.106299258028946
2089-04-11,0.0947482734788562
2089-04-12,0.0860179526995577
2089-04-13,0.0824670257606462
2089-04-14,0.0736070590068261
2089-04-15,0.0709682247974756
2089-04-16,0.0923352006301744
2089-04-17,0.0822337009915534
2089-04-18,0.0733669197162396
2089-04-19,0.0527467025418412
2089-04-20,0.0504102931730778
2089-04-21,0.0469110643629022
2089-04-22,0.0434844767523565
2089-04-23,0.0393941785661034
2089-04-24,0.0372185782228836
2089-04-25,0.0334057108591517
2089-04-26,0.030105803070916
2089-04-27,0.0265638682119908
2089-04-28,0.0233694944310457
2089-04-29,0.020478483093624
2089-04-30,0.0179852282221088
2089-05-01,0.0142709553584638
2089-05-02,0.0119776092028871
2089-05-03,0.0102307940680706
2089-05-04,0.00877611383280887
2089-05-05,0.00757352627908774
2089-05-06,0.00676840903567312
2089-05-07,0.00637058658174249
2089-05-08,0.00614194895652159
2089-05-09,0.00599103033609247
2089-05-10,0.00598951585673196
2089-05-11,0.00845175981632919
2089-05-12,0.00579148273114475
2089-05-13,0.00571796502463566
2089-05-14,0.0056513464515006
2089-05-15,0.00558450365325399
2089-05-16,0.0055029836072324
2089-05-17,0.00540970364272262
2089-05-18,0.00531561909915757
2089-05-19,0.00522560278704937
2089-05-20,0.00993071027265566
2089-05-21,0.00508091663767014
2089-05-22,0.00501830210031441
2089-05-23,0.00493611529634115
2089-05-24,0.00485253977725251
2089-05-25,0.00510096898386795
2089-05-26,0.00470417341906122
2089-05-27,0.0174269763405246
2089-05-28,0.00457091288391214
2089-05-29,0.00449851221589532
2089-05-30,0.00441361281561262
2089-05-31,0.00432803348226924
2089-06-01,0.00620576068715261
2089-06-02,0.00610783535545515
2089-06-03,0.00600697202740521
2089-06-04,0.00589999972297611
2089-06-05,0.00579184875095316
2089-06-06,0.00617655725826802
2089-06-07,0.00560137303742056
2089-06-08,0.00550064728022849
2089-06-09,0.00690789450735912
2089-06-10,0.00533604529204539
2089-06-11,0.00525249697787366
2089-06-12,0.00516681032616862
2089-06-13,0.00509660794461705
2089-06-14,0.0050004876612189
2089-06-15,0.00488331594093325
2089-06-16,0.00475834190959794
2089-06-17,0.00464070345521439
2089-06-18,0.0045380153269982
2089-06-19,0.00443622664638909
2089-06-20,0.00432707653523512
2089-06-21,0.00421618989100772
2089-06-22,0.00410560813901279
2089-06-23,0.0039982000608941
2089-06-24,0.0038917996256901
2089-06-25,0.0037934342293238
2089-06-26,0.00372911108745905
2089-06-27,0.00477424498905164
2089-06-28,0.00354727237111197
2089-06-29,0.00883047518191751
2089-06-30,0.00887676822987183
2089-07-01,0.094523648799725
2089-07-02,0.00892956491580612
2089-07-03,0.00880370769221145
2089-07-04,0.00866384321163471
2089-07-05,0.00853165692357111
2089-07-06,0.00841368741846202
2089-07-07,0.00831157923987923
2089-07-08,0.00822291778638956
2089-07-09,0.00813754575637551
2089-07-10,0.00804876380218315
2089-07-11,0.00796766070779162
2089-07-12,0.00789069425638308
2089-07-13,0.00781907936274428
2089-07-14,0.00775667983159736
2089-07-15,0.0512994336780407
2089-07-16,0.00815229854943851
2089-07-17,0.00856503890626506
2089-07-18,0.0138723957050575
2089-07-19,0.00759470315038185
2089-07-20,0.00757414579478317
2089-07-21,0.00755813885077057
2089-07-22,0.00754346484187242
2089-07-23,0.0075305295101219
2089-07-24,0.00751943853908762
2089-07-25,0.00751064732728856
2089-07-26,0.00750386460570075
2089-07-27,0.00749886797812071
2089-07-28,0.00749536165027376
2089-07-29,0.00749260247206586
2089-07-30,0.018436307696149
2089-07-31,0.00748735352129177
2089-08-01,0.00799958116326792
2089-08-02,0.00799701776882675
2089-08-03,0.00799468742765694
2089-08-04,0.00799249476498674
2089-08-05,0.00799038687705377
2089-08-06,0.00798937870599277
2089-08-07,0.00804055248806414
2089-08-08,0.00798430436308312
2089-08-09,0.00798227449541404
2089-08-10,0.0079802466312933
2089-08-11,0.00797821706115562
2089-08-12,0.00797618740290779
2089-08-13,0.00797417109270975
2089-08-14,0.00797217950762542
2089-08-15,0.00797019710004361
2089-08-16,0.00796821558569446
2089-08-17,0.0103132077003161
2089-08-18,0.00796425339212712
2089-08-19,0.00798033790255812
2089-08-20,0.00796029335278918
2089-08-21,0.00795831409227221
2089-08-22,0.00795633494476606
2089-08-23,0.00795435659088979
2089-08-24,0.00795237891635556
2089-08-25,0.00795040162299353
2089-08-26,0.00794985601363775
2089-08-27,0.00794644830428947
2089-08-28,0.00794447231406382
2089-08-29,0.00794249711044479
2089-08-30,0.00794052201664418
2089-08-31,0.00793854771838888
2089-09-01,0.00298338740938209
2089-09-02,0.00293608276188532
2089-09-03,0.00293535274012675
2089-09-04,0.00293462285020124
2089-09-05,0.00293389321779908
2089-09-06,0.00293316364493443
2089-09-07,0.00293243434187865
2089-09-08,0.00293170510804702
2089-09-09,0.00293097618820489
2089-09-10,0.0029302473978332
2089-09-11,0.00292951882222183
2089-09-12,0.00292879040017941
2089-09-13,0.00292806213713994
2089-09-14,0.00292733414839829
2089-09-15,0.0029266062147052
2089-09-16,0.00292587848230559
2089-09-17,0.00292515099254496
2089-09-18,0.00292442364194144
2089-09-19,0.00292369649215888
2089-09-20,0.00292296955571906
2089-09-21,0.00292224274071684
2089-09-22,0.00292151604266332
2089-09-23,0.00292078966474202
2089-09-24,0.00292006342857671
2089-09-25,0.0029193373445628
2089-09-26,0.00291861149420999
2089-09-27,0.00291788579222842
2089-09-28,0.00291716015214697
2089-09-29,0.00291643484141189
2089-09-30,0.00293177709102108
2089-10-01,0.00401387719083785
2089-10-02,0.00398475292262664
2089-10-03,0.00398376205850477
2089-10-04,0.00398277149739926
2089-10-05,0.00398178117502409
2089-10-06,0.00398079111334637
2089-10-07,0.00397980127844635
2089-10-08,0.129375871469878
2089-10-09,0.00397782497639204
2089-10-10,0.00397684614602515
2089-10-11,0.00397587147001893
2089-10-12,0.00397489781386626
2089-10-13,0.00397392394547294
2089-10-14,0.0039729494138679
2089-10-15,0.00397197369151843
2089-10-16,0.00397099656715301
2089-10-17,0.00397001830663776
2089-10-18,0.00396903886280814
2089-10-19,0.00396805858196851
2089-10-20,0.00396707756555508
2089-10-21,0.00396609612239901
2089-10-22,0.00973402740997638
2089-10-23,0.00396413223044728
2089-10-24,0.00396315013764739
2089-10-25,0.00715469139679526
2089-10-26,0.143853364993064
2089-10-27,0.00488275325468449
2089-10-28,0.00395958111670727
2089-10-29,0.00395896273559938
2089-10-30,0.00395838000769287
2089-10-31,0.00395780355558452
2089-11-01,0.00501321816752749
2089-11-02,0.00501246096676812
2089-11-03,0.0050116769641732
2089-11-04,0.00501086234757149
2089-11-05,0.00501001746155209
2089-11-06,0.00500914521834383
2089-11-07,0.00500824523202316
2089-11-08,0.00500731900576831
2089-11-09,0.00500636551317828
2089-11-10,0.00500538550522825
2089-11-11,0.00500438154628386
2089-11-12,0.00500335752504625
2089-11-13,0.00500231549841001
2089-11-14,0.0051355915748838
2089-11-15,0.00500019513763344
2089-11-16,0.00499912257802202
2089-11-17,0.0049980422512395
2089-11-18,0.0049969550388121
2089-11-19,0.0121520751833084
2089-11-20,0.00499475770818945
2089-11-21,0.00499364791903188
2089-11-22,0.00499253149837418
2089-11-23,0.00499140879653504
2089-11-24,0.00658328700004229
2089-11-25,0.0130535249210267
2089-11-26,0.00750026032120582
2089-11-27,0.00698196611007549
2089-11-28,0.0050051900069349
2089-11-29,0.00498460409614949
2089-11-30,0.00530942216105312
2089-12-01,0.131431770161583
2089-12-02,0.134740185127142
2089-12-03,0.227045562865358
2089-12-04,0.318481738047677
2089-12-05,0.425952283373571
2089-12-06,0.120477135882488
2089-12-07,0.0093066568926194
2089-12-08,0.00847445492065223
2089-12-09,0.0072936623282075
2089-12-10,0.0154043486555088
2089-12-11,0.0139677433006861
2089-12-12,0.0206333545900608
2089-12-13,0.0091466549159296
2089-12-14,0.00901537584476411
2089-12-15,0.00963739729537842
2089-12-16,0.0099188619184381
2089-12-17,0.0404425372050977
2089-12-18,0.0194632962249428
2089-12-19,0.010728190414993
2089-12-20,0.00920471297928589
2089-12-21,0.010359178369691
2089-12-22,0.00629211837371489
2089-12-23,0.00732872985558905
2089-12-24,0.00799784923309897
2089-12-25,0.0802319090997943
2089-12-26,0.0222310969769677
2089-12-27,0.011015706650793
2089-12-28,0.100256927837437
2089-12-29,0.223203205906388
2089-12-30,0.0928697594306653
2089-12-31,0.00667820591846111
2090-01-01,0.00598539919097544
2090-01-02,0.00787160891457081
2090-01-03,0.0706441554049671
2090-01-04,0.131708915872068
2090-01-05,0.0218089052434955
2090-01-06,0.0514177419438154
2090-01-07,0.0628569187245685
2090-01-08,0.0796544333352072
2090-01-09,0.0464174837434588
2090-01-10,0.0233411750144549
2090-01-11,0.0169205340313278
2090-01-12,0.00953279425627598
2090-01-13,0.0071024375334289
2090-01-14,0.00803899809813403
2090-01-15,0.00913258956140404
2090-01-16,0.00897550783350137
2090-01-17,0.00876841111205312
2090-01-18,0.0112539985766019
2090-01-19,0.402106732557259
2090-01-20,0.16258888243521
2090-01-21,0.136544253128219
2090-01-22,0.100060811394832
2090-01-23,0.535963085835785
2090-01-24,0.492556232160615
2090-01-25,0.0734262134488632
2090-01-26,0.0256241149944661
2090-01-27,0.0239343830243766
2090-01-28,0.00963542632496325
2090-01-29,0.00970456652289127
2090-01-30,0.0101645257515142
2090-01-31,0.0132077122952997
2090-02-01,0.0523015188669541
2090-02-02,0.317951193782223
2090-02-03,0.455412511197178
2090-02-04,0.140389321778202
2090-02-05,0.185336900522107
2090-02-06,0.511576572223652
2090-02-07,0.670127467659851
2090-02-08,1.18325175504462
2090-02-09,1.17822140748191
2090-02-10,2.13630950301437
2090-02-11,5.17256689271516
2090-02-12,2.28115740771213
2090-02-13,1.38240080839842
2090-02-14,0.71832468757848
2090-02-15,0.708324792331378
2090-02-16,0.70666472304818
2090-02-17,0.701961871810089
2090-02-18,0.700920536539202
2090-02-19,0.679464852864188
2090-02-20,0.659607757699652
2090-02-21,0.698089380692674
2090-02-22,0.726686694855852
2090-02-23,0.692483391265051
2090-02-24,0.813495307339158
2090-02-25,0.672799121968012
2090-02-26,0.777227846673696
2090-02-27,0.697826107233158
2090-02-28,0.657013748120324
2090-03-01,0.637283312408251
2090-03-02,0.697035737642627
2090-03-03,0.783936594174015
2090-03-04,0.876734751349221
2090-03-05,1.04326644626803
2090-03-06,1.0773541519255
2090-03-07,1.06739710100369
2090-03-08,1.27074085681707
2090-03-09,0.895568388053921
2090-03-10,0.738096965740443
2090-03-11,0.735346209145692
2090-03-12,0.66140270578777
2090-03-13,0.622528855828091
2090-03-14,0.618237884243529
2090-03-15,0.621437840505506
2090-03-16,0.61407393051853
2090-03-17,0.599352182247532
2090-03-18,0.593851206904562
2090-03-19,0.610557380595143
2090-03-20,0.691200057366118
2090-03-21,0.768148987353124
2090-03-22,0.819489316713445
2090-03-23,0.945066424674154
2090-03-24,0.867600268927122
2090-03-25,1.07362178009036
2090-03-26,1.201888646946
2090-03-27,1.19119679593917
2090-03-28,1.05593488840856
2090-03-29,1.1968623409926
2090-03-30,1.23206423465727
2090-03-31,1.14353178609951
2090-04-01,0.650022227816971
2090-04-02,0.559758417851439
2090-04-03,0.470795875007489
2090-04-04,0.459453062665476
2090-04-05,0.557268434531287
2090-04-06,0.524722347085021
2090-04-07,0.526254639694045
2090-04-08,0.366973756479138
2090-04-09,0.369039752196488
2090-04-10,0.355801826114998
2090-04-11,0.349540077041893
2090-04-12,0.353429937338548
2090-04-13,0.319394611796842
2090-04-14,0.262868963403534
2090-04-15,0.253921400721017
2090-04-16,0.223138241010382
2090-04-17,0.211703411942292
2090-04-18,0.476046935240022
2090-04-19,0.752293489225905
2090-04-20,0.371357844893676
2090-04-21,0.386421339356944
2090-04-22,0.346054304745196
2090-04-23,0.321569601578377
2090-04-24,0.299071391841775
2090-04-25,0.395218436354756
2090-04-26,0.291691525506037
2090-04-27,0.278311432084161
2090-04-28,0.267446954523914
2090-04-29,0.260734886416896
2090-04-30,0.247725997200221
2090-05-01,0.208565228917445
2090-05-02,0.185905572639116
2090-05-03,0.17112075025736
2090-05-04,0.151824007667682
2090-05-05,0.154728110354851
2090-05-06,0.175309379004823
2090-05-07,0.129052751494437
2090-05-08,0.119258335291134
2090-05-09,0.112469865058264
2090-05-10,0.121925316028291
2090-05-11,0.123812413376001
2090-05-12,0.0878814714242549
2090-05-13,0.0829404729095735
2090-05-14,0.0759252039829711
2090-05-15,0.0645050186827157
2090-05-16,0.0437043174799595
2090-05-17,0.0396868444724196
2090-05-18,0.0344615289598746
2090-05-19,0.0302335951339145
2090-05-20,0.0258646737587144
2090-05-21,0.0216204028380374
2090-05-22,0.0177762473398947
2090-05-23,0.0147609177382729
2090-05-24,0.0124062064688062
2090-05-25,0.0106673402971319
2090-05-26,0.00968585614809152
2090-05-27,0.00908020867191396
2090-05-28,0.00853943042575664
2090-05-29,0.00801472945831258
2090-05-30,0.00752836682467527
2090-05-31,0.00712647326672338
2090-06-01,0.00991557222214971
2090-06-02,0.00950515257492052
2090-06-03,0.00914302117645603
2090-06-04,0.00879955639942582
2090-06-05,0.00847615308342211
2090-06-06,0.00819114413886472
2090-06-07,0.00793915326646676
2090-06-08,0.00772017586118619
2090-06-09,0.0075307700295382
2090-06-10,0.00736816387529063
2090-06-11,0.00722934976151139
2090-06-12,0.00709857865721949
2090-06-13,0.00696708544988808
2090-06-14,0.0240379273102844
2090-06-15,0.00674858826022498
2090-06-16,0.00664083044161874
2090-06-17,0.00650854962711586
2090-06-18,0.00637436332649295
2090-06-19,0.0062421385265176
2090-06-20,0.00611098682995645
2090-06-21,0.00598039122903342
2090-06-22,0.00584635994906883
2090-06-23,0.00692588519843579
2090-06-24,0.00557531744654484
2090-06-25,0.00546092900738053
2090-06-26,0.00536691766733074
2090-06-27,0.00527806129412262
2090-06-28,0.00519676895330978
2090-06-29,0.00509924735226331
2090-06-30,0.00498465271838861
2090-07-01,0.0127975868369946
2090-07-02,0.0298048578026695
2090-07-03,0.0122182781045357
2090-07-04,0.0119338987533291
2090-07-05,0.0116638919480855
2090-07-06,0.0113970690255259
2090-07-07,0.0111197234609918
2090-07-08,0.0108395119020245
2090-07-09,0.0105624576608772
2090-07-10,0.0102846517538012
2090-07-11,0.0100108730676553
2090-07-12,0.0119917411026371
2090-07-13,0.00954038559967586
2090-07-14,0.0168790157565309
2090-07-15,0.00942236112964841
2090-07-16,0.0435938002932882
2090-07-17,0.00884383354744088
2090-07-18,0.0141212853259449
2090-07-19,0.00857755985708486
2090-07-20,0.00839686167112626
2090-07-21,0.0109946571191773
2090-07-22,0.00827250952497079
2090-07-23,0.00805280317169359
2090-07-24,0.00821965266963287
2090-07-25,0.00788093478970745
2090-07-26,0.00781761057632129
2090-07-27,0.0077603872556068
2090-07-28,0.0226066555412977
2090-07-29,0.00767116784140699
2090-07-30,0.0106658660625386
2090-07-31,0.00760837026503595
2090-08-01,0.00810701540893422
2090-08-02,0.00808657898542686
2090-08-03,0.00806892881375491
2090-08-04,0.00805339090934598
2090-08-05,0.00804047322212696
2090-08-06,0.00803074074504889
2090-08-07,0.00802407601259217
2090-08-08,0.00801948405170292
2090-08-09,0.00801574051114318
2090-08-10,0.00801226140320052
2090-08-11,0.00800898489497861
2090-08-12,0.00800589489679717
2090-08-13,0.00800291625644167
2090-08-14,0.00800001598751376
2090-08-15,0.00799730270557045
2090-08-16,0.00799482615517815
2090-08-17,0.00799252658871414
2090-08-18,0.00799030827641209
2090-08-19,0.00798816244109605
2090-08-20,0.00798611209037023
2090-08-21,0.00798406566629255
2090-08-22,0.00854026813931944
2090-08-23,0.00798000761845546
2090-08-24,0.00797801519057836
2090-08-25,0.00797603135854907
2090-08-26,0.0079740481720224
2090-08-27,0.00797206540050734
2090-08-28,0.00797008324640183
2090-08-29,0.00796810136811942
2090-08-30,0.0079661200842613
2090-08-31,0.00796413937758854
2090-09-01,0.00294628051809143
2090-09-02,0.0029455478991272
2090-09-03,0.0029448155029561
2090-09-04,0.00294408327949102
2090-09-05,0.0029433512150289
2090-09-06,0.00294261935871179
2090-09-07,0.00503966561886277
2090-09-08,0.022014651535403
2090-09-09,0.0390115777349448
2090-09-10,2.86764407882853
2090-09-11,9.37251449017405
2090-09-12,2.29918581580217
2090-09-13,0.00596381397216266
2090-09-14,0.00614523762472562
2090-09-15,0.0499371668570051
2090-09-16,0.00621389360641039
2090-09-17,0.0062292902442423
2090-09-18,0.0197932017846229
2090-09-19,0.0729365910456815
2090-09-20,0.166892043979989
2090-09-21,0.0887604824370692
2090-09-22,0.00657925041231921
2090-09-23,0.00665954624387722
2090-09-24,0.00667117003138122
2090-09-25,0.00664565488011308
2090-09-26,0.00660155223400568
2090-09-27,0.00654766944218819
2090-09-28,0.00649131778299225
2090-09-29,0.00642967696558822
2090-09-30,0.00635829760548944
2090-10-01,0.00858915035364574
2090-10-02,0.00848217829168661
2090-10-03,0.00837642608957475
2090-10-04,0.00827393178813884
2090-10-05,0.00816574566628515
2090-10-06,0.00804986850998184
2090-10-07,0.00792696701658511
2090-10-08,0.0077955890522601
2090-10-09,0.00767004515159463
2090-10-10,0.00755749238189023
2090-10-11,0.00747710148559967
2090-10-12,0.00799411683541887
2090-10-13,0.0235613944591594
2090-10-14,0.00732554111446868
2090-10-15,0.00726681428579202
2090-10-16,0.00719681250029883
2090-10-17,0.00711749358024542
2090-10-18,0.00703166042044034
2090-10-19,0.00693982333143509
2090-10-20,0.00685639217257247
2090-10-21,0.00677344991153645
2090-10-22,0.00670918495698831
2090-10-23,0.00665092447952489
2090-10-24,0.00658747136393577
2090-10-25,0.00652368494974055
2090-10-26,0.00646465618884998
2090-10-27,0.00640072269671929
2090-10-28,0.00633216855150285
2090-10-29,0.00626325903400502
2090-10-30,0.00618981206951542
2090-10-31,0.00611753578964772
2090-11-01,0.0076661912269818
2090-11-02,0.00759220153304165
2090-11-03,0.00752585494174584
2090-11-04,0.1986628996425
2090-11-05,0.254353803355312
2090-11-06,0.167248484505316
2090-11-07,0.0563437581877136
2090-11-08,0.071513462156446
2090-11-09,0.0256353216085757
2090-11-10,0.0105218741041312
2090-11-11,0.0325485780747098
2090-11-12,0.0216639662685114
2090-11-13,0.016129651714363
2090-11-14,0.331532656409865
2090-11-15,1.03199157209334
2090-11-16,0.319102679338906
2090-11-17,0.0291599382637005
2090-11-18,0.0290947458153466
2090-11-19,0.0577648101598549
2090-11-20,0.0882308249149637
2090-11-21,0.150742512940126
2090-11-22,0.0908345282174467
2090-11-23,0.0439198991667196
2090-11-24,0.0384081984069555
2090-11-25,0.0412872648612553
2090-11-26,0.174599757744056
2090-11-27,0.088635540394228
2090-11-28,0.0155357206652274
2090-11-29,0.0199325565751689
2090-11-30,0.026232671172288
2090-12-01,0.0157954131117166
2090-12-02,0.0133746708698829
2090-12-03,0.0409272677505365
2090-12-04,0.0615047120692838
2090-12-05,0.0779520097226594
2090-12-06,0.0143420344513998
2090-12-07,0.0162324007103506
2090-12-08,0.0190179738259244
2090-12-09,0.0173218628373418
2090-12-10,0.0104080388875165
2090-12-11,0.0103091347835363
2090-12-12,0.0115614804780506
2090-12-13,0.0106785756811032
2090-12-14,0.0126554608772325
2090-12-15,0.0303162190862879
2090-12-16,0.0301351881594732
2090-12-17,0.490995207396538
2090-12-18,0.358894427853304
2090-12-19,0.242889052630994
2090-12-20,0.579845519338111
2090-12-21,0.105193999135503
2090-12-22,0.019403989426077
2090-12-23,0.023981616107629
2090-12-24,0.0263576019559204
2090-12-25,0.0417509189276134
2090-12-26,0.0744965104003192
2090-12-27,0.0700166568789021
2090-12-28,0.037021773618002
2090-12-29,0.0472456264597732
2090-12-30,0.0436052473734769
2090-12-31,0.0490492085843491
2091-01-01,0.0604504333784631
2091-01-02,0.0946388075589708
2091-01-03,0.118725030761439
2091-01-04,0.139046000969053
2091-01-05,0.0907376894185427
2091-01-06,0.261905046608397
2091-01-07,0.224778745658208
2091-01-08,0.131177457336119
2091-01-09,0.14791115084453
2091-01-10,0.156015156361773
2091-01-11,0.164670864675661
2091-01-12,0.178579830535102
2091-01-13,0.249295173664651
2091-01-14,0.253878148217926
2091-01-15,0.237144197139233
2091-01-16,0.216705801473269
2091-01-17,0.211730498601556
2091-01-18,0.219853873618514
2091-01-19,0.221544320534568
2091-01-20,0.23523514761911
2091-01-21,0.37878760809939
2091-01-22,0.257928670513087
2091-01-23,0.264988048314028
2091-01-24,0.443944797679937
2091-01-25,0.487653395657765
2091-01-26,0.513194287609481
2091-01-27,1.14327396561548
2091-01-28,1.03196334640249
2091-01-29,1.08803018503763
2091-01-30,1.11313752241839
2091-01-31,1.33462612591678
2091-02-01,0.826284833746285
2091-02-02,0.769464913063674
2091-02-03,0.749829584033682
2091-02-04,0.722918856161963
2091-02-05,0.685725509437184
2091-02-06,0.6141946635504
2091-02-07,0.565951215086839
2091-02-08,0.527328600227831
2091-02-09,0.497165633739992
2091-02-10,0.47007120089428
2091-02-11,0.445384863895302
2091-02-12,0.40612923350412
2091-02-13,0.380132936132835
2091-02-14,0.357925362581909
2091-02-15,0.329054399262671
2091-02-16,0.306813285691927
2091-02-17,0.294700608934144
2091-02-18,0.278066798972008
2091-02-19,0.263780692664197
2091-02-20,0.247582004550153
2091-02-21,0.234857927724214
2091-02-22,0.222286284049485
2091-02-23,0.210117378121273
2091-02-24,0.202370053233246
2091-02-25,0.238774398584833
2091-02-26,0.265641658717258
2091-02-27,0.286667018229275
2091-02-28,0.210449124920385
2091-03-01,0.194057883744511
2091-03-02,0.208201335194903
2091-03-03,0.203790065424129
2091-03-04,0.200133443761089
2091-03-05,0.182669964220871
2091-03-06,0.175204867181386
2091-03-07,0.164516427019621
2091-03-08,0.173626551044974
2091-03-09,0.155909175083935
2091-03-10,0.163053283379411
2091-03-11,0.157793023268514
2091-03-12,0.139217821380472
2091-03-13,0.132561635215139
2091-03-14,0.274051595732397
2091-03-15,0.274233792198667
2091-03-16,0.272943257079211
2091-03-17,0.243498851860934
2091-03-18,0.275196635831866
2091-03-19,0.293239959794737
2091-03-20,0.299077906169723
2091-03-21,0.264300444842526
2091-03-22,0.259648464185512
2091-03-23,0.250124504558594
2091-03-24,0.236103799454638
2091-03-25,0.225090005953277
2091-03-26,0.217220989511562
2091-03-27,0.210007811957798
2091-03-28,0.20527252203664
2091-03-29,0.193052905010947
2091-03-30,0.170457228541256
2091-03-31,0.149688464785577
2091-04-01,0.11928853222698
2091-04-02,0.104119698110354
2091-04-03,0.127600699540559
2091-04-04,0.150033082070825
2091-04-05,0.0879125999906684
2091-04-06,0.0843574706366912
2091-04-07,0.08105411880646
2091-04-08,0.0723809763068565
2091-04-09,0.0629480757719799
2091-04-10,0.0597743980234524
2091-04-11,0.0589642233543996
2091-04-12,0.0547616256110917
2091-04-13,0.0352653543452805
2091-04-14,0.0278599556094523
2091-04-15,0.0237990807568662
2091-04-16,0.0207281298259768
2091-04-17,0.0183028467624605
2091-04-18,0.0159567986367239
2091-04-19,0.0139243760633301
2091-04-20,0.0123283981409372
2091-04-21,0.0112007403751409
2091-04-22,0.0858895059884558
2091-04-23,0.0112424845023302
2091-04-24,0.00983010386671082
2091-04-25,0.0451833513192321
2091-04-26,0.0428151089180065
2091-04-27,0.01384565053101
2091-04-28,0.0092575407120734
2091-04-29,0.00895027374657366
2091-04-30,0.0086280759081216
2091-05-01,0.00772180541903523
2091-05-02,0.00741327557912929
2091-05-03,0.00713345656293193
2091-05-04,0.00694211769165236
2091-05-05,0.0067058971605662
2091-05-06,0.00653100854597032
2091-05-07,0.00636120991423274
2091-05-08,0.00621698399252824
2091-05-09,0.00606569687273753
2091-05-10,0.00587787395796079
2091-05-11,0.00567957234759247
2091-05-12,0.00550594249868199
2091-05-13,0.0053694455307191
2091-05-14,0.00526738596597175
2091-05-15,0.00518641656830136
2091-05-16,0.00509526491857494
2091-05-17,0.0049842752725824
2091-05-18,0.00488118812782544
2091-05-19,0.00479125225686459
2091-05-20,0.00470111488588512
2091-05-21,0.00460672552249642
2091-05-22,0.00450957253911488
2091-05-23,0.00441740195043377
2091-05-24,0.00433129530248432
2091-05-25,0.00424909280531371
2091-05-26,0.00418096604398956
2091-05-27,0.00412376425178521
2091-05-28,0.00405163716671271
2091-05-29,0.00396069331440612
2091-05-30,0.00386577457901733
2091-05-31,0.00377210038448227
2091-06-01,0.0053691181361164
2091-06-02,0.0117108066933323
2091-06-03,0.00513206367385967
2091-06-04,0.00502834040473759
2091-06-05,0.00490448728480644
2091-06-06,0.00476593293957468
2091-06-07,0.00461889518794382
2091-06-08,0.00447263040934085
2091-06-09,0.00433045291867943
2091-06-10,0.00420074720394728
2091-06-11,0.00409361958252278
2091-06-12,0.00400817589450698
2091-06-13,0.00389896113505346
2091-06-14,0.00379844706435256
2091-06-15,0.00370644591831551
2091-06-16,0.00362073501787363
2091-06-17,0.00353914763394602
2091-06-18,0.00346193637094922
2091-06-19,0.00339052214068535
2091-06-20,0.00332545715027722
2091-06-21,0.0032648547716882
2091-06-22,0.00320873076646086
2091-06-23,0.00316098079902107
2091-06-24,0.00312192565222318
2091-06-25,0.003084985453463
2091-06-26,0.00304921435974425
2091-06-27,0.00301739338807288
2091-06-28,0.00298922443560823
2091-06-29,0.00296429245044077
2091-06-30,0.00294238546360465
2091-07-01,0.00768593648091185
2091-07-02,0.00764754431997657
2091-07-03,0.00871951009525724
2091-07-04,0.00759526947040968
2091-07-05,0.00757400211882352
2091-07-06,0.00755603649043371
2091-07-07,0.00754185053772771
2091-07-08,0.00753127802958265
2091-07-09,0.0128003164717381
2091-07-10,0.00751586267889844
2091-07-11,0.0192192476072491
2091-07-12,0.00750412744957972
2091-07-13,0.00749922435997491
2091-07-14,0.00749512170386412
2091-07-15,0.00749190710503368
2091-07-16,0.00748912976369455
2091-07-17,0.00748663298012625
2091-07-18,0.00748416172255561
2091-07-19,0.00748174983507803
2091-07-20,0.00747945468592317
2091-07-21,0.00747718623126638
2091-07-22,0.00805943729301276
2091-07-23,0.00751253099227049
2091-07-24,0.00747056575260698
2091-07-25,0.00747757602410611
2091-07-26,0.00818129682002524
2091-07-27,0.00773000355401175
2091-07-28,0.00746277666427296
2091-07-29,0.00746086148443033
2091-07-30,0.00745896957483013
2091-07-31,0.00745710945847571
2091-08-01,0.00796800103363988
2091-08-02,0.00796601984938453
2091-08-03,0.00796403919059773
2091-08-04,0.00796205884083492
2091-08-05,0.00796007911231254
2091-08-06,0.00795809994437508
2091-08-07,0.00795612110078513
2091-08-08,0.00795414272392359
2091-08-09,0.00795216506279742
2091-08-10,0.00795018774325774
2091-08-11,0.00794821084000658
2091-08-12,0.00805022392779113
2091-08-13,0.00794425865524189
2091-08-14,0.0079479569991238
2091-08-15,0.00794030863683774
2091-08-16,0.00793833403722018
2091-08-17,0.00793636038191361
2091-08-18,0.00793438695390568
2091-08-19,0.00793241406413588
2091-08-20,0.00793044162768641
2091-08-21,0.00792846978566127
2091-08-22,0.00792649847038159
2091-08-23,0.00792452747306466
2091-08-24,0.00792255704463284
2091-08-25,0.0079205870222739
2091-08-26,0.00792419836695644
2091-08-27,0.00799746495403327
2091-08-28,0.00792027511999237
2091-08-29,0.00791271224434802
2091-08-30,0.00791074456584689
2091-08-31,0.00790877770779169
2091-09-01,0.00292579982427906
2091-09-02,0.00292507234774899
2091-09-03,0.00292434504085356
2091-09-04,0.00934788973356035
2091-09-05,0.00292289092273608
2091-09-06,0.00292216418144698
2091-09-07,0.0104604128999373
2091-09-08,0.00292071114610887
2091-09-09,0.00291998493120695
2091-09-10,0.00291925887648927
2091-09-11,0.00291853302566394
2091-09-12,0.00291780729722127
2091-09-13,0.00291708177810491
2091-09-14,0.00291635644965033
2091-09-15,0.00291563131374762
2091-09-16,0.00291490631960089
2091-09-17,0.0029141815829775
2091-09-18,0.0029134569720444
2091-09-19,0.00291273251066385
2091-09-20,0.00291200830042763
2091-09-21,0.00291128419768971
2091-09-22,0.00291056032223385
2091-09-23,0.00290983662987946
2091-09-24,0.00290911311850019
2091-09-25,0.00290838977037655
2091-09-26,0.00374195081253355
2091-09-27,0.00306008664526316
2091-09-28,0.00290622077925252
2091-09-29,0.00290549816093587
2091-09-30,0.00290477565484271
2091-10-01,0.00397079730030391
2091-10-02,0.00396980996835774
2091-10-03,0.0102589931652602
2091-10-04,0.0121178158465387
2091-10-05,0.0436346193805099
2091-10-06,0.00396586312479027
2091-10-07,0.00396487702429221
2091-10-08,0.00396389139447095
2091-10-09,0.00396290590808175
2091-10-10,0.00396192081386934
2091-10-11,0.00396093590411572
2091-10-12,0.013519402940692
2091-10-13,0.347665168954431
2091-10-14,0.490120365446368
2091-10-15,0.0686727992126625
2091-10-16,0.00460560741537604
2091-10-17,0.00473794646487462
2091-10-18,0.00479665952859732
2091-10-19,0.230482678772716
2091-10-20,0.00492869170716769
2091-10-21,0.00504622271509851
2091-10-22,0.307262312749273
2091-10-23,0.0257771560034506
2091-10-24,0.00611791448578914
2091-10-25,0.00566657400041319
2091-10-26,0.00571087384447746
2091-10-27,0.00572545812106698
2091-10-28,0.00571759487318462
2091-10-29,0.00569371015507013
2091-10-30,0.00566106315699703
2091-10-31,0.00562594097533254
2091-11-01,0.00708725129529395
2091-11-02,0.00705311660769688
2091-11-03,0.00701904777837713
2091-11-04,0.0398541802588666
2091-11-05,0.0114485173012404
2091-11-06,0.00943705325251791
2091-11-07,0.00700926707690284
2091-11-08,0.0115989345266223
2091-11-09,0.0069657120700021
2091-11-10,0.00694225673890709
2091-11-11,0.00691952277047806
2091-11-12,0.00689674121600184
2091-11-13,0.00686092207826353
2091-11-14,0.00681890154908925
2091-11-15,0.00678440310955038
2091-11-16,0.00675858003579554
2091-11-17,0.00673742310390316
2091-11-18,0.00671771143715321
2091-11-19,0.00670024901612815
2091-11-20,0.00668721624565557
2091-11-21,0.00667523587428102
2091-11-22,0.00897439189133759
2091-11-23,0.00665439435935431
2091-11-24,0.00663901084322652
2091-11-25,0.00662061366224873
2091-11-26,0.00699567054215866
2091-11-27,0.00988390754344492
2091-11-28,0.00660143612673773
2091-11-29,0.00658552696559578
2091-11-30,0.0179529591493295
2091-12-01,0.00990447201183614
2091-12-02,0.00525543044695319
2091-12-03,0.0211217448048002
2091-12-04,0.0564937550612473
2091-12-05,0.0155589939333052
2091-12-06,0.00966224268614788
2091-12-07,0.00856948591412852
2091-12-08,0.00597210127683757
2091-12-09,0.0145456416813459
2091-12-10,0.00937561979004451
2091-12-11,0.00601729328615269
2091-12-12,0.00691982839702921
2091-12-13,0.00698554127668725
2091-12-14,0.00545177367009061
2091-12-15,0.00581444483920684
2091-12-16,0.00525597217832285
2091-12-17,0.0052457319536393
2091-12-18,0.00911161471764105
2091-12-19,0.0741257463947903
2091-12-20,0.00619644976542975
2091-12-21,0.00538080816018175
2091-12-22,0.00639007806410567
2091-12-23,0.0114094283828807
2091-12-24,0.015198066816234
2091-12-25,0.0153182638104843
2091-12-26,0.0217585486839472
2091-12-27,0.0231393650904925
2091-12-28,0.113526851674088
2091-12-29,0.146703356141203
2091-12-30,0.0976306395857388
2091-12-31,0.0653355593528574
2092-01-01,0.0348370117063152
2092-01-02,0.0284137346908693
2092-01-03,0.0265788786784755
2092-01-04,0.0401307022357794
2092-01-05,0.0347771925286207
2092-01-06,0.0241547368951989
2092-01-07,0.0123489647270633
2092-01-08,0.0079456295862226
2092-01-09,0.0144779252140252
2092-01-10,0.0507218056970299
2092-01-11,0.0711817975670822
2092-01-12,0.154055608907881
2092-01-13,0.0173193862151888
2092-01-14,0.013781895135517
2092-01-15,0.0260758837540956
2092-01-16,0.0518763888514555
2092-01-17,0.0535591587166571
2092-01-18,0.0294543835524659
2092-01-19,0.0353603643799707
2092-01-20,0.0190305085308845
2092-01-21,0.0134786460357192
2092-01-22,0.0107415686087851
2092-01-23,0.0179965306021292
2092-01-24,0.166813935288816
2092-01-25,0.943328404225765
2092-01-26,0.414233137929586
2092-01-27,0.0104196715177766
2092-01-28,0.00848766295417431
2092-01-29,0.0192190318391889
2092-01-30,0.0320503539585444
2092-01-31,0.691195447380073
2092-02-01,0.635558294108892
2092-02-02,0.474378666137974
2092-02-03,0.179723176433051
2092-02-04,0.0294406532262783
2092-02-05,0.0353855006967937
2092-02-06,0.0370526879009855
2092-02-07,0.0372993765306829
2092-02-08,0.036886851955055
2092-02-09,0.040668523729798
2092-02-10,0.0578011759779713
2092-02-11,0.0783518728953607
2092-02-12,0.104168389365729
2092-02-13,0.0969294531341143
2092-02-14,0.0992243614634948
2092-02-15,0.152059393938378
2092-02-16,0.365339738640673
2092-02-17,0.566338131947268
2092-02-18,0.31629316792006
2092-02-19,0.476019900492934
2092-02-20,0.632997450958718
2092-02-21,0.888025392340523
2092-02-22,0.790802844855045
2092-02-23,1.04469615212714
2092-02-24,1.09242666330033
2092-02-25,0.958545979474401
2092-02-26,0.846124070295802
2092-02-27,1.08365879676021
2092-02-28,1.18480699880984
2092-02-29,1.15223134201928
2092-03-01,1.17190597054101
2092-03-02,1.41156647010407
2092-03-03,1.41060308326375
2092-03-04,1.66942810308761
2092-03-05,1.7146133516641
2092-03-06,1.70273158456011
2092-03-07,1.41173337283222
2092-03-08,1.41992859845595
2092-03-09,1.06889166861587
2092-03-10,0.678225712446941
2092-03-11,0.65216468616582
2092-03-12,0.63898501576918
2092-03-13,0.673840455754537
2092-03-14,0.782388138976513
2092-03-15,0.809037074333953
2092-03-16,0.879680835004222
2092-03-17,1.00773594414072
2092-03-18,1.09422941339403
2092-03-19,0.640633728727775
2092-03-20,0.622619913592031
2092-03-21,0.661035888244129
2092-03-22,0.712537824901396
2092-03-23,0.741431403544232
2092-03-24,0.687718006852976
2092-03-25,0.6600589740264
2092-03-26,0.734406057612998
2092-03-27,0.843672688196284
2092-03-28,0.720407717618667
2092-03-29,0.512966205487155
2092-03-30,0.523441000233163
2092-03-31,0.588404013561909
2092-04-01,0.452716949512352
2092-04-02,0.407759155135244
2092-04-03,0.369524806004907
2092-04-04,0.366293413277794
2092-04-05,0.35638677527769
2092-04-06,0.322263790495749
2092-04-07,0.33040786597662
2092-04-08,0.288690006967207
2092-04-09,0.272114091997877
2092-04-10,0.255781698556431
2092-04-11,0.239829863850226
2092-04-12,0.219327362369151
2092-04-13,0.223547440423122
2092-04-14,0.17787122180204
2092-04-15,0.166919018626058
2092-04-16,0.156970629352655
2092-04-17,0.150295632855568
2092-04-18,0.143356005273653
2092-04-19,0.130931832299135
2092-04-20,0.12048061608575
2092-04-21,0.111809157821782
2092-04-22,0.105110349320449
2092-04-23,0.0945732577122968
2092-04-24,0.0890850843523529
2092-04-25,0.0845934386263768
2092-04-26,0.0796148048108883
2092-04-27,0.105085909478778
2092-04-28,0.113354271920527
2092-04-29,0.109683574974547
2092-04-30,0.070711279439459
2092-05-01,0.071168313474536
2092-05-02,0.060956727771631
2092-05-03,0.0567267572302436
2092-05-04,0.0522209670304755
2092-05-05,0.0476339745821336
2092-05-06,0.0462296460308632
2092-05-07,0.0445668573202141
2092-05-08,0.0384166489686043
2092-05-09,0.0298736319689814
2092-05-10,0.0319123943359993
2092-05-11,0.0317253556886126
2092-05-12,0.0504536767775715
2092-05-13,0.108465367086995
2092-05-14,0.0317646410846548
2092-05-15,0.045937081881353
2092-05-16,0.0353706898609003
2092-05-17,0.0540290856844494
2092-05-18,0.0625362791504886
2092-05-19,0.112293889793243
2092-05-20,0.0294346142113191
2092-05-21,0.0298889600161209
2092-05-22,0.0291818933271727
2092-05-23,0.0267418382160816
2092-05-24,0.0230682537536434
2092-05-25,0.029885570704758
2092-05-26,0.0163225660929396
2092-05-27,0.0138790708090886
2092-05-28,0.0119889584499527
2092-05-29,0.0106368190819299
2092-05-30,0.00964110137576434
2092-05-31,0.00877565323072262
2092-06-01,0.0205798690298808
2092-06-02,0.0114155069751933
2092-06-03,0.0192311642338289
2092-06-04,0.0101967271246889
2092-06-05,0.00959845865678542
2092-06-06,0.00906280848983425
2092-06-07,0.00861111886194472
2092-06-08,0.00820067480281154
2092-06-09,0.00783252559525548
2092-06-10,0.00752484269370543
2092-06-11,0.00727005600358191
2092-06-12,0.00705443653657985
2092-06-13,0.00686991915019465
2092-06-14,0.00671531494047672
2092-06-15,0.00658864492107221
2092-06-16,0.00646717564440866
2092-06-17,0.00634307369404108
2092-06-18,0.00622042597930856
2092-06-19,0.00609401568618258
2092-06-20,0.00596840006550424
2092-06-21,0.0058459041258117
2092-06-22,0.0057128611450401
2092-06-23,0.0055686211309628
2092-06-24,0.00541775033497826
2092-06-25,0.00526169423077919
2092-06-26,0.00510438314582258
2092-06-27,0.00495090553154509
2092-06-28,0.00480729702180516
2092-06-29,0.0046713621887292
2092-06-30,0.00458510948091467
2092-07-01,0.0116446946653649
2092-07-02,0.0113535186398637
2092-07-03,0.011046142178998
2092-07-04,0.0107691337811782
2092-07-05,0.0105152708698612
2092-07-06,0.0102727715951927
2092-07-07,0.0100252048003384
2092-07-08,0.00977804212738813
2092-07-09,0.00954404704773665
2092-07-10,0.00932523950481054
2092-07-11,0.00912256582678039
2092-07-12,0.00893418598940429
2092-07-13,0.00875861523018323
2092-07-14,0.00860387151118494
2092-07-15,0.00846578530354924
2092-07-16,0.00833305964683476
2092-07-17,0.00820992245130961
2092-07-18,0.00809898545803685
2092-07-19,0.00800116121919455
2092-07-20,0.00791729812398523
2092-07-21,0.00784271447479014
2092-07-22,0.00777606863068933
2092-07-23,0.00771970338112274
2092-07-24,0.0076748319986442
2092-07-25,0.0076385711745844
2092-07-26,0.00760885154978053
2092-07-27,0.00758485716509659
2092-07-28,0.00756533682189827
2092-07-29,0.007549654194083
2092-07-30,0.00753439229330234
2092-07-31,0.00752138479590202
2092-08-01,0.00802887357533213
2092-08-02,0.00802197838821509
2092-08-03,0.00801579005075773
2092-08-04,0.00801087100263202
2092-08-05,0.0080072595621776
2092-08-06,0.00800408649463734
2092-08-07,0.00800113042580463
2092-08-08,0.0079983662794021
2092-08-09,0.00799578286544019
2092-08-10,0.00799331237932497
2092-08-11,0.0109868898914456
2092-08-12,0.00798873229287511
2092-08-13,0.00798654764056713
2092-08-14,0.00886844808724671
2092-08-15,0.00798218330140521
2092-08-16,0.00798934531799093
2092-08-17,0.00797805652637143
2092-08-18,0.00797602424078103
2092-08-19,0.0079739860390407
2092-08-20,0.00797194196009777
2092-08-21,0.00796992663954275
2092-08-22,0.00796794507092283
2092-08-23,0.00796596371747048
2092-08-24,0.00796398296035783
2092-08-25,0.00796200266422731
2092-08-26,0.00796002288526505
2092-08-27,0.00795804359857041
2092-08-28,0.00795606487693002
2092-08-29,0.00795408668395053
2092-08-30,0.0159434036400492
2092-08-31,0.00795013166242202
2092-09-01,0.00294109845675682
2092-09-02,0.021621503720582
2092-09-03,0.00293963602347026
2092-09-04,0.00501110388934356
2092-09-05,0.00293817430510631
2092-09-06,0.00293744373380711
2092-09-07,0.00380988122170721
2092-09-08,0.00293598311074431
2092-09-09,0.00293525308473306
2092-09-10,0.0139230873114797
2092-09-11,0.00293379352625762
2092-09-12,0.00293306406821531
2092-09-13,0.0029323347505114
2092-09-14,0.0029316056711938
2092-09-15,0.00293087668519888
2092-09-16,0.00293014795318341
2092-09-17,0.0029294194137198
2092-09-18,0.00292869097821055
2092-09-19,0.00292796272225889
2092-09-20,0.00292723471319889
2092-09-21,0.0029265068874766
2092-09-22,0.00292577919429613
2092-09-23,0.00292505165633847
2092-09-24,0.00292432436479993
2092-09-25,0.00292359724738499
2092-09-26,0.00292287030007721
2092-09-27,0.00292214345672381
2092-09-28,0.00292141692499729
2092-09-29,0.00292069050006027
2092-09-30,0.00291996429579003
2092-10-01,0.003991559913649
2092-10-02,0.00399056738390632
2092-10-03,0.0293168133512479
2092-10-04,0.00398858312783424
2092-10-05,0.00398759141668798
2092-10-06,0.00398659991810542
2092-10-07,0.0039856086072121
2092-10-08,0.0116845345217195
2092-10-09,0.003983626855063
2092-10-10,0.00400240106120581
2092-10-11,0.00398164602520782
2092-10-12,0.00398065603912267
2092-10-13,0.00397966623006627
2092-10-14,0.00397867677732867
2092-10-15,0.00397768751647988
2092-10-16,0.00397669849726887
2092-10-17,0.00397570963085822
2092-10-18,0.00397472113368817
2092-10-19,0.00397373286684932
2092-10-20,0.00397274476573265
2092-10-21,0.00397175702707263
2092-10-22,0.00452988473410908
2092-10-23,0.00396978213543345
2092-10-24,0.00396879502735756
2092-10-25,0.00396780814056761
2092-10-26,0.00396682155485575
2092-10-27,0.0039658353076952
2092-10-28,0.00396484910931446
2092-10-29,0.00397370510047235
2092-10-30,0.00396287772820696
2092-10-31,0.00396189232645557
2092-11-01,0.0247058565755671
2092-11-02,0.123134308047486
2092-11-03,0.0571704507806366
2092-11-04,0.0129287621924431
2092-11-05,0.00665163190329188
2092-11-06,0.0092708066895461
2092-11-07,0.0120628907614575
2092-11-08,0.00655563305029896
2092-11-09,0.00500900356968128
2092-11-10,0.00515739905431898
2092-11-11,0.047563846861545
2092-11-12,0.00929537148321654
2092-11-13,0.00500614176593853
2092-11-14,0.00500575123426073
2092-11-15,0.00500541182455711
2092-11-16,0.00500508752603037
2092-11-17,0.00500475480675896
2092-11-18,0.00500438967646044
2092-11-19,0.0135981106274316
2092-11-20,0.00530956922778713
2092-11-21,0.149985698814731
2092-11-22,0.127929431176252
2092-11-23,0.295118060557046
2092-11-24,0.377717634959089
2092-11-25,0.0492108588655611
2092-11-26,0.0186727247246351
2092-11-27,0.12060309271847
2092-11-28,0.279297799907741
2092-11-29,1.55402414630071
2092-11-30,1.49057561915191
2092-12-01,0.33197064726137
2092-12-02,0.233219071438627
2092-12-03,0.20361784497899
2092-12-04,0.0562897802524192
2092-12-05,0.0146332869712598
2092-12-06,0.297577320928041
2092-12-07,0.187360355488937
2092-12-08,0.406050568945902
2092-12-09,0.511324927892724
2092-12-10,0.289132191108816
2092-12-11,0.014249454746702
2092-12-12,0.022484982224536
2092-12-13,0.0595223766696793
2092-12-14,0.041442188432549
2092-12-15,0.0255535351052311
2092-12-16,0.0376674163513555
2092-12-17,0.0476614360131801
2092-12-18,0.0320178102574376
2092-12-19,0.0431320870809963
2092-12-20,0.0403031993528794
2092-12-21,0.0341581730820962
2092-12-22,0.184537835092566
2092-12-23,0.0491228245040536
2092-12-24,0.0476331849570665
2092-12-25,0.0881371614848723
2092-12-26,0.0918011672185873
2092-12-27,0.0812268758780446
2092-12-28,0.0796912237269967
2092-12-29,0.0767014231759058
2092-12-30,0.0651978342470711
2092-12-31,0.0904122363248254
2093-01-01,0.151736238290151
2093-01-02,0.168677302166973
2093-01-03,0.0968978693519637
2093-01-04,0.152736837522441
2093-01-05,0.147268304269632
2093-01-06,0.136194595172049
2093-01-07,0.149448239560728
2093-01-08,0.156593431130334
2093-01-09,0.147972497429508
2093-01-10,0.1523016076726
2093-01-11,0.152161685251798
2093-01-12,0.157701978360664
2093-01-13,0.158353389761744
2093-01-14,0.158714469906496
2093-01-15,0.149215420072749
2093-01-16,0.146553118551325
2093-01-17,0.146966337812594
2093-01-18,0.146302342896824
2093-01-19,0.135657933652879
2093-01-20,0.133280671987284
2093-01-21,0.135519527900508
2093-01-22,0.149808312359403
2093-01-23,0.151513321228673
2093-01-24,0.135215916139213
2093-01-25,0.111026276783635
2093-01-26,0.11399295918584
2093-01-27,0.112337015587999
2093-01-28,0.108292045555235
2093-01-29,0.098889379900901
2093-01-30,0.0921346895807646
2093-01-31,0.166858939351405
2093-02-01,0.143667009735167
2093-02-02,0.138828876932744
2093-02-03,0.371419602864142
2093-02-04,0.2055765657471
2093-02-05,0.183143850550884
2093-02-06,0.197316616345962
2093-02-07,0.19902346224658
2093-02-08,0.199015518785626
2093-02-09,0.198986271828745
2093-02-10,0.199597125650476
2093-02-11,0.210597912175177
2093-02-12,0.202074000511336
2093-02-13,0.183186728408956
2093-02-14,0.2729005727246
2093-02-15,0.353786815709795
2093-02-16,0.255798152932635
2093-02-17,0.268688448976549
2093-02-18,0.351961457284369
2093-02-19,0.428671009642522
2093-02-20,0.472044236191521
2093-02-21,0.48686789573527
2093-02-22,0.536234477473272
2093-02-23,0.506789924700952
2093-02-24,0.4694699629743
2093-02-25,0.462133844298647
2093-02-26,0.445316839847292
2093-02-27,0.431608990596398
2093-02-28,0.433681497897147
2093-03-01,0.396652036389294
2093-03-02,0.481007226157743
2093-03-03,0.39332887934347
2093-03-04,0.375344491476022
2093-03-05,0.381837767942781
2093-03-06,0.344935514353296
2093-03-07,0.329838597082041
2093-03-08,0.323493707983243
2093-03-09,0.311336915743943
2093-03-10,0.400074021990552
2093-03-11,0.554886038761835
2093-03-12,0.421162502876196
2093-03-13,0.440933285153502
2093-03-14,0.416389933170967
2093-03-15,0.399121351071166
2093-03-16,0.378635817235524
2093-03-17,0.357691738447893
2093-03-18,0.378201433683872
2093-03-19,0.33513153665856
2093-03-20,0.340130629625806
2093-03-21,0.323235092593897
2093-03-22,0.311905219254242
2093-03-23,0.351143372185503
2093-03-24,0.36624807237026
2093-03-25,0.294239849628971
2093-03-26,0.299355204606114
2093-03-27,0.395278056060521
2093-03-28,0.293002050316597
2093-03-29,0.30524862298672
2093-03-30,0.319902450556895
2093-03-31,0.29446128937983
2093-04-01,0.250875557749795
2093-04-02,0.238495353598737
2093-04-03,0.222011655863476
2093-04-04,0.200539495265871
2093-04-05,0.19169256185198
2093-04-06,0.182838675467343
2093-04-07,0.173692836999196
2093-04-08,0.165902576290648
2093-04-09,0.168318221887527
2093-04-10,0.145204701245254
2093-04-11,0.150628005934048
2093-04-12,0.116171019438357
2093-04-13,0.105869772059008
2093-04-14,0.0927182690299768
2093-04-15,0.0889460507388033
2093-04-16,0.0809056983274117
2093-04-17,0.0664512182866242
2093-04-18,0.0600694184040996
2093-04-19,0.0520370182242899
2093-04-20,0.0483527378005672
2093-04-21,0.0445771536717492
2093-04-22,0.0422526500544145
2093-04-23,0.0387062952286156
2093-04-24,0.0357371825237052
2093-04-25,0.0333504010762595
2093-04-26,0.030864361505606
2093-04-27,0.0275588077734567
2093-04-28,0.0256489223930497
2093-04-29,0.0249461230445868
2093-04-30,0.0241985251852961
2093-05-01,0.0219636403651085
2093-05-02,0.0171349203894552
2093-05-03,0.0160048058794777
2093-05-04,0.0150451040864758
2093-05-05,0.0142595378121463
2093-05-06,0.0133474355839912
2093-05-07,0.0123914700671371
2093-05-08,0.0115218092294943
2093-05-09,0.0106281359702016
2093-05-10,0.00979702999891024
2093-05-11,0.00903970562754067
2093-05-12,0.00838752049899685
2093-05-13,0.00783381178399046
2093-05-14,0.00736601170062345
2093-05-15,0.00698419705868817
2093-05-16,0.00661930639674398
2093-05-17,0.00624879623198348
2093-05-18,0.00592818236659224
2093-05-19,0.0056508250471132
2093-05-20,0.00540055603216335
2093-05-21,0.00519355104948577
2093-05-22,0.00501245898789158
2093-05-23,0.00483506492058778
2093-05-24,0.00466600689868147
2093-05-25,0.00451908936328321
2093-05-26,0.00439416173183955
2093-05-27,0.00428648266116098
2093-05-28,0.0041839111030854
2093-05-29,0.00408317310920786
2093-05-30,0.00398844092479087
2093-05-31,0.00390117607177918
2093-06-01,0.00558114810058407
2093-06-02,0.00548513976852067
2093-06-03,0.0122775969397691
2093-06-04,0.00531721338950835
2093-06-05,0.00520701167528686
2093-06-06,0.00506382096448312
2093-06-07,0.00492526353634572
2093-06-08,0.00479911811949146
2093-06-09,0.00468745108835487
2093-06-10,0.00457561050140221
2093-06-11,0.00445230948792108
2093-06-12,0.00432871891128883
2093-06-13,0.00420649200931341
2093-06-14,0.00408239564480907
2093-06-15,0.00396634686347324
2093-06-16,0.00386128560602964
2093-06-17,0.00376475112337284
2093-06-18,0.00367346497782974
2093-06-19,0.00358615553286216
2093-06-20,0.00350711855319031
2093-06-21,0.00343720694263621
2093-06-22,0.00337173973598689
2093-06-23,0.00330668750193602
2093-06-24,0.00324613575744744
2093-06-25,0.00319489770725143
2093-06-26,0.00315266568072811
2093-06-27,0.00311646330064505
2093-06-28,0.0030817093767148
2093-06-29,0.00304725233346196
2093-06-30,0.00301537626877142
2093-07-01,0.00785340818617186
2093-07-02,0.00779151608227663
2093-07-03,0.00773923030520032
2093-07-04,0.00769434250517237
2093-07-05,0.00765808395240009
2093-07-06,0.00763078577037189
2093-07-07,0.00760836150725723
2093-07-08,0.00758842030022135
2093-07-09,0.00756981861156875
2093-07-10,0.00755314705191667
2093-07-11,0.00754004591259473
2093-07-12,0.00753103169345942
2093-07-13,0.00752388054657817
2093-07-14,0.00751659595349187
2093-07-15,0.00750985161917176
2093-07-16,0.00750371659804577
2093-07-17,0.026795216864753
2093-07-18,0.0074945404185488
2093-07-19,0.00749127843571484
2093-07-20,0.0075071815773488
2093-07-21,0.00748522286783365
2093-07-22,0.00748253069977554
2093-07-23,0.00748002489079651
2093-07-24,0.00747762115354913
2093-07-25,0.00883787460545834
2093-07-26,0.00747319443573035
2093-07-27,0.00747109226536442
2093-07-28,0.00746899097256853
2093-07-29,0.00746689610771934
2093-07-30,0.00746486869210366
2093-07-31,0.013694833158131
2093-08-01,0.00808163478376782
2093-08-02,0.0196792329792158
2093-08-03,0.00823616954040472
2093-08-04,0.00796824363983963
2093-08-05,0.00796626241727551
2093-08-06,0.00796428137540108
2093-08-07,0.00796230111502539
2093-08-08,0.00796032133925555
2093-08-09,0.00795848353831299
2093-08-10,0.00795636320577854
2093-08-11,0.0079543847146292
2093-08-12,0.007952406946877
2093-08-13,0.00795042959222093
2093-08-14,0.00794845275154078
2093-08-15,0.00794647629011735
2093-08-16,0.00794450048505073
2093-08-17,0.00794252495325328
2093-08-18,0.00794055020550851
2093-08-19,0.00793857568314692
2093-08-20,0.00793660171307004
2093-08-21,0.00793462825952294
2093-08-22,0.00793265536017593
2093-08-23,0.00793068295245805
2093-08-24,0.00792871107531655
2093-08-25,0.0356690788554481
2093-08-26,0.00792476842624129
2093-08-27,0.00792279798120903
2093-08-28,0.00792707206620371
2093-08-29,0.00791885845429789
2093-08-30,0.00791795887644712
2093-08-31,0.00791492103053785
2093-09-01,0.00292807249950154
2093-09-02,0.00292734445665634
2093-09-03,0.00292661660872563
2093-09-04,0.00292588887514471
2093-09-05,0.00292516129891294
2093-09-06,0.00292443398705604
2093-09-07,0.00292370688310791
2093-09-08,0.00292297989374586
2093-09-09,0.00292225305157377
2093-09-10,0.0029215264144753
2093-09-11,0.00292079995929701
2093-09-12,0.00292007375124663
2093-09-13,0.00291934767928196
2093-09-14,0.002918621759705
2093-09-15,0.00291789608347576
2093-09-16,0.00291717060641367
2093-09-17,0.00291644520802616
2093-09-18,0.00291571998423475
2093-09-19,0.00291499503781251
2093-09-20,0.00291427021944317
2093-09-21,0.00291354557637873
2093-09-22,0.00291282116106888
2093-09-23,0.00291209692838797
2093-09-24,0.00291137276564
2093-09-25,0.00291064892916704
2093-09-26,0.0232894498961541
2093-09-27,0.00290920157753465
2093-09-28,0.00290847826343245
2093-09-29,0.00535657922023756
2093-09-30,0.0176853631437793
2093-10-01,0.00421517231542474
2093-10-02,0.00397289368050289
2093-10-03,0.00397190583006924
2093-10-04,0.00397091832335565
2093-10-05,0.00396993106441767
2093-10-06,0.00396894408168331
2093-10-07,0.00396795721298389
2093-10-08,0.00396697071190984
2093-10-09,0.00396598439690982
2093-10-10,0.00396499840107839
2093-10-11,0.00396401260424279
2093-10-12,0.0039630270128639
2093-10-13,0.00396204163663308
2093-10-14,0.00396105657440215
2093-10-15,0.00396007171116703
2093-10-16,0.00395908713156556
2093-10-17,0.00395810286079526
2093-10-18,0.0063118864645923
2093-10-19,0.114574985879446
2093-10-20,0.0538373678997811
2093-10-21,0.00939767980100746
2093-10-22,0.00542003842022107
2093-10-23,0.0130403346370006
2093-10-24,0.00691926547315321
2093-10-25,0.00442862189662537
2093-10-26,0.00395090423664223
2093-10-27,0.0039503362082593
2093-10-28,0.00394976711867304
2093-10-29,0.00394919246204967
2093-10-30,0.012430677204544
2093-10-31,0.00397495081620756
2093-11-01,0.00500084557345079
2093-11-02,0.00500009576744429
2093-11-03,0.00499931491526213
2093-11-04,0.00499849465099921
2093-11-05,0.00499763478067069
2093-11-06,0.00499673908248
2093-11-07,0.0049958097659723
2093-11-08,0.00499485267443064
2093-11-09,0.00499387598182143
2093-11-10,0.00499288345407065
2093-11-11,0.00499187509854479
2093-11-12,0.00499085124059824
2093-11-13,0.0049898109536872
2093-11-14,0.00498875518604578
2093-11-15,0.00498768553825388
2093-11-16,0.00498660177049053
2093-11-17,0.004985505642125
2093-11-18,0.00498439980469324
2093-11-19,0.00498328584035888
2093-11-20,0.00512807807828766
2093-11-21,0.0459946986391362
2093-11-22,0.153403321538913
2093-11-23,0.659093736620097
2093-11-24,0.0131370641003742
2093-11-25,0.0107290579396682
2093-11-26,0.00585382512346609
2093-11-27,0.00597481029846359
2093-11-28,0.00588855416928829
2093-11-29,0.00621705902208719
2093-11-30,0.008778394102047
2093-12-01,0.00734560911856862
2093-12-02,0.00484391509677086
2093-12-03,0.00504916068359755
2093-12-04,0.00760533681060126
2093-12-05,0.00983830156832572
2093-12-06,0.00688879387060153
2093-12-07,0.00492158578551007
2093-12-08,0.0055128593662647
2093-12-09,0.00493956236361442
2093-12-10,0.00494527120135727
2093-12-11,0.00494693301654241
2093-12-12,0.00494589304357688
2093-12-13,0.00494386159863534
2093-12-14,0.00493712718847537
2093-12-15,0.0238909757682534
2093-12-16,0.00493131917178198
2093-12-17,0.156787581587022
2093-12-18,0.220665934810976
2093-12-19,0.455440459748615
2093-12-20,0.245091546211143
2093-12-21,0.0233713619997163
2093-12-22,0.0254609597211553
2093-12-23,0.040492778559176
2093-12-24,0.0330719985955379
2093-12-25,0.0474985424375995
2093-12-26,0.0587523593874743
2093-12-27,0.0812646642224763
2093-12-28,0.0755038322819968
2093-12-29,0.00924851956385163
2093-12-30,0.00770250618849383
2093-12-31,0.0119692585226559
2094-01-01,0.025507515731514
2094-01-02,0.043405042005661
2094-01-03,0.0368476146066766
2094-01-04,0.116861779841414
2094-01-05,0.108311240853236
2094-01-06,0.033033247851426
2094-01-07,0.0317108995372835
2094-01-08,0.0097967282999525
2094-01-09,0.0202300907237967
2094-01-10,0.0141254942124767
2094-01-11,0.0195969191530915
2094-01-12,0.0228257937367563
2094-01-13,0.0504309400313816
2094-01-14,0.00774750528697195
2094-01-15,0.00716380071461248
2094-01-16,0.0101860539842538
2094-01-17,0.00792005411303881
2094-01-18,0.00727133364926708
2094-01-19,0.00729775167805875
2094-01-20,0.00732092407087711
2094-01-21,0.0114163435708105
2094-01-22,0.118638803432594
2094-01-23,0.112094965851974
2094-01-24,0.0126320104507558
2094-01-25,0.0144323300386499
2094-01-26,0.0162592191490418
2094-01-27,0.00773508889249232
2094-01-28,0.00777507454613123
2094-01-29,0.00780665425357514
2094-01-30,0.00783286857691152
2094-01-31,0.00785532205380747
2094-02-01,0.00664841953517069
2094-02-02,0.0335403892902443
2094-02-03,0.0845171572908612
2094-02-04,0.12548975424066
2094-02-05,0.125325332415343
2094-02-06,0.0532336576749661
2094-02-07,0.0368031516138223
2094-02-08,0.101272305152835
2094-02-09,0.0773875368934882
2094-02-10,0.0432351792681936
2094-02-11,0.0383149539378172
2094-02-12,0.0426083720360979
2094-02-13,0.0949708081360207
2094-02-14,0.193204536011213
2094-02-15,0.325650729119187
2094-02-16,0.297068533202391
2094-02-17,0.375550701864816
2094-02-18,0.299077596389443
2094-02-19,0.185572911866115
2094-02-20,0.203371870909664
2094-02-21,0.212899128089333
2094-02-22,0.202647195367853
2094-02-23,0.198095169299505
2094-02-24,0.203752826612939
2094-02-25,0.204338049509278
2094-02-26,0.226397742255523
2094-02-27,0.213990363558641
2094-02-28,0.237598319552444
2094-03-01,0.263147846048091
2094-03-02,0.259771173173222
2094-03-03,0.232518228694811
2094-03-04,0.22676018666203
2094-03-05,0.214477109018107
2094-03-06,0.21940326915424
2094-03-07,0.202925658543001
2094-03-08,0.186260953030037
2094-03-09,0.172830632955552
2094-03-10,0.161196270385775
2094-03-11,0.148616012241301
2094-03-12,0.133897206416696
2094-03-13,0.126034438476978
2094-03-14,0.121166198501175
2094-03-15,0.110126144490201
2094-03-16,0.100513325418259
2094-03-17,0.0902640075976434
2094-03-18,0.0811745294304758
2094-03-19,0.250246632980449
2094-03-20,0.430322400758383
2094-03-21,0.225842853534763
2094-03-22,0.198828833882234
2094-03-23,0.207019991386669
2094-03-24,0.309364356666843
2094-03-25,0.235158323856769
2094-03-26,0.229805303319664
2094-03-27,0.221352816894067
2094-03-28,0.247683325188832
2094-03-29,0.300482314392198
2094-03-30,0.271816581766177
2094-03-31,0.235663668306555
2094-04-01,0.221841566603031
2094-04-02,0.21347152943716
2094-04-03,0.219107449380137
2094-04-04,0.19672434117595
2094-04-05,0.180538270568684
2094-04-06,0.165932001385874
2094-04-07,0.15125773581301
2094-04-08,0.139016745691808
2094-04-09,0.171081659214611
2094-04-10,0.133053283217106
2094-04-11,0.123564801354553
2094-04-12,0.144492399779248
2094-04-13,0.187735507460004
2094-04-14,0.164617032821785
2094-04-15,0.189002535039634
2094-04-16,0.18075040068643
2094-04-17,0.191954438018121
2094-04-18,0.209327386074569
2094-04-19,0.223933386025814
2094-04-20,0.21203610365038
2094-04-21,0.256279606643828
2094-04-22,0.288090864231619
2094-04-23,0.334990107609048
2094-04-24,0.299923758677159
2094-04-25,0.330541088538353
2094-04-26,0.314351885123908
2094-04-27,0.306086246925731
2094-04-28,0.291909487278061
2094-04-29,0.276513998146301
2094-04-30,0.380688718419536
2094-05-01,0.30992726249848
2094-05-02,0.268483678692778
2094-05-03,0.260097084729424
2094-05-04,0.238365873259935
2094-05-05,0.211822744444982
2094-05-06,0.186025055174639
2094-05-07,0.161549426890547
2094-05-08,0.1400988446194
2094-05-09,0.12466392530143
2094-05-10,0.112932709800494
2094-05-11,0.101632579327088
2094-05-12,0.0903055474371583
2094-05-13,0.0766796886017354
2094-05-14,0.0649181395959366
2094-05-15,0.0537995741648396
2094-05-16,0.0437383161514523
2094-05-17,0.0351999259335256
2094-05-18,0.0282142415941949
2094-05-19,0.0223153723796561
2094-05-20,0.0174290263671822
2094-05-21,0.0139808386998412
2094-05-22,0.0116308129037132
2094-05-23,0.00978646365179173
2094-05-24,0.0084346560559215
2094-05-25,0.00764354188667843
2094-05-26,0.0071546525108995
2094-05-27,0.00682236550699686
2094-05-28,0.00654315616782564
2094-05-29,0.0062967215977121
2094-05-30,0.00607965653137852
2094-05-31,0.00588490494708598
2094-06-01,0.00832923281217615
2094-06-02,0.00810406466693195
2094-06-03,0.00790795717290817
2094-06-04,0.00772792756131518
2094-06-05,0.00756721932704725
2094-06-06,0.00742634726307883
2094-06-07,0.00729114220962741
2094-06-08,0.00715900534041138
2094-06-09,0.0070235023181982
2094-06-10,0.00687818690682128
2094-06-11,0.00817095345486887
2094-06-12,0.00661355439052942
2094-06-13,0.00781666965430625
2094-06-14,0.0063798445363817
2094-06-15,0.00627224106122171
2094-06-16,0.00611612165451161
2094-06-17,0.00596810826482627
2094-06-18,0.00582347762483314
2094-06-19,0.0056845518146963
2094-06-20,0.00555672800274229
2094-06-21,0.00617002105197935
2094-06-22,0.0063451379400299
2094-06-23,0.0105865781299624
2094-06-24,0.00526530012093645
2094-06-25,0.00641796648223258
2094-06-26,0.0051307074280828
2094-06-27,0.00546261247566219
2094-06-28,0.00468004176937272
2094-06-29,0.00456050018411271
2094-06-30,0.00444387677107199
2094-07-01,0.0113620972341823
2094-07-02,0.0110457789856709
2094-07-03,0.0107406609157826
2094-07-04,0.0104515972677011
2094-07-05,0.010175595743814
2094-07-06,0.00992494648864149
2094-07-07,0.00970765123965993
2094-07-08,0.00950679101383897
2094-07-09,0.0133928935340545
2094-07-10,0.00914736029727568
2094-07-11,0.00896995417347685
2094-07-12,0.00880027564956399
2094-07-13,0.00863740866666332
2094-07-14,0.00847528965720637
2094-07-15,0.00833279709806784
2094-07-16,0.0082052234866489
2094-07-17,0.00808788173684765
2094-07-18,0.00798479501508914
2094-07-19,0.00789620855351469
2094-07-20,0.00782109396547878
2094-07-21,0.00775847315525299
2094-07-22,0.0135765588136226
2094-07-23,0.00766521343005164
2094-07-24,0.00762880222071344
2094-07-25,0.0103304218976446
2094-07-26,0.00758217743714649
2094-07-27,0.00756315027875769
2094-07-28,0.00844421942162934
2094-07-29,0.00753283063678929
2094-07-30,0.00752144043049775
2094-07-31,0.0075128675621893
2094-08-01,0.00802261155097033
2094-08-02,0.00801777325133093
2094-08-03,0.00801427967608417
2094-08-04,0.00801128943391999
2094-08-05,0.00800852840393524
2094-08-06,0.00800578317120716
2094-08-07,0.00800301961795191
2094-08-08,0.00800025753128382
2094-08-09,0.00799751456579598
2094-08-10,0.0209885419572898
2094-08-11,0.00799257133909492
2094-08-12,0.00799029938047897
2094-08-13,0.00798812459906207
2094-08-14,0.00798604445241939
2094-08-15,0.00798399538312168
2094-08-16,0.00798194885816426
2094-08-17,0.00797993282570474
2094-08-18,0.00797794840627442
2094-08-19,0.00797596481431335
2094-08-20,0.007973981464336
2094-08-21,0.00797199879370068
2094-08-22,0.00797001647422902
2094-08-23,0.00796803469874179
2094-08-24,0.0240876933470808
2094-08-25,0.00796407271012631
2094-08-26,0.0310253138696361
2094-08-27,0.00796011268036558
2094-08-28,0.00795813340580205
2094-08-29,0.00795615463819114
2094-08-30,0.00801309128145057
2094-08-31,0.00795219860403433
2094-09-01,0.00294186310737313
2094-09-02,0.00294113159221539
2094-09-03,0.00294040029252673
2094-09-04,0.00293966919980179
2094-09-05,0.0029389382077236
2094-09-06,0.00293820744670763
2094-09-07,0.00293747690116076
2094-09-08,0.0207579170578953
2094-09-09,0.0029360162171429
2094-09-10,0.00293528620341718
2094-09-11,0.00293455635979861
2094-09-12,0.00592902254300842
2094-09-13,0.00301349228095082
2094-09-14,0.00293236791739254
2094-09-15,0.00293163878869661
2094-09-16,0.00293090979254251
2094-09-17,0.00293018108746067
2094-09-18,0.00292945247026753
2094-09-19,0.00292872404728007
2094-09-20,0.00292799582133342
2094-09-21,0.00292726779101001
2094-09-22,0.00292653995205717
2094-09-23,0.00292581220500944
2094-09-24,0.00292508476155575
2094-09-25,0.00292435741780378
2094-09-26,0.00292363030865793
2094-09-27,0.00292290334055927
2094-09-28,0.00292217653099105
2094-09-29,0.00292144989720023
2094-09-30,0.00292072356369581
2094-10-01,0.00399259779731593
2094-10-02,0.00399160504111859
2094-10-03,0.00399061252623598
2094-10-04,0.00398962030500142
2094-10-05,0.00398862823624417
2094-10-06,0.0039876364356144
2094-10-07,0.00398664494058534
2094-10-08,0.00398565374469608
2094-10-09,0.00398466261018543
2094-10-10,0.00424479754299945
2094-10-11,0.023133308462463
2094-10-12,0.107581863925862
2094-10-13,0.103229846712609
2094-10-14,0.0170118629393828
2094-10-15,0.00467167343871964
2094-10-16,0.0039796675968703
2094-10-17,0.00397980989147621
2094-10-18,0.0039799660547336
2094-10-19,0.00398007655814298
2094-10-20,0.0039801079749302
2094-10-21,0.00398005375826218
2094-10-22,0.00397988866732895
2094-10-23,0.00397960460597289
2094-10-24,0.00397922968235275
2094-10-25,0.00397877511679585
2094-10-26,0.00397825719368526
2094-10-27,0.00397769335196752
2094-10-28,0.00397709970578091
2094-10-29,0.00397647958345968
2094-10-30,0.00397582864069257
2094-10-31,0.00397514630892012
2094-11-01,0.00503501573572655
2094-11-02,0.00503406440234378
2094-11-03,0.0050330774330375
2094-11-04,0.00503205915890901
2094-11-05,0.00503101327303763
2094-11-06,0.00502995119474871
2094-11-07,0.00502887752074736
2094-11-08,0.00502779935767386
2094-11-09,0.0217918354857581
2094-11-10,0.192926272487446
2094-11-11,0.137916691125476
2094-11-12,0.0414306142899558
2094-11-13,0.0252444289637919
2094-11-14,0.106965141523882
2094-11-15,0.142925235055341
2094-11-16,0.126455578981186
2094-11-17,0.0911950980782772
2094-11-18,0.0451974595908595
2094-11-19,0.0234149171952853
2094-11-20,0.00968866584093303
2094-11-21,0.00646198490490091
2094-11-22,0.00601933715367169
2094-11-23,0.00603993257053492
2094-11-24,0.00605069898982653
2094-11-25,0.0060565099752247
2094-11-26,0.00605737573917415
2094-11-27,0.00605397131960464
2094-11-28,0.00605048900118974
2094-11-29,0.0111151395191021
2094-11-30,0.00605783130899063
2094-12-01,0.00483920470031799
2094-12-02,0.00483794283895136
2094-12-03,0.0048337429981607
2094-12-04,0.00482874955099384
2094-12-05,0.00482304154921588
2094-12-06,0.00481675625669034
2094-12-07,0.00480815718229719
2094-12-08,0.00480075539743635
2094-12-09,0.00479788537584741
2094-12-10,0.00574069379830928
2094-12-11,0.00686221591895562
2094-12-12,0.00480614766191456
2094-12-13,0.00580557922040406
2094-12-14,0.00478063588954049
2094-12-15,0.00478289124533662
2094-12-16,0.00478427492759408
2094-12-17,0.00478163761392814
2094-12-18,0.00477406776680751
2094-12-19,0.00476418591657215
2094-12-20,0.00475440388393968
2094-12-21,0.00474708267544264
2094-12-22,0.00474101756149402
2094-12-23,0.00473054503559959
2094-12-24,0.00471829270358312
2094-12-25,0.00470874321194201
2094-12-26,0.161863952256135
2094-12-27,0.00471002212091583
2094-12-28,0.00472112453833601
2094-12-29,0.00866292935804899
2094-12-30,0.010694708882841
2094-12-31,0.0216240886628961
2095-01-01,0.0325642822526788
2095-01-02,0.0115773151973259
2095-01-03,0.0058678119267584
2095-01-04,0.0277773871690139
2095-01-05,0.0927407678371534
2095-01-06,0.0369385988853196
2095-01-07,0.00620323351216619
2095-01-08,0.0151169320734607
2095-01-09,0.0543203420463591
2095-01-10,0.0322720537655357
2095-01-11,0.00963298926870973
2095-01-12,0.0313901476414555
2095-01-13,0.0215479210467607
2095-01-14,0.131750157121972
2095-01-15,0.00483155325040758
2095-01-16,0.00489725016558155
2095-01-17,0.00493922204108003
2095-01-18,0.00618349023630119
2095-01-19,0.00499649230632553
2095-01-20,0.00501809158113439
2095-01-21,0.00503673197803097
2095-01-22,0.00505310994484034
2095-01-23,0.00506770731283771
2095-01-24,0.00508086800938803
2095-01-25,0.00509284455550489
2095-01-26,0.0114694820179917
2095-01-27,0.0509212515417268
2095-01-28,0.164008248038444
2095-01-29,0.0392386580338518
2095-01-30,0.17015141844947
2095-01-31,0.264806413179569
2095-02-01,0.0103659736324224
2095-02-02,0.0283183564078578
2095-02-03,0.154690630468384
2095-02-04,0.0217210702737334
2095-02-05,0.0363653729401504
2095-02-06,0.0262178912492268
2095-02-07,0.0267614659980475
2095-02-08,0.0293854926545088
2095-02-09,0.0337560036612918
2095-02-10,0.0291261927740062
2095-02-11,0.0349959522559239
2095-02-12,0.0419292943824299
2095-02-13,0.0549462664652313
2095-02-14,0.122988487162342
2095-02-15,0.199267337188504
2095-02-16,0.296405885879531
2095-02-17,0.34169383658551
2095-02-18,0.340409468546397
2095-02-19,0.319844364276033
2095-02-20,0.269300609791282
2095-02-21,0.289198115924998
2095-02-22,0.290621712816367
2095-02-23,0.277622795002561
2095-02-24,0.311581122251501
2095-02-25,0.453894867076547
2095-02-26,0.472878596842659
2095-02-27,0.437763929442411
2095-02-28,0.253701512973945
2095-03-01,0.231003371982629
2095-03-02,0.228932711833247
2095-03-03,0.221701233700255
2095-03-04,0.220688252333528
2095-03-05,0.224240457496178
2095-03-06,0.195733659143087
2095-03-07,0.179492816690982
2095-03-08,0.189285183821455
2095-03-09,0.204626822231929
2095-03-10,0.257349171878443
2095-03-11,0.287883872875019
2095-03-12,0.29595913371738
2095-03-13,0.329724820767573
2095-03-14,0.368108554419971
2095-03-15,0.333282692149819
2095-03-16,0.355942765875159
2095-03-17,0.425151835044041
2095-03-18,0.363568552085328
2095-03-19,0.463035867035696
2095-03-20,0.501675969116071
2095-03-21,0.658554198448414
2095-03-22,0.725274360362785
2095-03-23,0.554518644430128
2095-03-24,0.577743369378765
2095-03-25,0.538896045019027
2095-03-26,0.518343095051479
2095-03-27,0.510882482349631
2095-03-28,0.519262764306911
2095-03-29,0.510489380118542
2095-03-30,0.523392426140731
2095-03-31,0.567695464765186
2095-04-01,0.657624716252514
2095-04-02,0.478685917048941
2095-04-03,0.376573454401495
2095-04-04,0.365862059439129
2095-04-05,0.367923993070867
2095-04-06,0.377225101180189
2095-04-07,0.367526392089313
2095-04-08,0.312305450322296
2095-04-09,0.238841854703109
2095-04-10,0.216204468709615
2095-04-11,0.191327075978816
2095-04-12,0.17506894167221
2095-04-13,0.159529563342285
2095-04-14,0.145830049778911
2095-04-15,0.133563371903304
2095-04-16,0.126306839121753
2095-04-17,0.111081091356033
2095-04-18,0.0997802827827382
2095-04-19,0.0884510011474554
2095-04-20,0.0772630515902744
2095-04-21,0.0679717784827849
2095-04-22,0.0605275329639479
2095-04-23,0.0544932927638308
2095-04-24,0.0487888014769978
2095-04-25,0.04362475986525
2095-04-26,0.0663330370592283
2095-04-27,0.190928712952269
2095-04-28,0.213926266651588
2095-04-29,0.0794368072827519
2095-04-30,0.0739199671544007
2095-05-01,0.0911626741861957
2095-05-02,0.0788866664150718
2095-05-03,0.0784523920804204
2095-05-04,0.0743829189456107
2095-05-05,0.0678812067393114
2095-05-06,0.0632996380893575
2095-05-07,0.0645612883913228
2095-05-08,0.0724463546238689
2095-05-09,0.0603113835115606
2095-05-10,0.0555537226892591
2095-05-11,0.0523192650615652
2095-05-12,0.0448787554751617
2095-05-13,0.0662103463115182
2095-05-14,0.03863309057197
2095-05-15,0.0503389468104168
2095-05-16,0.0352457811185454
2095-05-17,0.0312551116198707
2095-05-18,0.0270189333111134
2095-05-19,0.0227847754810351
2095-05-20,0.018723825993563
2095-05-21,0.0148445545041597
2095-05-22,0.0114692524832253
2095-05-23,0.0089548020906656
2095-05-24,0.00744496401610591
2095-05-25,0.00664375639261842
2095-05-26,0.00616419285534732
2095-05-27,0.00588372523080887
2095-05-28,0.00567964184047558
2095-05-29,0.00551502005193758
2095-05-30,0.00538700953624506
2095-05-31,0.00528354024417505
2095-06-01,0.00756731661833165
2095-06-02,0.00741721599380779
2095-06-03,0.00727024600610647
2095-06-04,0.00712836533930938
2095-06-05,0.00698694913045044
2095-06-06,0.00683661554088708
2095-06-07,0.0066887348006823
2095-06-08,0.00654592096429903
2095-06-09,0.00640117986192865
2095-06-10,0.00626881467634756
2095-06-11,0.00614458655228293
2095-06-12,0.0060197707217756
2095-06-13,0.00589410697086342
2095-06-14,0.00577469068528785
2095-06-15,0.00565790978908213
2095-06-16,0.00553724995036167
2095-06-17,0.00540784421330224
2095-06-18,0.0052706965184229
2095-06-19,0.00513406400648312
2095-06-20,0.0049996341335891
2095-06-21,0.00487116615752273
2095-06-22,0.00474063995220125
2095-06-23,0.00460164141085259
2095-06-24,0.00445900280877139
2095-06-25,0.00431453825571794
2095-06-26,0.00417875684935219
2095-06-27,0.00405902988478983
2095-06-28,0.00395694001616188
2095-06-29,0.00386563072291969
2095-06-30,0.00377694096319503
2095-07-01,0.0097046695111212
2095-07-02,0.00948726134653355
2095-07-03,0.00928016950714191
2095-07-04,0.00909107481697465
2095-07-05,0.00891580567421868
2095-07-06,0.00874846378719711
2095-07-07,0.00858752692553082
2095-07-08,0.0128985515113359
2095-07-09,0.00832945785800512
2095-07-10,0.00823533973846636
2095-07-11,0.00813089644753874
2095-07-12,0.00802719795431463
2095-07-13,0.00793611244027392
2095-07-14,0.00785860497857905
2095-07-15,0.00814857641164393
2095-07-16,0.0284883995229087
2095-07-17,0.0845458866758499
2095-07-18,0.00775009300049103
2095-07-19,0.0412513832662645
2095-07-20,0.00768118862203856
2095-07-21,0.00764496723247608
2095-07-22,0.00761222381192604
2095-07-23,0.00846289290793775
2095-07-24,0.00756778891809426
2095-07-25,0.00755143340373592
2095-07-26,0.00753645270591031
2095-07-27,0.00752356840763604
2095-07-28,0.0075130820937163
2095-07-29,0.00750548962826739
2095-07-30,0.00749961837339492
2095-07-31,0.00749521367368322
2095-08-01,0.00800726216398104
2095-08-02,0.00800430310387245
2095-08-03,0.00800151403698151
2095-08-04,0.00799893097099085
2095-08-05,0.00799645836767805
2095-08-06,0.00799402406163501
2095-08-07,0.00799167481572946
2095-08-08,0.00798948208538042
2095-08-09,0.00798743005481538
2095-08-10,0.00798539484371246
2095-08-11,0.00798335531138114
2095-08-12,0.00798131474471324
2095-08-13,0.00797927671025455
2095-08-14,0.00797724179476759
2095-08-15,0.00797521918724748
2095-08-16,0.00797322252561366
2095-08-17,0.00797123987477119
2095-08-18,0.00796925789688601
2095-08-19,0.0079672763767905
2095-08-20,0.00796529530746145
2095-08-21,0.00796331462058155
2095-08-22,0.00796133457984278
2095-08-23,0.00795935511501238
2095-08-24,0.00795737605433943
2095-08-25,0.00795539747252602
2095-08-26,0.00795341926869238
2095-08-27,0.00795144172887732
2095-08-28,0.00794946456065723
2095-08-29,0.00794748800856974
2095-08-30,0.00794551189447911
2095-08-31,0.0112702979265234
2095-09-01,0.00306117359414854
2095-09-02,0.0029379277997393
2095-09-03,0.0029371972194622
2095-09-04,0.00293646690592259
2095-09-05,0.00293573679627532
2095-09-06,0.0029350067860935
2095-09-07,0.00293427701547927
2095-09-08,0.00293354743316422
2095-09-09,0.00293281796165509
2095-09-10,0.00293401567983866
2095-09-11,0.00293907510193874
2095-09-12,0.00327135709792175
2095-09-13,0.00605851462935302
2095-09-14,0.00292917358429249
2095-09-15,0.00292844522698531
2095-09-16,0.00292771706671892
2095-09-17,0.002926989065928
2095-09-18,0.00292626129997949
2095-09-19,0.00292553367389686
2095-09-20,0.00292480623540464
2095-09-21,0.00292407894292105
2095-09-22,0.00292335189567532
2095-09-23,0.00292262498640539
2095-09-24,0.00292189833040614
2095-09-25,0.00292117173394438
2095-09-26,0.00292044541154419
2095-09-27,0.00291971927744316
2095-09-28,0.00291899329927372
2095-09-29,0.00291826742576742
2095-09-30,0.00291754187782736
2095-10-01,0.00398824849731299
2095-10-02,0.00398725679165849
2095-10-03,0.00398626538902035
2095-10-04,0.00398527420734509
2095-10-05,0.00398428316102574
2095-10-06,0.00398329254403341
2095-10-07,0.00398230209276325
2095-10-08,0.00398131183370494
2095-10-09,0.00398032202335634
2095-10-10,0.00397933221623821
2095-10-11,0.00397834269339981
2095-10-12,0.00397735356887608
2095-10-13,0.00397636463785639
2095-10-14,0.00397537590066381
2095-10-15,0.0039743873650514
2095-10-16,0.00397339916120636
2095-10-17,0.00397473529598769
2095-10-18,0.00397142343320328
2095-10-19,0.00397043595653286
2095-10-20,0.00396944868208873
2095-10-21,0.0674935754090219
2095-10-22,0.133864912714343
2095-10-23,0.00396654949656539
2095-10-24,0.00396575147069406
2095-10-25,0.00396501371277255
2095-10-26,0.0140582885339409
2095-10-27,0.00775086500597587
2095-10-28,0.00396302891979943
2095-10-29,0.00396245034819183
2095-10-30,0.00396187819581449
2095-10-31,0.00396129851067027
2095-11-01,0.006739419917999
2095-11-02,0.0517633249775025
2095-11-03,0.222393010151966
2095-11-04,0.10141446732249
2095-11-05,0.0712019704315353
2095-11-06,0.0455686344145796
2095-11-07,0.0142890730407058
2095-11-08,0.00628158131364575
2095-11-09,0.0293424848362522
2095-11-10,0.00668692778604077
2095-11-11,0.00823986078008599
2095-11-12,0.005517726767584
2095-11-13,0.00551004474109511
2095-11-14,0.00553149172868043
2095-11-15,0.00554748283615831
2095-11-16,0.00555990645398896
2095-11-17,0.00556847956068239
2095-11-18,0.00557182732356978
2095-11-19,0.00556982479633262
2095-11-20,0.00556443295210861
2095-11-21,0.00555762314345445
2095-11-22,0.00555141637937385
2095-11-23,0.00554690235276338
2095-11-24,0.00554743533564455
2095-11-25,0.00555241399943245
2095-11-26,0.00555735975413499
2095-11-27,0.00555975017460996
2095-11-28,0.342424090931259
2095-11-29,0.101252179005521
2095-11-30,0.0173411445723629
2095-12-01,0.0186235353749947
2095-12-02,0.0117032137864597
2095-12-03,0.00599349909752285
2095-12-04,0.00633373463819934
2095-12-05,0.161253451043671
2095-12-06,0.182394692098985
2095-12-07,0.00597831450291915
2095-12-08,0.0120251476756478
2095-12-09,0.0338030759774927
2095-12-10,0.00639837657205041
2095-12-11,0.0066075381002485
2095-12-12,0.00731432286381211
2095-12-13,0.00938808579422425
2095-12-14,0.00923545032755256
2095-12-15,0.0156540271227
2095-12-16,0.0125319431809389
2095-12-17,0.00630803536436048
2095-12-18,0.0141466032884759
2095-12-19,0.0285296243584952
2095-12-20,0.0339786017760782
2095-12-21,0.0110808376551272
2095-12-22,0.0280340548852951
2095-12-23,0.0132894484002072
2095-12-24,0.0311077176974625
2095-12-25,0.134322707854201
2095-12-26,0.0317158841067604
2095-12-27,0.0308837686916215
2095-12-28,0.0976224344980928
2095-12-29,0.0380805639038353
2095-12-30,0.00771269665317703
2095-12-31,0.0100266731964173
2096-01-01,0.00957004093381484
2096-01-02,0.00899933923328098
2096-01-03,0.00617231081635856
2096-01-04,0.00991235663878055
2096-01-05,0.00753643329323004
2096-01-06,0.00779095754316627
2096-01-07,0.00851504038643708
2096-01-08,0.00865038581248994
2096-01-09,0.0885877594530252
2096-01-10,0.153897972477959
2096-01-11,0.121349364347358
2096-01-12,0.0573281939568055
2096-01-13,0.0335913611306052
2096-01-14,0.0288451262546338
2096-01-15,0.0440386829704141
2096-01-16,0.0465978236709829
2096-01-17,0.051308705962401
2096-01-18,0.0513956830418733
2096-01-19,0.054822481472921
2096-01-20,0.027736205737476
2096-01-21,0.0452541522796336
2096-01-22,0.0132604231523926
2096-01-23,0.0114668474251254
2096-01-24,0.00863582180131539
2096-01-25,0.00846615558678501
2096-01-26,0.00953082977943208
2096-01-27,0.0070981526010161
2096-01-28,0.00707781907022102
2096-01-29,0.00706379789369174
2096-01-30,0.00704729877240548
2096-01-31,0.0140585498719156
2096-02-01,0.00534672242474293
2096-02-02,0.0134986624684452
2096-02-03,0.00746138690336975
2096-02-04,0.0379651769933238
2096-02-05,0.0123253658273474
2096-02-06,0.0278207797850813
2096-02-07,0.0166880780958657
2096-02-08,0.011572578583962
2096-02-09,0.00777001795312156
2096-02-10,0.00564934770324812
2096-02-11,0.00520911887014427
2096-02-12,0.00536820882632422
2096-02-13,0.0209713833224844
2096-02-14,0.00564854177174212
2096-02-15,0.00490099347610539
2096-02-16,0.00488128408017339
2096-02-17,0.00485446395936864
2096-02-18,0.00481928569321307
2096-02-19,0.0047825992119898
2096-02-20,0.00474898225734244
2096-02-21,0.00471420684455499
2096-02-22,0.00468025433881914
2096-02-23,0.00464564449689418
2096-02-24,0.00893080747112578
2096-02-25,0.0663645128411663
2096-02-26,0.222144804039292
2096-02-27,0.105866305100061
2096-02-28,0.0114571237403595
2096-02-29,0.0419930857243948
2096-03-01,0.0507370846686352
2096-03-02,0.120123278977026
2096-03-03,0.112368095662727
2096-03-04,0.37623448252988
2096-03-05,0.0629903879956094
2096-03-06,0.00792332144765056
2096-03-07,0.0214489755621078
2096-03-08,0.0637920410534502
2096-03-09,0.0918412796434222
2096-03-10,0.10855136616696
2096-03-11,0.172191722119692
2096-03-12,0.198100260294298
2096-03-13,0.104812904392081
2096-03-14,0.0705406646428459
2096-03-15,0.031508955661407
2096-03-16,0.0279710916424436
2096-03-17,0.0296416030350703
2096-03-18,0.0320826403807316
2096-03-19,0.0344636455371731
2096-03-20,0.0394702074645404
2096-03-21,0.0363661983773223
2096-03-22,0.0329457674049326
2096-03-23,0.0323561365161381
2096-03-24,0.0316697257442845
2096-03-25,0.0282560000055507
2096-03-26,0.0251800329749502
2096-03-27,0.0223930988943223
2096-03-28,0.0197442520509547
2096-03-29,0.0174317382631118
2096-03-30,0.0152881814225243
2096-03-31,0.0134531890877776
2096-04-01,0.0116094645364141
2096-04-02,0.0156726563572894
2096-04-03,0.0120500778989315
2096-04-04,0.00949505628656802
2096-04-05,0.0426826087735753
2096-04-06,0.0897514574976446
2096-04-07,0.0419559164870393
2096-04-08,0.0312037181005764
2096-04-09,0.0570147574542624
2096-04-10,0.0757344042833201
2096-04-11,0.0795638722971841
2096-04-12,0.0335784198480504
2096-04-13,0.0360261801819708
2096-04-14,0.0241218430816565
2096-04-15,0.0236020203688687
2096-04-16,0.0227417727562951
2096-04-17,0.0209662777141868
2096-04-18,0.0190361605504619
2096-04-19,0.0171528163573408
2096-04-20,0.0153800608759179
2096-04-21,0.0137528419448242
2096-04-22,0.0124329397543188
2096-04-23,0.0194140308826073
2096-04-24,0.0227251866544378
2096-04-25,0.0140211526023462
2096-04-26,0.0106749566796486
2096-04-27,0.00998581729059775
2096-04-28,0.00936273487933048
2096-04-29,0.00881931843200209
2096-04-30,0.00835069124071303
2096-05-01,0.00775904229790246
2096-05-02,0.00711490211421519
2096-05-03,0.00684949643960896
2096-05-04,0.00979111293119297
2096-05-05,0.00850648714351263
2096-05-06,0.00750824775007157
2096-05-07,0.0126949848693957
2096-05-08,0.00936605899991307
2096-05-09,0.00620247355128369
2096-05-10,0.00617261101428407
2096-05-11,0.00584031596894552
2096-05-12,0.0129212441944665
2096-05-13,0.00673031626313521
2096-05-14,0.00549001521598576
2096-05-15,0.00532968294416986
2096-05-16,0.00519502265811234
2096-05-17,0.00649518381564059
2096-05-18,0.00536870237258494
2096-05-19,0.00500930956337702
2096-05-20,0.00534010621752225
2096-05-21,0.00486371981744275
2096-05-22,0.00479018872276519
2096-05-23,0.00470560265160062
2096-05-24,0.0046191669162342
2096-05-25,0.00454651262962665
2096-05-26,0.00445826485311367
2096-05-27,0.00438059645211625
2096-05-28,0.00436787971831685
2096-05-29,0.00423779758874824
2096-05-30,0.00416298067077253
2096-05-31,0.00407587800831516
2096-06-01,0.00580825132020681
2096-06-02,0.00566456295580227
2096-06-03,0.00553103304319669
2096-06-04,0.00540690208133712
2096-06-05,0.00529530860133891
2096-06-06,0.00518725279215468
2096-06-07,0.00509388461221628
2096-06-08,0.00500763847472224
2096-06-09,0.00491218862171982
2096-06-10,0.0047957867215627
2096-06-11,0.00466410001474726
2096-06-12,0.00452931759752595
2096-06-13,0.00603183529804646
2096-06-14,0.00428809649193654
2096-06-15,0.00416627922576494
2096-06-16,0.00404642248101043
2096-06-17,0.00393558067753882
2096-06-18,0.00384044902875814
2096-06-19,0.00375702145263404
2096-06-20,0.00367383289100753
2096-06-21,0.00358917419562469
2096-06-22,0.00350730504580202
2096-06-23,0.00342976631350436
2096-06-24,0.0033575142803384
2096-06-25,0.0032914054559395
2096-06-26,0.0032315403033534
2096-06-27,0.00317727195552806
2096-06-28,0.00312848115246525
2096-06-29,0.00308505589306195
2096-06-30,0.00304611777918905
2096-07-01,0.00791668450896538
2096-07-02,0.0078387716326086
2096-07-03,0.00777471533941463
2096-07-04,0.00772434694775525
2096-07-05,0.00768255277929126
2096-07-06,0.00764603076852016
2096-07-07,0.00761451677223364
2096-07-08,0.00758777459385674
2096-07-09,0.00756533450461153
2096-07-10,0.00754747267919778
2096-07-11,0.0075342304153809
2096-07-12,0.00752327474724857
2096-07-13,0.00751336479254299
2096-07-14,0.00750495549576457
2096-07-15,0.00749843319562786
2096-07-16,0.00749359199113983
2096-07-17,0.00748981650556925
2096-07-18,0.00748663545811166
2096-07-19,0.00748410045574039
2096-07-20,0.00748172455042702
2096-07-21,0.00747933716979499
2096-07-22,0.00747692927469362
2096-07-23,0.00747469713793579
2096-07-24,0.00747271453872929
2096-07-25,0.00747079576915322
2096-07-26,0.00746887766746233
2096-07-27,0.007466958818433
2096-07-28,0.00746503949806074
2096-07-29,0.00746312097580529
2096-07-30,0.00746122864325099
2096-07-31,0.00745936833453606
2096-08-01,0.00797041489110405
2096-08-02,0.00796843300260596
2096-08-03,0.00796645167980061
2096-08-04,0.00796447064814182
2096-08-05,0.00796249037116569
2096-08-06,0.00796051047025388
2096-08-07,0.00795853117398205
2096-08-08,0.0079565521912036
2096-08-09,0.00795457378114114
2096-08-10,0.0219214025770203
2096-08-11,0.00795061852209828
2096-08-12,0.00794864169801856
2096-08-13,0.00795252052852657
2096-08-14,0.00794468915889783
2096-08-15,0.00794271376692735
2096-08-16,0.00794073860225556
2096-08-17,0.00793876415204216
2096-08-18,0.0079367902707139
2096-08-19,0.00793481684462142
2096-08-20,0.00798003299864901
2096-08-21,0.00793087129557284
2096-08-22,0.00792889931308225
2096-08-23,0.00792692782732857
2096-08-24,0.00792495653758806
2096-08-25,0.00792298611937192
2096-08-26,0.00792101609254363
2096-08-27,0.00791904644050273
2096-08-28,0.00791707759677671
2096-08-29,0.00791510893693274
2096-08-30,0.00791314087087461
2096-08-31,0.00791117323834395
2096-09-01,0.00292668599236764
2096-09-02,0.00292595828997306
2096-09-03,0.0029252308091903
2096-09-04,0.00292450334305565
2096-09-05,0.00292377619776204
2096-09-06,0.00292304922966339
2096-09-07,0.00292232238394738
2096-09-08,0.00292159578276043
2096-09-09,0.00292086933774131
2096-09-10,0.00292014303613199
2096-09-11,0.00291941692589322
2096-09-12,0.00291869106656253
2096-09-13,0.00291796529606558
2096-09-14,0.00291723976348241
2096-09-15,0.0029165143372162
2096-09-16,0.00291578919162684
2096-09-17,0.0029357860751403
2096-09-18,0.00639672814435434
2096-09-19,0.00291361466138818
2096-09-20,0.00291289020402405
2096-09-21,0.00291216592999765
2096-09-22,0.00291144177481001
2096-09-23,0.0029107178920301
2096-09-24,0.00290999420487342
2096-09-25,0.00290927053000226
2096-09-26,0.00290854720574088
2096-09-27,0.00290782399630182
2096-09-28,0.00290710090144886
2096-09-29,0.00290637805632267
2096-09-30,0.00290565548218663
2096-10-01,0.00397199990275605
2096-10-02,0.00397101225648693
2096-10-03,0.00397002481309019
2096-10-04,0.00396903770016863
2096-10-05,0.00396805084536015
2096-10-06,0.00396706405548374
2096-10-07,0.00396607773563804
2096-10-08,0.00396509154113384
2096-10-09,0.00396410560700405
2096-10-10,0.00396311998655108
2096-10-11,0.00396213451728327
2096-10-12,0.00396114938592068
2096-10-13,0.00396016441446543
2096-10-14,0.00395917966623439
2096-10-15,0.0164142703886106
2096-10-16,0.0044050063468393
2096-10-17,0.00581499442434488
2096-10-18,0.00395524330838954
2096-10-19,0.00485913872895156
2096-10-20,0.00395327669801286
2096-10-21,0.0039522937132853
2096-10-22,0.00395131099087041
2096-10-23,0.0039503285172003
2096-10-24,0.00394934631133462
2096-10-25,0.00394836417363145
2096-10-26,0.0068204802217477
2096-10-27,0.00394640103308276
2096-10-28,0.00394541968684022
2096-10-29,0.00394443871080744
2096-10-30,0.00394345789791245
2096-10-31,0.00394247747977864
2096-11-01,0.00499329857599261
2096-11-02,0.00499205703917732
2096-11-03,0.00499081560058221
2096-11-04,0.0049895747255255
2096-11-05,0.00498833414226461
2096-11-06,0.00498709363144109
2096-11-07,0.00498585372589953
2096-11-08,0.00498461392389844
2096-11-09,0.00498337459949303
2096-11-10,0.00498213542814742
2096-11-11,0.00498089658624872
2096-11-12,0.0049796581904334
2096-11-13,0.00497841996732193
2096-11-14,0.00497718205278557
2096-11-15,0.00497706080732214
2096-11-16,0.00577493083399585
2096-11-17,0.00976423685994907
2096-11-18,0.00497223361421623
2096-11-19,0.00497099733299983
2096-11-20,0.00505136033277291
2096-11-21,0.155149931194484
2096-11-22,0.549861852903933
2096-11-23,0.116773505281907
2096-11-24,0.0449716482676327
2096-11-25,0.046092368129237
2096-11-26,0.0655207384032768
2096-11-27,0.0309135846890119
2096-11-28,0.0171482306205217
2096-11-29,0.00977611166139396
2096-11-30,0.00602561881474299
2096-12-01,0.00474028125546248
2096-12-02,0.00477361956386695
2096-12-03,0.00480448982630113
2096-12-04,0.00483112324367715
2096-12-05,0.00485283147030358
2096-12-06,0.00486944084305398
2096-12-07,0.00530055383920027
2096-12-08,0.00488539955092733
2096-12-09,0.00488764841011021
2096-12-10,0.0166821097878179
2096-12-11,0.316965156236926
2096-12-12,0.286849131579321
2096-12-13,0.184242968190552
2096-12-14,0.0530551211730221
2096-12-15,0.105484265056745
2096-12-16,0.186892977094066
2096-12-17,0.107458341030007
2096-12-18,0.0349604286069657
2096-12-19,0.014508747039875
2096-12-20,0.00923823152550567
2096-12-21,0.61017002487145
2096-12-22,2.79281267080143
2096-12-23,0.0436836356810516
2096-12-24,0.00922415843815566
2096-12-25,0.00938070612241462
2096-12-26,0.00947824074998657
2096-12-27,0.00954851134800874
2096-12-28,0.0111190080815656
2096-12-29,0.028596215706234
2096-12-30,0.0698568848503731
2096-12-31,0.0176610888042504
2097-01-01,0.059743012236877
2097-01-02,0.144394589162434
2097-01-03,0.249098214785615
2097-01-04,0.243189575287688
2097-01-05,0.01758076197208
2097-01-06,0.013248822644504
2097-01-07,0.0137258038584726
2097-01-08,0.0149215730513551
2097-01-09,0.0187365840678469
2097-01-10,0.0211837449187645
2097-01-11,0.0225039489799676
2097-01-12,0.0840149173467322
2097-01-13,0.0926497614891424
2097-01-14,0.0478716227076438
2097-01-15,0.037986961787894
2097-01-16,0.0384463872380074
2097-01-17,0.0623547803929747
2097-01-18,0.0409529193346181
2097-01-19,0.0538615381265525
2097-01-20,0.0260010743950179
2097-01-21,0.0271102005749284
2097-01-22,0.0377383055722749
2097-01-23,0.111432601141311
2097-01-24,0.186027218093459
2097-01-25,0.1283421086674
2097-01-26,0.125951212337841
2097-01-27,0.0907443750579575
2097-01-28,0.111044984418174
2097-01-29,0.188150662755075
2097-01-30,0.772658983365228
2097-01-31,0.777504155115119
2097-02-01,0.33999108751914
2097-02-02,0.285470266025242
2097-02-03,0.292033723645954
2097-02-04,0.283370257656982
2097-02-05,0.273255873280047
2097-02-06,0.268302616986951
2097-02-07,0.265075631651955
2097-02-08,0.291027473874851
2097-02-09,0.319370553530282
2097-02-10,0.361296793753803
2097-02-11,0.458808097889976
2097-02-12,0.469100602422807
2097-02-13,0.388626293268593
2097-02-14,0.417879092252484
2097-02-15,0.471859917227032
2097-02-16,0.492097449302886
2097-02-17,0.474661036374798
2097-02-18,0.707907854676588
2097-02-19,0.528967657397371
2097-02-20,0.542879700136984
2097-02-21,0.533992249030164
2097-02-22,0.507155808006235
2097-02-23,0.467333188364476
2097-02-24,0.440098497983476
2097-02-25,0.417838736542574
2097-02-26,0.389676921233105
2097-02-27,0.364273088069249
2097-02-28,0.348401184953162
2097-03-01,0.286219684789392
2097-03-02,0.269601505502368
2097-03-03,0.245899734103544
2097-03-04,0.230689446312782
2097-03-05,0.218326265708827
2097-03-06,0.199194108555714
2097-03-07,0.192403372219698
2097-03-08,0.172974609597567
2097-03-09,0.160862139433159
2097-03-10,0.159611268272767
2097-03-11,0.146604412912212
2097-03-12,0.133928050236442
2097-03-13,0.127497972799621
2097-03-14,0.118790290639986
2097-03-15,0.107993893466437
2097-03-16,0.101133771329451
2097-03-17,0.0950954153812724
2097-03-18,0.0891900001646052
2097-03-19,0.082970000575474
2097-03-20,0.0932740206762851
2097-03-21,0.373132130908674
2097-03-22,0.140369276867737
2097-03-23,0.154739908275295
2097-03-24,0.225575057952691
2097-03-25,0.27847327209783
2097-03-26,0.24426133802131
2097-03-27,0.227497745843935
2097-03-28,0.213691011348721
2097-03-29,0.199687556043643
2097-03-30,0.182345545902795
2097-03-31,0.16570096193258
2097-04-01,0.226741281631565
2097-04-02,0.190595601235807
2097-04-03,0.148230349423877
2097-04-04,0.222372112952882
2097-04-05,0.31721921270096
2097-04-06,0.270557585326971
2097-04-07,0.23913404712675
2097-04-08,0.236965055567321
2097-04-09,0.220705582558674
2097-04-10,0.208842862283452
2097-04-11,0.195475748625457
2097-04-12,0.179369306888186
2097-04-13,0.164315239572996
2097-04-14,0.303630095274337
2097-04-15,0.166379426057119
2097-04-16,0.165902886898731
2097-04-17,0.16212631185771
2097-04-18,0.154561536315149
2097-04-19,0.154533184719595
2097-04-20,0.143025310543529
2097-04-21,0.129895280104657
2097-04-22,0.118041533524998
2097-04-23,0.106936812858173
2097-04-24,0.0957277203629161
2097-04-25,0.0827646854747944
2097-04-26,0.0689345753166601
2097-04-27,0.0556797071014199
2097-04-28,0.0439892662334416
2097-04-29,0.0343040738198359
2097-04-30,0.026771999447075
2097-05-01,0.0195293728002923
2097-05-02,0.0153443454679668
2097-05-03,0.0122563807410688
2097-05-04,0.0102230824188661
2097-05-05,0.00961863371657081
2097-05-06,0.00838274473643067
2097-05-07,0.00813343420170823
2097-05-08,0.00730318939855436
2097-05-09,0.00696988286916065
2097-05-10,0.0066567605906199
2097-05-11,0.00642882075931869
2097-05-12,0.0062632828046539
2097-05-13,0.00638594017919272
2097-05-14,0.00711155220420622
2097-05-15,0.00722099029351411
2097-05-16,0.00598290554223174
2097-05-17,0.00588654599869765
2097-05-18,0.00581293388568106
2097-05-19,0.00574530431130092
2097-05-20,0.0056752162379628
2097-05-21,0.00560373796058523
2097-05-22,0.00552649011553493
2097-05-23,0.00544297008503293
2097-05-24,0.00535950045990591
2097-05-25,0.00527587248614702
2097-05-26,0.00518777604568275
2097-05-27,0.0050974691728465
2097-05-28,0.00500779266124427
2097-05-29,0.00491796509673811
2097-05-30,0.00482682558018537
2097-05-31,0.00473983857473293
2097-06-01,0.00678974915792996
2097-06-02,0.0123095522144093
2097-06-03,0.00655274265501328
2097-06-04,0.00643478525511076
2097-06-05,0.00631671944901045
2097-06-06,0.00620729107914722
2097-06-07,0.00610134891198134
2097-06-08,0.00599450254354332
2097-06-09,0.00589217553797687
2097-06-10,0.0057806001404497
2097-06-11,0.00564481519803707
2097-06-12,0.00549843072061157
2097-06-13,0.00535449001017646
2097-06-14,0.00521983899618373
2097-06-15,0.00509805238294797
2097-06-16,0.00498142284363787
2097-06-17,0.00486829195363738
2097-06-18,0.00475324097155257
2097-06-19,0.00462694269248301
2097-06-20,0.00449644415877355
2097-06-21,0.00436685052036497
2097-06-22,0.00424653708879433
2097-06-23,0.00413369381530116
2097-06-24,0.00401896848858879
2097-06-25,0.0039085557523621
2097-06-26,0.00380570163674275
2097-06-27,0.00371224639460359
2097-06-28,0.00362500026032811
2097-06-29,0.00354423446189176
2097-06-30,0.00346970223685465
2097-07-01,0.0089349011606058
2097-07-02,0.00876215829231187
2097-07-03,0.0085938457518816
2097-07-04,0.00844040168186734
2097-07-05,0.022865561050767
2097-07-06,0.00819644671801602
2097-07-07,0.00809196380321759
2097-07-08,0.00799707094703688
2097-07-09,0.00791230869498863
2097-07-10,0.00783705905137144
2097-07-11,0.00777360744277208
2097-07-12,0.00772091124368725
2097-07-13,0.00767700939510336
2097-07-14,0.00795462144283344
2097-07-15,0.00761393760348108
2097-07-16,0.0111177186351881
2097-07-17,0.00757467302321719
2097-07-18,0.00755816908183413
2097-07-19,0.00754363324093385
2097-07-20,0.00753065987736435
2097-07-21,0.0198003739850173
2097-07-22,0.00751197793436321
2097-07-23,0.00750592136883601
2097-07-24,0.00959752376323897
2097-07-25,0.00749820097171516
2097-07-26,0.00749545231120521
2097-07-27,0.00749267098167162
2097-07-28,0.00748995339932824
2097-07-29,0.00748725182591759
2097-07-30,0.00748471836302764
2097-07-31,0.00748244709704024
2097-08-01,0.00799486075309843
2097-08-02,0.00800883083118285
2097-08-03,0.00799072790676429
2097-08-04,0.00798866768514736
2097-08-05,0.00798660804518516
2097-08-06,0.00815012188090181
2097-08-07,0.00798252282558137
2097-08-08,0.00809469812537075
2097-08-09,0.00797854462661313
2097-08-10,0.00797656083225411
2097-08-11,0.00797457739927443
2097-08-12,0.00797259458561972
2097-08-13,0.027102250524583
2097-08-14,0.00796863015226676
2097-08-15,0.00796664898652732
2097-08-16,0.00796466810171881
2097-08-17,0.00796268747932531
2097-08-18,0.00796070772207138
2097-08-19,0.00795872815699972
2097-08-20,0.00795674911739658
2097-08-21,0.00795477080055212
2097-08-22,0.0079527929338356
2097-08-23,0.00795081545850694
2097-08-24,0.0113856198454834
2097-08-25,0.00794686195847476
2097-08-26,0.00794488590503966
2097-08-27,0.00794291039048115
2097-08-28,0.00794093555845709
2097-08-29,0.00793896094223905
2097-08-30,0.00793698688979831
2097-08-31,0.00793501345476713
2097-09-01,0.00293550553581809
2097-09-02,0.00293477563998609
2097-09-03,0.00293404588756387
2097-09-04,0.00293331635628097
2097-09-05,0.00293258698281973
2097-09-06,0.00293185782222869
2097-09-07,0.00293112881284403
2097-09-08,0.0127355898384215
2097-09-09,0.00292967139252118
2097-09-10,0.00512107328929234
2097-09-11,0.00292821461411661
2097-09-12,0.00471337174033267
2097-09-13,0.00292675858796374
2097-09-14,0.002926030858163
2097-09-15,0.00292530331406257
2097-09-16,0.00292457590226773
2097-09-17,0.00292384876429816
2097-09-18,0.00292312174256849
2097-09-19,0.00292239496064268
2097-09-20,0.00544331325745538
2097-09-21,0.00292094177905967
2097-09-22,0.00292021542901706
2097-09-23,0.00291948942840291
2097-09-24,0.00291876346960678
2097-09-25,0.00291803770525259
2097-09-26,0.0029173120800555
2097-09-27,0.00453110364318903
2097-09-28,0.00294330383474891
2097-09-29,0.0674595250064998
2097-09-30,0.0277895511315656
2097-10-01,0.00430523858655176
2097-10-02,0.00398300031351152
2097-10-03,0.0039820266735111
2097-10-04,0.00398105327224106
2097-10-05,0.00398007855133158
2097-10-06,0.00397910247557071
2097-10-07,0.0039781249228474
2097-10-08,0.00397714586699501
2097-10-09,0.00397616562362862
2097-10-10,0.00397518439303626
2097-10-11,0.00397420230411291
2097-10-12,0.00397321952678034
2097-10-13,0.00397223653591494
2097-10-14,0.003971253090525
2097-10-15,0.00397026955694373
2097-10-16,0.00396928580272262
2097-10-17,0.0039683018000798
2097-10-18,0.00396731769212425
2097-10-19,0.00396633353312757
2097-10-20,0.00396534922488402
2097-10-21,0.00396436494506846
2097-10-22,0.00396338075409031
2097-10-23,0.00396239662739814
2097-10-24,0.00396141262055572
2097-10-25,0.00396042873227088
2097-10-26,0.00395944512600445
2097-10-27,0.00395846161406722
2097-10-28,0.00395747814638716
2097-10-29,0.00395649504084073
2097-10-30,0.00395551198665846
2097-10-31,0.00395452915537736
2097-11-01,0.00500856343721458
2097-11-02,0.00500731868000466
2097-11-03,0.00500607430912754
2097-11-04,0.00500483019239514
2097-11-05,0.00500358635231631
2097-11-06,0.00500234264483473
2097-11-07,0.00500109928808109
2097-11-08,0.0304325637218076
2097-11-09,0.250670098706544
2097-11-10,0.0069918452118145
2097-11-11,0.00499702307143896
2097-11-12,0.00499672061503721
2097-11-13,0.0226477030696283
2097-11-14,0.0648797512233415
2097-11-15,0.0167789708573185
2097-11-16,0.0377239216389136
2097-11-17,0.0157152084321555
2097-11-18,0.00621353823041291
2097-11-19,0.005039596197658
2097-11-20,0.00502341998276483
2097-11-21,0.00503101659247095
2097-11-22,0.00503848579257795
2097-11-23,0.00504579999016847
2097-11-24,0.212919064305021
2097-11-25,0.264087519012601
2097-11-26,0.0653047722774057
2097-11-27,0.0139134723425902
2097-11-28,0.0425946172362619
2097-11-29,0.848652514853711
2097-11-30,2.0037203893039
2097-12-01,0.846701879372732
2097-12-02,0.103875025218673
2097-12-03,0.174639774677127
2097-12-04,0.11019630564571
2097-12-05,0.220741312808729
2097-12-06,0.152764363874807
2097-12-07,0.0163021912051565
2097-12-08,0.0145214579918885
2097-12-09,0.0152239679969861
2097-12-10,0.0163705467791671
2097-12-11,0.0424084389720868
2097-12-12,0.0672093512770601
2097-12-13,0.121841220649805
2097-12-14,0.104077603399711
2097-12-15,0.0678519029069876
2097-12-16,0.0944572542511631
2097-12-17,0.025104475562994
2097-12-18,0.0482606371974319
2097-12-19,0.0672660059066513
2097-12-20,0.0402415001408133
2097-12-21,0.0201100405130273
2097-12-22,0.0289054700693499
2097-12-23,0.169928560340288
2097-12-24,1.08860294876689
2097-12-25,0.812549865878416
2097-12-26,0.318249367871481
2097-12-27,0.206765174869038
2097-12-28,0.241172856674663
2097-12-29,0.232989888845155
2097-12-30,0.233598089548939
2097-12-31,0.226880034732279
2098-01-01,0.188774243063721
2098-01-02,0.178828016336083
2098-01-03,0.171289194992854
2098-01-04,0.170038864101692
2098-01-05,0.194836439353377
2098-01-06,0.216619836201952
2098-01-07,0.173320506740835
2098-01-08,0.159263002934811
2098-01-09,0.161986542912274
2098-01-10,0.158587450350801
2098-01-11,0.157490803993553
2098-01-12,0.215561488206137
2098-01-13,0.199309820020521
2098-01-14,0.17921024012531
2098-01-15,0.263569370533088
2098-01-16,0.382294595710091
2098-01-17,0.407742722816228
2098-01-18,0.40823438713789
2098-01-19,0.36565671807138
2098-01-20,0.284957272250976
2098-01-21,0.283045865811391
2098-01-22,0.318805103912766
2098-01-23,0.271037405878654
2098-01-24,0.26666184585154
2098-01-25,0.290274860898899
2098-01-26,0.285855614316457
2098-01-27,0.26367671098711
2098-01-28,0.25035144690389
2098-01-29,0.458103293198437
2098-01-30,0.402675633434506
2098-01-31,0.335559453319424
2098-02-01,0.234661724615206
2098-02-02,0.228659874969206
2098-02-03,0.225262035255208
2098-02-04,0.217917672568046
2098-02-05,0.213925392351925
2098-02-06,0.206943755906096
2098-02-07,0.221542701494985
2098-02-08,0.226307319047926
2098-02-09,0.193508739582198
2098-02-10,0.209859320057506
2098-02-11,0.252801889242425
2098-02-12,0.347396583580239
2098-02-13,0.444561255772707
2098-02-14,0.562566391305401
2098-02-15,0.700281517067656
2098-02-16,0.759297214689199
2098-02-17,0.739781180003149
2098-02-18,0.854994853329692
2098-02-19,1.01784957634749
2098-02-20,0.991941883108612
2098-02-21,0.754738617064869
2098-02-22,0.647718489842948
2098-02-23,0.551489769830116
2098-02-24,0.54489727032474
2098-02-25,0.533758818923974
2098-02-26,0.534239353808751
2098-02-27,0.530779838035829
2098-02-28,0.533336944567841
2098-03-01,0.482934983662301
2098-03-02,0.503326926113075
2098-03-03,0.511699008171924
2098-03-04,0.653776115843824
2098-03-05,0.548120798840837
2098-03-06,0.517152016614817
2098-03-07,0.482896810246916
2098-03-08,0.504976851261405
2098-03-09,0.695290046196245
2098-03-10,0.579725704364195
2098-03-11,0.677536042921783
2098-03-12,0.588202768276112
2098-03-13,0.597975761369259
2098-03-14,0.59454858487946
2098-03-15,0.574472743731429
2098-03-16,0.584297036741798
2098-03-17,0.58849237201726
2098-03-18,0.561840238435207
2098-03-19,0.488832550096861
2098-03-20,0.489057669566418
2098-03-21,0.44636319078705
2098-03-22,0.454543389731849
2098-03-23,0.47133960072069
2098-03-24,0.474011287654531
2098-03-25,0.471058540491115
2098-03-26,0.52280087486989
2098-03-27,0.580278232796712
2098-03-28,0.653517512278674
2098-03-29,0.519546290532273
2098-03-30,0.59239810198531
2098-03-31,0.507942881167093
2098-04-01,0.494250632414205
2098-04-02,0.477075367797212
2098-04-03,0.450132173779411
2098-04-04,0.440364631503214
2098-04-05,0.414000970359678
2098-04-06,0.455324573833869
2098-04-07,0.375313070246287
2098-04-08,0.365871887313622
2098-04-09,0.442764216265765
2098-04-10,0.549654690353382
2098-04-11,0.724486108931629
2098-04-12,0.686530224472999
2098-04-13,0.825369358250413
2098-04-14,0.692495047471483
2098-04-15,0.715319791506285
2098-04-16,0.886164628496645
2098-04-17,0.950276071627802
2098-04-18,0.805165535842716
2098-04-19,0.823432098338176
2098-04-20,0.803332452689763
2098-04-21,0.715629904915102
2098-04-22,0.670510487129462
2098-04-23,0.645594944517838
2098-04-24,0.621956591753483
2098-04-25,0.594477578196553
2098-04-26,0.551282925129971
2098-04-27,0.504903313657304
2098-04-28,0.45890743361818
2098-04-29,0.408238945337049
2098-04-30,0.374075229637778
2098-05-01,0.315211239473675
2098-05-02,0.286387281353872
2098-05-03,0.262719645247393
2098-05-04,0.242419277624704
2098-05-05,0.249347452837657
2098-05-06,0.248470565394923
2098-05-07,0.208147315547642
2098-05-08,0.156516575027998
2098-05-09,0.15695661283757
2098-05-10,0.168822045545681
2098-05-11,0.1336592247499
2098-05-12,0.118252974354574
2098-05-13,0.112134951071497
2098-05-14,0.103437504911761
2098-05-15,0.145859075469843
2098-05-16,0.142631030456813
2098-05-17,0.0780412510312696
2098-05-18,0.0811609313197275
2098-05-19,0.0768492247423899
2098-05-20,0.069510727458297
2098-05-21,0.0627349396320505
2098-05-22,0.062647871256898
2098-05-23,0.0557317821607773
2098-05-24,0.0442128599313735
2098-05-25,0.042451430627455
2098-05-26,0.0424502615853306
2098-05-27,0.0285217256518387
2098-05-28,0.0214557849082424
2098-05-29,0.0197075461414837
2098-05-30,0.01820238470951
2098-05-31,0.0168244741429245
2098-06-01,0.0219447304204031
2098-06-02,0.0193216083216238
2098-06-03,0.0170933209025772
2098-06-04,0.0152278133484493
2098-06-05,0.0136989294823751
2098-06-06,0.0124873553609092
2098-06-07,0.011553048610237
2098-06-08,0.0107740715311125
2098-06-09,0.0100762913081727
2098-06-10,0.0094826360001928
2098-06-11,0.00895354415573077
2098-06-12,0.00845972196263528
2098-06-13,0.00844684857313809
2098-06-14,0.00777477175398745
2098-06-15,0.00753395421429105
2098-06-16,0.00723123928542499
2098-06-17,0.00697492552482749
2098-06-18,0.00677403506836423
2098-06-19,0.00659431016265677
2098-06-20,0.00644424599259449
2098-06-21,0.00631923634899487
2098-06-22,0.00620899560372442
2098-06-23,0.00610511457328045
2098-06-24,0.00600663286415192
2098-06-25,0.00591503668047372
2098-06-26,0.00580915609915446
2098-06-27,0.00568938787056136
2098-06-28,0.00556191875592359
2098-06-29,0.00543483048035114
2098-06-30,0.00531492269062392
2098-07-01,0.0136737976947227
2098-07-02,0.0133807709199866
2098-07-03,0.0130560309250304
2098-07-04,0.0126947668780119
2098-07-05,0.0123190054825019
2098-07-06,0.0119409451605223
2098-07-07,0.0115728125346203
2098-07-08,0.011212723233098
2098-07-09,0.0108683374436466
2098-07-10,0.0105466178942577
2098-07-11,0.0102668362908492
2098-07-12,0.0100286593611107
2098-07-13,0.00978761917538761
2098-07-14,0.00953184383701404
2098-07-15,0.00994411429839009
2098-07-16,0.00908854149506947
2098-07-17,0.00928575756018297
2098-07-18,0.00872335448531024
2098-07-19,0.00855760836652902
2098-07-20,0.00840656442073035
2098-07-21,0.00827297170330089
2098-07-22,0.00815482686459453
2098-07-23,0.00804979354431293
2098-07-24,0.00795856804799233
2098-07-25,0.00788094078872613
2098-07-26,0.00781571718697909
2098-07-27,0.00776118185974171
2098-07-28,0.00771517090506124
2098-07-29,0.00767578843768826
2098-07-30,0.00764216806598775
2098-07-31,0.00761522326331748
2098-08-01,0.00811609076878798
2098-08-02,0.00809622587881436
2098-08-03,0.0080789577514909
2098-08-04,0.00806502696542705
2098-08-05,0.00805402028783396
2098-08-06,0.00804489799783088
2098-08-07,0.0106554412815694
2098-08-08,0.00803074336536824
2098-08-09,0.0105340427750042
2098-08-10,0.0437929048184398
2098-08-11,0.0080138660250913
2098-08-12,0.00961351523098606
2098-08-13,0.0254458894022906
2098-08-14,0.00800286704947486
2098-08-15,0.00799964181178505
2098-08-16,0.00799673469963522
2098-08-17,0.00799404495651095
2098-08-18,0.00799146697090069
2098-08-19,0.0079889957913969
2098-08-20,0.0079866221064164
2098-08-21,0.00798429783973935
2098-08-22,0.01287407741845
2098-08-23,0.00797971572164813
2098-08-24,0.00797889950494125
2098-08-25,0.0079753250164805
2098-08-26,0.00922349980656913
2098-08-27,0.0079712455144595
2098-08-28,0.0079702628123407
2098-08-29,0.0132448677181637
2098-08-30,0.00796528577113354
2098-08-31,0.00796330521705733
2098-09-01,0.00294597193424017
2098-09-02,0.00301156959366406
2098-09-03,0.00294450706676731
2098-09-04,0.00294377494985546
2098-09-05,0.00294304295319994
2098-09-06,0.00294231113988215
2098-09-07,0.00294157958267014
2098-09-08,0.00294084816485151
2098-09-09,0.00294011691714005
2098-09-10,0.00293938583906322
2098-09-11,0.00293865500268035
2098-09-12,0.00293792431088855
2098-09-13,0.00293719380739594
2098-09-14,0.00293646344991198
2098-09-15,0.00293573325851877
2098-09-16,0.00293500334874743
2098-09-17,0.00293427352426592
2098-09-18,0.0197799267233773
2098-09-19,0.031176932434805
2098-09-20,0.00293208529732894
2098-09-21,0.00293135636307494
2098-09-22,0.00293062767027862
2098-09-23,0.00292989919177007
2098-09-24,0.00292917086730302
2098-09-25,0.00292844277200813
2098-09-26,0.0029277149181709
2098-09-27,0.00292698712930516
2098-09-28,0.00292625955519972
2098-09-29,0.00292553210253191
2098-09-30,0.0029248048639156
2098-10-01,0.00399817711984359
2098-10-02,0.00399718317031747
2098-10-03,0.00399618940686534
2098-10-04,0.0039951959839028
2098-10-05,0.00399420272827765
2098-10-06,0.00399320969103104
2098-10-07,0.00399221685019588
2098-10-08,0.00399122428201083
2098-10-09,0.00737706385274528
2098-10-10,0.00398923987798407
2098-10-11,0.00398824810287485
2098-10-12,0.00398725644632323
2098-10-13,0.00398626512735377
2098-10-14,0.00398527399478137
2098-10-15,0.00398428316780969
2098-10-16,0.00398329249977622
2098-10-17,0.0604796377903257
2098-10-18,0.197024869747801
2098-10-19,0.00398082637178655
2098-10-20,0.00398127052365991
2098-10-21,0.0224997364689806
2098-10-22,0.00398300947701033
2098-10-23,0.0039842014409395
2098-10-24,0.00398544404962642
2098-10-25,0.00398659847700099
2098-10-26,0.0138046663968667
2098-10-27,0.00661878426467332
2098-10-28,0.00400375131144509
2098-10-29,0.00399071788999698
2098-10-30,0.00399179903037902
2098-10-31,0.00399282253272184
2098-11-01,0.00505945883744094
2098-11-02,0.00506042971459612
2098-11-03,0.0090737094184888
2098-11-04,0.00853244291581285
2098-11-05,0.00506301878173093
2098-11-06,0.00506379810904459
2098-11-07,0.00506447592251336
2098-11-08,0.00506495574494209
2098-11-09,0.0050652144622543
2098-11-10,0.00506528864796711
2098-11-11,0.00506522642506473
2098-11-12,0.00517909436670146
2098-11-13,0.00506493926072873
2098-11-14,0.00506467381737947
2098-11-15,0.00506428412957683
2098-11-16,0.00506381386642851
2098-11-17,0.00506329031145825
2098-11-18,0.00506272659588751
2098-11-19,0.00506213438786612
2098-11-20,0.0050614949064652
2098-11-21,0.0253523094723622
2098-11-22,0.00506022442334015
2098-11-23,0.00505955271466569
2098-11-24,0.00505887932806292
2098-11-25,0.00505818656752684
2098-11-26,0.00505745605892378
2098-11-27,0.00505668726572598
2098-11-28,0.00505588327736777
2098-11-29,0.00505505414914158
2098-11-30,0.0050542084834994
2098-12-01,0.0207329445386981
2098-12-02,0.00410870713366575
2098-12-03,0.077858700111847
2098-12-04,0.239628450042079
2098-12-05,0.00532742100757698
2098-12-06,0.00448971014798875
2098-12-07,0.00413491101961667
2098-12-08,0.00416760837033283
2098-12-09,0.00419432262770048
2098-12-10,0.00421650443708252
2098-12-11,0.00423571327281284
2098-12-12,0.00425303414771022
2098-12-13,0.0280246066332792
2098-12-14,0.387689885814108
2098-12-15,0.64710587708585
2098-12-16,0.174176438694756
2098-12-17,0.0199082454928873
2098-12-18,0.0427336219895018
2098-12-19,0.0643797303237965
2098-12-20,0.00894584859428301
2098-12-21,0.0587150834663137
2098-12-22,0.205683976905196
2098-12-23,0.0367069514773131
2098-12-24,0.018215412081145
2098-12-25,0.0086642837103206
2098-12-26,0.0118437814272841
2098-12-27,0.0135602724815007
2098-12-28,0.0290716028536294
2098-12-29,0.0483241994619098
2098-12-30,0.0378530916115111
2098-12-31,0.0542158200748056
2099-01-01,0.0684325874805438
2099-01-02,0.076923431723698
2099-01-03,0.0592923251402297
2099-01-04,0.0406142134381574
2099-01-05,0.0221552798532798
2099-01-06,0.0174954033181393
2099-01-07,0.0269323807076109
2099-01-08,0.0350431596071202
2099-01-09,0.00964413246466834
2099-01-10,0.00751957882402765
2099-01-11,0.0167320002682587
2099-01-12,0.0248220465020754
2099-01-13,0.0138498526817421
2099-01-14,0.0149119931885963
2099-01-15,0.00874983092162685
2099-01-16,0.00714016354808681
2099-01-17,0.00733979770045947
2099-01-18,0.00737108399111632
2099-01-19,0.00839021099125618
2099-01-20,0.00899038879488936
2099-01-21,0.00849166636960952
2099-01-22,0.00777695714251087
2099-01-23,0.00768118207798829
2099-01-24,0.00830495384444033
2099-01-25,0.0239313044951919
2099-01-26,0.016358003701597
2099-01-27,0.00794960200589495
2099-01-28,0.00711978884022664
2099-01-29,0.00748064564391409
2099-01-30,0.00758311537882246
2099-01-31,0.00784243649176731
2099-02-01,0.00544503750280891
2099-02-02,0.00522362508695395
2099-02-03,0.00468837053110286
2099-02-04,0.00467901797624032
2099-02-05,0.00551872923495291
2099-02-06,0.00466054104506872
2099-02-07,0.00464645496758761
2099-02-08,0.00462709650048643
2099-02-09,0.00460718493380483
2099-02-10,0.00459299875586693
2099-02-11,0.00458103667668164
2099-02-12,0.00456306164097918
2099-02-13,0.0045388661075618
2099-02-14,0.00451289009696426
2099-02-15,0.121342226157037
2099-02-16,0.489074362205195
2099-02-17,0.208145551967764
2099-02-18,0.133612238019514
2099-02-19,0.0231444594712165
2099-02-20,0.00861813965879297
2099-02-21,0.0059718311783953
2099-02-22,0.0167313111344062
2099-02-23,0.00794945910207857
2099-02-24,0.228201841046136
2099-02-25,0.154110778991366
2099-02-26,0.0291018652890884
2099-02-27,0.00760897192881614
2099-02-28,0.0116087354261468
2099-03-01,0.06342425871547
2099-03-02,0.0332875951237251
2099-03-03,0.0493536012804539
2099-03-04,0.0139200162608605
2099-03-05,0.00992361118006164
2099-03-06,0.235083961163709
2099-03-07,0.482801113471169
2099-03-08,0.0970681940635971
2099-03-09,0.0555817472144423
2099-03-10,0.101907513162736
2099-03-11,0.146723015662896
2099-03-12,0.116357573664859
2099-03-13,0.0875694370784544
2099-03-14,0.0843941288377988
2099-03-15,0.0821630236992551
2099-03-16,0.0779115883645751
2099-03-17,0.0729077872465097
2099-03-18,0.0683609932558244
2099-03-19,0.064444664421004
2099-03-20,0.0605269485152558
2099-03-21,0.0560140569645444
2099-03-22,0.0511229621497316
2099-03-23,0.0463382952399554
2099-03-24,0.0429104199195869
2099-03-25,0.141802336806464
2099-03-26,0.106158008503418
2099-03-27,0.0447600128092594
2099-03-28,0.0469115088561764
2099-03-29,0.0460030513155204
2099-03-30,0.044304732470279
2099-03-31,0.0422900057693803
2099-04-01,0.0379526192436482
2099-04-02,0.0336764610165081
2099-04-03,0.0299193079097516
2099-04-04,0.0331468950463758
2099-04-05,0.029926911882953
2099-04-06,0.0240776113784294
2099-04-07,0.0206362334797702
2099-04-08,0.0171110782689189
2099-04-09,0.0333463074381045
2099-04-10,0.158548792995543
2099-04-11,0.109215479899282
2099-04-12,0.0502180342922606
2099-04-13,0.0397099474378183
2099-04-14,0.0358196237098353
2099-04-15,0.0536994954559706
2099-04-16,0.0406174157544786
2099-04-17,0.0385011886103162
2099-04-18,0.0346883641326251
2099-04-19,0.0305975270348069
2099-04-20,0.0268904435817197
2099-04-21,0.0248139767046293
2099-04-22,0.114009233272698
2099-04-23,0.0832388310263717
2099-04-24,0.0756619903200493
2099-04-25,0.0414795202535209
2099-04-26,0.0409322059255869
2099-04-27,0.0883267249503165
2099-04-28,0.0688539065104509
2099-04-29,0.0502916015441508
2099-04-30,0.0505862576535294
2099-05-01,0.0453178504930314
2099-05-02,0.0677351098013619
2099-05-03,0.14043207972031
2099-05-04,0.071390799826776
2099-05-05,0.0559353804995208
2099-05-06,0.055071600041011
2099-05-07,0.0504781482183133
2099-05-08,0.0457682257553696
2099-05-09,0.0446931676123344
2099-05-10,0.0564649603303582
2099-05-11,0.0619989253810904
2099-05-12,0.0654516001192116
2099-05-13,0.219593877394393
2099-05-14,0.136811464918294
2099-05-15,0.0997395548480306
2099-05-16,0.119840948477195
2099-05-17,0.12476426250872
2099-05-18,0.116585122283527
2099-05-19,0.114741004176787
2099-05-20,0.121711663108058
2099-05-21,0.191267317685692
2099-05-22,0.104257494590304
2099-05-23,0.102274877173762
2099-05-24,0.0980054278182435
2099-05-25,0.0898851200539562
2099-05-26,0.0793630359329956
2099-05-27,0.0678393001055337
2099-05-28,0.0571670022843401
2099-05-29,0.0477819813511459
2099-05-30,0.0385723164537814
2099-05-31,0.0302487310319769
2099-06-01,0.0538380684871973
2099-06-02,0.0310717152934309
2099-06-03,0.0280007999963467
2099-06-04,0.0237958519741736
2099-06-05,0.0193881258246395
2099-06-06,0.0154929063962129
2099-06-07,0.0122972756778082
2099-06-08,0.0101138048258009
2099-06-09,0.00909464957152229
2099-06-10,0.0087349157682753
2099-06-11,0.00857678235698469
2099-06-12,0.00844759517625554
2099-06-13,0.0083328169683713
2099-06-14,0.00823113145488385
2099-06-15,0.00812535452427932
2099-06-16,0.00801575040379664
2099-06-17,0.00791080701943005
2099-06-18,0.00782006944474462
2099-06-19,0.00774384803648327
2099-06-20,0.00765701901256928
2099-06-21,0.00754251331163685
2099-06-22,0.00740888818483351
2099-06-23,0.00727148030417135
2099-06-24,0.00714333775849757
2099-06-25,0.00702725075694923
2099-06-26,0.00777156204561196
2099-06-27,0.00679635551975208
2099-06-28,0.00667103772739354
2099-06-29,0.0081385341331628
2099-06-30,0.00645705721947856
2099-07-01,0.0205074439472783
2099-07-02,0.0164667611188958
2099-07-03,0.0299238166536087
2099-07-04,0.0160053833979425
2099-07-05,0.0157955432505026
2099-07-06,0.015513077597007
2099-07-07,0.0152092194620257
2099-07-08,0.014892522135512
2099-07-09,0.0145428522787445
2099-07-10,0.0141553158394767
2099-07-11,0.0137684174479976
2099-07-12,0.0134235271113252
2099-07-13,0.0265335151494742
2099-07-14,0.0138608505977952
2099-07-15,0.0134620505272288
2099-07-16,0.0124990281916223
2099-07-17,0.0121333035474435
2099-07-18,0.0117734473521831
2099-07-19,0.0114291450830268
2099-07-20,0.0111040673771316
2099-07-21,0.0107994430822769
2099-07-22,0.0105210676382128
2099-07-23,0.0102667033828951
2099-07-24,0.0100171702164129
2099-07-25,0.00976603488002893
2099-07-26,0.0131436224318537
2099-07-27,0.00936748264324942
2099-07-28,0.0103343585902645
2099-07-29,0.00903885271480408
2099-07-30,0.00886059999398114
2099-07-31,0.00867613079871631
2099-08-01,0.00910081670568319
2099-08-02,0.00895254170361394
2099-08-03,0.00881917847541017
2099-08-04,0.0086989857084093
2099-08-05,0.00859128242732803
2099-08-06,0.00850430210461175
2099-08-07,0.00843512611377348
2099-08-08,0.00837073972702982
2099-08-09,0.0083104808502097
2099-08-10,0.0082537953291879
2099-08-11,0.00820410501435384
2099-08-12,0.00816374892508898
2099-08-13,0.0187115842700579
2099-08-14,0.00810957266120383
2099-08-15,0.00809041097900351
2099-08-16,0.0080734793890497
2099-08-17,0.00805885821651684
2099-08-18,0.00804705856350454
2099-08-19,0.00803754915324194
2099-08-20,0.00802924964479066
2099-08-21,0.00802231597779875
2099-08-22,0.00801679085057438
2099-08-23,0.00801213025059863
2099-08-24,0.00800838376154113
2099-08-25,0.00800557296464317
2099-08-26,0.00800291229659259
2099-08-27,0.00800032372499434
2099-08-28,0.00799783256236313
2099-08-29,0.00799539852128902
2099-08-30,0.00799294849652225
2099-08-31,0.00799046983850956
2099-09-01,0.00295587217844526
2099-09-02,0.0029550392186972
2099-09-03,0.00295422898290406
2099-09-04,0.00295344841994359
2099-09-05,0.00488976358273264
2099-09-06,0.00295194426622051
2099-09-07,0.0162978305793175
2099-09-08,0.00295044817723097
2099-09-09,0.00294969825293387
2099-09-10,0.00294894736800379
2099-09-11,0.00294819808916889
2099-09-12,0.00294745723323762
2099-09-13,0.00294672435698628
2099-09-14,0.00294599162910621
2099-09-15,0.00294525909377799
2099-09-16,0.0113783027317778
2099-09-17,0.00294379459439813
2099-09-18,0.0029430626367255
2099-09-19,0.00294233082647908
2099-09-20,0.0103372702200037
2099-09-21,0.00294086783278391
2099-09-22,0.0182529038305721
2099-09-23,0.00293940548667727
2099-09-24,0.0237830961430226
2099-09-25,0.00293794407497874
2099-09-26,0.00293721393107379
2099-09-27,0.00293648413588852
2099-09-28,0.0029357545564086
2099-09-29,0.00293502520515578
2099-09-30,0.00293429592808859
2099-10-01,0.00536515664487637
2099-10-02,0.00401015517732851
2099-10-03,0.00400915869351315
2099-10-04,0.00400816243615245
2099-10-05,0.00400716632125465
2099-10-06,0.00400617040922923
2099-10-07,0.00400517474110286
2099-10-08,0.00400417927584888
2099-10-09,0.00400318391203108
2099-10-10,0.00400218890485512
2099-10-11,0.00400119398780874
2099-10-12,0.00400019931983019
2099-10-13,0.0172957203544511
2099-10-14,0.00399821079051684
2099-10-15,0.00399721676636728
2099-10-16,0.0039962230455571
2099-10-17,0.00399522954377157
2099-10-18,0.00399423630785217
2099-10-19,0.00399324327609732
2099-10-20,0.00399225056577239
2099-10-21,0.00399125798660381
2099-10-22,0.003990265591894
2099-10-23,0.00398927361035892
2099-10-24,0.0039882817506119
2099-10-25,0.00398729011021251
2099-10-26,0.00399407783546804
2099-10-27,0.00398530769129823
2099-10-28,0.00398431688887798
2099-10-29,0.00398332618369432
2099-10-30,0.00546635782499306
2099-10-31,0.0039813456562094
2099-11-01,0.00504252677845484
2099-11-02,0.00504127295593026
2099-11-03,0.0050400196380119
2099-11-04,0.00503876647724587
2099-11-05,0.00503751354688803
2099-11-06,0.00503626115633202
2099-11-07,0.00503500892333757
2099-11-08,0.00503375700955875
2099-11-09,0.00801410028990247
2099-11-10,0.00503125415519954
2099-11-11,0.00503000315855178
2099-11-12,0.00502875251672449
2099-11-13,0.00502750222685288
2099-11-14,0.0798151191900299
2099-11-15,0.0104927567807156
2099-11-16,0.00886642175970458
2099-11-17,0.00502250607045761
2099-11-18,0.0050212591368519
2099-11-19,0.00502001322760097
2099-11-20,0.00501876780986026
2099-11-21,0.00501752301418077
2099-11-22,0.00501627879104317
2099-11-23,0.00501503486747717
2099-11-24,0.00501379142723636
2099-11-25,0.00501254823786631
2099-11-26,0.00501130537016739
2099-11-27,0.00501006275333923
2099-11-28,0.00500882041848485
2099-11-29,0.0135093617810396
2099-11-30,0.00844223298264218
2099-12-01,0.00400235084453872
2099-12-02,0.00399422887120583
2099-12-03,0.00433862918918984
2099-12-04,0.00626663389939957
2099-12-05,0.0815991615630829
2099-12-06,0.122207806635546
2099-12-07,0.0317068929782369
2099-12-08,0.0921004890012386
2099-12-09,0.016130758592422
2099-12-10,0.262028313470302
2099-12-11,0.0489484428473661
2099-12-12,0.00514981236674763
2099-12-13,0.00490159209016375
2099-12-14,0.195081052695715
2099-12-15,0.0163703637894299
2099-12-16,0.00475884705061587
2099-12-17,0.0048476865488504
2099-12-18,0.00491277790349159
2099-12-19,0.00500045643174764
2099-12-20,0.053139755900266
2099-12-21,0.0850786490669041
2099-12-22,0.14633958649138
2099-12-23,0.19271875315124
2099-12-24,0.492652270402028
2099-12-25,0.00679888823556309
2099-12-26,0.0711734236959472
2099-12-27,0.0251916718989383
2099-12-28,0.00667677267808931
2099-12-29,0.00676493281586642
2099-12-30,0.0153184991207115
2099-12-31,0.124247862166813
