"Date","flow"
2006-01-01,0.0164707910378326
2006-01-02,0.0164273263377214
2006-01-03,0.0163929525655563
2006-01-04,0.0163840476461237
2006-01-05,0.0163621616287891
2006-01-06,0.0493978924491749
2006-01-07,0.218887803431309
2006-01-08,0.0448243019995958
2006-01-09,0.0171188800806161
2006-01-10,0.0280130572800012
2006-01-11,0.0669473509980192
2006-01-12,0.45966092039397
2006-01-13,0.0354893122950258
2006-01-14,0.036313633282509
2006-01-15,0.0368266695056624
2006-01-16,0.0401347078249974
2006-01-17,0.0411626955965417
2006-01-18,0.0411597434337789
2006-01-19,0.0429576751387469
2006-01-20,0.0419195617615019
2006-01-21,0.0423552823745848
2006-01-22,0.0425401094079191
2006-01-23,0.0471527289153047
2006-01-24,0.0474559863764282
2006-01-25,0.0426774345893436
2006-01-26,0.0601904382772768
2006-01-27,0.0737082837492655
2006-01-28,0.085761158216713
2006-01-29,0.0514961616141361
2006-01-30,0.0824152642344482
2006-01-31,0.0626298352928937
2006-02-01,0.0571074936370273
2006-02-02,0.0446026343978207
2006-02-03,0.0415150136754015
2006-02-04,0.0412680264412624
2006-02-05,0.0408466077210665
2006-02-06,0.0403561565902779
2006-02-07,0.039669222214978
2006-02-08,0.038822351476257
2006-02-09,0.0377518141081009
2006-02-10,0.0362614939741819
2006-02-11,0.0345252969488268
2006-02-12,0.0327477869654576
2006-02-13,0.0310692029168607
2006-02-14,0.154996442269519
2006-02-15,0.0567920458441136
2006-02-16,0.075523357962952
2006-02-17,0.555120463533209
2006-02-18,0.298140311272198
2006-02-19,0.136646575825441
2006-02-20,0.171121893672664
2006-02-21,0.159512663212912
2006-02-22,0.131011399323716
2006-02-23,0.2215469963276
2006-02-24,0.261757007917936
2006-02-25,0.280472079390125
2006-02-26,0.294626888536944
2006-02-27,0.256193620610265
2006-02-28,0.238084414756774
2006-03-01,0.29229061559438
2006-03-02,0.267071102552719
2006-03-03,0.391299912337835
2006-03-04,0.6450349937407
2006-03-05,0.460145759349864
2006-03-06,0.478109156032381
2006-03-07,0.716004925980028
2006-03-08,0.750383916555795
2006-03-09,0.735661250885515
2006-03-10,0.71269258091322
2006-03-11,0.763418333019389
2006-03-12,1.01085227315005
2006-03-13,1.07108273808343
2006-03-14,1.02930518460571
2006-03-15,1.20421801157177
2006-03-16,1.259767701802
2006-03-17,1.21525150410635
2006-03-18,1.14230690352323
2006-03-19,1.13142866728727
2006-03-20,1.07638289031393
2006-03-21,1.00795899340383
2006-03-22,1.00832190270514
2006-03-23,0.991273395763786
2006-03-24,0.825790431536888
2006-03-25,0.835799809515097
2006-03-26,1.08214501252004
2006-03-27,0.86709047477468
2006-03-28,0.796864934023079
2006-03-29,0.879691776317548
2006-03-30,0.765064138426281
2006-03-31,0.744688959291415
2006-04-01,0.858187960587818
2006-04-02,0.74544240455238
2006-04-03,0.717656593733721
2006-04-04,0.857624228702361
2006-04-05,0.928095933120399
2006-04-06,0.845651379225258
2006-04-07,0.804446773526561
2006-04-08,0.776621205420092
2006-04-09,0.733895530272972
2006-04-10,0.684348840304568
2006-04-11,0.626065713724607
2006-04-12,0.564632493619526
2006-04-13,0.508733732428682
2006-04-14,0.462213571106814
2006-04-15,0.415324543694679
2006-04-16,0.370396699382536
2006-04-17,0.328108855253117
2006-04-18,0.288304542166381
2006-04-19,0.251706094461224
2006-04-20,0.218599157762497
2006-04-21,0.190757589717726
2006-04-22,0.235868041246878
2006-04-23,0.159950862695663
2006-04-24,0.139293518659999
2006-04-25,0.125301406221944
2006-04-26,0.112512092324829
2006-04-27,0.101884754060195
2006-04-28,0.0936602431955795
2006-04-29,0.0810735231589308
2006-04-30,0.0695275184165678
2006-05-01,0.0920386062108498
2006-05-02,0.0658205757184241
2006-05-03,0.0580164542653277
2006-05-04,0.0592955474681316
2006-05-05,0.0470107452332824
2006-05-06,0.0401901720204694
2006-05-07,0.0348919744254145
2006-05-08,0.033868731363343
2006-05-09,0.0296630415573102
2006-05-10,0.0245216892895512
2006-05-11,0.0215759911545376
2006-05-12,0.0195981023318164
2006-05-13,0.0183418466166128
2006-05-14,0.0841885657796026
2006-05-15,0.0175586857649579
2006-05-16,0.0174059365281465
2006-05-17,0.0340295992131384
2006-05-18,0.0171044863212166
2006-05-19,0.0169938318163569
2006-05-20,0.0168647402519599
2006-05-21,0.0167144040882563
2006-05-22,0.0165478024539839
2006-05-23,0.0163913426190876
2006-05-24,0.0168205787457149
2006-05-25,0.0170245778707227
2006-05-26,0.016072024879001
2006-05-27,0.0159327454093169
2006-05-28,0.0157665835290836
2006-05-29,0.0155816157492265
2006-05-30,0.0153928920487014
2006-05-31,0.0152012170393857
2006-06-01,0.0182942221038568
2006-06-02,0.0180507056925423
2006-06-03,0.0178049897072763
2006-06-04,0.0175664871167407
2006-06-05,0.0454494054777615
2006-06-06,0.0445956809220095
2006-06-07,0.0177203836575139
2006-06-08,0.0170831918501965
2006-06-09,0.0168892578492926
2006-06-10,0.0166599439405729
2006-06-11,0.0163685464051241
2006-06-12,0.016052212842453
2006-06-13,0.0157188302761478
2006-06-14,0.0153720964703592
2006-06-15,0.0150287028666546
2006-06-16,0.0147100317350364
2006-06-17,0.0144278313937176
2006-06-18,0.0262973083892276
2006-06-19,0.0140000049371357
2006-06-20,0.0137685820480996
2006-06-21,0.013484535482395
2006-06-22,0.0131649391698931
2006-06-23,0.0128313697926588
2006-06-24,0.0125091406318104
2006-06-25,0.0121987339547415
2006-06-26,0.0118798487153283
2006-06-27,0.0115463793640034
2006-06-28,0.011221889488926
2006-06-29,0.0109151094229936
2006-06-30,0.0106283232930791
2006-07-01,0.019725502662689
2006-07-02,0.0192916839623186
2006-07-03,0.0188711750946359
2006-07-04,0.0184222454540096
2006-07-05,0.0179794204984159
2006-07-06,0.0175611708180023
2006-07-07,0.0171743596938745
2006-07-08,0.0168258096518416
2006-07-09,0.0165107051707409
2006-07-10,0.0162319166874841
2006-07-11,0.0159886631100763
2006-07-12,0.0157694799080468
2006-07-13,0.0155723450265691
2006-07-14,0.015396925244804
2006-07-15,0.0152408112022126
2006-07-16,0.0151066876492279
2006-07-17,0.0149923828644692
2006-07-18,0.0148949579135417
2006-07-19,0.0148140846200197
2006-07-20,0.0147477458690846
2006-07-21,0.0218374324341799
2006-07-22,0.0146496947315566
2006-07-23,0.0146118692350971
2006-07-24,0.0145804978691363
2006-07-25,0.014555078572776
2006-07-26,0.0145358352718493
2006-07-27,0.0145223886729601
2006-07-28,0.014512537767339
2006-07-29,0.0145037840501813
2006-07-30,0.0144963350848784
2006-07-31,0.0144907690681234
2006-08-01,0.0187215805904785
2006-08-02,0.0187169012567442
2006-08-03,0.0187123553000725
2006-08-04,0.0187078450887606
2006-08-05,0.0187033357091963
2006-08-06,0.018698827438429
2006-08-07,0.0186943205882892
2006-08-08,0.0186898143983902
2006-08-09,0.0186853100626828
2006-08-10,0.0186808066276856
2006-08-11,0.0186763033563993
2006-08-12,0.0186718024436304
2006-08-13,0.0186673016298076
2006-08-14,0.0186628022492054
2006-08-15,0.0186583037807072
2006-08-16,0.0186538065505354
2006-08-17,0.0186493104207652
2006-08-18,0.0186448152078963
2006-08-19,0.0186403214186532
2006-08-20,0.0186358286728427
2006-08-21,0.0186313368799139
2006-08-22,0.0186268461897853
2006-08-23,0.0186223565556825
2006-08-24,0.0280572906647497
2006-08-25,0.0186133809340936
2006-08-26,0.498064894288768
2006-08-27,0.018604415478176
2006-08-28,0.0185999552095026
2006-08-29,0.0185955027749686
2006-08-30,0.0193118113016415
2006-08-31,0.0185865999381956
2006-09-01,0.00974385078488372
2006-09-02,0.00974151400487835
2006-09-03,0.00973917644441115
2006-09-04,0.00973683770381784
2006-09-05,0.00973449825697261
2006-09-06,0.00973215866799654
2006-09-07,0.00972981822151869
2006-09-08,0.00972747800238732
2006-09-09,0.00972513718548883
2006-09-10,0.0412313967143345
2006-09-11,0.00972045595953199
2006-09-12,0.00971811590108389
2006-09-13,0.00971577575930696
2006-09-14,0.00971343621120923
2006-09-15,0.0329283802237368
2006-09-16,0.00970875770523402
2006-09-17,0.00970641889263193
2006-09-18,0.069042856454727
2006-09-19,0.0644837918545731
2006-09-20,0.0549342912598377
2006-09-21,0.0096971123550522
2006-09-22,0.00969484566410188
2006-09-23,0.00969259122501837
2006-09-24,0.00969033706988198
2006-09-25,0.00968807735937956
2006-09-26,0.00968580931881519
2006-09-27,0.00968353331892385
2006-09-28,0.00968125007633452
2006-09-29,0.0096789608126803
2006-09-30,0.00967666569273256
2006-10-01,0.00825522883176822
2006-10-02,0.0082532627396519
2006-10-03,0.00825129371477457
2006-10-04,0.0355477051079704
2006-10-05,0.00824735199249476
2006-10-06,0.0696006986261694
2006-10-07,0.0082434217957242
2006-10-08,0.00824148105575701
2006-10-09,0.00823955087426607
2006-10-10,0.0193751461146481
2006-10-11,0.00823570385789577
2006-10-12,0.00917719416258267
2006-10-13,0.00823187122708041
2006-10-14,0.00822995766492621
2006-10-15,0.00822804420875927
2006-10-16,0.00822613007373731
2006-10-17,0.00822421399418479
2006-10-18,0.00846159443687614
2006-10-19,0.00963128146052857
2006-10-20,0.00850122015671042
2006-10-21,0.00821653089825467
2006-10-22,0.00821460602873714
2006-10-23,0.00821268041999211
2006-10-24,0.00821075285598366
2006-10-25,0.00820882348563054
2006-10-26,0.0082068920451721
2006-10-27,0.00820495742912115
2006-10-28,0.101914768267967
2006-10-29,0.244838294763239
2006-10-30,0.138397682892012
2006-10-31,0.0495759489378572
2006-11-01,0.0496096638234684
2006-11-02,0.163406274614697
2006-11-03,0.0107530500635732
2006-11-04,0.00922388895863297
2006-11-05,0.098848577772851
2006-11-06,0.00930515539527899
2006-11-07,0.00934577796667761
2006-11-08,0.00938294433464484
2006-11-09,0.00941540652148556
2006-11-10,0.00944321299330346
2006-11-11,0.00946619157626179
2006-11-12,0.015864579945714
2006-11-13,0.00950558928865137
2006-11-14,0.00952216765566431
2006-11-15,0.0549535063211701
2006-11-16,0.262892427551345
2006-11-17,0.0313478925444413
2006-11-18,0.0126340863065941
2006-11-19,0.0101723053368014
2006-11-20,0.0885515029095614
2006-11-21,0.227920496413316
2006-11-22,0.012152131531314
2006-11-23,0.0269549169310124
2006-11-24,0.0258845004389817
2006-11-25,0.0102581633567662
2006-11-26,0.0162588663892417
2006-11-27,0.247395034840177
2006-11-28,0.0247434689142669
2006-11-29,0.0154108915287274
2006-11-30,0.021517648184478
2006-12-01,0.0856402355382425
2006-12-02,0.0743650425416337
2006-12-03,0.150866639733512
2006-12-04,0.149691922116267
2006-12-05,0.0452121820631372
2006-12-06,0.0098026797018346
2006-12-07,0.0116602238411734
2006-12-08,0.0100131727131485
2006-12-09,0.0100829666368234
2006-12-10,0.0101355582827228
2006-12-11,0.341946502460624
2006-12-12,0.196462758712461
2006-12-13,0.062959149199596
2006-12-14,0.129143344430761
2006-12-15,0.0846349469560156
2006-12-16,0.0408683342126861
2006-12-17,0.0382588643806025
2006-12-18,0.0234221439279402
2006-12-19,0.306744812205499
2006-12-20,0.461304924650477
2006-12-21,0.0495301575857239
2006-12-22,0.0247304366706123
2006-12-23,0.0145178674954989
2006-12-24,0.173203796568658
2006-12-25,0.032052744447897
2006-12-26,0.019336994315103
2006-12-27,0.112276858034666
2006-12-28,0.0243772601589338
2006-12-29,0.01834043127213
2006-12-30,0.0215637400599241
2006-12-31,0.0302694217904127
2007-01-01,0.0311312743191871
2007-01-02,0.0272552973494164
2007-01-03,0.0186434205150243
2007-01-04,0.284571790557149
2007-01-05,0.193640627741499
2007-01-06,0.532420738103022
2007-01-07,0.749916125359669
2007-01-08,0.956477067936981
2007-01-09,0.192119251687368
2007-01-10,0.0757394942542047
2007-01-11,0.436102658148974
2007-01-12,0.042102335054845
2007-01-13,0.0278658372434943
2007-01-14,0.0200017776559226
2007-01-15,0.0186290098666662
2007-01-16,0.0766434663622053
2007-01-17,0.0285857103373276
2007-01-18,0.0481269352148408
2007-01-19,0.146596420109557
2007-01-20,0.0968988793368692
2007-01-21,0.0318393495176254
2007-01-22,0.0631816589046488
2007-01-23,0.233542834876448
2007-01-24,1.15291274469623
2007-01-25,1.47456817599233
2007-01-26,0.321342165497978
2007-01-27,0.382468046903655
2007-01-28,0.403812850911909
2007-01-29,0.539942465821791
2007-01-30,0.566729533294075
2007-01-31,0.467592446066698
2007-02-01,0.470601980826844
2007-02-02,0.493044976837543
2007-02-03,0.48031834390062
2007-02-04,0.45855760487643
2007-02-05,0.45442015343825
2007-02-06,0.449770893283839
2007-02-07,0.418915111725649
2007-02-08,0.394310997247901
2007-02-09,0.388587501616478
2007-02-10,0.48973538381193
2007-02-11,1.88892561366951
2007-02-12,1.21764206814102
2007-02-13,0.933057121527922
2007-02-14,0.928776516859806
2007-02-15,0.899984203913497
2007-02-16,0.878877885151679
2007-02-17,0.850571762215674
2007-02-18,0.81619762382606
2007-02-19,0.92270599164906
2007-02-20,1.03478877382311
2007-02-21,1.0722864514345
2007-02-22,1.00086446253984
2007-02-23,1.0063488057468
2007-02-24,1.05010685771632
2007-02-25,1.09869871076719
2007-02-26,1.04703250662371
2007-02-27,1.72635034007819
2007-02-28,7.32153096556235
2007-03-01,2.00337892826956
2007-03-02,1.28265203654866
2007-03-03,1.2630345155836
2007-03-04,1.22862187088871
2007-03-05,1.2825684212807
2007-03-06,1.21223993143491
2007-03-07,1.42198374011064
2007-03-08,1.70062011224532
2007-03-09,1.102590119243
2007-03-10,1.06966512039269
2007-03-11,1.14895076669434
2007-03-12,1.06474464431951
2007-03-13,1.07833422543981
2007-03-14,0.899117063224638
2007-03-15,0.885423783290452
2007-03-16,0.948934068750259
2007-03-17,0.971399835588571
2007-03-18,0.998611140685597
2007-03-19,1.0378979321267
2007-03-20,1.04732720426527
2007-03-21,0.940426703057166
2007-03-22,0.929956979803438
2007-03-23,0.913614373328101
2007-03-24,0.878879193175716
2007-03-25,0.868540860042975
2007-03-26,0.968189987691268
2007-03-27,1.06862412210659
2007-03-28,1.22206696306642
2007-03-29,1.58067377626309
2007-03-30,1.342418147496
2007-03-31,1.29066357783089
2007-04-01,1.41165551800652
2007-04-02,1.52581937149745
2007-04-03,1.92082228434169
2007-04-04,2.21946013506491
2007-04-05,2.61084048036659
2007-04-06,1.3167732229598
2007-04-07,1.34645881279277
2007-04-08,1.26699272271927
2007-04-09,1.46438160995061
2007-04-10,1.31087495305037
2007-04-11,1.1344347914334
2007-04-12,1.1440047625109
2007-04-13,1.22055193877218
2007-04-14,1.24262052035602
2007-04-15,1.43987288183258
2007-04-16,1.51147139317472
2007-04-17,1.0763499694829
2007-04-18,1.03888774639353
2007-04-19,0.924917826261105
2007-04-20,0.896768787842706
2007-04-21,0.945300087999902
2007-04-22,0.96868178577106
2007-04-23,0.910896889274326
2007-04-24,0.875145936610417
2007-04-25,0.897146079158595
2007-04-26,0.918671021464542
2007-04-27,1.02267082697767
2007-04-28,1.18277564622682
2007-04-29,1.58029051978772
2007-04-30,1.54715007471093
2007-05-01,1.18151957840374
2007-05-02,1.14110034721817
2007-05-03,1.21757239491994
2007-05-04,1.30835820192667
2007-05-05,1.17577676584631
2007-05-06,0.877386562318385
2007-05-07,0.820956329715018
2007-05-08,0.804509794377417
2007-05-09,0.926610496637786
2007-05-10,1.11066672037067
2007-05-11,1.04538389932377
2007-05-12,0.896628098987738
2007-05-13,0.782913006350911
2007-05-14,0.589391394529572
2007-05-15,0.766559490109228
2007-05-16,0.885741837607423
2007-05-17,0.641021456247816
2007-05-18,0.528160190990755
2007-05-19,0.467636210833603
2007-05-20,0.386659957692942
2007-05-21,0.338794455434845
2007-05-22,0.318296867742027
2007-05-23,0.282686895051637
2007-05-24,0.258882617507512
2007-05-25,0.234863998500734
2007-05-26,0.208505101027206
2007-05-27,0.194302476705364
2007-05-28,0.163614827073211
2007-05-29,0.188482867128334
2007-05-30,0.130148139641079
2007-05-31,0.113902626474718
2007-06-01,0.120206681217154
2007-06-02,0.106173500880087
2007-06-03,0.0947837303100553
2007-06-04,0.0832840244951985
2007-06-05,0.0711139486873596
2007-06-06,0.0600146612280123
2007-06-07,0.0509528157831186
2007-06-08,0.0431777821255141
2007-06-09,0.0361920327741772
2007-06-10,0.0532111842746326
2007-06-11,0.0262517982335689
2007-06-12,0.0229531870172104
2007-06-13,0.0205330016920451
2007-06-14,0.0189532132670044
2007-06-15,0.0181233375509527
2007-06-16,0.0176585945375348
2007-06-17,0.0173582695577301
2007-06-18,0.0171298678202139
2007-06-19,0.016915854909901
2007-06-20,0.0166728665669227
2007-06-21,0.0164083879956939
2007-06-22,0.0161620561663832
2007-06-23,0.0169008723659867
2007-06-24,0.0157464503168166
2007-06-25,0.0155507958841247
2007-06-26,0.0153509483341137
2007-06-27,0.0151199143082265
2007-06-28,0.0148654171937276
2007-06-29,0.0146115342789543
2007-06-30,0.0143570480034978
2007-07-01,0.205038050497202
2007-07-02,0.0264272360848303
2007-07-03,0.0260204136672008
2007-07-04,0.0255620238186869
2007-07-05,0.0250430404386532
2007-07-06,0.0244905768526687
2007-07-07,0.0239372851856833
2007-07-08,0.0234022175084408
2007-07-09,0.0228728331158331
2007-07-10,0.022323464387708
2007-07-11,0.0217603412493875
2007-07-12,0.0212017182271576
2007-07-13,0.0206648489337758
2007-07-14,0.0201530024285024
2007-07-15,0.0196671979881831
2007-07-16,0.0192066062863747
2007-07-17,0.0187709939316023
2007-07-18,0.0183651443688508
2007-07-19,0.0179825879585214
2007-07-20,0.0176231681850535
2007-07-21,0.0172887446778933
2007-07-22,0.0169792300156991
2007-07-23,0.0166983118507789
2007-07-24,0.0164400318060435
2007-07-25,0.0162035749704434
2007-07-26,0.0159928565354809
2007-07-27,0.0158258902459086
2007-07-28,0.0156422521369282
2007-07-29,0.01548131358223
2007-07-30,0.0153345667323658
2007-07-31,0.0152026897085181
2007-08-01,0.019499747270662
2007-08-02,0.0193751970241804
2007-08-03,0.0192658863238391
2007-08-04,0.0191698033915477
2007-08-05,0.0190878544352631
2007-08-06,0.0190194675843986
2007-08-07,0.0189630024646749
2007-08-08,0.0189169633719342
2007-08-09,0.0188784965446006
2007-08-10,0.0188459582724097
2007-08-11,0.0188189285030077
2007-08-12,0.0187962225320987
2007-08-13,0.0187775402367051
2007-08-14,0.0187621098929305
2007-08-15,0.0187489870492173
2007-08-16,0.0187379822529993
2007-08-17,0.0187281554537251
2007-08-18,0.0187185406529551
2007-08-19,0.0187087729095632
2007-08-20,0.018698759714261
2007-08-21,0.0186895782390259
2007-08-22,0.0186827681357152
2007-08-23,0.0186777583433015
2007-08-24,0.0186732442143203
2007-08-25,0.0186687438940291
2007-08-26,0.0186642439263462
2007-08-27,0.0186597444953714
2007-08-28,0.0186552476609844
2007-08-29,0.0186507503738436
2007-08-30,0.0186462553024978
2007-08-31,0.0186417607762555
2007-09-01,0.00977275454298152
2007-09-02,0.00977039897340528
2007-09-03,0.00976804400788523
2007-09-04,0.00976568962220853
2007-09-05,0.00976333559657576
2007-09-06,0.00976098242781576
2007-09-07,0.00975862974110573
2007-09-08,0.00975627738551022
2007-09-09,0.00975392586540513
2007-09-10,0.0281920764098513
2007-09-11,0.0097492243754272
2007-09-12,0.00974687419110033
2007-09-13,0.00974452509036389
2007-09-14,0.00974217633111878
2007-09-15,0.00973982813913927
2007-09-16,0.00973748044178758
2007-09-17,0.0136531405348268
2007-09-18,0.454614424199371
2007-09-19,0.334784431004411
2007-09-20,0.063868817587869
2007-09-21,0.00976655772088353
2007-09-22,0.00979305006110527
2007-09-23,0.00981391025246561
2007-09-24,0.00982872394238255
2007-09-25,0.00983811687349965
2007-09-26,0.00984324303406656
2007-09-27,0.00984544316470578
2007-09-28,0.00984562852469944
2007-09-29,0.00984426201625939
2007-09-30,0.00984173206220885
2007-10-01,0.00839549431483395
2007-10-02,0.00839279082088369
2007-10-03,0.00839001461512145
2007-10-04,0.00838717005590379
2007-10-05,0.00838413816033887
2007-10-06,0.00838099077302148
2007-10-07,0.0083775931288881
2007-10-08,0.00837423620424951
2007-10-09,0.00837092367860723
2007-10-10,0.00836753928422117
2007-10-11,0.00836417337588898
2007-10-12,0.00836083336976634
2007-10-13,0.00835753591202219
2007-10-14,0.00916451593391886
2007-10-15,0.0616262781278127
2007-10-16,0.00834976559476035
2007-10-17,0.00834727037487064
2007-10-18,0.00834477031122963
2007-10-19,0.00834231954883046
2007-10-20,0.00833984093217815
2007-10-21,0.0145765645808184
2007-10-22,0.0208604997234411
2007-10-23,0.00833375690016762
2007-10-24,0.00833195738807103
2007-10-25,0.00833012059690614
2007-10-26,0.00832827147472895
2007-10-27,0.00832641114366266
2007-10-28,0.00832452445531246
2007-10-29,0.00832264422574453
2007-10-30,0.00832081821710487
2007-10-31,0.00831901121989385
2007-11-01,0.00925315725920224
2007-11-02,0.0092511182439199
2007-11-03,0.00924909147352601
2007-11-04,0.00924708253686489
2007-11-05,0.00924506445452374
2007-11-06,0.00924303639244484
2007-11-07,0.009240997326116
2007-11-08,0.00923894729852389
2007-11-09,0.00923688599144884
2007-11-10,0.00923481291591913
2007-11-11,0.00923272627336713
2007-11-12,0.00923062836416838
2007-11-13,0.00922852186871138
2007-11-14,0.130324301430389
2007-11-15,0.624379956371643
2007-11-16,0.100302239982727
2007-11-17,0.0100475345616149
2007-11-18,0.00936139586295571
2007-11-19,0.00941820312278471
2007-11-20,0.0138590578770677
2007-11-21,0.383329047123183
2007-11-22,0.00978720210916632
2007-11-23,0.0369034062245091
2007-11-24,0.19741912414864
2007-11-25,0.0405962611158008
2007-11-26,0.251478316402501
2007-11-27,0.0104692586401071
2007-11-28,0.0106656265466026
2007-11-29,0.0129575942000108
2007-11-30,0.121263566270658
2007-12-01,0.0175346572670963
2007-12-02,0.00940274794636013
2007-12-03,0.00947848728778396
2007-12-04,0.00954031099817707
2007-12-05,0.0112229104010649
2007-12-06,0.00961822749251747
2007-12-07,0.00963630309580358
2007-12-08,0.181451701662614
2007-12-09,0.195170390091672
2007-12-10,0.00978405789423888
2007-12-11,0.00988470700027185
2007-12-12,0.0155092546724968
2007-12-13,0.026362949543374
2007-12-14,0.0106800023707559
2007-12-15,0.0217091200077677
2007-12-16,0.137915573175852
2007-12-17,0.543863438164155
2007-12-18,0.49746516913084
2007-12-19,0.0243384536368951
2007-12-20,0.0310281514772324
2007-12-21,0.156566899633316
2007-12-22,0.0145632752018637
2007-12-23,0.014799753975128
2007-12-24,0.0142680330524938
2007-12-25,0.168038014949894
2007-12-26,0.646224622576111
2007-12-27,0.077637147165717
2007-12-28,0.152930456544577
2007-12-29,1.3570969873474
2007-12-30,0.271639415836168
2007-12-31,0.122137607396243
2008-01-01,0.0755546809835331
2008-01-02,0.0578897102635418
2008-01-03,0.0399390949665324
2008-01-04,0.0353706976964226
2008-01-05,0.0552175506262388
2008-01-06,0.0502581461431619
2008-01-07,0.056039595067278
2008-01-08,0.0471887166224436
2008-01-09,0.0415035825524789
2008-01-10,0.0238750150620055
2008-01-11,0.209905288383161
2008-01-12,0.356990074659117
2008-01-13,0.129567721688601
2008-01-14,0.158734533989541
2008-01-15,0.323090586333447
2008-01-16,0.284189011587492
2008-01-17,0.337571473902101
2008-01-18,0.126707505877162
2008-01-19,0.0261660191630684
2008-01-20,0.0252502188804508
2008-01-21,0.0277590013547052
2008-01-22,0.177305997070943
2008-01-23,0.308320628127829
2008-01-24,0.0917748168916274
2008-01-25,0.0596700714071878
2008-01-26,0.0651991054275327
2008-01-27,0.0663728369530029
2008-01-28,0.0654016498956643
2008-01-29,0.0636152287290296
2008-01-30,0.0614313696299036
2008-01-31,0.0589887538479606
2008-02-01,0.0551104731539028
2008-02-02,0.0525242141771805
2008-02-03,0.0500112078332293
2008-02-04,0.0476587272566198
2008-02-05,0.0453666115841316
2008-02-06,0.0429433313557944
2008-02-07,0.0403347742445911
2008-02-08,0.0377664080440842
2008-02-09,0.0353232451630514
2008-02-10,0.0329760396802724
2008-02-11,0.0310541864772763
2008-02-12,0.029344503878618
2008-02-13,0.031704272530752
2008-02-14,0.0395730652406201
2008-02-15,0.0305418166995725
2008-02-16,0.0268421560120755
2008-02-17,0.0276405266676153
2008-02-18,0.0260035113011789
2008-02-19,0.025338499941726
2008-02-20,0.0274032099145901
2008-02-21,0.0265984110148436
2008-02-22,0.0653174486774983
2008-02-23,0.0542116152547185
2008-02-24,0.027250203788031
2008-02-25,0.0222182797468429
2008-02-26,0.0213958323232447
2008-02-27,0.020396515676352
2008-02-28,0.0194136149909971
2008-02-29,0.0184970874306945
2008-03-01,0.0143848122481897
2008-03-02,0.013732988242086
2008-03-03,0.0132554295375395
2008-03-04,0.0128903775993982
2008-03-05,0.0134288052052094
2008-03-06,0.171662396987802
2008-03-07,0.228946600073309
2008-03-08,0.0197431282531385
2008-03-09,0.0133819547302749
2008-03-10,0.0302577346349393
2008-03-11,0.0212515525053944
2008-03-12,0.0156673316070941
2008-03-13,0.0574811400465485
2008-03-14,0.0799718165172239
2008-03-15,0.0490356457696785
2008-03-16,0.0837227448184938
2008-03-17,0.129422813966726
2008-03-18,0.198115199075244
2008-03-19,0.205473904251242
2008-03-20,0.130322459988193
2008-03-21,0.0946315987676269
2008-03-22,0.0758948186381337
2008-03-23,0.0981411776816757
2008-03-24,0.285132991438744
2008-03-25,0.114676939344226
2008-03-26,0.117640366779586
2008-03-27,0.125359959657549
2008-03-28,0.135058318737586
2008-03-29,0.482317902611048
2008-03-30,0.363270835623926
2008-03-31,0.246986157504072
2008-04-01,0.273449613820084
2008-04-02,0.314880216914051
2008-04-03,0.297776301857595
2008-04-04,0.294637055596136
2008-04-05,0.285720061954814
2008-04-06,0.292359479716919
2008-04-07,0.388418892048848
2008-04-08,0.463944214416633
2008-04-09,0.704046388300258
2008-04-10,1.8811944630383
2008-04-11,0.770500173868366
2008-04-12,0.807107990379079
2008-04-13,0.763698091564175
2008-04-14,0.719566439460421
2008-04-15,0.753950977632176
2008-04-16,0.6341995589455
2008-04-17,0.587424500867003
2008-04-18,0.547839730983725
2008-04-19,0.503897425707139
2008-04-20,0.464685700490199
2008-04-21,0.815718423297158
2008-04-22,0.71837217517529
2008-04-23,0.629620619918184
2008-04-24,0.692051575819656
2008-04-25,0.649980028888633
2008-04-26,0.617540910195877
2008-04-27,0.586817914378878
2008-04-28,0.547043391893258
2008-04-29,0.557875325614715
2008-04-30,0.449390543996434
2008-05-01,0.64607980363025
2008-05-02,0.591807221618965
2008-05-03,0.460232733362056
2008-05-04,0.437810278384928
2008-05-05,0.387912035021854
2008-05-06,0.334572892799807
2008-05-07,0.283338825516865
2008-05-08,0.242061907951687
2008-05-09,0.212391941723895
2008-05-10,0.1921771083147
2008-05-11,0.173327152073567
2008-05-12,0.158330705172793
2008-05-13,0.146475388174753
2008-05-14,0.133180936927607
2008-05-15,0.119373687492138
2008-05-16,0.104674880216721
2008-05-17,0.0891776240279084
2008-05-18,0.0738268301957263
2008-05-19,0.0591412521354492
2008-05-20,0.046113227834477
2008-05-21,0.0356541290333926
2008-05-22,0.0278680237968748
2008-05-23,0.0228599596259599
2008-05-24,0.0200944354682564
2008-05-25,0.0185440471318135
2008-05-26,0.0175625035397024
2008-05-27,0.0170079219917535
2008-05-28,0.0167634313415684
2008-05-29,0.0165518094891603
2008-05-30,0.016338182074831
2008-05-31,0.0161361706312315
2008-06-01,0.0194289287878643
2008-06-02,0.0191705933504278
2008-06-03,0.0189026883413394
2008-06-04,0.0186847424248749
2008-06-05,0.0204084437121041
2008-06-06,0.0183078429214145
2008-06-07,0.0180667099999841
2008-06-08,0.0177893415073297
2008-06-09,0.0175141361706928
2008-06-10,0.0172920843414229
2008-06-11,0.0263741191855716
2008-06-12,0.0169349472371845
2008-06-13,0.016684240423314
2008-06-14,0.016387890023957
2008-06-15,0.0160760346145459
2008-06-16,0.015775562934269
2008-06-17,0.0155005208695812
2008-06-18,0.0152134375047423
2008-06-19,0.0148990015637417
2008-06-20,0.0145829032030736
2008-06-21,0.0142792053660143
2008-06-22,0.0139894725901318
2008-06-23,0.0136935253630598
2008-06-24,0.0221440122226375
2008-06-25,0.0131313061327196
2008-06-26,0.0132066407964453
2008-06-27,0.0126248626839175
2008-06-28,0.0123590617519434
2008-06-29,0.0121034903113166
2008-06-30,0.0118419284190617
2008-07-01,0.0220207933496017
2008-07-02,0.0215256294820101
2008-07-03,0.0210359053797737
2008-07-04,0.0328400746817294
2008-07-05,0.0819942116470662
2008-07-06,0.0201559678577841
2008-07-07,0.0197496635423896
2008-07-08,0.0193491167815813
2008-07-09,0.0189736946474732
2008-07-10,0.0185934527027576
2008-07-11,0.0182141986046329
2008-07-12,0.0178505468991275
2008-07-13,0.0175004438877089
2008-07-14,0.0171762820325584
2008-07-15,0.0169104914116291
2008-07-16,0.0166673826804865
2008-07-17,0.0163936254444434
2008-07-18,0.0161216554249226
2008-07-19,0.0158735591976072
2008-07-20,0.0156538303952339
2008-07-21,0.015462055540164
2008-07-22,0.0152974487280018
2008-07-23,0.0151547791794832
2008-07-24,0.0150325019138734
2008-07-25,0.0149311905692858
2008-07-26,0.0148452060770794
2008-07-27,0.0147720476248542
2008-07-28,0.0147117712259705
2008-07-29,0.0146623765145843
2008-07-30,0.0146220134405773
2008-07-31,0.0145889565031878
2008-08-01,0.0188186393348725
2008-08-02,0.018792625862755
2008-08-03,0.0187745121307469
2008-08-04,0.019692098236577
2008-08-05,0.0187487468876296
2008-08-06,0.0187371855982616
2008-08-07,0.0187276819212567
2008-08-08,0.0187210876825475
2008-08-09,0.0187159968040328
2008-08-10,0.0187114194820191
2008-08-11,0.0187069092491189
2008-08-12,0.0187024001921793
2008-08-13,0.0186978923082017
2008-08-14,0.0186933855558086
2008-08-15,0.0186888797407058
2008-08-16,0.0186843753660196
2008-08-17,0.0186798716641675
2008-08-18,0.0186753694567027
2008-08-19,0.0186708681145672
2008-08-20,0.0186663678266584
2008-08-21,0.0186618686127656
2008-08-22,0.0186573704686908
2008-08-23,0.0186528734585994
2008-08-24,0.0186483774109846
2008-08-25,0.0186438829950823
2008-08-26,0.0186393889863586
2008-08-27,0.0186348960858321
2008-08-28,0.0186304046173269
2008-08-29,0.0186259141598719
2008-08-30,0.018621424665493
2008-08-31,0.0186169365593591
2008-09-01,0.00975974079452259
2008-09-02,0.00975738832289551
2008-09-03,0.00975503657292831
2008-09-04,0.00975268512042967
2008-09-05,0.00975033464932555
2008-09-06,0.00974798431343441
2008-09-07,0.0097456349683713
2008-09-08,0.00974328581449307
2008-09-09,0.00974093761276557
2008-09-10,0.00973858949342375
2008-09-11,0.00973624249100385
2008-09-12,0.00973389560052767
2008-09-13,0.00973154958170351
2008-09-14,0.00972920381915506
2008-09-15,0.00972685903328438
2008-09-16,0.00972451454739788
2008-09-17,0.00972217059638872
2008-09-18,0.00971982714723975
2008-09-19,0.0181557948312592
2008-09-20,0.00971514239065223
2008-09-21,0.0097128006370109
2008-09-22,0.0097104595556611
2008-09-23,0.00970811912647794
2008-09-24,0.00970577916079225
2008-09-25,0.00970343978627022
2008-09-26,0.00970110109347304
2008-09-27,0.00969876275128629
2008-09-28,0.0101051177911529
2008-09-29,0.00969408797247222
2008-09-30,0.0185425867050932
2008-10-01,0.0086662511146372
2008-10-02,0.00826607847885137
2008-10-03,0.00826408605091693
2008-10-04,0.00826209423234205
2008-10-05,0.00826010287367133
2008-10-06,0.0082581120116649
2008-10-07,0.00825612154489698
2008-10-08,0.0134356626385648
2008-10-09,0.0099846403013594
2008-10-10,0.012814489031874
2008-10-11,0.0103370543361961
2008-10-12,0.00824617655744926
2008-10-13,0.0082441890194175
2008-10-14,0.00824220205801003
2008-10-15,0.00824021530133236
2008-10-16,0.00963699711119381
2008-10-17,0.00823624369950392
2008-10-18,0.0345794318687156
2008-10-19,0.0203883323091981
2008-10-20,0.00824675710728267
2008-10-21,0.0382153789620654
2008-10-22,0.00822632300674778
2008-10-23,0.00822434046165444
2008-10-24,0.00822235862305327
2008-10-25,0.0102663419779201
2008-10-26,0.00821907346117122
2008-10-27,0.0082164160888454
2008-10-28,0.0100129081872703
2008-10-29,0.0123713339075104
2008-10-30,0.00835601702866136
2008-10-31,0.00820850043274944
2008-11-01,0.00913003485425004
2008-11-02,0.00912783536522507
2008-11-03,0.00912563636188795
2008-11-04,0.00912343784334322
2008-11-05,0.00912123990571355
2008-11-06,0.00911904237317209
2008-11-07,0.00911684551856383
2008-11-08,0.00911464927442375
2008-11-09,0.00911245321387201
2008-11-10,0.00911025797364628
2008-11-11,0.00910806298089149
2008-11-12,0.00910586873054969
2008-11-13,0.025450500185891
2008-11-14,0.00910148156692589
2008-11-15,0.00918698359942348
2008-11-16,0.00909709670158822
2008-11-17,0.0133915548198315
2008-11-18,0.0676248735661428
2008-11-19,0.059274210712015
2008-11-20,0.152096354725444
2008-11-21,0.113564724977153
2008-11-22,0.00908429833305023
2008-11-23,0.00975495189749789
2008-11-24,0.00908135303303022
2008-11-25,0.010146238137671
2008-11-26,0.00907887841954989
2008-11-27,0.00907771682654418
2008-11-28,0.00907657150214414
2008-11-29,0.00907542232477894
2008-11-30,0.00907426230645289
2008-12-01,0.00767741595725067
2008-12-02,0.00767642217695117
2008-12-03,0.00767543462596558
2008-12-04,0.00767446276685943
2008-12-05,0.0178306293038208
2008-12-06,0.0140005578628838
2008-12-07,0.0102222424602365
2008-12-08,0.00767072807505087
2008-12-09,0.00766979687282079
2008-12-10,0.00766884544912782
2008-12-11,0.0558670410072417
2008-12-12,0.00792798718630846
2008-12-13,0.00766619757973854
2008-12-14,0.0513770625307741
2008-12-15,0.0293544047647547
2008-12-16,0.0187020619325101
2008-12-17,0.00766540699136859
2008-12-18,0.00815442711898033
2008-12-19,0.00766710371871145
2008-12-20,0.00766825654543647
2008-12-21,0.00766952270823969
2008-12-22,0.01547776971941
2008-12-23,0.0201062217808585
2008-12-24,0.0123799821030493
2008-12-25,0.00767530743414121
2008-12-26,0.340527914615945
2008-12-27,0.17297487013187
2008-12-28,0.014084707144356
2008-12-29,0.0215879998315838
2008-12-30,0.211508689278779
2008-12-31,0.0458645427384023
2009-01-01,0.0221881661170064
2009-01-02,0.0200269916532951
2009-01-03,0.0315842252013179
2009-01-04,0.0405667319161618
2009-01-05,0.0146908307858267
2009-01-06,0.0106765998394268
2009-01-07,0.00837651924696704
2009-01-08,0.00826115539956215
2009-01-09,0.00722968106532886
2009-01-10,0.00750761829812458
2009-01-11,0.00850998545783329
2009-01-12,0.00874799232732628
2009-01-13,0.135100927968398
2009-01-14,0.468344970359002
2009-01-15,0.10746724026964
2009-01-16,1.18095136521547
2009-01-17,17.7770995476526
2009-01-18,2.81684698822774
2009-01-19,1.62844357513565
2009-01-20,0.193956281240722
2009-01-21,0.0269169755708702
2009-01-22,0.0291360650385177
2009-01-23,0.260149082890469
2009-01-24,1.04565857607903
2009-01-25,0.458262354981891
2009-01-26,0.0427739985301845
2009-01-27,0.13320574001996
2009-01-28,0.588012727415437
2009-01-29,0.195605064325229
2009-01-30,0.190151587536815
2009-01-31,0.210959283588983
2009-02-01,0.216283509177275
2009-02-02,0.215875503755934
2009-02-03,0.222410032072314
2009-02-04,0.216574644181184
2009-02-05,0.23230471557257
2009-02-06,0.220256414962822
2009-02-07,0.269126802191044
2009-02-08,0.694935350724852
2009-02-09,2.11454793472376
2009-02-10,1.36007373307503
2009-02-11,0.99818230548949
2009-02-12,1.1190297569511
2009-02-13,1.0452828883595
2009-02-14,0.988429310284841
2009-02-15,0.992307099122804
2009-02-16,0.931869712269708
2009-02-17,0.875153962192248
2009-02-18,0.820836007201799
2009-02-19,0.787153660256389
2009-02-20,0.753463995874927
2009-02-21,0.73040989799456
2009-02-22,0.725812474072256
2009-02-23,0.673488349976175
2009-02-24,0.613771316452569
2009-02-25,0.585446932349369
2009-02-26,0.558615323366154
2009-02-27,0.532035240404247
2009-02-28,0.565371900638535
2009-03-01,0.427380180333627
2009-03-02,0.434496810805791
2009-03-03,0.418156419985447
2009-03-04,0.429299211216137
2009-03-05,0.474214289314983
2009-03-06,0.497604651538975
2009-03-07,0.442325249522693
2009-03-08,0.47553079710015
2009-03-09,0.449167187389979
2009-03-10,0.439187609445083
2009-03-11,0.428293431701
2009-03-12,0.453731824323285
2009-03-13,0.476894739193163
2009-03-14,0.393194289995491
2009-03-15,0.389902504434126
2009-03-16,0.398197290809648
2009-03-17,0.449249483052629
2009-03-18,0.505363958811806
2009-03-19,0.549601756363947
2009-03-20,0.590891089862429
2009-03-21,0.647213294805782
2009-03-22,0.941325596114936
2009-03-23,1.59432033862435
2009-03-24,2.29228601346721
2009-03-25,0.919961876475239
2009-03-26,0.920287839759494
2009-03-27,0.870584735017336
2009-03-28,0.85668958082606
2009-03-29,0.838408686351289
2009-03-30,0.846402348710434
2009-03-31,0.8409438209342
2009-04-01,0.791860062125024
2009-04-02,0.754472938831548
2009-04-03,0.662075906860232
2009-04-04,0.52019124630112
2009-04-05,0.467426615200639
2009-04-06,0.424905248177961
2009-04-07,0.514332316497624
2009-04-08,0.432766902197127
2009-04-09,0.348137649833318
2009-04-10,0.342924904349436
2009-04-11,0.54457992482255
2009-04-12,0.312576199826313
2009-04-13,0.304701561342613
2009-04-14,0.667410495449822
2009-04-15,0.51421255589172
2009-04-16,0.547714780799265
2009-04-17,0.500591351422821
2009-04-18,0.4898853940146
2009-04-19,0.546235151128633
2009-04-20,0.472417678743279
2009-04-21,0.448729532625389
2009-04-22,0.418385602245075
2009-04-23,0.386024061735306
2009-04-24,0.406659476863619
2009-04-25,0.394566626847043
2009-04-26,0.324445883184832
2009-04-27,0.295243540305964
2009-04-28,0.26708702075848
2009-04-29,0.237431223386427
2009-04-30,0.204410818173335
2009-05-01,0.211824578387296
2009-05-02,0.188295456732157
2009-05-03,0.143327680826105
2009-05-04,0.206729549968444
2009-05-05,0.103278700635657
2009-05-06,0.0915909032478347
2009-05-07,0.072991594403868
2009-05-08,0.0585547464548164
2009-05-09,0.0473170034730772
2009-05-10,0.0382751786214906
2009-05-11,0.0397767583266367
2009-05-12,0.0884518060634453
2009-05-13,0.349922649846289
2009-05-14,0.125465801646234
2009-05-15,0.0441129507525381
2009-05-16,0.153817315833768
2009-05-17,1.62793585978956
2009-05-18,1.92045100533788
2009-05-19,0.831832630577489
2009-05-20,0.752858539990726
2009-05-21,0.734782916863942
2009-05-22,0.680481297405438
2009-05-23,0.625126782102198
2009-05-24,0.595280589511392
2009-05-25,0.526954934096446
2009-05-26,0.483370210012047
2009-05-27,0.43325671502605
2009-05-28,0.379319262515509
2009-05-29,0.379873521890172
2009-05-30,0.295062207380069
2009-05-31,0.261370998382869
2009-06-01,0.272555055147205
2009-06-02,0.224792277925354
2009-06-03,0.182163933975743
2009-06-04,0.147529568197905
2009-06-05,0.116950127203646
2009-06-06,0.0888716870383334
2009-06-07,0.0643880757086351
2009-06-08,0.0472453604953967
2009-06-09,0.0361034617655013
2009-06-10,0.0284694575125985
2009-06-11,0.0241251347186279
2009-06-12,0.0219151074620414
2009-06-13,0.0208762137694695
2009-06-14,0.0204627222507189
2009-06-15,0.0201432285113331
2009-06-16,0.0198345437894008
2009-06-17,0.0195370209447532
2009-06-18,0.0192383568988269
2009-06-19,0.018948167995881
2009-06-20,0.0186510279170856
2009-06-21,0.0183495493609287
2009-06-22,0.0180617304928403
2009-06-23,0.0177710188037683
2009-06-24,0.0174556089869212
2009-06-25,0.017124296267994
2009-06-26,0.0167866662886739
2009-06-27,0.0164489000406248
2009-06-28,0.0161193444645776
2009-06-29,0.0157905299564169
2009-06-30,0.0154620842747125
2009-07-01,0.0287914358288219
2009-07-02,0.0281634010343402
2009-07-03,0.0275990556343151
2009-07-04,0.0270849866730466
2009-07-05,0.0265475033236003
2009-07-06,0.0259856691598279
2009-07-07,0.0254193239466124
2009-07-08,0.0248368077684229
2009-07-09,0.0242434637555963
2009-07-10,0.0236758221657095
2009-07-11,0.023142765641495
2009-07-12,0.022641313905806
2009-07-13,0.0221504979968654
2009-07-14,0.0216410741622177
2009-07-15,0.0211321029475551
2009-07-16,0.0206582564408304
2009-07-17,0.0202436658566395
2009-07-18,0.0199133869863897
2009-07-19,0.0196189152597628
2009-07-20,0.0192953418177391
2009-07-21,0.0189330948739587
2009-07-22,0.0185341023279785
2009-07-23,0.0181224438783629
2009-07-24,0.0177231368600008
2009-07-25,0.0173487450984993
2009-07-26,0.0170004961807112
2009-07-27,0.0166757865322357
2009-07-28,0.0163788382292237
2009-07-29,0.0161106812702778
2009-07-30,0.0158720327973528
2009-07-31,0.0156641138016535
2009-08-01,0.0200122733306661
2009-08-02,0.0198100760664814
2009-08-03,0.0196314751353806
2009-08-04,0.0194793189048726
2009-08-05,0.0193507519001136
2009-08-06,0.0192414299259035
2009-08-07,0.0191475278101704
2009-08-08,0.0190676068135756
2009-08-09,0.0190011205720606
2009-08-10,0.0189449018655245
2009-08-11,0.0188970782297114
2009-08-12,0.01885675052502
2009-08-13,0.0188229625708713
2009-08-14,0.0187974820505068
2009-08-15,0.0187802890895355
2009-08-16,0.0187666557086789
2009-08-17,0.0187536024763073
2009-08-18,0.0187415050952939
2009-08-19,0.0187318215742976
2009-08-20,0.0187241424104273
2009-08-21,0.0187173681790075
2009-08-22,0.0187119416120576
2009-08-23,0.0187072728907517
2009-08-24,0.0187026603984655
2009-08-25,0.0186981001419708
2009-08-26,0.0186935931047326
2009-08-27,0.0186890871175235
2009-08-28,0.0186845828987525
2009-08-29,0.0186800791303366
2009-08-30,0.0186755768712998
2009-08-31,0.0186710750332341
2009-09-01,0.00978812230009303
2009-09-02,0.00978576313762532
2009-09-03,0.00978340456600687
2009-09-04,0.00978104667611336
2009-09-05,0.00977868895067646
2009-09-06,0.00977633200727369
2009-09-07,0.00977397551070252
2009-09-08,0.00977161970717652
2009-09-09,0.00976926435394104
2009-09-10,0.00976690976764605
2009-09-11,0.00976455558227333
2009-09-12,0.00976220185033558
2009-09-13,0.00975984895042931
2009-09-14,0.00975749652502623
2009-09-15,0.00975514462884035
2009-09-16,0.00975279334677296
2009-09-17,0.00975044272662011
2009-09-18,0.00974809266209824
2009-09-19,0.00974574285510989
2009-09-20,0.00974339377449817
2009-09-21,0.00974104559415328
2009-09-22,0.00973869772322589
2009-09-23,0.00973635029630024
2009-09-24,0.00973400348317841
2009-09-25,0.00973165739926334
2009-09-26,0.00972931174394195
2009-09-27,0.00972696657916054
2009-09-28,0.00972462225835964
2009-09-29,0.009722278417093
2009-09-30,0.00971993487046496
2009-10-01,0.00919282592896494
2009-10-02,0.00829011621308547
2009-10-03,0.00828811792767869
2009-10-04,0.00828612006004948
2009-10-05,0.00828412298665381
2009-10-06,0.00828212627415141
2009-10-07,0.0122822673367725
2009-10-08,0.0763715562317764
2009-10-09,0.125651911871977
2009-10-10,0.353712289076607
2009-10-11,0.253134888236042
2009-10-12,0.00829605825143401
2009-10-13,0.0422649421555594
2009-10-14,0.0151455267267013
2009-10-15,0.00840439467830463
2009-10-16,0.00843500720789129
2009-10-17,0.00845818784258943
2009-10-18,0.0684996216444774
2009-10-19,0.00849081948930892
2009-10-20,0.00850653887735956
2009-10-21,0.0257770636542004
2009-10-22,0.00853534703312075
2009-10-23,0.00854446779666616
2009-10-24,0.00854986609092936
2009-10-25,0.00855244398570044
2009-10-26,0.00855273367191836
2009-10-27,0.534920089838564
2009-10-28,0.748628247429623
2009-10-29,0.0807200708045706
2009-10-30,0.0849667722840752
2009-10-31,0.0145294438390188
2009-11-01,0.0113751004625746
2009-11-02,0.0114691482653972
2009-11-03,0.594937364583493
2009-11-04,0.0193981938204365
2009-11-05,0.117842275619131
2009-11-06,0.0123451177613564
2009-11-07,0.012473339432035
2009-11-08,0.467198267976471
2009-11-09,1.32885563806934
2009-11-10,0.974570328744684
2009-11-11,0.14370519248256
2009-11-12,0.0249210612671895
2009-11-13,0.462328113648614
2009-11-14,0.760526913744834
2009-11-15,0.0798480323278524
2009-11-16,0.0218394414069283
2009-11-17,0.0199851827125444
2009-11-18,0.019586572768723
2009-11-19,0.0207939417814001
2009-11-20,0.0262123496270205
2009-11-21,0.0850621477282432
2009-11-22,0.172386010593316
2009-11-23,0.173476883280984
2009-11-24,0.154688056631291
2009-11-25,0.491861796025136
2009-11-26,1.14320105618066
2009-11-27,0.702136743057485
2009-11-28,0.0498615482978286
2009-11-29,0.0505205868349364
2009-11-30,0.0842474770890919
2009-12-01,0.143617991870271
2009-12-02,0.426514383764229
2009-12-03,1.43417111243967
2009-12-04,7.47114367654291
2009-12-05,3.69160404689736
2009-12-06,1.87562551235434
2009-12-07,1.07356096154511
2009-12-08,1.13150272953551
2009-12-09,1.14303514952961
2009-12-10,1.32033600651143
2009-12-11,1.68629369513871
2009-12-12,1.41766702208836
2009-12-13,1.32496852907904
2009-12-14,1.32209346794171
2009-12-15,1.25604649210561
2009-12-16,1.19723450181485
2009-12-17,1.14658930401862
2009-12-18,1.05130298913251
2009-12-19,0.98307910126114
2009-12-20,0.924627124193616
2009-12-21,0.867180882373439
2009-12-22,0.821838120098864
2009-12-23,0.769730302267256
2009-12-24,0.720122094139105
2009-12-25,0.682102320504991
2009-12-26,0.653143556062475
2009-12-27,0.608804407181544
2009-12-28,0.587743727435471
2009-12-29,0.542692036681415
2009-12-30,0.716366798032489
2009-12-31,0.639591213110308
2010-01-01,0.405259271712868
2010-01-02,0.471347126806038
2010-01-03,0.644719855460225
2010-01-04,0.727063321045092
2010-01-05,0.964392376088405
2010-01-06,0.931489859698741
2010-01-07,0.970130995753971
2010-01-08,0.967659602634596
2010-01-09,1.00757376729622
2010-01-10,0.98529959871413
2010-01-11,0.943719133781811
2010-01-12,0.881096069431751
2010-01-13,0.836668289585659
2010-01-14,0.809103058854978
2010-01-15,0.830568659046588
2010-01-16,0.791537895527949
2010-01-17,0.734806347280003
2010-01-18,0.698807473416221
2010-01-19,0.65738864997443
2010-01-20,0.626491571302721
2010-01-21,0.59089329189166
2010-01-22,0.551839917939169
2010-01-23,0.607789562524055
2010-01-24,0.827454911301959
2010-01-25,0.62950367563061
2010-01-26,0.550135271496686
2010-01-27,0.56265272503335
2010-01-28,0.559554030993915
2010-01-29,0.558596436378304
2010-01-30,0.5373859382047
2010-01-31,0.539616496751806
2010-02-01,0.563791559712253
2010-02-02,0.63561036501777
2010-02-03,0.577512259195317
2010-02-04,0.559589516799028
2010-02-05,0.56850559427998
2010-02-06,0.578874381940351
2010-02-07,0.598654744828649
2010-02-08,0.57002768946994
2010-02-09,0.539807169769029
2010-02-10,0.662872841170532
2010-02-11,0.711015031292587
2010-02-12,0.547927159972389
2010-02-13,0.591918120725098
2010-02-14,0.605386731493332
2010-02-15,0.558816133505375
2010-02-16,0.635935087864155
2010-02-17,0.568150817784944
2010-02-18,0.661672309730263
2010-02-19,0.608292992727721
2010-02-20,0.57198167474383
2010-02-21,0.600187408657815
2010-02-22,0.555253925749826
2010-02-23,0.544498767708911
2010-02-24,0.547763475364911
2010-02-25,0.537877021803163
2010-02-26,0.493855700396094
2010-02-27,0.498968050864491
2010-02-28,0.644569494007662
2010-03-01,0.452364247001194
2010-03-02,0.471717896022735
2010-03-03,0.491447141337885
2010-03-04,0.460684662114954
2010-03-05,0.448499458202831
2010-03-06,0.444769787146903
2010-03-07,0.431026225719205
2010-03-08,0.417779894992254
2010-03-09,0.41531927552409
2010-03-10,0.508299698491055
2010-03-11,0.393567803713865
2010-03-12,0.398612443646398
2010-03-13,0.371791764008013
2010-03-14,0.35073647309928
2010-03-15,0.330366076312978
2010-03-16,0.500504453042892
2010-03-17,0.377761882344101
2010-03-18,0.33180800097196
2010-03-19,0.308071893081182
2010-03-20,0.403874104855195
2010-03-21,1.00671286986849
2010-03-22,0.904846940668973
2010-03-23,0.696968792466238
2010-03-24,0.748036375542131
2010-03-25,0.691357206452229
2010-03-26,0.723249253578246
2010-03-27,0.623904656116494
2010-03-28,0.577453624020567
2010-03-29,0.528347399623257
2010-03-30,0.47690556478695
2010-03-31,0.432820084469876
2010-04-01,0.672796592885336
2010-04-02,0.429125331083151
2010-04-03,0.408897608714686
2010-04-04,0.389544747866031
2010-04-05,0.363425049902595
2010-04-06,0.332249229833898
2010-04-07,0.299930442950535
2010-04-08,0.279929149874812
2010-04-09,0.254227913196028
2010-04-10,0.246117306567235
2010-04-11,0.210001504143122
2010-04-12,0.230858782035924
2010-04-13,0.215009123980228
2010-04-14,0.166401359122127
2010-04-15,0.147729604060221
2010-04-16,0.128327964630285
2010-04-17,0.108213703340693
2010-04-18,0.0895780924803285
2010-04-19,0.0742596396712324
2010-04-20,0.0612628824777614
2010-04-21,0.049709736875554
2010-04-22,0.0432308199978537
2010-04-23,0.0369062495682662
2010-04-24,0.0325242530047289
2010-04-25,0.0273211017419827
2010-04-26,0.0221880229580845
2010-04-27,0.0229865471945527
2010-04-28,0.0190833054277842
2010-04-29,0.0156729652716685
2010-04-30,0.0147516886749555
2010-05-01,0.0175536468096738
2010-05-02,0.0171394861933618
2010-05-03,0.177700035502313
2010-05-04,0.128712279734988
2010-05-05,0.117441146436113
2010-05-06,0.102898062175559
2010-05-07,0.0202995847174283
2010-05-08,0.016949916739057
2010-05-09,0.0168476430282921
2010-05-10,0.0167182365381914
2010-05-11,0.0165750217426129
2010-05-12,0.0164174017515184
2010-05-13,0.0230760775972199
2010-05-14,0.0161427409223818
2010-05-15,0.0160096219842952
2010-05-16,0.0158565819233061
2010-05-17,0.0162732101968183
2010-05-18,0.0155323089039668
2010-05-19,0.0153806375627525
2010-05-20,0.0152245460110525
2010-05-21,0.0150773942269084
2010-05-22,0.0214801732370706
2010-05-23,0.0148108530941322
2010-05-24,0.0146523423755315
2010-05-25,0.0144978401163392
2010-05-26,0.0143592193419615
2010-05-27,0.0142089653612462
2010-05-28,0.0140469670568912
2010-05-29,0.0138748130893015
2010-05-30,0.0136935665996708
2010-05-31,0.0135046111389902
2010-06-01,0.0162291586824521
2010-06-02,0.0159918789818504
2010-06-03,0.0157522726581685
2010-06-04,0.0154904606665077
2010-06-05,0.015196852521488
2010-06-06,0.0148819773175713
2010-06-07,0.0145688976758455
2010-06-08,0.014269764039049
2010-06-09,0.0139693266943575
2010-06-10,0.0136676523900978
2010-06-11,0.0133723452045583
2010-06-12,0.0130858920616776
2010-06-13,0.0128105240223351
2010-06-14,0.0125446729847273
2010-06-15,0.0122748503031301
2010-06-16,0.0120002200420605
2010-06-17,0.0117583698668336
2010-06-18,0.0115824440240972
2010-06-19,0.0114409799075017
2010-06-20,0.011260922819887
2010-06-21,0.0110176166414135
2010-06-22,0.0107380008319984
2010-06-23,0.0104524970460267
2010-06-24,0.0102017769663896
2010-06-25,0.00996828658499543
2010-06-26,0.00976386200308258
2010-06-27,0.00955128479153057
2010-06-28,0.00934359237708028
2010-06-29,0.00914296991382032
2010-06-30,0.00895023449951311
2010-07-01,0.0166906174929282
2010-07-02,0.0163841226919793
2010-07-03,0.0161092730116621
2010-07-04,0.0158661373160391
2010-07-05,0.0156511885601333
2010-07-06,0.0154608069385566
2010-07-07,0.0152952388767761
2010-07-08,0.0151523335155013
2010-07-09,0.0150290563108145
2010-07-10,0.0149241781807752
2010-07-11,0.0148358820224165
2010-07-12,0.0169488639116434
2010-07-13,0.0147123809420112
2010-07-14,0.0146652697829075
2010-07-15,0.0146245449853386
2010-07-16,0.0145902220755737
2010-07-17,0.0145627851706726
2010-07-18,0.0145430102258756
2010-07-19,0.0167789177365611
2010-07-20,0.0145211820164092
2010-07-21,0.0145130994637746
2010-07-22,0.0145051842055322
2010-07-23,0.0144972700256834
2010-07-24,0.0144902437962414
2010-07-25,0.0144848642413504
2010-07-26,0.0144808198286896
2010-07-27,0.0189594401670462
2010-07-28,0.0144738078972434
2010-07-29,0.0144703195375486
2010-07-30,0.0144668314687976
2010-07-31,0.0144633445763493
2010-08-01,0.0186869315052578
2010-08-02,0.0186824276780739
2010-08-03,0.0186779241567236
2010-08-04,0.0186734218719008
2010-08-05,0.0186689214598596
2010-08-06,0.0195851701220612
2010-08-07,0.0186599226758675
2010-08-08,0.0186554254079163
2010-08-09,0.018650928320467
2010-08-10,0.0186464331663662
2010-08-11,0.0186419384812103
2010-08-12,0.0186374457138115
2010-08-13,0.0186329534267515
2010-08-14,0.0186284620823787
2010-08-15,0.0186239726719542
2010-08-16,0.0186194830948204
2010-08-17,0.0186149955098031
2010-08-18,0.0186105090581694
2010-08-19,0.0186060231102618
2010-08-20,0.0186015384510533
2010-08-21,0.0185970548466711
2010-08-22,0.0185925727402743
2010-08-23,0.0185880909043304
2010-08-24,0.0185836108236319
2010-08-25,0.0185791317779705
2010-08-26,0.0185746538189181
2010-08-27,0.0185701765051148
2010-08-28,0.0185657007870437
2010-08-29,0.0185612253214353
2010-08-30,0.0185567518809254
2010-08-31,0.0203281420563827
2010-09-01,0.0100217637352698
2010-09-02,0.00974950952793408
2010-09-03,0.00972115693561215
2010-09-04,0.0097188138807819
2010-09-05,0.0097164713988773
2010-09-06,0.00971412951819868
2010-09-07,0.00971178810950771
2010-09-08,0.00970944733317306
2010-09-09,0.0097071072061752
2010-09-10,0.00970476747664049
2010-09-11,0.00970242824676493
2010-09-12,0.00970008962157429
2010-09-13,0.00969775178942341
2010-09-14,0.00969541424908093
2010-09-15,0.009693077481968
2010-09-16,0.0096907411208084
2010-09-17,0.00968840553287825
2010-09-18,0.0096860703185132
2010-09-19,0.00968373554720656
2010-09-20,0.00968140160132777
2010-09-21,0.00967906823151917
2010-09-22,0.009676735340616
2010-09-23,0.00967440283239692
2010-09-24,0.00967207116721504
2010-09-25,0.00966973992024995
2010-09-26,0.00966740913678231
2010-09-27,0.00966507934571502
2010-09-28,0.00966274955433314
2010-09-29,0.00966042057548693
2010-09-30,0.00965809220478466
2010-10-01,0.0082393565078787
2010-10-02,0.00823737055214262
2010-10-03,0.00823538521408409
2010-10-04,0.00823340019935375
2010-10-05,0.0202065983465755
2010-10-06,0.00977009702787818
2010-10-07,0.00822744818505632
2010-10-08,0.0273451158490104
2010-10-09,0.00845578403897978
2010-10-10,0.00822150065683679
2010-10-11,0.00821951900874435
2010-10-12,0.0082175380974645
2010-10-13,0.00821555740862371
2010-10-14,0.00821357740266277
2010-10-15,0.00821159750564062
2010-10-16,0.00820961832825844
2010-10-17,0.0105617896445398
2010-10-18,0.00820566151097996
2010-10-19,0.00820368372135991
2010-10-20,0.00820170642920909
2010-10-21,0.00819972953015023
2010-10-22,0.00819775319725106
2010-10-23,0.0708971226460974
2010-10-24,0.057029427725928
2010-10-25,0.00819182732987298
2010-10-26,0.00818985357984275
2010-10-27,0.00818788101767462
2010-10-28,0.00818590903320409
2010-10-29,0.00909477059575861
2010-10-30,0.00818196707828898
2010-10-31,0.060898145052909
2010-11-01,0.435784188024327
2010-11-02,0.523976255852591
2010-11-03,0.0140208899166948
2010-11-04,0.446829943076122
2010-11-05,0.0182595325209232
2010-11-06,0.0177373423666393
2010-11-07,0.0101183196785134
2010-11-08,0.0102435518279868
2010-11-09,0.290964040891434
2010-11-10,0.0234811230885522
2010-11-11,0.0106273177752288
2010-11-12,0.0173952070514858
2010-11-13,0.010826170252255
2010-11-14,0.0108777375855185
2010-11-15,0.0109068242785017
2010-11-16,0.010917416529434
2010-11-17,0.0109207300764369
2010-11-18,0.0109257532372217
2010-11-19,0.128712169180857
2010-11-20,0.0109496521591206
2010-11-21,0.0109575855280016
2010-11-22,0.0109460022766533
2010-11-23,0.0642428296619404
2010-11-24,0.0122119287460942
2010-11-25,0.0109483219049333
2010-11-26,0.0109672359843481
2010-11-27,0.0109851787643064
2010-11-28,0.149604356879076
2010-11-29,0.641317854048825
2010-11-30,0.393763335286614
2010-12-01,0.0164665281921176
2010-12-02,0.0127941009978175
2010-12-03,0.687378630141127
2010-12-04,1.54549847365789
2010-12-05,3.79281831997778
2010-12-06,23.7557266127311
2010-12-07,23.107979293508
2010-12-08,2.88430411804331
2010-12-09,0.409373423837736
2010-12-10,0.0595751519612668
2010-12-11,0.0850211311357846
2010-12-12,0.608881406502934
2010-12-13,1.94312374501152
2010-12-14,0.731153868836529
2010-12-15,0.547432072495697
2010-12-16,0.585884384468513
2010-12-17,0.601055903455372
2010-12-18,0.594726089510219
2010-12-19,0.575892249202032
2010-12-20,0.554075434152463
2010-12-21,0.532107547102476
2010-12-22,0.509858098381782
2010-12-23,0.488685627667822
2010-12-24,0.455627078627918
2010-12-25,0.430177466629477
2010-12-26,0.405503181740138
2010-12-27,0.380636699975287
2010-12-28,0.357436924482662
2010-12-29,0.339889170579294
2010-12-30,0.330053029744819
2010-12-31,0.312725843723905
2011-01-01,0.223260143119723
2011-01-02,0.212358745205711
2011-01-03,0.201396481169079
2011-01-04,0.190582346323889
2011-01-05,0.179413990280437
2011-01-06,0.168856021254562
2011-01-07,0.255782785356545
2011-01-08,0.170590249966476
2011-01-09,0.151912095067363
2011-01-10,0.149256898394944
2011-01-11,0.14161787909603
2011-01-12,0.135692138245906
2011-01-13,0.132062282408009
2011-01-14,0.128513968263382
2011-01-15,0.125283273657655
2011-01-16,0.121507981845227
2011-01-17,0.11718487420148
2011-01-18,0.117407175537628
2011-01-19,0.115767928537767
2011-01-20,0.109390345219721
2011-01-21,0.105767558596519
2011-01-22,0.0991702245537706
2011-01-23,0.0936708021817963
2011-01-24,0.0871305309895026
2011-01-25,0.0809019782191688
2011-01-26,0.19060137101158
2011-01-27,0.429968002761714
2011-01-28,0.310771933982833
2011-01-29,0.171308296099232
2011-01-30,0.158796702042169
2011-01-31,0.183141485942317
2011-02-01,0.189028780642424
2011-02-02,0.20288484972941
2011-02-03,0.212434701671725
2011-02-04,0.204900003865053
2011-02-05,0.200797185186331
2011-02-06,0.199833576145139
2011-02-07,0.205537670970643
2011-02-08,0.216186775913949
2011-02-09,0.195698364709983
2011-02-10,0.216458196538745
2011-02-11,0.219965337463162
2011-02-12,0.241037239337631
2011-02-13,0.224538785168838
2011-02-14,0.471031376222447
2011-02-15,0.391055670000996
2011-02-16,0.280981336390561
2011-02-17,0.339236375465145
2011-02-18,0.339343057249986
2011-02-19,0.335377523707156
2011-02-20,0.344117686151566
2011-02-21,0.347243838810308
2011-02-22,0.368002805347328
2011-02-23,0.354675534985513
2011-02-24,0.426357277101627
2011-02-25,0.384784836615503
2011-02-26,0.428141804187379
2011-02-27,0.430388455285697
2011-02-28,0.447304816429103
2011-03-01,0.347304442455863
2011-03-02,0.392550789818705
2011-03-03,0.37004266008944
2011-03-04,0.368624005192928
2011-03-05,0.349666302539321
2011-03-06,0.342719634884342
2011-03-07,0.333867286892385
2011-03-08,0.326487567587686
2011-03-09,0.319990972512585
2011-03-10,0.311693599077949
2011-03-11,0.292929186718893
2011-03-12,0.299944029686037
2011-03-13,0.326264266542518
2011-03-14,0.318370204534712
2011-03-15,0.294743304063994
2011-03-16,0.372898788988654
2011-03-17,0.740794233812613
2011-03-18,0.528177743685751
2011-03-19,0.556600405879524
2011-03-20,0.79621373962381
2011-03-21,0.578283052170417
2011-03-22,0.57678495030152
2011-03-23,0.561178463469251
2011-03-24,0.504770054436984
2011-03-25,0.458161313849197
2011-03-26,0.650968319276902
2011-03-27,0.852519765428743
2011-03-28,0.787792175610975
2011-03-29,0.628846364922719
2011-03-30,0.630442105994088
2011-03-31,0.590132196684864
2011-04-01,0.575906650386981
2011-04-02,0.541085619822674
2011-04-03,0.479018798499178
2011-04-04,0.433854341066786
2011-04-05,0.393672840001324
2011-04-06,0.359531041170255
2011-04-07,0.399265113813281
2011-04-08,0.312625625382024
2011-04-09,0.445783915298063
2011-04-10,0.526104719745458
2011-04-11,0.306110606027946
2011-04-12,0.813579708491596
2011-04-13,1.20568334945759
2011-04-14,0.724452551274309
2011-04-15,0.760783005984927
2011-04-16,0.736890116448424
2011-04-17,0.753033791777143
2011-04-18,0.652016123563443
2011-04-19,0.591928604508892
2011-04-20,0.638564237730031
2011-04-21,0.512877924269675
2011-04-22,0.495495581096098
2011-04-23,0.466682827079065
2011-04-24,0.426685503699244
2011-04-25,0.389095913029102
2011-04-26,0.389159865491978
2011-04-27,0.342985264095906
2011-04-28,0.308215488888152
2011-04-29,0.280144243282831
2011-04-30,0.25639338859158
2011-05-01,0.320816452686363
2011-05-02,0.276134640425162
2011-05-03,0.248202538803122
2011-05-04,0.240049917309521
2011-05-05,0.198196750265723
2011-05-06,0.21880176437432
2011-05-07,0.172376276547918
2011-05-08,0.167322701928605
2011-05-09,0.437481716418086
2011-05-10,0.858834180695216
2011-05-11,0.444289195174513
2011-05-12,0.509148501152391
2011-05-13,0.437611163720436
2011-05-14,0.426349700835344
2011-05-15,0.395220135429354
2011-05-16,0.352816665565844
2011-05-17,0.304148907970254
2011-05-18,0.254619731771028
2011-05-19,0.209087427223769
2011-05-20,0.173590857906852
2011-05-21,0.14807238614426
2011-05-22,0.125455388813904
2011-05-23,0.101979804075536
2011-05-24,0.079773088672824
2011-05-25,0.0612114594983623
2011-05-26,0.0457828395213097
2011-05-27,0.0341715805013693
2011-05-28,0.0267354595071445
2011-05-29,0.0962348526432855
2011-05-30,0.417395483590903
2011-05-31,0.493846610777354
2011-06-01,0.050422456536542
2011-06-02,0.0939103163704535
2011-06-03,0.065965337138791
2011-06-04,0.0733001797936698
2011-06-05,0.0547224912321407
2011-06-06,0.0503011799578187
2011-06-07,0.0449291545004682
2011-06-08,0.0379144794035806
2011-06-09,0.0313569533404095
2011-06-10,0.0815881196170929
2011-06-11,0.0282866625421643
2011-06-12,0.0250841554119443
2011-06-13,0.0228614838740192
2011-06-14,0.0211574801771133
2011-06-15,0.0205714883705973
2011-06-16,0.0203073077415793
2011-06-17,0.0200474554352409
2011-06-18,0.0198001078358016
2011-06-19,0.0195748065697825
2011-06-20,0.019368625153269
2011-06-21,0.0191519649010913
2011-06-22,0.025185811712116
2011-06-23,0.0191612405479191
2011-06-24,0.0357695943143545
2011-06-25,0.0184813770326727
2011-06-26,0.0191086029918521
2011-06-27,0.0180065006500835
2011-06-28,0.0177200236682357
2011-06-29,0.0174386823916412
2011-06-30,0.0171570760689712
2011-07-01,0.0320874305513875
2011-07-02,0.0315282914769843
2011-07-03,0.0309760140688805
2011-07-04,0.03047077528399
2011-07-05,0.0300133042091934
2011-07-06,0.0295466333483558
2011-07-07,0.0290270527043866
2011-07-08,0.0284730293454851
2011-07-09,0.0279138199360607
2011-07-10,0.0273715413813852
2011-07-11,0.0268168943945158
2011-07-12,0.0262291309451573
2011-07-13,0.0256545327597081
2011-07-14,0.0250898037949386
2011-07-15,0.0245655295569596
2011-07-16,0.0240862394826608
2011-07-17,0.0236034114987083
2011-07-18,0.0231318297382695
2011-07-19,0.0226470955553433
2011-07-20,0.0221037655594798
2011-07-21,0.0215386401068753
2011-07-22,0.0209800442430882
2011-07-23,0.0204297543125399
2011-07-24,0.0198995872057069
2011-07-25,0.0194186435187583
2011-07-26,0.0189648046861419
2011-07-27,0.0185125196349547
2011-07-28,0.0180873527472586
2011-07-29,0.0176919619384693
2011-07-30,0.0173261039760743
2011-07-31,0.0169865442917753
2011-08-01,0.0215496642241343
2011-08-02,0.0211851833814215
2011-08-03,0.0208543108443598
2011-08-04,0.020558841632324
2011-08-05,0.0202932056422264
2011-08-06,0.020053749447391
2011-08-07,0.0198371543423031
2011-08-08,0.0196470776827018
2011-08-09,0.019486788104932
2011-08-10,0.0193497912105866
2011-08-11,0.0192354390082769
2011-08-12,0.0191435793907267
2011-08-13,0.019067077119251
2011-08-14,0.0190057204855877
2011-08-15,0.0189597631104047
2011-08-16,0.0189189519492422
2011-08-17,0.0188792742520428
2011-08-18,0.0188445777326192
2011-08-19,0.0188166036243979
2011-08-20,0.0187959374183583
2011-08-21,0.018781225841281
2011-08-22,0.0187697624090932
2011-08-23,0.0187588272787873
2011-08-24,0.0187473460824605
2011-08-25,0.0187359393206524
2011-08-26,0.018726141296129
2011-08-27,0.0187184130105736
2011-08-28,0.0187118177236346
2011-08-29,0.0187059752834582
2011-08-30,0.0187010928341887
2011-08-31,0.0186965803723008
2011-09-01,0.00980149347050144
2011-09-02,0.0097991309849394
2011-09-03,0.0097967689870873
2011-09-04,0.00979440763794299
2011-09-05,0.00979204675606957
2011-09-06,0.00978968653170846
2011-09-07,0.00978732703278058
2011-09-08,0.00978496800741256
2011-09-09,0.00978260932888163
2011-09-10,0.00978025159464013
2011-09-11,0.00977789392863408
2011-09-12,0.00977553735376525
2011-09-13,0.00977318081631582
2011-09-14,0.00977082547440047
2011-09-15,0.00976847036454835
2011-09-16,0.00976611587290249
2011-09-17,0.00976376200606626
2011-09-18,0.00976140846248337
2011-09-19,0.00975905563081254
2011-09-20,0.00975670329691397
2011-09-21,0.00975435171737803
2011-09-22,0.00975200044317183
2011-09-23,0.00974964999502247
2011-09-24,0.00974730015721817
2011-09-25,0.00974495080052044
2011-09-26,0.00974260187115857
2011-09-27,0.00974025363295506
2011-09-28,0.00973790568718894
2011-09-29,0.00973555872596179
2011-09-30,0.00973321211565947
2011-10-01,0.00830344159691936
2011-10-02,0.00830144017375347
2011-10-03,0.00829943915468071
2011-10-04,0.00829743895399049
2011-10-05,0.00829543896929959
2011-10-06,0.00829343932618278
2011-10-07,0.00829144046844488
2011-10-08,0.241415044669431
2011-10-09,0.00828744781835443
2011-10-10,0.0144134857579636
2011-10-11,0.00828349237434867
2011-10-12,0.00828152327273121
2011-10-13,0.00827955565708177
2011-10-14,0.00827758795261768
2011-10-15,0.00827561929936652
2011-10-16,0.00827364910406801
2011-10-17,0.00827167748934536
2011-10-18,0.00826970506348491
2011-10-19,0.00826773152220931
2011-10-20,0.0127862028198292
2011-10-21,0.00826378331029021
2011-10-22,0.00826180860556979
2011-10-23,0.00825983255440888
2011-10-24,0.102944214109417
2011-10-25,0.00825588148539562
2011-10-26,0.00825391588565042
2011-10-27,0.0082519546630443
2011-10-28,0.00824999490574539
2011-10-29,0.00824803492439749
2011-10-30,0.00824607471873228
2011-10-31,0.00824411522787726
2011-11-01,0.00916967883639542
2011-11-02,0.0137964348310522
2011-11-03,0.27761510696647
2011-11-04,0.35948491860428
2011-11-05,0.0164439544596442
2011-11-06,0.00920632112588232
2011-11-07,0.0092389886476725
2011-11-08,0.00926948317147571
2011-11-09,0.0462787806006757
2011-11-10,0.0492155879499911
2011-11-11,0.0110298128061259
2011-11-12,0.022720419130634
2011-11-13,0.0234248337962521
2011-11-14,0.0212038531718904
2011-11-15,0.00983684106488969
2011-11-16,0.00948787830363476
2011-11-17,0.00950985788143095
2011-11-18,0.0226579182290154
2011-11-19,0.311440440563173
2011-11-20,0.0113734348753446
2011-11-21,0.00967597867540979
2011-11-22,0.00975055258869054
2011-11-23,0.00981647571767492
2011-11-24,0.192094238789709
2011-11-25,0.646899562797686
2011-11-26,0.0133799574757715
2011-11-27,0.0107322753476972
2011-11-28,0.010927651780925
2011-11-29,0.0110493250348646
2011-11-30,0.0111222451204143
2011-12-01,0.00944622196517051
2011-12-02,0.00946603363057868
2011-12-03,0.00947470734080937
2011-12-04,0.00947738794939718
2011-12-05,0.00948009942139254
2011-12-06,0.00948252972325988
2011-12-07,0.0137578238743307
2011-12-08,0.0100520682359952
2011-12-09,0.0094941332398946
2011-12-10,0.0280264948312018
2011-12-11,0.0178218324915765
2011-12-12,0.0135183226003697
2011-12-13,0.00957071239165011
2011-12-14,0.00953008997547557
2011-12-15,0.00952040199269782
2011-12-16,0.00950854353568877
2011-12-17,0.0138963630240971
2011-12-18,0.2369546718957
2011-12-19,0.0317239722945963
2011-12-20,0.0290930914499957
2011-12-21,0.0342443135589102
2011-12-22,0.295828912573906
2011-12-23,0.28037139699443
2011-12-24,0.0456816847171369
2011-12-25,0.0157508189297235
2011-12-26,0.0104504398854265
2011-12-27,0.0105417390340236
2011-12-28,0.0105987102551332
2011-12-29,0.097875889472219
2011-12-30,0.917396012762683
2011-12-31,0.331445485059648
2012-01-01,0.0530141994871022
2012-01-02,0.0150427585130028
2012-01-03,0.0283127066674844
2012-01-04,0.0216148422736686
2012-01-05,0.0153612284315305
2012-01-06,0.0113500184199061
2012-01-07,0.0106536277520345
2012-01-08,0.015719050014651
2012-01-09,0.0136631459091862
2012-01-10,0.0894876835642672
2012-01-11,0.201121453258675
2012-01-12,1.04163583288558
2012-01-13,0.331409885254475
2012-01-14,0.787116523882053
2012-01-15,19.1004903128534
2012-01-16,19.3284425880415
2012-01-17,7.27154291186726
2012-01-18,3.24038496256449
2012-01-19,10.2036709796801
2012-01-20,2.80321744274745
2012-01-21,2.82798248243071
2012-01-22,1.84298407817342
2012-01-23,2.23075668031797
2012-01-24,6.22604063780518
2012-01-25,6.7060240368315
2012-01-26,2.23593704786318
2012-01-27,1.69296532762309
2012-01-28,1.6847232230217
2012-01-29,1.82107345588061
2012-01-30,4.90129497366202
2012-01-31,8.48069584784361
2012-02-01,1.81093562630057
2012-02-02,4.55642043376303
2012-02-03,9.39708927104504
2012-02-04,3.22770809796354
2012-02-05,2.36422573985322
2012-02-06,2.5450537075721
2012-02-07,5.21635803986779
2012-02-08,3.82597566772141
2012-02-09,2.01730989620451
2012-02-10,2.05806213105782
2012-02-11,2.09356571686686
2012-02-12,1.87182203677397
2012-02-13,1.7937382447283
2012-02-14,2.13143435753697
2012-02-15,1.77461562730522
2012-02-16,1.70226079157396
2012-02-17,1.61062025725269
2012-02-18,1.53500329657157
2012-02-19,1.47212701288076
2012-02-20,1.41656830324468
2012-02-21,1.37199273918827
2012-02-22,1.30591870579017
2012-02-23,1.20680530254415
2012-02-24,1.13906573998002
2012-02-25,1.05424037913708
2012-02-26,1.01779394966921
2012-02-27,1.04811910986419
2012-02-28,1.07313605965316
2012-02-29,1.0820750825868
2012-03-01,0.898879932008781
2012-03-02,0.871205320867559
2012-03-03,0.88675782671611
2012-03-04,0.95783687723501
2012-03-05,0.911050020663417
2012-03-06,0.715352551000827
2012-03-07,0.722030560247895
2012-03-08,0.640109476080602
2012-03-09,0.511137451491764
2012-03-10,0.459540159409748
2012-03-11,0.441544512267375
2012-03-12,0.417836408738313
2012-03-13,0.391073737849246
2012-03-14,0.376010097804338
2012-03-15,0.363657037577101
2012-03-16,0.351668151828667
2012-03-17,0.319016016481543
2012-03-18,0.296448366915003
2012-03-19,1.16308368797609
2012-03-20,0.814593469451214
2012-03-21,0.597478450479789
2012-03-22,0.825458388644552
2012-03-23,0.671926030235425
2012-03-24,0.715767774903402
2012-03-25,0.786459988089595
2012-03-26,0.796530790471141
2012-03-27,0.810593338355609
2012-03-28,0.834849776068137
2012-03-29,0.830012604266207
2012-03-30,0.891302271616702
2012-03-31,0.836055144473686
2012-04-01,0.834084783257884
2012-04-02,0.755481409387221
2012-04-03,0.684814023573438
2012-04-04,0.624974315661766
2012-04-05,0.77206932811376
2012-04-06,0.571863759786026
2012-04-07,0.532809305516239
2012-04-08,0.706738398841934
2012-04-09,0.600694036795678
2012-04-10,0.561612005219472
2012-04-11,0.535461988102614
2012-04-12,0.530756330540556
2012-04-13,0.512972760063588
2012-04-14,0.465131426223271
2012-04-15,0.420555634353325
2012-04-16,0.373566832010105
2012-04-17,0.336982935869828
2012-04-18,0.293413741814231
2012-04-19,0.25946585549135
2012-04-20,0.232157120518248
2012-04-21,0.20885222626556
2012-04-22,0.189233004057423
2012-04-23,0.17209822256173
2012-04-24,0.155571875214153
2012-04-25,0.139671606379274
2012-04-26,0.125661801854947
2012-04-27,0.109875587800721
2012-04-28,0.149756436087322
2012-04-29,0.414740109361024
2012-04-30,0.154739051779479
2012-05-01,0.340859018521462
2012-05-02,0.19308333792079
2012-05-03,0.205714151157061
2012-05-04,0.203243535090927
2012-05-05,0.200909451583784
2012-05-06,0.194163076256771
2012-05-07,0.181888981692682
2012-05-08,0.170219420546083
2012-05-09,0.159217720975209
2012-05-10,0.142522436682513
2012-05-11,0.12493275049295
2012-05-12,0.105789277100443
2012-05-13,0.144083186070049
2012-05-14,0.138878154786895
2012-05-15,0.0812425095038452
2012-05-16,0.092876870469668
2012-05-17,0.0755612622606915
2012-05-18,0.0652895546446554
2012-05-19,0.0607541353631851
2012-05-20,0.0528084742105959
2012-05-21,0.0448662226462545
2012-05-22,0.0371056589050404
2012-05-23,0.0302683575534864
2012-05-24,0.0248138733949626
2012-05-25,0.0212271223659606
2012-05-26,0.0189717666209689
2012-05-27,0.0175755921455359
2012-05-28,0.0168523702183873
2012-05-29,0.0201350013391452
2012-05-30,0.018583228014677
2012-05-31,0.0277181201932385
2012-06-01,0.0197089214624118
2012-06-02,0.0194815427722699
2012-06-03,0.0192550798512244
2012-06-04,0.0190535872549393
2012-06-05,0.0188571295243746
2012-06-06,0.0186487151577949
2012-06-07,0.0184223065807359
2012-06-08,0.0182048856434731
2012-06-09,0.0179919163357415
2012-06-10,0.0177595620124343
2012-06-11,0.0175219578854035
2012-06-12,0.0172703687429388
2012-06-13,0.0169874941254733
2012-06-14,0.0167038753831805
2012-06-15,0.0164369635588582
2012-06-16,0.0161689244897256
2012-06-17,0.0159091492044398
2012-06-18,0.0156635559509285
2012-06-19,0.0154226231998483
2012-06-20,0.0151792703955904
2012-06-21,0.0149077411518481
2012-06-22,0.0146122438301577
2012-06-23,0.0143059311205582
2012-06-24,0.013990688983274
2012-06-25,0.0136733512977743
2012-06-26,0.0133644106571762
2012-06-27,0.013061592586383
2012-06-28,0.012750777283607
2012-06-29,0.0124391062837657
2012-06-30,0.0121319082715544
2012-07-01,0.02250503551127
2012-07-02,0.0219384002073912
2012-07-03,0.0214060125637697
2012-07-04,0.0208989960795053
2012-07-05,0.0203853717755567
2012-07-06,0.0198708675599667
2012-07-07,0.0193664653338098
2012-07-08,0.0188730314851891
2012-07-09,0.0184004725692905
2012-07-10,0.0179585488250041
2012-07-11,0.0175493740170149
2012-07-12,0.0171709181259754
2012-07-13,0.0168282324570344
2012-07-14,0.016524402571779
2012-07-15,0.016247412867614
2012-07-16,0.0159913150265794
2012-07-17,0.0157593157782704
2012-07-18,0.0155521548802817
2012-07-19,0.0153719149816526
2012-07-20,0.0152175200928917
2012-07-21,0.0150863755985249
2012-07-22,0.0149745832611233
2012-07-23,0.0148781683195386
2012-07-24,0.0147961427104804
2012-07-25,0.0147284086880553
2012-07-26,0.0146736039645832
2012-07-27,0.0146301039670139
2012-07-28,0.0145956653475643
2012-07-29,0.0145673211117969
2012-07-30,0.0145448830823484
2012-07-31,0.0145294877361967
2012-08-01,0.0187625750011805
2012-08-02,0.0187500518799068
2012-08-03,0.0187382037431413
2012-08-04,0.0187280550389359
2012-08-05,0.0187209332305467
2012-08-06,0.0187158879728209
2012-08-07,0.0187113769897287
2012-08-08,0.0187068668971522
2012-08-09,0.0187023580812813
2012-08-10,0.018697850217093
2012-08-11,0.018693343030536
2012-08-12,0.0186888375890301
2012-08-13,0.0186843330818159
2012-08-14,0.0186798291005159
2012-08-15,0.0186753270441688
2012-08-16,0.0246003844498023
2012-08-17,0.0204508876149476
2012-08-18,0.0307131798421295
2012-08-19,0.0186573284375496
2012-08-20,0.0186528312991279
2012-08-21,0.0186483353078824
2012-08-22,0.0186438404907984
2012-08-23,0.018639346679967
2012-08-24,0.0186348541272514
2012-08-25,0.0186303624908375
2012-08-26,0.0186258720213889
2012-08-27,0.0186213823579021
2012-08-28,0.0186168943159332
2012-08-29,0.0186124072262466
2012-08-30,0.0186079208963467
2012-08-31,0.0186034357801868
2012-09-01,0.00975266309926898
2012-09-02,0.00975031258822992
2012-09-03,0.00974796229573266
2012-09-04,0.00974561276545923
2012-09-05,0.00974326371817916
2012-09-06,0.00974091535859843
2012-09-07,0.00973856732541546
2012-09-08,0.00973622027488493
2012-09-09,0.0319469080385123
2012-09-10,0.00973152725521309
2012-09-11,0.00972918164926014
2012-09-12,0.00972683665962664
2012-09-13,0.00972449244793944
2012-09-14,0.00972214843372609
2012-09-15,0.0451398585002694
2012-09-16,0.00971746227721276
2012-09-17,0.0176702555231461
2012-09-18,0.00971277864006277
2012-09-19,0.0458952523610556
2012-09-20,0.0097080970179005
2012-09-21,0.0305491199922567
2012-09-22,0.00970341795692323
2012-09-23,0.0109600457332325
2012-09-24,0.00996763651785677
2012-09-25,0.00969640388408601
2012-09-26,0.00969406707232138
2012-09-27,0.00969173092781695
2012-09-28,0.00968939530592633
2012-09-29,0.00968706020979406
2012-09-30,0.00968472537371093
2012-10-01,0.00826207751909255
2012-10-02,0.00826008633268464
2012-10-03,0.0082580955348072
2012-10-04,0.00825610528484357
2012-10-05,0.00825411540409121
2012-10-06,0.00825212624297881
2012-10-07,0.0082501373166483
2012-10-08,0.0082481488424406
2012-10-09,0.00824616097705584
2012-10-10,0.0082441736440222
2012-10-11,0.00824218647815325
2012-10-12,0.00824020003782737
2012-10-13,0.00823821400696108
2012-10-14,0.00823622853527813
2012-10-15,0.00823424340704753
2012-10-16,0.00853306467962503
2012-10-17,0.00823027464997043
2012-10-18,0.00822829102649038
2012-10-19,0.00822630781193328
2012-10-20,0.00822432528025603
2012-10-21,0.0154453401788886
2012-10-22,0.00822036108787519
2012-10-23,0.0082183798476324
2012-10-24,0.00821639922265229
2012-10-25,0.0082144188818253
2012-10-26,0.00821243895045792
2012-10-27,0.00821045948194622
2012-10-28,0.00820848069604606
2012-10-29,0.00820650218088292
2012-10-30,0.00820452422221992
2012-10-31,0.00820254680234778
2012-11-01,0.00912341201710355
2012-11-02,0.00912755507611882
2012-11-03,0.00911901473045355
2012-11-04,0.00911681649370932
2012-11-05,0.00911461942804919
2012-11-06,0.00911242255344019
2012-11-07,0.00911022610929353
2012-11-08,0.00910803046875578
2012-11-09,0.00910583537599765
2012-11-10,0.00910364064683388
2012-11-11,0.00910144627529397
2012-11-12,0.00909925258974725
2012-11-13,0.00909705965706161
2012-11-14,0.0090948670921495
2012-11-15,0.00909267478903725
2012-11-16,0.0159493861835217
2012-11-17,0.0136904032034407
2012-11-18,0.00908610199476385
2012-11-19,0.0206398026799001
2012-11-20,0.0694222316987611
2012-11-21,0.369179544733741
2012-11-22,0.237715709960848
2012-11-23,0.0303563948341645
2012-11-24,0.0246027528942065
2012-11-25,0.0278902849835992
2012-11-26,0.0758305315022718
2012-11-27,0.122318988991532
2012-11-28,0.0390031334920054
2012-11-29,0.0222778441572917
2012-11-30,0.0492076577024088
2012-12-01,0.0107745566585659
2012-12-02,0.0131720442916353
2012-12-03,0.00952138850146491
2012-12-04,0.0128519640828415
2012-12-05,0.0206078363417033
2012-12-06,0.0089928054838764
2012-12-07,0.0124068359395076
2012-12-08,0.0110980259528616
2012-12-09,0.010719741552514
2012-12-10,0.00816328074854902
2012-12-11,0.00818357588990173
2012-12-12,0.0855840399115512
2012-12-13,0.0108411861847398
2012-12-14,0.0082483349769852
2012-12-15,0.00826600381322131
2012-12-16,0.00876151971686215
2012-12-17,0.0169649752914503
2012-12-18,0.020137324676263
2012-12-19,0.00834083258384421
2012-12-20,0.0083557963966538
2012-12-21,0.00836858534053598
2012-12-22,0.0083764993136794
2012-12-23,0.00838082423935925
2012-12-24,0.00838385538066835
2012-12-25,0.00839489308963741
2012-12-26,0.00838676264827756
2012-12-27,0.00838485651939386
2012-12-28,0.00837846392299131
2012-12-29,0.00836839366908608
2012-12-30,0.00835897699931297
2012-12-31,0.00835164597613116
2013-01-01,0.0115904388232539
2013-01-02,0.00626109894770014
2013-01-03,0.00625965790631867
2013-01-04,0.00625763808703574
2013-01-05,0.00625693468546129
2013-01-06,0.00625762609671088
2013-01-07,0.00625834777543635
2013-01-08,0.00625893755149451
2013-01-09,0.00626052567834969
2013-01-10,0.167565047427328
2013-01-11,1.24699854922369
2013-01-12,2.15757180482432
2013-01-13,0.757582109334893
2013-01-14,0.0132211230798816
2013-01-15,0.0136632791708038
2013-01-16,0.288190063475611
2013-01-17,0.979345502247116
2013-01-18,1.59539080267941
2013-01-19,0.410857087295062
2013-01-20,0.260171262403917
2013-01-21,0.186435869419232
2013-01-22,0.182559375601648
2013-01-23,0.123935078268677
2013-01-24,0.0766054442666171
2013-01-25,0.32965733757384
2013-01-26,0.0233171751955755
2013-01-27,0.241583312946945
2013-01-28,0.381045275094313
2013-01-29,0.0283290002740802
2013-01-30,0.0420280099264095
2013-01-31,0.0345472358875475
2013-02-01,0.0383401706113241
2013-02-02,0.0395295985296535
2013-02-03,0.0538551254205796
2013-02-04,0.0597858550264563
2013-02-05,0.0703541387088541
2013-02-06,0.208906192493873
2013-02-07,0.156495386278427
2013-02-08,0.0629915178156834
2013-02-09,0.0788232169139838
2013-02-10,0.0948389379639342
2013-02-11,0.114748020465665
2013-02-12,0.100520890696716
2013-02-13,0.111045221689719
2013-02-14,0.107675687808134
2013-02-15,0.101443167339926
2013-02-16,0.294241367501392
2013-02-17,0.214512010155429
2013-02-18,0.162123981913996
2013-02-19,0.230501770700232
2013-02-20,0.490845196575602
2013-02-21,0.349875174836489
2013-02-22,0.305207078592592
2013-02-23,0.403830755791847
2013-02-24,0.33304434705918
2013-02-25,0.33352830524968
2013-02-26,0.35617316989275
2013-02-27,0.791770670830316
2013-02-28,0.643732040234843
2013-03-01,0.531672466026146
2013-03-02,0.594413170371269
2013-03-03,0.685076314106161
2013-03-04,0.664528545930404
2013-03-05,0.693945080788845
2013-03-06,0.756598368324846
2013-03-07,0.846285747270288
2013-03-08,0.850289589494937
2013-03-09,0.933081694200386
2013-03-10,0.838242045289936
2013-03-11,0.812664731821204
2013-03-12,0.777437490252156
2013-03-13,0.705353762286863
2013-03-14,0.645032091971902
2013-03-15,0.601527325276659
2013-03-16,0.767461207068813
2013-03-17,0.658645602909707
2013-03-18,0.537843046631352
2013-03-19,0.532941938834968
2013-03-20,0.533090892552953
2013-03-21,0.485128690717571
2013-03-22,0.731631370728686
2013-03-23,0.763369828520976
2013-03-24,0.542158954097382
2013-03-25,0.556593355151738
2013-03-26,0.560013944896151
2013-03-27,0.54337539564769
2013-03-28,0.648258924164692
2013-03-29,0.944107431716794
2013-03-30,0.788933470268331
2013-03-31,0.762870246930489
2013-04-01,0.759731504611487
2013-04-02,0.716244007796504
2013-04-03,0.653632889330592
2013-04-04,0.585970152437107
2013-04-05,0.520238628252469
2013-04-06,0.456637895196957
2013-04-07,0.396558871466611
2013-04-08,0.478743592298966
2013-04-09,0.799941250100358
2013-04-10,0.590904774619568
2013-04-11,0.474211289612543
2013-04-12,0.861092363233931
2013-04-13,1.10480853309487
2013-04-14,1.06622195222846
2013-04-15,0.887016979666541
2013-04-16,0.867492086366566
2013-04-17,0.802336140123486
2013-04-18,0.90176425094579
2013-04-19,0.711558730071081
2013-04-20,0.662825966121209
2013-04-21,0.605947714252038
2013-04-22,0.544747665725893
2013-04-23,0.48436870436017
2013-04-24,0.431982108476059
2013-04-25,0.382551621562683
2013-04-26,0.3404970053845
2013-04-27,0.300349031196847
2013-04-28,0.264894620822119
2013-04-29,0.234615658060695
2013-04-30,0.216989267173866
2013-05-01,0.237141882710983
2013-05-02,0.710404058361013
2013-05-03,0.401572817164689
2013-05-04,0.261925924392533
2013-05-05,0.266784963026056
2013-05-06,0.25051589599299
2013-05-07,0.302669533772154
2013-05-08,0.299607197646326
2013-05-09,0.233778632027886
2013-05-10,0.240431666404949
2013-05-11,0.234738011364471
2013-05-12,0.3041943026934
2013-05-13,0.229740585853875
2013-05-14,0.210129201554325
2013-05-15,0.239052954371881
2013-05-16,0.182147524854528
2013-05-17,0.162091135887536
2013-05-18,0.150166410977621
2013-05-19,0.139510909019368
2013-05-20,0.140001434062426
2013-05-21,0.125511749558698
2013-05-22,0.181068627407535
2013-05-23,0.271880984611502
2013-05-24,0.282152423987039
2013-05-25,0.264365324579764
2013-05-26,0.152165670805041
2013-05-27,0.15684806812315
2013-05-28,0.1450288015548
2013-05-29,0.12487885435766
2013-05-30,0.102958504781318
2013-05-31,0.090052765729543
2013-06-01,0.0835902818286611
2013-06-02,0.0655387307064134
2013-06-03,0.0796405433269169
2013-06-04,0.0442770973548893
2013-06-05,0.0367452345557688
2013-06-06,0.0298974378975821
2013-06-07,0.0254596376265779
2013-06-08,0.0229557223346615
2013-06-09,0.0214803877344176
2013-06-10,0.0206915941161552
2013-06-11,0.0203889530211078
2013-06-12,0.0213588428404924
2013-06-13,0.0208256175649421
2013-06-14,0.0197370465031479
2013-06-15,0.0195215764950016
2013-06-16,0.0193285198677847
2013-06-17,0.123756355619258
2013-06-18,0.0192555082726591
2013-06-19,0.0188988894737653
2013-06-20,0.0187395207642704
2013-06-21,0.0185350161004619
2013-06-22,0.0182859136004845
2013-06-23,0.0180083062167187
2013-06-24,0.0177238469396305
2013-06-25,0.0174476331998625
2013-06-26,0.0171709095495084
2013-06-27,0.0606837146302428
2013-06-28,0.0168537190000717
2013-06-29,0.0166957027022151
2013-06-30,0.0164802738244817
2013-07-01,0.030966137582501
2013-07-02,0.0306369986773038
2013-07-03,0.0302718795722957
2013-07-04,0.0298027323485242
2013-07-05,0.029307068226019
2013-07-06,0.0290981788459096
2013-07-07,0.0591984901795184
2013-07-08,0.0278224060202195
2013-07-09,0.0273062066988836
2013-07-10,0.0267206283459564
2013-07-11,0.0261087014499121
2013-07-12,0.0254871816404598
2013-07-13,0.0248872505665618
2013-07-14,0.0243612969699823
2013-07-15,0.023884242042756
2013-07-16,0.023396495009999
2013-07-17,0.0228711819114723
2013-07-18,0.0222888830444427
2013-07-19,0.0216888451009962
2013-07-20,0.0211449599597989
2013-07-21,0.020670074436614
2013-07-22,0.0202307993634413
2013-07-23,0.0198107811444311
2013-07-24,0.0193655912438233
2013-07-25,0.0188991353860864
2013-07-26,0.0184469651782495
2013-07-27,0.0180188556718022
2013-07-28,0.0176301376099732
2013-07-29,0.0173215692984893
2013-07-30,0.0191252312228981
2013-07-31,0.016674143046463
2013-08-01,0.021169088083284
2013-08-02,0.0215232309047517
2013-08-03,0.0205516847598045
2013-08-04,0.0202857901087802
2013-08-05,0.0200389825839814
2013-08-06,0.0198331886498535
2013-08-07,0.0196728220895509
2013-08-08,0.0195366880347483
2013-08-09,0.019406843319275
2013-08-10,0.0192881120333393
2013-08-11,0.0191840620271581
2013-08-12,0.0190970798563981
2013-08-13,0.0190227616876934
2013-08-14,0.0189626428984258
2013-08-15,0.018917104210139
2013-08-16,0.0188804432424849
2013-08-17,0.018848642944545
2013-08-18,0.0188213537298429
2013-08-19,0.0188005952777715
2013-08-20,0.0187849044962367
2013-08-21,0.0187715946310354
2013-08-22,0.0187590516329718
2013-08-23,0.0187467144531735
2013-08-24,0.0187355843515031
2013-08-25,0.0187269100474419
2013-08-26,0.0187200828678182
2013-08-27,0.0187135449007056
2013-08-28,0.0187079678797804
2013-08-29,0.0187033967697884
2013-08-30,0.0186988882711451
2013-08-31,0.0186943813988172
2013-09-01,0.00980034057433224
2013-09-02,0.00979797853371516
2013-09-03,0.0256680834819161
2013-09-04,0.00979325578165576
2013-09-05,0.00979089508876602
2013-09-06,0.00978853516218795
2013-09-07,0.00978617600758143
2013-09-08,0.0101194341630708
2013-09-09,0.00978145880397036
2013-09-10,0.00977910133701038
2013-09-11,0.00977674418827258
2013-09-12,0.00977438770710947
2013-09-13,0.00977203163315742
2013-09-14,0.0097696764597867
2013-09-15,0.00976732161029813
2013-09-16,0.00976496747649497
2013-09-17,0.00976261374487172
2013-09-18,0.0097602605191965
2013-09-19,0.00975790807555533
2013-09-20,0.00975555618408628
2013-09-21,0.00975320477592483
2013-09-22,0.00975085390704306
2013-09-23,0.0133149399294806
2013-09-24,0.00996577224049817
2013-09-25,0.0751089268918561
2013-09-26,0.0097414563145377
2013-09-27,0.00973910829864951
2013-09-28,0.00973676087298158
2013-09-29,0.00973441409822257
2013-09-30,0.00973206789293028
2013-10-01,0.00830246528802765
2013-10-02,0.00830046415840619
2013-10-03,0.0152738754506284
2013-10-04,0.00829920418551869
2013-10-05,0.00829446371679217
2013-10-06,0.0082924645384093
2013-10-07,0.00829046566081554
2013-10-08,0.0082884674521489
2013-10-09,0.00828646973263352
2013-10-10,0.00828447238125611
2013-10-11,0.00828247569719587
2013-10-12,0.0082804793509532
2013-10-13,0.00827848355745412
2013-10-14,0.00827648817663453
2013-10-15,0.00827449329194256
2013-10-16,0.00827249899085124
2013-10-17,0.00827050486282772
2013-10-18,0.00826851169298254
2013-10-19,0.0388399692173418
2013-10-20,0.00826452618535917
2013-10-21,0.00826253427126162
2013-10-22,0.0082605427247654
2013-10-23,0.00825855177635924
2013-10-24,0.00825656121702018
2013-10-25,0.0082545711712497
2013-10-26,0.00825258163609625
2013-10-27,0.0124812603950195
2013-10-28,0.0082486041019336
2013-10-29,0.00824661592234361
2013-10-30,0.00824462815194488
2013-10-31,0.00824264110843083
2013-11-01,0.00916800714090072
2013-11-02,0.00916579742287573
2013-11-03,0.00916358850428057
2013-11-04,0.00916137994390646
2013-11-05,0.00915917164025725
2013-11-06,0.00915696404140792
2013-11-07,0.0091547570989984
2013-11-08,0.00915255056018462
2013-11-09,0.00915034437183033
2013-11-10,0.0108384141932347
2013-11-11,0.0685779944567924
2013-11-12,0.0236459689704991
2013-11-13,0.01345226248934
2013-11-14,0.0136834905529877
2013-11-15,0.0160020949819513
2013-11-16,0.0126758605067835
2013-11-17,0.012159404616249
2013-11-18,0.0280973198587579
2013-11-19,0.0122679414870254
2013-11-20,0.0861163465979028
2013-11-21,0.0170615240166547
2013-11-22,0.00950005092013162
2013-11-23,0.123692720415549
2013-11-24,0.0159376590527187
2013-11-25,0.00911566713215886
2013-11-26,0.00911385043060464
2013-11-27,0.0228076115691048
2013-11-28,0.0118511270278962
2013-11-29,0.0143208846322006
2013-11-30,0.0220552923486455
2013-12-01,0.0404565190622339
2013-12-02,0.0156146280239191
2013-12-03,0.0131203763223202
2013-12-04,0.012514539791666
2013-12-05,0.100319065402828
2013-12-06,0.82620539578942
2013-12-07,2.69556919942679
2013-12-08,0.744476008137448
2013-12-09,0.0625696801624851
2013-12-10,0.172965248787166
2013-12-11,0.923953154236281
2013-12-12,2.5994234042985
2013-12-13,0.110715972609524
2013-12-14,0.034150479500126
2013-12-15,0.0358709224328866
2013-12-16,0.0251383308745128
2013-12-17,0.0466822193232154
2013-12-18,0.0338428957009647
2013-12-19,0.0722137412368929
2013-12-20,0.0934674327323574
2013-12-21,0.0989832096640112
2013-12-22,0.145018163282486
2013-12-23,0.10147415804817
2013-12-24,0.115327606673234
2013-12-25,0.438622390654237
2013-12-26,0.772575986419902
2013-12-27,0.491688753488231
2013-12-28,0.604971891261941
2013-12-29,0.0551596287544898
2013-12-30,0.18773238209775
2013-12-31,1.22698943181862
2014-01-01,0.896918949410066
2014-01-02,0.633417189186045
2014-01-03,0.333185272923749
2014-01-04,0.348633539362393
2014-01-05,0.405640736081107
2014-01-06,0.358122917596367
2014-01-07,0.362585448226147
2014-01-08,0.375641967533259
2014-01-09,0.407912755040252
2014-01-10,0.390300816629329
2014-01-11,0.388757256060178
2014-01-12,0.413534116528605
2014-01-13,0.421578681995494
2014-01-14,0.577404972122066
2014-01-15,0.8015777463555
2014-01-16,0.661131289506229
2014-01-17,0.520285770646152
2014-01-18,0.551023318672401
2014-01-19,0.548383504169107
2014-01-20,0.543604650573445
2014-01-21,0.508863997741315
2014-01-22,0.492624564346078
2014-01-23,0.472338092883058
2014-01-24,0.46094670740169
2014-01-25,0.447041343204649
2014-01-26,0.418348620304017
2014-01-27,0.405678432357535
2014-01-28,0.380132996830992
2014-01-29,0.386239284203521
2014-01-30,0.373540662827792
2014-01-31,0.397727462309032
2014-02-01,0.377598048588547
2014-02-02,0.353905032986176
2014-02-03,0.339245134417396
2014-02-04,0.396832454529209
2014-02-05,0.575069094498344
2014-02-06,0.430244965940158
2014-02-07,0.344800255099244
2014-02-08,0.378969223725013
2014-02-09,0.423700152222165
2014-02-10,0.365720514714707
2014-02-11,0.380701313631771
2014-02-12,0.508770756965632
2014-02-13,0.410871171340022
2014-02-14,0.382202787830656
2014-02-15,0.391351040559128
2014-02-16,0.398060136618555
2014-02-17,0.459924799280412
2014-02-18,0.52948027484515
2014-02-19,0.51034203542643
2014-02-20,0.586061640216244
2014-02-21,0.604581163556268
2014-02-22,0.587429424836092
2014-02-23,0.646457893574921
2014-02-24,0.730564007298685
2014-02-25,0.653347413212918
2014-02-26,0.651231266638427
2014-02-27,0.687078987671646
2014-02-28,0.67057393947058
2014-03-01,0.541139548183417
2014-03-02,0.52020557162837
2014-03-03,0.513326321484672
2014-03-04,0.477962735232048
2014-03-05,0.457373742072775
2014-03-06,0.432505475749502
2014-03-07,0.421876754247998
2014-03-08,0.552742686990218
2014-03-09,0.475741347377248
2014-03-10,0.412863106411285
2014-03-11,0.428025822176527
2014-03-12,0.409626109796066
2014-03-13,0.454049795046429
2014-03-14,0.64231901708464
2014-03-15,0.557030217680872
2014-03-16,0.494172611848523
2014-03-17,0.508038531378279
2014-03-18,0.495781154533855
2014-03-19,0.484491098798789
2014-03-20,0.478676490913137
2014-03-21,0.461539566766279
2014-03-22,0.459509588048681
2014-03-23,0.739777654951739
2014-03-24,0.476382716986802
2014-03-25,0.489606476077645
2014-03-26,0.463795752384538
2014-03-27,0.437613761268575
2014-03-28,0.414151071487566
2014-03-29,0.40882339021419
2014-03-30,0.406891969905087
2014-03-31,0.385527700124077
2014-04-01,0.350132598644309
2014-04-02,0.359729101857283
2014-04-03,0.334056507018354
2014-04-04,0.444402467245466
2014-04-05,0.662490178565054
2014-04-06,0.544112928258473
2014-04-07,1.25812481751444
2014-04-08,2.64939740181939
2014-04-09,1.17314980844355
2014-04-10,1.22676088017737
2014-04-11,1.52372971007779
2014-04-12,1.24078525391133
2014-04-13,1.15823985769999
2014-04-14,1.3316254378054
2014-04-15,1.20887068624778
2014-04-16,1.04517966729736
2014-04-17,0.973897045566978
2014-04-18,0.878334679329497
2014-04-19,0.779155695864753
2014-04-20,0.693290512176856
2014-04-21,0.621105610890597
2014-04-22,0.57507645554585
2014-04-23,0.523694537103473
2014-04-24,0.471854658899071
2014-04-25,0.472753728602144
2014-04-26,0.563605189249943
2014-04-27,0.500188384936854
2014-04-28,0.549883242924496
2014-04-29,0.960766375670107
2014-04-30,1.04399639639596
2014-05-01,1.48378108305523
2014-05-02,1.62354306173737
2014-05-03,1.52235146947873
2014-05-04,1.39397745091626
2014-05-05,1.27994428250726
2014-05-06,1.14183581039072
2014-05-07,1.41662617731471
2014-05-08,1.80540661038121
2014-05-09,1.46493893174638
2014-05-10,1.35057296144784
2014-05-11,1.31681304270529
2014-05-12,1.15922239975187
2014-05-13,1.04029853304295
2014-05-14,0.913621137727697
2014-05-15,0.798530890411721
2014-05-16,0.693263782687838
2014-05-17,0.597935337017138
2014-05-18,0.510788486667295
2014-05-19,0.431791615364579
2014-05-20,0.366806364133263
2014-05-21,0.458883146054426
2014-05-22,0.398793035433918
2014-05-23,0.276660642537304
2014-05-24,0.25371413346458
2014-05-25,0.230317809334367
2014-05-26,0.205168833469465
2014-05-27,0.177397067106458
2014-05-28,0.272295870535572
2014-05-29,0.164258298160341
2014-05-30,0.140145913365603
2014-05-31,0.126089833878628
2014-06-01,0.133595554260127
2014-06-02,0.116886893504804
2014-06-03,0.101028111700172
2014-06-04,0.107443287649045
2014-06-05,0.0982558375807844
2014-06-06,0.0802884440291972
2014-06-07,0.0684337291125209
2014-06-08,0.0542443664225146
2014-06-09,0.0418472385133083
2014-06-10,0.0324236437640423
2014-06-11,0.0259735207939614
2014-06-12,0.0226915338864703
2014-06-13,0.0214932875032215
2014-06-14,0.021004853046697
2014-06-15,0.020801444879763
2014-06-16,0.0206412000072605
2014-06-17,0.0204826789693252
2014-06-18,0.0203294741400407
2014-06-19,0.0201609961267536
2014-06-20,0.019971642995634
2014-06-21,0.0209232144224901
2014-06-22,0.0195441865971623
2014-06-23,0.0193140177664656
2014-06-24,0.0190761226139973
2014-06-25,0.0188524364809147
2014-06-26,0.0186320415476495
2014-06-27,0.0183997361939275
2014-06-28,0.0181432906326434
2014-06-29,0.0178725732283548
2014-06-30,0.0176068616968969
2014-07-01,0.0329995856446831
2014-07-02,0.0325098582005401
2014-07-03,0.0320208173107663
2014-07-04,0.0314820627802663
2014-07-05,0.0308851272369382
2014-07-06,0.0302602349018343
2014-07-07,0.0296033125987899
2014-07-08,0.0289236727632868
2014-07-09,0.0313035955537666
2014-07-10,0.0276625479778621
2014-07-11,0.02703425819712
2014-07-12,0.0264007364459622
2014-07-13,0.0257637315419321
2014-07-14,0.0251383705733478
2014-07-15,0.0245462073783157
2014-07-16,0.0239780525120518
2014-07-17,0.02381341799993
2014-07-18,0.0230488914504595
2014-07-19,0.0227308270016487
2014-07-20,0.0223034751353836
2014-07-21,0.0218116497182471
2014-07-22,0.0213400242336808
2014-07-23,0.0208464884592316
2014-07-24,0.0203315985963538
2014-07-25,0.0198219384793567
2014-07-26,0.0193453723372796
2014-07-27,0.0189058991422281
2014-07-28,0.0184851341690571
2014-07-29,0.0180656809206415
2014-07-30,0.0176605124052131
2014-07-31,0.0172806352637918
2014-08-01,0.0218797480749247
2014-08-02,0.0214807762629996
2014-08-03,0.0211197751418329
2014-08-04,0.0207827343114107
2014-08-05,0.020481211334128
2014-08-06,0.0202126271146313
2014-08-07,0.0199775443628896
2014-08-08,0.0197733085043988
2014-08-09,0.0195989005151576
2014-08-10,0.0194505904908821
2014-08-11,0.0193259038641712
2014-08-12,0.0192202895271547
2014-08-13,0.0191270089925733
2014-08-14,0.0190466490760861
2014-08-15,0.0189806354879175
2014-08-16,0.0189267911648679
2014-08-17,0.0188831495790379
2014-08-18,0.0188468904300538
2014-08-19,0.01881687334451
2014-08-20,0.0187949625417471
2014-08-21,0.0187787480956084
2014-08-22,0.018764428073783
2014-08-23,0.0187516378781583
2014-08-24,0.0187411131022802
2014-08-25,0.0187328976554685
2014-08-26,0.115710119840177
2014-08-27,0.0591318860344702
2014-08-28,0.0200433873570361
2014-08-29,0.0391808147685299
2014-08-30,0.0187049935927528
2014-08-31,0.0187003673343534
2014-09-01,0.00980347863170906
2014-09-02,0.00980111590182026
2014-09-03,0.00979875352537191
2014-09-04,0.00979639164418029
2014-09-05,0.00979403020258807
2014-09-06,0.00979166964994246
2014-09-07,0.00978930946048513
2014-09-08,0.00978695006626878
2014-09-09,0.0131455005680362
2014-09-10,0.75399105123237
2014-09-11,0.189954636955024
2014-09-12,0.0098223827587484
2014-09-13,0.00986627635623832
2014-09-14,0.00990314654490758
2014-09-15,0.00992992585452114
2014-09-16,0.00994402558791334
2014-09-17,0.0099489854198685
2014-09-18,0.00994696875404032
2014-09-19,0.00994051042944065
2014-09-20,0.00993306423043454
2014-09-21,0.00992949722376457
2014-09-22,0.0099300985699015
2014-09-23,0.0210435793845766
2014-09-24,0.00993051435133863
2014-09-25,0.00992820365548635
2014-09-26,0.00992308291035584
2014-09-27,0.0099157471951206
2014-09-28,0.00990808825360884
2014-09-29,0.00990102048361563
2014-09-30,0.00989531208816376
2014-10-01,0.00843973805136598
2014-10-02,0.008436021713513
2014-10-03,0.00843250950119196
2014-10-04,0.00842871101383238
2014-10-05,0.0084243820959954
2014-10-06,0.00841954891311461
2014-10-07,0.00841441998476531
2014-10-08,0.00840901613408724
2014-10-09,0.00840344408379697
2014-10-10,0.00839789741758618
2014-10-11,0.00839254363528292
2014-10-12,0.0241683432414954
2014-10-13,0.00838398585022722
2014-10-14,0.00838130516661045
2014-10-15,0.00837846060202635
2014-10-16,0.00837621272604746
2014-10-17,0.00837423432626285
2014-10-18,0.00837238975536581
2014-10-19,0.00855040561967387
2014-10-20,0.00836874319012407
2014-10-21,0.00836691643420723
2014-10-22,0.00836503190960679
2014-10-23,0.00836311118942285
2014-10-24,0.00836115327764362
2014-10-25,0.00835916423405633
2014-10-26,0.00835716149825852
2014-10-27,0.00835512121319202
2014-10-28,0.00835304380387909
2014-10-29,0.00835093134927967
2014-10-30,0.00834880658540204
2014-10-31,0.00834668023117909
2014-11-01,0.00928369165628362
2014-11-02,0.00928152152018381
2014-11-03,0.00927933599282126
2014-11-04,0.00927714419121842
2014-11-05,0.00927496266010937
2014-11-06,0.00927279074365125
2014-11-07,0.00927061348671547
2014-11-08,0.00926843113587744
2014-11-09,0.00978645058603943
2014-11-10,0.00926405586787666
2014-11-11,0.00926186462121781
2014-11-12,0.00925967081507
2014-11-13,0.00925747529095408
2014-11-14,0.2272808918262
2014-11-15,0.0354498271227941
2014-11-16,0.0241475583311607
2014-11-17,0.0162651804616998
2014-11-18,0.0312687417035575
2014-11-19,0.0518121449679983
2014-11-20,0.0153417888745506
2014-11-21,0.00956107130520753
2014-11-22,0.00924068467055056
2014-11-23,0.00923939365290376
2014-11-24,0.00923815230498314
2014-11-25,0.18907238234787
2014-11-26,0.194277978295236
2014-11-27,0.114491273883078
2014-11-28,0.485435207154227
2014-11-29,1.38032136866397
2014-11-30,1.68096276897535
2014-12-01,0.0289774203604099
2014-12-02,0.0130417862931695
2014-12-03,0.011646286682244
2014-12-04,0.0136393567505899
2014-12-05,0.0191669377877878
2014-12-06,0.0270947563304707
2014-12-07,0.104280256340355
2014-12-08,0.126024955606629
2014-12-09,0.0729193885616586
2014-12-10,0.0235445492986547
2014-12-11,0.0383433730066695
2014-12-12,0.0179375515666578
2014-12-13,0.0148716374811202
2014-12-14,0.40838688858016
2014-12-15,0.335519552011973
2014-12-16,0.141571081440403
2014-12-17,0.0790493401762303
2014-12-18,0.21984562397067
2014-12-19,0.283871911076302
2014-12-20,0.0586701440196774
2014-12-21,0.0518503902588475
2014-12-22,0.665525368877047
2014-12-23,1.12970260661114
2014-12-24,0.940699017912413
2014-12-25,0.861390715129727
2014-12-26,0.0734371856660626
2014-12-27,0.0410759266148683
2014-12-28,0.0430925514016702
2014-12-29,0.0391521251526932
2014-12-30,0.0596085073084817
2014-12-31,0.106932006515674
2015-01-01,0.158225213342785
2015-01-02,0.132178656817059
2015-01-03,0.114768065311941
2015-01-04,0.170183454757859
2015-01-05,0.168660756611319
2015-01-06,0.147513000029094
2015-01-07,0.129363947995909
2015-01-08,0.105111770670507
2015-01-09,0.0933246053782494
2015-01-10,0.0908658130288003
2015-01-11,0.0634364916235458
2015-01-12,0.0528531461467332
2015-01-13,0.055200800486636
2015-01-14,0.273629873387767
2015-01-15,0.0828737098590939
2015-01-16,0.0630190970541365
2015-01-17,0.0694135018281593
2015-01-18,0.259490565027662
2015-01-19,0.141235434584616
2015-01-20,0.100910680201027
2015-01-21,0.112580849661479
2015-01-22,0.128860848750938
2015-01-23,0.195739718065532
2015-01-24,0.229590010973208
2015-01-25,0.255287594418255
2015-01-26,0.517601077771529
2015-01-27,0.674755919922193
2015-01-28,0.779925791056683
2015-01-29,0.801981938618785
2015-01-30,0.862621746495177
2015-01-31,0.859911218162345
2015-02-01,0.795402449422833
2015-02-02,0.743341965165496
2015-02-03,0.679191032930746
2015-02-04,0.649552937166131
2015-02-05,0.619427761655103
2015-02-06,0.596805044009052
2015-02-07,0.574991997192842
2015-02-08,0.532880435734677
2015-02-09,0.523828604498186
2015-02-10,0.4896581568362
2015-02-11,0.468982324074628
2015-02-12,0.542443130480237
2015-02-13,0.563900458423083
2015-02-14,0.588952776297162
2015-02-15,0.64724307230862
2015-02-16,0.679711014887244
2015-02-17,0.636870807500425
2015-02-18,0.624838245068627
2015-02-19,0.619482851538061
2015-02-20,0.606452356317827
2015-02-21,0.686722370696545
2015-02-22,0.566335800774277
2015-02-23,0.530368250353972
2015-02-24,0.500397467007977
2015-02-25,0.46795008232154
2015-02-26,0.412592126010782
2015-02-27,0.377276241056606
2015-02-28,0.346024921824715
2015-03-01,0.353933448161479
2015-03-02,0.627702718909682
2015-03-03,1.3874530402179
2015-03-04,0.894881769653007
2015-03-05,0.698622258343957
2015-03-06,0.708382222881504
2015-03-07,0.686288129980817
2015-03-08,0.62996194522504
2015-03-09,0.568779611927217
2015-03-10,0.510899462845995
2015-03-11,0.464903659519123
2015-03-12,0.432182625587174
2015-03-13,0.404936641493303
2015-03-14,0.376069796941826
2015-03-15,0.345671083081418
2015-03-16,0.331681686432222
2015-03-17,0.311288967822549
2015-03-18,0.275394577775391
2015-03-19,0.24938077467654
2015-03-20,0.224413717459248
2015-03-21,0.200974966319521
2015-03-22,0.178008788019325
2015-03-23,0.154996472559168
2015-03-24,0.133446072863023
2015-03-25,0.115131995874997
2015-03-26,0.0997755131082505
2015-03-27,0.0856551101721526
2015-03-28,0.0721988943970373
2015-03-29,0.0598044586045869
2015-03-30,0.0489528077447526
2015-03-31,0.0404676677575625
2015-04-01,0.0365463295985009
2015-04-02,0.0312814481462287
2015-04-03,0.0263603775312121
2015-04-04,0.0222664435439097
2015-04-05,0.0311626304409164
2015-04-06,0.0178333581809245
2015-04-07,0.0165482743324965
2015-04-08,0.0156179815018477
2015-04-09,0.014951952028755
2015-04-10,0.0144903813786252
2015-04-11,0.0141005085940224
2015-04-12,0.013801989743969
2015-04-13,0.0136347599399648
2015-04-14,0.0135172333899544
2015-04-15,0.0134055981030432
2015-04-16,0.0196117779435799
2015-04-17,0.0352883000913057
2015-04-18,0.0140231394152637
2015-04-19,0.0139811873699526
2015-04-20,0.0137540188378237
2015-04-21,0.0131580959487687
2015-04-22,0.0209582563230265
2015-04-23,0.0138697664884097
2015-04-24,0.105697980491086
2015-04-25,0.301056077132415
2015-04-26,0.500645071176712
2015-04-27,0.14308371145281
2015-04-28,0.0849263102971905
2015-04-29,0.0475082207641482
2015-04-30,0.0210195973450468
2015-05-01,0.0292860326036864
2015-05-02,0.180017602830844
2015-05-03,0.0327493716935456
2015-05-04,0.0319551897088646
2015-05-05,0.0300758637275793
2015-05-06,0.243554644902681
2015-05-07,0.0327440579847021
2015-05-08,0.030892786588922
2015-05-09,0.0300454823774264
2015-05-10,0.0284121989895495
2015-05-11,0.0265712442448302
2015-05-12,0.0249548636937539
2015-05-13,0.0247488598053549
2015-05-14,0.0235166787200914
2015-05-15,0.0215941288165006
2015-05-16,0.052739125145106
2015-05-17,0.0222179133069349
2015-05-18,0.036425216566212
2015-05-19,0.0269425231945928
2015-05-20,0.0586212664506293
2015-05-21,0.0554111365440703
2015-05-22,0.0338495909508244
2015-05-23,0.0180374137645875
2015-05-24,0.0167795451354279
2015-05-25,0.0415445956167669
2015-05-26,0.025801635342491
2015-05-27,0.0161141068928809
2015-05-28,0.0159693198315682
2015-05-29,0.0156103818346405
2015-05-30,0.0154370066233009
2015-05-31,0.0156020803742695
2015-06-01,0.0184061178773824
2015-06-02,0.0189538977114908
2015-06-03,0.0180169617850513
2015-06-04,0.0203258411043047
2015-06-05,0.017582634483349
2015-06-06,0.0173377421365376
2015-06-07,0.0170632521030499
2015-06-08,0.0167971249135066
2015-06-09,0.0168698105364165
2015-06-10,0.0163138137486269
2015-06-11,0.01605047090428
2015-06-12,0.0157934946923327
2015-06-13,0.0155570208187623
2015-06-14,0.0153269476922109
2015-06-15,0.0151166315890171
2015-06-16,0.0149192878851382
2015-06-17,0.0147153295318022
2015-06-18,0.0623591972479649
2015-06-19,0.0143995885141853
2015-06-20,0.0142687790480743
2015-06-21,0.0140506642199051
2015-06-22,0.0137879176145985
2015-06-23,0.0134979341920167
2015-06-24,0.0131983447964335
2015-06-25,0.0129049799042873
2015-06-26,0.0126276051977558
2015-06-27,0.0123649083951691
2015-06-28,0.0121122702840142
2015-06-29,0.0118569212264336
2015-06-30,0.0115936349854873
2015-07-01,0.0215474747527399
2015-07-02,0.0210372333054904
2015-07-03,0.020547272141343
2015-07-04,0.02010727241087
2015-07-05,0.0197348567963666
2015-07-06,0.0193875225605253
2015-07-07,0.0190101322495088
2015-07-08,0.0186114420249576
2015-07-09,0.0182174362698324
2015-07-10,0.0178277686842915
2015-07-11,0.0174481877159707
2015-07-12,0.0170987328153957
2015-07-13,0.0167856022827437
2015-07-14,0.0165035034503729
2015-07-15,0.0162481566028295
2015-07-16,0.0160146663974072
2015-07-17,0.0158023010363923
2015-07-18,0.0156102978068836
2015-07-19,0.0154436112871354
2015-07-20,0.0153014970161976
2015-07-21,0.0151756353827727
2015-07-22,0.0150625178963788
2015-07-23,0.0149635803058521
2015-07-24,0.0148813360200089
2015-07-25,0.014815361619016
2015-07-26,0.0147588209565449
2015-07-27,0.0147074022530289
2015-07-28,0.0146643692189149
2015-07-29,0.0146277881775374
2015-07-30,0.0145952822403481
2015-07-31,0.0145698841698737
2015-08-01,0.0188044733980476
2015-08-02,0.0187841972102957
2015-08-03,0.0187673072129569
2015-08-04,0.0187530714579028
2015-08-05,0.0187400192935503
2015-08-06,0.0187278313617832
2015-08-07,0.0187166752942344
2015-08-08,0.0187075454239339
2015-08-09,0.0187005582897018
2015-08-10,0.0186943397394738
2015-08-11,0.0186890939394134
2015-08-12,0.0186845063959587
2015-08-13,0.0186799863026211
2015-08-14,0.0186754838648815
2015-08-15,0.0186709823254534
2015-08-16,0.0186664817473025
2015-08-17,0.0186619823756954
2015-08-18,0.0186574841854458
2015-08-19,0.0186529871201843
2015-08-20,0.0186484909028618
2015-08-21,0.0186439963118548
2015-08-22,0.0186395022677502
2015-08-23,0.0186350092310979
2015-08-24,0.0186305179772759
2015-08-25,0.0186260274364661
2015-08-26,0.0186215378593322
2015-08-27,0.0186170494065869
2015-08-28,0.0186125620236597
2015-08-29,0.0186080757381357
2015-08-30,0.0186035908966264
2015-08-31,0.0185991066050179
2015-09-01,0.00975039347954295
2015-09-02,0.00974804346030168
2015-09-03,0.00974569379167083
2015-09-04,0.00974334475288077
2015-09-05,0.00974099634770503
2015-09-06,0.00973864836326169
2015-09-07,0.00973630104356292
2015-09-08,0.00973395418327387
2015-09-09,0.0281073751275258
2015-09-10,0.0097292623600796
2015-09-11,0.00972691732390769
2015-09-12,0.00972457301191139
2015-09-13,0.00972222891185341
2015-09-14,0.00971988560357757
2015-09-15,0.00971754263710739
2015-09-16,0.00971520031588605
2015-09-17,0.0097128588084582
2015-09-18,0.00971051782238625
2015-09-19,0.00970817718472361
2015-09-20,0.0097058373086558
2015-09-21,0.00970349769389494
2015-09-22,0.00970115901839246
2015-09-23,0.00969882052149691
2015-09-24,0.00969648294656514
2015-09-25,0.00969414588512819
2015-09-26,0.00969180918876613
2015-09-27,0.0096894731080948
2015-09-28,0.00968713763745404
2015-09-29,0.00968480284759491
2015-09-30,0.00968246852123316
2015-10-01,0.00826015188888174
2015-10-02,0.00825816101775236
2015-10-03,0.00825617053756833
2015-10-04,0.0188971996089946
2015-10-05,0.00825219104894721
2015-10-06,0.0283670427320133
2015-10-07,0.00824821348312257
2015-10-08,0.00824622530514251
2015-10-09,0.00824423789885691
2015-10-10,0.00824225067851857
2015-10-11,0.00824026407639445
2015-10-12,0.00823827782630897
2015-10-13,0.00823629220275569
2015-10-14,0.00823430694143731
2015-10-15,0.0247091080446998
2015-10-16,0.010159812582874
2015-10-17,0.0271369891823687
2015-10-18,0.00822637104231407
2015-10-19,0.215157144792281
2015-10-20,0.631886987784985
2015-10-21,0.0663381323399635
2015-10-22,0.00830132392694249
2015-10-23,0.0402891804535989
2015-10-24,0.19936753931885
2015-10-25,0.36499716198329
2015-10-26,0.141168148754234
2015-10-27,0.0137444542727415
2015-10-28,0.00937577899284158
2015-10-29,0.00949015190584437
2015-10-30,0.00955234896197256
2015-10-31,0.00958710530629414
2015-11-01,0.0463789503498081
2015-11-02,0.388178530782536
2015-11-03,0.107383804136795
2015-11-04,0.0157004973266908
2015-11-05,0.0112461398154588
2015-11-06,0.0113491868874049
2015-11-07,0.0114115927126988
2015-11-08,0.0114519669981546
2015-11-09,0.0114835575894813
2015-11-10,0.0115112419213801
2015-11-11,0.0115335074284718
2015-11-12,0.0278038469620837
2015-11-13,0.0115632951951278
2015-11-14,0.0115598721143004
2015-11-15,0.0115444334291101
2015-11-16,0.0115201786988546
2015-11-17,0.0114924921597176
2015-11-18,0.0114642673034135
2015-11-19,0.0114302808376664
2015-11-20,0.0113881228272853
2015-11-21,0.0655377544727432
2015-11-22,0.0224348294238436
2015-11-23,0.0113563848531028
2015-11-24,0.0113399224356521
2015-11-25,0.0176777075262626
2015-11-26,0.0143363408382773
2015-11-27,0.0113191257742636
2015-11-28,0.0113254153297795
2015-11-29,0.0173180436313174
2015-11-30,0.0362273942450424
2015-12-01,0.00975317464725685
2015-12-02,0.00956823577446384
2015-12-03,0.00955939240137551
2015-12-04,0.00955362883382202
2015-12-05,0.00954642824405194
2015-12-06,0.00953808472054889
2015-12-07,0.0189545772831789
2015-12-08,0.0810645703388481
2015-12-09,0.0864054734534041
2015-12-10,0.0117538339694975
2015-12-11,0.0818357400966488
2015-12-12,0.233260430075515
2015-12-13,0.12992716708833
2015-12-14,0.0626835913765455
2015-12-15,0.14236261522474
2015-12-16,0.201899401432447
2015-12-17,0.655221046386565
2015-12-18,0.515251110699166
2015-12-19,0.0809260873067101
2015-12-20,0.0129147801026571
2015-12-21,0.130502752430257
2015-12-22,0.669932825996043
2015-12-23,0.805139475815457
2015-12-24,0.0534097432550849
2015-12-25,0.0204449056720941
2015-12-26,0.0150627381539954
2015-12-27,0.0151656985418623
2015-12-28,0.0152090451973344
2015-12-29,0.0152141241556856
2015-12-30,0.0152054931481205
2015-12-31,0.015203788199983
2016-01-01,0.0114049501810375
2016-01-02,0.0698954288697372
2016-01-03,0.764676413305097
2016-01-04,2.07194277841671
2016-01-05,0.250587578609984
2016-01-06,0.0268569085143874
2016-01-07,0.0170947306709755
2016-01-08,0.1285237696527
2016-01-09,0.100084838913329
2016-01-10,0.0679677228828991
2016-01-11,0.0647407963526601
2016-01-12,0.113397330334881
2016-01-13,0.11221391463727
2016-01-14,0.316470778014829
2016-01-15,0.0607401060881471
2016-01-16,0.326157658613397
2016-01-17,0.280838140350121
2016-01-18,0.0494990080263849
2016-01-19,0.0487977454854212
2016-01-20,0.0531213216250285
2016-01-21,0.0673979192878469
2016-01-22,0.0671313869756903
2016-01-23,0.068449183560347
2016-01-24,0.0844860683437244
2016-01-25,0.0820307377211216
2016-01-26,0.085895528029821
2016-01-27,0.0836357366034958
2016-01-28,0.113325802449263
2016-01-29,0.336385054516429
2016-01-30,0.202541787057902
2016-01-31,0.140205193702788
2016-02-01,0.296727961271412
2016-02-02,0.37088307276235
2016-02-03,0.243529215394547
2016-02-04,0.263360828073333
2016-02-05,0.263451769260702
2016-02-06,0.272057598015591
2016-02-07,0.392060715802177
2016-02-08,0.824480390625722
2016-02-09,0.79457858891891
2016-02-10,0.54704409364229
2016-02-11,0.56267239335666
2016-02-12,0.559037769975473
2016-02-13,0.545434912748056
2016-02-14,0.535954528882344
2016-02-15,0.873150329481866
2016-02-16,1.10096226902121
2016-02-17,2.02078464815713
2016-02-18,2.62989201673112
2016-02-19,1.95065025040696
2016-02-20,1.73389936739443
2016-02-21,1.84163201580108
2016-02-22,1.8490437396337
2016-02-23,1.7704128715057
2016-02-24,1.74336104559341
2016-02-25,1.80684624021015
2016-02-26,3.1075245867627
2016-02-27,1.91926674200531
2016-02-28,1.95140086350348
2016-02-29,2.93083909442602
2016-03-01,2.40769291779098
2016-03-02,1.47795372021465
2016-03-03,1.49549525587748
2016-03-04,1.44942668487276
2016-03-05,1.57653017300193
2016-03-06,1.36241290182163
2016-03-07,1.37958678489603
2016-03-08,1.30889745258891
2016-03-09,1.24894236342931
2016-03-10,1.21045306097583
2016-03-11,1.12841585074547
2016-03-12,1.04030998174811
2016-03-13,1.03801933237868
2016-03-14,0.939941034293503
2016-03-15,0.867110201642197
2016-03-16,0.840271866635709
2016-03-17,0.860693610902901
2016-03-18,0.741872535842558
2016-03-19,0.62958271850738
2016-03-20,0.583782371516961
2016-03-21,0.51914458459607
2016-03-22,0.459172873740741
2016-03-23,0.428512690914953
2016-03-24,0.39692410500801
2016-03-25,0.364555478438387
2016-03-26,0.335380893361639
2016-03-27,0.304698116476299
2016-03-28,0.269325251391511
2016-03-29,0.234736897505864
2016-03-30,0.204201402486083
2016-03-31,0.183045253207523
2016-04-01,0.352444590203994
2016-04-02,0.208072251136281
2016-04-03,0.173103329852584
2016-04-04,0.198207549359986
2016-04-05,0.183281924038039
2016-04-06,0.167664153190338
2016-04-07,0.234472931089446
2016-04-08,0.220142292745672
2016-04-09,0.160879758196375
2016-04-10,0.231027246655863
2016-04-11,0.163349076623481
2016-04-12,0.161455160284467
2016-04-13,0.164895059433273
2016-04-14,0.146527890786796
2016-04-15,0.134554640408719
2016-04-16,0.131628953621188
2016-04-17,0.114449200580748
2016-04-18,0.197920115319785
2016-04-19,0.286025807566988
2016-04-20,0.142938748698903
2016-04-21,0.146314221440611
2016-04-22,0.139475846283418
2016-04-23,0.169219937240427
2016-04-24,0.140338866011725
2016-04-25,0.129477456972626
2016-04-26,0.118099473031995
2016-04-27,0.105146807693581
2016-04-28,0.091834430884647
2016-04-29,0.0795279872269594
2016-04-30,0.0675992152884056
2016-05-01,0.0687065542190554
2016-05-02,0.0551635650976001
2016-05-03,0.0443500822502613
2016-05-04,0.0365415171988689
2016-05-05,0.0623205616451313
2016-05-06,0.0347892418582986
2016-05-07,0.0297015384631488
2016-05-08,0.0253699026347517
2016-05-09,0.0228670804379943
2016-05-10,0.0208548357312384
2016-05-11,0.0192695449961293
2016-05-12,0.0181544233279346
2016-05-13,0.01741340041287
2016-05-14,0.0175220105998948
2016-05-15,0.0166528189115628
2016-05-16,0.0263154872080651
2016-05-17,0.017137061022283
2016-05-18,0.0163213042965127
2016-05-19,0.0161578949566892
2016-05-20,0.0159813818605643
2016-05-21,0.0158125799158447
2016-05-22,0.0176100276121351
2016-05-23,0.0412667784022312
2016-05-24,0.217794312547162
2016-05-25,0.0155443405744173
2016-05-26,0.0154337916083505
2016-05-27,0.0152839154507854
2016-05-28,0.0397919650695307
2016-05-29,0.268971046240426
2016-05-30,0.202247903515776
2016-05-31,0.0153062885035257
2016-06-01,0.018699737196552
2016-06-02,0.018649493090913
2016-06-03,0.0315620758496392
2016-06-04,0.0184682405853447
2016-06-05,0.0183085493025113
2016-06-06,0.0180999787778206
2016-06-07,0.0178585085032043
2016-06-08,0.0211325479950903
2016-06-09,0.0174213235224103
2016-06-10,0.0172569514941205
2016-06-11,0.0170864335116729
2016-06-12,0.0168703795654167
2016-06-13,0.0166130740443251
2016-06-14,0.0163429877170794
2016-06-15,0.0160653305925425
2016-06-16,0.0157789102019008
2016-06-17,0.0154799775841983
2016-06-18,0.0151744157796198
2016-06-19,0.0148819489461179
2016-06-20,0.0146257378039438
2016-06-21,0.0143840437346351
2016-06-22,0.0141132251342441
2016-06-23,0.0138190571608011
2016-06-24,0.0135044766582602
2016-06-25,0.0131770906140518
2016-06-26,0.0128519729573982
2016-06-27,0.0125228105043155
2016-06-28,0.0121904919987295
2016-06-29,0.0118665248917299
2016-06-30,0.0115581025159901
2016-07-01,0.0214647563699883
2016-07-02,0.0210166945661505
2016-07-03,0.0206294800272259
2016-07-04,0.0202584406332108
2016-07-05,0.0198653486134219
2016-07-06,0.0194600083104492
2016-07-07,0.0190553478836009
2016-07-08,0.0186564361763068
2016-07-09,0.0182804239307413
2016-07-10,0.0179525825056664
2016-07-11,0.058638428551452
2016-07-12,0.0368297517342138
2016-07-13,0.017426774919126
2016-07-14,0.0171438017601161
2016-07-15,0.0168469416264538
2016-07-16,0.0165700624743381
2016-07-17,0.0163212099729295
2016-07-18,0.0160976496269458
2016-07-19,0.0158940845136381
2016-07-20,0.0157061865216233
2016-07-21,0.0155470349226654
2016-07-22,0.0154092574181009
2016-07-23,0.0152783536913469
2016-07-24,0.015158300472409
2016-07-25,0.0150516456582821
2016-07-26,0.0149566311551033
2016-07-27,0.0148724459371031
2016-07-28,0.0148000507536809
2016-07-29,0.0147409726134275
2016-07-30,0.0146957499799856
2016-07-31,0.0146624816240869
2016-08-01,0.0189102803491105
2016-08-02,0.0188714480883187
2016-08-03,0.018837234360328
2016-08-04,0.0188084147587301
2016-08-05,0.0187854830435925
2016-08-06,0.0187677637890471
2016-08-07,0.0187540421397954
2016-08-08,0.0187419017861527
2016-08-09,0.0187309039431532
2016-08-10,0.0187209098696515
2016-08-11,0.0187120556550351
2016-08-12,0.0187050252381424
2016-08-13,0.0234960199547994
2016-08-14,0.0211063116341903
2016-08-15,0.0186900399543211
2016-08-16,0.0186855151847267
2016-08-17,0.0186810110984837
2016-08-18,0.0186765083147323
2016-08-19,0.0186720062871696
2016-08-20,0.018667506322485
2016-08-21,0.0186630068513321
2016-08-22,0.018658508143564
2016-08-23,0.0186540106897139
2016-08-24,0.0186495145431528
2016-08-25,0.018645019366864
2016-08-26,0.0186405255620294
2016-08-27,0.0186360322615205
2016-08-28,0.0186315403360639
2016-08-29,0.018627049482824
2016-08-30,0.0186225596202454
2016-08-31,0.0186180711207255
2016-09-01,0.00976033559289315
2016-09-02,0.00975798298448087
2016-09-03,0.00975563099081591
2016-09-04,0.00975327950026895
2016-09-05,0.00975092852699015
2016-09-06,0.00974857834014774
2016-09-07,0.00974622874132446
2016-09-08,0.00974387950285951
2016-09-09,0.00974153073606762
2016-09-10,0.00973918281357066
2016-09-11,0.00973683548223736
2016-09-12,0.00973448847006964
2016-09-13,0.00973214196227755
2016-09-14,0.0097297963195341
2016-09-15,0.00972745117110406
2016-09-16,0.00972510653805555
2016-09-17,0.0267305109749169
2016-09-18,0.0628015882240434
2016-09-19,0.0158312078980171
2016-09-20,0.00971573353732938
2016-09-21,0.00971339210851369
2016-09-22,0.00971105092496798
2016-09-23,0.00970871049421252
2016-09-24,0.00970637055179607
2016-09-25,0.00970403134361746
2016-09-26,0.00970169252598421
2016-09-27,0.00969935421807233
2016-09-28,0.00969701644629562
2016-09-29,0.0096946793056175
2016-09-30,0.00969234289697609
2016-10-01,0.00826857583190211
2016-10-02,0.00826658311471638
2016-10-03,0.00826459075117926
2016-10-04,0.00826259887652506
2016-10-05,0.00826060731124629
2016-10-06,0.00825861658447422
2016-10-07,0.00825662595161488
2016-10-08,0.00825463603598065
2016-10-09,0.00825264659849646
2016-10-10,0.00825065754578622
2016-10-11,0.00824866889019275
2016-10-12,0.0258599108547283
2016-10-13,0.0275665625641685
2016-10-14,0.0366593216470438
2016-10-15,0.00824071988594785
2016-10-16,0.00823873422348785
2016-10-17,0.00823674918568181
2016-10-18,0.00823476466063936
2016-10-19,0.00823278068807222
2016-10-20,0.00823079716226143
2016-10-21,0.00822881421361158
2016-10-22,0.00822683163819781
2016-10-23,0.00822484973627262
2016-10-24,0.0128051162260971
2016-10-25,0.00822088698800156
2016-10-26,0.00821890654226061
2016-10-27,0.00821692625268317
2016-10-28,0.00821494676646222
2016-10-29,0.00821296754427024
2016-10-30,0.00821098879620349
2016-10-31,0.00820901065534975
2016-11-01,0.00913060212940371
2016-11-02,0.00939229177306277
2016-11-03,0.00912620295642174
2016-11-04,0.00912400383934947
2016-11-05,0.00912180568410058
2016-11-06,0.00911960778438253
2016-11-07,0.00911741036468069
2016-11-08,0.00911521360231436
2016-11-09,0.00911301700353555
2016-11-10,0.00911082131613063
2016-11-11,0.00910862604485905
2016-11-12,0.00910643111210629
2016-11-13,0.00910423690863175
2016-11-14,0.00910204329293813
2016-11-15,0.00909985005695869
2016-11-16,0.00909765725741191
2016-11-17,0.224717558098482
2016-11-18,0.111040531559755
2016-11-19,0.0747192322796654
2016-11-20,0.00953832462047801
2016-11-21,0.00908833196660279
2016-11-22,0.00989533131253261
2016-11-23,0.0153010404774375
2016-11-24,0.00911768367385123
2016-11-25,0.00908441203059654
2016-11-26,0.0112327363934846
2016-11-27,0.0090828916682394
2016-11-28,0.00908217928075395
2016-11-29,0.00908145983661391
2016-11-30,0.00908070982129886
2016-12-01,0.00768320253646211
2016-12-02,0.00768250878271505
2016-12-03,0.00768177198377987
2016-12-04,0.00768096695237393
2016-12-05,0.00905716529116073
2016-12-06,0.0107094022756556
2016-12-07,0.034346458350974
2016-12-08,0.015794281659939
2016-12-09,0.0191041765299084
2016-12-10,0.227936277057382
2016-12-11,0.0240041261078911
2016-12-12,0.00795369376380203
2016-12-13,0.0478432857338403
2016-12-14,0.0115556774756933
2016-12-15,0.00771916644632533
2016-12-16,0.00773519507195162
2016-12-17,0.00775123512889055
2016-12-18,0.00776689095429068
2016-12-19,0.161615860876433
2016-12-20,0.464255776366164
2016-12-21,1.57080906050893
2016-12-22,9.00084692789199
2016-12-23,4.39854694734603
2016-12-24,1.62423146443572
2016-12-25,0.457027280010355
2016-12-26,0.234827236798349
2016-12-27,0.162660018073276
2016-12-28,0.109218480968832
2016-12-29,0.0766303442254313
2016-12-30,0.0413747096738898
2016-12-31,0.0306599162426642
2017-01-01,0.0156783060976986
2017-01-02,0.0132007751300943
2017-01-03,0.0132013499381863
2017-01-04,0.0131996601831495
2017-01-05,0.0160163896611571
2017-01-06,0.0142004108661759
2017-01-07,0.0132111223373231
2017-01-08,0.0132273299668729
2017-01-09,0.0132332916937886
2017-01-10,0.0132296676007152
2017-01-11,0.0132206214368508
2017-01-12,0.0132005821830347
2017-01-13,0.0131770130097088
2017-01-14,0.0131546544497855
2017-01-15,0.0412348323706699
2017-01-16,0.195578285586199
2017-01-17,0.729168910619677
2017-01-18,0.909780647503571
2017-01-19,0.0764386663398394
2017-01-20,0.0488027535418832
2017-01-21,0.0344029198274331
2017-01-22,0.0328330012652429
2017-01-23,0.0321189831495936
2017-01-24,0.0336684086129273
2017-01-25,0.034479386189292
2017-01-26,0.0348509660579788
2017-01-27,0.0745552351412779
2017-01-28,0.0422784633336006
2017-01-29,0.0504195570172137
2017-01-30,0.045424923173887
2017-01-31,0.0384791682643248
2017-02-01,0.0356393788189631
2017-02-02,0.035945681416232
2017-02-03,0.0360189520630618
2017-02-04,0.0354992942862083
2017-02-05,0.0343785746499898
2017-02-06,0.0329770360303329
2017-02-07,0.0316717865504164
2017-02-08,0.030316960541655
2017-02-09,0.0287184302003934
2017-02-10,0.0272063363232107
2017-02-11,0.0262086950467924
2017-02-12,0.0252481478787304
2017-02-13,0.0246420210836193
2017-02-14,0.024334917787622
2017-02-15,0.168595516221341
2017-02-16,0.216493237526401
2017-02-17,0.0286233117942749
2017-02-18,0.0255052032468741
2017-02-19,0.0257893025730263
2017-02-20,0.0256939981758685
2017-02-21,0.0252682279490165
2017-02-22,0.0247847478666387
2017-02-23,0.0243709581551174
2017-02-24,0.0237203522157927
2017-02-25,0.0340485178337442
2017-02-26,0.0418665567789116
2017-02-27,0.0648060014488658
2017-02-28,0.109575292517267
2017-03-01,0.17425087627699
2017-03-02,0.0641116210930447
2017-03-03,0.0258531347574612
2017-03-04,0.21260460727239
2017-03-05,0.227992864534632
2017-03-06,0.111429026866286
2017-03-07,0.100501126098308
2017-03-08,0.0622222984921473
2017-03-09,0.049268033197895
2017-03-10,0.0517857882356645
2017-03-11,0.0523576752636727
2017-03-12,0.051248924224229
2017-03-13,0.0606512958116555
2017-03-14,0.055516964942349
2017-03-15,0.051211489065992
2017-03-16,0.0470066313264414
2017-03-17,0.0460759732618937
2017-03-18,0.0454200334302341
2017-03-19,0.043967702284799
2017-03-20,0.0417654228538677
2017-03-21,0.0390223855319636
2017-03-22,0.0357187371467708
2017-03-23,0.0320393852176423
2017-03-24,0.0282810498541638
2017-03-25,0.0249893814862511
2017-03-26,0.0225374849908308
2017-03-27,0.0232584156987715
2017-03-28,0.0414583515495842
2017-03-29,0.0704362793977941
2017-03-30,0.0600217624575421
2017-03-31,0.0517951182722794
2017-04-01,0.0295508887310175
2017-04-02,0.0252921079473447
2017-04-03,0.0616330169241121
2017-04-04,0.0216783172856781
2017-04-05,0.020779723024993
2017-04-06,0.0195449453667133
2017-04-07,0.0181330495168281
2017-04-08,0.0167939781021723
2017-04-09,0.0156230964647264
2017-04-10,0.0145902714675183
2017-04-11,0.0137774622153997
2017-04-12,0.034023269905288
2017-04-13,0.0128477437970226
2017-04-14,0.012508380421429
2017-04-15,0.0121960316101647
2017-04-16,0.0119624422449132
2017-04-17,0.0117960319896408
2017-04-18,0.0116409245929694
2017-04-19,0.0115131240576154
2017-04-20,0.0114113805356324
2017-04-21,0.0113027682062043
2017-04-22,0.0111703465777774
2017-04-23,0.0110184102608497
2017-04-24,0.010861095437183
2017-04-25,0.0107043390767978
2017-04-26,0.0126123752088207
2017-04-27,0.127937296568502
2017-04-28,0.126129747854712
2017-04-29,0.0283918008321076
2017-04-30,0.0183085326121014
2017-05-01,0.0151140567899187
2017-05-02,0.0128893973759926
2017-05-03,0.0133073027451533
2017-05-04,0.012746772995397
2017-05-05,0.0126696239708346
2017-05-06,0.0125832784308899
2017-05-07,0.01292639956273
2017-05-08,0.268075345155911
2017-05-09,0.0760421221308189
2017-05-10,0.0236996153314557
2017-05-11,0.0877809786557625
2017-05-12,0.013811092676762
2017-05-13,0.0124892410950932
2017-05-14,0.0216812218502177
2017-05-15,0.02938674296697
2017-05-16,0.0273258636500664
2017-05-17,0.013058611448251
2017-05-18,0.0123134658291665
2017-05-19,0.0121719145709908
2017-05-20,0.0120177326879902
2017-05-21,0.125098705245041
2017-05-22,0.0483472734234822
2017-05-23,0.0118083982734232
2017-05-24,0.0117035861987396
2017-05-25,0.0115841417591326
2017-05-26,0.0126337832541094
2017-05-27,0.0114324026176732
2017-05-28,0.0112739984192254
2017-05-29,0.038433092416448
2017-05-30,0.0110174965487213
2017-05-31,0.0108812603292058
2017-06-01,0.013038308160273
2017-06-02,0.012798323920285
2017-06-03,0.0125621628634029
2017-06-04,0.0123356324769883
2017-06-05,0.0120969647326339
2017-06-06,0.0118284403069728
2017-06-07,0.011553429244844
2017-06-08,0.0112881574918895
2017-06-09,0.0110391868720507
2017-06-10,0.0108083664988563
2017-06-11,0.0105750513137726
2017-06-12,0.0103430538813413
2017-06-13,0.0101255684332154
2017-06-14,0.00991594936469408
2017-06-15,0.00971225757395318
2017-06-16,0.00951493409163697
2017-06-17,0.0093253006829069
2017-06-18,0.0091458056875197
2017-06-19,0.00897719300836099
2017-06-20,0.008818942353343
2017-06-21,0.00868013949264362
2017-06-22,0.00856626386588899
2017-06-23,0.00846371041288728
2017-06-24,0.00836410192397523
2017-06-25,0.00827099555915252
2017-06-26,0.00819014754848974
2017-06-27,0.00812229383594901
2017-06-28,0.00806189723001666
2017-06-29,0.00800803718716906
2017-06-30,0.00796024092130866
2017-07-01,0.0150662962427955
2017-07-02,0.0149990221454978
2017-07-03,0.0149378336135555
2017-07-04,0.0148745780957308
2017-07-05,0.014808416300648
2017-07-06,0.0147487049192253
2017-07-07,0.0146978542929498
2017-07-08,0.0146546676930809
2017-07-09,0.0146179032129609
2017-07-10,0.0145865564147923
2017-07-11,0.0145603389934793
2017-07-12,0.01453948384399
2017-07-13,0.0145235981855837
2017-07-14,0.0145107146552514
2017-07-15,0.0145001867708765
2017-07-16,0.0144909654243879
2017-07-17,0.0144818415467698
2017-07-18,0.0144730346319545
2017-07-19,0.014465869931948
2017-07-20,0.0144603907848091
2017-07-21,0.0144553126260816
2017-07-22,0.0144508862426014
2017-07-23,0.014447302505396
2017-07-24,0.0144438202165376
2017-07-25,0.0144403393067609
2017-07-26,0.0144368587630998
2017-07-27,0.0144333795303086
2017-07-28,0.0144299002599314
2017-07-29,0.0144264222043712
2017-07-30,0.0144229452972723
2017-07-31,0.0144194686328583
2017-08-01,0.0186302426777981
2017-08-02,0.0186257518629373
2017-08-03,0.0186212628704856
2017-08-04,0.096782473852206
2017-08-05,0.0186122866846035
2017-08-06,0.0186078003415107
2017-08-07,0.0186033156613137
2017-08-08,0.0185988312095924
2017-08-09,0.0185943484963256
2017-08-10,0.0185898661740461
2017-08-11,0.0185853856070122
2017-08-12,0.0185809057068155
2017-08-13,0.0185764269789812
2017-08-14,0.0185719490882916
2017-08-15,0.0185674728461056
2017-08-16,0.0185629975004318
2017-08-17,0.0185585234386599
2017-08-18,0.0185540498602252
2017-08-19,0.0185495774811381
2017-08-20,0.0185451070288032
2017-08-21,0.0185406366130484
2017-08-22,0.0185361676131236
2017-08-23,0.0185316998863064
2017-08-24,0.0185272328377204
2017-08-25,0.0185227671575901
2017-08-26,0.0185183024657223
2017-08-27,0.0185138389372218
2017-08-28,0.0187253327486593
2017-08-29,0.0185049151196591
2017-08-30,0.0185004549157506
2017-08-31,0.0184959956197483
2017-09-01,0.00969633858660111
2017-09-02,0.00969400155346456
2017-09-03,0.00969166482722988
2017-09-04,0.00968932896447154
2017-09-05,0.00968699342811105
2017-09-06,0.00968465849769328
2017-09-07,0.00968232423139119
2017-09-08,0.00967999063612283
2017-09-09,0.00967765719336212
2017-09-10,0.0096753246552705
2017-09-11,0.00967299264891161
2017-09-12,0.00967066116988337
2017-09-13,0.00966833008800388
2017-09-14,0.00966599944478038
2017-09-15,0.00966367002444814
2017-09-16,0.00966134070882726
2017-09-17,0.0096590119098458
2017-09-18,0.00965668374447849
2017-09-19,0.0096543561850539
2017-09-20,0.00965202907371889
2017-09-21,0.00964970256549649
2017-09-22,0.00964737686100516
2017-09-23,0.00964505159454093
2017-09-24,0.00964272674440685
2017-09-25,0.0096404026297684
2017-09-26,0.00963807891479432
2017-09-27,0.00963575580450516
2017-09-28,0.00963343315551243
2017-09-29,0.00963111119359012
2017-09-30,0.00962878999483495
2017-10-01,0.0082143583840372
2017-10-02,0.00821237852967827
2017-10-03,0.00821039897503516
2017-10-04,0.00820842019423311
2017-10-05,0.00820644151619845
2017-10-06,0.00820446361307812
2017-10-07,0.00820248612075899
2017-10-08,0.00820050910176012
2017-10-09,0.00819853258345037
2017-10-10,0.00819655658810045
2017-10-11,0.00819458079935861
2017-10-12,0.00819260573937969
2017-10-13,0.00819063103090277
2017-10-14,0.00818865669405201
2017-10-15,0.00818668307496298
2017-10-16,0.00818470985755221
2017-10-17,0.00818273717276088
2017-10-18,0.00818084668013938
2017-10-19,0.00817879311393187
2017-10-20,0.00817682176109165
2017-10-21,0.00817485069803933
2017-10-22,0.00817288033745439
2017-10-23,0.00817091048399829
2017-10-24,0.00816894123265706
2017-10-25,0.00816697217128791
2017-10-26,0.00816500372357152
2017-10-27,0.00816303580310811
2017-10-28,0.00816106819819156
2017-10-29,0.0091104007913831
2017-10-30,0.227409086529212
2017-10-31,0.110767798897301
2017-11-01,0.0316770999123805
2017-11-02,0.00993207102648255
2017-11-03,0.0199174302953148
2017-11-04,0.0228660002046815
2017-11-05,0.133228259578385
2017-11-06,0.281368037457404
2017-11-07,0.325044727600674
2017-11-08,0.00915292154576693
2017-11-09,0.00925987113522435
2017-11-10,0.0155745478868809
2017-11-11,0.00942507832302585
2017-11-12,0.00948569083889383
2017-11-13,0.00953428790234428
2017-11-14,0.00957178386913199
2017-11-15,0.00960087942748722
2017-11-16,0.00965115455560131
2017-11-17,0.00965248666895546
2017-11-18,0.153823981978628
2017-11-19,1.6316772541501
2017-11-20,0.438755605906896
2017-11-21,0.238422103148374
2017-11-22,0.540560010322755
2017-11-23,0.424492995989734
2017-11-24,0.152314277014277
2017-11-25,0.317502902216838
2017-11-26,0.429249458841917
2017-11-27,1.60228253331269
2017-11-28,6.80686355707294
2017-11-29,1.31932202757778
2017-11-30,0.160953841916784
2017-12-01,0.0387379527561992
2017-12-02,0.0652148090830684
2017-12-03,0.0283778909821798
2017-12-04,0.0657653160160022
2017-12-05,0.971909678813846
2017-12-06,0.950450308395425
2017-12-07,0.615149281402559
2017-12-08,1.01821400303789
2017-12-09,2.91482601917305
2017-12-10,0.613839578050808
2017-12-11,0.611085054392805
2017-12-12,0.633568548433487
2017-12-13,0.657110810565314
2017-12-14,0.725433357116651
2017-12-15,0.764287505149818
2017-12-16,0.763979172123405
2017-12-17,0.738418181348159
2017-12-18,0.759673650116064
2017-12-19,0.705294012351258
2017-12-20,0.655337618072624
2017-12-21,0.621828885708315
2017-12-22,0.583910012011852
2017-12-23,0.543831083775058
2017-12-24,0.502542967836046
2017-12-25,0.483168839106805
2017-12-26,0.811429808444308
2017-12-27,0.446004773431716
2017-12-28,0.450223582007185
2017-12-29,1.59687963398346
2017-12-30,15.928512935156
2017-12-31,5.85676507076015
2018-01-01,1.82464437856758
2018-01-02,1.65949256709827
2018-01-03,1.62547014042674
2018-01-04,1.75315857932782
2018-01-05,1.73019589425374
2018-01-06,1.50104951000036
2018-01-07,1.45412080308975
2018-01-08,1.50291322020128
2018-01-09,2.10176157699321
2018-01-10,2.56298431145598
2018-01-11,2.05640668792746
2018-01-12,2.33317052127869
2018-01-13,2.10656448296269
2018-01-14,1.61125391157935
2018-01-15,1.58156504842252
2018-01-16,1.56113572769564
2018-01-17,2.13495747296926
2018-01-18,1.66366298663767
2018-01-19,1.47771776099829
2018-01-20,1.44047276447079
2018-01-21,1.38572676610886
2018-01-22,1.31090454895716
2018-01-23,1.21928504719627
2018-01-24,1.20615687815081
2018-01-25,1.10073206827392
2018-01-26,1.04294282267221
2018-01-27,0.984991044584552
2018-01-28,1.02960350611447
2018-01-29,0.93978535537432
2018-01-30,0.886884153360492
2018-01-31,0.823408241018052
2018-02-01,0.769473829090565
2018-02-02,0.731849899020604
2018-02-03,0.705660633629362
2018-02-04,0.649686340341362
2018-02-05,0.618614836217129
2018-02-06,0.600879959983266
2018-02-07,0.575552189176709
2018-02-08,0.543505400000576
2018-02-09,0.571592378240704
2018-02-10,0.681428532243689
2018-02-11,0.554428107347454
2018-02-12,0.536416973206141
2018-02-13,0.568094577084377
2018-02-14,0.689818387773591
2018-02-15,0.774121816891418
2018-02-16,0.728672369015172
2018-02-17,0.65297587758979
2018-02-18,0.650867359330668
2018-02-19,0.624753629243493
2018-02-20,0.613811432331381
2018-02-21,0.576477307535804
2018-02-22,0.548337942307497
2018-02-23,0.523173841764795
2018-02-24,0.530119291194385
2018-02-25,0.747253646380959
2018-02-26,1.5792789205704
2018-02-27,1.22056187866432
2018-02-28,1.03626285793884
2018-03-01,0.870943201292163
2018-03-02,0.839586036766321
2018-03-03,0.821702810323989
2018-03-04,0.755783640229831
2018-03-05,0.707317112944127
2018-03-06,0.665292095953183
2018-03-07,0.622984057239487
2018-03-08,0.585728075474575
2018-03-09,0.546364920149179
2018-03-10,0.522828784657708
2018-03-11,0.493414635304594
2018-03-12,0.495427161756154
2018-03-13,0.475359243352733
2018-03-14,0.44526040243566
2018-03-15,0.475460130945844
2018-03-16,0.613837648442298
2018-03-17,0.769121289853418
2018-03-18,0.655788605563003
2018-03-19,0.663595143002946
2018-03-20,0.766817243221731
2018-03-21,0.817261240656107
2018-03-22,0.943411370659405
2018-03-23,0.977510319190557
2018-03-24,0.849130324638448
2018-03-25,0.833194976801006
2018-03-26,0.82674844798344
2018-03-27,0.848886613985187
2018-03-28,0.780792654527071
2018-03-29,0.905745228332492
2018-03-30,0.956864285309949
2018-03-31,0.908442856027302
2018-04-01,1.01146270493525
2018-04-02,1.17953058761105
2018-04-03,1.26140736418496
2018-04-04,1.18794862799628
2018-04-05,1.20833828876476
2018-04-06,1.26213379491787
2018-04-07,1.14949263428602
2018-04-08,1.21153669824841
2018-04-09,1.26571743197326
2018-04-10,1.27756172644537
2018-04-11,1.44565440841799
2018-04-12,1.25446888248839
2018-04-13,1.11729492612436
2018-04-14,1.05349099999181
2018-04-15,1.15133118042897
2018-04-16,1.35599607728383
2018-04-17,1.27072087334794
2018-04-18,1.47540957872753
2018-04-19,1.55789074251562
2018-04-20,1.4986683799873
2018-04-21,0.861461401571744
2018-04-22,0.916194906287813
2018-04-23,0.84232303376508
2018-04-24,0.733286294741364
2018-04-25,0.794404830890017
2018-04-26,0.883653861047144
2018-04-27,0.86609150600377
2018-04-28,0.931487633480027
2018-04-29,0.692102651969949
2018-04-30,0.597980399862154
2018-05-01,0.729136235875895
2018-05-02,0.70862553543251
2018-05-03,0.800784750798708
2018-05-04,0.870675482610092
2018-05-05,0.69617517725454
2018-05-06,0.652691653573254
2018-05-07,0.640077638920001
2018-05-08,0.62075347166309
2018-05-09,0.627180755364453
2018-05-10,0.633489406218023
2018-05-11,0.639454355078326
2018-05-12,0.646720403393619
2018-05-13,0.724782936467136
2018-05-14,0.832529864025316
2018-05-15,0.700895021499437
2018-05-16,0.479403475735287
2018-05-17,0.455746921875671
2018-05-18,0.375183446509248
2018-05-19,0.34252115538579
2018-05-20,0.320073155840858
2018-05-21,0.288409384036585
2018-05-22,0.252849921481881
2018-05-23,0.219964908398522
2018-05-24,0.189875906901901
2018-05-25,0.172443965472558
2018-05-26,0.142257785028747
2018-05-27,0.125423573382129
2018-05-28,0.114342760106232
2018-05-29,0.101990487392729
2018-05-30,0.0881047292443943
2018-05-31,0.0744266483282587
2018-06-01,0.0765739500621006
2018-06-02,0.0782423549387259
2018-06-03,0.0586631510190112
2018-06-04,0.053052064126074
2018-06-05,0.0464400016847296
2018-06-06,0.0392009036047389
2018-06-07,0.0372142147284997
2018-06-08,0.0296576498934806
2018-06-09,0.0275167443674131
2018-06-10,0.0254086494546459
2018-06-11,0.0234966190611902
2018-06-12,0.0214712453081583
2018-06-13,0.0195792094833761
2018-06-14,0.0183400481033898
2018-06-15,0.0176609489696537
2018-06-16,0.0172648553842947
2018-06-17,0.0169528920093183
2018-06-18,0.0166207727063195
2018-06-19,0.01626503560434
2018-06-20,0.0158989585294591
2018-06-21,0.0155318582589177
2018-06-22,0.0151686750557064
2018-06-23,0.0148284738048836
2018-06-24,0.0145124773271175
2018-06-25,0.0141974143932872
2018-06-26,0.0138781626024411
2018-06-27,0.0135469635902939
2018-06-28,0.0132099709911583
2018-06-29,0.0128854585775453
2018-06-30,0.0125744260271104
2018-07-01,0.0233575016893669
2018-07-02,0.0227821266549656
2018-07-03,0.0221866297759411
2018-07-04,0.0215963224805243
2018-07-05,0.0210222072168069
2018-07-06,0.020472142507185
2018-07-07,0.0199521106835636
2018-07-08,0.0194591274995277
2018-07-09,0.019009058157415
2018-07-10,0.0186167626677256
2018-07-11,0.0210647635164956
2018-07-12,0.0178728189835681
2018-07-13,0.0175405238745786
2018-07-14,0.0172270457910738
2018-07-15,0.0169335510621384
2018-07-16,0.0166604834569487
2018-07-17,0.0164006317584056
2018-07-18,0.016163682478357
2018-07-19,0.0159555367452983
2018-07-20,0.0157731188795146
2018-07-21,0.015609751893787
2018-07-22,0.0154647741657984
2018-07-23,0.015336287845309
2018-07-24,0.0152178396751145
2018-07-25,0.02251983924206
2018-07-26,0.0150285936920233
2018-07-27,0.014953904630839
2018-07-28,0.0149848581972346
2018-07-29,0.0158379831128066
2018-07-30,0.0147654125441779
2018-07-31,0.0147155143482656
2018-08-01,0.0189592363113055
2018-08-02,0.0189081753313289
2018-08-03,0.111445440970119
2018-08-04,0.0188486812505123
2018-08-05,0.119078652947428
2018-08-06,0.0188072635606116
2018-08-07,0.0187862172848738
2018-08-08,0.0187678005484553
2018-08-09,0.0187520845464367
2018-08-10,0.0187384153182758
2018-08-11,0.0187268993732472
2018-08-12,0.018717359469944
2018-08-13,0.0187084561006604
2018-08-14,0.018699783742541
2018-08-15,0.0186916373067975
2018-08-16,0.0186841295351152
2018-08-17,0.0186779012311917
2018-08-18,0.0186730322140171
2018-08-19,0.0186685005307828
2018-08-20,0.0186640007939742
2018-08-21,0.0186595021209872
2018-08-22,0.0186550048890164
2018-08-23,0.0242355823863862
2018-08-24,0.0186460126330741
2018-08-25,0.0186415185272032
2018-08-26,0.0186370252662728
2018-08-27,0.0186325329930053
2018-08-28,0.0186280420246281
2018-08-29,0.01862355173808
2018-08-30,0.0186190631444113
2018-08-31,0.0186145752715506
2018-09-01,0.00994799442644479
2018-09-02,0.0097561508507028
2018-09-03,0.0178043338433472
2018-09-04,0.00975144806739714
2018-09-05,0.00974909762050559
2018-09-06,0.00974674771352254
2018-09-07,0.0097443985942336
2018-09-08,0.00974204982366837
2018-09-09,0.00973970167445384
2018-09-10,0.00973735392427485
2018-09-11,0.00973500696902226
2018-09-12,0.0124445250208802
2018-09-13,0.00973031479553197
2018-09-14,0.00972796930655391
2018-09-15,0.0097256245178533
2018-09-16,0.00972328037597366
2018-09-17,0.00972093690544216
2018-09-18,0.00971859358836164
2018-09-19,0.00971625106777991
2018-09-20,0.00971390908050313
2018-09-21,0.00971156778878704
2018-09-22,0.0097092269413871
2018-09-23,0.00970688678608883
2018-09-24,0.00970454705466741
2018-09-25,0.00984288122241241
2018-09-26,0.0140043680143519
2018-09-27,0.00971598851942169
2018-09-28,0.00969519406420224
2018-09-29,0.00969285724080298
2018-09-30,0.00969052091517599
2018-10-01,0.00826702127833252
2018-10-02,0.00826502889815941
2018-10-03,0.00826303662933999
2018-10-04,0.00826104514911934
2018-10-05,0.00825905384303977
2018-10-06,0.00825706338244325
2018-10-07,0.00825507313891935
2018-10-08,0.00825308306578001
2018-10-09,0.00825109407666211
2018-10-10,0.00824910529790878
2018-10-11,0.00824711692539517
2018-10-12,0.0082451291533865
2018-10-13,0.00824314184664843
2018-10-14,0.00824115502852498
2018-10-15,0.00823916851763038
2018-10-16,0.00823718260831402
2018-10-17,0.00823519732579818
2018-10-18,0.00823321237627012
2018-10-19,0.00823122804602956
2018-10-20,0.00822924391756725
2018-10-21,0.00822726047144813
2018-10-22,0.00822527742566567
2018-10-23,0.0082232949326268
2018-10-24,0.0082213129131765
2018-10-25,0.00821933135202044
2018-10-26,0.0114635473655384
2018-10-27,0.180267404848295
2018-10-28,0.227128904103344
2018-10-29,0.234900053846435
2018-10-30,0.0876637663580264
2018-10-31,0.238618340727045
2018-11-01,0.327824665348512
2018-11-02,0.556729573156719
2018-11-03,0.00993425707445953
2018-11-04,0.0103222827494075
2018-11-05,0.0105334407011199
2018-11-06,0.0106618197949912
2018-11-07,0.0107464158096257
2018-11-08,0.0108030081628409
2018-11-09,0.0108385041275956
2018-11-10,0.0108551753657845
2018-11-11,0.0108521115399965
2018-11-12,0.010832346713827
2018-11-13,0.0289331869237563
2018-11-14,0.0297823567706355
2018-11-15,0.144079181788326
2018-11-16,0.0332115964715693
2018-11-17,0.0295713252007756
2018-11-18,0.0108990255523474
2018-11-19,0.0114688073948551
2018-11-20,0.0109170640525325
2018-11-21,0.138956530116589
2018-11-22,1.47375862972525
2018-11-23,2.704821066636
2018-11-24,0.744119170023479
2018-11-25,0.028909301264392
2018-11-26,0.0585121094678097
2018-11-27,0.114771890459419
2018-11-28,0.0251012726256018
2018-11-29,0.016680104520981
2018-11-30,0.0167429416431346
2018-12-01,0.0142016360405579
2018-12-02,0.0185416929080371
2018-12-03,0.020033697069541
2018-12-04,0.105058795708175
2018-12-05,0.389477324116727
2018-12-06,0.0313947880002279
2018-12-07,0.0205562256971816
2018-12-08,0.0539551189272759
2018-12-09,0.117773525687945
2018-12-10,0.0571407321781964
2018-12-11,0.0229351244250322
2018-12-12,0.0156601424629509
2018-12-13,0.0154513450991245
2018-12-14,0.0931589615981076
2018-12-15,0.0208158668272509
2018-12-16,0.0258054064916329
2018-12-17,0.0334642832018626
2018-12-18,0.0321665548183551
2018-12-19,0.0259153189559935
2018-12-20,0.057256717688872
2018-12-21,0.0825733894083138
2018-12-22,0.11991065976517
2018-12-23,0.0914329776515959
2018-12-24,0.102929537222618
2018-12-25,0.0429155161513213
2018-12-26,0.217089579170843
2018-12-27,0.879842361914611
2018-12-28,2.88293661375545
2018-12-29,1.59420750329253
2018-12-30,0.0853450607708466
2018-12-31,0.0593219042407125
2019-01-01,0.0396826928437154
2019-01-02,0.040530200046935
2019-01-03,0.186377857154966
2019-01-04,0.33321591348594
2019-01-05,0.418693908695285
2019-01-06,1.14790075055319
2019-01-07,1.25845454250168
2019-01-08,5.75958249205768
2019-01-09,3.60538645112249
2019-01-10,2.73755037254322
2019-01-11,2.71074679311687
2019-01-12,2.13838035650524
2019-01-13,1.6696571018996
2019-01-14,1.66329251504262
2019-01-15,1.65656977779984
2019-01-16,1.64864736518323
2019-01-17,1.65322106033393
2019-01-18,1.52656277041153
2019-01-19,1.42396181677195
2019-01-20,1.30361506860783
2019-01-21,1.30762907118505
2019-01-22,1.50132728261659
2019-01-23,1.1803063983018
2019-01-24,1.16961954324089
2019-01-25,1.13546869922723
2019-01-26,1.14125374554587
2019-01-27,1.12786097527604
2019-01-28,1.01394040898141
2019-01-29,1.06781173682556
2019-01-30,1.05357514680945
2019-01-31,0.944149719875161
2019-02-01,0.901548440146852
2019-02-02,0.873689115781262
2019-02-03,0.851198666527077
2019-02-04,0.791450323642803
2019-02-05,0.730240598097897
2019-02-06,0.695893121283161
2019-02-07,0.692883864752703
2019-02-08,0.652186238333755
2019-02-09,0.608308911490417
2019-02-10,0.604068654202607
2019-02-11,0.540661527612891
2019-02-12,0.519468806949895
2019-02-13,0.500452080265076
2019-02-14,0.479183976122106
2019-02-15,0.457521369180252
2019-02-16,0.435636976791575
2019-02-17,0.471331411417755
2019-02-18,0.839265037121039
2019-02-19,6.69306369837991
2019-02-20,5.30608610693788
2019-02-21,2.6800441479958
2019-02-22,3.80629480028545
2019-02-23,3.2818354391397
2019-02-24,1.79203309688896
2019-02-25,1.65452369788752
2019-02-26,1.78956405980996
2019-02-27,1.95025906052202
2019-02-28,2.10611056348474
2019-03-01,1.78987157597946
2019-03-02,1.38460873640609
2019-03-03,1.40230352901145
2019-03-04,1.38329623111889
2019-03-05,1.31326716546598
2019-03-06,1.24425077577104
2019-03-07,1.22930251302078
2019-03-08,1.08688950984545
2019-03-09,1.00715487546278
2019-03-10,1.01963030262556
2019-03-11,0.971160288406442
2019-03-12,0.76911068081577
2019-03-13,0.8482776328222
2019-03-14,0.773197955756283
2019-03-15,0.680224469429326
2019-03-16,0.647235087193122
2019-03-17,0.878361979193873
2019-03-18,0.662275840586466
2019-03-19,0.658160642571659
2019-03-20,0.59808823098528
2019-03-21,0.592169358651852
2019-03-22,0.804633846326129
2019-03-23,0.942537367259179
2019-03-24,0.851162254710434
2019-03-25,0.872189878638113
2019-03-26,0.892426151506631
2019-03-27,0.916597302695767
2019-03-28,0.842880360118311
2019-03-29,0.825976694570613
2019-03-30,0.774380133366783
2019-03-31,0.720783342933695
2019-04-01,0.719946722718565
2019-04-02,0.665323244669248
2019-04-03,0.613338613887869
2019-04-04,0.549689035329634
2019-04-05,0.509037862061616
2019-04-06,0.46082134511681
2019-04-07,0.796147565205779
2019-04-08,1.12908295041962
2019-04-09,0.888463659645176
2019-04-10,0.781358066982302
2019-04-11,1.04688240881907
2019-04-12,0.893751157795156
2019-04-13,0.835517251734236
2019-04-14,0.787771556755465
2019-04-15,0.721560177956271
2019-04-16,0.646802789022089
2019-04-17,0.574673982307175
2019-04-18,0.524052608125601
2019-04-19,0.469870380906751
2019-04-20,0.420889457206707
2019-04-21,0.372748927270595
2019-04-22,0.328403590797685
2019-04-23,0.422233900357305
2019-04-24,0.590846379219412
2019-04-25,0.311227077304705
2019-04-26,0.334362959115656
2019-04-27,0.354419486930167
2019-04-28,0.422587130180864
2019-04-29,0.330291691291959
2019-04-30,0.313771786995537
2019-05-01,0.354197176893631
2019-05-02,0.316729690422531
2019-05-03,0.281475232784246
2019-05-04,0.251719244123546
2019-05-05,0.226437080987025
2019-05-06,0.202990291522025
2019-05-07,0.197145966579475
2019-05-08,0.17512958702872
2019-05-09,0.164706742860191
2019-05-10,0.150105687034028
2019-05-11,0.124717868106176
2019-05-12,0.103214077490455
2019-05-13,0.0833706361230453
2019-05-14,0.0671820555474354
2019-05-15,0.0564334742850581
2019-05-16,0.0458278385944008
2019-05-17,0.0364414098570222
2019-05-18,0.0494158889998812
2019-05-19,0.0263587941662978
2019-05-20,0.0238097848181024
2019-05-21,0.0207308782664253
2019-05-22,0.0212726990851545
2019-05-23,0.0179842301445715
2019-05-24,0.0175317264778852
2019-05-25,0.0172807500543183
2019-05-26,0.028472938994958
2019-05-27,0.017007191286316
2019-05-28,0.017104784879454
2019-05-29,0.016734021280846
2019-05-30,0.0278198095368054
2019-05-31,0.0172883760758553
2019-06-01,0.0245015083102442
2019-06-02,0.019873637349947
2019-06-03,0.0197003664702086
2019-06-04,0.0195377916908657
2019-06-05,0.0256868416745316
2019-06-06,0.0213974616586843
2019-06-07,0.0190972374775382
2019-06-08,0.0212632431285949
2019-06-09,0.0186947494409851
2019-06-10,0.0184713874450757
2019-06-11,0.0182474692342451
2019-06-12,0.0180610128224764
2019-06-13,0.0178864376246256
2019-06-14,0.0180554448725396
2019-06-15,0.0175370616435773
2019-06-16,0.0173555553519333
2019-06-17,0.0171365422017167
2019-06-18,0.0787758197180439
2019-06-19,0.0167314169721269
2019-06-20,0.0165180198761039
2019-06-21,0.0162953142595558
2019-06-22,0.0160158056445199
2019-06-23,0.0157559308850081
2019-06-24,0.0154956158992074
2019-06-25,0.0152417573853278
2019-06-26,0.0149709851058563
2019-06-27,0.0146818816353862
2019-06-28,0.0143887747179145
2019-06-29,0.0140759417513529
2019-06-30,0.0137478730279474
2019-07-01,0.0255725911702257
2019-07-02,0.0249865638491886
2019-07-03,0.024368542197314
2019-07-04,0.0237573166320442
2019-07-05,0.0231305442986622
2019-07-06,0.022499816993861
2019-07-07,0.0218878059942523
2019-07-08,0.0212787528760982
2019-07-09,0.0206829623779658
2019-07-10,0.0201100692478822
2019-07-11,0.0195609703919325
2019-07-12,0.0190464763950963
2019-07-13,0.0185687763072961
2019-07-14,0.0213417074965861
2019-07-15,0.0177422272174297
2019-07-16,0.0173763886791123
2019-07-17,0.0170274924077691
2019-07-18,0.0166969210942501
2019-07-19,0.0163948573374464
2019-07-20,0.0161270227207427
2019-07-21,0.0158931515092086
2019-07-22,0.0158696707548137
2019-07-23,0.0155492630787409
2019-07-24,0.0154050079069484
2019-07-25,0.0185192507831465
2019-07-26,0.015140544522195
2019-07-27,0.0150223308928648
2019-07-28,0.01492399948715
2019-07-29,0.014849112962538
2019-07-30,0.0147938143459321
2019-07-31,0.0147448638292332
2019-08-01,0.0189931958849186
2019-08-02,0.0189346254505749
2019-08-03,0.0188842841182163
2019-08-04,0.0188441792505346
2019-08-05,0.0188123944481675
2019-08-06,0.0187891444171467
2019-08-07,0.0187731548265198
2019-08-08,0.0187609092684928
2019-08-09,0.0187500858628251
2019-08-10,0.0187396827397859
2019-08-11,0.0187306080886543
2019-08-12,0.0187233047619842
2019-08-13,0.0187174908219079
2019-08-14,0.0187128709872149
2019-08-15,0.018708343782345
2019-08-16,0.0187038342198802
2019-08-17,0.0186993259838941
2019-08-18,0.0186948192824733
2019-08-19,0.0186903133126546
2019-08-20,0.0186858085020055
2019-08-21,0.0186813044637364
2019-08-22,0.0186768013411693
2019-08-23,0.0186722996674141
2019-08-24,0.0186677991882094
2019-08-25,0.0186632998106055
2019-08-26,0.0186588012419618
2019-08-27,0.0186543042216759
2019-08-28,0.0186498074934312
2019-08-29,0.0186453124694596
2019-08-30,0.0186408186022589
2019-08-31,0.018636325660355
2019-09-01,0.0097699052816293
2019-09-02,0.00976755046987463
2019-09-03,0.00976519608577024
2019-09-04,0.00976284243653259
2019-09-05,0.00976048914293643
2019-09-06,0.00975813656628349
2019-09-07,0.00975578451916225
2019-09-08,0.00975343331193359
2019-09-09,0.00975108239305448
2019-09-10,0.00974873209080931
2019-09-11,0.00974638236211871
2019-09-12,0.00974403319629145
2019-09-13,0.00974168459332736
2019-09-14,0.0097393365708357
2019-09-15,0.00973698912252743
2019-09-16,0.00973464215815584
2019-09-17,0.0097322960129233
2019-09-18,0.00972995008749037
2019-09-19,0.00972760471045603
2019-09-20,0.0128337790344321
2019-09-21,0.0215090327911366
2019-09-22,0.00972057272630334
2019-09-23,0.00971822970323243
2019-09-24,0.00971588752131191
2019-09-25,0.00971354593055514
2019-09-26,0.00971120439325457
2019-09-27,0.00970886368515537
2019-09-28,0.00970652363519745
2019-09-29,0.00970418414464384
2019-09-30,0.0097018451433724
2019-10-01,0.00827668230475182
2019-10-02,0.00827468730924281
2019-10-03,0.00827269287157553
2019-10-04,0.00827069890883844
2019-10-05,0.00826870538105153
2019-10-06,0.00826671258954058
2019-10-07,0.00826471981547056
2019-10-08,0.00826272793035181
2019-10-09,0.0082607364882329
2019-10-10,0.0082587453890297
2019-10-11,0.00825675475939024
2019-10-12,0.0082547646159505
2019-10-13,0.00825277504242698
2019-10-14,0.00825078606243205
2019-10-15,0.0503456179291847
2019-10-16,0.12695716647552
2019-10-17,0.00824482397236992
2019-10-18,0.008242845212497
2019-10-19,0.00824087006075191
2019-10-20,0.00823889650096206
2019-10-21,0.00823692327657491
2019-10-22,0.00823494992500306
2019-10-23,0.00823297626432411
2019-10-24,0.00823100200126195
2019-10-25,0.00822902737033012
2019-10-26,0.00822705226527308
2019-10-27,0.00822507688062437
2019-10-28,0.00822310103151003
2019-10-29,0.00822112516629637
2019-10-30,0.00821914892489507
2019-10-31,0.00821717279109092
2019-11-01,0.00913968490162758
2019-11-02,0.00913748704191101
2019-11-03,0.00913528924159936
2019-11-04,0.00913309195503629
2019-11-05,0.00913089507087473
2019-11-06,0.00913014795088071
2019-11-07,0.00919359931006227
2019-11-08,0.0091243064733846
2019-11-09,0.0167968187267347
2019-11-10,0.0174018334332289
2019-11-11,0.0145332777196849
2019-11-12,0.0421829179833735
2019-11-13,0.311801078603044
2019-11-14,0.0353256053131916
2019-11-15,0.0238679242507713
2019-11-16,0.355287697384822
2019-11-17,0.137058133082988
2019-11-18,0.0470769168154827
2019-11-19,0.0566981370004043
2019-11-20,0.0524893199629064
2019-11-21,0.194844997679681
2019-11-22,0.225846494457956
2019-11-23,0.155752961317485
2019-11-24,0.0666149608451372
2019-11-25,0.0101570256512745
2019-11-26,0.0102931044037969
2019-11-27,0.0103814273184083
2019-11-28,0.0104517321317283
2019-11-29,0.0105122235957733
2019-11-30,0.0242296464192568
2019-12-01,0.163793771889453
2019-12-02,0.21000590457533
2019-12-03,0.0193423154758274
2019-12-04,0.0152283179231453
2019-12-05,0.0138943987934294
2019-12-06,0.0420042854941788
2019-12-07,0.0250477143941563
2019-12-08,0.0263201779611069
2019-12-09,0.0164887638045381
2019-12-10,0.0201519538707694
2019-12-11,0.0306050095577914
2019-12-12,0.0143719287387164
2019-12-13,0.0109964403915751
2019-12-14,0.0101255608838278
2019-12-15,0.0114122854415804
2019-12-16,0.0109042558448089
2019-12-17,0.0107125254385894
2019-12-18,0.013499912635925
2019-12-19,0.0146479831589032
2019-12-20,0.0309728720055213
2019-12-21,0.0938450697397445
2019-12-22,0.0319352253069621
2019-12-23,0.0102499920736015
2019-12-24,0.0132294229989407
2019-12-25,0.0102969098261811
2019-12-26,0.010323507476958
2019-12-27,0.0103378870765644
2019-12-28,0.0103361981042261
2019-12-29,0.0103325433810865
2019-12-30,0.0103291571355415
2019-12-31,0.0191528886396314
2020-01-01,0.00779406457998925
2020-01-02,0.00773982576487065
2020-01-03,0.00773265222644812
2020-01-04,0.00772652013154511
2020-01-05,0.00770891007711774
2020-01-06,0.00768040658037293
2020-01-07,0.00764899187011052
2020-01-08,0.00761339626699893
2020-01-09,0.00757859739633635
2020-01-10,0.00754911475104714
2020-01-11,0.00752454581625327
2020-01-12,0.00750460407606686
2020-01-13,0.00749733993603743
2020-01-14,0.00750081839314628
2020-01-15,0.00750421977600963
2020-01-16,0.00750360040730907
2020-01-17,0.00749426341786787
2020-01-18,0.00747784251781987
2020-01-19,0.00745578822709642
2020-01-20,0.00742779546980452
2020-01-21,0.00739874419847168
2020-01-22,0.00737452869644925
2020-01-23,0.007354864321166
2020-01-24,0.0082650629083059
2020-01-25,0.07592679790298
2020-01-26,0.0444565321180658
2020-01-27,0.315781263257284
2020-01-28,0.304029988618907
2020-01-29,0.0131479136346074
2020-01-30,0.0906887191159791
2020-01-31,0.0475287611914187
2020-02-01,0.028999030292332
2020-02-02,0.294523553868588
2020-02-03,0.311058551896108
2020-02-04,0.0151668380951367
2020-02-05,0.0387162373033225
2020-02-06,0.468144522003318
2020-02-07,1.25870991707138
2020-02-08,0.401637561212862
2020-02-09,0.0114354067079255
2020-02-10,0.0116630864694206
2020-02-11,0.0117538778955568
2020-02-12,0.011791723805009
2020-02-13,0.011802921920036
2020-02-14,0.0117955273688496
2020-02-15,0.0117688292316038
2020-02-16,0.0117342543245309
2020-02-17,0.0117053864026805
2020-02-18,0.0116736380866983
2020-02-19,0.0116320089487372
2020-02-20,0.011583915121728
2020-02-21,0.0115394255649674
2020-02-22,0.0195789792229479
2020-02-23,0.0121186911612712
2020-02-24,0.0138560670345086
2020-02-25,0.370770053074986
2020-02-26,0.825690947961055
2020-02-27,0.600291301539536
2020-02-28,0.158407507675097
2020-02-29,0.0911749983656175
2020-03-01,0.0190936244131305
2020-03-02,0.0114767395196597
2020-03-03,0.0115156514614983
2020-03-04,0.0115132310760623
2020-03-05,0.0114897491214096
2020-03-06,0.0114577645098421
2020-03-07,0.0114159960343854
2020-03-08,0.0113583651292536
2020-03-09,0.0112861841885779
2020-03-10,0.0112154075411583
2020-03-11,0.0111496569990128
2020-03-12,0.0110827728090373
2020-03-13,0.0110133276921224
2020-03-14,0.0109492495241596
2020-03-15,0.0109018196991818
2020-03-16,0.0108708095950987
2020-03-17,0.0108410279046046
2020-03-18,0.0108042635362679
2020-03-19,0.0107668659288113
2020-03-20,0.308165410223093
2020-03-21,0.283939890726438
2020-03-22,0.0217036266163682
2020-03-23,0.125035461694612
2020-03-24,0.0996636556935714
2020-03-25,0.0793357062695789
2020-03-26,0.0329507326996608
2020-03-27,0.0398895663872477
2020-03-28,0.0706190556880086
2020-03-29,0.168989113722221
2020-03-30,0.0427306323685586
2020-03-31,0.168430722750081
2020-04-01,0.430096674248992
2020-04-02,0.355735570624181
2020-04-03,0.482596038708853
2020-04-04,0.387801748083335
2020-04-05,0.30350418453626
2020-04-06,0.195725782149847
2020-04-07,0.165738681963049
2020-04-08,0.155485773723581
2020-04-09,0.13854606064203
2020-04-10,0.120836519867522
2020-04-11,0.104275205548011
2020-04-12,0.0890247942896772
2020-04-13,0.0760126199418158
2020-04-14,0.205267866320155
2020-04-15,0.166626390080131
2020-04-16,0.0872390153136303
2020-04-17,0.0699336920437994
2020-04-18,0.102153018984439
2020-04-19,0.0676521903727124
2020-04-20,0.0830519602225909
2020-04-21,0.275873104566217
2020-04-22,0.067487899954463
2020-04-23,0.0709990450766455
2020-04-24,0.0709396423328827
2020-04-25,0.067677582972893
2020-04-26,0.0620051799957666
2020-04-27,0.0549873072988588
2020-04-28,0.0486437073615472
2020-04-29,0.0444462467450626
2020-04-30,0.221710272962493
2020-05-01,0.238178005736899
2020-05-02,0.426536300392231
2020-05-03,0.311623991657398
2020-05-04,0.262116350840049
2020-05-05,0.305164012874559
2020-05-06,0.24604030504201
2020-05-07,0.206962135594411
2020-05-08,0.205720691659359
2020-05-09,0.194271870413765
2020-05-10,0.177491876645252
2020-05-11,0.157445965944449
2020-05-12,0.135893201896984
2020-05-13,0.114139340502833
2020-05-14,0.0936657630438638
2020-05-15,0.0758889736465669
2020-05-16,0.0609205831299912
2020-05-17,0.0482070276351775
2020-05-18,0.0380741176047229
2020-05-19,0.0308877234352958
2020-05-20,0.0259680287836472
2020-05-21,0.0225150750104348
2020-05-22,0.0200242584198819
2020-05-23,0.0181373238310967
2020-05-24,0.0168415813063916
2020-05-25,0.0161943204938861
2020-05-26,0.0159098257795349
2020-05-27,0.0157020258833526
2020-05-28,0.015496116475145
2020-05-29,0.0152859260407258
2020-05-30,0.0150695108610483
2020-05-31,0.0148382177544434
2020-06-01,0.0177727233230751
2020-06-02,0.0174400804461795
2020-06-03,0.0174350366881614
2020-06-04,0.0169120491318946
2020-06-05,0.0166343903957201
2020-06-06,0.028817551774555
2020-06-07,0.0161900614908439
2020-06-08,0.0402131660933039
2020-06-09,0.015735897962387
2020-06-10,0.0255220293892225
2020-06-11,0.0151893370335071
2020-06-12,0.0149320363585469
2020-06-13,0.0146710433948088
2020-06-14,0.0144155142713726
2020-06-15,0.0141711797008783
2020-06-16,0.0139318625046673
2020-06-17,0.0137183716556339
2020-06-18,0.0135400870902327
2020-06-19,0.013356003824894
2020-06-20,0.0131516124395914
2020-06-21,0.0129258479038917
2020-06-22,0.012669255127036
2020-06-23,0.0123892804848778
2020-06-24,0.012101171933245
2020-06-25,0.0118150641207654
2020-06-26,0.0115312820075035
2020-06-27,0.0112477801128303
2020-06-28,0.0109727878289121
2020-06-29,0.0106982450250282
2020-06-30,0.0104238812089979
2020-07-01,0.0193238498236303
2020-07-02,0.0188437861346318
2020-07-03,0.0184284073774277
2020-07-04,0.018087258926087
2020-07-05,0.0177934592799681
2020-07-06,0.0175034321395858
2020-07-07,0.017184823808251
2020-07-08,0.0168649224625684
2020-07-09,0.0165621793679091
2020-07-10,0.0162793532370088
2020-07-11,0.0160238633631055
2020-07-12,0.0157959994591465
2020-07-13,0.0155931655885789
2020-07-14,0.0154176773724382
2020-07-15,0.0152653231175922
2020-07-16,0.015132880301826
2020-07-17,0.0150217470072279
2020-07-18,0.0197182302124149
2020-07-19,0.0148495507504349
2020-07-20,0.0147778087120612
2020-07-21,0.0147174631841569
2020-07-22,0.0146668478880518
2020-07-23,0.0146231618063346
2020-07-24,0.0145880647848996
2020-07-25,0.0145626732882642
2020-07-26,0.0145435098125936
2020-07-27,0.0163268424315376
2020-07-28,0.0145160719086471
2020-07-29,0.0145053712149455
2020-07-30,0.0144956498608685
2020-07-31,0.0144876059229844
2020-08-01,0.0187150484659885
2020-08-02,0.0187091243034569
2020-08-03,0.0187045414548489
2020-08-04,0.0187000334827193
2020-08-05,0.0186955261054661
2020-08-06,0.0186910194933967
2020-08-07,0.0186865144242882
2020-08-08,0.0186820104381907
2020-08-09,0.0186775075339048
2020-08-10,0.018673005863148
2020-08-11,0.0186685049761651
2020-08-12,0.018664005400669
2020-08-13,0.0186595068572114
2020-08-14,0.0186550086771562
2020-08-15,0.0186505127104974
2020-08-16,0.0186460171594125
2020-08-17,0.0186415229126182
2020-08-18,0.0186370295677334
2020-08-19,0.018632537331046
2020-08-20,0.018628046658308
2020-08-21,0.0186235564329267
2020-08-22,0.0186190676101825
2020-08-23,0.0186145799088286
2020-08-24,0.0186100930602108
2020-08-25,0.0186056073377805
2020-08-26,0.0186011228296899
2020-08-27,0.0185966399772988
2020-08-28,0.0185921568382635
2020-08-29,0.0185876760601443
2020-08-30,0.0185831956796088
2020-08-31,0.0185787167310946
2020-09-01,0.00973970440858581
2020-09-02,0.00973735661469836
2020-09-03,0.00973500963806324
2020-09-04,0.00973266321580128
2020-09-05,0.00973031736677947
2020-09-06,0.00972797226268671
2020-09-07,0.0097256276830944
2020-09-08,0.00972328324280299
2020-09-09,0.009720939882643
2020-09-10,0.00971859646556778
2020-09-11,0.00971625416006892
2020-09-12,0.00971391230517516
2020-09-13,0.00971157103169708
2020-09-14,0.00970923018524046
2020-09-15,0.00970688987429
2020-09-16,0.00970455038593752
2020-09-17,0.00970221122995738
2020-09-18,0.00969987264784621
2020-09-19,0.00969753482638664
2020-09-20,0.00969519743635069
2020-09-21,0.00969286058496544
2020-09-22,0.00969052426342638
2020-09-23,0.00968818856418141
2020-09-24,0.00968585352307764
2020-09-25,0.00968351894641466
2020-09-26,0.00968118481123779
2020-09-27,0.00967885144300141
2020-09-28,0.00967651868165115
2020-09-29,0.00967418635266792
2020-09-30,0.00967185457491332
2020-10-01,0.00825109710145761
2020-10-02,0.0082491082443542
2020-10-03,0.00824712006395925
2020-10-04,0.00824513218489005
2020-10-05,0.00824314492027856
2020-10-06,0.00824115823658449
2020-10-07,0.00823917186172922
2020-10-08,0.00823718582013004
2020-10-09,0.00826114611310614
2020-10-10,0.00823321563155433
2020-10-11,0.00823123117895888
2020-10-12,0.00822924719914703
2020-10-13,0.00822726379944765
2020-10-14,0.00822528086904369
2020-10-15,0.00822329831965717
2020-10-16,0.0082213163560179
2020-10-17,0.00821933475407686
2020-10-18,0.00821735367402239
2020-10-19,0.00821537305467704
2020-10-20,0.00821339282627703
2020-10-21,0.00821141355095728
2020-10-22,0.00820943401241351
2020-10-23,0.00820745537892031
2020-10-24,0.00820547737866738
2020-10-25,0.00820349950720907
2020-10-26,0.0082015222410855
2020-10-27,0.00819954554729307
2020-10-28,0.0081975692626919
2020-10-29,0.0081955933110785
2020-10-30,0.0081936180659573
2020-10-31,0.00819164323727206
2020-11-01,0.00911128428450078
2020-11-02,0.00910908807886944
2020-11-03,0.00910689287177915
2020-11-04,0.00910469765662885
2020-11-05,0.00910250324628169
2020-11-06,0.00910030934789202
2020-11-07,0.00933162636437528
2020-11-08,0.00909680529240729
2020-11-09,0.00909373078835061
2020-11-10,0.0125399187287079
2020-11-11,0.0117499225706126
2020-11-12,0.00908715686926334
2020-11-13,0.0327829087889741
2020-11-14,0.303301523096886
2020-11-15,0.0227333227319567
2020-11-16,0.0395314325921629
2020-11-17,0.0611481050509204
2020-11-18,0.0775677576232045
2020-11-19,0.0611812503445626
2020-11-20,0.197437895565358
2020-11-21,0.26476459538217
2020-11-22,0.0547620697526769
2020-11-23,0.0137847371848208
2020-11-24,0.00927665191350657
2020-11-25,0.0276538512013994
2020-11-26,0.0116099836333427
2020-11-27,0.00945177208825456
2020-11-28,0.00949360333632826
2020-11-29,0.00952888036537869
2020-11-30,0.436804206517256
2020-12-01,0.00848668539170534
2020-12-02,0.00827880041384748
2020-12-03,0.111312188097833
2020-12-04,0.804046662053629
2020-12-05,0.0486071340651542
2020-12-06,0.00956259197715928
2020-12-07,0.00978349316541831
2020-12-08,0.0099203422960813
2020-12-09,0.0100194765722027
2020-12-10,0.010096743602786
2020-12-11,0.0101600596391542
2020-12-12,0.0102148651075903
2020-12-13,0.0168991121489691
2020-12-14,0.0104869961830622
2020-12-15,0.0103367091747102
2020-12-16,0.0118322616550638
2020-12-17,0.175308777085159
2020-12-18,0.0590388720689826
2020-12-19,0.121061069456778
2020-12-20,0.0231017147166624
2020-12-21,0.0107484554781212
2020-12-22,0.0107072642536719
2020-12-23,0.0107577627121784
2020-12-24,0.289047798733238
2020-12-25,1.01307817128143
2020-12-26,0.562890513690445
2020-12-27,0.869083631484664
2020-12-28,0.0324211465561382
2020-12-29,0.0299513935670295
2020-12-30,0.651703288885811
2020-12-31,1.72959701043301
2021-01-01,0.135692181170016
2021-01-02,0.0199256770405572
2021-01-03,0.0611300038422593
2021-01-04,0.270670702227909
2021-01-05,0.262030303646714
2021-01-06,0.12102684472638
2021-01-07,0.0987840092084253
2021-01-08,0.0941885222222929
2021-01-09,0.0488742158333826
2021-01-10,0.0227241590568079
2021-01-11,0.0349811166544395
2021-01-12,0.0202760652690542
2021-01-13,0.0973682639488417
2021-01-14,0.0185448921691126
2021-01-15,0.429047432920386
2021-01-16,1.20229980746141
2021-01-17,1.20039905845755
2021-01-18,0.596713961719538
2021-01-19,0.79553790427277
2021-01-20,1.15812498100591
2021-01-21,0.657357136558118
2021-01-22,0.709257062991228
2021-01-23,0.701280027518994
2021-01-24,0.678999079640692
2021-01-25,0.647265347283021
2021-01-26,0.612355787785529
2021-01-27,0.575092001783738
2021-01-28,0.537369133730581
2021-01-29,0.500616088139588
2021-01-30,0.46053643026669
2021-01-31,0.423326665500966
2021-02-01,0.38351439408359
2021-02-02,0.35631315125583
2021-02-03,0.353649426548514
2021-02-04,0.657036857353228
2021-02-05,2.89156766006859
2021-02-06,3.16174556651906
2021-02-07,1.58164131394812
2021-02-08,1.50273888216842
2021-02-09,1.4226282100288
2021-02-10,1.31995316477573
2021-02-11,1.52319389283711
2021-02-12,1.4674994061208
2021-02-13,1.8840169927449
2021-02-14,1.65987626978208
2021-02-15,1.50974397117935
2021-02-16,1.43633628655517
2021-02-17,1.34459232174121
2021-02-18,1.23438900300461
2021-02-19,1.1574180067948
2021-02-20,1.07646327574536
2021-02-21,1.02440523201553
2021-02-22,0.947157589695079
2021-02-23,0.91312814168062
2021-02-24,0.89151854685497
2021-02-25,0.88657664402954
2021-02-26,0.828319815840245
2021-02-27,0.772491366956766
2021-02-28,0.705196274722719
2021-03-01,0.527996046628891
2021-03-02,0.473470021088268
2021-03-03,0.421692616335813
2021-03-04,0.379954533997992
2021-03-05,0.364486322255718
2021-03-06,0.325027226920379
2021-03-07,0.296823108341379
2021-03-08,0.266812227036165
2021-03-09,0.236565846582885
2021-03-10,0.208061425559318
2021-03-11,0.182221140259182
2021-03-12,0.160025606478956
2021-03-13,0.141685766474102
2021-03-14,0.12501405390822
2021-03-15,0.108829596739622
2021-03-16,0.0942702223734461
2021-03-17,0.081053017466933
2021-03-18,0.0686421983079658
2021-03-19,0.0594018326703044
2021-03-20,0.0512911112409724
2021-03-21,0.044569838704477
2021-03-22,0.0380273472945687
2021-03-23,0.0325453666625977
2021-03-24,0.0280828569701623
2021-03-25,0.0246792745877803
2021-03-26,0.0221355509909828
2021-03-27,0.0199917116300793
2021-03-28,0.0181720560575337
2021-03-29,0.016782090359448
2021-03-30,0.0157802487007421
2021-03-31,0.0150386890019735
2021-04-01,0.0704476514471644
2021-04-02,0.107288418446531
2021-04-03,0.0186191303342587
2021-04-04,0.014674450416369
2021-04-05,0.0143603692391748
2021-04-06,0.0140282909611148
2021-04-07,0.0137069604356828
2021-04-08,0.0134590911627457
2021-04-09,0.0132912870782048
2021-04-10,0.0131806664539476
2021-04-11,0.0146250874496931
2021-04-12,0.0130333624898941
2021-04-13,0.0134615693270493
2021-04-14,0.0327062622488974
2021-04-15,0.0353124453452159
2021-04-16,0.0127854221084046
2021-04-17,0.0126775322176134
2021-04-18,0.0125465482203829
2021-04-19,0.0124072582610819
2021-04-20,0.0134670929581063
2021-04-21,0.0121934340757594
2021-04-22,0.0121195304999914
2021-04-23,0.0120358994019955
2021-04-24,0.0366839105257782
2021-04-25,0.0178072738144344
2021-04-26,0.0243637903886296
2021-04-27,0.0699858257371745
2021-04-28,0.0139119665360657
2021-04-29,0.0117911825937898
2021-04-30,0.0121908783653179
2021-05-01,0.0145014495107371
2021-05-02,0.0890567143548033
2021-05-03,0.456908346290136
2021-05-04,0.324407695691943
2021-05-05,0.016137525414336
2021-05-06,0.0149997751157654
2021-05-07,0.0150169779510379
2021-05-08,0.0149357960250853
2021-05-09,0.014803580712606
2021-05-10,0.0146457044765673
2021-05-11,0.0144632799694286
2021-05-12,0.0142748747871926
2021-05-13,0.0140921888742689
2021-05-14,0.0139151995605646
2021-05-15,0.0137321539114372
2021-05-16,0.0293916962610992
2021-05-17,0.0136489137133763
2021-05-18,0.0228522581481306
2021-05-19,0.0132548081377828
2021-05-20,0.0130984673346778
2021-05-21,0.0129291045950004
2021-05-22,0.0127635682878778
2021-05-23,0.0126036983538506
2021-05-24,0.0147391039984592
2021-05-25,0.0123036824577809
2021-05-26,0.0121589509319154
2021-05-27,0.0120168642709185
2021-05-28,0.0118863663338127
2021-05-29,0.0782538128288425
2021-05-30,0.0733635100813584
2021-05-31,0.0117119792036239
2021-06-01,0.0146983845236614
2021-06-02,0.071011739965273
2021-06-03,0.0422044177084057
2021-06-04,0.0270981228109687
2021-06-05,0.0138463902104917
2021-06-06,0.0136245123088068
2021-06-07,0.013363448229126
2021-06-08,0.0130646528088928
2021-06-09,0.0127530506860666
2021-06-10,0.012464526267577
2021-06-11,0.0122074025547045
2021-06-12,0.0119926659030716
2021-06-13,0.0118012789078927
2021-06-14,0.0115884804610497
2021-06-15,0.0113604239149163
2021-06-16,0.011136041306649
2021-06-17,0.0109371220998236
2021-06-18,0.0213173087530216
2021-06-19,0.0106382172540883
2021-06-20,0.0104488938207062
2021-06-21,0.0102356597863975
2021-06-22,0.0100179981673693
2021-06-23,0.00980464053841658
2021-06-24,0.00960207678659788
2021-06-25,0.00941488321652948
2021-06-26,0.00924372264875711
2021-06-27,0.00908420943186588
2021-06-28,0.008933924158016
2021-06-29,0.00879739551339944
2021-06-30,0.00868003885749237
2021-07-01,0.016313299318277
2021-07-02,0.0161152149409289
2021-07-03,0.0159287922535431
2021-07-04,0.0157627984309242
2021-07-05,0.0156173919932196
2021-07-06,0.0154853439553569
2021-07-07,0.0153632640167515
2021-07-08,0.0152542920155054
2021-07-09,0.0151589900675325
2021-07-10,0.0150759980108503
2021-07-11,0.0150027121378829
2021-07-12,0.0149316407837665
2021-07-13,0.0148622119154493
2021-07-14,0.0147991404196464
2021-07-15,0.0147446251553002
2021-07-16,0.014698715384674
2021-07-17,0.0146570967468316
2021-07-18,0.014619987716243
2021-07-19,0.0145893510987296
2021-07-20,0.0145640518567181
2021-07-21,0.0145428225139288
2021-07-22,0.0145255354394163
2021-07-23,0.0145115165615421
2021-07-24,0.0145010729997515
2021-07-25,0.0144912261673399
2021-07-26,0.0144822381218412
2021-07-27,0.0144748372420349
2021-07-28,0.0144690064532008
2021-07-29,0.0144637334040629
2021-07-30,0.0144587393850938
2021-07-31,0.0144541401667654
2021-08-01,0.0186744610245555
2021-08-02,0.0186698555502526
2021-08-03,0.0186653099216024
2021-08-04,0.0186608108804155
2021-08-05,0.0186563133108285
2021-08-06,0.0186518163289217
2021-08-07,0.0186473210662799
2021-08-08,0.0186428263475424
2021-08-09,0.0186383329552833
2021-08-10,0.0186338402982245
2021-08-11,0.0186293490264123
2021-08-12,0.0186248586703021
2021-08-13,0.0186203696154842
2021-08-14,0.0186158811357535
2021-08-15,0.0186113938493738
2021-08-16,0.0186069081809142
2021-08-17,0.0186024232224685
2021-08-18,0.0185979392972608
2021-08-19,0.0185934565797963
2021-08-20,0.0185889748721826
2021-08-21,0.0185844941210487
2021-08-22,0.0185800146987921
2021-08-23,0.0185755365298539
2021-08-24,0.0185710586187754
2021-08-25,0.0185665826980145
2021-08-26,0.0185621075112544
2021-08-27,0.0185576336215889
2021-08-28,0.0185531602764273
2021-08-29,0.0185486886121514
2021-08-30,0.0185442171547631
2021-08-31,0.018539748045098
2021-09-01,0.0097192752585461
2021-09-02,0.00971693262602055
2021-09-03,0.00971459047145713
2021-09-04,0.00971224878951009
2021-09-05,0.0264239764867052
2021-09-06,0.00970756750883914
2021-09-07,0.00970522769974896
2021-09-08,0.00970288850257606
2021-09-09,0.0114153889910025
2021-09-10,0.00969821142231154
2021-09-11,0.0476314288228358
2021-09-12,0.00969353675512678
2021-09-13,0.00969120046974931
2021-09-14,0.00968886442052283
2021-09-15,0.00968652944293775
2021-09-16,0.00968419443139212
2021-09-17,0.00968186032577346
2021-09-18,0.0096795266487484
2021-09-19,0.00967719367734635
2021-09-20,0.0096748610254242
2021-09-21,0.00967252901529205
2021-09-22,0.00967019750544779
2021-09-23,0.00966786691536616
2021-09-24,0.00966553667149262
2021-09-25,0.00966320678797733
2021-09-26,0.00966087769561508
2021-09-27,0.00965854938402907
2021-09-28,0.00965622127494816
2021-09-29,0.00965389374319507
2021-09-30,0.00965156679600227
2021-10-01,0.00823378970382293
2021-10-02,0.00823180498424694
2021-10-03,0.00822982092232852
2021-10-04,0.0082278373898097
2021-10-05,0.00822585419296185
2021-10-06,0.0150615848179907
2021-10-07,0.00822188917092895
2021-10-08,0.0229753355718467
2021-10-09,0.00821792616882513
2021-10-10,0.00821594553042891
2021-10-11,0.00821396513674246
2021-10-12,0.00821198538944408
2021-10-13,0.00821000607548593
2021-10-14,0.00820802725148401
2021-10-15,0.0335517825985519
2021-10-16,0.0113790007494152
2021-10-17,0.00924128641850763
2021-10-18,0.00820011654888309
2021-10-19,0.00819814004157455
2021-10-20,0.0081961640711786
2021-10-21,0.00819418857115137
2021-10-22,0.00819221366518936
2021-10-23,0.00819023905143015
2021-10-24,0.00818826495070289
2021-10-25,0.00818629132571077
2021-10-26,0.00818431811125154
2021-10-27,0.00818234541089752
2021-10-28,0.00818037333975892
2021-10-29,0.0081784017129618
2021-10-30,0.00817643036790291
2021-10-31,0.0081744597435573
2021-11-01,0.00909217171096304
2021-11-02,0.00908998008757505
2021-11-03,0.0090877891218211
2021-11-04,0.00908559879280491
2021-11-05,0.00908340883604001
2021-11-06,0.00908121929093076
2021-11-07,0.00907903060196965
2021-11-08,0.0110548683587744
2021-11-09,0.00907465456349522
2021-11-10,0.00907246743070567
2021-11-11,0.0247181996884786
2021-11-12,0.00906809471980569
2021-11-13,0.311506886503729
2021-11-14,0.933505625142507
2021-11-15,0.453740950484084
2021-11-16,0.249388640005384
2021-11-17,0.0101116496979941
2021-11-18,0.0136681255057907
2021-11-19,0.0337896088941247
2021-11-20,0.0285506731686794
2021-11-21,0.0346149251591337
2021-11-22,0.012735395263802
2021-11-23,0.0857834752568742
2021-11-24,0.0113765239628758
2021-11-25,0.0111458849595902
2021-11-26,0.0121459407856807
2021-11-27,0.0120430489398386
2021-11-28,0.0112450600144513
2021-11-29,0.174150642675016
2021-11-30,0.22887919828884
2021-12-01,0.0129445538376241
2021-12-02,0.0097745271151858
2021-12-03,0.656603719943206
2021-12-04,0.431467747515449
2021-12-05,0.0477642903564815
2021-12-06,0.0239187365634766
2021-12-07,0.212854914078763
2021-12-08,0.664283046100963
2021-12-09,0.116362435014154
2021-12-10,0.0358147384989466
2021-12-11,0.0310556229774077
2021-12-12,0.0252533892790839
2021-12-13,0.0357945123180514
2021-12-14,0.107483830354011
2021-12-15,0.100176899522302
2021-12-16,0.0139766887829512
2021-12-17,0.0138542969125778
2021-12-18,0.0138968901517171
2021-12-19,0.0139219516346373
2021-12-20,0.0139305553197108
2021-12-21,0.0367837011537255
2021-12-22,0.0470723645605484
2021-12-23,0.134462044966119
2021-12-24,0.104791729201569
2021-12-25,0.0304745210423785
2021-12-26,0.0401523042450747
2021-12-27,0.879223619920257
2021-12-28,11.9554734780953
2021-12-29,7.68863739564776
2021-12-30,1.01417369188918
2021-12-31,0.0764243972239856
2022-01-01,0.0328182329945378
2022-01-02,0.11110161250555
2022-01-03,0.035507276001233
2022-01-04,0.0386311565992965
2022-01-05,0.0484281611816072
2022-01-06,0.0348496701692661
2022-01-07,0.0394500279739917
2022-01-08,0.0592348681022908
2022-01-09,0.104462192877584
2022-01-10,0.0883198467431139
2022-01-11,0.095308926090482
2022-01-12,0.105778334402967
2022-01-13,0.0916081664185791
2022-01-14,0.0654246105237701
2022-01-15,0.0598352261331981
2022-01-16,0.056581288838667
2022-01-17,0.0638692010166517
2022-01-18,0.77033384202409
2022-01-19,1.63372541518322
2022-01-20,1.61477442383885
2022-01-21,0.843990713170773
2022-01-22,0.827789255435305
2022-01-23,0.856117673444401
2022-01-24,0.81614776947898
2022-01-25,0.799976289003865
2022-01-26,0.75091525953949
2022-01-27,0.707389794010203
2022-01-28,0.686905512115222
2022-01-29,0.653347477468463
2022-01-30,0.612307112910072
2022-01-31,0.580916877528624
2022-02-01,0.538687303346219
2022-02-02,0.663608844629755
2022-02-03,1.03990797517426
2022-02-04,0.621805017783447
2022-02-05,0.655236402280493
2022-02-06,0.660632254114185
2022-02-07,0.66651542678637
2022-02-08,0.677589667177851
2022-02-09,0.672977157595974
2022-02-10,0.683904731689846
2022-02-11,0.704590542457291
2022-02-12,0.746207483039522
2022-02-13,0.719959174104347
2022-02-14,0.657845138500852
2022-02-15,0.661345770891186
2022-02-16,0.749848208326757
2022-02-17,0.873903160773824
2022-02-18,0.801655001132655
2022-02-19,0.732711620054181
2022-02-20,0.710820712137571
2022-02-21,0.692673507981061
2022-02-22,0.724910561029818
2022-02-23,0.790102509259686
2022-02-24,0.811082596845541
2022-02-25,0.850302312432992
2022-02-26,0.906025661221441
2022-02-27,0.879398445061814
2022-02-28,0.83094335579356
2022-03-01,0.647248269112633
2022-03-02,0.572626067033634
2022-03-03,0.53933549931557
2022-03-04,0.479485558437019
2022-03-05,0.432202616294213
2022-03-06,0.385931250025723
2022-03-07,0.34169779214836
2022-03-08,0.301649332482494
2022-03-09,0.267692507965377
2022-03-10,0.237712005742596
2022-03-11,0.210644070650974
2022-03-12,0.222682396596241
2022-03-13,0.331206098871845
2022-03-14,0.230517548907799
2022-03-15,0.204337540218713
2022-03-16,0.637403502941749
2022-03-17,0.757068223665837
2022-03-18,0.577925911810519
2022-03-19,0.596302218334687
2022-03-20,1.32212141068541
2022-03-21,1.04038205070745
2022-03-22,0.915249021390677
2022-03-23,1.10364254842006
2022-03-24,1.07082450968475
2022-03-25,0.971352463018006
2022-03-26,0.902969542035844
2022-03-27,0.837279830552816
2022-03-28,0.758947725637736
2022-03-29,0.681888045408431
2022-03-30,0.607976485034372
2022-03-31,0.549019068546877
2022-04-01,0.509970871216234
2022-04-02,0.444902630022417
2022-04-03,0.38662926690577
2022-04-04,0.350141663880482
2022-04-05,0.318716221006184
2022-04-06,0.286087787712285
2022-04-07,0.24829235726702
2022-04-08,0.2207773037417
2022-04-09,0.19338414736965
2022-04-10,0.168403804116165
2022-04-11,0.146165653538119
2022-04-12,0.12965525181781
2022-04-13,0.194210397028018
2022-04-14,0.128984631118709
2022-04-15,0.126473392816784
2022-04-16,0.112932630359432
2022-04-17,0.0981867165770307
2022-04-18,0.0909601144615227
2022-04-19,0.0835497075327623
2022-04-20,0.0744591081056018
2022-04-21,0.0655307652652663
2022-04-22,0.0574723074412879
2022-04-23,0.190063375237639
2022-04-24,0.449502353070385
2022-04-25,0.467099954987308
2022-04-26,0.197659073700907
2022-04-27,0.197502341682137
2022-04-28,0.207570626060731
2022-04-29,0.204469799877442
2022-04-30,0.191896927723147
2022-05-01,0.216570870976831
2022-05-02,0.19518914077688
2022-05-03,0.193128332892413
2022-05-04,0.176969872121149
2022-05-05,0.162146662506045
2022-05-06,0.137584694185932
2022-05-07,0.115046501059781
2022-05-08,0.092065959356485
2022-05-09,0.0731750298925032
2022-05-10,0.0611105366836687
2022-05-11,0.0505684273723414
2022-05-12,0.0410910966607404
2022-05-13,0.0344131174943812
2022-05-14,0.029748230171983
2022-05-15,0.0255736294337956
2022-05-16,0.0475475382617464
2022-05-17,0.0210126130743667
2022-05-18,0.020242221971801
2022-05-19,0.0187339432025266
2022-05-20,0.0175642590984963
2022-05-21,0.0170414330701628
2022-05-22,0.0167819763290878
2022-05-23,0.0166349426241799
2022-05-24,0.0164912824208409
2022-05-25,0.0163332097295981
2022-05-26,0.0161530985529186
2022-05-27,0.015952564289963
2022-05-28,0.0157325031219263
2022-05-29,0.0155022539101798
2022-05-30,0.0152832613346249
2022-05-31,0.0183749214447537
2022-06-01,0.0211671150639835
2022-06-02,0.0179016346255879
2022-06-03,0.017621164840984
2022-06-04,0.018003830697491
2022-06-05,0.0170802139753379
2022-06-06,0.0168134789018928
2022-06-07,0.0165460109806929
2022-06-08,0.0162986163145127
2022-06-09,0.019094577469393
2022-06-10,0.0159152794353766
2022-06-11,0.0374780417689377
2022-06-12,0.0155553348791382
2022-06-13,0.0153811797250362
2022-06-14,0.0152021163738709
2022-06-15,0.0150247269940679
2022-06-16,0.0148182235758982
2022-06-17,0.0145738224517026
2022-06-18,0.0143137047236954
2022-06-19,0.0140316777816915
2022-06-20,0.0137234669143472
2022-06-21,0.0134031846452291
2022-06-22,0.0130764469675585
2022-06-23,0.0127685785902505
2022-06-24,0.0124917390180904
2022-06-25,0.0122396359388723
2022-06-26,0.0119859785274977
2022-06-27,0.0117122371835174
2022-06-28,0.0114164012179653
2022-06-29,0.011109798338501
2022-06-30,0.0108124087632002
2022-07-01,0.0200452992575602
2022-07-02,0.0195453327185806
2022-07-03,0.019079590904041
2022-07-04,0.0186642464178517
2022-07-05,0.0182692142881576
2022-07-06,0.0178760806332807
2022-07-07,0.0174935756990769
2022-07-08,0.0171315270989792
2022-07-09,0.0167947818057503
2022-07-10,0.0164867457511135
2022-07-11,0.0162098306704866
2022-07-12,0.0159619408107706
2022-07-13,0.0157434117611874
2022-07-14,0.0155501517558106
2022-07-15,0.0153753163612931
2022-07-16,0.0152228366341448
2022-07-17,0.0150927993470006
2022-07-18,0.0149846199585568
2022-07-19,0.0148943629219355
2022-07-20,0.0148197074264482
2022-07-21,0.01475797793673
2022-07-22,0.0147048676303911
2022-07-23,0.0146584463346174
2022-07-24,0.0146188688842713
2022-07-25,0.0145862255321739
2022-07-26,0.0145599747962013
2022-07-27,0.0145418012747222
2022-07-28,0.0145288160060274
2022-07-29,0.0145176391894852
2022-07-30,0.0145075325723328
2022-07-31,0.0144981589602868
2022-08-01,0.0187266070268404
2022-08-02,0.0187192549035084
2022-08-03,0.0187133517085736
2022-08-04,0.0187087533248144
2022-08-05,0.0187042348410015
2022-08-06,0.0186997263399596
2022-08-07,0.0186952188709562
2022-08-08,0.01869071282318
2022-08-09,0.0186862080515096
2022-08-10,0.0186817035916698
2022-08-11,0.0186772008780802
2022-08-12,0.0186830235943835
2022-08-13,0.0186681985746023
2022-08-14,0.018663699081861
2022-08-15,0.018659200134823
2022-08-16,0.0186547028015074
2022-08-17,0.0186502064948334
2022-08-18,0.0186457111572324
2022-08-19,0.0186412167965001
2022-08-20,0.0186367236393133
2022-08-21,0.0186322320316837
2022-08-22,0.0186277406903093
2022-08-23,0.0186232510334188
2022-08-24,0.0218263465450611
2022-08-25,0.0186142747413945
2022-08-26,0.01860978772127
2022-08-27,0.0186053021253709
2022-08-28,0.0186008174193879
2022-08-29,0.0185963343984884
2022-08-30,0.0185918522045393
2022-08-31,0.018587370983261
2022-09-01,0.00974424124030375
2022-09-02,0.00974189285934048
2022-09-03,0.0097395444601393
2022-09-04,0.013794936237784
2022-09-05,0.00973485015091306
2022-09-06,0.00973250381166561
2022-09-07,0.00973015794692124
2022-09-08,0.00972781244347862
2022-09-09,0.00972546780068211
2022-09-10,0.00972312374307479
2022-09-11,0.00972078023543838
2022-09-12,0.00971843723752334
2022-09-13,0.00971609504648383
2022-09-14,0.00971375309096648
2022-09-15,0.00971141165303169
2022-09-16,0.00970907093298345
2022-09-17,0.00970673095912208
2022-09-18,0.00970439129373496
2022-09-19,0.00970205212423356
2022-09-20,0.00969971364683384
2022-09-21,0.00969737577349012
2022-09-22,0.00969503850608921
2022-09-23,0.00969270151603205
2022-09-24,0.0783174978357618
2022-09-25,0.0106044339657967
2022-09-26,0.0456363155618813
2022-09-27,0.00968336032525635
2022-09-28,0.00968102649006356
2022-09-29,0.00967869312685842
2022-09-30,0.00967636062429941
2022-10-01,0.00825494144158287
2022-10-02,0.00825295191689398
2022-10-03,0.00825096305174092
2022-10-04,0.0082489743942692
2022-10-05,0.00824698631690993
2022-10-06,0.00824499877217012
2022-10-07,0.00824301163340171
2022-10-08,0.00824102498619947
2022-10-09,0.00823903887725142
2022-10-10,0.00823705310692594
2022-10-11,0.00823506791429801
2022-10-12,0.00823308319606363
2022-10-13,0.0120808333351066
2022-10-14,0.0345000105457133
2022-10-15,0.00822713188477022
2022-10-16,0.00822514893934024
2022-10-17,0.00822316647554848
2022-10-18,0.00822118478479283
2022-10-19,0.00821920322283178
2022-10-20,0.00821722252459971
2022-10-21,0.00821524200775343
2022-10-22,0.00821326209248536
2022-10-23,0.00821128256601608
2022-10-24,0.0104462080720391
2022-10-25,0.0341823723946848
2022-10-26,0.0102100229720179
2022-10-27,0.00820336958858005
2022-10-28,0.0160740201299341
2022-10-29,0.00819941629141974
2022-10-30,0.00819744033926971
2022-10-31,0.00819546524789709
2022-11-01,0.00911553603552121
2022-11-02,0.00911333988959348
2022-11-03,0.00911114395352349
2022-11-04,0.00910894884345132
2022-11-05,0.0092154497100912
2022-11-06,0.0092659214797287
2022-11-07,0.126516096315826
2022-11-08,0.215603830166017
2022-11-09,0.163354897607223
2022-11-10,0.0136387869948059
2022-11-11,0.0110852596456809
2022-11-12,0.0327597031207842
2022-11-13,0.00954108632866611
2022-11-14,0.00911359829438335
2022-11-15,0.00911904936833218
2022-11-16,0.240712530066504
2022-11-17,0.180858094873233
2022-11-18,0.0539234885816848
2022-11-19,0.0127208676426141
2022-11-20,0.0105691813630404
2022-11-21,0.0131600846519408
2022-11-22,0.00945887874700821
2022-11-23,0.0121034546317519
2022-11-24,0.0100318012384787
2022-11-25,0.0095844620736381
2022-11-26,0.0137519793608962
2022-11-27,0.322722507056943
2022-11-28,0.118920072572834
2022-11-29,0.765617916079989
2022-11-30,0.635433754974523
2022-12-01,0.524753019951632
2022-12-02,0.334038890248694
2022-12-03,0.699222055379434
2022-12-04,0.712170428999208
2022-12-05,0.148193506261716
2022-12-06,0.0810753267678091
2022-12-07,0.0413735092473861
2022-12-08,0.149399234086641
2022-12-09,0.0485607911629884
2022-12-10,0.0165223712923334
2022-12-11,0.0142002992188295
2022-12-12,0.0142626374299846
2022-12-13,0.0143102538165003
2022-12-14,0.0143552260018517
2022-12-15,0.0937631206536638
2022-12-16,0.0808296128023855
2022-12-17,0.0326822759408114
2022-12-18,0.0392136104143902
2022-12-19,0.412279367135371
2022-12-20,1.23100323085375
2022-12-21,4.57217869681554
2022-12-22,12.6058620832417
2022-12-23,2.38847353950658
2022-12-24,0.432613351966694
2022-12-25,0.147012437305117
2022-12-26,0.144811482765371
2022-12-27,0.161702717335233
2022-12-28,0.209599242074589
2022-12-29,0.177885081691286
2022-12-30,0.17664029509765
2022-12-31,0.172429761741729
2023-01-01,0.134689652310199
2023-01-02,0.350652296356608
2023-01-03,0.147050157444009
2023-01-04,0.220200495096458
2023-01-05,0.545860898335027
2023-01-06,0.724385815706477
2023-01-07,2.29397171769912
2023-01-08,7.27500189194614
2023-01-09,1.67577665759144
2023-01-10,1.52911775576619
2023-01-11,1.4727879003286
2023-01-12,1.3730700179417
2023-01-13,1.2610287991307
2023-01-14,1.14361716603328
2023-01-15,1.04197829360855
2023-01-16,0.950315500944651
2023-01-17,0.9951579160967
2023-01-18,0.839179125900695
2023-01-19,0.80966125888622
2023-01-20,0.789825595914346
2023-01-21,0.839437898867422
2023-01-22,0.78652253186433
2023-01-23,0.869308198711525
2023-01-24,0.984476477673066
2023-01-25,1.13553780169231
2023-01-26,1.09819634214133
2023-01-27,0.978853268397381
2023-01-28,0.970379203773007
2023-01-29,0.956997915927353
2023-01-30,0.924374700076991
2023-01-31,0.922292288278358
2023-02-01,0.923864873375794
2023-02-02,0.875426750963064
2023-02-03,0.852220276043785
2023-02-04,0.78666887802689
2023-02-05,0.785364851672187
2023-02-06,0.730861368197478
2023-02-07,0.693663349199037
2023-02-08,0.694830737523999
2023-02-09,0.82709045670982
2023-02-10,0.863164446953845
2023-02-11,0.804892617186895
2023-02-12,0.743863230938435
2023-02-13,0.733374273849857
2023-02-14,0.72854534822371
2023-02-15,0.725794707206851
2023-02-16,0.670838801495052
2023-02-17,0.67879155880634
2023-02-18,0.680498701429414
2023-02-19,0.706621540843539
2023-02-20,0.704883594100233
2023-02-21,0.665200672138102
2023-02-22,0.66758984081048
2023-02-23,0.674684150055921
2023-02-24,0.741360502293372
2023-02-25,0.730077542509847
2023-02-26,0.753105235299523
2023-02-27,0.765490661826494
2023-02-28,0.712991522634535
2023-03-01,0.583119112759496
2023-03-02,0.535536176742054
2023-03-03,0.513697724409215
2023-03-04,0.580290970137634
2023-03-05,0.509243311745912
2023-03-06,0.595125398695267
2023-03-07,0.659475466404476
2023-03-08,0.508595040568178
2023-03-09,0.510629328237516
2023-03-10,0.527715710147915
2023-03-11,0.497821958495782
2023-03-12,0.490714862239189
2023-03-13,0.479874650500741
2023-03-14,0.448730830164976
2023-03-15,0.425409467363371
2023-03-16,0.425650137348656
2023-03-17,0.422179603860267
2023-03-18,0.408958340712655
2023-03-19,0.443905458658455
2023-03-20,0.401111941848343
2023-03-21,0.407756056928924
2023-03-22,0.46655653121432
2023-03-23,0.448858628680684
2023-03-24,0.557025923056839
2023-03-25,0.619428998586245
2023-03-26,0.681559288104416
2023-03-27,0.771242900609635
2023-03-28,0.837982154216915
2023-03-29,0.860677762262795
2023-03-30,0.847971312225326
2023-03-31,0.859833354143599
2023-04-01,0.925969372910107
2023-04-02,0.856549008942008
2023-04-03,0.78618796721306
2023-04-04,0.71884689687289
2023-04-05,0.674885126466364
2023-04-06,0.614743491347014
2023-04-07,0.564375968544466
2023-04-08,0.533967657247
2023-04-09,0.502132303431042
2023-04-10,0.482181887105133
2023-04-11,0.472782014974147
2023-04-12,0.412180981736386
2023-04-13,0.397472932027283
2023-04-14,0.346602796319168
2023-04-15,0.34760402816938
2023-04-16,0.484908784635505
2023-04-17,0.82437328146218
2023-04-18,0.403411085282116
2023-04-19,0.414382876251763
2023-04-20,0.404687833860637
2023-04-21,0.383889545937677
2023-04-22,0.449725224915572
2023-04-23,0.353822325821373
2023-04-24,0.337707790167287
2023-04-25,0.317163640258312
2023-04-26,0.335627492273455
2023-04-27,0.515016553462904
2023-04-28,0.586173702521495
2023-04-29,0.604876738770004
2023-04-30,0.658360683714183
2023-05-01,0.74611711187285
2023-05-02,0.728465848405481
2023-05-03,0.683293991109019
2023-05-04,0.671151627950578
2023-05-05,0.628967936245801
2023-05-06,0.569069471898728
2023-05-07,0.515181097015304
2023-05-08,0.461934292338145
2023-05-09,0.414105489821113
2023-05-10,0.378746789293669
2023-05-11,0.346926421168266
2023-05-12,0.52298351350905
2023-05-13,0.310549116007986
2023-05-14,0.288755507039452
2023-05-15,0.261573695632591
2023-05-16,0.234002818975243
2023-05-17,0.232381710225107
2023-05-18,0.269276893774114
2023-05-19,0.196611757079087
2023-05-20,0.182655564094782
2023-05-21,0.163041663574121
2023-05-22,0.2889344087471
2023-05-23,0.528980591982712
2023-05-24,0.17724495561914
2023-05-25,0.193417269623202
2023-05-26,0.202387726978882
2023-05-27,0.18202988700883
2023-05-28,0.251841591990943
2023-05-29,0.167517368313238
2023-05-30,0.166392239153948
2023-05-31,0.137380013667521
2023-06-01,0.140971582092231
2023-06-02,0.112738552877616
2023-06-03,0.0862069637080745
2023-06-04,0.0626599159833894
2023-06-05,0.0443581479479929
2023-06-06,0.0327967475958875
2023-06-07,0.0260991164245465
2023-06-08,0.0225287760711566
2023-06-09,0.0210322425944272
2023-06-10,0.0205437080505327
2023-06-11,0.0290508365346157
2023-06-12,0.0199762639817287
2023-06-13,0.0196975096974193
2023-06-14,0.0194126271381857
2023-06-15,0.0191588667756626
2023-06-16,0.0189453345498856
2023-06-17,0.0187470836111746
2023-06-18,0.0185267322926049
2023-06-19,0.0182829331579322
2023-06-20,0.0180222924964883
2023-06-21,0.0177408913717554
2023-06-22,0.0174310807610516
2023-06-23,0.0171000012495796
2023-06-24,0.0167823975541439
2023-06-25,0.0164784095920959
2023-06-26,0.0161699177354647
2023-06-27,0.0158605787033498
2023-06-28,0.0155440023190061
2023-06-29,0.0152191353963652
2023-06-30,0.0148913420044432
2023-07-01,0.0277079178157431
2023-07-02,0.0270513281497948
2023-07-03,0.0263550650977677
2023-07-04,0.0256429074984757
2023-07-05,0.0249220082717277
2023-07-06,0.0242040475339104
2023-07-07,0.0235143415845865
2023-07-08,0.0228530917065716
2023-07-09,0.0222225917043121
2023-07-10,0.0216315971909706
2023-07-11,0.0210562691585679
2023-07-12,0.0204868429989564
2023-07-13,0.01993404539865
2023-07-14,0.0194051545780713
2023-07-15,0.018908058078798
2023-07-16,0.0184387147238142
2023-07-17,0.0180136231807508
2023-07-18,0.0184061958639987
2023-07-19,0.0180278580088001
2023-07-20,0.016999056312727
2023-07-21,0.0166748191779074
2023-07-22,0.0163617000185028
2023-07-23,0.0160781114354834
2023-07-24,0.0158264449225772
2023-07-25,0.0156077459953758
2023-07-26,0.0154165063260775
2023-07-27,0.0152511439251866
2023-07-28,0.015111434044154
2023-07-29,0.0149936968601618
2023-07-30,0.014894439256333
2023-07-31,0.0148116437675107
2023-08-01,0.0226467340925354
2023-08-02,0.01898813303576
2023-08-03,0.0189294873855226
2023-08-04,0.018878267731841
2023-08-05,0.01883757704156
2023-08-06,0.0188057785576337
2023-08-07,0.0187840199946747
2023-08-08,0.0187691703067094
2023-08-09,0.0187563345004901
2023-08-10,0.0187444157821107
2023-08-11,0.0187346807365361
2023-08-12,0.018727370143018
2023-08-13,0.0187213134003905
2023-08-14,0.0187165819022258
2023-08-15,0.0187120480691607
2023-08-16,0.018707537794883
2023-08-17,0.018703028517863
2023-08-18,0.0186985204515845
2023-08-19,0.0186940137369709
2023-08-20,0.0186895076963907
2023-08-21,0.0186850029211224
2023-08-22,0.0186804991874876
2023-08-23,0.0186759964858915
2023-08-24,0.0186714952972726
2023-08-25,0.0186669949260092
2023-08-26,0.0186624957468973
2023-08-27,0.0186579973227749
2023-08-28,0.0186534999462828
2023-08-29,0.018649003935248
2023-08-30,0.0186445091037718
2023-08-31,0.0186400151022441
2023-09-01,0.00977183945874478
2023-09-02,0.00976948427405393
2023-09-03,0.00976712959688325
2023-09-04,0.00976477556496142
2023-09-05,0.00976242193364736
2023-09-06,0.00976006885387643
2023-09-07,0.00975771636589797
2023-09-08,0.00975536442946273
2023-09-09,0.00975301300778003
2023-09-10,0.00975066235995577
2023-09-11,0.00974831215173074
2023-09-12,0.0344373154339942
2023-09-13,0.00974361353141218
2023-09-14,0.0097412651230919
2023-09-15,0.0097389169861409
2023-09-16,0.00973656988404071
2023-09-17,0.0199073034347416
2023-09-18,0.0097318766750707
2023-09-19,0.00972953115496229
2023-09-20,0.00972718590873868
2023-09-21,0.00972484136530805
2023-09-22,0.00972249755925969
2023-09-23,0.00972015409690387
2023-09-24,0.00971781126438885
2023-09-25,0.00971546893939417
2023-09-26,0.00971312725021493
2023-09-27,0.00971078620471223
2023-09-28,0.00970844562019138
2023-09-29,0.00970610549413683
2023-09-30,0.0097037661740144
2023-10-01,0.00827832105378435
2023-10-02,0.00827632596972904
2023-10-03,0.00827433080571371
2023-10-04,0.00827233675094212
2023-10-05,0.00827034291377979
2023-10-06,0.00826834959367422
2023-10-07,0.00826635656952798
2023-10-08,0.00826436418881823
2023-10-09,0.00826237229752806
2023-10-10,0.00826038074647037
2023-10-11,0.00826058253706304
2023-10-12,0.00880104829685161
2023-10-13,0.00825440937595036
2023-10-14,0.00825241974071275
2023-10-15,0.00825043057986869
2023-10-16,0.00824844206890086
2023-10-17,0.00824645410853004
2023-10-18,0.00824446656271695
2023-10-19,0.00824247936599096
2023-10-20,0.00824049284972992
2023-10-21,0.00823850653068564
2023-10-22,0.0082365210724188
2023-10-23,0.00831706912919301
2023-10-24,0.00823255097319437
2023-10-25,0.0542756538578038
2023-10-26,0.00822858294300194
2023-10-27,0.0423136209817795
2023-10-28,0.00822461683802088
2023-10-29,0.0849229212573887
2023-10-30,0.0557116557442586
2023-10-31,0.00831048693432077
2023-11-01,0.00914136885663808
2023-11-02,0.00913918618519229
2023-11-03,0.00913700771418591
2023-11-04,0.00913483263762187
2023-11-05,0.00913265969814438
2023-11-06,0.00913048838737825
2023-11-07,0.00912831744259457
2023-11-08,0.199024691387444
2023-11-09,0.924487102749626
2023-11-10,0.373331223028048
2023-11-11,0.0236690049959819
2023-11-12,0.0141435086644489
2023-11-13,0.0872879109387506
2023-11-14,0.117241855478743
2023-11-15,0.0347042019200787
2023-11-16,0.0684595671613191
2023-11-17,0.010847751101747
2023-11-18,0.0109258237619761
2023-11-19,0.0139276743856788
2023-11-20,0.0415160653273561
2023-11-21,0.01884271805019
2023-11-22,0.0111288202467062
2023-11-23,0.0251682841696141
2023-11-24,0.011185944590309
2023-11-25,0.0111940456269054
2023-11-26,0.12620046578971
2023-11-27,0.0112308107267818
2023-11-28,0.0431957595596682
2023-11-29,0.0173327341487173
2023-11-30,0.0113085273679008
2023-12-01,0.0611475100558762
2023-12-02,0.0096185278216821
2023-12-03,0.00963790371196358
2023-12-04,0.00965816589814661
2023-12-05,0.0151091517395884
2023-12-06,0.00986582362514653
2023-12-07,0.00971001324649313
2023-12-08,0.0097146658753592
2023-12-09,0.00970537041488465
2023-12-10,0.00969711144242697
2023-12-11,0.0797994809226145
2023-12-12,0.0177076698381471
2023-12-13,0.00972510101206569
2023-12-14,0.00973692070642944
2023-12-15,0.011892075733874
2023-12-16,0.00975945065740557
2023-12-17,0.00975377665647896
2023-12-18,0.00973594141311799
2023-12-19,0.0620841071825015
2023-12-20,0.0122734058521909
2023-12-21,0.00972992040093585
2023-12-22,0.00972563344524942
2023-12-23,0.0392573518023963
2023-12-24,0.0116538409038575
2023-12-25,0.0114519342216234
2023-12-26,0.216400459162371
2023-12-27,0.0179003366617305
2023-12-28,0.0128110541434521
2023-12-29,0.00984184393163466
2023-12-30,0.00988228368728003
2023-12-31,0.00992242920844002
2024-01-01,0.00746573038039093
2024-01-02,0.00748266740340354
2024-01-03,0.00749965147795975
2024-01-04,0.00751640469163568
2024-01-05,0.00752900675742547
2024-01-06,0.00753734174833127
2024-01-07,0.00753952544890174
2024-01-08,0.00753868888308888
2024-01-09,0.00754168621043801
2024-01-10,0.0115715982518143
2024-01-11,0.00758407745771787
2024-01-12,0.00755596440690301
2024-01-13,0.00811307372912931
2024-01-14,0.00754716431703794
2024-01-15,0.00752792342497125
2024-01-16,0.00750885788427752
2024-01-17,0.00748909457787316
2024-01-18,0.00746572042347087
2024-01-19,0.00744032032570008
2024-01-20,0.00741769429716858
2024-01-21,0.00739926465082851
2024-01-22,0.00738075898625692
2024-01-23,0.00736163700053438
2024-01-24,0.0073388370252384
2024-01-25,0.00731238195999686
2024-01-26,0.00728490740776395
2024-01-27,0.00725856495256773
2024-01-28,0.00723567584468757
2024-01-29,0.00721253894219115
2024-01-30,0.00718511326897063
2024-01-31,0.00715382166751072
2024-02-01,0.00697178275656606
2024-02-02,0.00694761502062623
2024-02-03,0.00692248463961608
2024-02-04,0.00689509170056151
2024-02-05,0.00687304593196307
2024-02-06,0.00686143577074286
2024-02-07,0.0068550904417019
2024-02-08,0.00685031393221091
2024-02-09,0.00684509957780545
2024-02-10,0.00683653639812243
2024-02-11,0.00682103380845173
2024-02-12,0.00680028729326106
2024-02-13,0.00677684350091472
2024-02-14,0.0067546940506352
2024-02-15,0.0067384528886415
2024-02-16,0.00672699244824298
2024-02-17,0.00671406648254061
2024-02-18,0.00669468247202208
2024-02-19,0.0066747362659002
2024-02-20,0.00955697430243992
2024-02-21,0.00676372361677114
2024-02-22,0.00662156397443431
2024-02-23,0.00659034259376397
2024-02-24,0.00655431045842795
2024-02-25,0.0398339421614518
2024-02-26,0.286321480218987
2024-02-27,0.27927402430157
2024-02-28,0.23236965614767
2024-02-29,0.351108745225813
2024-03-01,0.208794683286171
2024-03-02,0.221852595848295
2024-03-03,0.00663248912595348
2024-03-04,0.00678853546371171
2024-03-05,0.0190737124108137
2024-03-06,0.00744183541890799
2024-03-07,0.00784339378748999
2024-03-08,0.0651059516164748
2024-03-09,0.13468360349556
2024-03-10,0.0141119768465194
2024-03-11,0.00717916975795471
2024-03-12,0.117289720558809
2024-03-13,0.742878208443482
2024-03-14,0.349584536196218
2024-03-15,0.077273111918461
2024-03-16,0.15475712082626
2024-03-17,0.121818999135195
2024-03-18,0.121836066564582
2024-03-19,0.348881227929228
2024-03-20,1.62010349398015
2024-03-21,0.367337884818904
2024-03-22,0.105399273362631
2024-03-23,0.0398996428461816
2024-03-24,0.0204828843447425
2024-03-25,0.0133453733544976
2024-03-26,0.0138023143430361
2024-03-27,0.0275615522016758
2024-03-28,0.136309214142047
2024-03-29,0.315920588999543
2024-03-30,0.680326951494555
2024-03-31,0.658444665972128
2024-04-01,0.255078893736789
2024-04-02,0.861409845373499
2024-04-03,0.667581376381197
2024-04-04,0.401817283447088
2024-04-05,0.456798959299379
2024-04-06,0.516646095677081
2024-04-07,0.413052303900264
2024-04-08,0.601362771047835
2024-04-09,0.482989542134078
2024-04-10,0.414162398865478
2024-04-11,0.85590755892437
2024-04-12,0.649174016544997
2024-04-13,0.673718302782758
2024-04-14,0.596720146788797
2024-04-15,0.573696672490874
2024-04-16,0.529419422204977
2024-04-17,0.482268897063062
2024-04-18,0.437849184655503
2024-04-19,0.392144188023939
2024-04-20,0.34871835996342
2024-04-21,0.307666271211628
2024-04-22,0.270205747350348
2024-04-23,0.236763250635601
2024-04-24,0.505444825400493
2024-04-25,0.473496790713378
2024-04-26,0.461917054596387
2024-04-27,0.364810823960945
2024-04-28,0.347921846455652
2024-04-29,0.338825569490129
2024-04-30,0.345271821044175
2024-05-01,0.394898087944571
2024-05-02,0.360432414267588
2024-05-03,0.333017392491385
2024-05-04,0.302623549788214
2024-05-05,0.271634432401473
2024-05-06,0.241205829949275
2024-05-07,0.212280015947936
2024-05-08,0.188066700086761
2024-05-09,0.168275623070701
2024-05-10,0.148794510636628
2024-05-11,0.135650160077224
2024-05-12,0.123925444316719
2024-05-13,0.107957177966371
2024-05-14,0.0910333710920085
2024-05-15,0.0741842242875401
2024-05-16,0.0590504397134155
2024-05-17,0.0526503308974482
2024-05-18,0.0613865026734259
2024-05-19,0.0404393796390845
2024-05-20,0.0356485397972636
2024-05-21,0.0508247019734217
2024-05-22,0.0264673281001005
2024-05-23,0.048940936632931
2024-05-24,0.0201961262552585
2024-05-25,0.018200932381413
2024-05-26,0.0173262637984532
2024-05-27,0.0170469276924785
2024-05-28,0.0168383538974223
2024-05-29,0.0166384787394398
2024-05-30,0.0164497200356125
2024-05-31,0.016255873526943
2024-06-01,0.0195692121546511
2024-06-02,0.0193192258656547
2024-06-03,0.0190755902526766
2024-06-04,0.0188445746411134
2024-06-05,0.0484070586546284
2024-06-06,0.0245543462166536
2024-06-07,0.0184439591321961
2024-06-08,0.0182823192986797
2024-06-09,0.0180570584913952
2024-06-10,0.0177987438003766
2024-06-11,0.0175179808870119
2024-06-12,0.0172146017976033
2024-06-13,0.0169034277591534
2024-06-14,0.016598772742597
2024-06-15,0.0163053106249079
2024-06-16,0.016020348098408
2024-06-17,0.0157482921248081
2024-06-18,0.0154800512785657
2024-06-19,0.0151917984166011
2024-06-20,0.0148776722016911
2024-06-21,0.0145549588188991
2024-06-22,0.0142364744557728
2024-06-23,0.013925239596056
2024-06-24,0.0136153030917833
2024-06-25,0.0133104908835023
2024-06-26,0.0130097442595301
2024-06-27,0.0127103117517825
2024-06-28,0.0124191684238543
2024-06-29,0.0121552493235033
2024-06-30,0.0119330190517224
2024-07-01,0.0222783005230053
2024-07-02,0.0217894477637287
2024-07-03,0.0212817606912601
2024-07-04,0.0207805770876535
2024-07-05,0.0202751191930429
2024-07-06,0.0197698814976824
2024-07-07,0.0192823233833367
2024-07-08,0.0188242857463406
2024-07-09,0.0193277807966157
2024-07-10,0.0180085623204032
2024-07-11,0.0175974499602135
2024-07-12,0.0172041676652049
2024-07-13,0.0168414389337692
2024-07-14,0.0165120090070748
2024-07-15,0.0162148699898755
2024-07-16,0.0159480647611178
2024-07-17,0.0157134971894428
2024-07-18,0.0155081529392125
2024-07-19,0.0153298359862116
2024-07-20,0.0151798263372453
2024-07-21,0.0150526172022902
2024-07-22,0.0149443249477054
2024-07-23,0.0148522167022957
2024-07-24,0.0147755457838243
2024-07-25,0.0147141569611512
2024-07-26,0.0146646685696571
2024-07-27,0.0146238963032805
2024-07-28,0.0145901581798247
2024-07-29,0.0145627812413107
2024-07-30,0.0145419343435742
2024-07-31,0.0145270242063324
2024-08-01,0.018758810789555
2024-08-02,0.0187454862671251
2024-08-03,0.0187351470843118
2024-08-04,0.0187282833479695
2024-08-05,0.018722926701793
2024-08-06,0.0187182347875007
2024-08-07,0.0187137029129704
2024-08-08,0.0187091920672035
2024-08-09,0.0187046830522409
2024-08-10,0.0187001742045874
2024-08-11,0.0186956671991319
2024-08-12,0.0186911608964943
2024-08-13,0.018686655821389
2024-08-14,0.0186821519732165
2024-08-15,0.0186776484332763
2024-08-16,0.0186731468260851
2024-08-17,0.0186686463666696
2024-08-18,0.0186641464289704
2024-08-19,0.0186596481163873
2024-08-20,0.0186551501312261
2024-08-21,0.01865065375499
2024-08-22,0.0186461583502255
2024-08-23,0.0186416638143885
2024-08-24,0.0186371711705225
2024-08-25,0.0186326789200426
2024-08-26,0.0186281878701096
2024-08-27,0.0186236979049868
2024-08-28,0.0186192092129715
2024-08-29,0.0186147214558479
2024-08-30,0.0186102344573117
2024-08-31,0.0186057487180906
2024-09-01,0.00975387599509055
2024-09-02,0.00975152499445475
2024-09-03,0.00974917452586617
2024-09-04,0.00974682461133642
2024-09-05,0.00974447531532726
2024-09-06,0.00974212658123812
2024-09-07,0.00973977857792778
2024-09-08,0.00973743100258231
2024-09-09,0.00973508390865781
2024-09-10,0.00973273758230269
2024-09-11,0.00973039165938538
2024-09-12,0.00972804646630365
2024-09-13,0.00972570188482471
2024-09-14,0.00972335760112872
2024-09-15,0.00972101406330518
2024-09-16,0.00971867096570995
2024-09-17,0.0130153418333148
2024-09-18,0.00971398658740427
2024-09-19,0.0263789250678352
2024-09-20,0.00970930438068171
2024-09-21,0.00970696414991572
2024-09-22,0.00970462464615527
2024-09-23,0.00970228555872497
2024-09-24,0.00969994683699857
2024-09-25,0.00969760908408876
2024-09-26,0.00969527154940635
2024-09-27,0.00969293493574439
2024-09-28,0.00969059866546048
2024-09-29,0.0096882629184193
2024-09-30,0.009685927791471
2024-10-01,0.008263102995065
2024-10-02,0.008261111571192
2024-10-03,0.0082591203837108
2024-10-04,0.00875662504636769
2024-10-05,0.00825513943327067
2024-10-06,0.00825314985491736
2024-10-07,0.0860214754904126
2024-10-08,0.00824917200091471
2024-10-09,0.00824718376229385
2024-10-10,0.00824519596211136
2024-10-11,0.00824320876189719
2024-10-12,0.00824122209779064
2024-10-13,0.0082392358104084
2024-10-14,0.00823724980932585
2024-10-15,0.00823526462340599
2024-10-16,0.00823327986384999
2024-10-17,0.00823129558781051
2024-10-18,0.00822931163509919
2024-10-19,0.00822732806635686
2024-10-20,0.00822534540803157
2024-10-21,0.00822336283583766
2024-10-22,0.00822138080323961
2024-10-23,0.00821939926998902
2024-10-24,0.00821741838849294
2024-10-25,0.0082154379038453
2024-10-26,0.182328264272688
2024-10-27,0.653781562108581
2024-10-28,0.0814823393800265
2024-10-29,0.00829123968567016
2024-10-30,0.0198315664481172
2024-10-31,0.0344352318442072
2024-11-01,0.0314659624595648
2024-11-02,0.0245914484098237
2024-11-03,0.0312784776624745
2024-11-04,0.0152449112663296
2024-11-05,0.0107192557666621
2024-11-06,0.0331222486825693
2024-11-07,0.0099971356421829
2024-11-08,0.0181609619818683
2024-11-09,0.00981702118105191
2024-11-10,0.0098476942857726
2024-11-11,0.0098732778337493
2024-11-12,0.00989257402777645
2024-11-13,0.00990458463346416
2024-11-14,0.00990750299496823
2024-11-15,0.0146365489633319
2024-11-16,0.00990364353681217
2024-11-17,1.50944526710826
2024-11-18,0.0399351762294332
2024-11-19,0.0140251679339698
2024-11-20,0.0636841038596581
2024-11-21,0.751166337357733
2024-11-22,1.77739529592178
2024-11-23,0.408068379219838
2024-11-24,0.513292618293293
2024-11-25,0.565586649654874
2024-11-26,0.287920404294311
2024-11-27,0.111016755957815
2024-11-28,0.0454274028958339
2024-11-29,0.0410745486859428
2024-11-30,0.026696098622205
2024-12-01,0.0184321780942198
2024-12-02,0.0169934362080459
2024-12-03,0.0156076571859776
2024-12-04,0.0156508668319075
2024-12-05,0.0167569511238786
2024-12-06,0.0838777016858291
2024-12-07,0.081418478584876
2024-12-08,0.178164938415876
2024-12-09,0.407690227012296
2024-12-10,0.0270202187735162
2024-12-11,0.0222259012593728
2024-12-12,0.0172305996167825
2024-12-13,0.0332642788769748
2024-12-14,0.0256743584332318
2024-12-15,0.0266409587081716
2024-12-16,0.0289720375860342
2024-12-17,0.0350239496820518
2024-12-18,0.0193132909696274
2024-12-19,0.0171981471803409
2024-12-20,0.0171670519335972
2024-12-21,0.0178149803074017
2024-12-22,0.0352849243182509
2024-12-23,0.0283204475628589
2024-12-24,0.0220896652057565
2024-12-25,0.0203906750970134
2024-12-26,0.0546618433335324
2024-12-27,0.0172467935282521
2024-12-28,0.0172285803874943
2024-12-29,0.017223132187767
2024-12-30,0.0172092469614261
2024-12-31,0.0171717412133911
2025-01-01,0.0128442083151754
2025-01-02,0.0128053888884649
2025-01-03,0.0127685551947466
2025-01-04,0.0127456782179553
2025-01-05,0.0127384799550885
2025-01-06,0.012738180108492
2025-01-07,0.0127356648680218
2025-01-08,0.0127240728608787
2025-01-09,0.0156114824176558
2025-01-10,0.0127210028746882
2025-01-11,0.0145367545868716
2025-01-12,0.0159632306364694
2025-01-13,0.0128852664703727
2025-01-14,0.0126432966538632
2025-01-15,0.0126258922334409
2025-01-16,0.0126110479683756
2025-01-17,0.0125847452692461
2025-01-18,0.0125526586059385
2025-01-19,0.0125163782999377
2025-01-20,0.0124749616524227
2025-01-21,0.012436791143481
2025-01-22,0.0124046955728258
2025-01-23,0.0123786804925828
2025-01-24,0.0123526085228529
2025-01-25,0.536650376780281
2025-01-26,1.06896910145926
2025-01-27,0.251855251999945
2025-01-28,0.306718447654779
2025-01-29,1.30597490149394
2025-01-30,0.164697391878576
2025-01-31,0.0400982370386219
2025-02-01,0.0429641821970317
2025-02-02,0.0525318398246246
2025-02-03,0.0580808138181318
2025-02-04,0.137108458450811
2025-02-05,0.221706386409171
2025-02-06,0.555259014022134
2025-02-07,0.516120006483008
2025-02-08,0.321592697372951
2025-02-09,0.410174290038177
2025-02-10,0.333618947706507
2025-02-11,0.336604627246695
2025-02-12,0.39447913582209
2025-02-13,0.530855964022626
2025-02-14,0.771635281139511
2025-02-15,0.669345670348638
2025-02-16,0.704824992930682
2025-02-17,1.17395710913879
2025-02-18,1.31872023554275
2025-02-19,1.05123844046384
2025-02-20,1.04790689634688
2025-02-21,1.02129492833522
2025-02-22,0.959060543598924
2025-02-23,0.90119762960987
2025-02-24,0.834356992266659
2025-02-25,0.778832691377735
2025-02-26,0.890600592642624
2025-02-27,0.726606290495876
2025-02-28,0.668110897598391
2025-03-01,0.725555684686305
2025-03-02,0.779954582851792
2025-03-03,0.868409709134541
2025-03-04,1.09955873713527
2025-03-05,1.24844057812844
2025-03-06,1.02743234845488
2025-03-07,1.03671746283343
2025-03-08,0.992862343501358
2025-03-09,0.945976216173984
2025-03-10,0.902329851214443
2025-03-11,0.863669700342602
2025-03-12,0.84355899873964
2025-03-13,0.814210233091151
2025-03-14,0.718282355805148
2025-03-15,0.705478807426517
2025-03-16,0.910844435452015
2025-03-17,0.679668093362872
2025-03-18,0.654565889873921
2025-03-19,0.636182356505688
2025-03-20,0.617345229532765
2025-03-21,0.595348719960365
2025-03-22,0.599510895679509
2025-03-23,0.606996966676342
2025-03-24,0.793421643848486
2025-03-25,0.546794369078966
2025-03-26,0.539096296910929
2025-03-27,0.523932958618374
2025-03-28,0.537019159897735
2025-03-29,0.696591436834787
2025-03-30,0.830678605518041
2025-03-31,0.615410906348253
2025-04-01,0.651575923121678
2025-04-02,0.626304793442944
2025-04-03,0.623845872670111
2025-04-04,0.574098777460141
2025-04-05,0.538528640157278
2025-04-06,0.515075116016849
2025-04-07,0.465480500501156
2025-04-08,0.416261512104471
2025-04-09,0.368314426061141
2025-04-10,0.32219805811885
2025-04-11,0.279768239732003
2025-04-12,0.241069914667319
2025-04-13,0.208610706590624
2025-04-14,0.186176672189029
2025-04-15,0.160606358513467
2025-04-16,0.138818242486688
2025-04-17,0.138817238685724
2025-04-18,0.278694872932045
2025-04-19,1.39238548389541
2025-04-20,1.20992088959116
2025-04-21,0.687665049834546
2025-04-22,0.699603148578398
2025-04-23,0.684285267187183
2025-04-24,0.65190087828991
2025-04-25,0.661869186763865
2025-04-26,0.770673969410898
2025-04-27,0.584169356899613
2025-04-28,0.551060227653179
2025-04-29,0.516005961533162
2025-04-30,0.488389687926971
2025-05-01,0.637234654451424
2025-05-02,0.535474681522453
2025-05-03,0.484088968037593
2025-05-04,0.434002233014196
2025-05-05,0.384178899403291
2025-05-06,0.340376628563672
2025-05-07,0.374062490557004
2025-05-08,0.521764387953833
2025-05-09,0.684473478744519
2025-05-10,0.466030526775466
2025-05-11,0.400253614403733
2025-05-12,0.390523218739528
2025-05-13,0.361002725569233
2025-05-14,0.326610242900422
2025-05-15,0.289638711387353
2025-05-16,0.253293347865809
2025-05-17,0.220490622241303
2025-05-18,0.191510937582424
2025-05-19,0.162955898248698
2025-05-20,0.137868172989184
2025-05-21,0.116944710993406
2025-05-22,0.0970207677276252
2025-05-23,0.0776334463616303
2025-05-24,0.0595310093530621
2025-05-25,0.0439828250484719
2025-05-26,0.0323934683053789
2025-05-27,0.0248282126677392
2025-05-28,0.0205281402628637
2025-05-29,0.0183046520293317
2025-05-30,0.0174852378197294
2025-05-31,0.0368084272269411
2025-06-01,0.0215290197674756
2025-06-02,0.0208706521353565
2025-06-03,0.020675805523268
2025-06-04,0.0322727100587793
2025-06-05,0.0244474945094255
2025-06-06,0.0501032820769789
2025-06-07,0.0198670699145414
2025-06-08,0.0196193784929283
2025-06-09,0.0193492097555953
2025-06-10,0.0190647147298122
2025-06-11,0.0187726487325989
2025-06-12,0.0351781522815807
2025-06-13,0.0929577998226024
2025-06-14,0.0183251815983495
2025-06-15,0.0181136508731562
2025-06-16,0.017867176298324
2025-06-17,0.0176078862885945
2025-06-18,0.0173613118722352
2025-06-19,0.0171456038090391
2025-06-20,0.0169330875880148
2025-06-21,0.016683260846251
2025-06-22,0.016384715908334
2025-06-23,0.0160632810277002
2025-06-24,0.0157400643837898
2025-06-25,0.0154046764058509
2025-06-26,0.0150554694062604
2025-06-27,0.0147043901131701
2025-06-28,0.0143915199033444
2025-06-29,0.0141391387152022
2025-06-30,0.0139125151025837
2025-07-01,0.0260088762486445
2025-07-02,0.0255108639630456
2025-07-03,0.0250164447234531
2025-07-04,0.024497817331171
2025-07-05,0.0239256415509253
2025-07-06,0.0233319798648738
2025-07-07,0.0227552341671449
2025-07-08,0.0221813621053146
2025-07-09,0.0216093706412824
2025-07-10,0.0210642076909015
2025-07-11,0.0205238149988494
2025-07-12,0.0199888582058978
2025-07-13,0.0194709053590233
2025-07-14,0.0189727056046265
2025-07-15,0.0185001084335964
2025-07-16,0.0180807687116289
2025-07-17,0.017739661460121
2025-07-18,0.01741962977266
2025-07-19,0.0170766034714759
2025-07-20,0.0167358343910236
2025-07-21,0.0164177322355589
2025-07-22,0.0161332139965127
2025-07-23,0.0158779025568446
2025-07-24,0.0156479924529936
2025-07-25,0.0154488477339982
2025-07-26,0.0152776405474295
2025-07-27,0.015132498450725
2025-07-28,0.0150130033111495
2025-07-29,0.0149125259434618
2025-07-30,0.014826454843349
2025-07-31,0.0147550192673613
2025-08-01,0.0189933311191712
2025-08-02,0.0189320897542188
2025-08-03,0.0188829456311554
2025-08-04,0.0188439093793046
2025-08-05,0.0188114108918766
2025-08-06,0.0187869297166163
2025-08-07,0.0187699069946601
2025-08-08,0.0187561709832193
2025-08-09,0.0187442287144478
2025-08-10,0.0187348786205164
2025-08-11,0.0187281983945716
2025-08-12,0.0187229182865696
2025-08-13,0.0187182374182699
2025-08-14,0.0187137258612898
2025-08-15,0.0187092152398011
2025-08-16,0.0187047060221487
2025-08-17,0.0187001974275575
2025-08-18,0.0186956900826867
2025-08-19,0.0186911839983303
2025-08-20,0.0186866786605679
2025-08-21,0.0186821747620228
2025-08-22,0.0186776719153056
2025-08-23,0.0186731697959929
2025-08-24,0.0186686689293988
2025-08-25,0.0186641693628977
2025-08-26,0.0186596706575282
2025-08-27,0.0186551734615379
2025-08-28,0.0186506770835028
2025-08-29,0.0186461815971826
2025-08-30,0.0186416873467904
2025-08-31,0.0186371939653254
2025-09-01,0.00977036049965696
2025-09-02,0.00976800567029311
2025-09-03,0.00976565114185674
2025-09-04,0.00976329763412103
2025-09-05,0.00976094417072252
2025-09-06,0.00975859138936345
2025-09-07,0.00975623946582056
2025-09-08,0.00975388795577778
2025-09-09,0.00975153704255873
2025-09-10,0.00974918651296717
2025-09-11,0.00974683673899598
2025-09-12,0.00974448767756557
2025-09-13,0.00974213859915498
2025-09-14,0.00973979078136947
2025-09-15,0.00973744313149967
2025-09-16,0.00973509607153564
2025-09-17,0.00973274974926837
2025-09-18,0.00973040373170194
2025-09-19,0.00972805843956882
2025-09-20,0.00972571375715187
2025-09-21,0.00972336951056079
2025-09-22,0.00972102599160425
2025-09-23,0.00971868306915694
2025-09-24,0.00971634047090628
2025-09-25,0.00971399869525351
2025-09-26,0.00971165724033853
2025-09-27,0.0097093164297291
2025-09-28,0.00970697633700611
2025-09-29,0.0097046367175285
2025-09-30,0.00970229772191722
2025-10-01,0.00827706831593506
2025-10-02,0.00827507333223222
2025-10-03,0.00827307882667943
2025-10-04,0.00827108471153537
2025-10-05,0.00837735064724279
2025-10-06,0.00826709812391537
2025-10-07,0.0257378899036929
2025-10-08,0.00826311338396164
2025-10-09,0.00826112178272771
2025-10-10,0.00825913069962383
2025-10-11,0.00825714005147014
2025-10-12,0.0291458155474411
2025-10-13,0.00825316002459481
2025-10-14,0.377043615021652
2025-10-15,0.867849213032876
2025-10-16,0.508507672153139
2025-10-17,0.0664943649258118
2025-10-18,0.00941005242143873
2025-10-19,0.00961117827310357
2025-10-20,0.00971216614701585
2025-10-21,0.00975819118676734
2025-10-22,0.00977054549425957
2025-10-23,0.0525043684733645
2025-10-24,0.235857153148224
2025-10-25,0.236445528869482
2025-10-26,0.0496120108899543
2025-10-27,0.0102523707112997
2025-10-28,0.0103373285305669
2025-10-29,0.010381417916934
2025-10-30,0.0103929529430178
2025-10-31,0.0113065321306934
2025-11-01,0.011552592471235
2025-11-02,0.0115404813066508
2025-11-03,0.0115186682654873
2025-11-04,0.0114832685230656
2025-11-05,0.0114464183445136
2025-11-06,0.0114134735990932
2025-11-07,0.0113896329185515
2025-11-08,0.0113777942962465
2025-11-09,0.0113682183038911
2025-11-10,0.0113554025341722
2025-11-11,0.011342424154221
2025-11-12,0.0113217351077868
2025-11-13,0.0112914173090178
2025-11-14,0.0112506742649201
2025-11-15,0.0112008963690124
2025-11-16,0.0272007499318751
2025-11-17,0.0179977766078764
2025-11-18,0.0130317593470386
2025-11-19,0.0111250956244177
2025-11-20,0.0118003969979512
2025-11-21,0.0110707801780491
2025-11-22,0.0278692941013655
2025-11-23,0.0695089523315502
2025-11-24,0.0110549838205591
2025-11-25,0.01325489040527
2025-11-26,0.0112960781871989
2025-11-27,0.0110084654961118
2025-11-28,0.0109723455593757
2025-11-29,0.0116239571189222
2025-11-30,0.0109180218070568
2025-12-01,0.00921780969192639
2025-12-02,0.00919850627346431
2025-12-03,0.0105028524682943
2025-12-04,0.00917189145260568
2025-12-05,0.0190778815902931
2025-12-06,0.0369387675581513
2025-12-07,0.119264455867333
2025-12-08,0.0156858118588088
2025-12-09,0.00918815520281535
2025-12-10,0.00992399191775605
2025-12-11,0.0311867220459102
2025-12-12,0.112401815496257
2025-12-13,0.18571039913404
2025-12-14,0.221787294069634
2025-12-15,0.329740743336278
2025-12-16,0.334265844555828
2025-12-17,0.172841101416262
2025-12-18,0.0704693309151638
2025-12-19,0.0476162770322989
2025-12-20,0.0140888136032657
2025-12-21,0.0111592722454371
2025-12-22,0.0112170597878105
2025-12-23,0.0112427188433254
2025-12-24,0.0112520950234422
2025-12-25,0.281015408111126
2025-12-26,0.429743536101128
2025-12-27,0.0840815508687542
2025-12-28,0.108414945590427
2025-12-29,0.275460656487933
2025-12-30,0.194480273491991
2025-12-31,1.36380423390134
2026-01-01,0.149841679803133
2026-01-02,0.0286951921936949
2026-01-03,0.0630226805802821
2026-01-04,0.125986998464849
2026-01-05,0.146232484164005
2026-01-06,0.0879560359346552
2026-01-07,0.081741560451373
2026-01-08,0.0528193274006796
2026-01-09,0.0123711968550962
2026-01-10,0.0124188728489077
2026-01-11,0.012453610330183
2026-01-12,0.0124907351874633
2026-01-13,0.0125299286280408
2026-01-14,0.0125644508874463
2026-01-15,0.0125902828403854
2026-01-16,0.0126056778836352
2026-01-17,0.0126101861662149
2026-01-18,0.0126046345630101
2026-01-19,0.0125933997428497
2026-01-20,0.0125774770756689
2026-01-21,0.0125553507429647
2026-01-22,0.0131696310883103
2026-01-23,0.0158922863935404
2026-01-24,0.0140999864992053
2026-01-25,0.0124851710416766
2026-01-26,0.0124676137906021
2026-01-27,0.0124408897805304
2026-01-28,0.0472104228521612
2026-01-29,0.0252387955964592
2026-01-30,0.0145865014177193
2026-01-31,0.0123515495188851
2026-02-01,0.0120422872746751
2026-02-02,0.0119939491756525
2026-02-03,0.0119377920646469
2026-02-04,0.0118776792142354
2026-02-05,0.011818208227554
2026-02-06,0.0275076460936147
2026-02-07,0.0129191281329166
2026-02-08,0.0233555975161599
2026-02-09,0.0123062433074539
2026-02-10,0.0141265871728951
2026-02-11,0.0116328402967245
2026-02-12,0.0116006734115526
2026-02-13,0.0118849017138854
2026-02-14,0.0300846045203064
2026-02-15,0.07737054803773
2026-02-16,0.0115016598671633
2026-02-17,0.0231518382655582
2026-02-18,0.391529302735406
2026-02-19,0.278919083394697
2026-02-20,0.0700809011674546
2026-02-21,0.144541279522187
2026-02-22,0.417581708417359
2026-02-23,0.308136618991342
2026-02-24,0.32888876532007
2026-02-25,1.32258376138762
2026-02-26,0.981537238340073
2026-02-27,0.268889450696408
2026-02-28,0.110865459766319
2026-03-01,0.118732584382258
2026-03-02,0.119063869486452
2026-03-03,0.132429785589477
2026-03-04,0.107145017493477
2026-03-05,0.102909415012776
2026-03-06,0.0985388551312421
2026-03-07,0.0925511892452412
2026-03-08,0.0901181164620396
2026-03-09,0.178398745812545
2026-03-10,0.213455941378032
2026-03-11,0.130575010096
2026-03-12,0.106500466580405
2026-03-13,0.107799355493202
2026-03-14,0.104489529422213
2026-03-15,0.101376309738116
2026-03-16,0.0967885065360133
2026-03-17,0.102312420318058
2026-03-18,0.154637302387088
2026-03-19,0.205044443362283
2026-03-20,0.114750176525124
2026-03-21,0.207570662770873
2026-03-22,0.109451608804204
2026-03-23,0.113538544125351
2026-03-24,0.113208032906738
2026-03-25,0.254372317856619
2026-03-26,0.46543471413593
2026-03-27,1.25909547213193
2026-03-28,3.0807018779064
2026-03-29,1.12782627192156
2026-03-30,1.3748832685851
2026-03-31,2.00059615746435
2026-04-01,2.24005289638588
2026-04-02,1.92864746576174
2026-04-03,2.71668659634608
2026-04-04,1.66902294551915
2026-04-05,1.48096981320434
2026-04-06,1.62509355610151
2026-04-07,1.6061369710928
2026-04-08,1.66582276113462
2026-04-09,1.88429572193014
2026-04-10,1.56590852764768
2026-04-11,1.66261446595813
2026-04-12,1.29189156933631
2026-04-13,1.02051354832737
2026-04-14,0.927002456535638
2026-04-15,1.1688251558518
2026-04-16,0.997490499642392
2026-04-17,1.51209123091424
2026-04-18,1.33609424021621
2026-04-19,1.35355299734426
2026-04-20,1.31679577902965
2026-04-21,1.26368877236673
2026-04-22,1.20325844951244
2026-04-23,1.08604309138777
2026-04-24,1.10950541894726
2026-04-25,1.06261620472956
2026-04-26,0.913793081361077
2026-04-27,0.85691111268101
2026-04-28,0.798558825286077
2026-04-29,0.860460536337792
2026-04-30,0.689793153587852
2026-05-01,0.796098082338396
2026-05-02,0.718732488917645
2026-05-03,0.642522668779547
2026-05-04,0.570024007201383
2026-05-05,0.50215458330682
2026-05-06,0.440744650842103
2026-05-07,0.387008360036733
2026-05-08,0.34044477748965
2026-05-09,0.297123361605758
2026-05-10,0.255707621431722
2026-05-11,0.283227467164544
2026-05-12,0.19288061116066
2026-05-13,0.168491759042493
2026-05-14,0.145060284024334
2026-05-15,0.124263681456519
2026-05-16,0.111714068393973
2026-05-17,0.0936896859570885
2026-05-18,0.0797213968310301
2026-05-19,0.0668696667593277
2026-05-20,0.055069078007335
2026-05-21,0.0435948254675914
2026-05-22,0.03361488609722
2026-05-23,0.0262232788434218
2026-05-24,0.0216154160115465
2026-05-25,0.0191250645295633
2026-05-26,0.0177928912140055
2026-05-27,0.030673418585807
2026-05-28,0.0167968044495013
2026-05-29,0.0166015320029357
2026-05-30,0.0163935298834096
2026-05-31,0.0162016846599646
2026-06-01,0.0196021317232299
2026-06-02,0.0212210981988141
2026-06-03,0.019229372147686
2026-06-04,0.0190075990809706
2026-06-05,0.0187798025903971
2026-06-06,0.0185459092440262
2026-06-07,0.0182853306003825
2026-06-08,0.0179949573395719
2026-06-09,0.017682916122115
2026-06-10,0.0173555537237112
2026-06-11,0.0170272562731442
2026-06-12,0.0167006250235445
2026-06-13,0.016366296269461
2026-06-14,0.0160123115100817
2026-06-15,0.0156337295336762
2026-06-16,0.0152403884773313
2026-06-17,0.0148550418043124
2026-06-18,0.0145140017771542
2026-06-19,0.0142033153409891
2026-06-20,0.0138778482282593
2026-06-21,0.0135485137533627
2026-06-22,0.0132247404813782
2026-06-23,0.0129118813344876
2026-06-24,0.012602658106135
2026-06-25,0.0122856214285672
2026-06-26,0.0119692686808738
2026-06-27,0.0116581219178272
2026-06-28,0.0113517378313207
2026-06-29,0.0230727023542069
2026-06-30,0.0108354331698464
2026-07-01,0.020209372759075
2026-07-02,0.0197708586336533
2026-07-03,0.0193088103701049
2026-07-04,0.0188402178666207
2026-07-05,0.0184036083318627
2026-07-06,0.0179832253253351
2026-07-07,0.0175896267723772
2026-07-08,0.0172311663822198
2026-07-09,0.0169169304868435
2026-07-10,0.0166302709543779
2026-07-11,0.0163560186456499
2026-07-12,0.016098675594101
2026-07-13,0.0158623065928247
2026-07-14,0.0156445723221115
2026-07-15,0.015446484381053
2026-07-16,0.0152751351411844
2026-07-17,0.0151313847717485
2026-07-18,0.0150116068777415
2026-07-19,0.0149128045592564
2026-07-20,0.0148306379084722
2026-07-21,0.0147612094290078
2026-07-22,0.0147024399065355
2026-07-23,0.0146543774195917
2026-07-24,0.0146158691459249
2026-07-25,0.0145842386392898
2026-07-26,0.0145582507868153
2026-07-27,0.0145392102763211
2026-07-28,0.0145265064813496
2026-07-29,0.0145162847312953
2026-07-30,0.0145068205100572
2026-07-31,0.014498091043299
2026-08-01,0.0187275460657421
2026-08-02,0.018721404260576
2026-08-03,0.0187165595379887
2026-08-04,0.0187120117169309
2026-08-05,0.018707501200385
2026-08-06,0.0187029924894571
2026-08-07,0.0186984842240869
2026-08-08,0.0186939771892474
2026-08-09,0.0186894711408715
2026-08-10,0.0186849664495576
2026-08-11,0.0186804632916097
2026-08-12,0.01867596081729
2026-08-13,0.0186714586476046
2026-08-14,0.0186669585216077
2026-08-15,0.0186624590738421
2026-08-16,0.0186579608883898
2026-08-17,0.0186534641307611
2026-08-18,0.0186489680969387
2026-08-19,0.0186444725782362
2026-08-20,0.0186399787380208
2026-08-21,0.0186354864827436
2026-08-22,0.0186309944505448
2026-08-23,0.0186265035739177
2026-08-24,0.0186220143493921
2026-08-25,0.0186175256915583
2026-08-26,0.0186130385095218
2026-08-27,0.0186085525742074
2026-08-28,0.0186040670832512
2026-08-29,0.0185995825985479
2026-08-30,0.101683193946681
2026-08-31,0.020633964066827
2026-09-01,0.0100910323375074
2026-09-02,0.00974359448336448
2026-09-03,0.00974124598448292
2026-09-04,0.00973889805506809
2026-09-05,0.0097365507894546
2026-09-06,0.0097342040065199
2026-09-07,0.00973185779116529
2026-09-08,0.00972951195503583
2026-09-09,0.00972716699118721
2026-09-10,0.0097248224575044
2026-09-11,0.00972247842096521
2026-09-12,0.00972013524915998
2026-09-13,0.00971779242953739
2026-09-14,0.00971545003882298
2026-09-15,0.00971310846095847
2026-09-16,0.00971076728716068
2026-09-17,0.0097084265642824
2026-09-18,0.0097060866253249
2026-09-19,0.00970374714703474
2026-09-20,0.878543251089134
2026-09-21,0.00971033271583827
2026-09-22,0.00973714070412158
2026-09-23,0.00976297306357613
2026-09-24,0.00978337600745662
2026-09-25,0.00985934102577134
2026-09-26,0.00981087248317332
2026-09-27,0.00981798557655203
2026-09-28,0.00982141059074264
2026-09-29,0.00982233404749189
2026-09-30,0.00982143572211602
2026-10-01,0.00837909305341145
2026-10-02,0.00837675312683895
2026-10-03,0.00837399717322693
2026-10-04,0.00837124783697555
2026-10-05,0.00836893385554413
2026-10-06,0.00836703812285954
2026-10-07,0.00836505673584455
2026-10-08,0.00836295086130899
2026-10-09,0.00836101885415419
2026-10-10,0.0163104327341271
2026-10-11,0.0147526930999237
2026-10-12,0.00942334333929363
2026-10-13,0.0396327509004449
2026-10-14,0.00835437166736631
2026-10-15,0.00835261914250141
2026-10-16,0.00835065412313699
2026-10-17,0.00834859716721587
2026-10-18,0.00834644967189144
2026-10-19,0.0083442225924884
2026-10-20,0.00834189277065941
2026-10-21,0.0113099012229362
2026-10-22,0.00833747015070605
2026-10-23,0.0212249366441896
2026-10-24,0.00833392842187623
2026-10-25,0.00833207272285506
2026-10-26,0.00833015861278705
2026-10-27,0.0083283260976038
2026-10-28,0.00832655798993056
2026-10-29,0.00832477068944292
2026-10-30,0.0084832246906823
2026-10-31,0.00832114172693857
2026-11-01,0.0092555317329046
2026-11-02,0.00925347232499772
2026-11-03,0.0386842578343161
2026-11-04,0.111800307875801
2026-11-05,0.0928974239907011
2026-11-06,0.0565795260157827
2026-11-07,0.08255049983269
2026-11-08,0.191052113449341
2026-11-09,0.0546352471125233
2026-11-10,0.00926518202148433
2026-11-11,0.00928313489581122
2026-11-12,0.00930002811398562
2026-11-13,0.0106992895988115
2026-11-14,0.00932846325047971
2026-11-15,0.00934018311387456
2026-11-16,0.00935020006401087
2026-11-17,0.00935892128858106
2026-11-18,0.009433375459635
2026-11-19,0.0124538456627217
2026-11-20,0.0212531164302316
2026-11-21,0.0177120943212632
2026-11-22,0.00939737717056267
2026-11-23,0.00940442344131997
2026-11-24,0.00941118742260547
2026-11-25,0.00941782006963336
2026-11-26,0.00942419461635925
2026-11-27,0.0100399116965853
2026-11-28,0.191449612302746
2026-11-29,0.207157944353217
2026-11-30,0.769548567466668
2026-12-01,0.41589944031766
2026-12-02,0.0441464659183711
2026-12-03,0.0792910029971117
2026-12-04,0.0318353268063539
2026-12-05,0.0682797976927677
2026-12-06,0.0251993085303571
2026-12-07,0.319560435416955
2026-12-08,0.278613437627232
2026-12-09,0.121405575968887
2026-12-10,0.2370584054389
2026-12-11,0.0494040364617195
2026-12-12,0.0337129257667782
2026-12-13,0.0262908154709907
2026-12-14,0.0316283526175415
2026-12-15,0.0604660798210704
2026-12-16,0.030040181125267
2026-12-17,0.0121375044406219
2026-12-18,0.0121778777079841
2026-12-19,0.0122144416280105
2026-12-20,0.0155033311933705
2026-12-21,0.0122628031825313
2026-12-22,0.0122914252630795
2026-12-23,0.012305436755474
2026-12-24,0.012314523703552
2026-12-25,0.0123259435699795
2026-12-26,0.0123240704179889
2026-12-27,0.0123013624542827
2026-12-28,0.0122639431558181
2026-12-29,0.0122230012590203
2026-12-30,0.0122093014798673
2026-12-31,0.0122225732431923
2027-01-01,0.00917061878989835
2027-01-02,0.00915565570677415
2027-01-03,0.0091243936161127
2027-01-04,0.00908934706715838
2027-01-05,0.00905279124721536
2027-01-06,0.00901650109986104
2027-01-07,0.00957915113550287
2027-01-08,0.0286601144481845
2027-01-09,0.198944680146188
2027-01-10,0.0115394181905656
2027-01-11,0.00897137231453064
2027-01-12,0.0089495934589366
2027-01-13,0.0089279361809816
2027-01-14,0.00890960994633868
2027-01-15,0.0088860489483119
2027-01-16,0.00885086726442342
2027-01-17,0.00880870548743487
2027-01-18,0.00876411809172942
2027-01-19,0.00871795559523609
2027-01-20,0.00867218305019901
2027-01-21,0.00862719146825639
2027-01-22,0.00858020014777952
2027-01-23,0.00853207712432931
2027-01-24,0.00864001130899182
2027-01-25,0.00845998238690956
2027-01-26,0.0509968081679477
2027-01-27,0.0988199115212765
2027-01-28,0.0223077611171997
2027-01-29,0.0205510959348697
2027-01-30,0.0166984260574963
2027-01-31,0.0210486848634879
2027-02-01,0.0217707510928295
2027-02-02,0.02784349934066
2027-02-03,0.016819158305909
2027-02-04,0.02666356873743
2027-02-05,0.0124029074694326
2027-02-06,0.0096569975294731
2027-02-07,0.0084501553460574
2027-02-08,0.00836198150410967
2027-02-09,0.0083274028713581
2027-02-10,0.00829503630960837
2027-02-11,0.00825835210895255
2027-02-12,0.00822062015580895
2027-02-13,0.222978038497544
2027-02-14,0.243198980720802
2027-02-15,0.893009570165228
2027-02-16,0.357731358416461
2027-02-17,0.0317644670153838
2027-02-18,0.0198136699861137
2027-02-19,0.0236799655039808
2027-02-20,0.079487102167135
2027-02-21,0.0286147784904638
2027-02-22,0.0158100781423416
2027-02-23,0.022734696944047
2027-02-24,0.0118937940275621
2027-02-25,0.0107193958213387
2027-02-26,0.0107176477669482
2027-02-27,0.0107098613777326
2027-02-28,0.0106958471138222
2027-03-01,0.0087419939420071
2027-03-02,0.00874625425925766
2027-03-03,0.00906882847212917
2027-03-04,0.0446462492017534
2027-03-05,0.31076710697502
2027-03-06,1.09547146699007
2027-03-07,0.460759852428459
2027-03-08,0.0376623612677722
2027-03-09,0.0195190214065922
2027-03-10,0.0328919067273241
2027-03-11,0.0618464547992398
2027-03-12,0.0877159576618053
2027-03-13,0.338079999142628
2027-03-14,0.898344506819436
2027-03-15,1.09803434654105
2027-03-16,0.241058850196623
2027-03-17,0.125539614966109
2027-03-18,0.155136784369174
2027-03-19,0.207410579500054
2027-03-20,0.234992952009578
2027-03-21,0.177578628568396
2027-03-22,0.184071470093119
2027-03-23,0.239193918887293
2027-03-24,0.251974717151069
2027-03-25,0.296220021695971
2027-03-26,0.540205370821925
2027-03-27,0.784315548623612
2027-03-28,0.833668597009659
2027-03-29,1.07906447487678
2027-03-30,0.881474693260789
2027-03-31,1.06305620856139
2027-04-01,1.00315021270309
2027-04-02,1.27709151428379
2027-04-03,1.07674165478263
2027-04-04,1.07376753076019
2027-04-05,1.07422934390368
2027-04-06,1.02985295202783
2027-04-07,0.97973634195021
2027-04-08,0.85823363337153
2027-04-09,0.799932374046149
2027-04-10,0.669663051883442
2027-04-11,0.617131877643344
2027-04-12,0.58512554355223
2027-04-13,0.582626623233279
2027-04-14,0.995457004850612
2027-04-15,1.03099264038411
2027-04-16,0.695377526061518
2027-04-17,0.706562896869793
2027-04-18,0.667539661809107
2027-04-19,0.60867108967603
2027-04-20,0.571407970429874
2027-04-21,0.504613476879991
2027-04-22,0.442081275397862
2027-04-23,0.381853711834937
2027-04-24,0.324679403815346
2027-04-25,0.275758782461421
2027-04-26,0.23432921798007
2027-04-27,0.19671490201207
2027-04-28,0.165855474716142
2027-04-29,0.145579999280408
2027-04-30,0.131163233660849
2027-05-01,0.149567138151521
2027-05-02,0.128521042020912
2027-05-03,0.107584215691182
2027-05-04,0.0877354139385242
2027-05-05,0.0718541901680736
2027-05-06,0.0587788957032325
2027-05-07,0.0482611466755805
2027-05-08,0.0402615248395859
2027-05-09,0.0330746183138921
2027-05-10,0.0270223422569247
2027-05-11,0.0229762335614676
2027-05-12,0.0205823069566298
2027-05-13,0.0190434330151691
2027-05-14,0.0193373998526012
2027-05-15,0.0205618076155313
2027-05-16,0.0222423127361874
2027-05-17,0.0170996983532203
2027-05-18,0.0202771952548146
2027-05-19,0.0165913674614547
2027-05-20,0.0419991330835748
2027-05-21,0.253423608542263
2027-05-22,0.0609780548445703
2027-05-23,0.0163028629970847
2027-05-24,0.0162022145878939
2027-05-25,0.0160909919648834
2027-05-26,0.0159708076147394
2027-05-27,0.0158396537103715
2027-05-28,0.0156940251199673
2027-05-29,0.0155616357295295
2027-05-30,0.016458549854057
2027-05-31,0.0153888105061872
2027-06-01,0.0186012376951926
2027-06-02,0.018402253459478
2027-06-03,0.0181643645877132
2027-06-04,0.0178916671482521
2027-06-05,0.0176057701490762
2027-06-06,0.0173505878989012
2027-06-07,0.0171534238106534
2027-06-08,0.0171184435372273
2027-06-09,0.016732780282805
2027-06-10,0.0164553672457395
2027-06-11,0.0161796579046018
2027-06-12,0.0159015961400384
2027-06-13,0.0156321500250498
2027-06-14,0.0153625559062308
2027-06-15,0.0150830676137288
2027-06-16,0.0147967925509359
2027-06-17,0.0145168589333416
2027-06-18,0.0142555289681096
2027-06-19,0.0140117373926216
2027-06-20,0.0137999555339206
2027-06-21,0.0135997529075892
2027-06-22,0.0133657012295429
2027-06-23,0.013117154810346
2027-06-24,0.0128760780328242
2027-06-25,0.0126146469183168
2027-06-26,0.0123347289966277
2027-06-27,0.0120490795935516
2027-06-28,0.0117632645596042
2027-06-29,0.0114859806881608
2027-06-30,0.011227211175876
2027-07-01,0.0209051544262203
2027-07-02,0.0204874387204735
2027-07-03,0.0207295362367369
2027-07-04,0.0197206235506417
2027-07-05,0.0192836386671621
2027-07-06,0.0188192201956305
2027-07-07,0.0183662230687108
2027-07-08,0.0179447031411333
2027-07-09,0.0175529626984043
2027-07-10,0.0171892709494161
2027-07-11,0.0168483124122839
2027-07-12,0.0165304517677996
2027-07-13,0.016241003827796
2027-07-14,0.0159849180105716
2027-07-15,0.0157612198445862
2027-07-16,0.0155673003263488
2027-07-17,0.0153969027711555
2027-07-18,0.0152439365989351
2027-07-19,0.0151124991689688
2027-07-20,0.01500071575662
2027-07-21,0.0149049259353068
2027-07-22,0.0148239465717509
2027-07-23,0.0147551139460507
2027-07-24,0.0146963758399126
2027-07-25,0.0192108321025655
2027-07-26,0.0146121483738477
2027-07-27,0.014581334502114
2027-07-28,0.0145576154324772
2027-07-29,0.0145397951048564
2027-07-30,0.014526362842941
2027-07-31,0.0145149493092581
2027-08-01,0.0187436273554982
2027-08-02,0.0187307618048554
2027-08-03,0.0187863274143796
2027-08-04,0.0187167952607903
2027-08-05,0.0187121764821231
2027-08-06,0.0187076371140681
2027-08-07,0.0187031282358311
2027-08-08,0.0186986203734418
2027-08-09,0.0186941129775986
2027-08-10,0.0186896069190283
2027-08-11,0.0186851024855741
2027-08-12,0.0186805985144685
2027-08-13,0.0186760961552861
2027-08-14,0.0186715948683207
2027-08-15,0.0186670941384522
2027-08-16,0.0186625947530526
2027-08-17,0.0186580965214255
2027-08-18,0.0186535992132962
2027-08-19,0.018649103304206
2027-08-20,0.0186446081842866
2027-08-21,0.0186401146043297
2027-08-22,0.0186356215838685
2027-08-23,0.0186311294197416
2027-08-24,0.018626638895123
2027-08-25,0.0186221494900955
2027-08-26,0.018617661352179
2027-08-27,0.0186131735272922
2027-08-28,0.0186086873994824
2027-08-29,0.0186042022695299
2027-08-30,0.0185997179761225
2027-08-31,0.0202578428425608
2027-09-01,0.24209463739264
2027-09-02,0.00975447745600124
2027-09-03,0.0281497329431513
2027-09-04,0.00974139301128681
2027-09-05,0.00973908917985076
2027-09-06,0.00973678290074565
2027-09-07,0.009734472372809
2027-09-08,0.00973215683821924
2027-09-09,0.00972983716925728
2027-09-10,0.00972751360993531
2027-09-11,0.00972518670173413
2027-09-12,0.00972285711505848
2027-09-13,0.00972052531309132
2027-09-14,0.00971819223068886
2027-09-15,0.00971585788294466
2027-09-16,0.00971352274656295
2027-09-17,0.00971118722592484
2027-09-18,0.00970885124682042
2027-09-19,0.00970651472937981
2027-09-20,0.0097041784298521
2027-09-21,0.00970184220170434
2027-09-22,0.0162984315388033
2027-09-23,0.00969716994854267
2027-09-24,0.00969483445494716
2027-09-25,0.00969249927737261
2027-09-26,0.0096901643060765
2027-09-27,0.00968782978915885
2027-09-28,0.00968549554361047
2027-09-29,0.00968316220839116
2027-09-30,0.00968082895178409
2027-10-01,0.00825875366247458
2027-10-02,0.00825676354720867
2027-10-03,0.00825477390338476
2027-10-04,0.008252784695316
2027-10-05,0.0130796628550411
2027-10-06,0.00824880748957966
2027-10-07,0.0245934653696129
2027-10-08,0.20267721508162
2027-10-09,0.0764748530241495
2027-10-10,0.00824093654561194
2027-10-11,0.00823909351273741
2027-10-12,0.00823728644227444
2027-10-13,0.00823549574348689
2027-10-14,0.00823371153326534
2027-10-15,0.00823192633374007
2027-10-16,0.00823013678444457
2027-10-17,0.00822834116704386
2027-10-18,0.00822653639878486
2027-10-19,0.00822471860053437
2027-10-20,0.00822288985313063
2027-10-21,0.00822105104767143
2027-10-22,0.00821920268833408
2027-10-23,0.00821734387570278
2027-10-24,0.00821547560525265
2027-10-25,0.1635725014805
2027-10-26,0.0111489524555398
2027-10-27,0.0246506581603951
2027-10-28,0.00821002496107149
2027-10-29,0.0119694432866273
2027-10-30,0.00820900360840538
2027-10-31,0.0201885696424104
2027-11-01,0.0158463137143055
2027-11-02,0.00913166187600698
2027-11-03,0.00913138818443548
2027-11-04,0.00913108005738029
2027-11-05,0.0625956547548041
2027-11-06,0.0111203295050934
2027-11-07,0.00913039795509016
2027-11-08,0.00913047392957973
2027-11-09,0.0113381102500703
2027-11-10,0.0091307968057866
2027-11-11,0.00913095501378157
2027-11-12,0.0346563711635347
2027-11-13,0.00913120796256748
2027-11-14,0.00913140092934078
2027-11-15,0.00913158980463344
2027-11-16,0.00913170869668244
2027-11-17,0.00913174561344349
2027-11-18,0.00913166515850515
2027-11-19,0.00913141599790608
2027-11-20,0.00913102044702186
2027-11-21,0.00913051264819231
2027-11-22,0.00912994447360548
2027-11-23,0.009129327501262
2027-11-24,0.00912860224916587
2027-11-25,0.00912774581684718
2027-11-26,0.0091267666851877
2027-11-27,0.00912565144985688
2027-11-28,0.0112469444057394
2027-11-29,0.00912318696417902
2027-11-30,0.00912191680753065
2027-12-01,0.00771761520292784
2027-12-02,0.00771644904586006
2027-12-03,0.0795462389814974
2027-12-04,0.0919708326092684
2027-12-05,0.00771454898159652
2027-12-06,0.0108512716291178
2027-12-07,0.103387651565715
2027-12-08,0.0116680166916594
2027-12-09,0.0183354358077022
2027-12-10,0.00944211036463284
2027-12-11,0.0132977155879931
2027-12-12,0.0256489456600494
2027-12-13,0.161394797871508
2027-12-14,0.0990753957197968
2027-12-15,0.025560949325718
2027-12-16,0.00951689934504268
2027-12-17,0.177862476279248
2027-12-18,0.00804306417348803
2027-12-19,0.00864906052250658
2027-12-20,0.00813530416748824
2027-12-21,0.26377177346667
2027-12-22,0.0122634454361372
2027-12-23,0.00854587082283649
2027-12-24,0.00851850841812781
2027-12-25,0.101421422067392
2027-12-26,0.255684183851511
2027-12-27,0.01912944509047
2027-12-28,0.0187894858704154
2027-12-29,0.0187785951801758
2027-12-30,0.023212044324032
2027-12-31,0.0290998882829236
2028-01-01,0.0155726076292118
2028-01-02,0.0506028737754556
2028-01-03,0.0159778289976649
2028-01-04,0.0185815163563955
2028-01-05,0.0759230443366018
2028-01-06,0.282197488446687
2028-01-07,0.204878949782271
2028-01-08,0.136792850937201
2028-01-09,0.0491510546789882
2028-01-10,0.0113460437832275
2028-01-11,0.00837662836633097
2028-01-12,0.00845516027833581
2028-01-13,0.0085081650166103
2028-01-14,0.00854605945347989
2028-01-15,0.0110087356879531
2028-01-16,0.017476975255862
2028-01-17,0.0153125630109414
2028-01-18,0.00914847979298316
2028-01-19,0.00864126540880128
2028-01-20,0.00862660189718695
2028-01-21,0.00860659126790563
2028-01-22,0.080139021792162
2028-01-23,0.421338203959622
2028-01-24,1.07443300275421
2028-01-25,6.25209495413936
2028-01-26,1.17646379696407
2028-01-27,0.0713244801794434
2028-01-28,0.0520436134786861
2028-01-29,1.25372637912303
2028-01-30,5.16795456327486
2028-01-31,0.707808060858553
2028-02-01,0.0695136246801231
2028-02-02,0.0751186523954776
2028-02-03,0.0805158301377331
2028-02-04,0.322832292035992
2028-02-05,0.226262122820593
2028-02-06,0.141935042387264
2028-02-07,0.151745593807409
2028-02-08,0.272481478070597
2028-02-09,0.220673670056008
2028-02-10,0.711485482157281
2028-02-11,1.11084783866467
2028-02-12,0.7356423000175
2028-02-13,0.676577418992125
2028-02-14,0.677483857209972
2028-02-15,1.0400573729056
2028-02-16,1.80227634834053
2028-02-17,1.99042282737314
2028-02-18,1.3488553279658
2028-02-19,1.34407622038396
2028-02-20,1.27174870207455
2028-02-21,1.18058131778153
2028-02-22,1.08965940940215
2028-02-23,1.00361508078367
2028-02-24,0.907163128668197
2028-02-25,0.833929525712993
2028-02-26,0.82046446653942
2028-02-27,1.07327911100214
2028-02-28,0.989310622941812
2028-02-29,1.29689344373439
2028-03-01,1.42314284335329
2028-03-02,1.18619447228199
2028-03-03,1.09244361662382
2028-03-04,1.04549782630827
2028-03-05,0.960369981942658
2028-03-06,0.870145570697075
2028-03-07,0.780867941110329
2028-03-08,0.697883311541016
2028-03-09,0.623544782348087
2028-03-10,0.553342764413865
2028-03-11,0.486886773265914
2028-03-12,0.427035474361275
2028-03-13,0.373330343053021
2028-03-14,0.325752770015533
2028-03-15,0.284895667216218
2028-03-16,0.268101460512696
2028-03-17,0.229446261368956
2028-03-18,0.219120010406978
2028-03-19,0.18716331236683
2028-03-20,0.164238944578773
2028-03-21,0.143407247219855
2028-03-22,0.124920252857315
2028-03-23,0.109406885796293
2028-03-24,0.104745827685666
2028-03-25,0.627302972194557
2028-03-26,0.549809490479339
2028-03-27,0.255028343508926
2028-03-28,0.273061129587669
2028-03-29,0.277148078970791
2028-03-30,0.274177700317152
2028-03-31,0.263886931994777
2028-04-01,0.448108822045105
2028-04-02,0.438199928983441
2028-04-03,0.537365013555928
2028-04-04,0.597758768352216
2028-04-05,0.447184379269002
2028-04-06,0.456930957488503
2028-04-07,0.605191637516674
2028-04-08,1.46883943001244
2028-04-09,1.3253848091233
2028-04-10,0.999262379806252
2028-04-11,1.06908628404684
2028-04-12,1.0527349227295
2028-04-13,0.969080533561152
2028-04-14,0.882474518166785
2028-04-15,0.910663230409764
2028-04-16,0.794347314504085
2028-04-17,0.712620940900328
2028-04-18,0.888970084293574
2028-04-19,0.992156064816093
2028-04-20,0.738504333786725
2028-04-21,0.74594465357971
2028-04-22,0.71120307417219
2028-04-23,0.756575661297749
2028-04-24,0.614232058242934
2028-04-25,0.561730516532138
2028-04-26,0.50101859219725
2028-04-27,0.443031903489596
2028-04-28,0.386544455007759
2028-04-29,0.339712749339041
2028-04-30,0.295383845009285
2028-05-01,0.315087740171556
2028-05-02,0.290475920274244
2028-05-03,0.24293693307273
2028-05-04,0.214355817106921
2028-05-05,0.184027596345263
2028-05-06,0.155304644959786
2028-05-07,0.12811409452287
2028-05-08,0.103598476764819
2028-05-09,0.108851319993703
2028-05-10,0.0681505193415479
2028-05-11,0.0551599217912779
2028-05-12,0.0873227941484239
2028-05-13,0.0949590935644349
2028-05-14,0.0466131246434664
2028-05-15,0.0378093596288365
2028-05-16,0.0318076547550993
2028-05-17,0.0346599900165913
2028-05-18,0.0235189755990704
2028-05-19,0.0232172468843697
2028-05-20,0.0404884771606438
2028-05-21,0.0193748707200903
2028-05-22,0.0184510839474042
2028-05-23,0.0179016748236824
2028-05-24,0.017979406639586
2028-05-25,0.0173084082592502
2028-05-26,0.0172594418174446
2028-05-27,0.017033321552735
2028-05-28,0.0168924525256999
2028-05-29,0.024799696022961
2028-05-30,0.0166257879160083
2028-05-31,0.0164580858920741
2028-06-01,0.0198367805656426
2028-06-02,0.0196201483493232
2028-06-03,0.0441368171733304
2028-06-04,0.0192659144539107
2028-06-05,0.0191096586934212
2028-06-06,0.0189276489796902
2028-06-07,0.0187039564390804
2028-06-08,0.0184327628310375
2028-06-09,0.0181336873131858
2028-06-10,0.0178277957950904
2028-06-11,0.0175355698077369
2028-06-12,0.0172510096140462
2028-06-13,0.0169729533960719
2028-06-14,0.0167029927287467
2028-06-15,0.0285110426373699
2028-06-16,0.0163373199758572
2028-06-17,0.0161471093760416
2028-06-18,0.0159231488680196
2028-06-19,0.0156740139026196
2028-06-20,0.0154175857269236
2028-06-21,0.0151512916246133
2028-06-22,0.0148696592996554
2028-06-23,0.01459348520695
2028-06-24,0.0143227300174696
2028-06-25,0.0140494125819487
2028-06-26,0.0137823343531301
2028-06-27,0.0135310458425156
2028-06-28,0.0133080471269615
2028-06-29,0.0130996612069539
2028-06-30,0.0128703415750675
2028-07-01,0.0239776405805441
2028-07-02,0.0234239543430743
2028-07-03,0.0228608456414928
2028-07-04,0.0223073601420736
2028-07-05,0.0217639138040595
2028-07-06,0.0212103740963367
2028-07-07,0.0206373617527171
2028-07-08,0.020055260085085
2028-07-09,0.0194954457525321
2028-07-10,0.0189742597025203
2028-07-11,0.0184847699281608
2028-07-12,0.018023031690709
2028-07-13,0.0175922924787689
2028-07-14,0.0171992342919552
2028-07-15,0.0168444380540346
2028-07-16,0.0165239628897328
2028-07-17,0.0162315077192386
2028-07-18,0.0159680444471073
2028-07-19,0.0157406844601455
2028-07-20,0.0155496276286777
2028-07-21,0.0153882852694019
2028-07-22,0.0152500683449652
2028-07-23,0.0151325223484655
2028-07-24,0.0150259721515108
2028-07-25,0.0149290557930943
2028-07-26,0.0148469200751304
2028-07-27,0.0147770666264539
2028-07-28,0.0147188886650525
2028-07-29,0.0146694858508656
2028-07-30,0.014626465162595
2028-07-31,0.0145902868984443
2028-08-01,0.0188185957559729
2028-08-02,0.0187932942712396
2028-08-03,0.0187763285584788
2028-08-04,0.0187621800961504
2028-08-05,0.0187492397769707
2028-08-06,0.0187382784894903
2028-08-07,0.0187305127315146
2028-08-08,0.0187249357087902
2028-08-09,0.0187200746300983
2028-08-10,0.0187152271400162
2028-08-11,0.0187105385844971
2028-08-12,0.0187060288673165
2028-08-13,0.018701520017864
2028-08-14,0.0186970127593461
2028-08-15,0.0186925060771149
2028-08-16,0.0186880007537447
2028-08-17,0.0186834964750064
2028-08-18,0.0186789929542558
2028-08-19,0.0186744904463544
2028-08-20,0.0186699894964057
2028-08-21,0.0186654896672473
2028-08-22,0.018660990527714
2028-08-23,0.0186564927836218
2028-08-24,0.0186519959342429
2028-08-25,0.0186475003351841
2028-08-26,0.0186430057021999
2028-08-27,0.0186385122679638
2028-08-28,0.0186340198177924
2028-08-29,0.0186295283438901
2028-08-30,0.0302414275440276
2028-08-31,0.0193680932509828
2028-09-01,0.0154831902377911
2028-09-02,0.00975928182826585
2028-09-03,0.00975692938179473
2028-09-04,0.00975457788967547
2028-09-05,0.00975222659754567
2028-09-06,0.00974987598682633
2028-09-07,0.00974752603833603
2028-09-08,0.00974517675396157
2028-09-09,0.00974282781673843
2028-09-10,0.00974047949331938
2028-09-11,0.00973813191420047
2028-09-12,0.00973578480832693
2028-09-13,0.0097334379304287
2028-09-14,0.00973109200499577
2028-09-15,0.0097287466439984
2028-09-16,0.0109161486856107
2028-09-17,0.0163478421748995
2028-09-18,0.00972171351808223
2028-09-19,0.00971937046513869
2028-09-20,0.00971702779142039
2028-09-21,0.00971468567207516
2028-09-22,0.009712344227537
2028-09-23,0.00971000313455249
2028-09-24,0.0097076628220299
2028-09-25,0.00970532326607089
2028-09-26,0.00970298381828235
2028-09-27,0.00970064520629855
2028-09-28,0.00969830718264838
2028-09-29,0.00969596952470211
2028-09-30,0.00969363281104537
2028-10-01,0.0082696759065278
2028-10-02,0.010743091349585
2028-10-03,0.00839375599011338
2028-10-04,0.00826369783466234
2028-10-05,0.00826170604265135
2028-10-06,0.00825971477413688
2028-10-07,0.00825772402750897
2028-10-08,0.00825573372280761
2028-10-09,0.00825374398077779
2028-10-10,0.00825175451082662
2028-10-11,0.00824976561696309
2028-10-12,0.00824777718488197
2028-10-13,0.0128422377308102
2028-10-14,0.00824380196124127
2028-10-15,0.00824181500278534
2028-10-16,0.00823982851496644
2028-10-17,0.00823784250985907
2028-10-18,0.00823585702717493
2028-10-19,0.00823387200358994
2028-10-20,0.00823188739080617
2028-10-21,0.00822990320384963
2028-10-22,0.00822791968716179
2028-10-23,0.00822593654907652
2028-10-24,0.00822395405845255
2028-10-25,0.00822197176987515
2028-10-26,0.00821999022320848
2028-10-27,0.00821800897920918
2028-10-28,0.00821602820504194
2028-10-29,0.00821404801018222
2028-10-30,0.00821206814321214
2028-10-31,0.00821008890599414
2028-11-01,0.00913180058513876
2028-11-02,0.00912959978920425
2028-11-03,0.00912739920641119
2028-11-04,0.0091251994108087
2028-11-05,0.00912300009522232
2028-11-06,0.00912080136741687
2028-11-07,0.00911860292947185
2028-11-08,0.00911640518528149
2028-11-09,0.00911420792439097
2028-11-10,0.00911201109246997
2028-11-11,0.0091098147444459
2028-11-12,0.009107619237047
2028-11-13,0.00910542435683331
2028-11-14,0.00910322937960149
2028-11-15,0.00910103558479739
2028-11-16,0.00909884209000329
2028-11-17,0.0105488585638205
2028-11-18,0.00909445635239749
2028-11-19,0.00909226439974472
2028-11-20,0.00909007299188637
2028-11-21,0.0217379553503452
2028-11-22,0.0790505174112057
2028-11-23,0.0509765252945844
2028-11-24,0.0355995317978905
2028-11-25,0.0951065529947096
2028-11-26,0.0149905737893635
2028-11-27,0.145562015909269
2028-11-28,1.44050799779525
2028-11-29,4.30865497547541
2028-11-30,5.40117459527954
2028-12-01,3.09056835013294
2028-12-02,0.237581714936211
2028-12-03,0.0222918816259173
2028-12-04,0.111022955262842
2028-12-05,0.0162832049175642
2028-12-06,0.0155469689536414
2028-12-07,0.0155971180936642
2028-12-08,0.0156084617619498
2028-12-09,0.015614158313796
2028-12-10,0.0264905056905362
2028-12-11,0.194974814443971
2028-12-12,0.33063036709082
2028-12-13,0.036375653330968
2028-12-14,0.0176172456912994
2028-12-15,0.0162832605875895
2028-12-16,0.0164057593280431
2028-12-17,0.129655212424623
2028-12-18,0.571788773330602
2028-12-19,0.442659477151782
2028-12-20,0.77762094903002
2028-12-21,1.89259456695297
2028-12-22,4.61785319419772
2028-12-23,0.28341867090144
2028-12-24,0.36315965827492
2028-12-25,0.208771020062312
2028-12-26,0.196224289536368
2028-12-27,0.22127284709687
2028-12-28,0.227737709706211
2028-12-29,0.30362112665291
2028-12-30,0.737229004660509
2028-12-31,0.705592894809527
2029-01-01,0.352390393345985
2029-01-02,0.366272832980052
2029-01-03,0.380378900185646
2029-01-04,0.876396169659228
2029-01-05,1.17956239783481
2029-01-06,0.732120319660505
2029-01-07,0.817641688420076
2029-01-08,0.917617420610577
2029-01-09,1.10051125168362
2029-01-10,1.08768666322745
2029-01-11,1.73321333184722
2029-01-12,1.58176280488598
2029-01-13,1.48798209170183
2029-01-14,1.43065098078682
2029-01-15,1.40752636773208
2029-01-16,1.34137096863985
2029-01-17,1.50573837253117
2029-01-18,1.31783134202682
2029-01-19,1.29103282188896
2029-01-20,1.22672555289657
2029-01-21,1.17223063441466
2029-01-22,1.11751433543174
2029-01-23,1.05375349105725
2029-01-24,1.52549333756004
2029-01-25,1.30639960816202
2029-01-26,1.06985119622765
2029-01-27,1.08675036015809
2029-01-28,1.5905210626918
2029-01-29,1.41091397423145
2029-01-30,1.24011027903594
2029-01-31,1.23744779528332
2029-02-01,1.23774686974386
2029-02-02,1.17960417340947
2029-02-03,1.19274797517467
2029-02-04,1.14244457249114
2029-02-05,1.11980262233203
2029-02-06,1.05083533749506
2029-02-07,0.983481937050151
2029-02-08,0.938562076928779
2029-02-09,0.906383115584055
2029-02-10,0.822512300375116
2029-02-11,0.761129124885672
2029-02-12,1.07503077341562
2029-02-13,2.56316124203995
2029-02-14,1.45035009729797
2029-02-15,2.62631848109725
2029-02-16,4.45760885930571
2029-02-17,5.77572893175224
2029-02-18,1.97161471904622
2029-02-19,1.67345469709872
2029-02-20,1.66573693248294
2029-02-21,1.72805098743711
2029-02-22,1.63585311269502
2029-02-23,1.62769143763684
2029-02-24,1.56575870026438
2029-02-25,1.43208945386163
2029-02-26,1.28371994390949
2029-02-27,1.1409266588644
2029-02-28,1.00890215749422
2029-03-01,0.730495565428277
2029-03-02,0.748007965364552
2029-03-03,0.625382200033086
2029-03-04,0.580516502257557
2029-03-05,0.619194326882797
2029-03-06,0.498251017315831
2029-03-07,0.472476595184092
2029-03-08,0.460010327815068
2029-03-09,0.418209240803306
2029-03-10,0.391051810494109
2029-03-11,0.366592601275972
2029-03-12,0.343783651615573
2029-03-13,0.323836800839969
2029-03-14,0.306280560501713
2029-03-15,0.289844370778975
2029-03-16,0.27235111411816
2029-03-17,0.253735779393329
2029-03-18,0.234702760622548
2029-03-19,0.249084673405561
2029-03-20,0.23549087242547
2029-03-21,0.202440315084181
2029-03-22,0.193512787932806
2029-03-23,0.290783156566568
2029-03-24,0.209063311519499
2029-03-25,0.178396964992844
2029-03-26,0.16724426696669
2029-03-27,0.164050974941135
2029-03-28,0.160281701558433
2029-03-29,0.152504495758991
2029-03-30,0.139085150479549
2029-03-31,0.121829480866388
2029-04-01,0.109651245138063
2029-04-02,0.0918330384185778
2029-04-03,0.234772838436079
2029-04-04,0.426429465341548
2029-04-05,0.523814304600932
2029-04-06,0.576097256674242
2029-04-07,0.609245759750794
2029-04-08,0.566909804105424
2029-04-09,0.632812142764943
2029-04-10,2.2248563606479
2029-04-11,1.99837293388236
2029-04-12,1.98895932458336
2029-04-13,1.42318755116209
2029-04-14,1.39781591570647
2029-04-15,1.34755366202649
2029-04-16,1.26797148580643
2029-04-17,1.15145713326751
2029-04-18,1.01732820729845
2029-04-19,0.889702671220548
2029-04-20,0.773220030332123
2029-04-21,0.667605978529964
2029-04-22,0.580792855892955
2029-04-23,0.515822664726702
2029-04-24,0.474056397605379
2029-04-25,0.42460196295166
2029-04-26,0.377748448487027
2029-04-27,0.32984725651142
2029-04-28,0.282739730870475
2029-04-29,0.316636917975991
2029-04-30,0.382393104297955
2029-05-01,0.262354014739703
2029-05-02,0.238970514637822
2029-05-03,0.21177421342086
2029-05-04,0.18039519728465
2029-05-05,0.17090023756835
2029-05-06,0.137809587403548
2029-05-07,0.209537110586206
2029-05-08,0.130284526691566
2029-05-09,0.11295754430805
2029-05-10,0.0976448702978767
2029-05-11,0.0843170580975777
2029-05-12,0.0763128095942639
2029-05-13,0.0633085521146875
2029-05-14,0.0517065424295339
2029-05-15,0.0416481841401246
2029-05-16,0.0344873916566067
2029-05-17,0.0289614983073831
2029-05-18,0.0384232615285216
2029-05-19,0.0292817070838263
2029-05-20,0.0223007997617683
2029-05-21,0.0203659511050172
2029-05-22,0.0188038497572356
2029-05-23,0.0177516905621062
2029-05-24,0.0171112728027861
2029-05-25,0.0168454623594446
2029-05-26,0.016628521702963
2029-05-27,0.0164129337428458
2029-05-28,0.0161944105341544
2029-05-29,0.0159624334537249
2029-05-30,0.0157286219352515
2029-05-31,0.015504610798935
2029-06-01,0.0186228817660446
2029-06-02,0.01833198914335
2029-06-03,0.0180310514896072
2029-06-04,0.0177162709323209
2029-06-05,0.017435034298021
2029-06-06,0.0279903388094566
2029-06-07,0.0176768174263971
2029-06-08,0.0171633502858634
2029-06-09,0.0168148746326295
2029-06-10,0.016619079648955
2029-06-11,0.0164008188407702
2029-06-12,0.0161547686641326
2029-06-13,0.0158806125171517
2029-06-14,0.015559841991631
2029-06-15,0.0152100022009255
2029-06-16,0.0148497961794322
2029-06-17,0.0145030197501247
2029-06-18,0.0141768826083815
2029-06-19,0.0138538651582782
2029-06-20,0.0135141024904008
2029-06-21,0.0131776851141433
2029-06-22,0.0128508659414675
2029-06-23,0.012534994478284
2029-06-24,0.012213764101471
2029-06-25,0.0118667241640702
2029-06-26,0.0133982369167082
2029-06-27,0.011251582861212
2029-06-28,0.0109686309280724
2029-06-29,0.0109141177171879
2029-06-30,0.010459179253044
2029-07-01,0.025445473810093
2029-07-02,0.0190197689826338
2029-07-03,0.018567082601977
2029-07-04,0.0181321035630818
2029-07-05,0.0178464980193
2029-07-06,0.0173903713505244
2029-07-07,0.0170640336283955
2029-07-08,0.0167335854076597
2029-07-09,0.0164166581044869
2029-07-10,0.0161250591785139
2029-07-11,0.0158694990920922
2029-07-12,0.0156473866352252
2029-07-13,0.0154548189065711
2029-07-14,0.0152889151697241
2029-07-15,0.0151453681670394
2029-07-16,0.0150238909089309
2029-07-17,0.0149224263897613
2029-07-18,0.0148355990740224
2029-07-19,0.014763591260348
2029-07-20,0.0147049402576947
2029-07-21,0.0146557155130195
2029-07-22,0.0146145585988645
2029-07-23,0.0145802839323646
2029-07-24,0.0159029349999168
2029-07-25,0.0145384077477731
2029-07-26,0.0145257614259836
2029-07-27,0.0145153106936179
2029-07-28,0.0145057462481303
2029-07-29,0.0144979167003702
2029-07-30,0.0144919554866972
2029-07-31,0.0144869253248375
2029-08-01,0.0187168275748163
2029-08-02,0.0187123163578513
2029-08-03,0.0187078059714347
2029-08-04,0.0187032971801504
2029-08-05,0.0186987890233212
2029-08-06,0.0186942820478495
2029-08-07,0.0186897757793933
2029-08-08,0.0186852708464107
2029-08-09,0.0186807673610408
2029-08-10,0.0186762644537566
2029-08-11,0.0186717634372441
2029-08-12,0.0186672626815897
2029-08-13,0.0186627634862867
2029-08-14,0.0186582652708508
2029-08-15,0.0186537683093329
2029-08-16,0.0186492722257377
2029-08-17,0.0186447768227722
2029-08-18,0.0186402830197366
2029-08-19,0.0186357897546085
2029-08-20,0.0186312984672047
2029-08-21,0.0186268072559596
2029-08-22,0.0186223177639794
2029-08-23,0.0186178296272622
2029-08-24,0.0186133417274161
2029-08-25,0.0186088558298812
2029-08-26,0.018604370335327
2029-08-27,0.0185998863351601
2029-08-28,0.0185954030144237
2029-08-29,0.0185909212354488
2029-08-30,0.018586440243246
2029-08-31,0.0185819600857892
2029-09-01,0.00974140493424022
2029-09-02,0.00973905712714593
2029-09-03,0.00973670963984611
2029-09-04,0.00973436265755093
2029-09-05,0.00973201645980533
2029-09-06,0.00972967087680713
2029-09-07,0.00972732563089793
2029-09-08,0.00972498097237905
2029-09-09,0.00972263696162463
2029-09-10,0.00972029365712205
2029-09-11,0.00971795079347668
2029-09-12,0.00971560861312847
2029-09-13,0.00971326688904527
2029-09-14,0.00971092553412508
2029-09-15,0.00970858486375969
2029-09-16,0.00970624506567522
2029-09-17,0.00970390561662879
2029-09-18,0.00970156677069513
2029-09-19,0.00969922827914524
2029-09-20,0.00969689065044269
2029-09-21,0.00969455330222841
2029-09-22,0.00969221661435654
2029-09-23,0.0096898808075701
2029-09-24,0.00968754514794566
2029-09-25,0.00968521001565171
2029-09-26,0.00968287569054785
2029-09-27,0.00968054190503792
2029-09-28,0.00967820861541378
2029-09-29,0.00967587612071604
2029-09-30,0.00967354377380922
2029-10-01,0.00825253835358837
2029-10-02,0.0973150246257152
2029-10-03,0.178439339523716
2029-10-04,0.279719631454523
2029-10-05,0.298256029453238
2029-10-06,0.00826808392362951
2029-10-07,0.0451455107454428
2029-10-08,0.00835226164725368
2029-10-09,0.0731690813936069
2029-10-10,0.00843423777027199
2029-10-11,0.0288311717185598
2029-10-12,0.00849819465526211
2029-10-13,0.00851816478710395
2029-10-14,0.00886932344970458
2029-10-15,0.0106407508546382
2029-10-16,0.0361441941912484
2029-10-17,0.0085479222708923
2029-10-18,0.008545752965271
2029-10-19,0.00853879676555804
2029-10-20,0.00852882193585846
2029-10-21,0.00851877082217428
2029-10-22,0.00850952591241408
2029-10-23,0.0085010219610978
2029-10-24,0.00849374756996429
2029-10-25,0.00848916895154313
2029-10-26,0.008486990995216
2029-10-27,0.008484771266498
2029-10-28,0.00848187644329868
2029-10-29,0.00847931777273568
2029-10-30,0.0552873816713426
2029-10-31,0.0085086193468865
2029-11-01,0.00946157955046618
2029-11-02,0.00942537312336531
2029-11-03,0.00941803173464599
2029-11-04,0.0399725726967629
2029-11-05,0.00940681571561965
2029-11-06,0.0112974729199675
2029-11-07,0.0632712172750104
2029-11-08,0.00939874655412265
2029-11-09,0.00974979018340744
2029-11-10,0.00939377332934176
2029-11-11,0.0122365821040536
2029-11-12,0.00939056234040691
2029-11-13,0.0651342835855201
2029-11-14,0.0359748441202874
2029-11-15,0.0178522043833794
2029-11-16,0.042627672431338
2029-11-17,0.204815983722655
2029-11-18,0.386963363408493
2029-11-19,0.00949242598159968
2029-11-20,0.0413962128879445
2029-11-21,0.0527770587050886
2029-11-22,0.111031425654217
2029-11-23,0.417884967488155
2029-11-24,0.589289508239607
2029-11-25,0.128391894959822
2029-11-26,0.763646413185948
2029-11-27,0.701010213165026
2029-11-28,0.351220521899632
2029-11-29,0.0266238670337868
2029-11-30,0.0263909597460334
2029-12-01,0.0251869787592289
2029-12-02,0.0218343156301687
2029-12-03,0.0152873703100139
2029-12-04,0.0127934312307558
2029-12-05,0.0128935092581652
2029-12-06,0.0149413369210998
2029-12-07,0.0190752871958544
2029-12-08,0.023870446777038
2029-12-09,0.0289419886579079
2029-12-10,0.145787814726547
2029-12-11,0.105769509803953
2029-12-12,0.0812567825227972
2029-12-13,0.603343748935535
2029-12-14,1.8046083022744
2029-12-15,0.387836076564714
2029-12-16,0.316172509191381
2029-12-17,0.257178617409572
2029-12-18,0.0256150711491175
2029-12-19,0.0175779403982677
2029-12-20,0.0189468103974715
2029-12-21,0.0177643269498726
2029-12-22,0.0347266523678228
2029-12-23,0.0328284948921894
2029-12-24,0.0179092708957567
2029-12-25,0.0179405916789772
2029-12-26,0.0179849602794016
2029-12-27,0.0180268537701432
2029-12-28,0.0190851118693963
2029-12-29,0.0180858173350434
2029-12-30,0.0181116343086296
2029-12-31,0.0230248197393735
2030-01-01,0.0143922173253549
2030-01-02,0.0136280142645237
2030-01-03,0.0136350783867084
2030-01-04,0.0136370191434311
2030-01-05,0.0273572040357155
2030-01-06,0.0183970390281448
2030-01-07,0.0191317190442359
2030-01-08,0.0174605122065701
2030-01-09,0.0179713230925704
2030-01-10,0.071813533386966
2030-01-11,0.0680025265554511
2030-01-12,0.0309229351736587
2030-01-13,0.0222481917513681
2030-01-14,0.0137733714680632
2030-01-15,0.0138014299930135
2030-01-16,0.0143418694675613
2030-01-17,0.0147964520542708
2030-01-18,0.0149509229345791
2030-01-19,0.0145861610864178
2030-01-20,0.0154799027277009
2030-01-21,0.0160808026033007
2030-01-22,0.0139534790160154
2030-01-23,0.0155582864881769
2030-01-24,0.0164317618640807
2030-01-25,0.0332272652318646
2030-01-26,0.0516030644702033
2030-01-27,0.0444237393318732
2030-01-28,0.0142960468840562
2030-01-29,0.0146791063419467
2030-01-30,0.0141111170949127
2030-01-31,0.0154754129539739
2030-02-01,0.01384869112877
2030-02-02,0.0167200601075309
2030-02-03,0.0754338482206956
2030-02-04,0.676795525033004
2030-02-05,2.03951705241404
2030-02-06,0.529077670249007
2030-02-07,0.216802875660854
2030-02-08,0.164724885108718
2030-02-09,0.347232818628785
2030-02-10,0.336710176217604
2030-02-11,0.257142833776689
2030-02-12,0.560937181021982
2030-02-13,0.618036364538885
2030-02-14,0.942458217263021
2030-02-15,1.48915417953503
2030-02-16,1.46291388290667
2030-02-17,1.09934255110543
2030-02-18,1.11229595247852
2030-02-19,1.14101349238668
2030-02-20,1.10700397898124
2030-02-21,1.08929973946604
2030-02-22,1.09075796784677
2030-02-23,0.99237089820469
2030-02-24,0.970487175885013
2030-02-25,0.94547343909107
2030-02-26,0.940437035264791
2030-02-27,0.960561154665325
2030-02-28,0.951345860928013
2030-03-01,0.761037265709963
2030-03-02,0.705108883109908
2030-03-03,0.64017989192711
2030-03-04,0.559133754264996
2030-03-05,0.505509998335879
2030-03-06,0.457170890978495
2030-03-07,0.408443981303595
2030-03-08,0.362369714510322
2030-03-09,0.321093647558024
2030-03-10,0.283360536479985
2030-03-11,0.247200969604844
2030-03-12,0.214615685936123
2030-03-13,0.188705288151538
2030-03-14,0.164688568777073
2030-03-15,0.151131047221264
2030-03-16,0.12834922381408
2030-03-17,0.114132520362588
2030-03-18,0.100458078186819
2030-03-19,0.0899389148478883
2030-03-20,0.183355872869441
2030-03-21,0.0902691624205146
2030-03-22,0.0764448612116298
2030-03-23,0.0696628801367053
2030-03-24,0.0635098604663168
2030-03-25,0.0564924550233393
2030-03-26,0.0510214387569289
2030-03-27,0.0541262662462842
2030-03-28,0.0490499656767085
2030-03-29,0.0412818428512967
2030-03-30,0.0363536465460144
2030-03-31,0.0447964382229552
2030-04-01,0.033491538998745
2030-04-02,0.0291884808737341
2030-04-03,0.0260928494473535
2030-04-04,0.0233813753074799
2030-04-05,0.0211755612066348
2030-04-06,0.0192981273858974
2030-04-07,0.0176853381202469
2030-04-08,0.0985911068277812
2030-04-09,0.075681691267732
2030-04-10,0.0199960668586584
2030-04-11,0.0189222928150687
2030-04-12,0.0153876956524346
2030-04-13,0.0648777530161333
2030-04-14,0.0145464950502725
2030-04-15,0.0142510482819874
2030-04-16,0.0153846952752555
2030-04-17,0.0142900020230103
2030-04-18,0.0138830235807162
2030-04-19,0.0136820218851384
2030-04-20,0.0134410708758526
2030-04-21,0.0132263287453486
2030-04-22,0.0668409031797965
2030-04-23,0.0134463370984188
2030-04-24,0.344624895990888
2030-04-25,0.359842565090412
2030-04-26,0.362414568004749
2030-04-27,0.0308398116179269
2030-04-28,0.0314384793897041
2030-04-29,0.0322387213307581
2030-04-30,0.0315941261609793
2030-05-01,0.0373682656168696
2030-05-02,0.0347354618011186
2030-05-03,0.0313482422837162
2030-05-04,0.0277321987987504
2030-05-05,0.0247704554674523
2030-05-06,0.0226142545003275
2030-05-07,0.0671380090583276
2030-05-08,0.0212503424366866
2030-05-09,0.0207557079729731
2030-05-10,0.0229897195664404
2030-05-11,0.0174080768512213
2030-05-12,0.0283255847194266
2030-05-13,0.0321897650437694
2030-05-14,0.0159382740875805
2030-05-15,0.199169572355435
2030-05-16,0.349105136052679
2030-05-17,0.242916147254561
2030-05-18,0.0237984001490533
2030-05-19,0.0216461627124177
2030-05-20,0.0344228583692438
2030-05-21,0.0313339817701702
2030-05-22,0.0202151998648944
2030-05-23,0.0189966574470736
2030-05-24,0.0175667487064724
2030-05-25,0.0163289479585233
2030-05-26,0.0155642736864728
2030-05-27,0.0152321908012469
2030-05-28,0.015018119192955
2030-05-29,0.0148121605423255
2030-05-30,0.0145938553763548
2030-05-31,0.0143557180227701
2030-06-01,0.0171863408505614
2030-06-02,0.016846484541376
2030-06-03,0.0164969263111523
2030-06-04,0.0161547669290859
2030-06-05,0.0158427580785191
2030-06-06,0.0155494862511204
2030-06-07,0.015255734194776
2030-06-08,0.0149711277304074
2030-06-09,0.0147008283733689
2030-06-10,0.0144243212711918
2030-06-11,0.0141473932418892
2030-06-12,0.0138917822844383
2030-06-13,0.0136373235809577
2030-06-14,0.0133655201476338
2030-06-15,0.0130718123518104
2030-06-16,0.0127718011574324
2030-06-17,0.0124983120976415
2030-06-18,0.0122485900796323
2030-06-19,0.0119940462886195
2030-06-20,0.0117324987445233
2030-06-21,0.0114745480172449
2030-06-22,0.0112240465925228
2030-06-23,0.0109787234658424
2030-06-24,0.0107356802159751
2030-06-25,0.010498390228502
2030-06-26,0.0102626347467275
2030-06-27,0.0100383750565483
2030-06-28,0.00984902148252109
2030-06-29,0.00976076689184087
2030-06-30,0.0206785628554885
2030-07-01,0.0180163401340399
2030-07-02,0.0177144914638613
2030-07-03,0.0173811652723074
2030-07-04,0.0170751385433691
2030-07-05,0.0167879200503578
2030-07-06,0.0169437742529895
2030-07-07,0.016315431540012
2030-07-08,0.016102767447264
2030-07-09,0.0159078430100357
2030-07-10,0.0157318280719356
2030-07-11,0.0155652958585259
2030-07-12,0.0154080947074814
2030-07-13,0.0152686601267862
2030-07-14,0.0151446451547068
2030-07-15,0.0150331522511079
2030-07-16,0.0149648649176391
2030-07-17,0.014853736397856
2030-07-18,0.0147807318408434
2030-07-19,0.0147189247517962
2030-07-20,0.0146696431487718
2030-07-21,0.0146304251027917
2030-07-22,0.0145975092363616
2030-07-23,0.0145692787107963
2030-07-24,0.0145471013509837
2030-07-25,0.0145303560824843
2030-07-26,0.0145169256265534
2030-07-27,0.0145059062401645
2030-07-28,0.0144962393301156
2030-07-29,0.014487282678678
2030-07-30,0.0144797203994503
2030-07-31,0.0144737506579298
2030-08-01,0.0186986407245738
2030-08-02,0.0186937065564317
2030-08-03,0.018689146695122
2030-08-04,0.0186846420997558
2030-08-05,0.0186801385766066
2030-08-06,0.0186756354864219
2030-08-07,0.0186711342666199
2030-08-08,0.0186666337244494
2030-08-09,0.0186621345321447
2030-08-10,0.0186576364642287
2030-08-11,0.0186531393695832
2030-08-12,0.0186486431756479
2030-08-13,0.0195021710450871
2030-08-14,0.0196431865021287
2030-08-15,0.0186351617083728
2030-08-16,0.0186306701607106
2030-08-17,0.0198378762542898
2030-08-18,0.0186216898688615
2030-08-19,0.0186172011396666
2030-08-20,0.0186127134844874
2030-08-21,0.0186082277188806
2030-08-22,0.0186037424372107
2030-08-23,0.0185992584658281
2030-08-24,0.0185947753153992
2030-08-25,0.0271126783102029
2030-08-26,0.0185858127313197
2030-08-27,0.0185813331303602
2030-08-28,0.0185768541254766
2030-08-29,0.0185723761970077
2030-08-30,0.01856789993923
2030-08-31,0.106225506154454
2030-09-01,0.010145670320635
2030-09-02,0.00973418168977739
2030-09-03,0.00972699682535732
2030-09-04,0.00972465244606889
2030-09-05,0.00972230835072776
2030-09-06,0.0177214813489491
2030-09-07,0.0097176222740844
2030-09-08,0.0152868515784344
2030-09-09,0.00971293830864993
2030-09-10,0.00971059723013007
2030-09-11,2.27989029199624
2030-09-12,1.14646824945604
2030-09-13,1.23769208251408
2030-09-14,0.0135922579676657
2030-09-15,0.0140349100092648
2030-09-16,0.0141266475390394
2030-09-17,0.0141118676004794
2030-09-18,0.0140266858102708
2030-09-19,0.0138922225642309
2030-09-20,0.0137428128507155
2030-09-21,0.0136017280629347
2030-09-22,0.0134642269652169
2030-09-23,0.0133021563826654
2030-09-24,0.013128419119301
2030-09-25,0.0129687941380351
2030-09-26,0.012803297455187
2030-09-27,0.0126242546187457
2030-09-28,0.012444596829341
2030-09-29,0.0122722729672159
2030-09-30,0.175877000347151
2030-10-01,0.659349142823862
2030-10-02,0.0104443597435588
2030-10-03,0.0106105785834585
2030-10-04,0.0106783709230862
2030-10-05,0.0107028376080958
2030-10-06,0.010705391366217
2030-10-07,0.0106942740672618
2030-10-08,0.0106578597201843
2030-10-09,0.0105944388870203
2030-10-10,0.0105236412707257
2030-10-11,0.0104498152800576
2030-10-12,0.0103737750741548
2030-10-13,0.0103057019724353
2030-10-14,0.0102469345353167
2030-10-15,0.0101908438728979
2030-10-16,0.010129750272791
2030-10-17,0.0100700286096928
2030-10-18,0.010007849298781
2030-10-19,0.00994451948692707
2030-10-20,0.0098848029096068
2030-10-21,0.00983164715154369
2030-10-22,0.0151118478551583
2030-10-23,0.214529284819745
2030-10-24,0.168543467561623
2030-10-25,0.0144372250353339
2030-10-26,0.00986072464719156
2030-10-27,0.00987667050127559
2030-10-28,0.00988329711043846
2030-10-29,0.00989395315826731
2030-10-30,0.00990701759479444
2030-10-31,0.0166387089527177
2030-11-01,0.0113904398978676
2030-11-02,0.0346850137831101
2030-11-03,0.0135323793936835
2030-11-04,0.0159191467790249
2030-11-05,0.0110413557549278
2030-11-06,0.0110233163651608
2030-11-07,0.0134012935857082
2030-11-08,0.0131791140591058
2030-11-09,0.0109784146860029
2030-11-10,0.0218014763384303
2030-11-11,0.647295103443894
2030-11-12,0.532796726733236
2030-11-13,0.0116494021559827
2030-11-14,0.710911629478451
2030-11-15,0.555737505500154
2030-11-16,0.0147676183976234
2030-11-17,0.0139002744549645
2030-11-18,0.235603077001211
2030-11-19,0.0891742444257822
2030-11-20,0.0145030470772732
2030-11-21,0.014641519596384
2030-11-22,0.475242064658261
2030-11-23,0.72794232367826
2030-11-24,0.758383258008148
2030-11-25,1.94877423896659
2030-11-26,1.04880107999397
2030-11-27,0.263345323354273
2030-11-28,0.738915334691606
2030-11-29,0.74492982311529
2030-11-30,0.293145820214175
2030-12-01,0.0373626738137272
2030-12-02,0.0232448997443666
2030-12-03,0.44153436225251
2030-12-04,0.792766954541549
2030-12-05,1.17981252708983
2030-12-06,0.818914118751469
2030-12-07,0.647527481328186
2030-12-08,0.385178019349124
2030-12-09,0.476193680324623
2030-12-10,0.587328721209656
2030-12-11,0.581770452891845
2030-12-12,0.535746458760638
2030-12-13,0.719946817515944
2030-12-14,0.564268724292883
2030-12-15,0.571558264670563
2030-12-16,0.78560310738622
2030-12-17,0.589846448454705
2030-12-18,0.599598906666953
2030-12-19,0.58755413984251
2030-12-20,0.557582921318377
2030-12-21,0.53615635070988
2030-12-22,0.511191861959258
2030-12-23,0.487715878785774
2030-12-24,0.480713203920919
2030-12-25,0.458282397687587
2030-12-26,1.37559226228778
2030-12-27,5.27765713914144
2030-12-28,4.00226955770855
2030-12-29,1.99984662237627
2030-12-30,3.00565246221325
2030-12-31,3.2869559501495
2031-01-01,2.44425666345406
2031-01-02,1.77600305587118
2031-01-03,1.9516128457241
2031-01-04,2.63757821327061
2031-01-05,1.76101889604707
2031-01-06,1.68791551450441
2031-01-07,1.66416806620105
2031-01-08,1.64852019077755
2031-01-09,1.60896114063763
2031-01-10,1.52781439502419
2031-01-11,1.39575687442926
2031-01-12,1.2640662776952
2031-01-13,1.14433928153098
2031-01-14,1.03678337748675
2031-01-15,0.94237598435364
2031-01-16,0.860200304689154
2031-01-17,0.786614279562078
2031-01-18,0.883299835477921
2031-01-19,0.830279452821518
2031-01-20,0.977041457965169
2031-01-21,1.38691073419009
2031-01-22,1.9304425731256
2031-01-23,2.87416736257745
2031-01-24,2.37672324546767
2031-01-25,4.63434340332709
2031-01-26,2.02304993689008
2031-01-27,1.70213770003774
2031-01-28,1.84114695485725
2031-01-29,1.91297498005522
2031-01-30,1.66755308095179
2031-01-31,1.71403020032619
2031-02-01,1.63079614844359
2031-02-02,1.56940432407051
2031-02-03,1.46988998218841
2031-02-04,1.39657714603903
2031-02-05,1.3632818349147
2031-02-06,1.30301201932493
2031-02-07,1.41514177925111
2031-02-08,1.25820603292074
2031-02-09,1.14735335524123
2031-02-10,1.349464306493
2031-02-11,1.23122598132946
2031-02-12,1.13742332086835
2031-02-13,1.07679755403025
2031-02-14,1.02614597571763
2031-02-15,1.03892991095962
2031-02-16,0.950353403855777
2031-02-17,0.909806526315982
2031-02-18,0.854754089476625
2031-02-19,0.852756863865768
2031-02-20,0.778815951291422
2031-02-21,0.854371801428479
2031-02-22,0.777182047925158
2031-02-23,1.1575574860718
2031-02-24,1.40568488190348
2031-02-25,1.17747675913106
2031-02-26,1.13382201837914
2031-02-27,1.08107660517971
2031-02-28,1.027266132406
2031-03-01,0.853170175550957
2031-03-02,0.768422750558587
2031-03-03,0.744576847355438
2031-03-04,0.699894226309734
2031-03-05,0.646007033248122
2031-03-06,0.649699161949481
2031-03-07,0.61022572681965
2031-03-08,0.567501451983732
2031-03-09,0.600616278788164
2031-03-10,0.618125209652137
2031-03-11,0.816576591686989
2031-03-12,0.941391069959863
2031-03-13,0.884856012191136
2031-03-14,0.863618146468925
2031-03-15,0.946441089452111
2031-03-16,0.909159251346118
2031-03-17,0.898139716737644
2031-03-18,0.894408089551427
2031-03-19,0.823534323342624
2031-03-20,0.809188829082068
2031-03-21,0.7967392229944
2031-03-22,0.84510175883538
2031-03-23,0.862663830764803
2031-03-24,0.865022995666394
2031-03-25,0.908353573160259
2031-03-26,0.955573389105693
2031-03-27,0.869302471388867
2031-03-28,0.752039859671127
2031-03-29,0.735218192495823
2031-03-30,0.693555066014831
2031-03-31,0.699418559422773
2031-04-01,0.735434329026715
2031-04-02,0.701899560605301
2031-04-03,0.687101573907848
2031-04-04,0.743768266093902
2031-04-05,0.731841147054003
2031-04-06,0.731050016150324
2031-04-07,0.840277225510648
2031-04-08,0.978651459361838
2031-04-09,0.680054112874897
2031-04-10,0.516003576610848
2031-04-11,0.470510451001571
2031-04-12,0.460426063820211
2031-04-13,0.448354051484394
2031-04-14,0.443854290255738
2031-04-15,0.57192208878135
2031-04-16,0.536546789268342
2031-04-17,0.59345767055818
2031-04-18,0.612649430780205
2031-04-19,0.508103637833895
2031-04-20,0.511962830156567
2031-04-21,0.502351299262153
2031-04-22,0.49214408075503
2031-04-23,0.478186251090912
2031-04-24,0.450172848641785
2031-04-25,0.545150403550686
2031-04-26,0.469946817395681
2031-04-27,0.444165203524196
2031-04-28,0.432748849970278
2031-04-29,0.425812823418584
2031-04-30,0.419137747932078
2031-05-01,0.482425210669272
2031-05-02,0.424555865764378
2031-05-03,0.373669026695551
2031-05-04,0.327543640919653
2031-05-05,0.283860085664505
2031-05-06,0.398453602622534
2031-05-07,0.651414513078963
2031-05-08,0.465900814009071
2031-05-09,0.32726170549903
2031-05-10,0.321385772871348
2031-05-11,0.295606105343581
2031-05-12,0.261508583222084
2031-05-13,0.227832797175801
2031-05-14,0.197780005394817
2031-05-15,0.190206719361764
2031-05-16,0.146725517325093
2031-05-17,0.12527653458119
2031-05-18,0.105176829092008
2031-05-19,0.0865318998545326
2031-05-20,0.0691509605898307
2031-05-21,0.0538969184672375
2031-05-22,0.0508017661313986
2031-05-23,0.034382234060035
2031-05-24,0.0292809152268268
2031-05-25,0.0255710356688515
2031-05-26,0.0239453330399379
2031-05-27,0.0210022471464782
2031-05-28,0.0189636347162197
2031-05-29,0.0175772386713674
2031-05-30,0.0167711267584103
2031-05-31,0.0173626940236138
2031-06-01,0.0348536654941743
2031-06-02,0.0220609396517889
2031-06-03,0.019501373430973
2031-06-04,0.0192785932059506
2031-06-05,0.0190282813808172
2031-06-06,0.0187639718617749
2031-06-07,0.0184936437011065
2031-06-08,0.0182293394872001
2031-06-09,0.0179974403168521
2031-06-10,0.0177820090289792
2031-06-11,0.0175461459582084
2031-06-12,0.0172944926477927
2031-06-13,0.0170551640159798
2031-06-14,0.0168051326430835
2031-06-15,0.0165198615309315
2031-06-16,0.0162145707487548
2031-06-17,0.0158958453248552
2031-06-18,0.0155822793827393
2031-06-19,0.0152706922187772
2031-06-20,0.0149320874841363
2031-06-21,0.0145685447823574
2031-06-22,0.0141957172375638
2031-06-23,0.013833219701713
2031-06-24,0.0135092284016155
2031-06-25,0.0132237488741048
2031-06-26,0.0138753884031466
2031-06-27,0.0127071480703416
2031-06-28,0.0124318674389186
2031-06-29,0.0121366508743302
2031-06-30,0.0118417222777507
2031-07-01,0.02201838764001
2031-07-02,0.0215322132299445
2031-07-03,0.0210621654055226
2031-07-04,0.0205755246124966
2031-07-05,0.0200765872795651
2031-07-06,0.0197916776309714
2031-07-07,0.0192451058252389
2031-07-08,0.0188934684165628
2031-07-09,0.0185507184569877
2031-07-10,0.0182451339195416
2031-07-11,0.0179501083403541
2031-07-12,0.0176565349063185
2031-07-13,0.0203182746870102
2031-07-14,0.0171189826176377
2031-07-15,0.0168374453638402
2031-07-16,0.0165340732269719
2031-07-17,0.0162537400599561
2031-07-18,0.0159988012117745
2031-07-19,0.0157703521354379
2031-07-20,0.0155695251590787
2031-07-21,0.0153926867231506
2031-07-22,0.015239198420032
2031-07-23,0.0151072095959083
2031-07-24,0.0149960551696214
2031-07-25,0.014901219586512
2031-07-26,0.0148168123242991
2031-07-27,0.0147467084038592
2031-07-28,0.0146911996137226
2031-07-29,0.0146465920186858
2031-07-30,0.0146095789470308
2031-07-31,0.0145791744268272
2031-08-01,0.0188106054759039
2031-08-02,0.018787634785563
2031-08-03,0.0187704529749275
2031-08-04,0.0187567934944653
2031-08-05,0.0187455285741163
2031-08-06,0.0187350649026065
2031-08-07,0.0187243012748285
2031-08-08,0.018715423476838
2031-08-09,0.0187097858810566
2031-08-10,0.0187052692742228
2031-08-11,0.018700760287445
2031-08-12,0.0186962528700136
2031-08-13,0.0186917462045733
2031-08-14,0.0186872408284317
2031-08-15,0.0186827371265796
2031-08-16,0.0186782340993606
2031-08-17,0.0186737314271486
2031-08-18,0.0186692311086564
2031-08-19,0.0186647308849127
2031-08-20,0.0186602316662224
2031-08-21,0.0186557341787906
2031-08-22,0.0186512374163645
2031-08-23,0.0186467418916653
2031-08-24,0.0186422471099619
2031-08-25,0.018637754112888
2031-08-26,0.0186332620806893
2031-08-27,0.0186287705654096
2031-08-28,0.0186242807310156
2031-08-29,0.0186197914986943
2031-08-30,0.0186153034567255
2031-08-31,0.0186108164186108
2031-09-01,0.00975653244935922
2031-09-02,0.00975418092327957
2031-09-03,0.00975182985346501
2031-09-04,0.00974947925186467
2031-09-05,0.00974712933293259
2031-09-06,0.00974477997309033
2031-09-07,0.00974243106479658
2031-09-08,0.00974008297784293
2031-09-09,0.00973773513867488
2031-09-10,0.00973538825008542
2031-09-11,0.0097330416407265
2031-09-12,0.00973069572724261
2031-09-13,0.00972835025115698
2031-09-14,0.0097260053910764
2031-09-15,0.00972366112844853
2031-09-16,0.00972131760351743
2031-09-17,0.00971897439460729
2031-09-18,0.00971663178818094
2031-09-19,0.00971428983675134
2031-09-20,0.00971194839221318
2031-09-21,0.00970960737312418
2031-09-22,0.0097072670889019
2031-09-23,0.00970492727666727
2031-09-24,0.00970258821344945
2031-09-25,0.00970024969265584
2031-09-26,0.00969791153567933
2031-09-27,0.00969557415036013
2031-09-28,0.0096932371731954
2031-09-29,0.00969090097806472
2031-09-30,0.0096885651552414
2031-10-01,0.00826535282684397
2031-10-02,0.00826336074504508
2031-10-03,0.00826136904667854
2031-10-04,0.0082593777422089
2031-10-05,0.00825738703421936
2031-10-06,0.00825539691680686
2031-10-07,0.00825340713748027
2031-10-08,0.00825141767853031
2031-10-09,0.00824942889119066
2031-10-10,0.00824744056429183
2031-10-11,0.0082454528558755
2031-10-12,0.00824346539324227
2031-10-13,0.0767322878867168
2031-10-14,0.21654975895423
2031-10-15,0.30894497595488
2031-10-16,1.09081554458005
2031-10-17,0.623915798334911
2031-10-18,0.102156349467108
2031-10-19,0.0126928087898533
2031-10-20,0.010373560925181
2031-10-21,0.0104948991997562
2031-10-22,0.0105447041428759
2031-10-23,0.0105494843173761
2031-10-24,0.0105304471163954
2031-10-25,0.207815508852473
2031-10-26,1.01342887163898
2031-10-27,0.497902671512593
2031-10-28,0.0121645505159748
2031-10-29,0.0243734162430602
2031-10-30,0.0145271657899468
2031-10-31,0.0221024301847766
2031-11-01,0.0194601445791179
2031-11-02,0.0180268326490847
2031-11-03,0.0237549118632572
2031-11-04,0.0200407899097187
2031-11-05,0.0144410253257618
2031-11-06,0.014423123030744
2031-11-07,0.0143915895876035
2031-11-08,0.0143584199337411
2031-11-09,0.0143254292405103
2031-11-10,0.0142902490881432
2031-11-11,0.017048272943076
2031-11-12,0.0145400270655538
2031-11-13,0.014157025811433
2031-11-14,0.0998673331201122
2031-11-15,0.0809385529947525
2031-11-16,0.0140656298790832
2031-11-17,0.0670124311101212
2031-11-18,0.0532851877995112
2031-11-19,0.0274317030698801
2031-11-20,0.417284678011255
2031-11-21,0.496111105506981
2031-11-22,0.0166881208657804
2031-11-23,0.840310908816532
2031-11-24,0.32842544201549
2031-11-25,0.0469401329999
2031-11-26,0.0458012501031006
2031-11-27,0.0384138829305771
2031-11-28,0.0700670248910182
2031-11-29,1.2957324705237
2031-11-30,2.69561765625315
2031-12-01,8.22392531695998
2031-12-02,0.0264752884211117
2031-12-03,0.0203443842446415
2031-12-04,0.0205346013092555
2031-12-05,0.0206376421404224
2031-12-06,0.0261416286598579
2031-12-07,0.0207064999261066
2031-12-08,0.0206957281614291
2031-12-09,0.0206706457381525
2031-12-10,0.0206386382779645
2031-12-11,0.020606266550556
2031-12-12,0.020576775184546
2031-12-13,0.0208201183257866
2031-12-14,0.0205553885982346
2031-12-15,0.020546571772668
2031-12-16,0.0205286702335034
2031-12-17,0.0205152314030155
2031-12-18,0.0205082508461216
2031-12-19,0.0205030735272042
2031-12-20,0.0204986007055228
2031-12-21,0.0204939841597447
2031-12-22,0.041469283540554
2031-12-23,0.024250437065187
2031-12-24,0.0204679492660101
2031-12-25,0.0542625578964674
2031-12-26,0.0467094774095867
2031-12-27,0.0319414875449744
2031-12-28,0.0250742960883314
2031-12-29,0.0228194249207216
2031-12-30,0.0340618968724486
2031-12-31,0.0650181320383095
2032-01-01,0.0218800836111583
2032-01-02,0.154929308984411
2032-01-03,0.150446749696571
2032-01-04,0.0449093042860234
2032-01-05,0.0200355664220908
2032-01-06,0.442098043598345
2032-01-07,1.17609009213375
2032-01-08,0.391514714380178
2032-01-09,0.465081712770434
2032-01-10,0.189061730845379
2032-01-11,0.200821452853196
2032-01-12,0.223888622264965
2032-01-13,0.235957520734502
2032-01-14,0.240896085936338
2032-01-15,0.246746299379064
2032-01-16,0.253213227969422
2032-01-17,0.256531717623438
2032-01-18,0.254006595620567
2032-01-19,0.250621967627854
2032-01-20,0.247285622284187
2032-01-21,0.234086993043526
2032-01-22,0.246857156760938
2032-01-23,0.238719019883215
2032-01-24,0.236563994236143
2032-01-25,0.266465208362633
2032-01-26,0.27240738751108
2032-01-27,0.910899949157611
2032-01-28,0.550870912364279
2032-01-29,0.809451323779554
2032-01-30,0.618095007882398
2032-01-31,0.691267559147658
2032-02-01,0.677098714359907
2032-02-02,0.677461526961024
2032-02-03,0.640744815258384
2032-02-04,0.654532829358732
2032-02-05,0.676352588883186
2032-02-06,0.654438906278903
2032-02-07,0.602391886334301
2032-02-08,0.590040076873157
2032-02-09,0.574230884695643
2032-02-10,0.555145802193707
2032-02-11,0.544164517755343
2032-02-12,0.553966880072259
2032-02-13,0.638551377644582
2032-02-14,0.633107639089572
2032-02-15,0.645891046453053
2032-02-16,0.695136463423734
2032-02-17,0.669036807431184
2032-02-18,0.68791038923094
2032-02-19,0.712054718565881
2032-02-20,0.705994755107262
2032-02-21,0.700575581612227
2032-02-22,0.689184083060918
2032-02-23,0.662115281656088
2032-02-24,0.643716731064212
2032-02-25,0.573424830570305
2032-02-26,0.526656819713348
2032-02-27,0.485367292717574
2032-02-28,0.461812869513842
2032-02-29,0.421747204559235
2032-03-01,0.331093770103079
2032-03-02,0.296476318892247
2032-03-03,0.273222682249512
2032-03-04,0.247103778601944
2032-03-05,0.224011913543302
2032-03-06,0.203541453271685
2032-03-07,0.185020175606059
2032-03-08,0.175534991994834
2032-03-09,0.15028643136727
2032-03-10,0.13402079401273
2032-03-11,0.122594590325863
2032-03-12,0.113048446083517
2032-03-13,0.117802509045225
2032-03-14,0.102671700901348
2032-03-15,0.0938082561423532
2032-03-16,0.0879375910219353
2032-03-17,0.147800092787581
2032-03-18,0.124721403780496
2032-03-19,0.0788788380680595
2032-03-20,0.0723203789978353
2032-03-21,0.069668578081462
2032-03-22,0.0679694067655168
2032-03-23,0.064355266992537
2032-03-24,0.0596547197274141
2032-03-25,0.0546554501621333
2032-03-26,0.0497805271071932
2032-03-27,0.0460908979188598
2032-03-28,0.0410688152777373
2032-03-29,0.0361788874038274
2032-03-30,0.0315053120887523
2032-03-31,0.0272801788152409
2032-04-01,0.0251980984109688
2032-04-02,0.022579582798193
2032-04-03,0.0212476586958198
2032-04-04,0.0205357792055485
2032-04-05,0.0195262438490918
2032-04-06,0.0181531670630234
2032-04-07,0.0169705391762613
2032-04-08,0.0162688239689109
2032-04-09,0.0160429742035073
2032-04-10,0.11078109914719
2032-04-11,0.0313561743277583
2032-04-12,0.0183970679897705
2032-04-13,0.0153432739487758
2032-04-14,0.0150571222847642
2032-04-15,0.0146571295325479
2032-04-16,0.014166492172254
2032-04-17,0.0224959103825093
2032-04-18,0.0134410968812697
2032-04-19,0.0131462005578591
2032-04-20,0.0129164892111242
2032-04-21,0.0127456075093569
2032-04-22,0.0125993145077504
2032-04-23,0.0124560218891347
2032-04-24,0.0123040412223512
2032-04-25,0.0121352637392461
2032-04-26,0.011954502248823
2032-04-27,0.011767427764681
2032-04-28,0.0115792872954313
2032-04-29,0.0114115549245203
2032-04-30,0.0112563654781782
2032-05-01,0.013732792929138
2032-05-02,0.0134885500297135
2032-05-03,0.0132299532591342
2032-05-04,0.0129686712323063
2032-05-05,0.0127197267853639
2032-05-06,0.115696509002215
2032-05-07,0.155817691511769
2032-05-08,0.0701528346659321
2032-05-09,0.0332846869576706
2032-05-10,0.0123343742765115
2032-05-11,0.0121989191130359
2032-05-12,0.0120546311686331
2032-05-13,0.0119078836711506
2032-05-14,0.0117380194109715
2032-05-15,0.0115296421675349
2032-05-16,0.0112999990325229
2032-05-17,0.0110655648214082
2032-05-18,0.0108456013952944
2032-05-19,0.0106431499260114
2032-05-20,0.0104452620157669
2032-05-21,0.0102416513224375
2032-05-22,0.0100242834527595
2032-05-23,0.00979342942568397
2032-05-24,0.00956057260633839
2032-05-25,0.00932669253589737
2032-05-26,0.00909534224997757
2032-05-27,0.00887854834020197
2032-05-28,0.00867556272310232
2032-05-29,0.00848331238886172
2032-05-30,0.00830962865726184
2032-05-31,0.00816246871858941
2032-06-01,0.0287652349041035
2032-06-02,0.00966920662099503
2032-06-03,0.0192925055425828
2032-06-04,0.0119723824225277
2032-06-05,0.025512086501553
2032-06-06,0.00941352386275307
2032-06-07,0.00906327031290431
2032-06-08,0.00891851381703023
2032-06-09,0.0087854211864436
2032-06-10,0.00866780557297779
2032-06-11,0.00855525076362073
2032-06-12,0.00844843501678551
2032-06-13,0.00835409463129176
2032-06-14,0.00827169525468544
2032-06-15,0.00819726131387897
2032-06-16,0.00812755823343034
2032-06-17,0.00806118171346202
2032-06-18,0.00799618183847205
2032-06-19,0.00793749066400205
2032-06-20,0.00788735285497638
2032-06-21,0.00784301473535755
2032-06-22,0.00780210945185757
2032-06-23,0.00776522543995268
2032-06-24,0.00773414196449109
2032-06-25,0.00770850388525275
2032-06-26,0.00768706923605727
2032-06-27,0.00767442532982443
2032-06-28,0.00765738078550923
2032-06-29,0.00764670362234185
2032-06-30,0.00763759857641389
2032-07-01,0.0145173051937244
2032-07-02,0.0145063464275335
2032-07-03,0.0144969729092206
2032-07-04,0.0166973473344262
2032-07-05,0.0144802844452434
2032-07-06,0.0144741840677529
2032-07-07,0.0144688279507539
2032-07-08,0.0144641885246777
2032-07-09,0.0144604791727145
2032-07-10,0.0144569938857919
2032-07-11,0.014453509693968
2032-07-12,0.0144500259406473
2032-07-13,0.0144465433599174
2032-07-14,0.0144430610478578
2032-07-15,0.0144395801900518
2032-07-16,0.0144360996593833
2032-07-17,0.014432620198292
2032-07-18,0.014429141304703
2032-07-19,0.014488435364042
2032-07-20,0.0144221865573514
2032-07-21,0.0144187099732137
2032-07-22,0.014415234848434
2032-07-23,0.0144117601203955
2032-07-24,0.0144082863436078
2032-07-25,0.0144048135115746
2032-07-26,0.0144013415630445
2032-07-27,0.0143978703759791
2032-07-28,0.0143944000051334
2032-07-29,0.0143909302068941
2032-07-30,0.0143874617779921
2032-07-31,0.0143839936446739
2032-08-01,0.0185844083221106
2032-08-02,0.0185799291295291
2032-08-03,0.0185754503483238
2032-08-04,0.0185709733439523
2032-08-05,0.0185664972187026
2032-08-06,0.0185620217057199
2032-08-07,0.0185575476271572
2032-08-08,0.0185530749836139
2032-08-09,0.0185486029787233
2032-08-10,0.018544132300911
2032-08-11,0.0185396625723825
2032-08-12,0.0185351938884858
2032-08-13,0.0185307261256882
2032-08-14,0.0185262594932758
2032-08-15,0.0185217944883783
2032-08-16,0.0185173303176271
2032-08-17,0.0185128665822392
2032-08-18,0.018508404444982
2032-08-19,0.0185039434411086
2032-08-20,0.0184994834608784
2032-08-21,0.018495024435329
2032-08-22,0.0184905667710393
2032-08-23,0.0184861099942669
2032-08-24,0.0184816541925641
2032-08-25,0.0206340011734465
2032-08-26,0.0184727459881103
2032-08-27,0.0184682933526856
2032-08-28,0.0184638420299469
2032-08-29,0.0184593919599271
2032-08-30,0.0184549424715908
2032-08-31,0.0184504942551629
2032-09-01,0.00967248502359693
2032-09-02,0.009670153910587
2032-09-03,0.00966782300951549
2032-09-04,0.00966549263860466
2032-09-05,0.00966316313337129
2032-09-06,0.00966083388661466
2032-09-07,0.0369947929777154
2032-09-08,0.00965617738733557
2032-09-09,0.0326278735332424
2032-09-10,0.00965152328164036
2032-09-11,0.0350860250032064
2032-09-12,0.00978417536291726
2032-09-13,0.053575095003519
2032-09-14,0.00964222151487716
2032-09-15,0.00963989759614026
2032-09-16,0.00963757421511083
2032-09-17,0.00963525167303057
2032-09-18,0.0096329295963345
2032-09-19,0.0096306079369119
2032-09-20,0.00962828691802148
2032-09-21,0.00962596636923191
2032-09-22,0.00962364655153564
2032-09-23,0.00962132733883878
2032-09-24,0.00961900839059339
2032-09-25,0.00961669016903906
2032-09-26,0.0096143725949347
2032-09-27,0.00961205528276611
2032-09-28,0.00960973861616087
2032-09-29,0.00960742250990335
2032-09-30,0.00960510691651164
2032-10-01,0.00819415448189668
2032-10-02,0.00819217974014781
2032-10-03,0.0081902051322917
2032-10-04,0.00818823114318644
2032-10-05,0.00818625748492238
2032-10-06,0.00818428453368716
2032-10-07,0.00818231194871167
2032-10-08,0.00818033982042046
2032-10-09,0.0119375102426285
2032-10-10,0.00817639694220887
2032-10-11,0.00817442621321763
2032-10-12,0.00817245597686582
2032-10-13,0.00817048626776703
2032-10-14,0.00816851702903696
2032-10-15,0.00816654825369922
2032-10-16,0.00816457980920268
2032-10-17,0.00816261200733766
2032-10-18,0.00816064473675048
2032-10-19,0.00815867771436129
2032-10-20,0.00815671140087919
2032-10-21,0.0081547452838089
2032-10-22,0.00815277987403577
2032-10-23,0.0081508148042268
2032-10-24,0.00814885032740975
2032-10-25,0.00814688616533457
2032-10-26,0.230575902698631
2032-10-27,0.107061820210876
2032-10-28,0.0132557861139592
2032-10-29,0.00813925775453002
2032-10-30,0.00813750666196871
2032-10-31,0.00813578944293107
2032-11-01,0.0090494504085471
2032-11-02,0.00904756090425154
2032-11-03,0.272565058444872
2032-11-04,0.335609602058604
2032-11-05,0.00906343410461852
2032-11-06,0.0726059322648118
2032-11-07,0.00914668055367152
2032-11-08,0.011162142281204
2032-11-09,0.00923652318673797
2032-11-10,0.00927551144538881
2032-11-11,0.00930937675304085
2032-11-12,0.378233838557339
2032-11-13,0.141607429863074
2032-11-14,0.327760862534254
2032-11-15,0.861079516119805
2032-11-16,0.140570292049459
2032-11-17,0.182430691978897
2032-11-18,0.012079248963441
2032-11-19,0.0648833799357122
2032-11-20,0.511850244661594
2032-11-21,1.00124391666351
2032-11-22,0.0357442241833133
2032-11-23,0.0741851213779328
2032-11-24,0.0161085687270841
2032-11-25,0.0264060485496331
2032-11-26,0.895846928982938
2032-11-27,1.57084976278474
2032-11-28,0.0921668929771386
2032-11-29,0.0663508449884278
2032-11-30,0.225080619291897
2032-12-01,0.196220217034684
2032-12-02,1.49795226188575
2032-12-03,0.637381871933165
2032-12-04,0.144762300203898
2032-12-05,1.60800799927612
2032-12-06,0.855870317532425
2032-12-07,0.172848353739572
2032-12-08,0.183683970011859
2032-12-09,0.949595917905602
2032-12-10,0.728138271121861
2032-12-11,0.415648375467321
2032-12-12,0.462703864965767
2032-12-13,0.464906608500005
2032-12-14,0.45949290292064
2032-12-15,0.447822529587911
2032-12-16,0.435171430841578
2032-12-17,0.429959304102334
2032-12-18,0.438947565433693
2032-12-19,0.538516121826313
2032-12-20,0.612204306339926
2032-12-21,0.575676456492722
2032-12-22,0.599764646677065
2032-12-23,0.601964643078057
2032-12-24,0.651540734849094
2032-12-25,0.665847359869596
2032-12-26,0.610720324712283
2032-12-27,0.55408031240167
2032-12-28,0.543745194244402
2032-12-29,0.554117198685974
2032-12-30,0.565876035421744
2032-12-31,0.864117851950244
2033-01-01,1.10913357191497
2033-01-02,0.65809784728722
2033-01-03,0.643194201142085
2033-01-04,0.718222161524239
2033-01-05,1.03354731250074
2033-01-06,1.76137017253719
2033-01-07,1.38045538826151
2033-01-08,1.20703365334277
2033-01-09,1.23370143865798
2033-01-10,1.28508085099969
2033-01-11,1.21180377967943
2033-01-12,1.19050930624096
2033-01-13,1.45629834248572
2033-01-14,8.96610138889516
2033-01-15,6.19612622990403
2033-01-16,1.70145126795902
2033-01-17,2.4273596097147
2033-01-18,2.04742683323741
2033-01-19,1.67024512677961
2033-01-20,1.67436968573492
2033-01-21,1.79892309315365
2033-01-22,1.7199231459204
2033-01-23,1.73648887254821
2033-01-24,1.76615707640617
2033-01-25,1.8756109406497
2033-01-26,1.57786709780017
2033-01-27,1.96213743735336
2033-01-28,2.17701845788464
2033-01-29,1.61369721969423
2033-01-30,1.56162114230933
2033-01-31,1.46939983378148
2033-02-01,1.42107085156063
2033-02-02,1.39893898356286
2033-02-03,1.40131622784496
2033-02-04,1.35258262300216
2033-02-05,1.25613903066744
2033-02-06,1.23822842254813
2033-02-07,1.21916929329352
2033-02-08,1.12069013534508
2033-02-09,1.07755271895473
2033-02-10,1.06484057049099
2033-02-11,1.26460968112602
2033-02-12,1.1322987054762
2033-02-13,1.05486040621569
2033-02-14,1.10080259212133
2033-02-15,1.1337988259409
2033-02-16,1.13914283152553
2033-02-17,1.08462386275261
2033-02-18,1.12654044261535
2033-02-19,1.5705069962279
2033-02-20,1.05399806105067
2033-02-21,1.09241953209879
2033-02-22,1.17025643002745
2033-02-23,1.1032963592179
2033-02-24,1.06543920182127
2033-02-25,1.13170164610723
2033-02-26,2.26841799609845
2033-02-27,1.57166021412226
2033-02-28,1.46418051103769
2033-03-01,1.18769688801443
2033-03-02,1.15556268610206
2033-03-03,1.09525185631043
2033-03-04,1.01721670003966
2033-03-05,1.08061166594276
2033-03-06,0.973429879576844
2033-03-07,0.997034855303644
2033-03-08,0.9366558776079
2033-03-09,1.24114545988856
2033-03-10,1.44460249438301
2033-03-11,1.36492507559059
2033-03-12,1.34487498353648
2033-03-13,1.31463287780765
2033-03-14,1.24232690721301
2033-03-15,1.18514841582921
2033-03-16,1.10568581917473
2033-03-17,1.11947829071285
2033-03-18,1.00051758109977
2033-03-19,0.95643596491537
2033-03-20,0.913603926176093
2033-03-21,0.891477999571334
2033-03-22,0.900645890477475
2033-03-23,0.87388739544583
2033-03-24,0.840980934457334
2033-03-25,0.696418828845603
2033-03-26,0.738358433955403
2033-03-27,0.769908985997461
2033-03-28,0.798615406334947
2033-03-29,0.801934380093083
2033-03-30,0.728394034451631
2033-03-31,0.469736207878042
2033-04-01,0.419152259893764
2033-04-02,0.36324882966924
2033-04-03,0.340354305307879
2033-04-04,0.326708998668912
2033-04-05,0.292232799855476
2033-04-06,0.264000726950655
2033-04-07,0.237728139255751
2033-04-08,0.24211111761403
2033-04-09,0.212854084222575
2033-04-10,0.187485773089847
2033-04-11,0.166731960356941
2033-04-12,0.148760462116451
2033-04-13,0.130936875900276
2033-04-14,0.11681774868102
2033-04-15,0.106283244402133
2033-04-16,0.0968652425207629
2033-04-17,0.0930540350998022
2033-04-18,0.0853571245953797
2033-04-19,0.074796812411654
2033-04-20,0.0708607166920359
2033-04-21,0.134744108664675
2033-04-22,0.159242299298059
2033-04-23,0.107667861854528
2033-04-24,0.0603962057915139
2033-04-25,0.0576308380073881
2033-04-26,0.0531658840754307
2033-04-27,0.0498123259762248
2033-04-28,0.0481227358791056
2033-04-29,0.0433302676743585
2033-04-30,0.0381631424383539
2033-05-01,0.040989361060838
2033-05-02,0.0354883979241354
2033-05-03,0.0310582183814183
2033-05-04,0.0272725698160959
2033-05-05,0.0240677490120301
2033-05-06,0.0215292827637858
2033-05-07,0.0195633600376326
2033-05-08,0.0182564996097367
2033-05-09,0.0175633179099696
2033-05-10,0.0169608480590521
2033-05-11,0.0164604591746999
2033-05-12,0.0160552570833996
2033-05-13,0.0157973949092917
2033-05-14,0.0156193521663757
2033-05-15,0.0154627169261047
2033-05-16,0.0152829128890604
2033-05-17,0.0150882068371649
2033-05-18,0.021169594297401
2033-05-19,0.0148121324089423
2033-05-20,0.0147138983722712
2033-05-21,0.0286914678085626
2033-05-22,0.0144262926767175
2033-05-23,0.0142553844800734
2033-05-24,0.0830723312581156
2033-05-25,0.0141336383419022
2033-05-26,0.108130489000054
2033-05-27,0.0265597646875231
2033-05-28,0.0138940261112488
2033-05-29,0.0137545874652336
2033-05-30,0.0135906150512812
2033-05-31,0.0134207849150613
2033-06-01,0.0276175083130836
2033-06-02,0.0380281005530701
2033-06-03,0.0187206583138546
2033-06-04,0.111319646198943
2033-06-05,0.123452945633627
2033-06-06,0.0443829665729855
2033-06-07,0.0160191780461844
2033-06-08,0.015670379352315
2033-06-09,0.0154592716039143
2033-06-10,0.0151912840827917
2033-06-11,0.014918540850681
2033-06-12,0.0151511602307949
2033-06-13,0.0143994362832212
2033-06-14,0.0141198356229058
2033-06-15,0.0138376449245835
2033-06-16,0.0135801271395196
2033-06-17,0.0133367213712154
2033-06-18,0.0130708155076908
2033-06-19,0.0127900952993046
2033-06-20,0.0124941993358648
2033-06-21,0.0121878033171924
2033-06-22,0.0118855047604721
2033-06-23,0.0115878733654064
2033-06-24,0.0112972483374572
2033-06-25,0.0110312425011917
2033-06-26,0.0107807695206028
2033-06-27,0.0106080554835634
2033-06-28,0.0103586636053941
2033-06-29,0.010188784591355
2033-06-30,0.0100077784058442
2033-07-01,0.0186850857301749
2033-07-02,0.0183330684763769
2033-07-03,0.017975675581737
2033-07-04,0.01761596946971
2033-07-05,0.0172830494464761
2033-07-06,0.02118883227276
2033-07-07,0.0167193364890336
2033-07-08,0.0164756636865765
2033-07-09,0.0162567137433108
2033-07-10,0.0238028773873553
2033-07-11,0.0159277179851199
2033-07-12,0.0158033146048052
2033-07-13,0.0156735087166136
2033-07-14,0.0155329684595135
2033-07-15,0.0153933320841833
2033-07-16,0.0152629010608713
2033-07-17,0.0151483342997827
2033-07-18,0.0150470736763524
2033-07-19,0.014956796773438
2033-07-20,0.0148806872943325
2033-07-21,0.0148136429589078
2033-07-22,0.0147519460256327
2033-07-23,0.0146989075299137
2033-07-24,0.014656194890994
2033-07-25,0.0146234603482815
2033-07-26,0.014596602325438
2033-07-27,0.0145730673645955
2033-07-28,0.0145525671866434
2033-07-29,0.0145354261583641
2033-07-30,0.014521325769896
2033-07-31,0.0145098076116166
2033-08-01,0.0187390508724283
2033-08-02,0.0187280319011195
2033-08-03,0.0187169976687104
2033-08-04,0.0187057323651698
2033-08-05,0.0186971223767305
2033-08-06,0.0186917347579985
2033-08-07,0.0186869170033447
2033-08-08,0.0186822879114862
2033-08-09,0.018677785371802
2033-08-10,0.0186732832518896
2033-08-11,0.0186687824572564
2033-08-12,0.0186642824451977
2033-08-13,0.018659784166796
2033-08-14,0.0186552867819084
2033-08-15,0.0186507901903893
2033-08-16,0.0186462949331446
2033-08-17,0.0186418002611816
2033-08-18,0.0186373064641427
2033-08-19,0.0186328145212955
2033-08-20,0.018628323612286
2033-08-21,0.0186238335584114
2033-08-22,0.0186193444280346
2033-08-23,0.0186148564694205
2033-08-24,0.0186116838762421
2033-08-25,0.0186058840446929
2033-08-26,0.0186013994550466
2033-08-27,0.0185969158062886
2033-08-28,0.0185924333083047
2033-08-29,0.0185879519556979
2033-08-30,0.0185834720788885
2033-08-31,0.0185789928359344
2033-09-01,0.00973984891634067
2033-09-02,0.00973750130420469
2033-09-03,0.00973515431530604
2033-09-04,0.00973280771821057
2033-09-05,0.00973046198207581
2033-09-06,0.00972811656133318
2033-09-07,0.00972577187608611
2033-09-08,0.00972342772728869
2033-09-09,0.00972108384168485
2033-09-10,0.00971874094659454
2033-09-11,0.00971639839928462
2033-09-12,0.00971405626767587
2033-09-13,0.00971171496746968
2033-09-14,0.0097093742074865
2033-09-15,0.00970703389433491
2033-09-16,0.131562953184275
2033-09-17,1.41909214086169
2033-09-18,0.0119679845921138
2033-09-19,0.0103314405872339
2033-09-20,0.151290363873503
2033-09-21,0.0320498154408222
2033-09-22,0.1386297537948
2033-09-23,0.0108274563766207
2033-09-24,0.0109045604437249
2033-09-25,0.0109187629141285
2033-09-26,0.0108937856339126
2033-09-27,0.0108458909826164
2033-09-28,0.010785674099065
2033-09-29,0.0132654171895737
2033-09-30,0.653098724774523
2033-10-01,0.01058401382055
2033-10-02,0.00947212315767449
2033-10-03,0.00954250857427666
2033-10-04,0.00957860085804523
2033-10-05,0.00959595007932029
2033-10-06,0.00959451770489587
2033-10-07,0.00958108250888427
2033-10-08,0.0417124563060439
2033-10-09,0.00955134671813605
2033-10-10,0.00997636028794523
2033-10-11,0.00951918711231283
2033-10-12,0.00946982006502385
2033-10-13,0.0094141946731972
2033-10-14,0.00935892937719631
2033-10-15,0.00930240626481305
2033-10-16,0.00924800676118068
2033-10-17,0.00920063660536492
2033-10-18,0.00944627084210402
2033-10-19,0.00913058215661042
2033-10-20,0.0090971547308187
2033-10-21,0.00906546972622179
2033-10-22,0.00903558005701897
2033-10-23,0.00901203336813347
2033-10-24,0.00899498236920854
2033-10-25,0.00897899807958779
2033-10-26,0.0264123619495501
2033-10-27,0.00896440353444302
2033-10-28,0.00895694143238456
2033-10-29,0.00894763963430568
2033-10-30,0.00893971174647658
2033-10-31,0.00893335831393862
2033-11-01,0.00992985078273126
2033-11-02,0.00991700275401947
2033-11-03,0.108700559588158
2033-11-04,0.00987799371795513
2033-11-05,0.124053012103499
2033-11-06,0.090081151811168
2033-11-07,0.00986073100857688
2033-11-08,0.00986401786483342
2033-11-09,0.00986234364626907
2033-11-10,0.00985888520783738
2033-11-11,0.00985547047505124
2033-11-12,0.0109002175645827
2033-11-13,0.00985273332709018
2033-11-14,0.00985019364426234
2033-11-15,0.00984895490359339
2033-11-16,0.00984710999034631
2033-11-17,0.00984047934428107
2033-11-18,0.0098310254148273
2033-11-19,0.0353086355855843
2033-11-20,0.0640331047836861
2033-11-21,0.0118442475761691
2033-11-22,0.00984024150256929
2033-11-23,0.00984163150891071
2033-11-24,0.00984097383639555
2033-11-25,0.00983772480230355
2033-11-26,0.00983259222501168
2033-11-27,0.00982791290800287
2033-11-28,0.0190039076951282
2033-11-29,0.0185552705121074
2033-11-30,0.0158376926942916
2033-12-01,0.00832341139902074
2033-12-02,0.00832479160416558
2033-12-03,0.00832291257978173
2033-12-04,0.00831943901901387
2033-12-05,0.00831587730237773
2033-12-06,0.00830928950598686
2033-12-07,0.00830138665876535
2033-12-08,0.00829437822619068
2033-12-09,0.00828945711619361
2033-12-10,0.0282152765046232
2033-12-11,0.0282769907201925
2033-12-12,0.0662234140675534
2033-12-13,0.200617882060199
2033-12-14,0.0160349635749248
2033-12-15,0.00833476587217648
2033-12-16,0.00836019756771128
2033-12-17,0.00838507653913508
2033-12-18,0.011369647191537
2033-12-19,0.0129139011411847
2033-12-20,0.0117710044712297
2033-12-21,0.0112197642103069
2033-12-22,0.0685834028363828
2033-12-23,0.0124579538726046
2033-12-24,0.0105361038124138
2033-12-25,0.00855003077311568
2033-12-26,0.00856178870833199
2033-12-27,0.00857033657737858
2033-12-28,0.00857630871037422
2033-12-29,0.065790047250561
2033-12-30,0.0357554698408877
2033-12-31,0.0163043900414831
2034-01-01,0.009052435913846
2034-01-02,0.011094490032928
2034-01-03,0.00829730349465483
2034-01-04,0.00786403550651157
2034-01-05,0.016708465726694
2034-01-06,0.0187320804691023
2034-01-07,0.00710574976089809
2034-01-08,0.00657598737651818
2034-01-09,0.00658549138327133
2034-01-10,0.00659266242810641
2034-01-11,0.00659999217779005
2034-01-12,0.00660386144723201
2034-01-13,0.00660595473299675
2034-01-14,0.00662228467715973
2034-01-15,0.09685849956477
2034-01-16,1.07797759347301
2034-01-17,1.18300484173001
2034-01-18,0.256488306620522
2034-01-19,0.241763348266873
2034-01-20,0.0278220870607749
2034-01-21,0.0229233485695597
2034-01-22,0.359835326551183
2034-01-23,1.05598817305907
2034-01-24,3.67169551494144
2034-01-25,1.0796290797988
2034-01-26,0.685541197107713
2034-01-27,0.0784973720500994
2034-01-28,0.0332042477313229
2034-01-29,0.0441202549228427
2034-01-30,0.0359913797661865
2034-01-31,0.0492232698857438
2034-02-01,0.0941282884475738
2034-02-02,0.0692040584506375
2034-02-03,0.0395208518685459
2034-02-04,0.0469985411407889
2034-02-05,0.101702622787369
2034-02-06,0.0980167367817703
2034-02-07,0.137011959685385
2034-02-08,0.136444520812001
2034-02-09,0.13066600040746
2034-02-10,0.104816022214867
2034-02-11,0.0916356592664729
2034-02-12,0.0838116121196537
2034-02-13,0.0713217999937601
2034-02-14,0.0768666032188478
2034-02-15,0.137535070549053
2034-02-16,0.128223467977695
2034-02-17,0.0892375901869202
2034-02-18,0.0785780155816284
2034-02-19,0.0769874764469962
2034-02-20,0.0925118485862325
2034-02-21,0.10332715049386
2034-02-22,0.0971587369422441
2034-02-23,0.118025494588726
2034-02-24,0.0941467689407917
2034-02-25,0.0871362888072316
2034-02-26,0.0876414683906902
2034-02-27,0.223780759818876
2034-02-28,0.905494446396812
2034-03-01,1.8357171165444
2034-03-02,0.770425428214723
2034-03-03,1.11553619883721
2034-03-04,2.52494507356206
2034-03-05,2.08336496494588
2034-03-06,1.31098122944692
2034-03-07,1.27116412802218
2034-03-08,1.2217625714296
2034-03-09,1.14749345688111
2034-03-10,1.06619473304499
2034-03-11,0.976356421216281
2034-03-12,0.906761603343842
2034-03-13,0.846836771937383
2034-03-14,0.826332712282668
2034-03-15,1.12786025569448
2034-03-16,1.34113507718645
2034-03-17,1.51908541613178
2034-03-18,1.18845399984811
2034-03-19,1.15412366900702
2034-03-20,1.18150786736607
2034-03-21,1.02612503414718
2034-03-22,0.940598980499503
2034-03-23,0.875523078598032
2034-03-24,0.793150809647874
2034-03-25,0.759653012244902
2034-03-26,0.651904311238872
2034-03-27,0.74082719536754
2034-03-28,0.601821072765178
2034-03-29,0.54615199614149
2034-03-30,0.609743698012428
2034-03-31,0.564511033534147
2034-04-01,0.532375549473977
2034-04-02,0.501376216208529
2034-04-03,0.470588004955628
2034-04-04,0.438746688756394
2034-04-05,0.402392853985654
2034-04-06,0.371557771087102
2034-04-07,0.337532043431289
2034-04-08,0.301779287763011
2034-04-09,0.26680344693964
2034-04-10,0.233546593213208
2034-04-11,0.20308005437196
2034-04-12,0.175515237837208
2034-04-13,0.151206510425433
2034-04-14,0.136916418545508
2034-04-15,0.116267891484723
2034-04-16,0.10257864112426
2034-04-17,0.0946581123285775
2034-04-18,0.0819522092902896
2034-04-19,0.0717290575389998
2034-04-20,0.0628337622104451
2034-04-21,0.0557913193531579
2034-04-22,0.0483509241263178
2034-04-23,0.105285960273815
2034-04-24,0.0485506589200627
2034-04-25,0.0395503711514372
2034-04-26,0.0475373829758181
2034-04-27,0.0426174811290092
2034-04-28,0.177902818126401
2034-04-29,0.373183052098873
2034-04-30,0.192243357681932
2034-05-01,0.183406703872361
2034-05-02,0.187647931317345
2034-05-03,0.132773451634755
2034-05-04,0.127225676741663
2034-05-05,0.112269596161669
2034-05-06,0.0939382332009232
2034-05-07,0.075758301849538
2034-05-08,0.0617126659359001
2034-05-09,0.0800441268398015
2034-05-10,0.0623204831139379
2034-05-11,0.0515837235806101
2034-05-12,0.0451021645573851
2034-05-13,0.0388503027063751
2034-05-14,0.0325866925246727
2034-05-15,0.0270492007643797
2034-05-16,0.023141257632343
2034-05-17,0.0206840244679854
2034-05-18,0.0198974121620625
2034-05-19,0.0179264500349526
2034-05-20,0.0171885049660924
2034-05-21,0.0166864389469222
2034-05-22,0.0164290242345091
2034-05-23,0.016262088737848
2034-05-24,0.0160966812277076
2034-05-25,0.0592883034528265
2034-05-26,0.0182335348806078
2034-05-27,0.0157885535777716
2034-05-28,0.0156306807070811
2034-05-29,0.0154586079655238
2034-05-30,0.0152915275204494
2034-05-31,0.0151460157026684
2034-06-01,0.0223407932826055
2034-06-02,0.0205892729443073
2034-06-03,0.0180416405526899
2034-06-04,0.0177772799363496
2034-06-05,0.0174850883065318
2034-06-06,0.0171970285035182
2034-06-07,0.016942100248678
2034-06-08,0.0167117386658461
2034-06-09,0.0164913928011864
2034-06-10,0.0162227887828768
2034-06-11,0.0644229343229431
2034-06-12,0.015693909773131
2034-06-13,0.0153959711172339
2034-06-14,0.0150834367372454
2034-06-15,0.0147862938312554
2034-06-16,0.0145119032632136
2034-06-17,0.0239080310900538
2034-06-18,0.014107957429345
2034-06-19,0.0137995147047308
2034-06-20,0.0134849126123938
2034-06-21,0.0131802719225338
2034-06-22,0.0828006324065086
2034-06-23,0.0810194219352961
2034-06-24,0.0411325733627483
2034-06-25,0.0159572632170186
2034-06-26,0.0126086613859878
2034-06-27,0.012434163185288
2034-06-28,0.0122223824104425
2034-06-29,0.0119780256004241
2034-06-30,0.0117185591017573
2034-07-01,0.0217831564878331
2034-07-02,0.0212343407519666
2034-07-03,0.020662763180411
2034-07-04,0.0201001820286093
2034-07-05,0.0195739403041909
2034-07-06,0.0190832835056376
2034-07-07,0.0186123055787972
2034-07-08,0.0181731164782809
2034-07-09,0.0177769824447034
2034-07-10,0.0174123234434722
2034-07-11,0.0170649490676307
2034-07-12,0.0167373646751656
2034-07-13,0.0164351614631366
2034-07-14,0.0161622597310313
2034-07-15,0.0159204605994104
2034-07-16,0.0157055271182725
2034-07-17,0.0155131177984
2034-07-18,0.0153434866014866
2034-07-19,0.0151975537596795
2034-07-20,0.0150723547276643
2034-07-21,0.0149636899098987
2034-07-22,0.0148706899346002
2034-07-23,0.0147919517560078
2034-07-24,0.0147272010190022
2034-07-25,0.0146750077407195
2034-07-26,0.0146309578900191
2034-07-27,0.0145942247621978
2034-07-28,0.014566168089551
2034-07-29,0.0145470488507553
2034-07-30,0.0145328725701053
2034-07-31,0.0145205283943433
2034-08-01,0.0187510666168399
2034-08-02,0.018738394907776
2034-08-03,0.018728178191559
2034-08-04,0.0187201655790355
2034-08-05,0.0187131001477854
2034-08-06,0.0187068246135482
2034-08-07,0.0187015870446113
2034-08-08,0.0186969830886826
2034-08-09,0.0186924557135053
2034-08-10,0.0186879501046903
2034-08-11,0.0186834464268252
2034-08-12,0.0186789428293163
2034-08-13,0.0186744408329367
2034-08-14,0.0186699395039941
2034-08-15,0.0186654398403458
2034-08-16,0.0186609405406996
2034-08-17,0.0186564429717121
2034-08-18,0.0186519462038889
2034-08-19,0.0186474504477155
2034-08-20,0.0186429557247803
2034-08-21,0.0186384621616142
2034-08-22,0.0186339698577633
2034-08-23,0.0341525148823979
2034-08-24,0.0186249879144124
2034-08-25,0.018620499068281
2034-08-26,0.0186160106922939
2034-08-27,0.0186115238682628
2034-08-28,0.0186070378687832
2034-08-29,0.0186025526152979
2034-08-30,0.0185980690954698
2034-08-31,0.0185935863228353
2034-09-01,0.00974749983374912
2034-09-02,0.00974515020159436
2034-09-03,0.00974280148165529
2034-09-04,0.0097404531261624
2034-09-05,0.00973810538981916
2034-09-06,0.00973575813395359
2034-09-07,0.00973341148465964
2034-09-08,0.00973106569255297
2034-09-09,0.0097287201391129
2034-09-10,0.00972637498062055
2034-09-11,0.00972403062837471
2034-09-12,0.0186907154270227
2034-09-13,0.00971934384610835
2034-09-14,0.0328460328639049
2034-09-15,0.00971465910933113
2034-09-16,0.00971231735946324
2034-09-17,0.00970997643030652
2034-09-18,0.00970763613161959
2034-09-19,0.00970529626152634
2034-09-20,0.00970295711372188
2034-09-21,0.0135242430597175
2034-09-22,0.110290513482672
2034-09-23,0.00969594264342141
2034-09-24,0.00969360605774545
2034-09-25,0.00969127029120836
2034-09-26,0.00968893530167425
2034-09-27,0.00968660079356111
2034-09-28,0.00968426688101397
2034-09-29,0.00968193376276432
2034-09-30,0.00967960081085809
2034-10-01,0.00825770614196003
2034-10-02,0.00825571635216887
2034-10-03,0.00825372706977487
2034-10-04,0.00825173821696463
2034-10-05,0.0082497498879192
2034-10-06,0.00824776199919041
2034-10-07,0.00824577449335731
2034-10-08,0.00824378742891413
2034-10-09,0.00824180084020611
2034-10-10,0.00823981461990439
2034-10-11,0.00823782896790895
2034-10-12,0.00823584364702305
2034-10-13,0.0082338587388166
2034-10-14,0.0838546474870562
2034-10-15,0.121977064360371
2034-10-16,0.00822791474171643
2034-10-17,0.00822595315258225
2034-10-18,0.00822399957018078
2034-10-19,0.00822204932168188
2034-10-20,0.00822010090260336
2034-10-21,0.00821815300567971
2034-10-22,0.00821620402929609
2034-10-23,0.00821425369010431
2034-10-24,0.00821230105917314
2034-10-25,0.00821034650571383
2034-10-26,0.0082083896677598
2034-10-27,0.00820643100387362
2034-10-28,0.00820447082316237
2034-10-29,0.00820250948705598
2034-10-30,0.00820054743909095
2034-10-31,0.00819858427571079
2034-11-01,0.00993826475460398
2034-11-02,0.00911683315695502
2034-11-03,0.00911464772422251
2034-11-04,0.00911246280285047
2034-11-05,0.00911027793580857
2034-11-06,0.00910809284278902
2034-11-07,0.0876859619868037
2034-11-08,0.010768063270905
2034-11-09,0.0839580447005292
2034-11-10,0.210450372419426
2034-11-11,0.0362516587404019
2034-11-12,0.61975443074633
2034-11-13,0.306574578429484
2034-11-14,0.48534184360123
2034-11-15,0.432096730068153
2034-11-16,0.053894617170552
2034-11-17,0.0478728933703622
2034-11-18,0.0834135442191423
2034-11-19,0.070016230161589
2034-11-20,0.0490570220312978
2034-11-21,0.0728995741749183
2034-11-22,0.654955255205189
2034-11-23,0.0241506217754433
2034-11-24,0.0200792836508812
2034-11-25,0.21110875550887
2034-11-26,0.114512489547182
2034-11-27,0.0510073208819224
2034-11-28,0.0649094127190609
2034-11-29,0.0252988066548071
2034-11-30,0.0338844565715471
2034-12-01,0.0222731384622638
2034-12-02,0.011989628111331
2034-12-03,0.0119739964284692
2034-12-04,0.011993260885239
2034-12-05,0.0120025476907032
2034-12-06,0.0119979981156699
2034-12-07,0.0119773650810838
2034-12-08,0.0119433539708283
2034-12-09,0.0119096576171124
2034-12-10,0.0626910239106929
2034-12-11,0.885460287556123
2034-12-12,0.363826090063741
2034-12-13,0.0507733224859347
2034-12-14,0.0412383942035307
2034-12-15,0.0430280697907248
2034-12-16,0.0458542906012114
2034-12-17,0.0856456821526662
2034-12-18,0.597064873010456
2034-12-19,0.89405109177135
2034-12-20,0.0199846419365761
2034-12-21,0.0160223628264944
2034-12-22,0.0306332469182768
2034-12-23,0.110942084336845
2034-12-24,0.220476209440462
2034-12-25,0.207509705006599
2034-12-26,0.0171237673727223
2034-12-27,0.017191917002039
2034-12-28,0.0173174617570118
2034-12-29,0.036804039611809
2034-12-30,0.474920053655017
2034-12-31,0.0177011264057573
2035-01-01,0.0144136487269522
2035-01-02,0.0135419829225643
2035-01-03,0.0136585877313654
2035-01-04,0.013623974665743
2035-01-05,0.0136332055089147
2035-01-06,0.0136343051843888
2035-01-07,0.0136307549183271
2035-01-08,0.0136320962827088
2035-01-09,0.0136342202463059
2035-01-10,0.0136286367398832
2035-01-11,0.013722180185102
2035-01-12,0.0196639497766834
2035-01-13,0.0147599555658708
2035-01-14,0.0136542907197914
2035-01-15,0.0136675283900708
2035-01-16,0.0136790938434063
2035-01-17,0.0136895272967053
2035-01-18,0.0136992410281443
2035-01-19,0.0136987199096689
2035-01-20,0.0136856370835537
2035-01-21,0.0136680184730258
2035-01-22,0.0183517262898719
2035-01-23,0.0772572747287759
2035-01-24,0.0491551977288725
2035-01-25,0.0168823979547821
2035-01-26,0.0282948725232461
2035-01-27,0.0342607268988357
2035-01-28,0.019982131989555
2035-01-29,0.0199074298766212
2035-01-30,0.0149288704974691
2035-01-31,0.019662892503942
2035-02-01,0.0248005185750391
2035-02-02,0.027183964097813
2035-02-03,0.0472642253290005
2035-02-04,0.074103387423673
2035-02-05,0.0552873550168468
2035-02-06,0.0242053264239623
2035-02-07,0.0364470139941919
2035-02-08,0.0285420116896745
2035-02-09,0.0580213532043273
2035-02-10,0.0698379107793883
2035-02-11,0.0231699714746583
2035-02-12,0.0153320657968514
2035-02-13,0.0137176589066242
2035-02-14,0.0137164885756382
2035-02-15,0.0719433353712422
2035-02-16,0.027971076379765
2035-02-17,0.0227777872439413
2035-02-18,0.0137646188967988
2035-02-19,0.0137213836383818
2035-02-20,0.0136695414505298
2035-02-21,0.0136146557713922
2035-02-22,0.0163145847048814
2035-02-23,0.36962384720669
2035-02-24,0.858227922334084
2035-02-25,0.437131867113805
2035-02-26,0.0419973781726546
2035-02-27,0.0428703361311218
2035-02-28,0.060506401468373
2035-03-01,0.128221408318191
2035-03-02,0.106189971844269
2035-03-03,0.0571127012438816
2035-03-04,0.0454225405578878
2035-03-05,0.0496618669064126
2035-03-06,0.127559501959111
2035-03-07,0.0855018432810423
2035-03-08,0.0762927654396525
2035-03-09,0.0598070968996996
2035-03-10,0.0837280899998358
2035-03-11,0.0858667504120073
2035-03-12,0.0709983804409072
2035-03-13,0.0968665640427674
2035-03-14,0.143066965379685
2035-03-15,0.171967712379034
2035-03-16,0.121889948729517
2035-03-17,0.105249877883929
2035-03-18,0.0999879713258532
2035-03-19,0.0952952295413658
2035-03-20,0.0935703522615833
2035-03-21,0.0883125544131383
2035-03-22,0.0806638005065518
2035-03-23,0.0724324563012305
2035-03-24,0.0644268085658666
2035-03-25,0.0561336563718633
2035-03-26,0.0482503844030898
2035-03-27,0.0424524759083461
2035-03-28,0.039597666912327
2035-03-29,0.0387321676444958
2035-03-30,0.0370456179652286
2035-03-31,0.0347597991420431
2035-04-01,0.0330106693902604
2035-04-02,0.0286873462473973
2035-04-03,0.0251041132462362
2035-04-04,0.0224285374552949
2035-04-05,0.0237733174086867
2035-04-06,0.0256880007306115
2035-04-07,0.025409248373318
2035-04-08,0.0193508293684441
2035-04-09,0.0176245655397977
2035-04-10,0.0163399339225447
2035-04-11,0.197431009872352
2035-04-12,0.0829689967439858
2035-04-13,0.141730992645032
2035-04-14,0.0804547877995657
2035-04-15,0.0274129864218399
2035-04-16,0.0248113314329711
2035-04-17,0.027009571685165
2035-04-18,0.0201743990410726
2035-04-19,0.0202163670424775
2035-04-20,0.0202031480803853
2035-04-21,0.0202663219325099
2035-04-22,0.0202599646996833
2035-04-23,0.0200240165085875
2035-04-24,0.019438601942285
2035-04-25,0.0184654957885561
2035-04-26,0.0170914696636643
2035-04-27,0.0156756058757095
2035-04-28,0.0146512023838975
2035-04-29,0.0150549434801301
2035-04-30,0.0136059240232765
2035-05-01,0.0163525685464965
2035-05-02,0.0159087141456413
2035-05-03,0.0155615347954866
2035-05-04,0.0153119566301066
2035-05-05,0.0151598982450401
2035-05-06,0.109682865052312
2035-05-07,0.0713461580697838
2035-05-08,0.0150528932011051
2035-05-09,0.0149524457310489
2035-05-10,0.0148272525393265
2035-05-11,0.0146758682152695
2035-05-12,0.0147734386522353
2035-05-13,0.0143773385345158
2035-05-14,0.0451582322880444
2035-05-15,0.0144705096740025
2035-05-16,0.0141011994217556
2035-05-17,0.0157687200227347
2035-05-18,0.0138098360536485
2035-05-19,0.0136088490273345
2035-05-20,0.0133804829183597
2035-05-21,0.0131548190768049
2035-05-22,0.0129613952365913
2035-05-23,0.0127940819579866
2035-05-24,0.0126255947761441
2035-05-25,0.0124699352596259
2035-05-26,0.0123205473391983
2035-05-27,0.012147054013817
2035-05-28,0.011935249769696
2035-05-29,0.0117115155652937
2035-05-30,0.0115203355622182
2035-05-31,0.011487331152749
2035-06-01,0.0137273448867861
2035-06-02,0.0135893734305464
2035-06-03,0.0134356592482123
2035-06-04,0.0136691671800654
2035-06-05,0.020735057304908
2035-06-06,0.0129668354130969
2035-06-07,0.0127536004139519
2035-06-08,0.0124850943967615
2035-06-09,0.012182695980466
2035-06-10,0.0118725718067649
2035-06-11,0.0115748634316205
2035-06-12,0.011291494921411
2035-06-13,0.0110125211295404
2035-06-14,0.0107358787293238
2035-06-15,0.0104731318884177
2035-06-16,0.0102265789472255
2035-06-17,0.00999882173251109
2035-06-18,0.00978984257430853
2035-06-19,0.00960226312193781
2035-06-20,0.00943502154775358
2035-06-21,0.00927462391552921
2035-06-22,0.00911093252115937
2035-06-23,0.00894810087880108
2035-06-24,0.00879576081350613
2035-06-25,0.00865228484897055
2035-06-26,0.00852037469445934
2035-06-27,0.00840075209918398
2035-06-28,0.00829188315546873
2035-06-29,0.00819406160204812
2035-06-30,0.00810564537520156
2035-07-01,0.0152736031888734
2035-07-02,0.0151464073449802
2035-07-03,0.015035084254964
2035-07-04,0.0149379161013857
2035-07-05,0.0148535551873604
2035-07-06,0.0147813095475262
2035-07-07,0.0147207454091926
2035-07-08,0.0146704189211865
2035-07-09,0.0146301101868022
2035-07-10,0.0145992658936035
2035-07-11,0.0145744646457769
2035-07-12,0.0145528662218488
2035-07-13,0.0145351797236165
2035-07-14,0.0145207478256324
2035-07-15,0.0145082916584163
2035-07-16,0.0144970944586573
2035-07-17,0.0144872846405748
2035-07-18,0.0144790966322751
2035-07-19,0.0144727211191758
2035-07-20,0.014467640034308
2035-07-21,0.0144633552113333
2035-07-22,0.0144597083681491
2035-07-23,0.0144561674548632
2035-07-24,0.0144526827980864
2035-07-25,0.0144491992043903
2035-07-26,0.0144457168190147
2035-07-27,0.0144422346721479
2035-07-28,0.0144387538649207
2035-07-29,0.0144352733384285
2035-07-30,0.014431793856456
2035-07-31,0.0144283150115896
2035-08-01,0.0186416723921235
2035-08-02,0.0186371790880165
2035-08-03,0.018632687287292
2035-08-04,0.0186281960328703
2035-08-05,0.0186237061295139
2035-08-06,0.0186192170573054
2035-08-07,0.0186147291652551
2035-08-08,0.018610242620672
2035-08-09,0.0186057564532838
2035-08-10,0.0186012719595853
2035-08-11,0.0185967882112814
2035-08-12,0.0185923059951442
2035-08-13,0.0185878244404473
2035-08-14,0.0185833446355988
2035-08-15,0.018578864671237
2035-08-16,0.0185743870468027
2035-08-17,0.0185699096736317
2035-08-18,0.0185654337822548
2035-08-19,0.0185609593426883
2035-08-20,0.018556485187967
2035-08-21,0.0185520124856557
2035-08-22,0.0185475404393876
2035-08-23,0.0185430702665007
2035-08-24,0.0185386004006469
2035-08-25,0.0185341322684502
2035-08-26,0.0185296648804487
2035-08-27,0.0185251983577766
2035-08-28,0.0185207337480641
2035-08-29,0.0185162694765678
2035-08-30,0.018511806112378
2035-08-31,0.018507344535816
2035-09-01,0.00970228808563519
2035-09-02,0.00969994953591218
2035-09-03,0.00969761165722289
2035-09-04,0.00969527415304209
2035-09-05,0.00969293739127472
2035-09-06,0.0096906010823136
2035-09-07,0.00968826503748946
2035-09-08,0.0096859299614819
2035-09-09,0.00968359553732658
2035-09-10,0.00968126145937934
2035-09-11,0.0096789279225985
2035-09-12,0.00967659498830137
2035-09-13,0.00967426264108014
2035-09-14,0.0326467247901259
2035-09-15,0.00966959947988965
2035-09-16,0.00966726896401794
2035-09-17,0.0541197470325967
2035-09-18,0.00966260934352045
2035-09-19,0.00966028022065676
2035-09-20,0.00965795168832774
2035-09-21,0.00965562393457391
2035-09-22,0.00965329654558058
2035-09-23,0.111854573658126
2035-09-24,0.0898352319642011
2035-09-25,0.0109466189387261
2035-09-26,0.00964400839539172
2035-09-27,0.00964169890859485
2035-09-28,0.00963939190751545
2035-09-29,0.00963708571802822
2035-09-30,0.00963477953797441
2035-10-01,0.00821948110368048
2035-10-02,0.00821751181101765
2035-10-03,0.00821554189128598
2035-10-04,0.00821357147998815
2035-10-05,0.00821160071557838
2035-10-06,0.00820962952614634
2035-10-07,0.0652968119316899
2035-10-08,0.190504985468788
2035-10-09,0.280700348054706
2035-10-10,0.00820884415958317
2035-10-11,0.0082217217097393
2035-10-12,0.00823587946776053
2035-10-13,0.00824904496299221
2035-10-14,0.0082602053096734
2035-10-15,0.00826941074790508
2035-10-16,0.169657016737065
2035-10-17,0.181333790276876
2035-10-18,0.00833283368095805
2035-10-19,0.00914450547272259
2035-10-20,0.00844477104945185
2035-10-21,0.00849162473156634
2035-10-22,0.00853171052512949
2035-10-23,0.00856270510868447
2035-10-24,0.00858306417722582
2035-10-25,0.008595859042841
2035-10-26,0.00860376295528182
2035-10-27,0.00860529734229596
2035-10-28,0.00860199593914305
2035-10-29,0.0131796987670761
2035-10-30,0.253825122609542
2035-10-31,0.0476924667324399
2035-11-01,0.263291110411642
2035-11-02,0.241455425078208
2035-11-03,0.635751019762042
2035-11-04,0.456152848506085
2035-11-05,0.013177609133386
2035-11-06,0.0116914708003802
2035-11-07,0.0131157089805817
2035-11-08,0.0119727299164897
2035-11-09,0.0120261000457661
2035-11-10,0.0120641640775848
2035-11-11,0.0120781203840804
2035-11-12,0.0120707329260541
2035-11-13,0.0124703999513148
2035-11-14,0.012038272055974
2035-11-15,0.0120165629872545
2035-11-16,0.0119867301074429
2035-11-17,0.011946124335414
2035-11-18,0.0235661779305224
2035-11-19,0.0124871799459887
2035-11-20,0.0118531036912356
2035-11-21,0.339642069695034
2035-11-22,0.0118195015488317
2035-11-23,0.0156029717337424
2035-11-24,0.0120294080785542
2035-11-25,0.179703493189904
2035-11-26,2.65248504173641
2035-11-27,1.97774342545886
2035-11-28,0.793185053894813
2035-11-29,0.296969879036212
2035-11-30,0.106114731467459
2035-12-01,0.0677184307167779
2035-12-02,0.0917675064371246
2035-12-03,0.119278509252059
2035-12-04,0.293372783118825
2035-12-05,0.502510964683156
2035-12-06,1.0962103545183
2035-12-07,0.214921507649761
2035-12-08,0.0598545373565831
2035-12-09,0.0998826180821202
2035-12-10,0.023910514027744
2035-12-11,0.0279871991358756
2035-12-12,0.0536129368174346
2035-12-13,0.0241646125319827
2035-12-14,0.0275034464048134
2035-12-15,0.0318705091786783
2035-12-16,0.0307920220507428
2035-12-17,0.0299913079814265
2035-12-18,0.227545247007907
2035-12-19,0.27417451419737
2035-12-20,0.129793292917946
2035-12-21,0.0806983359848651
2035-12-22,0.0988157593234097
2035-12-23,0.0736901805968602
2035-12-24,0.0771878610560069
2035-12-25,0.0742457754493044
2035-12-26,0.0795540220334627
2035-12-27,0.077781740050698
2035-12-28,0.0813081356812643
2035-12-29,0.0803625670634501
2035-12-30,0.0859029390951191
2035-12-31,0.0873871344053303
2036-01-01,0.473761872614768
2036-01-02,1.93009281267603
2036-01-03,1.40399652502232
2036-01-04,2.12154955706228
2036-01-05,13.067886001334
2036-01-06,15.2146415233526
2036-01-07,5.41173420918729
2036-01-08,1.8619073001035
2036-01-09,1.87128228316315
2036-01-10,1.79159087797927
2036-01-11,1.78306324016279
2036-01-12,1.75181446632381
2036-01-13,1.61263551497077
2036-01-14,1.4947616005004
2036-01-15,1.37186153499723
2036-01-16,1.25692600047515
2036-01-17,1.14269117015778
2036-01-18,1.0252944359047
2036-01-19,0.917026796646288
2036-01-20,0.824470676880595
2036-01-21,0.743655313523309
2036-01-22,0.671356497899917
2036-01-23,0.607729488062591
2036-01-24,0.551598685059783
2036-01-25,0.499437297929608
2036-01-26,0.449556630677476
2036-01-27,0.404937539631788
2036-01-28,0.365882963895186
2036-01-29,0.330381367031215
2036-01-30,0.298486712427445
2036-01-31,0.269583907004076
2036-02-01,0.255275215767651
2036-02-02,0.541509130927776
2036-02-03,0.582520128634177
2036-02-04,1.19914593096711
2036-02-05,1.50350096911837
2036-02-06,1.11076100961513
2036-02-07,1.49013811568914
2036-02-08,1.15133428086651
2036-02-09,1.45717136642405
2036-02-10,1.1623256197033
2036-02-11,1.14085715505924
2036-02-12,1.16735960132012
2036-02-13,1.15263316541837
2036-02-14,1.00828047051805
2036-02-15,1.24032233569015
2036-02-16,1.55616186476251
2036-02-17,1.34458009371461
2036-02-18,1.34178938237239
2036-02-19,1.27335932755777
2036-02-20,1.31970270368826
2036-02-21,1.14079579819402
2036-02-22,1.08413271604663
2036-02-23,1.02960598646077
2036-02-24,0.956719103013824
2036-02-25,0.889862299447815
2036-02-26,0.820342440496054
2036-02-27,0.767361771302507
2036-02-28,0.720304589280266
2036-02-29,0.864905986376974
2036-03-01,1.53610918535145
2036-03-02,3.6998885571706
2036-03-03,1.7189325275831
2036-03-04,1.37776383342134
2036-03-05,1.34996701559943
2036-03-06,1.40524842452394
2036-03-07,1.29048622894253
2036-03-08,1.19450041727347
2036-03-09,1.10577025950906
2036-03-10,1.01319396366307
2036-03-11,0.92266129932717
2036-03-12,0.832402223490116
2036-03-13,0.744311404994044
2036-03-14,0.662477339080939
2036-03-15,0.587227673239785
2036-03-16,0.520145192196498
2036-03-17,0.460144956289534
2036-03-18,0.406572005339494
2036-03-19,0.357792690165864
2036-03-20,0.45105690277614
2036-03-21,0.311601759166208
2036-03-22,0.340632827900292
2036-03-23,0.734115119176958
2036-03-24,0.537282391307237
2036-03-25,0.434001273429617
2036-03-26,0.474661636970377
2036-03-27,0.659960067404356
2036-03-28,0.642431995633458
2036-03-29,0.51849992955351
2036-03-30,0.515402060759949
2036-03-31,0.485672301989169
2036-04-01,0.473885442365062
2036-04-02,0.427479210659984
2036-04-03,0.384174238404677
2036-04-04,0.345862426109242
2036-04-05,0.313001941232914
2036-04-06,0.372871604368111
2036-04-07,0.372889656243666
2036-04-08,0.264929485457174
2036-04-09,0.257924365740361
2036-04-10,0.350502324236503
2036-04-11,0.833005984259438
2036-04-12,0.640794167173811
2036-04-13,0.493811323489476
2036-04-14,0.588034619344225
2036-04-15,0.94888710359104
2036-04-16,1.25263892498978
2036-04-17,1.78444897278151
2036-04-18,1.19514382980822
2036-04-19,1.18085134061255
2036-04-20,1.06969673563311
2036-04-21,0.943854443614302
2036-04-22,1.11945933128312
2036-04-23,0.928948494642768
2036-04-24,0.803546753057537
2036-04-25,0.750466371891533
2036-04-26,0.675973537375908
2036-04-27,0.626243084331038
2036-04-28,0.552057189570306
2036-04-29,0.500797404484855
2036-04-30,0.43941991319243
2036-05-01,0.471551808685451
2036-05-02,0.409711989331294
2036-05-03,0.359447890527589
2036-05-04,0.314049875031436
2036-05-05,0.272980368445484
2036-05-06,0.233399949063953
2036-05-07,0.194318275303075
2036-05-08,0.160609133024407
2036-05-09,0.445971193255184
2036-05-10,0.152109523291784
2036-05-11,0.127666634197784
2036-05-12,0.113807697598083
2036-05-13,0.0966583369312943
2036-05-14,0.0806458534192343
2036-05-15,0.0660699482935118
2036-05-16,0.0527751986233498
2036-05-17,0.0413410696120339
2036-05-18,0.0321222506459609
2036-05-19,0.0252049808869455
2036-05-20,0.020576937945177
2036-05-21,0.0185629998233509
2036-05-22,0.0933963576516783
2036-05-23,0.0173768880895349
2036-05-24,0.0219362968086671
2036-05-25,0.0171024395581834
2036-05-26,0.0194639938397238
2036-05-27,0.0168622633740576
2036-05-28,0.0167175059439721
2036-05-29,0.0331908932183576
2036-05-30,0.0164601637649754
2036-05-31,0.0362493834008531
2036-06-01,0.0198742314812739
2036-06-02,0.105919574310133
2036-06-03,0.0195888597451897
2036-06-04,0.0194344205986617
2036-06-05,0.0192184042366302
2036-06-06,0.0189718050301257
2036-06-07,0.0187148865312872
2036-06-08,0.0414497557730254
2036-06-09,0.0182956705259687
2036-06-10,0.0666984998604565
2036-06-11,0.0180024346740841
2036-06-12,0.0178615444253035
2036-06-13,0.0176833456908171
2036-06-14,0.0174543109426831
2036-06-15,0.0171996621259775
2036-06-16,0.0169192366711601
2036-06-17,0.0166108798530672
2036-06-18,0.0162884432314526
2036-06-19,0.0159563953073118
2036-06-20,0.015610724957878
2036-06-21,0.0152547258272533
2036-06-22,0.0148965384607223
2036-06-23,0.014543076807455
2036-06-24,0.0141965401248314
2036-06-25,0.0138479153000129
2036-06-26,0.0134887625114153
2036-06-27,0.0131243347689644
2036-06-28,0.0127806452824721
2036-06-29,0.012464868522014
2036-06-30,0.0121593872222395
2036-07-01,0.0225627113106158
2036-07-02,0.0220089875873676
2036-07-03,0.0214743137103284
2036-07-04,0.0209420652175318
2036-07-05,0.0204067294815226
2036-07-06,0.0198653515525549
2036-07-07,0.0193353624233568
2036-07-08,0.0188332148351699
2036-07-09,0.0183536737262456
2036-07-10,0.0179071026716378
2036-07-11,0.0175025065873944
2036-07-12,0.0171282573232645
2036-07-13,0.0167819130211976
2036-07-14,0.0164658160940923
2036-07-15,0.016174400815209
2036-07-16,0.0159083003361603
2036-07-17,0.0156743506385458
2036-07-18,0.0154710269953844
2036-07-19,0.0152970204883429
2036-07-20,0.0151501921933122
2036-07-21,0.0150256077825436
2036-07-22,0.0201242459067124
2036-07-23,0.0155520434809232
2036-07-24,0.0147692555473443
2036-07-25,0.0147093999168564
2036-07-26,0.0146587750061577
2036-07-27,0.0146179572969059
2036-07-28,0.0145850160028455
2036-07-29,0.0145570672266342
2036-07-30,0.0145361854718197
2036-07-31,0.0145224952227957
2036-08-01,0.018754773627974
2036-08-02,0.0187432293423584
2036-08-03,0.01873393308115
2036-08-04,0.018727360702952
2036-08-05,0.0187223653189023
2036-08-06,0.0187178011693248
2036-08-07,0.018713289600951
2036-08-08,0.018708779334469
2036-08-09,0.0187042699483084
2036-08-10,0.01869976158759
2036-08-11,0.0186952544556034
2036-08-12,0.0186907486075186
2036-08-13,0.0186862434118789
2036-08-14,0.0186817395762994
2036-08-15,0.018677236454332
2036-08-16,0.0186727344849377
2036-08-17,0.0186682342486009
2036-08-18,0.0186637343252939
2036-08-19,0.0186592357302643
2036-08-20,0.0186547383861546
2036-08-21,0.0186502420111178
2036-08-22,0.0186457467292865
2036-08-23,0.018641252883674
2036-08-24,0.0186367594020636
2036-08-25,0.0186322673350838
2036-08-26,0.0186277767439015
2036-08-27,0.0186232868417444
2036-08-28,0.0186187976717891
2036-08-29,0.0186143103776136
2036-08-30,0.0186098237358834
2036-08-31,0.0187563942459974
2036-09-01,0.00980417142551811
2036-09-02,0.00975130956970119
2036-09-03,0.00974895909922598
2036-09-04,0.00974660937084988
2036-09-05,0.00974426018426891
2036-09-06,0.00974191173224026
2036-09-07,0.00973956367358701
2036-09-08,0.00973721605390425
2036-09-09,0.00973486899425462
2036-09-10,0.00973252269336989
2036-09-11,0.00973017684434808
2036-09-12,0.00972783157831416
2036-09-13,0.00972548701601662
2036-09-14,0.00972314285464117
2036-09-15,0.00972079949573899
2036-09-16,0.00971845653241333
2036-09-17,0.00971611400114029
2036-09-18,0.00971377233711685
2036-09-19,0.00971143079352731
2036-09-20,0.00970909017724719
2036-09-21,0.00970675004584699
2036-09-22,0.00970441027920737
2036-09-23,0.00970207128925623
2036-09-24,0.00969973297002415
2036-09-25,0.00969739502089838
2036-09-26,0.00969505775223967
2036-09-27,0.00969272103763961
2036-09-28,0.00969038478559371
2036-09-29,0.00968804911968031
2036-09-30,0.00968571410813476
2036-10-01,0.00826292068278149
2036-10-02,0.00826092919987762
2036-10-03,0.00825893792009362
2036-10-04,0.00825694738248864
2036-10-05,0.00825495732571696
2036-10-06,0.00825296762930189
2036-10-07,0.00825097836730039
2036-10-08,0.00824898969936411
2036-10-09,0.0082470015876596
2036-10-10,0.00824501396939953
2036-10-11,0.00824302657679837
2036-10-12,0.0082410397838972
2036-10-13,0.00823905354776447
2036-10-14,0.00823706764113134
2036-10-15,0.00823508216783846
2036-10-16,0.00823309754646837
2036-10-17,0.00823111303940352
2036-10-18,0.00822912927263944
2036-10-19,0.00822714589279591
2036-10-20,0.00822516285935625
2036-10-21,0.00822318030057847
2036-10-22,0.00822119857977072
2036-10-23,0.00821921688874674
2036-10-24,0.00821723589348206
2036-10-25,0.00821525534846193
2036-10-26,0.00821327525636958
2036-10-27,0.00821129570279976
2036-10-28,0.00820931663006324
2036-10-29,0.00820733777037449
2036-10-30,0.00820535967325725
2036-10-31,0.00820338214256806
2036-11-01,0.00912434106708259
2036-11-02,0.00912214188344102
2036-11-03,0.00911994318429324
2036-11-04,0.00911774534875649
2036-11-05,0.00911554770009171
2036-11-06,0.00911335060547539
2036-11-07,0.00911115405654903
2036-11-08,0.00910895801420678
2036-11-09,0.00910676246979171
2036-11-10,0.151474872957762
2036-11-11,0.122912645978424
2036-11-12,0.201663691911979
2036-11-13,0.100170405947258
2036-11-14,0.0468290056932495
2036-11-15,0.207391542409821
2036-11-16,1.70214857546171
2036-11-17,2.5591551839016
2036-11-18,0.24565532327346
2036-11-19,0.0434509041732691
2036-11-20,0.367097830647968
2036-11-21,0.0221061094662888
2036-11-22,0.0144824240360386
2036-11-23,0.0180545733034704
2036-11-24,0.0146753517435204
2036-11-25,0.0480746983052607
2036-11-26,0.0147254122781653
2036-11-27,0.0147056332968941
2036-11-28,0.0146738230116286
2036-11-29,0.0146414157140923
2036-11-30,0.0146087427103272
2036-12-01,0.16652568843392
2036-12-02,0.0123770573713347
2036-12-03,0.0124154535053343
2036-12-04,0.0181700059960047
2036-12-05,0.0126310355455679
2036-12-06,0.0125178526007207
2036-12-07,0.0354312720874252
2036-12-08,0.0350389117948784
2036-12-09,0.021368929112605
2036-12-10,0.013553647031161
2036-12-11,0.0367741281115272
2036-12-12,0.0368117710833072
2036-12-13,0.0353317636306306
2036-12-14,0.0300998385217143
2036-12-15,0.0360043784599747
2036-12-16,0.0340453758549339
2036-12-17,0.0575868334289747
2036-12-18,0.459644829747318
2036-12-19,1.18059847410485
2036-12-20,0.0639141493841374
2036-12-21,0.0207292526769152
2036-12-22,0.0151373354346644
2036-12-23,0.175829259043309
2036-12-24,0.296548138903753
2036-12-25,0.0594596857542475
2036-12-26,0.0206657053771732
2036-12-27,0.323631032449709
2036-12-28,0.0212615404587796
2036-12-29,0.0180366176373365
2036-12-30,0.0167931137423134
2036-12-31,0.0168960277107909
2037-01-01,0.257034144979778
2037-01-02,0.465278561778744
2037-01-03,0.192044029926119
2037-01-04,0.278210013972086
2037-01-05,0.1512176259263
2037-01-06,0.108543146783328
2037-01-07,0.0705431812452506
2037-01-08,0.0640491346394371
2037-01-09,0.0412722669064274
2037-01-10,0.801447654231979
2037-01-11,1.98218619244925
2037-01-12,0.328914668968236
2037-01-13,0.173412578130681
2037-01-14,0.999946798551726
2037-01-15,0.943092698564376
2037-01-16,0.676364381659041
2037-01-17,0.72096755660704
2037-01-18,0.681681963228738
2037-01-19,0.68294881061795
2037-01-20,0.664225010038708
2037-01-21,0.639896101296099
2037-01-22,0.830823625700798
2037-01-23,1.26259468711134
2037-01-24,1.25620187513307
2037-01-25,1.37862514989903
2037-01-26,1.51653620019807
2037-01-27,1.47395247520621
2037-01-28,1.34596042967129
2037-01-29,1.28731324240214
2037-01-30,1.2031494876209
2037-01-31,1.39769747626067
2037-02-01,1.72563607419398
2037-02-02,1.26838347804202
2037-02-03,1.26482595819496
2037-02-04,1.21337331218842
2037-02-05,1.14811340791206
2037-02-06,1.44733953650636
2037-02-07,3.36556952380314
2037-02-08,2.30337521145065
2037-02-09,1.66164477542782
2037-02-10,1.68122036300484
2037-02-11,1.70183569512287
2037-02-12,1.70131224342467
2037-02-13,1.99107031478782
2037-02-14,1.63860999553645
2037-02-15,1.56341000662342
2037-02-16,1.71695086306056
2037-02-17,2.74730860213497
2037-02-18,1.8166794943344
2037-02-19,1.58555656789997
2037-02-20,1.57973044677602
2037-02-21,1.53461633858895
2037-02-22,1.46346765562149
2037-02-23,1.36513586964362
2037-02-24,1.29254079972047
2037-02-25,1.20769559736562
2037-02-26,1.25267498256849
2037-02-27,1.67478576147719
2037-02-28,1.5721748811173
2037-03-01,1.27296403549288
2037-03-02,1.16095751965907
2037-03-03,1.09901358224717
2037-03-04,1.03310429955364
2037-03-05,0.964094382100365
2037-03-06,0.9130730601298
2037-03-07,0.870518118547305
2037-03-08,0.879504661561694
2037-03-09,0.890658571152914
2037-03-10,0.85107146555075
2037-03-11,0.76879573154051
2037-03-12,0.730834571761979
2037-03-13,0.888387533000378
2037-03-14,0.70529340419124
2037-03-15,0.670222376528198
2037-03-16,1.00930171008297
2037-03-17,1.27079268049343
2037-03-18,1.2885423964497
2037-03-19,1.06666973022804
2037-03-20,1.07459523850935
2037-03-21,1.16539957647878
2037-03-22,1.04327053278727
2037-03-23,0.985892520831777
2037-03-24,0.97349759423278
2037-03-25,0.897281197203355
2037-03-26,0.844855439519807
2037-03-27,0.798160974617515
2037-03-28,0.828143447773937
2037-03-29,0.764156499544612
2037-03-30,0.73693100141504
2037-03-31,0.742960325863988
2037-04-01,0.817141444598473
2037-04-02,0.712541001486685
2037-04-03,0.706388831647384
2037-04-04,0.653415680783457
2037-04-05,0.648464205308407
2037-04-06,0.653544973153844
2037-04-07,0.661962224636835
2037-04-08,0.730430306333347
2037-04-09,0.66718658465364
2037-04-10,0.596851051276778
2037-04-11,0.614722944759546
2037-04-12,0.604431330627064
2037-04-13,0.613392804096293
2037-04-14,0.702797733362674
2037-04-15,0.532592248252685
2037-04-16,0.740383893846555
2037-04-17,1.20392709650945
2037-04-18,1.1557559247567
2037-04-19,0.625444003341907
2037-04-20,0.674949476149378
2037-04-21,0.638513911111253
2037-04-22,0.614722892478784
2037-04-23,0.574030279019687
2037-04-24,0.539558957097288
2037-04-25,0.472799253015949
2037-04-26,0.424082338371724
2037-04-27,0.377778695056979
2037-04-28,0.336216258073414
2037-04-29,0.297074972132395
2037-04-30,0.258902572011583
2037-05-01,0.274257077327063
2037-05-02,0.229865105767915
2037-05-03,0.193041505739609
2037-05-04,0.164866262744793
2037-05-05,0.1408543050976
2037-05-06,0.11687807667577
2037-05-07,0.106769875227331
2037-05-08,0.0777141069754573
2037-05-09,0.0708157303134711
2037-05-10,0.0541423860525727
2037-05-11,0.0467175454216047
2037-05-12,0.042040065632598
2037-05-13,0.0381257274123528
2037-05-14,0.0324179108160496
2037-05-15,0.0283760416856498
2037-05-16,0.0251840561493468
2037-05-17,0.0226809356703969
2037-05-18,0.0210931792776135
2037-05-19,0.0224897959970914
2037-05-20,0.0189620051179459
2037-05-21,0.0181590545207911
2037-05-22,0.0179563623935031
2037-05-23,0.0170757857960829
2037-05-24,0.0166466007313741
2037-05-25,0.0164321530338143
2037-05-26,0.0162531154752353
2037-05-27,0.016083011745645
2037-05-28,0.0179067061257197
2037-05-29,0.0168876238342694
2037-05-30,0.0157336321770579
2037-05-31,0.0169654144189468
2037-06-01,0.0188093906526125
2037-06-02,0.0270022405713142
2037-06-03,0.0184705611569798
2037-06-04,0.0182643480120851
2037-06-05,0.0180081523248509
2037-06-06,0.0177264586654779
2037-06-07,0.0174279034333727
2037-06-08,0.0171219947687033
2037-06-09,0.0168297737674752
2037-06-10,0.0668383163606453
2037-06-11,0.0163478929337841
2037-06-12,0.0161057804387053
2037-06-13,0.0158749435189108
2037-06-14,0.0156471411832248
2037-06-15,0.0154503512280325
2037-06-16,0.0385820092776857
2037-06-17,0.0155887672796403
2037-06-18,0.014960194267615
2037-06-19,0.0146537561190609
2037-06-20,0.0143409405097959
2037-06-21,0.0140286915837789
2037-06-22,0.0137041959957783
2037-06-23,0.0133773826487038
2037-06-24,0.0130493821681947
2037-06-25,0.0127195262139446
2037-06-26,0.0123739836989713
2037-06-27,0.0120165925091581
2037-06-28,0.0116707670786399
2037-06-29,0.0113395015640086
2037-06-30,0.0110189799608717
2037-07-01,0.0203720268496025
2037-07-02,0.0197943486773604
2037-07-03,0.0192560998039507
2037-07-04,0.0187651152387053
2037-07-05,0.0183057468018229
2037-07-06,0.0178759012143849
2037-07-07,0.0174709024902659
2037-07-08,0.0170884125245737
2037-07-09,0.0167350960125104
2037-07-10,0.0164146863286023
2037-07-11,0.0161285894688804
2037-07-12,0.0158796283012193
2037-07-13,0.0156645975252202
2037-07-14,0.0154709895230627
2037-07-15,0.0152960254702489
2037-07-16,0.0151470812978281
2037-07-17,0.0150258231884177
2037-07-18,0.0149274361860372
2037-07-19,0.0148446933556757
2037-07-20,0.0147750807599925
2037-07-21,0.0147161735437333
2037-07-22,0.0146656358557737
2037-07-23,0.0146231722297233
2037-07-24,0.0145872539220025
2037-07-25,0.0145603804828635
2037-07-26,0.0145430734436845
2037-07-27,0.0145302669238338
2037-07-28,0.0145200055924653
2037-07-29,0.0145111508951616
2037-07-30,0.0145025149999296
2037-07-31,0.0511589832403624
2037-08-01,0.0191176909464127
2037-08-02,0.0187170558274806
2037-08-03,0.0187125443088797
2037-08-04,0.0187080339272603
2037-08-05,0.0187035250418273
2037-08-06,0.0186990169395684
2037-08-07,0.0186945096900457
2037-08-08,0.0186900034203901
2037-08-09,0.0186854989863363
2037-08-10,0.0186809953324581
2037-08-11,0.0186764927549945
2037-08-12,0.0186719908173829
2037-08-13,0.018667490103106
2037-08-14,0.0186629907237031
2037-08-15,0.0186584925082672
2037-08-16,0.0186539952858913
2037-08-17,0.0186494991735116
2037-08-18,0.0186450042460876
2037-08-19,0.0186405102787413
2037-08-20,0.0186360174411806
2037-08-21,0.0186315249586269
2037-08-22,0.0186270346744775
2037-08-23,0.0186225447429364
2037-08-24,0.0186180565114708
2037-08-25,0.0186135688958701
2037-08-26,0.0186090822595369
2037-08-27,0.0186045967517899
2037-08-28,0.0186001129735023
2037-08-29,0.0185956294638686
2037-08-30,0.0208785870834752
2037-08-31,0.0185866666800978
2037-09-01,0.00974387228468832
2037-09-02,0.00974152335626986
2037-09-03,0.00973917565105697
2037-09-04,0.00973682806564909
2037-09-05,0.00973448127265208
2037-09-06,0.0097321351418841
2037-09-07,0.00972978928185649
2037-09-08,0.00972744411644626
2037-09-09,0.0210643788354434
2037-09-10,0.00972275551886725
2037-09-11,0.00972041216719735
2037-09-12,0.00971806924852347
2037-09-13,0.00971572674209181
2037-09-14,0.00971338505448479
2037-09-15,0.00971104385521662
2037-09-16,0.00970870321000719
2037-09-17,0.0097063633811067
2037-09-18,0.00970402369716709
2037-09-19,0.00970168487010034
2037-09-20,0.0096993464191143
2037-09-21,0.00969700886556506
2037-09-22,0.00969467146829675
2037-09-23,0.00969233482004541
2037-09-24,0.00968999863309042
2037-09-25,0.00968806625839523
2037-09-26,0.00968532805845619
2037-09-27,0.00983286316811589
2037-09-28,0.0151864977075427
2037-09-29,0.00967832661325199
2037-09-30,0.00967599386353636
2037-10-01,0.00825462829435025
2037-10-02,0.0082526387798576
2037-10-03,0.00825064963725945
2037-10-04,0.00824866117163804
2037-10-05,0.0082466730835459
2037-10-06,0.00824468543791696
2037-10-07,0.00824269812930063
2037-10-08,0.00824071153227463
2037-10-09,0.0082387253044599
2037-10-10,0.00823673961006956
2037-10-11,0.00823475432460219
2037-10-12,0.00823276961307585
2037-10-13,0.00823078524258698
2037-10-14,0.00822880147152975
2037-10-15,0.00822681806378071
2037-10-16,0.0082248350915185
2037-10-17,0.00822285283970124
2037-10-18,0.0122971887055294
2037-10-19,0.00821888948448548
2037-10-20,0.00821690865075074
2037-10-21,0.00821492817066457
2037-10-22,0.00821294813652981
2037-10-23,0.00821096871255958
2037-10-24,0.00820898954671527
2037-10-25,0.00820701109299791
2037-10-26,0.00820503299400242
2037-10-27,0.014340624053477
2037-10-28,0.00820107813869543
2037-10-29,0.00819910162280058
2037-10-30,0.00819712532934478
2037-10-31,0.00819514978209285
2037-11-01,0.00911518442820109
2037-11-02,0.00911298747717164
2037-11-03,0.00911079094794742
2037-11-04,0.00910859517128578
2037-11-05,0.00927187486187521
2037-11-06,0.0756316297238897
2037-11-07,0.329303646259867
2037-11-08,0.413086491983303
2037-11-09,0.216244362263657
2037-11-10,0.643207638714342
2037-11-11,1.37930268956405
2037-11-12,0.840314500120317
2037-11-13,0.339877675986186
2037-11-14,0.218566587531128
2037-11-15,0.0213134543706178
2037-11-16,0.0137512800968362
2037-11-17,0.0138856801366134
2037-11-18,0.0139580339207736
2037-11-19,0.054546700415776
2037-11-20,0.0140561702518264
2037-11-21,0.0140892273132542
2037-11-22,0.014097434825065
2037-11-23,0.0140974350220866
2037-11-24,0.0316237820869486
2037-11-25,0.483669573548773
2037-11-26,0.541277176490263
2037-11-27,0.379701597530366
2037-11-28,0.250386314326492
2037-11-29,0.614598121613317
2037-11-30,1.67004146974848
2037-12-01,1.85890792318875
2037-12-02,1.541533687193
2037-12-03,2.21802973054058
2037-12-04,1.93563159727012
2037-12-05,2.66676012097056
2037-12-06,5.63947878414593
2037-12-07,1.10050955030916
2037-12-08,1.05126207899786
2037-12-09,1.12138949932055
2037-12-10,1.23548070410921
2037-12-11,1.1005331076713
2037-12-12,1.13419958714866
2037-12-13,1.13610798108072
2037-12-14,1.59224919443821
2037-12-15,2.05034695931309
2037-12-16,1.97859056486558
2037-12-17,1.60589681261802
2037-12-18,2.25089646670209
2037-12-19,2.33347305362347
2037-12-20,2.17113589210846
2037-12-21,1.91130543284775
2037-12-22,1.86314669497516
2037-12-23,1.76942492910907
2037-12-24,1.66596691856704
2037-12-25,1.55439471125481
2037-12-26,1.45579751182821
2037-12-27,1.35784575504045
2037-12-28,1.2469741399722
2037-12-29,1.14457505105225
2037-12-30,1.04981627243267
2037-12-31,0.950168442766735
2038-01-01,0.651399722017021
2038-01-02,0.594799780090134
2038-01-03,0.544198244617491
2038-01-04,1.2535034992655
2038-01-05,1.24028641444345
2038-01-06,0.885250571212339
2038-01-07,0.907290296517528
2038-01-08,0.885559954645224
2038-01-09,0.834398659596203
2038-01-10,0.773255005186731
2038-01-11,0.718704523116908
2038-01-12,0.662535025929819
2038-01-13,0.608591612112366
2038-01-14,0.55900250304941
2038-01-15,0.514544639024483
2038-01-16,0.474075956993116
2038-01-17,0.437040023807151
2038-01-18,0.404543606947408
2038-01-19,0.377093256003336
2038-01-20,0.353393481884893
2038-01-21,0.331343068684244
2038-01-22,0.516083731594182
2038-01-23,0.344755686021684
2038-01-24,0.316601190142045
2038-01-25,0.301569677434097
2038-01-26,0.299522553426981
2038-01-27,0.324531071301999
2038-01-28,0.699037428590365
2038-01-29,0.947686835587977
2038-01-30,0.816375736997558
2038-01-31,0.709342950894125
2038-02-01,0.783984338932816
2038-02-02,0.836683480770882
2038-02-03,0.842633621642309
2038-02-04,0.82712345745667
2038-02-05,0.773389799369286
2038-02-06,0.777755625183541
2038-02-07,0.74926646305792
2038-02-08,0.735137937152929
2038-02-09,0.672012595985248
2038-02-10,0.678334120157421
2038-02-11,0.680492211622715
2038-02-12,0.699174993473294
2038-02-13,0.700670051268282
2038-02-14,0.690195873935439
2038-02-15,0.675192276288231
2038-02-16,0.775113624194031
2038-02-17,0.63311290130054
2038-02-18,0.612780058794519
2038-02-19,0.583269516246763
2038-02-20,0.564192388795802
2038-02-21,0.527241777259431
2038-02-22,0.49785340478446
2038-02-23,0.475645715796581
2038-02-24,0.449831523445603
2038-02-25,0.42706216106483
2038-02-26,0.402471064996625
2038-02-27,0.381383636602351
2038-02-28,0.366416477022244
2038-03-01,0.32240274775255
2038-03-02,0.302930359821864
2038-03-03,0.2604769526373
2038-03-04,0.249097603590329
2038-03-05,0.245998058483923
2038-03-06,0.266917929331676
2038-03-07,0.250915104497715
2038-03-08,0.221679083136112
2038-03-09,0.203985939387014
2038-03-10,0.194517459258856
2038-03-11,0.183320960799789
2038-03-12,0.170330195769673
2038-03-13,0.155764968325615
2038-03-14,0.143173420865805
2038-03-15,0.135132004955902
2038-03-16,0.130414419834435
2038-03-17,0.126527868988336
2038-03-18,0.121659162757692
2038-03-19,0.115573132351999
2038-03-20,0.105743070094532
2038-03-21,0.11286128396663
2038-03-22,0.235546787640217
2038-03-23,0.0881955882042964
2038-03-24,0.0880906645460022
2038-03-25,0.0848414139075939
2038-03-26,0.401583136335076
2038-03-27,0.146954463464149
2038-03-28,0.157657413082122
2038-03-29,0.393658693934376
2038-03-30,0.564517358305257
2038-03-31,0.707552621032449
2038-04-01,0.549361240003837
2038-04-02,0.577633747366656
2038-04-03,0.606923909093263
2038-04-04,0.594563464573143
2038-04-05,0.560585001092312
2038-04-06,0.536620446957276
2038-04-07,0.513362208614604
2038-04-08,0.476751572052723
2038-04-09,0.44199891020852
2038-04-10,0.407561336365278
2038-04-11,0.366328123625463
2038-04-12,0.324744082536531
2038-04-13,0.284217360171696
2038-04-14,0.245915386082466
2038-04-15,0.211532026278794
2038-04-16,0.180044220292284
2038-04-17,0.150029380909517
2038-04-18,0.125596645676602
2038-04-19,0.118528282474675
2038-04-20,0.307872108780834
2038-04-21,0.109584883221727
2038-04-22,0.0930981738822682
2038-04-23,0.0858695557957772
2038-04-24,0.0758107928985777
2038-04-25,0.0634300232209377
2038-04-26,0.0514649935083782
2038-04-27,0.0420896670569947
2038-04-28,0.0353590810003102
2038-04-29,0.0302866337595608
2038-04-30,0.0257412330064335
2038-05-01,0.0264493716380563
2038-05-02,0.0219509555918942
2038-05-03,0.0191965278930883
2038-05-04,0.0177797588914505
2038-05-05,0.0171242980142921
2038-05-06,0.0168564666113209
2038-05-07,0.0167089842061162
2038-05-08,0.0167872916317911
2038-05-09,0.0164136762830112
2038-05-10,0.017889303636322
2038-05-11,0.0161847667743125
2038-05-12,0.0160537245217337
2038-05-13,0.0158804783146099
2038-05-14,0.0156809579488259
2038-05-15,0.0154625473864854
2038-05-16,0.0152287637381522
2038-05-17,0.015010215486181
2038-05-18,0.0148206329721487
2038-05-19,0.0146371010766081
2038-05-20,0.0144303809059211
2038-05-21,0.0141956946929534
2038-05-22,0.0139527668325587
2038-05-23,0.0137235623166011
2038-05-24,0.0135003816971821
2038-05-25,0.0132600029584586
2038-05-26,0.0130321906356999
2038-05-27,0.0257392929432403
2038-05-28,0.0126741892125471
2038-05-29,0.0124433219245114
2038-05-30,0.0121872997193484
2038-05-31,0.0119271895582263
2038-06-01,0.0142183683467278
2038-06-02,0.0139041867942159
2038-06-03,0.0135961242316643
2038-06-04,0.0132626056975927
2038-06-05,0.0129106759462344
2038-06-06,0.0125663160107466
2038-06-07,0.0122827758021239
2038-06-08,0.0120564900568153
2038-06-09,0.0118235323889218
2038-06-10,0.0115616434074265
2038-06-11,0.0112770155108159
2038-06-12,0.0109758998325925
2038-06-13,0.0106780430936334
2038-06-14,0.0103906614904989
2038-06-15,0.0101176028086433
2038-06-16,0.00987432628205552
2038-06-17,0.00965720954575668
2038-06-18,0.00944601742637795
2038-06-19,0.00923794846092815
2038-06-20,0.00904748293752529
2038-06-21,0.0089008264630097
2038-06-22,0.0093563955959216
2038-06-23,0.0117664020592528
2038-06-24,0.0087225713060902
2038-06-25,0.00851705800306356
2038-06-26,0.00839854859613443
2038-06-27,0.00830733880814948
2038-06-28,0.00823396037672532
2038-06-29,0.00815858954968881
2038-06-30,0.00808085289907578
2038-07-01,0.0152305611689195
2038-07-02,0.0151009128867465
2038-07-03,0.0149907120494927
2038-07-04,0.0228445585738048
2038-07-05,0.0148247665828968
2038-07-06,0.0166352497352371
2038-07-07,0.0147059905443889
2038-07-08,0.0146591460761069
2038-07-09,0.0146196456418107
2038-07-10,0.0145866092087484
2038-07-11,0.0145605419625611
2038-07-12,0.0145407222361241
2038-07-13,0.0145263802285576
2038-07-14,0.0145152757539435
2038-07-15,0.0145052941747663
2038-07-16,0.0144959871901833
2038-07-17,0.0144885848268897
2038-07-18,0.0145043762919765
2038-07-19,0.0144800275588015
2038-07-20,0.0144765189142633
2038-07-21,0.0144730293935787
2038-07-22,0.0144695411433939
2038-07-23,0.0144660534212693
2038-07-24,0.0144625666819491
2038-07-25,0.0144590808349487
2038-07-26,0.0144555954505809
2038-07-27,0.0144521113306808
2038-07-28,0.0144486278975373
2038-07-29,0.0144451451836322
2038-07-30,0.0144416634400029
2038-07-31,0.0144381825167695
2038-08-01,0.0186544213181927
2038-08-02,0.0186499248490071
2038-08-03,0.0186454297638688
2038-08-04,0.0186409359602335
2038-08-05,0.0186364423400985
2038-08-06,0.0186319507840408
2038-08-07,0.0186274595386142
2038-08-08,0.0186229699650785
2038-08-09,0.0186184813030469
2038-08-10,0.0186139938637504
2038-08-11,0.0186095070043385
2038-08-12,0.0186050218731867
2038-08-13,0.0186005374382563
2038-08-14,0.0185960538878447
2038-08-15,0.0185915716333285
2038-08-16,0.0185870909253711
2038-08-17,0.01858261057362
2038-08-18,0.0185781312635024
2038-08-19,0.018573653519733
2038-08-20,0.0185691771588114
2038-08-21,0.0185647013663808
2038-08-22,0.0185602265490198
2038-08-23,0.0185557529801797
2038-08-24,0.018551280350429
2038-08-25,0.0185468088528626
2038-08-26,0.0185423387093597
2038-08-27,0.0185378693940064
2038-08-28,0.0185334013781464
2038-08-29,0.0185289344740818
2038-08-30,0.0185244682308577
2038-08-31,0.0185200032475484
2038-09-01,0.00970892460174018
2038-09-02,0.011129780955736
2038-09-03,0.00970424486878605
2038-09-04,0.0184922667360282
2038-09-05,0.00969956730269821
2038-09-06,0.0152807336634779
2038-09-07,0.00969489219528516
2038-09-08,0.0230573247294319
2038-09-09,0.00969021921857688
2038-09-10,0.00968788378378331
2038-09-11,0.00968554857350609
2038-09-12,0.0096832140518717
2038-09-13,0.00968088008366706
2038-09-14,0.00967854671983302
2038-09-15,0.00967621417954019
2038-09-16,0.00967388191124553
2038-09-17,0.00967155017877161
2038-09-18,0.00966921914657506
2038-09-19,0.00966688852662072
2038-09-20,0.00966455854499745
2038-09-21,0.00966222911145836
2038-09-22,0.00965990035146845
2038-09-23,0.00965757205403268
2038-09-24,0.00965524439146896
2038-09-25,0.00965291715183876
2038-09-26,0.00965059062569286
2038-09-27,0.00964826426400356
2038-09-28,0.0096459391689139
2038-09-29,0.00964361390590861
2038-09-30,0.00964128978340897
2038-10-01,0.00822502212305182
2038-10-02,0.00822303979959255
2038-10-03,0.00822105762746696
2038-10-04,0.0279529891106161
2038-10-05,0.103914764340017
2038-10-06,0.00821511501061587
2038-10-07,0.00821313512888808
2038-10-08,0.00821115644280375
2038-10-09,0.00820917840042424
2038-10-10,0.00820720056465277
2038-10-11,0.00820522350674719
2038-10-12,0.00820324656046362
2038-10-13,0.00820127037326338
2038-10-14,0.00819929445948341
2038-10-15,0.00819731917491886
2038-10-16,0.00819534416887269
2038-10-17,0.00819336968068824
2038-10-18,0.0081913956977544
2038-10-19,0.00818942191606215
2038-10-20,0.00818744885696144
2038-10-21,0.00818547590250635
2038-10-22,0.00818350356841205
2038-10-23,0.00818153179376943
2038-10-24,0.00817956017046048
2038-10-25,0.00817758911679945
2038-10-26,0.00817561847850109
2038-10-27,0.00817364835296634
2038-10-28,0.067069691014411
2038-10-29,0.0191810261945951
2038-10-30,0.00816774109775354
2038-10-31,0.00865367973506975
2038-11-01,0.00908251178265694
2038-11-02,0.00908032425015249
2038-11-03,0.00907813779529614
2038-11-04,0.00907595159388114
2038-11-05,0.00907376614801393
2038-11-06,0.00907158117171465
2038-11-07,0.00906939690499143
2038-11-08,0.00906721295678631
2038-11-09,0.00906502957039114
2038-11-10,0.00906284668669943
2038-11-11,0.0111634776319802
2038-11-12,0.0115514073460964
2038-11-13,0.00976278593259812
2038-11-14,0.00905412056584548
2038-11-15,0.00905194035358664
2038-11-16,0.0137963765311857
2038-11-17,0.00904758157957222
2038-11-18,0.00904540322409206
2038-11-19,0.00904322479517666
2038-11-20,0.0090410473056958
2038-11-21,0.00903887033623234
2038-11-22,0.00903669377603636
2038-11-23,0.333992517513949
2038-11-24,0.289794400336927
2038-11-25,0.320294289662291
2038-11-26,0.0348304016453016
2038-11-27,0.00916488201245878
2038-11-28,0.375617981663093
2038-11-29,0.658765500975686
2038-11-30,0.298963403299003
2038-12-01,0.0238469786773928
2038-12-02,0.00934645017367233
2038-12-03,0.384391705735909
2038-12-04,0.0726095464989172
2038-12-05,0.613917043914243
2038-12-06,0.19275034128755
2038-12-07,0.741168020186235
2038-12-08,0.0871694824556004
2038-12-09,0.0681754362622071
2038-12-10,0.0408453518641336
2038-12-11,0.298239015388843
2038-12-12,0.520590483040849
2038-12-13,0.425279868078327
2038-12-14,0.330523872609399
2038-12-15,0.660195320287295
2038-12-16,0.0759377314716419
2038-12-17,0.0439135786218034
2038-12-18,0.0826966522191696
2038-12-19,0.0405034531730458
2038-12-20,0.0237066176605635
2038-12-21,0.0920697497861849
2038-12-22,0.282188438352451
2038-12-23,0.488737023702236
2038-12-24,0.340470671253058
2038-12-25,0.344587276514608
2038-12-26,0.249345401034103
2038-12-27,0.169330073689786
2038-12-28,0.135983398080014
2038-12-29,0.18975353051173
2038-12-30,0.224647046939691
2038-12-31,0.13164923689277
2039-01-01,0.087365771882454
2039-01-02,0.0455188377169039
2039-01-03,0.0285744534962248
2039-01-04,0.015755515930555
2039-01-05,0.0158016000516359
2039-01-06,0.0652463097472104
2039-01-07,0.0172624775828732
2039-01-08,0.0162536983803488
2039-01-09,0.103750808883742
2039-01-10,0.745914694106758
2039-01-11,0.449078991624937
2039-01-12,0.203109045138568
2039-01-13,0.0756829014698022
2039-01-14,0.0880042685683429
2039-01-15,0.103149701130628
2039-01-16,0.111027621184395
2039-01-17,0.118985984282796
2039-01-18,0.343611817015169
2039-01-19,0.384639569836546
2039-01-20,0.340741097308575
2039-01-21,0.228936257904732
2039-01-22,0.313662577732759
2039-01-23,0.364363023641205
2039-01-24,0.46167094693727
2039-01-25,0.519205752777778
2039-01-26,0.597352667669741
2039-01-27,0.625252145400185
2039-01-28,0.610770403368799
2039-01-29,0.572493249267149
2039-01-30,0.549819234237349
2039-01-31,0.643568045579964
2039-02-01,0.579032766692267
2039-02-02,0.669110682944482
2039-02-03,0.644962676671319
2039-02-04,0.536131504534215
2039-02-05,0.532427299905368
2039-02-06,0.511330470150849
2039-02-07,0.484508253828572
2039-02-08,0.45464338279558
2039-02-09,0.427497699814981
2039-02-10,0.406350463346306
2039-02-11,0.38800541709177
2039-02-12,0.370062460273122
2039-02-13,0.350880799994234
2039-02-14,0.330541341246463
2039-02-15,0.310086957449802
2039-02-16,0.289333914395564
2039-02-17,0.268518265720852
2039-02-18,0.247942313251351
2039-02-19,0.229984901176201
2039-02-20,0.213569378002722
2039-02-21,0.195856719339108
2039-02-22,0.177821812987745
2039-02-23,0.160161390348362
2039-02-24,0.14348631828776
2039-02-25,0.126984868188384
2039-02-26,0.110882017902038
2039-02-27,0.0975855583072832
2039-02-28,0.173707048605005
2039-03-01,0.564677756193543
2039-03-02,1.70385790713526
2039-03-03,2.68555560477653
2039-03-04,3.78956940751483
2039-03-05,2.75148427977198
2039-03-06,1.81890049509123
2039-03-07,1.46936921023336
2039-03-08,1.38864174043063
2039-03-09,1.36784125837399
2039-03-10,1.35683956601509
2039-03-11,1.35794840342181
2039-03-12,1.35591081494339
2039-03-13,1.26189749110774
2039-03-14,1.18686602878271
2039-03-15,1.13689119701786
2039-03-16,1.05157704750904
2039-03-17,0.957939376675985
2039-03-18,0.901634887585809
2039-03-19,0.839451851577195
2039-03-20,1.15534975502758
2039-03-21,4.35806475489731
2039-03-22,5.33283884267168
2039-03-23,5.62371830589583
2039-03-24,1.3314460441085
2039-03-25,1.3314460441085
2039-03-26,1.33130261046079
2039-03-27,1.32836546573416
2039-03-28,1.29929115185812
2039-03-29,1.19455069005969
2039-03-30,1.06074577864407
2039-03-31,0.928655579422691
2039-04-01,0.880259358968191
2039-04-02,0.771691141479489
2039-04-03,0.693631288268273
2039-04-04,0.622063095645606
2039-04-05,0.551001784745722
2039-04-06,0.48333321222398
2039-04-07,0.418951265822033
2039-04-08,0.359128254298669
2039-04-09,0.309296068666477
2039-04-10,0.269889557387674
2039-04-11,0.252146735786861
2039-04-12,0.222572525488698
2039-04-13,0.202558323817539
2039-04-14,0.188396288844369
2039-04-15,0.290018024822325
2039-04-16,0.228003059887835
2039-04-17,0.258040580326087
2039-04-18,0.215731893334327
2039-04-19,0.168970435749958
2039-04-20,0.178245847875123
2039-04-21,0.15130473945778
2039-04-22,0.138775338547925
2039-04-23,0.134985743904893
2039-04-24,0.11687130736677
2039-04-25,0.101542579538467
2039-04-26,0.0865158141918568
2039-04-27,0.0718834119687113
2039-04-28,0.0590687514669906
2039-04-29,0.048028122841535
2039-04-30,0.0376215637528522
2039-05-01,0.0356113115388974
2039-05-02,0.0277493147598705
2039-05-03,0.0230477295687105
2039-05-04,0.0396097830098886
2039-05-05,0.169346135266874
2039-05-06,0.0559241461964415
2039-05-07,0.0203506788074439
2039-05-08,0.0193822896062832
2039-05-09,0.0190879730446785
2039-05-10,0.0187804986651652
2039-05-11,0.0190227057393384
2039-05-12,0.017789276075472
2039-05-13,0.0173925985744924
2039-05-14,0.0169740785143939
2039-05-15,0.0166686301225293
2039-05-16,0.0164640114269888
2039-05-17,0.0162802448716202
2039-05-18,0.0160994752044676
2039-05-19,0.0159094958857927
2039-05-20,0.0157228230161636
2039-05-21,0.0155493749729592
2039-05-22,0.0153824869832371
2039-05-23,0.015203061222217
2039-05-24,0.0150078979358345
2039-05-25,0.0148104896685274
2039-05-26,0.0146223606240763
2039-05-27,0.0144618393299375
2039-05-28,0.0143282208968792
2039-05-29,0.014175940111582
2039-05-30,0.0139733389319101
2039-05-31,0.0137474595368399
2039-06-01,0.0164825267214883
2039-06-02,0.0161922732281707
2039-06-03,0.015883553683845
2039-06-04,0.0155715352190607
2039-06-05,0.015279402927647
2039-06-06,0.0149950169854298
2039-06-07,0.014696333555953
2039-06-08,0.0143963153062711
2039-06-09,0.014121007762356
2039-06-10,0.0138653858351365
2039-06-11,0.0136082101884168
2039-06-12,0.0133468909241846
2039-06-13,0.0130959002752967
2039-06-14,0.0128550733435333
2039-06-15,0.0126124745109929
2039-06-16,0.0123683243251914
2039-06-17,0.0121160779243791
2039-06-18,0.0118474423059755
2039-06-19,0.0115627575669501
2039-06-20,0.0112750740495817
2039-06-21,0.0109932523152708
2039-06-22,0.0107311488255099
2039-06-23,0.0104960587388036
2039-06-24,0.0102549788121499
2039-06-25,0.00999287534190044
2039-06-26,0.00973469261052942
2039-06-27,0.00949251526606558
2039-06-28,0.00926934444821313
2039-06-29,0.00906292181873776
2039-06-30,0.00887287120808674
2039-07-01,0.01655132715805
2039-07-02,0.0162543046871723
2039-07-03,0.0159943943655938
2039-07-04,0.015766424842169
2039-07-05,0.0155646991203304
2039-07-06,0.0153878460555568
2039-07-07,0.0152350122468709
2039-07-08,0.0151053139734515
2039-07-09,0.0149958079265427
2039-07-10,0.0149066505414286
2039-07-11,0.0148316775805995
2039-07-12,0.0147621792607645
2039-07-13,0.014701737598061
2039-07-14,0.0146533243004902
2039-07-15,0.0146143884971223
2039-07-16,0.0145822359022793
2039-07-17,0.0145571000169457
2039-07-18,0.0145395559061113
2039-07-19,0.014527231946053
2039-07-20,0.01451721850879
2039-07-21,0.0145083908525309
2039-07-22,0.0145001831041527
2039-07-23,0.0144928983855273
2039-07-24,0.0144869573759575
2039-07-25,0.0144826196105389
2039-07-26,0.0144790719071783
2039-07-27,0.0144755826908939
2039-07-28,0.0144720929651103
2039-07-29,0.0144686051455405
2039-07-30,0.0144651178702718
2039-07-31,0.0144616310836211
2039-08-01,0.0186847174751628
2039-08-02,0.0186802139004416
2039-08-03,0.0186757112624109
2039-08-04,0.0186712095035022
2039-08-05,0.0186667091088514
2039-08-06,0.0186622104130768
2039-08-07,0.0186577121988402
2039-08-08,0.0186532150316342
2039-08-09,0.0186487192029003
2039-08-10,0.0186442239966278
2039-08-11,0.0186397300280823
2039-08-12,0.0186352373980088
2039-08-13,0.0186307458119675
2039-08-14,0.0186262549143517
2039-08-15,0.0186217658223541
2039-08-16,0.0186172773456217
2039-08-17,0.0186127900694366
2039-08-18,0.0186083041371204
2039-08-19,0.0186038190215601
2039-08-20,0.0185993347101625
2039-08-21,0.0185948513396531
2039-08-22,0.0185903696326392
2039-08-23,0.366180695706375
2039-08-24,0.0185814381164633
2039-08-25,0.0185770584373612
2039-08-26,0.0185726993564567
2039-08-27,0.018568331795564
2039-08-28,0.0185639471757489
2039-08-29,0.0185595451533983
2039-08-30,0.0185551290423096
2039-08-31,0.0185507006894788
2039-09-01,0.00972503522642373
2039-09-02,0.00972270488695775
2039-09-03,0.00972037275890731
2039-09-04,0.00971803931614652
2039-09-05,0.00971570540234157
2039-09-06,0.00971337030966824
2039-09-07,0.00971103512391808
2039-09-08,0.00970869951208978
2039-09-09,0.00970636366411059
2039-09-10,0.00970402746897991
2039-09-11,0.00970169160181931
2039-09-12,0.0096993556057347
2039-09-13,0.00969702007314755
2039-09-14,0.00969468459181549
2039-09-15,0.00969234946581058
2039-09-16,0.00969001462218067
2039-09-17,0.00968768018073066
2039-09-18,0.00968534590090741
2039-09-19,0.00968301236444089
2039-09-20,0.00968067934492821
2039-09-21,0.0096783464313847
2039-09-22,0.00967601427126051
2039-09-23,0.00967368256268458
2039-09-24,0.00967135117358871
2039-09-25,0.0247344135629438
2039-09-26,0.00966669029875521
2039-09-27,0.00966436061334258
2039-09-28,0.00966203166845684
2039-09-29,0.00965970311191525
2039-09-30,0.00965737496918828
2039-10-01,0.00823874465236449
2039-10-02,0.00823675900036907
2039-10-03,0.00823477376668786
2039-10-04,0.00823278909997133
2039-10-05,0.00823080488940245
2039-10-06,0.0082288210842683
2039-10-07,0.00822683775808919
2039-10-08,0.0082248549980698
2039-10-09,0.00822287246853913
2039-10-10,0.00822089067072292
2039-10-11,0.00821890934649531
2039-10-12,0.00821692838155103
2039-10-13,0.00821494795083614
2039-10-14,0.00821296806481521
2039-10-15,0.00821098850722055
2039-10-16,0.00820900958635436
2039-10-17,0.00820718027466913
2039-10-18,0.0390914600683194
2039-10-19,0.00820307532746963
2039-10-20,0.0082010980774454
2039-10-21,0.00819912153820651
2039-10-22,0.0396690021124907
2039-10-23,0.00819516983783126
2039-10-24,0.0081931948441279
2039-10-25,0.00819122018555891
2039-10-26,0.00818924602097097
2039-10-27,0.00818727242844584
2039-10-28,0.0081852995134341
2039-10-29,0.00818332676451378
2039-10-30,0.00818135449454848
2039-10-31,0.00817938288894879
2039-11-01,0.00909764772724135
2039-11-02,0.00909545532830493
2039-11-03,0.00909326315922707
2039-11-04,0.0090910719325688
2039-11-05,0.00908888083218343
2039-11-06,0.00908669052704863
2039-11-07,0.00908450059028446
2039-11-08,0.00908231113084971
2039-11-09,0.00908012226367365
2039-11-10,0.00907793393621714
2039-11-11,0.00907574622639327
2039-11-12,0.00907355898434635
2039-11-13,0.00907137235426026
2039-11-14,0.00906918615045708
2039-11-15,0.00906700014964587
2039-11-16,0.100133584914759
2039-11-17,0.00954769765348598
2039-11-18,0.0157646163064824
2039-11-19,0.00905826439264769
2039-11-20,0.0090560822089794
2039-11-21,0.00905390134804215
2039-11-22,0.00905172102085412
2039-11-23,0.00904954122771382
2039-11-24,0.00904736192026144
2039-11-25,0.0090451835092571
2039-11-26,0.00904300525169078
2039-11-27,0.00904082791863306
2039-11-28,0.00903865091334748
2039-11-29,0.00903647433404638
2039-11-30,0.00903429833774993
2039-12-01,0.00764274899756619
2039-12-02,0.00764090852036172
2039-12-03,0.0076390683235408
2039-12-04,0.00778800556882235
2039-12-05,0.0076353894962578
2039-12-06,0.00763355034797026
2039-12-07,0.0126617577998585
2039-12-08,0.0653893298750624
2039-12-09,0.0708414891655646
2039-12-10,0.0221049123822531
2039-12-11,0.00952687841241142
2039-12-12,0.00989338690217935
2039-12-13,0.0178427748066348
2039-12-14,0.0107254320897544
2039-12-15,0.0102604403102816
2039-12-16,0.00985659117038937
2039-12-17,0.00761368349297778
2039-12-18,0.0112722328537161
2039-12-19,0.00761054351359918
2039-12-20,0.0076084562589704
2039-12-21,0.00760672512149463
2039-12-22,0.00760499678709645
2039-12-23,0.00760326987457118
2039-12-24,0.00760154339676671
2039-12-25,0.00759981651985774
2039-12-26,0.00759808889677491
2039-12-27,0.00759636002510125
2039-12-28,0.00759462974292157
2039-12-29,0.0075928980479625
2039-12-30,0.0177377606626468
2039-12-31,0.00758943225583943
2040-01-01,0.00569093190024722
2040-01-02,0.00568963210708657
2040-01-03,0.0056883303841522
2040-01-04,0.00568702592418258
2040-01-05,0.00568571890715858
2040-01-06,0.00568440901366155
2040-01-07,0.00568309809844157
2040-01-08,0.00568178714097348
2040-01-09,0.00568047645252939
2040-01-10,0.00567916556496965
2040-01-11,0.00906680780493633
2040-01-12,0.0150991613785712
2040-01-13,0.022321995684031
2040-01-14,0.0186341272806351
2040-01-15,0.0127494033867641
2040-01-16,0.00766055724254931
2040-01-17,0.00763399352399954
2040-01-18,0.00897099116698019
2040-01-19,0.00857473854523496
2040-01-20,0.00694670650531036
2040-01-21,0.00566517248395197
2040-01-22,0.00566398504715837
2040-01-23,0.00566280395667933
2040-01-24,0.00566162368994426
2040-01-25,0.00566044050676146
2040-01-26,0.00565925345001165
2040-01-27,0.005658061927842
2040-01-28,0.00565686386099992
2040-01-29,0.00565565905093812
2040-01-30,0.00565444849683455
2040-01-31,0.00565323175176831
2040-02-01,0.00553034944102355
2040-02-02,0.00552914416099173
2040-02-03,0.00552793147576111
2040-02-04,0.00620711620161952
2040-02-05,0.122892222821328
2040-02-06,0.0055243682031785
2040-02-07,0.00552347027272749
2040-02-08,0.00552876577956216
2040-02-09,0.486944157117411
2040-02-10,0.976229411379762
2040-02-11,0.00864674258627615
2040-02-12,0.0678431032292621
2040-02-13,0.589285248353464
2040-02-14,0.276246580284038
2040-02-15,0.166140765751533
2040-02-16,0.0521371662132544
2040-02-17,0.291858702303086
2040-02-18,0.0575639197370259
2040-02-19,0.0127550225801054
2040-02-20,0.00940696578411204
2040-02-21,0.00945004082277519
2040-02-22,0.00947756946751522
2040-02-23,0.0203092782006307
2040-02-24,0.0430461223071573
2040-02-25,0.0281309613882148
2040-02-26,0.0191162479822245
2040-02-27,0.031051578196718
2040-02-28,0.00961506823135283
2040-02-29,0.0213251473352191
2040-03-01,0.00784311408956764
2040-03-02,0.0608007124209379
2040-03-03,0.0991316431629948
2040-03-04,0.248124673027533
2040-03-05,0.0610819986040669
2040-03-06,0.00821040234157856
2040-03-07,0.00827171665404482
2040-03-08,0.0082797756631172
2040-03-09,0.00826782846925017
2040-03-10,0.0197442809093295
2040-03-11,0.00825682285267641
2040-03-12,0.00825607781665534
2040-03-13,0.00826009667809279
2040-03-14,0.132034160658259
2040-03-15,0.235835958677888
2040-03-16,0.0107011855306183
2040-03-17,0.00853712046998449
2040-03-18,0.00858479983286278
2040-03-19,0.0268126165611185
2040-03-20,0.174637050157176
2040-03-21,0.327352984749056
2040-03-22,0.698306308225792
2040-03-23,0.778589525857215
2040-03-24,0.254309116021362
2040-03-25,0.0165088194812068
2040-03-26,0.0113702763903958
2040-03-27,0.0114345337815221
2040-03-28,0.0114558392221081
2040-03-29,0.0114599304037129
2040-03-30,0.0114586834119097
2040-03-31,0.0114531082452336
2040-04-01,0.0130101828150357
2040-04-02,0.0121409380236216
2040-04-03,0.0121039630422842
2040-04-04,0.0120563176988281
2040-04-05,0.0125751311126479
2040-04-06,0.0546161533337359
2040-04-07,0.133838355674664
2040-04-08,0.135982756537458
2040-04-09,0.132731330300521
2040-04-10,0.0788896032945587
2040-04-11,0.0523369617051693
2040-04-12,0.021662269914339
2040-04-13,0.0125959712156541
2040-04-14,0.0278279158045716
2040-04-15,0.152789300852256
2040-04-16,0.0125481553094407
2040-04-17,0.121850625173473
2040-04-18,0.0187941124059927
2040-04-19,0.0127453429032206
2040-04-20,0.0127581217789537
2040-04-21,0.0127101800857175
2040-04-22,0.0126213354914922
2040-04-23,0.0125173466431589
2040-04-24,0.0124289969558305
2040-04-25,0.0553820054531512
2040-04-26,0.0440125343187504
2040-04-27,0.0580699097645845
2040-04-28,0.0407099405590071
2040-04-29,0.0307511844053797
2040-04-30,0.0924945334615809
2040-05-01,0.442587095451132
2040-05-02,0.279089309628831
2040-05-03,0.0926714307907829
2040-05-04,0.0927103809288566
2040-05-05,0.0856227517682001
2040-05-06,0.0512882508794614
2040-05-07,0.0376292063332955
2040-05-08,0.0377455666612773
2040-05-09,0.0353472552573223
2040-05-10,0.0319160120105197
2040-05-11,0.028333055521277
2040-05-12,0.0252064801607886
2040-05-13,0.0226538814686619
2040-05-14,0.0205248842060273
2040-05-15,0.0187441198931869
2040-05-16,0.0173220865739516
2040-05-17,0.0162462977909828
2040-05-18,0.026999732736062
2040-05-19,0.0152498515151114
2040-05-20,0.015043679946596
2040-05-21,0.0148341496541189
2040-05-22,0.0146536009581641
2040-05-23,0.0144741334647454
2040-05-24,0.0142934704405658
2040-05-25,0.0141121767856516
2040-05-26,0.0139352604330332
2040-05-27,0.0137391703980762
2040-05-28,0.0135119146987956
2040-05-29,0.0132728349572887
2040-05-30,0.0130504730880503
2040-05-31,0.0128425333874927
2040-06-01,0.0153965318607395
2040-06-02,0.0151391134001518
2040-06-03,0.0149015260899532
2040-06-04,0.023709127287439
2040-06-05,0.0145264999253131
2040-06-06,0.0143434079877478
2040-06-07,0.0141287176755701
2040-06-08,0.0139052239048833
2040-06-09,0.0136615244990596
2040-06-10,0.0134048380862616
2040-06-11,0.0131712196577333
2040-06-12,0.012954956788823
2040-06-13,0.012735269819513
2040-06-14,0.01250172363322
2040-06-15,0.0122519327942906
2040-06-16,0.0119883884659919
2040-06-17,0.0117259275492808
2040-06-18,0.011470341341489
2040-06-19,0.0112252323567484
2040-06-20,0.011001760143664
2040-06-21,0.0107972743761099
2040-06-22,0.0105829867620915
2040-06-23,0.0103564406963563
2040-06-24,0.0101302186663354
2040-06-25,0.00991498938044057
2040-06-26,0.00971993610072259
2040-06-27,0.0095454066306462
2040-06-28,0.00937567732280245
2040-06-29,0.00920035231061486
2040-06-30,0.00902458556195979
2040-07-01,0.0168508601459419
2040-07-02,0.0165597048499379
2040-07-03,0.016295174175094
2040-07-04,0.0160554073968656
2040-07-05,0.0158389860276744
2040-07-06,0.0156465796218776
2040-07-07,0.0154743635062159
2040-07-08,0.0153201167522639
2040-07-09,0.0151841568861504
2040-07-10,0.0150668058459525
2040-07-11,0.0149663826494463
2040-07-12,0.0148782977652851
2040-07-13,0.0148013755940968
2040-07-14,0.0147353631277585
2040-07-15,0.0146815859769674
2040-07-16,0.014638175371453
2040-07-17,0.0146019797861851
2040-07-18,0.0145734791007489
2040-07-19,0.0145517146524644
2040-07-20,0.0145347805954807
2040-07-21,0.0145208948110519
2040-07-22,0.0145089450085637
2040-07-23,0.0144985583765821
2040-07-24,0.0144891965438052
2040-07-25,0.0144807058266159
2040-07-26,0.0144736162415498
2040-07-27,0.0144680949057414
2040-07-28,0.0144634902908047
2040-07-29,0.0144596577602138
2040-07-30,0.0144561726644695
2040-07-31,0.0144526882109355
2040-08-01,0.0186731629717042
2040-08-02,0.0186686616649495
2040-08-03,0.0186641621919976
2040-08-04,0.0186596632203729
2040-08-05,0.0186551660909464
2040-08-06,0.0186506690730592
2040-08-07,0.0186461739903197
2040-08-08,0.0186416793663305
2040-08-09,0.0186371860886092
2040-08-10,0.0186326938315329
2040-08-11,0.0186282028277749
2040-08-12,0.0186237125688119
2040-08-13,0.0186192239397624
2040-08-14,0.0186147356549257
2040-08-15,0.018610248701365
2040-08-16,0.0186057633387391
2040-08-17,0.0186012783659012
2040-08-18,0.0185967951411126
2040-08-19,0.0185923129189787
2040-08-20,0.018587831323504
2040-08-21,0.0185833510916876
2040-08-22,0.0185788714571465
2040-08-23,0.0185743934273326
2040-08-24,0.0185699165374988
2040-08-25,0.0185654406305304
2040-08-26,0.0185609655774975
2040-08-27,0.0185564916524513
2040-08-28,0.0185520193387286
2040-08-29,0.0185475477727993
2040-08-30,0.0185430765336923
2040-08-31,0.0185386071325857
2040-09-01,0.00971867752416755
2040-09-02,0.00971633503440176
2040-09-03,0.00971399294838809
2040-09-04,0.00971165151296893
2040-09-05,0.00970931074638228
2040-09-06,0.00970697058290833
2040-09-07,0.00970463086658055
2040-09-08,0.00970229184644221
2040-09-09,0.00969995302880895
2040-09-10,0.00969761514005727
2040-09-11,0.00969527780567882
2040-09-12,0.0096929408659335
2040-09-13,0.00969060463684235
2040-09-14,0.00968826875112925
2040-09-15,0.00968593339494783
2040-09-16,0.00968359888023131
2040-09-17,0.00968126486768939
2040-09-18,0.00967893133908416
2040-09-19,0.00967659866106281
2040-09-20,0.00967426617171073
2040-09-21,0.00967193433798422
2040-09-22,0.00966960317906479
2040-09-23,0.00966727251131432
2040-09-24,0.00966494238378685
2040-09-25,0.00966261271158106
2040-09-26,0.00966028394624559
2040-09-27,0.00965795539473524
2040-09-28,0.0096556276205422
2040-09-29,0.00965330010105264
2040-09-30,0.00965097366704015
2040-10-01,0.00823328343092453
2040-10-02,0.00823129889273431
2040-10-03,0.00822931490675105
2040-10-04,0.00822733137611046
2040-10-05,0.00822534848488155
2040-10-06,0.00822336584748538
2040-10-07,0.0177273170839522
2040-10-08,0.00821940210588573
2040-10-09,0.00821742117582334
2040-10-10,0.00821544039655799
2040-10-11,0.00821346034015248
2040-10-12,0.008211480626931
2040-10-13,0.144692975577429
2040-10-14,0.00820752308813428
2040-10-15,0.00820554628459808
2040-10-16,0.342063400994697
2040-10-17,0.318613848879912
2040-10-18,0.0190642158132136
2040-10-19,0.23096616365165
2040-10-20,0.225546355357854
2040-10-21,0.0365496156057609
2040-10-22,0.00867760507130561
2040-10-23,0.00880002386089577
2040-10-24,0.00887439966616933
2040-10-25,0.00891584437882427
2040-10-26,0.00893616402816
2040-10-27,0.45020356843519
2040-10-28,0.0233223285053066
2040-10-29,0.0092223675840829
2040-10-30,0.00932386374330961
2040-10-31,0.00937476243240886
2040-11-01,0.0649007402579179
2040-11-02,0.0104900347234917
2040-11-03,0.0105089680005656
2040-11-04,0.0105224427798594
2040-11-05,0.0105292032753562
2040-11-06,0.0105251780465633
2040-11-07,0.27946363774866
2040-11-08,0.4359023138267
2040-11-09,0.627297413871698
2040-11-10,0.011501438466467
2040-11-11,0.0118950641361816
2040-11-12,0.0121153024239169
2040-11-13,0.0122616618697534
2040-11-14,0.0168323958177937
2040-11-15,0.203585557596624
2040-11-16,0.815722711429225
2040-11-17,0.109445277875368
2040-11-18,0.0137308664799421
2040-11-19,0.0139834039445708
2040-11-20,0.0140976632810888
2040-11-21,0.0141360077796316
2040-11-22,0.0141293832319799
2040-11-23,0.0141020530618154
2040-11-24,0.0246867564495588
2040-11-25,0.014253287927957
2040-11-26,0.0251787192361678
2040-11-27,0.0833393672645542
2040-11-28,0.220496017276142
2040-11-29,0.342052428236127
2040-11-30,0.0318351599985788
2040-12-01,0.0195673078645746
2040-12-02,0.0203311980008216
2040-12-03,0.0151473276254984
2040-12-04,0.0129709354546529
2040-12-05,0.0142286870765685
2040-12-06,0.0156390137011753
2040-12-07,0.0259220231896056
2040-12-08,0.137686225519884
2040-12-09,0.0326102350987333
2040-12-10,0.0310555262627688
2040-12-11,0.0150186050782693
2040-12-12,0.0132920428687478
2040-12-13,0.0190710710569668
2040-12-14,0.0911216819497452
2040-12-15,0.183475238012761
2040-12-16,0.127485836227407
2040-12-17,0.197071860443803
2040-12-18,0.206835846976348
2040-12-19,0.0154686080933236
2040-12-20,0.023900915552485
2040-12-21,0.0264610149928999
2040-12-22,0.0302299564448584
2040-12-23,0.0254421856342461
2040-12-24,0.0280018547733282
2040-12-25,0.0149395469111642
2040-12-26,0.0363397673293337
2040-12-27,0.0241556798756823
2040-12-28,0.0148577516136861
2040-12-29,0.0148935885810389
2040-12-30,0.014910652472109
2040-12-31,0.0149068669659623
2041-01-01,0.0111704464771834
2041-01-02,0.0111559013531895
2041-01-03,0.0111380855408545
2041-01-04,0.0111233212888378
2041-01-05,0.0172631522110023
2041-01-06,0.494391004233194
2041-01-07,1.2894124071799
2041-01-08,1.38724991443869
2041-01-09,0.383889864387035
2041-01-10,0.619852959214393
2041-01-11,1.05337184722045
2041-01-12,2.49106583419206
2041-01-13,2.48471858520124
2041-01-14,1.2158490004892
2041-01-15,0.770769853048226
2041-01-16,0.81987070381508
2041-01-17,0.805831524359683
2041-01-18,0.777032861527105
2041-01-19,1.85925778396954
2041-01-20,3.07485995035069
2041-01-21,2.53184075238749
2041-01-22,2.06365476594362
2041-01-23,2.02184648718955
2041-01-24,2.38144070133258
2041-01-25,2.23178691499634
2041-01-26,1.92109703777789
2041-01-27,2.34671549921083
2041-01-28,2.01481767771308
2041-01-29,2.12164081219296
2041-01-30,2.08345054895213
2041-01-31,1.92523833896956
2041-02-01,1.64551426034653
2041-02-02,1.76072754337887
2041-02-03,2.02572756568998
2041-02-04,1.57762890121366
2041-02-05,1.72452728043029
2041-02-06,1.54541183931794
2041-02-07,1.48235119692515
2041-02-08,1.43297819240604
2041-02-09,1.34818072026212
2041-02-10,1.25890329657086
2041-02-11,1.28397221345598
2041-02-12,1.16207958912214
2041-02-13,1.10046378701786
2041-02-14,1.21708870356098
2041-02-15,1.8259785694872
2041-02-16,1.69076400799098
2041-02-17,1.63613907012972
2041-02-18,1.58407514596577
2041-02-19,1.57478724331985
2041-02-20,1.54429852863029
2041-02-21,1.47267549067545
2041-02-22,1.40983114473741
2041-02-23,1.39855026172999
2041-02-24,1.33983725160186
2041-02-25,1.25759595191594
2041-02-26,1.18288444730014
2041-02-27,1.05828964672229
2041-02-28,1.00757312141539
2041-03-01,0.777937209314873
2041-03-02,0.671613130521478
2041-03-03,0.618336832168004
2041-03-04,0.573970298965084
2041-03-05,0.539526407943957
2041-03-06,0.506794148523706
2041-03-07,0.470095161498835
2041-03-08,0.430070222461394
2041-03-09,0.37688641425595
2041-03-10,0.337667967550231
2041-03-11,0.306585478866277
2041-03-12,0.289038152129794
2041-03-13,0.260718625785487
2041-03-14,0.233428029952175
2041-03-15,0.247552013403169
2041-03-16,0.218487008029095
2041-03-17,0.292742833680751
2041-03-18,0.382177433086356
2041-03-19,0.489908528201472
2041-03-20,0.394125522721544
2041-03-21,0.336268295140446
2041-03-22,0.428549489946809
2041-03-23,0.570701719982544
2041-03-24,0.615139727777846
2041-03-25,0.821912165586669
2041-03-26,1.20233438881095
2041-03-27,0.998191227389829
2041-03-28,0.904422139275277
2041-03-29,0.870887703900995
2041-03-30,0.79615786664474
2041-03-31,0.711794509194295
2041-04-01,0.671682435498267
2041-04-02,0.604323352069495
2041-04-03,0.554710934665014
2041-04-04,0.480463347344506
2041-04-05,0.430470586114721
2041-04-06,0.38951102371617
2041-04-07,0.35268187954387
2041-04-08,0.353173259958701
2041-04-09,0.355709019534361
2041-04-10,0.295138243193553
2041-04-11,0.267265562753616
2041-04-12,0.239925558982177
2041-04-13,0.210902182946795
2041-04-14,0.184321830612995
2041-04-15,0.235798587318671
2041-04-16,0.38194633022195
2041-04-17,0.154923749945419
2041-04-18,0.426406806032691
2041-04-19,0.486023269407601
2041-04-20,0.472513485812495
2041-04-21,0.682019607438117
2041-04-22,0.450529859165185
2041-04-23,0.471978265219974
2041-04-24,0.497332053407923
2041-04-25,0.507757955316945
2041-04-26,0.550674961397816
2041-04-27,0.552899778774952
2041-04-28,0.500895671384593
2041-04-29,0.462777283133846
2041-04-30,0.510931770390619
2041-05-01,0.803734848140785
2041-05-02,0.643648368222142
2041-05-03,0.589139585927237
2041-05-04,0.56912093973923
2041-05-05,0.548955146674279
2041-05-06,0.484295337234303
2041-05-07,0.427694399813827
2041-05-08,0.373862910242254
2041-05-09,0.324845537893365
2041-05-10,0.278258879459045
2041-05-11,0.233042473657293
2041-05-12,0.192417477139808
2041-05-13,0.165311820171083
2041-05-14,0.14811969185552
2041-05-15,0.124674649257497
2041-05-16,0.102918928978119
2041-05-17,0.0938764068793462
2041-05-18,0.0706340026070465
2041-05-19,0.0636301011686722
2041-05-20,0.0464723951943696
2041-05-21,0.0353249289698003
2041-05-22,0.0270448035456394
2041-05-23,0.0218527954288576
2041-05-24,0.0191696865508297
2041-05-25,0.0178426484478371
2041-05-26,0.0172015973437402
2041-05-27,0.0169540304852175
2041-05-28,0.0167762308155001
2041-05-29,0.0882525722787484
2041-05-30,0.0898846090427408
2041-05-31,0.0165382324869634
2041-06-01,0.0200712993912505
2041-06-02,0.0198902309918504
2041-06-03,0.0196688009658792
2041-06-04,0.0194243635574023
2041-06-05,0.0191895501533402
2041-06-06,0.0189864389637809
2041-06-07,0.101217320150733
2041-06-08,0.0215857370208984
2041-06-09,0.0185517403376818
2041-06-10,0.0183381776224943
2041-06-11,0.0180829699929313
2041-06-12,0.0178191232909064
2041-06-13,0.0175659704376672
2041-06-14,0.0173259237384346
2041-06-15,0.0170714213905038
2041-06-16,0.0168082048650731
2041-06-17,0.0165554151258548
2041-06-18,0.0163131358911722
2041-06-19,0.0215356031631649
2041-06-20,0.0158791075935859
2041-06-21,0.0156299414061244
2041-06-22,0.0153165672600875
2041-06-23,0.0149907333510576
2041-06-24,0.0146510806793892
2041-06-25,0.0143136908638081
2041-06-26,0.0139775128283984
2041-06-27,0.0136257356392094
2041-06-28,0.0132905568165973
2041-06-29,0.0129716960697813
2041-06-30,0.0126671568365002
2041-07-01,0.0235885117454132
2041-07-02,0.0231026168564544
2041-07-03,0.0225624195958655
2041-07-04,0.021977284547162
2041-07-05,0.0214074296639137
2041-07-06,0.020889514667541
2041-07-07,0.0203987789355873
2041-07-08,0.0199242706961074
2041-07-09,0.0194897982729776
2041-07-10,0.0190612678487185
2041-07-11,0.0186163363913556
2041-07-12,0.0181771588264954
2041-07-13,0.0177596969766446
2041-07-14,0.0173723237393869
2041-07-15,0.0170157618778736
2041-07-16,0.016687684142608
2041-07-17,0.0163967199579964
2041-07-18,0.0161568965594635
2041-07-19,0.0178788098544571
2041-07-20,0.0168878236124191
2041-07-21,0.015563091901807
2041-07-22,0.0153872896986544
2041-07-23,0.0152321936661211
2041-07-24,0.0150955551651498
2041-07-25,0.0149803866511499
2041-07-26,0.014883986569495
2041-07-27,0.0148032817072259
2041-07-28,0.0147357574653025
2041-07-29,0.0146803127328597
2041-07-30,0.0146365754218779
2041-07-31,0.014601433602098
2041-08-01,0.0188321661494853
2041-08-02,0.0188014061783615
2041-08-03,0.0187801537371472
2041-08-04,0.0192103928502836
2041-08-05,0.0187521392199025
2041-08-06,0.018739914535923
2041-08-07,0.018730068398366
2041-08-08,0.0187229142615587
2041-08-09,0.0187171374892686
2041-08-10,0.0187124282264113
2041-08-11,0.0187078999487249
2041-08-12,0.0187033908036331
2041-08-13,0.018698882659397
2041-08-14,0.0186943756359514
2041-08-15,0.0186898696553386
2041-08-16,0.0186853648129068
2041-08-17,0.0186808607806344
2041-08-18,0.0186763581785841
2041-08-19,0.0186718568394471
2041-08-20,0.0186673565149582
2041-08-21,0.0186628564879076
2041-08-22,0.0186583583906074
2041-08-23,0.0186538613445356
2041-08-24,0.0186493648705525
2041-08-25,0.0186448698819617
2041-08-26,0.0186403756315694
2041-08-27,0.0186358830200859
2041-08-28,0.0186313915191982
2041-08-29,0.0186269004950513
2041-08-30,0.0186224109377067
2041-08-31,0.0186179221845248
2041-09-01,0.00976025753539229
2041-09-02,0.00975790479082372
2041-09-03,0.00975555309997287
2041-09-04,0.00975320162137495
2041-09-05,0.00975085076947346
2041-09-06,0.00974850062633934
2041-09-07,0.00974615080111298
2041-09-08,0.00974380182269708
2041-09-09,0.014776312348852
2041-09-10,0.00973910546735288
2041-09-11,0.00973675774232977
2041-09-12,0.00973441100499016
2041-09-13,0.00973206492296172
2041-09-14,0.00972971886797597
2041-09-15,0.00972737390255512
2041-09-16,0.00972502915378945
2041-09-17,0.00972268525372095
2041-09-18,0.00972034177312705
2041-09-19,0.00971799897866043
2041-09-20,0.0097156567118387
2041-09-21,0.00971331496794536
2041-09-22,0.00971097354541855
2041-09-23,0.00970863307535713
2041-09-24,0.00970629280497061
2041-09-25,0.00970395353736114
2041-09-26,0.00970161463639889
2041-09-27,0.00969927617472163
2041-09-28,0.0096969385026252
2041-09-29,0.00969460102800253
2041-09-30,0.0507213449054186
2041-10-01,0.00869189507565045
2041-10-02,0.00826651604464576
2041-10-03,0.00826452347933039
2041-10-04,0.0199200107470756
2041-10-05,0.00826054021112358
2041-10-06,0.0309295559707243
2041-10-07,0.0082565584747679
2041-10-08,0.0082545684941997
2041-10-09,0.00825257897970706
2041-10-10,0.00825058982530272
2041-10-11,0.00824860133767891
2041-10-12,0.00824661320585025
2041-10-13,0.00824462548455448
2041-10-14,0.00824263842386782
2041-10-15,0.00824065153920047
2041-10-16,0.00823866542193444
2041-10-17,0.00823667977879365
2041-10-18,0.00823469448178842
2041-10-19,0.00823270959531605
2041-10-20,0.008230725292981
2041-10-21,0.00822874149321331
2041-10-22,0.00822675829770707
2041-10-23,0.00822477540781976
2041-10-24,0.00822279293249017
2041-10-25,0.00822081115694471
2041-10-26,0.00821882977636944
2041-10-27,0.00821684877332341
2041-10-28,0.131730334481513
2041-10-29,0.00822965279301674
2041-10-30,0.00821091024811666
2041-10-31,0.00820893320523712
2041-11-01,0.00913102831474859
2041-11-02,0.00912832037105103
2041-11-03,0.00912612368779177
2041-11-04,0.00912392740991932
2041-11-05,0.00912173200013566
2041-11-06,0.0114525397531935
2041-11-07,0.0177739122987729
2041-11-08,0.00911514903596882
2041-11-09,0.00911295602148934
2041-11-10,0.00911076388106907
2041-11-11,0.00910857175885846
2041-11-12,0.0350278553512147
2041-11-13,0.314445615891267
2041-11-14,0.301725223443106
2041-11-15,0.0605567214298602
2041-11-16,0.440856519366432
2041-11-17,1.6493959375814
2041-11-18,2.6315254446886
2041-11-19,1.09088515426315
2041-11-20,0.246255173779213
2041-11-21,0.75753041941966
2041-11-22,0.293478543039175
2041-11-23,0.0706595895349898
2041-11-24,0.0171176275663045
2041-11-25,0.017253250112773
2041-11-26,0.0173179216755836
2041-11-27,0.0567546768372306
2041-11-28,0.0867572366275521
2041-11-29,0.0174506505154051
2041-11-30,0.0174827474437213
2041-12-01,0.0147957321309181
2041-12-02,0.0147916979887326
2041-12-03,0.0153433182787251
2041-12-04,0.0148379029619001
2041-12-05,0.123779552976463
2041-12-06,0.0546450359681403
2041-12-07,0.0479000527240856
2041-12-08,0.566707628549466
2041-12-09,0.538277316935643
2041-12-10,0.721981463796555
2041-12-11,0.223685506920764
2041-12-12,0.292946825863727
2041-12-13,0.194231210326508
2041-12-14,0.165895843340354
2041-12-15,0.303238071678215
2041-12-16,0.0192225738245079
2041-12-17,0.0196589172638721
2041-12-18,0.31685385284072
2041-12-19,0.442254807089809
2041-12-20,0.0620353282308584
2041-12-21,0.157578404112975
2041-12-22,0.0848384229039938
2041-12-23,0.0376247684068596
2041-12-24,0.0707774246471087
2041-12-25,0.417416317494837
2041-12-26,0.399649200061899
2041-12-27,0.251103655055603
2041-12-28,0.176320479796487
2041-12-29,0.241035814353393
2041-12-30,0.201725336091431
2041-12-31,0.216793877051015
2042-01-01,0.213621993560491
2042-01-02,0.239611097613954
2042-01-03,0.29825863767665
2042-01-04,0.409004536491713
2042-01-05,0.341229223532826
2042-01-06,0.304736246522189
2042-01-07,0.31309191872013
2042-01-08,0.329912451823724
2042-01-09,0.335371370891558
2042-01-10,0.348301031742373
2042-01-11,0.350903112548376
2042-01-12,0.334686076576046
2042-01-13,0.336497239082466
2042-01-14,0.323352933800375
2042-01-15,0.313117355063393
2042-01-16,0.310749580564678
2042-01-17,0.297219616791958
2042-01-18,0.285394799435665
2042-01-19,0.273083187161035
2042-01-20,0.265154304506851
2042-01-21,0.259699995784006
2042-01-22,0.247833396387982
2042-01-23,0.260838969611993
2042-01-24,0.408638609520217
2042-01-25,0.826261434241584
2042-01-26,1.12114160586845
2042-01-27,0.691031518440985
2042-01-28,0.7131545847979
2042-01-29,0.760052078820068
2042-01-30,1.04960290658168
2042-01-31,1.04988386033196
2042-02-01,1.23717890232462
2042-02-02,1.02488552958382
2042-02-03,0.995624823820067
2042-02-04,1.02239148153201
2042-02-05,1.04643013349749
2042-02-06,0.972754297443487
2042-02-07,0.895298346143666
2042-02-08,0.856993948436967
2042-02-09,0.81226313942254
2042-02-10,0.996108450728075
2042-02-11,1.30301387372151
2042-02-12,0.980050787139364
2042-02-13,0.974460208425189
2042-02-14,0.941583266628906
2042-02-15,0.898914435269746
2042-02-16,0.856412104257646
2042-02-17,0.851481723714657
2042-02-18,0.780650144116909
2042-02-19,0.77193150011279
2042-02-20,0.764216723882072
2042-02-21,0.746459113873671
2042-02-22,0.762459526230517
2042-02-23,0.787860417997561
2042-02-24,0.827388838924316
2042-02-25,0.943901564948787
2042-02-26,0.991220400402042
2042-02-27,1.03076755421755
2042-02-28,1.05650004665104
2042-03-01,0.896130535320801
2042-03-02,0.823350227937917
2042-03-03,0.794080323165313
2042-03-04,0.741934235869866
2042-03-05,0.72747172332602
2042-03-06,0.788726090491941
2042-03-07,0.657484737708293
2042-03-08,0.615207161451483
2042-03-09,0.583981245419741
2042-03-10,0.520986376721896
2042-03-11,0.488446371497033
2042-03-12,0.450245144016333
2042-03-13,0.468015033673432
2042-03-14,0.492243650993588
2042-03-15,0.401212045659463
2042-03-16,0.458830460091432
2042-03-17,0.530063932834377
2042-03-18,0.577672237104346
2042-03-19,0.571644940545567
2042-03-20,0.55048276320858
2042-03-21,0.847068538047425
2042-03-22,0.638635525079749
2042-03-23,0.607748318868021
2042-03-24,0.670356606758358
2042-03-25,0.692483701634426
2042-03-26,0.66172736984323
2042-03-27,0.613711753735501
2042-03-28,0.590662703412405
2042-03-29,0.57012428707606
2042-03-30,0.551017809431962
2042-03-31,0.520741511702776
2042-04-01,0.532875229139491
2042-04-02,0.526381897064719
2042-04-03,0.47457851351861
2042-04-04,0.432863114235606
2042-04-05,0.395707231738799
2042-04-06,0.345904304962778
2042-04-07,0.303844907533257
2042-04-08,0.261958322705948
2042-04-09,0.224868816231465
2042-04-10,0.318195835668835
2042-04-11,0.198505044858678
2042-04-12,0.173398958395964
2042-04-13,0.155301374928288
2042-04-14,0.184602786054223
2042-04-15,0.133846659753052
2042-04-16,0.121096736196857
2042-04-17,0.107931040676863
2042-04-18,0.299710881180173
2042-04-19,0.557708013144985
2042-04-20,0.263572976221821
2042-04-21,0.214764158827424
2042-04-22,0.250512181128789
2042-04-23,0.275284029405697
2042-04-24,0.307167195709212
2042-04-25,0.256512507228988
2042-04-26,0.256541703415404
2042-04-27,0.242536139736534
2042-04-28,0.224514155795481
2042-04-29,0.207500895832313
2042-04-30,0.187797062831451
2042-05-01,0.204043142338625
2042-05-02,0.196484848171062
2042-05-03,0.153771877289084
2042-05-04,0.135274035501272
2042-05-05,0.114843740998226
2042-05-06,0.0943108511528197
2042-05-07,0.0766099315128826
2042-05-08,0.062224165318237
2042-05-09,0.0514282840463285
2042-05-10,0.0467566859362921
2042-05-11,0.0709674113010567
2042-05-12,0.0379466133597124
2042-05-13,0.0327363841809812
2042-05-14,0.0278743498250329
2042-05-15,0.0597821794545806
2042-05-16,0.0223982257788069
2042-05-17,0.0312867495436814
2042-05-18,0.0194661352181706
2042-05-19,0.0181904501249736
2042-05-20,0.0173747603717135
2042-05-21,0.0171016859282114
2042-05-22,0.0185962203592288
2042-05-23,0.016541386315146
2042-05-24,0.0163597733506139
2042-05-25,0.0161662468820813
2042-05-26,0.0159715064757891
2042-05-27,0.0157804179540166
2042-05-28,0.0283417880862782
2042-05-29,0.0154296620028064
2042-05-30,0.0152629202713111
2042-05-31,0.0150889528907027
2042-06-01,0.0458106321364897
2042-06-02,0.0180276492653326
2042-06-03,0.0182204909594245
2042-06-04,0.0177502609949985
2042-06-05,0.0172999147855116
2042-06-06,0.0169900511712511
2042-06-07,0.0166784258947942
2042-06-08,0.0163833292025721
2042-06-09,0.0160911621029108
2042-06-10,0.0157786130240471
2042-06-11,0.015420907931739
2042-06-12,0.0150371877140927
2042-06-13,0.014664158566328
2042-06-14,0.0143032218799121
2042-06-15,0.0139599697534916
2042-06-16,0.0136390888069022
2042-06-17,0.0133194010812885
2042-06-18,0.0129798589321477
2042-06-19,0.0723413389413406
2042-06-20,0.0123832287939523
2042-06-21,0.0122593997204736
2042-06-22,0.0118321781206074
2042-06-23,0.0285503894669407
2042-06-24,0.0113046632551621
2042-06-25,0.0270451590675733
2042-06-26,0.0109507336319301
2042-06-27,0.0107721618204399
2042-06-28,0.0106406283637511
2042-06-29,0.0103339982157124
2042-06-30,0.0100815749869531
2042-07-01,0.0187065322671899
2042-07-02,0.0182535617298186
2042-07-03,0.0178371074541085
2042-07-04,0.0174714774346092
2042-07-05,0.0171671772852901
2042-07-06,0.0169083962292806
2042-07-07,0.0166624386448753
2042-07-08,0.0164141481832807
2042-07-09,0.0161698085345152
2042-07-10,0.0159353670764247
2042-07-11,0.0157174166898794
2042-07-12,0.0155301365570762
2042-07-13,0.0153771468221412
2042-07-14,0.0152505828092459
2042-07-15,0.0151425505222277
2042-07-16,0.0150369474202791
2042-07-17,0.0149320620918232
2042-07-18,0.0148414112188047
2042-07-19,0.0147672726752349
2042-07-20,0.0147099775409428
2042-07-21,0.0146674433979737
2042-07-22,0.0146332422548091
2042-07-23,0.0146000968561983
2042-07-24,0.0145705407932519
2042-07-25,0.0145491952206061
2042-07-26,0.014533837328215
2042-07-27,0.0145215906440606
2042-07-28,0.0145112282443813
2042-07-29,0.0145018712541671
2042-07-30,0.0144929641053577
2042-07-31,0.01448547135514
2042-08-01,0.0187136140658901
2042-08-02,0.0187088068139243
2042-08-03,0.0187042784097066
2042-08-04,0.0186997701173511
2042-08-05,0.0186952627227074
2042-08-06,0.018690757028139
2042-08-07,0.0186862515908307
2042-08-08,0.0186817477072774
2042-08-09,0.0186772452245624
2042-08-10,0.0186727429229487
2042-08-11,0.0186682421744904
2042-08-12,0.0186637428928343
2042-08-13,0.0186592439529924
2042-08-14,0.0186547467588011
2042-08-15,0.0186502502506367
2042-08-16,0.0186457546635714
2042-08-17,0.0186412607190128
2042-08-18,0.018636767539638
2042-08-19,0.0186322756813447
2042-08-20,0.0186277846583972
2042-08-21,0.0186232948623824
2042-08-22,0.0186188062135437
2042-08-23,0.0186143183760637
2042-08-24,0.0186098311568474
2042-08-25,0.018605346251173
2042-08-26,0.0186008611631977
2042-08-27,0.0185963778502571
2042-08-28,0.0185918957444599
2042-08-29,0.0185874146119335
2042-08-30,0.0185829344286907
2042-08-31,0.0191185775444344
2042-09-01,0.00984382001168285
2042-09-02,0.00973721969899419
2042-09-03,0.0097348729641702
2042-09-04,0.0316699696122964
2042-09-05,0.00973018073250688
2042-09-06,0.00972783550986693
2042-09-07,0.00972549068720576
2042-09-08,0.0097231466079015
2042-09-09,0.0097208028908422
2042-09-10,0.00971845994669794
2042-09-11,0.00971611760377967
2042-09-12,0.011630300793357
2042-09-13,0.00971143448672796
2042-09-14,0.00970909352172415
2042-09-15,0.00970675343120229
2042-09-16,0.00970441403812776
2042-09-17,0.0097020748535328
2042-09-18,0.0096997364887057
2042-09-19,0.00969739868485524
2042-09-20,0.00969506105363715
2042-09-21,0.0096927244761367
2042-09-22,0.00969038819893492
2042-09-23,0.0096880523761116
2042-09-24,0.00968571733469343
2042-09-25,0.00968338301839407
2042-09-26,0.00968104890742968
2042-09-27,0.00967871548353589
2042-09-28,0.00967638272470116
2042-09-29,0.00967405044414306
2042-09-30,0.0096717185780284
2042-10-01,0.00825098114148301
2042-10-02,0.00824899265573744
2042-10-03,0.00824700428188222
2042-10-04,0.310564494622929
2042-10-05,0.00824305118113372
2042-10-06,0.00824114359075708
2042-10-07,0.00823925948151932
2042-10-08,0.120846209819297
2042-10-09,0.0545956053084573
2042-10-10,0.00823433975455189
2042-10-11,0.00823349249465715
2042-10-12,0.00823278303937913
2042-10-13,0.00823205487829141
2042-10-14,0.00823123202793012
2042-10-15,0.00823028351721222
2042-10-16,0.00822920155996578
2042-10-17,0.00822799892886138
2042-10-18,0.0410285030318725
2042-10-19,0.00822532534799999
2042-10-20,0.00822391848215655
2042-10-21,0.0082224671290388
2042-10-22,0.00822096736926525
2042-10-23,0.00821942209347033
2042-10-24,0.00821783457625741
2042-10-25,0.0082162082529549
2042-10-26,0.00821454316139621
2042-10-27,0.00821284127294409
2042-10-28,0.00821110764815413
2042-10-29,0.00999501298195663
2042-10-30,0.00820756983146113
2042-10-31,0.00820577394734822
2042-11-01,0.00912718522102219
2042-11-02,0.00912515220982195
2042-11-03,0.00912310466619373
2042-11-04,0.00912104649534329
2042-11-05,0.00911898120723912
2042-11-06,0.00911691031715594
2042-11-07,0.00911483499170007
2042-11-08,0.00911275388963248
2042-11-09,0.010696113601797
2042-11-10,0.0463451340414121
2042-11-11,0.0637756752814782
2042-11-12,0.0258625433470145
2042-11-13,0.0100291509223864
2042-11-14,0.00949666334168949
2042-11-15,0.00909843129801072
2042-11-16,0.262229949676149
2042-11-17,0.115192595973287
2042-11-18,0.00910444467172239
2042-11-19,0.00911667145182768
2042-11-20,0.00912891187776398
2042-11-21,0.0091402919775197
2042-11-22,0.00915053282054156
2042-11-23,0.00915969071289802
2042-11-24,0.0420272544796791
2042-11-25,0.0112203796845422
2042-11-26,0.00919083686752109
2042-11-27,0.0417262886999487
2042-11-28,0.0250322062598066
2042-11-29,0.507640977158533
2042-11-30,0.00962434006721746
2042-12-01,0.0113617116629619
2042-12-02,0.211272747984086
2042-12-03,0.0616591560385168
2042-12-04,0.0162430518472668
2042-12-05,0.0200806027969505
2042-12-06,0.0113146971487603
2042-12-07,0.061781569625732
2042-12-08,0.0666290976260923
2042-12-09,0.184961477374539
2042-12-10,0.736849463519003
2042-12-11,0.96046048746919
2042-12-12,1.35829141050311
2042-12-13,0.345704454190373
2042-12-14,0.0130362726440939
2042-12-15,0.0133292096250015
2042-12-16,0.01347877058498
2042-12-17,0.0135482009830615
2042-12-18,0.013569579148268
2042-12-19,0.0250533289770118
2042-12-20,0.0135780505216127
2042-12-21,0.106083721004565
2042-12-22,0.0136090475335839
2042-12-23,0.0149949037727736
2042-12-24,0.033681903945158
2042-12-25,0.034578967331843
2042-12-26,0.184864987929561
2042-12-27,0.0268881608019004
2042-12-28,0.0239695786539856
2042-12-29,0.0231227615609772
2042-12-30,0.0147482847964787
2042-12-31,0.0406498960205306
2043-01-01,0.0217167059214289
2043-01-02,0.0803653873886354
2043-01-03,0.415822944266253
2043-01-04,0.581016146974333
2043-01-05,0.0138398816324369
2043-01-06,0.0118984910900441
2043-01-07,0.0120308083620227
2043-01-08,0.24382699274589
2043-01-09,0.111567271795635
2043-01-10,0.0127755262399247
2043-01-11,0.0382923109317063
2043-01-12,0.111920158110343
2043-01-13,0.0131704861065188
2043-01-14,0.0147623674450383
2043-01-15,0.0129608955294445
2043-01-16,0.0129833428650215
2043-01-17,0.0129913411962353
2043-01-18,0.0398306674698689
2043-01-19,0.264444976318043
2043-01-20,0.0258260375805739
2043-01-21,0.180464997693347
2043-01-22,0.232281893734578
2043-01-23,0.0571224761408857
2043-01-24,0.0272411901999401
2043-01-25,0.477330397020036
2043-01-26,0.253461946494501
2043-01-27,0.163743784650626
2043-01-28,0.261148839447133
2043-01-29,0.0330765205388673
2043-01-30,0.0218246856852021
2043-01-31,0.0227244848236794
2043-02-01,0.0227710544691604
2043-02-02,0.0230119078221864
2043-02-03,0.022972283533492
2043-02-04,0.0228485984460513
2043-02-05,0.0227919878537
2043-02-06,0.0227637260121583
2043-02-07,0.022715778807974
2043-02-08,0.022645844287823
2043-02-09,0.0225590561121155
2043-02-10,0.0329757646362816
2043-02-11,0.11300814778563
2043-02-12,0.0221961322426364
2043-02-13,0.434326962455248
2043-02-14,1.70569374799213
2043-02-15,1.21820460027671
2043-02-16,0.824425084372373
2043-02-17,0.540879958479264
2043-02-18,0.572739061221283
2043-02-19,0.665261425384811
2043-02-20,0.610343437494107
2043-02-21,0.555934116385007
2043-02-22,0.546570657696676
2043-02-23,0.524238272936571
2043-02-24,0.514540755115859
2043-02-25,0.474071484708939
2043-02-26,0.45185852125454
2043-02-27,0.432493878881714
2043-02-28,0.394109394149753
2043-03-01,0.299633750705203
2043-03-02,0.280152980113382
2043-03-03,0.262372924524396
2043-03-04,0.283650651632148
2043-03-05,1.07317359238322
2043-03-06,1.82078815694587
2043-03-07,2.13969230859588
2043-03-08,4.84020671219189
2043-03-09,1.31539691617621
2043-03-10,1.47762599037046
2043-03-11,1.32923815399437
2043-03-12,1.30278416650254
2043-03-13,1.34242163607962
2043-03-14,1.42351890300657
2043-03-15,1.50327530180065
2043-03-16,1.57151562849037
2043-03-17,1.32235821886774
2043-03-18,1.2582862883944
2043-03-19,1.17600460015323
2043-03-20,1.06400449820189
2043-03-21,0.947719454254661
2043-03-22,0.848623245569394
2043-03-23,0.760959143410001
2043-03-24,0.681357305224655
2043-03-25,0.609206436566019
2043-03-26,0.545646674265004
2043-03-27,0.649824049950276
2043-03-28,0.756471333322661
2043-03-29,0.801722620056445
2043-03-30,0.590295955566382
2043-03-31,0.784483748182486
2043-04-01,0.708143732569549
2043-04-02,0.651959843302402
2043-04-03,0.621985477435807
2043-04-04,0.572628045541263
2043-04-05,0.523146949703325
2043-04-06,0.48223920768618
2043-04-07,0.446334972570323
2043-04-08,0.416749973816608
2043-04-09,0.382063204010225
2043-04-10,0.342165177977761
2043-04-11,0.300892281928445
2043-04-12,0.258924016283501
2043-04-13,0.220609981198107
2043-04-14,0.186948767708565
2043-04-15,0.15982789714989
2043-04-16,0.136953304054159
2043-04-17,0.115579071149755
2043-04-18,0.0963178274805229
2043-04-19,0.0802337444172044
2043-04-20,0.0672909533610479
2043-04-21,0.159990952782554
2043-04-22,0.109283184150869
2043-04-23,0.05861307793959
2043-04-24,0.0518526754642883
2043-04-25,0.0433922749209271
2043-04-26,0.0678422603695202
2043-04-27,0.0311909724387213
2043-04-28,0.0301883422305222
2043-04-29,0.0424215572121346
2043-04-30,0.0240454382567553
2043-05-01,0.028493183802591
2043-05-02,0.0279619191371393
2043-05-03,0.0250224086301373
2043-05-04,0.0228139415388638
2043-05-05,0.0207208823324116
2043-05-06,0.0191314738048829
2043-05-07,0.0284984249964214
2043-05-08,0.018926701087451
2043-05-09,0.0434490305156857
2043-05-10,0.0175506211903775
2043-05-11,0.0311095708095191
2043-05-12,0.0382637306333263
2043-05-13,0.0169862933674862
2043-05-14,0.0168105682301259
2043-05-15,0.0315072415162996
2043-05-16,0.0165357043223063
2043-05-17,0.284829152833712
2043-05-18,0.429317741631747
2043-05-19,0.221816687163356
2043-05-20,0.0191829322678576
2043-05-21,0.0201704261021082
2043-05-22,0.0201227410618528
2043-05-23,0.0192622436106782
2043-05-24,0.0182586237765796
2043-05-25,0.0176050178055995
2043-05-26,0.0168880190986609
2043-05-27,0.0164857401235586
2043-05-28,0.0162763317605447
2043-05-29,0.0161019644451839
2043-05-30,0.0159259629315996
2043-05-31,0.0157309084101357
2043-06-01,0.0189148357417708
2043-06-02,0.0186431223347895
2043-06-03,0.0183794733285878
2043-06-04,0.018097777293708
2043-06-05,0.0276802827020742
2043-06-06,0.0175258565340197
2043-06-07,0.0319221482022908
2043-06-08,0.0169882263971554
2043-06-09,0.0168324659800786
2043-06-10,0.0164633568268345
2043-06-11,0.0161939760870616
2043-06-12,0.0159241968426064
2043-06-13,0.0156384674410457
2043-06-14,0.0153376014163941
2043-06-15,0.0150374929672062
2043-06-16,0.0147370618900479
2043-06-17,0.0144563866772729
2043-06-18,0.0141868374843119
2043-06-19,0.0139048581182954
2043-06-20,0.013631967609152
2043-06-21,0.0133779243193773
2043-06-22,0.0131492855770095
2043-06-23,0.0129500878100602
2043-06-24,0.0127203558131166
2043-06-25,0.0130345211429169
2043-06-26,0.0121922585090083
2043-06-27,0.0118936247442088
2043-06-28,0.0115933241496889
2043-06-29,0.0113034833019041
2043-06-30,0.0110161311594441
2043-07-01,0.0204254527526552
2043-07-02,0.019902736555853
2043-07-03,0.0193891121646677
2043-07-04,0.0188889170498624
2043-07-05,0.0184172449391575
2043-07-06,0.0179786994558686
2043-07-07,0.0175744948851144
2043-07-08,0.021282784501628
2043-07-09,0.0169265783370743
2043-07-10,0.0166250930484182
2043-07-11,0.0163370678882219
2043-07-12,0.016071443890241
2043-07-13,0.0902654474677059
2043-07-14,0.0157213219753805
2043-07-15,0.0156133432340385
2043-07-16,0.015438700120256
2043-07-17,0.0152792591716822
2043-07-18,0.0151386465554849
2043-07-19,0.0150183688552761
2043-07-20,0.0149162906461577
2043-07-21,0.0148288634159736
2043-07-22,0.0147567576211455
2043-07-23,0.0146986759504556
2043-07-24,0.0146515658228791
2043-07-25,0.0146124815543168
2043-07-26,0.014579101374477
2043-07-27,0.0145542936934107
2043-07-28,0.0145369434344992
2043-07-29,0.0145231934984308
2043-07-30,0.0145119406741646
2043-07-31,0.0145024386353704
2043-08-01,0.0187308815225467
2043-08-02,0.0187221625391845
2043-08-03,0.018715582494156
2043-08-04,0.018709760428499
2043-08-05,0.0187048548887872
2043-08-06,0.0187003408485577
2043-08-07,0.0186958339072673
2043-08-08,0.0186913274355217
2043-08-09,0.0186868221613247
2043-08-10,0.0186823182291978
2043-08-11,0.0186778147930012
2043-08-12,0.0186733132397806
2043-08-13,0.0186688123647912
2043-08-14,0.0186643123923108
2043-08-15,0.0186598137607012
2043-08-16,0.0186553160238051
2043-08-17,0.0186508194035017
2043-08-18,0.0186463238824005
2043-08-19,0.0186418294347155
2043-08-20,0.0186373365929571
2043-08-21,0.0186328444042436
2043-08-22,0.0186283529771158
2043-08-23,0.0186238629226416
2043-08-24,0.0186193742947914
2043-08-25,0.018614886581444
2043-08-26,0.0186103991421474
2043-08-27,0.0186059135936226
2043-08-28,0.018601429282225
2043-08-29,0.018596945743807
2043-08-30,0.018592462876424
2043-08-31,0.0185879815184202
2043-09-01,0.00974456153937677
2043-09-02,0.00974221280968988
2043-09-03,0.00973986464758291
2043-09-04,0.00973751714770516
2043-09-05,0.00973517013648066
2043-09-06,0.00973282341423462
2043-09-07,0.00973047767558423
2043-09-08,0.0097281322994933
2043-09-09,0.00972578759632272
2043-09-10,0.0228491924683117
2043-09-11,0.00972109970593894
2043-09-12,0.00971875667154781
2043-09-13,0.00971641394751767
2043-09-14,0.00971407228726765
2043-09-15,0.00971173060469179
2043-09-16,0.00970938985382761
2043-09-17,0.00970704954602168
2043-09-18,0.00970470990767707
2043-09-19,0.00970237076238824
2043-09-20,0.0279188710921996
2043-09-21,0.00969769422706337
2043-09-22,0.0096953568065259
2043-09-23,0.00969302011173615
2043-09-24,0.00969266533021284
2043-09-25,0.00968834796139921
2043-09-26,0.00968601265961748
2043-09-27,0.00968367821062069
2043-09-28,0.00968134431505383
2043-09-29,0.00967901062733747
2043-09-30,0.00967667797572981
2043-10-01,0.00825521164761338
2043-10-02,0.00825322218302865
2043-10-03,0.00825123284697022
2043-10-04,0.00824924421794064
2043-10-05,0.00824725578102972
2043-10-06,0.00824526789686241
2043-10-07,0.00824328052492206
2043-10-08,0.00824129375536491
2043-10-09,0.00823930742585608
2043-10-10,0.0223677113362634
2043-10-11,0.00823533594799247
2043-10-12,0.00823335108727905
2043-10-13,0.171406861409385
2043-10-14,0.234245352274988
2043-10-15,0.433372146632456
2043-10-16,0.0245063666337435
2043-10-17,0.00830023947322687
2043-10-18,0.00835098519160539
2043-10-19,0.00839205960789992
2043-10-20,0.0184180461291744
2043-10-21,0.00844546482586221
2043-10-22,0.00846144517785554
2043-10-23,0.00847126358299174
2043-10-24,0.0170299313833902
2043-10-25,0.00848145325125304
2043-10-26,0.00848393227065686
2043-10-27,0.365232194628179
2043-10-28,0.0922439126591197
2043-10-29,0.217703826133858
2043-10-30,0.661811669056005
2043-10-31,0.917043171315716
2043-11-01,0.0132868838465318
2043-11-02,0.0463017605442768
2043-11-03,0.0213000526045202
2043-11-04,0.0169316626948403
2043-11-05,0.0127265091238474
2043-11-06,0.01277205457386
2043-11-07,0.0481290201064693
2043-11-08,0.070821179894866
2043-11-09,0.0143957792225099
2043-11-10,0.0129643577594911
2043-11-11,0.0129954330720357
2043-11-12,0.184194127406714
2043-11-13,0.198337326391817
2043-11-14,0.332158619141537
2043-11-15,0.0141818429748886
2043-11-16,0.0136545311090505
2043-11-17,0.0137633783959141
2043-11-18,0.013812508282616
2043-11-19,0.0148942209662138
2043-11-20,1.38762761640478
2043-11-21,1.96939288507331
2043-11-22,0.0473894746841714
2043-11-23,0.0175246200319882
2043-11-24,0.0177374233592076
2043-11-25,0.0191051656825662
2043-11-26,0.0446087176497384
2043-11-27,0.0185386782437324
2043-11-28,0.0180082935673271
2043-11-29,0.0180092555888602
2043-11-30,0.01799121966309
2043-12-01,0.0425710709962239
2043-12-02,0.0340803195420565
2043-12-03,0.0241268279907651
2043-12-04,0.0235644649919128
2043-12-05,0.0173325461205974
2043-12-06,0.0254933868738393
2043-12-07,0.0267371794254834
2043-12-08,0.0283503623787393
2043-12-09,0.0242557345034435
2043-12-10,0.0453214927375306
2043-12-11,0.0328005598735678
2043-12-12,0.0165779297380874
2043-12-13,0.015448569412226
2043-12-14,0.0154393984273918
2043-12-15,0.0190272829595892
2043-12-16,0.0154115205307275
2043-12-17,0.0214595259155942
2043-12-18,0.256455925147158
2043-12-19,0.0932217121453352
2043-12-20,0.0314924028198568
2043-12-21,0.142847161781718
2043-12-22,0.251224764377913
2043-12-23,0.617116201828563
2043-12-24,0.216280965475685
2043-12-25,0.0368603240225793
2043-12-26,0.068748351027214
2043-12-27,0.412365760249006
2043-12-28,2.21296515790376
2043-12-29,3.38730109338061
2043-12-30,1.17596995136048
2043-12-31,0.248230350201354
2044-01-01,0.567057722825438
2044-01-02,1.12190212094869
2044-01-03,0.915334934928575
2044-01-04,0.72668946140243
2044-01-05,1.43078066492746
2044-01-06,1.06332368253034
2044-01-07,1.31987021317115
2044-01-08,2.03503394872928
2044-01-09,1.47795059278643
2044-01-10,1.54587206569304
2044-01-11,1.46989923114528
2044-01-12,1.39536704042816
2044-01-13,1.27118959370091
2044-01-14,1.17408653799013
2044-01-15,1.08548770569997
2044-01-16,0.994167018350271
2044-01-17,0.913374612008591
2044-01-18,0.839144820175693
2044-01-19,0.771405789218039
2044-01-20,1.14514468490158
2044-01-21,0.974801900999523
2044-01-22,0.840254380462326
2044-01-23,0.86405924498487
2044-01-24,2.04126990055139
2044-01-25,2.25877883672471
2044-01-26,2.83968492821791
2044-01-27,1.70191697174188
2044-01-28,1.704913066961
2044-01-29,1.64719726863356
2044-01-30,1.5935859412453
2044-01-31,1.53915258644484
2044-02-01,1.4394617550623
2044-02-02,1.62128633997831
2044-02-03,1.51323626572552
2044-02-04,1.69559344785199
2044-02-05,1.54564465445235
2044-02-06,1.38304249099536
2044-02-07,1.36524438594092
2044-02-08,1.55071713083844
2044-02-09,1.44343973812145
2044-02-10,1.28551693344929
2044-02-11,1.21535412692815
2044-02-12,1.1443684470385
2044-02-13,1.06976838809333
2044-02-14,0.99273929421187
2044-02-15,0.931087476495144
2044-02-16,0.881461097697793
2044-02-17,0.804205304190104
2044-02-18,0.755496799261836
2044-02-19,0.733044429808458
2044-02-20,0.678062183761372
2044-02-21,0.816800403289651
2044-02-22,1.1617418019294
2044-02-23,0.863985419608571
2044-02-24,0.982467027120059
2044-02-25,1.02086160244168
2044-02-26,0.998421352838608
2044-02-27,0.990930699483728
2044-02-28,0.953486869863407
2044-02-29,0.887497410801897
2044-03-01,0.638410909933211
2044-03-02,0.65299532181092
2044-03-03,0.810760073284805
2044-03-04,0.541557279852495
2044-03-05,0.541786193525328
2044-03-06,0.533058718507545
2044-03-07,0.513944696208273
2044-03-08,0.644972757550327
2044-03-09,0.834009320843521
2044-03-10,0.909365457949111
2044-03-11,0.90278668524994
2044-03-12,0.9328482771422
2044-03-13,0.783129899281052
2044-03-14,0.776916686878258
2044-03-15,0.738966648042351
2044-03-16,0.679461668563241
2044-03-17,0.611159195046904
2044-03-18,0.545404640701157
2044-03-19,0.488446231549484
2044-03-20,0.437362214727123
2044-03-21,0.428941656391336
2044-03-22,0.379028850444162
2044-03-23,0.34134844000013
2044-03-24,0.321737842405439
2044-03-25,0.284927315116307
2044-03-26,0.264679219771604
2044-03-27,0.244029052866244
2044-03-28,0.226290292812122
2044-03-29,0.205506713375269
2044-03-30,0.183197282810916
2044-03-31,0.161690867259783
2044-04-01,0.150195571711513
2044-04-02,0.13240743993953
2044-04-03,0.111992807786822
2044-04-04,0.0988155357278648
2044-04-05,0.0796007238794574
2044-04-06,0.0663604749931037
2044-04-07,0.055372817414015
2044-04-08,0.0479716482440674
2044-04-09,0.0451791819654873
2044-04-10,0.0355741456099976
2044-04-11,0.0294236017075633
2044-04-12,0.0245920237635158
2044-04-13,0.021399866714176
2044-04-14,0.0205214413130991
2044-04-15,0.0179924271323236
2044-04-16,0.0170022289884224
2044-04-17,0.0160104887932219
2044-04-18,0.0153699128245563
2044-04-19,0.014879268078055
2044-04-20,0.0144498770609744
2044-04-21,0.01409466069438
2044-04-22,0.0141856775665391
2044-04-23,0.031046179580501
2044-04-24,0.0196913276427581
2044-04-25,0.013788413175265
2044-04-26,0.0134635315604347
2044-04-27,0.013346695986323
2044-04-28,0.0133435917301885
2044-04-29,0.0810098683425217
2044-04-30,0.0879815913823218
2044-05-01,0.0350576817836025
2044-05-02,0.0162771519149541
2044-05-03,0.0161621545866153
2044-05-04,0.01603977616304
2044-05-05,0.0159111941856587
2044-05-06,0.0157711381230616
2044-05-07,0.0156038751026444
2044-05-08,0.0154126610828274
2044-05-09,0.0152185158070864
2044-05-10,0.0150308880763031
2044-05-11,0.0148512015287989
2044-05-12,0.0146705686943373
2044-05-13,0.0144749316675788
2044-05-14,0.0142677869357276
2044-05-15,0.0140653073246602
2044-05-16,0.0138579842005476
2044-05-17,0.0136461740358621
2044-05-18,0.0220448370378953
2044-05-19,0.0133341752720922
2044-05-20,0.022561648247169
2044-05-21,0.0130278049096317
2044-05-22,0.0128402669226684
2044-05-23,0.0129145728132626
2044-05-24,0.0195382841365777
2044-05-25,0.0177076077870872
2044-05-26,0.0424218647913828
2044-05-27,0.0122088921973271
2044-05-28,0.012048244098931
2044-05-29,0.0118720864767156
2044-05-30,0.0116835682476632
2044-05-31,0.0220912610727233
2044-06-01,0.0137528920026492
2044-06-02,0.013500257979122
2044-06-03,0.0132521156272934
2044-06-04,0.0130225974679125
2044-06-05,0.0127978690721905
2044-06-06,0.0125565989786557
2044-06-07,0.0122995570729699
2044-06-08,0.0120382393589141
2044-06-09,0.0117645131742769
2044-06-10,0.0114791381515059
2044-06-11,0.0418911901535774
2044-06-12,0.0109521879523229
2044-06-13,0.0107056276465717
2044-06-14,0.0104618857991727
2044-06-15,0.0102317025725143
2044-06-16,0.0100049872521624
2044-06-17,0.00976720869269058
2044-06-18,0.0095339938452101
2044-06-19,0.00932113221720249
2044-06-20,0.00913458396648683
2044-06-21,0.00897319959702198
2044-06-22,0.00882374094539983
2044-06-23,0.00867333033112784
2044-06-24,0.00853034689793167
2044-06-25,0.00840136319514166
2044-06-26,0.00828896013579399
2044-06-27,0.00819291434859269
2044-06-28,0.0081060237051484
2044-06-29,0.00802648035794908
2044-06-30,0.00795665279265099
2044-07-01,0.0150204768210435
2044-07-02,0.0149195551273495
2044-07-03,0.0148364450218337
2044-07-04,0.0147682530510268
2044-07-05,0.0147115306977944
2044-07-06,0.0146624345005137
2044-07-07,0.0146196902717146
2044-07-08,0.0145858890668732
2044-07-09,0.0145615666123499
2044-07-10,0.0145432251886061
2044-07-11,0.014528767549311
2044-07-12,0.014516965063556
2044-07-13,0.0145067864167641
2044-07-14,0.0144975279993353
2044-07-15,0.0144898064886101
2044-07-16,0.0144838119844069
2044-07-17,0.0144790320223919
2044-07-18,0.0144751358559058
2044-07-19,0.0144716198459021
2044-07-20,0.0144681318444346
2044-07-21,0.0145265628900587
2044-07-22,0.0354621614266133
2044-07-23,0.0144581824820342
2044-07-24,0.0144541876884718
2044-07-25,0.0144507036906101
2044-07-26,0.0144472207776384
2044-07-27,0.0144437384859959
2044-07-28,0.0144402571688054
2044-07-29,0.0144367766037991
2044-07-30,0.0144332969724107
2044-07-31,0.0144298180969186
2044-08-01,0.0186436140959237
2044-08-02,0.0186391202754976
2044-08-03,0.0186346277311774
2044-08-04,0.0186301360779726
2044-08-05,0.0186256458633854
2044-08-06,0.0186211559732218
2044-08-07,0.0186166680170064
2044-08-08,0.0186121811024245
2044-08-09,0.0186076947695263
2044-08-10,0.0186032098188763
2044-08-11,0.0185987258157111
2044-08-12,0.0185942430628658
2044-08-13,0.145074632820469
2044-08-14,0.0185852807156576
2044-08-15,0.0382496784068356
2044-08-16,0.0730219606620196
2044-08-17,0.0528437125227091
2044-08-18,0.024057393457617
2044-08-19,0.0185628967360328
2044-08-20,0.0185584259244933
2044-08-21,0.0185539556886407
2044-08-22,0.0185494860476645
2044-08-23,0.0298041198291654
2044-08-24,0.01854054939888
2044-08-25,0.018536081914331
2044-08-26,0.0185316156453211
2044-08-27,0.0185271503657729
2044-08-28,0.0185226856864983
2044-08-29,0.119592821446988
2044-08-30,0.0185137594516502
2044-08-31,0.0185092985359288
2044-09-01,0.00970331317033493
2044-09-02,0.00977919769637217
2044-09-03,0.00969863728466125
2044-09-04,0.00988853701398866
2044-09-05,0.0137196549033835
2044-09-06,0.0194538432803771
2044-09-07,0.0244923220951368
2044-09-08,0.0294017021246948
2044-09-09,0.0222221437288713
2044-09-10,0.0328564740605695
2044-09-11,0.0168851773981176
2044-09-12,0.0226346453460129
2044-09-13,0.0460139996948391
2044-09-14,0.00999628170851765
2044-09-15,0.00967064144828642
2044-09-16,0.743113267387396
2044-09-17,0.375138426413201
2044-09-18,0.00981008824011975
2044-09-19,0.00995399830435962
2044-09-20,0.0100502761521455
2044-09-21,0.0101105981647198
2044-09-22,0.0101436871288199
2044-09-23,0.0101547446752293
2044-09-24,0.010152906636418
2044-09-25,0.107367502703298
2044-09-26,0.010156238895773
2044-09-27,0.106024087495408
2044-09-28,0.0101587878022788
2044-09-29,0.0101507430573019
2044-09-30,0.0101409209067802
2044-10-01,0.0202052740032064
2044-10-02,0.00863873666468637
2044-10-03,0.00862567409031485
2044-10-04,0.0221456814481546
2044-10-05,0.00860771483301801
2044-10-06,0.0198931694009241
2044-10-07,0.00859518638418807
2044-10-08,0.00858363392521481
2044-10-09,0.0085723264824578
2044-10-10,0.00856162120744412
2044-10-11,0.0118176640626682
2044-10-12,0.00853932557644297
2044-10-13,0.00852858988952952
2044-10-14,0.00851823003258402
2044-10-15,0.00850775023188506
2044-10-16,0.00849768882616854
2044-10-17,0.00848793650475077
2044-10-18,0.0084780977935316
2044-10-19,0.0379136402201681
2044-10-20,0.45352295349258
2044-10-21,0.0084831461868686
2044-10-22,0.00852081373974931
2044-10-23,0.00855470588741426
2044-10-24,0.00858168795994226
2044-10-25,0.00860204736603288
2044-10-26,0.00861735653568171
2044-10-27,0.00862907273528982
2044-10-28,0.00863735110147431
2044-10-29,0.00864174433827499
2044-10-30,0.0086417343910366
2044-10-31,0.00863740901907672
2044-11-01,0.00960334081664334
2044-11-02,0.00959671435310646
2044-11-03,0.00959081226850212
2044-11-04,0.00959012517291011
2044-11-05,0.0133167272747569
2044-11-06,0.00959571405357244
2044-11-07,0.00959666033607011
2044-11-08,0.00959487946109116
2044-11-09,0.0095879114983345
2044-11-10,0.00957749114928954
2044-11-11,0.00956704505132091
2044-11-12,0.00955907136317658
2044-11-13,0.0095548046519526
2044-11-14,0.0458384003663484
2044-11-15,0.0291084806688059
2044-11-16,0.242600049113315
2044-11-17,0.425833002609321
2044-11-18,0.360843803880004
2044-11-19,0.0625242485367667
2044-11-20,0.042706386561449
2044-11-21,0.101077759154767
2044-11-22,0.0388730690550175
2044-11-23,0.010797041119639
2044-11-24,0.663394546145961
2044-11-25,0.251901976951045
2044-11-26,0.0334783784368413
2044-11-27,0.0120996476299827
2044-11-28,0.0122676038983845
2044-11-29,0.0123649276899347
2044-11-30,0.0124262025698185
2044-12-01,0.0130733213831273
2044-12-02,0.134921456289707
2044-12-03,0.27039718968783
2044-12-04,0.211617651096942
2044-12-05,0.0519687075380475
2044-12-06,0.378648308183575
2044-12-07,3.5722924137302
2044-12-08,6.52423896182688
2044-12-09,2.00470306711472
2044-12-10,0.560948662297002
2044-12-11,0.0725223378602057
2044-12-12,0.0783573401736363
2044-12-13,0.119016522218094
2044-12-14,0.0966069707695914
2044-12-15,0.100350679618788
2044-12-16,0.0883528605646338
2044-12-17,0.0305143205298363
2044-12-18,0.0200537445460933
2044-12-19,0.0201200536423815
2044-12-20,0.0201467572372152
2044-12-21,0.0223844534278178
2044-12-22,0.0201997433979091
2044-12-23,0.020201522798738
2044-12-24,0.0201555768029626
2044-12-25,0.0309057646951887
2044-12-26,0.339094679373553
2044-12-27,0.595794538183027
2044-12-28,0.155469038767736
2044-12-29,0.0726176679844227
2044-12-30,1.51507116747966
2044-12-31,0.426181733064429
2045-01-01,0.826547036714827
2045-01-02,14.50779528935
2045-01-03,1.38728202912293
2045-01-04,2.29721631703042
2045-01-05,1.86959436969352
2045-01-06,1.7183987679189
2045-01-07,1.61563666263987
2045-01-08,1.49897719206791
2045-01-09,1.42577640010069
2045-01-10,1.31918538857991
2045-01-11,1.19893845256556
2045-01-12,1.07997709293507
2045-01-13,0.970888881461619
2045-01-14,0.875629036096995
2045-01-15,0.789956773179224
2045-01-16,0.713591404289995
2045-01-17,0.651060124473517
2045-01-18,0.592155240042734
2045-01-19,0.54023652003706
2045-01-20,0.492437560992526
2045-01-21,0.693055782293269
2045-01-22,1.34582165704742
2045-01-23,0.935920400047042
2045-01-24,1.13118943255045
2045-01-25,1.42606593365297
2045-01-26,1.79371717565595
2045-01-27,2.17542502747019
2045-01-28,1.82526223770539
2045-01-29,1.60643037584757
2045-01-30,1.56617054361175
2045-01-31,1.46472722390273
2045-02-01,1.31430970100328
2045-02-02,1.18810974312473
2045-02-03,1.06746720123974
2045-02-04,0.95712295699993
2045-02-05,0.857684567549611
2045-02-06,0.769960634982357
2045-02-07,0.694595154557006
2045-02-08,0.784926036952703
2045-02-09,0.600108726216002
2045-02-10,0.548430103506512
2045-02-11,0.510601929290115
2045-02-12,0.476279957190883
2045-02-13,0.443983604868856
2045-02-14,0.413007351208606
2045-02-15,0.404299762031966
2045-02-16,0.491676140099983
2045-02-17,0.346321156600894
2045-02-18,0.324027727966888
2045-02-19,0.302399002652973
2045-02-20,0.280028045568396
2045-02-21,0.255956091918809
2045-02-22,0.232322085585165
2045-02-23,0.210838850925753
2045-02-24,0.19051715200208
2045-02-25,0.170613238927125
2045-02-26,0.153038168602688
2045-02-27,0.143184000819343
2045-02-28,0.127826571920592
2045-03-01,0.106144568561387
2045-03-02,0.089174696135586
2045-03-03,0.121825429463955
2045-03-04,0.0738693050501321
2045-03-05,0.0670851761208062
2045-03-06,0.0604260010016961
2045-03-07,0.0542173518480656
2045-03-08,0.0473850058966852
2045-03-09,0.0443476865370041
2045-03-10,0.0383333105274635
2045-03-11,0.158848045400004
2045-03-12,0.807498450443874
2045-03-13,2.20080976666745
2045-03-14,0.57078685765696
2045-03-15,0.639914148945915
2045-03-16,0.857262271241403
2045-03-17,0.639528701536884
2045-03-18,0.647761533742992
2045-03-19,0.612484707040101
2045-03-20,0.582193372894662
2045-03-21,0.634097153671754
2045-03-22,0.539465441949652
2045-03-23,0.486671134196175
2045-03-24,0.448414071249571
2045-03-25,0.408308581404302
2045-03-26,0.367278278025248
2045-03-27,0.32723153603912
2045-03-28,0.298280655988754
2045-03-29,0.265968334481523
2045-03-30,0.237742719456151
2045-03-31,0.205119237013137
2045-04-01,0.184972518940925
2045-04-02,0.361039270143216
2045-04-03,0.275706606116218
2045-04-04,0.393079181285137
2045-04-05,0.212960051546459
2045-04-06,0.238269690862582
2045-04-07,0.525519155021134
2045-04-08,0.266462967970333
2045-04-09,0.278003683327995
2045-04-10,0.267654865032152
2045-04-11,0.247425174582294
2045-04-12,0.241458303003742
2045-04-13,0.208070057085244
2045-04-14,0.189292833567446
2045-04-15,0.573608628722204
2045-04-16,0.567059136043209
2045-04-17,0.310845078524646
2045-04-18,0.340250891279293
2045-04-19,0.417462278411597
2045-04-20,0.345996513989357
2045-04-21,0.422940756542636
2045-04-22,0.557986398366825
2045-04-23,0.369979832702456
2045-04-24,0.374027864754736
2045-04-25,0.360281865559153
2045-04-26,0.339738854394402
2045-04-27,0.313182671539567
2045-04-28,0.290291982607533
2045-04-29,0.265386361664244
2045-04-30,0.244470658872951
2045-05-01,0.278100608760344
2045-05-02,0.25573866104191
2045-05-03,0.230605437567192
2045-05-04,0.20702444158613
2045-05-05,0.181758138070062
2045-05-06,0.15641912060914
2045-05-07,0.131378068149781
2045-05-08,0.491313184430947
2045-05-09,0.31305619354357
2045-05-10,0.148002368251413
2045-05-11,0.150963402416782
2045-05-12,0.148765185465735
2045-05-13,0.153534474049492
2045-05-14,0.152740728585523
2045-05-15,0.134940848304946
2045-05-16,0.119601527125747
2045-05-17,0.104662489612597
2045-05-18,0.0874036960887655
2045-05-19,0.0801946954013644
2045-05-20,0.0601489339184701
2045-05-21,0.0493895284295439
2045-05-22,0.0394117741343379
2045-05-23,0.0317184893477768
2045-05-24,0.0261965482896113
2045-05-25,0.0220648344604274
2045-05-26,0.0191310789053508
2045-05-27,0.0176202426794472
2045-05-28,0.0170786199225837
2045-05-29,0.0168480433335049
2045-05-30,0.016657604808822
2045-05-31,0.0164661028773019
2045-06-01,0.019837467442219
2045-06-02,0.019581347924367
2045-06-03,0.0193124195840141
2045-06-04,0.0190532050851588
2045-06-05,0.0188020953921614
2045-06-06,0.018535575572803
2045-06-07,0.0182450045234903
2045-06-08,0.0179325448383138
2045-06-09,0.0176163242058711
2045-06-10,0.0174178535674123
2045-06-11,0.0171223602865224
2045-06-12,0.0169140985552796
2045-06-13,0.0166560929445258
2045-06-14,0.0163443319983383
2045-06-15,0.015996539744758
2045-06-16,0.0156448188131312
2045-06-17,0.0153183339352373
2045-06-18,0.0150392690380464
2045-06-19,0.0148076077427561
2045-06-20,0.0145874371758659
2045-06-21,0.0143120005707142
2045-06-22,0.0140680954235623
2045-06-23,0.0137701774726217
2045-06-24,0.0135460720864875
2045-06-25,0.0133053399711031
2045-06-26,0.0130453414676853
2045-06-27,0.0127693338619117
2045-06-28,0.0124883604918132
2045-06-29,0.0122199652649437
2045-06-30,0.0119590173285225
2045-07-01,0.0222680237716291
2045-07-02,0.0217898423945363
2045-07-03,0.0213004386967748
2045-07-04,0.0207946310304887
2045-07-05,0.020277347006668
2045-07-06,0.0197392123511034
2045-07-07,0.0192171776767855
2045-07-08,0.0187527699613484
2045-07-09,0.0183209486408223
2045-07-10,0.0178965309016549
2045-07-11,0.0174900161250343
2045-07-12,0.0171109001726567
2045-07-13,0.0167602788780335
2045-07-14,0.0164433585528654
2045-07-15,0.0161569887806776
2045-07-16,0.015899079145584
2045-07-17,0.0156729734287565
2045-07-18,0.0154756232453462
2045-07-19,0.0153037225704862
2045-07-20,0.015157120829061
2045-07-21,0.0150332695686385
2045-07-22,0.0149306578423815
2045-07-23,0.0148448446207957
2045-07-24,0.0147709685700153
2045-07-25,0.0147089429707681
2045-07-26,0.0146588187001237
2045-07-27,0.0146191269507282
2045-07-28,0.0145889815554219
2045-07-29,0.0145657116274406
2045-07-30,0.0145452409108862
2045-07-31,0.014528643392519
2045-08-01,0.0187595472376361
2045-08-02,0.0187462133560962
2045-08-03,0.0187351553286282
2045-08-04,0.0187269911551314
2045-08-05,0.0187213035963224
2045-08-06,0.0187166649222752
2045-08-07,0.018712153295733
2045-08-08,0.0187076434712107
2045-08-09,0.0187031342427643
2045-08-10,0.0186986260277667
2045-08-11,0.018694119000723
2045-08-12,0.0186896128743895
2045-08-13,0.0186851082250526
2045-08-14,0.0186806044470419
2045-08-15,0.0186761019073578
2045-08-16,0.0186716004147042
2045-08-17,0.0186671000566336
2045-08-18,0.0186626004625475
2045-08-19,0.0186581023376624
2045-08-20,0.0186536050391278
2045-08-21,0.0186491091774118
2045-08-22,0.0186446138260183
2045-08-23,0.0186401199977964
2045-08-24,2.07772814872608
2045-08-25,1.60358123896777
2045-08-26,0.288685343655647
2045-08-27,0.0209118686694134
2045-08-28,0.0211224073730883
2045-08-29,0.0211098953757647
2045-08-30,0.0209999096429413
2045-08-31,0.0208523013600222
2045-09-01,0.0108485128148195
2045-09-02,0.0107583545686933
2045-09-03,0.0106704459027887
2045-09-04,0.0105871483454855
2045-09-05,0.0105082815214318
2045-09-06,0.0104340502839282
2045-09-07,0.0927739744361271
2045-09-08,0.0104245783390717
2045-09-09,0.0107759372937085
2045-09-10,0.0102754628483375
2045-09-11,0.0102335390559501
2045-09-12,0.0101940066909883
2045-09-13,0.0101537888934625
2045-09-14,0.010115319607729
2045-09-15,0.010079086710777
2045-09-16,0.0100447548257162
2045-09-17,0.0100121619520072
2045-09-18,0.00998118687531545
2045-09-19,0.00995411924889713
2045-09-20,0.00993126849001186
2045-09-21,0.00991099026153838
2045-09-22,0.00989517959801127
2045-09-23,0.0100619039542001
2045-09-24,0.00987561033450299
2045-09-25,0.00986755527749364
2045-09-26,0.00985837628535967
2045-09-27,0.00984890961695321
2045-09-28,0.00984082544544816
2045-09-29,0.00987169382590429
2045-09-30,0.00982848692411876
2045-10-01,0.00838275314477232
2045-10-02,0.00837925399276315
2045-10-03,0.0083759914906859
2045-10-04,0.00837293115995043
2045-10-05,0.00837009996800517
2045-10-06,0.00836732418968012
2045-10-07,0.00836458364956515
2045-10-08,0.00836200164463552
2045-10-09,0.00835947453734259
2045-10-10,0.00835699141341498
2045-10-11,0.00835461968288745
2045-10-12,0.00835229541720503
2045-10-13,0.00834996201595866
2045-10-14,0.00834762033965748
2045-10-15,0.00834536371584016
2045-10-16,0.00834324054338114
2045-10-17,0.00834116461547475
2045-10-18,0.00833907535410455
2045-10-19,0.00833698771554662
2045-10-20,0.00833489844451682
2045-10-21,0.00833280705964518
2045-10-22,0.0083307329230574
2045-10-23,0.00832866939297552
2045-10-24,0.00832659892649796
2045-10-25,0.00832452504562118
2045-10-26,0.00832249180213261
2045-10-27,0.00832049777070505
2045-10-28,0.00831850289647765
2045-10-29,0.00831650777432058
2045-10-30,0.00831451210478634
2045-10-31,0.00831251611916864
2045-11-01,0.00924573535494543
2045-11-02,0.0092435147458088
2045-11-03,0.00924129460265794
2045-11-04,0.00923907420337905
2045-11-05,0.00923685392261157
2045-11-06,0.00923463343676264
2045-11-07,0.0092324134974992
2045-11-08,0.00923019355345939
2045-11-09,0.0121528935807643
2045-11-10,0.0092257548164634
2045-11-11,0.00922353582558995
2045-11-12,0.0092213173762272
2045-11-13,0.00921909908806396
2045-11-14,0.00921688131454482
2045-11-15,0.00921466391476954
2045-11-16,0.00921244701322002
2045-11-17,0.0158541106953266
2045-11-18,0.00987472203981978
2045-11-19,0.0302399879805146
2045-11-20,0.17247004983106
2045-11-21,0.467364215896889
2045-11-22,0.171574918819325
2045-11-23,0.00922140650220284
2045-11-24,0.108721853210102
2045-11-25,0.0108840957609489
2045-11-26,0.0875805722249089
2045-11-27,0.863832878341904
2045-11-28,0.152076482168498
2045-11-29,0.0225197432419775
2045-11-30,0.0141618291821564
2045-12-01,0.00927581559194762
2045-12-02,0.00938532474959524
2045-12-03,0.00974159597007763
2045-12-04,0.0141589212149916
2045-12-05,0.00962469197749115
2045-12-06,0.00962501409119365
2045-12-07,0.0232889716712216
2045-12-08,0.00969115995374285
2045-12-09,0.00970618318714961
2045-12-10,0.00971206594498745
2045-12-11,0.00971238839818147
2045-12-12,0.00970913080018178
2045-12-13,0.00969867074318852
2045-12-14,0.00968128044273806
2045-12-15,0.0125131685431333
2045-12-16,0.00965891593219516
2045-12-17,0.439604789875723
2045-12-18,0.495384260128155
2045-12-19,0.342272600070716
2045-12-20,0.0652887982669088
2045-12-21,0.0167113958892946
2045-12-22,0.0137310935748595
2045-12-23,0.0113425845329972
2045-12-24,0.0114177521299498
2045-12-25,0.0114564506876548
2045-12-26,0.0139844055002131
2045-12-27,0.0114730112352069
2045-12-28,0.0114594476971938
2045-12-29,0.0114461864889197
2045-12-30,0.0114340285277304
2045-12-31,0.0153496268310461
2046-01-01,0.0136777469507703
2046-01-02,0.0086357958730793
2046-01-03,0.00857978479022514
2046-01-04,0.0107157688526231
2046-01-05,0.0477843266021646
2046-01-06,0.0983045211734877
2046-01-07,0.0369486935491347
2046-01-08,0.126019812889667
2046-01-09,0.135126593322338
2046-01-10,0.0514959767688675
2046-01-11,0.0407737313633629
2046-01-12,0.0290177263687598
2046-01-13,0.0150800809991187
2046-01-14,0.0209509862630618
2046-01-15,0.0322935696107587
2046-01-16,0.19971628265969
2046-01-17,1.26634003213361
2046-01-18,0.46633645113835
2046-01-19,0.0309920942788946
2046-01-20,0.0312682681486498
2046-01-21,0.084885926360237
2046-01-22,0.114230200707985
2046-01-23,0.0877718789511152
2046-01-24,0.083693508441373
2046-01-25,0.0528346146914728
2046-01-26,0.0321773245325436
2046-01-27,0.025633452540868
2046-01-28,0.0430554267206123
2046-01-29,0.0414798338423726
2046-01-30,0.0502713732851296
2046-01-31,0.031153418939841
2046-02-01,0.0319743883204812
2046-02-02,0.250579281249039
2046-02-03,0.186627344507387
2046-02-04,0.0170071164687584
2046-02-05,0.270949253282018
2046-02-06,0.0439657422778813
2046-02-07,0.0220811064977258
2046-02-08,0.176971081751891
2046-02-09,0.380455916459741
2046-02-10,0.71645755046178
2046-02-11,1.31966537918771
2046-02-12,0.377790855707522
2046-02-13,0.107227674283867
2046-02-14,0.38363883095878
2046-02-15,0.344729071720041
2046-02-16,0.283658725800146
2046-02-17,0.256022651606598
2046-02-18,0.309848044158385
2046-02-19,0.345508461221446
2046-02-20,0.332162603400247
2046-02-21,0.332980568571784
2046-02-22,0.322740910553412
2046-02-23,0.323144150854366
2046-02-24,0.319213660327944
2046-02-25,0.304975566699024
2046-02-26,0.508642290363189
2046-02-27,0.555956232256722
2046-02-28,0.429962271709092
2046-03-01,0.39720019588591
2046-03-02,0.379622910108636
2046-03-03,0.368702325634622
2046-03-04,0.367371585765167
2046-03-05,0.374015760000937
2046-03-06,0.364494253642554
2046-03-07,0.349236301245284
2046-03-08,0.350135182178855
2046-03-09,0.325818439973415
2046-03-10,0.502160975032616
2046-03-11,0.513773114213137
2046-03-12,0.366010331369833
2046-03-13,0.378446302788199
2046-03-14,0.56042902257067
2046-03-15,0.392255312531108
2046-03-16,0.399232649559944
2046-03-17,0.392617525841628
2046-03-18,0.377754129053797
2046-03-19,0.357393459267682
2046-03-20,0.328661347648989
2046-03-21,0.305787766663428
2046-03-22,0.279790001949756
2046-03-23,0.252503979402769
2046-03-24,0.225855684868387
2046-03-25,0.201792132115046
2046-03-26,0.179422881069352
2046-03-27,0.165960391393289
2046-03-28,0.152813180655992
2046-03-29,0.138195547766594
2046-03-30,0.211212980249858
2046-03-31,0.328830616379185
2046-04-01,0.279680237291999
2046-04-02,0.403330254393656
2046-04-03,0.704919189937379
2046-04-04,0.695213494653891
2046-04-05,0.57817407257633
2046-04-06,0.594197014701323
2046-04-07,0.550159613580529
2046-04-08,0.519811901988932
2046-04-09,0.480050366540556
2046-04-10,0.459883044880434
2046-04-11,0.552391197038836
2046-04-12,0.429224619420859
2046-04-13,0.445602965711841
2046-04-14,0.492408227223495
2046-04-15,0.436854753044605
2046-04-16,0.399998850359079
2046-04-17,0.407748108602557
2046-04-18,0.380164563848636
2046-04-19,0.351869924003793
2046-04-20,0.438081645515708
2046-04-21,0.361890490416068
2046-04-22,0.312827317825548
2046-04-23,0.289768491627602
2046-04-24,0.261158359825085
2046-04-25,0.232739739991374
2046-04-26,0.20611076120711
2046-04-27,0.179695582569093
2046-04-28,0.153454151051911
2046-04-29,0.167381665499162
2046-04-30,0.183140509324249
2046-05-01,0.160242435014514
2046-05-02,0.138251539535308
2046-05-03,0.124039225674967
2046-05-04,0.206026810757286
2046-05-05,0.255582850680017
2046-05-06,0.235590687878356
2046-05-07,0.179678204372255
2046-05-08,0.237376481338483
2046-05-09,0.198556129944204
2046-05-10,0.170876282737927
2046-05-11,0.161503108352582
2046-05-12,0.149507670450982
2046-05-13,0.138982700053314
2046-05-14,0.125352109260881
2046-05-15,0.119153820435724
2046-05-16,0.0968394321730852
2046-05-17,0.0823602077045765
2046-05-18,0.0684277263886827
2046-05-19,0.0552640680174896
2046-05-20,0.0455794971272884
2046-05-21,0.0453239250062475
2046-05-22,0.0350643542017903
2046-05-23,0.033395955083694
2046-05-24,0.0236207479537604
2046-05-25,0.0206187828412286
2046-05-26,0.0187348475330488
2046-05-27,0.0175632645068699
2046-05-28,0.0169487499409767
2046-05-29,0.0167204773104304
2046-05-30,0.0165662789807504
2046-05-31,0.0163915308177466
2046-06-01,0.0201203801697404
2046-06-02,0.0195952314729784
2046-06-03,0.022782503939478
2046-06-04,0.0191467874171608
2046-06-05,0.0188926187289176
2046-06-06,0.0189817246031958
2046-06-07,0.0183425031989514
2046-06-08,0.0180784922220938
2046-06-09,0.0178490439855367
2046-06-10,0.0176084906019193
2046-06-11,0.017312734631925
2046-06-12,0.0169760394496573
2046-06-13,0.0166296106282134
2046-06-14,0.0162826590464959
2046-06-15,0.0159406833915897
2046-06-16,0.0156026116070245
2046-06-17,0.015264171661828
2046-06-18,0.0149222014535151
2046-06-19,0.0145757234415199
2046-06-20,0.0142161135546814
2046-06-21,0.0138391260272305
2046-06-22,0.0134583040298457
2046-06-23,0.0131008322069413
2046-06-24,0.0127689017274671
2046-06-25,0.0124441265096329
2046-06-26,0.0121208825239805
2046-06-27,0.0118041630248629
2046-06-28,0.0115105486206024
2046-06-29,0.0112379107770954
2046-06-30,0.0109690788403698
2046-07-01,0.0203567852436789
2046-07-02,0.0198754919725209
2046-07-03,0.0194350080238307
2046-07-04,0.0189856061702367
2046-07-05,0.0185269983182379
2046-07-06,0.0180861788035271
2046-07-07,0.0176624623552279
2046-07-08,0.0172634130191102
2046-07-09,0.0168923713151798
2046-07-10,0.0165556106896437
2046-07-11,0.0162534862142686
2046-07-12,0.0159834333233614
2046-07-13,0.0157593620433977
2046-07-14,0.0155596032595213
2046-07-15,0.0153882663311583
2046-07-16,0.0152311465032418
2046-07-17,0.0150983317437678
2046-07-18,0.0149875613174808
2046-07-19,0.0148941129810167
2046-07-20,0.0148162124140302
2046-07-21,0.0147493938391928
2046-07-22,0.0146918058899476
2046-07-23,0.0146448170941801
2046-07-24,0.0146070004350727
2046-07-25,0.0145750776160234
2046-07-26,0.014548537683563
2046-07-27,0.0145306146101819
2046-07-28,0.0145187889649497
2046-07-29,0.0145086970810484
2046-07-30,0.0145005190232962
2046-07-31,0.0144942703694693
2046-08-01,0.0187250679572666
2046-08-02,0.0187200984059678
2046-08-03,0.0187155863872389
2046-08-04,0.0187110746959318
2046-08-05,0.0187065648768066
2046-08-06,0.0187020562660243
2046-08-07,0.0186975485715436
2046-08-08,0.0186930417190049
2046-08-09,0.0186885359830591
2046-08-10,0.0186840315993778
2046-08-11,0.0186795281242024
2046-08-12,0.0186750256228974
2046-08-13,0.0186705241518321
2046-08-14,0.0186660242411182
2046-08-15,0.018661525279688
2046-08-16,0.0186570275493883
2046-08-17,0.0186525305866711
2046-08-18,0.0230152559533318
2046-08-19,0.0186435398892811
2046-08-20,0.0186390459831016
2046-08-21,0.018634553647468
2046-08-22,0.0186300621609726
2046-08-23,0.018625571748493
2046-08-24,0.0186210824777925
2046-08-25,0.0186165944166342
2046-08-26,0.0186121070085207
2046-08-27,0.0246006544949377
2046-08-28,0.0186031359000773
2046-08-29,0.0185986519376898
2046-08-30,0.0185941692646011
2046-08-31,0.0185896874826279
2046-09-01,0.00974545575553633
2046-09-02,0.00974310678498171
2046-09-03,0.00974075832006062
2046-09-04,0.00973841050636295
2046-09-05,0.00973606344010995
2046-09-06,0.00973371683389548
2046-09-07,0.00973137072734006
2046-09-08,0.00972902518616353
2046-09-09,0.00972668022766056
2046-09-10,0.00972433566253299
2046-09-11,0.00972199201811129
2046-09-12,0.00971964865575017
2046-09-13,0.00971730597228388
2046-09-14,0.0219738733005988
2046-09-15,0.00971262223451038
2046-09-16,0.00971028120535906
2046-09-17,0.00970794079787284
2046-09-18,0.00970560084696621
2046-09-19,0.00970326147747542
2046-09-20,0.00970092301328254
2046-09-21,0.00969858471794861
2046-09-22,0.00969624707383809
2046-09-23,0.00969390998032729
2046-09-24,0.00969157350345053
2046-09-25,0.00968923783376378
2046-09-26,0.00968690211848185
2046-09-27,0.00968456747295461
2046-09-28,0.00968223318621348
2046-09-29,0.00967989971452346
2046-09-30,0.0096775663217601
2046-10-01,0.00825596990290744
2046-10-02,0.00825398012277588
2046-10-03,0.00825199064772659
2046-10-04,0.0082500017857934
2046-10-05,0.00824801335398059
2046-10-06,0.00824602526186362
2046-10-07,0.00824403757679133
2046-10-08,0.00824205072002948
2046-10-09,0.00824006415681208
2046-10-10,0.00823807813667866
2046-10-11,0.00823609268914471
2046-10-12,0.00823410742916792
2046-10-13,0.00823212274286388
2046-10-14,0.00823013879203083
2046-10-15,0.00822815493645214
2046-10-16,0.00822617197760603
2046-10-17,0.00822418920443884
2046-10-18,0.00822220706209702
2046-10-19,0.00822022527555036
2046-10-20,0.0082182437594724
2046-10-21,0.00821626317313066
2046-10-22,0.00821428266487069
2046-10-23,0.00821230286390785
2046-10-24,0.00821032365781522
2046-10-25,0.00820834470072552
2046-10-26,0.0082063662692789
2046-10-27,0.00820438835945052
2046-10-28,0.00820241100692723
2046-10-29,0.00912537515590943
2046-10-30,0.00819845744976277
2046-10-31,0.00819648162291917
2046-11-01,0.00911666552864389
2046-11-02,0.00911446831820275
2046-11-03,0.00911227146299746
2046-11-04,0.00911007523408185
2046-11-05,0.00910787948130151
2046-11-06,0.0091056841909249
2046-11-07,0.00910348961191534
2046-11-08,0.0373800382555194
2046-11-09,0.238009170343669
2046-11-10,0.072813509170098
2046-11-11,0.00917981471111907
2046-11-12,0.00909269155915214
2046-11-13,0.00909062766243798
2046-11-14,0.0090997644093088
2046-11-15,0.00908652303874221
2046-11-16,0.00908447286487654
2046-11-17,0.00908241911686112
2046-11-18,0.0090803608069015
2046-11-19,0.00907829765080917
2046-11-20,0.00907623231583775
2046-11-21,0.00907416517662671
2046-11-22,0.00907209553583915
2046-11-23,0.00907002330899469
2046-11-24,0.00906794542106482
2046-11-25,0.00906586072514525
2046-11-26,0.00906376948930469
2046-11-27,0.00906167198877647
2046-11-28,0.0090595682734127
2046-11-29,0.0122738340536984
2046-11-30,0.100483191470452
2046-12-01,0.00781523664945956
2046-12-02,0.150227553433938
2046-12-03,0.386128503463203
2046-12-04,0.0612273559840244
2046-12-05,0.262475715390545
2046-12-06,2.48256187210592
2046-12-07,2.47225750147233
2046-12-08,0.178425680692427
2046-12-09,0.0442405841567332
2046-12-10,0.0128168438129448
2046-12-11,0.0277813450560603
2046-12-12,0.0130364852081589
2046-12-13,0.199225199431616
2046-12-14,0.0410249403809504
2046-12-15,0.0133029939637054
2046-12-16,0.0133604613747636
2046-12-17,0.0133831780743115
2046-12-18,0.0133874043474222
2046-12-19,0.0146773106935279
2046-12-20,0.0134047048134921
2046-12-21,0.0134038622670213
2046-12-22,0.0134008847777337
2046-12-23,0.0133900628375378
2046-12-24,0.0888278841154978
2046-12-25,0.36932501812667
2046-12-26,0.0135097156638575
2046-12-27,0.013615546237474
2046-12-28,0.0150690990435665
2046-12-29,0.014526585930693
2046-12-30,0.0176881215630142
2046-12-31,0.319341178682696
2047-01-01,1.5356328402445
2047-01-02,0.29957278064531
2047-01-03,0.0629183339552311
2047-01-04,0.0539322138942549
2047-01-05,0.0622805495865997
2047-01-06,0.0261773754119573
2047-01-07,0.0220254668418246
2047-01-08,0.0562457545839714
2047-01-09,0.0632266848580099
2047-01-10,0.0575766832928268
2047-01-11,0.0505947677853753
2047-01-12,0.0983827847150862
2047-01-13,0.109319441915428
2047-01-14,0.0474403375961625
2047-01-15,0.023645171943566
2047-01-16,0.0162751526133707
2047-01-17,0.10564272232635
2047-01-18,0.295948606455314
2047-01-19,0.113332643764995
2047-01-20,0.0621889391835555
2047-01-21,0.0484639240157343
2047-01-22,0.0370802135555419
2047-01-23,0.0420998902183401
2047-01-24,0.0396081057654534
2047-01-25,0.0270589261129919
2047-01-26,0.0198161467053034
2047-01-27,0.0242059855553057
2047-01-28,0.0242553042582939
2047-01-29,0.0197153083008907
2047-01-30,0.016916531508199
2047-01-31,0.0169269279824411
2047-02-01,0.0182257475317785
2047-02-02,0.0253640970417529
2047-02-03,0.0420223491154545
2047-02-04,0.0450061128782347
2047-02-05,0.0377200232091205
2047-02-06,0.0272749480357605
2047-02-07,0.0241574512908422
2047-02-08,0.0181347675304671
2047-02-09,0.0196692195971491
2047-02-10,0.0359184760427971
2047-02-11,0.0306713224701308
2047-02-12,0.0637100545585372
2047-02-13,0.0666785050494364
2047-02-14,0.047558120839456
2047-02-15,0.0400040598610782
2047-02-16,0.0435915820255503
2047-02-17,0.0445600774427849
2047-02-18,0.0352521844832106
2047-02-19,0.0382232207552617
2047-02-20,0.141470060244913
2047-02-21,0.633177212406122
2047-02-22,0.425029461624689
2047-02-23,0.0998994321166343
2047-02-24,0.110511378543205
2047-02-25,0.125664826288613
2047-02-26,0.138447763093208
2047-02-27,0.146331926298919
2047-02-28,0.149927623449159
2047-03-01,0.116250089095269
2047-03-02,0.108888897601256
2047-03-03,0.124371601841941
2047-03-04,0.329483006705343
2047-03-05,0.372262622366303
2047-03-06,0.90293120811417
2047-03-07,0.555213484140737
2047-03-08,0.444759496743043
2047-03-09,0.897164597995854
2047-03-10,1.41489683004307
2047-03-11,0.92400115691001
2047-03-12,0.893785289778922
2047-03-13,0.858703158471353
2047-03-14,0.788073063902894
2047-03-15,0.733814065702224
2047-03-16,0.868824112571922
2047-03-17,0.619849280733156
2047-03-18,0.579658639681744
2047-03-19,0.526937041809911
2047-03-20,0.472302944572562
2047-03-21,0.42085694360537
2047-03-22,0.387225489109731
2047-03-23,0.381574458097095
2047-03-24,0.365597994005583
2047-03-25,0.389707679089594
2047-03-26,0.370245358519844
2047-03-27,0.332305141474149
2047-03-28,0.362792929702371
2047-03-29,0.361023110323764
2047-03-30,0.373286885859019
2047-03-31,0.41745673303723
2047-04-01,0.435911910601893
2047-04-02,0.598349198411048
2047-04-03,0.60914545381868
2047-04-04,0.542001463715269
2047-04-05,0.550033898495457
2047-04-06,0.524773171107554
2047-04-07,0.502570964648646
2047-04-08,0.466388893320943
2047-04-09,0.427049282158441
2047-04-10,0.378189290855959
2047-04-11,0.32525630823143
2047-04-12,0.273798847239163
2047-04-13,0.226939875365557
2047-04-14,0.186521223989851
2047-04-15,0.153962271162328
2047-04-16,0.128504574437974
2047-04-17,0.108417090145855
2047-04-18,0.0913218173718814
2047-04-19,0.157695949221079
2047-04-20,0.127333989440255
2047-04-21,0.0762121968226038
2047-04-22,0.068028665249204
2047-04-23,0.060182297366747
2047-04-24,0.0513382093282162
2047-04-25,0.0429227061788727
2047-04-26,0.0361360899544643
2047-04-27,0.0301490903574203
2047-04-28,0.0245408944813483
2047-04-29,0.0201772282381472
2047-04-30,0.0173374119423611
2047-05-01,0.0277750860982174
2047-05-02,0.0193125692763116
2047-05-03,0.0178020912815665
2047-05-04,0.0172586832090616
2047-05-05,0.0169599700688208
2047-05-06,0.0190933763897245
2047-05-07,0.0167428180675094
2047-05-08,0.0166174163186114
2047-05-09,0.0164655040461477
2047-05-10,0.0162934493763344
2047-05-11,0.0161275840500121
2047-05-12,0.0159715683866749
2047-05-13,0.0158130979018286
2047-05-14,0.0156449596556303
2047-05-15,0.0154647462086901
2047-05-16,0.0152719556592445
2047-05-17,0.0150767928761438
2047-05-18,0.0148902533818426
2047-05-19,0.0147185513558775
2047-05-20,0.0145418975056228
2047-05-21,0.0143466263448666
2047-05-22,0.0141477562466162
2047-05-23,0.0139468535628422
2047-05-24,0.0137483221557671
2047-05-25,0.0314789502034297
2047-05-26,0.0133852620273129
2047-05-27,0.0132111746899626
2047-05-28,0.013424902382628
2047-05-29,0.0158955051537962
2047-05-30,0.0136609851699083
2047-05-31,0.0202201992581337
2047-06-01,0.0225407808621582
2047-06-02,0.0148407861454845
2047-06-03,0.0145896736730953
2047-06-04,0.0143121832925521
2047-06-05,0.0140192450419177
2047-06-06,0.0303305256208054
2047-06-07,0.0133938947375559
2047-06-08,0.013083774372958
2047-06-09,0.0127722707692773
2047-06-10,0.0124915768085342
2047-06-11,0.0122259161114587
2047-06-12,0.0119734895852813
2047-06-13,0.0133020186506395
2047-06-14,0.0221708583944022
2047-06-15,0.068939165841046
2047-06-16,0.0115021002954842
2047-06-17,0.0113461081206456
2047-06-18,0.0153229635190083
2047-06-19,0.0110130835705334
2047-06-20,0.0108615577640995
2047-06-21,0.0106712709217342
2047-06-22,0.0104718958253962
2047-06-23,0.0102696578828734
2047-06-24,0.0100588191164751
2047-06-25,0.00984598067136534
2047-06-26,0.00962644625788343
2047-06-27,0.00940377023615042
2047-06-28,0.00919078276237678
2047-06-29,0.00899852490981383
2047-06-30,0.00882812084096647
2047-07-01,0.0165011680507449
2047-07-02,0.0162262111732777
2047-07-03,0.0221736235277578
2047-07-04,0.0157867718344025
2047-07-05,0.0155992907101912
2047-07-06,0.0154169697225743
2047-07-07,0.0152573756731984
2047-07-08,0.0151248946784009
2047-07-09,0.0150132159110658
2047-07-10,0.0149140228994874
2047-07-11,0.0148298440933816
2047-07-12,0.0147618025427056
2047-07-13,0.014707304701098
2047-07-14,0.0146607181716661
2047-07-15,0.0146198407447443
2047-07-16,0.0145849104376706
2047-07-17,0.0145578985697293
2047-07-18,0.0145391381886784
2047-07-19,0.0145259393488635
2047-07-20,0.0145151943389387
2047-07-21,0.0145054432413369
2047-07-22,0.014496358534371
2047-07-23,0.0144892406238398
2047-07-24,0.014484522857851
2047-07-25,0.0144808285518915
2047-07-26,0.0144773384409672
2047-07-27,0.0144738487796831
2047-07-28,0.0144703599160575
2047-07-29,0.0144668721340737
2047-07-30,0.014463385216104
2047-07-31,0.0144598992206157
2047-08-01,0.0186824799858261
2047-08-02,0.0186779762977666
2047-08-03,0.0186734750143992
2047-08-04,0.0186689736158944
2047-08-05,0.0186644740080158
2047-08-06,0.0186599752828571
2047-08-07,0.0186554776652961
2047-08-08,0.0186509811619291
2047-08-09,0.0186464855262901
2047-08-10,0.0186419911901444
2047-08-11,0.0186374978470587
2047-08-12,0.0186330052877468
2047-08-13,0.0186285147949109
2047-08-14,0.0186240246564823
2047-08-15,0.0186195353683912
2047-08-16,0.0186150475381074
2047-08-17,0.0186105610720815
2047-08-18,0.0186060752387116
2047-08-19,0.0186015903342365
2047-08-20,0.0185971066788821
2047-08-21,0.018592624525111
2047-08-22,0.0185881430369779
2047-08-23,0.0185836626522448
2047-08-24,0.0185791833103445
2047-08-25,0.0185747054022644
2047-08-26,0.0185702281904057
2047-08-27,0.0185657520453667
2047-08-28,0.0185612777665129
2047-08-29,0.0185568036003977
2047-08-30,0.0185523309022841
2047-08-31,0.0185478593939236
2047-09-01,0.00972352763897792
2047-09-02,0.00972118404738369
2047-09-03,0.0097188410173949
2047-09-04,0.00971649841285526
2047-09-05,0.00971415671833037
2047-09-06,0.00971181510115982
2047-09-07,0.0097094742537598
2047-09-08,0.00970713414468553
2047-09-09,0.00970479423717287
2047-09-10,0.00970245531074025
2047-09-11,0.00970011671039107
2047-09-12,0.00969777872887706
2047-09-13,0.00969544120991711
2047-09-14,0.00969310434123726
2047-09-15,0.00969076802881711
2047-09-16,0.00968843223649532
2047-09-17,0.00968609705294629
2047-09-18,0.00968376248697462
2047-09-19,0.00968142847663391
2047-09-20,0.00967909485966852
2047-09-21,0.00967676212976311
2047-09-22,0.00967442957909355
2047-09-23,0.00967209782869595
2047-09-24,0.00966976657072523
2047-09-25,0.0096674358699576
2047-09-26,0.00966510586349286
2047-09-27,0.025069748108142
2047-09-28,0.0096604473350759
2047-09-29,0.0241968374050027
2047-09-30,0.0096557909710098
2047-10-01,0.00823739326453855
2047-10-02,0.00823540796753331
2047-10-03,0.00823342303034806
2047-10-04,0.00823143854099247
2047-10-05,0.00822945449973486
2047-10-06,0.0082274709948532
2047-10-07,0.00822548777358804
2047-10-08,0.00822350541068541
2047-10-09,0.00822152338694197
2047-10-10,0.00821954170021115
2047-10-11,0.00821756062149829
2047-10-12,0.00821557996753937
2047-10-13,0.00821359985854273
2047-10-14,0.00821162012036728
2047-10-15,0.00820964098725826
2047-10-16,0.00820766221745742
2047-10-17,0.00820568389548624
2047-10-18,0.0082037062588098
2047-10-19,0.00820172882417992
2047-10-20,0.00819975207779636
2047-10-21,0.0127476768247285
2047-10-22,0.00819579973586286
2047-10-23,0.00819382454896757
2047-10-24,0.00819184958370636
2047-10-25,0.00818987505768849
2047-10-26,0.0109818164653406
2047-10-27,0.00818592779884963
2047-10-28,0.00818395482856356
2047-10-29,0.00818198218214229
2047-10-30,0.00818001020196489
2047-10-31,0.00817803856845971
2047-11-01,0.00909615237497712
2047-11-02,0.00909396009156701
2047-11-03,0.00909176808756923
2047-11-04,0.00908957661523108
2047-11-05,0.0090873859623234
2047-11-06,0.00919276746304614
2047-11-07,0.00908300616372288
2047-11-08,0.00908081674458803
2047-11-09,0.00907862808338896
2047-11-10,0.00907643973981254
2047-11-11,0.00907425226313087
2047-11-12,0.00907206535124427
2047-11-13,0.0222562673613686
2047-11-14,0.00906769258123778
2047-11-15,0.0093707842839427
2047-11-16,0.00906332224414876
2047-11-17,0.00906113772577526
2047-11-18,0.00905895388802166
2047-11-19,0.00905677045147552
2047-11-20,0.00905458759435189
2047-11-21,0.00905240523724494
2047-11-22,0.0090502234813523
2047-11-23,0.00904804216278768
2047-11-24,0.0107204824487174
2047-11-25,0.0644052792548261
2047-11-26,0.119132468999535
2047-11-27,0.458422151988279
2047-11-28,1.40837718625973
2047-11-29,0.0559312867819278
2047-11-30,0.0230811266417904
2047-12-01,0.016125122421858
2047-12-02,0.0250879287179004
2047-12-03,0.0454915628937589
2047-12-04,0.0795834884584728
2047-12-05,0.0710013014281512
2047-12-06,0.0492010302190651
2047-12-07,0.0362537230166087
2047-12-08,0.0195947903464386
2047-12-09,0.0246794389652186
2047-12-10,0.0197725289959809
2047-12-11,0.0122492181545092
2047-12-12,0.0353319471760099
2047-12-13,0.0978414012108156
2047-12-14,0.0753057547700544
2047-12-15,0.0960604464600098
2047-12-16,0.0159037539304799
2047-12-17,0.0163179789031817
2047-12-18,0.0196015934364662
2047-12-19,0.0795440356695543
2047-12-20,0.11870739648932
2047-12-21,0.111938159203281
2047-12-22,0.0844794640471481
2047-12-23,0.0683566892817098
2047-12-24,0.0333837013997923
2047-12-25,0.011056440849659
2047-12-26,0.0110874673468643
2047-12-27,0.0111058328919889
2047-12-28,0.0111103593891836
2047-12-29,0.0111045712160801
2047-12-30,0.0110963807804736
2047-12-31,0.011083943508276
2048-01-01,0.0082924982133442
2048-01-02,0.00826045159748291
2048-01-03,0.00822022459578987
2048-01-04,0.0263576539970465
2048-01-05,0.0209196569993756
2048-01-06,0.00875352396174949
2048-01-07,0.0128868123763705
2048-01-08,0.0174845670883687
2048-01-09,0.0170493740954277
2048-01-10,0.0369984594124848
2048-01-11,0.109408511982986
2048-01-12,0.111164036516725
2048-01-13,0.0251783975873827
2048-01-14,0.0108773370102429
2048-01-15,0.010035265766653
2048-01-16,0.0668392997181885
2048-01-17,0.0538229106505137
2048-01-18,0.0278877344014546
2048-01-19,0.0263907568194047
2048-01-20,0.301830092068766
2048-01-21,0.800523328627371
2048-01-22,0.244536970864907
2048-01-23,0.0401222686865965
2048-01-24,0.0238361916920092
2048-01-25,0.0169601304168164
2048-01-26,0.14010764109109
2048-01-27,0.848013013243005
2048-01-28,0.505384350253452
2048-01-29,0.67287425473978
2048-01-30,1.27142597045874
2048-01-31,0.289054111836784
2048-02-01,0.163956074699478
2048-02-02,0.125218241839618
2048-02-03,0.306879024245572
2048-02-04,0.376958851229686
2048-02-05,0.10583696509425
2048-02-06,0.0946763484205041
2048-02-07,0.0818660512662541
2048-02-08,0.176912781937801
2048-02-09,0.369313070299593
2048-02-10,0.204884499513202
2048-02-11,0.176384859561653
2048-02-12,0.862381309451596
2048-02-13,0.59761218454807
2048-02-14,0.409576502276593
2048-02-15,0.569147432466903
2048-02-16,0.483685656026069
2048-02-17,0.885805391493374
2048-02-18,0.621933213393468
2048-02-19,0.59148740981976
2048-02-20,0.585230995226648
2048-02-21,0.559226877875563
2048-02-22,0.521826562070141
2048-02-23,0.478991352421157
2048-02-24,0.439085342269657
2048-02-25,0.406443075983828
2048-02-26,0.472390917590112
2048-02-27,0.390509850456713
2048-02-28,0.383075529202954
2048-02-29,0.360227764727584
2048-03-01,0.338395241861703
2048-03-02,0.268790361559539
2048-03-03,0.353823706840112
2048-03-04,0.304925443462124
2048-03-05,0.304629512609344
2048-03-06,0.2688227343194
2048-03-07,0.258585358350698
2048-03-08,0.243454403495836
2048-03-09,0.22529143305631
2048-03-10,0.203944868843778
2048-03-11,0.190211474071147
2048-03-12,0.468192107733803
2048-03-13,0.463431885844703
2048-03-14,0.48590805137708
2048-03-15,0.733518231940059
2048-03-16,0.829400845585559
2048-03-17,0.964464461119351
2048-03-18,1.49120847418821
2048-03-19,1.56483414386136
2048-03-20,1.32851124341838
2048-03-21,1.27622211414781
2048-03-22,1.22698910822064
2048-03-23,1.13242934206097
2048-03-24,1.05986205952333
2048-03-25,0.954253079022208
2048-03-26,0.849344498525205
2048-03-27,0.754790725075485
2048-03-28,0.665789708299063
2048-03-29,0.58677817916543
2048-03-30,0.79967574646535
2048-03-31,0.511144398392196
2048-04-01,0.559492204209121
2048-04-02,0.550555588961071
2048-04-03,0.496957217774191
2048-04-04,0.458657862455198
2048-04-05,0.570012064680129
2048-04-06,0.422644734013087
2048-04-07,0.453837662837187
2048-04-08,0.501967241090182
2048-04-09,0.505815903462938
2048-04-10,0.414176722456271
2048-04-11,0.396040150599944
2048-04-12,0.36281792386874
2048-04-13,0.326666267483972
2048-04-14,0.307815584288043
2048-04-15,0.298449591439231
2048-04-16,0.262464669046861
2048-04-17,0.240852865938134
2048-04-18,0.219896513232176
2048-04-19,0.198081892093717
2048-04-20,0.217598124806487
2048-04-21,0.170370139035809
2048-04-22,0.157133191984379
2048-04-23,0.144749613041059
2048-04-24,0.133916471871638
2048-04-25,0.126274775582447
2048-04-26,0.113553884597647
2048-04-27,0.100884711008386
2048-04-28,0.307194579406331
2048-04-29,0.181360590440446
2048-04-30,0.111067436562244
2048-05-01,0.255478398700797
2048-05-02,0.200237502649396
2048-05-03,0.170193886418379
2048-05-04,0.182870348774439
2048-05-05,0.19759160696968
2048-05-06,0.189703261920721
2048-05-07,0.175504301195706
2048-05-08,0.159061818164657
2048-05-09,0.138812335504434
2048-05-10,0.121126944519032
2048-05-11,0.107803661813422
2048-05-12,0.095289054005499
2048-05-13,0.0807091703596452
2048-05-14,0.0650841988114294
2048-05-15,0.0512463166304535
2048-05-16,0.0395681560509405
2048-05-17,0.0302769591803568
2048-05-18,0.0240230533611689
2048-05-19,0.0204074895895521
2048-05-20,0.0185198270061709
2048-05-21,0.0175222286450161
2048-05-22,0.017043741533429
2048-05-23,0.0168127016888824
2048-05-24,0.0166502435432158
2048-05-25,0.0164956719559296
2048-05-26,0.0163546564738357
2048-05-27,0.0162167000292825
2048-05-28,0.0160643863658291
2048-05-29,0.0158858048055357
2048-05-30,0.015689261183886
2048-05-31,0.0154886816095489
2048-06-01,0.018617522187566
2048-06-02,0.0183475403738403
2048-06-03,0.0181189034094442
2048-06-04,0.0179211649724267
2048-06-05,0.0177212465108546
2048-06-06,0.0174942368115521
2048-06-07,0.0172401308259576
2048-06-08,0.0169597773553377
2048-06-09,0.0166436924282337
2048-06-10,0.0163093560754552
2048-06-11,0.0161522590436167
2048-06-12,0.0157184377668155
2048-06-13,0.0154511240672252
2048-06-14,0.0151717042849252
2048-06-15,0.0148590351688241
2048-06-16,0.0265042745361258
2048-06-17,0.014423521823884
2048-06-18,0.0243749212309155
2048-06-19,0.0175187455392421
2048-06-20,0.0135054186735364
2048-06-21,0.0132561905253451
2048-06-22,0.0188782311509281
2048-06-23,0.0129690361123654
2048-06-24,0.0126558305526815
2048-06-25,0.0124363881732602
2048-06-26,0.0121873176957974
2048-06-27,0.0119141564066809
2048-06-28,0.0116356938297304
2048-06-29,0.0113451050928915
2048-06-30,0.0110527978793018
2048-07-01,0.0204944862992319
2048-07-02,0.0199762335438573
2048-07-03,0.0194615833089475
2048-07-04,0.0189663084067209
2048-07-05,0.0184909192783633
2048-07-06,0.0180354437245277
2048-07-07,0.0176090535598409
2048-07-08,0.0172170851073966
2048-07-09,0.0168592378285493
2048-07-10,0.0165365022166871
2048-07-11,0.0162500519167097
2048-07-12,0.0159912978539502
2048-07-13,0.015759043586899
2048-07-14,0.0155533969010897
2048-07-15,0.0153714152302058
2048-07-16,0.0152138413893016
2048-07-17,0.0150803428939452
2048-07-18,0.014967024058844
2048-07-19,0.0148730833150534
2048-07-20,0.0147954289772515
2048-07-21,0.0147302618225465
2048-07-22,0.0146754006578837
2048-07-23,0.0146297099909453
2048-07-24,0.0145925976968703
2048-07-25,0.0145638473173764
2048-07-26,0.0145434201282031
2048-07-27,0.0145293331287061
2048-07-28,0.0145185410337222
2048-07-29,0.0145085416731151
2048-07-30,0.0144996028573981
2048-07-31,0.0144927320720835
2048-08-01,0.0187233975807045
2048-08-02,0.0187188251358385
2048-08-03,0.0187143131698808
2048-08-04,0.0187098025423952
2048-08-05,0.0187052926579056
2048-08-06,0.0187007842726006
2048-08-07,0.0186962765553323
2048-08-08,0.0186917701165687
2048-08-09,0.0186872649089354
2048-08-10,0.0186827608077006
2048-08-11,0.0186782577966728
2048-08-12,0.0186737558260791
2048-08-13,0.0186692548089669
2048-08-14,0.0475813024095256
2048-08-15,0.0186602555812162
2048-08-16,0.0186557584763763
2048-08-17,0.0186512616473864
2048-08-18,0.0186467661382787
2048-08-19,0.0186422716552129
2048-08-20,0.0186377783457089
2048-08-21,0.0186332860388597
2048-08-22,0.0186287952635774
2048-08-23,0.0186243049062678
2048-08-24,0.0186198157758911
2048-08-25,0.0186153278838407
2048-08-26,0.0186108414256107
2048-08-27,0.0186063558321103
2048-08-28,0.0186018708790616
2048-08-29,0.0185973870581972
2048-08-30,0.0185929046051889
2048-08-31,0.01858842332994
2048-09-01,0.00974479302522927
2048-09-02,0.00974244433201839
2048-09-03,0.0097400961868917
2048-09-04,0.00973774847727657
2048-09-05,0.00973540136417075
2048-09-06,0.00973305495071337
2048-09-07,0.00973070900358342
2048-09-08,0.00972836333914303
2048-09-09,0.00972601873911158
2048-09-10,0.0188188191231055
2048-09-11,0.00972133101947347
2048-09-12,0.00971898763101316
2048-09-13,0.00971664520633819
2048-09-14,0.00971430313290247
2048-09-15,0.00971196195564573
2048-09-16,0.00970962093278338
2048-09-17,0.00970728088030983
2048-09-18,0.00970494105989943
2048-09-19,0.00970260190580601
2048-09-20,0.00970026323187583
2048-09-21,0.00969792531859716
2048-09-22,0.00969558784491781
2048-09-23,0.00969325090611589
2048-09-24,0.00969091457577224
2048-09-25,0.00968857877338805
2048-09-26,0.00968624348544199
2048-09-27,0.00968390921788217
2048-09-28,0.00968157496573042
2048-09-29,0.00967924144184184
2048-09-30,0.00967690855282539
2048-10-01,0.00825540872620093
2048-10-02,0.00825341890957755
2048-10-03,0.00825142948872933
2048-10-04,0.00824944095951559
2048-10-05,0.00824745259236843
2048-10-06,0.0082454646741242
2048-10-07,0.00824347732499121
2048-10-08,0.00824149035016765
2048-10-09,0.00823950391091505
2048-10-10,0.00823751791171078
2048-10-11,0.00823553270056863
2048-10-12,0.00823354769791277
2048-10-13,0.00823156327563772
2048-10-14,0.00856974667213495
2048-10-15,0.00822759581348327
2048-10-16,0.00822561264856577
2048-10-17,0.00822363000982798
2048-10-18,0.00822164800701367
2048-10-19,0.00821966648261774
2048-10-20,0.00821768528476984
2048-10-21,0.00821570465576489
2048-10-22,0.00822181322181037
2048-10-23,0.0128839771682363
2048-10-24,0.00820976561698956
2048-10-25,0.00820778677849824
2048-10-26,0.00820580849409215
2048-10-27,0.00820383079865316
2048-10-28,0.00820185355587364
2048-10-29,0.00819987651326241
2048-10-30,0.0537692331718595
2048-10-31,0.00819592435325133
2048-11-01,0.00911604612338286
2048-11-02,0.00911384886070117
2048-11-03,0.00911165236938867
2048-11-04,0.00910945623719275
2048-11-05,0.00910726066800075
2048-11-06,0.009105065555839
2048-11-07,0.0091028710186219
2048-11-08,0.00910067700082519
2048-11-09,0.0515548931159304
2048-11-10,0.0678279350924584
2048-11-11,0.0817926336905882
2048-11-12,0.0577030375192019
2048-11-13,0.0197012906200289
2048-11-14,0.0233392959288208
2048-11-15,0.0119314548396149
2048-11-16,0.00908357090147798
2048-11-17,0.00908157876179835
2048-11-18,0.0090796052660279
2048-11-19,0.00907764233538805
2048-11-20,0.0108758561943311
2048-11-21,0.00907372201399572
2048-11-22,0.00907176119268036
2048-11-23,0.00927877507191075
2048-11-24,0.00906783431345614
2048-11-25,0.326522326103853
2048-11-26,0.730165829965277
2048-11-27,0.0141488862610069
2048-11-28,0.197963539777031
2048-11-29,0.171488778961843
2048-11-30,0.00989433174794869
2048-12-01,0.0107293177774445
2048-12-02,0.00868534889523169
2048-12-03,0.00878981644616213
2048-12-04,0.00924683946276954
2048-12-05,0.00947497543445532
2048-12-06,0.0132883871311754
2048-12-07,0.018025565667707
2048-12-08,0.0669931955262186
2048-12-09,0.06895768139459
2048-12-10,0.0604014468138759
2048-12-11,0.0486306011612284
2048-12-12,0.0558744430753179
2048-12-13,0.0718527132841679
2048-12-14,0.0566921089113377
2048-12-15,0.140405497865061
2048-12-16,0.415559552873266
2048-12-17,0.645264543654494
2048-12-18,0.121267259483055
2048-12-19,0.180413334509614
2048-12-20,0.232475604204635
2048-12-21,0.177603737347625
2048-12-22,0.175724392067588
2048-12-23,0.171153955992896
2048-12-24,0.149447339735863
2048-12-25,0.150603677219957
2048-12-26,0.0939325808102446
2048-12-27,0.0886529521003758
2048-12-28,0.0621326546181731
2048-12-29,0.125607951494523
2048-12-30,0.756013259207612
2048-12-31,0.0898626024990873
2049-01-01,0.336013944162863
2049-01-02,0.164824616881996
2049-01-03,0.0119838109233333
2049-01-04,0.0121531715974231
2049-01-05,0.0122197216167584
2049-01-06,0.0122418030376072
2049-01-07,0.0122467468681835
2049-01-08,0.0122391795968122
2049-01-09,0.0122247702113514
2049-01-10,0.0124872517598515
2049-01-11,0.0121877017684084
2049-01-12,0.013978120677475
2049-01-13,0.0435144708843
2049-01-14,0.0178736149489908
2049-01-15,0.0123000777215452
2049-01-16,0.0534500686423671
2049-01-17,0.0402675171775288
2049-01-18,0.0144736465510503
2049-01-19,0.0125855750901342
2049-01-20,0.0157701203815449
2049-01-21,0.039887834530378
2049-01-22,0.0963001480298075
2049-01-23,0.0732671040317723
2049-01-24,0.283647675970435
2049-01-25,0.77521063727353
2049-01-26,0.110607569076722
2049-01-27,0.0312415223222455
2049-01-28,0.0465394181378382
2049-01-29,0.0311873968518731
2049-01-30,0.0296712946544857
2049-01-31,0.0512618555591998
2049-02-01,0.0762781734084758
2049-02-02,0.046593861987112
2049-02-03,0.0412965277791714
2049-02-04,0.0242415860588988
2049-02-05,0.0187507366483831
2049-02-06,0.450831500324723
2049-02-07,0.574289365083356
2049-02-08,0.076045581412896
2049-02-09,0.0460622550159881
2049-02-10,0.0556961780009036
2049-02-11,0.0443490152940263
2049-02-12,0.0459809649720919
2049-02-13,0.281437765685693
2049-02-14,0.257980536539329
2049-02-15,0.161012877086151
2049-02-16,0.131441617141101
2049-02-17,0.20073575155262
2049-02-18,0.196112291492667
2049-02-19,0.311914708573556
2049-02-20,0.19542326434112
2049-02-21,0.209764748099807
2049-02-22,0.22315771655925
2049-02-23,0.240377209411118
2049-02-24,0.323976782382198
2049-02-25,0.385301709348754
2049-02-26,0.411073060777466
2049-02-27,0.451797995939727
2049-02-28,0.403458519253223
2049-03-01,0.335371356426862
2049-03-02,0.318909960516821
2049-03-03,0.318851896378676
2049-03-04,0.346975284839926
2049-03-05,0.371322021643336
2049-03-06,0.339821619704063
2049-03-07,0.336434497731182
2049-03-08,0.337039072905201
2049-03-09,0.334538391356792
2049-03-10,0.532621386726522
2049-03-11,0.625714837350625
2049-03-12,0.656304043695187
2049-03-13,0.779627629771339
2049-03-14,0.738811499822807
2049-03-15,0.959099802843784
2049-03-16,0.913365554060255
2049-03-17,0.872932835627058
2049-03-18,0.860925448903877
2049-03-19,0.806275061061251
2049-03-20,0.747900119067156
2049-03-21,0.963429336203861
2049-03-22,0.707587187698503
2049-03-23,0.998240629486216
2049-03-24,1.06176774850935
2049-03-25,0.838928569820247
2049-03-26,0.826105004952465
2049-03-27,0.76686997191902
2049-03-28,0.695765596261763
2049-03-29,0.624056611334226
2049-03-30,0.557730647699417
2049-03-31,0.497398869962236
2049-04-01,0.471526429797931
2049-04-02,0.420079625061146
2049-04-03,0.373550950674742
2049-04-04,0.338467149158119
2049-04-05,0.306774177606509
2049-04-06,0.345953826736789
2049-04-07,0.485026923328922
2049-04-08,0.737811269173439
2049-04-09,0.696754131882331
2049-04-10,0.506987337193885
2049-04-11,0.542791462771446
2049-04-12,0.524926702833348
2049-04-13,0.489328555151311
2049-04-14,0.469057326985057
2049-04-15,0.417643691788104
2049-04-16,0.377207039505421
2049-04-17,0.335113028212856
2049-04-18,0.312911613704171
2049-04-19,0.283704156640566
2049-04-20,0.254812923072681
2049-04-21,0.317550583496612
2049-04-22,0.215065366477201
2049-04-23,0.221672844834293
2049-04-24,0.199292735269761
2049-04-25,0.179736744328951
2049-04-26,0.165596684158613
2049-04-27,0.297425805978222
2049-04-28,0.143511000741926
2049-04-29,0.13608377753298
2049-04-30,0.126509941388321
2049-05-01,0.143549122273398
2049-05-02,0.129808019596139
2049-05-03,0.117701660389415
2049-05-04,0.104226344636466
2049-05-05,0.098543591877653
2049-05-06,0.0813647655754884
2049-05-07,0.0671277698366806
2049-05-08,0.0560474321078536
2049-05-09,0.0466752129973311
2049-05-10,0.0382415593670586
2049-05-11,0.189577766436553
2049-05-12,0.102591741447984
2049-05-13,0.0371425453621246
2049-05-14,0.0309855409217078
2049-05-15,0.0648803006716728
2049-05-16,0.0614679576534612
2049-05-17,0.0313009091799938
2049-05-18,0.0476598116815398
2049-05-19,0.0286316288499415
2049-05-20,0.0256640969668442
2049-05-21,0.0300210280488304
2049-05-22,0.0207461992647324
2049-05-23,0.0195669748769174
2049-05-24,0.0183660219757625
2049-05-25,0.0174634354439567
2049-05-26,0.0168915190864355
2049-05-27,0.016644464532171
2049-05-28,0.016472997749329
2049-05-29,0.0213884294489103
2049-05-30,0.0162206476827852
2049-05-31,0.0161164587232118
2049-06-01,0.0194855527555736
2049-06-02,0.019300525555042
2049-06-03,0.0190730400451389
2049-06-04,0.0188437329878296
2049-06-05,0.0186437131735763
2049-06-06,0.018429141624057
2049-06-07,0.0181953877370085
2049-06-08,0.0179707829998304
2049-06-09,0.0177366015478955
2049-06-10,0.0174970190704973
2049-06-11,0.0172808183593814
2049-06-12,0.0170426417449637
2049-06-13,0.0167509490584026
2049-06-14,0.0164295837625583
2049-06-15,0.0160833125850146
2049-06-16,0.0157177065536239
2049-06-17,0.0153353309591728
2049-06-18,0.014951545604349
2049-06-19,0.0145681176915967
2049-06-20,0.0141896590483832
2049-06-21,0.0138203880323971
2049-06-22,0.0134627255260486
2049-06-23,0.0131255223589645
2049-06-24,0.0128023203729555
2049-06-25,0.0124816040553296
2049-06-26,0.0121685538206222
2049-06-27,0.0118796856589796
2049-06-28,0.0116164682067598
2049-06-29,0.0113780194792559
2049-06-30,0.0111415932499624
2049-07-01,0.0206987476566743
2049-07-02,0.0201749863897444
2049-07-03,0.0196559209478553
2049-07-04,0.0191641723583747
2049-07-05,0.0186924391179725
2049-07-06,0.0182323049343949
2049-07-07,0.0177944782050831
2049-07-08,0.0173876099909913
2049-07-09,0.0188585443037559
2049-07-10,0.0168080554769863
2049-07-11,0.0164007394195805
2049-07-12,0.016122405317747
2049-07-13,0.0158737542569225
2049-07-14,0.0156564021208295
2049-07-15,0.0154651435313845
2049-07-16,0.0152980350186792
2049-07-17,0.0151534891720159
2049-07-18,0.0150293117007765
2049-07-19,0.0149255541363054
2049-07-20,0.0148399971329657
2049-07-21,0.0147686034830095
2049-07-22,0.0147077145700157
2049-07-23,0.014656714847936
2049-07-24,0.0146154264634945
2049-07-25,0.0145839046648742
2049-07-26,0.0145552117580982
2049-07-27,0.0145363150952877
2049-07-28,0.0145238440681418
2049-07-29,0.0145135988866918
2049-07-30,0.0145042352785561
2049-07-31,0.0144963595580097
2049-08-01,0.0187266094627156
2049-08-02,0.0187209880641252
2049-08-03,0.0187164723945819
2049-08-04,0.0187119608346034
2049-08-05,0.0187074508823506
2049-08-06,0.0187029420958638
2049-08-07,0.0186984339888075
2049-08-08,0.0186939267944548
2049-08-09,0.0186894211082819
2049-08-10,0.0186849160223824
2049-08-11,0.0186804130581292
2049-08-12,0.018675910066291
2049-08-13,0.0186714086647878
2049-08-14,0.0186669078899439
2049-08-15,0.0186624089626951
2049-08-16,0.0186579105289779
2049-08-17,0.0186534137665518
2049-08-18,0.0186489175168469
2049-08-19,0.0186444229348349
2049-08-20,0.0186399289758841
2049-08-21,0.0186354361203333
2049-08-22,0.018630944486318
2049-08-23,0.0186264536198853
2049-08-24,0.0186219643365917
2049-08-25,0.0186174758724525
2049-08-26,0.0186129881285217
2049-08-27,0.0259718287150999
2049-08-28,0.018604017141812
2049-08-29,0.0185995328861841
2049-08-30,0.0185950496541994
2049-08-31,0.0185905680197458
2049-09-01,0.00974591707418427
2049-09-02,0.00974356817721056
2049-09-03,0.0097412197242386
2049-09-04,0.00973887159829332
2049-09-05,0.00973652440122959
2049-09-06,0.00973417783683686
2049-09-07,0.00973183143815856
2049-09-08,0.00972948599100216
2049-09-09,0.00972714100922994
2049-09-10,0.00972479630637377
2049-09-11,0.00972245234184336
2049-09-12,0.00972010902947959
2049-09-13,0.00971776627023116
2049-09-14,0.00971542378392422
2049-09-15,0.00971308209788942
2049-09-16,0.0097107412237613
2049-09-17,0.00970840042855983
2049-09-18,0.00970606061286618
2049-09-19,0.00970372109401217
2049-09-20,0.00970138241850977
2049-09-21,0.00969904396500811
2049-09-22,0.195077457351664
2049-09-23,1.07904722997949
2049-09-24,0.00980926304546169
2049-09-25,0.00999164349003128
2049-09-26,0.0101022699558258
2049-09-27,0.0101667196409718
2049-09-28,0.0102004401930032
2049-09-29,0.0102080837554554
2049-09-30,0.0101975973866551
2049-10-01,0.00868489809848513
2049-10-02,0.00866447543732803
2049-10-03,0.00925122303993937
2049-10-04,0.00862656537731142
2049-10-05,0.00861005065077357
2049-10-06,0.00859163623836103
2049-10-07,0.0085732718444154
2049-10-08,0.00855541546075402
2049-10-09,0.00853812692723914
2049-10-10,0.0309197285027395
2049-10-11,0.00850899057164152
2049-10-12,0.00849639430224394
2049-10-13,0.575469630160146
2049-10-14,1.70898435107742
2049-10-15,2.66728123391193
2049-10-16,1.83473316381344
2049-10-17,0.695283364622177
2049-10-18,0.266975664020788
2049-10-19,0.0157215491515043
2049-10-20,0.0350503054048854
2049-10-21,0.0160526260232241
2049-10-22,0.0160612386632533
2049-10-23,0.0160270974200705
2049-10-24,0.0159929266437431
2049-10-25,0.0159402324319609
2049-10-26,0.0158510439002235
2049-10-27,0.0157559837909951
2049-10-28,0.0426763939038456
2049-10-29,0.0155815924903183
2049-10-30,0.0154914295478
2049-10-31,0.0153788144549996
2049-11-01,0.0169864386259136
2049-11-02,0.0168618943150422
2049-11-03,0.016736757126964
2049-11-04,0.0166201680740664
2049-11-05,0.0165153447466992
2049-11-06,0.0164231800846751
2049-11-07,0.0163361762411891
2049-11-08,0.076776112954273
2049-11-09,0.0161741099919123
2049-11-10,0.0161252134879667
2049-11-11,0.0160469027887056
2049-11-12,0.0435115016978877
2049-11-13,0.101048167936796
2049-11-14,0.0159115432862871
2049-11-15,0.0158409456971734
2049-11-16,0.0157329638644236
2049-11-17,0.345383627227127
2049-11-18,0.224704958740799
2049-11-19,0.0572422488914392
2049-11-20,0.0273172630741661
2049-11-21,0.185269276093349
2049-11-22,0.0609388240992034
2049-11-23,0.0162970178156346
2049-11-24,0.402003928570478
2049-11-25,0.873197064717595
2049-11-26,0.0520408785688429
2049-11-27,0.0181190632894421
2049-11-28,0.0182815198658458
2049-11-29,0.0184220120658588
2049-11-30,0.0185038932897003
2049-12-01,0.0156970057371146
2049-12-02,0.0157162343356084
2049-12-03,0.0160386068902433
2049-12-04,0.0559858667718399
2049-12-05,0.0179575039744985
2049-12-06,0.0235609999474792
2049-12-07,0.959796813623797
2049-12-08,1.38389239989875
2049-12-09,2.0349630069007
2049-12-10,0.564881400149476
2049-12-11,0.0271625672564729
2049-12-12,0.0496922656105365
2049-12-13,0.044547166224322
2049-12-14,0.0481819369540788
2049-12-15,0.183404877459214
2049-12-16,0.497740913244249
2049-12-17,0.465704012820993
2049-12-18,0.175930125026767
2049-12-19,0.360242415159975
2049-12-20,0.19103872290025
2049-12-21,0.188959265718475
2049-12-22,0.189142534339457
2049-12-23,0.215936223445444
2049-12-24,0.24056332731065
2049-12-25,0.631683880740345
2049-12-26,2.40906494304397
2049-12-27,25.7312516969509
2049-12-28,4.96965584512056
2049-12-29,7.29462619879235
2049-12-30,7.24708383837256
2049-12-31,11.2025531906758
2050-01-01,6.9523885996476
2050-01-02,1.70427063844583
2050-01-03,1.70668400145594
2050-01-04,1.69656816425237
2050-01-05,1.71316147162907
2050-01-06,1.66788510874436
2050-01-07,1.62507573330221
2050-01-08,1.51876192170842
2050-01-09,1.46481920798999
2050-01-10,1.33022566223508
2050-01-11,1.17924176511774
2050-01-12,1.07572971677505
2050-01-13,1.37364396964315
2050-01-14,1.13882106836308
2050-01-15,1.02108678894545
2050-01-16,1.00465337099299
2050-01-17,0.960172048558368
2050-01-18,0.885094312360493
2050-01-19,1.32713035675251
2050-01-20,1.5749080921151
2050-01-21,1.47537663065005
2050-01-22,2.70951601195799
2050-01-23,2.45001326356366
2050-01-24,1.72966788873906
2050-01-25,1.67300841606114
2050-01-26,1.78477521036367
2050-01-27,1.68077841758177
2050-01-28,1.79756572225785
2050-01-29,1.56486564289441
2050-01-30,1.48826755303978
2050-01-31,1.37362705018741
2050-02-01,1.23986989396046
2050-02-02,1.13706309536307
2050-02-03,1.04248172520103
2050-02-04,0.968241015886674
2050-02-05,0.899153300790616
2050-02-06,0.820253241865947
2050-02-07,0.761350573559913
2050-02-08,0.709745354056373
2050-02-09,0.663134132558563
2050-02-10,0.694970101482548
2050-02-11,0.761626109457609
2050-02-12,0.823555635875661
2050-02-13,0.929507934886174
2050-02-14,0.800177519886109
2050-02-15,0.880011653355824
2050-02-16,0.811588388448742
2050-02-17,0.868038699516491
2050-02-18,0.956696336375895
2050-02-19,0.964674321270621
2050-02-20,0.823200185076167
2050-02-21,0.801534608624942
2050-02-22,0.761040613657921
2050-02-23,0.715436234852884
2050-02-24,0.666954657150557
2050-02-25,0.619389670008057
2050-02-26,0.572297590297942
2050-02-27,0.527802042224928
2050-02-28,0.466702149529607
2050-03-01,0.338589140613095
2050-03-02,0.30623540715351
2050-03-03,0.279116471535307
2050-03-04,0.284389966965901
2050-03-05,0.366472404726274
2050-03-06,0.236223598585579
2050-03-07,0.218009361933168
2050-03-08,0.354230314052593
2050-03-09,0.629326127874574
2050-03-10,0.461863906029937
2050-03-11,0.595935708419882
2050-03-12,0.544162868324124
2050-03-13,0.508897934901149
2050-03-14,0.58423761843833
2050-03-15,0.496957578229557
2050-03-16,0.482812216438719
2050-03-17,0.434614938180934
2050-03-18,0.41400209223015
2050-03-19,0.38570902832979
2050-03-20,0.358497183099487
2050-03-21,0.332134010568879
2050-03-22,0.305236184409652
2050-03-23,0.279714159842577
2050-03-24,0.258944531235918
2050-03-25,0.239952476084446
2050-03-26,0.218689244851969
2050-03-27,0.195071221882244
2050-03-28,0.170873463685874
2050-03-29,0.149357492198277
2050-03-30,0.13410348811868
2050-03-31,0.162020324592758
2050-04-01,0.219845209603741
2050-04-02,0.120548019558078
2050-04-03,0.106109521750452
2050-04-04,0.0941105004566933
2050-04-05,0.0832631253693509
2050-04-06,0.0720871155555124
2050-04-07,0.060987164610586
2050-04-08,0.0502379835915391
2050-04-09,0.0404236800914713
2050-04-10,0.032450493838422
2050-04-11,0.0261175679117753
2050-04-12,0.022102978310589
2050-04-13,0.0199196328436365
2050-04-14,0.0185689966738541
2050-04-15,0.0171831738366995
2050-04-16,0.0157562246208997
2050-04-17,0.0262132085614332
2050-04-18,0.0188382426553809
2050-04-19,0.017613307061726
2050-04-20,0.0399951216494014
2050-04-21,0.0251376480061956
2050-04-22,0.0162600752844873
2050-04-23,0.0143290163537946
2050-04-24,0.0140945785174944
2050-04-25,0.0138387285222958
2050-04-26,0.0189573792404081
2050-04-27,0.149801355098169
2050-04-28,0.0136167506652238
2050-04-29,0.0134241795273115
2050-04-30,0.0132782500029245
2050-05-01,0.016278107732264
2050-05-02,0.0160950835138279
2050-05-03,0.015901580572328
2050-05-04,0.0156962283692934
2050-05-05,0.0154882741879769
2050-05-06,0.0152790586107692
2050-05-07,0.0150543097878779
2050-05-08,0.0148230307915717
2050-05-09,0.0146175415942197
2050-05-10,0.014448130825518
2050-05-11,0.0642063488574002
2050-05-12,0.0209055229677744
2050-05-13,0.0397817033290152
2050-05-14,0.0156301998319429
2050-05-15,0.0140010008142408
2050-05-16,0.0138556885097621
2050-05-17,0.0976370879484737
2050-05-18,0.0136204417550779
2050-05-19,0.0134977654749796
2050-05-20,0.0133148048693064
2050-05-21,0.0131011980423309
2050-05-22,0.012873345671848
2050-05-23,0.0126403035559162
2050-05-24,0.01241508149033
2050-05-25,0.012205632121836
2050-05-26,0.0120158660879069
2050-05-27,0.0118351071340995
2050-05-28,0.0116388677096059
2050-05-29,0.0114341351275122
2050-05-30,0.0112185751519539
2050-05-31,0.0109999019320246
2050-06-01,0.180045893902723
2050-06-02,0.19894848121722
2050-06-03,0.023203716258288
2050-06-04,0.0129097000095014
2050-06-05,0.03002066333478
2050-06-06,0.0131335987655654
2050-06-07,0.0125599835958884
2050-06-08,0.0122789422248343
2050-06-09,0.0120635945357777
2050-06-10,0.0118385489947747
2050-06-11,0.0116201877777702
2050-06-12,0.0114061525537903
2050-06-13,0.0111934904244547
2050-06-14,0.0110014375137425
2050-06-15,0.0108075485006451
2050-06-16,0.0105731760174761
2050-06-17,0.0103233018855707
2050-06-18,0.0100838418609151
2050-06-19,0.00986536887948565
2050-06-20,0.00966585022449054
2050-06-21,0.00948482496761118
2050-06-22,0.00932904453969421
2050-06-23,0.00917563615191369
2050-06-24,0.00901100197303278
2050-06-25,0.00885048007204714
2050-06-26,0.00869644328174176
2050-06-27,0.00855752062281917
2050-06-28,0.00843987914023047
2050-06-29,0.0083385796997164
2050-06-30,0.00824551655302088
2050-07-01,0.0155104699504662
2050-07-02,0.0153457235782093
2050-07-03,0.0152021086223427
2050-07-04,0.0150771200650102
2050-07-05,0.0149743243004906
2050-07-06,0.0148871140065346
2050-07-07,0.0148079576423083
2050-07-08,0.0147421529129065
2050-07-09,0.0146877147778323
2050-07-10,0.0146419584328255
2050-07-11,0.014604495073838
2050-07-12,0.0145746425361751
2050-07-13,0.0145520011928743
2050-07-14,0.014535121042578
2050-07-15,0.0145216259749078
2050-07-16,0.0145103667113696
2050-07-17,0.0145003422326367
2050-07-18,0.0144919863991005
2050-07-19,0.0144858501362531
2050-07-20,0.0144806380850295
2050-07-21,0.0144762384200964
2050-07-22,0.0144726933839503
2050-07-23,0.0144692000211404
2050-07-24,0.014465713819625
2050-07-25,0.0144622283647256
2050-07-26,0.0144587433998362
2050-07-27,0.0144552595203009
2050-07-28,0.0144517759010834
2050-07-29,0.0144482933491231
2050-07-30,0.0144448114481894
2050-07-31,0.0144413299931835
2050-08-01,0.018658488463467
2050-08-02,0.0186539918437633
2050-08-03,0.0186494959898431
2050-08-04,0.0186450014402135
2050-08-05,0.0186405074170976
2050-08-06,0.0186360149627285
2050-08-07,0.0186315231062343
2050-08-08,0.0186270322571922
2050-08-09,0.0186225426932512
2050-08-10,0.0186180543016726
2050-08-11,0.0186135669703173
2050-08-12,0.0186090804737081
2050-08-13,0.0186045951194776
2050-08-14,0.0186001108866372
2050-08-15,0.0185956270831634
2050-08-16,0.0185911456585958
2050-08-17,0.0185866639713709
2050-08-18,0.0185821840142053
2050-08-19,0.0185777054021081
2050-08-20,0.0185732272241747
2050-08-21,0.0185687507786992
2050-08-22,0.0185642749796721
2050-08-23,0.0185598003805923
2050-08-24,0.0185553270780076
2050-08-25,0.0185508546533453
2050-08-26,0.018546383357869
2050-08-27,0.0185419132503465
2050-08-28,0.018537443580586
2050-08-29,0.0185329757230399
2050-08-30,0.0185285089437074
2050-08-31,0.0185240428360096
2050-09-01,0.00971104225561583
2050-09-02,0.00970870179310111
2050-09-03,0.00970636158088762
2050-09-04,0.00970402217303402
2050-09-05,0.00970168299944469
2050-09-06,0.0096993447544226
2050-09-07,0.00969700688076447
2050-09-08,0.00969466955802057
2050-09-09,0.00969233297643236
2050-09-10,0.00968999699858584
2050-09-11,0.00968766131600657
2050-09-12,0.00968532621201311
2050-09-13,0.00968299193407648
2050-09-14,0.00968065796304182
2050-09-15,0.00967832475863322
2050-09-16,0.00967599202243884
2050-09-17,0.00967365965289177
2050-09-18,0.00967132816820338
2050-09-19,0.00966899693884746
2050-09-20,0.00966666657391111
2050-09-21,0.00966433652845474
2050-09-22,0.00966200729616285
2050-09-23,0.00965967845567406
2050-09-24,0.00965735007459489
2050-09-25,0.00965502259975711
2050-09-26,0.00965269554282161
2050-09-27,0.00965036869342237
2050-09-28,0.00964804269020469
2050-09-29,0.00964571756933025
2050-09-30,0.00964339261196918
2050-10-01,0.00822681591452036
2050-10-02,0.00822483316120902
2050-10-03,0.00822285081896719
2050-10-04,0.00822086884593664
2050-10-05,0.00821888748763211
2050-10-06,0.00821690654415361
2050-10-07,0.00821492605226127
2050-10-08,0.00821294590194303
2050-10-09,0.0082109665506881
2050-10-10,0.00820898739664995
2050-10-11,0.00820700876476669
2050-10-12,0.0082050307409014
2050-10-13,0.00820305304143758
2050-10-14,0.00820107599587482
2050-10-15,0.00819909940967957
2050-10-16,0.00819712326541086
2050-10-17,0.00819514738221962
2050-10-18,0.00819317214461144
2050-10-19,0.0081911975837117
2050-10-20,0.00818922308237949
2050-10-21,0.00818724941365085
2050-10-22,0.00818527621394933
2050-10-23,0.00818330321656271
2050-10-24,0.00818133083578036
2050-10-25,0.00817935897259143
2050-10-26,0.0081773873702116
2050-10-27,0.0710672843993589
2050-10-28,0.00817344606570938
2050-10-29,0.00817147630750764
2050-10-30,0.00817160856671069
2050-10-31,0.00827158986982359
2050-11-01,0.00908447260068858
2050-11-02,0.00908228292721675
2050-11-03,0.00908009388391542
2050-11-04,0.00914432263664409
2050-11-05,0.054765779267593
2050-11-06,0.0311185127660939
2050-11-07,0.00907134376942057
2050-11-08,0.00906915831429923
2050-11-09,0.00906697424907533
2050-11-10,0.00906479089909923
2050-11-11,0.00906260812347085
2050-11-12,0.00906042610786792
2050-11-13,0.167028227075006
2050-11-14,0.00905608878681211
2050-11-15,0.00905398541205685
2050-11-16,0.00905190925194605
2050-11-17,0.0141283953412205
2050-11-18,0.103940968614298
2050-11-19,0.00937988836135914
2050-11-20,0.00904395652420654
2050-11-21,0.00904216564351878
2050-11-22,0.00904042967482267
2050-11-23,0.00903873292774119
2050-11-24,0.00903705967040311
2050-11-25,0.0104786187195462
2050-11-26,0.0090337490858876
2050-11-27,0.00903209584802723
2050-11-28,0.148440749577754
2050-11-29,0.0487909488366735
2050-11-30,0.0461919604767869
2050-12-01,0.00783766659192164
2050-12-02,0.00764465142235602
2050-12-03,0.00764771977081328
2050-12-04,0.00765088358380305
2050-12-05,0.00765400345690337
2050-12-06,0.00765696560239119
2050-12-07,0.00765972196252803
2050-12-08,0.00766230235698729
2050-12-09,0.00885097487411453
2050-12-10,0.00766697786211896
2050-12-11,0.133493124713918
2050-12-12,0.358522369882305
2050-12-13,0.0410385311947247
2050-12-14,0.0218988641482045
2050-12-15,0.0159058235734862
2050-12-16,0.0134302696065873
2050-12-17,0.00802872690447055
2050-12-18,0.140745068009258
2050-12-19,0.372062838192514
2050-12-20,0.532513065707086
2050-12-21,0.465807084275095
2050-12-22,0.297001478382886
2050-12-23,0.893572474407771
2050-12-24,0.0112874869508869
2050-12-25,0.0117107141306677
2050-12-26,0.0118840544150087
2050-12-27,0.0119750303026043
2050-12-28,0.0168605890583136
2050-12-29,0.0120574361152822
2050-12-30,0.0120763519391186
2050-12-31,0.0120786227057837
2051-01-01,0.00905986225300504
2051-01-02,0.00906184125130283
2051-01-03,0.207917933074658
2051-01-04,1.08419003576632
2051-01-05,0.526638606858963
2051-01-06,0.58312533828799
2051-01-07,0.591023877564379
2051-01-08,1.44342104028357
2051-01-09,2.55731106091137
2051-01-10,0.166453943733968
2051-01-11,0.0531675488289984
2051-01-12,0.0653122212274208
2051-01-13,0.0321061053341815
2051-01-14,0.0405034887715511
2051-01-15,0.0403893608729806
2051-01-16,0.163805108547554
2051-01-17,0.0364998243517509
2051-01-18,0.0335311321369757
2051-01-19,0.0426712241349423
2051-01-20,0.0360292819581471
2051-01-21,0.0331260944266754
2051-01-22,0.0333105376028948
2051-01-23,0.0329580144933514
2051-01-24,0.0320024577316758
2051-01-25,0.030977373561406
2051-01-26,0.0297924439822654
2051-01-27,0.0283012067832601
2051-01-28,0.0268231341391098
2051-01-29,0.0255290596243609
2051-01-30,0.0244102681073135
2051-01-31,0.0234252645809539
2051-02-01,0.0220239846913958
2051-02-02,0.0211698567362545
2051-02-03,0.0204224471005183
2051-02-04,0.019728981792573
2051-02-05,0.0612263066723875
2051-02-06,0.0274648950177076
2051-02-07,0.0198464837994769
2051-02-08,0.0188083445866328
2051-02-09,0.018583981635309
2051-02-10,0.0204837876371242
2051-02-11,0.036446056663469
2051-02-12,0.0698895982142128
2051-02-13,0.0299290997235523
2051-02-14,0.0209565265334359
2051-02-15,0.0180125789571973
2051-02-16,0.0333380938831463
2051-02-17,0.0235115491437249
2051-02-18,0.0368077059445043
2051-02-19,0.0234568774629128
2051-02-20,0.0180602371623162
2051-02-21,0.0184134981414411
2051-02-22,0.0183979911972978
2051-02-23,0.0181964053472369
2051-02-24,0.0182560431059577
2051-02-25,0.0182945371248147
2051-02-26,0.0736471375157599
2051-02-27,0.0872816854066079
2051-02-28,0.107176386075402
2051-03-01,0.0559690472703999
2051-03-02,0.0607254406094867
2051-03-03,0.0592879109158238
2051-03-04,0.321058697305415
2051-03-05,0.96479157390133
2051-03-06,0.492199587483162
2051-03-07,0.784153552613326
2051-03-08,0.624129301646318
2051-03-09,0.828064660458603
2051-03-10,1.1463692754298
2051-03-11,0.982164545502938
2051-03-12,1.14923780250536
2051-03-13,1.01850959174144
2051-03-14,1.00189178961763
2051-03-15,0.956362149315104
2051-03-16,1.2089062093096
2051-03-17,2.1206240009105
2051-03-18,1.81645704866381
2051-03-19,1.4661937277541
2051-03-20,1.71644827467521
2051-03-21,1.53478545420708
2051-03-22,1.43226147635261
2051-03-23,1.41813971992851
2051-03-24,1.34737203403958
2051-03-25,1.33572474135878
2051-03-26,1.25847537711252
2051-03-27,1.15729556035665
2051-03-28,1.06199992398806
2051-03-29,1.027796082046
2051-03-30,1.11735378732223
2051-03-31,1.17529599196374
2051-04-01,1.10528804344164
2051-04-02,1.38577879783984
2051-04-03,1.09895282662766
2051-04-04,1.06443881847558
2051-04-05,1.00468395591747
2051-04-06,0.935390568333666
2051-04-07,0.857275622440614
2051-04-08,0.7732132670613
2051-04-09,0.772004032562238
2051-04-10,0.66436418163449
2051-04-11,0.584012911988502
2051-04-12,0.532428017289595
2051-04-13,0.478879295985259
2051-04-14,0.431878593187075
2051-04-15,0.384959008454751
2051-04-16,0.340481778457562
2051-04-17,0.300881145619846
2051-04-18,0.262612174867221
2051-04-19,0.223557761130522
2051-04-20,0.18824462067977
2051-04-21,0.156109994914418
2051-04-22,0.12567980799775
2051-04-23,0.0998532981819789
2051-04-24,0.0819345659976732
2051-04-25,0.113924220097625
2051-04-26,0.072167823436948
2051-04-27,0.0613547855378969
2051-04-28,0.0537150218055264
2051-04-29,0.0456358984140171
2051-04-30,0.0379451843861811
2051-05-01,0.0481523260694767
2051-05-02,0.042627948824838
2051-05-03,0.0331239395286928
2051-05-04,0.0287450159447609
2051-05-05,0.0251339410428151
2051-05-06,0.0224314435942415
2051-05-07,0.0205247136662451
2051-05-08,0.0192182746510004
2051-05-09,0.0183969878139329
2051-05-10,0.019946908885455
2051-05-11,0.0185600605661235
2051-05-12,0.0171484201943785
2051-05-13,0.0168651439697286
2051-05-14,0.0166336268994382
2051-05-15,0.0276478065618136
2051-05-16,0.016301391710201
2051-05-17,0.0328262475027992
2051-05-18,0.0159765157590394
2051-05-19,0.0157921607366052
2051-05-20,0.015586445047156
2051-05-21,0.0153934199442996
2051-05-22,0.0152284367784881
2051-05-23,0.0150798803319139
2051-05-24,0.0149401930942013
2051-05-25,0.0147829626233626
2051-05-26,0.0301977089370899
2051-05-27,0.0145207894461595
2051-05-28,0.0230174707713225
2051-05-29,0.0159836153092101
2051-05-30,0.0344223121722642
2051-05-31,0.0199010023853371
2051-06-01,0.0171092231650772
2051-06-02,0.0168655624751369
2051-06-03,0.0165888568805856
2051-06-04,0.0285854542645091
2051-06-05,0.0160280553819801
2051-06-06,0.0157729339803878
2051-06-07,0.0197766826918869
2051-06-08,0.0153472552053719
2051-06-09,0.0151031714444967
2051-06-10,0.0158839481228498
2051-06-11,0.0145812318920839
2051-06-12,0.0143101701432049
2051-06-13,0.0140277141954016
2051-06-14,0.0137241431986994
2051-06-15,0.0334569699642184
2051-06-16,0.0131543623111596
2051-06-17,0.0154844917993101
2051-06-18,0.0126516117447685
2051-06-19,0.0271806067502519
2051-06-20,0.0121299613666536
2051-06-21,0.0118245150643871
2051-06-22,0.0115227548692153
2051-06-23,0.0112228126791642
2051-06-24,0.010908479267867
2051-06-25,0.0105973121696041
2051-06-26,0.0102987620128889
2051-06-27,0.0100133332709822
2051-06-28,0.00975533557647087
2051-06-29,0.00953108382009418
2051-06-30,0.00933085922544648
2051-07-01,0.0174077968872491
2051-07-02,0.0170833082677001
2051-07-03,0.0167635685112249
2051-07-04,0.0164561158823765
2051-07-05,0.0161768011625303
2051-07-06,0.0159259743832154
2051-07-07,0.0157027724258475
2051-07-08,0.0155076003571517
2051-07-09,0.0153409457739095
2051-07-10,0.01526538785369
2051-07-11,0.0151227119183343
2051-07-12,0.0150367750341428
2051-07-13,0.0149489002928867
2051-07-14,0.0148663666216977
2051-07-15,0.0147916538214693
2051-07-16,0.014728134982107
2051-07-17,0.0146760241740214
2051-07-18,0.0146336618895924
2051-07-19,0.0145985998616586
2051-07-20,0.014570173639672
2051-07-21,0.014549366645747
2051-07-22,0.0145346647428763
2051-07-23,0.0145232381835537
2051-07-24,0.0145138447047505
2051-07-25,0.0145054330295434
2051-07-26,0.0144970790790197
2051-07-27,0.0144894079432893
2051-07-28,0.0144840603536739
2051-07-29,0.0144804762410724
2051-07-30,0.0144769829399778
2051-07-31,0.0144734937594233
2051-08-01,0.0187000436142093
2051-08-02,0.0186955365337946
2051-08-03,0.0186910304062617
2051-08-04,0.0186865254343003
2051-08-05,0.0186820211009916
2051-08-06,0.0186775183676128
2051-08-07,0.018673016268689
2051-08-08,0.0186685155795984
2051-08-09,0.0186640160286888
2051-08-10,0.0186595175547935
2051-08-11,0.0186550195654347
2051-08-12,0.0186505235238165
2051-08-13,0.0186460280638821
2051-08-14,0.0186415338542675
2051-08-15,0.0186370403252829
2051-08-16,0.0186325483314634
2051-08-17,0.0186280571969765
2051-08-18,0.0186235671119189
2051-08-19,0.0186190785752192
2051-08-20,0.0186145910423735
2051-08-21,0.0186101042477264
2051-08-22,0.0186056189750516
2051-08-23,0.0186011340208036
2051-08-24,0.0185966505759347
2051-08-25,0.0185921685978681
2051-08-26,0.0186662930557228
2051-08-27,0.0193803456806727
2051-08-28,0.0185787275552079
2051-08-29,0.0185742502845811
2051-08-30,0.0185697728496437
2051-08-31,0.0185652970176346
2051-09-01,0.0097326692283759
2051-09-02,0.00973032360638607
2051-09-03,0.00972797825639433
2051-09-04,0.00972563335732221
2051-09-05,0.00972328913714483
2051-09-06,0.0097209457282453
2051-09-07,0.00971860263945466
2051-09-08,0.00971626043709493
2051-09-09,0.00971391839195969
2051-09-10,0.00971157682604431
2051-09-11,0.00970923622328545
2051-09-12,0.00970689600855634
2051-09-13,0.00970455644819507
2051-09-14,0.0097022173808895
2051-09-15,0.00969987889374186
2051-09-16,0.00969754114869324
2051-09-17,0.00969520363916679
2051-09-18,0.00969286706512537
2051-09-19,0.00969053053101898
2051-09-20,0.00968819475473398
2051-09-21,0.00968585997084932
2051-09-22,0.00968352534513239
2051-09-23,0.00968119109077942
2051-09-24,0.00967885772663088
2051-09-25,0.00967652489641628
2051-09-26,0.00967419259730568
2051-09-27,0.00967186089879224
2051-09-28,0.00966952973609937
2051-09-29,0.0096671990683489
2051-09-30,0.0096648692128196
2051-10-01,0.00824513773674347
2051-10-02,0.00824315063446687
2051-10-03,0.00824116358236652
2051-10-04,0.00823917750964196
2051-10-05,0.00823719159012936
2051-10-06,0.0082352061898201
2051-10-07,0.00823322115389231
2051-10-08,0.00837327698372168
2051-10-09,0.00822925307379198
2051-10-10,0.00822726942401636
2051-10-11,0.00822528654191038
2051-10-12,0.00822330413527126
2051-10-13,0.00822132199078286
2051-10-14,0.00821934059679148
2051-10-15,0.00821735940565163
2051-10-16,0.00821537898030318
2051-10-17,0.00821339874841501
2051-10-18,0.00874265373627912
2051-10-19,0.00820943991979377
2051-10-20,0.00820746134050163
2051-10-21,0.00820548325975206
2051-10-22,0.00820350541646758
2051-10-23,0.00820152826330763
2051-10-24,0.0081995515912493
2051-10-25,0.00819757507535443
2051-10-26,0.00819559944545929
2051-10-27,0.00819362389820736
2051-10-28,0.00819164905744762
2051-10-29,0.00818967469108143
2051-10-30,0.0081877009737865
2051-10-31,0.00818572749476164
2051-11-01,0.00910470447208143
2051-11-02,0.0739023358906076
2051-11-03,0.00910031607707308
2051-11-04,0.00909812253153107
2051-11-05,0.00909592990154214
2051-11-06,0.0090937375611152
2051-11-07,0.00909154559204392
2051-11-08,0.00908935455673538
2051-11-09,0.00908716378710744
2051-11-10,0.00908497361123075
2051-11-11,0.0350451539973211
2051-11-12,0.00927415762653024
2051-11-13,0.177550721923478
2051-11-14,0.107932292255266
2051-11-15,0.0212136081332359
2051-11-16,0.0238050507294858
2051-11-17,0.14188652598601
2051-11-18,0.231451399671713
2051-11-19,0.560157348665837
2051-11-20,1.57512706325235
2051-11-21,1.18426439514241
2051-11-22,0.569225339407527
2051-11-23,0.85284819530468
2051-11-24,0.182928873652383
2051-11-25,0.150017290233054
2051-11-26,1.21422519869703
2051-11-27,1.60612210276561
2051-11-28,0.874506768746685
2051-11-29,0.0302277459652712
2051-11-30,0.0201338452135674
2051-12-01,0.0172076557580698
2051-12-02,0.0173153388848327
2051-12-03,0.0174073966593395
2051-12-04,0.0174828883518768
2051-12-05,0.0219058139760728
2051-12-06,0.0175648986019845
2051-12-07,0.0175794257853817
2051-12-08,0.0175783099841871
2051-12-09,0.0175542191789731
2051-12-10,0.0175249294011493
2051-12-11,0.0175057797561341
2051-12-12,0.0174929654170812
2051-12-13,0.0174705525330526
2051-12-14,0.0174397309234658
2051-12-15,0.0174101931128067
2051-12-16,0.0173767571323382
2051-12-17,0.01733655832315
2051-12-18,0.0172919269816267
2051-12-19,0.0269590756378335
2051-12-20,0.0175352289069921
2051-12-21,0.0172495663355357
2051-12-22,0.0172518283537293
2051-12-23,0.0172490341200913
2051-12-24,0.0172290256769691
2051-12-25,0.0262435420612387
2051-12-26,0.0287176695953251
2051-12-27,0.0196078942931431
2051-12-28,0.167078035695279
2051-12-29,0.536512741478831
2051-12-30,0.017343810082158
2051-12-31,0.0175197802448639
2052-01-01,0.013232963892944
2052-01-02,0.013304988745501
2052-01-03,0.0133601616423357
2052-01-04,0.0133940896098686
2052-01-05,0.013410349073148
2052-01-06,0.0134202773811782
2052-01-07,0.253819457782285
2052-01-08,0.130773444646664
2052-01-09,0.0403648245552655
2052-01-10,0.0332369327927191
2052-01-11,0.0473928113661294
2052-01-12,0.0581896251936485
2052-01-13,0.0334694227892506
2052-01-14,0.021703392105984
2052-01-15,0.0308379576124332
2052-01-16,0.507683754396946
2052-01-17,0.939455412455779
2052-01-18,4.12099168981978
2052-01-19,0.468772319788734
2052-01-20,0.223849888068097
2052-01-21,0.27205233720958
2052-01-22,0.460898108441023
2052-01-23,1.53376396196936
2052-01-24,1.54200391035306
2052-01-25,1.7297246790644
2052-01-26,2.07534345060195
2052-01-27,1.70918319418094
2052-01-28,1.70926220880653
2052-01-29,1.66281820729256
2052-01-30,1.53766178433877
2052-01-31,1.47181643254886
2052-02-01,1.40275531122771
2052-02-02,1.33956539818289
2052-02-03,1.27729311076403
2052-02-04,1.23456254545306
2052-02-05,1.25363884742799
2052-02-06,1.39712788749214
2052-02-07,1.31200742640724
2052-02-08,1.42802872450057
2052-02-09,1.42794399894496
2052-02-10,1.80880724105744
2052-02-11,2.01315936352707
2052-02-12,3.40424425252974
2052-02-13,6.73460838604586
2052-02-14,5.65776820860861
2052-02-15,2.23113174368056
2052-02-16,1.76145681183733
2052-02-17,1.6488378821098
2052-02-18,1.68262587536017
2052-02-19,1.80380543689441
2052-02-20,1.73918735967651
2052-02-21,1.77419681751293
2052-02-22,1.67694318162776
2052-02-23,1.55593034888261
2052-02-24,1.46321841975694
2052-02-25,1.33333273406491
2052-02-26,1.29948202167302
2052-02-27,1.16452514660574
2052-02-28,1.09278528721859
2052-02-29,1.06508322124502
2052-03-01,0.889184769797019
2052-03-02,0.761935820416351
2052-03-03,0.714994667230851
2052-03-04,0.676334840052627
2052-03-05,0.64985869198241
2052-03-06,0.626484515148222
2052-03-07,0.584151174418532
2052-03-08,0.534587204603648
2052-03-09,0.499567097482947
2052-03-10,0.474138511672789
2052-03-11,0.482073015425718
2052-03-12,0.685092453377438
2052-03-13,0.742303986943505
2052-03-14,0.52431833327254
2052-03-15,0.545640725722451
2052-03-16,0.52801297571028
2052-03-17,0.49454647780916
2052-03-18,0.442525055435186
2052-03-19,0.398525673904188
2052-03-20,0.35176899698225
2052-03-21,0.306468363725341
2052-03-22,0.265546809250532
2052-03-23,0.229164297295169
2052-03-24,0.200087982655493
2052-03-25,0.169434354421736
2052-03-26,0.144351947026628
2052-03-27,0.120522785353605
2052-03-28,0.100203050922093
2052-03-29,0.0827446506023525
2052-03-30,0.0676455367416121
2052-03-31,0.0551812614519818
2052-04-01,0.0475121176479091
2052-04-02,0.0385601413646304
2052-04-03,0.0321188429323446
2052-04-04,0.0280592448114621
2052-04-05,0.0340705806247448
2052-04-06,0.101363053391566
2052-04-07,0.389581094980988
2052-04-08,0.0267775856138375
2052-04-09,0.0271265606377041
2052-04-10,0.0370218279585933
2052-04-11,0.0256862936423267
2052-04-12,0.0237008848318467
2052-04-13,0.0213700895177541
2052-04-14,0.0461701109009363
2052-04-15,0.0683627509632317
2052-04-16,0.018761076844008
2052-04-17,0.017791811104876
2052-04-18,0.016573679085888
2052-04-19,0.0155442889489551
2052-04-20,0.0146609330186905
2052-04-21,0.0139563174372626
2052-04-22,0.0134923012395414
2052-04-23,0.0131944426975796
2052-04-24,0.0130222827453863
2052-04-25,0.0128908933940198
2052-04-26,0.0127707035795902
2052-04-27,0.0126512524401513
2052-04-28,0.016807520987368
2052-04-29,0.013704265286198
2052-04-30,0.0345377180401431
2052-05-01,0.0227520616277559
2052-05-02,0.0871137267457553
2052-05-03,0.109095031987439
2052-05-04,0.544019388797008
2052-05-05,0.439384071343762
2052-05-06,0.057856986550825
2052-05-07,0.0194054171403343
2052-05-08,0.0162696403080562
2052-05-09,0.0162851741906437
2052-05-10,0.0173217231667499
2052-05-11,0.0162166968391628
2052-05-12,0.0160390230043447
2052-05-13,0.0158358885537989
2052-05-14,0.0156547195959988
2052-05-15,0.0490805447953616
2052-05-16,0.0153138932399951
2052-05-17,0.0151343026241188
2052-05-18,0.0149517345815972
2052-05-19,0.0147572766253182
2052-05-20,0.0145443630672815
2052-05-21,0.014796439848505
2052-05-22,0.0141326636927244
2052-05-23,0.0138969658349521
2052-05-24,0.0136488423561517
2052-05-25,0.0150895258328393
2052-05-26,0.0132198040001428
2052-05-27,0.0907765385912421
2052-05-28,0.0128849403195042
2052-05-29,0.014892870942263
2052-05-30,0.176935391691224
2052-05-31,0.0352188578212041
2052-06-01,0.0184606506518094
2052-06-02,0.0152230156209018
2052-06-03,0.0498059218545525
2052-06-04,0.139786216931271
2052-06-05,0.123369592753949
2052-06-06,0.0152889520357954
2052-06-07,0.01495865851758
2052-06-08,0.0148037516805872
2052-06-09,0.0146320683135187
2052-06-10,0.0144615596862755
2052-06-11,0.0142683372047823
2052-06-12,0.0140663832675133
2052-06-13,0.0138599204158785
2052-06-14,0.0136329981132765
2052-06-15,0.0133815297309446
2052-06-16,0.0131046395863419
2052-06-17,0.0128100002816163
2052-06-18,0.0125090149240871
2052-06-19,0.0122064613032978
2052-06-20,0.0119077445503873
2052-06-21,0.0140480401477636
2052-06-22,0.0114073103367895
2052-06-23,0.0123486231033183
2052-06-24,0.0109628417330889
2052-06-25,0.0107193138266628
2052-06-26,0.0104814727655092
2052-06-27,0.0102671629261123
2052-06-28,0.0100654280456922
2052-06-29,0.00986204946771991
2052-06-30,0.0096467636540308
2052-07-01,0.0179308558220391
2052-07-02,0.0175294713080973
2052-07-03,0.0171592005776372
2052-07-04,0.0168200658323889
2052-07-05,0.016522523272322
2052-07-06,0.0190090941750189
2052-07-07,0.016095025253098
2052-07-08,0.0158545999123317
2052-07-09,0.0156764268858989
2052-07-10,0.0155048209883526
2052-07-11,0.0153496085668023
2052-07-12,0.0152112715077405
2052-07-13,0.0150906788544201
2052-07-14,0.0149835746819381
2052-07-15,0.0148907360833239
2052-07-16,0.0148159104591809
2052-07-17,0.014754063932203
2052-07-18,0.014699038788605
2052-07-19,0.0146521950409534
2052-07-20,0.0146145617161831
2052-07-21,0.0145847285664037
2052-07-22,0.0145613776623849
2052-07-23,0.014542576429984
2052-07-24,0.0145274314975923
2052-07-25,0.014515052702797
2052-07-26,0.0145045815630854
2052-07-27,0.0144959768470707
2052-07-28,0.0144890424504541
2052-07-29,0.0144827431042395
2052-07-30,0.0144773058320895
2052-07-31,0.0144731557563445
2052-08-01,0.0186994597411498
2052-08-02,0.0186949196942641
2052-08-03,0.0186904141861943
2052-08-04,0.0186859098139068
2052-08-05,0.0186814062020058
2052-08-06,0.0186769042673926
2052-08-07,0.0186724032436839
2052-08-08,0.0186679026961164
2052-08-09,0.018663403409663
2052-08-10,0.0186589051960261
2052-08-11,0.0186544083076685
2052-08-12,0.0186499120057919
2052-08-13,0.0186454168307025
2052-08-14,0.0186409226684623
2052-08-15,0.0186364300677727
2052-08-16,0.0186319378994481
2052-08-17,0.0186274468171329
2052-08-18,0.0186229569365641
2052-08-19,0.0186184685761684
2052-08-20,0.018613981002545
2052-08-21,0.0186094942534731
2052-08-22,0.018605008540038
2052-08-23,0.025961345071452
2052-08-24,0.018596041385844
2052-08-25,0.0185915590983456
2052-08-26,0.0185870779748143
2052-08-27,0.0185825980872108
2052-08-28,0.0185781190373516
2052-08-29,0.0185736410333237
2052-08-30,0.0185691639635877
2052-08-31,0.0185646884877848
2052-09-01,0.00973235054714175
2052-09-02,0.00973000459152179
2052-09-03,0.00972765935976283
2052-09-04,0.0097253147424367
2052-09-05,0.00972297045245174
2052-09-06,0.00972062706839368
2052-09-07,0.0296424591471435
2052-09-08,0.00971594170554902
2052-09-09,0.0235708370807875
2052-09-10,0.00971125869132204
2052-09-11,0.01252996795449
2052-09-12,0.0140024971530652
2052-09-13,0.0448801330041895
2052-09-14,0.0126131441204241
2052-09-15,0.0096995610338478
2052-09-16,0.00969722299258854
2052-09-17,0.00969488573147652
2052-09-18,0.00969254919894234
2052-09-19,0.00969021300286835
2052-09-20,0.00968787720488641
2052-09-21,0.00968554234836415
2052-09-22,0.00968320799181527
2052-09-23,0.0096808739673244
2052-09-24,0.00967854068210243
2052-09-25,0.00967620768900345
2052-09-26,0.00967387551944576
2052-09-27,0.00967154388445091
2052-09-28,0.0113854466731324
2052-09-29,0.00966688235556397
2052-09-30,0.00966455236450719
2052-10-01,0.00824486746792557
2052-10-02,0.00824288043272952
2052-10-03,0.00824089356040498
2052-10-04,0.00823890721265025
2052-10-05,0.00823692166234891
2052-10-06,0.00823493611473081
2052-10-07,0.00823295148021293
2052-10-08,0.00823096706088942
2052-10-09,0.00822898321711688
2052-10-10,0.00822699979622007
2052-10-11,0.00822501706517947
2052-10-12,0.00822303451820784
2052-10-13,0.00822105259776843
2052-10-14,0.00821907116004054
2052-10-15,0.00821708993536043
2052-10-16,0.00821510953899078
2052-10-17,0.0082131294270426
2052-10-18,0.0484893689184505
2052-10-19,0.343311269894034
2052-10-20,0.00838333260790105
2052-10-21,0.00820568166116777
2052-10-22,0.00820414775015711
2052-10-23,0.0082026219097398
2052-10-24,0.00820107637823388
2052-10-25,0.00819949862231212
2052-10-26,0.00819788250088573
2052-10-27,0.00829350254422075
2052-10-28,0.00819455711644149
2052-10-29,0.0343907900709094
2052-10-30,0.00819114244860989
2052-10-31,0.0454343815962443
2052-11-01,0.00979001369783404
2052-11-02,0.00979651461775553
2052-11-03,0.00910530463042797
2052-11-04,0.0212755933014303
2052-11-05,0.00910148195619271
2052-11-06,0.051705100995374
2052-11-07,0.00909769730741245
2052-11-08,0.00909584653217757
2052-11-09,0.00909400644058487
2052-11-10,0.00909216936133197
2052-11-11,0.0090903327788122
2052-11-12,0.00908849726946277
2052-11-13,0.00908665559721991
2052-11-14,0.00908480108454627
2052-11-15,0.0090829353300029
2052-11-16,0.00908105659174022
2052-11-17,0.00907916237683891
2052-11-18,0.00907725234469046
2052-11-19,0.0354870219902251
2052-11-20,0.105928179818098
2052-11-21,0.0270386339621239
2052-11-22,0.0111640177232367
2052-11-23,0.508179162065621
2052-11-24,0.457079923443391
2052-11-25,0.0842618875197802
2052-11-26,0.0418389043660915
2052-11-27,0.02593267767342
2052-11-28,0.020066256957667
2052-11-29,0.0275441366687199
2052-11-30,0.062848148383335
2052-12-01,0.0241761504666553
2052-12-02,0.0870193413325708
2052-12-03,0.0639099783253655
2052-12-04,0.030727252822111
2052-12-05,0.0111984938134182
2052-12-06,0.0128763368238073
2052-12-07,0.0811591495322942
2052-12-08,0.116501900098477
2052-12-09,0.0432176362296319
2052-12-10,0.0133728871790217
2052-12-11,0.0128184848765774
2052-12-12,0.0221521932593007
2052-12-13,0.0207406886464513
2052-12-14,0.0347987562532556
2052-12-15,0.0561831027043482
2052-12-16,0.0412079972456747
2052-12-17,0.0412233593319337
2052-12-18,0.0789997242746729
2052-12-19,0.0531405078923892
2052-12-20,0.0387840489395432
2052-12-21,0.011098303073342
2052-12-22,0.0102354253399591
2052-12-23,0.0108159964266032
2052-12-24,0.0169221491142141
2052-12-25,0.0454918610983236
2052-12-26,0.334445936843558
2052-12-27,0.0253771809817025
2052-12-28,0.0107105072722327
2052-12-29,0.020984340808746
2052-12-30,0.0488655167758052
2052-12-31,0.0400070325131523
2053-01-01,0.0376868885216952
2053-01-02,0.0403159693867291
2053-01-03,0.0283262345771716
2053-01-04,0.0485750863268644
2053-01-05,0.0164408984090279
2053-01-06,0.0113747037208511
2053-01-07,0.207326100809064
2053-01-08,0.563861532322268
2053-01-09,0.378460338111604
2053-01-10,0.0479759740457912
2053-01-11,0.0447171583238335
2053-01-12,0.0450387245584253
2053-01-13,0.0250258594249045
2053-01-14,0.0212287725457212
2053-01-15,0.0221087281900692
2053-01-16,0.015498318249522
2053-01-17,0.0136534870514484
2053-01-18,0.0128910131478214
2053-01-19,0.017680088124767
2053-01-20,0.0173277989471457
2053-01-21,0.0139576571454952
2053-01-22,0.0131575665537347
2053-01-23,0.0111064645702535
2053-01-24,0.0136994806201802
2053-01-25,0.0260723551814473
2053-01-26,0.0163179609024468
2053-01-27,0.0113751840245935
2053-01-28,0.0147555546742704
2053-01-29,0.023246808886343
2053-01-30,0.545126457384291
2053-01-31,1.3786571138692
2053-02-01,0.377389663513229
2053-02-02,0.570274073896019
2053-02-03,1.82452538600385
2053-02-04,1.45464867157603
2053-02-05,0.457893899152125
2053-02-06,0.150903293211768
2053-02-07,0.161423237129728
2053-02-08,0.172709311601371
2053-02-09,0.178137296220024
2053-02-10,0.176250445502915
2053-02-11,0.174455844778246
2053-02-12,0.165212508538016
2053-02-13,0.157713395616179
2053-02-14,0.148491593405585
2053-02-15,0.137571343602957
2053-02-16,0.125634571196015
2053-02-17,0.113752931361805
2053-02-18,0.105444184023826
2053-02-19,0.0945423364288196
2053-02-20,0.0844266856502663
2053-02-21,0.0747090732755019
2053-02-22,0.0661150278815858
2053-02-23,0.221624342968466
2053-02-24,0.508698469477536
2053-02-25,0.277813191337409
2053-02-26,0.129325537193564
2053-02-27,0.74264721270509
2053-02-28,1.80186043427514
2053-03-01,1.49672637857316
2053-03-02,2.54242472897519
2053-03-03,1.52342461273569
2053-03-04,1.26847624202413
2053-03-05,1.2563032284201
2053-03-06,1.25039133160369
2053-03-07,1.1870970651503
2053-03-08,1.14625756612575
2053-03-09,1.09609538034397
2053-03-10,1.03356082890205
2053-03-11,0.938073865275818
2053-03-12,0.874740721962119
2053-03-13,0.815934070327648
2053-03-14,0.766974305073793
2053-03-15,0.727132012313648
2053-03-16,0.693993750444198
2053-03-17,0.665071218455547
2053-03-18,0.615440399956906
2053-03-19,0.55812611815638
2053-03-20,0.531570137197514
2053-03-21,0.480227386080207
2053-03-22,0.43733506980469
2053-03-23,0.390957031280991
2053-03-24,0.34613209616797
2053-03-25,0.304774859297435
2053-03-26,0.267141867037724
2053-03-27,0.236052190969146
2053-03-28,0.210790012545687
2053-03-29,0.185927362873682
2053-03-30,0.16060692325269
2053-03-31,0.137517824740237
2053-04-01,0.125699390816233
2053-04-02,0.107959866708252
2053-04-03,0.0919553780210443
2053-04-04,0.0790475251623846
2053-04-05,0.0642833618578345
2053-04-06,0.0504045061245266
2053-04-07,0.106422637232358
2053-04-08,0.4236317234885
2053-04-09,0.680697903835982
2053-04-10,0.461888263487721
2053-04-11,0.216593977544374
2053-04-12,0.253516453446788
2053-04-13,0.2695766910143
2053-04-14,0.271332511711087
2053-04-15,0.258846024214591
2053-04-16,0.245117664041857
2053-04-17,0.229905600235605
2053-04-18,0.212912943717817
2053-04-19,0.19500470826551
2053-04-20,0.17554196356647
2053-04-21,0.156008494645858
2053-04-22,0.203460917254308
2053-04-23,0.219641415256607
2053-04-24,0.181629495135018
2053-04-25,0.137326833753716
2053-04-26,0.128709577648581
2053-04-27,0.115600635967058
2053-04-28,0.10593056809856
2053-04-29,0.0953109798679711
2053-04-30,0.0814749328986749
2053-05-01,0.0812979386008663
2053-05-02,0.0643068641281017
2053-05-03,0.0534429218517385
2053-05-04,0.0468572375441131
2053-05-05,0.0429883381958055
2053-05-06,0.0378781200760359
2053-05-07,0.0337206843053521
2053-05-08,0.02870825141714
2053-05-09,0.0250276362745603
2053-05-10,0.0220086209988273
2053-05-11,0.0199853192267914
2053-05-12,0.0186683145263164
2053-05-13,0.124590105407862
2053-05-14,0.255506633476455
2053-05-15,0.0385678489973192
2053-05-16,0.0242955419580323
2053-05-17,0.0181805413371568
2053-05-18,0.017440889014172
2053-05-19,0.0170297775041825
2053-05-20,0.0168341100804721
2053-05-21,0.0166834883686506
2053-05-22,0.0165303386874035
2053-05-23,0.0163667230843783
2053-05-24,0.0161931251559565
2053-05-25,0.0160031193577679
2053-05-26,0.0158052287782885
2053-05-27,0.0163695014017873
2053-05-28,0.0154708028377611
2053-05-29,0.0152989034996526
2053-05-30,0.015102522806145
2053-05-31,0.0148850807983894
2053-06-01,0.0178504131876668
2053-06-02,0.0175227830925707
2053-06-03,0.0171954533434837
2053-06-04,0.0168708004696161
2053-06-05,0.0165363367330894
2053-06-06,0.0161946654049954
2053-06-07,0.0158553061250035
2053-06-08,0.0155131183178273
2053-06-09,0.0151877839086154
2053-06-10,0.0148863593408506
2053-06-11,0.0145681252976086
2053-06-12,0.0249604242083706
2053-06-13,0.0139618322620496
2053-06-14,0.0287085400926349
2053-06-15,0.0134220863334568
2053-06-16,0.0131257053983498
2053-06-17,0.0128133045447702
2053-06-18,0.0125098713630715
2053-06-19,0.0121996468059156
2053-06-20,0.0118997489310172
2053-06-21,0.0116806109803549
2053-06-22,0.0113892481687673
2053-06-23,0.0165838125211301
2053-06-24,0.0108833085049632
2053-06-25,0.0106508511544133
2053-06-26,0.0103937818601582
2053-06-27,0.0101436977480839
2053-06-28,0.00989028333593525
2053-06-29,0.0096387930291875
2053-06-30,0.00940331295986852
2053-07-01,0.0174792755214888
2053-07-02,0.0170977067619319
2053-07-03,0.0167421785258388
2053-07-04,0.0164191173959487
2053-07-05,0.0161306097019454
2053-07-06,0.0158773258371425
2053-07-07,0.0156538410223295
2053-07-08,0.0154580461776154
2053-07-09,0.0152875328807196
2053-07-10,0.01514209040453
2053-07-11,0.0150204415486634
2053-07-12,0.0149162358401901
2053-07-13,0.0148283448200163
2053-07-14,0.0147569915703781
2053-07-15,0.0146991785565828
2053-07-16,0.0146536310951179
2053-07-17,0.0146186272169143
2053-07-18,0.0145891375684436
2053-07-19,0.0145637435359128
2053-07-20,0.0145438333102576
2053-07-21,0.0145285903122597
2053-07-22,0.0145163921488571
2053-07-23,0.0145059870203834
2053-07-24,0.0144977403621349
2053-07-25,0.0144921437675385
2053-07-26,0.0144879731057979
2053-07-27,0.0144844409514438
2053-07-28,0.0144809498707078
2053-07-29,0.0144774593653626
2053-07-30,0.0144739697045424
2053-07-31,0.0144704812279136
2053-08-01,0.0186961516252758
2053-08-02,0.0186916453142426
2053-08-03,0.0186871398763348
2053-08-04,0.0186826361786804
2053-08-05,0.0186781328198417
2053-08-06,0.0186736312714184
2053-08-07,0.0186691301517621
2053-08-08,0.0186646299580021
2053-08-09,0.0186601314541231
2053-08-10,0.0186556335960927
2053-08-11,0.0186511368294689
2053-08-12,0.0188058449319359
2053-08-13,0.0186421472420753
2053-08-14,0.0186376536387311
2053-08-15,0.0186331613996449
2053-08-16,0.0186286703647039
2053-08-17,0.0186241803060319
2053-08-18,0.0186196915684416
2053-08-19,0.0186152035000871
2053-08-20,0.0186107168553585
2053-08-21,0.0186062309308382
2053-08-22,0.0186017465924552
2053-08-23,0.0185972628837298
2053-08-24,0.0185927803125857
2053-08-25,0.0185882987986667
2053-08-26,0.0185838188253097
2053-08-27,0.0185793394264404
2053-08-28,0.0185748610272274
2053-08-29,0.018570384366469
2053-08-30,0.0185659083473616
2053-08-31,0.01856143356778
2053-09-01,0.00973064350862476
2053-09-02,0.00972829858785561
2053-09-03,0.00972595368123661
2053-09-04,0.00972360934188322
2053-09-05,0.00972126575940799
2053-09-06,0.00971892255647241
2053-09-07,0.00971658010538375
2053-09-08,0.00971423815143862
2053-09-09,0.00971189676224338
2053-09-10,0.00970955569032699
2053-09-11,0.00970721540767694
2053-09-12,0.00970487589951423
2053-09-13,0.00970253670108352
2053-09-14,0.0393026745111725
2053-09-15,0.0096978600877754
2053-09-16,0.00969552295873191
2053-09-17,0.00969318573441048
2053-09-18,0.00969084967858062
2053-09-19,0.00968851358250132
2053-09-20,0.00968617867000706
2053-09-21,0.0096838440229076
2053-09-22,0.00968150994621817
2053-09-23,0.00967917648301834
2053-09-24,0.00967684346696451
2053-09-25,0.00967451116187935
2053-09-26,0.00967217919639889
2053-09-27,0.00966984806546536
2053-09-28,0.00966751744771224
2053-09-29,0.00966518727584749
2053-09-30,0.00966285755584557
2053-10-01,0.00824342186924447
2053-10-02,0.00824143494540209
2053-10-03,0.00823944860033057
2053-10-04,0.00823746276050964
2053-10-05,0.00823547732424521
2053-10-06,0.00823349239269474
2053-10-07,0.00823150793902599
2053-10-08,0.00822952383685925
2053-10-09,0.00822754033707571
2053-10-10,0.00824586848901812
2053-10-11,0.00822357471775773
2053-10-12,0.00822159271494342
2053-10-13,0.00821961109824466
2053-10-14,0.00821762993393703
2053-10-15,0.00821564929285759
2053-10-16,0.00821407852109284
2053-10-17,0.166381646689828
2053-10-18,0.230634175046518
2053-10-19,0.00820790164049865
2053-10-20,0.0206655875667048
2053-10-21,0.488282287034393
2053-10-22,0.457595083524752
2053-10-23,0.0654138870713576
2053-10-24,0.0222369091406886
2053-10-25,0.00893902540741937
2053-10-26,0.0106214532333354
2053-10-27,0.00916859972686907
2053-10-28,0.00923933636695719
2053-10-29,0.00928666913583917
2053-10-30,0.00931513926070904
2053-10-31,0.00933085002595939
2053-11-01,0.0103952764884733
2053-11-02,0.0104183095550509
2053-11-03,0.0104426712793442
2053-11-04,0.0104594242790825
2053-11-05,0.010467641348229
2053-11-06,0.0104631500835002
2053-11-07,0.0104480305361825
2053-11-08,0.0278330553373587
2053-11-09,0.617815141470491
2053-11-10,0.376616886248764
2053-11-11,0.585700234545049
2053-11-12,0.0146955863048542
2053-11-13,0.012154309852166
2053-11-14,0.0123611263689532
2053-11-15,0.375117891875434
2053-11-16,0.120848193935739
2053-11-17,0.0267762973400399
2053-11-18,0.175121285545833
2053-11-19,0.0133758847516535
2053-11-20,0.0222677839304794
2053-11-21,0.0465446545295095
2053-11-22,0.0196986846385586
2053-11-23,0.0505781779219614
2053-11-24,0.434623328497591
2053-11-25,0.379754008633433
2053-11-26,0.0415952175838096
2053-11-27,0.0227584931938339
2053-11-28,0.0152745941040918
2053-11-29,0.0249209879530878
2053-11-30,0.0161667713014925
2053-12-01,0.0130148889656882
2053-12-02,0.0130713347743167
2053-12-03,0.0131151582555916
2053-12-04,0.0131474317547953
2053-12-05,0.0281509516641972
2053-12-06,0.449629061286817
2053-12-07,0.978976531621642
2053-12-08,0.901224164169518
2053-12-09,0.14237419418988
2053-12-10,0.0583894201647886
2053-12-11,0.267912789426298
2053-12-12,0.695216844216261
2053-12-13,0.0173864361226349
2053-12-14,0.0178071710175994
2053-12-15,0.106718247659043
2053-12-16,0.41697675863221
2053-12-17,0.756159976309097
2053-12-18,0.350185673293124
2053-12-19,0.0613346547201121
2053-12-20,0.136840562065199
2053-12-21,0.117030731944584
2053-12-22,0.204053557287135
2053-12-23,0.103301896609055
2053-12-24,0.124933804956178
2053-12-25,0.0639977022979064
2053-12-26,0.182646571108091
2053-12-27,0.0374408565153133
2053-12-28,0.0520355572335004
2053-12-29,0.0455956994898119
2053-12-30,0.0537417196612698
2053-12-31,0.0551885926983507
2054-01-01,0.0393869823824349
2054-01-02,0.0411028063471286
2054-01-03,0.061694796794809
2054-01-04,0.815441256198395
2054-01-05,0.080807606155713
2054-01-06,0.117023624281091
2054-01-07,0.284359943067079
2054-01-08,0.165052839219369
2054-01-09,0.173682903457231
2054-01-10,0.171842952041555
2054-01-11,0.174577427954628
2054-01-12,0.216922150928718
2054-01-13,0.47512646521263
2054-01-14,0.306318475970691
2054-01-15,0.346416482142749
2054-01-16,0.34928338642487
2054-01-17,0.46672373021453
2054-01-18,0.394758468015139
2054-01-19,0.366863904200182
2054-01-20,0.386011576015008
2054-01-21,0.380558262565855
2054-01-22,0.41038141490588
2054-01-23,0.467384476237347
2054-01-24,0.704341291396018
2054-01-25,0.978314798281741
2054-01-26,0.863444904456954
2054-01-27,0.975835713870161
2054-01-28,0.819790745438059
2054-01-29,0.855300552266484
2054-01-30,0.836611046899845
2054-01-31,0.79895751422139
2054-02-01,0.754482695943956
2054-02-02,0.710878822883387
2054-02-03,0.694834039878954
2054-02-04,0.696212102338573
2054-02-05,0.673972800435269
2054-02-06,0.635087289611264
2054-02-07,0.615315416545448
2054-02-08,0.599192749335401
2054-02-09,0.606039338074268
2054-02-10,0.599680222057308
2054-02-11,0.584926594872144
2054-02-12,0.590281256664445
2054-02-13,1.75770620804769
2054-02-14,2.44784013768192
2054-02-15,1.47097616077048
2054-02-16,1.40601489879205
2054-02-17,1.56631849312422
2054-02-18,1.59402466823105
2054-02-19,1.37053289922036
2054-02-20,1.31623178315551
2054-02-21,1.25460554167072
2054-02-22,1.18278442449132
2054-02-23,1.20595181291058
2054-02-24,1.23836749256327
2054-02-25,1.51934456107975
2054-02-26,1.65920804625958
2054-02-27,1.73847777697888
2054-02-28,1.60134807066051
2054-03-01,1.21956335816057
2054-03-02,1.30027443065737
2054-03-03,1.20818686124019
2054-03-04,1.17267378142751
2054-03-05,1.15558050674358
2054-03-06,1.11580189335076
2054-03-07,1.11424272171844
2054-03-08,1.26671281208547
2054-03-09,1.17186718778258
2054-03-10,1.11406711063754
2054-03-11,1.48116983429088
2054-03-12,1.38106397601705
2054-03-13,1.21175070640958
2054-03-14,1.18881125972207
2054-03-15,1.15052860523491
2054-03-16,1.11458871803277
2054-03-17,1.08326188637377
2054-03-18,0.900415589055353
2054-03-19,0.836250454543259
2054-03-20,0.782286485287432
2054-03-21,0.718161176040679
2054-03-22,0.68227966295415
2054-03-23,0.640440235478118
2054-03-24,0.616650919639827
2054-03-25,0.644162587588825
2054-03-26,0.596682553226874
2054-03-27,0.428952622563634
2054-03-28,0.388770725841238
2054-03-29,0.357964236079635
2054-03-30,0.365415921545273
2054-03-31,0.44138318360218
2054-04-01,0.346017540082337
2054-04-02,0.315896875740025
2054-04-03,0.281010947898216
2054-04-04,0.24506100652759
2054-04-05,0.211042538236403
2054-04-06,0.177952144860107
2054-04-07,0.15019479822487
2054-04-08,0.124794019501615
2054-04-09,0.10343093806568
2054-04-10,0.0853338454973125
2054-04-11,0.0702369535468009
2054-04-12,0.057902537448363
2054-04-13,0.0481812434775494
2054-04-14,0.0405548484991453
2054-04-15,0.0343401828044801
2054-04-16,0.0293333825897225
2054-04-17,0.0255600919696889
2054-04-18,0.0229485201190595
2054-04-19,0.0211444472216065
2054-04-20,0.0196204244422319
2054-04-21,0.240418368914227
2054-04-22,0.160281032735593
2054-04-23,0.0196746295606186
2054-04-24,0.0212214511970279
2054-04-25,0.154635875961572
2054-04-26,0.131539735229846
2054-04-27,0.0254969989428733
2054-04-28,0.0273634479342581
2054-04-29,0.0272482358515185
2054-04-30,0.0258032319711249
2054-05-01,0.0294683125576762
2054-05-02,0.0269306934154319
2054-05-03,0.0246531267961201
2054-05-04,0.0225833802322747
2054-05-05,0.0209735243553173
2054-05-06,0.0380698783285126
2054-05-07,0.0186053436894885
2054-05-08,0.0174827670308192
2054-05-09,0.016622867031374
2054-05-10,0.0543361894758232
2054-05-11,0.294603029277267
2054-05-12,0.0158339974121176
2054-05-13,0.21749865665777
2054-05-14,0.343668663062712
2054-05-15,0.568176881560978
2054-05-16,0.0337536944013477
2054-05-17,0.0320047983280857
2054-05-18,0.0329257704958512
2054-05-19,0.0315324409534794
2054-05-20,0.0291283153791518
2054-05-21,0.0264760962981066
2054-05-22,0.0238548324263001
2054-05-23,0.0212549261714118
2054-05-24,0.0188618825016107
2054-05-25,0.0172282580333692
2054-05-26,0.041855455325376
2054-05-27,0.0159275615960343
2054-05-28,0.0155921389499359
2054-05-29,0.0287487110115154
2054-05-30,0.0152564916040324
2054-05-31,0.0151466424815754
2054-06-01,0.0660130325178037
2054-06-02,0.214838846954651
2054-06-03,0.0190496129032621
2054-06-04,0.0181861023032878
2054-06-05,0.0179760634939312
2054-06-06,0.017740012886897
2054-06-07,0.0174820471807555
2054-06-08,0.0172060928399907
2054-06-09,0.0169350977774903
2054-06-10,0.0166851015133164
2054-06-11,0.01646054580816
2054-06-12,0.0162425327263133
2054-06-13,0.0160094100006943
2054-06-14,0.0157818312362957
2054-06-15,0.0155723326381638
2054-06-16,0.0153494756920757
2054-06-17,0.0150996723024707
2054-06-18,0.0148325339616229
2054-06-19,0.0145927572726408
2054-06-20,0.0144051808913564
2054-06-21,0.105195847006907
2054-06-22,0.0140231328271022
2054-06-23,0.0326032515613705
2054-06-24,0.0136059274922138
2054-06-25,0.0133370744773772
2054-06-26,0.0130364190914026
2054-06-27,0.012736167960105
2054-06-28,0.0124297848486782
2054-06-29,0.0121142401045074
2054-06-30,0.0117940907862134
2054-07-01,0.0218340774477375
2054-07-02,0.0212452394320519
2054-07-03,0.0207083100753017
2054-07-04,0.0202097033479658
2054-07-05,0.0209369200030464
2054-07-06,0.019256748677651
2054-07-07,0.0187851525825586
2054-07-08,0.0183269357326935
2054-07-09,0.0178958013962235
2054-07-10,0.017499470680172
2054-07-11,0.0171373874499045
2054-07-12,0.0168032802526643
2054-07-13,0.0165032622549292
2054-07-14,0.0162394524323824
2054-07-15,0.0160083146395929
2054-07-16,0.0158021592684677
2054-07-17,0.015612774893696
2054-07-18,0.0154428436179856
2054-07-19,0.0152893751496065
2054-07-20,0.0151542011628317
2054-07-21,0.0150399806658553
2054-07-22,0.0149455082020943
2054-07-23,0.0148618082830248
2054-07-24,0.0147864835269082
2054-07-25,0.0147239357976908
2054-07-26,0.0146717742396784
2054-07-27,0.0146284132495503
2054-07-28,0.0145938617375104
2054-07-29,0.0145682038465652
2054-07-30,0.0145479572618711
2054-07-31,0.014531404804023
2054-08-01,0.0187624580251981
2054-08-02,0.0187489413786552
2054-08-03,0.0187373736200056
2054-08-04,0.0187270283906807
2054-08-05,0.0187168213633944
2054-08-06,0.0187080240842135
2054-08-07,0.0187022675197335
2054-08-08,0.0186977598594342
2054-08-09,0.0186932534704435
2054-08-10,0.0186887476757296
2054-08-11,0.0186842430407849
2054-08-12,0.0186797399775856
2054-08-13,0.0186752373305598
2054-08-14,0.0186707362774672
2054-08-15,0.0186662356285547
2054-08-16,0.018661736456639
2054-08-17,0.018657238818689
2054-08-18,0.0186527411249693
2054-08-19,0.0186482453723941
2054-08-20,0.0186437506602529
2054-08-21,0.0186392566431337
2054-08-22,0.0186347641048103
2054-08-23,0.0186302724713948
2054-08-24,0.0186257821422699
2054-08-25,0.0186212925033696
2054-08-26,0.0186168044608012
2054-08-27,0.0186123171096567
2054-08-28,0.0186078311407606
2054-08-29,0.0186033461121529
2054-08-30,0.0185988620556167
2054-08-31,0.0185943788518167
2054-09-01,0.00974791500043893
2054-09-02,0.00974556569373863
2054-09-03,0.00974321646470709
2054-09-04,0.00974086828907887
2054-09-05,0.0097385205033671
2054-09-06,0.00973617317517833
2054-09-07,0.00973382623218927
2054-09-08,0.00973148010928249
2054-09-09,0.00972913463980024
2054-09-10,0.00972678958193149
2054-09-11,0.00972444531049903
2054-09-12,0.00972210137867119
2054-09-13,0.00971975797920516
2054-09-14,0.0097174150979506
2054-09-15,0.00971507302074153
2054-09-16,0.00971273132275769
2054-09-17,0.00971039036655838
2054-09-18,0.00970804967418164
2054-09-19,0.00970570970157808
2054-09-20,0.00970337044182989
2054-09-21,0.00970103159809736
2054-09-22,0.00969869345810112
2054-09-23,0.00969635573852288
2054-09-24,0.00969401859878817
2054-09-25,0.00969168202631896
2054-09-26,0.00968934606922598
2054-09-27,0.00968701063631913
2054-09-28,0.00968467601406105
2054-09-29,0.00968234147198752
2054-09-30,0.00968000800532866
2054-10-01,0.00825805279350508
2054-10-02,0.00825606234256816
2054-10-03,0.00825407233436278
2054-10-04,0.00825208287111966
2054-10-05,0.00825009390024768
2054-10-06,0.0082481055027801
2054-10-07,0.00824611736182851
2054-10-08,0.00824412973686038
2054-10-09,0.00824214265524458
2054-10-10,0.00824015620579574
2054-10-11,0.024059011780604
2054-10-12,0.0134777592760842
2054-10-13,0.00823419928495967
2054-10-14,0.00823221468103052
2054-10-15,0.00823023048038954
2054-10-16,0.00822824669269635
2054-10-17,0.00822626332546395
2054-10-18,0.00822428065694241
2054-10-19,0.00822229834931414
2054-10-20,0.0108112205188258
2054-10-21,0.00821833518460711
2054-10-22,0.00821635446732417
2054-10-23,0.00821437408866377
2054-10-24,0.0130836662750456
2054-10-25,0.00821041481087126
2054-10-26,0.00820843608427029
2054-10-27,0.00820645758359656
2054-10-28,0.00820447936573436
2054-10-29,0.00820250209987911
2054-10-30,0.00820052501728791
2054-10-31,0.102394007714981
2054-11-01,0.0405325493875843
2054-11-02,0.00911676743027199
2054-11-03,0.00911457136882463
2054-11-04,0.0128133247365399
2054-11-05,0.00911018241409599
2054-11-06,0.0091079893861833
2054-11-07,0.00910579680097203
2054-11-08,0.0091036049536959
2054-11-09,0.00910141350016435
2054-11-10,0.00909922267948991
2054-11-11,0.00909703219076686
2054-11-12,0.00909484229549664
2054-11-13,0.00909265271934154
2054-11-14,0.00909046363962096
2054-11-15,0.00908827491573326
2054-11-16,0.00908608706829285
2054-11-17,0.00908389950742933
2054-11-18,0.00908171243285066
2054-11-19,0.00907952582246671
2054-11-20,0.00941729632668665
2054-11-21,0.0146217521402755
2054-11-22,0.00915229020726968
2054-11-23,0.00907078400586225
2054-11-24,0.00906859972272053
2054-11-25,0.130676826295345
2054-11-26,0.729894897469098
2054-11-27,0.665395482366704
2054-11-28,1.45117385193755
2054-11-29,2.75748635946735
2054-11-30,2.92476063929745
2054-12-01,0.451613901646159
2054-12-02,0.0390667035947937
2054-12-03,0.0242026971704804
2054-12-04,0.0385970185353885
2054-12-05,0.0192386157731516
2054-12-06,0.0205605421259772
2054-12-07,0.0213572605626504
2054-12-08,0.169949820732325
2054-12-09,0.0461082727053609
2054-12-10,0.045846855866432
2054-12-11,0.0684056803311224
2054-12-12,0.569894152290609
2054-12-13,0.453601190175123
2054-12-14,0.0167216856579981
2054-12-15,0.0278937221498218
2054-12-16,0.0175085999042836
2054-12-17,0.0286316241714226
2054-12-18,0.0174523337078343
2054-12-19,0.0216925299638674
2054-12-20,0.0292336454697179
2054-12-21,0.0176284737769021
2054-12-22,0.0176164472903326
2054-12-23,0.0176193628497166
2054-12-24,0.0176031994035603
2054-12-25,0.0175657484237767
2054-12-26,0.0175349804811147
2054-12-27,0.017515831395856
2054-12-28,0.0174935406883227
2054-12-29,0.0176983703760184
2054-12-30,0.0585897603411621
2054-12-31,0.199335285627174
2055-01-01,0.0132927319860627
2055-01-02,0.0131442196210539
2055-01-03,0.141289691535742
2055-01-04,0.474906382295551
2055-01-05,0.611475135701266
2055-01-06,0.0163474724556933
2055-01-07,0.0439293827954583
2055-01-08,0.168788129103558
2055-01-09,0.0149980210322059
2055-01-10,0.015140794172868
2055-01-11,0.0152424888989293
2055-01-12,0.0153168443134071
2055-01-13,0.0153799923811395
2055-01-14,0.0154374552839552
2055-01-15,0.0154825181481698
2055-01-16,0.0155081868736256
2055-01-17,0.0155238558746462
2055-01-18,0.0228311516198825
2055-01-19,0.0156758682952248
2055-01-20,0.0155625984105021
2055-01-21,0.0169887309838697
2055-01-22,0.0179543493151927
2055-01-23,0.0167747182740434
2055-01-24,0.0155422314854275
2055-01-25,0.0155188423217582
2055-01-26,0.0183825284733588
2055-01-27,0.0157814897860874
2055-01-28,0.0157461264064058
2055-01-29,0.0153758214114877
2055-01-30,0.0153376837575782
2055-01-31,0.0153079358155762
2055-02-01,0.183565441059542
2055-02-02,0.443735633698889
2055-02-03,0.0445685703499176
2055-02-04,0.0167738645597977
2055-02-05,0.0177624726889944
2055-02-06,0.0183304341102213
2055-02-07,0.0185699921208938
2055-02-08,0.0186225159014315
2055-02-09,0.22659268820143
2055-02-10,0.592486270114951
2055-02-11,0.141001895580324
2055-02-12,0.046996344150833
2055-02-13,0.170446945803292
2055-02-14,0.397951284687627
2055-02-15,0.0860216950327781
2055-02-16,0.100887747544445
2055-02-17,0.308567384696671
2055-02-18,0.444161488178947
2055-02-19,0.181688681357718
2055-02-20,0.192590373206083
2055-02-21,0.197548142540534
2055-02-22,0.219273278406305
2055-02-23,0.18763520440794
2055-02-24,0.175024907271171
2055-02-25,0.162929512777425
2055-02-26,0.236077412590665
2055-02-27,0.366244104534034
2055-02-28,0.156972672101378
2055-03-01,0.130427400717065
2055-03-02,0.126755383127435
2055-03-03,0.140806573346599
2055-03-04,0.404620137195656
2055-03-05,0.602994509444155
2055-03-06,2.25770775307408
2055-03-07,4.71089506094555
2055-03-08,2.81503564978239
2055-03-09,1.87769710517601
2055-03-10,2.42370244859465
2055-03-11,2.03851997715557
2055-03-12,1.60424561712403
2055-03-13,2.07360700432677
2055-03-14,1.3260319915799
2055-03-15,1.32436503088337
2055-03-16,1.31778644529864
2055-03-17,1.2917275762642
2055-03-18,1.23652553783938
2055-03-19,1.12429930546006
2055-03-20,1.16312804912622
2055-03-21,1.36283758513792
2055-03-22,1.23833969369263
2055-03-23,1.66043678735318
2055-03-24,1.90975247708113
2055-03-25,1.59239781428888
2055-03-26,1.33877449780216
2055-03-27,1.33891937361727
2055-03-28,1.83094888406806
2055-03-29,1.60708423458261
2055-03-30,2.05375912358038
2055-03-31,1.33839784081154
2055-04-01,1.42385709935131
2055-04-02,1.40500073586091
2055-04-03,1.3521185600736
2055-04-04,1.26169788573479
2055-04-05,1.13878709552685
2055-04-06,1.00787810834192
2055-04-07,0.888008998571934
2055-04-08,0.776477580557749
2055-04-09,0.673553102497146
2055-04-10,0.57810903113411
2055-04-11,0.489845396359268
2055-04-12,0.417167933980856
2055-04-13,0.360546234907946
2055-04-14,0.310999795442917
2055-04-15,0.274626489642567
2055-04-16,0.240310031355203
2055-04-17,0.221381602522865
2055-04-18,0.232924908216642
2055-04-19,0.19475240195865
2055-04-20,0.174460927653994
2055-04-21,0.153970481856013
2055-04-22,0.1343410215455
2055-04-23,0.148740096099089
2055-04-24,0.104105673927182
2055-04-25,0.0892555455928559
2055-04-26,0.0760302609510236
2055-04-27,0.0715483585775563
2055-04-28,0.0645917598146208
2055-04-29,0.0559029427012509
2055-04-30,0.0481454840794657
2055-05-01,0.0488944780116684
2055-05-02,0.0389256454594822
2055-05-03,0.0312510727972683
2055-05-04,0.0256412960876078
2055-05-05,0.0217470339163035
2055-05-06,0.0193426092324488
2055-05-07,0.018023652218727
2055-05-08,0.017431495910364
2055-05-09,0.0174987267275751
2055-05-10,0.0175387538691007
2055-05-11,0.3860152876977
2055-05-12,0.505376669284313
2055-05-13,0.441191397655754
2055-05-14,0.024852287148055
2055-05-15,0.0313930466602896
2055-05-16,0.0378696657859678
2055-05-17,0.031632261106941
2055-05-18,0.0289718477237816
2055-05-19,0.0254801862367886
2055-05-20,0.0223306250461339
2055-05-21,0.0199309409241526
2055-05-22,0.0183891605220075
2055-05-23,0.0198862275704075
2055-05-24,0.0201848593381921
2055-05-25,0.0219392986368876
2055-05-26,0.0199169424556958
2055-05-27,0.0169537390649429
2055-05-28,0.016825194620876
2055-05-29,0.0267330054425587
2055-05-30,0.0211361126237818
2055-05-31,0.0414654905243461
2055-06-01,0.0520664047998043
2055-06-02,0.0428130883955654
2055-06-03,0.0281623080304794
2055-06-04,0.0271951301608917
2055-06-05,0.0217765898509322
2055-06-06,0.0305473961458223
2055-06-07,0.0494493396257812
2055-06-08,0.0195431636951475
2055-06-09,0.0193439966497937
2055-06-10,0.0192221663106769
2055-06-11,0.0189341194583216
2055-06-12,0.0187510291777576
2055-06-13,0.0185642723399834
2055-06-14,0.0183538780211545
2055-06-15,0.0181053914496082
2055-06-16,0.0178222659791107
2055-06-17,0.05947703289546
2055-06-18,0.0172664707762442
2055-06-19,0.0169949589615027
2055-06-20,0.0167304119410451
2055-06-21,0.0164518657399135
2055-06-22,0.0161577695750661
2055-06-23,0.0158861362524193
2055-06-24,0.0156090563009198
2055-06-25,0.0153028465756379
2055-06-26,0.014969832878714
2055-06-27,0.0146226618196781
2055-06-28,0.0142866449299682
2055-06-29,0.0139853906933589
2055-06-30,0.0137001591741254
2055-07-01,0.0254678469925416
2055-07-02,0.0247989300227725
2055-07-03,0.0241172754631066
2055-07-04,0.0234620549245636
2055-07-05,0.0228336422450008
2055-07-06,0.0222447032166873
2055-07-07,0.0217147268203294
2055-07-08,0.0212219234273372
2055-07-09,0.0207419403162428
2055-07-10,0.0202451437245415
2055-07-11,0.0216062699812572
2055-07-12,0.0192643038985976
2055-07-13,0.0187797193683053
2055-07-14,0.0183132808678796
2055-07-15,0.0178725448089546
2055-07-16,0.0174681601808064
2055-07-17,0.0170998709169247
2055-07-18,0.0167596095129986
2055-07-19,0.0164488849191665
2055-07-20,0.016166576997227
2055-07-21,0.0159189929985209
2055-07-22,0.0157187599701762
2055-07-23,0.0155360406460497
2055-07-24,0.0153553436236108
2055-07-25,0.0152007344546999
2055-07-26,0.0150697382886402
2055-07-27,0.0149571937076647
2055-07-28,0.0148622430830662
2055-07-29,0.0147830410151825
2055-07-30,0.0147180629064957
2055-07-31,0.0146651655290667
2055-08-01,0.0188984861721988
2055-08-02,0.0188558521002302
2055-08-03,0.0188200862909423
2055-08-04,0.0187922444707758
2055-08-05,0.0187732985575513
2055-08-06,0.018760115544961
2055-08-07,0.0187486394908376
2055-08-08,0.0187377486620382
2055-08-09,0.01872861034773
2055-08-10,0.0187219598374243
2055-08-11,0.0187165895822491
2055-08-12,0.0187119890258715
2055-08-13,0.0187074468411484
2055-08-14,0.0187029378141924
2055-08-15,0.0186984300075727
2055-08-16,0.0186939227694438
2055-08-17,0.0186894171432382
2055-08-18,0.0186849122444371
2055-08-19,0.018680408676912
2055-08-20,0.018675906043079
2055-08-21,0.0186714046643635
2055-08-22,0.0186669041335868
2055-08-23,0.0186624049904554
2055-08-24,0.0186579067966078
2055-08-25,0.0186534094938755
2055-08-26,0.0186489134780433
2055-08-27,0.0186444183521273
2055-08-28,0.0186399249208895
2055-08-29,0.0186354317199264
2055-08-30,0.018630940321583
2055-08-31,0.0186264496884235
2055-09-01,0.00976472771215009
2055-09-02,0.00976237421353338
2055-09-03,0.00977064767438374
2055-09-04,0.0148487911367216
2055-09-05,0.0150923269994095
2055-09-06,0.00975296568827373
2055-09-07,0.00975061489611741
2055-09-08,0.00974826469449593
2055-09-09,0.00974591510196162
2055-09-10,0.00974356604241802
2055-09-11,0.0261253235804144
2055-09-12,0.00973886942482347
2055-09-13,0.00973652228750508
2055-09-14,0.00973417557406363
2055-09-15,0.00973182898357154
2055-09-16,0.00972948343296159
2055-09-17,0.00972713856722095
2055-09-18,0.00972479389203628
2055-09-19,0.00972244975959014
2055-09-20,0.00972010648590359
2055-09-21,0.00971776371564945
2055-09-22,1.39270665141324
2055-09-23,1.18419348626634
2055-09-24,0.283445579162658
2055-09-25,0.0118326093503528
2055-09-26,0.0121406823419829
2055-09-27,0.0122423538959134
2055-09-28,0.0122648402533446
2055-09-29,0.0122441496102368
2055-09-30,0.0121974532218893
2055-10-01,0.0103507123605978
2055-10-02,0.198584360525613
2055-10-03,0.139587246399054
2055-10-04,0.0103054374170007
2055-10-05,0.0103118870559057
2055-10-06,0.0103142978503803
2055-10-07,0.0103039266662156
2055-10-08,0.010265880478864
2055-10-09,0.0102043380166006
2055-10-10,0.0101362604655633
2055-10-11,0.0100743704526073
2055-10-12,0.010015134402676
2055-10-13,0.00994515627064142
2055-10-14,0.00986751800353892
2055-10-15,0.00979008668096077
2055-10-16,0.00971480582510642
2055-10-17,0.0096469504233359
2055-10-18,0.0095883080243349
2055-10-19,0.00953275859665281
2055-10-20,0.00947292443359407
2055-10-21,0.00941220054705188
2055-10-22,0.00936115056827004
2055-10-23,0.00931660568306657
2055-10-24,0.00927112274741549
2055-10-25,0.00922699309287136
2055-10-26,0.0514831221637127
2055-10-27,0.265308247429275
2055-10-28,0.0091675748688425
2055-10-29,0.00915365681908897
2055-10-30,0.00913829891086984
2055-10-31,0.00911835407429288
2055-11-01,0.0264370611848507
2055-11-02,0.217422153467767
2055-11-03,0.125497721943139
2055-11-04,0.340867525758182
2055-11-05,2.0210016158572
2055-11-06,0.790623162063834
2055-11-07,0.0437023448351257
2055-11-08,0.302869492944526
2055-11-09,0.711449365262408
2055-11-10,0.0152984795138956
2055-11-11,0.0157088102008429
2055-11-12,0.0159068425016924
2055-11-13,0.0160239098309367
2055-11-14,0.29764776945184
2055-11-15,0.0176943643233698
2055-11-16,0.0163432052585317
2055-11-17,0.0163946465965228
2055-11-18,0.0502308302516153
2055-11-19,0.645509752782829
2055-11-20,2.12653839763973
2055-11-21,2.86021326899075
2055-11-22,0.318227259035173
2055-11-23,0.152842137733754
2055-11-24,0.0812344290072842
2055-11-25,0.0341324951114886
2055-11-26,0.0241946026798252
2055-11-27,0.0242944706086811
2055-11-28,0.0456250747595148
2055-11-29,0.887735437076886
2055-11-30,0.640231714870432
2055-12-01,0.539336418375029
2055-12-02,0.357449317471438
2055-12-03,0.140556543658965
2055-12-04,0.148755338154533
2055-12-05,0.17155819308105
2055-12-06,0.158371887641497
2055-12-07,0.159854178463448
2055-12-08,0.165887537829281
2055-12-09,0.161977923705348
2055-12-10,0.158412330511673
2055-12-11,0.152120405389197
2055-12-12,0.145875163518632
2055-12-13,0.139574487709782
2055-12-14,0.135813757212454
2055-12-15,0.132231359768422
2055-12-16,0.344580008347858
2055-12-17,0.280902341964967
2055-12-18,0.205227514245059
2055-12-19,0.157403860551817
2055-12-20,0.149972353490205
2055-12-21,0.221848334424795
2055-12-22,0.169732527830639
2055-12-23,0.202194344581822
2055-12-24,0.2084165685997
2055-12-25,0.208736430009053
2055-12-26,0.258899491904128
2055-12-27,0.207988064569898
2055-12-28,0.209274090577577
2055-12-29,0.20621212031132
2055-12-30,0.218722050333143
2055-12-31,0.186605634443798
2056-01-01,0.136365274753563
2056-01-02,0.137336878076696
2056-01-03,0.13059427375548
2056-01-04,0.128492638996945
2056-01-05,0.125671276519853
2056-01-06,0.121744229204027
2056-01-07,0.130609683981916
2056-01-08,0.116161102096981
2056-01-09,0.110370585638642
2056-01-10,0.103649062903679
2056-01-11,0.105828712321733
2056-01-12,0.0908757444287123
2056-01-13,0.0859057547188349
2056-01-14,0.33157772850198
2056-01-15,0.196175042776801
2056-01-16,0.09215330966978
2056-01-17,0.099956059572471
2056-01-18,0.138269776332578
2056-01-19,0.113106284953989
2056-01-20,0.111563988244535
2056-01-21,0.114400339478359
2056-01-22,0.115124859572651
2056-01-23,0.113668270344946
2056-01-24,0.109974142894211
2056-01-25,0.10453520216103
2056-01-26,0.0991057243091642
2056-01-27,0.093381215443088
2056-01-28,0.0899422231260784
2056-01-29,0.0835489017966665
2056-01-30,0.0785808247755916
2056-01-31,0.0737034989289368
2056-02-01,0.0776028256741216
2056-02-02,0.0660140002043202
2056-02-03,0.0602273176753714
2056-02-04,0.0547980555586201
2056-02-05,0.0499984512021986
2056-02-06,0.0552300083921888
2056-02-07,0.0459690989180331
2056-02-08,0.0438395044202328
2056-02-09,0.0423419645142801
2056-02-10,0.0406805595058265
2056-02-11,0.0389208202763012
2056-02-12,0.0368964203802377
2056-02-13,0.0342897682887248
2056-02-14,0.0314989452332457
2056-02-15,0.0290584492833843
2056-02-16,0.255081325058637
2056-02-17,0.0706891279432496
2056-02-18,0.0272680891581206
2056-02-19,0.0269894829223051
2056-02-20,0.026404522293797
2056-02-21,0.0256720081764048
2056-02-22,0.0403863869975214
2056-02-23,0.0241595361441363
2056-02-24,0.25426874930725
2056-02-25,0.805297610120648
2056-02-26,0.188268505408176
2056-02-27,0.277815555875757
2056-02-28,1.48217498592238
2056-02-29,2.82550652309326
2056-03-01,1.07765636711562
2056-03-02,0.891654425234919
2056-03-03,0.872631019910436
2056-03-04,1.01436948323762
2056-03-05,1.12210647423415
2056-03-06,1.1840499514121
2056-03-07,1.41181233038054
2056-03-08,1.75559140229337
2056-03-09,1.46039378823924
2056-03-10,1.41309446232222
2056-03-11,1.55742833684637
2056-03-12,1.40500698422044
2056-03-13,1.83188690800205
2056-03-14,1.48058372040405
2056-03-15,1.36918464239821
2056-03-16,1.30727723555805
2056-03-17,1.1984372896695
2056-03-18,1.226842357883
2056-03-19,1.14555284750159
2056-03-20,1.05468118370462
2056-03-21,0.943356187720673
2056-03-22,0.876880051968997
2056-03-23,0.798865792526097
2056-03-24,0.720378350355019
2056-03-25,0.648846338359078
2056-03-26,0.587111381728567
2056-03-27,0.530271132766956
2056-03-28,0.480922067018101
2056-03-29,0.453517815845856
2056-03-30,0.535026923083974
2056-03-31,0.551401810548061
2056-04-01,0.55610490205901
2056-04-02,0.529888647376022
2056-04-03,0.522985341085401
2056-04-04,0.545398100461131
2056-04-05,0.515051139418767
2056-04-06,0.448445101846333
2056-04-07,0.420357874229019
2056-04-08,0.385692183798598
2056-04-09,0.347691707739517
2056-04-10,0.307525461663157
2056-04-11,0.26450901020598
2056-04-12,0.223467654141872
2056-04-13,0.186867829830522
2056-04-14,0.154076145104239
2056-04-15,0.127111447607046
2056-04-16,0.103698701097191
2056-04-17,0.0828324546824628
2056-04-18,0.0647645731762472
2056-04-19,0.0538047696506552
2056-04-20,0.0391943269826472
2056-04-21,0.0309367375167622
2056-04-22,0.0242734573276575
2056-04-23,0.0207317398035511
2056-04-24,0.0185018092845808
2056-04-25,0.016855070156436
2056-04-26,0.0156121438639838
2056-04-27,0.0226121132509121
2056-04-28,0.0214861998667726
2056-04-29,0.0161335109624945
2056-04-30,0.0182172397077217
2056-05-01,0.0173199855836844
2056-05-02,0.0170515566857767
2056-05-03,0.0204243624830746
2056-05-04,0.0167299776613097
2056-05-05,0.0165761049950828
2056-05-06,0.0164033124082573
2056-05-07,0.0162305477867874
2056-05-08,0.0160632772275421
2056-05-09,0.0159025912969827
2056-05-10,0.0157476834053098
2056-05-11,0.0156518131305135
2056-05-12,0.0817901545641876
2056-05-13,0.0453366428772854
2056-05-14,0.015450233035584
2056-05-15,0.0152981800057899
2056-05-16,0.0151057374514351
2056-05-17,0.0148926939194247
2056-05-18,0.0157146429875748
2056-05-19,0.014534881130602
2056-05-20,0.0143744237012672
2056-05-21,0.014203900575354
2056-05-22,0.0140225666538802
2056-05-23,0.0138355764021469
2056-05-24,0.013644564160001
2056-05-25,0.0134320883268729
2056-05-26,0.0132014594692793
2056-05-27,0.0129667941897218
2056-05-28,0.0127442420614886
2056-05-29,0.0125150735858023
2056-05-30,0.0264622639471115
2056-05-31,0.0120578335995335
2056-06-01,0.0277515549891566
2056-06-02,0.0142021279817105
2056-06-03,0.0139725670027218
2056-06-04,0.0136819957275652
2056-06-05,0.0133841546976816
2056-06-06,0.0130880936706628
2056-06-07,0.0128043530356034
2056-06-08,0.012528404743357
2056-06-09,0.0122512165199639
2056-06-10,0.0119751927924499
2056-06-11,0.0117026413739782
2056-06-12,0.0114330328431009
2056-06-13,0.0111678697990941
2056-06-14,0.0109099858742868
2056-06-15,0.0106499481930546
2056-06-16,0.0103748749033784
2056-06-17,0.0100975591191716
2056-06-18,0.00983430624604766
2056-06-19,0.00959032384468258
2056-06-20,0.00936422804528919
2056-06-21,0.0138158252247569
2056-06-22,0.00900177451582406
2056-06-23,0.00885325304798004
2056-06-24,0.00869650639754328
2056-06-25,0.00854384734607134
2056-06-26,0.00840068239488749
2056-06-27,0.00827861520310772
2056-06-28,0.00817310908635
2056-06-29,0.00807750286400296
2056-06-30,0.00799631870912623
2056-07-01,0.0150871771391641
2056-07-02,0.0149872095272975
2056-07-03,0.0148999066358033
2056-07-04,0.0148190182127531
2056-07-05,0.0147495476777943
2056-07-06,0.014692344294195
2056-07-07,0.0146461855640625
2056-07-08,0.0146083276262381
2056-07-09,0.0145761084828163
2056-07-10,0.0145513420219999
2056-07-11,0.0145346065671607
2056-07-12,0.0145224566474871
2056-07-13,0.0145122105760377
2056-07-14,0.014502912884015
2056-07-15,0.0144953903721756
2056-07-16,0.0144901165541486
2056-07-17,0.0144862629164622
2056-07-18,0.0144827522817217
2056-07-19,0.0144792614552712
2056-07-20,0.0144757718691591
2056-07-21,0.0144722822190115
2056-07-22,0.014468794161861
2056-07-23,0.0144653069909979
2056-07-24,0.0144618201792899
2056-07-25,0.0144583345759024
2056-07-26,0.0144548494615971
2056-07-27,0.0144513655393715
2056-07-28,0.0144478824593509
2056-07-29,0.0144444001709565
2056-07-30,0.0144409184635212
2056-07-31,0.0144374374897091
2056-08-01,0.0186534591522687
2056-08-02,0.0186489625751418
2056-08-03,0.0186444682126105
2056-08-04,0.018639973949625
2056-08-05,0.0186354814628736
2056-08-06,0.0186309894660557
2056-08-07,0.0186264991657151
2056-08-08,0.0186220095118231
2056-08-09,0.0186175211022542
2056-08-10,0.0186130335634118
2056-08-11,0.0186085471735445
2056-08-12,0.0186040621443373
2056-08-13,0.0185995779324855
2056-08-14,0.0185950946861087
2056-08-15,0.0185906129736976
2056-08-16,0.0185861322567451
2056-08-17,0.0185816524045223
2056-08-18,0.0185771737570443
2056-08-19,0.0185726959227242
2056-08-20,0.0185682193603122
2056-08-21,0.0185637441393707
2056-08-22,0.0185592697651687
2056-08-23,0.0185547963072684
2056-08-24,0.0185503239425735
2056-08-25,0.0185458530470795
2056-08-26,0.0185413828130259
2056-08-27,0.0185369142280755
2056-08-28,0.0185324458787968
2056-08-29,0.0185279794550709
2056-08-30,0.0185235134846985
2056-08-31,0.0185190490350989
2056-09-01,0.00970842413139241
2056-09-02,0.00970608403112265
2056-09-03,0.0097037449304855
2056-09-04,0.00970140584022517
2056-09-05,0.00969906763199359
2056-09-06,0.00969672977940349
2056-09-07,0.00969439261545622
2056-09-08,0.00969205609549999
2056-09-09,0.0096897201462682
2056-09-10,0.00968738460802099
2056-09-11,0.00968504978357248
2056-09-12,0.00968271533803463
2056-09-13,0.00968038139561486
2056-09-14,0.00967804832013028
2056-09-15,0.00967571568644613
2056-09-16,0.00967338372819796
2056-09-17,0.00967105197559933
2056-09-18,0.00966872106792444
2056-09-19,0.0096663908054984
2056-09-20,0.00966406096694929
2056-09-21,0.00966173165038509
2056-09-22,0.00965940300674125
2056-09-23,0.00965707476276177
2056-09-24,0.00965474715648436
2056-09-25,0.00965242016275314
2056-09-26,0.00965009360736343
2056-09-27,0.00964776766735002
2056-09-28,0.00964544230749447
2056-09-29,0.00964311768627909
2056-09-30,0.00964079328171888
2056-10-01,0.00822459885211947
2056-10-02,0.00822261630595282
2056-10-03,0.00822063457575379
2056-10-04,0.00821865323167035
2056-10-05,0.00821667239793559
2056-10-06,0.00846154953584909
2056-10-07,0.00821271201438755
2056-10-08,0.0082107324592078
2056-10-09,0.0227347230977405
2056-10-10,0.0207244134384825
2056-10-11,0.00821384655230901
2056-10-12,0.0283085556072786
2056-10-13,0.00820084254836766
2056-10-14,0.00819886586799134
2056-10-15,0.008196889818977
2056-10-16,0.00819491413997891
2056-10-17,0.183978053808227
2056-10-18,0.0893913365071754
2056-10-19,0.00818905136318576
2056-10-20,0.00818720642388242
2056-10-21,0.00818538633201429
2056-10-22,0.00818357101225543
2056-10-23,0.00818174772789046
2056-10-24,0.00817991039283659
2056-10-25,0.00817805754527481
2056-10-26,0.00817619122955148
2056-10-27,0.008174316191212
2056-10-28,0.00817243579421103
2056-10-29,0.00817055364506651
2056-10-30,0.00816866912395425
2056-10-31,0.00816678069875486
2056-11-01,0.0148815951067477
2056-11-02,0.00908160913953403
2056-11-03,0.0974393647535163
2056-11-04,1.09414009785729
2056-11-05,2.76116386547168
2056-11-06,0.714095346419975
2056-11-07,0.0476205573107005
2056-11-08,0.305424524547707
2056-11-09,0.87698646970761
2056-11-10,0.629626181013598
2056-11-11,0.0689018257691207
2056-11-12,0.0225753621332757
2056-11-13,0.016457408888106
2056-11-14,0.0165656516603574
2056-11-15,0.870806859316001
2056-11-16,0.839228713622416
2056-11-17,0.0206263968205307
2056-11-18,0.0188277796379053
2056-11-19,0.0189449251846993
2056-11-20,0.069166326539044
2056-11-21,0.505741498097283
2056-11-22,0.608694939993052
2056-11-23,0.14752046310942
2056-11-24,0.325011021084618
2056-11-25,0.184900904439957
2056-11-26,0.0494429364249565
2056-11-27,0.326128190385979
2056-11-28,0.346046766268389
2056-11-29,2.14842128936189
2056-11-30,13.0682532703318
2056-12-01,5.63976987055556
2056-12-02,1.72344857943001
2056-12-03,0.879737492271456
2056-12-04,1.24275239203152
2056-12-05,2.46030100632113
2056-12-06,1.72679647283548
2056-12-07,1.66402174680201
2056-12-08,1.59718308971447
2056-12-09,1.52201041739355
2056-12-10,1.42119657085361
2056-12-11,1.33340655226172
2056-12-12,1.2569614013382
2056-12-13,1.16267837037739
2056-12-14,1.07432167836615
2056-12-15,1.01970672129939
2056-12-16,0.984291016987074
2056-12-17,0.889820017645723
2056-12-18,0.844611788739901
2056-12-19,0.802679401520602
2056-12-20,0.762201493542599
2056-12-21,0.705217482223175
2056-12-22,0.684416490844977
2056-12-23,0.659761549012754
2056-12-24,0.625637484651404
2056-12-25,0.605118056770701
2056-12-26,0.569638653133688
2056-12-27,0.557205496218806
2056-12-28,0.533189804055289
2056-12-29,0.499220863314288
2056-12-30,0.565645709929449
2056-12-31,0.792846048492667
2057-01-01,0.756679208894312
2057-01-02,1.0473772193609
2057-01-03,0.702083438493137
2057-01-04,0.742715310987155
2057-01-05,0.717636402096269
2057-01-06,0.689865353432861
2057-01-07,0.642754973736465
2057-01-08,0.59658363358238
2057-01-09,0.550476202562713
2057-01-10,0.517917738026845
2057-01-11,0.494334787797484
2057-01-12,0.459819805465895
2057-01-13,0.447469076849184
2057-01-14,0.408743558407071
2057-01-15,0.375161002470809
2057-01-16,0.348940988679285
2057-01-17,0.324039550209812
2057-01-18,0.301133909140865
2057-01-19,0.285835731322925
2057-01-20,0.269618681167345
2057-01-21,0.254845049715313
2057-01-22,0.426288820552505
2057-01-23,0.672164289415698
2057-01-24,1.00233997397498
2057-01-25,1.47065819479202
2057-01-26,0.933533364324868
2057-01-27,1.17786459837044
2057-01-28,1.19622118168744
2057-01-29,1.10160266914786
2057-01-30,1.04488152970152
2057-01-31,1.03411594633539
2057-02-01,0.970795090308223
2057-02-02,0.927713216170685
2057-02-03,0.864646575913521
2057-02-04,0.832404746343775
2057-02-05,0.801580595035852
2057-02-06,0.746833008126857
2057-02-07,0.724896860616795
2057-02-08,0.706279899309616
2057-02-09,0.660774365024615
2057-02-10,1.04136022583577
2057-02-11,1.04039842795267
2057-02-12,0.897878656437653
2057-02-13,0.928141509505424
2057-02-14,0.880200393874117
2057-02-15,0.878000243255464
2057-02-16,0.86616358106343
2057-02-17,0.833952548519222
2057-02-18,0.864050124244288
2057-02-19,0.766631199793043
2057-02-20,0.950142805295037
2057-02-21,0.834575107193702
2057-02-22,0.845446454171329
2057-02-23,0.795730062396311
2057-02-24,0.780823793353558
2057-02-25,0.789325465471367
2057-02-26,0.757703137996561
2057-02-27,0.919266738665622
2057-02-28,0.752608970661136
2057-03-01,0.624070567648943
2057-03-02,0.649647482698641
2057-03-03,0.632539170967497
2057-03-04,0.63148964647137
2057-03-05,0.633463768906146
2057-03-06,0.639121217839417
2057-03-07,0.583679290328286
2057-03-08,0.589599888742965
2057-03-09,0.969492835248299
2057-03-10,2.84698547143462
2057-03-11,11.7652679643673
2057-03-12,3.29467124321349
2057-03-13,1.47435817912404
2057-03-14,1.42619205227627
2057-03-15,1.36645500545577
2057-03-16,1.40481718944524
2057-03-17,1.27987179697206
2057-03-18,1.19654535722567
2057-03-19,1.10328566028997
2057-03-20,1.18938807744953
2057-03-21,1.13938187906781
2057-03-22,1.23474718627116
2057-03-23,1.20766558936185
2057-03-24,1.66096059605143
2057-03-25,1.59213340072689
2057-03-26,1.56920985201107
2057-03-27,1.31061597436181
2057-03-28,1.26835839397622
2057-03-29,1.19641061742996
2057-03-30,1.10285755319479
2057-03-31,1.02896075472934
2057-04-01,0.970452422706666
2057-04-02,0.859553470736445
2057-04-03,0.751099215844806
2057-04-04,0.653572477442844
2057-04-05,0.579318581466835
2057-04-06,0.51781204703654
2057-04-07,0.48014197747935
2057-04-08,0.516985628002969
2057-04-09,0.532958728294432
2057-04-10,0.579292790994944
2057-04-11,0.472741258855143
2057-04-12,0.433391307839089
2057-04-13,0.459678390349449
2057-04-14,0.481099949478664
2057-04-15,0.601244999507952
2057-04-16,0.474281573575339
2057-04-17,0.45386705733404
2057-04-18,0.433271177610264
2057-04-19,0.433619851950652
2057-04-20,0.380132691543293
2057-04-21,0.344933639070447
2057-04-22,0.501029214449572
2057-04-23,0.373722523664957
2057-04-24,0.316615979685762
2057-04-25,0.302506168089816
2057-04-26,0.276772886021237
2057-04-27,0.247754639720503
2057-04-28,0.219828114512627
2057-04-29,0.194693126650536
2057-04-30,0.173153957752169
2057-05-01,0.192398742846249
2057-05-02,0.173105561421166
2057-05-03,0.161592127299245
2057-05-04,0.13247734146976
2057-05-05,0.108549751349079
2057-05-06,0.0853619757434036
2057-05-07,0.0652230166147045
2057-05-08,0.049787990041969
2057-05-09,0.0387352782800218
2057-05-10,0.0307035389422421
2057-05-11,0.0245904994816546
2057-05-12,0.0204295001464391
2057-05-13,0.0182696107632432
2057-05-14,0.0173648128567878
2057-05-15,0.0170325064039411
2057-05-16,0.0168481786331464
2057-05-17,0.016677028273852
2057-05-18,0.016520717058367
2057-05-19,0.0163734707940315
2057-05-20,0.125222848515323
2057-05-21,0.0634218237370957
2057-05-22,0.0161611816705199
2057-05-23,0.0160521884746999
2057-05-24,0.0159093959615143
2057-05-25,0.206226544735469
2057-05-26,0.232453661952991
2057-05-27,0.0373969810532324
2057-05-28,0.0158426003448007
2057-05-29,0.0158008977551319
2057-05-30,0.0156894393913174
2057-05-31,0.0155656982033374
2057-06-01,0.0258661427953933
2057-06-02,0.0324407964519638
2057-06-03,0.0187047003814764
2057-06-04,0.0443021160258474
2057-06-05,0.0185748201824133
2057-06-06,0.0184418135500512
2057-06-07,0.0182445837309934
2057-06-08,0.0180352020765742
2057-06-09,0.0211144279529906
2057-06-10,0.0177608488659379
2057-06-11,0.0449346012498036
2057-06-12,0.0827884550356686
2057-06-13,0.0176145780912935
2057-06-14,0.0174662808981211
2057-06-15,0.0172449445724796
2057-06-16,0.0169739457072172
2057-06-17,0.0166815417665997
2057-06-18,0.0163830784851441
2057-06-19,0.0160820687184287
2057-06-20,0.0157792629524683
2057-06-21,0.0154779734247055
2057-06-22,0.0151890095116023
2057-06-23,0.0149126894335157
2057-06-24,0.0146265092578305
2057-06-25,0.0143238107994151
2057-06-26,0.0140082143145596
2057-06-27,0.0136763292487273
2057-06-28,0.0133423641608359
2057-06-29,0.0130135919386477
2057-06-30,0.0126898544275525
2057-07-01,0.0235373356980909
2057-07-02,0.0229420213692016
2057-07-03,0.0223475297107843
2057-07-04,0.0217862088874245
2057-07-05,0.0212855416255428
2057-07-06,0.0207915618610415
2057-07-07,0.0203013495657518
2057-07-08,0.0198397063188139
2057-07-09,0.0193680871060066
2057-07-10,0.0188792478340743
2057-07-11,0.0184079595748813
2057-07-12,0.0179707897608194
2057-07-13,0.0175648422721332
2057-07-14,0.0171862408035254
2057-07-15,0.0168362270314976
2057-07-16,0.0165159151213243
2057-07-17,0.0162272985132791
2057-07-18,0.0159664211046505
2057-07-19,0.0157342962875221
2057-07-20,0.0155324883729731
2057-07-21,0.0153567364812439
2057-07-22,0.0152043837400466
2057-07-23,0.0150729006857712
2057-07-24,0.0149607092749887
2057-07-25,0.0148676420184164
2057-07-26,0.0147913465818418
2057-07-27,0.0147291871054113
2057-07-28,0.0146772718271622
2057-07-29,0.0146334410379233
2057-07-30,0.0145975614614233
2057-07-31,0.0145697680634477
2057-08-01,0.0188021122355708
2057-08-02,0.0187808862087909
2057-08-03,0.018764539081811
2057-08-04,0.0187515210562921
2057-08-05,0.0187402551434829
2057-08-06,0.0187305862749177
2057-08-07,0.0187228010947048
2057-08-08,0.0187170530533893
2057-08-09,0.0187124547739734
2057-08-10,0.018707921647324
2057-08-11,0.0187034120746648
2057-08-12,0.0186989048011551
2057-08-13,0.0186943973645342
2057-08-14,0.0186898915572272
2057-08-15,0.0186853867171941
2057-08-16,0.0186808830549205
2057-08-17,0.0186763803953016
2057-08-18,0.018671878906246
2057-08-19,0.0186673782921146
2057-08-20,0.0186628788845271
2057-08-21,0.018658380345867
2057-08-22,0.0186538833225828
2057-08-23,0.0186493868485998
2057-08-24,0.0186448920752919
2057-08-25,0.0186403979394373
2057-08-26,0.0186359050413095
2057-08-27,0.0186314133323351
2057-08-28,0.018626922486891
2057-08-29,0.0186224330938571
2057-08-30,0.0186179444408206
2057-08-31,0.0186134568324161
2057-09-01,0.00975791663390707
2057-09-02,0.00975556453710297
2057-09-03,0.00975321320378034
2057-09-04,0.00975086246193587
2057-09-05,0.00974851219365126
2057-09-06,0.00974616250269447
2057-09-07,0.00974381337051319
2057-09-08,0.00974146483295441
2057-09-09,0.0097391169151742
2057-09-10,0.00973676954579267
2057-09-11,0.0216724703232996
2057-09-12,0.00973207621513095
2057-09-13,0.00972973060571906
2057-09-14,0.00972738549313612
2057-09-15,0.00972504104529793
2057-09-16,0.0097226969864328
2057-09-17,0.00972035348225533
2057-09-18,0.0097180106777263
2057-09-19,0.00971566830179087
2057-09-20,0.00971332635067577
2057-09-21,0.00971098531837992
2057-09-22,0.00970864468574843
2057-09-23,0.00970630457793189
2057-09-24,0.00970396518831638
2057-09-25,0.0097016263216291
2057-09-26,0.00969928798950467
2057-09-27,0.00969695009131956
2057-09-28,0.00969461289152511
2057-09-29,0.00969227630742128
2057-09-30,0.00968994006292215
2057-10-01,0.0082665260299859
2057-10-02,0.00826453352692126
2057-10-03,0.00826254166621983
2057-10-04,0.00826054997563461
2057-10-05,0.00825855893921879
2057-10-06,0.00825656856663194
2057-10-07,0.0082545784111177
2057-10-08,0.0082525889092362
2057-10-09,0.00825059970760716
2057-10-10,0.00824861126157328
2057-10-11,0.00824662309217952
2057-10-12,0.00824463547472442
2057-10-13,0.00824264828148662
2057-10-14,0.00824066156666719
2057-10-15,0.00823867525352602
2057-10-16,0.00823668967156266
2057-10-17,0.0732520333165099
2057-10-18,0.228079667838557
2057-10-19,0.00976177381218451
2057-10-20,0.00822883434045536
2057-10-21,0.00822693766381348
2057-10-22,0.00822504716153238
2057-10-23,0.00822315472196544
2057-10-24,0.00822125724035714
2057-10-25,0.00821935434669125
2057-10-26,0.00821744537901708
2057-10-27,0.00821553071674211
2057-10-28,0.00821361015969803
2057-10-29,0.00821168404677571
2057-10-30,0.00892628794020321
2057-10-31,0.142497293073979
2057-11-01,0.00980849780073201
2057-11-02,0.0091273102401424
2057-11-03,0.0091252960188264
2057-11-04,0.00912329838254439
2057-11-05,0.00912130540104545
2057-11-06,0.00911930884330717
2057-11-07,0.00911730229806957
2057-11-08,0.00911528282463702
2057-11-09,0.00911324945640986
2057-11-10,0.00911120589978109
2057-11-11,0.584855968614357
2057-11-12,0.334927989924664
2057-11-13,0.00919741316340453
2057-11-14,0.00931773227847486
2057-11-15,0.00942537784023999
2057-11-16,0.00951606711395323
2057-11-17,0.00959042242437661
2057-11-18,0.0179804995786148
2057-11-19,0.00970161002976672
2057-11-20,0.0097449711617111
2057-11-21,0.00977833696961794
2057-11-22,0.0126077195595023
2057-11-23,0.0672586273619782
2057-11-24,0.0311374682892874
2057-11-25,0.0326658301656196
2057-11-26,0.0261787492142268
2057-11-27,0.00994184933547718
2057-11-28,0.00995903899374753
2057-11-29,0.00997225967496321
2057-11-30,0.00997915890824951
2057-12-01,0.00844517302757057
2057-12-02,0.00844475329796022
2057-12-03,0.00844423524870462
2057-12-04,0.00844231293335502
2057-12-05,0.00873883541980014
2057-12-06,0.0346362326373948
2057-12-07,0.0129944230689923
2057-12-08,0.00844545893340177
2057-12-09,0.00844021564377414
2057-12-10,0.00843679594013725
2057-12-11,0.00843175043356287
2057-12-12,0.0191434232556183
2057-12-13,0.0251099842556352
2057-12-14,0.00843092007190389
2057-12-15,0.00843679762673266
2057-12-16,0.00846063435141525
2057-12-17,0.00981097003733806
2057-12-18,0.00845257100558358
2057-12-19,0.0124092503171056
2057-12-20,0.00848162413060727
2057-12-21,0.00893255527832337
2057-12-22,0.0115997021364512
2057-12-23,0.0084813268303427
2057-12-24,0.00847151468464052
2057-12-25,0.00930814627221648
2057-12-26,0.0156265932757342
2057-12-27,0.0146775015069032
2057-12-28,0.0208370739261664
2057-12-29,0.0196543999930641
2057-12-30,0.0175300410446433
2057-12-31,0.305771597883954
2058-01-01,0.642250948686623
2058-01-02,1.16182840675663
2058-01-03,0.05429261432005
2058-01-04,0.107929561515726
2058-01-05,0.714424188613302
2058-01-06,0.321643982997795
2058-01-07,0.115867926022346
2058-01-08,0.129581863225031
2058-01-09,0.0729622041157186
2058-01-10,0.0335400264280649
2058-01-11,0.0323679414519947
2058-01-12,0.0639415043871261
2058-01-13,0.0764807524441598
2058-01-14,0.037961378559489
2058-01-15,0.258864460281613
2058-01-16,0.0634903880445927
2058-01-17,0.0367524470045866
2058-01-18,0.0349208854887565
2058-01-19,0.0485546318625097
2058-01-20,0.0548152045903191
2058-01-21,0.0390663554455939
2058-01-22,0.0157623112674296
2058-01-23,0.0120926259240922
2058-01-24,0.0120587378819976
2058-01-25,0.0120141842245567
2058-01-26,0.0119617841579352
2058-01-27,0.0119008380309808
2058-01-28,0.011836314913649
2058-01-29,0.0117712296626665
2058-01-30,0.0117068693632194
2058-01-31,0.0116412720405469
2058-02-01,0.0113223825700624
2058-02-02,0.0112554312596496
2058-02-03,0.0111946808566026
2058-02-04,0.0111346155635579
2058-02-05,0.0110716458287179
2058-02-06,0.011004864745004
2058-02-07,0.0171865275666251
2058-02-08,0.0730714350700616
2058-02-09,0.168028812464508
2058-02-10,0.121509250441482
2058-02-11,0.0199455348624032
2058-02-12,0.0184184151415324
2058-02-13,0.161771762071674
2058-02-14,0.112293342669022
2058-02-15,0.0783863521321795
2058-02-16,0.128256116932836
2058-02-17,0.114406220688462
2058-02-18,0.0798045871098999
2058-02-19,0.0527723705796298
2058-02-20,0.0341657759219606
2058-02-21,0.0146203219501614
2058-02-22,0.0121712678887856
2058-02-23,0.0121510992345481
2058-02-24,0.0120977852297447
2058-02-25,0.0120271521806231
2058-02-26,0.0119425650690561
2058-02-27,0.0118455187408345
2058-02-28,0.0117407997624456
2058-03-01,0.00950808188433525
2058-03-02,0.0233794504807289
2058-03-03,0.0476512375452226
2058-03-04,0.00934257344550463
2058-03-05,0.00928195761553197
2058-03-06,0.00923415574182224
2058-03-07,0.00920821635966695
2058-03-08,0.00917994546561289
2058-03-09,0.00914367039376041
2058-03-10,0.00909319572613688
2058-03-11,0.00902477417770426
2058-03-12,0.00894374179388819
2058-03-13,0.0088561436727513
2058-03-14,0.00876681764785184
2058-03-15,0.0892556798615533
2058-03-16,0.00864077436690923
2058-03-17,0.00860335144813714
2058-03-18,0.0559390062845296
2058-03-19,0.0382217541530233
2058-03-20,0.00855319377622438
2058-03-21,0.0085148827867146
2058-03-22,0.00845850330104624
2058-03-23,0.00839496667177078
2058-03-24,0.0149840588746229
2058-03-25,0.081147748367716
2058-03-26,0.0453485388405788
2058-03-27,0.173982469579555
2058-03-28,0.074046020912011
2058-03-29,0.0260752895155218
2058-03-30,0.0256562315007541
2058-03-31,0.060678675794426
2058-04-01,0.0117833556144876
2058-04-02,0.0113862132903335
2058-04-03,0.00934682068099175
2058-04-04,0.00935200940197761
2058-04-05,0.00935537145954817
2058-04-06,0.00965914834069694
2058-04-07,0.00929284029142214
2058-04-08,0.00923119754398914
2058-04-09,0.00918090703419494
2058-04-10,0.00920175205111508
2058-04-11,0.00917015887925816
2058-04-12,0.0091293692833891
2058-04-13,0.00907632942834548
2058-04-14,0.00899004740027691
2058-04-15,0.00888082108541102
2058-04-16,0.00875511406394888
2058-04-17,0.00862534130561904
2058-04-18,0.00849866973283292
2058-04-19,0.00839100358445972
2058-04-20,0.00830667958232459
2058-04-21,0.0230032373306104
2058-04-22,0.00812017981137866
2058-04-23,0.00802292321412165
2058-04-24,0.00792217654698099
2058-04-25,0.00781822727149085
2058-04-26,0.00771139573162779
2058-04-27,0.00758916387719076
2058-04-28,0.00745417957508803
2058-04-29,0.00731617938141258
2058-04-30,0.00718799644612185
2058-05-01,0.00875553982998083
2058-05-02,0.00860819712033361
2058-05-03,0.00847390912379838
2058-05-04,0.00835302746125685
2058-05-05,0.0696271987070394
2058-05-06,0.203450774179749
2058-05-07,0.0307795962477551
2058-05-08,0.00815562504610316
2058-05-09,0.00807586514300876
2058-05-10,0.0919896004130322
2058-05-11,0.671857796840457
2058-05-12,0.407752529077125
2058-05-13,0.049823810636616
2058-05-14,0.0423308190361372
2058-05-15,0.0224307882506811
2058-05-16,0.0182506443114641
2058-05-17,0.0120697542763023
2058-05-18,0.01487375125072
2058-05-19,0.00937297691157396
2058-05-20,0.00928510753898534
2058-05-21,0.00917363745206099
2058-05-22,0.00903882589103313
2058-05-23,0.00946208179823717
2058-05-24,0.00875962160533302
2058-05-25,0.00861644972274526
2058-05-26,0.0131445084771298
2058-05-27,0.00834655530089273
2058-05-28,0.0121685353572911
2058-05-29,0.00809224090394467
2058-05-30,0.00796626856169272
2058-05-31,0.00783846217066029
2058-06-01,0.00940328715074305
2058-06-02,0.015996897163416
2058-06-03,0.00919070140297559
2058-06-04,0.00912816620557096
2058-06-05,0.0090465970368907
2058-06-06,0.00894224375651724
2058-06-07,0.00883525811606859
2058-06-08,0.00874934962664884
2058-06-09,0.00867961715869316
2058-06-10,0.00859745990232649
2058-06-11,0.00850502782877173
2058-06-12,0.00841708685767182
2058-06-13,0.00833861273365076
2058-06-14,0.00826450717032164
2058-06-15,0.00819017992708665
2058-06-16,0.008121773964087
2058-06-17,0.0080601060630013
2058-06-18,0.00800393026026139
2058-06-19,0.00795337150289182
2058-06-20,0.00791000276272913
2058-06-21,0.00787863896795153
2058-06-22,0.00785235430185446
2058-06-23,0.0078206569729937
2058-06-24,0.00778845219173275
2058-06-25,0.00775880844924733
2058-06-26,0.00773217636625407
2058-06-27,0.00770968936827103
2058-06-28,0.00769077522692453
2058-06-29,0.00767412292780682
2058-06-30,0.00765989911857441
2058-07-01,0.0145511871486231
2058-07-02,0.0145327823390935
2058-07-03,0.0145176845827099
2058-07-04,0.0440874215094095
2058-07-05,0.0587571149561478
2058-07-06,0.137773272287281
2058-07-07,0.0144889993091417
2058-07-08,0.0144804547929187
2058-07-09,0.0144720189953831
2058-07-10,0.0144653956099875
2058-07-11,0.0144596430325311
2058-07-12,0.0144542950192609
2058-07-13,0.014449080414973
2058-07-14,0.0144438465109662
2058-07-15,0.0144393051537445
2058-07-16,0.0144356561384602
2058-07-17,0.0144321813760839
2058-07-18,0.0144287059761374
2058-07-19,0.0144252308532138
2058-07-20,0.0144217561864266
2058-07-21,0.0144182819562866
2058-07-22,0.0144148078857713
2058-07-23,0.0144113347446976
2058-07-24,0.0144078622736756
2058-07-25,0.0144043898991708
2058-07-26,0.0254325190816534
2058-07-27,0.0144956726723269
2058-07-28,0.0143939781388549
2058-07-29,0.0143947322830744
2058-07-30,0.0143870408485797
2058-07-31,0.0194740992903508
2058-08-01,0.0189437678456637
2058-08-02,0.0185793859713269
2058-08-03,0.0185749079505081
2058-08-04,0.0185704307476445
2058-08-05,0.018565954554032
2058-08-06,0.0185614794692164
2058-08-07,0.018557005419438
2058-08-08,0.0185525324712605
2058-08-09,0.0185480611020242
2058-08-10,0.0185435904751842
2058-08-11,0.0185391208851803
2058-08-12,0.0185346519716085
2058-08-13,0.0185301849266205
2058-08-14,0.0185257182084547
2058-08-15,0.018521252468357
2058-08-16,0.0185167886058383
2058-08-17,0.0185123252674344
2058-08-18,0.0185078630660122
2058-08-19,0.0185034023835639
2058-08-20,0.0184989422845983
2058-08-21,0.0184944832854345
2058-08-22,0.0279952513875436
2058-08-23,0.0801096490037274
2058-08-24,0.0248366308530896
2058-08-25,0.0184766587539442
2058-08-26,0.0184722050121212
2058-08-27,0.018467752749094
2058-08-28,0.0184633013082196
2058-08-29,0.0421942917024422
2058-08-30,0.018454402067091
2058-08-31,0.0234732035101717
2058-09-01,0.00989983795473925
2058-09-02,0.00966987070200228
2058-09-03,0.0096675400436853
2058-09-04,0.00966520995294825
2058-09-05,0.00966288018892355
2058-09-06,0.00966055124152218
2058-09-07,0.00965822268781071
2058-09-08,0.00965589479412707
2058-09-09,0.00965356719382423
2058-09-10,0.00965124061170641
2058-09-11,0.00964891450849403
2058-09-12,0.00964658860244101
2058-09-13,0.00964426366551908
2058-09-14,0.00964193900405426
2058-09-15,0.00963961485231082
2058-09-16,0.00963729149958178
2058-09-17,0.00963496867418314
2058-09-18,0.00963264617927029
2058-09-19,0.0192667896166593
2058-09-20,0.00962800330694236
2058-09-21,0.00962568286475095
2058-09-22,0.00962336282599725
2058-09-23,0.00962104311427023
2058-09-24,0.00961872411414079
2058-09-25,0.00961640576900801
2058-09-26,0.00961408773612294
2058-09-27,0.00961177077299255
2058-09-28,0.00960945404852868
2058-09-29,0.00960713787466463
2058-09-30,0.00960482228536077
2058-10-01,0.00819391140377124
2058-10-02,0.00819193660406479
2058-10-03,0.00818996196454667
2058-10-04,0.00818798784906168
2058-10-05,0.0515526550623795
2058-10-06,0.0716777385979721
2058-10-07,0.00818206902218825
2058-10-08,0.00818009758402158
2058-10-09,0.00817812725644025
2058-10-10,0.00817615730692482
2058-10-11,0.00817418794691314
2058-10-12,0.00817221883000132
2058-10-13,0.0100272678348951
2058-10-14,0.00816828182214153
2058-10-15,0.00816631407796577
2058-10-16,0.0081643466801939
2058-10-17,0.00816237974635101
2058-10-18,0.00816041311624879
2058-10-19,0.00815844708799312
2058-10-20,0.00815648129586095
2058-10-21,0.00815451596497452
2058-10-22,0.00815255097083238
2058-10-23,0.00815058657370702
2058-10-24,0.00814862260348217
2058-10-25,0.00814665891741048
2058-10-26,0.240264344610684
2058-10-27,0.213603632336208
2058-10-28,0.0081419584442456
2058-10-29,0.00814266258916012
2058-10-30,0.00814380767858145
2058-10-31,0.0257459853941175
2058-11-01,0.1074971725473
2058-11-02,0.00942993837505411
2058-11-03,0.0601320768960624
2058-11-04,0.00930113756703282
2058-11-05,0.00908421741212602
2058-11-06,0.00909261099644898
2058-11-07,0.00910066032235512
2058-11-08,0.00910807202059776
2058-11-09,0.00911490557496391
2058-11-10,0.00912129631029268
2058-11-11,0.00912720241682306
2058-11-12,0.00913251358965983
2058-11-13,0.00988990081837871
2058-11-14,0.100030757443017
2058-11-15,0.0376826282273596
2058-11-16,0.0138934581802827
2058-11-17,0.587111087396122
2058-11-18,1.40144802791915
2058-11-19,1.88608434234752
2058-11-20,0.446686818951976
2058-11-21,0.0382682716459636
2058-11-22,0.0439930935036754
2058-11-23,0.527816476159593
2058-11-24,0.464734763914833
2058-11-25,0.960330762084292
2058-11-26,0.771898830465358
2058-11-27,0.1204557306704
2058-11-28,0.0181491794826405
2058-11-29,0.0183858420241579
2058-11-30,0.175697417517232
2058-12-01,1.94710591023617
2058-12-02,20.0990535260294
2058-12-03,1.32942431881547
2058-12-04,0.172998030633345
2058-12-05,0.65129378014155
2058-12-06,0.916013371716386
2058-12-07,0.479474997154972
2058-12-08,1.73936305197986
2058-12-09,4.78442648703188
2058-12-10,1.45200080924645
2058-12-11,1.42913586015713
2058-12-12,1.38694943315752
2058-12-13,1.34357622602102
2058-12-14,1.25915532357487
2058-12-15,1.17488930571478
2058-12-16,1.12030223686583
2058-12-17,1.10644417468018
2058-12-18,1.06122845717564
2058-12-19,1.46825004927358
2058-12-20,1.34676162906867
2058-12-21,1.18788101040273
2058-12-22,1.1525245879851
2058-12-23,2.15200767246935
2058-12-24,1.54643293006276
2058-12-25,1.57884741832322
2058-12-26,1.55705141264271
2058-12-27,1.41951836763979
2058-12-28,1.30155020221833
2058-12-29,1.20373594352939
2058-12-30,1.21623931386567
2058-12-31,1.02807592145585
2059-01-01,0.713297933111163
2059-01-02,0.660751770080121
2059-01-03,0.608413095252681
2059-01-04,0.558882523416101
2059-01-05,0.512942937693068
2059-01-06,0.471409808875665
2059-01-07,0.486926305940728
2059-01-08,1.07204653632627
2059-01-09,0.923951495845166
2059-01-10,0.696732009184934
2059-01-11,0.736926864932382
2059-01-12,1.90202285941548
2059-01-13,4.80582567707627
2059-01-14,2.13273858379
2059-01-15,2.01708845303252
2059-01-16,2.97570054391213
2059-01-17,8.26175004667685
2059-01-18,7.3526892387308
2059-01-19,1.70447141142186
2059-01-20,1.72471939651142
2059-01-21,1.7551330120197
2059-01-22,2.67280267033559
2059-01-23,1.70699393449202
2059-01-24,1.67075613213436
2059-01-25,1.66029809147663
2059-01-26,1.63900753609492
2059-01-27,1.61609591455073
2059-01-28,2.75012867697954
2059-01-29,12.7911034515011
2059-01-30,6.98662048867102
2059-01-31,1.73765099792799
2059-02-01,2.11363803775921
2059-02-02,2.28767514369136
2059-02-03,1.69755724998846
2059-02-04,1.66137820141082
2059-02-05,1.65571532327926
2059-02-06,1.63825873525753
2059-02-07,1.61980848869242
2059-02-08,1.54878942351872
2059-02-09,1.44246636589651
2059-02-10,1.32502456898499
2059-02-11,1.21877074144086
2059-02-12,1.11566539294268
2059-02-13,1.0459865680791
2059-02-14,0.98823989304553
2059-02-15,1.0286674230858
2059-02-16,1.07933752733089
2059-02-17,0.891320174992063
2059-02-18,0.849781919271906
2059-02-19,0.816791874707356
2059-02-20,0.786748395934253
2059-02-21,0.753091861301777
2059-02-22,0.716276006170597
2059-02-23,0.684780991188355
2059-02-24,0.778077204890363
2059-02-25,0.632410128940329
2059-02-26,0.625686362914973
2059-02-27,0.579770729343119
2059-02-28,0.540593823392465
2059-03-01,0.409793651881998
2059-03-02,0.378620985664578
2059-03-03,0.352813038625197
2059-03-04,0.329546717805237
2059-03-05,0.307492497899803
2059-03-06,0.292166695432278
2059-03-07,0.290400809000119
2059-03-08,0.385669949493436
2059-03-09,0.557590800657822
2059-03-10,0.468970480587073
2059-03-11,0.348336825740907
2059-03-12,0.35331136938532
2059-03-13,0.331774173522509
2059-03-14,0.300342386414381
2059-03-15,0.267783377177253
2059-03-16,0.238743002023371
2059-03-17,0.212547502945151
2059-03-18,0.188542507859349
2059-03-19,0.229027885127696
2059-03-20,0.328401955026872
2059-03-21,0.233555154356935
2059-03-22,0.557637375730234
2059-03-23,0.29661368284769
2059-03-24,0.334056699226467
2059-03-25,0.462100873098398
2059-03-26,0.400037093252527
2059-03-27,0.413758005387157
2059-03-28,0.380897713451363
2059-03-29,0.518565646658873
2059-03-30,1.44552516483708
2059-03-31,5.73348098013171
2059-04-01,1.70645217686461
2059-04-02,1.3853182969848
2059-04-03,1.3212386797738
2059-04-04,1.26088668668495
2059-04-05,1.15753814163313
2059-04-06,1.06439716290016
2059-04-07,0.993748080477853
2059-04-08,0.869890112966782
2059-04-09,0.779103594014468
2059-04-10,0.690032190055741
2059-04-11,0.603906026982188
2059-04-12,0.530764712345248
2059-04-13,0.462714773237714
2059-04-14,0.40231735277476
2059-04-15,0.343781361992281
2059-04-16,0.291988048568185
2059-04-17,0.251239492678893
2059-04-18,0.220451282159576
2059-04-19,0.193328167867642
2059-04-20,0.164527375616648
2059-04-21,0.136394769258743
2059-04-22,0.112926754177421
2059-04-23,0.0948275813849103
2059-04-24,0.0784300758374417
2059-04-25,0.0632283511924841
2059-04-26,0.0504755094049999
2059-04-27,0.0396081441974246
2059-04-28,0.0315145410767142
2059-04-29,0.0255170623885537
2059-04-30,0.0211202840530113
2059-05-01,0.0250244758236989
2059-05-02,0.0210599362508718
2059-05-03,0.0197581653793033
2059-05-04,0.297681562601742
2059-05-05,0.0451276021557631
2059-05-06,0.0184258970562681
2059-05-07,0.0177595235885659
2059-05-08,0.0171957568610812
2059-05-09,0.016849586380079
2059-05-10,0.0166639711427461
2059-05-11,0.016521462044531
2059-05-12,0.016384201861404
2059-05-13,0.0162397222653797
2059-05-14,0.016088858918994
2059-05-15,0.117878145232938
2059-05-16,0.015824466736298
2059-05-17,0.015667528447458
2059-05-18,0.0154774406399096
2059-05-19,0.0152796813010102
2059-05-20,0.0150968174831045
2059-05-21,0.0149435010394906
2059-05-22,0.140741142099288
2059-05-23,0.0329026595397008
2059-05-24,0.0147121841642137
2059-05-25,0.0145925607694536
2059-05-26,0.0144634452995622
2059-05-27,0.0143174163319335
2059-05-28,0.0141452577147864
2059-05-29,0.0139601355521791
2059-05-30,0.013772123193937
2059-05-31,0.0135813142593114
2059-06-01,0.0163160397921631
2059-06-02,0.0160811435102292
2059-06-03,0.0158502121979398
2059-06-04,0.0155942181580651
2059-06-05,0.0153000709861597
2059-06-06,0.0149856316311608
2059-06-07,0.0146696001710083
2059-06-08,0.0143429964504595
2059-06-09,0.0140040837608708
2059-06-10,0.0136625658153985
2059-06-11,0.0133122728131131
2059-06-12,0.0129534845974973
2059-06-13,0.0126006782036399
2059-06-14,0.0122672102654244
2059-06-15,0.0119680606668807
2059-06-16,0.011696325706687
2059-06-17,0.0114437997018936
2059-06-18,0.0112087133686831
2059-06-19,0.0109788905985998
2059-06-20,0.0107424722255512
2059-06-21,0.0104953018691629
2059-06-22,0.0102488109843058
2059-06-23,0.0100144517161739
2059-06-24,0.00979924189431364
2059-06-25,0.00959793422903905
2059-06-26,0.00940397098110981
2059-06-27,0.00921837382235006
2059-06-28,0.00904082355000697
2059-06-29,0.0088657844332352
2059-06-30,0.00869765025138993
2059-07-01,0.0162596489116801
2059-07-02,0.0160028602231191
2059-07-03,0.0157751616910977
2059-07-04,0.0155741773648615
2059-07-05,0.0153964615114251
2059-07-06,0.0152409913858212
2059-07-07,0.0151068812032468
2059-07-08,0.0149927668412677
2059-07-09,0.0148959643081314
2059-07-10,0.0148137277051467
2059-07-11,0.0147448735677214
2059-07-12,0.0146889350052521
2059-07-13,0.014644186683562
2059-07-14,0.0146060142315936
2059-07-15,0.0145741578604296
2059-07-16,0.01457280134893
2059-07-17,0.014536132984584
2059-07-18,0.016921273416394
2059-07-19,0.014513931991525
2059-07-20,0.01450376773739
2059-07-21,0.0144947681024083
2059-07-22,0.0144879527467104
2059-07-23,0.0144832412070062
2059-07-24,0.01447955126984
2059-07-25,0.0144760611844372
2059-07-26,0.0144725723495812
2059-07-27,0.0144690843977643
2059-07-28,0.0144655967897898
2059-07-29,0.0144621103892078
2059-07-30,0.0144586245268945
2059-07-31,0.0144551393861398
2059-08-01,0.0186763300838636
2059-08-02,0.0186718282182128
2059-08-03,0.0186673278277598
2059-08-04,0.0186628283458127
2059-08-05,0.0186583300524192
2059-08-06,0.018653833005148
2059-08-07,0.0186493364849901
2059-08-08,0.0186448416319256
2059-08-09,0.0186403478462805
2059-08-10,0.0186358547256738
2059-08-11,0.0186313629591306
2059-08-12,0.0186268722660037
2059-08-13,0.0186223828177998
2059-08-14,0.0186178940400312
2059-08-15,0.0186134064760025
2059-08-16,0.0186089200807382
2059-08-17,0.018604434830851
2059-08-18,0.0185999503851264
2059-08-19,0.0185954670188147
2059-08-20,0.0185909855120918
2059-08-21,0.018586504326794
2059-08-22,0.0185820240122226
2059-08-23,0.0185775452753933
2059-08-24,0.018573067599387
2059-08-25,0.0185685909218376
2059-08-26,0.0185641157740564
2059-08-27,0.0185596411917675
2059-08-28,0.0185551676067363
2059-08-29,0.0185506950945217
2059-08-30,0.0185462239075863
2059-08-31,0.0185417535889787
2059-09-01,0.00972032702296493
2059-09-02,0.00971798405460811
2059-09-03,0.00971564180665337
2059-09-04,0.00971330009231817
2059-09-05,0.00971095905310444
2059-09-06,0.00970861827582648
2059-09-07,0.00970627805795292
2059-09-08,0.00970393883405184
2059-09-09,0.00970159961015075
2059-09-10,0.0096992616151154
2059-09-11,0.00969692358706298
2059-09-12,0.00969458636211264
2059-09-13,0.0096922496679518
2059-09-14,0.00968991366054698
2059-09-15,0.00968757811349518
2059-09-16,0.00968524316012266
2059-09-17,0.00968290865672627
2059-09-18,0.00968057475707148
2059-09-19,0.00967824148662867
2059-09-20,0.00967590890294196
2059-09-21,0.00967357670193933
2059-09-22,0.00967124513234989
2059-09-23,0.00966891419260116
2059-09-24,0.00966658366855385
2059-09-25,0.00966425373692784
2059-09-26,0.00966192425653585
2059-09-27,0.00965959560660303
2059-09-28,0.0149160923170637
2059-09-29,0.00965493950038485
2059-09-30,0.018244228530676
2059-10-01,0.00900794430318977
2059-10-02,0.00823269718810027
2059-10-03,0.00823071263622562
2059-10-04,0.00822872890783161
2059-10-05,0.00822674556018673
2059-10-06,0.00822476271510922
2059-10-07,0.00822278024058458
2059-10-08,0.0082207985119955
2059-10-09,0.0082188171056613
2059-10-10,0.00821683605941542
2059-10-11,0.00821485560696644
2059-10-12,0.00821287559429745
2059-10-13,0.00821089623874937
2059-10-14,0.00820891714240049
2059-10-15,0.00820693856874313
2059-10-16,0.00820496049738482
2059-10-17,0.0244341846383424
2059-10-18,0.167434336776033
2059-10-19,0.313709895122198
2059-10-20,0.00819767412861926
2059-10-21,0.0081973560692132
2059-10-22,0.00819738099634008
2059-10-23,0.00819749592998251
2059-10-24,0.00819758707096406
2059-10-25,0.00819760157645899
2059-10-26,0.00819750551042454
2059-10-27,0.00819727785089428
2059-10-28,0.00819691558783044
2059-10-29,0.00819642226872002
2059-10-30,0.00819579812405176
2059-10-31,0.00819505452961114
2059-11-01,0.0091163164121536
2059-11-02,0.00911523286146802
2059-11-03,0.00911402248354186
2059-11-04,0.0160827587846455
2059-11-05,0.00954197329812874
2059-11-06,0.00911004240074135
2059-11-07,0.00910860393784856
2059-11-08,0.0091071003593382
2059-11-09,0.0091055406189433
2059-11-10,0.00910392874127666
2059-11-11,0.00910227499205573
2059-11-12,0.00910059324905975
2059-11-13,0.00909887694550122
2059-11-14,0.0205600804759643
2059-11-15,0.268805477218541
2059-11-16,0.172792084932671
2059-11-17,0.00910182108876589
2059-11-18,0.00911566227826457
2059-11-19,0.0091310433030127
2059-11-20,0.00914609020580349
2059-11-21,0.110957206533438
2059-11-22,0.204540044906853
2059-11-23,0.221245008248807
2059-11-24,0.58170051612927
2059-11-25,0.600763759006361
2059-11-26,0.751892314958809
2059-11-27,0.112908872711733
2059-11-28,0.398109809915283
2059-11-29,0.0321692575873197
2059-11-30,0.105512358840064
2059-12-01,0.24985335668641
2059-12-02,0.0658601570467525
2059-12-03,0.0387939445299124
2059-12-04,0.0658229677517039
2059-12-05,0.036964436819627
2059-12-06,0.129805898912327
2059-12-07,0.0319738826088816
2059-12-08,0.0670358346901608
2059-12-09,0.0648454311714066
2059-12-10,0.0126603749573403
2059-12-11,0.0126671308310325
2059-12-12,0.0126847988576928
2059-12-13,0.0126856894573553
2059-12-14,0.014232328619661
2059-12-15,0.0130495201701565
2059-12-16,0.0126893556226693
2059-12-17,0.0126957059683038
2059-12-18,0.0713367734097584
2059-12-19,0.0227537875551904
2059-12-20,0.0160130149171215
2059-12-21,0.0127775494740686
2059-12-22,0.0127607418586047
2059-12-23,0.0127777502211043
2059-12-24,0.0127863716107562
2059-12-25,0.539398361607619
2059-12-26,1.12009116292559
2059-12-27,1.98376965235545
2059-12-28,0.716830775071097
2059-12-29,0.288377089053456
2059-12-30,0.503793754375714
2059-12-31,0.0661531484240874
2060-01-01,0.0259562991710412
2060-01-02,0.0195928792910115
2060-01-03,0.199300359178803
2060-01-04,0.105466183910241
2060-01-05,0.0145496187063086
2060-01-06,0.0972610162191351
2060-01-07,0.0147996473920148
2060-01-08,0.0148907516373504
2060-01-09,0.0149779919838728
2060-01-10,0.0150561816742087
2060-01-11,0.0150881081810747
2060-01-12,0.015081200983254
2060-01-13,0.015063898152365
2060-01-14,0.0150271175920277
2060-01-15,0.0149728685570275
2060-01-16,0.0149217558934949
2060-01-17,0.0148943285276964
2060-01-18,0.0168007645675144
2060-01-19,0.102202375572664
2060-01-20,0.223688272573617
2060-01-21,0.629023526988621
2060-01-22,0.540085984440143
2060-01-23,0.0255519298982862
2060-01-24,0.127396340538948
2060-01-25,0.167354918035303
2060-01-26,0.0563092186207963
2060-01-27,0.111164616709845
2060-01-28,0.0958782384097802
2060-01-29,0.159088810833338
2060-01-30,0.102727153648583
2060-01-31,0.0913255634722409
2060-02-01,0.090338045909946
2060-02-02,0.0923380233020902
2060-02-03,0.0914494908982951
2060-02-04,0.0970346132850698
2060-02-05,0.103885864522619
2060-02-06,0.464756049830885
2060-02-07,0.356140030502751
2060-02-08,0.304593902966214
2060-02-09,0.430183541153311
2060-02-10,0.341544441259946
2060-02-11,0.352489703201764
2060-02-12,0.396198702763751
2060-02-13,0.359727634465314
2060-02-14,0.360895557573651
2060-02-15,0.356269779299227
2060-02-16,0.341959393323888
2060-02-17,0.331054899025154
2060-02-18,0.318684274682883
2060-02-19,0.304506046295231
2060-02-20,0.383840572161003
2060-02-21,0.299793169384731
2060-02-22,0.418267794387892
2060-02-23,0.478411185342234
2060-02-24,0.881459705263124
2060-02-25,0.739249851770035
2060-02-26,0.612720567181467
2060-02-27,0.613964422517122
2060-02-28,0.598556373766774
2060-02-29,0.566697253323612
2060-03-01,0.433504079392661
2060-03-02,0.401243218580463
2060-03-03,0.367038170616102
2060-03-04,0.331525682209715
2060-03-05,0.296201389514938
2060-03-06,0.265531132358502
2060-03-07,0.244433650316599
2060-03-08,0.223105873181616
2060-03-09,0.200599484123403
2060-03-10,0.179465335352837
2060-03-11,0.158676217931217
2060-03-12,0.139124879231854
2060-03-13,0.141236255970446
2060-03-14,0.22209322906301
2060-03-15,0.44447117774055
2060-03-16,0.155052522668908
2060-03-17,0.151731063004698
2060-03-18,0.155825210362911
2060-03-19,0.152217956370089
2060-03-20,0.143721324606454
2060-03-21,0.131585445808402
2060-03-22,0.117624379951954
2060-03-23,0.103457843044684
2060-03-24,0.0908092363520598
2060-03-25,0.0796155420348579
2060-03-26,0.068761440531281
2060-03-27,0.222254618271513
2060-03-28,0.0602723345813006
2060-03-29,0.0696308903360755
2060-03-30,0.344772024556087
2060-03-31,0.493947322154216
2060-04-01,0.237248389688331
2060-04-02,0.207455519974395
2060-04-03,0.271081793427208
2060-04-04,0.475955940942963
2060-04-05,0.259064372854297
2060-04-06,0.266990756294589
2060-04-07,0.257393298265453
2060-04-08,0.238936123975963
2060-04-09,0.216496630429591
2060-04-10,0.262386550233266
2060-04-11,0.246961217679585
2060-04-12,0.217073345281418
2060-04-13,0.187010707000476
2060-04-14,0.27527678256882
2060-04-15,0.168134367025722
2060-04-16,0.381722948226045
2060-04-17,0.314442399728538
2060-04-18,0.223838398211871
2060-04-19,0.231486712775429
2060-04-20,0.387341621353462
2060-04-21,0.253394133000159
2060-04-22,0.246635180454561
2060-04-23,0.238460121508179
2060-04-24,0.234483346476299
2060-04-25,0.222300187296406
2060-04-26,0.202749761301758
2060-04-27,0.212821634622932
2060-04-28,0.217314381798421
2060-04-29,0.18278455645823
2060-04-30,0.169731488683977
2060-05-01,0.216367829102967
2060-05-02,0.266565797664753
2060-05-03,0.238277190611669
2060-05-04,0.187384494780731
2060-05-05,0.166014996755893
2060-05-06,0.146598909094049
2060-05-07,0.126849504594761
2060-05-08,0.222959105604804
2060-05-09,0.161725521234931
2060-05-10,0.108834628876192
2060-05-11,0.104185838053636
2060-05-12,0.0965077132271481
2060-05-13,0.0877204124986752
2060-05-14,0.0743264395962947
2060-05-15,0.0615849423311543
2060-05-16,0.049876869498708
2060-05-17,0.0389190759020512
2060-05-18,0.0303325767936887
2060-05-19,0.0246013619808382
2060-05-20,0.0209056556885956
2060-05-21,0.0187050669183604
2060-05-22,0.0174874969765633
2060-05-23,0.0169004306782016
2060-05-24,0.0166478623825067
2060-05-25,0.0164550794991098
2060-05-26,0.0162842146127211
2060-05-27,0.0163469046430036
2060-05-28,0.0160556774878867
2060-05-29,0.0176319380103054
2060-05-30,0.0158510436354769
2060-05-31,0.015732993017734
2060-06-01,0.0189860434218969
2060-06-02,0.0207641076294502
2060-06-03,0.0186001093850626
2060-06-04,0.0287902339183523
2060-06-05,0.019092561150427
2060-06-06,0.0181142267662491
2060-06-07,0.0179125316733731
2060-06-08,0.0176604638716507
2060-06-09,0.0173650616473028
2060-06-10,0.0170436594237902
2060-06-11,0.0167154873716917
2060-06-12,0.0163941351625972
2060-06-13,0.0160746313763297
2060-06-14,0.0157450446826066
2060-06-15,0.0154104424174488
2060-06-16,0.0150891760646339
2060-06-17,0.0147738745099245
2060-06-18,0.0144651452328498
2060-06-19,0.0141428714251556
2060-06-20,0.0137853163273232
2060-06-21,0.0134157118594456
2060-06-22,0.0130444277867912
2060-06-23,0.0126700847081598
2060-06-24,0.0122935829899006
2060-06-25,0.0119249354517748
2060-06-26,0.0115701207186056
2060-06-27,0.0112300429307251
2060-06-28,0.0109067046076973
2060-06-29,0.0106027366652696
2060-06-30,0.0103196812600286
2060-07-01,0.0191165029686365
2060-07-02,0.0186164481795669
2060-07-03,0.0181502883677876
2060-07-04,0.0177201909104796
2060-07-05,0.0173285338910549
2060-07-06,0.0169744814811547
2060-07-07,0.0166510122906516
2060-07-08,0.016357318460745
2060-07-09,0.0160859181550801
2060-07-10,0.0158373604504744
2060-07-11,0.0156168691050329
2060-07-12,0.01542408940336
2060-07-13,0.0152597080761544
2060-07-14,0.0151200571392623
2060-07-15,0.0150058588528323
2060-07-16,0.014911774133751
2060-07-17,0.0148275203509844
2060-07-18,0.0147550953261281
2060-07-19,0.0146953162917477
2060-07-20,0.014647914919478
2060-07-21,0.0146101633277822
2060-07-22,0.0145787432823731
2060-07-23,0.0145538997999385
2060-07-24,0.0145368196025245
2060-07-25,0.0145246161506314
2060-07-26,0.0145140322069581
2060-07-27,0.0145045456081248
2060-07-28,0.0144963057074692
2060-07-29,0.0144899792895845
2060-07-30,0.0144853113004626
2060-07-31,0.014481633374578
2060-08-01,0.018710546427032
2060-08-02,0.0187060367092516
2060-08-03,0.018701527573155
2060-08-04,0.0270518540639995
2060-08-05,0.0186925134003322
2060-08-06,0.0186880076619877
2060-08-07,0.018683503251321
2060-08-08,0.0186790002750743
2060-08-09,0.0186744980490196
2060-08-10,0.018669997054695
2060-08-11,0.0186654964579542
2060-08-12,0.0186609976902187
2060-08-13,0.0186564996606816
2060-08-14,0.0186520027195528
2060-08-15,0.018647507320785
2060-08-16,0.0186430125834575
2060-08-17,0.0186385193441154
2060-08-18,0.0186340270180765
2060-08-19,0.0186295352947099
2060-08-20,0.0186250451610787
2060-08-21,0.0186205558022261
2060-08-22,0.0186160675761575
2060-08-23,0.0186115803395507
2060-08-24,0.018607094800021
2060-08-25,0.0186026096256926
2060-08-26,0.0185981262665772
2060-08-27,0.018593643213895
2060-08-28,0.0185891616418075
2060-08-29,0.0185846815149341
2060-08-30,0.0185802016920953
2060-08-31,0.0185757238122
2060-09-01,0.00973813517000286
2060-09-02,0.0192160019446932
2060-09-03,0.00973344139062281
2060-09-04,0.0107003863191872
2060-09-05,0.00972874984445778
2060-09-06,0.00972640483312743
2060-09-07,0.00972406063244595
2060-09-08,0.00972171702607257
2060-09-09,0.00971937368289285
2060-09-10,0.00971703092898999
2060-09-11,0.00971468900648971
2060-09-12,0.00971234732076941
2060-09-13,0.00971000652776907
2060-09-14,0.00970766617656917
2060-09-15,0.0097053263049037
2060-09-16,0.00970298700018924
2060-09-17,0.0097006481935617
2060-09-18,0.009698310084067
2060-09-19,0.00969597263271358
2060-09-20,0.00969363558794232
2060-09-21,0.00969129924502072
2060-09-22,0.0096889633401263
2060-09-23,0.00968662808959965
2060-09-24,0.00968429330540058
2060-09-25,0.00968195917902822
2060-09-26,0.00967962544949019
2060-09-27,0.00967729245544788
2060-09-28,0.00967495996986915
2060-09-29,0.00967262821475489
2060-09-30,0.00967029678226506
2060-10-01,0.00824976816763336
2060-10-02,0.00824777977123907
2060-10-03,0.00824579194663927
2060-10-04,0.00824380436916416
2060-10-05,0.00824181756418849
2060-10-06,0.00823983103236476
2060-10-07,0.00823784488611996
2060-10-08,0.00823585939028801
2060-10-09,0.00823387439702345
2060-10-10,0.00823188964846867
2060-10-11,0.00822990568717104
2060-10-12,0.00822792216082361
2060-10-13,0.00822593909599027
2060-10-14,0.00822395622247061
2060-10-15,0.0082219740197563
2060-10-16,0.00821999236710238
2060-10-17,0.00821801121325932
2060-10-18,0.00821603031673719
2060-10-19,0.00821405021820511
2060-10-20,0.00821207028737437
2060-10-21,0.00821009098495408
2060-10-22,0.00820811223178922
2060-10-23,0.00820613395301789
2060-10-24,0.00820415593666562
2060-10-25,0.0082021784408583
2060-10-26,0.00820020165261648
2060-10-27,0.00819822523573249
2060-10-28,0.00822135155880947
2060-10-29,0.00819427379697133
2060-10-30,0.00819229875175012
2060-10-31,0.0315317072176002
2060-11-01,0.0095272292254991
2060-11-02,0.0797000347810812
2060-11-03,0.0696488995526803
2060-11-04,0.00928434288291088
2060-11-05,0.00910103945149426
2060-11-06,0.00909884775944722
2060-11-07,0.00909665739401196
2060-11-08,0.00909446763516414
2060-11-09,0.23869753394952
2060-11-10,0.541268081431657
2060-11-11,0.552555779483939
2060-11-12,1.95013836805288
2060-11-13,1.94988386685669
2060-11-14,0.352913354007994
2060-11-15,0.0641333400323297
2060-11-16,0.0159397676500374
2060-11-17,0.0147891417968295
2060-11-18,0.0251781881795428
2060-11-19,0.0771041132590242
2060-11-20,0.0151625917740511
2060-11-21,0.783563292920701
2060-11-22,1.13876085691225
2060-11-23,0.337455482502314
2060-11-24,0.289008561345782
2060-11-25,0.794733861903757
2060-11-26,0.580644337980064
2060-11-27,0.972013508978818
2060-11-28,0.843579141262527
2060-11-29,1.57537810875289
2060-11-30,1.26383483035106
2060-12-01,0.334798596601807
2060-12-02,0.324351105066999
2060-12-03,2.09619172192393
2060-12-04,0.375088420230604
2060-12-05,0.462222140201856
2060-12-06,0.935328451118734
2060-12-07,0.731543071612844
2060-12-08,0.683499124163336
2060-12-09,0.666387880906938
2060-12-10,0.660036021342808
2060-12-11,0.647689902850086
2060-12-12,1.04696348707333
2060-12-13,0.683751725566995
2060-12-14,0.706839489179815
2060-12-15,1.03130298918611
2060-12-16,1.43591080330476
2060-12-17,1.95557280716408
2060-12-18,1.3980444950209
2060-12-19,1.40714498847106
2060-12-20,1.37056066167194
2060-12-21,1.26476860342181
2060-12-22,1.17266245814527
2060-12-23,1.1032975061809
2060-12-24,1.01525277568035
2060-12-25,0.951719461598722
2060-12-26,0.9135887722056
2060-12-27,0.805509340400698
2060-12-28,0.746223547995658
2060-12-29,0.691541796703412
2060-12-30,0.646892562955677
2060-12-31,0.628468116239494
2061-01-01,0.443931522646925
2061-01-02,0.408851859881894
2061-01-03,0.39763337175307
2061-01-04,0.413813027830317
2061-01-05,0.380105076253983
2061-01-06,0.338028949763352
2061-01-07,0.324478931312267
2061-01-08,0.31393632962964
2061-01-09,0.303048095050403
2061-01-10,0.298155935889097
2061-01-11,0.288087571691998
2061-01-12,0.272498861959235
2061-01-13,0.263123218679769
2061-01-14,0.4230386464251
2061-01-15,0.43839611250567
2061-01-16,0.36637376324518
2061-01-17,0.307614266743511
2061-01-18,0.325229801770683
2061-01-19,0.325776494521435
2061-01-20,0.354234007564638
2061-01-21,0.52779509758139
2061-01-22,0.703706471407628
2061-01-23,0.507503195391825
2061-01-24,0.60246903452446
2061-01-25,0.635889349872634
2061-01-26,0.628701267893271
2061-01-27,0.588478217773592
2061-01-28,0.54689635745686
2061-01-29,0.663031423974346
2061-01-30,0.54017048157827
2061-01-31,0.501577117084031
2061-02-01,0.464892862582311
2061-02-02,0.447098061911565
2061-02-03,0.419716598926029
2061-02-04,0.395223912216815
2061-02-05,0.37429988625574
2061-02-06,0.366753338179371
2061-02-07,0.343157452506277
2061-02-08,0.321399924256308
2061-02-09,0.302189142367589
2061-02-10,0.280586482012777
2061-02-11,0.257586442290454
2061-02-12,0.235477593824431
2061-02-13,0.214760104207169
2061-02-14,0.193529965175349
2061-02-15,0.172568408220135
2061-02-16,0.153181677749308
2061-02-17,0.135594227722481
2061-02-18,0.119971446203494
2061-02-19,0.106465866440597
2061-02-20,0.0949113027388224
2061-02-21,0.0857111359968718
2061-02-22,0.0781897278672645
2061-02-23,0.0721329162593808
2061-02-24,0.0711056936053281
2061-02-25,0.0644768259044789
2061-02-26,0.0794184768331866
2061-02-27,0.1378851222859
2061-02-28,0.147763231940969
2061-03-01,0.369478800318818
2061-03-02,0.306840576039256
2061-03-03,0.228622493023375
2061-03-04,0.143044258378397
2061-03-05,0.158578874058165
2061-03-06,0.168488122530506
2061-03-07,0.170959655956369
2061-03-08,0.168868176032697
2061-03-09,0.164900197486083
2061-03-10,0.159631130142714
2061-03-11,0.15438516051282
2061-03-12,0.151844274679711
2061-03-13,0.140097178297959
2061-03-14,0.130201554588797
2061-03-15,0.118395989747939
2061-03-16,0.107467396676657
2061-03-17,0.0969654038157746
2061-03-18,0.102632058258478
2061-03-19,0.0836242400691398
2061-03-20,0.0997410044131174
2061-03-21,0.0697248791008393
2061-03-22,0.0609310470576472
2061-03-23,0.052013567937906
2061-03-24,0.0438650260340952
2061-03-25,0.0370199507176325
2061-03-26,0.0314018555761025
2061-03-27,0.0263321482814301
2061-03-28,0.0219687014916824
2061-03-29,0.0189280759748984
2061-03-30,0.0220711490687267
2061-03-31,0.0170339852530353
2061-04-01,0.0156068014242548
2061-04-02,0.0147222896442194
2061-04-03,0.0141618991833196
2061-04-04,0.0138384018798951
2061-04-05,0.0182005745122221
2061-04-06,0.0142829324602801
2061-04-07,0.195988475706487
2061-04-08,0.120290304207116
2061-04-09,0.0177176968923974
2061-04-10,0.0135293593709254
2061-04-11,0.0134681509164122
2061-04-12,0.0133806851388175
2061-04-13,0.0137090349151412
2061-04-14,0.0131838904573079
2061-04-15,0.0130777114434777
2061-04-16,0.0129731094101267
2061-04-17,0.0661866690228324
2061-04-18,0.228176644054907
2061-04-19,0.364990421324887
2061-04-20,0.216713591325028
2061-04-21,0.0165316093591386
2061-04-22,0.0183382815946057
2061-04-23,0.0187917251518384
2061-04-24,0.0185829164422556
2061-04-25,0.0182377922019606
2061-04-26,0.106801039106319
2061-04-27,0.120488165307684
2061-04-28,0.0269885373961942
2061-04-29,0.0210686185100966
2061-04-30,0.0286437457120374
2061-05-01,0.0271782412732594
2061-05-02,0.0260103727658037
2061-05-03,0.0243929043006978
2061-05-04,0.0225629611322479
2061-05-05,0.0206406231655834
2061-05-06,0.0190774180283861
2061-05-07,0.0179151842236663
2061-05-08,0.0171224483177624
2061-05-09,0.0270220584986984
2061-05-10,0.0284222083161449
2061-05-11,0.020589151095592
2061-05-12,0.054283086924214
2061-05-13,0.0231979497335171
2061-05-14,0.0159171423658624
2061-05-15,0.0160848009739239
2061-05-16,0.0155454979069555
2061-05-17,0.0154036940500296
2061-05-18,0.0152652483865787
2061-05-19,0.0150988159254659
2061-05-20,0.0149071605513489
2061-05-21,0.0146832039007085
2061-05-22,0.0144355672460153
2061-05-23,0.0141939360200523
2061-05-24,0.0139783296193309
2061-05-25,0.0137768996336554
2061-05-26,0.01355520632133
2061-05-27,0.0133203325946148
2061-05-28,0.013084822405015
2061-05-29,0.0128515906097831
2061-05-30,0.012626285240226
2061-05-31,0.0124747015976985
2061-06-01,0.0148672214921251
2061-06-02,0.0145460911587818
2061-06-03,0.0142037977366702
2061-06-04,0.0138771184037882
2061-06-05,0.0135742189179866
2061-06-06,0.0132801545263966
2061-06-07,0.0129943755694224
2061-06-08,0.012729352104733
2061-06-09,0.012500419893619
2061-06-10,0.0122710194905987
2061-06-11,0.0120047472210007
2061-06-12,0.0117311312774399
2061-06-13,0.0114420430467973
2061-06-14,0.0111345409526412
2061-06-15,0.0108291842255173
2061-06-16,0.0105311533980047
2061-06-17,0.0102462307034373
2061-06-18,0.00998013429451132
2061-06-19,0.00973231633057674
2061-06-20,0.00950349983786289
2061-06-21,0.00928957256140021
2061-06-22,0.00908677222373615
2061-06-23,0.00890003907664266
2061-06-24,0.00872906773237767
2061-06-25,0.00857457983235253
2061-06-26,0.00843638778811077
2061-06-27,0.00831361269334887
2061-06-28,0.00820446611434768
2061-06-29,0.0081077679754155
2061-06-30,0.00802319548810115
2061-07-01,0.0151241474862008
2061-07-02,0.0150033566103081
2061-07-03,0.0149022931264164
2061-07-04,0.0148193654559574
2061-07-05,0.0147519574684839
2061-07-06,0.0146958786591632
2061-07-07,0.0146473795434563
2061-07-08,0.0146060092535357
2061-07-09,0.0145744148777265
2061-07-10,0.0145524848273481
2061-07-11,0.0145365035682352
2061-07-12,0.014523051110105
2061-07-13,0.014511537489524
2061-07-14,0.0145018397719415
2061-07-15,0.0144941114539727
2061-07-16,0.0144879492247623
2061-07-17,0.0144823437895656
2061-07-18,0.0144774821396991
2061-07-19,0.0144735839788345
2061-07-20,0.0144700594994505
2061-07-21,0.0144665718840516
2061-07-22,0.0144630844561187
2061-07-23,0.0144595986722256
2061-07-24,0.0144561133732384
2061-07-25,0.014452629173062
2061-07-26,0.0144491454995536
2061-07-27,0.0144456628413315
2061-07-28,0.0144421810123217
2061-07-29,0.0144386998454752
2061-07-30,0.0144352195463551
2061-07-31,0.0144317402634493
2061-08-01,0.0186460978953041
2061-08-02,0.0186416033396778
2061-08-03,0.0186371102196707
2061-08-04,0.0186326184279413
2061-08-05,0.0186281270355946
2061-08-06,0.0186236369631301
2061-08-07,0.0186191481685707
2061-08-08,0.0186146604828082
2061-08-09,0.0186101737349357
2061-08-10,0.0186056880880643
2061-08-11,0.0186012035889688
2061-08-12,0.0185967202286539
2061-08-13,0.0185922380137161
2061-08-14,0.0185877568206226
2061-08-15,0.0185832759675441
2061-08-16,0.0185787971167767
2061-08-17,0.0185743192338829
2061-08-18,0.0185698423218611
2061-08-19,0.0185653659441487
2061-08-20,0.0185608919591351
2061-08-21,0.0185564175987255
2061-08-22,0.0185519451752626
2061-08-23,0.0185474737544544
2061-08-24,0.0185430029177286
2061-08-25,0.0185385338110618
2061-08-26,0.018534065456386
2061-08-27,0.0185295981655318
2061-08-28,0.0185251320680284
2061-08-29,0.0185206671398892
2061-08-30,0.0185162025523647
2061-08-31,0.0185117396337325
2061-09-01,0.00970459274029804
2061-09-02,0.00970225360538593
2061-09-03,0.00969991497264851
2061-09-04,0.00969757704018844
2061-09-05,0.0096952395419822
2061-09-06,0.00969290281920646
2061-09-07,0.00969056672029713
2061-09-08,0.00968823076288974
2061-09-09,0.0118609714443728
2061-09-10,0.101589453385889
2061-09-11,0.00995506019905948
2061-09-12,0.00967889365051432
2061-09-13,0.00967656099639105
2061-09-14,0.0096742288762018
2061-09-15,0.00967189717548714
2061-09-16,0.0096695659700293
2061-09-17,0.00966723547711234
2061-09-18,0.00966490554234188
2061-09-19,0.00966257592862363
2061-09-20,0.0096602470387664
2061-09-21,0.0649101031258169
2061-09-22,0.119110476381104
2061-09-23,0.00965326788483443
2061-09-24,0.00965095367061499
2061-09-25,0.00964864329015476
2061-09-26,0.00964633499952097
2061-09-27,0.00964402666454989
2061-09-28,0.00964171799626317
2061-09-29,0.00963940883209073
2061-09-30,0.00963709847961641
2061-10-01,0.00822145660263443
2061-10-02,0.00821948407481154
2061-10-03,0.00821751079246682
2061-10-04,0.00821553737139952
2061-10-05,0.00821356345769278
2061-10-06,0.0412398842628176
2061-10-07,0.055005508462877
2061-10-08,0.00851927883728835
2061-10-09,0.00820567791029256
2061-10-10,0.00820371357971109
2061-10-11,0.00820174986144072
2061-10-12,0.00819978642651855
2061-10-13,0.00819782270100351
2061-10-14,0.00819585856415061
2061-10-15,0.00819389449115838
2061-10-16,0.0081919293607086
2061-10-17,0.00818996408643815
2061-10-18,0.00818799790523888
2061-10-19,0.128313342990906
2061-10-20,0.0159946642313827
2061-10-21,0.00818212599180853
2061-10-22,0.00818019277344759
2061-10-23,0.00817826542087697
2061-10-24,0.0081763412004307
2061-10-25,0.00817441841067808
2061-10-26,0.00817249630112211
2061-10-27,0.0081705747875096
2061-10-28,0.115489649175506
2061-10-29,0.00816677613969335
2061-10-30,0.00816497789166238
2061-10-31,0.00816322329320397
2061-11-01,0.00907993333912547
2061-11-02,0.00907801371620749
2061-11-03,0.00907609481510466
2061-11-04,0.00907417154251192
2061-11-05,0.0102260054207312
2061-11-06,0.0106940501450976
2061-11-07,0.00906838462923468
2061-11-08,0.00906645238469911
2061-11-09,0.00906451003683948
2061-11-10,0.00906255393866772
2061-11-11,0.00906058175816526
2061-11-12,0.00905859460253347
2061-11-13,0.00905659584233322
2061-11-14,0.00905458570145257
2061-11-15,0.0199858079544191
2061-11-16,0.0090505450718443
2061-11-17,0.00904851744321277
2061-11-18,0.00904648255165089
2061-11-19,0.00904444059746399
2061-11-20,0.00904239393088018
2061-11-21,0.145914101666058
2061-11-22,0.471871289022301
2061-11-23,0.582612588227652
2061-11-24,0.00928385259899731
2061-11-25,0.00953695911674969
2061-11-26,0.0279672407335158
2061-11-27,0.151127037167158
2061-11-28,0.370884604939565
2061-11-29,0.0102414394096445
2061-11-30,0.0495283597879488
2061-12-01,0.131407290547548
2061-12-02,0.260808366493393
2061-12-03,3.65200637919119
2061-12-04,2.05937593032761
2061-12-05,0.0138117743866721
2061-12-06,0.0142883769813401
2061-12-07,0.0148141755145547
2061-12-08,0.102440918906593
2061-12-09,0.0146901589322135
2061-12-10,0.0992549646905973
2061-12-11,0.29809511593681
2061-12-12,0.0679097347030822
2061-12-13,0.141193380610649
2061-12-14,0.192399912042489
2061-12-15,0.0186840071225683
2061-12-16,0.18208863905526
2061-12-17,0.0756704357840783
2061-12-18,0.0904590159427218
2061-12-19,0.0334319117745403
2061-12-20,0.0209812079844521
2061-12-21,0.025537472465729
2061-12-22,0.017043034901632
2061-12-23,0.0168257902567322
2061-12-24,0.0220208493290755
2061-12-25,0.0170341484262684
2061-12-26,0.815996529136019
2061-12-27,1.92476907836402
2061-12-28,2.14066560275993
2061-12-29,0.847791663961914
2061-12-30,1.20815428590727
2061-12-31,1.00502089725582
2062-01-01,0.271306592339295
2062-01-02,0.302313714160984
2062-01-03,0.332417157812594
2062-01-04,0.379551041242034
2062-01-05,0.369667689766227
2062-01-06,0.372154965554596
2062-01-07,0.631409267976237
2062-01-08,1.59983241766302
2062-01-09,1.72898891398803
2062-01-10,1.10567481476684
2062-01-11,1.13366020348623
2062-01-12,1.09163881337784
2062-01-13,1.25316783944554
2062-01-14,1.30173591907739
2062-01-15,1.19184782124158
2062-01-16,1.20591074613028
2062-01-17,1.1633666804263
2062-01-18,1.62003316047325
2062-01-19,2.76307770836396
2062-01-20,1.74678118800653
2062-01-21,1.65151693580109
2062-01-22,1.57415534215635
2062-01-23,1.50264691034244
2062-01-24,1.43403986259646
2062-01-25,1.34593532407677
2062-01-26,1.24731801427647
2062-01-27,1.15907738256973
2062-01-28,1.05161847451664
2062-01-29,0.990288622964808
2062-01-30,0.920796584703143
2062-01-31,0.860563889948253
2062-02-01,0.776736887250434
2062-02-02,0.763847640780997
2062-02-03,0.746778386808145
2062-02-04,0.656180121268054
2062-02-05,0.620986553304977
2062-02-06,0.604543070621975
2062-02-07,0.569411234926015
2062-02-08,0.597342053953504
2062-02-09,0.601852442523994
2062-02-10,0.539153142018719
2062-02-11,0.506756489055826
2062-02-12,0.524947449563768
2062-02-13,0.479304427558496
2062-02-14,0.493818826895073
2062-02-15,0.543935001784467
2062-02-16,0.548407180951403
2062-02-17,0.538846073074302
2062-02-18,0.541602431145614
2062-02-19,0.553903919556888
2062-02-20,0.534530226346819
2062-02-21,0.570908606445677
2062-02-22,0.612342643568812
2062-02-23,0.672394195622593
2062-02-24,0.732510491214275
2062-02-25,0.743172355443932
2062-02-26,0.693976483715886
2062-02-27,0.813813790817876
2062-02-28,0.664468546178663
2062-03-01,0.720858771682582
2062-03-02,0.810329801851322
2062-03-03,0.601574977140481
2062-03-04,0.614611200865967
2062-03-05,0.621328895857944
2062-03-06,0.58737867863524
2062-03-07,0.556152808430812
2062-03-08,0.517017893220606
2062-03-09,0.492811010413942
2062-03-10,0.464069053688533
2062-03-11,0.436483729811681
2062-03-12,0.427242270167034
2062-03-13,0.423163462310481
2062-03-14,0.427146511262829
2062-03-15,0.418914654952324
2062-03-16,0.363864731752549
2062-03-17,0.319916769064335
2062-03-18,0.284858799778287
2062-03-19,0.263829384610314
2062-03-20,0.244825621264583
2062-03-21,0.382114103651007
2062-03-22,0.411536310554395
2062-03-23,0.278066815842599
2062-03-24,0.240746248594399
2062-03-25,0.236061630492975
2062-03-26,0.225037184567125
2062-03-27,0.207400903714632
2062-03-28,0.186706724945578
2062-03-29,0.164327074880631
2062-03-30,0.142107832877034
2062-03-31,0.282771124511767
2062-04-01,0.536183748458668
2062-04-02,0.18064785182989
2062-04-03,0.203731492138415
2062-04-04,0.197828552234419
2062-04-05,0.179792689659902
2062-04-06,0.160474897106218
2062-04-07,0.138142296377205
2062-04-08,0.446913544670393
2062-04-09,1.29037299851569
2062-04-10,4.32091882173151
2062-04-11,0.800715325738255
2062-04-12,0.844099167965989
2062-04-13,1.21775439324062
2062-04-14,1.0840514697255
2062-04-15,1.00432061358935
2062-04-16,2.13654313998795
2062-04-17,1.9903976781997
2062-04-18,1.49107798453686
2062-04-19,1.37582366804415
2062-04-20,1.33648890789578
2062-04-21,1.3733362602693
2062-04-22,1.26145963990495
2062-04-23,1.12697671064633
2062-04-24,1.02672918180444
2062-04-25,0.917325553776325
2062-04-26,0.808228011838862
2062-04-27,0.707708384691737
2062-04-28,0.651495793141558
2062-04-29,0.703238068763196
2062-04-30,0.689834729440275
2062-05-01,0.680508742644476
2062-05-02,0.622268556789172
2062-05-03,0.576396028573692
2062-05-04,0.629306233763438
2062-05-05,0.490225341843522
2062-05-06,0.451640434500868
2062-05-07,0.409679234811333
2062-05-08,0.368535660261545
2062-05-09,0.326835831752961
2062-05-10,0.281071406133816
2062-05-11,0.232413654558682
2062-05-12,0.189277282253396
2062-05-13,0.157044643836427
2062-05-14,0.136806486080319
2062-05-15,0.121925686089705
2062-05-16,0.103178119925494
2062-05-17,0.0844525064639461
2062-05-18,0.0673555190619603
2062-05-19,0.0539235562387329
2062-05-20,0.147342119867934
2062-05-21,0.0413796634752675
2062-05-22,0.0365773227006573
2062-05-23,0.030826521448227
2062-05-24,0.027620669395363
2062-05-25,0.0241578884540303
2062-05-26,0.0211496518478243
2062-05-27,0.0192154417046921
2062-05-28,0.0179189525591568
2062-05-29,0.0171372027829769
2062-05-30,0.0168053946905169
2062-05-31,0.0165594242488626
2062-06-01,0.019880156565003
2062-06-02,0.019563721004313
2062-06-03,0.0192676069239835
2062-06-04,0.0189918060004729
2062-06-05,0.0187259238676274
2062-06-06,0.0184754433678521
2062-06-07,0.0182360743348631
2062-06-08,0.0180032957255517
2062-06-09,0.0177729309618821
2062-06-10,0.0175585828885324
2062-06-11,0.0173644239168895
2062-06-12,0.0171705651722365
2062-06-13,0.0169516470110743
2062-06-14,0.0166904938294009
2062-06-15,0.0163883616371785
2062-06-16,0.0160722284472879
2062-06-17,0.0157476411705777
2062-06-18,0.0153961310727414
2062-06-19,0.015023272973662
2062-06-20,0.0149115584142349
2062-06-21,0.014394578759084
2062-06-22,0.0483745845477214
2062-06-23,0.0139001727457224
2062-06-24,0.0136735095806715
2062-06-25,0.0133708323657257
2062-06-26,0.0130500627484584
2062-06-27,0.0127263749513065
2062-06-28,0.0124037864621266
2062-06-29,0.0120833417088303
2062-06-30,0.0117634341707907
2062-07-01,0.021780315564754
2062-07-02,0.0211890856349336
2062-07-03,0.0206053410986818
2062-07-04,0.0200310792950089
2062-07-05,0.0194755432895476
2062-07-06,0.0189521795155303
2062-07-07,0.0184735273565222
2062-07-08,0.0180330012938705
2062-07-09,0.0176117408192559
2062-07-10,0.0172151985450238
2062-07-11,0.0168555733746963
2062-07-12,0.0165259302852235
2062-07-13,0.0162245517278365
2062-07-14,0.0159560664954835
2062-07-15,0.0157189648890902
2062-07-16,0.0155119967711271
2062-07-17,0.0153354922994059
2062-07-18,0.0151850952315053
2062-07-19,0.0150589247617435
2062-07-20,0.014953323627724
2062-07-21,0.0148636292053795
2062-07-22,0.0147873396577434
2062-07-23,0.0147227794887573
2062-07-24,0.0146685402523394
2062-07-25,0.0146246016297724
2062-07-26,0.0145887177160327
2062-07-27,0.0145602810534883
2062-07-28,0.0145411388115919
2062-07-29,0.0145281340079177
2062-07-30,0.0145171611729594
2062-07-31,0.0146837019750038
2062-08-01,0.0187867496321556
2062-08-02,0.0187289414552565
2062-08-03,0.0187223682039333
2062-08-04,0.0203347257126472
2062-08-05,0.0187128737487131
2062-08-06,0.018708362967711
2062-08-07,0.0193535179455938
2062-08-08,0.0186993457683342
2062-08-09,0.0186948382711462
2062-08-10,0.0186903327294947
2062-08-11,0.0186858276058159
2062-08-12,0.018681323471599
2062-08-13,0.0186768209600994
2062-08-14,0.0186723195310113
2062-08-15,0.0186678185504792
2062-08-16,0.0186633189761823
2062-08-17,0.0186588207409572
2062-08-18,0.0186543231821641
2062-08-19,0.0186498274787621
2062-08-20,0.0186453318419238
2062-08-21,0.0186408382559702
2062-08-22,0.0186363451737426
2062-08-23,0.0186318527157755
2062-08-24,0.0186273622505246
2062-08-25,0.0186228721372823
2062-08-26,0.018618383796676
2062-08-27,0.0186138960365539
2062-08-28,0.0186094100826496
2062-08-29,0.0186049240088104
2062-08-30,0.0186004401009934
2062-08-31,0.0185959564882157
2062-09-01,0.00974874239749616
2062-09-02,0.00974639257415643
2062-09-03,0.0212288756901156
2062-09-04,0.00974169492234005
2062-09-05,0.00988585163263572
2062-09-06,0.00973699946789149
2062-09-07,0.0097346523937773
2062-09-08,0.00973230611521841
2062-09-09,0.018656455053583
2062-09-10,0.0196630888973082
2062-09-11,0.00972527067716057
2062-09-12,0.00972292648591258
2062-09-13,0.00972058301066434
2062-09-14,0.00971824011368731
2062-09-15,0.00971589771699834
2062-09-16,0.00971355597184719
2062-09-17,0.00971121466283642
2062-09-18,0.0097088739902699
2062-09-19,0.0097065341516215
2062-09-20,0.0231796828889483
2062-09-21,0.0127394014844242
2062-09-22,0.0207268107887319
2062-09-23,0.0191666381114642
2062-09-24,0.00969484206460703
2062-09-25,0.0245085805884035
2062-09-26,0.00969016908066638
2062-09-27,0.0096878335993344
2062-09-28,0.00968549874186874
2062-09-29,0.0136678964441563
2062-09-30,0.00968083014260151
2062-10-01,0.00825875438560275
2062-10-02,0.00825676388126974
2062-10-03,0.00825477394658461
2062-10-04,0.00825278417852756
2062-10-05,0.00825079501687852
2062-10-06,0.00824880649222625
2062-10-07,0.00824681840896391
2062-10-08,0.00824483074723565
2062-10-09,0.00824284337717355
2062-10-10,0.00824085690545399
2062-10-11,0.00823887053918501
2062-10-12,0.00823688470768208
2062-10-13,0.0082348995252504
2062-10-14,0.00874992776651931
2062-10-15,0.00823093066433263
2062-10-16,0.00822894673899019
2062-10-17,0.00822696322766879
2062-10-18,0.00822498048374873
2062-10-19,0.00822299804652086
2062-10-20,0.00822101619289367
2062-10-21,0.00821903459578243
2062-10-22,0.00821705364827908
2062-10-23,0.00821507326747212
2062-10-24,0.00821309315793883
2062-10-25,0.00821111381580686
2062-10-26,0.00820913472053127
2062-10-27,0.008207156208588
2062-10-28,0.00820517800280031
2062-10-29,0.00820320042810628
2062-10-30,0.00820122333129398
2062-10-31,0.00819924654788197
2062-11-01,0.00911974115214112
2062-11-02,0.00911754311032886
2062-11-03,0.00911534555092081
2062-11-04,0.0230852710587616
2062-11-05,0.100930679314012
2062-11-06,0.00910875635788827
2062-11-07,0.00910656096870228
2062-11-08,0.00910436663746227
2062-11-09,0.00910217271340005
2062-11-10,0.00909997945652442
2062-11-11,0.207271215540161
2062-11-12,0.00909560982274255
2062-11-13,0.00909346902852278
2062-11-14,0.00909134967293286
2062-11-15,0.0253924911242443
2062-11-16,0.010054435969004
2062-11-17,0.00908507403489882
2062-11-18,0.00908300580729307
2062-11-19,0.00908094350376665
2062-11-20,0.0171819735468473
2062-11-21,0.00907683201148222
2062-11-22,0.00907478381768293
2062-11-23,0.00907273924818437
2062-11-24,0.00907069724623469
2062-11-25,0.00906865639208473
2062-11-26,0.00906661699499854
2062-11-27,0.00906457914363583
2062-11-28,0.00906253977729698
2062-11-29,0.00906049687979488
2062-11-30,0.00905844897346792
2062-12-01,0.00766328576840043
2062-12-02,0.00766153973952759
2062-12-03,0.00765978770994182
2062-12-04,0.0156985613166056
2062-12-05,0.0383512376583279
2062-12-06,0.0119263113969904
2062-12-07,0.00766192765394204
2062-12-08,0.00765101980044099
2062-12-09,0.00764928109639864
2062-12-10,0.00764754736802742
2062-12-11,0.00764581758649654
2062-12-12,0.0076440903999027
2062-12-13,0.00764236497416798
2062-12-14,0.0076406393284206
2062-12-15,0.500462038221382
2062-12-16,1.06422365837716
2062-12-17,1.49943740712832
2062-12-18,0.531847255636179
2062-12-19,0.617632801079931
2062-12-20,0.0157283946060465
2062-12-21,0.0120897901269978
2062-12-22,0.0122827864345819
2062-12-23,0.0124136213519846
2062-12-24,0.0125105605159923
2062-12-25,0.0823142450623032
2062-12-26,0.0491141703064957
2062-12-27,0.0466348714819904
2062-12-28,0.0313859275080827
2062-12-29,0.0256784216514428
2062-12-30,0.0318404072398762
2062-12-31,0.0196421223369001
2063-01-01,0.027653058289199
2063-01-02,0.840599191354902
2063-01-03,1.532322758884
2063-01-04,2.29079972768151
2063-01-05,1.56122790709283
2063-01-06,0.166730374094636
2063-01-07,0.244784657953403
2063-01-08,0.364927045794843
2063-01-09,0.108754913250182
2063-01-10,0.044325768124859
2063-01-11,0.0266233321882466
2063-01-12,0.0287628871345557
2063-01-13,0.030990511315406
2063-01-14,0.0323935434606298
2063-01-15,0.0392742813584788
2063-01-16,0.184796276574214
2063-01-17,0.239151988374493
2063-01-18,0.203904580077544
2063-01-19,0.0780443146105848
2063-01-20,0.188780158282263
2063-01-21,0.837748260491533
2063-01-22,0.608094353966971
2063-01-23,0.852831285015849
2063-01-24,0.678137525552029
2063-01-25,1.8875320998444
2063-01-26,5.84977868210681
2063-01-27,2.56903019548783
2063-01-28,1.69178687172433
2063-01-29,1.67948307410116
2063-01-30,1.63177233611772
2063-01-31,1.58887653887139
2063-02-01,1.48011004243559
2063-02-02,1.37416929769297
2063-02-03,1.25577436998142
2063-02-04,1.15336887106652
2063-02-05,1.4482093584118
2063-02-06,2.48537034290826
2063-02-07,3.08071581588342
2063-02-08,2.89003232505129
2063-02-09,1.84769333450062
2063-02-10,1.65808386322521
2063-02-11,1.70680940666781
2063-02-12,6.88498671067396
2063-02-13,15.7610201155006
2063-02-14,11.65815393056
2063-02-15,1.67511868735666
2063-02-16,1.62729278498732
2063-02-17,1.73287246040683
2063-02-18,1.62728955796901
2063-02-19,1.62123618632408
2063-02-20,1.55518813357925
2063-02-21,1.43369933632388
2063-02-22,1.29843573307108
2063-02-23,1.20266690767916
2063-02-24,1.06621609164996
2063-02-25,0.968760348509555
2063-02-26,0.876036826462945
2063-02-27,0.787315276939813
2063-02-28,0.705246881345914
2063-03-01,0.514332290803127
2063-03-02,0.670470342016009
2063-03-03,0.559874611652419
2063-03-04,0.657112372662551
2063-03-05,0.768452344131165
2063-03-06,0.758906690379882
2063-03-07,0.754972236085681
2063-03-08,0.984271801942806
2063-03-09,1.28915559747249
2063-03-10,1.38272228918397
2063-03-11,1.3618952637066
2063-03-12,1.38063639116493
2063-03-13,1.37764545540351
2063-03-14,1.40175226516092
2063-03-15,1.23145082141476
2063-03-16,1.14920088776464
2063-03-17,1.0476508563619
2063-03-18,0.941093920184028
2063-03-19,0.981758088275164
2063-03-20,1.7733288520222
2063-03-21,1.12698859029294
2063-03-22,1.12705157730962
2063-03-23,1.04988320643821
2063-03-24,0.950382129852507
2063-03-25,0.848091442824851
2063-03-26,0.752318310272246
2063-03-27,0.673754032732346
2063-03-28,0.604764061702234
2063-03-29,0.605169863893545
2063-03-30,0.541852975948283
2063-03-31,0.526156014428191
2063-04-01,0.689323459935718
2063-04-02,0.529755833080068
2063-04-03,0.502248181064156
2063-04-04,0.778529210326693
2063-04-05,0.516129178259065
2063-04-06,0.619505104357797
2063-04-07,0.931685436676555
2063-04-08,0.627953561566413
2063-04-09,0.654758283651229
2063-04-10,0.660442102978701
2063-04-11,0.60658009782464
2063-04-12,0.559630849339207
2063-04-13,0.508729213759021
2063-04-14,0.848244604171775
2063-04-15,0.873041423187156
2063-04-16,0.695147025016971
2063-04-17,0.665842953301359
2063-04-18,0.640968103905398
2063-04-19,0.762679424565421
2063-04-20,0.761587849037289
2063-04-21,0.781995367219616
2063-04-22,0.754659676611051
2063-04-23,0.729180936368519
2063-04-24,0.721348447296465
2063-04-25,0.654772540429069
2063-04-26,0.607898415906469
2063-04-27,0.572137616470986
2063-04-28,0.575238278328917
2063-04-29,0.529930586982697
2063-04-30,0.473224424515749
2063-05-01,0.533866183018622
2063-05-02,0.481583569233086
2063-05-03,0.434359318296502
2063-05-04,0.424680947005063
2063-05-05,0.404050717511887
2063-05-06,0.356412811923817
2063-05-07,0.32187607339623
2063-05-08,0.290516038003327
2063-05-09,0.261611072556776
2063-05-10,0.230022870617808
2063-05-11,0.195982506969461
2063-05-12,0.160681244995995
2063-05-13,0.127467325850539
2063-05-14,0.0988407783683905
2063-05-15,0.097952347168996
2063-05-16,0.0574670720499894
2063-05-17,0.0573363082611744
2063-05-18,0.0333298144920889
2063-05-19,0.026492716317634
2063-05-20,0.0220286844161105
2063-05-21,0.0194685389593583
2063-05-22,0.0186981017452808
2063-05-23,0.0177097670428463
2063-05-24,0.0172136560521955
2063-05-25,0.0170130051798435
2063-05-26,0.016894068865814
2063-05-27,0.0167741699133633
2063-05-28,0.016622700016966
2063-05-29,0.0373044738751101
2063-05-30,0.0163757547525057
2063-05-31,0.0162793577815065
2063-06-01,0.0196941317969685
2063-06-02,0.0195234641195445
2063-06-03,0.0193115850494462
2063-06-04,0.0190976884531176
2063-06-05,0.0188949235763559
2063-06-06,0.0186821985360879
2063-06-07,0.018463359575396
2063-06-08,0.0186037393799548
2063-06-09,0.0179860948065494
2063-06-10,0.0177035346003372
2063-06-11,0.0174798463668576
2063-06-12,0.0171300016607554
2063-06-13,0.0395576456773153
2063-06-14,0.0166463537324204
2063-06-15,0.0240150959543864
2063-06-16,0.0162155837326628
2063-06-17,0.0159448141223439
2063-06-18,0.0156288917140509
2063-06-19,0.0152995548948656
2063-06-20,0.0149635555219577
2063-06-21,0.0146520940813279
2063-06-22,0.014383227906086
2063-06-23,0.0141386104049254
2063-06-24,0.0142019829826281
2063-06-25,0.0136526473832547
2063-06-26,0.0134200818549534
2063-06-27,0.013365007375708
2063-06-28,0.0130133133009661
2063-06-29,0.012768085964281
2063-06-30,0.0124863790410924
2063-07-01,0.0232322411865962
2063-07-02,0.0226865090875414
2063-07-03,0.0221119164193471
2063-07-04,0.0215386493289039
2063-07-05,0.0209771475173163
2063-07-06,0.0204304294463309
2063-07-07,0.0198848195064416
2063-07-08,0.0193437413606872
2063-07-09,0.0188298784236397
2063-07-10,0.0183489845311909
2063-07-11,0.0178962654627721
2063-07-12,0.0174746451044539
2063-07-13,0.0170853479062817
2063-07-14,0.0167308530673087
2063-07-15,0.01641099627543
2063-07-16,0.0161271482654328
2063-07-17,0.0158781548424808
2063-07-18,0.0156554856542434
2063-07-19,0.0154600798381657
2063-07-20,0.0152924166413672
2063-07-21,0.0151504104914528
2063-07-22,0.015032490749901
2063-07-23,0.0149376341084187
2063-07-24,0.0148588899364821
2063-07-25,0.0147892818965943
2063-07-26,0.0147277991826818
2063-07-27,0.0185764266612124
2063-07-28,0.0146371688399761
2063-07-29,0.0146013263956675
2063-07-30,0.0145690987420311
2063-07-31,0.0145461737310979
2063-08-01,0.0187801253407907
2063-08-02,0.0187648144946271
2063-08-03,0.0187507039646691
2063-08-04,0.0187392530062974
2063-08-05,0.0187309129718429
2063-08-06,0.0187239089400007
2063-08-07,0.0187183236387787
2063-08-08,0.01871376340807
2063-08-09,0.0187092533412794
2063-08-10,0.0187047435497392
2063-08-11,0.0187002352693772
2063-08-12,0.0186957282711179
2063-08-13,0.0186912214359697
2063-08-14,0.0186867163926472
2063-08-15,0.0186822123201967
2063-08-16,0.0186777092168192
2063-08-17,0.0186732077073746
2063-08-18,0.0186687067976041
2063-08-19,0.0186642072448955
2063-08-20,0.0186597085431241
2063-08-21,0.0186552103888549
2063-08-22,0.0186507146206881
2063-08-23,0.0186462185286974
2063-08-24,0.0186417247412533
2063-08-25,0.0186372311109237
2063-08-26,0.0301292707327499
2063-08-27,0.0186282482338807
2063-08-28,0.0186237583317236
2063-08-29,0.0186192696151218
2063-08-30,0.0186147815629585
2063-08-31,0.0186102949344211
2063-09-01,0.00975625895409656
2063-09-02,0.00975390745380169
2063-09-03,0.0097515565094522
2063-09-04,0.00974920615249294
2063-09-05,0.00974685600181213
2063-09-06,0.00974450696144985
2063-09-07,0.0097421582720124
2063-09-08,0.00973981027750674
2063-09-09,0.00973746255342686
2063-09-10,0.0097351157104325
2063-09-11,0.00973276890737317
2063-09-12,0.00973042317406843
2063-09-13,0.00972807811431287
2063-09-14,0.00972573313851521
2063-09-15,0.00972338897651095
2063-09-16,0.00972104542610947
2063-09-17,0.00971870262629711
2063-09-18,0.0097163598415784
2063-09-19,0.00971401787348302
2063-09-20,0.00971167669025181
2063-09-21,0.00970933596139898
2063-09-22,0.00970699569227027
2063-09-23,0.00970465589607243
2063-09-24,0.00970231678159954
2063-09-25,0.00969997855733107
2063-09-26,0.0192167528024081
2063-09-27,0.00969530322603047
2063-09-28,0.00969296643910731
2063-09-29,0.00969062989053617
2063-09-30,0.00968829418971899
2063-10-01,0.00826512189190533
2063-10-02,0.00826312989328632
2063-10-03,0.00826113837523225
2063-10-04,0.00825914712201212
2063-10-05,0.00825715631152355
2063-10-06,0.00825516622067494
2063-10-07,0.00825317652721144
2063-10-08,0.00825118720886227
2063-10-09,0.0082491986235692
2063-10-10,0.00824721027386298
2063-10-11,0.00824522263333215
2063-10-12,0.00824323526273342
2063-10-13,0.00824124836411332
2063-10-14,0.0212253037754221
2063-10-15,0.0596847441911192
2063-10-16,0.227652389343311
2063-10-17,0.463561617636915
2063-10-18,0.256006161794931
2063-10-19,0.00829893328855868
2063-10-20,0.122062756959965
2063-10-21,0.517743122525374
2063-10-22,0.00884942890877126
2063-10-23,0.0621284876716306
2063-10-24,0.00934838450059694
2063-10-25,0.00946356186913661
2063-10-26,0.00952710666659289
2063-10-27,0.00955903235239359
2063-10-28,0.0158738496867445
2063-10-29,0.00958187743737523
2063-10-30,0.00956966501594779
2063-10-31,0.00954560205862753
2063-11-01,0.0108430234553555
2063-11-02,0.0105517218148187
2063-11-03,0.0105111183933164
2063-11-04,0.0142005179931477
2063-11-05,0.314634234356247
2063-11-06,0.0694306831990572
2063-11-07,0.0105473827074343
2063-11-08,0.0105859301262186
2063-11-09,0.0106160031299081
2063-11-10,0.0106362944812072
2063-11-11,0.0106474780624287
2063-11-12,0.0106510995302112
2063-11-13,0.019182430589722
2063-11-14,0.0247610926787448
2063-11-15,0.0106734521697788
2063-11-16,0.0106645907811025
2063-11-17,0.108402160873666
2063-11-18,0.0106869489557811
2063-11-19,0.0107090853355551
2063-11-20,0.0137660953115544
2063-11-21,0.148827473603355
2063-11-22,0.0414132686017206
2063-11-23,0.0373036873891823
2063-11-24,0.0263605294969241
2063-11-25,0.0191314110145393
2063-11-26,0.0125408439251249
2063-11-27,0.0109914759899305
2063-11-28,0.0110074956802873
2063-11-29,0.0110131127887624
2063-11-30,0.477507089042846
2063-12-01,0.811909562134173
2063-12-02,0.0101829521563573
2063-12-03,0.0106118910443565
2063-12-04,0.0108293081635273
2063-12-05,0.0142904725370897
2063-12-06,0.0142026752626932
2063-12-07,0.0128162868408969
2063-12-08,0.122471267766257
2063-12-09,0.0213484735218987
2063-12-10,0.0696209773415827
2063-12-11,1.00881299808796
2063-12-12,1.37171195955595
2063-12-13,2.74767623285539
2063-12-14,0.507974894745389
2063-12-15,0.0759741073497961
2063-12-16,0.0221061587103206
2063-12-17,0.0172735707351315
2063-12-18,0.0241216251928146
2063-12-19,0.371165568238939
2063-12-20,0.0426560239508837
2063-12-21,0.0623771066161901
2063-12-22,0.353908808751123
2063-12-23,1.02457075415605
2063-12-24,0.625868120006408
2063-12-25,1.43922656465567
2063-12-26,0.409054070806679
2063-12-27,0.104295898301421
2063-12-28,0.0698023942000486
2063-12-29,0.0823300059292281
2063-12-30,0.0892486280241616
2063-12-31,0.0953265195171706
2064-01-01,0.0718424017583391
2064-01-02,0.0724835308018435
2064-01-03,0.133739176041408
2064-01-04,0.38376563679925
2064-01-05,0.088344659489453
2064-01-06,0.100305345963829
2064-01-07,0.10744703447404
2064-01-08,0.619597933584052
2064-01-09,0.185622268582054
2064-01-10,0.208408381183858
2064-01-11,0.222600141618991
2064-01-12,0.232273535208237
2064-01-13,0.236016971387611
2064-01-14,0.240924777543772
2064-01-15,0.457149785948787
2064-01-16,0.236907553225813
2064-01-17,0.240852926917234
2064-01-18,0.237902514741509
2064-01-19,0.230156485998453
2064-01-20,0.21993120058963
2064-01-21,0.211176526117097
2064-01-22,0.205155725763783
2064-01-23,0.199607485016664
2064-01-24,0.188900337196443
2064-01-25,0.181088599898375
2064-01-26,0.170947695003114
2064-01-27,0.159989002374801
2064-01-28,0.147865169030275
2064-01-29,0.13547328780138
2064-01-30,0.123835689007247
2064-01-31,0.112749121055789
2064-02-01,0.100851194098833
2064-02-02,0.0933603025674652
2064-02-03,0.0886694067354145
2064-02-04,0.0859000415884214
2064-02-05,0.082696906788393
2064-02-06,0.0918963609732608
2064-02-07,0.201503485442787
2064-02-08,0.380466637112865
2064-02-09,0.334087722873725
2064-02-10,0.180031264585011
2064-02-11,0.203241008331474
2064-02-12,0.193388191470535
2064-02-13,0.232104750522859
2064-02-14,0.265446935672022
2064-02-15,0.230559445715528
2064-02-16,0.234713624431309
2064-02-17,0.250540562830803
2064-02-18,0.341519016958891
2064-02-19,0.301846669591712
2064-02-20,0.250873259153013
2064-02-21,0.241587695561483
2064-02-22,0.236845804155619
2064-02-23,0.226565405470019
2064-02-24,0.253508809878663
2064-02-25,0.357241341677039
2064-02-26,0.209835220860215
2064-02-27,0.20357569215884
2064-02-28,0.194304400488835
2064-02-29,0.187709135382651
2064-03-01,0.143534025755075
2064-03-02,0.136289500937301
2064-03-03,0.127313850782183
2064-03-04,0.148394089363054
2064-03-05,0.204072651056379
2064-03-06,0.2321566621388
2064-03-07,0.213218085423739
2064-03-08,0.459812017585334
2064-03-09,0.190667265770652
2064-03-10,0.239582035378173
2064-03-11,0.467770229697535
2064-03-12,0.296166625736105
2064-03-13,0.310915176849413
2064-03-14,0.309748519040622
2064-03-15,0.302489173974451
2064-03-16,0.289165035565007
2064-03-17,0.267281592953875
2064-03-18,0.240819567675481
2064-03-19,0.214581143625234
2064-03-20,0.189480762259779
2064-03-21,0.164894898112033
2064-03-22,0.141747210184905
2064-03-23,0.12144445396009
2064-03-24,0.106149401260789
2064-03-25,0.0971459212003142
2064-03-26,0.0908677844872068
2064-03-27,0.305137691165055
2064-03-28,0.213919376958892
2064-03-29,0.110374437944816
2064-03-30,0.106804792412051
2064-03-31,0.109301004778141
2064-04-01,0.114300801717665
2064-04-02,0.106712239090225
2064-04-03,0.0977541891326787
2064-04-04,0.0885024844991556
2064-04-05,0.328843752669473
2064-04-06,0.357800825519137
2064-04-07,0.125321042974337
2064-04-08,0.142327178939755
2064-04-09,0.14652048359728
2064-04-10,0.143168374924084
2064-04-11,0.143328025456988
2064-04-12,0.139452780008607
2064-04-13,0.129345345165833
2064-04-14,0.121478751808015
2064-04-15,0.115516302778981
2064-04-16,0.103730033825807
2064-04-17,0.0945475096332122
2064-04-18,0.0842468205316567
2064-04-19,0.0883596672764317
2064-04-20,0.069603737530923
2064-04-21,0.0607625554503601
2064-04-22,0.0515232266082822
2064-04-23,0.0422036489558379
2064-04-24,0.0332592292806992
2064-04-25,0.0259829748662132
2064-04-26,0.0210926098709083
2064-04-27,0.0180800475178736
2064-04-28,0.0163245000139004
2064-04-29,0.0152400401073595
2064-04-30,0.0145395142117925
2064-05-01,0.0174537058973397
2064-05-02,0.0173641464602268
2064-05-03,0.0167943540639149
2064-05-04,0.104713887187254
2064-05-05,0.0165298525626101
2064-05-06,0.0164201051119163
2064-05-07,0.120223423715827
2064-05-08,0.271619430232706
2064-05-09,0.016358605757204
2064-05-10,0.0177999789134457
2064-05-11,0.0400314140095829
2064-05-12,0.0514435304860895
2064-05-13,0.016189401330917
2064-05-14,0.0160768237031659
2064-05-15,0.0159536945380891
2064-05-16,0.0158387493358421
2064-05-17,0.0157344302838756
2064-05-18,0.0156106271266004
2064-05-19,0.0154679646473984
2064-05-20,0.01772283373631
2064-05-21,0.0152066858078897
2064-05-22,0.0150538180309669
2064-05-23,0.014889682109578
2064-05-24,0.0149389223679902
2064-05-25,0.016652405843471
2064-05-26,0.0229189948520468
2064-05-27,0.0182548563276335
2064-05-28,0.0142225724371422
2064-05-29,0.0143616504412061
2064-05-30,0.0174144041211816
2064-05-31,0.0307174106348461
2064-06-01,0.016617467014447
2064-06-02,0.0163559535459473
2064-06-03,0.0160883584229427
2064-06-04,0.0158233538793845
2064-06-05,0.100392268859764
2064-06-06,0.020787451492009
2064-06-07,0.0154077332714328
2064-06-08,0.0152107717027017
2064-06-09,0.0149708327641652
2064-06-10,0.0146987997700573
2064-06-11,0.0144177048427873
2064-06-12,0.0141393102863039
2064-06-13,0.0403733270494428
2064-06-14,0.013733074990184
2064-06-15,0.0440372665214243
2064-06-16,0.0133834161521248
2064-06-17,0.0131256237609118
2064-06-18,0.012977645390021
2064-06-19,0.032732747804389
2064-06-20,0.0124256861404388
2064-06-21,0.0121204032598709
2064-06-22,0.0118234581745768
2064-06-23,0.0115144633699842
2064-06-24,0.0148558045839409
2064-06-25,0.0109351063344923
2064-06-26,0.010670861763855
2064-06-27,0.0103931054411776
2064-06-28,0.0101196342079312
2064-06-29,0.00985713185496707
2064-06-30,0.00960833807770887
2064-07-01,0.0178406011533363
2064-07-02,0.0174429274521078
2064-07-03,0.0170909754374106
2064-07-04,0.0167681246109782
2064-07-05,0.016470025791918
2064-07-06,0.0162041550784545
2064-07-07,0.0159656031171169
2064-07-08,0.0157803436582023
2064-07-09,0.0155487437793219
2064-07-10,0.0153798754864879
2064-07-11,0.015243242666108
2064-07-12,0.0151237751601366
2064-07-13,0.0150116997792159
2064-07-14,0.0149116400839507
2064-07-15,0.0148253073597029
2064-07-16,0.0147534095110864
2064-07-17,0.0146949280310723
2064-07-18,0.0146463339206752
2064-07-19,0.0146069086421535
2064-07-20,0.0145766772509897
2064-07-21,0.0145542037500944
2064-07-22,0.0145375783285247
2064-07-23,0.0145239377760913
2064-07-24,0.014512372406538
2064-07-25,0.0145025397505476
2064-07-26,0.0144940976845012
2064-07-27,0.0144875936286477
2064-07-28,0.014482586194722
2064-07-29,0.0144785796803575
2064-07-30,0.0144750449483458
2064-07-31,0.0144715560373897
2064-08-01,0.0186975407038224
2064-08-02,0.018693034003601
2064-08-03,0.0186885285477029
2064-08-04,0.0186840244332751
2064-08-05,0.0186795210486505
2064-08-06,0.018675018726648
2064-08-07,0.0186705174594717
2064-08-08,0.0186660169460856
2064-08-09,0.0186615178749151
2064-08-10,0.0186570200612607
2064-08-11,0.0186525231495158
2064-08-12,0.0186480273927428
2064-08-13,0.0186435323669721
2064-08-14,0.0186390386904677
2064-08-15,0.0186345461887245
2064-08-16,0.0186300546032828
2064-08-17,0.0186255638142081
2064-08-18,0.0186210749554835
2064-08-19,0.0186165865812955
2064-08-20,0.0186120992799239
2064-08-21,0.018607613726002
2064-08-22,0.0186031286692098
2064-08-23,0.0185986446396588
2064-08-24,0.0185941615228116
2064-08-25,0.0185896798187958
2064-08-26,0.0185851993135283
2064-08-27,0.018580719418129
2064-08-28,0.0185762411916221
2064-08-29,0.0185717638724217
2064-08-30,0.0185672872674329
2064-08-31,0.0433879507436148
2064-09-01,0.0116025368899807
2064-09-02,0.0185015925131548
2064-09-03,0.0204127526103353
2064-09-04,0.021637847228191
2064-09-05,0.0097219877010444
2064-09-06,0.00971964452829586
2064-09-07,0.0101742943712205
2064-09-08,0.00971495991949925
2064-09-09,0.00971261797341531
2064-09-10,0.0097102770367119
2064-09-11,0.00970793662482343
2064-09-12,0.0794918032156967
2064-09-13,1.27832608706193
2064-09-14,1.85661993905034
2064-09-15,0.0154196154591357
2064-09-16,0.012195268228813
2064-09-17,0.0122914733779336
2064-09-18,0.0122610577517991
2064-09-19,0.0121808687028088
2064-09-20,0.0120897246126718
2064-09-21,0.01200270309915
2064-09-22,0.0119116049524915
2064-09-23,0.0118047444016996
2064-09-24,0.0116805078806649
2064-09-25,0.0115472219162952
2064-09-26,0.0114078191381683
2064-09-27,0.0112687817746495
2064-09-28,0.0111416397540464
2064-09-29,0.0110283179115164
2064-09-30,0.0109252942310885
2064-10-01,0.00924249262580954
2064-10-02,0.00916991634604867
2064-10-03,0.00910414748539855
2064-10-04,0.00904109913300563
2064-10-05,0.00898057149191076
2064-10-06,0.00892481690163165
2064-10-07,0.00887302573525872
2064-10-08,0.0088251465071397
2064-10-09,0.0087836396478571
2064-10-10,0.0087469785995002
2064-10-11,0.0087140162994067
2064-10-12,0.00868483003508594
2064-10-13,0.00865995260629982
2064-10-14,0.00863846040235682
2064-10-15,0.00861817512508739
2064-10-16,0.00859838758538906
2064-10-17,0.00857890964597297
2064-10-18,0.00856039616634284
2064-10-19,0.00854336513890321
2064-10-20,0.00852758468583147
2064-10-21,0.00851438732332073
2064-10-22,0.00850371787253269
2064-10-23,0.0084943276993369
2064-10-24,0.00848528243090903
2064-10-25,0.00847753001180725
2064-10-26,0.00847102758991244
2064-10-27,0.00846429271625392
2064-10-28,0.00845758839268107
2064-10-29,0.00845035957016008
2064-10-30,0.00844342546570211
2064-10-31,0.0084369467460436
2064-11-01,0.0093794443186987
2064-11-02,0.00937299929916041
2064-11-03,0.00936681195752188
2064-11-04,0.00936086544097891
2064-11-05,0.00935570138680987
2064-11-06,0.00935123908633664
2064-11-07,0.00934689545521831
2064-11-08,0.00934269043352694
2064-11-09,0.00933856237232841
2064-11-10,0.00933486049766874
2064-11-11,0.00933157737646295
2064-11-12,0.00932829556425621
2064-11-13,0.00932509970627679
2064-11-14,0.00932209224327559
2064-11-15,0.00931923305718984
2064-11-16,0.00931638925370981
2064-11-17,0.00931348303738929
2064-11-18,0.00931058375383881
2064-11-19,0.00930770560950494
2064-11-20,0.00930486254903493
2064-11-21,0.00930214241149542
2064-11-22,0.00929949157628124
2064-11-23,0.0092968507608063
2064-11-24,0.00929423561843151
2064-11-25,0.00929165994573932
2064-11-26,0.00928915985677732
2064-11-27,0.00928673267981403
2064-11-28,0.00928435672128568
2064-11-29,0.00928197817670036
2064-11-30,0.0092796019151768
2064-12-01,0.00785021241675318
2064-12-02,0.00784832059046111
2064-12-03,0.210895248479312
2064-12-04,0.0913270091545377
2064-12-05,0.0136527679610259
2064-12-06,0.00786823435968193
2064-12-07,0.00783989655419357
2064-12-08,0.00783858339582552
2064-12-09,0.0078373455621162
2064-12-10,0.00783616623586301
2064-12-11,0.00783502539591316
2064-12-12,0.00783390599040074
2064-12-13,0.00783279100206573
2064-12-14,0.00783167912750359
2064-12-15,0.00783056596873433
2064-12-16,0.00782944310414787
2064-12-17,0.00782830193481051
2064-12-18,0.00782713474461779
2064-12-19,0.00782593704819088
2064-12-20,0.00782470946388916
2064-12-21,0.0287993873644814
2064-12-22,0.0854606062470916
2064-12-23,0.277868509485149
2064-12-24,0.00976712092825003
2064-12-25,0.0213655103637878
2064-12-26,0.00785494177952103
2064-12-27,0.0231399808421198
2064-12-28,0.0159288044433312
2064-12-29,0.00794092926683844
2064-12-30,0.00792658497888639
2064-12-31,0.0079429343056884
2065-01-01,0.00596838797505465
2065-01-02,0.00597819130286017
2065-01-03,0.00598681778451423
2065-01-04,0.00599412989342129
2065-01-05,0.00600039099102633
2065-01-06,0.00600590877090188
2065-01-07,0.00601085094186526
2065-01-08,0.00807030247253591
2065-01-09,0.00603090493384036
2065-01-10,0.00602432418643957
2065-01-11,0.0060277785992423
2065-01-12,0.0126675383008526
2065-01-13,0.00603430881616421
2065-01-14,0.00603749654261239
2065-01-15,0.00604081732208976
2065-01-16,0.0060438663814321
2065-01-17,0.00604662230367495
2065-01-18,0.00604917870406262
2065-01-19,0.00605148671476048
2065-01-20,0.00605339445674141
2065-01-21,0.00605459675332315
2065-01-22,0.0105376271522409
2065-01-23,0.0096124936976708
2065-01-24,0.0201350523017928
2065-01-25,0.00830798085403622
2065-01-26,0.0130932703036025
2065-01-27,0.00625517223577636
2065-01-28,0.00715527295548672
2065-01-29,0.00713196512725189
2065-01-30,0.00644839407068738
2065-01-31,0.00607048104991088
2065-02-01,0.007606107102368
2065-02-02,0.0150564891617576
2065-02-03,0.0238367358940134
2065-02-04,0.0100977454500007
2065-02-05,0.00596803944507855
2065-02-06,0.00594391410713195
2065-02-07,0.00594286510131978
2065-02-08,0.00668897550644939
2065-02-09,0.0973585352228815
2065-02-10,0.319139956558457
2065-02-11,0.122050483703145
2065-02-12,0.0116265399201524
2065-02-13,0.0180288018878723
2065-02-14,0.0206272495607936
2065-02-15,0.0246887069837456
2065-02-16,0.0187966026389379
2065-02-17,0.0402551362820629
2065-02-18,0.0512761734632843
2065-02-19,0.0501499932972104
2065-02-20,0.0475450860649543
2065-02-21,0.0412631287376581
2065-02-22,0.433818747978224
2065-02-23,0.288982213507023
2065-02-24,0.174968447961617
2065-02-25,0.234037873630545
2065-02-26,0.289308308041958
2065-02-27,0.231241169489908
2065-02-28,0.184593733066788
2065-03-01,0.066405110904718
2065-03-02,0.0992071721087744
2065-03-03,0.321498550336132
2065-03-04,0.0488924028905396
2065-03-05,0.125462550453745
2065-03-06,0.509756802814259
2065-03-07,0.410584852441971
2065-03-08,0.163002391099519
2065-03-09,0.0633345810067234
2065-03-10,0.140992009962842
2065-03-11,0.158801138388376
2065-03-12,0.17140315350891
2065-03-13,0.13878675611988
2065-03-14,0.132407433438634
2065-03-15,0.028650121330511
2065-03-16,0.0352434906860966
2065-03-17,0.358875935041907
2065-03-18,0.212303225153402
2065-03-19,0.0240967284036586
2065-03-20,0.0275037878291043
2065-03-21,0.0192766551445544
2065-03-22,0.0190358124332022
2065-03-23,0.0240799131752597
2065-03-24,0.0215315188095962
2065-03-25,0.0235656148355116
2065-03-26,0.0470288709705495
2065-03-27,0.124022422753461
2065-03-28,0.664659925839503
2065-03-29,0.189726780028521
2065-03-30,0.128857541836836
2065-03-31,0.153374349850167
2065-04-01,0.180233277348036
2065-04-02,0.18230699452299
2065-04-03,0.133662342789808
2065-04-04,0.13030520473636
2065-04-05,0.119290208725374
2065-04-06,0.10428942222413
2065-04-07,0.0892795646929516
2065-04-08,0.0756632752782379
2065-04-09,0.0630988058958293
2065-04-10,0.0515144080952034
2065-04-11,0.0421318879013644
2065-04-12,0.0352084763359336
2065-04-13,0.030184988112253
2065-04-14,0.0263178527739164
2065-04-15,0.0233597514515323
2065-04-16,0.089893871638649
2065-04-17,0.0198093460135764
2065-04-18,0.0182689354580164
2065-04-19,0.0168639001453229
2065-04-20,0.0155236139630088
2065-04-21,0.0143208638418309
2065-04-22,0.0135156487462366
2065-04-23,0.0130862960414749
2065-04-24,0.0128927251676601
2065-04-25,0.012781251625648
2065-04-26,0.0126644081997358
2065-04-27,0.0125203136526065
2065-04-28,0.0123676949732553
2065-04-29,0.015716092099154
2065-04-30,0.0228893401832995
2065-05-01,0.0238150943574667
2065-05-02,0.0152619505469356
2065-05-03,0.0148615553843206
2065-05-04,0.0147361609814194
2065-05-05,0.0145976298960528
2065-05-06,0.0144617485671516
2065-05-07,0.0143284606111305
2065-05-08,0.0141957981074004
2065-05-09,0.0140754361771273
2065-05-10,0.0910377079665186
2065-05-11,0.0292776675561566
2065-05-12,0.0161106293215581
2065-05-13,0.0138030313671134
2065-05-14,0.013651906506525
2065-05-15,0.0134751443458257
2065-05-16,0.0132763369729937
2065-05-17,0.0137171981814351
2065-05-18,0.0128615293164739
2065-05-19,0.0126294638488455
2065-05-20,0.0123914229417726
2065-05-21,0.0199089573148555
2065-05-22,0.0120991590229591
2065-05-23,0.0233635803312003
2065-05-24,0.011839086208321
2065-05-25,0.0116799264507868
2065-05-26,0.0114892242079422
2065-05-27,0.0113082948123684
2065-05-28,0.0161449089435689
2065-05-29,0.0109858944384974
2065-05-30,0.0108137696236569
2065-05-31,0.0106112950094034
2065-06-01,0.01265724907365
2065-06-02,0.0123528824626448
2065-06-03,0.0120955320615468
2065-06-04,0.0118751240283615
2065-06-05,0.0117584729652928
2065-06-06,0.0115712445274671
2065-06-07,0.0114026852820905
2065-06-08,0.0112192176642196
2065-06-09,0.011012070350538
2065-06-10,0.0107800108778683
2065-06-11,0.0105436319972547
2065-06-12,0.0103238232605384
2065-06-13,0.0101188643393417
2065-06-14,0.00990901366719817
2065-06-15,0.00972314149206341
2065-06-16,0.00957599368371743
2065-06-17,0.0094276248677949
2065-06-18,0.0092549780956455
2065-06-19,0.00907318661538444
2065-06-20,0.00890086346774755
2065-06-21,0.00874378626139138
2065-06-22,0.00860286084047631
2065-06-23,0.00847363939286681
2065-06-24,0.00836027236114578
2065-06-25,0.00825960576345187
2065-06-26,0.00816401565479679
2065-06-27,0.00807817968028342
2065-06-28,0.00800496132680046
2065-06-29,0.00794089253975522
2065-06-30,0.007884240835443
2065-07-01,0.0149061388840338
2065-07-02,0.0148268758938719
2065-07-03,0.0147643585327567
2065-07-04,0.0147141968445456
2065-07-05,0.0146691792191105
2065-07-06,0.0146280487112141
2065-07-07,0.0145948066395354
2065-07-08,0.0145691884227095
2065-07-09,0.0145482703008805
2065-07-10,0.0145313814696086
2065-07-11,0.0145186031703533
2065-07-12,0.0145080505432489
2065-07-13,0.0144988286088408
2065-07-14,0.0144902335552143
2065-07-15,0.0144826995443766
2065-07-16,0.0144767484297392
2065-07-17,0.0144721425990576
2065-07-18,0.0144684485896099
2065-07-19,0.0144649615992524
2065-07-20,0.0144614749443848
2065-07-21,0.0144579892542247
2065-07-22,0.0144545042749506
2065-07-23,0.0144510204506342
2065-07-24,0.0144475371418494
2065-07-25,0.0167831912196981
2065-07-26,0.0144405733501906
2065-07-27,0.014437092516514
2065-07-28,0.0144336129157511
2065-07-29,0.0144301335776264
2065-07-30,0.0144266556700901
2065-07-31,0.0144231781945607
2065-08-01,0.0186350354866187
2065-08-02,0.0186305435521669
2065-08-03,0.018626053695585
2065-08-04,0.0186215638557941
2065-08-05,0.0186170751343948
2065-08-06,0.0186125880135251
2065-08-07,0.0186081015349061
2065-08-08,0.0186036165422789
2065-08-09,0.0185991320503795
2065-08-10,0.0185946494330605
2065-08-11,0.0185901674867766
2065-08-12,0.0185856869671168
2065-08-13,0.0185812069116046
2065-08-14,0.0185767283312901
2065-08-15,0.0185722503284615
2065-08-16,0.018567774105465
2065-08-17,0.0185632988293535
2065-08-18,0.0185588244227691
2065-08-19,0.0185543511255813
2065-08-20,0.0185498786697361
2065-08-21,0.0185454077646474
2065-08-22,0.0185409377200907
2065-08-23,0.0185364687255629
2065-08-24,0.0185320011816463
2065-08-25,0.0185275344802714
2065-08-26,0.0185230683833678
2065-08-27,0.0185186037376749
2065-08-28,0.0185141401612006
2065-08-29,0.0185096780227441
2065-08-30,0.0185052162920659
2065-08-31,0.0185007563760008
2065-09-01,0.00969883435126757
2065-09-02,0.00969649666470648
2065-09-03,0.0096941594539063
2065-09-04,0.0096918227641478
2065-09-05,0.00968948679762132
2065-09-06,0.00968715132446503
2065-09-07,0.00968481639404718
2065-09-08,0.00973166881155198
2065-09-09,0.00968014847493268
2065-09-10,0.00967781524253818
2065-09-11,0.00967548258967271
2065-09-12,0.00967315035816855
2065-09-13,0.00967081881121937
2065-09-14,0.00966848801737493
2065-09-15,0.00966615747446062
2065-09-16,0.00966382771263705
2065-09-17,0.00966149844921464
2065-09-18,0.00965917000524577
2065-09-19,0.0292192200131831
2065-09-20,0.00965451415781892
2065-09-21,0.00965218727571702
2065-09-22,0.00964986091654334
2065-09-23,0.00964753484288918
2065-09-24,0.00964520962830901
2065-09-25,0.00964288473792549
2065-09-26,0.009640560279909
2065-09-27,0.00963823693535556
2065-09-28,0.00963591371029256
2065-09-29,0.00963359142700372
2065-09-30,0.00963126922704371
2065-10-01,0.00821647369331586
2065-10-02,0.00821449328970152
2065-10-03,0.008212513393216
2065-10-04,0.00821053400681089
2065-10-05,0.0082085550024965
2065-10-06,0.00820657646157444
2065-10-07,0.00820459846829789
2065-10-08,0.00820262089682371
2065-10-09,0.0082006439486619
2065-10-10,0.00819866727660355
2065-10-11,0.00819669121175821
2065-10-12,0.00819471569160682
2065-10-13,0.00819274052349408
2065-10-14,0.00819076578952655
2065-10-15,0.00818879157851889
2065-10-16,0.00818681806246556
2065-10-17,0.00818484469076955
2065-10-18,0.00818287183452038
2065-10-19,0.00818089949854783
2065-10-20,0.00817892776254358
2065-10-21,0.00817695659162577
2065-10-22,0.00817498547544567
2065-10-23,0.00817301541484487
2065-10-24,0.00817104531775227
2065-10-25,0.00816907597142501
2065-10-26,0.00816710708607519
2065-10-27,0.00816513845885128
2065-10-28,0.00816317055260895
2065-10-29,0.00816120288758822
2065-10-30,0.00815923594757394
2065-10-31,0.00815726928393144
2065-11-01,0.00907305125059353
2065-11-02,0.00907086450229454
2065-11-03,0.00906867810176841
2065-11-04,0.0629968236937432
2065-11-05,0.0144056030912422
2065-11-06,0.00906212258001484
2065-11-07,0.0110431867972618
2065-11-08,0.00930150564296527
2065-11-09,0.0362860297569625
2065-11-10,0.00905338901532905
2065-11-11,0.00929123643600665
2065-11-12,0.00904902546682601
2065-11-13,0.00904684453006524
2065-11-14,0.0090446644384075
2065-11-15,0.0105532696082456
2065-11-16,0.719672495388377
2065-11-17,1.1900276986173
2065-11-18,1.424611603874
2065-11-19,0.944080952163705
2065-11-20,0.0205802385487616
2065-11-21,0.0261980341765339
2065-11-22,0.926598732079167
2065-11-23,2.3994951438063
2065-11-24,2.18720169801048
2065-11-25,0.357848953301926
2065-11-26,0.692078989147301
2065-11-27,2.66961861325562
2065-11-28,2.31938560135275
2065-11-29,5.78377196232494
2065-11-30,2.26703328123895
2065-12-01,0.594490389379723
2065-12-02,1.02605871682175
2065-12-03,1.15334615967774
2065-12-04,0.885034610629998
2065-12-05,0.91619104424366
2065-12-06,0.918707219204613
2065-12-07,0.952608099772788
2065-12-08,0.883980068689711
2065-12-09,0.856955833505868
2065-12-10,0.809344018088497
2065-12-11,0.786214773975238
2065-12-12,0.754065449966083
2065-12-13,0.708476869989225
2065-12-14,0.680358376038742
2065-12-15,0.639776289104797
2065-12-16,0.613469924176576
2065-12-17,0.580972964122367
2065-12-18,0.566054837732005
2065-12-19,0.534256891270506
2065-12-20,0.499836779705393
2065-12-21,0.481277311908699
2065-12-22,0.473421959490309
2065-12-23,0.633192256499693
2065-12-24,0.516892922453588
2065-12-25,0.818170626819753
2065-12-26,0.602895550682126
2065-12-27,0.53709495215141
2065-12-28,0.555580434275878
2065-12-29,0.548346415763752
2065-12-30,0.535345414281113
2065-12-31,0.512704974795962
2066-01-01,0.365619243481213
2066-01-02,0.359260829572142
2066-01-03,0.330043042160788
2066-01-04,0.308771711359948
2066-01-05,0.284257649288178
2066-01-06,0.260951352650314
2066-01-07,0.240557155881595
2066-01-08,0.223653349114898
2066-01-09,0.208787928897653
2066-01-10,0.195540019803347
2066-01-11,0.185235627946104
2066-01-12,0.176179313682687
2066-01-13,0.166501856769771
2066-01-14,0.160572623869627
2066-01-15,0.150683716724942
2066-01-16,0.142490456858508
2066-01-17,0.150524433527776
2066-01-18,0.354756948128433
2066-01-19,0.127156661736312
2066-01-20,0.129161031560766
2066-01-21,0.221811978826368
2066-01-22,0.140714190637864
2066-01-23,0.150388968677776
2066-01-24,0.153254117813834
2066-01-25,0.15365373107305
2066-01-26,0.146271546331091
2066-01-27,0.216908701767667
2066-01-28,0.170980808856215
2066-01-29,0.16993991910484
2066-01-30,0.250602694892438
2066-01-31,0.164918347894552
2066-02-01,0.184249452899648
2066-02-02,0.241521175953379
2066-02-03,0.909414553119805
2066-02-04,2.51189531499082
2066-02-05,1.19591657140532
2066-02-06,1.17492889794176
2066-02-07,1.24915859880517
2066-02-08,1.46656613818798
2066-02-09,1.48681214627004
2066-02-10,1.54535317293177
2066-02-11,1.42437966705205
2066-02-12,1.31892049960106
2066-02-13,1.21953380370964
2066-02-14,1.46187462479123
2066-02-15,1.33805748769599
2066-02-16,1.48457468984856
2066-02-17,1.49390192600377
2066-02-18,1.58699408572801
2066-02-19,1.54157795567688
2066-02-20,1.38349286192843
2066-02-21,1.32227677081704
2066-02-22,1.66091827518161
2066-02-23,1.90328491340627
2066-02-24,2.21865257903411
2066-02-25,1.83437443780643
2066-02-26,1.8324882075429
2066-02-27,1.63075971711526
2066-02-28,1.56032700301974
2066-03-01,1.18968456562689
2066-03-02,1.07459082786581
2066-03-03,0.951675006061725
2066-03-04,0.840148479122696
2066-03-05,0.913510043260194
2066-03-06,0.811848764068723
2066-03-07,0.685170260797842
2066-03-08,0.655696681155633
2066-03-09,0.627767359650752
2066-03-10,0.699295847069076
2066-03-11,0.682014070462436
2066-03-12,0.561836932054208
2066-03-13,0.537630500919837
2066-03-14,0.50038079776868
2066-03-15,0.461024095940514
2066-03-16,0.522232506018405
2066-03-17,0.851524406312791
2066-03-18,0.869593669088754
2066-03-19,0.691380057653391
2066-03-20,0.679567129957155
2066-03-21,0.851857754793351
2066-03-22,1.13681543007292
2066-03-23,0.992623477448428
2066-03-24,1.11621847778386
2066-03-25,0.96390132674239
2066-03-26,0.919674023111162
2066-03-27,0.851467601139577
2066-03-28,0.769860557389316
2066-03-29,0.686254515563822
2066-03-30,0.647879619984214
2066-03-31,0.924926620335477
2066-04-01,1.98996526223943
2066-04-02,1.20145795036348
2066-04-03,1.15404114774893
2066-04-04,1.10227965634353
2066-04-05,0.95677553840991
2066-04-06,0.841487432261409
2066-04-07,0.727884127480775
2066-04-08,0.646360943327472
2066-04-09,0.562541555474737
2066-04-10,0.495789844997934
2066-04-11,0.434166587876966
2066-04-12,0.37740491057653
2066-04-13,0.324598942740953
2066-04-14,0.276151218300054
2066-04-15,0.238350870859447
2066-04-16,0.218100085897004
2066-04-17,0.196744275829091
2066-04-18,0.177108760373113
2066-04-19,0.15828769441488
2066-04-20,0.141301084100068
2066-04-21,0.134942629102112
2066-04-22,0.304300201389705
2066-04-23,0.117399071260618
2066-04-24,0.105375659002407
2066-04-25,0.122431884112092
2066-04-26,0.223164312894565
2066-04-27,0.113276090145835
2066-04-28,0.0999597638159168
2066-04-29,0.107757869501982
2066-04-30,0.0962637957210364
2066-05-01,0.109435178596706
2066-05-02,0.0952802565627283
2066-05-03,0.0805987260442269
2066-05-04,0.0669598769176482
2066-05-05,0.055360177169601
2066-05-06,0.300806279417859
2066-05-07,0.651790868316491
2066-05-08,0.583312887094514
2066-05-09,0.373036454031856
2066-05-10,0.366039894988014
2066-05-11,0.326400302129875
2066-05-12,0.326544321495724
2066-05-13,0.396235096857484
2066-05-14,0.676211312627665
2066-05-15,0.411886216687853
2066-05-16,0.402938630699693
2066-05-17,0.401619226945995
2066-05-18,0.387614664933208
2066-05-19,0.354195257041673
2066-05-20,0.325715716164018
2066-05-21,0.309106665783481
2066-05-22,0.289924874152643
2066-05-23,0.261300447816045
2066-05-24,0.229937375941276
2066-05-25,0.197528881045551
2066-05-26,0.163151785597035
2066-05-27,0.129550683230889
2066-05-28,0.100252957424692
2066-05-29,0.0755695104699874
2066-05-30,0.0565265674866482
2066-05-31,0.0421488155855919
2066-06-01,0.0373496226909483
2066-06-02,0.0275575458061448
2066-06-03,0.0227305492513804
2066-06-04,0.0212120837260344
2066-06-05,0.0208222257880197
2066-06-06,0.020627330661936
2066-06-07,0.0204424314334198
2066-06-08,0.0202518174037694
2066-06-09,0.0200349366723655
2066-06-10,0.0197859884281425
2066-06-11,0.0195341620042529
2066-06-12,0.0192918812886588
2066-06-13,0.0190209856238023
2066-06-14,0.0187048859266066
2066-06-15,0.0183654426156218
2066-06-16,0.0180368952529578
2066-06-17,0.0177533817417149
2066-06-18,0.017504797325628
2066-06-19,0.0172576999953435
2066-06-20,0.0169930599452585
2066-06-21,0.0167065158814396
2066-06-22,0.0163892048035674
2066-06-23,0.0160371183443657
2066-06-24,0.01566256093112
2066-06-25,0.0152811889790305
2066-06-26,0.0148924835149767
2066-06-27,0.0145021748125929
2066-06-28,0.0141278699425498
2066-06-29,0.0137666964366403
2066-06-30,0.0134056585731454
2066-07-01,0.0248245909674646
2066-07-02,0.0241442826662069
2066-07-03,0.0234401672224793
2066-07-04,0.0227223085469139
2066-07-05,0.022030897756604
2066-07-06,0.0213755211377559
2066-07-07,0.0207377109233491
2066-07-08,0.020120771143408
2066-07-09,0.0195443246562858
2066-07-10,0.0190086507436525
2066-07-11,0.0185037970984065
2066-07-12,0.018032312635613
2066-07-13,0.0175961966942289
2066-07-14,0.0171957617439051
2066-07-15,0.01683546326062
2066-07-16,0.0165186107563867
2066-07-17,0.0162349366489588
2066-07-18,0.0159758376543022
2066-07-19,0.0157443910984917
2066-07-20,0.0155427099063278
2066-07-21,0.0153684270813425
2066-07-22,0.015215853559936
2066-07-23,0.0150825847373598
2066-07-24,0.0149681403437836
2066-07-25,0.0148721891109845
2066-07-26,0.0147924441545178
2066-07-27,0.0147259951211319
2066-07-28,0.0146713551594048
2066-07-29,0.0146262022118133
2066-07-30,0.0145903566501862
2066-07-31,0.0145620279184151
2066-08-01,0.0187912829698901
2066-08-02,0.0187731109933585
2066-08-03,0.0187591750956264
2066-08-04,0.0187477336864612
2066-08-05,0.0187387965105635
2066-08-06,0.0187316145824705
2066-08-07,0.0187255989055093
2066-08-08,0.0187206848750153
2066-08-09,0.0187160040289035
2066-08-10,0.0187114924689251
2066-08-11,0.0737202392563099
2066-08-12,0.0187024732426507
2066-08-13,0.0186979654995964
2066-08-14,0.0190515929823321
2066-08-15,0.0186889531761677
2066-08-16,0.0186844481004628
2066-08-17,0.0186799444711713
2066-08-18,0.0186754422822964
2066-08-19,0.0186709409353635
2066-08-20,0.0186664410120564
2066-08-21,0.0186619416728317
2066-08-22,0.0186574437002637
2066-08-23,0.0186529467237541
2066-08-24,0.0186484505304184
2066-08-25,0.0186439555772084
2066-08-26,0.0186394619828593
2066-08-27,0.0206313224134959
2066-08-28,0.0186304777523522
2066-08-29,0.0186259873014936
2066-08-30,0.0186214982826561
2066-08-31,0.0187725087996628
2066-09-01,0.00982743983995519
2066-09-02,0.00975742669916485
2066-09-03,0.00975507494636762
2066-09-04,0.00975272353726286
2066-09-05,0.0097503730998048
2066-09-06,0.00974802281548323
2066-09-07,0.00974567346979121
2066-09-08,0.00974332441433537
2066-09-09,0.00974097602268088
2066-09-10,0.0097386280064782
2066-09-11,0.00973628074117912
2066-09-12,0.00973393407490498
2066-09-13,0.0149596093121735
2066-09-14,0.00972924236176772
2066-09-15,0.0097268972517004
2066-09-16,0.00972455280606334
2066-09-17,0.00972220902737207
2066-09-18,0.00971986577601136
2066-09-19,0.00971752304820779
2066-09-20,0.00971518068579369
2066-09-21,0.019785023177074
2066-09-22,0.0140013293947901
2066-09-23,0.00970815772097467
2066-09-24,0.00970581759712125
2066-09-25,0.00970347840120608
2066-09-26,0.00970113955024126
2066-09-27,0.00969880140301265
2066-09-28,0.00969646356300058
2066-09-29,0.00969412666161799
2066-09-30,0.00969179006304959
2066-10-01,0.00826810428525516
2066-10-02,0.00826611149401254
2066-10-03,0.00826411907949418
2066-10-04,0.00826212720913314
2066-10-05,0.00826013578740672
2066-10-06,0.00825814482343787
2066-10-07,0.00825615444065479
2066-10-08,0.00831569933312659
2066-10-09,0.00825217507895005
2066-10-10,0.00825018595245121
2066-10-11,0.00824819762313747
2066-10-12,0.00824620951921431
2066-10-13,0.00824422205362953
2066-10-14,0.0082422350962469
2066-10-15,0.00824024847104707
2066-10-16,0.00823826240020078
2066-10-17,0.0082362768676087
2066-10-18,0.00823429160790024
2066-10-19,0.00823230689878882
2066-10-20,0.00823032270002611
2066-10-21,0.00822833899229291
2066-10-22,0.00822635583220521
2066-10-23,0.00822437307728393
2066-10-24,0.00841944589592679
2066-10-25,0.00822040909875584
2066-10-26,0.00828081980103693
2066-10-27,0.00821644668508247
2066-10-28,0.00821446646580543
2066-10-29,0.00821248667611213
2066-10-30,0.0156222840119912
2066-10-31,0.184227968114221
2066-11-01,0.256095616304646
2066-11-02,0.00912805766969916
2066-11-03,0.00996056361923282
2066-11-04,0.0598425624701202
2066-11-05,0.00912366102665278
2066-11-06,0.00912267791874046
2066-11-07,0.00912183502120433
2066-11-08,0.00912103431045687
2066-11-09,0.00976850603288729
2066-11-10,0.00911936629359311
2066-11-11,0.00911848974239039
2066-11-12,0.00967158138398351
2066-11-13,0.00974614087349663
2066-11-14,0.0103789182219799
2066-11-15,0.00911457560508618
2066-11-16,0.00925637468536797
2066-11-17,0.00911236152333277
2066-11-18,0.0091399955144379
2066-11-19,0.00969286158129793
2066-11-20,0.00958148733770505
2066-11-21,0.00910741240443537
2066-11-22,0.0111988782809995
2066-11-23,0.0182943827514738
2066-11-24,0.0189034347220902
2066-11-25,0.0117302505111379
2066-11-26,0.00910088285220991
2066-11-27,0.00909952242924914
2066-11-28,0.0090981144673799
2066-11-29,0.00909665913795103
2066-11-30,0.00909515126108742
2066-12-01,0.00769475842730059
2066-12-02,0.00769339171062473
2066-12-03,0.00769199052091912
2066-12-04,0.00769055995358621
2066-12-05,0.00768910750875937
2066-12-06,0.00768763728786878
2066-12-07,0.0277238245762289
2066-12-08,0.156781669380209
2066-12-09,0.224423239445211
2066-12-10,0.545003283709286
2066-12-11,0.585441579068638
2066-12-12,0.158466960839416
2066-12-13,0.209625411152308
2066-12-14,0.0170306072099631
2066-12-15,0.0211137717432168
2066-12-16,0.0196605373184419
2066-12-17,0.101649739414389
2066-12-18,0.123091754715189
2066-12-19,0.0725762012965345
2066-12-20,0.058507450348927
2066-12-21,0.0273758222563074
2066-12-22,0.23380779945502
2066-12-23,0.0878364038971377
2066-12-24,0.0699012169639964
2066-12-25,0.0251748504515037
2066-12-26,0.523474259048206
2066-12-27,0.5259936947717
2066-12-28,0.0461849102991498
2066-12-29,0.297032572503043
2066-12-30,7.2713855903226
2066-12-31,1.21832408851166
2067-01-01,0.0900195186597578
2067-01-02,0.0361179902637988
2067-01-03,0.029376575849093
2067-01-04,0.183300457422106
2067-01-05,0.479386005150577
2067-01-06,0.831244045032324
2067-01-07,1.1458169076377
2067-01-08,3.19824586973298
2067-01-09,0.308861153756753
2067-01-10,0.255891979622064
2067-01-11,0.260978649309085
2067-01-12,0.303792098416796
2067-01-13,0.307765395831672
2067-01-14,0.372962179318178
2067-01-15,0.413940972951175
2067-01-16,0.34341473250702
2067-01-17,0.355677897147373
2067-01-18,0.352404127331483
2067-01-19,0.391590217137397
2067-01-20,0.346834043157701
2067-01-21,0.347027139491579
2067-01-22,0.74599382228853
2067-01-23,3.00502492432754
2067-01-24,7.06611993160202
2067-01-25,4.54654993187294
2067-01-26,2.67281205762797
2067-01-27,1.64620132597892
2067-01-28,1.84755635067053
2067-01-29,1.98114628112688
2067-01-30,1.91950590287342
2067-01-31,1.97119027243141
2067-02-01,1.9119055804244
2067-02-02,2.05748415105498
2067-02-03,1.81195874021288
2067-02-04,1.72964416794406
2067-02-05,1.7564301126517
2067-02-06,1.40962542322166
2067-02-07,1.35035585679068
2067-02-08,1.3087156876798
2067-02-09,1.25466562623653
2067-02-10,1.2134787824177
2067-02-11,1.13638413087621
2067-02-12,1.10500795921933
2067-02-13,1.08149982794328
2067-02-14,1.01839908894629
2067-02-15,1.03547261399652
2067-02-16,1.52847846016127
2067-02-17,2.24704785632957
2067-02-18,1.52094221029523
2067-02-19,1.39688438765264
2067-02-20,1.71914228981484
2067-02-21,2.85116812189701
2067-02-22,2.32073897139581
2067-02-23,2.5220738583661
2067-02-24,1.92619015129134
2067-02-25,1.75266871263501
2067-02-26,1.72048703428324
2067-02-27,2.13559268455514
2067-02-28,1.91916533024984
2067-03-01,1.47408813783981
2067-03-02,1.37980611133179
2067-03-03,1.07641104468948
2067-03-04,1.04385600736318
2067-03-05,0.981930505053493
2067-03-06,0.869916520561553
2067-03-07,0.779814672675085
2067-03-08,0.685420490646121
2067-03-09,0.859765581011971
2067-03-10,1.4782002129188
2067-03-11,1.58323994852741
2067-03-12,1.61319203587437
2067-03-13,1.09581194447664
2067-03-14,1.07996294392754
2067-03-15,1.02743920187574
2067-03-16,1.00073339654789
2067-03-17,1.41802574735118
2067-03-18,1.80738325114333
2067-03-19,1.52037963669946
2067-03-20,1.25986409148457
2067-03-21,1.89929887776143
2067-03-22,3.55182218341139
2067-03-23,5.10635178831346
2067-03-24,2.52497864784983
2067-03-25,1.37955772511798
2067-03-26,1.36902890905288
2067-03-27,1.39006299435028
2067-03-28,1.72902817188257
2067-03-29,1.4319456161418
2067-03-30,1.32999891753011
2067-03-31,1.31490448632581
2067-04-01,1.32206982172329
2067-04-02,1.18696016412072
2067-04-03,1.03873527965579
2067-04-04,0.901704432165725
2067-04-05,0.782976121273925
2067-04-06,0.682153024760632
2067-04-07,0.589644177598723
2067-04-08,0.503362441338939
2067-04-09,0.427053638416778
2067-04-10,0.365819262693546
2067-04-11,0.317374812981133
2067-04-12,0.274929476878857
2067-04-13,0.235445151440717
2067-04-14,0.198369491696552
2067-04-15,0.172817811990137
2067-04-16,0.140986004871115
2067-04-17,0.118153224900843
2067-04-18,0.098691103190109
2067-04-19,0.0817639866958155
2067-04-20,0.0671699647590833
2067-04-21,0.0560951822999615
2067-04-22,0.0484210080002537
2067-04-23,0.0497992115627416
2067-04-24,0.061367286417006
2067-04-25,0.0519013292575374
2067-04-26,0.0360957658685413
2067-04-27,0.0313717816534211
2067-04-28,0.026329238038648
2067-04-29,0.0270482917687648
2067-04-30,0.0219941976921258
2067-05-01,0.0240961164180961
2067-05-02,0.0246169989914261
2067-05-03,0.0298131753992541
2067-05-04,0.0327167256448562
2067-05-05,0.0516997275073313
2067-05-06,0.0518966974352296
2067-05-07,0.0776465698435452
2067-05-08,0.0463938631849084
2067-05-09,0.0515246673254973
2067-05-10,0.0196212833825857
2067-05-11,0.0252777597007675
2067-05-12,0.0179100153328146
2067-05-13,0.017332254684014
2067-05-14,0.0170130763202327
2067-05-15,0.01681790253614
2067-05-16,0.0166492467096242
2067-05-17,0.0164901163132731
2067-05-18,0.016328341422914
2067-05-19,0.0161394562856895
2067-05-20,0.0159260774670583
2067-05-21,0.0157036940007015
2067-05-22,0.01547335311162
2067-05-23,0.0152487493187552
2067-05-24,0.0150279193054678
2067-05-25,0.0147923525794578
2067-05-26,0.0145446496539687
2067-05-27,0.0142937881291197
2067-05-28,0.0140450481730905
2067-05-29,0.252112189276498
2067-05-30,0.372616323349376
2067-05-31,0.0137024388338252
2067-06-01,0.0320304370862644
2067-06-02,0.0164667580350556
2067-06-03,0.016266962140855
2067-06-04,0.0160311063829381
2067-06-05,0.0157839829347609
2067-06-06,0.0155465591179654
2067-06-07,0.0153141683820897
2067-06-08,0.0150662135109172
2067-06-09,0.0148113584914399
2067-06-10,0.0145497390236313
2067-06-11,0.0142702426109934
2067-06-12,0.0139783034019445
2067-06-13,0.0375526403099284
2067-06-14,0.0134197810738412
2067-06-15,0.0163031831473443
2067-06-16,0.0129397993012704
2067-06-17,0.0316435136064531
2067-06-18,0.0124683858466667
2067-06-19,0.0178867648128861
2067-06-20,0.01194675303462
2067-06-21,0.0116501192372999
2067-06-22,0.0113494714939209
2067-06-23,0.0110505689949131
2067-06-24,0.0107641722856844
2067-06-25,0.0104927141310565
2067-06-26,0.0102526830540737
2067-06-27,0.0100315940664946
2067-06-28,0.00980867704008341
2067-06-29,0.00958093589003864
2067-06-30,0.00935245462426139
2067-07-01,0.0173818007802378
2067-07-02,0.0170016183643339
2067-07-03,0.0166530296374826
2067-07-04,0.0163376141883151
2067-07-05,0.0160563712765763
2067-07-06,0.0158044858998833
2067-07-07,0.0155800806942265
2067-07-08,0.0153851468085255
2067-07-09,0.0152193718376287
2067-07-10,0.0150799810302478
2067-07-11,0.0149638614241323
2067-07-12,0.0148665937845678
2067-07-13,0.0147889607014212
2067-07-14,0.0147279775561299
2067-07-15,0.0146742749592732
2067-07-16,0.0146281441021815
2067-07-17,0.014591623903734
2067-07-18,0.0145617871545144
2067-07-19,0.014539706399094
2067-07-20,0.0145260918914438
2067-07-21,0.0145158641707825
2067-07-22,0.0145066914986379
2067-07-23,0.0144995552155093
2067-07-24,0.0144939246102162
2067-07-25,0.0144895125112749
2067-07-26,0.0144860089891064
2067-07-27,0.0144825183157841
2067-07-28,0.0144790285955688
2067-07-29,0.0144755393848527
2067-07-30,0.0144720508854866
2067-07-31,0.0144685631995559
2067-08-01,0.0186936739623581
2067-08-02,0.0186891693723889
2067-08-03,0.01868466503968
2067-08-04,0.0186801615201287
2067-08-05,0.0186756595093569
2067-08-06,0.018671158100058
2067-08-07,0.0221703063801678
2067-08-08,0.0186621589148842
2067-08-09,0.0186576604841653
2067-08-10,0.0186531640737478
2067-08-11,0.018648667676523
2067-08-12,0.018644172609375
2067-08-13,0.0186396789214767
2067-08-14,0.0186351866368154
2067-08-15,0.0186306948139029
2067-08-16,0.0186262042958808
2067-08-17,0.0186217149826034
2067-08-18,0.0186172262390162
2067-08-19,0.0186127391637217
2067-08-20,0.0186082527666584
2067-08-21,0.018603767835198
2067-08-22,0.0185992838380294
2067-08-23,0.0185948010869831
2067-08-24,0.0185903190645407
2067-08-25,0.018585838360781
2067-08-26,0.0185813584264029
2067-08-27,0.0185768800997505
2067-08-28,0.0185724025088979
2067-08-29,0.018567925698221
2067-08-30,0.0185634505558367
2067-08-31,0.0185589760808895
2067-09-01,0.00972935572746139
2067-09-02,0.00972701086455078
2067-09-03,0.00972466631168674
2067-09-04,0.00972232233049045
2067-09-05,0.00971997886058786
2067-09-06,0.00971763611831963
2067-09-07,0.00971529388042729
2067-09-08,0.00971295238148944
2067-09-09,0.00971061125737458
2067-09-10,0.00970827094233628
2067-09-11,0.00970593079458479
2067-09-12,0.00970359149270045
2067-09-13,0.00970125271531664
2067-09-14,0.00969891442627167
2067-09-15,0.00969657674757178
2067-09-16,0.00969423953174044
2067-09-17,0.00969190300675305
2067-09-18,0.00968956702701972
2067-09-19,0.00968723162870224
2067-09-20,0.00968489676651983
2067-09-21,0.00968256245808167
2067-09-22,0.00968022870464558
2067-09-23,0.0107295679503032
2067-09-24,0.0117408516194471
2067-09-25,0.024511066811437
2067-09-26,0.0120029652827476
2067-09-27,0.00966856843135483
2067-09-28,0.00966623823464852
2067-09-29,0.00966390827818113
2067-09-30,0.00966157909148434
2067-10-01,0.00824233120333464
2067-10-02,0.00824034449039346
2067-10-03,0.144741534698165
2067-10-04,0.00823637307290233
2067-10-05,0.00823438897261384
2067-10-06,0.0082324062362068
2067-10-07,0.00823042422400122
2067-10-08,0.00822844292982567
2067-10-09,0.00822646224796126
2067-10-10,0.00822448179792717
2067-10-11,0.0668382684893725
2067-10-12,0.00822052308200123
2067-10-13,0.00821854615289028
2067-10-14,0.142534218558099
2067-10-15,0.0796094266842546
2067-10-16,0.00821294282884953
2067-10-17,0.00821145733147105
2067-10-18,0.0448724221811583
2067-10-19,0.00904487613500641
2067-10-20,0.369821580937055
2067-10-21,0.00821447697839858
2067-10-22,0.00823009087023314
2067-10-23,0.783450677768587
2067-10-24,0.647933855482517
2067-10-25,0.00932916866951745
2067-10-26,0.00972158183067084
2067-10-27,0.0289468436590059
2067-10-28,0.00999288674982026
2067-10-29,0.0177288311919838
2067-10-30,0.010040334236077
2067-10-31,0.0100279151083952
2067-11-01,0.0111294843077939
2067-11-02,0.344880742150452
2067-11-03,0.327961802711779
2067-11-04,0.121531668233654
2067-11-05,0.0116696959079594
2067-11-06,0.0118413402445873
2067-11-07,0.011970577407847
2067-11-08,0.0120623639652439
2067-11-09,0.0122055060708877
2067-11-10,0.0128263739552859
2067-11-11,0.0121756324267233
2067-11-12,0.0121668632244238
2067-11-13,0.0249786493606813
2067-11-14,0.0121261708053084
2067-11-15,0.0121110565298093
2067-11-16,0.0121026671104022
2067-11-17,0.0127644888800024
2067-11-18,0.0120861303232919
2067-11-19,0.0120618900466556
2067-11-20,0.0120337377551745
2067-11-21,0.0820522408360135
2067-11-22,0.0563863491309849
2067-11-23,0.0120418187146793
2067-11-24,0.0120225918193952
2067-11-25,0.0119948286084318
2067-11-26,0.0142635723446798
2067-11-27,0.0580936641939605
2067-11-28,0.0119652819710607
2067-11-29,0.0119355359759555
2067-11-30,0.0118897975111083
2067-12-01,0.0100299851744482
2067-12-02,0.0100049729248564
2067-12-03,0.019564759602574
2067-12-04,0.23054787752347
2067-12-05,0.00999732659194595
2067-12-06,0.0100263204428793
2067-12-07,0.0231511705515519
2067-12-08,0.190373705587274
2067-12-09,0.0324855071520328
2067-12-10,0.0299788161450768
2067-12-11,0.0803563848428581
2067-12-12,0.240300470877553
2067-12-13,0.652815612605204
2067-12-14,0.0451520666912491
2067-12-15,0.258944594343546
2067-12-16,0.177108759839992
2067-12-17,0.147185192299178
2067-12-18,0.256530975496808
2067-12-19,0.0137835215141569
2067-12-20,0.0132049352873363
2067-12-21,0.0133362280321573
2067-12-22,0.0134133482882733
2067-12-23,0.0134456508054051
2067-12-24,0.0134568286568868
2067-12-25,0.0138795007287912
2067-12-26,0.14045376069578
2067-12-27,0.601383056334124
2067-12-28,0.623399004246736
2067-12-29,0.170713158192706
2067-12-30,0.0250437836306446
2067-12-31,0.623192544609206
2068-01-01,0.627993428450055
2068-01-02,0.383622358709593
2068-01-03,0.588985443296885
2068-01-04,1.25243473561847
2068-01-05,0.249380095846819
2068-01-06,0.026315775183692
2068-01-07,0.0849881797021757
2068-01-08,0.318410603092798
2068-01-09,1.17598755946757
2068-01-10,0.960831137684209
2068-01-11,0.298681353038021
2068-01-12,0.510959227319042
2068-01-13,0.398021511766745
2068-01-14,0.436459261393534
2068-01-15,0.447799520349434
2068-01-16,0.417005535526488
2068-01-17,0.405399903879279
2068-01-18,0.388653865378645
2068-01-19,0.368032275672097
2068-01-20,0.690499691378704
2068-01-21,1.15291478550792
2068-01-22,1.7819624026201
2068-01-23,3.19427066209902
2068-01-24,3.72137766517569
2068-01-25,2.38843101385045
2068-01-26,1.67934813875713
2068-01-27,1.96804989356995
2068-01-28,1.72844805235645
2068-01-29,1.60564578741268
2068-01-30,2.22138153924497
2068-01-31,2.63357952644466
2068-02-01,1.71617477255954
2068-02-02,2.13722148849689
2068-02-03,4.50171312450345
2068-02-04,6.30540307922561
2068-02-05,1.8702233940165
2068-02-06,2.0489868912915
2068-02-07,2.16128503252489
2068-02-08,2.01515917002886
2068-02-09,1.76609856323546
2068-02-10,1.72469085300566
2068-02-11,1.59627698995984
2068-02-12,1.45852977086096
2068-02-13,1.35605938927859
2068-02-14,1.25454859115663
2068-02-15,1.6227934163759
2068-02-16,1.36507853919558
2068-02-17,1.42110627131363
2068-02-18,1.28467710952643
2068-02-19,1.18660835055044
2068-02-20,1.17873599144626
2068-02-21,1.73452148631648
2068-02-22,1.34723769838169
2068-02-23,1.38673786816308
2068-02-24,1.31365575172172
2068-02-25,1.42611498988541
2068-02-26,1.65252718379861
2068-02-27,1.35458664403732
2068-02-28,1.32151823225845
2068-02-29,1.47680803614263
2068-03-01,1.11028815716432
2068-03-02,0.983693361844967
2068-03-03,1.06187139632203
2068-03-04,0.922397620089396
2068-03-05,0.965132399621128
2068-03-06,0.82738663453127
2068-03-07,0.804560801141146
2068-03-08,0.799570026260204
2068-03-09,0.692657968046235
2068-03-10,0.6328903619112
2068-03-11,0.631806510903168
2068-03-12,0.528040809556727
2068-03-13,0.483990101774308
2068-03-14,0.44151158021238
2068-03-15,0.402320941697191
2068-03-16,0.370839227696648
2068-03-17,0.345991483894691
2068-03-18,0.31678153913843
2068-03-19,0.522412316690633
2068-03-20,0.412469425500723
2068-03-21,0.317350858309828
2068-03-22,0.359407012781075
2068-03-23,0.328808750256561
2068-03-24,0.317449910140938
2068-03-25,0.302489282936873
2068-03-26,0.493188616819131
2068-03-27,0.759239481904728
2068-03-28,0.444514944912016
2068-03-29,0.462107428568922
2068-03-30,0.46941685809348
2068-03-31,0.546403934539962
2068-04-01,0.608603593559042
2068-04-02,0.710929185757146
2068-04-03,0.65533035886439
2068-04-04,0.667304743701424
2068-04-05,0.611631778617169
2068-04-06,0.735041997150342
2068-04-07,0.949824996616066
2068-04-08,1.1010167540717
2068-04-09,0.908344479960092
2068-04-10,0.868386281394848
2068-04-11,0.821408478810312
2068-04-12,0.760628234657467
2068-04-13,0.691682712849705
2068-04-14,0.623058898128346
2068-04-15,0.554364533638878
2068-04-16,0.490170794157509
2068-04-17,0.448777236299736
2068-04-18,0.406845773397623
2068-04-19,0.366845055115888
2068-04-20,0.332694704918944
2068-04-21,0.296289485153957
2068-04-22,0.28190359234729
2068-04-23,0.2358277476783
2068-04-24,0.212670590903476
2068-04-25,0.197596942553582
2068-04-26,0.180191965508941
2068-04-27,0.160282371169597
2068-04-28,0.149316313679244
2068-04-29,0.129285051565891
2068-04-30,0.114526840841974
2068-05-01,0.161516055745011
2068-05-02,0.114722558027799
2068-05-03,0.0963057549106037
2068-05-04,0.085750281538969
2068-05-05,0.0703814220093476
2068-05-06,0.0590308531938226
2068-05-07,0.047756057567126
2068-05-08,0.0375605328298598
2068-05-09,0.0307102395098154
2068-05-10,0.035108029240786
2068-05-11,0.118343197361464
2068-05-12,0.132450265193228
2068-05-13,0.0222488325951219
2068-05-14,0.0250111318298609
2068-05-15,0.0194815923466544
2068-05-16,0.0185078704719606
2068-05-17,0.158044170468512
2068-05-18,0.0357097480637554
2068-05-19,0.0179208232295032
2068-05-20,0.017693391616765
2068-05-21,0.017375481544398
2068-05-22,0.0170343431511612
2068-05-23,0.0319925767971054
2068-05-24,0.0908009326604215
2068-05-25,0.0971942435337528
2068-05-26,0.0678939784178818
2068-05-27,0.0173731654750928
2068-05-28,0.0174244750690156
2068-05-29,0.0171623748292945
2068-05-30,0.0399490621218344
2068-05-31,0.212274496079107
2068-06-01,0.365476609272194
2068-06-02,0.0818160273116279
2068-06-03,0.0262545077024976
2068-06-04,0.0263333148064795
2068-06-05,0.0250599976470943
2068-06-06,0.02347656149232
2068-06-07,0.0218659886354443
2068-06-08,0.0512947282992974
2068-06-09,0.0202596915571835
2068-06-10,0.0363405993390911
2068-06-11,0.0196229700172923
2068-06-12,0.0193906867299313
2068-06-13,0.0191341313129199
2068-06-14,0.0188751686743699
2068-06-15,0.0186137082669855
2068-06-16,0.0183624484322017
2068-06-17,0.0181041404882078
2068-06-18,0.0178338747862964
2068-06-19,0.017557847412111
2068-06-20,0.0172778111194537
2068-06-21,0.0169996246183446
2068-06-22,0.016718912194987
2068-06-23,0.0164335719370509
2068-06-24,0.0161429295815599
2068-06-25,0.0158274723540843
2068-06-26,0.0154953202925051
2068-06-27,0.0151570149800109
2068-06-28,0.0148118366385247
2068-06-29,0.0144813335610977
2068-06-30,0.0141614998501029
2068-07-01,0.0263235520784964
2068-07-02,0.0256909927565079
2068-07-03,0.0250522465363592
2068-07-04,0.0244217637512753
2068-07-05,0.0238008407760714
2068-07-06,0.0231880557905433
2068-07-07,0.0225748593384604
2068-07-08,0.0219443824743327
2068-07-09,0.0213172197364808
2068-07-10,0.0207127253936469
2068-07-11,0.0201347066439164
2068-07-12,0.0195996142044552
2068-07-13,0.0191111898347175
2068-07-14,0.0186487797877482
2068-07-15,0.0182012793276872
2068-07-16,0.0177771509237509
2068-07-17,0.0173820289133838
2068-07-18,0.0170196131314007
2068-07-19,0.0167015824338968
2068-07-20,0.0164264342139528
2068-07-21,0.016181733152058
2068-07-22,0.015950979821437
2068-07-23,0.0157389618525785
2068-07-24,0.0155412371120728
2068-07-25,0.0153690115293774
2068-07-26,0.0152201707620962
2068-07-27,0.015091808341793
2068-07-28,0.0149819398219223
2068-07-29,0.0148876708789685
2068-07-30,0.0148059232769043
2068-07-31,0.0147372917637228
2068-08-01,0.018973969228377
2068-08-02,0.0189158788725415
2068-08-03,0.0188684686974668
2068-08-04,0.0188340083721886
2068-08-05,0.0188099968794903
2068-08-06,0.0187908270438465
2068-08-07,0.0187754260918872
2068-08-08,0.0187615164124962
2068-08-09,0.0187489549576703
2068-08-10,0.0187378544193218
2068-08-11,0.0187280246150819
2068-08-12,0.0187196543774536
2068-08-13,0.0187126784949023
2068-08-14,0.0187063439845393
2068-08-15,0.018700936960361
2068-08-16,0.0186963656320877
2068-08-17,0.0186918590847831
2068-08-18,0.0186873540078789
2068-08-19,0.0186828496721715
2068-08-20,0.0186783465268167
2068-08-21,0.0186738443403404
2068-08-22,0.0186693434785438
2068-08-23,0.0186648433021744
2068-08-24,0.0186603444312949
2068-08-25,0.018655847103976
2068-08-26,0.018651349878002
2068-08-27,0.0186468546303521
2068-08-28,0.0186423602228452
2068-08-29,0.0186378665835207
2068-08-30,0.0186333741111614
2068-08-31,0.018628882992266
2068-09-01,0.00976600371154758
2068-09-02,0.00976364981137979
2068-09-03,0.0097612964797354
2068-09-04,0.0097589436122173
2068-09-05,0.00975659143994548
2068-09-06,0.00975423990914908
2068-09-07,0.00975188869626036
2068-09-08,0.00974953825031212
2068-09-09,0.00974718819302262
2068-09-10,0.0097448389385207
2068-09-11,0.00974249008336875
2068-09-12,0.00974014192346299
2068-09-13,0.00973779411511097
2068-09-14,0.00973544721017014
2068-09-15,0.00973310068476904
2068-09-16,0.00973075450903488
2068-09-17,0.00972840910841698
2068-09-18,0.00972606421783486
2068-09-19,0.00972372002249903
2068-09-20,0.00972137644725608
2068-09-21,0.00971903321381897
2068-09-22,0.00971669048381427
2068-09-23,0.0583811296404436
2068-09-24,0.0111010879786124
2068-09-25,0.00970966613950848
2068-09-26,0.00970732600653606
2068-09-27,0.00970498616883106
2068-09-28,0.00970264698046266
2068-09-29,0.00970030830967692
2068-09-30,0.00969797044356558
2068-10-01,0.00827337656578145
2068-10-02,0.00827138254159858
2068-10-03,0.00826938886140471
2068-10-04,0.00826739587992169
2068-10-05,0.00826540303420966
2068-10-06,0.00826341091001588
2068-10-07,0.00826141926021563
2068-10-08,0.00825942801102036
2068-10-09,0.0082574371573319
2068-10-10,0.00825544686443673
2068-10-11,0.00825345715997201
2068-10-12,0.0082514679028003
2068-10-13,0.00824947901162
2068-10-14,0.00824749065413241
2068-10-15,0.00824550281772643
2068-10-16,0.00824351540661105
2068-10-17,0.00824152855602062
2068-10-18,0.00823954206766508
2068-10-19,0.00823755610334269
2068-10-20,0.00823557064346592
2068-10-21,0.00823358556594818
2068-10-22,0.00823160092311232
2068-10-23,0.00822961708094974
2068-10-24,0.00822763354896754
2068-10-25,0.00822565041946857
2068-10-26,0.00822366790201238
2068-10-27,0.00822168563194922
2068-10-28,0.00821970417678038
2068-10-29,0.00821772281203612
2068-10-30,0.00821574212534192
2068-10-31,0.00821376198441493
2068-11-01,0.00913588614491126
2068-11-02,0.00913368429312036
2068-11-03,0.00913148287686651
2068-11-04,0.0091292817970419
2068-11-05,0.00912708148082489
2068-11-06,0.00912488158253238
2068-11-07,0.0091226823341125
2068-11-08,0.00912048363615876
2068-11-09,0.00911828509253859
2068-11-10,0.0198101680759645
2068-11-11,0.0091138903898559
2068-11-12,0.0587525085394779
2068-11-13,0.0207055502047833
2068-11-14,0.0942285246213087
2068-11-15,0.030211207813339
2068-11-16,0.0104166249373316
2068-11-17,0.0235357873448335
2068-11-18,0.263126350562136
2068-11-19,0.143720434063823
2068-11-20,0.0150589389411824
2068-11-21,0.173600185738245
2068-11-22,0.0201581955446427
2068-11-23,0.0091252568676619
2068-11-24,1.48063779390595
2068-11-25,24.8325004747408
2068-11-26,3.20561843039954
2068-11-27,0.0767994028509608
2068-11-28,0.025174929489306
2068-11-29,0.0161816537674224
2068-11-30,0.0163122631420981
2068-12-01,0.0138617585500312
2068-12-02,0.0138916635913879
2068-12-03,0.0138992584923588
2068-12-04,0.0138876015295696
2068-12-05,0.0138633893238406
2068-12-06,0.0138406130859851
2068-12-07,0.0138072456555027
2068-12-08,0.0159581270821056
2068-12-09,0.013727358943927
2068-12-10,0.0136782334220641
2068-12-11,0.0136337389804556
2068-12-12,0.0136055368285648
2068-12-13,0.0138396044044372
2068-12-14,0.0136169530348503
2068-12-15,0.0168879944622376
2068-12-16,0.0135352101680836
2068-12-17,0.0135223164036996
2068-12-18,0.013506535396143
2068-12-19,0.175126476501732
2068-12-20,0.456912941453387
2068-12-21,0.128780012270708
2068-12-22,0.01756425326517
2068-12-23,0.0234977290104243
2068-12-24,0.014297798810928
2068-12-25,0.312924164410309
2068-12-26,0.0258749096065538
2068-12-27,0.014614269333504
2068-12-28,0.014709937651293
2068-12-29,0.0538111568709032
2068-12-30,0.0148348753668113
2068-12-31,0.0148654654210214
2069-01-01,0.084344806814181
2069-01-02,0.30193272166088
2069-01-03,0.0139301282769334
2069-01-04,0.011543864463866
2069-01-05,0.0116171841297977
2069-01-06,0.0116601266076769
2069-01-07,0.0116870863021159
2069-01-08,0.0117033232700614
2069-01-09,0.0117127302394709
2069-01-10,0.0117143430369656
2069-01-11,0.0117120410287241
2069-01-12,0.24434242720301
2069-01-13,0.590807004820772
2069-01-14,0.0157734532955213
2069-01-15,0.206812644374177
2069-01-16,0.503813431466012
2069-01-17,0.31511158555207
2069-01-18,0.0437202372470146
2069-01-19,0.0264908973133644
2069-01-20,0.1445156849429
2069-01-21,0.222828335681559
2069-01-22,0.486539313391046
2069-01-23,0.550779726637251
2069-01-24,0.378298682968287
2069-01-25,0.13713104400253
2069-01-26,0.0991032104039625
2069-01-27,0.18309876742542
2069-01-28,0.394185285113108
2069-01-29,0.537191444488818
2069-01-30,0.189030048378919
2069-01-31,0.226823755340353
2069-02-01,0.361889563329945
2069-02-02,0.265185708575214
2069-02-03,0.259620681433571
2069-02-04,0.745807220724791
2069-02-05,0.634620781415512
2069-02-06,0.597705484765909
2069-02-07,0.942946963411438
2069-02-08,1.10196045184423
2069-02-09,0.989162643413848
2069-02-10,0.963169992892682
2069-02-11,1.05294643123513
2069-02-12,1.1125594376458
2069-02-13,1.10784260207363
2069-02-14,1.06142079976454
2069-02-15,1.25306805190685
2069-02-16,1.61596164610513
2069-02-17,1.30519681218378
2069-02-18,1.27776376009034
2069-02-19,1.26532722449818
2069-02-20,1.24556450155974
2069-02-21,1.19967161481286
2069-02-22,1.12218591919546
2069-02-23,1.00801537822447
2069-02-24,0.923595055446082
2069-02-25,0.835578984873576
2069-02-26,0.756375911895368
2069-02-27,0.682136885708343
2069-02-28,0.617361156686918
2069-03-01,0.462817442543533
2069-03-02,0.426496726512115
2069-03-03,0.393886474223291
2069-03-04,0.376351024982947
2069-03-05,0.350650937636792
2069-03-06,0.479845503572171
2069-03-07,0.57135005879949
2069-03-08,0.534016496945218
2069-03-09,0.667158290414852
2069-03-10,1.35444298055417
2069-03-11,1.22106636579436
2069-03-12,1.17006073588806
2069-03-13,1.16158001260893
2069-03-14,1.14381717794589
2069-03-15,1.07728850865858
2069-03-16,1.00446056587514
2069-03-17,0.902830771455613
2069-03-18,1.0221616985112
2069-03-19,1.06271675142903
2069-03-20,1.37690860213514
2069-03-21,1.33533938278931
2069-03-22,1.25731055975426
2069-03-23,1.14674578751252
2069-03-24,1.09410007037249
2069-03-25,1.01443658572373
2069-03-26,1.19864663442907
2069-03-27,1.12642005134101
2069-03-28,0.944752917727647
2069-03-29,0.903696430091299
2069-03-30,0.840720863724929
2069-03-31,0.756603561304005
2069-04-01,0.71813103594622
2069-04-02,0.629070259385234
2069-04-03,0.555466662276474
2069-04-04,0.485059586509943
2069-04-05,0.425074608855033
2069-04-06,0.370074352404402
2069-04-07,0.320425437551943
2069-04-08,0.276086127180777
2069-04-09,0.340632326222698
2069-04-10,1.14697195218252
2069-04-11,1.12520213796123
2069-04-12,0.810043353558171
2069-04-13,0.764938027754788
2069-04-14,0.741485898746127
2069-04-15,0.774506377033465
2069-04-16,0.660997745397782
2069-04-17,0.610941775714094
2069-04-18,0.556582819970963
2069-04-19,0.500910196488794
2069-04-20,0.443612155083317
2069-04-21,0.385160222684284
2069-04-22,0.328560848106379
2069-04-23,0.277997530564222
2069-04-24,0.235551318190912
2069-04-25,0.22383637263714
2069-04-26,0.190956332906338
2069-04-27,0.171133769664536
2069-04-28,0.169744148243206
2069-04-29,0.157918176649047
2069-04-30,0.134051385069708
2069-05-01,0.149617013908662
2069-05-02,0.203296347358447
2069-05-03,0.184416208389119
2069-05-04,0.130566809314351
2069-05-05,0.109173642051215
2069-05-06,0.0916328958871542
2069-05-07,0.0742929602222502
2069-05-08,0.0650856367720841
2069-05-09,0.0484966431821512
2069-05-10,0.0398766819985623
2069-05-11,0.0332934726125206
2069-05-12,0.0293056815062419
2069-05-13,0.0251002341837115
2069-05-14,0.0218019267243591
2069-05-15,0.038943982117063
2069-05-16,0.0180727560813195
2069-05-17,0.0174505918636399
2069-05-18,0.0691574120104162
2069-05-19,0.0200413002849312
2069-05-20,0.0979106311827452
2069-05-21,0.24732513319188
2069-05-22,0.341101031252776
2069-05-23,0.0309762784063736
2069-05-24,0.0313893549268783
2069-05-25,0.103281601533835
2069-05-26,0.0394262433570842
2069-05-27,0.021094927271175
2069-05-28,0.0201161476149301
2069-05-29,0.0187104186870043
2069-05-30,0.0177552144329716
2069-05-31,0.0172763707416951
2069-06-01,0.020689583420848
2069-06-02,0.0204063728857441
2069-06-03,0.0201762721018547
2069-06-04,0.0199586700075641
2069-06-05,0.0197504910805379
2069-06-06,0.019530966063722
2069-06-07,0.0192838105398616
2069-06-08,0.0190182014585981
2069-06-09,0.0187421546472064
2069-06-10,0.0184733003153537
2069-06-11,0.0182228321428491
2069-06-12,0.0179741855450667
2069-06-13,0.0177148630382089
2069-06-14,0.0174614719426108
2069-06-15,0.0172049088332499
2069-06-16,0.016929747172769
2069-06-17,0.016657234196534
2069-06-18,0.0163981896327537
2069-06-19,0.0161477384619514
2069-06-20,0.0158928519223767
2069-06-21,0.0156296286850418
2069-06-22,0.0153553629276889
2069-06-23,0.0150593150844891
2069-06-24,0.0147668490802196
2069-06-25,0.0145025662980673
2069-06-26,0.0142538604789487
2069-06-27,0.0139978521157923
2069-06-28,0.0137028042741363
2069-06-29,0.0133690132796763
2069-06-30,0.0130350528393885
2069-07-01,0.026855899455903
2069-07-02,0.023653596038284
2069-07-03,0.023053645061435
2069-07-04,0.0224462544763429
2069-07-05,0.0218796226415134
2069-07-06,0.0213555308961306
2069-07-07,0.0208544495877163
2069-07-08,0.0203419096632911
2069-07-09,0.0198112378060723
2069-07-10,0.0193015674099981
2069-07-11,0.0188069767633618
2069-07-12,0.0183235333117814
2069-07-13,0.0178686036357765
2069-07-14,0.0174450050451327
2069-07-15,0.0170537093729458
2069-07-16,0.0166977236863695
2069-07-17,0.0163781352298162
2069-07-18,0.0160894975095713
2069-07-19,0.0158315687213907
2069-07-20,0.0156143942724529
2069-07-21,0.0154326718795947
2069-07-22,0.0152668425760357
2069-07-23,0.0151186944757221
2069-07-24,0.0149947348979936
2069-07-25,0.0148923319443766
2069-07-26,0.0148092516673021
2069-07-27,0.0357721861754785
2069-07-28,0.0167852740325378
2069-07-29,0.0146543084836054
2069-07-30,0.0146120623037461
2069-07-31,0.0145777887091435
2069-08-01,0.0188049579255362
2069-08-02,0.0187809982182744
2069-08-03,0.0187655990611389
2069-08-04,0.0187533856792129
2069-08-05,0.0187428687944432
2069-08-06,0.0187347269378094
2069-08-07,0.0187285975111113
2069-08-08,0.018723748237599
2069-08-09,0.0187191093974422
2069-08-10,0.0187145976395714
2069-08-11,0.0187100872333654
2069-08-12,0.0187055770736255
2069-08-13,0.0187010684148692
2069-08-14,0.0373972591724629
2069-08-15,0.0186920545862592
2069-08-16,0.0186875491705392
2069-08-17,0.0186830450399203
2069-08-18,0.0186785417074673
2069-08-19,0.0186740397872462
2069-08-20,0.0186695386633921
2069-08-21,0.018665038793456
2069-08-22,0.0186605399021877
2069-08-23,0.018656042008177
2069-08-24,0.0186515454070632
2069-08-25,0.0186470499993002
2069-08-26,0.018642555528228
2069-08-27,0.0186380619422743
2069-08-28,0.0186335701793292
2069-08-29,0.0186290786052814
2069-08-30,0.0186245886053775
2069-08-31,0.0186200995565563
2069-09-01,0.00976139876394046
2069-09-02,0.00975904618602971
2069-09-03,0.00975669419142144
2069-09-04,0.00975434233422718
2069-09-05,0.00975199120089402
2069-09-06,0.00974964072129981
2069-09-07,0.00974729076714945
2069-09-08,0.00974494141233843
2069-09-09,0.00974259269365726
2069-09-10,0.00974024443690125
2069-09-11,0.0430343030691051
2069-09-12,0.0101280592257387
2069-09-13,0.00973320317368024
2069-09-14,0.00973085702530317
2069-09-15,0.00972851165927464
2069-09-16,0.00972616691899906
2069-09-17,0.00972382267492361
2069-09-18,0.00972147897641681
2069-09-19,0.00971913561814345
2069-09-20,0.00971679341389709
2069-09-21,0.00971445118889719
2069-09-22,0.00971210966511787
2069-09-23,0.00970976892588831
2069-09-24,0.00970742872782498
2069-09-25,0.00970508893005492
2069-09-26,0.00970274978004925
2069-09-27,0.00970041092594
2069-09-28,0.0096980729265023
2069-09-29,0.00969573541540363
2069-09-30,0.00969339862250582
2069-10-01,0.00826947661267266
2069-10-02,0.00826748326519823
2069-10-03,0.00826549069907788
2069-10-04,0.00826349848767939
2069-10-05,0.00826150677053029
2069-10-06,0.00825951547169542
2069-10-07,0.00825752479831944
2069-10-08,0.00825553455157569
2069-10-09,0.00825354484335446
2069-10-10,0.00825155557222998
2069-10-11,0.00824956661074928
2069-10-12,0.00824757821972143
2069-10-13,0.00824559047615493
2069-10-14,0.00824360304491538
2069-10-15,0.00824161621418078
2069-10-16,0.00823962960937344
2069-10-17,0.00823764370569185
2069-10-18,0.00823565824796165
2069-10-19,0.00823367333626699
2069-10-20,0.00823168883269034
2069-10-21,0.00822970483087607
2069-10-22,0.0082277212022979
2069-10-23,0.00822573815329557
2069-10-24,0.00822375546894301
2069-10-25,0.00822177346827529
2069-10-26,0.00821979174371102
2069-10-27,0.00821781066124166
2069-10-28,0.00977863024455373
2069-10-29,0.00821384970026437
2069-10-30,0.00821187004795199
2069-10-31,0.0082098907975862
2069-11-01,0.00913158053088944
2069-11-02,0.0091293795116638
2069-11-03,0.00912717912022047
2069-11-04,0.00912497924939158
2069-11-05,0.0123347945018378
2069-11-06,0.00959574198197223
2069-11-07,0.011343122717959
2069-11-08,0.00911618514118175
2069-11-09,0.00911398821910857
2069-11-10,0.00911179141554681
2069-11-11,0.00910959517469045
2069-11-12,0.00910739961355836
2069-11-13,0.00910520446497754
2069-11-14,0.00910301003433112
2069-11-15,0.0091008159604132
2069-11-16,0.00909862239785567
2069-11-17,0.0133926757210241
2069-11-18,0.00909423719787983
2069-11-19,0.00909204518164288
2069-11-20,0.00908985389826629
2069-11-21,0.00908766297430479
2069-11-22,0.0090854728381309
2069-11-23,0.00910294103709066
2069-11-24,0.037307344980565
2069-11-25,0.0117489400331672
2069-11-26,0.0128503278652986
2069-11-27,0.0221194322924241
2069-11-28,0.0116757039250734
2069-11-29,0.00907015534446977
2069-11-30,0.0700551666220839
2069-12-01,0.125229420388489
2069-12-02,0.00894201909016801
2069-12-03,0.140169982105686
2069-12-04,0.00766585300529379
2069-12-05,0.00766433973921511
2069-12-06,0.00766295082576172
2069-12-07,0.00766164964330713
2069-12-08,0.00766041495797656
2069-12-09,0.015368060580098
2069-12-10,0.0131022086885684
2069-12-11,0.00956029965910393
2069-12-12,0.0156751041670743
2069-12-13,0.0147766113709645
2069-12-14,0.00765418848578938
2069-12-15,0.00765335713773607
2069-12-16,0.0460510306499194
2069-12-17,0.179982447427369
2069-12-18,0.0171122395139227
2069-12-19,0.00961111010946732
2069-12-20,0.0317526079697046
2069-12-21,0.159015054848705
2069-12-22,0.00820670686648418
2069-12-23,0.00783220434624205
2069-12-24,0.00956151177305449
2069-12-25,0.00800118182432937
2069-12-26,0.026483584333469
2069-12-27,0.0502317024158494
2069-12-28,0.0213334868934471
2069-12-29,0.0303746400311355
2069-12-30,0.069004016066615
2069-12-31,0.0851221593193513
2070-01-01,0.0511336872317627
2070-01-02,0.0175586869478759
2070-01-03,0.00830225992786989
2070-01-04,0.0195863899128833
2070-01-05,0.0636827602756879
2070-01-06,0.0835455308300001
2070-01-07,0.0882440727212062
2070-01-08,0.0978999834592987
2070-01-09,0.183269677498652
2070-01-10,0.175340227068133
2070-01-11,0.0833243237852473
2070-01-12,0.0391897050094488
2070-01-13,0.0494232523259599
2070-01-14,0.0910168528866189
2070-01-15,0.0718012178605563
2070-01-16,0.0608913155508334
2070-01-17,0.0379832869615167
2070-01-18,0.0186762811187627
2070-01-19,0.0142882090798551
2070-01-20,0.0147036569183139
2070-01-21,0.0598495870678117
2070-01-22,0.313676951357348
2070-01-23,1.1814605165082
2070-01-24,1.11197503824954
2070-01-25,0.815048684026846
2070-01-26,0.648479829629889
2070-01-27,0.31547611417535
2070-01-28,0.167610713853756
2070-01-29,0.122156499131057
2070-01-30,0.0639619970456926
2070-01-31,0.0548780555513321
2070-02-01,0.0365056531590659
2070-02-02,0.258447205089417
2070-02-03,0.0493694772056735
2070-02-04,0.0537062370554016
2070-02-05,0.0302652410991393
2070-02-06,0.0247682236375985
2070-02-07,0.0264958179875177
2070-02-08,0.0290145039778697
2070-02-09,0.0323252341107138
2070-02-10,0.0409502115881509
2070-02-11,0.027418125921386
2070-02-12,0.0956245506945212
2070-02-13,0.476262389682839
2070-02-14,0.305085593893413
2070-02-15,0.189573902474499
2070-02-16,0.052433398733041
2070-02-17,0.364387653587017
2070-02-18,0.369513657166518
2070-02-19,0.274634168836008
2070-02-20,0.125908342613188
2070-02-21,0.206816590842587
2070-02-22,0.149271523924916
2070-02-23,0.191913291334416
2070-02-24,0.198231329039563
2070-02-25,0.209288724377657
2070-02-26,0.248546631548878
2070-02-27,0.1778031813541
2070-02-28,0.180347713021284
2070-03-01,0.264578991029851
2070-03-02,0.237182687678595
2070-03-03,0.178231304717063
2070-03-04,0.194164236930417
2070-03-05,0.194357336147589
2070-03-06,0.316368331841499
2070-03-07,0.23934189388733
2070-03-08,0.248714561824046
2070-03-09,0.265160971411427
2070-03-10,0.234521206027382
2070-03-11,0.234244376262922
2070-03-12,0.231427391155254
2070-03-13,0.228756389571285
2070-03-14,0.290380097345277
2070-03-15,0.323519916343554
2070-03-16,0.671985855041289
2070-03-17,1.416097161094
2070-03-18,1.66672478533051
2070-03-19,1.38914406067147
2070-03-20,1.56400875878524
2070-03-21,1.65932829916981
2070-03-22,1.73241017512605
2070-03-23,1.42913687704329
2070-03-24,1.40922275498763
2070-03-25,1.52530877695967
2070-03-26,1.44509053102387
2070-03-27,1.45133604070396
2070-03-28,1.27738325891429
2070-03-29,1.20217850985882
2070-03-30,1.38157154326688
2070-03-31,1.08066694372006
2070-04-01,1.08249430685814
2070-04-02,0.978501258085902
2070-04-03,0.872878853243802
2070-04-04,0.773044280387988
2070-04-05,0.679492772963457
2070-04-06,0.594002458044551
2070-04-07,0.516940973743554
2070-04-08,0.449695516062558
2070-04-09,0.3905838394397
2070-04-10,0.339603096712207
2070-04-11,0.361259414761417
2070-04-12,0.350401000813304
2070-04-13,0.261505040294994
2070-04-14,0.23874632129361
2070-04-15,0.359801016948859
2070-04-16,0.699255360293605
2070-04-17,0.329347862034363
2070-04-18,0.348855399774478
2070-04-19,0.409069096836484
2070-04-20,0.370116055456126
2070-04-21,0.384410184955541
2070-04-22,0.351074331980618
2070-04-23,0.327748541231314
2070-04-24,0.29910352742537
2070-04-25,0.266055746284948
2070-04-26,0.231798914960982
2070-04-27,0.202152771055999
2070-04-28,0.176552176786661
2070-04-29,0.149119792412689
2070-04-30,0.121219924545466
2070-05-01,0.119099207077993
2070-05-02,0.097777401862676
2070-05-03,0.0997020104584441
2070-05-04,0.0798729582959448
2070-05-05,0.0695773835133658
2070-05-06,0.0583210428147172
2070-05-07,0.0461196064327992
2070-05-08,0.0347036603548213
2070-05-09,0.0262773814347451
2070-05-10,0.0212358560319411
2070-05-11,0.0188559045261531
2070-05-12,0.017766362141018
2070-05-13,0.0172593569636213
2070-05-14,0.0169888579436752
2070-05-15,0.0167965056136186
2070-05-16,0.0166229676421643
2070-05-17,0.0164697763021307
2070-05-18,0.14453584936114
2070-05-19,0.114228222101521
2070-05-20,0.0208374786716415
2070-05-21,0.0161594532913537
2070-05-22,0.0160412246862154
2070-05-23,0.0335272379410692
2070-05-24,0.0158462121315882
2070-05-25,0.0157150448882474
2070-05-26,0.0155555723489587
2070-05-27,0.0153843971416166
2070-05-28,0.0152079072772763
2070-05-29,0.0150266609940793
2070-05-30,0.0148268315523445
2070-05-31,0.0146121511320725
2070-06-01,0.0175519263077217
2070-06-02,0.0172725021070765
2070-06-03,0.0169730290727925
2070-06-04,0.016649254442818
2070-06-05,0.0163127821084543
2070-06-06,0.0159948758080828
2070-06-07,0.0156942084484807
2070-06-08,0.0153915165434399
2070-06-09,0.0151024283703558
2070-06-10,0.0148541714449555
2070-06-11,0.0146336618971449
2070-06-12,0.0143941689617202
2070-06-13,0.0141372348957515
2070-06-14,0.0139162275100021
2070-06-15,0.0402172972874526
2070-06-16,0.0135473003420425
2070-06-17,0.0132981384695159
2070-06-18,0.0130086527068316
2070-06-19,0.0127680660261207
2070-06-20,0.0125734539882574
2070-06-21,0.0123726766161006
2070-06-22,0.0121622549633342
2070-06-23,0.0350267291067968
2070-06-24,0.0117654475445184
2070-06-25,0.0201305795062969
2070-06-26,0.011327377109412
2070-06-27,0.0110642774072116
2070-06-28,0.0107913371577848
2070-06-29,0.0105473225958621
2070-06-30,0.0102932370381629
2070-07-01,0.0190718758497567
2070-07-02,0.0185804818940033
2070-07-03,0.0181275614583162
2070-07-04,0.0177078842687544
2070-07-05,0.0173109472449244
2070-07-06,0.0169406495351353
2070-07-07,0.0166021926623523
2070-07-08,0.016298213480834
2070-07-09,0.0160253629158137
2070-07-10,0.0157815559591507
2070-07-11,0.0155686116260573
2070-07-12,0.0153837123886564
2070-07-13,0.0152256360850086
2070-07-14,0.0150917760243227
2070-07-15,0.014978257202427
2070-07-16,0.0148841091486027
2070-07-17,0.0148050831577084
2070-07-18,0.014737819960353
2070-07-19,0.0146829964735747
2070-07-20,0.0146384642570442
2070-07-21,0.0146009613923785
2070-07-22,0.0145707912213968
2070-07-23,0.014549485319158
2070-07-24,0.0145343565965443
2070-07-25,0.0145221881279438
2070-07-26,0.014511446245546
2070-07-27,0.0145019137444528
2070-07-28,0.0144943255434085
2070-07-29,0.0144884375723359
2070-07-30,0.0144838532338903
2070-07-31,0.014480301829468
2070-08-01,0.0187088399764887
2070-08-02,0.0187043309303432
2070-08-03,0.01869982250486
2070-08-04,0.0186953154922085
2070-08-05,0.0186908092369451
2070-08-06,0.0186863038422137
2070-08-07,0.0186818000833926
2070-08-08,0.0186772973608079
2070-08-09,0.018672795311657
2070-08-10,0.0186682945835875
2070-08-11,0.0186637946308965
2070-08-12,0.0186592961695943
2070-08-13,0.0186547991571041
2070-08-14,0.018650302973963
2070-08-15,0.0186458070396865
2070-08-16,0.0186413130459546
2070-08-17,0.018636819991312
2070-08-18,0.018632327842177
2070-08-19,0.018627837200622
2070-08-20,0.0186233471833275
2070-08-21,0.0186188585188973
2070-08-22,0.0186143705902669
2070-08-23,0.0186098843880976
2070-08-24,0.0186053985193469
2070-08-25,0.0186009141557776
2070-08-26,0.0185964304908284
2070-08-27,0.0185919484791801
2070-08-28,0.0185874672285179
2070-08-29,0.0185829871142376
2070-08-30,0.0185785077225643
2070-08-31,0.0185740300285678
2070-09-01,0.00973724759217086
2070-09-02,0.0097349006391194
2070-09-03,0.00973255432754344
2070-09-04,0.00973020829048119
2070-09-05,0.00972786304520099
2070-09-06,0.00972551834391704
2070-09-07,0.0097231741010994
2070-09-08,0.009720830832444
2070-09-09,0.00971848784993702
2070-09-10,0.00971614535828452
2070-09-11,0.00971380347446137
2070-09-12,0.00971146213400575
2070-09-13,0.00970912141207079
2070-09-14,0.00970678147248438
2070-09-15,0.00970444180521055
2070-09-16,0.00970210270677453
2070-09-17,0.0096997641743463
2070-09-18,0.00969742645130912
2070-09-19,0.00969508904460739
2070-09-20,0.00969275232623399
2070-09-21,0.00969041616632159
2070-09-22,0.00968808024539021
2070-09-23,0.00968574539452792
2070-09-24,0.00968341076786768
2070-09-25,0.00968107679243076
2070-09-26,0.00967874351978681
2070-09-27,0.00967641048958283
2070-09-28,0.00967407833260307
2070-09-29,0.00967174655767851
2070-09-30,0.013386927996486
2070-10-01,0.00844243292627245
2070-10-02,0.00824702801631718
2070-10-03,0.00824504046996744
2070-10-04,0.0082430529974063
2070-10-05,0.00824106642667585
2070-10-06,0.00823908011648622
2070-10-07,0.00823709417148301
2070-10-08,0.00823510877117374
2070-10-09,0.00823312396492971
2070-10-10,0.00823113957324337
2070-10-11,0.00822915586953501
2070-10-12,0.00822717213872611
2070-10-13,0.689396428577883
2070-10-14,0.00847222450575523
2070-10-15,0.00823677743034362
2070-10-16,0.0471134963805346
2070-10-17,0.00825974559844776
2070-10-18,0.00827132768099033
2070-10-19,0.00828189675005061
2070-10-20,0.00829106324749498
2070-10-21,0.00829858622728572
2070-10-22,0.00830445052036726
2070-10-23,0.0083086402120168
2070-10-24,0.00831150544599205
2070-10-25,0.00831351828143524
2070-10-26,0.0718277250355973
2070-10-27,0.0250787188302432
2070-10-28,0.0633076559810182
2070-10-29,0.00832129333592447
2070-10-30,0.00832370549213404
2070-10-31,0.00832589262749329
2070-11-01,0.00926507746961796
2070-11-02,0.00926706271234977
2070-11-03,0.00926870078104448
2070-11-04,0.00927004479240974
2070-11-05,0.0123382888605792
2070-11-06,0.00927210946795606
2070-11-07,0.0221422652561682
2070-11-08,0.0092739427342452
2070-11-09,0.00927454941340753
2070-11-10,0.0092748048028723
2070-11-11,0.0217272384217968
2070-11-12,0.00927520055764393
2070-11-13,0.00927530757735428
2070-11-14,0.027766172456171
2070-11-15,0.0106558164640045
2070-11-16,0.00927580480299325
2070-11-17,0.00927607965699174
2070-11-18,0.00927611022816683
2070-11-19,0.207747425238196
2070-11-20,0.853321981059887
2070-11-21,0.14031005704655
2070-11-22,0.00993864028660742
2070-11-23,0.0569377208811377
2070-11-24,0.634343352269193
2070-11-25,0.0397278062427317
2070-11-26,0.0127033881432752
2070-11-27,0.0114854458689596
2070-11-28,0.121056573235709
2070-11-29,0.0262485215893829
2070-11-30,0.0119535383149272
2070-12-01,0.0101163655041102
2070-12-02,0.0234511888602073
2070-12-03,0.0102266591875285
2070-12-04,0.0104444721971413
2070-12-05,0.0200482895196584
2070-12-06,0.0103007380865232
2070-12-07,0.0103185543714102
2070-12-08,0.0103301966820124
2070-12-09,0.0218300518599276
2070-12-10,0.0103452360720784
2070-12-11,0.0234336235206081
2070-12-12,0.011290516225751
2070-12-13,0.0103754127611319
2070-12-14,0.0111533969498429
2070-12-15,0.015637751396298
2070-12-16,0.0104085170069536
2070-12-17,0.0103440009249992
2070-12-18,0.0103364125653005
2070-12-19,0.13986988748522
2070-12-20,0.24839316051873
2070-12-21,0.0545978136038535
2070-12-22,0.0249286337882022
2070-12-23,0.0133559643122833
2070-12-24,0.017832366595589
2070-12-25,0.0187691406710023
2070-12-26,0.0457142172700172
2070-12-27,0.0538551829451983
2070-12-28,0.031840233600119
2070-12-29,0.251356577248343
2070-12-30,2.34883745611533
2070-12-31,1.52408938980783
2071-01-01,0.713734078371465
2071-01-02,8.5001464059384
2071-01-03,5.0592467900711
2071-01-04,0.113663495442888
2071-01-05,0.196647154625478
2071-01-06,0.112792371239176
2071-01-07,0.0339458634951248
2071-01-08,0.0431120051421634
2071-01-09,0.0401867171963679
2071-01-10,0.0548873848807879
2071-01-11,0.0711196439373503
2071-01-12,0.0601896621103881
2071-01-13,0.0785373553156498
2071-01-14,0.102074316192378
2071-01-15,0.116291437418977
2071-01-16,0.0993215478325634
2071-01-17,0.129068580177264
2071-01-18,0.117877032987736
2071-01-19,0.440768915526377
2071-01-20,0.767030480522926
2071-01-21,0.887278059697191
2071-01-22,0.525985950156588
2071-01-23,0.603075285768306
2071-01-24,0.629777197103492
2071-01-25,0.60981264201589
2071-01-26,0.614048202513572
2071-01-27,0.619599180897636
2071-01-28,0.63753958726008
2071-01-29,0.637524078181337
2071-01-30,0.60013718599907
2071-01-31,0.583733247677687
2071-02-01,0.543020704412664
2071-02-02,0.507081639286381
2071-02-03,0.476078914661854
2071-02-04,0.438455802006309
2071-02-05,0.400592718321048
2071-02-06,0.372274073112514
2071-02-07,0.340938948837908
2071-02-08,0.379954854028149
2071-02-09,0.297508394357319
2071-02-10,0.284608423696308
2071-02-11,0.278159882988896
2071-02-12,0.254372411552074
2071-02-13,0.238845652908223
2071-02-14,0.223304192437571
2071-02-15,0.207466620078444
2071-02-16,0.188456215846206
2071-02-17,0.169972332040483
2071-02-18,0.158356514480023
2071-02-19,0.148001354034526
2071-02-20,0.145494794764494
2071-02-21,0.133206491226338
2071-02-22,0.12730037038162
2071-02-23,0.126555349381576
2071-02-24,0.124769405287762
2071-02-25,0.120239854133822
2071-02-26,0.113766709482051
2071-02-27,0.110770382684128
2071-02-28,0.107528945774954
2071-03-01,0.227661724423869
2071-03-02,0.154822703460104
2071-03-03,0.0926823854640819
2071-03-04,0.227572591725971
2071-03-05,0.378417008418184
2071-03-06,0.25028915407557
2071-03-07,0.198686952598196
2071-03-08,0.208946218758328
2071-03-09,0.209132521848483
2071-03-10,0.222552177503381
2071-03-11,0.207411800704286
2071-03-12,0.199497660300172
2071-03-13,0.187617499503665
2071-03-14,0.172738185863799
2071-03-15,0.157314225391918
2071-03-16,0.1430103364544
2071-03-17,0.130030284041753
2071-03-18,0.117927971891959
2071-03-19,0.10746315400513
2071-03-20,0.097273942091581
2071-03-21,0.0864535527338579
2071-03-22,0.0767018034217619
2071-03-23,0.0679912976048952
2071-03-24,0.0600127057388451
2071-03-25,0.0520134014947728
2071-03-26,0.044143238399432
2071-03-27,0.0875187080690103
2071-03-28,0.0336750875972169
2071-03-29,0.159321003296719
2071-03-30,0.24620472362214
2071-03-31,0.0993835524546677
2071-04-01,0.0545651947170018
2071-04-02,0.058331629954949
2071-04-03,0.057982528887047
2071-04-04,0.0724934899322173
2071-04-05,0.0528791117704518
2071-04-06,0.0475486151798364
2071-04-07,0.0412400283682467
2071-04-08,0.0536875810516017
2071-04-09,0.197028720406756
2071-04-10,0.103538189362719
2071-04-11,0.0359771951213793
2071-04-12,0.0334683197962466
2071-04-13,0.0293349440809927
2071-04-14,0.0569894125506013
2071-04-15,0.0569797099463299
2071-04-16,0.0253298903377642
2071-04-17,0.146978529157617
2071-04-18,0.204737370369032
2071-04-19,0.0504217759287
2071-04-20,0.0429331136803454
2071-04-21,0.118433745003986
2071-04-22,0.0762958459663741
2071-04-23,0.058494509027679
2071-04-24,0.0612083051753675
2071-04-25,0.054983074132786
2071-04-26,0.0559624984146747
2071-04-27,0.125975456541621
2071-04-28,0.200254334241777
2071-04-29,0.223058054999164
2071-04-30,0.101603412809416
2071-05-01,0.110558100808469
2071-05-02,0.111179753430005
2071-05-03,0.113039494541566
2071-05-04,0.0994299866452976
2071-05-05,0.0880579684114986
2071-05-06,0.0887338399113029
2071-05-07,0.06682330681174
2071-05-08,0.0706961815924758
2071-05-09,0.103368477052116
2071-05-10,0.0507524985821405
2071-05-11,0.045726069267404
2071-05-12,0.0407862977642836
2071-05-13,0.157769816254126
2071-05-14,0.0349381194363876
2071-05-15,0.031326972913174
2071-05-16,0.0277247348996244
2071-05-17,0.0310751937396331
2071-05-18,0.0263145753787212
2071-05-19,0.0213691406426172
2071-05-20,0.0196261883328394
2071-05-21,0.0180885509840291
2071-05-22,0.0169197664545464
2071-05-23,0.0162691338175451
2071-05-24,0.0159899390321926
2071-05-25,0.0157388238948283
2071-05-26,0.0154826749246143
2071-05-27,0.015223856150669
2071-05-28,0.0149789025610676
2071-05-29,0.0147569918413248
2071-05-30,0.0145520083271525
2071-05-31,0.0143681920804888
2071-06-01,0.048026729838311
2071-06-02,0.0172235264440317
2071-06-03,0.0170499584854597
2071-06-04,0.0167958381073181
2071-06-05,0.0165326536648872
2071-06-06,0.0162722183979573
2071-06-07,0.17326784886093
2071-06-08,0.0325739115693808
2071-06-09,0.0158781484907577
2071-06-10,0.0171561087728393
2071-06-11,0.0156143340097754
2071-06-12,0.0153628106839707
2071-06-13,0.0150487595067846
2071-06-14,0.0147235547148826
2071-06-15,0.0143988672034916
2071-06-16,0.0140771294945171
2071-06-17,0.0137699914938516
2071-06-18,0.0135117920646676
2071-06-19,0.0132718869036918
2071-06-20,0.0129831444078231
2071-06-21,0.0126574798602345
2071-06-22,0.0123192393107875
2071-06-23,0.0119780414694926
2071-06-24,0.0116389942569529
2071-06-25,0.0113131840351892
2071-06-26,0.0110096059802564
2071-06-27,0.0107231684440163
2071-06-28,0.0104434237299432
2071-06-29,0.0101691168333976
2071-06-30,0.00990656598399831
2071-07-01,0.0183775455537701
2071-07-02,0.0179368962377827
2071-07-03,0.01752681878929
2071-07-04,0.0171495555161955
2071-07-05,0.0168064245532927
2071-07-06,0.0164901575963691
2071-07-07,0.0162006482315484
2071-07-08,0.0159411481162334
2071-07-09,0.0157103658824366
2071-07-10,0.015506561106823
2071-07-11,0.0153298383286088
2071-07-12,0.0151771551405123
2071-07-13,0.0150473818741912
2071-07-14,0.0149386031146752
2071-07-15,0.0148454702663433
2071-07-16,0.0147681624664281
2071-07-17,0.014707785230782
2071-07-18,0.0146585149151606
2071-07-19,0.0146172186074959
2071-07-20,0.0145837525756461
2071-07-21,0.0145583150449678
2071-07-22,0.0145395965338014
2071-07-23,0.0145252889248563
2071-07-24,0.0145137187837363
2071-07-25,0.0145037617217726
2071-07-26,0.0144945665342173
2071-07-27,0.0144869837826801
2071-07-28,0.0144820388060266
2071-07-29,0.0144784600079011
2071-07-30,0.0144749703661059
2071-07-31,0.0144714818245135
2071-08-01,0.0186974446882407
2071-08-02,0.0186929383280344
2071-08-03,0.0186884325812944
2071-08-04,0.0186839279055719
2071-08-05,0.0186794246216925
2071-08-06,0.0186749226169175
2071-08-07,0.0186704211530483
2071-08-08,0.0186659210624321
2071-08-09,0.0186614218155572
2071-08-10,0.0186569240654682
2071-08-11,0.0186524267627359
2071-08-12,0.018647931070128
2071-08-13,0.018643436453335
2071-08-14,0.0186389424464103
2071-08-15,0.0186344498301293
2071-08-16,0.0186299584863562
2071-08-17,0.0186254680990629
2071-08-18,0.0186209784781529
2071-08-19,0.01861649042539
2071-08-20,0.0186120034070645
2071-08-21,0.0186075170004065
2071-08-22,0.0186030319765963
2071-08-23,0.0185985481545324
2071-08-24,0.0185940654544585
2071-08-25,0.0185895837576389
2071-08-26,0.0185851030262943
2071-08-27,0.0185806233749622
2071-08-28,0.0185761450237231
2071-08-29,0.0780010227278458
2071-08-30,0.0185671913861781
2071-08-31,0.0185627157940385
2071-09-01,0.00973131622393755
2071-09-02,0.00972897065949185
2071-09-03,0.00972662571608236
2071-09-04,0.00972428134465521
2071-09-05,0.00972193736031448
2071-09-06,0.00971959415549218
2071-09-07,0.0185241693821444
2071-09-08,0.0116324325565481
2071-09-09,0.0408697393111328
2071-09-10,0.0129264406806693
2071-09-11,0.00986083062737737
2071-09-12,0.00970554634702263
2071-09-13,0.00970320711620367
2071-09-14,0.00970086816430085
2071-09-15,0.00969852996141483
2071-09-16,0.00969619246132187
2071-09-17,0.00969385547566696
2071-09-18,0.00969151901073932
2071-09-19,0.009689183012768
2071-09-20,0.00968684767576799
2071-09-21,0.00968451286232511
2071-09-22,0.00968217841710176
2071-09-23,0.0096798449318904
2071-09-24,0.00967751180263512
2071-09-25,0.0096751791897046
2071-09-26,0.00967284720881617
2071-09-27,0.00967051575840275
2071-09-28,0.00966818497053286
2071-09-29,0.00966585475621745
2071-09-30,0.00966352493496303
2071-10-01,0.00824399109293199
2071-10-02,0.0082420040998625
2071-10-03,0.00824001744112239
2071-10-04,0.00823803151248685
2071-10-05,0.0218155292118486
2071-10-06,0.00823406078485194
2071-10-07,0.00823207610901246
2071-10-08,0.00823009209405041
2071-10-09,0.00822810830421064
2071-10-10,0.00822612515109932
2071-10-11,0.00822414256092783
2071-10-12,0.00822216017870602
2071-10-13,0.00822017853490672
2071-10-14,0.00821819727266152
2071-10-15,0.00821621634608732
2071-10-16,0.00821423608495201
2071-10-17,0.00821225618390503
2071-10-18,0.0082102768881928
2071-10-19,0.0082082978184078
2071-10-20,0.00820631948624037
2071-10-21,0.0082043414878657
2071-10-22,0.00820236412434118
2071-10-23,0.00820038732348821
2071-10-24,0.00819841061601136
2071-10-25,0.00819643477789823
2071-10-26,0.00819445927357784
2071-10-27,0.0176184474237111
2071-10-28,0.00840796654910212
2071-10-29,0.00818853544544802
2071-10-30,0.00818656175927846
2071-10-31,0.3704911476796
2071-11-01,0.593694439764649
2071-11-02,0.00912801045617464
2071-11-03,0.00918458258124836
2071-11-04,0.066006939729707
2071-11-05,0.00957325855532976
2071-11-06,0.0105389798171274
2071-11-07,0.00941374574456622
2071-11-08,0.0173110273618654
2071-11-09,0.00950107290069156
2071-11-10,0.00953718090031083
2071-11-11,0.009569089596938
2071-11-12,0.0095973692455283
2071-11-13,0.00962205300689587
2071-11-14,0.0122077275908012
2071-11-15,0.00965846768098424
2071-11-16,0.00966773956403123
2071-11-17,0.00967242784253461
2071-11-18,0.0096760304025186
2071-11-19,0.00967751049039011
2071-11-20,0.00967679120864353
2071-11-21,0.00967536583424966
2071-11-22,0.0096736490473913
2071-11-23,0.0096705262411168
2071-11-24,0.00966608476164069
2071-11-25,0.0152479506829404
2071-11-26,0.00966623759900778
2071-11-27,0.0100129794146967
2071-11-28,0.0161743801944114
2071-11-29,0.0167027909621966
2071-11-30,0.209680520371869
2071-12-01,0.363809740646002
2071-12-02,0.463303982968568
2071-12-03,0.418954840273102
2071-12-04,0.0206879944102358
2071-12-05,0.0148867766718124
2071-12-06,0.0160009393821249
2071-12-07,0.0142332516518685
2071-12-08,0.045965021252523
2071-12-09,0.973053142658522
2071-12-10,1.42466863599404
2071-12-11,0.0538972803596453
2071-12-12,0.0208813509699985
2071-12-13,0.0240517422531759
2071-12-14,0.108173625815015
2071-12-15,0.0392251454441882
2071-12-16,0.0186407528703962
2071-12-17,0.0295526033191208
2071-12-18,0.0263914980725
2071-12-19,0.030238269025133
2071-12-20,0.0364305420490656
2071-12-21,0.0427254206402965
2071-12-22,0.0356917248611524
2071-12-23,0.0319810320051644
2071-12-24,0.038477551896368
2071-12-25,0.0608961052538838
2071-12-26,0.0709109087943923
2071-12-27,0.0753010934922403
2071-12-28,0.08702673506871
2071-12-29,0.074673139449238
2071-12-30,0.218935438100392
2071-12-31,0.637449391393154
2072-01-01,0.991168682911281
2072-01-02,0.158434274344178
2072-01-03,0.0403348243119264
2072-01-04,0.0299781315635779
2072-01-05,0.0253518954773244
2072-01-06,0.0339807080479607
2072-01-07,0.0303322905460569
2072-01-08,0.0307003955345175
2072-01-09,0.0645926630083963
2072-01-10,0.0401513597723479
2072-01-11,0.0381947534563563
2072-01-12,0.0211457452919499
2072-01-13,0.013701696344461
2072-01-14,0.0136916940517936
2072-01-15,0.0136689488369057
2072-01-16,0.0136348412507482
2072-01-17,0.0135992229219271
2072-01-18,0.0135639530678784
2072-01-19,0.0135248242726368
2072-01-20,0.0134826981655812
2072-01-21,0.0134456952345343
2072-01-22,0.0134061378916043
2072-01-23,0.0133608465812841
2072-01-24,0.0133161778114956
2072-01-25,0.0132724514169413
2072-01-26,0.0132311709774253
2072-01-27,0.0145260132192867
2072-01-28,0.0132965285978
2072-01-29,0.025390747311199
2072-01-30,0.0316564713913048
2072-01-31,0.351164162503354
2072-02-01,0.325573416611438
2072-02-02,0.288608652986257
2072-02-03,0.0345867278567754
2072-02-04,0.0287052637884591
2072-02-05,0.118781192706807
2072-02-06,0.0315325456975748
2072-02-07,0.0165920436281689
2072-02-08,0.0194242136566002
2072-02-09,0.0149677955763294
2072-02-10,0.0189779012440628
2072-02-11,0.0164960347081063
2072-02-12,0.0145732024402112
2072-02-13,0.0145801037681203
2072-02-14,0.0145733093507644
2072-02-15,0.0145602371845228
2072-02-16,0.0145378001303145
2072-02-17,0.0145163669286876
2072-02-18,0.0190478429315757
2072-02-19,0.0145863380746067
2072-02-20,0.0145252819271462
2072-02-21,0.0145414371808999
2072-02-22,0.0145555732310133
2072-02-23,0.0812441415064501
2072-02-24,0.281473215475471
2072-02-25,0.233749986732534
2072-02-26,0.484550617721603
2072-02-27,0.305661428996851
2072-02-28,0.136752916864733
2072-02-29,0.0970188408029964
2072-03-01,0.0719802534477574
2072-03-02,0.224758871719749
2072-03-03,0.105932854328403
2072-03-04,0.0719074613735008
2072-03-05,0.104359770286068
2072-03-06,0.0958542451442306
2072-03-07,0.0901193391799753
2072-03-08,0.0934747695689074
2072-03-09,0.0929329318045158
2072-03-10,0.0935772503176074
2072-03-11,0.0934342550707404
2072-03-12,0.091826070187424
2072-03-13,0.0885040041546173
2072-03-14,0.0838071596722405
2072-03-15,0.0783614633199316
2072-03-16,0.0727074957008578
2072-03-17,0.0676138206138165
2072-03-18,0.0627057611975203
2072-03-19,0.0579994994928169
2072-03-20,0.052918760570736
2072-03-21,0.0467657826816122
2072-03-22,0.0408247763812447
2072-03-23,0.0357154540216301
2072-03-24,0.0985534969967482
2072-03-25,0.247526172476995
2072-03-26,0.181240080381372
2072-03-27,0.111438276904704
2072-03-28,0.0749298011448368
2072-03-29,0.0670303604746184
2072-03-30,0.0732022569418244
2072-03-31,0.0871900859451344
2072-04-01,0.186137207477174
2072-04-02,0.0930140161621451
2072-04-03,0.0912476102725797
2072-04-04,0.102311422160093
2072-04-05,0.182616806503909
2072-04-06,0.117107345476772
2072-04-07,0.103171304285844
2072-04-08,0.0997041856690578
2072-04-09,0.0917725700216287
2072-04-10,0.0818402107986698
2072-04-11,0.0714187489883502
2072-04-12,0.0604078710889519
2072-04-13,0.0492021471759405
2072-04-14,0.0393269500883193
2072-04-15,0.250911193535997
2072-04-16,0.356899912640233
2072-04-17,0.0405303756212786
2072-04-18,0.0491875765495055
2072-04-19,0.0508147974138971
2072-04-20,0.0485547451827478
2072-04-21,0.0446151184581713
2072-04-22,0.0635566387969336
2072-04-23,0.0367294386733712
2072-04-24,0.0331939162013039
2072-04-25,0.0388426995760698
2072-04-26,0.0352866829884414
2072-04-27,0.0372160903287896
2072-04-28,0.0284089412207305
2072-04-29,0.0247606619993683
2072-04-30,0.0217812135907157
2072-05-01,0.0237401887827793
2072-05-02,0.0209140530877958
2072-05-03,0.0188661607145641
2072-05-04,0.0174533387671314
2072-05-05,0.0165880902067649
2072-05-06,0.0161101940098425
2072-05-07,0.0158448823909634
2072-05-08,0.0156008921911055
2072-05-09,0.0251167566161413
2072-05-10,0.0152347683251451
2072-05-11,0.0285533273388301
2072-05-12,0.014997016942438
2072-05-13,0.0148830806069429
2072-05-14,0.0147103058574232
2072-05-15,0.0145107804980258
2072-05-16,0.0143130176033472
2072-05-17,0.0141355210982175
2072-05-18,0.0139804507680823
2072-05-19,0.0138233081755596
2072-05-20,0.0136469657700415
2072-05-21,0.0134485117099669
2072-05-22,0.0132381850077486
2072-05-23,0.0130279939588292
2072-05-24,0.0128239213366481
2072-05-25,0.012615869268185
2072-05-26,0.0124160260974136
2072-05-27,0.0122254737241838
2072-05-28,0.0120219272673191
2072-05-29,0.011820657878606
2072-05-30,0.0117700816153483
2072-05-31,0.033413556552307
2072-06-01,0.0200076513698742
2072-06-02,0.0138885781764565
2072-06-03,0.0136625082320402
2072-06-04,0.0469368918499546
2072-06-05,0.013276192265415
2072-06-06,0.0130746685343815
2072-06-07,0.0128235604578994
2072-06-08,0.012539478441536
2072-06-09,0.0122517930793695
2072-06-10,0.0120033523107163
2072-06-11,0.0117918166101288
2072-06-12,0.0115709350208794
2072-06-13,0.0113210756297987
2072-06-14,0.0110467359736969
2072-06-15,0.0107720187895648
2072-06-16,0.0105054154655325
2072-06-17,0.0102505510786563
2072-06-18,0.0100046046121585
2072-06-19,0.00977398988517455
2072-06-20,0.00955891109568493
2072-06-21,0.00935800819287031
2072-06-22,0.00918263987524224
2072-06-23,0.00902509899775932
2072-06-24,0.00886620017912167
2072-06-25,0.00871004226463592
2072-06-26,0.0085639301416532
2072-06-27,0.0084279991662591
2072-06-28,0.00830534248100018
2072-06-29,0.00819726512444557
2072-06-30,0.00810499161865352
2072-07-01,0.0152663494290537
2072-07-02,0.0151300921100596
2072-07-03,0.0150136522725506
2072-07-04,0.0149142922556673
2072-07-05,0.0148308140819787
2072-07-06,0.0147616087928682
2072-07-07,0.01470460899736
2072-07-08,0.0146567714928338
2072-07-09,0.0146165905759329
2072-07-10,0.0145840028594793
2072-07-11,0.0145586396043205
2072-07-12,0.0145387340453627
2072-07-13,0.014524018176274
2072-07-14,0.0145132939699724
2072-07-15,0.0145039723440152
2072-07-16,0.0144951094330088
2072-07-17,0.0144872992777726
2072-07-18,0.0144812133588304
2072-07-19,0.0144768352835786
2072-07-20,0.0144733324050124
2072-07-21,0.0144698439604012
2072-07-22,0.0144663563046322
2072-07-23,0.0144628693745979
2072-07-24,0.0144593833670448
2072-07-25,0.0144558981242046
2072-07-26,0.0144524135968907
2072-07-27,0.0144489302676887
2072-07-28,0.0144454477180484
2072-07-29,0.0144419658950709
2072-07-30,0.0144384848196374
2072-07-31,0.0144350047650583
2072-08-01,0.0186503153278443
2072-08-02,0.0186458199872449
2072-08-03,0.018641325596529
2072-08-04,0.0186368324963111
2072-08-05,0.0186323406296225
2072-08-06,0.0186278495467075
2072-08-07,0.0186233596703365
2072-08-08,0.0186188707666363
2072-08-09,0.0186143830257038
2072-08-10,0.0186098963330013
2072-08-11,0.0186054106021756
2072-08-12,0.0186009260335179
2072-08-13,0.0185964430671888
2072-08-14,0.0185919604804531
2072-08-15,0.0185874795044415
2072-08-16,0.0185829992090598
2072-08-17,0.0185785204506421
2072-08-18,0.0185740422019473
2072-08-19,0.018569565415857
2072-08-20,0.0185650893343835
2072-08-21,0.0185606148642337
2072-08-22,0.0185561409631743
2072-08-23,0.0185516686578472
2072-08-24,0.0185471968202657
2072-08-25,0.0185427266821599
2072-08-26,0.0185382569650251
2072-08-27,0.0185337889707533
2072-08-28,0.0185293216493157
2072-08-29,0.0185248555320232
2072-08-30,0.0185203899334485
2072-08-31,0.0185159265674596
2072-09-01,0.009706787055522
2072-09-02,0.00970444755050374
2072-09-03,0.00970210841905057
2072-09-04,0.00969976994039312
2072-09-05,0.00969743210100987
2072-09-06,0.00969509496599191
2072-09-07,0.00969275791147274
2072-09-08,0.00969042191916156
2072-09-09,0.00968808612086513
2072-09-10,0.00968575089549444
2072-09-11,0.00968341661504228
2072-09-12,0.0096810824867832
2072-09-13,0.00967874912326357
2072-09-14,0.00967641615877939
2072-09-15,0.00967408379049004
2072-09-16,0.00967175213631388
2072-09-17,0.014752549984162
2072-09-18,0.00966709052063908
2072-09-19,0.00966476043933552
2072-09-20,0.00966243076933095
2072-09-21,0.00966010213795055
2072-09-22,0.00965777342701467
2072-09-23,0.00965544591915973
2072-09-24,0.00965311864179572
2072-09-25,0.00965079185308505
2072-09-26,0.00964846582691262
2072-09-27,0.00964614032209627
2072-09-28,0.0304648382298494
2072-09-29,0.00964149086080912
2072-09-30,0.00963916718482676
2072-10-01,0.00822321130869002
2072-10-02,0.00822122928279999
2072-10-03,0.00821924799586917
2072-10-04,0.00821726687261482
2072-10-05,0.00821528610408236
2072-10-06,0.00821330591512571
2072-10-07,0.116908601847378
2072-10-08,0.0593416359107712
2072-10-09,0.00820737004550317
2072-10-10,0.00820539528041029
2072-10-11,0.00820342198518608
2072-10-12,0.00820144998112803
2072-10-13,0.00819947891700243
2072-10-14,0.00819750799884407
2072-10-15,0.00819553744372557
2072-10-16,0.00819356751084611
2072-10-17,0.00819159769897994
2072-10-18,0.0229836043742252
2072-10-19,0.00818765937795159
2072-10-20,0.00818569073918982
2072-10-21,0.00818372300091715
2072-10-22,0.00818175544403026
2072-10-23,0.00817978858021945
2072-10-24,0.00817782246771063
2072-10-25,0.00817585628436477
2072-10-26,0.0111141237146848
2072-10-27,0.0081780573185426
2072-10-28,0.00816996102100509
2072-10-29,0.00816799654150482
2072-10-30,0.00816603235018254
2072-10-31,0.0081640682248675
2072-11-01,0.00908061780447996
2072-11-02,0.00907843285892802
2072-11-03,0.00907624843160242
2072-11-04,0.0090740641269674
2072-11-05,0.00907188020174822
2072-11-06,0.00906969654668733
2072-11-07,0.00906751321671197
2072-11-08,0.0090653304709353
2072-11-09,0.00906314811741058
2072-11-10,0.0153795163786595
2072-11-11,0.00905878476712313
2072-11-12,0.00905660387215482
2072-11-13,0.308739372480216
2072-11-14,0.00905232928215908
2072-11-15,0.0996049787123569
2072-11-16,0.248611725206217
2072-11-17,0.203918172377401
2072-11-18,0.0963626097562681
2072-11-19,0.140651519219117
2072-11-20,0.0202960595302006
2072-11-21,0.329496184588911
2072-11-22,0.88899762938879
2072-11-23,0.114103662188887
2072-11-24,0.0587921673513746
2072-11-25,0.366195648591285
2072-11-26,0.0580779003492032
2072-11-27,0.0800741720756934
2072-11-28,0.149226990157895
2072-11-29,0.109799254574114
2072-11-30,0.0666575697685586
2072-12-01,0.0418358864554145
2072-12-02,0.0114633455376159
2072-12-03,0.0161789998713012
2072-12-04,0.0155494537620685
2072-12-05,0.0111330478942721
2072-12-06,0.0122673340471415
2072-12-07,0.0324830129292863
2072-12-08,0.0112100333566334
2072-12-09,0.0112075555992206
2072-12-10,0.0112075074515574
2072-12-11,0.0112232590991685
2072-12-12,0.0112397247619
2072-12-13,0.0112409106943429
2072-12-14,0.0112373159212454
2072-12-15,0.0112431591015575
2072-12-16,0.0112560212336263
2072-12-17,0.0876679897206934
2072-12-18,0.307667129989587
2072-12-19,1.62785096698143
2072-12-20,0.417861192568789
2072-12-21,0.0312332751644974
2072-12-22,0.0140865707698738
2072-12-23,0.0143673011700763
2072-12-24,0.249922861666008
2072-12-25,0.0549441006413567
2072-12-26,0.0146431801247292
2072-12-27,0.0180389938504407
2072-12-28,0.0148409935912501
2072-12-29,0.014901194414947
2072-12-30,0.144298049466499
2072-12-31,2.28424363579497
2073-01-01,1.81004476817309
2073-01-02,1.22692517198232
2073-01-03,0.233921211693123
2073-01-04,0.0677419408518181
2073-01-05,0.0291962565868138
2073-01-06,0.166266311012737
2073-01-07,0.785426443767204
2073-01-08,0.661020556645345
2073-01-09,0.371605381094188
2073-01-10,0.260033844869199
2073-01-11,0.305003196054985
2073-01-12,0.316420151798259
2073-01-13,0.313090360301104
2073-01-14,0.307488968903902
2073-01-15,0.298764013740879
2073-01-16,0.443612150568845
2073-01-17,0.645742756862035
2073-01-18,0.583187073283935
2073-01-19,0.485785196050642
2073-01-20,0.702026445316115
2073-01-21,0.703675991346685
2073-01-22,0.76211915162224
2073-01-23,2.02225758242433
2073-01-24,3.70645220270106
2073-01-25,3.00703163891989
2073-01-26,6.10576845612799
2073-01-27,5.24519624501667
2073-01-28,1.78722506010002
2073-01-29,1.69740677200757
2073-01-30,1.79519517116371
2073-01-31,1.77506840539441
2073-02-01,1.752563615767
2073-02-02,1.72528010930199
2073-02-03,1.64300001710691
2073-02-04,1.59771102659442
2073-02-05,1.60125275004448
2073-02-06,2.51938943935982
2073-02-07,2.5296899223608
2073-02-08,3.44142570933125
2073-02-09,3.22759925642551
2073-02-10,2.42023472588971
2073-02-11,3.58493562825135
2073-02-12,3.48148333077069
2073-02-13,1.63143329986097
2073-02-14,1.67158893296499
2073-02-15,1.63616392154011
2073-02-16,1.62723745225343
2073-02-17,1.66284703488895
2073-02-18,1.818813773157
2073-02-19,1.72559509799
2073-02-20,1.53329868617316
2073-02-21,1.43369478333323
2073-02-22,1.34732628449525
2073-02-23,1.2106367121062
2073-02-24,1.09281066354148
2073-02-25,0.983763245442957
2073-02-26,0.882921996531098
2073-02-27,0.789432170011434
2073-02-28,0.721938468087971
2073-03-01,0.520975913897745
2073-03-02,0.468689242411719
2073-03-03,0.479997788307799
2073-03-04,0.571917184181181
2073-03-05,0.539473472883002
2073-03-06,0.776087020923387
2073-03-07,2.30490671435938
2073-03-08,1.68980639989612
2073-03-09,1.28739725022069
2073-03-10,1.22655342079663
2073-03-11,1.1093055223354
2073-03-12,0.980524543497731
2073-03-13,0.859718625226313
2073-03-14,0.750641248967884
2073-03-15,0.653760500552537
2073-03-16,0.569070916754887
2073-03-17,0.496928358866457
2073-03-18,0.43589174829114
2073-03-19,0.381082395544695
2073-03-20,0.335607269554474
2073-03-21,0.294673165637266
2073-03-22,0.263664669359065
2073-03-23,0.23602349676124
2073-03-24,0.211885370116534
2073-03-25,0.205355154974895
2073-03-26,0.292057179558771
2073-03-27,0.178943505941208
2073-03-28,0.194705478897871
2073-03-29,0.164187430810063
2073-03-30,0.150107603951067
2073-03-31,0.140849897465694
2073-04-01,0.146699595757521
2073-04-02,0.13920025506019
2073-04-03,0.126450964385351
2073-04-04,0.116587135150178
2073-04-05,0.106680813558092
2073-04-06,0.0958335175789814
2073-04-07,0.084369651782513
2073-04-08,0.0787008724420911
2073-04-09,0.0658492737376709
2073-04-10,0.055945783590551
2073-04-11,0.0472495119379301
2073-04-12,0.0394989584553618
2073-04-13,0.0641273485161473
2073-04-14,0.187631326631864
2073-04-15,0.218860187827429
2073-04-16,0.581921218830983
2073-04-17,0.297125362862266
2073-04-18,0.159192732966581
2073-04-19,0.180263587125661
2073-04-20,0.180821565931705
2073-04-21,0.172676985326432
2073-04-22,0.276613549663685
2073-04-23,0.239587451214068
2073-04-24,0.231161105378859
2073-04-25,0.227453464209002
2073-04-26,0.2284177574019
2073-04-27,0.204214601199413
2073-04-28,0.192923533191413
2073-04-29,0.174981995353445
2073-04-30,0.154154568546263
2073-05-01,0.163854926223987
2073-05-02,0.138062778515904
2073-05-03,0.115560166429375
2073-05-04,0.113493826357271
2073-05-05,0.159525678287796
2073-05-06,0.0825848162510159
2073-05-07,0.071703427001208
2073-05-08,0.0590327399387876
2073-05-09,0.0477236002787871
2073-05-10,0.0380346726796449
2073-05-11,0.0299337729847174
2073-05-12,0.02427503369308
2073-05-13,0.0210073696729767
2073-05-14,0.0190945996289994
2073-05-15,0.0428174897296919
2073-05-16,0.0211459252023255
2073-05-17,0.0486578360072875
2073-05-18,0.0170191310081874
2073-05-19,0.0166863997589382
2073-05-20,0.0164780313573419
2073-05-21,0.016315925992346
2073-05-22,0.0196012049660591
2073-05-23,0.0160327980886587
2073-05-24,0.0295841227096301
2073-05-25,0.0390031821099917
2073-05-26,0.125889547986533
2073-05-27,0.0157929296666697
2073-05-28,0.0157336640374483
2073-05-29,0.015589841525268
2073-05-30,0.0154438695781285
2073-05-31,0.0152833805052388
2073-06-01,0.018430176238735
2073-06-02,0.0182212944124123
2073-06-03,0.0182248590325766
2073-06-04,0.0178333469038058
2073-06-05,0.0176196919438352
2073-06-06,0.0173801081221051
2073-06-07,0.0171088646742707
2073-06-08,0.0168074369715199
2073-06-09,0.0164877378059142
2073-06-10,0.0161654464375174
2073-06-11,0.0158448374093885
2073-06-12,0.0155210839692276
2073-06-13,0.0151868713545016
2073-06-14,0.0148515616092702
2073-06-15,0.0145309603247082
2073-06-16,0.0142229413368538
2073-06-17,0.0139007608787727
2073-06-18,0.0135516164857376
2073-06-19,0.0131910450576399
2073-06-20,0.0128262729740133
2073-06-21,0.0124626024860644
2073-06-22,0.0121007817033261
2073-06-23,0.0117473117928557
2073-06-24,0.0114045978567716
2073-06-25,0.0110717130059715
2073-06-26,0.0107569096638189
2073-06-27,0.0104615821864757
2073-06-28,0.0101770483087178
2073-06-29,0.00990463688808195
2073-06-30,0.0096485146440067
2073-07-01,0.0179016234938734
2073-07-02,0.0174783670472657
2073-07-03,0.0170937585086635
2073-07-04,0.0167430224690629
2073-07-05,0.0164226865910813
2073-07-06,0.0161377098742011
2073-07-07,0.0158846811692039
2073-07-08,0.0156659432323666
2073-07-09,0.0154797630888806
2073-07-10,0.0163939508631701
2073-07-11,0.0151995419184233
2073-07-12,0.0150909441220777
2073-07-13,0.0149930188229676
2073-07-14,0.014902131277355
2073-07-15,0.0148206387668848
2073-07-16,0.0147513632972736
2073-07-17,0.0146940770741135
2073-07-18,0.014646716142068
2073-07-19,0.0146084940691448
2073-07-20,0.0145923295550432
2073-07-21,0.014557333641361
2073-07-22,0.0145404362140299
2073-07-23,0.0145270337726674
2073-07-24,0.0145153776574989
2073-07-25,0.0145055172319451
2073-07-26,0.014497104095988
2073-07-27,0.0144901284665929
2073-07-28,0.0144850053675288
2073-07-29,0.0144810022229124
2073-07-30,0.014477454579875
2073-07-31,0.0144739650619744
2073-08-01,0.0187006529584161
2073-08-02,0.0186961456968999
2073-08-03,0.0186916394656234
2073-08-04,0.0186871339965325
2073-08-05,0.0186826296962059
2073-08-06,0.0186781266252106
2073-08-07,0.018673624930467
2073-08-08,0.0186691240075036
2073-08-09,0.0186646238701129
2073-08-10,0.0186601252876767
2073-08-11,0.0186556276611205
2073-08-12,0.0186511306498298
2073-08-13,0.0186466354813367
2073-08-14,0.0186421409341059
2073-08-15,0.0186376478644714
2073-08-16,0.0186331550820808
2073-08-17,0.0186286643631679
2073-08-18,0.018624174473604
2073-08-19,0.0186196854607632
2073-08-20,0.018615197526136
2073-08-21,0.0186107107009056
2073-08-22,0.0186062246396596
2073-08-23,0.0186017402107258
2073-08-24,0.0185972568216266
2073-08-25,0.0185927742612767
2073-08-26,0.0185882928103234
2073-08-27,0.0185838122486864
2073-08-28,0.0185793329571587
2073-08-29,0.018574854879371
2073-08-30,0.0185703776039468
2073-08-31,0.0185659021125523
2073-09-01,0.00973298651345767
2073-09-02,0.00973064057701902
2073-09-03,0.00972829511602687
2073-09-04,0.00972595031600612
2073-09-05,0.00972360599897857
2073-09-06,0.0227471527722446
2073-09-07,0.00971891933997606
2073-09-08,0.00971657690398096
2073-09-09,0.0097142350387104
2073-09-10,0.00971189349763648
2073-09-11,0.00970955275714903
2073-09-12,0.00970721251852185
2073-09-13,0.00970487276886242
2073-09-14,0.0161999007763815
2073-09-15,0.00970019511504342
2073-09-16,0.0234884939446311
2073-09-17,0.138512520172666
2073-09-18,0.00997126346757822
2073-09-19,0.014602964292546
2073-09-20,0.00995178228493933
2073-09-21,0.0423426518035575
2073-09-22,0.0103783869136013
2073-09-23,0.0444945401011283
2073-09-24,0.00967920457524108
2073-09-25,0.0096768835214468
2073-09-26,0.0096745636295407
2073-09-27,0.00967224356908998
2073-09-28,0.00966992316274575
2073-09-29,0.00966760207876434
2073-09-30,0.00966528025205501
2073-10-01,0.00824549479301617
2073-10-02,0.0082435127252679
2073-10-03,0.00824153056763171
2073-10-04,0.0368274116635908
2073-10-05,0.00826680445955339
2073-10-06,0.0272861381407095
2073-10-07,0.00823360415879428
2073-10-08,0.00823162444691441
2073-10-09,0.00822964517347291
2073-10-10,0.00822766637147341
2073-10-11,0.0082256877886931
2073-10-12,0.00822370966876849
2073-10-13,0.00822173176269661
2073-10-14,0.00821975426071789
2073-10-15,0.00821777715907581
2073-10-16,0.00821580022594002
2073-10-17,0.00821382358956852
2073-10-18,0.085900293290777
2073-10-19,0.121501490717565
2073-10-20,0.00820794180054178
2073-10-21,0.00820608352965288
2073-10-22,0.0082042569500237
2073-10-23,0.00820244137992028
2073-10-24,0.00820062869776805
2073-10-25,0.00819881665851569
2073-10-26,0.00819700253279035
2073-10-27,0.00819518138561123
2073-10-28,0.0081933485943245
2073-10-29,0.0081915039450774
2073-10-30,0.00818964679121356
2073-10-31,0.00818777825700277
2073-11-01,0.00910709399464695
2073-11-02,0.0091050037698852
2073-11-03,0.00910290957066167
2073-11-04,0.00910081052321584
2073-11-05,0.00909870652843975
2073-11-06,0.247492825640233
2073-11-07,0.632521163958952
2073-11-08,0.145903435961318
2073-11-09,0.0780099074584011
2073-11-10,0.0214874031409861
2073-11-11,0.00955465183488476
2073-11-12,0.00966266684098641
2073-11-13,0.00974783230845961
2073-11-14,0.00985246881015496
2073-11-15,0.0108969544709145
2073-11-16,0.0158348552540101
2073-11-17,0.0115925778976729
2073-11-18,0.111907147016478
2073-11-19,0.0149257793689978
2073-11-20,0.0100631709668722
2073-11-21,0.010087555181771
2073-11-22,0.012156397484005
2073-11-23,0.0101300927998147
2073-11-24,0.0101479662010272
2073-11-25,0.099980073896423
2073-11-26,0.44951516805793
2073-11-27,1.4486935387722
2073-11-28,1.08414528273237
2073-11-29,0.0133792819534037
2073-11-30,0.0232900022076664
2073-12-01,0.616343172365058
2073-12-02,0.522231046784397
2073-12-03,0.0435375402102991
2073-12-04,0.422422247011295
2073-12-05,4.24553299554616
2073-12-06,2.81037879788601
2073-12-07,0.0534602699964599
2073-12-08,0.033833712012988
2073-12-09,0.0409896315475669
2073-12-10,0.0357076404325997
2073-12-11,0.0253948757039068
2073-12-12,0.172524550575169
2073-12-13,0.132600738918318
2073-12-14,0.148400129749325
2073-12-15,1.00799252764083
2073-12-16,3.79103120177338
2073-12-17,0.625660295031386
2073-12-18,0.218491759662969
2073-12-19,0.272242526936273
2073-12-20,0.287617088868497
2073-12-21,1.15555480468731
2073-12-22,1.57562555961999
2073-12-23,1.28469912389493
2073-12-24,1.70944179407192
2073-12-25,2.21801956345154
2073-12-26,2.36876552161284
2073-12-27,3.41759008031111
2073-12-28,4.7277971863707
2073-12-29,2.69710667374744
2073-12-30,3.1375121994664
2073-12-31,6.74120967726363
2074-01-01,8.69888391906085
2074-01-02,6.15329211795317
2074-01-03,1.87930313523105
2074-01-04,1.70349161859904
2074-01-05,2.05643191365675
2074-01-06,2.09553040063696
2074-01-07,1.73351154905234
2074-01-08,1.72547900554906
2074-01-09,1.71906873838289
2074-01-10,1.7408392450839
2074-01-11,1.67906386281027
2074-01-12,1.59231119677794
2074-01-13,1.46939678765962
2074-01-14,1.36641156264153
2074-01-15,1.2813469269156
2074-01-16,1.18186720963091
2074-01-17,1.21623359841893
2074-01-18,1.11670623720128
2074-01-19,1.99314309699387
2074-01-20,2.48519887369328
2074-01-21,2.16223366322398
2074-01-22,1.85994986825054
2074-01-23,2.37740435427184
2074-01-24,2.89902659125975
2074-01-25,1.77011210625031
2074-01-26,1.60345495767836
2074-01-27,1.58330303155789
2074-01-28,1.58521208101527
2074-01-29,1.54297031991131
2074-01-30,1.50872323318589
2074-01-31,1.46945656762845
2074-02-01,1.65058817517603
2074-02-02,1.49491455561831
2074-02-03,1.28789469540682
2074-02-04,1.24658699279988
2074-02-05,1.59950998086636
2074-02-06,2.48358594946497
2074-02-07,1.72015229474829
2074-02-08,1.43681408204236
2074-02-09,1.42570482518026
2074-02-10,1.4120679954523
2074-02-11,1.41243627742235
2074-02-12,1.2925511977904
2074-02-13,1.22402430632553
2074-02-14,1.14827987374662
2074-02-15,1.21414967741309
2074-02-16,1.05455736091228
2074-02-17,1.18955179787952
2074-02-18,1.13564275008925
2074-02-19,1.00598310400331
2074-02-20,1.00707363375687
2074-02-21,0.953978553630659
2074-02-22,0.90926195257279
2074-02-23,0.842280300663037
2074-02-24,0.903307369176778
2074-02-25,0.972274741890682
2074-02-26,0.999785256541831
2074-02-27,1.09231097759929
2074-02-28,1.62738209903079
2074-03-01,3.96041666227276
2074-03-02,2.10330522439286
2074-03-03,1.33795172130098
2074-03-04,1.331451077755
2074-03-05,1.45985178723324
2074-03-06,1.34143900998712
2074-03-07,1.27417595878653
2074-03-08,1.22656425370958
2074-03-09,1.17368113648589
2074-03-10,1.14648888399983
2074-03-11,1.10987152652532
2074-03-12,1.04900164687987
2074-03-13,1.07581617897974
2074-03-14,1.22250825441081
2074-03-15,1.02697707819759
2074-03-16,1.04308830812902
2074-03-17,1.08096499361772
2074-03-18,1.04019531612125
2074-03-19,1.08217948819155
2074-03-20,0.977936355776451
2074-03-21,0.865616382981763
2074-03-22,0.827282277244598
2074-03-23,0.799148900486908
2074-03-24,0.806391875378538
2074-03-25,0.9045319758429
2074-03-26,0.965755957694423
2074-03-27,0.975801551491014
2074-03-28,0.760645101934895
2074-03-29,0.595206887919509
2074-03-30,0.572497870584248
2074-03-31,0.570003370898728
2074-04-01,0.578007566211891
2074-04-02,0.644269794101688
2074-04-03,0.685781758421304
2074-04-04,0.662980470331171
2074-04-05,0.466152424706373
2074-04-06,0.397054618934312
2074-04-07,0.369811321554188
2074-04-08,0.343789547258503
2074-04-09,0.291498756131787
2074-04-10,0.404839149605371
2074-04-11,0.286238174290458
2074-04-12,0.262388410989278
2074-04-13,0.231651013536176
2074-04-14,0.213274830699595
2074-04-15,0.197089927464489
2074-04-16,0.179041592248674
2074-04-17,0.161910496046889
2074-04-18,0.1468335572662
2074-04-19,0.131506428934105
2074-04-20,0.291938611290631
2074-04-21,0.135940926443998
2074-04-22,0.112761204389488
2074-04-23,0.117189144080459
2074-04-24,0.101431218485334
2074-04-25,0.094417358161269
2074-04-26,0.10221423680829
2074-04-27,0.089154395694517
2074-04-28,0.0811788769161526
2074-04-29,0.0742462728816693
2074-04-30,0.0677680075684646
2074-05-01,0.0760918538316909
2074-05-02,0.0676017129488156
2074-05-03,0.0584958089606507
2074-05-04,0.0491825206440025
2074-05-05,0.0414858644514137
2074-05-06,0.0357250623553699
2074-05-07,0.0324885885435886
2074-05-08,0.028689449618184
2074-05-09,0.0253818204746584
2074-05-10,0.022447820892628
2074-05-11,0.0200213273967959
2074-05-12,0.0182429002991057
2074-05-13,0.0170746620498162
2074-05-14,0.0163747729861686
2074-05-15,0.0479402397285999
2074-05-16,0.0164636486598912
2074-05-17,0.0156595376032888
2074-05-18,0.0154420491335642
2074-05-19,0.0152338550123595
2074-05-20,0.0150191822965426
2074-05-21,0.0148168898591672
2074-05-22,0.0146182771036398
2074-05-23,0.0144156679322659
2074-05-24,0.0142129141565349
2074-05-25,0.014012491218115
2074-05-26,0.0138178899880957
2074-05-27,0.0136358524503973
2074-05-28,0.0199015166547156
2074-05-29,0.0600072055770461
2074-05-30,0.0775813372678628
2074-05-31,0.0135052594858108
2074-06-01,0.0160876120899184
2074-06-02,0.0171146214726094
2074-06-03,0.0564816599058339
2074-06-04,0.0155986873117149
2074-06-05,0.0153511756603602
2074-06-06,0.0150703843896877
2074-06-07,0.0147683890944599
2074-06-08,0.0144505372795323
2074-06-09,0.0141389934580822
2074-06-10,0.0166631692661717
2074-06-11,0.0135689324963378
2074-06-12,0.0132675077427275
2074-06-13,0.0129756854681234
2074-06-14,0.0126769302978532
2074-06-15,0.0123712623188514
2074-06-16,0.0120623062408732
2074-06-17,0.0117441371289637
2074-06-18,0.0114222669959717
2074-06-19,0.0111094706317263
2074-06-20,0.0108104978606418
2074-06-21,0.0105254414528443
2074-06-22,0.010253210921443
2074-06-23,0.0100027413124153
2074-06-24,0.00977637144636179
2074-06-25,0.00957459922512077
2074-06-26,0.00938662015348181
2074-06-27,0.00921052725944777
2074-06-28,0.00903770990249535
2074-06-29,0.00888358648423663
2074-06-30,0.0468234705054652
2074-07-01,0.0164545508771161
2074-07-02,0.01624369279111
2074-07-03,0.0160228394144581
2074-07-04,0.015807953535767
2074-07-05,0.0156125099828735
2074-07-06,0.0154371611755555
2074-07-07,0.0152811432589468
2074-07-08,0.0151454045280216
2074-07-09,0.0150277203806704
2074-07-10,0.0149259994460441
2074-07-11,0.0148410013433907
2074-07-12,0.0147698085586279
2074-07-13,0.0147106609756733
2074-07-14,0.0146629585687155
2074-07-15,0.0146241553233084
2074-07-16,0.0145922995108303
2074-07-17,0.0145653134292104
2074-07-18,0.0145437124382971
2074-07-19,0.0145281019271
2074-07-20,0.014516080331625
2074-07-21,0.0145058365060556
2074-07-22,0.0144963286493186
2074-07-23,0.0144870822812215
2074-07-24,0.0144793166751489
2074-07-25,0.014474252699803
2074-07-26,0.0144705582889739
2074-07-27,0.0144670707176572
2074-07-28,0.0144635834948234
2074-07-29,0.0144600971489963
2074-07-30,0.0144566121924594
2074-07-31,0.0144531276363759
2074-08-01,0.0186737303537324
2074-08-02,0.0186692297851762
2074-08-03,0.0186647297761158
2074-08-04,0.0186602308542641
2074-08-05,0.0186557332301066
2074-08-06,0.0186512362128191
2074-08-07,0.0186467409831593
2074-08-08,0.0186422463171931
2074-08-09,0.0186377530976402
2074-08-10,0.0186332606354753
2074-08-11,0.0186287697852339
2074-08-12,0.0186242794591074
2074-08-13,0.0186197899905144
2074-08-14,0.0186153022699709
2074-08-15,0.0186108155904612
2074-08-16,0.0186063293223277
2074-08-17,0.0186018447602664
2074-08-18,0.0185973607828871
2074-08-19,0.0185928789631344
2074-08-20,0.0185883974144343
2074-08-21,0.018583916831209
2074-08-22,0.0185794372794228
2074-08-23,0.0185749591056873
2074-08-24,0.0185704821864693
2074-08-25,0.0185660057763745
2074-08-26,0.0185615307035525
2074-08-27,0.023018917472007
2074-08-28,0.0185525841499548
2074-08-29,0.018548112651189
2074-08-30,0.0185436417856788
2074-08-31,0.0185391721219151
2074-09-01,0.00971897357452493
2074-09-02,0.00971663113255527
2074-09-03,0.00971428913018502
2074-09-04,0.00971194758659548
2074-09-05,0.00970960669674497
2074-09-06,0.00970726631441463
2074-09-07,0.00970492659682905
2074-09-08,0.00970258762071357
2074-09-09,0.00970024912004468
2074-09-10,0.00969791086150125
2074-09-11,0.00969557322745304
2074-09-12,0.00969323654021008
2074-09-13,0.00969090014603333
2074-09-14,0.00968856445685077
2074-09-15,0.00968622917267814
2074-09-16,0.00968389443690411
2074-09-17,0.0096815602523588
2074-09-18,0.0096792269099072
2074-09-19,0.00967689385014499
2074-09-20,0.00967456138626328
2074-09-21,0.00967222945128427
2074-09-22,0.0096698983357588
2074-09-23,0.00966756763373345
2074-09-24,0.0096652374697298
2074-09-25,0.00966290772174198
2074-09-26,0.00966057865547901
2074-09-27,0.00965825042879422
2074-09-28,0.00965592242065123
2074-09-29,0.00965359505178271
2074-09-30,0.00965126823257051
2074-10-01,0.00823353490619136
2074-10-02,0.00823155044232637
2074-10-03,0.00822956641260661
2074-10-04,0.00822758283876616
2074-10-05,0.00822559980317993
2074-10-06,0.00822361715558752
2074-10-07,0.00822163516779924
2074-10-08,0.00821965337212961
2074-10-09,0.00821767210344468
2074-10-10,0.0082156915044918
2074-10-11,0.00821371138449396
2074-10-12,0.00930281189785782
2074-10-13,0.00820975226501151
2074-10-14,0.00820777365674061
2074-10-15,0.00820579538226244
2074-10-16,0.00820381755534559
2074-10-17,0.00820184007751587
2074-10-18,0.00963570377405797
2074-10-19,0.00819788702962681
2074-10-20,0.00819591118265905
2074-10-21,0.00819393572314847
2074-10-22,0.00819196055423076
2074-10-23,0.00818998626460471
2074-10-24,0.00818801212067758
2074-10-25,0.00818603873341887
2074-10-26,0.00818406551520313
2074-10-27,0.00818209316366789
2074-10-28,0.00818012100129977
2074-10-29,0.00817814954032573
2074-10-30,0.00817617824517476
2074-10-31,0.00817420756528647
2074-11-01,0.00909189115737031
2074-11-02,0.0090896997104062
2074-11-03,0.00908750902764681
2074-11-04,0.00908531875116968
2074-11-05,0.0090831288460483
2074-11-06,0.00908093971617684
2074-11-07,0.00907875095945221
2074-11-08,0.00907656264095123
2074-11-09,0.00907437506993804
2074-11-10,0.00907218786998209
2074-11-11,0.00907000135601933
2074-11-12,0.00906781513908136
2074-11-13,0.00906562986516017
2074-11-14,0.00906344471930296
2074-11-15,0.00906126027048415
2074-11-16,0.0414739776667982
2074-11-17,0.00905689291259949
2074-11-18,0.00905470988920157
2074-11-19,0.00905252758941004
2074-11-20,0.00905034564992906
2074-11-21,0.00912246076727505
2074-11-22,0.00904598329967522
2074-11-23,0.00904380324742175
2074-11-24,0.00904162350204423
2074-11-25,0.00903944427847537
2074-11-26,0.00903726554268401
2074-11-27,0.0103799661466939
2074-11-28,0.00903290976279982
2074-11-29,0.00903073268527304
2074-11-30,0.00902855598865456
2074-12-01,0.0076378896158996
2074-12-02,0.0274404875654537
2074-12-03,0.00785398106831281
2074-12-04,0.00763236816028941
2074-12-05,0.0076305288733257
2074-12-06,0.00762868949946835
2074-12-07,0.00762685078059704
2074-12-08,0.0148217391151238
2074-12-09,0.0076231747710423
2074-12-10,0.00762133758291355
2074-12-11,0.00761950050693823
2074-12-12,0.00782558799518745
2074-12-13,0.0232026787297832
2074-12-14,0.00761399260825103
2074-12-15,0.00761215750910594
2074-12-16,0.00761032292526034
2074-12-17,0.00760848903555345
2074-12-18,0.0170827894519444
2074-12-19,0.00760482224480737
2074-12-20,0.0076029896049543
2074-12-21,0.00760115729676212
2074-12-22,0.00759932560895009
2074-12-23,0.00759749438768616
2074-12-24,0.00759566346575061
2074-12-25,0.00759383309018407
2074-12-26,0.00759200311902656
2074-12-27,0.00759017375233556
2074-12-28,0.0075883446885093
2074-12-29,0.204466782005456
2074-12-30,0.48319218808184
2074-12-31,0.611220486185187
2075-01-01,0.520733732227342
2075-01-02,0.510717795904475
2075-01-03,1.54039552580413
2075-01-04,1.4220935770492
2075-01-05,0.519126820347735
2075-01-06,0.0316364410630237
2075-01-07,0.0173876963483655
2075-01-08,0.245882594910918
2075-01-09,0.363928930996298
2075-01-10,0.242501448502814
2075-01-11,0.110132894764008
2075-01-12,0.314108193851128
2075-01-13,0.250802895121619
2075-01-14,0.0337144674025548
2075-01-15,0.05860289513753
2075-01-16,0.0681244575783738
2075-01-17,0.024358516569323
2075-01-18,0.0285046664392854
2075-01-19,0.0309753525188216
2075-01-20,0.0194829852909796
2075-01-21,0.0325159110686178
2075-01-22,0.1938070256457
2075-01-23,0.358672875382547
2075-01-24,0.38640835644218
2075-01-25,0.341604862182086
2075-01-26,0.214332385022413
2075-01-27,0.256600113929248
2075-01-28,0.216380149754568
2075-01-29,0.178875735013437
2075-01-30,0.087622680026194
2075-01-31,0.0572834922309004
2075-02-01,0.0518480474195399
2075-02-02,0.0495210561285127
2075-02-03,0.0534033247374709
2075-02-04,0.0481014668111734
2075-02-05,0.0499057897345218
2075-02-06,0.0512807405595299
2075-02-07,0.0514402140504775
2075-02-08,0.050020142738802
2075-02-09,0.0480598153462053
2075-02-10,0.0459145557714662
2075-02-11,0.0428147060592383
2075-02-12,0.0387931737547165
2075-02-13,0.0344392447557451
2075-02-14,0.0304672467945152
2075-02-15,0.0271793326918084
2075-02-16,0.0244962823031444
2075-02-17,0.0226345482399828
2075-02-18,0.0250097619119143
2075-02-19,0.021012080960955
2075-02-20,0.0351282539429141
2075-02-21,0.0305267663636903
2075-02-22,0.0220494859307378
2075-02-23,0.0210439841308092
2075-02-24,0.0275512948352566
2075-02-25,0.0335467966670185
2075-02-26,0.023075163221185
2075-02-27,0.0198541386888085
2075-02-28,0.0606484103688394
2075-03-01,0.0854857601181322
2075-03-02,0.0470498113451596
2075-03-03,0.0391683036648612
2075-03-04,0.0496662852325224
2075-03-05,0.0639485846433067
2075-03-06,0.0432874829093314
2075-03-07,0.0183184249993983
2075-03-08,0.0184651254982603
2075-03-09,0.0183999423208984
2075-03-10,0.188691111509465
2075-03-11,0.0212279398328436
2075-03-12,0.0214016285660542
2075-03-13,0.121097274744608
2075-03-14,0.192763130944028
2075-03-15,0.337562075072826
2075-03-16,1.34500735712463
2075-03-17,0.5581068941468
2075-03-18,0.559460155049144
2075-03-19,0.771681179232854
2075-03-20,0.582210354802199
2075-03-21,0.580569223868648
2075-03-22,0.55072920673646
2075-03-23,0.503776655042954
2075-03-24,0.448984647784225
2075-03-25,0.397261849930588
2075-03-26,0.352166822668032
2075-03-27,0.313804144527906
2075-03-28,0.280530282273161
2075-03-29,0.248634929421402
2075-03-30,0.218504284848645
2075-03-31,0.190928081315808
2075-04-01,0.173428864293726
2075-04-02,0.145163087544334
2075-04-03,0.125700928420827
2075-04-04,0.130649639085634
2075-04-05,0.111234521140545
2075-04-06,0.0930341614243766
2075-04-07,0.0800465360979278
2075-04-08,0.157714538710249
2075-04-09,0.0818376552748528
2075-04-10,0.0695372103838737
2075-04-11,0.0876797389433681
2075-04-12,0.184317778554302
2075-04-13,0.0691242006046545
2075-04-14,0.102131980593598
2075-04-15,0.0633683408034747
2075-04-16,0.0921744584674327
2075-04-17,0.056950633815813
2075-04-18,0.0527498935010709
2075-04-19,0.0644549279616596
2075-04-20,0.0472153127292635
2075-04-21,0.048751926520401
2075-04-22,0.0407854787002923
2075-04-23,0.0371562054041303
2075-04-24,0.216111951986671
2075-04-25,0.0709652515914899
2075-04-26,0.0389699016768652
2075-04-27,0.0390802602573635
2075-04-28,0.0365289522087073
2075-04-29,0.0328866419502731
2075-04-30,0.137810827403143
2075-05-01,0.0987824374914194
2075-05-02,0.0417626842714662
2075-05-03,0.0397076419606554
2075-05-04,0.0360798081661585
2075-05-05,0.0324982751912171
2075-05-06,0.523882757909998
2075-05-07,0.119455961483996
2075-05-08,0.0561134981641162
2075-05-09,0.0591968461441357
2075-05-10,0.0545139669955323
2075-05-11,0.0466424204423746
2075-05-12,0.0382598704636753
2075-05-13,0.0315170255837985
2075-05-14,0.0267415462419199
2075-05-15,0.0231080041246939
2075-05-16,0.0202159772891427
2075-05-17,0.0181117888720578
2075-05-18,0.0168587143630968
2075-05-19,0.0162758368599216
2075-05-20,0.0160021446645829
2075-05-21,0.0157588418070983
2075-05-22,0.0155220585965137
2075-05-23,0.0152968710485507
2075-05-24,0.0150916887219904
2075-05-25,0.0149216510215567
2075-05-26,0.0147791987157935
2075-05-27,0.0146286305734987
2075-05-28,0.0144642176525843
2075-05-29,0.0142869676176066
2075-05-30,0.0140979342514345
2075-05-31,0.0139034004828052
2075-06-01,0.0430635678534345
2075-06-02,0.0165919050806895
2075-06-03,0.0164301586005749
2075-06-04,0.0162470175192855
2075-06-05,0.0160445629598082
2075-06-06,0.0157956057969472
2075-06-07,0.0155095257081443
2075-06-08,0.0151931242337819
2075-06-09,0.0148532046136816
2075-06-10,0.0145162902453024
2075-06-11,0.0142048161125397
2075-06-12,0.0139167301106613
2075-06-13,0.0136229673820965
2075-06-14,0.013302534459507
2075-06-15,0.0129791180203521
2075-06-16,0.0126886316805393
2075-06-17,0.0124059858853531
2075-06-18,0.0121055732615414
2075-06-19,0.0118087900955721
2075-06-20,0.0115064030582957
2075-06-21,0.0111939415424668
2075-06-22,0.0108923832058647
2075-06-23,0.0106028267764867
2075-06-24,0.0103173417321419
2075-06-25,0.0100445555984756
2075-06-26,0.00979418555001167
2075-06-27,0.00956253123880894
2075-06-28,0.00934658801019374
2075-06-29,0.00914964136666949
2075-06-30,0.00898300327901656
2075-07-01,0.0168179821430064
2075-07-02,0.0165514784848854
2075-07-03,0.0162838699818918
2075-07-04,0.0160259129169688
2075-07-05,0.0157884908467055
2075-07-06,0.0155802870743545
2075-07-07,0.0154001431518281
2075-07-08,0.0152435263147154
2075-07-09,0.0151074596996999
2075-07-10,0.0149908941773652
2075-07-11,0.0148937769347304
2075-07-12,0.0148113683711202
2075-07-13,0.0147422284194838
2075-07-14,0.0146864181394508
2075-07-15,0.014639859638044
2075-07-16,0.0146005985036503
2075-07-17,0.0145707362112584
2075-07-18,0.0145491668167209
2075-07-19,0.014533217140527
2075-07-20,0.0145207463723069
2075-07-21,0.0145104898997418
2075-07-22,0.0145012666860175
2075-07-23,0.0144924816031044
2075-07-24,0.0144852162477692
2075-07-25,0.0144802983761956
2075-07-26,0.0144765539861848
2075-07-27,0.0144730638631959
2075-07-28,0.0144695756946795
2075-07-29,0.0144660877498229
2075-07-30,0.0144626008685113
2075-07-31,0.014459114950051
2075-08-01,0.0186814666557279
2075-08-02,0.0186769637298538
2075-08-03,0.0186724616453221
2075-08-04,0.0186679614413677
2075-08-05,0.0186634614784822
2075-08-06,0.0186589631149268
2075-08-07,0.0186544655057612
2075-08-08,0.0186499692992327
2075-08-09,0.0186454740635763
2075-08-10,0.0186409800008819
2075-08-11,0.0186364867393518
2075-08-12,0.0186319948600699
2075-08-13,0.0186275038497156
2075-08-14,0.0186230140483037
2075-08-15,0.0186185257988478
2075-08-16,0.0186140378906063
2075-08-17,0.0186095510485849
2075-08-18,0.0186050654544849
2075-08-19,0.0186005812672198
2075-08-20,0.0185960979284931
2075-08-21,0.0185916159132467
2075-08-22,0.0185871346014178
2075-08-23,0.0185826543078351
2075-08-24,0.018578175541022
2075-08-25,0.0185736972941261
2075-08-26,0.0185692205176306
2075-08-27,0.0185647450298342
2075-08-28,0.0185602703905764
2075-08-29,0.0185557965242981
2075-08-30,0.0185513240732503
2075-08-31,0.0185468527681791
2075-09-01,0.0097230000923913
2075-09-02,0.00972065632785019
2075-09-03,0.00971831339974282
2075-09-04,0.00971597128511434
2075-09-05,0.00971362930003877
2075-09-06,0.00971128809762615
2075-09-07,0.00970894735745319
2075-09-08,0.00970660709775789
2075-09-09,0.00970426758487844
2075-09-10,0.0097019285115983
2075-09-11,0.00969959012538877
2075-09-12,0.0096972522573907
2075-09-13,0.00969491474975088
2075-09-14,0.0096925782989734
2075-09-15,0.00969024194504608
2075-09-16,0.00968790632913003
2075-09-17,0.00968557150310921
2075-09-18,0.00968323675758728
2075-09-19,0.00968090284724126
2075-09-20,0.00967856946579804
2075-09-21,0.00967623657458046
2075-09-22,0.00967390441917293
2075-09-23,0.00967157279235377
2075-09-24,0.00966924177902412
2075-09-25,0.00966691100058765
2075-09-26,0.00966458112682026
2075-09-27,0.00966225158605411
2075-09-28,0.00965992291065092
2075-09-29,0.00965759469528634
2075-09-30,0.00965526692612446
2075-10-01,0.00823694593074494
2075-10-02,0.00823496080949069
2075-10-03,0.0420676375500697
2075-10-04,0.0082309916209516
2075-10-05,0.00822900751127183
2075-10-06,0.00822702427793218
2075-10-07,0.00822504131452461
2075-10-08,0.00822305879116534
2075-10-09,0.00822107682564781
2075-10-10,0.00821909526905322
2075-10-11,0.00821711422763714
2075-10-12,0.00821513378216452
2075-10-13,0.0158207926851818
2075-10-14,0.0517702187230889
2075-10-15,0.00840275759501595
2075-10-16,0.00820721650352458
2075-10-17,0.00820523852285916
2075-10-18,0.00820326086122875
2075-10-19,0.00820128387577015
2075-10-20,0.00819930723000738
2075-10-21,0.00819733118340794
2075-10-22,0.00819535543410944
2075-10-23,0.0081933803397853
2075-10-24,0.00819140540699106
2075-10-25,0.00818943138112567
2075-10-26,0.00818745738584901
2075-10-27,0.00818548414831406
2075-10-28,0.008183511441252
2075-10-29,0.0506620683372313
2075-10-30,0.0632545930396085
2075-10-31,0.0859279544270757
2075-11-01,0.0488290973423712
2075-11-02,0.0128979878573068
2075-11-03,0.00909138712195057
2075-11-04,0.00908928469200315
2075-11-05,0.009087196348797
2075-11-06,0.0150968619661803
2075-11-07,0.0143434767798046
2075-11-08,0.00908099176240077
2075-11-09,0.00907894213631473
2075-11-10,0.00924320287444882
2075-11-11,0.0119429284705687
2075-11-12,0.00907282432447183
2075-11-13,0.0316987886837027
2075-11-14,0.253516767883218
2075-11-15,0.40475384067562
2075-11-16,1.36226351838488
2075-11-17,3.0683037476358
2075-11-18,2.11891072654799
2075-11-19,0.156030864992649
2075-11-20,0.0577474486177199
2075-11-21,0.935978387926755
2075-11-22,1.35929980987621
2075-11-23,0.146110934529647
2075-11-24,0.0388427416995099
2075-11-25,0.0287094591672945
2075-11-26,0.0322601741149268
2075-11-27,0.0312519255488644
2075-11-28,0.0276031757344793
2075-11-29,0.0392401126883268
2075-11-30,0.0239988249310422
2075-12-01,0.023336265425199
2075-12-02,0.0393787644764557
2075-12-03,0.0663537676149193
2075-12-04,0.381471534708537
2075-12-05,0.253577561958661
2075-12-06,0.764191925026546
2075-12-07,1.45303673087451
2075-12-08,0.27111838235602
2075-12-09,0.0496640550011666
2075-12-10,0.07695449823401
2075-12-11,0.149833454219357
2075-12-12,0.137222609116139
2075-12-13,0.120122953847677
2075-12-14,0.0513391424425552
2075-12-15,0.0388035450587913
2075-12-16,0.0419514626702837
2075-12-17,0.949662321360296
2075-12-18,1.49870521405304
2075-12-19,0.622898165423786
2075-12-20,0.351494268957119
2075-12-21,0.412218197017697
2075-12-22,0.438710434767187
2075-12-23,0.442820657606215
2075-12-24,0.463559919987074
2075-12-25,0.473992731306665
2075-12-26,0.471419741316931
2075-12-27,1.87296462219198
2075-12-28,13.3698389248859
2075-12-29,2.57260592981641
2075-12-30,1.88485120720078
2075-12-31,1.87999005200272
2076-01-01,1.32859824896083
2076-01-02,1.21936065362246
2076-01-03,1.11279838195459
2076-01-04,1.10769359120201
2076-01-05,1.26889746611309
2076-01-06,1.11721236989595
2076-01-07,1.23062365576633
2076-01-08,1.05404775991733
2076-01-09,1.02465893029457
2076-01-10,0.975120473189626
2076-01-11,0.915240319662093
2076-01-12,0.852527605340848
2076-01-13,0.791952039988596
2076-01-14,0.734089994225298
2076-01-15,0.678427313996613
2076-01-16,0.628471410083088
2076-01-17,0.749010875501238
2076-01-18,1.92576409660134
2076-01-19,1.79511017982164
2076-01-20,1.75491865479468
2076-01-21,2.99370278225861
2076-01-22,2.42432235386269
2076-01-23,5.28604724683082
2076-01-24,4.73505423385088
2076-01-25,3.0406748611159
2076-01-26,1.76159189307246
2076-01-27,1.75698176580664
2076-01-28,1.7796346429749
2076-01-29,1.74453462486117
2076-01-30,1.71028376288755
2076-01-31,1.62268792984761
2076-02-01,1.45234162189455
2076-02-02,1.33292655975772
2076-02-03,1.21353520410417
2076-02-04,1.11054109258818
2076-02-05,1.00952361620628
2076-02-06,0.924753883654132
2076-02-07,0.96520870667634
2076-02-08,1.08221113711943
2076-02-09,0.784554236393744
2076-02-10,1.52999056743295
2076-02-11,1.29592612449415
2076-02-12,1.61072379793859
2076-02-13,1.34222204100869
2076-02-14,1.27681367811079
2076-02-15,1.45964745164325
2076-02-16,1.53983588609736
2076-02-17,1.24039992934548
2076-02-18,1.21256524919673
2076-02-19,1.13827961841123
2076-02-20,1.04576467739826
2076-02-21,0.960148865158436
2076-02-22,0.865786116944958
2076-02-23,0.787143791810456
2076-02-24,0.716493106935951
2076-02-25,0.7708852393676
2076-02-26,0.750504700902127
2076-02-27,1.03885973543637
2076-02-28,0.804960072618446
2076-02-29,0.773845957366497
2076-03-01,0.649387736805306
2076-03-02,0.607391250593198
2076-03-03,0.570376703666678
2076-03-04,0.523993801419621
2076-03-05,0.961693488852555
2076-03-06,0.824459427643482
2076-03-07,0.678959537009401
2076-03-08,0.675666804013708
2076-03-09,0.638549089679874
2076-03-10,0.59367573079285
2076-03-11,0.550302053977374
2076-03-12,0.502595775458833
2076-03-13,0.454904677109286
2076-03-14,0.412822523777022
2076-03-15,0.376420216577189
2076-03-16,0.532044395241614
2076-03-17,0.763534606281221
2076-03-18,0.852290236072118
2076-03-19,0.957161799010575
2076-03-20,0.803526365858299
2076-03-21,0.81917684924128
2076-03-22,0.812905708182617
2076-03-23,0.722452515378111
2076-03-24,0.803884954404015
2076-03-25,0.656134309382395
2076-03-26,0.618151094716585
2076-03-27,0.580031569526557
2076-03-28,0.542896182079999
2076-03-29,0.571538500829269
2076-03-30,0.500995712661153
2076-03-31,0.44447501927505
2076-04-01,0.422774885296468
2076-04-02,0.379994553236967
2076-04-03,0.335780464496939
2076-04-04,0.307069782819858
2076-04-05,0.350083330824617
2076-04-06,0.633898633709994
2076-04-07,0.781803391372701
2076-04-08,0.677663727753814
2076-04-09,0.592448739322202
2076-04-10,0.59778028794046
2076-04-11,0.565332151374182
2076-04-12,0.533859379686867
2076-04-13,0.498400552527971
2076-04-14,0.459548075704185
2076-04-15,0.545648143620591
2076-04-16,0.395159229150875
2076-04-17,0.366586403205701
2076-04-18,0.471934027935799
2076-04-19,0.671388254274426
2076-04-20,0.4156420876516
2076-04-21,0.426455267054837
2076-04-22,0.42445530896676
2076-04-23,0.413887806576763
2076-04-24,0.376617475623097
2076-04-25,0.355084227707013
2076-04-26,0.331004439209212
2076-04-27,0.457939882597507
2076-04-28,0.759663607275812
2076-04-29,0.657041688069545
2076-04-30,0.528861974446458
2076-05-01,0.644597877272383
2076-05-02,0.623685547346102
2076-05-03,0.57738093503204
2076-05-04,0.528355892928089
2076-05-05,0.468850268526427
2076-05-06,0.41962346655266
2076-05-07,0.361706133778976
2076-05-08,0.305519130505119
2076-05-09,0.258783119919399
2076-05-10,0.217620545250348
2076-05-11,0.181691931748549
2076-05-12,0.200774886967786
2076-05-13,0.18305910197817
2076-05-14,0.138895719446712
2076-05-15,0.125282078794785
2076-05-16,0.104725417328001
2076-05-17,0.100173713747294
2076-05-18,0.0738729103241295
2076-05-19,0.0804743314546027
2076-05-20,0.18426100342505
2076-05-21,0.0533151403839662
2076-05-22,0.100295019940996
2076-05-23,0.045433252535733
2076-05-24,0.0415974247710376
2076-05-25,0.0576004456271588
2076-05-26,0.163219578919483
2076-05-27,0.0377740023632692
2076-05-28,0.0854180270601892
2076-05-29,0.0342619955626699
2076-05-30,0.030638746096595
2076-05-31,0.0288270810217856
2076-06-01,0.0282517566830744
2076-06-02,0.0242887704802867
2076-06-03,0.0225640728176981
2076-06-04,0.0216723505719599
2076-06-05,0.021116688343819
2076-06-06,0.0207311165108011
2076-06-07,0.0204686628937737
2076-06-08,0.0202405529680023
2076-06-09,0.0200369229843391
2076-06-10,0.0198285936150517
2076-06-11,0.0196125343651227
2076-06-12,0.0196925261260612
2076-06-13,0.0191573720609227
2076-06-14,0.0188975142114098
2076-06-15,0.0186005996399154
2076-06-16,0.018346011580577
2076-06-17,0.0179860917754612
2076-06-18,0.017672840949934
2076-06-19,0.0173425138556127
2076-06-20,0.0170160364842227
2076-06-21,0.0166839967304596
2076-06-22,0.0163480561735395
2076-06-23,0.016022283630143
2076-06-24,0.015711741325293
2076-06-25,0.0153895278262048
2076-06-26,0.0150422138860436
2076-06-27,0.0146827851552573
2076-06-28,0.014327768665953
2076-06-29,0.0139807741451207
2076-06-30,0.0136309225300495
2076-07-01,0.0252767807942695
2076-07-02,0.0246253536713482
2076-07-03,0.0239642028876826
2076-07-04,0.0233028834384316
2076-07-05,0.0226381973380829
2076-07-06,0.021970923227653
2076-07-07,0.021328390185675
2076-07-08,0.0207310534706457
2076-07-09,0.0201778121865436
2076-07-10,0.0196441985736595
2076-07-11,0.0191262920485232
2076-07-12,0.0186306797316013
2076-07-13,0.0181600650879101
2076-07-14,0.0177191547282828
2076-07-15,0.0173136066303705
2076-07-16,0.0169394632093663
2076-07-17,0.016604707721241
2076-07-18,0.0163069361157553
2076-07-19,0.0160349896176509
2076-07-20,0.0157923372650942
2076-07-21,0.015580033582254
2076-07-22,0.0153950181859923
2076-07-23,0.0152317793597345
2076-07-24,0.0150900459580212
2076-07-25,0.0149720966826839
2076-07-26,0.0148744365175922
2076-07-27,0.0147944321253315
2076-07-28,0.0147292941480411
2076-07-29,0.0146742530057965
2076-07-30,0.0146285266428234
2076-07-31,0.0145912934651872
2076-08-01,0.0188189663130446
2076-08-02,0.0187935225814725
2076-08-03,0.0187759464181066
2076-08-04,0.0187619608817706
2076-08-05,0.0471204825959684
2076-08-06,0.0187391964312658
2076-08-07,0.0187316199897298
2076-08-08,0.0187245483626493
2076-08-09,0.0187187588388942
2076-08-10,0.0187140465680728
2076-08-11,0.018709520400039
2076-08-12,0.0187050108111885
2076-08-13,0.0187005020900662
2076-08-14,0.0186959949658753
2076-08-15,0.0186914887124109
2076-08-16,0.0186869831761565
2076-08-17,0.0186824789549868
2076-08-18,0.0186779761796308
2076-08-19,0.0186734738474338
2076-08-20,0.0186689733358467
2076-08-21,0.0186644735522637
2076-08-22,0.0186599749218534
2076-08-23,0.0186554771495765
2076-08-24,0.0186509801994525
2076-08-25,0.0223884026764297
2076-08-26,0.0315156695647741
2076-08-27,0.0186374976515651
2076-08-28,0.0186330049921075
2076-08-29,0.0186285141322712
2076-08-30,0.0186240244507941
2076-08-31,0.0186195351932865
2076-09-01,0.00976110305067225
2076-09-02,0.00975875012781114
2076-09-03,0.00975639815772984
2076-09-04,0.00975404662033006
2076-09-05,0.00983556840281973
2076-09-06,0.00974934513098104
2076-09-07,0.00974699541172385
2076-09-08,0.00974464587421814
2076-09-09,0.00974229714453125
2076-09-10,0.00973994911166278
2076-09-11,0.00973760153694612
2076-09-12,0.00973525446503306
2076-09-13,0.00973290776888621
2076-09-14,0.00973056192992672
2076-09-15,0.00972821670634345
2076-09-16,0.00972587192141609
2076-09-17,0.00972352782859058
2076-09-18,0.00972118408983425
2076-09-19,0.00971884096551084
2076-09-20,0.00971649842920664
2076-09-21,0.00971415662462464
2076-09-22,0.00971181517316852
2076-09-23,0.00970947450280322
2076-09-24,0.00970713419216725
2076-09-25,0.00970479446703489
2076-09-26,0.00970245530382237
2076-09-27,0.00970011669655532
2076-09-28,0.00969777892194857
2076-09-29,0.0096954413278354
2076-09-30,0.00969310458147609
2076-10-01,0.00826922562763038
2076-10-02,0.00826723249132548
2076-10-03,0.00826523987932204
2076-10-04,0.00826324755013013
2076-10-05,0.00826125599263272
2076-10-06,0.00825926499834346
2076-10-07,0.00825727413204387
2076-10-08,0.00825528400685004
2076-10-09,0.00825329426186868
2076-10-10,0.0082513050728508
2076-10-11,0.0095754417426354
2076-10-12,0.00824732784538035
2076-10-13,0.00824534016218632
2076-10-14,0.00824335261905644
2076-10-15,0.00824136591282332
2076-10-16,0.00823937952508859
2076-10-17,0.00823739372497934
2076-10-18,0.00823540820258349
2076-10-19,0.00823342331128134
2076-10-20,0.00823143873981918
2076-10-21,0.127027159029332
2076-10-22,0.19086035376769
2076-10-23,0.00822551821768645
2076-10-24,0.00822362602256097
2076-10-25,0.00822176453905108
2076-10-26,0.00821991202179384
2076-10-27,0.00821805753827196
2076-10-28,0.00821619537832194
2076-10-29,0.00878507835817219
2076-10-30,0.0082124463124125
2076-10-31,0.137840676364486
2076-11-01,0.0121930177237969
2076-11-02,0.00913080269046165
2076-11-03,0.00912918453467389
2076-11-04,0.00912761914364165
2076-11-05,0.0091260650816462
2076-11-06,0.0091245025381722
2076-11-07,0.0091229245640312
2076-11-08,0.00919365627436168
2076-11-09,0.0102281600172052
2076-11-10,0.00911810663401329
2076-11-11,0.0091164745589525
2076-11-12,0.00911481356113021
2076-11-13,0.104835574445426
2076-11-14,0.00911150670390405
2076-11-15,0.0091100250712046
2076-11-16,0.0258644756285664
2076-11-17,0.0208146035636361
2076-11-18,0.0101649446537034
2076-11-19,0.32164195799806
2076-11-20,0.0546075399938896
2076-11-21,0.0526315974249113
2076-11-22,0.0672629234100074
2076-11-23,0.0463203335594117
2076-11-24,0.0399889055444931
2076-11-25,0.0253322018463864
2076-11-26,0.00932735115883647
2076-11-27,0.351009940505475
2076-11-28,1.35162782656329
2076-11-29,1.54398151430207
2076-11-30,0.0318696579477568
2076-12-01,0.026260345340609
2076-12-02,0.0117442413661268
2076-12-03,0.0114304881510601
2076-12-04,0.0115047329714342
2076-12-05,0.011556269138005
2076-12-06,0.0199773079327405
2076-12-07,0.0519277687209219
2076-12-08,0.0704440850707208
2076-12-09,0.257233619521845
2076-12-10,0.0957048812412353
2076-12-11,0.012026911887549
2076-12-12,0.0121219078072179
2076-12-13,0.0121716989838505
2076-12-14,0.0122042963371555
2076-12-15,0.08535200456668
2076-12-16,0.464191855313145
2076-12-17,1.22381124092671
2076-12-18,1.85603547238478
2076-12-19,0.529877685269482
2076-12-20,0.0318569614871344
2076-12-21,0.190314191419831
2076-12-22,0.610411951431886
2076-12-23,0.0178998687314113
2076-12-24,0.01826837200658
2076-12-25,0.396840299390303
2076-12-26,0.301281344037509
2076-12-27,0.155524506545032
2076-12-28,0.918252693008968
2076-12-29,4.09075023059591
2076-12-30,1.59850805792609
2076-12-31,0.401952082253582
2077-01-01,0.300156659354382
2077-01-02,0.324678147922937
2077-01-03,0.432349589363682
2077-01-04,0.372260437527212
2077-01-05,0.363170431974502
2077-01-06,0.349492724410365
2077-01-07,0.341909959359056
2077-01-08,0.331582882129234
2077-01-09,0.315450042318534
2077-01-10,0.296403109617795
2077-01-11,0.276641263375792
2077-01-12,0.258545133457163
2077-01-13,0.243062323243633
2077-01-14,0.228587341084177
2077-01-15,0.214666949741816
2077-01-16,0.201651298339902
2077-01-17,0.190379433626285
2077-01-18,0.192909685591392
2077-01-19,0.187490516637735
2077-01-20,0.16599180678222
2077-01-21,0.155872638627791
2077-01-22,0.408779979076166
2077-01-23,0.41370942155369
2077-01-24,0.277637425020532
2077-01-25,0.219801414422961
2077-01-26,0.31962053201334
2077-01-27,0.308943843326267
2077-01-28,0.323217013789009
2077-01-29,0.597323590983596
2077-01-30,0.335133761450494
2077-01-31,0.35929262003318
2077-02-01,0.352509650324382
2077-02-02,0.344378064352734
2077-02-03,0.373637320111576
2077-02-04,0.400312753963581
2077-02-05,0.515889296408579
2077-02-06,0.880683390863994
2077-02-07,0.579129275432383
2077-02-08,0.583685785782454
2077-02-09,0.602524259331392
2077-02-10,0.71867519251626
2077-02-11,0.734544720166184
2077-02-12,0.705192208822014
2077-02-13,0.924962856485757
2077-02-14,0.774309186354033
2077-02-15,0.791104022733404
2077-02-16,0.826464152131464
2077-02-17,0.789414604899925
2077-02-18,0.794703651847517
2077-02-19,0.760794626831344
2077-02-20,0.726445437419006
2077-02-21,1.10784966558962
2077-02-22,1.19718758087808
2077-02-23,0.90189343284438
2077-02-24,0.913382197927502
2077-02-25,0.863956767340079
2077-02-26,0.796054077054545
2077-02-27,2.18416038698653
2077-02-28,4.93089566831616
2077-03-01,1.64237330885588
2077-03-02,1.81052106790023
2077-03-03,3.86069923560961
2077-03-04,4.95550997910899
2077-03-05,1.51130912896079
2077-03-06,1.42441256043208
2077-03-07,1.42777071778581
2077-03-08,1.43389808195301
2077-03-09,1.56616943206984
2077-03-10,1.47194031491832
2077-03-11,1.4887111237351
2077-03-12,1.51729783522801
2077-03-13,1.49981139546987
2077-03-14,1.30960288639485
2077-03-15,1.27229174008619
2077-03-16,1.24128871904108
2077-03-17,1.19464562316948
2077-03-18,1.14204737955407
2077-03-19,1.09881575704338
2077-03-20,1.06162978629925
2077-03-21,1.0589838931082
2077-03-22,1.104336973653
2077-03-23,0.949420690558963
2077-03-24,0.908203606504301
2077-03-25,0.845355770325225
2077-03-26,0.797707205236291
2077-03-27,0.743127728177098
2077-03-28,0.700590638279511
2077-03-29,0.654540808015411
2077-03-30,0.956026724928103
2077-03-31,1.18201107491533
2077-04-01,1.16666012933721
2077-04-02,1.08402853272935
2077-04-03,1.07640991437739
2077-04-04,1.05783900442654
2077-04-05,1.01044013432004
2077-04-06,1.05613823320764
2077-04-07,0.930532304249989
2077-04-08,0.911596992097389
2077-04-09,0.832350641497181
2077-04-10,0.782111843508785
2077-04-11,0.970475719468867
2077-04-12,0.724628458122724
2077-04-13,0.707228105652448
2077-04-14,0.67825984614554
2077-04-15,0.64986887814933
2077-04-16,0.715389574684842
2077-04-17,0.609205374308593
2077-04-18,0.562804610365319
2077-04-19,0.539232476942622
2077-04-20,0.51821885019686
2077-04-21,0.504284600406632
2077-04-22,0.780770462523014
2077-04-23,1.24713200795296
2077-04-24,0.789742278077541
2077-04-25,0.857230915528484
2077-04-26,0.968989470103189
2077-04-27,0.795268658415505
2077-04-28,0.771392585327086
2077-04-29,0.733207386333279
2077-04-30,0.68081082918686
2077-05-01,0.763429561565681
2077-05-02,0.674768441105728
2077-05-03,0.589930327442639
2077-05-04,0.528090571638033
2077-05-05,0.447581795052056
2077-05-06,0.38531143016676
2077-05-07,0.331679278259206
2077-05-08,0.284070469033555
2077-05-09,0.240886387656898
2077-05-10,0.204024475268818
2077-05-11,0.189044142807609
2077-05-12,0.147363615568147
2077-05-13,0.121875260086126
2077-05-14,0.128886877381472
2077-05-15,0.0810914561825111
2077-05-16,0.0645604768963491
2077-05-17,0.238987532168508
2077-05-18,0.122622527226423
2077-05-19,0.0639202911060184
2077-05-20,0.0561979191257324
2077-05-21,0.0437102239668841
2077-05-22,0.0377878039628547
2077-05-23,0.0326696640885711
2077-05-24,0.0280305730693867
2077-05-25,0.0246602235130291
2077-05-26,0.0221107243970468
2077-05-27,0.020271265674441
2077-05-28,0.0194351929094333
2077-05-29,0.0197720130119879
2077-05-30,0.031139559582118
2077-05-31,0.0175028295511562
2077-06-01,0.0205997084316061
2077-06-02,0.0201588401138412
2077-06-03,0.0199051864423046
2077-06-04,0.0196631338534102
2077-06-05,0.0193730106159114
2077-06-06,0.0190403722305285
2077-06-07,0.0187074988680111
2077-06-08,0.0191275747131425
2077-06-09,0.0180736313156642
2077-06-10,0.0177558099681968
2077-06-11,0.0174569595771749
2077-06-12,0.0171763411853523
2077-06-13,0.0168920786431534
2077-06-14,0.0166022604812148
2077-06-15,0.0163269762592158
2077-06-16,0.0160693698340905
2077-06-17,0.0158106551413814
2077-06-18,0.015538064220719
2077-06-19,0.0152561915354454
2077-06-20,0.0149769735990327
2077-06-21,0.0146817069073482
2077-06-22,0.0143646853066878
2077-06-23,0.0140336807963559
2077-06-24,0.0136998342467425
2077-06-25,0.0133506973928928
2077-06-26,0.013006962900058
2077-06-27,0.0126907670202012
2077-06-28,0.0124020069875315
2077-06-29,0.0121128657484541
2077-06-30,0.0118034395859687
2077-07-01,0.0218361544932133
2077-07-02,0.0212328591152553
2077-07-03,0.0206820435448533
2077-07-04,0.0201700873858826
2077-07-05,0.0196821898893765
2077-07-06,0.0192104904967983
2077-07-07,0.0187431442775817
2077-07-08,0.0182923837816862
2077-07-09,0.0178596207915318
2077-07-10,0.0174626027768154
2077-07-11,0.0216349859834747
2077-07-12,0.0167832887869417
2077-07-13,0.0173363397095155
2077-07-14,0.0162152825450326
2077-07-15,0.0159510137574258
2077-07-16,0.0157159368368794
2077-07-17,0.0155083590515982
2077-07-18,0.0195000858073618
2077-07-19,0.0174317990741849
2077-07-20,0.0150730042375426
2077-07-21,0.0149670912408166
2077-07-22,0.0148768080025717
2077-07-23,0.0148037147221639
2077-07-24,0.0147563831573191
2077-07-25,0.0146925620633474
2077-07-26,0.0146491391361189
2077-07-27,0.0146099009115569
2077-07-28,0.0145768075282686
2077-07-29,0.0145523383027053
2077-07-30,0.0145362985217144
2077-07-31,0.0145244461027161
2077-08-01,0.0187568110864978
2077-08-02,0.0187434415789331
2077-08-03,0.018731559709913
2077-08-04,0.0187236554944376
2077-08-05,0.0187186213114888
2077-08-06,0.0187139717761485
2077-08-07,0.0187094616242043
2077-08-08,0.0187049515610119
2077-08-09,0.0187004434191744
2077-08-10,0.0208540268346192
2077-08-11,0.0186914293980691
2077-08-12,0.0186869245568367
2077-08-13,0.0186824202481146
2077-08-14,0.0186779168946731
2077-08-15,0.0186734150943868
2077-08-16,0.0186689147968832
2077-08-17,0.018664414636705
2077-08-18,0.0186599160038961
2077-08-19,0.0186554182052335
2077-08-20,0.0186509217870202
2077-08-21,0.0186464266635028
2077-08-22,0.0186419317750574
2077-08-23,0.018637438505132
2077-08-24,0.018632946591069
2077-08-25,0.0186284554164041
2077-08-26,0.0186239651226599
2077-08-27,0.0186194760090739
2077-08-28,0.0186431883862468
2077-08-29,0.0186105017919212
2077-08-30,0.0186060161132672
2077-08-31,0.0186015314594557
2077-09-01,0.00975166494741942
2077-09-02,0.00974931449644002
2077-09-03,0.00978196417783203
2077-09-04,0.00974461541734074
2077-09-05,0.00974226644489932
2077-09-06,0.00973991838656056
2077-09-07,0.00973757075807321
2077-09-08,0.00973522366068977
2077-09-09,0.0097328771827704
2077-09-10,0.00973053131834053
2077-09-11,0.00972818609349946
2077-09-12,0.00972584115575003
2077-09-13,0.00972349712832983
2077-09-14,0.00972115325970618
2077-09-15,0.00971881031021627
2077-09-16,0.00971646783428624
2077-09-17,0.00971412594291631
2077-09-18,0.00971178463076109
2077-09-19,0.00970944375380293
2077-09-20,0.00970710350385554
2077-09-21,0.00970476388469243
2077-09-22,0.00970242466770922
2077-09-23,0.0097000861645247
2077-09-24,0.00977384051942469
2077-09-25,0.0368483347695078
2077-09-26,0.0100953572304508
2077-09-27,0.0150475879555038
2077-09-28,0.00968840194376013
2077-09-29,0.00968606699164543
2077-09-30,0.00968373239988897
2077-10-01,0.00826123003192895
2077-10-02,0.00825923882405528
2077-10-03,0.00825724815389917
2077-10-04,0.00825525799811662
2077-10-05,0.00825326830599472
2077-10-06,0.00825127893210287
2077-10-07,0.00824929020728229
2077-10-08,0.00824730190131256
2077-10-09,0.00824531412876726
2077-10-10,0.0286787425566618
2077-10-11,0.00824134011311284
2077-10-12,0.0082393535968518
2077-10-13,0.0196468655695025
2077-10-14,0.00823538234250055
2077-10-15,0.00823339748822684
2077-10-16,0.00823141273189072
2077-10-17,0.00822942893561122
2077-10-18,0.00822744551015291
2077-10-19,0.00822546247429836
2077-10-20,0.00822347989834795
2077-10-21,0.0082214978381127
2077-10-22,0.00821951623965985
2077-10-23,0.00821753519636551
2077-10-24,0.00821555452174579
2077-10-25,0.00821357427858807
2077-10-26,0.0220695932512269
2077-10-27,0.0082096154883369
2077-10-28,0.0094136213012493
2077-10-29,0.0082056586345666
2077-10-30,0.00820368078940387
2077-10-31,0.0137759691586864
2077-11-01,0.0173592177071913
2077-11-02,0.014016999507948
2077-11-03,0.0444548591630271
2077-11-04,0.0201811282096425
2077-11-05,0.00911368232526252
2077-11-06,0.00911148586111512
2077-11-07,0.00910928998982344
2077-11-08,0.0143953202489007
2077-11-09,0.00910489965803364
2077-11-10,0.00910270537127277
2077-11-11,0.00910051161855955
2077-11-12,0.00909831842437265
2077-11-13,0.00909612583408659
2077-11-14,0.0109449435327703
2077-11-15,0.00978381946700925
2077-11-16,0.00908955112034578
2077-11-17,0.0716968959124694
2077-11-18,0.014792244383321
2077-11-19,0.00909484658161056
2077-11-20,0.00908079464892125
2077-11-21,0.0132563195290434
2077-11-22,0.274421726369349
2077-11-23,0.173844594302059
2077-11-24,0.0182063888520812
2077-11-25,0.00914347446728927
2077-11-26,0.00907443642274298
2077-11-27,0.00907560213290171
2077-11-28,0.00907685731412225
2077-11-29,0.00907812399990793
2077-11-30,0.0560334463805136
2077-12-01,0.354659724673118
2077-12-02,0.00926682741667526
2077-12-03,0.0442346721773735
2077-12-04,0.0226422180387679
2077-12-05,0.0339570768031257
2077-12-06,0.453754668781716
2077-12-07,0.0564240156283417
2077-12-08,0.0729350045405164
2077-12-09,0.106417787057732
2077-12-10,0.162273249068006
2077-12-11,0.153393240550218
2077-12-12,0.100682942570887
2077-12-13,0.0584592491803579
2077-12-14,0.0228654630965007
2077-12-15,0.0572477526934877
2077-12-16,0.230140752987033
2077-12-17,0.118851599854881
2077-12-18,0.0303858086779541
2077-12-19,0.0467013184885847
2077-12-20,1.36186840645982
2077-12-21,2.92200925339005
2077-12-22,0.113632074770093
2077-12-23,0.0643618688758334
2077-12-24,0.0495170767454015
2077-12-25,0.0254715017393262
2077-12-26,0.0151817504837794
2077-12-27,0.0312710336234785
2077-12-28,0.0220679462169296
2077-12-29,0.0581806891690086
2077-12-30,0.0153870711311341
2077-12-31,0.181820076268512
2078-01-01,0.30890293837987
2078-01-02,0.100790416586718
2078-01-03,0.0120409039245605
2078-01-04,0.0121783749219306
2078-01-05,0.0122876746505508
2078-01-06,0.0701519616469121
2078-01-07,0.958560627029843
2078-01-08,0.247276445761132
2078-01-09,0.0251497909407653
2078-01-10,0.0304643639223728
2078-01-11,0.0775945317867833
2078-01-12,0.129221402065358
2078-01-13,0.153247138658529
2078-01-14,0.0787120503859805
2078-01-15,0.0839033855638899
2078-01-16,0.137428525073069
2078-01-17,0.217197096282849
2078-01-18,0.170647322034982
2078-01-19,0.0328925384963447
2078-01-20,0.0230550777436595
2078-01-21,0.0246767973275883
2078-01-22,0.0172821519453891
2078-01-23,0.0178514807395665
2078-01-24,0.0180608280772453
2078-01-25,0.0188147498629519
2078-01-26,0.0184650194106919
2078-01-27,0.091083354933666
2078-01-28,0.161030831076091
2078-01-29,0.260115256952002
2078-01-30,0.394146514238034
2078-01-31,0.044157414010588
2078-02-01,0.0412398261948397
2078-02-02,0.0565505895213811
2078-02-03,0.0539325070536833
2078-02-04,0.0581008511571195
2078-02-05,0.059435140662328
2078-02-06,0.0764893871455298
2078-02-07,0.0834243355853976
2078-02-08,0.0911697192024215
2078-02-09,0.08708573517847
2078-02-10,0.0855026951220175
2078-02-11,0.0856830991909183
2078-02-12,0.0844481001067133
2078-02-13,0.0739399871986675
2078-02-14,0.0763136682296913
2078-02-15,0.0774158826799215
2078-02-16,0.0763540069944769
2078-02-17,0.0745421201604301
2078-02-18,0.0706323707128726
2078-02-19,0.0660276211208735
2078-02-20,0.086468508412473
2078-02-21,0.0582485630071817
2078-02-22,0.0524724619179944
2078-02-23,0.0479105063994002
2078-02-24,0.0451742681977718
2078-02-25,0.0433215908719883
2078-02-26,0.0414019765745939
2078-02-27,0.0393928519476733
2078-02-28,0.0373354297670798
2078-03-01,0.028787321584476
2078-03-02,0.0270023864545391
2078-03-03,0.0251402730572298
2078-03-04,0.0229516656946999
2078-03-05,0.0205127822834588
2078-03-06,0.018268359442594
2078-03-07,0.0166430353417958
2078-03-08,0.0155393954256166
2078-03-09,0.0146700127764984
2078-03-10,0.014039072891031
2078-03-11,0.0182707901648995
2078-03-12,0.0156306298381543
2078-03-13,0.0231763978326618
2078-03-14,0.0537355076860411
2078-03-15,0.0383689656625905
2078-03-16,0.0801165336306325
2078-03-17,0.0704175411264326
2078-03-18,0.0682849673551573
2078-03-19,0.02738159912357
2078-03-20,0.135039240266251
2078-03-21,0.509517989480695
2078-03-22,0.620535710347245
2078-03-23,0.66141493527506
2078-03-24,0.159017290547358
2078-03-25,0.189710887666335
2078-03-26,0.25914547173601
2078-03-27,0.33981908304917
2078-03-28,0.225241673133639
2078-03-29,0.219625624089198
2078-03-30,0.219113105892686
2078-03-31,0.209261764235196
2078-04-01,0.207574667466962
2078-04-02,0.235773713154959
2078-04-03,0.261827567011495
2078-04-04,0.23254432634339
2078-04-05,0.189337373806237
2078-04-06,0.176176640172265
2078-04-07,0.159959294750846
2078-04-08,0.142102711002163
2078-04-09,0.126164437548108
2078-04-10,0.112436957900677
2078-04-11,0.138804829635035
2078-04-12,0.0945984522570443
2078-04-13,0.085828365247921
2078-04-14,0.0773924539098323
2078-04-15,0.155026726256941
2078-04-16,0.070242585477689
2078-04-17,0.0620191467212813
2078-04-18,0.0540910446852542
2078-04-19,0.046895797409843
2078-04-20,0.0397758866990247
2078-04-21,0.0332315274439071
2078-04-22,0.0291439445017552
2078-04-23,0.0263567174142107
2078-04-24,0.0235260746589483
2078-04-25,0.0208747293235446
2078-04-26,0.018798470772738
2078-04-27,0.0172685746914441
2078-04-28,0.016068782682427
2078-04-29,0.33054991789918
2078-04-30,0.0697594411439661
2078-05-01,0.0355930589734158
2078-05-02,0.0248740399989597
2078-05-03,0.0245504042562376
2078-05-04,0.0258147698325993
2078-05-05,0.0264276926079775
2078-05-06,0.0663789190800011
2078-05-07,0.0448460215305392
2078-05-08,0.0358874000758183
2078-05-09,0.0231013299958275
2078-05-10,0.0213980762900541
2078-05-11,0.020165307708283
2078-05-12,0.0191811623931316
2078-05-13,0.0183032648041423
2078-05-14,0.0180356817960366
2078-05-15,0.0169975498164473
2078-05-16,0.0177807489431374
2078-05-17,0.0173226038174144
2078-05-18,0.0161256998750657
2078-05-19,0.0159787090563442
2078-05-20,0.0158328556045085
2078-05-21,0.0156536735767943
2078-05-22,0.0154353004653548
2078-05-23,0.0151834024284502
2078-05-24,0.0149211116008809
2078-05-25,0.014660034800686
2078-05-26,0.0144023044912598
2078-05-27,0.0141542757782974
2078-05-28,0.0139016611046473
2078-05-29,0.0136325710230278
2078-05-30,0.0133588444784934
2078-05-31,0.0130868468624146
2078-06-01,0.0156185383017321
2078-06-02,0.0152673993385446
2078-06-03,0.0149163786073069
2078-06-04,0.014580149216074
2078-06-05,0.0142638098351184
2078-06-06,0.013947720206267
2078-06-07,0.0136074575898106
2078-06-08,0.0132466175611574
2078-06-09,0.0128935971243802
2078-06-10,0.0125577378239389
2078-06-11,0.0122272135410894
2078-06-12,0.0119046829547662
2078-06-13,0.0115843566846282
2078-06-14,0.0112556390761708
2078-06-15,0.0109340254418197
2078-06-16,0.0106305723497643
2078-06-17,0.0103618381780705
2078-06-18,0.0101104858887566
2078-06-19,0.00985337170473937
2078-06-20,0.00960744536566212
2078-06-21,0.00937746180791225
2078-06-22,0.00916606485399525
2078-06-23,0.00898165988601195
2078-06-24,0.00882245121738673
2078-06-25,0.00867085469401729
2078-06-26,0.00852389688914495
2078-06-27,0.0083904175558036
2078-06-28,0.00827085956553351
2078-06-29,0.00816461606024213
2078-06-30,0.00807181830399733
2078-07-01,0.0152054452997591
2078-07-02,0.015076389778161
2078-07-03,0.0149674368868477
2078-07-04,0.0148755978820758
2078-07-05,0.0147975229062691
2078-07-06,0.0147319893418159
2078-07-07,0.0146783419202905
2078-07-08,0.0146340665127097
2078-07-09,0.0145962514308226
2078-07-10,0.0145665516890974
2078-07-11,0.0145455397836828
2078-07-12,0.0145300939372496
2078-07-13,0.0145181396471777
2078-07-14,0.0145079896873261
2078-07-15,0.0144985933301772
2078-07-16,0.014490727238609
2078-07-17,0.0144848891372082
2078-07-18,0.0144804037687532
2078-07-19,0.0144768830971566
2078-07-20,0.0144733939927021
2078-07-21,0.0144699056678094
2078-07-22,0.0144664174849081
2078-07-23,0.0144629304806299
2078-07-24,0.014459444793718
2078-07-25,0.014455959536029
2078-07-26,0.0144524754987253
2078-07-27,0.0144489917467967
2078-07-28,0.0144455091164161
2078-07-29,0.0144420270359048
2078-07-30,0.0173326556566477
2078-07-31,0.0144350657773574
2078-08-01,0.0186503946575007
2078-08-02,0.0186458991711806
2078-08-03,0.018641405092295
2078-08-04,0.0186369121006182
2078-08-05,0.0186324197631855
2078-08-06,0.0186279288709669
2078-08-07,0.0186234387067523
2078-08-08,0.0186189500950934
2078-08-09,0.0186144620537243
2078-08-10,0.0186099756116854
2078-08-11,0.0186054896721732
2078-08-12,0.0186010057445668
2078-08-13,0.0185965219986617
2078-08-14,0.0185920400649709
2078-08-15,0.0185875581186871
2078-08-16,0.0185830783654105
2078-08-17,0.0185785992154058
2078-08-18,0.0185741211885902
2078-08-19,0.0185696444432778
2078-08-20,0.0185651684619498
2078-08-21,0.0185606935588354
2078-08-22,0.0185562197735132
2078-08-23,0.0185517472738917
2078-08-24,0.0185472759154495
2078-08-25,0.0185428057593535
2078-08-26,0.0185383363192681
2078-08-27,0.0185338675616115
2078-08-28,0.0185294005328147
2078-08-29,0.0185249341534647
2078-08-30,0.0185204695083715
2078-08-31,0.0185160058083643
2078-09-01,0.00970682870111498
2078-09-02,0.00970448913792368
2078-09-03,0.00970214988320666
2078-09-04,0.00969981138473881
2078-09-05,0.0238637252043615
2078-09-06,0.00969513612639039
2078-09-07,0.00969279940990371
2078-09-08,0.00969046306132205
2078-09-09,0.00968812766143226
2078-09-10,0.00968579244109273
2078-09-11,0.00968345793014956
2078-09-12,0.00968112384497003
2078-09-13,0.00967879024529941
2078-09-14,0.00967645739716122
2078-09-15,0.00967412533042826
2078-09-16,0.00967179354009572
2078-09-17,0.00966946230162081
2078-09-18,0.00966713156186155
2078-09-19,0.00966480162583329
2078-09-20,0.00966247235769421
2078-09-21,0.0096601433867092
2078-09-22,0.00965781502606924
2078-09-23,0.00965548710974535
2078-09-24,0.0114157855259747
2078-09-25,0.00965083319995176
2078-09-26,0.00964850715742795
2078-09-27,0.00964618169097433
2078-09-28,0.00964385676914596
2078-09-29,0.0096415323601835
2078-09-30,0.0096392083052903
2078-10-01,0.00822324673472561
2078-10-02,0.00822126457199131
2078-10-03,0.00821928289009028
2078-10-04,0.00821730183391647
2078-10-05,0.00821532125455111
2078-10-06,0.00821334118982762
2078-10-07,0.00821136160674238
2078-10-08,0.00820938245216759
2078-10-09,0.00820740402367251
2078-10-10,0.00820542571082428
2078-10-11,0.00820344803416784
2078-10-12,0.0165458340230486
2078-10-13,0.00820451453096083
2078-10-14,0.0470155652056176
2078-10-15,0.00819554198158961
2078-10-16,0.00819356669058534
2078-10-17,0.00819159159062641
2078-10-18,0.0428158745540409
2078-10-19,0.00865141740404047
2078-10-20,0.068471555047665
2078-10-21,0.00818369798524398
2078-10-22,0.00818172806846385
2078-10-23,0.00817975978818045
2078-10-24,0.00817779240731289
2078-10-25,0.00817582553169589
2078-10-26,0.00817385917045246
2078-10-27,0.00817189319237304
2078-10-28,0.00816992743485442
2078-10-29,0.00816796149192519
2078-10-30,0.00816599610764267
2078-10-31,0.00816403105768953
2078-11-01,0.00908057541320686
2078-11-02,0.00907838969598714
2078-11-03,0.333711989319081
2078-11-04,0.424311308021178
2078-11-05,0.0125102060194957
2078-11-06,0.0122656853528161
2078-11-07,0.00925676579252091
2078-11-08,0.0225777040237952
2078-11-09,0.0113051626979886
2078-11-10,0.0092085738835604
2078-11-11,0.0092323257503758
2078-11-12,0.0108110673720636
2078-11-13,0.0657994761356855
2078-11-14,0.262863347740981
2078-11-15,0.434160889081305
2078-11-16,0.0317308566170161
2078-11-17,0.0544067498990131
2078-11-18,0.0822373608922653
2078-11-19,0.0253523061120051
2078-11-20,0.0103730622890734
2078-11-21,0.0104550165156631
2078-11-22,0.0105351619194703
2078-11-23,0.0105942895043192
2078-11-24,0.0106441702117363
2078-11-25,0.0125318646939871
2078-11-26,0.0107130901821715
2078-11-27,0.0107354791575852
2078-11-28,0.0107568972881845
2078-11-29,0.0107735930731672
2078-11-30,0.0107797023706944
2078-12-01,0.00911736454041573
2078-12-02,0.00910853483867718
2078-12-03,0.0536834395885844
2078-12-04,0.00974332976791326
2078-12-05,0.0138294539666498
2078-12-06,0.00912039721777189
2078-12-07,0.00912050275994556
2078-12-08,0.0099000274808977
2078-12-09,0.00911853429270774
2078-12-10,0.00911554717641353
2078-12-11,0.00911168600940052
2078-12-12,0.00910649164846847
2078-12-13,0.00910022249938081
2078-12-14,0.00909258355318726
2078-12-15,0.161756403437309
2078-12-16,0.421449875452949
2078-12-17,1.21903253086423
2078-12-18,1.59441228884937
2078-12-19,0.155864753770511
2078-12-20,0.0313087604622691
2078-12-21,0.303954192615381
2078-12-22,0.423321506546249
2078-12-23,1.28033746620538
2078-12-24,0.276470216839667
2078-12-25,0.0375124377047017
2078-12-26,0.0496145086044151
2078-12-27,0.0514258828341897
2078-12-28,0.0684103259246352
2078-12-29,0.117942689688276
2078-12-30,0.117301704065561
2078-12-31,0.126131037671144
2079-01-01,0.112783955114415
2079-01-02,0.100968160243325
2079-01-03,0.0629715583951937
2079-01-04,0.141715720377324
2079-01-05,0.0153522284283993
2079-01-06,0.129058738882212
2079-01-07,0.140305586065373
2079-01-08,0.0487156460485164
2079-01-09,0.0532049616594431
2079-01-10,0.0201115557376716
2079-01-11,0.0271345700176429
2079-01-12,0.237353213012466
2079-01-13,0.133036029131914
2079-01-14,0.419042466339217
2079-01-15,2.42990796946998
2079-01-16,2.86716389285401
2079-01-17,1.24482086888642
2079-01-18,0.475861180770963
2079-01-19,0.795231890772701
2079-01-20,0.8381426367215
2079-01-21,0.811518802177499
2079-01-22,1.8290504685093
2079-01-23,1.74491883275305
2079-01-24,1.37569762531708
2079-01-25,1.36205322071402
2079-01-26,1.28683347339474
2079-01-27,1.20747783211202
2079-01-28,1.10512636936777
2079-01-29,1.23719104581373
2079-01-30,1.74876637322026
2079-01-31,1.48128436935839
2079-02-01,1.30897441605599
2079-02-02,1.2812345737993
2079-02-03,1.49455219629463
2079-02-04,1.32911723477006
2079-02-05,1.21915491721168
2079-02-06,1.16872059790696
2079-02-07,1.10302453650307
2079-02-08,1.03990056838421
2079-02-09,1.42806537118492
2079-02-10,1.51371947081062
2079-02-11,1.18736117572055
2079-02-12,1.19478347529892
2079-02-13,1.14679399380526
2079-02-14,1.18576598905224
2079-02-15,1.0187232185196
2079-02-16,0.969096338158179
2079-02-17,0.916317831601207
2079-02-18,0.852630212864503
2079-02-19,0.796515818386639
2079-02-20,0.759272482868325
2079-02-21,0.692355588946866
2079-02-22,0.635326183748192
2079-02-23,0.586089050106414
2079-02-24,0.539912796034146
2079-02-25,0.499260827653267
2079-02-26,0.463072699527404
2079-02-27,0.428789985553356
2079-02-28,0.391025992792336
2079-03-01,0.294247283705211
2079-03-02,0.26924510188573
2079-03-03,0.247473803040216
2079-03-04,0.238364869492278
2079-03-05,0.219681842534959
2079-03-06,0.204386868676886
2079-03-07,0.191357069346683
2079-03-08,0.17996114203364
2079-03-09,0.197907582872237
2079-03-10,0.170710989478594
2079-03-11,0.154451655289543
2079-03-12,0.338724701252588
2079-03-13,0.328520787638844
2079-03-14,0.391190521365843
2079-03-15,0.375645628597958
2079-03-16,0.316554613580844
2079-03-17,0.459339766565951
2079-03-18,0.420748211960384
2079-03-19,0.503512050901077
2079-03-20,0.537752882493712
2079-03-21,0.702453792471193
2079-03-22,0.677630240598398
2079-03-23,0.639315578940934
2079-03-24,0.72096899401116
2079-03-25,0.774490367732188
2079-03-26,0.829653027593916
2079-03-27,0.837975663589954
2079-03-28,0.784239978111944
2079-03-29,0.704830636911618
2079-03-30,0.624944169310302
2079-03-31,0.558256857259658
2079-04-01,0.517971461009327
2079-04-02,0.447323182904853
2079-04-03,0.387557766700008
2079-04-04,0.336000719896628
2079-04-05,0.286965119446443
2079-04-06,0.245477076458154
2079-04-07,0.213041286541446
2079-04-08,0.187239879473071
2079-04-09,0.165305113113812
2079-04-10,0.14392568451421
2079-04-11,0.122455306753655
2079-04-12,0.487755590020653
2079-04-13,0.103222930839682
2079-04-14,0.104105386695539
2079-04-15,0.0997168145049443
2079-04-16,0.0916771950074491
2079-04-17,0.0818211154382368
2079-04-18,0.0731173746263495
2079-04-19,0.0659315115636896
2079-04-20,0.0596180178157685
2079-04-21,0.0541109053679804
2079-04-22,0.15430410387791
2079-04-23,0.159622762483132
2079-04-24,0.0487193969846616
2079-04-25,0.0440013168025524
2079-04-26,0.0379385350158693
2079-04-27,0.0318788501462537
2079-04-28,0.0286138351338045
2079-04-29,0.0244780873087693
2079-04-30,0.022359599132543
2079-05-01,0.0253610555038868
2079-05-02,0.0235037740970302
2079-05-03,0.0220547716587205
2079-05-04,0.0230392070211228
2079-05-05,0.0194353648686468
2079-05-06,0.0182713060378163
2079-05-07,0.017422452084256
2079-05-08,0.0168582941738447
2079-05-09,0.0165615605088755
2079-05-10,0.0230564899094366
2079-05-11,0.0325812046266523
2079-05-12,0.0205422437660315
2079-05-13,0.0232147875117191
2079-05-14,0.0161176102260004
2079-05-15,0.0159663609575451
2079-05-16,0.106859832205206
2079-05-17,0.0188430201695934
2079-05-18,0.0156331546421039
2079-05-19,0.0154978101262537
2079-05-20,0.0153323326847208
2079-05-21,0.015145628210743
2079-05-22,0.0149413221517333
2079-05-23,0.0147130701005394
2079-05-24,0.0144625718100641
2079-05-25,0.0142012325311094
2079-05-26,0.0139304435103199
2079-05-27,0.0136539527086669
2079-05-28,0.0133801670533029
2079-05-29,0.0131038508260894
2079-05-30,0.0128262467178704
2079-05-31,0.01255597448727
2079-06-01,0.0149781717793055
2079-06-02,0.0146514860974304
2079-06-03,0.0143384695744328
2079-06-04,0.0140188100432071
2079-06-05,0.0137042078884337
2079-06-06,0.0443645640538585
2079-06-07,0.0185714589680688
2079-06-08,0.0309409111307277
2079-06-09,0.012751021327178
2079-06-10,0.0124574027767555
2079-06-11,0.0121660025116689
2079-06-12,0.0118564230607042
2079-06-13,0.0115329199501831
2079-06-14,0.0112196408058831
2079-06-15,0.0109238580799752
2079-06-16,0.0106539340042351
2079-06-17,0.0104047706376269
2079-06-18,0.0101547852895654
2079-06-19,0.00990429627211053
2079-06-20,0.00968516391583996
2079-06-21,0.00986301722480728
2079-06-22,0.00936015458522394
2079-06-23,0.00917734706655302
2079-06-24,0.0089849679597324
2079-06-25,0.00880512958410333
2079-06-26,0.00864127198913077
2079-06-27,0.008494036394345
2079-06-28,0.0083634207383719
2079-06-29,0.00824718215450191
2079-06-30,0.00814395654965175
2079-07-01,0.0157165408579438
2079-07-02,0.0151942605089509
2079-07-03,0.0150785774429696
2079-07-04,0.0149773178728757
2079-07-05,0.0148849691675016
2079-07-06,0.0148027389559942
2079-07-07,0.0147344248543275
2079-07-08,0.0146784756216083
2079-07-09,0.0146322886189095
2079-07-10,0.0145947763206199
2079-07-11,0.0145666413071324
2079-07-12,0.0145461929533246
2079-07-13,0.0145310465676073
2079-07-14,0.014520001899756
2079-07-15,0.0145104554839514
2079-07-16,0.014501600134693
2079-07-17,0.0144937823610978
2079-07-18,0.0144877762038402
2079-07-19,0.014483425248053
2079-07-20,0.0144799058669092
2079-07-21,0.0144764156019288
2079-07-22,0.0144729266492105
2079-07-23,0.0144694381813981
2079-07-24,0.0144659501581213
2079-07-25,0.0144624638721534
2079-07-26,0.014458977819126
2079-07-27,0.0144554928333555
2079-07-28,0.0144520087575377
2079-07-29,0.0144485251086227
2079-07-30,0.0144450426703483
2079-07-31,0.0144415609086221
2079-08-01,0.0186587863256741
2079-08-02,0.0186542888862161
2079-08-03,0.0186497926820863
2079-08-04,0.0186452975159921
2079-08-05,0.0186408036278028
2079-08-06,0.0186363103452841
2079-08-07,0.0186318182609139
2079-08-08,0.0186273275294078
2079-08-09,0.0186228381399718
2079-08-10,0.0186183493813928
2079-08-11,0.0186138615241236
2079-08-12,0.0186093752757794
2079-08-13,0.0186048896840781
2079-08-14,0.0186004050806392
2079-08-15,0.0185959222276485
2079-08-16,0.018591439846601
2079-08-17,0.0185869587890338
2079-08-18,0.0185824790057735
2079-08-19,0.0185780002263672
2079-08-20,0.0185735224825978
2079-08-21,0.018569045377481
2079-08-22,0.0185645698668971
2079-08-23,0.0185600950837175
2079-08-24,0.018555621311588
2079-08-25,0.0185511490578328
2079-08-26,0.0185466781053698
2079-08-27,0.0185422075492914
2079-08-28,0.0185377386213274
2079-08-29,0.0185332703907842
2079-08-30,0.0185288036252441
2079-08-31,0.0185243373982113
2079-09-01,0.00971119670655476
2079-09-02,0.00970885599248108
2079-09-03,0.00970651597459683
2079-09-04,0.00970417631424096
2079-09-05,0.00970183759943235
2079-09-06,0.00969949907863874
2079-09-07,0.00969716119271708
2079-09-08,0.00969482374891044
2079-09-09,0.00969248714593971
2079-09-10,0.00969015096338697
2079-09-11,0.0096878154109896
2079-09-12,0.00968548029473261
2079-09-13,0.00968314595988076
2079-09-14,0.00968081215078717
2079-09-15,0.00967847860520173
2079-09-16,0.00967614595862524
2079-09-17,0.00967381372806448
2079-09-18,0.00967148214809815
2079-09-19,0.00966915101716462
2079-09-20,0.00966682057896176
2079-09-21,0.00966449073223696
2079-09-22,0.00966216111568868
2079-09-23,0.00965983230444361
2079-09-24,0.00965750403467935
2079-09-25,0.00965517634004187
2079-09-26,0.00965284932367031
2079-09-27,0.00965052264313002
2079-09-28,0.00964819669305421
2079-09-29,0.00964587124798312
2079-09-30,0.00964354625131585
2079-10-01,0.00822694725579336
2079-10-02,0.00822496451348323
2079-10-03,0.0426987924626832
2079-10-04,0.493327221658223
2079-10-05,0.427489966012092
2079-10-06,0.00826673140858224
2079-10-07,0.00834738238407004
2079-10-08,0.00841481924274431
2079-10-09,0.00846516246717883
2079-10-10,0.00850040277985249
2079-10-11,0.00852217528142171
2079-10-12,0.0117163958068766
2079-10-13,0.00854745165156669
2079-10-14,0.0106287790682631
2079-10-15,0.00855784488832315
2079-10-16,0.00855512554619395
2079-10-17,0.0373044587630882
2079-10-18,0.00854693402300696
2079-10-19,0.00853584999009414
2079-10-20,0.00852306704334847
2079-10-21,0.00851018999817461
2079-10-22,0.00849741033783851
2079-10-23,0.00848569807049136
2079-10-24,0.00847589583310575
2079-10-25,0.00847638592483745
2079-10-26,0.033076163726292
2079-10-27,0.00984018966611809
2079-10-28,0.00846141587466286
2079-10-29,0.00845915212662438
2079-10-30,0.00845618450414009
2079-10-31,0.00845302047924004
2079-11-01,0.0113726216886562
2079-11-02,0.00939907805718609
2079-11-03,0.0149828191282697
2079-11-04,0.00939343611653441
2079-11-05,0.00938926776264059
2079-11-06,0.00938421824156833
2079-11-07,0.00939568520304452
2079-11-08,0.0469599641291897
2079-11-09,0.0093721493073564
2079-11-10,0.00936742678233071
2079-11-11,0.00936193436132285
2079-11-12,0.00935685908864021
2079-11-13,0.00935195673728218
2079-11-14,0.00934706288501533
2079-11-15,0.0097663941691905
2079-11-16,0.00933907914668304
2079-11-17,0.00933555513978262
2079-11-18,0.0610865726806059
2079-11-19,0.368937873169226
2079-11-20,0.282688832265796
2079-11-21,0.00939102771452941
2079-11-22,0.00946933823318734
2079-11-23,0.00953523142743597
2079-11-24,0.00958861721723786
2079-11-25,0.00963223050510576
2079-11-26,0.00966698027556912
2079-11-27,0.26760679647291
2079-11-28,0.81156127895927
2079-11-29,0.027260127077635
2079-11-30,0.19385700959821
2079-12-01,0.0202805285280591
2079-12-02,0.0162926382267111
2079-12-03,0.0162543295910676
2079-12-04,0.0176165030315904
2079-12-05,0.0156468497461347
2079-12-06,0.0115391096235186
2079-12-07,0.0105157861971838
2079-12-08,0.0841823612513986
2079-12-09,0.0153018009288153
2079-12-10,0.0112444909061887
2079-12-11,0.0113355086093263
2079-12-12,0.0126300427680816
2079-12-13,0.0126884397253389
2079-12-14,0.247290983195559
2079-12-15,0.0679686538976663
2079-12-16,0.0256501501109411
2079-12-17,0.0204804194274493
2079-12-18,0.0151513000337962
2079-12-19,0.0118927765315628
2079-12-20,0.011419002099467
2079-12-21,0.0113425699747767
2079-12-22,0.0127962161925396
2079-12-23,0.0138648309408109
2079-12-24,0.0194415588352909
2079-12-25,0.0469164563325868
2079-12-26,0.194080002392109
2079-12-27,0.215679939919868
2079-12-28,0.15489656406343
2079-12-29,0.159247782633309
2079-12-30,0.139818561720983
2079-12-31,0.0760327068990632
2080-01-01,0.0427527808651412
2080-01-02,0.0206444945917388
2080-01-03,0.0143866679550494
2080-01-04,0.0107518880075513
2080-01-05,0.00953559173893617
2080-01-06,0.00956167880432391
2080-01-07,0.00957945897476519
2080-01-08,0.00959132748896588
2080-01-09,0.00959774701936421
2080-01-10,0.00960444960963895
2080-01-11,0.00961060110647864
2080-01-12,0.00961065659173585
2080-01-13,0.00960475009658838
2080-01-14,0.00959858643417932
2080-01-15,0.0151910747420701
2080-01-16,0.0118569346046006
2080-01-17,0.22796438330005
2080-01-18,0.436415903051123
2080-01-19,0.166615636974118
2080-01-20,0.0202402067400513
2080-01-21,0.0141194008810745
2080-01-22,0.0105686792571494
2080-01-23,0.0115427501315085
2080-01-24,0.0106782527904619
2080-01-25,0.0106984289468136
2080-01-26,0.0943656558279039
2080-01-27,0.308222208337279
2080-01-28,0.0502741244445104
2080-01-29,0.0304847603067146
2080-01-30,0.0200865270707581
2080-01-31,0.198778924913092
2080-02-01,0.154459521578223
2080-02-02,0.0243218126056167
2080-02-03,0.0985088420263858
2080-02-04,0.288413786074543
2080-02-05,0.866170947444563
2080-02-06,0.324159561767184
2080-02-07,0.0522881283514565
2080-02-08,0.0477110590881465
2080-02-09,0.0458213444182376
2080-02-10,0.0468407578911456
2080-02-11,0.0489771571739879
2080-02-12,0.0738724721429114
2080-02-13,0.0783699079928102
2080-02-14,0.0370125419418196
2080-02-15,0.0860385646684522
2080-02-16,0.097387489730706
2080-02-17,0.302979642727359
2080-02-18,0.0249533071203333
2080-02-19,0.0156235859534049
2080-02-20,0.0891790324427143
2080-02-21,0.0774957502442094
2080-02-22,0.0170477966805553
2080-02-23,0.0173555700069917
2080-02-24,0.0286291884378349
2080-02-25,0.0501131101088324
2080-02-26,0.0182583088124212
2080-02-27,0.0182765868791997
2080-02-28,0.0181652986287855
2080-02-29,0.0179563081175243
2080-03-01,0.0144802817121646
2080-03-02,0.171319333650657
2080-03-03,0.304015223010713
2080-03-04,0.388748407444478
2080-03-05,0.126915145917687
2080-03-06,0.0762933116993376
2080-03-07,0.158747926955401
2080-03-08,0.331452601593743
2080-03-09,0.380404166020231
2080-03-10,0.292739291222619
2080-03-11,0.562483890169232
2080-03-12,0.551832877984796
2080-03-13,0.431295307493448
2080-03-14,0.482673309327847
2080-03-15,0.554923448586958
2080-03-16,0.544754417868118
2080-03-17,0.562137539739163
2080-03-18,0.537323794212555
2080-03-19,0.521625060609168
2080-03-20,0.530189349028694
2080-03-21,0.546921236846887
2080-03-22,0.506859077779797
2080-03-23,0.574661930857754
2080-03-24,0.748191391104174
2080-03-25,0.549848574149837
2080-03-26,0.558973335147238
2080-03-27,0.64969909821253
2080-03-28,0.797671753630347
2080-03-29,0.606596232261756
2080-03-30,0.602040479498235
2080-03-31,0.545660134128482
2080-04-01,0.524845385026047
2080-04-02,0.472300181450089
2080-04-03,0.477697306820109
2080-04-04,0.59127089675507
2080-04-05,0.508172796654766
2080-04-06,0.426356165739672
2080-04-07,0.422129333842713
2080-04-08,0.404226343969304
2080-04-09,0.377933512992842
2080-04-10,0.344395181999119
2080-04-11,0.309615590417026
2080-04-12,0.27523832199889
2080-04-13,0.246667316312804
2080-04-14,0.225669253493085
2080-04-15,0.206885893763644
2080-04-16,0.189752281616051
2080-04-17,0.171886541816619
2080-04-18,0.160882946542784
2080-04-19,0.138972270140972
2080-04-20,0.121181289472994
2080-04-21,0.105366503370111
2080-04-22,0.0941000130029797
2080-04-23,0.0841255309614339
2080-04-24,0.073158106579708
2080-04-25,0.0626434923139847
2080-04-26,0.0529013644297783
2080-04-27,0.0437178418631899
2080-04-28,0.0356954431476125
2080-04-29,0.0290181277203976
2080-04-30,0.0232718633808606
2080-05-01,0.0233832692954821
2080-05-02,0.020100723925494
2080-05-03,0.0184703047298157
2080-05-04,0.0176013042110267
2080-05-05,0.0170992850642923
2080-05-06,0.0336021234444869
2080-05-07,0.0167013571212061
2080-05-08,0.132156780313511
2080-05-09,0.584370612558031
2080-05-10,0.366241753945972
2080-05-11,0.0314827928982339
2080-05-12,0.0246256441725918
2080-05-13,0.025217935907817
2080-05-14,0.0246418379074743
2080-05-15,0.0232769963836171
2080-05-16,0.0218843965633227
2080-05-17,0.198072619010198
2080-05-18,0.296035771283428
2080-05-19,0.0377231791141757
2080-05-20,0.0266721380443969
2080-05-21,0.122931880515224
2080-05-22,0.0269619319436256
2080-05-23,0.0864160999546493
2080-05-24,0.28150271722327
2080-05-25,0.0322270672293789
2080-05-26,0.0352920963195121
2080-05-27,0.0344312576543511
2080-05-28,0.032123894222512
2080-05-29,0.0297360085625899
2080-05-30,0.0269179111050964
2080-05-31,0.0373022599848505
2080-06-01,0.0284387152028405
2080-06-02,0.0264391972025412
2080-06-03,0.024269650592734
2080-06-04,0.0222796783426797
2080-06-05,0.0207269415970834
2080-06-06,0.0199083957246963
2080-06-07,0.0195219708076705
2080-06-08,0.0192562358440572
2080-06-09,0.0189913138744817
2080-06-10,0.0187011377543966
2080-06-11,0.0184017522694893
2080-06-12,0.0181008498649508
2080-06-13,0.0177872359888146
2080-06-14,0.0174662801352273
2080-06-15,0.0171479324334958
2080-06-16,0.0168297142607856
2080-06-17,0.0164977378120841
2080-06-18,0.016146908566207
2080-06-19,0.0157863098344145
2080-06-20,0.0154273338591303
2080-06-21,0.015086341007001
2080-06-22,0.0147535909142637
2080-06-23,0.0144116561868523
2080-06-24,0.0140692905766494
2080-06-25,0.0137317746421433
2080-06-26,0.0134069511132318
2080-06-27,0.0130900823181449
2080-06-28,0.0127803447203748
2080-06-29,0.0124786603043582
2080-06-30,0.0121770121267712
2080-07-01,0.0225583402231132
2080-07-02,0.0219643866135003
2080-07-03,0.027875823851097
2080-07-04,0.0208427067026968
2080-07-05,0.0202887180741944
2080-07-06,0.0197425943447164
2080-07-07,0.019218559760691
2080-07-08,0.0187173785171145
2080-07-09,0.0182516628030413
2080-07-10,0.017824759506753
2080-07-11,0.0174334717749581
2080-07-12,0.017069419053664
2080-07-13,0.0167304345030306
2080-07-14,0.0164219196119363
2080-07-15,0.0161481530991097
2080-07-16,0.0159075598073561
2080-07-17,0.0156976407246919
2080-07-18,0.0155210715702357
2080-07-19,0.0153650599796769
2080-07-20,0.0152274529712756
2080-07-21,0.0151094121582326
2080-07-22,0.0150047151765095
2080-07-23,0.0149117376873882
2080-07-24,0.0148266715192591
2080-07-25,0.0147556575984185
2080-07-26,0.0146967976570045
2080-07-27,0.0146487476718164
2080-07-28,0.0146092043611659
2080-07-29,0.0145772136896282
2080-07-30,0.0145532090716664
2080-07-31,0.0145358828320698
2080-08-01,0.0187684463774199
2080-08-02,0.0187546803936797
2080-08-03,0.0187424796067038
2080-08-04,0.0187314340788378
2080-08-05,0.0187224747533861
2080-08-06,0.0187159265864207
2080-08-07,0.0187107251244471
2080-08-08,0.0187061328783499
2080-08-09,0.0187016124647865
2080-08-10,0.0186971047816996
2080-08-11,0.0186925985306339
2080-08-12,0.0186880922975584
2080-08-13,0.0186835882976684
2080-08-14,0.0186790847211482
2080-08-15,0.0186745830857722
2080-08-16,0.0186700811259727
2080-08-17,0.018665581345388
2080-08-18,0.0186610820883186
2080-08-19,0.0186565844299797
2080-08-20,0.0186520873455287
2080-08-21,0.0186475918394194
2080-08-22,0.0186430972334205
2080-08-23,0.0186386035059438
2080-08-24,0.0201476871075933
2080-08-25,0.0186432348699665
2080-08-26,0.0186251291567974
2080-08-27,0.0210452116471493
2080-08-28,0.0192408509599754
2080-08-29,0.0186116647148631
2080-08-30,0.0186071787519635
2080-08-31,0.018602693940438
2080-09-01,0.00975227423433074
2080-09-02,0.00974992382328638
2080-09-03,0.00974757348016295
2080-09-04,0.00974522413415644
2080-09-05,0.00974287523183717
2080-09-06,0.00974052696596216
2080-09-07,0.00973817896548194
2080-09-08,0.00973583205488104
2080-09-09,0.00973348527131752
2080-09-10,0.0206891555878675
2080-09-11,0.00972879383395178
2080-09-12,0.0294378300155732
2080-09-13,0.00972410438704669
2080-09-14,0.0097217608177783
2080-09-15,0.0097194173378133
2080-09-16,0.00971707477226538
2080-09-17,0.0253715653977738
2080-09-18,0.0607423491664487
2080-09-19,0.0106068102015739
2080-09-20,0.00970770988211596
2080-09-21,0.0525029410344888
2080-09-22,0.0097030313893476
2080-09-23,0.00970069335752174
2080-09-24,0.00969835605678927
2080-09-25,0.00969601945004519
2080-09-26,0.00969368347628643
2080-09-27,0.00969134785219469
2080-09-28,0.00968901294473168
2080-09-29,0.00968667825077931
2080-09-30,0.00968434410082337
2080-10-01,0.0082617525664907
2080-10-02,0.00825976182791244
2080-10-03,0.00825777131177326
2080-10-04,0.00825578148844182
2080-10-05,0.00825379210489039
2080-10-06,0.0154038813428295
2080-10-07,0.0109312762248377
2080-10-08,0.00824782629320017
2080-10-09,0.00824583847799163
2080-10-10,0.00824385144145395
2080-10-11,0.00824186487743158
2080-10-12,0.00854993639428176
2080-10-13,0.301950836759845
2080-10-14,0.116278162285886
2080-10-15,0.00823476605376792
2080-10-16,0.0082341730685449
2080-10-17,0.00823380081477446
2080-10-18,0.00823345927181465
2080-10-19,0.00823306907319608
2080-10-20,0.00823260141292703
2080-10-21,0.0652675238799018
2080-10-22,0.00823159773893348
2080-10-23,0.00823142708336874
2080-10-24,0.00823131799700241
2080-10-25,0.00823112107350506
2080-10-26,0.00862050035055811
2080-10-27,0.00823049745313827
2080-10-28,0.00823005023123498
2080-10-29,0.0082294880322211
2080-10-30,0.00822882501894419
2080-10-31,0.00822804691720296
2080-11-01,0.00915296651981329
2080-11-02,0.00915180365333206
2080-11-03,0.00915048311439614
2080-11-04,0.00914903823188503
2080-11-05,0.00914751694352664
2080-11-06,0.00914592722212575
2080-11-07,0.00922102983822107
2080-11-08,0.00914263047359695
2080-11-09,0.0120317278340027
2080-11-10,0.00913933993661988
2080-11-11,0.00913768296997761
2080-11-12,0.00913598745159407
2080-11-13,0.00913424511253507
2080-11-14,0.00913245626325862
2080-11-15,0.00913061833442502
2080-11-16,0.00912871643687787
2080-11-17,0.00912675410387001
2080-11-18,0.00912474970049531
2080-11-19,0.00912269941946185
2080-11-20,0.00912062322024529
2080-11-21,0.00911852809770721
2080-11-22,0.00911640577037573
2080-11-23,0.00911426415135218
2080-11-24,0.00911210876141875
2080-11-25,0.00910995768655551
2080-11-26,0.0302450463624812
2080-11-27,0.0151894908575123
2080-11-28,0.00910377176257656
2080-11-29,0.00910168226410781
2080-11-30,0.0944754037850356
2080-12-01,0.0832779433019444
2080-12-02,0.0117060355701133
2080-12-03,0.0166596403354875
2080-12-04,0.009596435451149
2080-12-05,0.00923046115845511
2080-12-06,0.0255209298324117
2080-12-07,0.293135978640928
2080-12-08,1.16179123377387
2080-12-09,0.0543096479374061
2080-12-10,0.0299616861249177
2080-12-11,0.0317753478433308
2080-12-12,0.010496149649735
2080-12-13,0.00945307555075777
2080-12-14,0.0095227387308309
2080-12-15,0.00956744022684162
2080-12-16,0.00959111228201947
2080-12-17,0.00971385235237362
2080-12-18,0.00960954472716157
2080-12-19,0.00961103661412173
2080-12-20,0.00961362598034906
2080-12-21,0.00961542642257317
2080-12-22,0.105261937071697
2080-12-23,0.009614628705136
2080-12-24,0.00985922507389991
2080-12-25,0.226263292687537
2080-12-26,0.0292516185713498
2080-12-27,0.024823290470151
2080-12-28,0.0103305909694689
2080-12-29,1.46181064567141
2080-12-30,11.4733551980316
2080-12-31,0.285410079417442
2081-01-01,0.0107304475883446
2081-01-02,0.0715001684932828
2081-01-03,0.0485877053919411
2081-01-04,0.254659928541722
2081-01-05,0.0669788271495791
2081-01-06,0.020016103508288
2081-01-07,0.0211973549186321
2081-01-08,0.0118008720097088
2081-01-09,0.0117065725236294
2081-01-10,0.24651753851395
2081-01-11,0.126962615097433
2081-01-12,0.0149847496513219
2081-01-13,0.0121521587693446
2081-01-14,0.0122092115798986
2081-01-15,0.0122373680807452
2081-01-16,0.0122479593996137
2081-01-17,0.0122628386491691
2081-01-18,0.0122813284382922
2081-01-19,0.0122885000560348
2081-01-20,0.0122819460795553
2081-01-21,0.0122776567738145
2081-01-22,0.0122835726112948
2081-01-23,0.0143794635641184
2081-01-24,0.0143066780340149
2081-01-25,0.0122573303614841
2081-01-26,0.0122408986629634
2081-01-27,0.0122314502983351
2081-01-28,0.0122227831097469
2081-01-29,0.0122127516745788
2081-01-30,0.0122111207209939
2081-01-31,0.0122167866495564
2081-02-01,0.0119603169498109
2081-02-02,0.0119664991846642
2081-02-03,0.0119678279012979
2081-02-04,0.011964438446881
2081-02-05,0.0119578969563542
2081-02-06,0.0641242934981468
2081-02-07,0.0241509169139183
2081-02-08,0.021942661156062
2081-02-09,0.0184922926031291
2081-02-10,0.0163149400476469
2081-02-11,0.0152609031426388
2081-02-12,0.0124526238007633
2081-02-13,0.0123333847077719
2081-02-14,0.0118982566705932
2081-02-15,0.0118432448811817
2081-02-16,0.015951606587089
2081-02-17,0.0117707422202201
2081-02-18,0.0117530338222767
2081-02-19,0.0117277153918165
2081-02-20,0.0240471959383988
2081-02-21,0.0158739269523395
2081-02-22,0.0142357906753085
2081-02-23,0.0124135042575516
2081-02-24,0.0116835794786688
2081-02-25,0.0115945856544822
2081-02-26,0.011552725899274
2081-02-27,0.011499069664062
2081-02-28,0.120569322826721
2081-03-01,0.0558594754062264
2081-03-02,0.0184267149406972
2081-03-03,0.0212092451758756
2081-03-04,0.0721994555953729
2081-03-05,0.00970790801645546
2081-03-06,0.0093235155565998
2081-03-07,0.00923302243829177
2081-03-08,0.00913125897811354
2081-03-09,0.00902749997158332
2081-03-10,0.00893205523983347
2081-03-11,0.00887566839950488
2081-03-12,0.00885605594465431
2081-03-13,0.00883763157728589
2081-03-14,0.00881056025605719
2081-03-15,0.00878043754897707
2081-03-16,0.00933717554267031
2081-03-17,0.00873382333684977
2081-03-18,0.008704786446979
2081-03-19,0.00866027347111296
2081-03-20,0.0122251004016416
2081-03-21,0.0171345197290279
2081-03-22,0.141015239491118
2081-03-23,0.61564970749938
2081-03-24,1.44634019299859
2081-03-25,0.162552092237269
2081-03-26,0.0697373058901375
2081-03-27,0.0180155656090248
2081-03-28,0.0108222092255279
2081-03-29,0.157468232898669
2081-03-30,0.593565570065656
2081-03-31,0.340355064068208
2081-04-01,0.0175363463916429
2081-04-02,0.0201811228585179
2081-04-03,0.0209913383481178
2081-04-04,0.034122799116147
2081-04-05,0.0289441551948542
2081-04-06,0.0350950634230374
2081-04-07,0.0290107133254877
2081-04-08,0.0212030055722974
2081-04-09,0.0199116427694729
2081-04-10,0.0189680484395121
2081-04-11,0.0173073398523486
2081-04-12,0.0163461843453096
2081-04-13,0.301417575489126
2081-04-14,0.0165669543501713
2081-04-15,0.0174894451882479
2081-04-16,0.0177459832024083
2081-04-17,0.0177598209217846
2081-04-18,0.017536901923172
2081-04-19,0.0169974293729492
2081-04-20,0.0172744744282111
2081-04-21,0.0929694877543293
2081-04-22,0.0391926215068262
2081-04-23,0.0165010377618321
2081-04-24,0.0227413176971459
2081-04-25,0.186491026327208
2081-04-26,0.0192198738963878
2081-04-27,0.0217758990019871
2081-04-28,0.0854732143388292
2081-04-29,0.0365495152004273
2081-04-30,0.0274751389554581
2081-05-01,0.0279968465318775
2081-05-02,0.0278748401001024
2081-05-03,0.0271878678431008
2081-05-04,0.0259002534829355
2081-05-05,0.0240943393938053
2081-05-06,0.02199279535711
2081-05-07,0.0198738707909942
2081-05-08,0.0284078635216688
2081-05-09,0.0172283152046829
2081-05-10,0.0162795929018094
2081-05-11,0.0153430919342843
2081-05-12,0.0146683298420112
2081-05-13,0.0142613471986455
2081-05-14,0.0140197824423109
2081-05-15,0.0138022815681654
2081-05-16,0.0135856647088327
2081-05-17,0.0133730115444161
2081-05-18,0.0131545154989498
2081-05-19,0.0129270456295793
2081-05-20,0.0127035003883605
2081-05-21,0.012481417419357
2081-05-22,0.0122634340750136
2081-05-23,0.0120502809863554
2081-05-24,0.0118607065956464
2081-05-25,0.0119870340217442
2081-05-26,0.0116212537369558
2081-05-27,0.0114933579773646
2081-05-28,0.011344854091753
2081-05-29,0.0111543395010782
2081-05-30,0.0109522644087099
2081-05-31,0.0173079746370097
2081-06-01,0.0129080050029532
2081-06-02,0.0126633694464774
2081-06-03,0.0124172721650517
2081-06-04,0.0121683837016526
2081-06-05,0.011907462864545
2081-06-06,0.0116442973408066
2081-06-07,0.0149778289248946
2081-06-08,0.0112376361738731
2081-06-09,0.0123795804642448
2081-06-10,0.0108513781915645
2081-06-11,0.0273130781560514
2081-06-12,0.0104750396686724
2081-06-13,0.0103157476109779
2081-06-14,0.0101065520943463
2081-06-15,0.00991629087184642
2081-06-16,0.00974603798669148
2081-06-17,0.00960190400774359
2081-06-18,0.00945263624882489
2081-06-19,0.00928028828860471
2081-06-20,0.00910450776103462
2081-06-21,0.00893637041883849
2081-06-22,0.00878337380394576
2081-06-23,0.008655290323121
2081-06-24,0.00854767669769044
2081-06-25,0.00844093708950704
2081-06-26,0.00833416497687853
2081-06-27,0.00823913494858697
2081-06-28,0.00815315539761245
2081-06-29,0.00807443004935602
2081-06-30,0.00800502827463104
2081-07-01,0.0151130879106251
2081-07-02,0.0150082593987561
2081-07-03,0.0149162652166713
2081-07-04,0.0148371139669261
2081-07-05,0.0147689797249789
2081-07-06,0.0147114831932569
2081-07-07,0.0146627684781775
2081-07-08,0.0146212496307215
2081-07-09,0.0145878654959984
2081-07-10,0.0145621446832922
2081-07-11,0.0145412670286008
2081-07-12,0.0145235120992412
2081-07-13,0.0145090356344606
2081-07-14,0.0144969465920548
2081-07-15,0.014486207180589
2081-07-16,0.0144776384329917
2081-07-17,0.0144709580876255
2081-07-18,0.0144648094190755
2081-07-19,0.0144593243078261
2081-07-20,0.0144548310245003
2081-07-21,0.0144511560535256
2081-07-22,0.0144476724361642
2081-07-23,0.01444419003826
2081-07-24,0.0144407083800113
2081-07-25,0.0144372277788111
2081-07-26,0.0144337476639089
2081-07-27,0.014430268641321
2081-07-28,0.0144267907286803
2081-07-29,0.0144233128123275
2081-07-30,0.014419836549295
2081-07-31,0.0199727174777067
2081-08-01,0.018956262697112
2081-08-02,0.0186217374529829
2081-08-03,0.0186172488269317
2081-08-04,0.0186127615003738
2081-08-05,0.0186082753006032
2081-08-06,0.0186037898810083
2081-08-07,0.0185993053111513
2081-08-08,0.0185948222674641
2081-08-09,0.0185903402953942
2081-08-10,0.0185858594087341
2081-08-11,0.0185813793118443
2081-08-12,0.0185769006445771
2081-08-13,0.0185724231088945
2081-08-14,0.0185679464361426
2081-08-15,0.0185634710514901
2081-08-16,0.0185589965237716
2081-08-17,0.0185545231942014
2081-08-18,0.0185500507125702
2081-08-19,0.0185455792719727
2081-08-20,0.01854110975333
2081-08-21,0.0185366401609275
2081-08-22,0.0185321721528632
2081-08-23,0.0185277056649722
2081-08-24,0.0185232397173873
2081-08-25,0.0185187752408025
2081-08-26,0.018514311294929
2081-08-27,0.0185098487013201
2081-08-28,0.0185053868507072
2081-08-29,0.0185009265934277
2081-08-30,0.018496467329208
2081-08-31,0.0184920089938833
2081-09-01,0.00969424868125584
2081-09-02,0.00969191203929348
2081-09-03,0.00968957590390805
2081-09-04,0.105603989290685
2081-09-05,0.0096849055651104
2081-09-06,0.00968257135823924
2081-09-07,0.00968023771517465
2081-09-08,0.00967790471641551
2081-09-09,0.0256489377676725
2081-09-10,0.00967323998140911
2081-09-11,0.00967090863287701
2081-09-12,0.00966857774249681
2081-09-13,0.00966624749736555
2081-09-14,0.00966391791289093
2081-09-15,0.00966158860261579
2081-09-16,0.00965925999607686
2081-09-17,0.00965693195806133
2081-09-18,0.00965460444894858
2081-09-19,0.00965227737314627
2081-09-20,0.00964995112748854
2081-09-21,0.00964762535444737
2081-09-22,0.00964529982353174
2081-09-23,0.00964297525231371
2081-09-24,0.00964065067575011
2081-09-25,0.00963832723654755
2081-09-26,0.00963600418694704
2081-09-27,0.00963368149424584
2081-09-28,0.00963135972759626
2081-09-29,0.00962903818640644
2081-09-30,0.00962671711657527
2081-10-01,0.00821259033083336
2081-10-02,0.00821061073057549
2081-10-03,0.00820863177482741
2081-10-04,0.00820665313167463
2081-10-05,0.00820467536996006
2081-10-06,0.00820269742685974
2081-10-07,0.0454882266202226
2081-10-08,0.080561206149711
2081-10-09,0.00819676793954765
2081-10-10,0.00819479262976081
2081-10-11,0.00819281828942186
2081-10-12,0.00819084446479809
2081-10-13,0.00818887127207295
2081-10-14,0.00818689862699329
2081-10-15,0.00818492662213026
2081-10-16,0.00818295481636227
2081-10-17,0.00818098357836391
2081-10-18,0.00817901279785481
2081-10-19,0.0081770425091802
2081-10-20,0.00817507247970477
2081-10-21,0.0081731030131692
2081-10-22,0.00817113386969348
2081-10-23,0.0272794135918187
2081-10-24,0.0119785207757145
2081-10-25,0.00905445918057188
2081-10-26,0.00816326212827237
2081-10-27,0.00816129545631188
2081-10-28,0.00815932945596172
2081-10-29,0.00815736376257209
2081-10-30,0.00830763572742207
2081-10-31,0.00815343395003882
2081-11-01,0.00906878633943001
2081-11-02,0.00906660172344136
2081-11-03,0.00906441743612039
2081-11-04,0.00906223377896991
2081-11-05,0.0090600507770652
2081-11-06,0.00905786794561404
2081-11-07,0.00905568570254082
2081-11-08,0.00905350412575866
2081-11-09,0.00905132278928298
2081-11-10,0.00904914216447296
2081-11-11,0.00904696184683748
2081-11-12,0.00904478226803277
2081-11-13,0.00904260300983582
2081-11-14,0.00904042431106065
2081-11-15,0.0187556767947025
2081-11-16,0.0635648791290697
2081-11-17,0.0137879951956319
2081-11-18,0.0090317148644975
2081-11-19,0.00902953978166454
2081-11-20,0.00928228851099389
2081-11-21,0.0573478201901723
2081-11-22,0.0323398860797131
2081-11-23,0.0154589001993008
2081-11-24,0.017181964731626
2081-11-25,0.27354801142665
2081-11-26,0.0433300819926623
2081-11-27,0.0157555641009557
2081-11-28,0.37652248811538
2081-11-29,1.05090207279706
2081-11-30,0.661883649226389
2081-12-01,0.0374263825881171
2081-12-02,0.0193982636400494
2081-12-03,0.0213150322732508
2081-12-04,0.0178035605172587
2081-12-05,0.0221778297219648
2081-12-06,0.0191381646921606
2081-12-07,0.0250045252091522
2081-12-08,0.0164701012069473
2081-12-09,0.013690196139313
2081-12-10,0.053616405395206
2081-12-11,0.0271143087310305
2081-12-12,0.0649955221967172
2081-12-13,0.0312087781451699
2081-12-14,0.0230292553235951
2081-12-15,0.0688910642436867
2081-12-16,0.0457749095403816
2081-12-17,0.0231487438087872
2081-12-18,0.0106527846111153
2081-12-19,0.0106683362068399
2081-12-20,0.010681726537038
2081-12-21,0.0106948840392719
2081-12-22,0.0107142174511946
2081-12-23,0.0107301580096145
2081-12-24,0.0107325111610463
2081-12-25,0.0125348022140279
2081-12-26,0.0591905218888488
2081-12-27,0.077762506755401
2081-12-28,0.359390610854151
2081-12-29,1.03857952421331
2081-12-30,1.73954894002166
2081-12-31,1.79122633069854
2082-01-01,10.747110911013
2082-01-02,2.71511990570296
2082-01-03,5.98314211949629
2082-01-04,5.95495443232706
2082-01-05,0.795866421579212
2082-01-06,0.357549252282732
2082-01-07,1.00883329369153
2082-01-08,0.629119983949596
2082-01-09,0.651867319122752
2082-01-10,0.700943528853344
2082-01-11,0.794707495605871
2082-01-12,0.789073156889774
2082-01-13,0.837922563322568
2082-01-14,0.778578904549898
2082-01-15,0.838212607677957
2082-01-16,0.82526904882717
2082-01-17,0.797372490621193
2082-01-18,0.749237710469605
2082-01-19,0.700809730667024
2082-01-20,0.650709582250744
2082-01-21,0.594067809759014
2082-01-22,0.540668496070683
2082-01-23,0.489213358053146
2082-01-24,0.443262246983334
2082-01-25,0.402365778211941
2082-01-26,0.363285792348656
2082-01-27,0.331537324022108
2082-01-28,0.367877885141308
2082-01-29,0.367755684288049
2082-01-30,0.279647044344823
2082-01-31,1.54958138347907
2082-02-01,2.5893049095438
2082-02-02,1.03713274111017
2082-02-03,1.08909761322832
2082-02-04,1.03001809473263
2082-02-05,0.94640890768429
2082-02-06,0.862305651888619
2082-02-07,0.788070069547064
2082-02-08,0.722263705098032
2082-02-09,0.660412918021719
2082-02-10,0.602357449083807
2082-02-11,0.576859783522175
2082-02-12,0.553180682348207
2082-02-13,0.494031351653549
2082-02-14,0.451620619425742
2082-02-15,0.410140428418938
2082-02-16,0.375979549999264
2082-02-17,0.345137472308014
2082-02-18,0.32632003361525
2082-02-19,0.300934808156038
2082-02-20,0.280338852894887
2082-02-21,0.266329110425604
2082-02-22,0.253785063443876
2082-02-23,0.241808781848686
2082-02-24,0.230879680236207
2082-02-25,0.220486968375597
2082-02-26,0.209484899536833
2082-02-27,0.196992828489965
2082-02-28,0.195682166721223
2082-03-01,0.346966579281149
2082-03-02,1.2086491588311
2082-03-03,1.6758306186767
2082-03-04,0.788357059172133
2082-03-05,0.834890827711615
2082-03-06,0.875681637647158
2082-03-07,0.887599429865905
2082-03-08,0.808614831370037
2082-03-09,0.804419590229781
2082-03-10,0.829103128331487
2082-03-11,0.797359565584201
2082-03-12,0.783689384887502
2082-03-13,0.779623202975162
2082-03-14,0.727704808517189
2082-03-15,0.660784416944334
2082-03-16,0.598304992858176
2082-03-17,0.540803826457618
2082-03-18,0.490367898532691
2082-03-19,0.442735505835727
2082-03-20,0.407087189378106
2082-03-21,0.365203958620121
2082-03-22,0.330734011135928
2082-03-23,0.300257197437835
2082-03-24,0.279747229670726
2082-03-25,0.267716445352013
2082-03-26,0.24605091200507
2082-03-27,0.218191074424348
2082-03-28,0.190108184009517
2082-03-29,0.163167807374098
2082-03-30,0.139273919158772
2082-03-31,0.120129860263674
2082-04-01,0.143137108641631
2082-04-02,0.103951540032397
2082-04-03,0.0911449208104108
2082-04-04,0.0763222177472577
2082-04-05,0.061063764820442
2082-04-06,0.0476869002403806
2082-04-07,0.03691151719859
2082-04-08,0.0291587829805641
2082-04-09,0.0282963519765175
2082-04-10,0.0200845897034095
2082-04-11,0.0172565240339036
2082-04-12,0.0155000394392446
2082-04-13,0.0155094532413831
2082-04-14,0.0416550077586637
2082-04-15,0.172711785287292
2082-04-16,0.025771690972511
2082-04-17,0.0416526359201017
2082-04-18,0.0984925551347922
2082-04-19,0.0229364329650785
2082-04-20,0.0280188444573613
2082-04-21,0.0143735858035586
2082-04-22,0.14301028526123
2082-04-23,0.0296552361520202
2082-04-24,0.014568548654601
2082-04-25,0.0145233767820621
2082-04-26,0.0142609530266998
2082-04-27,0.0139681229131397
2082-04-28,0.0136314520943029
2082-04-29,0.0133501553557885
2082-04-30,0.0131537097445841
2082-05-01,0.0161478408171935
2082-05-02,0.0177697745593269
2082-05-03,0.0159727636309893
2082-05-04,0.0158554303973138
2082-05-05,0.0157197478055884
2082-05-06,0.0155807627614684
2082-05-07,0.0154502866891246
2082-05-08,0.0153061972374578
2082-05-09,0.0151361740401868
2082-05-10,0.0210606678132489
2082-05-11,0.0148431139304676
2082-05-12,0.0147013103423854
2082-05-13,0.0145187176046407
2082-05-14,0.0143118441553836
2082-05-15,0.0140921716954704
2082-05-16,0.0372642033003274
2082-05-17,0.013788926307292
2082-05-18,0.013696105935748
2082-05-19,0.0135620563172463
2082-05-20,0.0134140712637564
2082-05-21,0.0132550609273642
2082-05-22,0.0130884674672234
2082-05-23,0.012913486917562
2082-05-24,0.0127459182865585
2082-05-25,0.0226834062776776
2082-05-26,0.0227615990722781
2082-05-27,0.018597078528631
2082-05-28,0.0231414969973373
2082-05-29,0.0127037025684971
2082-05-30,0.0119092881715543
2082-05-31,0.140339170061388
2082-06-01,0.165123705888138
2082-06-02,0.0142097500367808
2082-06-03,0.0140365084367493
2082-06-04,0.0138563294319787
2082-06-05,0.12409196536466
2082-06-06,0.0135704208937905
2082-06-07,0.013401141909847
2082-06-08,0.0166226891364433
2082-06-09,0.0130488207871557
2082-06-10,0.0128142470122218
2082-06-11,0.0125372452841618
2082-06-12,0.0122650123757902
2082-06-13,0.0120241734928374
2082-06-14,0.0118139205527601
2082-06-15,0.011609438869907
2082-06-16,0.0113767461715069
2082-06-17,0.0111196053159626
2082-06-18,0.0108611217976259
2082-06-19,0.0106064301447279
2082-06-20,0.0103571775858872
2082-06-21,0.0101176478808364
2082-06-22,0.00988753538769831
2082-06-23,0.00966543237332948
2082-06-24,0.00945215722665608
2082-06-25,0.00925412411216442
2082-06-26,0.00906830772388042
2082-06-27,0.00889463007884212
2082-06-28,0.00873950192070834
2082-06-29,0.00860161624026372
2082-06-30,0.00847310954607119
2082-07-01,0.0158893530282925
2082-07-02,0.0156781160948179
2082-07-03,0.015491079416331
2082-07-04,0.0153256640159212
2082-07-05,0.0151802112768953
2082-07-06,0.0150558857163215
2082-07-07,0.0149509804273754
2082-07-08,0.0148627445815663
2082-07-09,0.0147897334692755
2082-07-10,0.0147302163072833
2082-07-11,0.0146804729207122
2082-07-12,0.0146374074081114
2082-07-13,0.0146022693260512
2082-07-14,0.0145750600499011
2082-07-15,0.0145541334981338
2082-07-16,0.01453788211952
2082-07-17,0.0145243145029665
2082-07-18,0.0145129612952901
2082-07-19,0.0145031080579444
2082-07-20,0.0144948000180331
2082-07-21,0.0144872648267164
2082-07-22,0.0144817569615475
2082-07-23,0.014476569192277
2082-07-24,0.0144723154404021
2082-07-25,0.0144687881870779
2082-07-26,0.0144653018064489
2082-07-27,0.0144618158401941
2082-07-28,0.0144583308289023
2082-07-29,0.0144548466625997
2082-07-30,0.0144513631440756
2082-07-31,0.0144478804468754
2082-08-01,0.018666951351907
2082-08-02,0.0186624529871523
2082-08-03,0.0186579548784584
2082-08-04,0.0186534582941354
2082-08-05,0.0186489616246587
2082-08-06,0.0186444675781556
2082-08-07,0.0186399731256731
2082-08-08,0.0186354811402491
2082-08-09,0.0186309893197353
2082-08-10,0.018626498404729
2082-08-11,0.018622008923543
2082-08-12,0.0186175201535702
2082-08-13,0.0186130328539976
2082-08-14,0.0186085465061075
2082-08-15,0.0186040614493153
2082-08-16,0.0185995771109323
2082-08-17,0.0185950939377157
2082-08-18,0.0185906117797469
2082-08-19,0.0185861309500558
2082-08-20,0.0185816514984151
2082-08-21,0.0482022820440206
2082-08-22,0.0185726946903944
2082-08-23,0.0185682182215315
2082-08-24,0.0294014165909846
2082-08-25,0.0185592680854822
2082-08-26,0.0185547948182781
2082-08-27,0.0185503230238731
2082-08-28,0.0185458511724991
2082-08-29,0.0185413815447157
2082-08-30,0.0185369123343054
2082-08-31,0.0185324446386712
2082-09-01,0.00971544645505051
2082-09-02,0.00971310486397925
2082-09-03,0.00971076366439667
2082-09-04,0.00970842338803558
2082-09-05,0.00970608314154712
2082-09-06,0.00970374361640414
2082-09-07,0.00970140484310818
2082-09-08,0.019075000426716
2082-09-09,0.00969672869675646
2082-09-10,0.00969439133847986
2082-09-11,0.00969205474462813
2082-09-12,0.00968971880640205
2082-09-13,0.00968738327475831
2082-09-14,0.00968504846131544
2082-09-15,0.00968271384597532
2082-09-16,0.00968038032460236
2082-09-17,0.00967804693812798
2082-09-18,0.00967571431513514
2082-09-19,0.00967338217859452
2082-09-20,0.0343776345773979
2082-09-21,0.00966871963969822
2082-09-22,0.0126140618705573
2082-09-23,0.00966405946262645
2082-09-24,0.00966173015832578
2082-09-25,0.0096594010731959
2082-09-26,0.00965707313140164
2082-09-27,0.00965474544022309
2082-09-28,0.00965241834429597
2082-09-29,0.0392496276138985
2082-09-30,0.00964776575644494
2082-10-01,0.00823054709863738
2082-10-02,0.00822856330718769
2082-10-03,0.00822658001186562
2082-10-04,0.00822459712895469
2082-10-05,0.00822261488223554
2082-10-06,0.00822063294650177
2082-10-07,0.00821865166225415
2082-10-08,0.00821667069865149
2082-10-09,0.00821469023198142
2082-10-10,0.00821271018067404
2082-10-11,0.00821073088657174
2082-10-12,0.00820875176687883
2082-10-13,0.00820677327291314
2082-10-14,0.00820479522194732
2082-10-15,0.00820281775431383
2082-10-16,0.00820084054131805
2082-10-17,0.00819886393795018
2082-10-18,0.00819688786478685
2082-10-19,0.00819491225018607
2082-10-20,0.00819293704960634
2082-10-21,0.00819096240418512
2082-10-22,0.00818898802574444
2082-10-23,0.0081870142622981
2082-10-24,0.00818504097753846
2082-10-25,0.00981526653241186
2082-10-26,0.191682063294061
2082-10-27,0.012794763142944
2082-10-28,0.00821648835443764
2082-10-29,0.00817519907516407
2082-10-30,0.00817324130854713
2082-10-31,0.00817128584198756
2082-11-01,0.0175046177214322
2082-11-02,0.0103606895912362
2082-11-03,0.00908431741966075
2082-11-04,0.00908214888898794
2082-11-05,0.00907998143327654
2082-11-06,0.00907781458683937
2082-11-07,0.00907564842997753
2082-11-08,0.00907348251013854
2082-11-09,0.00907131673836426
2082-11-10,0.00907180900443389
2082-11-11,0.0127404940378701
2082-11-12,0.00906482178222506
2082-11-13,0.00906265709078558
2082-11-14,0.00906049209545519
2082-11-15,0.00905832658398822
2082-11-16,0.00905616076176446
2082-11-17,0.0090539945828123
2082-11-18,0.00905182774264397
2082-11-19,0.0090496609791946
2082-11-20,0.0090474942981361
2082-11-21,0.00904532668361338
2082-11-22,0.00904315892072751
2082-11-23,0.00911454995616592
2082-11-24,0.00903882195490746
2082-11-25,0.125145897514223
2082-11-26,0.577007270481246
2082-11-27,1.02967426815882
2082-11-28,0.689534280383625
2082-11-29,0.17130168141715
2082-11-30,0.107593478899935
2082-12-01,0.074662227905536
2082-12-02,0.0199740867648983
2082-12-03,0.0140309050640287
2082-12-04,0.0102377032728233
2082-12-05,0.0135241907090517
2082-12-06,0.0218947180092142
2082-12-07,0.0242077095268796
2082-12-08,0.170955293039527
2082-12-09,0.214758418194659
2082-12-10,0.107537791375431
2082-12-11,0.15723107557642
2082-12-12,1.43831501037429
2082-12-13,1.45811152078044
2082-12-14,1.6962091315337
2082-12-15,0.019757348934715
2082-12-16,0.0164513589102094
2082-12-17,0.018395510524735
2082-12-18,0.0197887955091052
2082-12-19,0.0842680723732505
2082-12-20,0.0169012996710246
2082-12-21,0.0831641564074189
2082-12-22,0.0184537366263678
2082-12-23,0.245378810222846
2082-12-24,0.243907650248477
2082-12-25,0.0308612497092974
2082-12-26,0.0176013337557446
2082-12-27,0.0176341052969439
2082-12-28,0.0177346459172814
2082-12-29,0.0177940371514453
2082-12-30,0.0178240692696943
2082-12-31,0.0178404311445438
2083-01-01,0.0133795866665679
2083-01-02,0.0133633573165491
2083-01-03,0.0242519438587774
2083-01-04,0.482160392650591
2083-01-05,1.50532233562066
2083-01-06,6.46954972976007
2083-01-07,0.357177119522697
2083-01-08,0.117288009808835
2083-01-09,0.400343695876208
2083-01-10,1.66142844482541
2083-01-11,8.36138310689004
2083-01-12,2.39666907014804
2083-01-13,1.46500671933971
2083-01-14,1.45953826650386
2083-01-15,1.37402813951096
2083-01-16,1.28465639620476
2083-01-17,1.18726406981228
2083-01-18,1.07697565193734
2083-01-19,0.982149721907296
2083-01-20,0.945704559410559
2083-01-21,1.23718259258487
2083-01-22,1.22565492997375
2083-01-23,1.89954655015569
2083-01-24,3.46463841320687
2083-01-25,2.37923501393049
2083-01-26,1.72617760882622
2083-01-27,1.73111991127643
2083-01-28,1.78726426904017
2083-01-29,1.91510534465972
2083-01-30,1.70296523133888
2083-01-31,1.61004276078959
2083-02-01,1.62849504829239
2083-02-02,1.51105846671702
2083-02-03,2.3676031107386
2083-02-04,3.34159459203704
2083-02-05,1.72051512424379
2083-02-06,2.57090621706396
2083-02-07,1.75923235095078
2083-02-08,1.70690575110286
2083-02-09,1.89666718314517
2083-02-10,1.73237979266001
2083-02-11,1.58809608144541
2083-02-12,1.63937741005636
2083-02-13,1.88494859586849
2083-02-14,1.50638540341783
2083-02-15,1.47636150669013
2083-02-16,1.59051335866929
2083-02-17,1.48352233487929
2083-02-18,1.48288999746139
2083-02-19,1.43937705774309
2083-02-20,1.45477221763993
2083-02-21,1.38301389970803
2083-02-22,1.23438946693595
2083-02-23,1.18783684932457
2083-02-24,1.09737860788182
2083-02-25,1.01868302391844
2083-02-26,0.950554939857592
2083-02-27,1.10227290518735
2083-02-28,2.23913687465672
2083-03-01,2.47315536051148
2083-03-02,1.29706086171034
2083-03-03,1.28989299348535
2083-03-04,1.25113972345381
2083-03-05,1.20833981834919
2083-03-06,1.46821878659264
2083-03-07,1.32996993622441
2083-03-08,1.36215222398654
2083-03-09,1.35923866414462
2083-03-10,1.33319627092731
2083-03-11,1.28785234765241
2083-03-12,1.23484283091285
2083-03-13,1.34797428430497
2083-03-14,1.22426724439044
2083-03-15,1.13970250174702
2083-03-16,1.05988217275364
2083-03-17,1.40832812288961
2083-03-18,0.987595024109377
2083-03-19,0.957572687616287
2083-03-20,1.4608557806383
2083-03-21,2.52653600467781
2083-03-22,1.67446466792818
2083-03-23,1.38846186578847
2083-03-24,1.41987213033808
2083-03-25,1.46187592358477
2083-03-26,1.23085942231171
2083-03-27,1.12299612844339
2083-03-28,1.05093138645938
2083-03-29,0.896260708994051
2083-03-30,0.916364357714246
2083-03-31,0.995000032771986
2083-04-01,0.996834652443098
2083-04-02,0.861631739516776
2083-04-03,0.822044338268355
2083-04-04,0.76056880099857
2083-04-05,0.689720273089642
2083-04-06,0.614799677068733
2083-04-07,0.539433287701056
2083-04-08,0.470199898532365
2083-04-09,0.412897173824488
2083-04-10,0.368144504760719
2083-04-11,0.326749504346535
2083-04-12,0.282831985616891
2083-04-13,0.241000244807166
2083-04-14,0.204891120062209
2083-04-15,0.175639113269717
2083-04-16,0.152074773126348
2083-04-17,0.129879393496583
2083-04-18,0.108800059849925
2083-04-19,0.0903542064531872
2083-04-20,0.073472724924297
2083-04-21,0.058459289074587
2083-04-22,0.0471392244821281
2083-04-23,0.0390607749532211
2083-04-24,0.0328203064442465
2083-04-25,0.0313117559291012
2083-04-26,0.024113494107882
2083-04-27,0.020886361194487
2083-04-28,0.0186320102301658
2083-04-29,0.016934365183856
2083-04-30,0.0156820452679863
2083-05-01,0.0182471826327303
2083-05-02,0.0174691001035729
2083-05-03,0.0170691562312765
2083-05-04,0.0168414639800783
2083-05-05,0.0166699793887351
2083-05-06,0.0164903394112175
2083-05-07,0.0163088137345051
2083-05-08,0.0161357879960974
2083-05-09,0.0159826960130497
2083-05-10,0.0173597530421054
2083-05-11,0.0157459722513498
2083-05-12,0.0155902131954159
2083-05-13,0.0154231776416547
2083-05-14,0.0152597724465065
2083-05-15,0.0224117918056158
2083-05-16,0.0149247436021616
2083-05-17,0.0183809485298116
2083-05-18,0.0145779989028147
2083-05-19,0.0310815735917595
2083-05-20,0.0143024326045705
2083-05-21,0.0141527840248795
2083-05-22,0.01518247920445
2083-05-23,0.0138161095564498
2083-05-24,0.0136433888917408
2083-05-25,0.0134634206495464
2083-05-26,0.0132993928865773
2083-05-27,0.0131382336165073
2083-05-28,0.169207790291026
2083-05-29,0.194671559652581
2083-05-30,0.012919011435948
2083-05-31,0.0127559485201597
2083-06-01,0.0153271306155037
2083-06-02,0.0150857876636626
2083-06-03,0.0148350453435259
2083-06-04,0.0145633112857321
2083-06-05,0.0142589207699091
2083-06-06,0.0139262503088429
2083-06-07,0.0135898222954854
2083-06-08,0.013267170264181
2083-06-09,0.0129506613300852
2083-06-10,0.0126305616154955
2083-06-11,0.0123046436198655
2083-06-12,0.0119679826780652
2083-06-13,0.0116302465452963
2083-06-14,0.0112999251756049
2083-06-15,0.0109859740672532
2083-06-16,0.0106898329763868
2083-06-17,0.010409685200268
2083-06-18,0.0101397816124207
2083-06-19,0.00987983445897282
2083-06-20,0.00963409142609842
2083-06-21,0.00940232348225893
2083-06-22,0.00918756663150128
2083-06-23,0.00899445626124742
2083-06-24,0.00882569500267355
2083-06-25,0.00867657775430575
2083-06-26,0.00853593653961149
2083-06-27,0.00840104222270927
2083-06-28,0.00827836262722364
2083-06-29,0.00817260330387744
2083-06-30,0.00808228248932075
2083-07-01,0.0152272797025643
2083-07-02,0.015098530806689
2083-07-03,0.0149894150565963
2083-07-04,0.0148954247702714
2083-07-05,0.0148138367296263
2083-07-06,0.0147456476107157
2083-07-07,0.0146909013548308
2083-07-08,0.0146466192782859
2083-07-09,0.0146090529540544
2083-07-10,0.0145779786085032
2083-07-11,0.0145549090450324
2083-07-12,0.0145384627337822
2083-07-13,0.0145261725658651
2083-07-14,0.0145156077752789
2083-07-15,0.014505819234589
2083-07-16,0.0144970257625718
2083-07-17,0.0144904451644377
2083-07-18,0.014485861591169
2083-07-19,0.0144822796863975
2083-07-20,0.0144787718678234
2083-07-21,0.0144752822821752
2083-07-22,0.0144717937735286
2083-07-23,0.0144683059145168
2083-07-24,0.0144648190364532
2083-07-25,0.0144613325848285
2083-07-26,0.0144578470139228
2083-07-27,0.0144543622564525
2083-07-28,0.0144508783407233
2083-07-29,0.0144473955070998
2083-07-30,0.0144439133913227
2083-07-31,0.0144404319507016
2083-08-01,0.0186573274468883
2083-08-02,0.0186528303636368
2083-08-03,0.0186483349312873
2083-08-04,0.0186438397310116
2083-08-05,0.0186393457138924
2083-08-06,0.0186348533734614
2083-08-07,0.0186303617238546
2083-08-08,0.01862587141272
2083-08-09,0.0186213817096546
2083-08-10,0.0186168937804245
2083-08-11,0.0186124062205936
2083-08-12,0.0186079203290553
2083-08-13,0.0186034354839479
2083-08-14,0.0185989513950293
2083-08-15,0.0185944683261559
2083-08-16,0.0185899866749115
2083-08-17,0.0185855056227413
2083-08-18,0.0185810261225271
2083-08-19,0.0185765478192619
2083-08-20,0.0185720702086201
2083-08-21,0.0185675937811348
2083-08-22,0.0185631183113286
2083-08-23,0.0185586446525375
2083-08-24,0.0185541713895312
2083-08-25,0.0185496992509134
2083-08-26,0.0185452282960518
2083-08-27,0.0185407581819329
2083-08-28,0.0185362892953464
2083-08-29,0.0185318219193385
2083-08-30,0.0185273545841084
2083-08-31,0.0185228893897139
2083-09-01,0.00971043760493689
2083-09-02,0.00970809704588641
2083-09-03,0.00970575700064524
2083-09-04,0.00970341771951443
2083-09-05,0.00970107910564392
2083-09-06,0.00969874081502682
2083-09-07,0.00969640297124132
2083-09-08,0.00969406613432073
2083-09-09,0.00969172941437511
2083-09-10,0.00968939360255742
2083-09-11,0.00968705794890755
2083-09-12,0.00968472348293056
2083-09-13,0.0096823889726163
2083-09-14,0.00968005532420605
2083-09-15,0.00967772223803025
2083-09-16,0.00967538957038563
2083-09-17,0.00967305762345767
2083-09-18,0.00967072597305486
2083-09-19,0.00966839496444187
2083-09-20,0.0096660649652095
2083-09-21,0.00966373517854437
2083-09-22,0.00966140596354718
2083-09-23,0.00965907730103642
2083-09-24,0.00965674920170333
2083-09-25,0.0096544215847347
2083-09-26,0.0096520947485423
2083-09-27,0.00964976830258078
2083-09-28,0.00964744265594799
2083-09-29,0.00964511732659398
2083-09-30,0.00964279266135581
2083-10-01,0.00822630430818276
2083-10-02,0.00822432158626512
2083-10-03,0.00822233907390706
2083-10-04,0.00822035751436092
2083-10-05,0.0082183760567772
2083-10-06,0.00821639539047547
2083-10-07,0.0082144150461603
2083-10-08,0.00821243527927439
2083-10-09,0.00821045576648954
2083-10-10,0.00820847695670871
2083-10-11,0.00820649856041228
2083-10-12,0.00820452042438835
2083-10-13,0.00820254298573363
2083-10-14,0.00820056583874511
2083-10-15,0.263446917594985
2083-10-16,1.12404468982762
2083-10-17,2.18649029477001
2083-10-18,0.121590386782998
2083-10-19,0.0155664892686453
2083-10-20,0.0113333777689258
2083-10-21,0.0113989859019304
2083-10-22,0.0114145443643138
2083-10-23,0.0113875861917756
2083-10-24,0.0113360890171177
2083-10-25,0.0112709146955441
2083-10-26,0.0111818104223254
2083-10-27,0.0110691217614971
2083-10-28,0.0109470375363445
2083-10-29,0.010827357601538
2083-10-30,0.0107075410016788
2083-10-31,0.0105939076193779
2083-11-01,0.0116772951498083
2083-11-02,0.0115801148956116
2083-11-03,0.011488593968023
2083-11-04,0.0114018545131097
2083-11-05,0.0113140774609931
2083-11-06,0.0112265181218531
2083-11-07,0.0111535608016212
2083-11-08,0.0110997247940262
2083-11-09,0.011051929232693
2083-11-10,0.010997477354881
2083-11-11,0.0109391985761247
2083-11-12,0.0108919827996186
2083-11-13,0.0108567072327068
2083-11-14,0.0108291594427029
2083-11-15,0.0108024251265613
2083-11-16,0.0108832641351342
2083-11-17,0.0107165803894304
2083-11-18,0.0106682583059528
2083-11-19,0.0106214658535016
2083-11-20,0.010573561853903
2083-11-21,0.330041520350861
2083-11-22,0.374492348985217
2083-11-23,0.011216641228058
2083-11-24,0.0106124564156786
2083-11-25,0.0106627205195422
2083-11-26,0.0107008158133053
2083-11-27,0.0122533099805607
2083-11-28,0.0119835682377682
2083-11-29,0.0259053113605502
2083-11-30,0.0137989316808012
2083-12-01,0.00918601675444665
2083-12-02,0.0092014807416823
2083-12-03,0.00920353927265942
2083-12-04,0.00920075252905094
2083-12-05,0.0100250944342825
2083-12-06,0.00921030791769562
2083-12-07,0.00922372843939116
2083-12-08,0.00923607875278126
2083-12-09,0.00924141581352587
2083-12-10,0.00923981681500206
2083-12-11,0.00923053176256648
2083-12-12,0.00921665735700926
2083-12-13,0.00920069981947166
2083-12-14,0.00918186350381844
2083-12-15,0.00915964064253392
2083-12-16,0.00913624441453581
2083-12-17,0.00932781621814407
2083-12-18,0.00910797561623557
2083-12-19,0.00910591337863858
2083-12-20,0.00910404435561137
2083-12-21,0.00909454681590042
2083-12-22,0.00908407620638217
2083-12-23,0.00907413947036009
2083-12-24,0.0195393069386448
2083-12-25,0.00905948071888199
2083-12-26,0.0150103415024697
2083-12-27,0.00912254323902215
2083-12-28,0.00905335868728953
2083-12-29,0.011969980367233
2083-12-30,0.0116120696416464
2083-12-31,0.13831445193857
2084-01-01,0.403522325255115
2084-01-02,0.633268827344143
2084-01-03,0.0318571312093787
2084-01-04,0.0243871144306009
2084-01-05,0.2524517353635
2084-01-06,0.363889481938189
2084-01-07,0.436421172611817
2084-01-08,0.0687393196339827
2084-01-09,0.0889080071756178
2084-01-10,0.0884838058108056
2084-01-11,0.0658967247705493
2084-01-12,0.0270791583445593
2084-01-13,0.0103148915741899
2084-01-14,0.0262519115105462
2084-01-15,0.015613807130009
2084-01-16,0.010461266331158
2084-01-17,0.0104970977823247
2084-01-18,0.010524685914984
2084-01-19,0.0105426116478821
2084-01-20,0.0140873559755999
2084-01-21,0.0248010992758864
2084-01-22,0.0126569124457412
2084-01-23,0.333976763489716
2084-01-24,2.90267842361694
2084-01-25,9.56790835391385
2084-01-26,2.06740873695212
2084-01-27,0.520632760246061
2084-01-28,0.518418255136819
2084-01-29,0.815202708745592
2084-01-30,0.376909226658054
2084-01-31,0.257080784066347
2084-02-01,0.303244242687098
2084-02-02,0.320366553402731
2084-02-03,0.297684869985966
2084-02-04,0.373264679688476
2084-02-05,0.468120323275174
2084-02-06,0.436486248371118
2084-02-07,0.435553653402105
2084-02-08,0.427919479505204
2084-02-09,0.408798860454749
2084-02-10,0.445628768381639
2084-02-11,0.399083731831151
2084-02-12,0.377449462013351
2084-02-13,0.364552729858006
2084-02-14,0.351601087358189
2084-02-15,0.337738012064456
2084-02-16,0.32327732255332
2084-02-17,0.30915367520004
2084-02-18,0.298563139627697
2084-02-19,0.278167207154823
2084-02-20,0.263616747650412
2084-02-21,0.52970817215788
2084-02-22,0.46536394718832
2084-02-23,0.348290178394994
2084-02-24,0.34788971276328
2084-02-25,0.441200485099085
2084-02-26,0.368889811457476
2084-02-27,0.351819853893787
2084-02-28,0.34694993999201
2084-02-29,0.322166485443424
2084-03-01,0.242380974847827
2084-03-02,0.219157503548876
2084-03-03,0.200308764399672
2084-03-04,0.188302932635778
2084-03-05,0.176409294391346
2084-03-06,0.160383154516053
2084-03-07,0.141871880105542
2084-03-08,0.12382051744087
2084-03-09,0.106357967815111
2084-03-10,0.0898935689164919
2084-03-11,0.0751180013654044
2084-03-12,0.0629908414467252
2084-03-13,0.0542805494340305
2084-03-14,0.0476740438570217
2084-03-15,0.0418627442227829
2084-03-16,0.0496597314589237
2084-03-17,0.522230760018143
2084-03-18,0.392976452593112
2084-03-19,0.178272561891814
2084-03-20,0.165162296188738
2084-03-21,0.176425919059878
2084-03-22,0.315161550972334
2084-03-23,0.299520512869503
2084-03-24,0.217323321725051
2084-03-25,0.342898366134532
2084-03-26,0.530183968770067
2084-03-27,0.295220058245467
2084-03-28,0.320256264772785
2084-03-29,0.328243577151431
2084-03-30,0.531450934559834
2084-03-31,0.494861306619066
2084-04-01,0.39529482258262
2084-04-02,0.405777747728437
2084-04-03,0.394846506100149
2084-04-04,0.436124325323441
2084-04-05,0.407672908470992
2084-04-06,0.563103036869697
2084-04-07,1.00173251525717
2084-04-08,0.867668483434939
2084-04-09,0.783147704503316
2084-04-10,0.741303197382418
2084-04-11,0.718350177228404
2084-04-12,0.669503467150941
2084-04-13,0.614620947183152
2084-04-14,0.555488853207563
2084-04-15,0.492545911265794
2084-04-16,0.430156306037511
2084-04-17,0.371110671516859
2084-04-18,0.318848420403918
2084-04-19,0.272185222202633
2084-04-20,0.230254882995944
2084-04-21,0.192038927095489
2084-04-22,0.157400912623011
2084-04-23,0.127133923535448
2084-04-24,0.102300922538963
2084-04-25,0.0829542434926346
2084-04-26,0.0692608356647166
2084-04-27,0.0580952527555137
2084-04-28,0.0469855298723133
2084-04-29,0.0370549516701015
2084-04-30,0.0379678451841623
2084-05-01,0.0301738748111297
2084-05-02,0.0254877580967022
2084-05-03,0.0219697875397617
2084-05-04,0.0196577880662762
2084-05-05,0.0182322820277085
2084-05-06,0.0175119390535634
2084-05-07,0.0170599610469111
2084-05-08,0.0167991554236929
2084-05-09,0.0166200915176217
2084-05-10,0.0164373231304624
2084-05-11,0.0162521094665489
2084-05-12,0.141308767939451
2084-05-13,0.0187178570851758
2084-05-14,0.01586963885838
2084-05-15,0.0157087958190266
2084-05-16,0.0155359987810758
2084-05-17,0.015359912712917
2084-05-18,0.0151983553203899
2084-05-19,0.0150274652170933
2084-05-20,0.0148348364764075
2084-05-21,0.0146443977068845
2084-05-22,0.014456947873082
2084-05-23,0.014271463420255
2084-05-24,0.021221326764213
2084-05-25,0.0139693944373219
2084-05-26,0.0143029250487934
2084-05-27,0.0137268888041112
2084-05-28,0.0135349439964432
2084-05-29,0.0133149415435717
2084-05-30,0.013088514129625
2084-05-31,0.0128536211821787
2084-06-01,0.0153549770205094
2084-06-02,0.0150288681409561
2084-06-03,0.0146972886531013
2084-06-04,0.0143554859555782
2084-06-05,0.0140128308198729
2084-06-06,0.0136605454727046
2084-06-07,0.0133085447449098
2084-06-08,0.0129621452812179
2084-06-09,0.0126214625122368
2084-06-10,0.0122995405073462
2084-06-11,0.0119915828080554
2084-06-12,0.0117016296846483
2084-06-13,0.0114359637346296
2084-06-14,0.0111582824672364
2084-06-15,0.0108475129663781
2084-06-16,0.0105347870917611
2084-06-17,0.0102368528551847
2084-06-18,0.0099586807597927
2084-06-19,0.00970708352694685
2084-06-20,0.00947153974380347
2084-06-21,0.00924489742906843
2084-06-22,0.00903136602569484
2084-06-23,0.00883621557457793
2084-06-24,0.00866350796116257
2084-06-25,0.00851967038498003
2084-06-26,0.00841910596627292
2084-06-27,0.00829898942215854
2084-06-28,0.00820101523071821
2084-06-29,0.00810725738559029
2084-06-30,0.0080229717858439
2084-07-01,0.0151233239039202
2084-07-02,0.0150034568280614
2084-07-03,0.0149053472424354
2084-07-04,0.0148218444229983
2084-07-05,0.0147497286725182
2084-07-06,0.0146904339435915
2084-07-07,0.014642307830961
2084-07-08,0.0146025334433913
2084-07-09,0.0145709324960632
2084-07-10,0.0145499113546992
2084-07-11,0.0145361349195674
2084-07-12,0.0145241503593026
2084-07-13,0.0145136641652348
2084-07-14,0.0145042140215807
2084-07-15,0.014496573919828
2084-07-16,0.0144906830453523
2084-07-17,0.014485766077235
2084-07-18,0.0144817948719086
2084-07-19,0.0144782900565029
2084-07-20,0.0144748002258497
2084-07-21,0.0144713114550291
2084-07-22,0.0144678235816324
2084-07-23,0.0144643363945284
2084-07-24,0.0144608497614699
2084-07-25,0.0144573643339478
2084-07-26,0.0144538799824994
2084-07-27,0.0144503958347576
2084-07-28,0.0227458186810381
2084-07-29,0.0144434311150493
2084-07-30,0.0144399495454293
2084-07-31,0.0144364693497868
2084-08-01,0.0186522072838999
2084-08-02,0.0186477120608367
2084-08-03,0.018643217112424
2084-08-04,0.0186387234107333
2084-08-05,0.0186342312484054
2084-08-06,0.0186297396269834
2084-08-07,0.0186252493602246
2084-08-08,0.0186207600853263
2084-08-09,0.0186162722058692
2084-08-10,0.018611784927885
2084-08-11,0.0186072989751799
2084-08-12,0.0186028140719041
2084-08-13,0.0185983303781706
2084-08-14,0.0185938478184204
2084-08-15,0.0185893659986676
2084-08-16,0.0185848853224929
2084-08-17,0.0185804059296203
2084-08-18,0.0185759275483976
2084-08-19,0.0185714502022119
2084-08-20,0.0185669740014033
2084-08-21,0.018562498551986
2084-08-22,0.0185580243336993
2084-08-23,0.0185535517129437
2084-08-24,0.0185490798207918
2084-08-25,0.0185446087903712
2084-08-26,0.0185401391152137
2084-08-27,0.0185356705776374
2084-08-28,0.0185312028927974
2084-08-29,0.0185267359599483
2084-08-30,0.0185222712374973
2084-08-31,0.0185178061450473
2084-09-01,0.00970777287626368
2084-09-02,0.00970543295239974
2084-09-03,0.00970309358227996
2084-09-04,0.00970075501369013
2084-09-05,0.0096984169394137
2084-09-06,0.0096960793044221
2084-09-07,0.00969374232285512
2084-09-08,0.0096914059245906
2084-09-09,0.00968906993919722
2084-09-10,0.00968673452138384
2084-09-11,0.00968439997522247
2084-09-12,0.00968206577495469
2084-09-13,0.00967973220547111
2084-09-14,0.00967739891836251
2084-09-15,0.00967506669188951
2084-09-16,0.00967273443931732
2084-09-17,0.00967040335680892
2084-09-18,0.00966807246642872
2084-09-19,0.00966574227789818
2084-09-20,0.00966341263587952
2084-09-21,0.00966108343094464
2084-09-22,0.00965875482031795
2084-09-23,0.00965642674016627
2084-09-24,0.00965409935840522
2084-09-25,0.00965177253164632
2084-09-26,0.00964944618033384
2084-09-27,0.00964712041452504
2084-09-28,0.00964479532132201
2084-09-29,0.00964247063281459
2084-09-30,0.00964014650685602
2084-10-01,0.00822404694245472
2084-10-02,0.00822206465387733
2084-10-03,0.00822008318931723
2084-10-04,0.00821810193297511
2084-10-05,0.00821612117195567
2084-10-06,0.00821414071226198
2084-10-07,0.00821216100735849
2084-10-08,0.00821018161853846
2084-10-09,0.00820820289515736
2084-10-10,0.00820622449751933
2084-10-11,0.00820424663598894
2084-10-12,0.0215624417276815
2084-10-13,0.112064578904506
2084-10-14,0.0081983158575107
2084-10-15,0.0081963407336711
2084-10-16,0.00819436635469378
2084-10-17,0.00819239298085119
2084-10-18,0.00819042018738939
2084-10-19,0.00818844776367551
2084-10-20,0.00818647584950537
2084-10-21,0.00818450440248407
2084-10-22,0.00818253308881887
2084-10-23,0.00818056252162588
2084-10-24,0.00817859216426079
2084-10-25,0.00817662232958725
2084-10-26,0.00817465268005597
2084-10-27,0.00817268363505448
2084-10-28,0.00817071503600438
2084-10-29,0.00816874672701051
2084-10-30,0.00816677892702375
2084-10-31,0.00816481117801821
2084-11-01,0.0843532846297815
2084-11-02,0.0090792531494369
2084-11-03,0.00907706622381849
2084-11-04,0.00907487999374582
2084-11-05,0.00907269446041295
2084-11-06,0.0178810522611852
2084-11-07,0.00906832492364929
2084-11-08,0.00906614141575749
2084-11-09,0.00906590595531957
2084-11-10,0.00906177598808685
2084-11-11,0.00905959441608097
2084-11-12,0.00905741325035735
2084-11-13,0.00905523268256415
2084-11-14,0.00905305283718339
2084-11-15,0.00905087317867442
2084-11-16,0.00904869454169235
2084-11-17,0.00904651594859241
2084-11-18,0.059694265498974
2084-11-19,0.0122506953510391
2084-11-20,0.00903998500527545
2084-11-21,0.00903781044066882
2084-11-22,0.00903563674862884
2084-11-23,0.0099152599570346
2084-11-24,0.167645201180991
2084-11-25,0.870529692590346
2084-11-26,1.37078484981931
2084-11-27,0.223928857791031
2084-11-28,0.0234723553477941
2084-11-29,0.0114607547676442
2084-11-30,0.0116416597582856
2084-12-01,0.00994820057701223
2084-12-02,0.0185288680563697
2084-12-03,0.0134488099423047
2084-12-04,0.48815156445243
2084-12-05,1.48408717116076
2084-12-06,0.633270545290326
2084-12-07,0.0128726950574183
2084-12-08,0.0132476447350959
2084-12-09,0.0134297730827043
2084-12-10,0.0135901742775258
2084-12-11,0.0135958007269198
2084-12-12,0.0136309204974306
2084-12-13,0.0239545224419176
2084-12-14,0.0231721163648369
2084-12-15,0.0160243487472285
2084-12-16,0.01376686917055
2084-12-17,0.0137879219771828
2084-12-18,0.0137911172234407
2084-12-19,0.0137796701769867
2084-12-20,0.0137655728806617
2084-12-21,0.0137647912208657
2084-12-22,0.0137697995250912
2084-12-23,0.0137684887360904
2084-12-24,0.0138700890667693
2084-12-25,0.0137556959582791
2084-12-26,0.0137423947693332
2084-12-27,0.0153936397465123
2084-12-28,0.0136854836937764
2084-12-29,0.016352624570136
2084-12-30,0.0136130500575998
2084-12-31,0.013594140538604
2085-01-01,0.0101928574620198
2085-01-02,0.0101795765770098
2085-01-03,0.0101668479077576
2085-01-04,0.207675925739529
2085-01-05,0.184829922988785
2085-01-06,0.288716936976604
2085-01-07,0.47861205596554
2085-01-08,1.46937173924672
2085-01-09,2.3866636690423
2085-01-10,0.707900476996878
2085-01-11,0.0393595358878918
2085-01-12,0.0266365198230894
2085-01-13,0.11077149509197
2085-01-14,0.117495220100771
2085-01-15,0.0749118247921683
2085-01-16,0.427450989194388
2085-01-17,0.418225466156938
2085-01-18,0.438628761642415
2085-01-19,0.080261469538238
2085-01-20,0.11325409715329
2085-01-21,0.118281427722288
2085-01-22,0.129987447147307
2085-01-23,0.184351182847447
2085-01-24,0.141762578455509
2085-01-25,0.20074451005813
2085-01-26,0.412784051341688
2085-01-27,0.410907979300546
2085-01-28,1.30320318674985
2085-01-29,1.33999035329256
2085-01-30,1.14250505881211
2085-01-31,1.16367174102055
2085-02-01,2.43276248354737
2085-02-02,3.40299693658474
2085-02-03,2.16236831571223
2085-02-04,1.64860095508968
2085-02-05,1.61957751419231
2085-02-06,1.71378435703611
2085-02-07,1.58093175369727
2085-02-08,1.53060558425718
2085-02-09,1.44926114034804
2085-02-10,1.33644429549934
2085-02-11,1.20788582235978
2085-02-12,1.08138519018207
2085-02-13,0.966277476775921
2085-02-14,0.881278562213703
2085-02-15,1.17566058519281
2085-02-16,0.832806138565748
2085-02-17,0.776155116616285
2085-02-18,0.784910499049353
2085-02-19,0.698467284795373
2085-02-20,0.654063821184775
2085-02-21,0.605958475378209
2085-02-22,0.557748384519805
2085-02-23,0.513244128314146
2085-02-24,0.472478217974153
2085-02-25,0.433800677446836
2085-02-26,0.396517204061199
2085-02-27,0.360061564398324
2085-02-28,0.324801757150629
2085-03-01,0.239592799166727
2085-03-02,0.215211766909342
2085-03-03,0.210903716473609
2085-03-04,0.177551932385493
2085-03-05,0.160758901301569
2085-03-06,0.193259492517786
2085-03-07,0.139259787319912
2085-03-08,0.127195856486802
2085-03-09,0.115052904052159
2085-03-10,0.102568391389077
2085-03-11,0.0895260722571645
2085-03-12,0.0769491960050569
2085-03-13,0.0658245749814254
2085-03-14,0.0565875096238126
2085-03-15,0.0853571506550576
2085-03-16,0.0756998696467338
2085-03-17,0.04475445543977
2085-03-18,0.0404017355412059
2085-03-19,0.245938235085592
2085-03-20,0.122177798390938
2085-03-21,0.0448148214284946
2085-03-22,0.192195892319074
2085-03-23,0.115696422696741
2085-03-24,0.0670980845300769
2085-03-25,0.399946181453088
2085-03-26,0.407115156833352
2085-03-27,0.180980541502078
2085-03-28,0.299596998626687
2085-03-29,0.249586792844914
2085-03-30,0.242102288256917
2085-03-31,0.23989358498704
2085-04-01,0.244169308582452
2085-04-02,0.223637762258195
2085-04-03,0.19893331911322
2085-04-04,0.264700181766065
2085-04-05,0.22227709292585
2085-04-06,0.284345404891658
2085-04-07,0.463571497011335
2085-04-08,0.328781483946769
2085-04-09,0.343751749362731
2085-04-10,0.905586108475887
2085-04-11,0.716700396098011
2085-04-12,0.877603857219213
2085-04-13,0.689966486053017
2085-04-14,0.925899446336947
2085-04-15,0.697272198733196
2085-04-16,0.673672245187836
2085-04-17,0.619168416064039
2085-04-18,0.562733980378269
2085-04-19,0.520247200024374
2085-04-20,0.499772512986097
2085-04-21,0.462859887440517
2085-04-22,0.414773581499014
2085-04-23,0.370091409116683
2085-04-24,0.353523344743129
2085-04-25,0.308923733107054
2085-04-26,0.276283134772074
2085-04-27,0.243990008888225
2085-04-28,0.211357356516161
2085-04-29,0.180559365165158
2085-04-30,0.153005269673739
2085-05-01,0.158909844395775
2085-05-02,0.134319675462369
2085-05-03,0.115368157696892
2085-05-04,0.0965554656287772
2085-05-05,0.077541673017455
2085-05-06,0.0612578703982507
2085-05-07,0.0489781233517301
2085-05-08,0.0392150902706417
2085-05-09,0.0303488572474984
2085-05-10,0.0235111293504569
2085-05-11,0.0196140351433925
2085-05-12,0.0178917812767484
2085-05-13,0.0172228916599462
2085-05-14,0.0169492015873533
2085-05-15,0.0211941215794817
2085-05-16,0.0165930314677339
2085-05-17,0.0164082021896398
2085-05-18,0.0162153212022611
2085-05-19,0.0160120396869572
2085-05-20,0.0158109964810912
2085-05-21,0.0156118906356356
2085-05-22,0.015402920172759
2085-05-23,0.0151937559903241
2085-05-24,0.0149950135488699
2085-05-25,0.0634377725688815
2085-05-26,0.0146694492199665
2085-05-27,0.0144873129493837
2085-05-28,0.0142745419561719
2085-05-29,0.0140667968033076
2085-05-30,0.0138887785235769
2085-05-31,0.0138805610512882
2085-06-01,0.020374590437645
2085-06-02,0.0167354697243091
2085-06-03,0.0431527449968195
2085-06-04,0.0167190810832782
2085-06-05,0.0159733990441271
2085-06-06,0.0157213433243201
2085-06-07,0.0154474856731847
2085-06-08,0.0151737839504143
2085-06-09,0.0149298559632765
2085-06-10,0.0160231922293063
2085-06-11,0.0145392916368482
2085-06-12,0.0142989700987938
2085-06-13,0.0140113098194427
2085-06-14,0.0137102842509731
2085-06-15,0.0435905074481989
2085-06-16,0.0179886896184957
2085-06-17,0.0132776760191665
2085-06-18,0.0131006937636723
2085-06-19,0.0129009168842574
2085-06-20,0.0126637415518159
2085-06-21,0.0123871944401531
2085-06-22,0.0120846929502753
2085-06-23,0.0117839569868169
2085-06-24,0.0114797002793416
2085-06-25,0.0111597605451363
2085-06-26,0.0108432654275149
2085-06-27,0.0105318926840171
2085-06-28,0.0102387947407906
2085-06-29,0.0099850065019147
2085-06-30,0.00974774122215143
2085-07-01,0.0180857119036431
2085-07-02,0.0176443435701125
2085-07-03,0.0172368852204339
2085-07-04,0.0168668811687309
2085-07-05,0.0165327239524029
2085-07-06,0.0162289614222013
2085-07-07,0.0159546694514188
2085-07-08,0.0157138433315164
2085-07-09,0.0155045723958897
2085-07-10,0.0153252417301643
2085-07-11,0.0151753701332122
2085-07-12,0.0150505407062198
2085-07-13,0.0149455649342287
2085-07-14,0.014857422999612
2085-07-15,0.0147825193798628
2085-07-16,0.0147195273566569
2085-07-17,0.0146672263299627
2085-07-18,0.0146241169456744
2085-07-19,0.0145890700324201
2085-07-20,0.0145620033311337
2085-07-21,0.0145439791555681
2085-07-22,0.0145309040827644
2085-07-23,0.0145196455045908
2085-07-24,0.0145094261025019
2085-07-25,0.0144997518599334
2085-07-26,0.0144920754770107
2085-07-27,0.0144870536699172
2085-07-28,0.0144833092803704
2085-07-29,0.0144798183258491
2085-07-30,0.0144763284506496
2085-07-31,0.0144728389118678
2085-08-01,0.0186991980830531
2085-08-02,0.0186946913540474
2085-08-03,0.0186901850723983
2085-08-04,0.0186856800386706
2085-08-05,0.01868117624207
2085-08-06,0.0186766736682044
2085-08-07,0.0186721718487286
2085-08-08,0.0186676714198964
2085-08-09,0.0186631718072205
2085-08-10,0.018658673460456
2085-08-11,0.0186541760126027
2085-08-12,0.0186496798606445
2085-08-13,0.0186451849578071
2085-08-14,0.0186406909292941
2085-08-15,0.0186361981061256
2085-08-16,0.01863170571892
2085-08-17,0.0186272155750944
2085-08-18,0.0186227257209112
2085-08-19,0.0186182368046179
2085-08-20,0.0186137495296321
2085-08-21,0.0186092627817595
2085-08-22,0.0186047773963459
2085-08-23,0.0186002933038293
2085-08-24,0.0185958101360097
2085-08-25,0.0185913279810393
2085-08-26,0.018586846781949
2085-08-27,0.0185823670640532
2085-08-28,0.0185778881461223
2085-08-29,0.018573410326794
2085-08-30,0.0185689336654358
2085-08-31,0.0185644580684988
2085-09-01,0.00973222945009658
2085-09-02,0.00972988359258459
2085-09-03,0.0097275385771664
2085-09-04,0.00972519398499623
2085-09-05,0.00972284991072304
2085-09-06,0.00972050626158468
2085-09-07,0.00971816341397619
2085-09-08,0.00971582110438948
2085-09-09,0.0183119947477082
2085-09-10,0.00971113813324206
2085-09-11,0.00970879750910067
2085-09-12,0.00970645724531752
2085-09-13,0.00970411796827465
2085-09-14,0.00970177896134323
2085-09-15,0.00969944058613933
2085-09-16,0.0096971027310337
2085-09-17,0.00969476540262964
2085-09-18,0.00969242879494224
2085-09-19,0.0096900925211994
2085-09-20,0.00968775721847427
2085-09-21,0.00968542208680931
2085-09-22,0.00968308787585022
2085-09-23,0.00968075384349807
2085-09-24,0.00967842066707548
2085-09-25,0.037691390410533
2085-09-26,0.00967375545222024
2085-09-27,0.00967142408922357
2085-09-28,0.00966909273849035
2085-09-29,0.0736141865253622
2085-09-30,0.0354572559182123
2085-10-01,0.186571473496599
2085-10-02,0.00824279953709226
2085-10-03,0.00824088085481499
2085-10-04,0.00823898375556574
2085-10-05,0.0153517130086344
2085-10-06,0.00855895792424986
2085-10-07,0.0160184671942082
2085-10-08,0.00823143157964285
2085-10-09,0.00822954060296821
2085-10-10,0.00822764224099497
2085-10-11,0.00822573551971376
2085-10-12,0.00822382086978161
2085-10-13,0.0082218990339142
2085-10-14,0.00821997106420267
2085-10-15,0.00821803712861663
2085-10-16,0.00821609732589869
2085-10-17,0.00821415232980571
2085-10-18,0.00821220405132798
2085-10-19,0.00821025293695354
2085-10-20,0.0102452832062689
2085-10-21,0.00860403190288149
2085-10-22,0.00820439397892112
2085-10-23,0.00820243840610599
2085-10-24,0.00820048148363049
2085-10-25,0.0889274855356384
2085-10-26,0.0120876267225793
2085-10-27,0.00819461510944242
2085-10-28,0.00819266911492275
2085-10-29,0.00819072609233912
2085-10-30,0.330794347279559
2085-10-31,0.131807373657721
2085-11-01,0.0100068044949677
2085-11-02,0.00912297406957292
2085-11-03,0.00913329756312924
2085-11-04,0.00914347634377018
2085-11-05,0.0142796980230705
2085-11-06,0.00916165009416505
2085-11-07,0.00916947707052093
2085-11-08,0.0279680175607754
2085-11-09,0.00918260955773254
2085-11-10,0.0317007365305528
2085-11-11,0.442191831113266
2085-11-12,0.0129244735083883
2085-11-13,0.0131248664084449
2085-11-14,0.00939525257808058
2085-11-15,0.00986726984797956
2085-11-16,0.00949517480398222
2085-11-17,0.00953953262548874
2085-11-18,0.00957603797306729
2085-11-19,0.00960509402711194
2085-11-20,0.00962720645682848
2085-11-21,0.00964254948836141
2085-11-22,0.00965400219861319
2085-11-23,0.00966339327222654
2085-11-24,0.00967236450428998
2085-11-25,0.00968058146895535
2085-11-26,0.00968640724920839
2085-11-27,0.116581691595219
2085-11-28,0.0212563279344076
2085-11-29,0.0137390773936582
2085-11-30,0.088221649993395
2085-12-01,0.0128846152240656
2085-12-02,0.00904327106476078
2085-12-03,0.00827415235321226
2085-12-04,0.0599891952085563
2085-12-05,0.103302953910624
2085-12-06,0.00834082191588207
2085-12-07,0.0442603597072261
2085-12-08,0.00893151837225709
2085-12-09,0.00844992109646719
2085-12-10,0.0213409804410732
2085-12-11,0.00999993135552368
2085-12-12,0.00854995797468738
2085-12-13,0.010834918394123
2085-12-14,0.00859169282240215
2085-12-15,0.00860423258059276
2085-12-16,0.00861040902983069
2085-12-17,0.00861313381878109
2085-12-18,0.00861595686877405
2085-12-19,0.00861855306676097
2085-12-20,0.0106094881978473
2085-12-21,0.0133110183036402
2085-12-22,0.00862698666309678
2085-12-23,0.00863283208142527
2085-12-24,0.0108181278906433
2085-12-25,0.809687078193372
2085-12-26,8.96418561420328
2085-12-27,10.6477859208624
2085-12-28,1.17962169492132
2085-12-29,0.0148908301819329
2085-12-30,0.0153382467103745
2085-12-31,0.0155179372670966
2086-01-01,0.334204118609588
2086-01-02,0.0169170989635993
2086-01-03,0.012096163732826
2086-01-04,0.211467314712666
2086-01-05,0.0151448977304046
2086-01-06,0.270434881970889
2086-01-07,0.237882033680531
2086-01-08,0.105775881823875
2086-01-09,0.638925418151066
2086-01-10,0.224967351507518
2086-01-11,0.101557382693245
2086-01-12,0.409491049608523
2086-01-13,0.367285954681186
2086-01-14,0.202968778299199
2086-01-15,0.0278458196684674
2086-01-16,0.0186188514180581
2086-01-17,0.0195372327262341
2086-01-18,0.0202755200331435
2086-01-19,0.0218916710949087
2086-01-20,0.0213737023140434
2086-01-21,0.0259300249384423
2086-01-22,0.0223097546924315
2086-01-23,0.0221889420902736
2086-01-24,0.0220885604666732
2086-01-25,0.0219716569995283
2086-01-26,0.0242081583418368
2086-01-27,0.0222744404539661
2086-01-28,0.0939477436335423
2086-01-29,0.0464474951493417
2086-01-30,0.0302197576302862
2086-01-31,0.0597469146080448
2086-02-01,0.161110357304113
2086-02-02,0.0238761707214373
2086-02-03,0.0286352743363295
2086-02-04,0.0265042435944124
2086-02-05,0.380463825727393
2086-02-06,0.210991453958277
2086-02-07,0.0581965208702497
2086-02-08,0.0913474531072008
2086-02-09,0.34617219923892
2086-02-10,0.3723219646447
2086-02-11,0.177569679729386
2086-02-12,0.232399975879997
2086-02-13,0.215986492116838
2086-02-14,0.235004209380605
2086-02-15,0.359295457010659
2086-02-16,0.345631858121766
2086-02-17,0.276131526608216
2086-02-18,0.28041282411538
2086-02-19,0.274171716744233
2086-02-20,0.266438436995165
2086-02-21,0.255662011850638
2086-02-22,0.241318834175761
2086-02-23,0.224165841379321
2086-02-24,0.409021904067962
2086-02-25,0.280527896687648
2086-02-26,0.235666247509829
2086-02-27,0.267024915481249
2086-02-28,0.24280997994365
2086-03-01,0.194441419866597
2086-03-02,0.190121694750437
2086-03-03,0.180967800819708
2086-03-04,0.172089935049175
2086-03-05,0.159051437894342
2086-03-06,0.143578176433011
2086-03-07,0.130521479326078
2086-03-08,0.317459334909944
2086-03-09,0.273432146634778
2086-03-10,0.141828746085833
2086-03-11,0.148644475158644
2086-03-12,0.150905411936497
2086-03-13,0.146739632165119
2086-03-14,0.138005567114611
2086-03-15,0.12641443289199
2086-03-16,0.11435816761138
2086-03-17,0.10259255599027
2086-03-18,0.14596414797118
2086-03-19,0.617356672266413
2086-03-20,0.507813501485332
2086-03-21,0.548976077498485
2086-03-22,1.22634400505859
2086-03-23,3.20869480598923
2086-03-24,1.33207551146876
2086-03-25,1.30235185517604
2086-03-26,1.25237710887269
2086-03-27,1.20120779479085
2086-03-28,1.1114622713032
2086-03-29,1.05361787940806
2086-03-30,0.970388496184547
2086-03-31,0.876962345864959
2086-04-01,0.838631388328333
2086-04-02,0.747605692845277
2086-04-03,0.660432859533322
2086-04-04,0.595207148126191
2086-04-05,0.524167616854515
2086-04-06,0.4635252580249
2086-04-07,0.407716053800158
2086-04-08,0.632211640889622
2086-04-09,0.391473823076953
2086-04-10,0.349887625623562
2086-04-11,0.479014114266882
2086-04-12,0.422806454218408
2086-04-13,0.685560073168601
2086-04-14,0.57219271101261
2086-04-15,0.574228123185835
2086-04-16,0.820859627724219
2086-04-17,0.618757940459151
2086-04-18,0.879002499484564
2086-04-19,1.50566746416911
2086-04-20,1.95045575812797
2086-04-21,1.4669674418601
2086-04-22,1.81664196087892
2086-04-23,1.4623567687615
2086-04-24,1.36616910344929
2086-04-25,1.2999630100905
2086-04-26,1.1814805060666
2086-04-27,1.05100263960156
2086-04-28,0.928427344012187
2086-04-29,0.811931450756485
2086-04-30,0.70706183846733
2086-05-01,1.11498414383897
2086-05-02,0.959140006921434
2086-05-03,1.17757672216248
2086-05-04,0.897278848718222
2086-05-05,0.894788827049166
2086-05-06,0.835902554475824
2086-05-07,0.758173094700079
2086-05-08,0.698346503232844
2086-05-09,0.631655778762175
2086-05-10,0.569872204193119
2086-05-11,0.51543027461943
2086-05-12,0.460393617708939
2086-05-13,0.403515298038385
2086-05-14,0.34743540886703
2086-05-15,0.291987188807373
2086-05-16,0.242222718731386
2086-05-17,0.200545363739908
2086-05-18,0.16627170041167
2086-05-19,0.13870800639963
2086-05-20,0.116140430296369
2086-05-21,0.0957307566918237
2086-05-22,0.0780859228542897
2086-05-23,0.0632073938096308
2086-05-24,0.0492717174668428
2086-05-25,0.0365953109534804
2086-05-26,0.0273695722689326
2086-05-27,0.0223554539773555
2086-05-28,0.0333726919235484
2086-05-29,0.0180404699360611
2086-05-30,0.0173951300284855
2086-05-31,0.0171321145700684
2086-06-01,0.0206389113747292
2086-06-02,0.0203804771337694
2086-06-03,0.0201190921718961
2086-06-04,0.0198642137963579
2086-06-05,0.022038022985352
2086-06-06,0.0193889661079077
2086-06-07,0.019122730948409
2086-06-08,0.0188120403280348
2086-06-09,0.0185057557664838
2086-06-10,0.0182171988259888
2086-06-11,0.0179290575211412
2086-06-12,0.0176421175076511
2086-06-13,0.0173536996313739
2086-06-14,0.0170569396843983
2086-06-15,0.0362847529074441
2086-06-16,0.0166126776775989
2086-06-17,0.0164763044857581
2086-06-18,0.0162408126076826
2086-06-19,0.0160333876431059
2086-06-20,0.0158299850964162
2086-06-21,0.0155671582350752
2086-06-22,0.0152433488934342
2086-06-23,0.0148929961522741
2086-06-24,0.0145364296476995
2086-06-25,0.0141767431973496
2086-06-26,0.0138106198493521
2086-06-27,0.0134390156442289
2086-06-28,0.0130763889827541
2086-06-29,0.0127295981316325
2086-06-30,0.0124007557876049
2086-07-01,0.0229918933091995
2086-07-02,0.0223836512367683
2086-07-03,0.021779518857397
2086-07-04,0.0211948676482663
2086-07-05,0.0206296695516535
2086-07-06,0.0200723813060024
2086-07-07,0.0195411260044341
2086-07-08,0.0190419225421511
2086-07-09,0.0185632561255174
2086-07-10,0.018108479483959
2086-07-11,0.0176766252798524
2086-07-12,0.0181034299253991
2086-07-13,0.016934206326388
2086-07-14,0.0166178646893152
2086-07-15,0.0163122517739692
2086-07-16,0.0160226657262684
2086-07-17,0.0157670369799551
2086-07-18,0.0155537762831148
2086-07-19,0.0153888872241641
2086-07-20,0.0152454985253912
2086-07-21,0.0151121010315259
2086-07-22,0.0149956241509181
2086-07-23,0.0148953350603595
2086-07-24,0.0148113602460461
2086-07-25,0.0147429882716722
2086-07-26,0.0146863253730076
2086-07-27,0.0146392108413718
2086-07-28,0.0146017862321662
2086-07-29,0.0145710664646593
2086-07-30,0.0145466158464899
2086-07-31,0.0145297130415756
2086-08-01,0.0187612199553251
2086-08-02,0.0187476647827347
2086-08-03,0.0187374768376704
2086-08-04,0.0187306060245769
2086-08-05,0.0187344745080938
2086-08-06,0.0187203413512414
2086-08-07,0.0187157375830107
2086-08-08,0.0187112260092397
2086-08-09,0.018706715950245
2086-08-10,0.0187022074965772
2086-08-11,0.0186976999532143
2086-08-12,0.0186931924860099
2086-08-13,0.0186886873935142
2086-08-14,0.0186841826608227
2086-08-15,0.0186796791430705
2086-08-16,0.0186751764432734
2086-08-17,0.0186706754351564
2086-08-18,0.0186661752977657
2086-08-19,0.0186616759639381
2086-08-20,0.0186571785346746
2086-08-21,0.018652681146189
2086-08-22,0.0186481855039537
2086-08-23,0.0186436905267566
2086-08-24,0.0186391966055853
2086-08-25,0.018634704467844
2086-08-26,0.0186302130197276
2086-08-27,0.0186257224561303
2086-08-28,0.0186212329683478
2086-08-29,0.0186167453749351
2086-08-30,0.0186122575044731
2086-08-31,0.0186077717796442
2086-09-01,0.00975493612793396
2086-09-02,0.00975258508862102
2086-09-03,0.00975023416596848
2086-09-04,0.00974788417754323
2086-09-05,0.00974553460481923
2086-09-06,0.00974318575972959
2086-09-07,0.00974083754919758
2086-09-08,0.00973848960311697
2086-09-09,0.00973614243812708
2086-09-10,0.009733795657708
2086-09-11,0.00973144954046137
2086-09-12,0.00972910399802702
2086-09-13,0.00987079535368082
2086-09-14,0.0368310063932851
2086-09-15,0.168107902194394
2086-09-16,0.870018065153853
2086-09-17,0.731594537545657
2086-09-18,0.147037375836129
2086-09-19,0.010731227328137
2086-09-20,0.0109298524255115
2086-09-21,0.0109983461316848
2086-09-22,0.0110184066603681
2086-09-23,0.0110181146198612
2086-09-24,0.0109890656276319
2086-09-25,0.0109327341420629
2086-09-26,0.0108604980303335
2086-09-27,0.0107800237385896
2086-09-28,0.0106989198650973
2086-09-29,0.0106209426052483
2086-09-30,0.0105524506581013
2086-10-01,0.0089557018576145
2086-10-02,0.00891207554857428
2086-10-03,0.00886731214611251
2086-10-04,0.0088216958873611
2086-10-05,0.00877889719542499
2086-10-06,0.00874172191573503
2086-10-07,0.14578977041359
2086-10-08,0.100356852319284
2086-10-09,0.0664910021936089
2086-10-10,0.0119475507943483
2086-10-11,0.00872062391377693
2086-10-12,0.00871965798922034
2086-10-13,0.0174292441897307
2086-10-14,0.00871743769541597
2086-10-15,0.00876086707934889
2086-10-16,0.00870687719951636
2086-10-17,0.00869793929697324
2086-10-18,0.0086902176012933
2086-10-19,0.00868312205920938
2086-10-20,0.0086735540458552
2086-10-21,0.00866111311270639
2086-10-22,0.00864740503683418
2086-10-23,0.00863325766314808
2086-10-24,0.00861935023197491
2086-10-25,0.00860625564086892
2086-10-26,0.00859317021779384
2086-10-27,0.00857897365582958
2086-10-28,0.00856480724951743
2086-10-29,0.00855063506730288
2086-10-30,0.00853685748740987
2086-10-31,0.00852375395339526
2086-11-01,0.00947055565881265
2086-11-02,0.0816247400105552
2086-11-03,0.117570030376815
2086-11-04,0.0295059339182934
2086-11-05,0.0141007783199385
2086-11-06,0.0144615926493059
2086-11-07,0.00946412115992588
2086-11-08,0.00946340522933654
2086-11-09,0.00946199812958577
2086-11-10,0.0094595952200038
2086-11-11,0.00945642010152635
2086-11-12,0.0186129423122882
2086-11-13,0.284256695844275
2086-11-14,0.0118081110627573
2086-11-15,0.00991430840898717
2086-11-16,0.00950145381018893
2086-11-17,0.0095177201670313
2086-11-18,0.0147533104223129
2086-11-19,0.00954094861628413
2086-11-20,0.00954925290387948
2086-11-21,0.00955483974148818
2086-11-22,0.0794481145302967
2086-11-23,1.10721790934298
2086-11-24,0.0126640772887255
2086-11-25,0.0105823566755696
2086-11-26,0.0108046039131007
2086-11-27,0.0109362200791699
2086-11-28,0.0110163415526221
2086-11-29,0.0112758274766663
2086-11-30,1.41681867900811
2086-12-01,10.4226304347265
2086-12-02,0.156878619367527
2086-12-03,0.0361439010764732
2086-12-04,0.738041155353084
2086-12-05,0.80552185065951
2086-12-06,0.111363700153441
2086-12-07,0.0334415289526441
2086-12-08,0.0282107882141061
2086-12-09,0.0273076951364842
2086-12-10,0.0854430385462083
2086-12-11,0.0622936244969912
2086-12-12,0.0519636709671197
2086-12-13,0.0458660618660126
2086-12-14,0.0209898191913824
2086-12-15,0.0171191931886027
2086-12-16,0.0205691775908828
2086-12-17,0.0415694035724486
2086-12-18,0.0480345020101113
2086-12-19,0.0364217621765338
2086-12-20,0.0448623436099353
2086-12-21,0.0353453270650787
2086-12-22,0.0208545225590227
2086-12-23,0.0170426185871436
2086-12-24,0.038922604627897
2086-12-25,0.0320033784736582
2086-12-26,0.0171088029193248
2086-12-27,0.0412061978870949
2086-12-28,0.211701137422399
2086-12-29,0.0171729939599683
2086-12-30,0.0171848407626209
2086-12-31,0.0171695259358913
2087-01-01,0.0128569934885659
2087-01-02,0.017185795173506
2087-01-03,0.0128193152337167
2087-01-04,0.0127980072489733
2087-01-05,0.012765652486935
2087-01-06,0.0206670621208073
2087-01-07,0.248249847258256
2087-01-08,0.0199167494348214
2087-01-09,0.0128397337106141
2087-01-10,0.0128724944200497
2087-01-11,0.0129443071604273
2087-01-12,0.0128914903236859
2087-01-13,0.0128869213811151
2087-01-14,0.0128842115430661
2087-01-15,0.0142166577209436
2087-01-16,0.0152872103193712
2087-01-17,0.012885335439038
2087-01-18,0.16601967086267
2087-01-19,0.308470664834477
2087-01-20,0.580159336050471
2087-01-21,3.75397926797262
2087-01-22,18.8763455054538
2087-01-23,2.85448616029176
2087-01-24,0.28022884769953
2087-01-25,0.34803988141188
2087-01-26,0.363577353635777
2087-01-27,0.555868198365389
2087-01-28,0.395387379575198
2087-01-29,0.391865702149168
2087-01-30,0.385717970466634
2087-01-31,0.383975186414953
2087-02-01,0.351758684670181
2087-02-02,0.335025163554791
2087-02-03,0.319037966769261
2087-02-04,0.302299423090536
2087-02-05,0.286567715276829
2087-02-06,0.273318267243739
2087-02-07,0.288625357225378
2087-02-08,0.551288553356223
2087-02-09,0.630889331474429
2087-02-10,0.506367138749287
2087-02-11,0.523590212571915
2087-02-12,0.888818822504208
2087-02-13,0.6604510812623
2087-02-14,0.70436520686322
2087-02-15,0.700228883055869
2087-02-16,0.71135830849769
2087-02-17,0.670859454234293
2087-02-18,0.644840521760774
2087-02-19,0.689827119871592
2087-02-20,0.864846340258556
2087-02-21,0.791259675802455
2087-02-22,0.800196663531589
2087-02-23,0.698989641253045
2087-02-24,0.682189837448456
2087-02-25,0.641052023474741
2087-02-26,0.590505537759098
2087-02-27,0.539783935379547
2087-02-28,0.491753574682288
2087-03-01,0.365062846449577
2087-03-02,0.767728896939119
2087-03-03,0.461905651499519
2087-03-04,0.419337088439705
2087-03-05,0.856551583282042
2087-03-06,1.29164257194619
2087-03-07,0.941394754200194
2087-03-08,1.08097832215357
2087-03-09,1.59781056117102
2087-03-10,1.17621791726046
2087-03-11,1.1688233004581
2087-03-12,1.09314088530518
2087-03-13,0.993523138650012
2087-03-14,0.890517053108272
2087-03-15,0.798850183282985
2087-03-16,0.744147953323462
2087-03-17,0.662903916489315
2087-03-18,0.597824342520239
2087-03-19,0.774330149037343
2087-03-20,0.682521238070133
2087-03-21,0.534270779088989
2087-03-22,0.530076033341891
2087-03-23,0.504407490786797
2087-03-24,0.54896712931995
2087-03-25,0.478256187682362
2087-03-26,0.437778144492637
2087-03-27,0.424101055956958
2087-03-28,0.38377957040236
2087-03-29,0.347909399406058
2087-03-30,0.309783267229819
2087-03-31,0.297462016283542
2087-04-01,0.346158787110232
2087-04-02,1.11773119594139
2087-04-03,2.82613372333208
2087-04-04,1.32396038500309
2087-04-05,1.11850598881761
2087-04-06,1.07479909623919
2087-04-07,0.974966993680378
2087-04-08,0.86477377054248
2087-04-09,0.758078533011425
2087-04-10,0.677241200276066
2087-04-11,0.593850182513881
2087-04-12,0.533170781607131
2087-04-13,0.517612237960976
2087-04-14,0.686049551162959
2087-04-15,0.465058517466585
2087-04-16,0.428504118690209
2087-04-17,0.397505688745406
2087-04-18,0.361584456203238
2087-04-19,0.322104252545251
2087-04-20,0.281376736470056
2087-04-21,0.24172582236144
2087-04-22,0.206590079701049
2087-04-23,0.354011532518536
2087-04-24,0.262190722265409
2087-04-25,0.169875896864017
2087-04-26,0.163818864683203
2087-04-27,0.15211934865982
2087-04-28,0.137480444877044
2087-04-29,0.124812635474711
2087-04-30,0.141223817566216
2087-05-01,0.137885780856041
2087-05-02,0.124646852966071
2087-05-03,0.112002459498276
2087-05-04,0.100733093172054
2087-05-05,0.0933373502053168
2087-05-06,0.0916434628437917
2087-05-07,0.0738854526969773
2087-05-08,0.064842593991368
2087-05-09,0.0589408960383183
2087-05-10,0.0528563431576111
2087-05-11,0.0438974975047667
2087-05-12,0.037118741079426
2087-05-13,0.0306689291128378
2087-05-14,0.0252812296092419
2087-05-15,0.0212433638070148
2087-05-16,0.0186027332770325
2087-05-17,0.0175085526706959
2087-05-18,0.0171407680245819
2087-05-19,0.0169456663602379
2087-05-20,0.0167704543440689
2087-05-21,0.0166148454613992
2087-05-22,0.0164639062714581
2087-05-23,0.0162927107640088
2087-05-24,0.0160995195484916
2087-05-25,0.0158870436161474
2087-05-26,0.0156578813910792
2087-05-27,0.015416729319974
2087-05-28,0.0151581334791463
2087-05-29,0.0148970203962406
2087-05-30,0.0146414200930087
2087-05-31,0.0143969031961479
2087-06-01,0.0172722648139448
2087-06-02,0.0169858906871521
2087-06-03,0.0166781701322189
2087-06-04,0.0163437841942721
2087-06-05,0.0160029339588894
2087-06-06,0.0156817693923953
2087-06-07,0.0153930115367044
2087-06-08,0.0151323599230522
2087-06-09,0.0148520400821945
2087-06-10,0.0145251457215574
2087-06-11,0.0141706763982981
2087-06-12,0.0138159470028944
2087-06-13,0.0134603074766864
2087-06-14,0.0131037471864766
2087-06-15,0.0127832003380922
2087-06-16,0.0124969777110758
2087-06-17,0.0122232196312354
2087-06-18,0.0119430839828837
2087-06-19,0.0116376273176515
2087-06-20,0.0113205390062236
2087-06-21,0.0126248956063932
2087-06-22,0.0107869601055096
2087-06-23,0.0110432704750911
2087-06-24,0.0103698013768941
2087-06-25,0.0101567905514495
2087-06-26,0.00995017941453318
2087-06-27,0.00976021711176272
2087-06-28,0.00956663136601128
2087-06-29,0.00936592508248114
2087-06-30,0.00917117962454589
2087-07-01,0.0170939869592024
2087-07-02,0.0167535298500385
2087-07-03,0.0164385273188956
2087-07-04,0.0161525456329098
2087-07-05,0.0158967018259568
2087-07-06,0.0156727897788827
2087-07-07,0.0154771220110685
2087-07-08,0.0153064702644894
2087-07-09,0.0151583051307538
2087-07-10,0.0150323193716266
2087-07-11,0.014927261834292
2087-07-12,0.0148397454087996
2087-07-13,0.0147678175354592
2087-07-14,0.0147085667018852
2087-07-15,0.0146587190433764
2087-07-16,0.0146173531793242
2087-07-17,0.0145835701911679
2087-07-18,0.0145563770621523
2087-07-19,0.0145375637214885
2087-07-20,0.0145248584796877
2087-07-21,0.0145143962627086
2087-07-22,0.0145048425153123
2087-07-23,0.0144969144592663
2087-07-24,0.0144916662739686
2087-07-25,0.0144876156020774
2087-07-26,0.014483973097989
2087-07-27,0.014480476588627
2087-07-28,0.0144769863732972
2087-07-29,0.0144734970043486
2087-07-30,0.0144700083987208
2087-07-31,0.0144665206835566
2087-08-01,0.0186910346627468
2087-08-02,0.0186865299390505
2087-08-03,0.0186820255031975
2087-08-04,0.0186775226139035
2087-08-05,0.0186730206373131
2087-08-06,0.0186685201029384
2087-08-07,0.0186640203703276
2087-08-08,0.0186595214448779
2087-08-09,0.0186550242320967
2087-08-10,0.0186505278516628
2087-08-11,0.0186460324666876
2087-08-12,0.0186415383020486
2087-08-13,0.0186370448324317
2087-08-14,0.0186325528428099
2087-08-15,0.0186280620081599
2087-08-16,0.0186235723176877
2087-08-17,0.0186190832059008
2087-08-18,0.0186145957324228
2087-08-19,0.0186101089173868
2087-08-20,0.01860562353797
2087-08-21,0.0186011388020033
2087-08-22,0.0185966553769236
2087-08-23,0.0185921732063617
2087-08-24,0.018587691855554
2087-08-25,0.0185832116279353
2087-08-26,0.0185787325061153
2087-08-27,0.0185742547071759
2087-08-28,0.0185697776596278
2087-08-29,0.0185653020764833
2087-08-30,0.019071001636294
2087-08-31,0.0185563532908995
2087-09-01,0.00972798072387371
2087-09-02,0.00972563593988984
2087-09-03,0.00972329183700183
2087-09-04,0.00972094840703427
2087-09-05,0.00971860518900513
2087-09-06,0.00971626281652863
2087-09-07,0.00971392110156461
2087-09-08,0.00971157982777203
2087-09-09,0.00970923891559568
2087-09-10,0.00970689896814799
2087-09-11,0.00970455906881101
2087-09-12,0.00982489902012798
2087-09-13,0.00969988157032962
2087-09-14,0.0161490935375275
2087-09-15,0.00969520627141727
2087-09-16,0.00969286957128196
2087-09-17,0.00969053329659571
2087-09-18,0.0145145946315612
2087-09-19,0.00968586259932645
2087-09-20,0.0096835280817799
2087-09-21,0.00968119399282694
2087-09-22,0.00967886058842896
2087-09-23,0.00967652763337829
2087-09-24,0.00967419558960008
2087-09-25,0.0366310005366531
2087-09-26,0.00966953252368762
2087-09-27,0.00966720205089538
2087-09-28,0.00966487190544423
2087-09-29,0.00966254252819147
2087-09-30,0.00966021347985209
2087-10-01,0.00824116616067396
2087-10-02,0.00823917986390042
2087-10-03,0.0082371939792697
2087-10-04,0.0082352086414795
2087-10-05,0.00823322372817492
2087-10-06,0.00823123926645651
2087-10-07,0.0082292556360001
2087-10-08,0.00822727197414998
2087-10-09,0.00822528902308522
2087-10-10,0.00822330660007844
2087-10-11,0.00822132451810909
2087-10-12,0.00821934305435396
2087-10-13,0.00821736181652608
2087-10-14,0.00821538140137387
2087-10-15,0.00821340137421548
2087-10-16,0.00821142170016902
2087-10-17,0.00822670321707466
2087-10-18,0.00820746396442385
2087-10-19,0.00820548571946113
2087-10-20,0.00820350786705368
2087-10-21,0.00820153074501912
2087-10-22,0.00819955394416615
2087-10-23,0.0081976353327259
2087-10-24,0.00819560184506418
2087-10-25,0.00819362666729184
2087-10-26,0.00819165184772956
2087-10-27,0.00818967737564446
2087-10-28,0.0081877035467275
2087-10-29,0.00818573019461901
2087-10-30,0.00818375722540622
2087-10-31,0.00818178471529259
2087-11-01,0.00922964754469104
2087-11-02,0.0129944615680948
2087-11-03,0.00909593268850132
2087-11-04,0.00909374046628729
2087-11-05,0.00909154882349568
2087-11-06,0.0090893574225032
2087-11-07,0.0671423925317123
2087-11-08,0.00920058452324844
2087-11-09,0.00908278688741017
2087-11-10,0.00908059773007509
2087-11-11,0.00907840904977092
2087-11-12,0.00907622106680356
2087-11-13,0.0090740335722109
2087-11-14,0.00907184657882897
2087-11-15,0.0103472489420427
2087-11-16,0.00906747423301581
2087-11-17,0.00906528871042963
2087-11-18,0.0158573930729254
2087-11-19,0.00906091955696238
2087-11-20,0.00905873550606723
2087-11-21,0.0121872219290277
2087-11-22,0.00905436940135902
2087-11-23,0.00905218722843742
2087-11-24,0.00905000543821521
2087-11-25,0.009047979737111
2087-11-26,0.00904564355902186
2087-11-27,0.00904346346527453
2087-11-28,0.0133438862045489
2087-11-29,0.0270572157032233
2087-11-30,0.0100050401892013
2087-12-01,0.00928260842322145
2087-12-02,0.182256626935057
2087-12-03,0.0726737670343935
2087-12-04,0.0262670328924109
2087-12-05,0.0137871365756557
2087-12-06,0.0549656866200218
2087-12-07,0.0963522647623814
2087-12-08,0.147894792943427
2087-12-09,0.213028288424904
2087-12-10,0.186677855715461
2087-12-11,0.09399718932379
2087-12-12,0.100315605734685
2087-12-13,0.0454443394650249
2087-12-14,0.103042540845773
2087-12-15,0.331029438219884
2087-12-16,0.102610708974569
2087-12-17,0.0333804057221719
2087-12-18,0.0177591109208502
2087-12-19,0.0226640077660881
2087-12-20,0.0257820006123787
2087-12-21,0.0412965916797723
2087-12-22,0.0560013912127977
2087-12-23,0.0872289688271826
2087-12-24,0.0547962201371297
2087-12-25,0.0212488891983707
2087-12-26,0.0187889794037785
2087-12-27,0.0153141364834223
2087-12-28,0.0387233820289858
2087-12-29,0.317948246665331
2087-12-30,0.120574252750988
2087-12-31,0.0740176876247767
2088-01-01,0.0373206067147134
2088-01-02,0.00834817254443187
2088-01-03,0.00824905468277128
2088-01-04,0.0668723185175242
2088-01-05,0.00918122432081325
2088-01-06,0.0222278901960995
2088-01-07,0.00833127513804826
2088-01-08,0.00832387526024357
2088-01-09,0.00830362752076763
2088-01-10,0.00827717958504157
2088-01-11,0.00824744913414779
2088-01-12,0.00821950675937157
2088-01-13,0.00819858039884375
2088-01-14,0.0081803789974095
2088-01-15,0.0266485689842683
2088-01-16,0.405120232338416
2088-01-17,1.34888781964121
2088-01-18,0.674392509481724
2088-01-19,0.295760927707481
2088-01-20,0.9556018202437
2088-01-21,3.53809408835962
2088-01-22,1.4083551700755
2088-01-23,0.091755289579157
2088-01-24,0.0248679745668617
2088-01-25,0.0341996746820688
2088-01-26,0.0259502010065088
2088-01-27,0.461132026874023
2088-01-28,0.655100210067874
2088-01-29,0.573364263010355
2088-01-30,0.390718704643358
2088-01-31,0.519420469970579
2088-02-01,0.619340049286413
2088-02-02,0.909885020214508
2088-02-03,0.732921857034633
2088-02-04,0.643663527207361
2088-02-05,0.882041873532368
2088-02-06,0.858204370771413
2088-02-07,0.832828103645541
2088-02-08,0.835600959658153
2088-02-09,0.784806898568709
2088-02-10,0.769057556138029
2088-02-11,0.737751434221878
2088-02-12,0.698196680849422
2088-02-13,0.666048640295881
2088-02-14,0.638714112440912
2088-02-15,0.613018638914091
2088-02-16,0.58402805005973
2088-02-17,0.618264579706986
2088-02-18,0.525902443219431
2088-02-19,0.495814186340223
2088-02-20,0.480572551590458
2088-02-21,0.457989390622175
2088-02-22,0.442001486437452
2088-02-23,0.421456104164948
2088-02-24,0.536480671451117
2088-02-25,0.721535172328572
2088-02-26,0.843329974419061
2088-02-27,0.795795235447976
2088-02-28,0.670157185834684
2088-02-29,0.699733773144292
2088-03-01,0.587852100352709
2088-03-02,0.586180694008766
2088-03-03,0.56082001181334
2088-03-04,0.531590320416157
2088-03-05,0.46859208505127
2088-03-06,0.4256717406413
2088-03-07,0.383417324165289
2088-03-08,0.34245282356664
2088-03-09,0.304027440819065
2088-03-10,0.268573617508914
2088-03-11,0.237419934807175
2088-03-12,0.212955688438274
2088-03-13,0.192306253575954
2088-03-14,0.176434436290821
2088-03-15,0.163673710372177
2088-03-16,0.155298767909446
2088-03-17,0.144556980189269
2088-03-18,0.134750632921038
2088-03-19,0.121851515669637
2088-03-20,0.106712701163557
2088-03-21,0.0919543233482323
2088-03-22,0.0783915032337717
2088-03-23,0.0666516503340897
2088-03-24,0.0570598828873838
2088-03-25,0.0515221794770403
2088-03-26,0.0507614462881847
2088-03-27,0.0435597803672854
2088-03-28,0.042455335376548
2088-03-29,0.0375699182878525
2088-03-30,0.0352126161304173
2088-03-31,0.0323772710220805
2088-04-01,0.0305935536431139
2088-04-02,0.0275196139950514
2088-04-03,0.0248712365279566
2088-04-04,0.0215608537605914
2088-04-05,0.0184861419522784
2088-04-06,0.0162465228368715
2088-04-07,0.0147816027151098
2088-04-08,0.0140528248478411
2088-04-09,0.013734864485887
2088-04-10,0.01356668561105
2088-04-11,0.0228800940347678
2088-04-12,0.0133843005110807
2088-04-13,0.0138781274201886
2088-04-14,0.0132187787149241
2088-04-15,0.0131279844557481
2088-04-16,0.0913157550765564
2088-04-17,0.0242244002383107
2088-04-18,0.0129962788083541
2088-04-19,0.0129047729954785
2088-04-20,0.0128597286560984
2088-04-21,0.168704137638832
2088-04-22,0.0257616754534137
2088-04-23,0.0126117187307341
2088-04-24,0.012526586855861
2088-04-25,0.013578285354121
2088-04-26,0.0210711160233192
2088-04-27,0.0146020670322647
2088-04-28,0.0122809086163227
2088-04-29,0.0121587880196223
2088-04-30,0.0120200566372565
2088-05-01,0.0148497179799175
2088-05-02,0.0145836720150079
2088-05-03,0.0144511736204124
2088-05-04,0.0143179706374341
2088-05-05,0.0141593754602744
2088-05-06,0.0139888265341582
2088-05-07,0.0187476106754618
2088-05-08,0.0137740403398547
2088-05-09,0.0136312828603763
2088-05-10,0.0134575309188646
2088-05-11,0.0133977153272501
2088-05-12,0.0131222867010336
2088-05-13,0.0129704257953379
2088-05-14,0.0128216185095001
2088-05-15,0.0282440194406228
2088-05-16,0.171522252006429
2088-05-17,0.0249652535935475
2088-05-18,0.0152742745078025
2088-05-19,0.0446901272509763
2088-05-20,0.0232981527265462
2088-05-21,0.0124931678687945
2088-05-22,0.0123083400673409
2088-05-23,0.0121004580141746
2088-05-24,0.0118757173830178
2088-05-25,0.0116465626727739
2088-05-26,0.0114254363656178
2088-05-27,0.0112263798225941
2088-05-28,0.0110503673884308
2088-05-29,0.0108585103294578
2088-05-30,0.0106323162035156
2088-05-31,0.0103935572234632
2088-06-01,0.0123580500816369
2088-06-02,0.0120186650876373
2088-06-03,0.0116784990479714
2088-06-04,0.0113418484720633
2088-06-05,0.0110155399328694
2088-06-06,0.0107029100492146
2088-06-07,0.0104072833458139
2088-06-08,0.0299193246988913
2088-06-09,0.00988333316296909
2088-06-10,0.00964656923562648
2088-06-11,0.00942490966740722
2088-06-12,0.00922096479397484
2088-06-13,0.00903579600201803
2088-06-14,0.00886422415158049
2088-06-15,0.00870645951989127
2088-06-16,0.00855932344323199
2088-06-17,0.00842297942866344
2088-06-18,0.00829813955069434
2088-06-19,0.00818762424563993
2088-06-20,0.00809149362357829
2088-06-21,0.00800810432108913
2088-06-22,0.00793688036069294
2088-06-23,0.00787599972719896
2088-06-24,0.00782426478592033
2088-06-25,0.00778058820397575
2088-06-26,0.00774630705196095
2088-06-27,0.00772107756940664
2088-06-28,0.00769944760672368
2088-06-29,0.00767947736016705
2088-06-30,0.00766227656920804
2088-07-01,0.0145527628942014
2088-07-02,0.0145353440700593
2088-07-03,0.0145231634064235
2088-07-04,0.0145125644557245
2088-07-05,0.0145031688651445
2088-07-06,0.0144957961432903
2088-07-07,0.0144902344823359
2088-07-08,0.0144855664857895
2088-07-09,0.0144816229071069
2088-07-10,0.0144781055894814
2088-07-11,0.0144746164423367
2088-07-12,0.0144711281063073
2088-07-13,0.0144676404992608
2088-07-14,0.0144641536624955
2088-07-15,0.0144606677245462
2088-07-16,0.0144571821383277
2088-07-17,0.0144536977386205
2088-07-18,0.0144502143161496
2088-07-19,0.0144467311516765
2088-07-20,0.0144432488354406
2088-07-21,0.0144397676402887
2088-07-22,0.0144362874483583
2088-07-23,0.0144328079404005
2088-07-24,0.014429328905748
2088-07-25,0.0144258511276744
2088-07-26,0.0144223740628072
2088-07-27,0.0144188979417663
2088-07-28,0.0144285917940223
2088-07-29,0.0144119479144747
2088-07-30,0.0144084742277078
2088-07-31,0.0144050017747828
2088-08-01,0.0186115504608004
2088-08-02,0.0186070646502181
2088-08-03,0.0186025802578644
2088-08-04,0.0185980961095781
2088-08-05,0.0185936133795204
2088-08-06,0.018589131693495
2088-08-07,0.0185846513159579
2088-08-08,0.0185801716922109
2088-08-09,0.0185756934872923
2088-08-10,0.0185712161992749
2088-08-11,0.0185667400116592
2088-08-12,0.0185622646977682
2088-08-13,0.0185577910113921
2088-08-14,0.018553317707608
2088-08-15,0.018548846030739
2088-08-16,0.0185443750794754
2088-08-17,0.0185399055476399
2088-08-18,0.0185354365621072
2088-08-19,0.0185309692478657
2088-08-20,0.0185265033854345
2088-08-21,0.0185220375979626
2088-08-22,0.0185175734440023
2088-08-23,0.0185131102675104
2088-08-24,0.0185086476541123
2088-08-25,0.0185041870094434
2088-08-26,0.0184997267101867
2088-08-27,0.018495268076824
2088-08-28,0.018490810047333
2088-08-29,0.0184863531638186
2088-08-30,0.0184818978580462
2088-08-31,0.0184774431333578
2088-09-01,0.00968661281179247
2088-09-02,0.00968427789615377
2088-09-03,0.00968194384021797
2088-09-04,0.0096796104373923
2088-09-05,0.00967727724744836
2088-09-06,0.00967494468545859
2088-09-07,0.00967261260080203
2088-09-08,0.00967028147678638
2088-09-09,0.00966795067728187
2088-09-10,0.0096656205849726
2088-09-11,0.00966329071686536
2088-09-12,0.037101423322461
2088-09-13,0.00965863323619166
2088-09-14,0.00965630524848788
2088-09-15,0.0096539776997546
2088-09-16,0.00965165094123105
2088-09-17,0.00964932461821898
2088-09-18,0.00964699899579876
2088-09-19,0.00964467386706312
2088-09-20,0.00964234928421046
2088-09-21,0.00964002511139898
2088-09-22,0.00963770167188202
2088-09-23,0.00963537890717203
2088-09-24,0.00963305637955644
2088-09-25,0.00963073461699469
2088-09-26,0.00962841332925055
2088-09-27,0.0096260927185146
2088-09-28,0.00962377245901789
2088-09-29,0.00962145319129252
2088-09-30,0.00961913406695581
2088-10-01,0.0235691092868464
2088-10-02,0.00820414314065105
2088-10-03,0.00820216598024641
2088-10-04,0.00820018888719063
2088-10-05,0.00819821261332234
2088-10-06,0.0081962366380966
2088-10-07,0.00819426094112091
2088-10-08,0.00819228593561139
2088-10-09,0.00819031152792359
2088-10-10,0.00818833754633136
2088-10-11,0.00818636398654153
2088-10-12,0.00818439090087691
2088-10-13,0.00818241830168034
2088-10-14,0.00818044605479074
2088-10-15,0.00817847421762906
2088-10-16,0.00817650310949862
2088-10-17,0.008174532429342
2088-10-18,0.00866737877063236
2088-10-19,0.0309363305498882
2088-10-20,0.00816862316090819
2088-10-21,0.00816665450148562
2088-10-22,0.00816468616807443
2088-10-23,0.00816271814457533
2088-10-24,0.00816389004474496
2088-10-25,0.0081587838690399
2088-10-26,0.00815681758775645
2088-10-27,0.0081548515632573
2088-10-28,0.00815288621278338
2088-10-29,0.00815092117356313
2088-10-30,0.00814895666562071
2088-10-31,0.0124607376183103
2088-11-01,0.00942544566938157
2088-11-02,0.00998658518966804
2088-11-03,0.00905725348201138
2088-11-04,0.00905507052577995
2088-11-05,0.00905288808478956
2088-11-06,0.00905070629008967
2088-11-07,0.00904852490256749
2088-11-08,0.00904634388520701
2088-11-09,0.0090441634863748
2088-11-10,0.00904498337030291
2088-11-11,0.00904045340129049
2088-11-12,0.00903762608254269
2088-11-13,0.0090354477637802
2088-11-14,0.00903326979846249
2088-11-15,0.0639425646663208
2088-11-16,0.00902891611297693
2088-11-17,0.00902673995398842
2088-11-18,0.00902456451651663
2088-11-19,0.00902238949667091
2088-11-20,0.00902021519446108
2088-11-21,0.00901804116121557
2088-11-22,0.00901586757514925
2088-11-23,0.0120043857371692
2088-11-24,0.053932719943372
2088-11-25,0.00900935079469569
2088-11-26,0.00911561956996594
2088-11-27,0.00900500980874075
2088-11-28,0.00900284023594336
2088-11-29,0.0139545570894859
2088-11-30,0.0110814429095553
2088-12-01,0.0148206372325722
2088-12-02,0.007610633839535
2088-12-03,0.00760880122115274
2088-12-04,0.00760696942068209
2088-12-05,0.00760513802209453
2088-12-06,0.00760330735149377
2088-12-07,0.00760147727651858
2088-12-08,0.00759964742256645
2088-12-09,0.00759781828447645
2088-12-10,0.00759598959070593
2088-12-11,0.007594161262697
2088-12-12,0.00759233327973665
2088-12-13,0.00834373678390595
2088-12-14,0.00777114880843915
2088-12-15,0.00758685286520376
2088-12-16,0.00758502723973851
2088-12-17,0.0075832017345098
2088-12-18,0.00758137671401624
2088-12-19,0.00757955265920401
2088-12-20,0.00757772853113841
2088-12-21,0.00757590481228122
2088-12-22,0.00757408196084481
2088-12-23,0.00757225907556031
2088-12-24,0.00757043677807083
2088-12-25,0.00756861490620864
2088-12-26,0.00756679345466914
2088-12-27,0.0176698230527942
2088-12-28,0.0214558369149355
2088-12-29,0.00756133203826807
2088-12-30,0.0075595126226667
2088-12-31,0.00755769368599074
2089-01-01,0.00566706203365706
2089-01-02,0.00566569844467036
2089-01-03,0.00566433507885993
2089-01-04,0.00566297230471289
2089-01-05,0.00587590109762075
2089-01-06,0.00566024748505712
2089-01-07,0.00565888561157219
2089-01-08,0.00565752398229288
2089-01-09,0.00565616266977988
2089-01-10,0.00566952090885833
2089-01-11,0.00565344070462054
2089-01-12,0.00742744054357085
2089-01-13,0.00565071996844628
2089-01-14,0.00564935998457093
2089-01-15,0.00564800046390948
2089-01-16,0.00564664112910194
2089-01-17,0.00564528190588253
2089-01-18,0.00564392305115025
2089-01-19,0.00564256434153939
2089-01-20,0.00564120587405015
2089-01-21,0.00563984769831935
2089-01-22,0.00563848990566359
2089-01-23,0.0486794032543157
2089-01-24,0.214547371889441
2089-01-25,0.2562472687252
2089-01-26,0.0306830162163101
2089-01-27,0.308710347632309
2089-01-28,0.678954678024639
2089-01-29,0.365370698422823
2089-01-30,0.15555359686574
2089-01-31,0.2809540621524
2089-02-01,0.315679054351512
2089-02-02,0.508211356959684
2089-02-03,0.989786925244927
2089-02-04,0.205182074623132
2089-02-05,0.0918418186497609
2089-02-06,0.0430771351551163
2089-02-07,0.0479374443448151
2089-02-08,0.0306187673807678
2089-02-09,0.0483899939490245
2089-02-10,0.0959307215327516
2089-02-11,0.0977058887809078
2089-02-12,0.0567085281068728
2089-02-13,0.0345557876753072
2089-02-14,0.0199880633530167
2089-02-15,0.0163293471584006
2089-02-16,0.0174117455539709
2089-02-17,0.0118065781432774
2089-02-18,0.011776911751284
2089-02-19,0.0117419018855947
2089-02-20,0.0116960754593819
2089-02-21,0.0116334972463203
2089-02-22,0.0115617499923809
2089-02-23,0.0114923883395353
2089-02-24,0.0114241631751369
2089-02-25,0.0113528978873567
2089-02-26,0.0112823113285799
2089-02-27,0.0112104284909322
2089-02-28,0.0405948639501736
2089-03-01,0.0185018850221375
2089-03-02,0.0090630417769943
2089-03-03,0.00902297564645322
2089-03-04,0.00896330489925747
2089-03-05,0.00888265362243309
2089-03-06,0.00879145176939601
2089-03-07,0.00870837597705934
2089-03-08,0.00863509281171458
2089-03-09,0.00857253269838735
2089-03-10,0.0085287554585146
2089-03-11,0.00850331122290019
2089-03-12,0.00849063241886912
2089-03-13,0.00949062358957069
2089-03-14,0.0165955425643247
2089-03-15,0.0113421347909334
2089-03-16,0.0155152931283595
2089-03-17,0.00899046619426483
2089-03-18,0.0084709798824099
2089-03-19,0.00839560305721103
2089-03-20,0.0459860430264098
2089-03-21,0.0534453061629577
2089-03-22,0.0166050680953593
2089-03-23,0.0313862409200589
2089-03-24,0.0959566174279983
2089-03-25,0.137439093468956
2089-03-26,0.283194848832551
2089-03-27,0.0702047295902892
2089-03-28,0.0213546332344979
2089-03-29,0.0415588241232726
2089-03-30,0.0101375308599147
2089-03-31,0.0248213793289396
2089-04-01,0.205269349368326
2089-04-02,0.506637835587928
2089-04-03,0.169323205957426
2089-04-04,0.333209202605578
2089-04-05,0.170415643322554
2089-04-06,0.113972826441691
2089-04-07,0.0268479821578562
2089-04-08,0.0151858902034244
2089-04-09,0.0117831098610034
2089-04-10,0.011773530224365
2089-04-11,0.0117350709181881
2089-04-12,0.0116762048471676
2089-04-13,0.0116011595224529
2089-04-14,0.0115062808455294
2089-04-15,0.0114094550150175
2089-04-16,0.0155150375371095
2089-04-17,0.0112349095657838
2089-04-18,0.011125481797243
2089-04-19,0.0110118704764008
2089-04-20,0.0108958624490865
2089-04-21,0.0107716977339988
2089-04-22,0.0106663485994525
2089-04-23,0.18313961659924
2089-04-24,0.392304215541432
2089-04-25,0.285731695052055
2089-04-26,0.0447682627929467
2089-04-27,0.115290979420667
2089-04-28,0.108036510372616
2089-04-29,0.0119685719143575
2089-04-30,0.0135400674964664
2089-05-01,0.0393730786313464
2089-05-02,0.0184423044931643
2089-05-03,0.0158568040914989
2089-05-04,0.0155611366970333
2089-05-05,0.0151625129341927
2089-05-06,0.0148617151167422
2089-05-07,0.173826026380783
2089-05-08,0.0148305987252456
2089-05-09,0.014749027659099
2089-05-10,0.014567984724629
2089-05-11,0.0143205430793044
2089-05-12,0.0140847057748151
2089-05-13,0.0138737275684619
2089-05-14,0.013666986797219
2089-05-15,0.0134789314735776
2089-05-16,0.0132972149125687
2089-05-17,0.0131043933752749
2089-05-18,0.0128988826640181
2089-05-19,0.012682681019127
2089-05-20,0.0124780115889213
2089-05-21,0.0122862848739824
2089-05-22,0.0120804789026254
2089-05-23,0.0118606169066353
2089-05-24,0.0116481274984958
2089-05-25,0.0114633264570017
2089-05-26,0.0113150560270217
2089-05-27,0.0111831759923618
2089-05-28,0.0110410292831826
2089-05-29,0.0108715385266502
2089-05-30,0.0106859832810905
2089-05-31,0.0105017850814038
2089-06-01,0.012607872428957
2089-06-02,0.012434716234005
2089-06-03,0.0122386797934768
2089-06-04,0.0120106708189405
2089-06-05,0.0117639643000131
2089-06-06,0.0115167358368745
2089-06-07,0.0112798034217113
2089-06-08,0.0110432738554324
2089-06-09,0.0108018164822082
2089-06-10,0.0127679733116018
2089-06-11,0.0103355364788091
2089-06-12,0.010104281961989
2089-06-13,0.00988630927009943
2089-06-14,0.00966918384003102
2089-06-15,0.00945949874754157
2089-06-16,0.00926600112626406
2089-06-17,0.00908630570736694
2089-06-18,0.00891762720130466
2089-06-19,0.00876176853824134
2089-06-20,0.00862059538659816
2089-06-21,0.00849394067654164
2089-06-22,0.00838056834309913
2089-06-23,0.0082803475821828
2089-06-24,0.0081921519682152
2089-06-25,0.0081135311290885
2089-06-26,0.00804346744109577
2089-06-27,0.00798349726546489
2089-06-28,0.00793101892786416
2089-06-29,0.0078842449545328
2089-06-30,0.00784264710299592
2089-07-01,0.0148473531179099
2089-07-02,0.0147816075015538
2089-07-03,0.0147256234669755
2089-07-04,0.0146775572618011
2089-07-05,0.0146364991032573
2089-07-06,0.0146027996892132
2089-07-07,0.0145746631314512
2089-07-08,0.014551363384773
2089-07-09,0.0145324462529011
2089-07-10,0.0145171286211566
2089-07-11,0.0145042910042208
2089-07-12,0.0144928926436845
2089-07-13,0.014483501762028
2089-07-14,0.0144763315772485
2089-07-15,0.0144701961844476
2089-07-16,0.0144643929285242
2089-07-17,0.0144589831674757
2089-07-18,0.0144545562123169
2089-07-19,0.0144509872454846
2089-07-20,0.0144474788830734
2089-07-21,0.0144439964350545
2089-07-22,0.0144405150371237
2089-07-23,0.0144370341445159
2089-07-24,0.0144335543024602
2089-07-25,0.0144300756626928
2089-07-26,0.0144265973570231
2089-07-27,0.014423119901911
2089-07-28,0.0144196435794833
2089-07-29,0.0144161680208404
2089-07-30,0.0144126930640377
2089-07-31,0.0160680047097493
2089-08-01,0.0187137297831569
2089-08-02,0.0186125124923974
2089-08-03,0.0186080258722553
2089-08-04,0.0186035411830632
2089-08-05,0.0185990569508225
2089-08-06,0.018594574093634
2089-08-07,0.0185900919914349
2089-08-08,0.0185856110484053
2089-08-09,0.0185811313197154
2089-08-10,0.0185766526452521
2089-08-11,0.0185721752468948
2089-08-12,0.0185676987480483
2089-08-13,0.0589770066573511
2089-08-14,0.0185587486012048
2089-08-15,0.0185542753771773
2089-08-16,0.0185498032397588
2089-08-17,0.0185453321691601
2089-08-18,0.0185408622121559
2089-08-19,0.0185363933297671
2089-08-20,0.0185319254944089
2089-08-21,0.0185274587792416
2089-08-22,0.0185229929695817
2089-08-23,0.018518528419237
2089-08-24,0.0185140649387104
2089-08-25,0.018509602414064
2089-08-26,0.0185051405202745
2089-08-27,0.0187017463293839
2089-08-28,0.0324447077107876
2089-08-29,0.0228477983676986
2089-08-30,0.0338650409535101
2089-08-31,0.0184828499452515
2089-09-01,0.00968944727015519
2089-09-02,0.00968711186680647
2089-09-03,0.0109911637221661
2089-09-04,0.00968244267480336
2089-09-05,0.00968010875156491
2089-09-06,0.00967777567356479
2089-09-07,0.00967544295875294
2089-09-08,0.00967311093195493
2089-09-09,0.00967077924916386
2089-09-10,0.0096684483807951
2089-09-11,0.00966611785989214
2089-09-12,0.00966378808894956
2089-09-13,0.00966145891514512
2089-09-14,0.00965913032338525
2089-09-15,0.0174808124425882
2089-09-16,0.00965447459953675
2089-09-17,0.00965214762278581
2089-09-18,0.00964982092400744
2089-09-19,0.00964749511166023
2089-09-20,0.0096451697442579
2089-09-21,0.00964284500826876
2089-09-22,0.00964052099079497
2089-09-23,0.00963819709061057
2089-09-24,0.0096358741076732
2089-09-25,0.00963355164892186
2089-09-26,0.00963122950178931
2089-09-27,0.00962890820901392
2089-09-28,0.00962658717094209
2089-09-29,0.00962426696175723
2089-09-30,0.00962194734530816
2089-10-01,0.00820852116895281
2089-10-02,0.00820654257704955
2089-10-03,0.00820456452420547
2089-10-04,0.00820258709440539
2089-10-05,0.00820060990287538
2089-10-06,0.00819863344279153
2089-10-07,0.00819665743161062
2089-10-08,0.00819468167748232
2089-10-09,0.00819270666687468
2089-10-10,0.00819073194122514
2089-10-11,0.00818875774309694
2089-10-12,0.00818678392464457
2089-10-13,0.0081848108239539
2089-10-14,0.008182838081205
2089-10-15,0.00818086561133969
2089-10-16,0.00817889393087814
2089-10-17,0.00817692257803791
2089-10-18,0.00817495166309943
2089-10-19,0.00817298132505353
2089-10-20,0.00817101156658347
2089-10-21,0.0081690420479934
2089-10-22,0.00816707299574721
2089-10-23,0.00816510440528342
2089-10-24,0.00816313660422338
2089-10-25,0.00816116914795728
2089-10-26,0.0236242194443518
2089-10-27,0.00815723549814908
2089-10-28,0.0128816217071534
2089-10-29,0.00815330376281936
2089-10-30,0.00852173589184173
2089-10-31,0.00814937388776703
2089-11-01,0.00906426929861254
2089-11-02,0.00906208458023238
2089-11-03,0.00972164540979046
2089-11-04,0.0447484664206274
2089-11-05,0.00905553380401125
2089-11-06,0.00905335109047449
2089-11-07,0.00905116923666801
2089-11-08,0.00904898766794576
2089-11-09,0.00904680659894175
2089-11-10,0.0176156677496689
2089-11-11,0.0565888969057338
2089-11-12,0.0427334760059243
2089-11-13,0.00903808837596476
2089-11-14,0.0974095921652803
2089-11-15,0.00903373891121788
2089-11-16,0.00903157485800872
2089-11-17,0.00902941601422813
2089-11-18,0.00902726045055752
2089-11-19,0.00902510730338596
2089-11-20,0.00902295519684632
2089-11-21,0.0262426231108697
2089-11-22,0.0633425941923632
2089-11-23,0.00901651118987932
2089-11-24,0.00901438033360493
2089-11-25,0.00901225787253765
2089-11-26,0.00901014007699996
2089-11-27,0.00999621631133597
2089-11-28,0.00900591330114585
2089-11-29,0.00900380212403927
2089-11-30,0.00900169124127088
2089-12-01,0.00761521250650743
2089-12-02,0.00761342668489553
2089-12-03,0.0122175459885759
2089-12-04,0.0160649510472735
2089-12-05,0.0076080724257783
2089-12-06,0.00760628986798236
2089-12-07,0.00760450778229167
2089-12-08,0.00760272561779046
2089-12-09,0.00760094296501776
2089-12-10,0.126412672453756
2089-12-11,0.60772404551233
2089-12-12,0.539713675062606
2089-12-13,0.209313043561367
2089-12-14,0.0317139844244474
2089-12-15,0.0724295795820341
2089-12-16,0.047180438901158
2089-12-17,0.0176615742958961
2089-12-18,0.0207000421566977
2089-12-19,0.0206465779279251
2089-12-20,0.0134014956283835
2089-12-21,0.0162415952881273
2089-12-22,0.010553147081906
2089-12-23,0.0171872123577324
2089-12-24,0.828635051911743
2089-12-25,1.34979449500024
2089-12-26,1.64971058261957
2089-12-27,1.50248531957827
2089-12-28,1.80288811380108
2089-12-29,0.559156939877644
2089-12-30,0.0990997320328788
2089-12-31,0.065352940227298
2090-01-01,0.0675619427147988
2090-01-02,0.0469949820067178
2090-01-03,0.0523606176224836
2090-01-04,0.0353872210093688
2090-01-05,0.0205607438971347
2090-01-06,0.0200012750879796
2090-01-07,0.0188754997656794
2090-01-08,0.016599031155277
2090-01-09,0.0142404964426985
2090-01-10,0.0142598933391431
2090-01-11,0.0142746065970881
2090-01-12,0.0142793516518772
2090-01-13,0.0142810146651685
2090-01-14,0.0142799850352137
2090-01-15,0.0142725001291463
2090-01-16,0.0142617213558552
2090-01-17,0.0142500321742041
2090-01-18,0.0142434322215195
2090-01-19,0.0142394789635357
2090-01-20,0.0142345592295547
2090-01-21,0.0142290907373428
2090-01-22,0.0142171777095182
2090-01-23,0.0175111213192748
2090-01-24,0.26313159744884
2090-01-25,1.05429783087391
2090-01-26,0.360657706810741
2090-01-27,0.321403972254375
2090-01-28,0.772262430670407
2090-01-29,0.264541479893683
2090-01-30,0.207096495278242
2090-01-31,0.226197227551379
2090-02-01,0.245611050060622
2090-02-02,0.636528952057898
2090-02-03,0.315607834006932
2090-02-04,0.387446213753011
2090-02-05,1.30946089651723
2090-02-06,2.99935530726019
2090-02-07,1.62179159300165
2090-02-08,1.27829215567551
2090-02-09,1.30923077451943
2090-02-10,1.24786988315749
2090-02-11,1.19081528794878
2090-02-12,1.09949205580292
2090-02-13,1.00710103478461
2090-02-14,0.924453062122257
2090-02-15,0.843004859632318
2090-02-16,0.799802736731746
2090-02-17,0.780178928247187
2090-02-18,0.673018344078154
2090-02-19,0.616969073558566
2090-02-20,0.569831822235937
2090-02-21,0.523900726738031
2090-02-22,0.482289639100944
2090-02-23,0.443412516163609
2090-02-24,0.40714112402482
2090-02-25,0.375695431466717
2090-02-26,0.348184205649548
2090-02-27,0.332210679717791
2090-02-28,0.505312950276004
2090-03-01,0.240771498910271
2090-03-02,0.230395550551608
2090-03-03,0.41284532413229
2090-03-04,0.22623076126806
2090-03-05,0.230401364145779
2090-03-06,0.227040015896681
2090-03-07,0.21783790081109
2090-03-08,0.209343071339305
2090-03-09,0.502442114195346
2090-03-10,1.55361964456264
2090-03-11,0.927593388610448
2090-03-12,0.947320966805386
2090-03-13,1.11180994430895
2090-03-14,0.906208432626658
2090-03-15,0.893045171598402
2090-03-16,0.950483565218411
2090-03-17,0.806711722730653
2090-03-18,0.756552720845408
2090-03-19,0.72187661831274
2090-03-20,0.658511022718456
2090-03-21,0.724096222823987
2090-03-22,1.0468308910815
2090-03-23,1.04700066876571
2090-03-24,0.862627211062285
2090-03-25,0.97975261296879
2090-03-26,1.65225051608592
2090-03-27,2.95494877403282
2090-03-28,1.85277704020432
2090-03-29,1.34197488937261
2090-03-30,1.33089352780652
2090-03-31,1.32526183077543
2090-04-01,1.37072839141934
2090-04-02,1.25988690261922
2090-04-03,1.1159274890267
2090-04-04,0.987034241136168
2090-04-05,0.85543245549455
2090-04-06,0.759828261713074
2090-04-07,0.661989712559683
2090-04-08,0.602347430216767
2090-04-09,0.523343275082338
2090-04-10,0.500433682759586
2090-04-11,0.521450934979886
2090-04-12,0.416232512451359
2090-04-13,0.379481052459743
2090-04-14,0.336077869676999
2090-04-15,0.297562795295983
2090-04-16,0.662940950404218
2090-04-17,0.657531335904055
2090-04-18,0.391415877890615
2090-04-19,0.42493166651494
2090-04-20,0.417846273128569
2090-04-21,0.391222220566272
2090-04-22,0.355020205409025
2090-04-23,0.316656299260403
2090-04-24,0.294511904661557
2090-04-25,0.267782809313125
2090-04-26,0.244278832026207
2090-04-27,0.253712162031628
2090-04-28,0.215164066945637
2090-04-29,0.229224426685342
2090-04-30,0.18685402287388
2090-05-01,0.21129987600689
2090-05-02,0.180585396493546
2090-05-03,0.154454006473912
2090-05-04,0.139892581916785
2090-05-05,0.213632819485114
2090-05-06,0.181061277096513
2090-05-07,0.240909576426524
2090-05-08,0.126405685672485
2090-05-09,0.12853840953181
2090-05-10,0.116343381464256
2090-05-11,0.102379868641094
2090-05-12,0.0857192227960637
2090-05-13,0.0704027083586556
2090-05-14,0.0570808445577956
2090-05-15,0.0449228596608547
2090-05-16,0.0346031038422011
2090-05-17,0.0274963503684486
2090-05-18,0.0231748825548984
2090-05-19,0.0204600479301052
2090-05-20,0.0186772544923048
2090-05-21,0.0174765513862435
2090-05-22,0.0169445632533335
2090-05-23,0.0167210350820956
2090-05-24,0.0165217619125818
2090-05-25,0.0163028167151451
2090-05-26,0.0160714476945732
2090-05-27,0.0158428449278452
2090-05-28,0.0156174908927601
2090-05-29,0.0153910417672765
2090-05-30,0.0151573483152371
2090-05-31,0.0149278448489782
2090-06-01,0.0179435660904728
2090-06-02,0.0177184673298247
2090-06-03,0.0174897004822766
2090-06-04,0.0172085158925507
2090-06-05,0.0169128569583514
2090-06-06,0.0166341294777584
2090-06-07,0.0163562028453881
2090-06-08,0.0160600842833016
2090-06-09,0.0157263179019215
2090-06-10,0.0153511751979413
2090-06-11,0.0149557249310461
2090-06-12,0.014562458195383
2090-06-13,0.0141740647500033
2090-06-14,0.0137838780150173
2090-06-15,0.0134010221204038
2090-06-16,0.0130423575599174
2090-06-17,0.0127177378729043
2090-06-18,0.0124174480106022
2090-06-19,0.01212334353831
2090-06-20,0.0118235865860854
2090-06-21,0.0115337143723429
2090-06-22,0.0112603765342916
2090-06-23,0.0109796354990031
2090-06-24,0.0106919508494886
2090-06-25,0.0104129334643852
2090-06-26,0.0101459306030322
2090-06-27,0.00989843459051209
2090-06-28,0.00967693303593317
2090-06-29,0.00948664213959715
2090-06-30,0.00931057269137643
2090-07-01,0.0173859010665872
2090-07-02,0.0170666717011832
2090-07-03,0.0167592017614261
2090-07-04,0.0164682249841099
2090-07-05,0.0161806320537217
2090-07-06,0.0159181191785968
2090-07-07,0.0156882541825952
2090-07-08,0.0154888661276097
2090-07-09,0.0153149929803638
2090-07-10,0.0151658564664209
2090-07-11,0.0153801044237888
2090-07-12,0.0162795504684242
2090-07-13,0.0148579609867012
2090-07-14,0.0147806605977259
2090-07-15,0.0147159616509907
2090-07-16,0.0146624348541006
2090-07-17,0.0146198282040104
2090-07-18,0.0145846896198754
2090-07-19,0.0145578981831966
2090-07-20,0.0145398852699766
2090-07-21,0.0145270647778755
2090-07-22,0.0145162913487528
2090-07-23,0.0145063693642787
2090-07-24,0.0144977999401333
2090-07-25,0.0144914325934063
2090-07-26,0.0145000197432986
2090-07-27,0.014483257395903
2090-07-28,0.0144797666311678
2090-07-29,0.0144762765740705
2090-07-30,0.0144727872496682
2090-07-31,0.0144692985962459
2090-08-01,0.0186946243273001
2090-08-02,0.0186901185361842
2090-08-03,0.0186856133993125
2090-08-04,0.0186811091139778
2090-08-05,0.0186766068783283
2090-08-06,0.0186721052729361
2090-08-07,0.0186676050629849
2090-08-08,0.0186631052794018
2090-08-09,0.0186586064846809
2090-08-10,0.0186541093666482
2090-08-11,0.0186496129436375
2090-08-12,0.0186451179274617
2090-08-13,0.0186406239679112
2090-08-14,0.0186361310206102
2090-08-15,0.0186316395784906
2090-08-16,0.0186271482814922
2090-08-17,0.0186226591403212
2090-08-18,0.0186181703457617
2090-08-19,0.0186136828141155
2090-08-20,0.0186091963930651
2090-08-21,0.0186047110994017
2090-08-22,0.0186002268587656
2090-08-23,0.0185957433773165
2090-08-24,0.0185912615875475
2090-08-25,0.0185867804346321
2090-08-26,0.0185823002148093
2090-08-27,0.0185778215343493
2090-08-28,0.0188088906221307
2090-08-29,0.0245011320780174
2090-08-30,0.0230091410297461
2090-08-31,0.0185599166309693
2090-09-01,0.00972984895353878
2090-09-02,0.00972750361864061
2090-09-03,0.00972515903716166
2090-09-04,0.00972281503049501
2090-09-05,0.00972047163574572
2090-09-06,0.00971812878719383
2090-09-07,0.0097157861653595
2090-09-08,0.0181563550427824
2090-09-09,0.00971110335489543
2090-09-10,0.044941750101314
2090-09-11,0.00970642269777632
2090-09-12,0.00970408317546337
2090-09-13,0.00970174445782481
2090-09-14,0.00969940589646727
2090-09-15,0.00969706806871864
2090-09-16,0.00969473083307699
2090-09-17,0.00969239412225037
2090-09-18,0.00969005802271213
2090-09-19,0.0255522228247985
2090-09-20,0.00968538753046342
2090-09-21,0.0206097150923115
2090-09-22,0.00968071925979527
2090-09-23,0.0355202021402222
2090-09-24,0.00967605305065307
2090-09-25,0.0103049261085621
2090-09-26,0.00967138935427083
2090-09-27,0.00966905813812176
2090-09-28,0.00966672803386345
2090-09-29,0.00966439788055111
2090-09-30,0.00966206854512
2090-10-01,0.00824274878825249
2090-10-02,0.00824076204042944
2090-10-03,0.0920908771074294
2090-10-04,0.035586624507871
2090-10-05,0.0686675367230381
2090-10-06,0.00823283110553415
2090-10-07,0.0082308707176782
2090-10-08,0.00822891681838827
2090-10-09,0.00822696526933196
2090-10-10,0.0082250140444088
2090-10-11,0.00822306265768738
2090-10-12,0.00822111016199057
2090-10-13,0.00821915652780291
2090-10-14,0.0082172017028016
2090-10-15,0.00821524545381467
2090-10-16,0.00821328759382162
2090-10-17,0.405517352121482
2090-10-18,0.899962905172654
2090-10-19,0.0593479407126044
2090-10-20,0.00888113064083887
2090-10-21,0.00906269528279932
2090-10-22,0.834643608008708
2090-10-23,0.0097300422048615
2090-10-24,0.0101060837662634
2090-10-25,0.0102551183053354
2090-10-26,0.0103096386124254
2090-10-27,0.010319265660407
2090-10-28,0.0103131126575319
2090-10-29,0.0111009931716318
2090-10-30,0.22062034954715
2090-10-31,0.0940831805092792
2090-11-01,0.0125933504475137
2090-11-02,0.0118064586222371
2090-11-03,0.0118015384649085
2090-11-04,0.0118332254051397
2090-11-05,0.057622453013497
2090-11-06,1.23681399402372
2090-11-07,0.592159048038708
2090-11-08,0.551497481449872
2090-11-09,0.292831876746457
2090-11-10,0.0151849630500649
2090-11-11,0.0154389511621743
2090-11-12,0.0155358024280187
2090-11-13,0.0704353358319253
2090-11-14,0.015623732260187
2090-11-15,0.0156389390008784
2090-11-16,0.0156389069777143
2090-11-17,0.171576884670957
2090-11-18,0.259384188015789
2090-11-19,1.25210144885487
2090-11-20,1.02948939610253
2090-11-21,0.0183262211902212
2090-11-22,0.018783693282224
2090-11-23,0.0189817589298642
2090-11-24,0.0191092761160091
2090-11-25,0.0283692003849567
2090-11-26,0.0201031591546808
2090-11-27,0.0192811748790845
2090-11-28,0.0248517069711363
2090-11-29,0.0193037080584412
2090-11-30,0.0243597983254485
2090-12-01,0.142887916784953
2090-12-02,0.161801765229985
2090-12-03,0.0164125922036434
2090-12-04,0.0164179832036134
2090-12-05,0.0164098034407683
2090-12-06,0.0164157374870703
2090-12-07,0.0164399986518067
2090-12-08,0.0164778837102703
2090-12-09,0.0165177500411638
2090-12-10,0.0165549183104782
2090-12-11,0.0165877121747539
2090-12-12,0.0166172909764759
2090-12-13,0.0166445624889245
2090-12-14,0.0281628179310245
2090-12-15,0.0266499789972104
2090-12-16,0.0183479538391999
2090-12-17,0.0191437094322343
2090-12-18,0.0545855241832003
2090-12-19,0.0195664173280616
2090-12-20,0.0182696636158313
2090-12-21,0.186782862222156
2090-12-22,0.276780641575777
2090-12-23,0.0513964754033917
2090-12-24,0.0239713949391427
2090-12-25,0.280737353439321
2090-12-26,0.261859107629206
2090-12-27,0.0320387347954246
2090-12-28,0.0227903859189452
2090-12-29,0.0501177688857852
2090-12-30,0.074798171230655
2090-12-31,0.144142273301204
2091-01-01,0.115321745669901
2091-01-02,0.0893075238650615
2091-01-03,0.0909071700370998
2091-01-04,0.138555961434555
2091-01-05,0.506245199162708
2091-01-06,1.69894402998804
2091-01-07,4.010974332583
2091-01-08,1.17100684338195
2091-01-09,1.50942875735532
2091-01-10,2.81696125777391
2091-01-11,3.71040856523109
2091-01-12,2.31996945400443
2091-01-13,2.21139497305814
2091-01-14,2.08808726349069
2091-01-15,1.70885574625332
2091-01-16,1.79336536045091
2091-01-17,1.69273314956787
2091-01-18,1.8974456228841
2091-01-19,1.72045587631533
2091-01-20,1.65708504927236
2091-01-21,1.80840945461968
2091-01-22,2.30885854848187
2091-01-23,2.05800949113277
2091-01-24,1.73088726829919
2091-01-25,1.67471191678564
2091-01-26,1.6585667181296
2091-01-27,1.60438280688835
2091-01-28,1.47288541080886
2091-01-29,1.72114727189484
2091-01-30,2.25347917686544
2091-01-31,2.30630584796717
2091-02-01,1.60694720350618
2091-02-02,1.91902370120918
2091-02-03,2.03492453646478
2091-02-04,1.75063252539314
2091-02-05,1.60562715047349
2091-02-06,1.58200288749286
2091-02-07,1.54508514243802
2091-02-08,1.40759819679271
2091-02-09,1.29952347595027
2091-02-10,1.17753589536872
2091-02-11,1.13786105439433
2091-02-12,1.00313087807534
2091-02-13,0.903524785228938
2091-02-14,1.17347721326605
2091-02-15,1.32692250222025
2091-02-16,0.968298585347621
2091-02-17,0.970106015003507
2091-02-18,0.90533007598862
2091-02-19,1.33380279317907
2091-02-20,1.56114037464638
2091-02-21,1.58069974901902
2091-02-22,1.71722425434357
2091-02-23,1.85322919776087
2091-02-24,1.60393635081179
2091-02-25,1.99674158345171
2091-02-26,1.60953168934831
2091-02-27,1.52269101096039
2091-02-28,1.4270169178706
2091-03-01,1.05730523401189
2091-03-02,0.943129852550124
2091-03-03,0.841096096176268
2091-03-04,0.944218936278268
2091-03-05,1.37847133787246
2091-03-06,1.96827313463388
2091-03-07,1.85940740861485
2091-03-08,1.40820063858366
2091-03-09,1.35029650398548
2091-03-10,1.34567452891924
2091-03-11,1.26872915905562
2091-03-12,1.1694596648436
2091-03-13,1.07419780999038
2091-03-14,0.968954531063054
2091-03-15,0.859199224997201
2091-03-16,0.756330290616266
2091-03-17,0.783528973448081
2091-03-18,0.609700717311826
2091-03-19,0.559116022880431
2091-03-20,0.516320963725435
2091-03-21,0.584542931533223
2091-03-22,0.451741686878075
2091-03-23,0.41703215251934
2091-03-24,0.378501768602117
2091-03-25,0.339820186370137
2091-03-26,0.304831964673043
2091-03-27,0.275721093462719
2091-03-28,0.251600640289901
2091-03-29,0.256705189606433
2091-03-30,0.225288065879643
2091-03-31,0.204323236738557
2091-04-01,0.198517443349893
2091-04-02,0.184994372764421
2091-04-03,0.15885966796469
2091-04-04,0.137967895566032
2091-04-05,0.11890352858988
2091-04-06,0.296938160186936
2091-04-07,0.259026416442427
2091-04-08,0.543345873844261
2091-04-09,0.830232857346379
2091-04-10,0.64337757077622
2091-04-11,0.490400403639415
2091-04-12,0.504152758129898
2091-04-13,0.490813823932396
2091-04-14,0.559224807308259
2091-04-15,0.472577266978385
2091-04-16,0.435474726832425
2091-04-17,0.410220856789722
2091-04-18,0.419155404550606
2091-04-19,0.423468450193251
2091-04-20,0.565609378794119
2091-04-21,0.721737065182628
2091-04-22,0.498837330914888
2091-04-23,0.476893004253704
2091-04-24,0.457060752560116
2091-04-25,0.428084044977998
2091-04-26,0.395925528552357
2091-04-27,0.359110278302545
2091-04-28,0.320085965607236
2091-04-29,0.283807234951236
2091-04-30,0.299420873056356
2091-05-01,0.282890153935255
2091-05-02,0.251581172158574
2091-05-03,0.215570104197117
2091-05-04,0.193654172088414
2091-05-05,0.161491178354694
2091-05-06,0.139180691630846
2091-05-07,0.115408935367084
2091-05-08,0.0923434110018665
2091-05-09,0.0713746953779282
2091-05-10,0.0530894682634626
2091-05-11,0.0394689958617921
2091-05-12,0.0309280309889026
2091-05-13,0.0257003029634763
2091-05-14,0.0220134690438106
2091-05-15,0.0195053819325587
2091-05-16,0.0180873406452558
2091-05-17,0.0173628461075894
2091-05-18,0.0170522865710806
2091-05-19,0.0168806125104714
2091-05-20,0.0167301454022359
2091-05-21,0.0165758625627889
2091-05-22,0.0164115625138622
2091-05-23,0.0162359600692894
2091-05-24,0.0160660719604252
2091-05-25,0.0158845900532434
2091-05-26,0.0156690754722802
2091-05-27,0.0154559940116908
2091-05-28,0.030887664452087
2091-05-29,0.01511992355926
2091-05-30,0.0149514096822687
2091-05-31,0.0147349579086297
2091-06-01,0.0176830832592626
2091-06-02,0.0173894536351735
2091-06-03,0.0171466255998826
2091-06-04,0.0169472119544834
2091-06-05,0.0167049824659377
2091-06-06,0.0164402006073639
2091-06-07,0.0161991000279466
2091-06-08,0.029461015050591
2091-06-09,0.0158546130140633
2091-06-10,0.0157008689788765
2091-06-11,0.0154458309668413
2091-06-12,0.0151333800442118
2091-06-13,0.0148213256307416
2091-06-14,0.0145100646936182
2091-06-15,0.0141710368763357
2091-06-16,0.0138163077292138
2091-06-17,0.0134618849200365
2091-06-18,0.0130976582615548
2091-06-19,0.01272194625005
2091-06-20,0.0123424382810886
2091-06-21,0.011963663266219
2091-06-22,0.0115951879230701
2091-06-23,0.0112559761118096
2091-06-24,0.0109395072311001
2091-06-25,0.0106305343957993
2091-06-26,0.0103273448450065
2091-06-27,0.0100419076756603
2091-06-28,0.00978129658854441
2091-06-29,0.00954340937768333
2091-06-30,0.00932041289569084
2091-07-01,0.0173253124945644
2091-07-02,0.0169550729298651
2091-07-03,0.0166212218947241
2091-07-04,0.0163109047165106
2091-07-05,0.0160257911030379
2091-07-06,0.0157727977854989
2091-07-07,0.0155525331143095
2091-07-08,0.01536314110401
2091-07-09,0.0152027126921298
2091-07-10,0.0150700630656205
2091-07-11,0.0149613805026191
2091-07-12,0.0148697798209775
2091-07-13,0.0147925699548856
2091-07-14,0.0147288961377409
2091-07-15,0.0146745947749005
2091-07-16,0.0146293644525679
2091-07-17,0.0145934811499489
2091-07-18,0.0145644308656672
2091-07-19,0.0145430323719226
2091-07-20,0.0145278396408017
2091-07-21,0.014515347069449
2091-07-22,0.0145050655409376
2091-07-23,0.0144975646433727
2091-07-24,0.0144925046739527
2091-07-25,0.0144886322214533
2091-07-26,0.0144849971194882
2091-07-27,0.0144815056086012
2091-07-28,0.014478015290258
2091-07-29,0.0144745255375609
2091-07-30,0.0144710369504941
2091-07-31,0.0144675486492665
2091-08-01,0.0186923631298571
2091-08-02,0.018687857810085
2091-08-03,0.0186833535115573
2091-08-04,0.0186788500010012
2091-08-05,0.01867434798903
2091-08-06,0.0186698469083524
2091-08-07,0.0186653468998917
2091-08-08,0.0186608477075871
2091-08-09,0.0186563503215001
2091-08-10,0.0186518535638714
2091-08-11,0.0186473578244889
2091-08-12,0.0186428631711157
2091-08-13,0.0186383701104764
2091-08-14,0.0186338772615219
2091-08-15,0.0186293862109894
2091-08-16,0.0186248963226248
2091-08-17,0.0186204066717311
2091-08-18,0.0186159187874765
2091-08-19,0.0186114320204145
2091-08-20,0.0186069461312748
2091-08-21,0.0186024608268172
2091-08-22,0.0185979775000842
2091-08-23,0.0185934948671737
2091-08-24,0.0185890132063345
2091-08-25,0.0185845327382467
2091-08-26,0.0185800533837532
2091-08-27,0.0185755753023674
2091-08-28,0.0185710976971226
2091-08-29,0.0185666221211742
2091-08-30,0.0185621466315787
2091-08-31,0.0185576728126747
2091-09-01,0.00972867241145215
2091-09-02,0.00972632745672252
2091-09-03,0.0097239830604539
2091-09-04,0.00972163959746918
2091-09-05,0.0097192961464335
2091-09-06,0.0097169535365483
2091-09-07,0.0097146116388894
2091-09-08,0.00971227016542201
2091-09-09,0.00970992921676948
2091-09-10,0.00970758897279664
2091-09-11,0.00970524906779961
2091-09-12,0.00970291006401263
2091-09-13,0.00970057129008776
2091-09-14,0.00969823322901818
2091-09-15,0.00969589555786498
2091-09-16,0.009693558696103
2091-09-17,0.00969122225161449
2091-09-18,0.0465230711637973
2091-09-19,0.0096865511487063
2091-09-20,0.0341235372200145
2091-09-21,0.00968188220952005
2091-09-22,0.00967954891832361
2091-09-23,0.00967721581516752
2091-09-24,0.0108112219962278
2091-09-25,0.0096725512332976
2091-09-26,0.00967022008444057
2091-09-27,0.00966788936291932
2091-09-28,0.00966555929073476
2091-09-29,0.00966322953111231
2091-09-30,0.00966090049472198
2091-10-01,0.00824175221084293
2091-10-02,0.00823976578071329
2091-10-03,0.00823777972489304
2091-10-04,0.00823579419847238
2091-10-05,0.00823380913490741
2091-10-06,0.00823182465011329
2091-10-07,0.00822984064964064
2091-10-08,0.00822785716139496
2091-10-09,0.00822587402035811
2091-10-10,0.00822389135371483
2091-10-11,0.00822190909545783
2091-10-12,0.0359580214151629
2091-10-13,0.55276955589541
2091-10-14,0.00821818400386334
2091-10-15,0.00822271871646429
2091-10-16,0.00822849446055616
2091-10-17,0.00823448223065708
2091-10-18,0.00824012220106252
2091-10-19,0.00824508680141981
2091-10-20,0.00870245236590537
2091-10-21,0.00825297950631314
2091-10-22,0.468405056105474
2091-10-23,0.592374170166966
2091-10-24,0.0308311095078215
2091-10-25,0.0090454267009139
2091-10-26,0.00922287700654652
2091-10-27,0.192648858929438
2091-10-28,1.31087526246452
2091-10-29,2.30202349180468
2091-10-30,0.331398833787691
2091-10-31,0.0297901726681949
2091-11-01,0.0154949911308847
2091-11-02,0.0156663265472963
2091-11-03,0.0389086983717093
2091-11-04,0.0540090179458457
2091-11-05,0.0188712713348276
2091-11-06,0.0160033343220433
2091-11-07,0.0159968428236321
2091-11-08,0.0159876260773606
2091-11-09,0.0159702177857841
2091-11-10,0.0159245674373264
2091-11-11,0.0158516763002107
2091-11-12,1.30501131624484
2091-11-13,0.665407956079572
2091-11-14,0.0174933906259149
2091-11-15,0.0326756076029432
2091-11-16,0.0180598301873214
2091-11-17,0.0181442782322148
2091-11-18,0.033324875425341
2091-11-19,0.0181890202510902
2091-11-20,0.0182027293743665
2091-11-21,0.0182004251400359
2091-11-22,0.0181786052013274
2091-11-23,0.0181780067579639
2091-11-24,0.0180841887007607
2091-11-25,0.0180274700812193
2091-11-26,0.0179847279187004
2091-11-27,0.0200280964049978
2091-11-28,0.0179362986041621
2091-11-29,0.123469522941955
2091-11-30,0.139469897959328
2091-12-01,0.0426661414529516
2091-12-02,0.0151825674031948
2091-12-03,0.015160264289574
2091-12-04,0.0151191405607679
2091-12-05,0.0150723659048321
2091-12-06,0.0150207498132917
2091-12-07,0.0149625736340742
2091-12-08,0.0149099315550067
2091-12-09,0.0148549336737462
2091-12-10,0.0147963884926155
2091-12-11,0.0147539231806128
2091-12-12,0.0147183437154808
2091-12-13,0.0146859833933673
2091-12-14,0.0232845187810207
2091-12-15,0.0245525366371045
2091-12-16,0.0151768667441087
2091-12-17,0.014616115571706
2091-12-18,0.0175238810324483
2091-12-19,0.0388066131053942
2091-12-20,0.117224067145941
2091-12-21,0.368202743339867
2091-12-22,0.602281340494065
2091-12-23,0.0151920424157302
2091-12-24,0.015883307303206
2091-12-25,0.0157092010822705
2091-12-26,0.0157877723429006
2091-12-27,0.0158366746223798
2091-12-28,0.0158690080059501
2091-12-29,0.015866582744419
2091-12-30,0.0158290584461082
2091-12-31,0.0157931806508705
2092-01-01,0.0118308477449595
2092-01-02,0.252751287473413
2092-01-03,0.870043981005426
2092-01-04,1.12213515658277
2092-01-05,0.0696505820686595
2092-01-06,0.0243303350587149
2092-01-07,0.0214028556394494
2092-01-08,0.0245907516258087
2092-01-09,0.0494926187695249
2092-01-10,0.437119349500298
2092-01-11,0.484872123482909
2092-01-12,0.293339371356336
2092-01-13,0.380441282948997
2092-01-14,0.051237341302212
2092-01-15,0.0650844589188516
2092-01-16,0.12018559261433
2092-01-17,0.0741329197852838
2092-01-18,0.0762266645762397
2092-01-19,0.0767825622423113
2092-01-20,0.0755900163619818
2092-01-21,0.0732396282158843
2092-01-22,0.630359216033588
2092-01-23,1.40390804749267
2092-01-24,0.952907364833651
2092-01-25,0.708138566281312
2092-01-26,0.600480885057044
2092-01-27,0.635232115730318
2092-01-28,0.856391924661993
2092-01-29,0.765312594800568
2092-01-30,0.806239804430095
2092-01-31,0.830529213741174
2092-02-01,0.79605321821684
2092-02-02,0.796418778671506
2092-02-03,0.759467782918267
2092-02-04,0.7271295619912
2092-02-05,0.69831378780166
2092-02-06,0.653691315961285
2092-02-07,0.755831051635666
2092-02-08,0.71087665212037
2092-02-09,1.47771905587228
2092-02-10,2.30028610982641
2092-02-11,1.74432146034325
2092-02-12,2.00397236205588
2092-02-13,2.06720409806478
2092-02-14,1.60847878953497
2092-02-15,1.73720112321381
2092-02-16,1.5326763986394
2092-02-17,1.46443013618505
2092-02-18,1.35920827184418
2092-02-19,1.60404147359086
2092-02-20,3.48425624116805
2092-02-21,2.81074263242381
2092-02-22,1.71092590758978
2092-02-23,1.70141913375557
2092-02-24,1.69325019325548
2092-02-25,1.72159538627761
2092-02-26,1.63698695889336
2092-02-27,1.53565782282502
2092-02-28,1.49029683630011
2092-02-29,1.44305269566689
2092-03-01,1.13169513374982
2092-03-02,1.20806228604163
2092-03-03,1.19436802504764
2092-03-04,1.05287573296363
2092-03-05,1.00548049887601
2092-03-06,1.13440901452219
2092-03-07,0.903591905143251
2092-03-08,0.845653231952002
2092-03-09,0.799280170802618
2092-03-10,0.725391724925648
2092-03-11,0.66046290018113
2092-03-12,0.594654303308522
2092-03-13,0.536253411445245
2092-03-14,0.487290691052849
2092-03-15,0.459597703479231
2092-03-16,0.430728635803131
2092-03-17,0.404975654447432
2092-03-18,0.369532006654949
2092-03-19,0.338934551141563
2092-03-20,0.307865399564847
2092-03-21,0.277372771541318
2092-03-22,0.248199729100669
2092-03-23,0.219977093384568
2092-03-24,0.193889922960247
2092-03-25,0.169136968136772
2092-03-26,0.146076804287296
2092-03-27,0.125783584749727
2092-03-28,0.10850589193818
2092-03-29,0.0934103959259178
2092-03-30,0.0799169369769523
2092-03-31,0.0672830822431354
2092-04-01,0.0600045351828322
2092-04-02,0.0540419243908166
2092-04-03,0.0454128027896025
2092-04-04,0.0386071026721747
2092-04-05,0.0322962642574435
2092-04-06,0.0267732626069945
2092-04-07,0.0224320583327928
2092-04-08,0.0193552607519637
2092-04-09,0.0178397341317622
2092-04-10,0.0160465061648369
2092-04-11,0.0150281053982438
2092-04-12,0.0143390610509299
2092-04-13,0.013895403202166
2092-04-14,0.0136284249748941
2092-04-15,0.0134667671442163
2092-04-16,0.0133342850390362
2092-04-17,0.0132007710571672
2092-04-18,0.0130740014014481
2092-04-19,0.0231579276571149
2092-04-20,0.0179123071776334
2092-04-21,0.0135252821314505
2092-04-22,0.0132739281164759
2092-04-23,0.0182314373726541
2092-04-24,0.0418906104304907
2092-04-25,0.0172488871887422
2092-04-26,0.0185691841380985
2092-04-27,0.021037110375521
2092-04-28,0.018486367296828
2092-04-29,0.0127986956533947
2092-04-30,0.013630402035584
2092-05-01,0.0195029734674014
2092-05-02,0.0153245621036341
2092-05-03,0.0151515689985425
2092-05-04,0.0149440046807377
2092-05-05,0.0147329895751732
2092-05-06,0.0145474931275921
2092-05-07,0.0143995600609713
2092-05-08,0.0142449122644699
2092-05-09,0.0140600758468127
2092-05-10,0.0170680170648977
2092-05-11,0.0725548177440306
2092-05-12,0.0193372156865992
2092-05-13,0.0136230928797663
2092-05-14,0.0134130795053914
2092-05-15,0.0131660707929949
2092-05-16,0.0167388032534657
2092-05-17,0.15168096837613
2092-05-18,0.118582904296346
2092-05-19,0.0127732505483917
2092-05-20,0.0126610894404947
2092-05-21,0.0444955406889465
2092-05-22,0.0124595662100289
2092-05-23,0.0123554943047245
2092-05-24,0.0121795913275928
2092-05-25,0.0372333925242177
2092-05-26,0.0118316382485918
2092-05-27,0.0317221237782531
2092-05-28,0.0113839763682692
2092-05-29,0.0111487355589535
2092-05-30,0.0109288880777279
2092-05-31,0.0107351853520818
2092-06-01,0.0136622282729525
2092-06-02,0.0127401549731846
2092-06-03,0.0124982187490039
2092-06-04,0.0122026700749046
2092-06-05,0.0118861489125582
2092-06-06,0.011569473019356
2092-06-07,0.0112707433011536
2092-06-08,0.0109716662423932
2092-06-09,0.0106642512454384
2092-06-10,0.0103672709826443
2092-06-11,0.0100846919123715
2092-06-12,0.00981854395153309
2092-06-13,0.00957075857447913
2092-06-14,0.00934104806928705
2092-06-15,0.00912942854208821
2092-06-16,0.0089368741750574
2092-06-17,0.00876301460375636
2092-06-18,0.00860416165971611
2092-06-19,0.00846015486989071
2092-06-20,0.00833161385133194
2092-06-21,0.0082180420636058
2092-06-22,0.00811912589688765
2092-06-23,0.00803345729902358
2092-06-24,0.00795954905250975
2092-06-25,0.0078969511619683
2092-06-26,0.00784418882423545
2092-06-27,0.00779977438743596
2092-06-28,0.00776165358254113
2092-06-29,0.00772932696216972
2092-06-30,0.00770386196957716
2092-07-01,0.0146194785385967
2092-07-02,0.0145879545646281
2092-07-03,0.0145618409985586
2092-07-04,0.0145425564722779
2092-07-05,0.0145287442362417
2092-07-06,0.0145170496756916
2092-07-07,0.0145072088551851
2092-07-08,0.0144999172439355
2092-07-09,0.0144942605298237
2092-07-10,0.0144890282104615
2092-07-11,0.0144844192053863
2092-07-12,0.0144806359004008
2092-07-13,0.0144771273347468
2092-07-14,0.0144736384794737
2092-07-15,0.0144701502497059
2092-07-16,0.014466662876528
2092-07-17,0.0144631764689856
2092-07-18,0.0144596904043575
2092-07-19,0.0144562052984047
2092-07-20,0.0144527212880143
2092-07-21,0.0144492377796988
2092-07-22,0.0144457553367842
2092-07-23,0.014442273687352
2092-07-24,0.0144387921516058
2092-07-25,0.0144353123155825
2092-07-26,0.0144318331983335
2092-07-27,0.0144283546007923
2092-07-28,0.0144248771331514
2092-07-29,0.0144214002641026
2092-07-30,0.0144179243398082
2092-07-31,0.0144144491342882
2092-08-01,0.018624698899194
2092-08-02,0.0186192683827919
2092-08-03,0.0186147802508721
2092-08-04,0.0186102939491569
2092-08-05,0.0186058081187853
2092-08-06,0.01860132352734
2092-08-07,0.0185968401262474
2092-08-08,0.0185923577949727
2092-08-09,0.0185878768087668
2092-08-10,0.0185833965331742
2092-08-11,0.0185789175103004
2092-08-12,0.0301393528257819
2092-08-13,0.0233966426751459
2092-08-14,0.0185654863766512
2092-08-15,0.0185610115556922
2092-08-16,0.0185565379748587
2092-08-17,0.0185520650974427
2092-08-18,0.018547594197751
2092-08-19,0.0185431230701834
2092-08-20,0.0185386537584281
2092-08-21,0.0185341856064422
2092-08-22,0.0185297182508231
2092-08-23,0.0185252522636598
2092-08-24,0.0185207872629599
2092-08-25,0.0185163228997135
2092-08-26,0.0185118600926207
2092-08-27,0.0246622326571223
2092-08-28,0.0185029376051346
2092-08-29,0.0184984779691172
2092-08-30,0.0184940193489474
2092-08-31,0.0426670425462826
2092-09-01,0.0101384890459618
2092-09-02,0.0155476099921326
2092-09-03,0.00968829402306116
2092-09-04,0.0172365338865328
2092-09-05,0.00968362420593393
2092-09-06,0.00968129019905216
2092-09-07,0.00967895689810781
2092-09-08,0.00967662409776584
2092-09-09,0.0096742916125016
2092-09-10,0.00967195978569297
2092-09-11,0.00966962885191888
2092-09-12,0.00966729815681141
2092-09-13,0.00966496825159908
2092-09-14,0.00966263862970515
2092-09-15,0.00966030964488446
2092-09-16,0.00965798111255544
2092-09-17,0.00965565334119243
2092-09-18,0.00965332624903874
2092-09-19,0.00965099968421561
2092-09-20,0.00964867343226901
2092-09-21,0.00964634771488525
2092-09-22,0.00964402301128427
2092-09-23,0.00964169841836929
2092-09-24,0.00963937454679971
2092-09-25,0.00963705122677325
2092-09-26,0.0096347286032508
2092-09-27,0.00963240641146648
2092-09-28,0.00963008463538348
2092-09-29,0.00962776375956714
2092-09-30,0.00962544311958747
2092-10-01,0.00821150331464129
2092-10-02,0.00820952450459212
2092-10-03,0.00820754558748242
2092-10-04,0.0082055673959158
2092-10-05,0.00820358959073307
2092-10-06,0.0082016123197797
2092-10-07,0.00819963573975586
2092-10-08,0.00819765938458596
2092-10-09,0.00819568352473873
2092-10-10,0.00819370822085498
2092-10-11,0.00819173347025149
2092-10-12,0.0081897590056794
2092-10-13,0.00818778505870072
2092-10-14,0.00818581163334027
2092-10-15,0.00818383876447996
2092-10-16,0.00818186625490299
2092-10-17,0.00817989413734467
2092-10-18,0.00817792274506109
2092-10-19,0.00817595155214085
2092-10-20,0.008173981069201
2092-10-21,0.00817201090583283
2092-10-22,0.00817004138804772
2092-10-23,0.00816807214636611
2092-10-24,0.00816610342200957
2092-10-25,0.00816413530352443
2092-10-26,0.0081621676323323
2092-10-27,0.00816020025414794
2092-10-28,0.00815823357386949
2092-10-29,0.00815626738488885
2092-10-30,0.00815430132980097
2092-10-31,0.00815233608826583
2092-11-01,0.0090675643279792
2092-11-02,0.00906537895106947
2092-11-03,0.00906319385148249
2092-11-04,0.0127368593526292
2092-11-05,0.0236105018577573
2092-11-06,0.00905664236956603
2092-11-07,0.00905445953303999
2092-11-08,0.00905227740220936
2092-11-09,0.00905009556691097
2092-11-10,0.0597129792588314
2092-11-11,0.0103465267560197
2092-11-12,0.00972468241885771
2092-11-13,0.00904137387486235
2092-11-14,0.00903919476055087
2092-11-15,0.104490361708805
2092-11-16,0.00903484212107054
2092-11-17,0.00903267828846582
2092-11-18,0.00903052069278679
2092-11-19,0.00902836737546019
2092-11-20,0.086700764544044
2092-11-21,0.203943087085623
2092-11-22,0.108534671719905
2092-11-23,0.444232747966255
2092-11-24,0.500452048563774
2092-11-25,0.00928504710206248
2092-11-26,0.00953711817581811
2092-11-27,0.00971482115752747
2092-11-28,0.0855570786001143
2092-11-29,0.632705808129385
2092-11-30,0.528742072141007
2092-12-01,0.14433595920629
2092-12-02,0.0531363967659775
2092-12-03,0.0469613135036003
2092-12-04,0.0570496679702914
2092-12-05,0.0262898318213779
2092-12-06,0.0475394709901424
2092-12-07,0.0154167976717418
2092-12-08,0.0107655584061577
2092-12-09,0.0121055861969602
2092-12-10,0.046163812825651
2092-12-11,0.0244497408823684
2092-12-12,0.0188841649809351
2092-12-13,0.0185644623009979
2092-12-14,0.044779252513114
2092-12-15,0.375522993909281
2092-12-16,0.139814397203988
2092-12-17,0.116966274026805
2092-12-18,0.737166630289981
2092-12-19,1.9089104096031
2092-12-20,2.32201508118776
2092-12-21,1.8049754961938
2092-12-22,0.219164198791861
2092-12-23,0.684691636823005
2092-12-24,16.9070750901144
2092-12-25,14.471973830899
2092-12-26,2.26274801063521
2092-12-27,1.12117090028625
2092-12-28,2.53164932141259
2092-12-29,1.36219443772359
2092-12-30,1.43088747480152
2092-12-31,1.35865726692333
2093-01-01,0.940104938985615
2093-01-02,0.883664533911436
2093-01-03,0.865843803595892
2093-01-04,0.755797345180418
2093-01-05,0.705148277034049
2093-01-06,0.683020635393933
2093-01-07,0.64852092267788
2093-01-08,0.739216152475279
2093-01-09,0.804835990366932
2093-01-10,0.614305274545232
2093-01-11,1.06926013140954
2093-01-12,1.15288859428704
2093-01-13,1.0305388950296
2093-01-14,0.965330773222568
2093-01-15,1.0290831711097
2093-01-16,0.941709382027975
2093-01-17,1.04466569579378
2093-01-18,2.10390261782891
2093-01-19,1.28265946382904
2093-01-20,1.41663648934003
2093-01-21,1.28116066332808
2093-01-22,1.22640521200464
2093-01-23,1.15909455994903
2093-01-24,1.05318518714458
2093-01-25,1.08426248629067
2093-01-26,1.15704468718633
2093-01-27,1.29429512773571
2093-01-28,1.83637731957202
2093-01-29,1.41588996145981
2093-01-30,3.93371020431344
2093-01-31,7.57563631682314
2093-02-01,4.69474773849422
2093-02-02,1.66106787358128
2093-02-03,2.12952609708381
2093-02-04,2.9453091681153
2093-02-05,1.76425715530719
2093-02-06,1.77801483964713
2093-02-07,1.78416312046325
2093-02-08,1.68042813095824
2093-02-09,1.63459718905831
2093-02-10,1.62217676468725
2093-02-11,1.59357491503471
2093-02-12,1.51410557970777
2093-02-13,1.38564119009728
2093-02-14,1.25128588026567
2093-02-15,1.1320173724062
2093-02-16,1.01113325664216
2093-02-17,0.900436311117374
2093-02-18,0.798637763877446
2093-02-19,0.706988679618625
2093-02-20,0.628469534257716
2093-02-21,0.558980007379849
2093-02-22,0.496829164595307
2093-02-23,0.451431977877255
2093-02-24,0.503203125228698
2093-02-25,0.41355331188155
2093-02-26,0.370737511846049
2093-02-27,0.339143503711104
2093-02-28,0.313913548824361
2093-03-01,0.284079083760529
2093-03-02,0.229473323703213
2093-03-03,0.241409998405944
2093-03-04,0.263845636673471
2093-03-05,0.2037543455832
2093-03-06,0.480101520281214
2093-03-07,0.21947472554972
2093-03-08,0.249861645569951
2093-03-09,0.490301801005294
2093-03-10,0.554075374486524
2093-03-11,0.39148997038954
2093-03-12,0.400182300235745
2093-03-13,0.397434197856321
2093-03-14,0.379747584897395
2093-03-15,0.355461496699441
2093-03-16,0.338591178030805
2093-03-17,0.631044336379293
2093-03-18,1.45801566133295
2093-03-19,1.16462686518677
2093-03-20,0.891060077400019
2093-03-21,0.885696166456209
2093-03-22,0.824126831154087
2093-03-23,0.75094168541924
2093-03-24,0.691224992177337
2093-03-25,0.633410048772154
2093-03-26,0.578759598163289
2093-03-27,0.537124203147748
2093-03-28,0.489218153186699
2093-03-29,0.444981137310104
2093-03-30,0.430451993968514
2093-03-31,0.369366444753548
2093-04-01,0.356805095464884
2093-04-02,0.318221245307404
2093-04-03,0.386135166630787
2093-04-04,0.299240675093913
2093-04-05,0.261725943707498
2093-04-06,0.238584723121507
2093-04-07,0.222337586272398
2093-04-08,0.226981909036274
2093-04-09,0.198588167793609
2093-04-10,0.345461790549687
2093-04-11,0.296386547385082
2093-04-12,0.213133742393149
2093-04-13,0.200673665856467
2093-04-14,0.194170981435282
2093-04-15,0.17887462196738
2093-04-16,0.158043154725191
2093-04-17,0.13562379378221
2093-04-18,0.11341008832983
2093-04-19,0.0934698632731704
2093-04-20,0.0776267715313762
2093-04-21,0.0649226359573875
2093-04-22,0.0536170648152467
2093-04-23,0.0431038100598554
2093-04-24,0.0338431738561058
2093-04-25,0.0271378492863475
2093-04-26,0.0229107903206586
2093-04-27,0.0207783708789127
2093-04-28,0.0348850484026746
2093-04-29,0.0474612595734864
2093-04-30,0.0407414441429092
2093-05-01,0.131307281645321
2093-05-02,0.35198885234718
2093-05-03,0.0840550234229378
2093-05-04,0.0630806299908413
2093-05-05,0.0632996780498349
2093-05-06,0.0500070049891684
2093-05-07,0.0507080195977759
2093-05-08,0.0526855497956744
2093-05-09,0.0586162610528119
2093-05-10,0.052745508002522
2093-05-11,0.0471582210726175
2093-05-12,0.0438412108744468
2093-05-13,0.0384388463258035
2093-05-14,0.0331293377072971
2093-05-15,0.0277488256849964
2093-05-16,0.0234896689295912
2093-05-17,0.0203617232546683
2093-05-18,0.0183615890552061
2093-05-19,0.0172733209048534
2093-05-20,0.016764805535035
2093-05-21,0.0165358847068923
2093-05-22,0.0163746503989981
2093-05-23,0.016209639238226
2093-05-24,0.0160378257645052
2093-05-25,0.0158519027594347
2093-05-26,0.0215134886492045
2093-05-27,0.0155354940844569
2093-05-28,0.0153902526547241
2093-05-29,0.0152124734147348
2093-05-30,0.0150090344369792
2093-05-31,0.0147959080274672
2093-06-01,0.0178053085198022
2093-06-02,0.0176186036436787
2093-06-03,0.0174143824534399
2093-06-04,0.017185243796638
2093-06-05,0.0169096034183654
2093-06-06,0.0165996576822977
2093-06-07,0.0162674895536097
2093-06-08,0.0159211821571478
2093-06-09,0.0155772632064528
2093-06-10,0.0152612272689332
2093-06-11,0.014961822293651
2093-06-12,0.0146530654850865
2093-06-13,0.0143244582113601
2093-06-14,0.0139870768280966
2093-06-15,0.0136571366043276
2093-06-16,0.0133374883413939
2093-06-17,0.0130220121171807
2093-06-18,0.0127222293850976
2093-06-19,0.0124305000381739
2093-06-20,0.0121274101728174
2093-06-21,0.0118165723266281
2093-06-22,0.0115034782694294
2093-06-23,0.0111954113387743
2093-06-24,0.0108932793665425
2093-06-25,0.0105905603485303
2093-06-26,0.0102937430762341
2093-06-27,0.0100133956751073
2093-06-28,0.00975790644896664
2093-06-29,0.00952752155299868
2093-06-30,0.00932321453769852
2093-07-01,0.0173727934651819
2093-07-02,0.0170088592929403
2093-07-03,0.0166710076681033
2093-07-04,0.0163634419239327
2093-07-05,0.0160861454140034
2093-07-06,0.015842197222116
2093-07-07,0.0156332564299163
2093-07-08,0.0154555522847533
2093-07-09,0.0152997818599407
2093-07-10,0.0151623167568154
2093-07-11,0.0150444772135955
2093-07-12,0.0149443658988208
2093-07-13,0.0149220119924258
2093-07-14,0.0147972268004522
2093-07-15,0.0147388849352878
2093-07-16,0.0146839025859117
2093-07-17,0.0146379277896362
2093-07-18,0.0146008853827983
2093-07-19,0.0145715469924872
2093-07-20,0.0145497365737311
2093-07-21,0.0145340877651764
2093-07-22,0.0145219254291274
2093-07-23,0.014511147327275
2093-07-24,0.014501376493771
2093-07-25,0.0144938397057449
2093-07-26,0.0144880708386984
2093-07-27,0.0144832442013581
2093-07-28,0.0144794845922624
2093-07-29,0.0144759603059126
2093-07-30,0.014472471402845
2093-07-31,0.0144689827582391
2093-08-01,0.0186942159877764
2093-08-02,0.0186897095855929
2093-08-03,0.0186852049002756
2093-08-04,0.0186807011696392
2093-08-05,0.0222196004672729
2093-08-06,0.0186716970797327
2093-08-07,0.0186671964937861
2093-08-08,0.0186626972870892
2093-08-09,0.0186581987820109
2093-08-10,0.01865370200999
2093-08-11,0.018649205811857
2093-08-12,0.0186447107740929
2093-08-13,0.0186402165686762
2093-08-14,0.0186357235404192
2093-08-15,0.0186312317043139
2093-08-16,0.0186267412606513
2093-08-17,0.0186222517830633
2093-08-18,0.0186177630676608
2093-08-19,0.0186132754586565
2093-08-20,0.018608789290069
2093-08-21,0.0186043041397276
2093-08-22,0.0185998196712154
2093-08-23,0.0185953366515152
2093-08-24,0.0185908547442102
2093-08-25,0.018586373940305
2093-08-26,0.0185818936281324
2093-08-27,0.018577414806749
2093-08-28,0.0185729373814063
2093-08-29,0.0185684606181037
2093-08-30,0.0186069720048035
2093-08-31,0.0185595105726051
2093-09-01,0.00972963586356725
2093-09-02,0.00972729083494221
2093-09-03,0.00972494608711985
2093-09-04,0.00972260200907341
2093-09-05,0.00972025875016592
2093-09-06,0.00971791583526539
2093-09-07,0.00971557371969359
2093-09-08,0.00971323186983091
2093-09-09,0.00971089069225977
2093-09-10,0.00970855024703973
2093-09-11,0.00970621012601634
2093-09-12,0.00970387072791065
2093-09-13,0.00970153175525412
2093-09-14,0.00969919352532559
2093-09-15,0.00969685582775878
2093-09-16,0.009694518479859
2093-09-17,0.0096921818441856
2093-09-18,0.00968984553145104
2093-09-19,0.0096875101730685
2093-09-20,0.00968517531748955
2093-09-21,0.00968284091220114
2093-09-22,0.00968050709933429
2093-09-23,0.00967817384115492
2093-09-24,0.00967584098169668
2093-09-25,0.00967350885867731
2093-09-26,0.00967117724412169
2093-09-27,0.00966884614557641
2093-09-28,0.00966651572246702
2093-09-29,0.00966418590215601
2093-09-30,0.00966185674784738
2093-10-01,0.00824256787848881
2093-10-02,0.00824058132036953
2093-10-03,0.00823859509255477
2093-10-04,0.0082366093163262
2093-10-05,0.0104437296391875
2093-10-06,0.00823263934857961
2093-10-07,0.00823065506824697
2093-10-08,0.0466457526246517
2093-10-09,0.00822668790902821
2093-10-10,0.0176876170002465
2093-10-11,0.00822272276249384
2093-10-12,0.0302106084932399
2093-10-13,0.00821875951219205
2093-10-14,0.00821677868006723
2093-10-15,0.00821479819112643
2093-10-16,0.00821281822702375
2093-10-17,0.00821083879500386
2093-10-18,0.00820885977834666
2093-10-19,0.00820688134824164
2093-10-20,0.00820490331632669
2093-10-21,0.0082029258390336
2093-10-22,0.00820094864991849
2093-10-23,0.0438400671803256
2093-10-24,0.223379062809449
2093-10-25,0.303375188498211
2093-10-26,0.00819577892560258
2093-10-27,0.135786221896923
2093-10-28,0.00821236826474644
2093-10-29,0.00822978568063024
2093-10-30,0.00824777830593187
2093-10-31,0.00826447623236286
2093-11-01,0.00921044421766043
2093-11-02,0.00922322539547234
2093-11-03,0.00923353444854418
2093-11-04,0.00924214683841779
2093-11-05,0.0092494765168935
2093-11-06,0.00925573485166027
2093-11-07,0.00926083484009755
2093-11-08,0.00926464692054456
2093-11-09,0.00926730812118116
2093-11-10,0.00926876608592227
2093-11-11,0.00926912219608008
2093-11-12,0.00926905001216544
2093-11-13,0.0092690417826356
2093-11-14,0.00926917825019973
2093-11-15,0.00926944180829677
2093-11-16,0.00926967106255625
2093-11-17,0.0092698807582491
2093-11-18,0.00926974459039654
2093-11-19,0.00926938598582676
2093-11-20,0.00926874037699989
2093-11-21,0.0463942202173936
2093-11-22,0.584599861499207
2093-11-23,0.397846786976439
2093-11-24,0.0192094970011857
2093-11-25,0.0098187790869019
2093-11-26,0.00998545597774886
2093-11-27,0.450830929517732
2093-11-28,0.122080287384581
2093-11-29,0.0108163217158294
2093-11-30,0.431122828246195
2093-12-01,0.55946445060734
2093-12-02,0.157115284793375
2093-12-03,0.0106419057778157
2093-12-04,0.0118527410020863
2093-12-05,0.0173297741953853
2093-12-06,0.0160475518687689
2093-12-07,0.530838858727601
2093-12-08,0.0693754096418945
2093-12-09,0.0118820338514991
2093-12-10,0.0120438765329503
2093-12-11,0.0121435492727749
2093-12-12,0.217828536034721
2093-12-13,0.0197935039858254
2093-12-14,0.0412289116504461
2093-12-15,0.0598079218180529
2093-12-16,0.43024836221847
2093-12-17,0.206389043196071
2093-12-18,0.0315567117377815
2093-12-19,0.120996715466315
2093-12-20,0.279751391154348
2093-12-21,0.0388232831763136
2093-12-22,0.0754709133041112
2093-12-23,0.989543872211846
2093-12-24,2.9241550428566
2093-12-25,0.905935544935704
2093-12-26,0.049231808105744
2093-12-27,0.0407839196651475
2093-12-28,0.0394662714988237
2093-12-29,0.0627456211592406
2093-12-30,0.0562447609621834
2093-12-31,0.349238770805439
2094-01-01,0.200062717093292
2094-01-02,0.217072839540438
2094-01-03,0.133287215279454
2094-01-04,0.027765421197702
2094-01-05,0.124807277634849
2094-01-06,0.589546492588066
2094-01-07,1.81768063101241
2094-01-08,4.24689825944067
2094-01-09,2.5657996769011
2094-01-10,1.95759492287187
2094-01-11,1.42300644666218
2094-01-12,1.39744542465679
2094-01-13,1.65582241033429
2094-01-14,2.98758536968942
2094-01-15,3.90922802335547
2094-01-16,7.31202704724469
2094-01-17,2.21376174075605
2094-01-18,2.7414949626427
2094-01-19,2.26927883734558
2094-01-20,2.14134829765573
2094-01-21,2.14978829607288
2094-01-22,1.73867721718562
2094-01-23,1.92693585594506
2094-01-24,1.72901570908373
2094-01-25,1.93864343954243
2094-01-26,1.86049772000832
2094-01-27,1.63297823070857
2094-01-28,1.56044010654447
2094-01-29,1.50353314985708
2094-01-30,1.40820271964592
2094-01-31,1.33043408542372
2094-02-01,1.22392944019705
2094-02-02,1.13479906983206
2094-02-03,1.08100336970753
2094-02-04,1.1006631708832
2094-02-05,1.03680051520893
2094-02-06,1.00815490407968
2094-02-07,0.921961298861686
2094-02-08,0.901436212042929
2094-02-09,0.938186967133731
2094-02-10,0.967200434693715
2094-02-11,0.861060598225813
2094-02-12,0.822388160302564
2094-02-13,0.924988396651001
2094-02-14,0.817845259570031
2094-02-15,0.79221593754581
2094-02-16,0.91546747559225
2094-02-17,1.1253096363333
2094-02-18,0.876712123040121
2094-02-19,0.896751571483339
2094-02-20,0.89648129303913
2094-02-21,0.870120759677881
2094-02-22,0.82044436285599
2094-02-23,0.914381764026169
2094-02-24,0.772044575119199
2094-02-25,0.762589868442442
2094-02-26,0.751186195371348
2094-02-27,0.712102952559453
2094-02-28,0.689804297591331
2094-03-01,0.546323010046842
2094-03-02,0.528487167095588
2094-03-03,0.459116933073926
2094-03-04,0.422979400579774
2094-03-05,0.396526969789673
2094-03-06,0.353760148103174
2094-03-07,0.323111869914631
2094-03-08,0.289685459749675
2094-03-09,0.257205604562878
2094-03-10,0.234236423559251
2094-03-11,0.30552530389281
2094-03-12,0.250210564241882
2094-03-13,0.260167037566688
2094-03-14,0.190390366915764
2094-03-15,0.181593381779157
2094-03-16,0.176975081081105
2094-03-17,0.325100702412286
2094-03-18,0.62805148763573
2094-03-19,0.726595726626941
2094-03-20,0.54303369052107
2094-03-21,0.495223138119434
2094-03-22,0.494796753649775
2094-03-23,0.49589241958185
2094-03-24,0.45751530798323
2094-03-25,0.470306002135307
2094-03-26,0.697987319876136
2094-03-27,0.764498579171918
2094-03-28,0.528593213566746
2094-03-29,0.541145163626147
2094-03-30,0.511134891064135
2094-03-31,0.521005014154482
2094-04-01,0.465906125707048
2094-04-02,0.41658709126323
2094-04-03,0.365509594440811
2094-04-04,0.319963649153988
2094-04-05,0.280755300272058
2094-04-06,0.244210429457926
2094-04-07,0.209173210193304
2094-04-08,0.190125059831315
2094-04-09,0.210072366459266
2094-04-10,0.165232035028417
2094-04-11,0.148888233080499
2094-04-12,0.134558288727679
2094-04-13,0.151292564559812
2094-04-14,0.154113665224883
2094-04-15,0.251399478258123
2094-04-16,0.127608371063846
2094-04-17,0.109593724898232
2094-04-18,0.102183054496645
2094-04-19,0.0932283573012706
2094-04-20,0.202864851256999
2094-04-21,0.0949902429539128
2094-04-22,0.0862655674060612
2094-04-23,0.169390021928564
2094-04-24,0.0859362423152022
2094-04-25,0.0801739408512517
2094-04-26,0.0862762207607884
2094-04-27,0.0751196095377398
2094-04-28,0.0688728223032771
2094-04-29,0.0602055475321651
2094-04-30,0.0510859936783672
2094-05-01,0.0520139376337489
2094-05-02,0.0414745368420601
2094-05-03,0.0335151656424
2094-05-04,0.0399333718961775
2094-05-05,0.0245744950480107
2094-05-06,0.0212200205154151
2094-05-07,0.018936304525524
2094-05-08,0.0176718125501711
2094-05-09,0.0171082932229898
2094-05-10,0.0168685216655808
2094-05-11,0.0166860963783152
2094-05-12,0.0165094129392401
2094-05-13,0.016333173616515
2094-05-14,0.0161523435483226
2094-05-15,0.0159687772463769
2094-05-16,0.0158008556018648
2094-05-17,0.0394104424509965
2094-05-18,0.0204587522022213
2094-05-19,0.0182692761783368
2094-05-20,0.0153636553058139
2094-05-21,0.0152076073700191
2094-05-22,0.0150322252461382
2094-05-23,0.0148333471993929
2094-05-24,0.0146234319954108
2094-05-25,0.0144080555969587
2094-05-26,0.0141896909989061
2094-05-27,0.0139710726003074
2094-05-28,0.0137505445554129
2094-05-29,0.0135126014494725
2094-05-30,0.013258352455179
2094-05-31,0.0129943352223653
2094-06-01,0.0155214492929088
2094-06-02,0.0153794751808525
2094-06-03,0.0150055701227521
2094-06-04,0.0147922533486143
2094-06-05,0.0145220201838293
2094-06-06,0.014220805786957
2094-06-07,0.0139158794450853
2094-06-08,0.013609560800621
2094-06-09,0.0133124424408843
2094-06-10,0.0130130783555375
2094-06-11,0.0127141792910151
2094-06-12,0.0303695597770965
2094-06-13,0.0123490041341236
2094-06-14,0.0122099459264408
2094-06-15,0.0120019809281929
2094-06-16,0.0288522307654273
2094-06-17,0.0116010845977863
2094-06-18,0.0113499109509749
2094-06-19,0.0110753953956664
2094-06-20,0.0107854789662789
2094-06-21,0.0104765485135318
2094-06-22,0.0101756972306804
2094-06-23,0.00989420217977379
2094-06-24,0.00963299589015793
2094-06-25,0.0093896869503407
2094-06-26,0.00916637141827152
2094-06-27,0.00896252620442294
2094-06-28,0.00877706921861332
2094-06-29,0.00861112369509507
2094-06-30,0.00846175091292257
2094-07-01,0.0158439320233264
2094-07-02,0.0156277906132815
2094-07-03,0.015443240716013
2094-07-04,0.0172297125531218
2094-07-05,0.0151541878253673
2094-07-06,0.0150436728247721
2094-07-07,0.0149433832887496
2094-07-08,0.0148583065269346
2094-07-09,0.018541662676399
2094-07-10,0.0147314170521584
2094-07-11,0.0146801400251543
2094-07-12,0.014634670886433
2094-07-13,0.0145992499566722
2094-07-14,0.0145695472475086
2094-07-15,0.0145451535489397
2094-07-16,0.0145289115264577
2094-07-17,0.0145175141301649
2094-07-18,0.0145075109631625
2094-07-19,0.0144994725411412
2094-07-20,0.0144938579103653
2094-07-21,0.0144895154944903
2094-07-22,0.0144859894912489
2094-07-23,0.0145099075407464
2094-07-24,0.0144790071395268
2094-07-25,0.0152064882140275
2094-07-26,0.0144720281659049
2094-07-27,0.0144685399895001
2094-07-28,0.0144650525972972
2094-07-29,0.0144615661099424
2094-07-30,0.0144580802225719
2094-07-31,0.0144545954451485
2094-08-01,0.0186756269752507
2094-08-02,0.0186711260954638
2094-08-03,0.0186666254951249
2094-08-04,0.0186621266038565
2094-08-05,0.0186576282037211
2094-08-06,0.0186531309075852
2094-08-07,0.0186486354164678
2094-08-08,0.0186441407930783
2094-08-09,0.0186396465252955
2094-08-10,0.0186351540985114
2094-08-11,0.0186306626264081
2094-08-12,0.0186261721797471
2094-08-13,0.0186216823093728
2094-08-14,0.0186171941618615
2094-08-15,0.0186127068688853
2094-08-16,0.018608220690703
2094-08-17,0.0186037351937501
2094-08-18,0.0185992515923663
2094-08-19,0.0185947683345956
2094-08-20,0.0185902864746648
2094-08-21,0.0185858061073222
2094-08-22,0.0185813262868821
2094-08-23,0.0185768474720952
2094-08-24,0.018572370395163
2094-08-25,0.0185678932312782
2094-08-26,0.0185634183353599
2094-08-27,0.0185589438442215
2094-08-28,0.0185544708606632
2094-08-29,0.0221786868668221
2094-08-30,0.0185455274151752
2094-08-31,0.0185410573820123
2094-09-01,0.00971996190425323
2094-09-02,0.00971761919846109
2094-09-03,0.00971527707125467
2094-09-04,0.00971293536572406
2094-09-05,0.00971059430324108
2094-09-06,0.00970825384355639
2094-09-07,0.00970591372945096
2094-09-08,0.009703574323484
2094-09-09,0.00970123575583748
2094-09-10,0.00969889744132223
2094-09-11,0.00969655992802235
2094-09-12,0.039701904340692
2094-09-13,0.00969188601394241
2094-09-14,0.0390158653976975
2094-09-15,0.00968721465098508
2094-09-16,0.0264374340506511
2094-09-17,0.00968254546747216
2094-09-18,0.00968021195113037
2094-09-19,0.00967787889136825
2094-09-20,0.00967554601052749
2094-09-21,0.0126212646437773
2094-09-22,0.0442884178800866
2094-09-23,0.0111910945396908
2094-09-24,0.00966622151698059
2094-09-25,0.00966389190294784
2094-09-26,0.157492635111811
2094-09-27,0.435093669744409
2094-09-28,0.0299178988835555
2094-09-29,0.00966261514352774
2094-09-30,0.0096681468395336
2094-10-01,0.00825482864915114
2094-10-02,0.00825933397001311
2094-10-03,0.00826319198141975
2094-10-04,0.00826633674374165
2094-10-05,0.00826869899632618
2094-10-06,0.00827037257571916
2094-10-07,0.00827152446576514
2094-10-08,0.00827219103431043
2094-10-09,0.0198600999402123
2094-10-10,0.00827237578859374
2094-10-11,0.00827207084557889
2094-10-12,0.00827154567019064
2094-10-13,0.0165440238489034
2094-10-14,0.00826985264361386
2094-10-15,0.0082686797782895
2094-10-16,0.0150807676674493
2094-10-17,0.00826594611258779
2094-10-18,0.00826453479930485
2094-10-19,0.00826306982857014
2094-10-20,0.00826155074826084
2094-10-21,0.00825999611687784
2094-10-22,0.00825842314970134
2094-10-23,0.00825682345817626
2094-10-24,0.00825517776764995
2094-10-25,0.00825347528942578
2094-10-26,0.00825172525351703
2094-10-27,0.00824994991778198
2094-10-28,0.00824815435592395
2094-10-29,0.00824632186032821
2094-10-30,0.00824446155582581
2094-10-31,0.0082425908605485
2094-11-01,0.0532827736910461
2094-11-02,0.0095997121841427
2094-11-03,0.0091640689424907
2094-11-04,0.0091619726106583
2094-11-05,0.00915985885256954
2094-11-06,0.00965645715979238
2094-11-07,0.0779653480575937
2094-11-08,0.318017982062096
2094-11-09,0.187148427699999
2094-11-10,0.00916780769958185
2094-11-11,0.00919080594528958
2094-11-12,0.799440804374346
2094-11-13,1.95375776186494
2094-11-14,0.287083476849851
2094-11-15,0.0126250784738996
2094-11-16,0.012659861641603
2094-11-17,0.87704725015897
2094-11-18,0.912597065241212
2094-11-19,0.380191130223496
2094-11-20,0.0154986691969843
2094-11-21,0.0158413652736398
2094-11-22,0.0160566068761056
2094-11-23,0.0161158562438466
2094-11-24,0.0161558088590343
2094-11-25,0.0161884786197056
2094-11-26,0.0222246018194673
2094-11-27,0.0162339051009502
2094-11-28,0.0174246882514376
2094-11-29,0.482554942352874
2094-11-30,3.28069785684985
2094-12-01,29.9781997703965
2094-12-02,5.11901232465204
2094-12-03,0.0544793722476125
2094-12-04,0.188807281115614
2094-12-05,0.0417319953573781
2094-12-06,0.02415218929917
2094-12-07,0.0253061771858824
2094-12-08,0.0262386932346231
2094-12-09,0.0267319838093931
2094-12-10,0.0268288743190264
2094-12-11,0.027168635759564
2094-12-12,0.531576362628827
2094-12-13,2.16900167671273
2094-12-14,0.668886197988732
2094-12-15,0.851391728425245
2094-12-16,2.5170083587756
2094-12-17,1.08712751159887
2094-12-18,1.17935781726166
2094-12-19,1.17001138685074
2094-12-20,1.14886687344917
2094-12-21,1.17191252421837
2094-12-22,1.14630578787965
2094-12-23,1.12889346133911
2094-12-24,1.08951330038592
2094-12-25,1.03002385173415
2094-12-26,0.949269263497249
2094-12-27,0.884962520192874
2094-12-28,0.816498751241009
2094-12-29,0.746616581027332
2094-12-30,0.677338671720678
2094-12-31,0.614821403806622
2095-01-01,0.424590497808381
2095-01-02,0.394844130816924
2095-01-03,0.370827243694681
2095-01-04,0.363909440616659
2095-01-05,0.348545582100956
2095-01-06,0.319832564355498
2095-01-07,0.303085297735197
2095-01-08,0.279904914639716
2095-01-09,0.263838322923449
2095-01-10,0.246942160870666
2095-01-11,0.228362187620523
2095-01-12,0.209598558675974
2095-01-13,0.19156292055009
2095-01-14,0.175708895919956
2095-01-15,0.161417013740701
2095-01-16,0.14914370804888
2095-01-17,0.205269140513773
2095-01-18,0.816008998722363
2095-01-19,0.221734213333109
2095-01-20,0.260474455091635
2095-01-21,0.282422982775144
2095-01-22,0.291371453701795
2095-01-23,0.289791952099278
2095-01-24,0.290079938789198
2095-01-25,0.286511960731555
2095-01-26,0.267044295479549
2095-01-27,0.252606718741391
2095-01-28,0.238912328286835
2095-01-29,0.223955908558717
2095-01-30,0.207890696215758
2095-01-31,0.194767374064704
2095-02-01,0.37769616934295
2095-02-02,0.182791484762518
2095-02-03,0.220649914167909
2095-02-04,0.185721091374463
2095-02-05,0.182479486156115
2095-02-06,0.180904250504792
2095-02-07,0.179842360538753
2095-02-08,0.176625790599657
2095-02-09,0.16948210949263
2095-02-10,0.160295790535815
2095-02-11,0.156314656607679
2095-02-12,0.143598850036906
2095-02-13,0.133987705013397
2095-02-14,0.12535258442346
2095-02-15,0.120098498028314
2095-02-16,0.116192486111586
2095-02-17,0.109237470945509
2095-02-18,0.0988142565485105
2095-02-19,0.0875797669181664
2095-02-20,0.0766809186409245
2095-02-21,0.158752091893801
2095-02-22,0.0634711430178076
2095-02-23,0.0580018713892754
2095-02-24,0.0746220183806504
2095-02-25,0.0513335040885457
2095-02-26,0.0510852133577516
2095-02-27,0.048913657449217
2095-02-28,0.0452885170246767
2095-03-01,0.0343671187328131
2095-03-02,0.0311087648822432
2095-03-03,0.0282129222361117
2095-03-04,0.0901750609463812
2095-03-05,0.0739235509775598
2095-03-06,0.110315718292138
2095-03-07,0.0345350083524489
2095-03-08,0.220715716843342
2095-03-09,0.0352470464017278
2095-03-10,0.0368561936076651
2095-03-11,0.0357100606717384
2095-03-12,0.0342916286045929
2095-03-13,0.0317098069078646
2095-03-14,0.0299049498191394
2095-03-15,0.0283116960577321
2095-03-16,0.0268657468158758
2095-03-17,0.145182444376919
2095-03-18,0.0256336291294794
2095-03-19,0.0314903215040607
2095-03-20,0.211254089155632
2095-03-21,0.028853470074253
2095-03-22,0.0304189364996658
2095-03-23,0.136911740210983
2095-03-24,0.0335661637190985
2095-03-25,0.0338708426739287
2095-03-26,0.032630044076346
2095-03-27,0.0302246571581865
2095-03-28,0.0272466076822936
2095-03-29,0.0245138959762195
2095-03-30,0.0223294411291256
2095-03-31,0.0206513454916961
2095-04-01,0.184139095530261
2095-04-02,0.820873338963675
2095-04-03,0.239871440757957
2095-04-04,0.0878709657676277
2095-04-05,0.0991040133207496
2095-04-06,0.0979769299982841
2095-04-07,0.0930286199180264
2095-04-08,0.107303340605556
2095-04-09,0.170816826561838
2095-04-10,0.459908143923749
2095-04-11,0.723180696758885
2095-04-12,0.249532161980814
2095-04-13,0.282561259908985
2095-04-14,0.368432403014825
2095-04-15,0.275711797931687
2095-04-16,0.273743680320715
2095-04-17,0.256564254990763
2095-04-18,0.236802465071389
2095-04-19,0.215347814012411
2095-04-20,0.19441478170348
2095-04-21,0.174752964793155
2095-04-22,0.157148794534643
2095-04-23,0.138622055331398
2095-04-24,0.117692372325946
2095-04-25,0.0967763460926422
2095-04-26,0.0785985600923724
2095-04-27,0.310143463248071
2095-04-28,0.0628184330777174
2095-04-29,0.0785389945007518
2095-04-30,0.153236699414731
2095-05-01,0.084073158938151
2095-05-02,0.112427065997902
2095-05-03,0.110378939979408
2095-05-04,0.0889281295385601
2095-05-05,0.0803112011778409
2095-05-06,0.0729886081637868
2095-05-07,0.0639379736258353
2095-05-08,0.0528969967203854
2095-05-09,0.0417583196372341
2095-05-10,0.0321975302383785
2095-05-11,0.0254484402299228
2095-05-12,0.0213263133993337
2095-05-13,0.0188272004820461
2095-05-14,0.0181763544030735
2095-05-15,0.124998024641805
2095-05-16,0.0166366793535062
2095-05-17,0.0163817509069248
2095-05-18,0.0161798479201938
2095-05-19,0.0159808940682993
2095-05-20,0.0165369699108802
2095-05-21,0.0155806241868935
2095-05-22,0.0153848088670897
2095-05-23,0.0152721936828203
2095-05-24,0.015070334848082
2095-05-25,0.0148699213071931
2095-05-26,0.0146517056502041
2095-05-27,0.014428183180695
2095-05-28,0.014203432524705
2095-05-29,0.0139840462962211
2095-05-30,0.0142327346446431
2095-05-31,0.0135823007688214
2095-06-01,0.0163593597827311
2095-06-02,0.0161629210035404
2095-06-03,0.0159367503932425
2095-06-04,0.0156782155868844
2095-06-05,0.0346413268010668
2095-06-06,0.015214528476978
2095-06-07,0.0150029999804686
2095-06-08,0.0147797800447446
2095-06-09,0.0145750290369771
2095-06-10,0.0143669359257444
2095-06-11,0.0141191055735663
2095-06-12,0.0138651852048062
2095-06-13,0.0360311179448529
2095-06-14,0.0134094580333769
2095-06-15,0.0131160542575499
2095-06-16,0.012813683821993
2095-06-17,0.0125309200172865
2095-06-18,0.0122489567905704
2095-06-19,0.0119481056579564
2095-06-20,0.0116379778546564
2095-06-21,0.011326992841186
2095-06-22,0.0110208731627338
2095-06-23,0.0107313766966109
2095-06-24,0.0104591945016515
2095-06-25,0.0102156483516257
2095-06-26,0.00999186402426163
2095-06-27,0.00976230421985615
2095-06-28,0.00954020923782221
2095-06-29,0.0093326126797059
2095-06-30,0.00915624433224262
2095-07-01,0.0572596470072751
2095-07-02,0.23903094986172
2095-07-03,0.0543866896355181
2095-07-04,0.0167459493712948
2095-07-05,0.0164673639684857
2095-07-06,0.0161930068940977
2095-07-07,0.0159415957980669
2095-07-08,0.0157178312774651
2095-07-09,0.0155186364136311
2095-07-10,0.0153442796746015
2095-07-11,0.0151952395497434
2095-07-12,0.0150660092485694
2095-07-13,0.0149562261203959
2095-07-14,0.0148642967987677
2095-07-15,0.0147873642621936
2095-07-16,0.0147244162990693
2095-07-17,0.0146715267232891
2095-07-18,0.0146256836455534
2095-07-19,0.0145886019785064
2095-07-20,0.0145613915390462
2095-07-21,0.0145421563576253
2095-07-22,0.0145274827635147
2095-07-23,0.0145153137691742
2095-07-24,0.016898754242467
2095-07-25,0.0162519034665564
2095-07-26,0.0144887494800528
2095-07-27,0.0144829088798786
2095-07-28,0.0144783502692873
2095-07-29,0.0144747864248244
2095-07-30,0.0144712837211956
2095-07-31,0.0144677961285339
2095-08-01,0.0186926833413094
2095-08-02,0.0186881777876644
2095-08-03,0.0186836736888283
2095-08-04,0.0186791706945913
2095-08-05,0.0186746687150025
2095-08-06,0.0186701676613102
2095-08-07,0.0186656673716024
2095-08-08,0.0186611684407556
2095-08-09,0.0186566707668253
2095-08-10,0.0186521735510457
2095-08-11,0.0186476781642714
2095-08-12,0.0186431836278346
2095-08-13,0.0310626605512968
2095-08-14,0.0186341972828776
2095-08-15,0.0186297062281474
2095-08-16,0.0186252158966238
2095-08-17,0.0186207263986469
2095-08-18,0.0186162386637112
2095-08-19,0.0186117511524537
2095-08-20,0.0186072653256802
2095-08-21,0.0186027802077213
2095-08-22,0.0185982964396281
2095-08-23,0.0185938136124234
2095-08-24,0.0185893322190387
2095-08-25,0.0407308212757697
2095-08-26,0.0185803715815007
2095-08-27,0.0185758933094185
2095-08-28,0.0185714162049014
2095-08-29,0.0185669401132335
2095-08-30,0.0185624643861672
2095-08-31,0.0185579904107484
2095-09-01,0.00972883895231681
2095-09-02,0.00972649419160202
2095-09-03,0.0097241497409338
2095-09-04,0.00972180594117449
2095-09-05,0.0097194626816381
2095-09-06,0.00971712003967906
2095-09-07,0.00971477801341065
2095-09-08,0.00971243640347247
2095-09-09,0.00971009542368959
2095-09-10,0.00970775488602156
2095-09-11,0.00970541504957437
2095-09-12,0.0139610129081519
2095-09-13,0.00970073692879887
2095-09-14,0.00969839883628445
2095-09-15,0.0096960612082108
2095-09-16,0.00969372423104607
2095-09-17,0.00969138754537533
2095-09-18,0.00968905180210749
2095-09-19,0.00968671643806489
2095-09-20,0.00968438166424263
2095-09-21,0.00968204766239202
2095-09-22,0.00967971410171294
2095-09-23,0.00967738081995
2095-09-24,0.00967504834380476
2095-09-25,0.00967271631417671
2095-09-26,0.00967038493136973
2095-09-27,0.00966805395168614
2095-09-28,0.00966572373139626
2095-09-29,0.00966339417302093
2095-09-30,0.00966106501493895
2095-10-01,0.00824189257149637
2095-10-02,0.00823990598439828
2095-10-03,0.00823792002195415
2095-10-04,0.00823593426477643
2095-10-05,0.00823394938608541
2095-10-06,0.00823196482294122
2095-10-07,0.00822998044735422
2095-10-08,0.00822799701948103
2095-10-09,0.00822601378453144
2095-10-10,0.00822403109642237
2095-10-11,0.0082220488915615
2095-10-12,0.00822006715036127
2095-10-13,0.00821808595331834
2095-10-14,0.00821610520330011
2095-10-15,0.00821412485791165
2095-10-16,0.00821214501133406
2095-10-17,0.00821016582214572
2095-10-18,0.00820818708830005
2095-10-19,0.00820620860292067
2095-10-20,0.00820423061474223
2095-10-21,0.00820225329790578
2095-10-22,0.00820027623785362
2095-10-23,0.00819829971551903
2095-10-24,0.00819632373090201
2095-10-25,0.00819434835564458
2095-10-26,0.00819237341936217
2095-10-27,0.0164840353743182
2095-10-28,0.0788182230562523
2095-10-29,0.00818645097067647
2095-10-30,0.00818447790996582
2095-10-31,0.00818250517231503
2095-11-01,0.00928251895992034
2095-11-02,0.00909892701822611
2095-11-03,0.0090967339141914
2095-11-04,0.00909454171257513
2095-11-05,0.00909234978320673
2095-11-06,0.00909015822937333
2095-11-07,0.00908796718481075
2095-11-08,0.0643959797057763
2095-11-09,0.00908358710440971
2095-11-10,0.00908139810290075
2095-11-11,0.00907920969753122
2095-11-12,0.00907702204353013
2095-11-13,0.00907483443550076
2095-11-14,0.00907264804900496
2095-11-15,0.00907046199744566
2095-11-16,0.00906827623574697
2095-11-17,0.00906609125198471
2095-11-18,0.00906390684883901
2095-11-19,0.00906172311258138
2095-11-20,0.00905953946558049
2095-11-21,0.315149961416059
2095-11-22,0.476907321766154
2095-11-23,0.623348506378727
2095-11-24,0.602707960934203
2095-11-25,0.28323924703757
2095-11-26,0.06701089231222
2095-11-27,0.0226534199124084
2095-11-28,0.0185055819887506
2095-11-29,0.0124776414725041
2095-11-30,0.0308108206203701
2095-12-01,0.0379050213770454
2095-12-02,0.0100062344663833
2095-12-03,0.00998052294883487
2095-12-04,0.0100143266939928
2095-12-05,0.0100361391394523
2095-12-06,0.0100458252525014
2095-12-07,0.0100458504627704
2095-12-08,0.0100442094572354
2095-12-09,0.0100396035862396
2095-12-10,0.0100253310310058
2095-12-11,0.0100075580833099
2095-12-12,0.00999238439256008
2095-12-13,0.00996954479307677
2095-12-14,0.024314225789301
2095-12-15,0.00993691383163684
2095-12-16,0.00991578275202393
2095-12-17,0.050282481226067
2095-12-18,0.0126926370709516
2095-12-19,0.00991096397191451
2095-12-20,0.00989526577601494
2095-12-21,0.0107137560459813
2095-12-22,0.00984714978948039
2095-12-23,0.00981732128676748
2095-12-24,0.0097880492893017
2095-12-25,0.0100606151699248
2095-12-26,0.0437385236208631
2095-12-27,0.152187308008432
2095-12-28,0.39591608775333
2095-12-29,0.0562704696208301
2095-12-30,0.0354344902922953
2095-12-31,0.352266024167873
2096-01-01,0.547940931348986
2096-01-02,0.760302628362045
2096-01-03,0.256653822476802
2096-01-04,0.0539026808206022
2096-01-05,0.328583388331919
2096-01-06,0.839668603125693
2096-01-07,0.0945215858369128
2096-01-08,0.0119249839383834
2096-01-09,0.249614968349641
2096-01-10,1.67047231873301
2096-01-11,2.23851468509504
2096-01-12,1.64608364137059
2096-01-13,2.69750344311127
2096-01-14,3.35893881936298
2096-01-15,1.3640188202272
2096-01-16,1.61615175243099
2096-01-17,1.80199431459943
2096-01-18,1.53127095208629
2096-01-19,1.50434521010964
2096-01-20,1.40706684790664
2096-01-21,1.31877637172015
2096-01-22,1.39773711985877
2096-01-23,1.71469619780704
2096-01-24,1.33445394948115
2096-01-25,1.32042433031802
2096-01-26,1.38733216586431
2096-01-27,1.30896096216252
2096-01-28,1.23020186048681
2096-01-29,1.346065517032
2096-01-30,1.13431914328025
2096-01-31,1.14169844628538
2096-02-01,1.06103129490518
2096-02-02,0.99338101840912
2096-02-03,0.947276390855673
2096-02-04,0.888099944000688
2096-02-05,0.831441876426214
2096-02-06,1.41274277800817
2096-02-07,1.252215437602
2096-02-08,1.09904335323832
2096-02-09,1.34915283973955
2096-02-10,1.20026544645169
2096-02-11,1.17103902335001
2096-02-12,1.09603863031267
2096-02-13,1.0208029405164
2096-02-14,0.942468083408811
2096-02-15,0.863094955795756
2096-02-16,0.791560322671964
2096-02-17,0.723383070004231
2096-02-18,0.775983473125749
2096-02-19,0.8506288059989
2096-02-20,0.950686867342264
2096-02-21,1.09599641441165
2096-02-22,0.917032133030089
2096-02-23,1.35065860449657
2096-02-24,1.73596094424691
2096-02-25,1.35849403474212
2096-02-26,1.34227546301555
2096-02-27,1.28531229312703
2096-02-28,1.17130376351894
2096-02-29,1.06782171273962
2096-03-01,0.782837280808252
2096-03-02,0.888023000862732
2096-03-03,0.762830910515705
2096-03-04,0.77567320670819
2096-03-05,0.849294180697948
2096-03-06,1.04599056546635
2096-03-07,0.829096413256496
2096-03-08,0.815039777823513
2096-03-09,0.877048575803934
2096-03-10,0.959612448586997
2096-03-11,1.22514750614567
2096-03-12,0.90195799559836
2096-03-13,1.24058175372341
2096-03-14,1.21067725696893
2096-03-15,1.06824796831367
2096-03-16,1.2453357945456
2096-03-17,1.65298150477833
2096-03-18,1.73149676573041
2096-03-19,1.33190099585577
2096-03-20,1.30600415278778
2096-03-21,1.21239583593617
2096-03-22,1.08991602212403
2096-03-23,1.19832202748188
2096-03-24,1.36479869890586
2096-03-25,1.28855466539518
2096-03-26,1.11523114536895
2096-03-27,1.47124924190338
2096-03-28,1.29601013030856
2096-03-29,1.32548926898542
2096-03-30,1.16545608535186
2096-03-31,1.1469853734843
2096-04-01,1.10770298388094
2096-04-02,1.01143224923192
2096-04-03,0.921820637374937
2096-04-04,1.37705837131277
2096-04-05,1.1550024632993
2096-04-06,1.11645440475818
2096-04-07,1.18057233215443
2096-04-08,1.01584914135081
2096-04-09,0.952711410051213
2096-04-10,0.870283596042806
2096-04-11,1.06619981560324
2096-04-12,0.952949619801147
2096-04-13,0.817757516015368
2096-04-14,0.794673657488906
2096-04-15,0.739439533091987
2096-04-16,0.678171367113694
2096-04-17,0.85269198721636
2096-04-18,0.76059003998584
2096-04-19,0.634107584645076
2096-04-20,0.612627473645377
2096-04-21,0.57511681947648
2096-04-22,0.685266886705079
2096-04-23,0.503826705747586
2096-04-24,0.475378868102234
2096-04-25,0.439886060886378
2096-04-26,0.410380290486613
2096-04-27,0.372768739468339
2096-04-28,0.339241437628316
2096-04-29,0.306294377545791
2096-04-30,0.269674411016971
2096-05-01,0.283471446955505
2096-05-02,0.231776701891852
2096-05-03,0.185954808241928
2096-05-04,0.151411451861843
2096-05-05,0.128612630272533
2096-05-06,0.110085244170929
2096-05-07,0.0894395379932839
2096-05-08,0.0686241741899226
2096-05-09,0.0519879995458373
2096-05-10,0.267704225529703
2096-05-11,0.141826129607198
2096-05-12,0.0368828063510657
2096-05-13,0.0307667486451831
2096-05-14,0.0250144444871179
2096-05-15,0.0213351124135601
2096-05-16,0.0191256225588705
2096-05-17,0.0178808991471668
2096-05-18,0.0172438229714159
2096-05-19,0.0169812638225351
2096-05-20,0.0167936643675581
2096-05-21,0.0166084142185009
2096-05-22,0.0164383035109739
2096-05-23,0.0162704759529891
2096-05-24,0.0161093740714683
2096-05-25,0.0207065566890555
2096-05-26,0.015842404622516
2096-05-27,0.0243008586033542
2096-05-28,0.0663971683113396
2096-05-29,0.174328593103922
2096-05-30,0.547590380548305
2096-05-31,0.207011078500382
2096-06-01,0.149793521423019
2096-06-02,0.0263275391104233
2096-06-03,0.152283846407275
2096-06-04,0.0225842051033305
2096-06-05,0.15532712783351
2096-06-06,0.0589562010857758
2096-06-07,0.120898026862149
2096-06-08,0.0475996773052649
2096-06-09,0.0339779475978275
2096-06-10,0.0337497554044015
2096-06-11,0.0320684802542797
2096-06-12,0.0300869666347505
2096-06-13,0.0592194047405447
2096-06-14,0.0254131247690045
2096-06-15,0.0953889080880894
2096-06-16,0.0222159557528274
2096-06-17,0.0210912042364451
2096-06-18,0.0197705325671781
2096-06-19,0.0191096437535807
2096-06-20,0.0188060072704482
2096-06-21,0.0185323912444519
2096-06-22,0.0182509035761523
2096-06-23,0.0180264031573804
2096-06-24,0.0178501904056135
2096-06-25,0.0185088531698213
2096-06-26,0.0174693318732266
2096-06-27,0.0172112722774952
2096-06-28,0.0169163938284987
2096-06-29,0.0166178866840658
2096-06-30,0.0163160126987031
2096-07-01,0.030463015513493
2096-07-02,0.0298833509968442
2096-07-03,0.0293010856546773
2096-07-04,0.0287196238289671
2096-07-05,0.028140383115436
2096-07-06,0.0275555431920651
2096-07-07,0.0269530039035184
2096-07-08,0.0263300132876932
2096-07-09,0.0257089538854899
2096-07-10,0.0250845268382479
2096-07-11,0.0244660591676048
2096-07-12,0.0238820584701821
2096-07-13,0.0233074477746247
2096-07-14,0.0332973407986339
2096-07-15,0.0222744882948909
2096-07-16,0.0298906295680692
2096-07-17,0.0212950908723627
2096-07-18,0.020796603268542
2096-07-19,0.0202926750993874
2096-07-20,0.0198065950858841
2096-07-21,0.0193347322452151
2096-07-22,0.0188753379640083
2096-07-23,0.0184421943844362
2096-07-24,0.0180385256537284
2096-07-25,0.0176573756022972
2096-07-26,0.0173076404957147
2096-07-27,0.0169987380984493
2096-07-28,0.0167197546923005
2096-07-29,0.0164646316940262
2096-07-30,0.0162301176717396
2096-07-31,0.0160179875685073
2096-08-01,0.0204597158145125
2096-08-02,0.0202341212873794
2096-08-03,0.0200153112077101
2096-08-04,0.0198159869984084
2096-08-05,0.0196384214168305
2096-08-06,0.019483778987647
2096-08-07,0.0193513964727614
2096-08-08,0.0192391453813579
2096-08-09,0.0191458778830868
2096-08-10,0.0190652712463788
2096-08-11,0.0189950592869034
2096-08-12,0.0189351286405139
2096-08-13,0.0231454873678979
2096-08-14,0.0188481439529227
2096-08-15,0.0188200666048486
2096-08-16,0.0193099450296175
2096-08-17,0.018777702628388
2096-08-18,0.0187606684610564
2096-08-19,0.018746092143418
2096-08-20,0.0187335114450577
2096-08-21,0.0187225192132066
2096-08-22,0.0187134445057057
2096-08-23,0.0187061382268411
2096-08-24,0.018699668018078
2096-08-25,0.0186936981789878
2096-08-26,0.0186885162813739
2096-08-27,0.0186839613343916
2096-08-28,0.0409999750601073
2096-08-29,0.036956452843929
2096-08-30,0.0193968368691045
2096-08-31,0.0426276667800775
2096-09-01,0.0111709453355156
2096-09-02,0.0217459036867106
2096-09-03,0.0108694028593157
2096-09-04,0.0180195045508566
2096-09-05,0.0110982117894411
2096-09-06,0.0208737861333856
2096-09-07,0.011587687591258
2096-09-08,0.0326603591195521
2096-09-09,0.00976658464052686
2096-09-10,0.00976423047056211
2096-09-11,0.00976187714017545
2096-09-12,0.00975952404027979
2096-09-13,0.00975717156425046
2096-09-14,0.00975481982654679
2096-09-15,0.00975246869604358
2096-09-16,0.00975011796834935
2096-09-17,0.0322777888290388
2096-09-18,0.00974541855184649
2096-09-19,0.00974306958695194
2096-09-20,0.00974072106763125
2096-09-21,0.00973837325582021
2096-09-22,0.00973602625528702
2096-09-23,0.00973367947958469
2096-09-24,0.0097313335022677
2096-09-25,0.00972898785071966
2096-09-26,0.00972664283750259
2096-09-27,0.0097242984437495
2096-09-28,0.00972195448959591
2096-09-29,0.0097196111102545
2096-09-30,0.00971726859061609
2096-10-01,0.00828983995370747
2096-10-02,0.00828784178099599
2096-10-03,0.00828584405933403
2096-10-04,0.0082838470943405
2096-10-05,0.00828185029758496
2096-10-06,0.00827985420839489
2096-10-07,0.00827785842616536
2096-10-08,0.00827586332305917
2096-10-09,0.00827386863048585
2096-10-10,0.00827187433046783
2096-10-11,0.00826988060814737
2096-10-12,0.00826788717990798
2096-10-13,0.0082658944122777
2096-10-14,0.00826390196073091
2096-10-15,0.00826191037935281
2096-10-16,0.00825991885727392
2096-10-17,0.00825792809588828
2096-10-18,0.0082559375835056
2096-10-19,0.00825394781303364
2096-10-20,0.00825195811366702
2096-10-21,0.00824996927346792
2096-10-22,0.00824798075981687
2096-10-23,0.00824599282225344
2096-10-24,0.00824400521204303
2096-10-25,0.00824201829571367
2096-10-26,0.00824003156398996
2096-10-27,0.00823804557578687
2096-10-28,0.00823605994659884
2096-10-29,0.00823407486720286
2096-10-30,0.00823209022731855
2096-10-31,0.00823010600682175
2096-11-01,0.00915406502323936
2096-11-02,0.00915185860323552
2096-11-03,0.00914965277698293
2096-11-04,0.00914744739283474
2096-11-05,0.00914524271856112
2096-11-06,0.00914303833504347
2096-11-07,0.119506800327524
2096-11-08,0.290617104297566
2096-11-09,0.12650124399658
2096-11-10,0.0182756320258984
2096-11-11,0.014247335245834
2096-11-12,0.00913478051258931
2096-11-13,0.00913523629056889
2096-11-14,0.00913588429977472
2096-11-15,0.330985627749821
2096-11-16,0.344216474092202
2096-11-17,0.00986917710660221
2096-11-18,0.0498720658349107
2096-11-19,0.0209703722971299
2096-11-20,0.367050409030525
2096-11-21,1.64026818002954
2096-11-22,1.0570145104703
2096-11-23,0.138667213791622
2096-11-24,1.47057872440774
2096-11-25,1.46635166982906
2096-11-26,1.84964522074986
2096-11-27,0.0602421989695805
2096-11-28,0.0688481786651776
2096-11-29,0.170721363659928
2096-11-30,0.063082443007788
2096-12-01,0.0197661173357711
2096-12-02,0.0192771742305278
2096-12-03,0.0202516733048096
2096-12-04,0.0177935729413863
2096-12-05,0.0172476330440548
2096-12-06,0.0172307604690296
2096-12-07,0.0171996311902918
2096-12-08,0.0259359620459921
2096-12-09,0.0220306544778191
2096-12-10,0.0172508432708766
2096-12-11,0.0172354077135213
2096-12-12,0.0172568286066531
2096-12-13,0.0172763352602392
2096-12-14,0.0172841029987165
2096-12-15,0.0189417178544114
2096-12-16,0.0172351751608885
2096-12-17,0.0171822303110463
2096-12-18,0.0171233485221522
2096-12-19,0.0170591330098355
2096-12-20,0.0169937598115702
2096-12-21,0.0169287700284475
2096-12-22,0.0168665883011137
2096-12-23,0.0168138628354766
2096-12-24,0.0212379443122665
2096-12-25,0.203005692187238
2096-12-26,0.166632737854481
2096-12-27,0.0167892067553257
2096-12-28,0.0180968788889905
2096-12-29,0.016825479825677
2096-12-30,0.225448510249395
2096-12-31,0.474520438377789
2097-01-01,0.299105595669224
2097-01-02,0.0174141673883293
2097-01-03,0.0136127904543058
2097-01-04,0.0137540865015257
2097-01-05,0.0138396820010776
2097-01-06,0.0138913546968421
2097-01-07,0.0139237852312012
2097-01-08,0.0139468969272835
2097-01-09,0.0139648901018515
2097-01-10,0.0139725789387369
2097-01-11,0.0139687999340534
2097-01-12,0.0147725827175823
2097-01-13,0.0139580120291019
2097-01-14,0.013949839024001
2097-01-15,0.0139469661013166
2097-01-16,0.0300958365601355
2097-01-17,0.30108654559913
2097-01-18,0.364484097267141
2097-01-19,0.305426318291317
2097-01-20,0.130471727934613
2097-01-21,0.0680140886865293
2097-01-22,0.370497892780555
2097-01-23,0.128851720177816
2097-01-24,0.146084498545379
2097-01-25,0.0764480168062475
2097-01-26,0.0328003350014265
2097-01-27,0.0364693882258403
2097-01-28,0.0491960409399389
2097-01-29,0.0684504734009451
2097-01-30,0.0717589472906322
2097-01-31,0.0601365996304647
2097-02-01,0.0514561169561449
2097-02-02,0.0442511816426668
2097-02-03,0.0565718000142542
2097-02-04,0.0474272027419398
2097-02-05,0.0466424462048595
2097-02-06,0.062778021976807
2097-02-07,0.34356779627536
2097-02-08,1.29997431157397
2097-02-09,1.15671409463275
2097-02-10,7.48277441806313
2097-02-11,3.51929306478414
2097-02-12,1.41881257455937
2097-02-13,1.43184182956053
2097-02-14,1.36887574729895
2097-02-15,1.27954313001525
2097-02-16,1.17764720913498
2097-02-17,1.05769877971671
2097-02-18,0.953020243822167
2097-02-19,0.858252815861812
2097-02-20,0.773313095516803
2097-02-21,0.929383198218613
2097-02-22,0.980275255407009
2097-02-23,0.727313778099315
2097-02-24,0.72969803727857
2097-02-25,0.984947171975758
2097-02-26,0.740897388766652
2097-02-27,0.734266675071926
2097-02-28,0.703822756830279
2097-03-01,0.537906192136191
2097-03-02,0.535504057037104
2097-03-03,0.4953975682127
2097-03-04,0.436726174093482
2097-03-05,0.400637492661343
2097-03-06,0.365782033555521
2097-03-07,0.328580191252771
2097-03-08,0.296460591479511
2097-03-09,0.267934864773893
2097-03-10,0.242331435104479
2097-03-11,0.392095518522758
2097-03-12,0.223397099818434
2097-03-13,0.205647367787155
2097-03-14,0.2271900531234
2097-03-15,0.18400889788108
2097-03-16,0.181556626293443
2097-03-17,0.305557842100824
2097-03-18,0.231917686045955
2097-03-19,0.335555925131325
2097-03-20,0.207394800848284
2097-03-21,0.223239736074941
2097-03-22,0.215587878194787
2097-03-23,0.20283771815108
2097-03-24,0.185287853672507
2097-03-25,0.251939467381632
2097-03-26,0.394045188120399
2097-03-27,0.315031967598763
2097-03-28,0.215842524840912
2097-03-29,0.228492132565726
2097-03-30,0.226120105079754
2097-03-31,0.21615277022055
2097-04-01,0.211512681038145
2097-04-02,0.192167494426761
2097-04-03,0.17468061745023
2097-04-04,0.156138992227295
2097-04-05,0.136003195644565
2097-04-06,0.11759629289824
2097-04-07,0.102670447542477
2097-04-08,0.0895695728290381
2097-04-09,0.076972262267566
2097-04-10,0.0632796313178236
2097-04-11,0.0490335207943116
2097-04-12,0.0371349758488378
2097-04-13,0.0288345588531437
2097-04-14,0.0314386365929704
2097-04-15,0.26516246707923
2097-04-16,0.503125507735552
2097-04-17,0.258219191092121
2097-04-18,0.6929022421954
2097-04-19,0.400793761296174
2097-04-20,0.37878052801197
2097-04-21,0.334299653859684
2097-04-22,0.340483284685949
2097-04-23,0.322439301258519
2097-04-24,0.295270301397066
2097-04-25,0.264725513675747
2097-04-26,0.234980410497058
2097-04-27,0.208832131855022
2097-04-28,0.187099724692068
2097-04-29,0.168852543259152
2097-04-30,0.150677053190246
2097-05-01,0.162580237882769
2097-05-02,0.138911633295199
2097-05-03,0.117942258547884
2097-05-04,0.0997511561350477
2097-05-05,0.0831640938037318
2097-05-06,0.0680327526468583
2097-05-07,0.0545161578324364
2097-05-08,0.0418423322427261
2097-05-09,0.0313996651432908
2097-05-10,0.024579523317554
2097-05-11,0.0207743426519041
2097-05-12,0.0188557370796748
2097-05-13,0.0176951558033644
2097-05-14,0.0170718746349252
2097-05-15,0.0167899519659796
2097-05-16,0.0166178949581855
2097-05-17,0.016443880642731
2097-05-18,0.0162524976545877
2097-05-19,0.0198068455160676
2097-05-20,0.0158754496153966
2097-05-21,0.0182407315401984
2097-05-22,0.0154837452637807
2097-05-23,0.0152596251129048
2097-05-24,0.0150082610781931
2097-05-25,0.0147416670512001
2097-05-26,0.0145885515603229
2097-05-27,0.0142516415775261
2097-05-28,0.0140253345983993
2097-05-29,0.0137704401301532
2097-05-30,0.0134972638652635
2097-05-31,0.0132200833864569
2097-06-01,0.0157922699893067
2097-06-02,0.0154646241251378
2097-06-03,0.0151350033948409
2097-06-04,0.0148278839133729
2097-06-05,0.0145719610777295
2097-06-06,0.0143330224095058
2097-06-07,0.0140599691327818
2097-06-08,0.0137518958741084
2097-06-09,0.0134321255413426
2097-06-10,0.0131086557235251
2097-06-11,0.0127885243493318
2097-06-12,0.0124658095446501
2097-06-13,0.0121283776884519
2097-06-14,0.0117958896277742
2097-06-15,0.0115440492444895
2097-06-16,0.0113557660284693
2097-06-17,0.0111175446101396
2097-06-18,0.010822804735626
2097-06-19,0.0105172529832948
2097-06-20,0.0102236824376214
2097-06-21,0.00994851618807119
2097-06-22,0.00968636631154003
2097-06-23,0.00943958609678177
2097-06-24,0.00921175696469606
2097-06-25,0.00900228247186092
2097-06-26,0.00881220085621203
2097-06-27,0.0086404369194642
2097-06-28,0.00848458797939423
2097-06-29,0.00834519567789635
2097-06-30,0.00822255357103008
2097-07-01,0.0154415997735602
2097-07-02,0.0152693400214716
2097-07-03,0.0151247520135163
2097-07-04,0.0150018291386205
2097-07-05,0.0148972569549716
2097-07-06,0.0148109911087603
2097-07-07,0.0147423039534386
2097-07-08,0.0146860552428343
2097-07-09,0.0146387993567199
2097-07-10,0.0146006525323763
2097-07-11,0.0145694139768058
2097-07-12,0.014545521457952
2097-07-13,0.0145290044409248
2097-07-14,0.0145174058611177
2097-07-15,0.0145071732301462
2097-07-16,0.0144984904702668
2097-07-17,0.0144922385575938
2097-07-18,0.0144879678159153
2097-07-19,0.0144844535464686
2097-07-20,0.0144809621613324
2097-07-21,0.0144774718531976
2097-07-22,0.0144739822550208
2097-07-23,0.0144704936271199
2097-07-24,0.014467005975063
2097-07-25,0.0144635191188087
2097-07-26,0.014460032949775
2097-07-27,0.014456547561231
2097-07-28,0.016865521468453
2097-07-29,0.0144495795478747
2097-07-30,0.0144460966112378
2097-07-31,0.0144426146504449
2097-08-01,0.0186601473754642
2097-08-02,0.018655650164482
2097-08-03,0.0186511533103058
2097-08-04,0.0186466578755576
2097-08-05,0.0186421632293806
2097-08-06,0.0186376700883849
2097-08-07,0.0186331776502071
2097-08-08,0.018628686690825
2097-08-09,0.0186241960852504
2097-08-10,0.0186197073062824
2097-08-11,0.018615219955138
2097-08-12,0.018610733057347
2097-08-13,0.0186062471046419
2097-08-14,0.0186017626709108
2097-08-15,0.0185972787391068
2097-08-16,0.018592796167363
2097-08-17,0.0185883151265867
2097-08-18,0.0185838348647866
2097-08-19,0.0185793554611199
2097-08-20,0.0185748773797341
2097-08-21,0.0185704000557364
2097-08-22,0.0185659244755901
2097-08-23,0.0185614492384575
2097-08-24,0.0185569755340912
2097-08-25,0.0185525029631085
2097-08-26,0.0185480311297247
2097-08-27,0.0185435604926902
2097-08-28,0.0185390908187319
2097-08-29,0.018534622446066
2097-08-30,0.0185301551258277
2097-08-31,0.0185256888969958
2097-09-01,0.00971190530864608
2097-09-02,0.00970956427069017
2097-09-03,0.009707223777045
2097-09-04,0.00970488420819365
2097-09-05,0.00970254521195345
2097-09-06,0.00970020652072858
2097-09-07,0.00969786864455492
2097-09-08,0.0096955311186771
2097-09-09,0.0319719389404162
2097-09-10,0.00969085796084634
2097-09-11,0.00968852216946787
2097-09-12,0.00968618690541997
2097-09-13,0.00968385253409202
2097-09-14,0.00968151830803946
2097-09-15,0.0096791847124566
2097-09-16,0.00967685190928468
2097-09-17,0.00967451951615386
2097-09-18,0.00967218770318106
2097-09-19,0.00966985635653568
2097-09-20,0.00966752567023271
2097-09-21,0.0317175952231254
2097-09-22,0.00966286609721703
2097-09-23,0.00966053702623732
2097-09-24,0.00965820872314149
2097-09-25,0.00965588071719972
2097-09-26,0.00965355341562314
2097-09-27,0.00965122664515056
2097-09-28,0.00964890048376515
2097-09-29,0.0096465747946818
2097-09-30,0.00964424983166058
2097-10-01,0.00822754759653122
2097-10-02,0.00822556433421279
2097-10-03,0.00822358200163056
2097-10-04,0.00822159970607679
2097-10-05,0.00821961817899763
2097-10-06,0.0082176370399123
2097-10-07,0.00821565644632585
2097-10-08,0.00821367629869082
2097-10-09,0.0209533016721711
2097-10-10,0.00820971733322528
2097-10-11,0.00820773844428943
2097-10-12,0.00820576042766884
2097-10-13,0.00822196954789951
2097-10-14,0.0082018052954534
2097-10-15,0.00819982849003895
2097-10-16,0.00819785225615066
2097-10-17,0.00819587617681593
2097-10-18,0.00819390102319258
2097-10-19,0.00819192595811553
2097-10-20,0.0081899515378166
2097-10-21,0.00818797757581188
2097-10-22,0.00818600401951023
2097-10-23,0.00818403112784253
2097-10-24,0.00818205870439697
2097-10-25,0.00818008652566119
2097-10-26,0.00817811497479923
2097-10-27,0.00817614368206315
2097-10-28,0.00817417316263151
2097-10-29,0.00817220291876669
2097-10-30,0.00817023323650012
2097-10-31,0.00816826412656466
2097-11-01,0.00908528055645525
2097-11-02,0.00908309068297675
2097-11-03,0.00908090163698872
2097-11-04,0.00907871274354309
2097-11-05,0.00907652465937835
2097-11-06,0.0090743371403072
2097-11-07,0.00907215012334238
2097-11-08,0.00906996348131564
2097-11-09,0.00906777743423411
2097-11-10,0.0090655917683595
2097-11-11,0.00906340683415119
2097-11-12,0.0090612224611558
2097-11-13,0.00905903819741771
2097-11-14,0.00923841196921829
2097-11-15,0.01867514594035
2097-11-16,0.0153929492944591
2097-11-17,0.0479326494219702
2097-11-18,0.0102168528398963
2097-11-19,0.00904594588468848
2097-11-20,0.00904376565541411
2097-11-21,0.00904158607750494
2097-11-22,0.0390378433223227
2097-11-23,0.327853911511921
2097-11-24,0.0208307625792648
2097-11-25,0.00903324060524411
2097-11-26,0.00903147402178947
2097-11-27,0.0129814997101906
2097-11-28,0.0638769615432977
2097-11-29,0.0120981865767798
2097-11-30,0.00982878126758738
2097-12-01,0.00763596551897784
2097-12-02,0.00766839052784703
2097-12-03,0.00763418962319581
2097-12-04,0.1439060401227
2097-12-05,0.441636494366187
2097-12-06,0.397053035270373
2097-12-07,0.250095641111535
2097-12-08,0.0575686267026849
2097-12-09,0.0650197617097822
2097-12-10,0.0510882593550122
2097-12-11,0.106173278734451
2097-12-12,0.123302806072177
2097-12-13,0.0368906446059803
2097-12-14,0.0269581833508178
2097-12-15,0.0344979384594837
2097-12-16,0.0155799847008196
2097-12-17,0.00990782087093251
2097-12-18,0.0113395883969414
2097-12-19,0.0100292407490808
2097-12-20,0.0100757346380347
2097-12-21,0.0101177655505582
2097-12-22,0.0101549173479713
2097-12-23,0.0101908343352705
2097-12-24,0.0102236120161115
2097-12-25,0.0102535040835409
2097-12-26,0.010280713642847
2097-12-27,0.0380152583477147
2097-12-28,0.020659214435108
2097-12-29,0.0249932844481928
2097-12-30,0.0244427652602249
2097-12-31,0.0222530243635516
2098-01-01,0.0525036180422176
2098-01-02,0.0508029174595587
2098-01-03,0.0581437404841608
2098-01-04,0.0214215646202516
2098-01-05,0.00905730993837236
2098-01-06,0.0153796065976611
2098-01-07,0.0351375369608641
2098-01-08,0.0088676133175135
2098-01-09,0.00798730908737333
2098-01-10,0.00798352628338868
2098-01-11,0.00797202532193157
2098-01-12,0.00795472702769688
2098-01-13,0.011389536016621
2098-01-14,0.00792174397862225
2098-01-15,0.198181546302765
2098-01-16,1.06668162195179
2098-01-17,2.99324771896235
2098-01-18,1.6146813442797
2098-01-19,0.304286678615236
2098-01-20,3.10147168993842
2098-01-21,1.93762544435065
2098-01-22,0.0178049835226275
2098-01-23,0.0226691081877538
2098-01-24,0.0245085291729336
2098-01-25,0.0273772326308756
2098-01-26,0.258726771880627
2098-01-27,0.16701495638332
2098-01-28,0.0760006883795339
2098-01-29,0.0584980255331908
2098-01-30,0.165450685287067
2098-01-31,0.131554996453585
2098-02-01,0.210162148145689
2098-02-02,0.333669357543872
2098-02-03,0.178144669428177
2098-02-04,0.264853957781233
2098-02-05,0.343034399743139
2098-02-06,0.309158542822005
2098-02-07,0.308110795560323
2098-02-08,0.288152676129177
2098-02-09,0.281779006751984
2098-02-10,0.277328182699059
2098-02-11,0.26846402313189
2098-02-12,0.279598195748997
2098-02-13,0.265598605271704
2098-02-14,0.243268935042033
2098-02-15,0.264408796762453
2098-02-16,0.531899905146714
2098-02-17,0.5439585753312
2098-02-18,0.652817545620978
2098-02-19,0.742648742382955
2098-02-20,1.16587214927511
2098-02-21,1.08350859755963
2098-02-22,0.899447982659142
2098-02-23,0.891566101383226
2098-02-24,0.837118224583036
2098-02-25,0.770777941103622
2098-02-26,0.701770965744735
2098-02-27,0.633377565943014
2098-02-28,0.567450216425032
2098-03-01,0.412972625400776
2098-03-02,0.366831083247287
2098-03-03,0.330245136634709
2098-03-04,0.303082025612107
2098-03-05,0.290848666619063
2098-03-06,0.350068734360325
2098-03-07,0.343488744398012
2098-03-08,0.273235627465754
2098-03-09,0.277901331952469
2098-03-10,0.267360889640628
2098-03-11,0.251508053594856
2098-03-12,0.235721813391488
2098-03-13,0.227206439906824
2098-03-14,0.211237079524561
2098-03-15,0.192037161716013
2098-03-16,0.172016665302104
2098-03-17,0.154375187917643
2098-03-18,0.275632709542938
2098-03-19,0.260334615321432
2098-03-20,0.144901011292302
2098-03-21,0.145280943892316
2098-03-22,0.136560509079802
2098-03-23,0.125121320836162
2098-03-24,0.112626098632767
2098-03-25,0.0998332488351115
2098-03-26,0.0897573485143872
2098-03-27,0.0800031884220508
2098-03-28,0.0704896267565371
2098-03-29,0.0602237577527092
2098-03-30,0.0505084872078848
2098-03-31,0.0426175523269473
2098-04-01,0.0393363454501238
2098-04-02,0.0602914943179188
2098-04-03,0.0313555665283823
2098-04-04,0.0270160692985537
2098-04-05,0.0227713253215433
2098-04-06,0.111257133877163
2098-04-07,0.110019573304748
2098-04-08,0.0840493671590399
2098-04-09,0.427474313626388
2098-04-10,0.626208431319415
2098-04-11,0.295704315511014
2098-04-12,0.155768788818899
2098-04-13,0.171939622195388
2098-04-14,0.1880368038601
2098-04-15,0.159769711172414
2098-04-16,0.143621702943804
2098-04-17,0.125959781831506
2098-04-18,0.108092620553283
2098-04-19,0.0902632811337081
2098-04-20,0.0741213187800266
2098-04-21,0.0618044306310655
2098-04-22,0.0529574516162083
2098-04-23,0.0499699114713322
2098-04-24,0.0661313970714546
2098-04-25,0.0430239383451498
2098-04-26,0.0389186840436969
2098-04-27,0.0795989159518113
2098-04-28,0.0552194436192589
2098-04-29,0.0463382204553316
2098-04-30,0.163301385474302
2098-05-01,0.255477140294193
2098-05-02,0.0868122690696086
2098-05-03,0.0557438433541383
2098-05-04,0.0554445408242815
2098-05-05,0.0814355790027338
2098-05-06,0.0617046560718324
2098-05-07,0.0533308290853749
2098-05-08,0.0563522507539276
2098-05-09,0.0540483683499744
2098-05-10,0.0455156767904705
2098-05-11,0.040609104038079
2098-05-12,0.0635620237703466
2098-05-13,0.061257404173499
2098-05-14,0.0348862643832053
2098-05-15,0.0284030869467285
2098-05-16,0.0256391513302105
2098-05-17,0.0234884831044113
2098-05-18,0.0212535122754774
2098-05-19,0.0192662024716067
2098-05-20,0.0179129543019952
2098-05-21,0.0170180004488107
2098-05-22,0.058264928119607
2098-05-23,0.256618185135869
2098-05-24,0.165597638733099
2098-05-25,0.0165837370496026
2098-05-26,0.0166193007479993
2098-05-27,0.016448795797847
2098-05-28,0.0162884364068836
2098-05-29,0.0161260893081074
2098-05-30,0.0159373323637665
2098-05-31,0.0157331021195076
2098-06-01,0.0189166170899434
2098-06-02,0.0312694668915646
2098-06-03,0.0184347669929692
2098-06-04,0.0182254078712321
2098-06-05,0.0179991972036457
2098-06-06,0.0177810107893102
2098-06-07,0.0175800064108929
2098-06-08,0.017372817314144
2098-06-09,0.017131159219374
2098-06-10,0.0168551789494889
2098-06-11,0.0165639141185333
2098-06-12,0.0163099885938992
2098-06-13,0.016126320366185
2098-06-14,0.0159149290154397
2098-06-15,0.0156180719848664
2098-06-16,0.0153070113615018
2098-06-17,0.0149939800859726
2098-06-18,0.0146746597171228
2098-06-19,0.0143640367265008
2098-06-20,0.0140582183023111
2098-06-21,0.0137599036222209
2098-06-22,0.0134765501303851
2098-06-23,0.013223463380135
2098-06-24,0.0128872040267858
2098-06-25,0.0125532560654693
2098-06-26,0.0122144433539874
2098-06-27,0.0118739037988002
2098-06-28,0.0115415202438378
2098-06-29,0.0112218978188089
2098-06-30,0.010905284387778
2098-07-01,0.0201617903183014
2098-07-02,0.0196006727480066
2098-07-03,0.0190605365855612
2098-07-04,0.0185558200420066
2098-07-05,0.0180905578462706
2098-07-06,0.0176554809018577
2098-07-07,0.0172535128117835
2098-07-08,0.0169017334514288
2098-07-09,0.016585726506154
2098-07-10,0.0162851746367654
2098-07-11,0.016013531041977
2098-07-12,0.0157705259795399
2098-07-13,0.0155582525390511
2098-07-14,0.0153752582273398
2098-07-15,0.015216597606048
2098-07-16,0.0150806559580119
2098-07-17,0.0149651055827024
2098-07-18,0.0148667353794113
2098-07-19,0.0147856513750179
2098-07-20,0.014720643275945
2098-07-21,0.0146686661353035
2098-07-22,0.0146258762056313
2098-07-23,0.0145884000808579
2098-07-24,0.0145591751218698
2098-07-25,0.0145405226595275
2098-07-26,0.0145270105992696
2098-07-27,0.0145157366860048
2098-07-28,0.0145061394107635
2098-07-29,0.0144976797623538
2098-07-30,0.0144909788727543
2098-07-31,0.0144860889029911
2098-08-01,0.018715832902371
2098-08-02,0.0187113221957285
2098-08-03,0.018706812073768
2098-08-04,0.0187023034342013
2098-08-05,0.0186977954194947
2098-08-06,0.0186932889309582
2098-08-07,0.0186887828436034
2098-08-08,0.0186842784647195
2098-08-09,0.0186797748702091
2098-08-10,0.018675272701723
2098-08-11,0.0186707712132673
2098-08-12,0.0186662710692802
2098-08-13,0.0186617718002173
2098-08-14,0.0186572739080056
2098-08-15,0.0186527768535383
2098-08-16,0.0530270713508174
2098-08-17,0.0186437861693412
2098-08-18,0.0362360142092244
2098-08-19,0.0186347996114999
2098-08-20,0.0186303080674358
2098-08-21,0.0186258177958796
2098-08-22,0.0186213280808208
2098-08-23,0.018616840016664
2098-08-24,0.0186123529299758
2098-08-25,0.0186078666720368
2098-08-26,0.0186033815582755
2098-08-27,0.0185988977272166
2098-08-28,0.0185944146535458
2098-08-29,0.0185899332025925
2098-08-30,0.0185854524280714
2098-08-31,0.0185809725506623
2098-09-01,0.00974088696796373
2098-09-02,0.00973853924954409
2098-09-03,0.00973619201317424
2098-09-04,0.00973384521797609
2098-09-05,0.00973149905230433
2098-09-06,0.00972915350672555
2098-09-07,0.00972680853533014
2098-09-08,0.00972446398529605
2098-09-09,0.00972212026540671
2098-09-10,0.00971977693417603
2098-09-11,0.00971743427586562
2098-09-12,0.00971509212256
2098-09-13,0.0097127504450153
2098-09-14,0.00971040921807562
2098-09-15,0.00970806897661841
2098-09-16,0.00970572899709697
2098-09-17,0.00970338963137953
2098-09-18,0.00970105101405008
2098-09-19,0.00969871263192829
2098-09-20,0.00969637515793454
2098-09-21,0.00969403799367285
2098-09-22,0.00969170146208199
2098-09-23,0.00968936547071413
2098-09-24,0.00968702994221484
2098-09-25,0.00968469522027656
2098-09-26,0.00968236071184901
2098-09-27,0.0310873169380723
2098-09-28,0.00967769399738759
2098-09-29,0.00967536127094112
2098-09-30,0.00967302941080101
2098-10-01,0.00825209940808152
2098-10-02,0.00825011046940819
2098-10-03,0.00824812201666627
2098-10-04,0.00824613398062861
2098-10-05,0.00824414630360599
2098-10-06,0.00824215940659582
2098-10-07,0.00824017262630579
2098-10-08,0.00823818669606031
2098-10-09,0.00823620103494193
2098-10-10,0.00823421602450473
2098-10-11,0.0082322314981207
2098-10-12,0.00823024720088376
2098-10-13,0.00822826356318263
2098-10-14,0.00822628011142876
2098-10-15,0.00822429751991567
2098-10-16,0.00822231536120619
2098-10-17,0.00822033348289335
2098-10-18,0.0082183522759225
2098-10-19,0.00821637130990494
2098-10-20,0.00821439097283447
2098-10-21,0.00821241114611273
2098-10-22,0.00821043187401284
2098-10-23,0.00820845287077175
2098-10-24,0.0082064742646474
2098-10-25,0.00820449664111875
2098-10-26,0.00820251894702138
2098-10-27,0.0169494018727741
2098-10-28,0.00952411768593451
2098-10-29,0.00829090489262212
2098-10-30,0.00819461382981412
2098-10-31,0.107412189651125
2098-11-01,0.0317523864212133
2098-11-02,0.0162473464152405
2098-11-03,0.0104580562848229
2098-11-04,0.00910580899630654
2098-11-05,0.00930993798411104
2098-11-06,0.00910142648657026
2098-11-07,0.00909923654771643
2098-11-08,0.00909704735724591
2098-11-09,0.0090948590700893
2098-11-10,0.0120575767986463
2098-11-11,0.0185721338582347
2098-11-12,0.0721788551061066
2098-11-13,0.00982504456190836
2098-11-14,0.00908394273037215
2098-11-15,0.0090817756857193
2098-11-16,0.00907961309584284
2098-11-17,0.0222033198444812
2098-11-18,0.32088928567441
2098-11-19,0.271567246275558
2098-11-20,0.00979238225581557
2098-11-21,0.00909507010821523
2098-11-22,0.0100337989332701
2098-11-23,0.00913222754573357
2098-11-24,0.0091512672257806
2098-11-25,0.00916952806835145
2098-11-26,0.00918681849089836
2098-11-27,0.822122017999634
2098-11-28,0.941844800695375
2098-11-29,2.35634037721017
2098-11-30,1.42208607970627
2098-12-01,0.0272240065792217
2098-12-02,0.623569707403157
2098-12-03,0.331668044697846
2098-12-04,0.0682578559723099
2098-12-05,0.0481295708001989
2098-12-06,0.0149295635476123
2098-12-07,0.0147142558821212
2098-12-08,0.0147485373791052
2098-12-09,0.0266057746601134
2098-12-10,0.0164159182202784
2098-12-11,0.0148085689304606
2098-12-12,0.0148198823769371
2098-12-13,0.0148215325275223
2098-12-14,0.0148129640419498
2098-12-15,0.0163638614127987
2098-12-16,0.0148159880557074
2098-12-17,0.0148128390565672
2098-12-18,0.0148041722432663
2098-12-19,0.0147975870988996
2098-12-20,0.0249861469558331
2098-12-21,0.985286034069987
2098-12-22,1.04427091754398
2098-12-23,0.0165478361557252
2098-12-24,0.360275667167417
2098-12-25,0.240243644839545
2098-12-26,0.0178296541005726
2098-12-27,0.0180649675756016
2098-12-28,0.0181951175806848
2098-12-29,0.0189027011644501
2098-12-30,0.019816515249246
2098-12-31,0.0183762356306247
2099-01-01,0.013817055112806
2099-01-02,0.0138064623957705
2099-01-03,0.0138214362167423
2099-01-04,0.0138366154098945
2099-01-05,0.0146270891287153
2099-01-06,0.013833993581349
2099-01-07,0.0138053481672336
2099-01-08,0.013767044894558
2099-01-09,0.018917155790011
2099-01-10,0.0205907050963733
2099-01-11,0.461097118377588
2099-01-12,0.123624707169792
2099-01-13,0.0578022548031381
2099-01-14,0.294702451369288
2099-01-15,0.275404424232435
2099-01-16,0.0963739600400117
2099-01-17,0.224819746167229
2099-01-18,0.140068543194962
2099-01-19,0.0772601639467379
2099-01-20,0.0627092575588438
2099-01-21,0.0426925134107701
2099-01-22,0.0339010485528392
2099-01-23,0.206236947420685
2099-01-24,0.0739818449179678
2099-01-25,0.0737212566991498
2099-01-26,0.0680292722947066
2099-01-27,0.0508881715202636
2099-01-28,0.0566400393237945
2099-01-29,0.377323974520637
2099-01-30,0.900179153116747
2099-01-31,0.37743738710631
2099-02-01,0.274183812175376
2099-02-02,0.320538071092941
2099-02-03,0.747228845440182
2099-02-04,0.714328341379857
2099-02-05,1.66405777172718
2099-02-06,1.11760531424196
2099-02-07,1.04980242201292
2099-02-08,1.01626006765249
2099-02-09,1.26803183163611
2099-02-10,1.31343318635677
2099-02-11,1.14016700287954
2099-02-12,1.16486436846914
2099-02-13,1.16215692079578
2099-02-14,1.05999624057429
2099-02-15,1.00127676352518
2099-02-16,0.948293502964741
2099-02-17,0.884912121764407
2099-02-18,0.806656838799728
2099-02-19,0.842851400223877
2099-02-20,0.680011182093702
2099-02-21,0.621916400456031
2099-02-22,0.561033040108145
2099-02-23,0.506255551232224
2099-02-24,0.460380474304504
2099-02-25,0.916929125964896
2099-02-26,0.599236924392459
2099-02-27,0.610702932162788
2099-02-28,0.767296517077095
2099-03-01,0.924672845427558
2099-03-02,0.699715559815742
2099-03-03,0.928966006247818
2099-03-04,1.08440705562807
2099-03-05,0.995281309271053
2099-03-06,0.921903836406379
2099-03-07,0.882644663158341
2099-03-08,1.04402012269014
2099-03-09,1.04827428965989
2099-03-10,1.03942138848828
2099-03-11,0.932924554021573
2099-03-12,0.905780159190271
2099-03-13,0.835309806502934
2099-03-14,0.768586377248546
2099-03-15,0.763323189789266
2099-03-16,0.938219969002775
2099-03-17,0.729169942560354
2099-03-18,0.695965316450679
2099-03-19,0.660503030405358
2099-03-20,0.833431620816511
2099-03-21,0.936141906376869
2099-03-22,0.748713073283056
2099-03-23,0.76499920561739
2099-03-24,0.711849523714497
2099-03-25,0.661873695513787
2099-03-26,0.618363031859627
2099-03-27,0.556554130834777
2099-03-28,0.606658242761589
2099-03-29,0.658218549405924
2099-03-30,0.472025766458393
2099-03-31,0.454147919527245
2099-04-01,0.445327289770014
2099-04-02,0.40307123306719
2099-04-03,0.362507697017758
2099-04-04,0.398949642953891
2099-04-05,0.41578080233783
2099-04-06,0.363013125820965
2099-04-07,0.433712887054602
2099-04-08,0.378726710908407
2099-04-09,0.360869382267352
2099-04-10,0.366807237134385
2099-04-11,0.354225260675413
2099-04-12,0.333803689630883
2099-04-13,0.302897079809915
2099-04-14,0.287750870432397
2099-04-15,0.244494041505784
2099-04-16,0.219177671558151
2099-04-17,0.195333403533335
2099-04-18,0.170697048337007
2099-04-19,0.146320971251203
2099-04-20,0.170110902392161
2099-04-21,0.115332360289611
2099-04-22,0.102198582316933
2099-04-23,0.0875508768353874
2099-04-24,0.215005955569735
2099-04-25,0.216040370784219
2099-04-26,0.219863172725986
2099-04-27,0.0989476779809696
2099-04-28,0.106439998986355
2099-04-29,0.105082602378054
2099-04-30,0.241912614911757
2099-05-01,0.393803481964137
2099-05-02,0.217936151868264
2099-05-03,0.193792734184433
2099-05-04,0.194210363509023
2099-05-05,0.181070986918317
2099-05-06,0.162836195152953
2099-05-07,0.145198197713921
2099-05-08,0.125387251131359
2099-05-09,0.103521849111191
2099-05-10,0.0825389966346521
2099-05-11,0.0636821226505669
2099-05-12,0.0475550914386163
2099-05-13,0.0361204827995655
2099-05-14,0.0287773109258587
2099-05-15,0.0237829699225521
2099-05-16,0.0206743694567107
2099-05-17,0.0188653879182697
2099-05-18,0.0212210506616338
2099-05-19,0.0171255253814395
2099-05-20,0.0170206442627081
2099-05-21,0.0187090435917907
2099-05-22,0.016531781360826
2099-05-23,0.0163878709735302
2099-05-24,0.0162218749523168
2099-05-25,0.0160206285741523
2099-05-26,0.0157925180028066
2099-05-27,0.0155545357648914
2099-05-28,0.0153097553555023
2099-05-29,0.0150651694562004
2099-05-30,0.0148296385752299
2099-05-31,0.0145916506059809
2099-06-01,0.0174902286389015
2099-06-02,0.0171921718144666
2099-06-03,0.0169099357824992
2099-06-04,0.016642955100673
2099-06-05,0.0164037403127072
2099-06-06,0.016196698413482
2099-06-07,0.0169405308498573
2099-06-08,0.0158068041428955
2099-06-09,0.015534940735585
2099-06-10,0.0152261758737109
2099-06-11,0.0149027681883231
2099-06-12,0.0145943326677869
2099-06-13,0.0143170123842629
2099-06-14,0.0140502725793156
2099-06-15,0.0137645098104203
2099-06-16,0.013454381045211
2099-06-17,0.0131474438221863
2099-06-18,0.0128440345453055
2099-06-19,0.012524874950952
2099-06-20,0.0121996059789043
2099-06-21,0.0118725001054817
2099-06-22,0.0115360406720224
2099-06-23,0.0112066684104705
2099-06-24,0.0108939001157404
2099-06-25,0.0106009907336111
2099-06-26,0.0103234278713308
2099-06-27,0.010054815352414
2099-06-28,0.00979538499705894
2099-06-29,0.00954982850146701
2099-06-30,0.00932215198910904
2099-07-01,0.0173934671596345
2099-07-02,0.0255676835317908
2099-07-03,0.0201267737105059
2099-07-04,0.016426045907803
2099-07-05,0.0161379996483997
2099-07-06,0.0158831547197629
2099-07-07,0.0156584363692992
2099-07-08,0.0154619191368298
2099-07-09,0.0152905190997039
2099-07-10,0.015144036184818
2099-07-11,0.0150207571541938
2099-07-12,0.0149167391539552
2099-07-13,0.0148303448313451
2099-07-14,0.0147584788296777
2099-07-15,0.0146969516575506
2099-07-16,0.0146467710232075
2099-07-17,0.0146069957256851
2099-07-18,0.0145739364138808
2099-07-19,0.0145495111551301
2099-07-20,0.014533127897888
2099-07-21,0.0181561410483832
2099-07-22,0.0145117081485599
2099-07-23,0.0145021324750645
2099-07-24,0.0144940274260442
2099-07-25,0.0144883402491693
2099-07-26,0.0144842212510203
2099-07-27,0.0144807301860612
2099-07-28,0.0157995488032987
2099-07-29,0.0144737502700051
2099-07-30,0.0144702615172815
2099-07-31,0.014466773816502
2099-08-01,0.0186913616019402
2099-08-02,0.0186868564812597
2099-08-03,0.0186823523914186
2099-08-04,0.0186778494421572
2099-08-05,0.0186733472724719
2099-08-06,0.0186688465006264
2099-08-07,0.0186643468033963
2099-08-08,0.0186598482233587
2099-08-09,0.0186553503407417
2099-08-10,0.0186508540532573
2099-08-11,0.0186463587450404
2099-08-12,0.0186418643351348
2099-08-13,0.0186373708985
2099-08-14,0.0186328788543078
2099-08-15,0.0186283874319775
2099-08-16,0.0186238979357996
2099-08-17,0.0186194092000082
2099-08-18,0.0186149208054312
2099-08-19,0.0186104342362614
2099-08-20,0.0186059484850469
2099-08-21,0.0186014639691605
2099-08-22,0.018596980845117
2099-08-23,0.0185924982313961
2099-08-24,0.0185880163007037
2099-08-25,0.018583536509048
2099-08-26,0.0185790572594975
2099-08-27,0.0185745793142376
2099-08-28,0.0185701020903855
2099-08-29,0.0185656266241773
2099-08-30,0.0185611513570609
2099-08-31,0.018556677572938
2099-09-01,0.00972815065072258
2099-09-02,0.00972580587334208
2099-09-03,0.00972346175850505
2099-09-04,0.0097211182382907
2099-09-05,0.00971877496271743
2099-09-06,0.00971643258269415
2099-09-07,0.00971409063063574
2099-09-08,0.00971174927697327
2099-09-09,0.00970940849592197
2099-09-10,0.00970706823465445
2099-09-11,0.00970472857838633
2099-09-12,0.00970238948466706
2099-09-13,0.00970005092016499
2099-09-14,0.00969771297103914
2099-09-15,0.00969537552314466
2099-09-16,0.00969303864000015
2099-09-17,0.00969070259674814
2099-09-18,0.00968836685599593
2099-09-19,0.00968603159509255
2099-09-20,0.00968369698321137
2099-09-21,0.00968136313040939
2099-09-22,0.00967902957224603
2099-09-23,0.00967669660115839
2099-09-24,0.00967436424544706
2099-09-25,0.00967203251014303
2099-09-26,0.00966970129273615
2099-09-27,0.00966737076711644
2099-09-28,0.00966504054934218
2099-09-29,0.00966271107335245
2099-09-30,0.00966038198099028
2099-10-01,0.00824130990164972
2099-10-02,0.00823932349405915
2099-10-03,0.00823733767758226
2099-10-04,0.00823535216216279
2099-10-05,0.00823336717265474
2099-10-06,0.0082313829094947
2099-10-07,0.00822939894524555
2099-10-08,0.00822741537462496
2099-10-09,0.00822543248795752
2099-10-10,0.00822344979850684
2099-10-11,0.00822146773263683
2099-10-12,0.00821948624204949
2099-10-13,0.00821750516762977
2099-10-14,0.00821552452145221
2099-10-15,0.00821354455037314
2099-10-16,0.00821156468876951
2099-10-17,0.00820958554653754
2099-10-18,0.00820760667262771
2099-10-19,0.00820562855297141
2099-10-20,0.00820365099249846
2099-10-21,0.00820167353586618
2099-10-22,0.00819969677096838
2099-10-23,0.00819772052473727
2099-10-24,0.00819574457231892
2099-10-25,0.00819376935885972
2099-10-26,0.0081917945352726
2099-10-27,0.00818981991587863
2099-10-28,0.0081878460748872
2099-10-29,0.00818587252234207
2099-10-30,0.00818389961940483
2099-10-31,0.00818192710741296
2099-11-01,0.00910047750995246
2099-11-02,0.00909828417247713
2099-11-03,0.00909609117769979
2099-11-04,0.00909389867756599
2099-11-05,0.0090917068210359
2099-11-06,0.00908951556213772
2099-11-07,0.00908732493520111
2099-11-08,0.00908513471335271
2099-11-09,0.00908294481897803
2099-11-10,0.00908075562850751
2099-11-11,0.00907856713776191
2099-11-12,0.00907637906076163
2099-11-13,0.00907419135243033
2099-11-14,0.00907200425247771
2099-11-15,0.00906981751850754
2099-11-16,0.0090676315947138
2099-11-17,0.00906544608854605
2099-11-18,0.0136234936198645
2099-11-19,0.0090610768765694
2099-11-20,0.00905889291940875
2099-11-21,0.234230515689292
2099-11-22,0.00905452964584036
2099-11-23,0.0090700909246963
2099-11-24,0.0246297605222053
2099-11-25,0.0141143632969597
2099-11-26,0.00904589756097745
2099-11-27,0.00904376048091215
2099-11-28,0.00904162907417152
2099-11-29,0.00904100745600043
2099-11-30,0.00903737925217097
2099-12-01,0.0123247410408518
2099-12-02,0.00764361389035242
2099-12-03,0.00764182761835868
2099-12-04,0.00764004414514837
2099-12-05,0.00763826250175639
2099-12-06,0.00763648187254452
2099-12-07,0.00763470162879686
2099-12-08,0.0230582192452275
2099-12-09,0.248622505434516
2099-12-10,0.449905013451886
2099-12-11,0.130320254315363
2099-12-12,0.0128561581987388
2099-12-13,0.00937037476348312
2099-12-14,0.00836301480719744
2099-12-15,0.00947187681771099
2099-12-16,0.0173949204198924
2099-12-17,0.0122147678941681
2099-12-18,0.0115352838111016
2099-12-19,0.0137161544317597
2099-12-20,0.0100184020899428
2099-12-21,0.0114251888301924
2099-12-22,0.0103084211903454
2099-12-23,0.0131995124820219
2099-12-24,0.0188755843534926
2099-12-25,0.0478499744910389
2099-12-26,0.690054858558159
2099-12-27,0.564306912049879
2099-12-28,0.17382000312793
2099-12-29,0.157310606606575
2099-12-30,0.0546600847103867
2099-12-31,0.0105987360241485
