date,flow
2006-01-01,0.0654764566037049
2006-01-02,0.07360806517784116
2006-01-03,0.053459525646745325
2006-01-04,0.056166871538286436
2006-01-05,0.07635695268470155
2006-01-06,0.0777650829784587
2006-01-07,0.05871884887926365
2006-01-08,0.05371411274607462
2006-01-09,0.0533470937994659
2006-01-10,0.05412066378624855
2006-01-11,0.06122450598281015
2006-01-12,0.11299940006979947
2006-01-13,0.06310570935592696
2006-01-14,0.06286973515034193
2006-01-15,0.07096541637019002
2006-01-16,0.06515315192826628
2006-01-17,0.05898062298062955
2006-01-18,0.05537773445643173
2006-01-19,0.05720881816126532
2006-01-20,0.0630015054427206
2006-01-21,0.05774014221970548
2006-01-22,0.05720916575688085
2006-01-23,0.06349311074076723
2006-01-24,0.07599322178126272
2006-01-25,0.1160675336310788
2006-01-26,0.19181797935460507
2006-01-27,0.1418103918124626
2006-01-28,0.07309087910556411
2006-01-29,0.12127796696538462
2006-01-30,0.08634886929596601
2006-01-31,0.06893324087384556
2006-02-01,0.1034206188446284
2006-02-02,0.3499005853382058
2006-02-03,0.20174810749348204
2006-02-04,0.17644620777947598
2006-02-05,0.3739980045600749
2006-02-06,1.0218607855849815
2006-02-07,0.6176774412462885
2006-02-08,0.3949539061356524
2006-02-09,0.4259318719895865
2006-02-10,0.40362745773515535
2006-02-11,0.4034721961472055
2006-02-12,0.3725780984071964
2006-02-13,0.3571485765834977
2006-02-14,0.35657879230020445
2006-02-15,0.3934109744374355
2006-02-16,0.4554485683446899
2006-02-17,0.5743142665914753
2006-02-18,1.3428149310882864
2006-02-19,1.7332668886749265
2006-02-20,1.727152999896859
2006-02-21,2.8352365803953195
2006-02-22,1.3992415424719316
2006-02-23,0.7246485202441271
2006-02-24,0.5800607092568806
2006-02-25,0.4268702883836891
2006-02-26,0.5416366334776543
2006-02-27,0.479431452398349
2006-02-28,1.1611262832283642
2006-03-01,1.6382990515728872
2006-03-02,1.3011053547647375
2006-03-03,1.3614875372384498
2006-03-04,1.769762906037179
2006-03-05,2.7934858029639456
2006-03-06,2.7979934671322675
2006-03-07,2.326417301645808
2006-03-08,1.0939004427023136
2006-03-09,1.4030427474126836
2006-03-10,1.0595291529987851
2006-03-11,1.0008617451413042
2006-03-12,1.0251256266370483
2006-03-13,0.9449611184468649
2006-03-14,0.914092432410312
2006-03-15,0.9360811706934268
2006-03-16,1.0423690641638783
2006-03-17,1.846286357242104
2006-03-18,3.0184769414573402
2006-03-19,6.464441799666804
2006-03-20,5.7483177096149625
2006-03-21,4.40594101401999
2006-03-22,3.9864976849127176
2006-03-23,2.5163939139575096
2006-03-24,2.199783834920924
2006-03-25,3.4853524161830096
2006-03-26,3.885722911941489
2006-03-27,2.7686568680585686
2006-03-28,2.3460823364328
2006-03-29,2.4783959876860306
2006-03-30,2.3819131848949544
2006-03-31,2.879888767266592
2006-04-01,2.4692518470881257
2006-04-02,2.104205114492697
2006-04-03,2.0096415546939097
2006-04-04,1.9959402736245229
2006-04-05,1.9281058514325076
2006-04-06,1.9350770473157648
2006-04-07,2.1445621832107644
2006-04-08,2.371008223067518
2006-04-09,2.141278352799428
2006-04-10,1.9501553436601884
2006-04-11,2.2308962694556755
2006-04-12,2.1095813590877177
2006-04-13,3.009195303461672
2006-04-14,2.5837457529201235
2006-04-15,2.3714403455815782
2006-04-16,2.2913582088309927
2006-04-17,2.8193584264037996
2006-04-18,3.182225621093332
2006-04-19,2.6980632912535953
2006-04-20,2.6366946233385145
2006-04-21,2.5742699497216224
2006-04-22,2.7276108928077223
2006-04-23,3.4890977826456107
2006-04-24,4.877295152445957
2006-04-25,6.779485542905419
2006-04-26,3.6466992279950983
2006-04-27,3.572777681858246
2006-04-28,3.4213956577562388
2006-04-29,3.534220386620442
2006-04-30,3.4197633125755984
2006-05-01,3.660097768673447
2006-05-02,3.513313475807634
2006-05-03,3.4595638934329784
2006-05-04,3.2692233129685118
2006-05-05,3.2082968362111197
2006-05-06,3.5460635145096133
2006-05-07,3.396104002500878
2006-05-08,3.4185129694550094
2006-05-09,4.3281690986849135
2006-05-10,5.039346519973276
2006-05-11,6.159642173795304
2006-05-12,6.550586858615242
2006-05-13,7.442120781640682
2006-05-14,9.477538391391152
2006-05-15,12.40418506226334
2006-05-16,13.201568289038248
2006-05-17,10.045791558473557
2006-05-18,5.513790948046033
2006-05-19,5.28932309461429
2006-05-20,5.156117145620833
2006-05-21,4.8093824760677055
2006-05-22,4.754640418529692
2006-05-23,4.863320914081671
2006-05-24,4.7359786233408885
2006-05-25,4.756182729551701
2006-05-26,4.621292232472307
2006-05-27,4.381476536806952
2006-05-28,4.053351753580003
2006-05-29,3.639419770449399
2006-05-30,3.5671953224016377
2006-05-31,3.2357244372819034
2006-06-01,3.449616813379898
2006-06-02,3.5613705439910848
2006-06-03,3.4273366948719537
2006-06-04,3.032484686772135
2006-06-05,2.675309835812412
2006-06-06,2.5312033532471423
2006-06-07,2.4692412333606937
2006-06-08,2.404113162992041
2006-06-09,2.3738566977150968
2006-06-10,2.033762049253725
2006-06-11,1.8935186877529255
2006-06-12,1.5986357057506748
2006-06-13,1.4903345678565083
2006-06-14,1.4749019189458012
2006-06-15,1.3976583260521191
2006-06-16,1.3046193589392925
2006-06-17,1.2124620139575917
2006-06-18,1.0226698216280352
2006-06-19,0.956174376498126
2006-06-20,0.9111103870322796
2006-06-21,0.8155370882082683
2006-06-22,0.761921937762683
2006-06-23,0.7095826927616741
2006-06-24,0.6725797140334493
2006-06-25,0.6417914473708958
2006-06-26,0.6232825687322089
2006-06-27,0.5778050736534607
2006-06-28,0.5813972299582566
2006-06-29,0.5818664273709139
2006-06-30,0.5648417886711807
2006-07-01,1.2914976153311282
2006-07-02,1.0508846936363363
2006-07-03,1.0416637300889318
2006-07-04,0.93735352288832
2006-07-05,0.93361302254823
2006-07-06,0.951210795265318
2006-07-07,0.7014742409646867
2006-07-08,0.5778200418883918
2006-07-09,0.540489449902631
2006-07-10,0.5063326413897128
2006-07-11,0.4759167302748141
2006-07-12,0.4416587776390435
2006-07-13,0.4031589573460187
2006-07-14,0.37117646904081975
2006-07-15,0.3413628220093145
2006-07-16,0.3137358935416409
2006-07-17,0.2965962360055482
2006-07-18,0.26700257426408897
2006-07-19,0.24930406983942405
2006-07-20,0.23028793204254736
2006-07-21,0.21334668028158127
2006-07-22,0.1987942258907479
2006-07-23,0.18621234884003446
2006-07-24,0.17510056775090238
2006-07-25,0.16547458940924806
2006-07-26,0.15751771946718596
2006-07-27,0.1506788586765363
2006-07-28,0.1447615759784852
2006-07-29,0.13963795471801874
2006-07-30,0.13503559135804766
2006-07-31,0.13109595563462514
2006-08-01,0.16495881891213746
2006-08-02,0.16114822751898547
2006-08-03,0.15906049774532555
2006-08-04,0.15515233417206634
2006-08-05,0.15238551944985698
2006-08-06,0.14971812396199893
2006-08-07,0.1471483262984731
2006-08-08,0.14473272238252213
2006-08-09,0.14248566410271235
2006-08-10,0.14047797941561666
2006-08-11,0.13864156578596046
2006-08-12,0.13671932599050018
2006-08-13,0.13474176493151666
2006-08-14,0.13293277892301775
2006-08-15,0.13133117819175902
2006-08-16,0.1298997378891942
2006-08-17,0.12852928917258366
2006-08-18,0.12713061727707525
2006-08-19,0.1956870431882467
2006-08-20,0.12740069075391186
2006-08-21,0.12378849931584172
2006-08-22,0.12277629435802725
2006-08-23,0.12184299501679728
2006-08-24,0.120921600434328
2006-08-25,0.11999854642511952
2006-08-26,0.1191360206541361
2006-08-27,0.11833750394109188
2006-08-28,0.11760019244042025
2006-08-29,0.1169604506198788
2006-08-30,0.11642668946939347
2006-08-31,0.11724057210954268
2006-09-01,0.08289946690636804
2006-09-02,0.056012867550570763
2006-09-03,0.05263123919899939
2006-09-04,0.05239060771085794
2006-09-05,0.052170058179504486
2006-09-06,0.051965147671396164
2006-09-07,0.05177205796703475
2006-09-08,0.05160822812887272
2006-09-09,0.051491841565529
2006-09-10,0.13534458538894215
2006-09-11,0.1414637833348276
2006-09-12,0.12522709015353276
2006-09-13,0.14551458056477715
2006-09-14,0.11974916413752078
2006-09-15,0.05868663016097109
2006-09-16,0.05108750737374447
2006-09-17,0.05172119602403357
2006-09-18,0.051323528717619235
2006-09-19,0.051375243899084655
2006-09-20,0.051397184888829314
2006-09-21,0.05062891094791725
2006-09-22,0.05052662946110409
2006-09-23,0.05042799005546556
2006-09-24,0.05032351622416576
2006-09-25,0.05021340310969834
2006-09-26,0.050102828669350855
2006-09-27,0.050000140699757584
2006-09-28,0.050376962446246516
2006-09-29,0.049858570422244806
2006-09-30,0.049799634729124166
2006-10-01,0.083415159869472
2006-10-02,0.08329830719359096
2006-10-03,0.08319406065649962
2006-10-04,0.08309017136019656
2006-10-05,0.08298922864444401
2006-10-06,0.08289854879728173
2006-10-07,0.08281374583537003
2006-10-08,0.08274082645289005
2006-10-09,0.08266282144132879
2006-10-10,0.08256855425989483
2006-10-11,0.08247237847872772
2006-10-12,0.08238846216622109
2006-10-13,0.08231321075716581
2006-10-14,0.08224525661969051
2006-10-15,0.08218076870111023
2006-10-16,0.08211367042292729
2006-10-17,0.08205383869053592
2006-10-18,0.08200500341651043
2006-10-19,0.08196766599809957
2006-10-20,0.08193650837787637
2006-10-21,0.08190353390294737
2006-10-22,0.08186979430014582
2006-10-23,0.08183626922405708
2006-10-24,0.08214961370359672
2006-10-25,0.08176389813207598
2006-10-26,0.08315049926108455
2006-10-27,0.08169555827316953
2006-10-28,0.08166563691082322
2006-10-29,0.08163514126188744
2006-10-30,0.08160370541941057
2006-10-31,0.08157235418274061
2006-11-01,0.05462921611336816
2006-11-02,0.15469096191100473
2006-11-03,0.20826865180978815
2006-11-04,0.09795607797547297
2006-11-05,0.06227592688909087
2006-11-06,0.06127398690604927
2006-11-07,0.0599935369471412
2006-11-08,0.10333265150477608
2006-11-09,0.1180488732565948
2006-11-10,0.057299048529918586
2006-11-11,0.0655865201751583
2006-11-12,0.09283831179876922
2006-11-13,0.05608606871519565
2006-11-14,0.054426588735379006
2006-11-15,0.4400527405691419
2006-11-16,1.1321320916158706
2006-11-17,0.5529936544854653
2006-11-18,0.2044864273930932
2006-11-19,0.20739438053632744
2006-11-20,0.06302511725412563
2006-11-21,0.08588130943030929
2006-11-22,0.07506649970123516
2006-11-23,0.08001695764927001
2006-11-24,0.12751760036039705
2006-11-25,0.4940752371848282
2006-11-26,0.08628016856804928
2006-11-27,0.06943985006253506
2006-11-28,0.05798239898568816
2006-11-29,0.0678072859937056
2006-11-30,0.06379124824427987
2006-12-01,0.07999869132480819
2006-12-02,0.07012934947738968
2006-12-03,0.11460491797002224
2006-12-04,0.1562372803937765
2006-12-05,0.10550590120970613
2006-12-06,0.09261366461913743
2006-12-07,0.06886358649147133
2006-12-08,0.062453286159471134
2006-12-09,0.06295927437694765
2006-12-10,0.06547253005327253
2006-12-11,0.07359225332595437
2006-12-12,0.07454688428529069
2006-12-13,0.0825572881948647
2006-12-14,0.06710077401983791
2006-12-15,0.06529336169061349
2006-12-16,0.07231006350772934
2006-12-17,0.06435617925961383
2006-12-18,0.06880576481287139
2006-12-19,0.08001269519195771
2006-12-20,0.100456088810239
2006-12-21,0.07623735816977749
2006-12-22,0.08678634222780432
2006-12-23,0.2220163436876855
2006-12-24,0.18309827192495529
2006-12-25,0.32286351413813097
2006-12-26,0.18536902304885916
2006-12-27,0.2169927377734524
2006-12-28,0.08140145492035128
2006-12-29,0.07196466626219593
2006-12-30,0.3726173947990328
2006-12-31,0.07883256885155042
2007-01-01,0.043878101843641264
2007-01-02,0.046768805671288084
2007-01-03,0.049651731541800574
2007-01-04,0.07927099284039048
2007-01-05,0.09518936541995636
2007-01-06,0.0678706773735583
2007-01-07,0.11591994048026548
2007-01-08,0.09223560429226677
2007-01-09,0.059311887215639965
2007-01-10,0.043379999397557226
2007-01-11,0.044251166646979534
2007-01-12,0.04279026744939755
2007-01-13,0.058922782130765065
2007-01-14,0.04124571835804943
2007-01-15,0.04131418036650676
2007-01-16,0.08583285319174769
2007-01-17,0.04252837587112999
2007-01-18,0.04068485586217343
2007-01-19,0.04074817689994746
2007-01-20,0.055686850289274906
2007-01-21,0.04357470523519714
2007-01-22,0.040512340903164086
2007-01-23,0.040536558305893415
2007-01-24,0.04055711794958596
2007-01-25,0.040574936733260576
2007-01-26,0.04066635213987768
2007-01-27,0.040604524237902714
2007-01-28,0.040930764437646885
2007-01-29,0.043622573975167785
2007-01-30,0.22217885809080334
2007-01-31,0.3051699247743992
2007-02-01,0.037866957851405064
2007-02-02,0.03393114493325962
2007-02-03,0.03409873794201338
2007-02-04,0.034224134421741645
2007-02-05,0.034343330034235016
2007-02-06,0.040882351038584834
2007-02-07,0.043577264296312986
2007-02-08,0.04975188688575268
2007-02-09,0.048530015613876855
2007-02-10,0.06002162715866899
2007-02-11,0.05886790630557196
2007-02-12,0.08098513517601859
2007-02-13,0.08990185514157102
2007-02-14,0.11612812157890705
2007-02-15,0.12294465562402647
2007-02-16,0.1393548610433714
2007-02-17,0.0917880848552232
2007-02-18,0.3142554035386911
2007-02-19,0.2430726788217396
2007-02-20,0.3274453147669629
2007-02-21,0.38641490907949816
2007-02-22,0.31556382271300604
2007-02-23,0.19835450692107925
2007-02-24,0.1964141573405763
2007-02-25,0.18327454780087613
2007-02-26,0.20577034384450305
2007-02-27,0.2622524872271449
2007-02-28,0.3837585309269115
2007-03-01,0.5828664615487049
2007-03-02,0.7465714853400273
2007-03-03,0.8233315387802209
2007-03-04,0.8307784252131183
2007-03-05,0.8940947042991916
2007-03-06,1.0182610143183255
2007-03-07,0.44696629488550665
2007-03-08,0.4513535420610274
2007-03-09,0.5025656230532928
2007-03-10,0.6353906250040235
2007-03-11,0.7991507116829513
2007-03-12,1.2062365400390689
2007-03-13,1.9412901538760792
2007-03-14,2.519772743250922
2007-03-15,0.9343767146667812
2007-03-16,0.7072086280952288
2007-03-17,0.5418849702618416
2007-03-18,0.5488238034134424
2007-03-19,0.6727384268538878
2007-03-20,1.3815858287692395
2007-03-21,2.5427628299567377
2007-03-22,4.770325722150657
2007-03-23,5.353195846239999
2007-03-24,6.091688619846496
2007-03-25,5.678247083506052
2007-03-26,6.286043701845656
2007-03-27,6.383965848296782
2007-03-28,6.747863607010423
2007-03-29,7.3702228103013665
2007-03-30,8.22481551406459
2007-03-31,7.1421636966861985
2007-04-01,3.288360697516961
2007-04-02,2.674999715194699
2007-04-03,3.026542859019602
2007-04-04,3.975019179711642
2007-04-05,3.762798846331107
2007-04-06,3.4612126261902056
2007-04-07,2.8406321655074875
2007-04-08,3.3096549004209908
2007-04-09,2.881969953943032
2007-04-10,2.9839360906825805
2007-04-11,2.8363268551040988
2007-04-12,2.867214112940057
2007-04-13,3.011148476029752
2007-04-14,3.620639470190953
2007-04-15,4.435059843697254
2007-04-16,4.833265541206869
2007-04-17,4.866531681456951
2007-04-18,3.9513656592800563
2007-04-19,4.105745005997433
2007-04-20,4.883505501189742
2007-04-21,5.620861181572505
2007-04-22,4.310366592842545
2007-04-23,4.096652754179189
2007-04-24,4.070138030396202
2007-04-25,4.439225079569554
2007-04-26,5.056443252109201
2007-04-27,6.0031087589204715
2007-04-28,7.699761964390928
2007-04-29,7.267442091104279
2007-04-30,6.980044051883713
2007-05-01,7.3219651127390435
2007-05-02,7.326781075740813
2007-05-03,7.855893781550355
2007-05-04,8.947421291019054
2007-05-05,8.466200146732884
2007-05-06,8.335617159373767
2007-05-07,8.462301927201368
2007-05-08,6.913611177068822
2007-05-09,5.916487239455347
2007-05-10,5.571430499886751
2007-05-11,5.581053558878553
2007-05-12,5.355268801903421
2007-05-13,5.208422312956652
2007-05-14,4.3441376473094735
2007-05-15,4.420661917065621
2007-05-16,4.170009900983282
2007-05-17,4.135254060709011
2007-05-18,3.2415866453907216
2007-05-19,3.1991725914100653
2007-05-20,3.2197570516266683
2007-05-21,2.7464824911952994
2007-05-22,2.3919711966877397
2007-05-23,2.180191875583533
2007-05-24,2.0001691219858904
2007-05-25,1.9212381475539608
2007-05-26,1.8880212973689452
2007-05-27,1.7387485856236455
2007-05-28,1.5276290446627434
2007-05-29,1.427204421086642
2007-05-30,1.533845305145788
2007-05-31,1.3353758672814748
2007-06-01,1.1204071446891457
2007-06-02,0.989538638388457
2007-06-03,0.9019381570093268
2007-06-04,0.8410560355479423
2007-06-05,0.9420389319131912
2007-06-06,0.7301249793108838
2007-06-07,0.6382263401917913
2007-06-08,0.5899624635234306
2007-06-09,0.530505370713516
2007-06-10,0.479923937961207
2007-06-11,0.4526298441982032
2007-06-12,0.4761838671305697
2007-06-13,0.3934185545302117
2007-06-14,0.3711979901172017
2007-06-15,0.3426047901354957
2007-06-16,0.31709172637101024
2007-06-17,0.30124067132199744
2007-06-18,0.4935231499169203
2007-06-19,0.2741547193869361
2007-06-20,0.2519007153062939
2007-06-21,0.2412469921004473
2007-06-22,0.2290003910133907
2007-06-23,0.21971828132158147
2007-06-24,0.20793921774031726
2007-06-25,0.18548246002692897
2007-06-26,0.16837756972689974
2007-06-27,0.15849939486861447
2007-06-28,0.14567859472498648
2007-06-29,0.1327706797066249
2007-06-30,0.12109389034077647
2007-07-01,0.2597148653262993
2007-07-02,0.2378235188948181
2007-07-03,0.21933008369718016
2007-07-04,0.2806619963032112
2007-07-05,0.7993586122497024
2007-07-06,1.0709215553792275
2007-07-07,0.18820412096189246
2007-07-08,0.18052760352976704
2007-07-09,0.17249012835184688
2007-07-10,0.16458927282798194
2007-07-11,0.16832017573363614
2007-07-12,0.1516643705346866
2007-07-13,0.14631119983763485
2007-07-14,0.14171814530824495
2007-07-15,0.1378684633318511
2007-07-16,0.13444930896370474
2007-07-17,0.13109273708296726
2007-07-18,0.1277363067318648
2007-07-19,0.2331261628744706
2007-07-20,0.12296852007104335
2007-07-21,0.18600295195580688
2007-07-22,0.1209287507914659
2007-07-23,0.11708433007076995
2007-07-24,0.11502043256719785
2007-07-25,0.11309369777378035
2007-07-26,0.11136619510479907
2007-07-27,0.10976127879055247
2007-07-28,0.10821603667601808
2007-07-29,0.10678992375192307
2007-07-30,0.10598525919717466
2007-07-31,0.1711541698030636
2007-08-01,0.2730429011602613
2007-08-02,0.2389883310063424
2007-08-03,0.4614495451183233
2007-08-04,0.13270593976331246
2007-08-05,0.1301338714745425
2007-08-06,0.13084849469047105
2007-08-07,0.1268635949616217
2007-08-08,0.12562778880583433
2007-08-09,0.12446462762074685
2007-08-10,0.12338871796353948
2007-08-11,0.122416167651461
2007-08-12,0.12150988395263485
2007-08-13,0.12063093914715553
2007-08-14,0.1198103718873629
2007-08-15,0.11903820767768505
2007-08-16,0.11830416942975637
2007-08-17,0.11762465459363768
2007-08-18,0.11695686465825245
2007-08-19,0.11626502050723507
2007-08-20,0.11556829676503065
2007-08-21,0.11488659737039625
2007-08-22,0.2767358884458027
2007-08-23,0.15744194900798744
2007-08-24,0.361511472635412
2007-08-25,0.26646733067418865
2007-08-26,0.3976578332585877
2007-08-27,0.8483627069845137
2007-08-28,0.11282547412282208
2007-08-29,0.11514825864914288
2007-08-30,0.13040065228734346
2007-08-31,0.118357523404291
2007-09-01,0.051187974303699986
2007-09-02,0.05735130968612676
2007-09-03,0.5935222234397336
2007-09-04,0.9137564232163315
2007-09-05,0.6327809617619049
2007-09-06,0.16256794890074314
2007-09-07,0.05088070981143672
2007-09-08,0.1369625075175283
2007-09-09,0.2638729225978716
2007-09-10,0.26595411672964125
2007-09-11,0.2810330331611011
2007-09-12,0.16392452987367045
2007-09-13,0.18468376000729572
2007-09-14,0.17851868284087988
2007-09-15,0.2695931832506371
2007-09-16,0.2478193745840073
2007-09-17,0.07455205661068164
2007-09-18,0.05093526241476715
2007-09-19,0.05140288703161849
2007-09-20,0.051888095402391365
2007-09-21,0.16510337072571687
2007-09-22,0.217570518642494
2007-09-23,0.053619642821226096
2007-09-24,0.054631638869609526
2007-09-25,0.05223223592244326
2007-09-26,0.05080736897441896
2007-09-27,0.058141009683396076
2007-09-28,0.050687449921666405
2007-09-29,0.3341034314889681
2007-09-30,0.7165960087870966
2007-10-01,0.6348750102566859
2007-10-02,0.20889786573076374
2007-10-03,0.10280689035168902
2007-10-04,0.6423847049378678
2007-10-05,0.2463063101191195
2007-10-06,0.0856897111727104
2007-10-07,0.08572270923660043
2007-10-08,0.08573209924351262
2007-10-09,0.08673754775691311
2007-10-10,0.08567485562289255
2007-10-11,0.09041867232372723
2007-10-12,0.7096805214070104
2007-10-13,0.8454416647749567
2007-10-14,0.7182270760892452
2007-10-15,0.21968827122152187
2007-10-16,0.1579101451222648
2007-10-17,0.08638621474538155
2007-10-18,0.08647160699291499
2007-10-19,0.0865249034943649
2007-10-20,0.08655290097328426
2007-10-21,0.08656180609105008
2007-10-22,0.08659199226549512
2007-10-23,0.08665162208093807
2007-10-24,0.0867128246205742
2007-10-25,0.08675545696125149
2007-10-26,0.08677963444886554
2007-10-27,0.0867747178170023
2007-10-28,0.08674580029847878
2007-10-29,0.0867046965698638
2007-10-30,0.08665871471757274
2007-10-31,0.0970337356495082
2007-11-01,0.057989181917322975
2007-11-02,0.05792794870908436
2007-11-03,0.057903542299494175
2007-11-04,0.057880439895715535
2007-11-05,0.05785809716300268
2007-11-06,0.057836018598322825
2007-11-07,0.05781174664416362
2007-11-08,0.06368027594229625
2007-11-09,0.7030244370201475
2007-11-10,0.9261839274786288
2007-11-11,0.622404910790359
2007-11-12,2.5962113600857526
2007-11-13,7.743088145613551
2007-11-14,2.7719153823674567
2007-11-15,0.3321433799487032
2007-11-16,0.17356998662674733
2007-11-17,1.4673274871346147
2007-11-18,3.362620679852435
2007-11-19,6.895679764074577
2007-11-20,1.1593205953304948
2007-11-21,0.15028124107030474
2007-11-22,0.1379293136086372
2007-11-23,0.1156971489763536
2007-11-24,0.11336833847827267
2007-11-25,0.1019864807304624
2007-11-26,0.12429920074232995
2007-11-27,0.17178771127829445
2007-11-28,0.1616299855787632
2007-11-29,0.13886741688740153
2007-11-30,0.10909628634949747
2007-12-01,0.1579812362310986
2007-12-02,0.10810178700313393
2007-12-03,0.10721419551564884
2007-12-04,0.1560611461876946
2007-12-05,0.10249833974040863
2007-12-06,0.12125535705024107
2007-12-07,0.10469315694216673
2007-12-08,0.10262220323721667
2007-12-09,0.10280149564631386
2007-12-10,0.1029695926865132
2007-12-11,0.1031273484653595
2007-12-12,0.1032756561597024
2007-12-13,0.10341535396405133
2007-12-14,0.10354719656280817
2007-12-15,0.10367185755845808
2007-12-16,0.10378993876691876
2007-12-17,0.10390197038622767
2007-12-18,0.10400842500068967
2007-12-19,0.10430471085961653
2007-12-20,0.14519981300827506
2007-12-21,0.1675032637056028
2007-12-22,0.2832768141163441
2007-12-23,0.19050765680957987
2007-12-24,0.1048341976726314
2007-12-25,0.1049891683742306
2007-12-26,0.1082260694407988
2007-12-27,0.12591137083184126
2007-12-28,0.10532006824460977
2007-12-29,0.15204327224405645
2007-12-30,0.12863488998950065
2007-12-31,0.1964791308885048
2008-01-01,0.11215827847256718
2008-01-02,0.08808800420220769
2008-01-03,0.08568627771517627
2008-01-04,0.10270245310867124
2008-01-05,0.1168853783879958
2008-01-06,0.0998007688884718
2008-01-07,0.0834359321132226
2008-01-08,0.09087512090581586
2008-01-09,0.10362933516057034
2008-01-10,0.07471618214911914
2008-01-11,0.07329364673928601
2008-01-12,0.07620961543262669
2008-01-13,0.08053913075861527
2008-01-14,0.07253683258043479
2008-01-15,0.07282090061808663
2008-01-16,0.08434139724183146
2008-01-17,0.12261494385821547
2008-01-18,0.1843270573185824
2008-01-19,0.3782392572322414
2008-01-20,1.5243014927640153
2008-01-21,0.8396472817438421
2008-01-22,0.3374566562751284
2008-01-23,3.4480346778516564
2008-01-24,2.0495621470069296
2008-01-25,1.246732007060045
2008-01-26,0.9077237879050628
2008-01-27,0.4779363785603043
2008-01-28,0.8798241059871955
2008-01-29,0.66650380035718
2008-01-30,0.4776694479251566
2008-01-31,0.4850436412004168
2008-02-01,0.41750287116587226
2008-02-02,0.3877479143679082
2008-02-03,0.3779660740934258
2008-02-04,0.4387744206043137
2008-02-05,0.3995437201871709
2008-02-06,0.3699207742201891
2008-02-07,0.34328167376167523
2008-02-08,0.3349064521477092
2008-02-09,0.3300886951050569
2008-02-10,0.5121000160475133
2008-02-11,0.5958600835616936
2008-02-12,0.4182181680132127
2008-02-13,0.4267421778500871
2008-02-14,0.5233539768803619
2008-02-15,0.5233772407144992
2008-02-16,0.4621974336799085
2008-02-17,0.5364370017874541
2008-02-18,0.8038012712473054
2008-02-19,0.9341887825773648
2008-02-20,1.009942177834276
2008-02-21,1.088129506655523
2008-02-22,0.6977501957747497
2008-02-23,1.6449476804127243
2008-02-24,1.9474587216175216
2008-02-25,1.6976154718744243
2008-02-26,1.2408102986490346
2008-02-27,1.815814001395676
2008-02-28,1.7983895625435744
2008-02-29,1.949785972530132
2008-03-01,1.9341859034681284
2008-03-02,1.6081649766360717
2008-03-03,1.4058323823896297
2008-03-04,1.4190405246093112
2008-03-05,1.50746793366348
2008-03-06,1.2785218550076902
2008-03-07,1.3487278497695567
2008-03-08,1.4584577667995462
2008-03-09,1.612340763727815
2008-03-10,1.6829764687235431
2008-03-11,1.9426473226243413
2008-03-12,2.1547894950514106
2008-03-13,1.5192610140979184
2008-03-14,1.4093545359723176
2008-03-15,1.3862807376640878
2008-03-16,1.3522745168071173
2008-03-17,1.4006374795415144
2008-03-18,1.5010252421900228
2008-03-19,1.3420099996866146
2008-03-20,1.3287263048797624
2008-03-21,1.2494493398553783
2008-03-22,1.1679320890665217
2008-03-23,1.1141755072478523
2008-03-24,1.1360455642258964
2008-03-25,1.165903961929062
2008-03-26,1.247710794032609
2008-03-27,1.3743221394592051
2008-03-28,1.357722609514606
2008-03-29,1.1863791604123546
2008-03-30,1.3619482677416217
2008-03-31,1.9453862654826999
2008-04-01,1.9681271395292452
2008-04-02,2.353626278133431
2008-04-03,2.9897698539553286
2008-04-04,2.3853825469554883
2008-04-05,2.4058478128390446
2008-04-06,2.9520277494436344
2008-04-07,3.5696324723996398
2008-04-08,2.944476009777315
2008-04-09,3.062044154214533
2008-04-10,3.880672764419777
2008-04-11,4.8537810802970895
2008-04-12,3.039637968853373
2008-04-13,4.0086172022397735
2008-04-14,2.991242367362132
2008-04-15,2.91252076450835
2008-04-16,2.582912444556364
2008-04-17,3.0578735816910148
2008-04-18,2.3310789369288885
2008-04-19,2.166304929540702
2008-04-20,2.13893615633794
2008-04-21,2.30463091079581
2008-04-22,2.5883689846910487
2008-04-23,2.8383429795881616
2008-04-24,2.2776160617765187
2008-04-25,2.8405201751968665
2008-04-26,3.2270569954132173
2008-04-27,4.730366822850153
2008-04-28,6.800976851139784
2008-04-29,9.323089451031398
2008-04-30,8.111312276538259
2008-05-01,6.986688304349724
2008-05-02,4.011341344441941
2008-05-03,3.8772081765307527
2008-05-04,5.307225849022321
2008-05-05,7.422919807504054
2008-05-06,9.905705307987065
2008-05-07,14.053953001191326
2008-05-08,13.631346623539612
2008-05-09,14.434635866572368
2008-05-10,6.657344473755168
2008-05-11,4.466007602990521
2008-05-12,4.197125934596909
2008-05-13,4.196516532280018
2008-05-14,4.586917497277272
2008-05-15,5.640531004852482
2008-05-16,7.559061743113379
2008-05-17,8.575206227200745
2008-05-18,8.80810736297544
2008-05-19,12.327796300011034
2008-05-20,18.164096491192765
2008-05-21,14.496578406853398
2008-05-22,9.205115827297591
2008-05-23,10.125787847242524
2008-05-24,18.941771716539982
2008-05-25,28.557438885383498
2008-05-26,36.20708334798472
2008-05-27,31.35704576799897
2008-05-28,26.30816333959228
2008-05-29,27.798087311472123
2008-05-30,28.278986910442704
2008-05-31,36.677712666954996
2008-06-01,39.789594985905616
2008-06-02,48.97207250154536
2008-06-03,64.80498747248113
2008-06-04,56.749361360705635
2008-06-05,57.660004547181614
2008-06-06,47.70986991030052
2008-06-07,27.972434011808527
2008-06-08,20.611172643516408
2008-06-09,11.518658592873091
2008-06-10,9.543728605825756
2008-06-11,9.297230400131472
2008-06-12,11.316225458636351
2008-06-13,14.562686215897227
2008-06-14,21.063356617511808
2008-06-15,28.716559139210748
2008-06-16,33.01991204804061
2008-06-17,29.581684316234732
2008-06-18,26.20849781080368
2008-06-19,12.369828660342712
2008-06-20,13.786683160263898
2008-06-21,18.3128033330606
2008-06-22,23.96498946053089
2008-06-23,27.313463798399376
2008-06-24,29.123735113628303
2008-06-25,29.91761200691672
2008-06-26,33.26587570631932
2008-06-27,36.347176012139506
2008-06-28,29.863467743318324
2008-06-29,28.53851040392417
2008-06-30,26.11082981668343
2008-07-01,59.80960636295646
2008-07-02,59.470327184751156
2008-07-03,56.499296519185286
2008-07-04,50.67206476759841
2008-07-05,42.22299891857176
2008-07-06,36.24039261362416
2008-07-07,27.023164213716807
2008-07-08,27.363349371594328
2008-07-09,26.072901329302024
2008-07-10,23.501950702046127
2008-07-11,23.2186248300956
2008-07-12,21.703763304181727
2008-07-13,18.907876733213783
2008-07-14,16.806115068469634
2008-07-15,15.504744951710727
2008-07-16,14.009684179735467
2008-07-17,11.748145307592644
2008-07-18,11.190048366625485
2008-07-19,10.783880181761415
2008-07-20,10.07809523798737
2008-07-21,10.033855595961409
2008-07-22,9.433047846411448
2008-07-23,8.609368485823895
2008-07-24,7.823495548756447
2008-07-25,7.174264945558813
2008-07-26,6.9580965910495935
2008-07-27,5.806189767634237
2008-07-28,5.767279477816273
2008-07-29,5.602873712931205
2008-07-30,5.091548339919934
2008-07-31,4.945913319728088
2008-08-01,6.403499993676009
2008-08-02,6.023472223608739
2008-08-03,5.746306310620054
2008-08-04,5.3879221141172025
2008-08-05,5.054705797083875
2008-08-06,4.4288761189142045
2008-08-07,4.182886071076908
2008-08-08,3.893208924205069
2008-08-09,3.6961371845235282
2008-08-10,3.7198725953614673
2008-08-11,3.2943811826779807
2008-08-12,2.98477201584632
2008-08-13,2.7076181157694768
2008-08-14,3.0429248613249977
2008-08-15,2.9530872440528118
2008-08-16,2.6974472972308616
2008-08-17,2.250998881308694
2008-08-18,2.0787912244288798
2008-08-19,1.9826369909030737
2008-08-20,1.5771118005916505
2008-08-21,1.3046536550824963
2008-08-22,1.2289923258010822
2008-08-23,1.181241392245249
2008-08-24,1.1433669753682454
2008-08-25,1.1144143325525473
2008-08-26,0.9759756252294493
2008-08-27,0.8808830741943072
2008-08-28,0.8247918135978031
2008-08-29,0.7470051334449035
2008-08-30,0.7272878555187764
2008-08-31,0.8149589300411558
2008-09-01,0.3323416124330968
2008-09-02,0.3098606991259677
2008-09-03,0.29774978390297324
2008-09-04,0.3090431915925457
2008-09-05,0.38851600265059016
2008-09-06,0.3054229705258266
2008-09-07,0.3076727005258027
2008-09-08,0.3045679274512512
2008-09-09,0.28587855192725503
2008-09-10,0.194729530905021
2008-09-11,0.18088228121224925
2008-09-12,0.1768356425271554
2008-09-13,0.17317378935207794
2008-09-14,0.16912003158500458
2008-09-15,0.15838535872446136
2008-09-16,0.14540217153160148
2008-09-17,0.13543485213883538
2008-09-18,0.12666809783437774
2008-09-19,0.11975468831414612
2008-09-20,0.1147726880831209
2008-09-21,0.3467034567091279
2008-09-22,0.6303886300376554
2008-09-23,1.3747582979086237
2008-09-24,0.9427954534051449
2008-09-25,1.945921967176521
2008-09-26,1.5390761351558633
2008-09-27,1.2827650782681936
2008-09-28,1.0318714916047085
2008-09-29,0.4076980520114253
2008-09-30,0.15680990558797284
2008-10-01,0.1933570754659236
2008-10-02,0.19005316338944075
2008-10-03,0.1862788648669756
2008-10-04,0.1810114146775005
2008-10-05,0.3311991195289534
2008-10-06,0.18420938324361505
2008-10-07,0.16939408583494714
2008-10-08,0.16444055760721488
2008-10-09,0.1591832775491548
2008-10-10,0.1543315011711716
2008-10-11,0.14958903573226862
2008-10-12,0.1446990514122384
2008-10-13,0.13988734780930073
2008-10-14,0.13531205443076613
2008-10-15,0.13108792558823135
2008-10-16,0.1273286568105896
2008-10-17,0.12411043574850344
2008-10-18,0.1215755951773274
2008-10-19,0.11975010264409508
2008-10-20,0.1183022847815806
2008-10-21,0.11692635476676565
2008-10-22,0.11580842191527707
2008-10-23,0.11501048837701873
2008-10-24,0.11431376094328705
2008-10-25,0.11357456950626538
2008-10-26,0.1126093928644368
2008-10-27,0.11146362385366686
2008-10-28,0.11032424079344008
2008-10-29,0.10923785015329501
2008-10-30,0.10819131053056848
2008-10-31,0.10717646981393866
2008-11-01,0.07118364909353596
2008-11-02,0.07083604295672705
2008-11-03,0.07063648902410556
2008-11-04,0.07036845901820289
2008-11-05,0.06989758908005685
2008-11-06,0.06933419493813636
2008-11-07,0.06880915079553784
2008-11-08,0.06834322345738104
2008-11-09,0.06795534463037058
2008-11-10,0.06763599315789473
2008-11-11,0.06731412066981987
2008-11-12,0.06701273479543977
2008-11-13,0.06675060541507474
2008-11-14,0.06652914988723813
2008-11-15,0.06636379101472893
2008-11-16,0.06619221918914192
2008-11-17,0.06606377090821333
2008-11-18,0.4313208731285264
2008-11-19,0.07048866941000975
2008-11-20,0.07238103466663777
2008-11-21,0.09091332238450868
2008-11-22,0.06873267872310412
2008-11-23,0.06634612585200726
2008-11-24,0.06626722096165343
2008-11-25,0.08029044561940114
2008-11-26,0.12283609497781856
2008-11-27,0.07792445914729428
2008-11-28,0.069569252622904
2008-11-29,0.06790198457814901
2008-11-30,0.06922298068877923
2008-12-01,0.0934179508972486
2008-12-02,0.07837819440934676
2008-12-03,0.0759382640166284
2008-12-04,0.07184200637534216
2008-12-05,0.07506701665820534
2008-12-06,0.07831804504733038
2008-12-07,0.0729345649909315
2008-12-08,0.07024015103388513
2008-12-09,0.07304821582313747
2008-12-10,0.10243190226070974
2008-12-11,0.3946785566922418
2008-12-12,0.5523379110024897
2008-12-13,0.07451259445316545
2008-12-14,0.07649577868161506
2008-12-15,0.2217303097110484
2008-12-16,0.5542023853945371
2008-12-17,0.10784893631697966
2008-12-18,0.0699910189180929
2008-12-19,0.0732301160554809
2008-12-20,0.08072120489247776
2008-12-21,0.07036588671137882
2008-12-22,0.07044046499064087
2008-12-23,0.07050224341234415
2008-12-24,0.07055425030710373
2008-12-25,0.09165688093373787
2008-12-26,0.087117478169866
2008-12-27,0.07908141625780123
2008-12-28,0.07418065426057252
2008-12-29,0.07647519839133253
2008-12-30,0.0904255405492916
2008-12-31,0.07501000489252484
2009-01-01,0.052211377842660715
2009-01-02,0.04591773589566951
2009-01-03,0.04725875517219818
2009-01-04,0.04983311039916581
2009-01-05,0.04853312626355903
2009-01-06,0.04539798466348257
2009-01-07,0.04630475711736126
2009-01-08,0.04902948083574198
2009-01-09,0.05625708486423255
2009-01-10,0.046081891497733785
2009-01-11,0.04506972616271986
2009-01-12,0.06190105441220541
2009-01-13,0.17268447312733765
2009-01-14,1.8112672772150809
2009-01-15,1.676740999002155
2009-01-16,2.482325441560175
2009-01-17,0.9861592987905092
2009-01-18,0.4360965069560334
2009-01-19,0.0641210232765256
2009-01-20,0.06494020839795075
2009-01-21,0.06935720128364192
2009-01-22,0.07042549896172243
2009-01-23,0.07206646708888896
2009-01-24,0.07189977200252122
2009-01-25,0.07510292141658724
2009-01-26,0.07262979271385421
2009-01-27,0.0732144522311551
2009-01-28,0.07773448152598741
2009-01-29,0.07576498248180209
2009-01-30,0.0785560297857043
2009-01-31,0.07922090691810547
2009-02-01,0.08110832094885967
2009-02-02,0.10797221610379787
2009-02-03,0.13304120021822965
2009-02-04,0.14312606867178568
2009-02-05,0.1428493830817614
2009-02-06,0.24006918524804816
2009-02-07,0.4504281050608046
2009-02-08,0.2817063378727597
2009-02-09,0.26237639897342724
2009-02-10,0.2518655660066163
2009-02-11,0.2335593935162333
2009-02-12,0.2766418374507414
2009-02-13,0.26525106767640705
2009-02-14,0.20690467051700107
2009-02-15,0.2323912477714367
2009-02-16,0.20843586651979296
2009-02-17,0.21634482617472267
2009-02-18,0.34288243223988385
2009-02-19,0.19908760416995347
2009-02-20,0.2015478476649363
2009-02-21,0.1978200940855528
2009-02-22,0.20644671526921812
2009-02-23,0.18290785350748406
2009-02-24,0.19468371327592374
2009-02-25,0.18397449464410714
2009-02-26,0.1802269130104472
2009-02-27,0.20561315197816135
2009-02-28,0.20470773474545814
2009-03-01,0.2501584131193258
2009-03-02,0.23329052582743295
2009-03-03,0.2306607024317187
2009-03-04,0.223359532892812
2009-03-05,0.2390983563873396
2009-03-06,0.23125938605636745
2009-03-07,0.22285794640154055
2009-03-08,0.21932385267004245
2009-03-09,0.2318952306618124
2009-03-10,0.23676349073527386
2009-03-11,0.29486279558313794
2009-03-12,0.4382830113460949
2009-03-13,0.7169729537879835
2009-03-14,0.8816912334419444
2009-03-15,0.4396471456133834
2009-03-16,0.4428674942668149
2009-03-17,0.7554669732459032
2009-03-18,0.39140624371984617
2009-03-19,0.4009697828039224
2009-03-20,0.3983833180635216
2009-03-21,0.3934316726813785
2009-03-22,0.5241462269303725
2009-03-23,0.5581424792059843
2009-03-24,0.5245906530628467
2009-03-25,0.3900798282471011
2009-03-26,0.5176069575834372
2009-03-27,1.4903367688930176
2009-03-28,1.4625177584722764
2009-03-29,1.987539016988529
2009-03-30,2.6425786528708675
2009-03-31,3.6184541277802413
2009-04-01,1.4422675382023105
2009-04-02,2.183817130268725
2009-04-03,1.536891557373599
2009-04-04,2.718993474545348
2009-04-05,3.3342269812826517
2009-04-06,2.958389442631673
2009-04-07,2.0121009600186137
2009-04-08,1.4334384448778692
2009-04-09,1.30320520661232
2009-04-10,1.5490115491110308
2009-04-11,1.674313313802296
2009-04-12,1.7344198214656792
2009-04-13,2.4021406063135387
2009-04-14,3.1973687241994018
2009-04-15,4.971308999221501
2009-04-16,6.513278635324763
2009-04-17,5.000857094633285
2009-04-18,4.56160086504183
2009-04-19,4.847376166096268
2009-04-20,4.819331799930186
2009-04-21,5.726467865640743
2009-04-22,7.397372988885535
2009-04-23,8.838589320914114
2009-04-24,11.75052466068169
2009-04-25,14.413386214646009
2009-04-26,10.545562552329564
2009-04-27,8.808232879939277
2009-04-28,7.693325471124209
2009-04-29,9.263920120658696
2009-04-30,9.055211340532606
2009-05-01,8.715788359471183
2009-05-02,5.59024569148625
2009-05-03,4.540318883130113
2009-05-04,5.344451949678184
2009-05-05,6.9910422849355225
2009-05-06,12.498520195972025
2009-05-07,16.484746960765126
2009-05-08,16.57798207856588
2009-05-09,9.13517250625342
2009-05-10,7.05265286692683
2009-05-11,8.028846152793411
2009-05-12,10.553400268143754
2009-05-13,14.728383136531153
2009-05-14,17.66782736233992
2009-05-15,17.487471826016034
2009-05-16,13.160114618499474
2009-05-17,10.27781860537682
2009-05-18,13.947093019364749
2009-05-19,12.614981829736527
2009-05-20,14.171150681266004
2009-05-21,13.453915028580315
2009-05-22,14.6049285622388
2009-05-23,13.43134583919202
2009-05-24,12.965818487637804
2009-05-25,12.264924497640074
2009-05-26,12.742206170115542
2009-05-27,12.429171267624145
2009-05-28,12.38614340338172
2009-05-29,12.029248527698766
2009-05-30,10.179302726851803
2009-05-31,9.912866349786306
2009-06-01,10.678664157144482
2009-06-02,8.587262849281789
2009-06-03,6.713627479318169
2009-06-04,6.238723956141692
2009-06-05,5.792596228134544
2009-06-06,5.5665772654375925
2009-06-07,4.39925875505953
2009-06-08,3.859497086701868
2009-06-09,3.378457112200883
2009-06-10,2.5860183301128696
2009-06-11,2.158701230190321
2009-06-12,1.6915435798523042
2009-06-13,1.5107511684985169
2009-06-14,1.4241048901100557
2009-06-15,1.3780602966621311
2009-06-16,1.3028854694941872
2009-06-17,1.206196812343535
2009-06-18,1.1387948567919148
2009-06-19,1.0907453461171364
2009-06-20,1.122193306673404
2009-06-21,1.01512372325002
2009-06-22,0.8454926502740795
2009-06-23,0.8422697339799278
2009-06-24,0.8498743370864285
2009-06-25,0.8785681041996347
2009-06-26,0.8649013190147079
2009-06-27,0.7162846142826382
2009-06-28,0.6891450543976865
2009-06-29,0.6548719436041378
2009-06-30,0.5778859103586859
2009-07-01,1.2811421082638823
2009-07-02,1.2038352727634989
2009-07-03,1.1213237690690658
2009-07-04,1.0144761420309756
2009-07-05,0.9505909008189216
2009-07-06,0.8885399851225181
2009-07-07,0.8299434580579792
2009-07-08,0.7478622703167144
2009-07-09,0.7160953794101513
2009-07-10,0.7125469979734664
2009-07-11,0.7101234656051578
2009-07-12,0.6906885910859264
2009-07-13,0.6489305986940429
2009-07-14,0.6251109678311954
2009-07-15,0.5367551668090794
2009-07-16,0.3822424176978916
2009-07-17,0.3581691491621491
2009-07-18,0.33689696827304105
2009-07-19,0.3175174512168282
2009-07-20,0.2915562792031776
2009-07-21,0.2642714548970101
2009-07-22,0.2409975972610185
2009-07-23,0.22112122698853925
2009-07-24,0.20362384440527787
2009-07-25,0.18827776776441368
2009-07-26,0.1749848601911858
2009-07-27,0.1637528751212864
2009-07-28,0.15539557516431007
2009-07-29,0.18171958989266876
2009-07-30,0.14069983145548667
2009-07-31,0.13488279627120248
2009-08-01,0.16671774723001231
2009-08-02,0.1601915541115954
2009-08-03,0.15458837928387695
2009-08-04,0.1498402916310004
2009-08-05,0.14585404386150522
2009-08-06,0.1425621073324539
2009-08-07,0.13997715308078487
2009-08-08,0.13785043858630994
2009-08-09,0.13581296759103753
2009-08-10,0.1339404276536712
2009-08-11,0.13222277309872227
2009-08-12,0.1305466843821765
2009-08-13,0.12896631440523967
2009-08-14,0.12753807294443995
2009-08-15,0.1262201833850135
2009-08-16,0.12491970625436888
2009-08-17,0.1237642811776584
2009-08-18,0.12321722374132033
2009-08-19,0.14549561163259864
2009-08-20,0.14421284448015168
2009-08-21,0.4278828835707187
2009-08-22,0.15573388323675455
2009-08-23,0.17995671497927726
2009-08-24,0.19710248805520306
2009-08-25,0.1763977001267258
2009-08-26,0.11731187886448552
2009-08-27,0.7626857426059589
2009-08-28,0.11602503102119904
2009-08-29,0.11532068017710942
2009-08-30,0.11452780206890238
2009-08-31,1.652737500367036
2009-09-01,0.5384915544255745
2009-09-02,0.6480465122440098
2009-09-03,0.06748788790948547
2009-09-04,0.0929575551796995
2009-09-05,0.062440650339819735
2009-09-06,0.2695022463675454
2009-09-07,0.4338448071719205
2009-09-08,0.6627328378519111
2009-09-09,0.36315591436839545
2009-09-10,0.5889507347676279
2009-09-11,0.6690649336815709
2009-09-12,0.462310835695313
2009-09-13,0.4327648125629262
2009-09-14,0.4302625172550981
2009-09-15,0.8276053430027078
2009-09-16,0.7051276323661005
2009-09-17,0.5494835728611467
2009-09-18,0.35707259240421035
2009-09-19,0.7472763371478313
2009-09-20,0.5401563830864885
2009-09-21,0.6627831641033746
2009-09-22,0.5958095026329038
2009-09-23,0.3181096906538743
2009-09-24,0.18238471435358125
2009-09-25,0.08043186039823465
2009-09-26,0.06934718636306787
2009-09-27,0.0644888217999409
2009-09-28,0.06005447077771646
2009-09-29,0.05981317480183525
2009-09-30,0.05957793808626793
2009-10-01,0.09956590315174052
2009-10-02,0.09930086415289556
2009-10-03,0.09922314499947707
2009-10-04,0.106435181750383
2009-10-05,0.0988788684079996
2009-10-06,0.09842560968878844
2009-10-07,0.09791828041207304
2009-10-08,0.0973938689999994
2009-10-09,0.0968438257544598
2009-10-10,0.0963234920327792
2009-10-11,0.09583275525590187
2009-10-12,0.0953881502239247
2009-10-13,0.09503447035711796
2009-10-14,0.09473280191944043
2009-10-15,0.0944845075057916
2009-10-16,0.9762396974424262
2009-10-17,2.3647300863559724
2009-10-18,3.1265145198885826
2009-10-19,0.4613929123850709
2009-10-20,0.25894676528965416
2009-10-21,0.2510772236437807
2009-10-22,0.4881678476336032
2009-10-23,0.2809215157976119
2009-10-24,0.3867792926188576
2009-10-25,0.9842685402658059
2009-10-26,1.0134166617186309
2009-10-27,0.31556077338304195
2009-10-28,0.4385820491466264
2009-10-29,0.4000839612372714
2009-10-30,0.8720058059296301
2009-10-31,0.8903314208644273
2009-11-01,0.7089260498344307
2009-11-02,0.19230567449707128
2009-11-03,0.1591460811169102
2009-11-04,0.11869183037819114
2009-11-05,0.09282600868394736
2009-11-06,0.459567020310544
2009-11-07,0.3056653071646471
2009-11-08,0.07929562271988906
2009-11-09,0.2419020662446161
2009-11-10,0.09753515667202177
2009-11-11,0.08101374829576134
2009-11-12,0.22500116617575427
2009-11-13,1.4269770459625883
2009-11-14,0.8085866119648929
2009-11-15,0.11765079269746215
2009-11-16,0.0912684782438476
2009-11-17,0.09109122609037247
2009-11-18,0.0942836638855199
2009-11-19,0.18826374216161035
2009-11-20,0.3755450235241057
2009-11-21,0.11950809812630525
2009-11-22,0.16126388448795015
2009-11-23,0.13115261695629055
2009-11-24,0.1574977055213284
2009-11-25,0.7985619795687544
2009-11-26,0.16007535561025327
2009-11-27,0.10636938355561117
2009-11-28,0.08395069595545207
2009-11-29,0.08489927318554047
2009-11-30,0.0851018767616627
2009-12-01,0.08948786723491564
2009-12-02,0.0906946993658494
2009-12-03,0.09588299962198148
2009-12-04,0.09279524229010618
2009-12-05,0.08991070616526192
2009-12-06,0.08982558355349404
2009-12-07,0.09013257214847367
2009-12-08,0.09094879515859518
2009-12-09,0.09039448582782107
2009-12-10,0.09855239914121962
2009-12-11,0.09233936917827784
2009-12-12,0.0913880862721538
2009-12-13,0.09951864054207782
2009-12-14,0.09655271117196912
2009-12-15,0.09468124425811472
2009-12-16,0.09328768210352216
2009-12-17,0.0913790387417622
2009-12-18,0.0925828417065436
2009-12-19,0.09202764050154404
2009-12-20,0.09253115138279837
2009-12-21,0.09294419831274144
2009-12-22,0.0932758842146832
2009-12-23,0.09379041274796172
2009-12-24,0.11365262652559392
2009-12-25,0.09498914980083907
2009-12-26,0.15880636866026132
2009-12-27,0.09722690246368887
2009-12-28,0.09271538178238398
2009-12-29,0.09297311910548373
2009-12-30,0.09542914602086046
2009-12-31,0.10159766123150048
2010-01-01,0.0787608449755497
2010-01-02,0.10739316840271117
2010-01-03,0.10375123438219967
2010-01-04,0.18710594748589912
2010-01-05,0.1495064810256765
2010-01-06,0.10642240889517716
2010-01-07,0.10624000042457048
2010-01-08,0.07023772471219741
2010-01-09,0.0632456036085925
2010-01-10,0.09189815670269164
2010-01-11,0.12558799585656316
2010-01-12,0.0814821060892463
2010-01-13,0.06491837432916972
2010-01-14,0.06621618466455911
2010-01-15,0.21735347474002867
2010-01-16,3.1683802135188674
2010-01-17,17.9829958465728
2010-01-18,3.6519227331413133
2010-01-19,2.062815242053193
2010-01-20,2.649420973297578
2010-01-21,1.3694225389461907
2010-01-22,0.7581402131308298
2010-01-23,0.7897840839605507
2010-01-24,0.8188785396714712
2010-01-25,0.7755518062872718
2010-01-26,0.8039089118354109
2010-01-27,0.7480420517894639
2010-01-28,0.8659295265903494
2010-01-29,0.7030845837378482
2010-01-30,0.6615546736218285
2010-01-31,0.6342477431517913
2010-02-01,0.4885805934267808
2010-02-02,0.4648158778024207
2010-02-03,0.4464955604739382
2010-02-04,0.42490599395384987
2010-02-05,0.4086545469384517
2010-02-06,0.39374999533191457
2010-02-07,0.4351553453491417
2010-02-08,0.4995515560894289
2010-02-09,0.4705101662469339
2010-02-10,0.4719465573296565
2010-02-11,0.5041543103406533
2010-02-12,0.6911718782664699
2010-02-13,0.7442868582585147
2010-02-14,0.6456359553138641
2010-02-15,0.6830655114978844
2010-02-16,0.8758254764256164
2010-02-17,0.6701839470035542
2010-02-18,0.955092229554358
2010-02-19,1.2131604190985965
2010-02-20,1.429590083898309
2010-02-21,1.3383940667261245
2010-02-22,0.8801973916497073
2010-02-23,0.7643175436732956
2010-02-24,0.7764068718317078
2010-02-25,0.739540188900373
2010-02-26,0.7300608761218509
2010-02-27,0.7631615659558167
2010-02-28,1.7832425172163893
2010-03-01,3.2302984554076146
2010-03-02,2.3719118096154155
2010-03-03,1.9174472753664933
2010-03-04,2.1245071208145987
2010-03-05,3.00116622283107
2010-03-06,3.53436327437758
2010-03-07,2.3002198283188138
2010-03-08,1.9586689245326683
2010-03-09,1.7583122928178054
2010-03-10,1.7355735084562702
2010-03-11,1.7245033636891218
2010-03-12,1.6796566072570898
2010-03-13,1.7270345536375535
2010-03-14,1.9347238537549805
2010-03-15,2.6820580825130405
2010-03-16,3.722145486055215
2010-03-17,7.217685491984942
2010-03-18,9.393515604377773
2010-03-19,13.8761792678037
2010-03-20,2.9262042948041134
2010-03-21,3.0433275937171675
2010-03-22,2.78935325590254
2010-03-23,3.1641462888662195
2010-03-24,3.5164758341385163
2010-03-25,3.971217258812071
2010-03-26,2.9544611343005354
2010-03-27,2.7438514096845887
2010-03-28,2.6934109723874475
2010-03-29,2.5937608386547013
2010-03-30,2.5841312090244086
2010-03-31,2.8660096553138064
2010-04-01,2.128096512597744
2010-04-02,2.10287296627734
2010-04-03,2.7485550508146157
2010-04-04,3.9777763685300362
2010-04-05,5.455262429638896
2010-04-06,7.344048515726295
2010-04-07,9.913855091230657
2010-04-08,9.707732512506722
2010-04-09,13.649774918926694
2010-04-10,15.240553942335955
2010-04-11,19.525994675255664
2010-04-12,14.347146537944065
2010-04-13,6.750364457324456
2010-04-14,6.1511685219601056
2010-04-15,6.335540341364262
2010-04-16,7.197987568140116
2010-04-17,7.535180707098397
2010-04-18,10.30329031128506
2010-04-19,14.633978746532776
2010-04-20,16.926100387381293
2010-04-21,14.648585557931163
2010-04-22,7.145945746462956
2010-04-23,6.895424491884234
2010-04-24,6.9779654012563075
2010-04-25,6.762861377380031
2010-04-26,6.487677509682717
2010-04-27,6.6852287294892685
2010-04-28,7.215970378399522
2010-04-29,5.825308106705943
2010-04-30,5.614748086558799
2010-05-01,5.4132898832097895
2010-05-02,5.9394475336984565
2010-05-03,5.690636097634402
2010-05-04,4.8309982792671935
2010-05-05,4.792673784098385
2010-05-06,4.528386573710429
2010-05-07,4.561432968752809
2010-05-08,5.177735125392231
2010-05-09,4.474838577344924
2010-05-10,4.295779884077404
2010-05-11,4.2490107669487305
2010-05-12,4.050404360740457
2010-05-13,4.065668260037821
2010-05-14,3.9230620308739783
2010-05-15,4.4432561790308425
2010-05-16,5.3549158577290745
2010-05-17,4.72719739292901
2010-05-18,5.3323227469489245
2010-05-19,5.6372060964400434
2010-05-20,5.428151924786913
2010-05-21,5.361786411208528
2010-05-22,6.3582806289216185
2010-05-23,6.088257136408777
2010-05-24,6.506600091970607
2010-05-25,7.390410526753231
2010-05-26,8.420486445183837
2010-05-27,5.275235726211038
2010-05-28,5.1088182617074605
2010-05-29,5.394424671343305
2010-05-30,5.081713848120251
2010-05-31,5.438029281730013
2010-06-01,6.748435007373439
2010-06-02,7.732330294030218
2010-06-03,8.151115561101145
2010-06-04,8.46752442948863
2010-06-05,9.737397025443704
2010-06-06,7.212935009317429
2010-06-07,7.653526110436501
2010-06-08,5.779470629272593
2010-06-09,5.871516083302188
2010-06-10,4.959976880019449
2010-06-11,4.878726670365183
2010-06-12,4.990414268871937
2010-06-13,4.8354973678364255
2010-06-14,4.669346816523582
2010-06-15,4.567805915833588
2010-06-16,3.63657087153506
2010-06-17,3.2102103731974365
2010-06-18,3.1952830424281866
2010-06-19,3.2433941201510113
2010-06-20,2.62294771078544
2010-06-21,1.8442965868547705
2010-06-22,1.7203922561348617
2010-06-23,1.6069863591010458
2010-06-24,1.543635153251384
2010-06-25,1.492892400171511
2010-06-26,1.4147214036493565
2010-06-27,1.3357554060195709
2010-06-28,1.2166749004400124
2010-06-29,1.220745512931955
2010-06-30,1.1612795359597574
2010-07-01,2.607708214236796
2010-07-02,2.259396746710042
2010-07-03,2.179630456587265
2010-07-04,1.9297593064476144
2010-07-05,1.8392405830944285
2010-07-06,1.861209727700524
2010-07-07,1.845289041585454
2010-07-08,1.9739647533536413
2010-07-09,1.8990219169445095
2010-07-10,1.8764553637581118
2010-07-11,1.6988292752469352
2010-07-12,1.5637597218479204
2010-07-13,1.6803442013774632
2010-07-14,1.5108776452211932
2010-07-15,1.258166791422481
2010-07-16,1.2639528285343835
2010-07-17,0.9727501250660516
2010-07-18,0.822818765264372
2010-07-19,0.8543293441181787
2010-07-20,0.8005967289358967
2010-07-21,0.7351826999735428
2010-07-22,0.5886861895553871
2010-07-23,0.5163037050242976
2010-07-24,0.4688496881490082
2010-07-25,0.4262703283323608
2010-07-26,0.38531809636622494
2010-07-27,0.3434862547225406
2010-07-28,0.3066847518974997
2010-07-29,0.2751620467464989
2010-07-30,0.2481695299136157
2010-07-31,0.225333533622255
2010-08-01,0.2654249991344266
2010-08-02,0.24330849981370506
2010-08-03,0.2244545735646304
2010-08-04,0.20823410077230387
2010-08-05,0.1939912180010056
2010-08-06,0.1818094307497278
2010-08-07,0.17198835099359502
2010-08-08,0.1641126547549728
2010-08-09,0.1575598864981585
2010-08-10,0.15218634334522466
2010-08-11,0.14780638744628888
2010-08-12,0.1440968810385424
2010-08-13,0.14115479773053285
2010-08-14,0.1388339643579126
2010-08-15,0.14315993558268764
2010-08-16,0.13886599424067358
2010-08-17,0.13444651306638347
2010-08-18,0.13289195529074305
2010-08-19,0.13136594877763086
2010-08-20,0.12991835644493874
2010-08-21,0.12859352151766473
2010-08-22,0.12740075504877602
2010-08-23,0.12632767594547215
2010-08-24,0.1252794753390482
2010-08-25,0.12424272949859445
2010-08-26,0.21637632764546985
2010-08-27,0.12233626556749375
2010-08-28,0.12126444926679215
2010-08-29,0.1201349442253441
2010-08-30,0.13942027095903595
2010-08-31,0.11816733258618825
2010-09-01,0.05382620675904808
2010-09-02,0.053593080131471266
2010-09-03,0.05343722397718307
2010-09-04,0.053303780567310416
2010-09-05,0.08560089209019298
2010-09-06,0.0698383577192288
2010-09-07,0.05863103058768275
2010-09-08,0.052816121717849454
2010-09-09,0.052620010448847884
2010-09-10,0.052478038467649764
2010-09-11,0.05235868592839745
2010-09-12,0.05223179591855359
2010-09-13,0.05211226134061218
2010-09-14,0.05200037890592285
2010-09-15,0.05189842444041669
2010-09-16,0.05182321004924582
2010-09-17,0.052008949243534136
2010-09-18,0.05250844542686487
2010-09-19,0.05159794076481915
2010-09-20,0.051797258493243716
2010-09-21,0.05138611779486135
2010-09-22,0.05127484623969903
2010-09-23,0.051191957039026036
2010-09-24,0.05112859411306786
2010-09-25,0.0513128722542279
2010-09-26,0.050963282315199816
2010-09-27,0.05085240460272236
2010-09-28,0.05073448382424012
2010-09-29,0.05061051352684138
2010-09-30,0.05047995767101955
2010-10-01,0.08445939066867722
2010-10-02,0.08426556938150939
2010-10-03,0.08408495179781103
2010-10-04,0.08392054914175158
2010-10-05,0.08376737944822342
2010-10-06,0.08362185652755033
2010-10-07,0.08508408384714487
2010-10-08,0.08351431193980932
2010-10-09,0.0841465835409319
2010-10-10,0.0832725002086901
2010-10-11,0.08322978089318887
2010-10-12,0.08348088198778286
2010-10-13,0.08314574849990458
2010-10-14,0.08309565642934877
2010-10-15,0.08303726319932235
2010-10-16,0.0830151582204535
2010-10-17,0.08288416413688389
2010-10-18,0.0828374870898584
2010-10-19,0.08279039498795353
2010-10-20,0.08452794791164155
2010-10-21,0.08827709245776864
2010-10-22,0.08359587436501321
2010-10-23,0.08257931160568077
2010-10-24,0.08252424759516899
2010-10-25,0.08247220341305335
2010-10-26,0.08242866699299105
2010-10-27,0.08408222453441451
2010-10-28,0.0832555374783544
2010-10-29,0.30401573867090065
2010-10-30,0.08944672099058698
2010-10-31,0.08303888163046752
2010-11-01,0.062421389467698464
2010-11-02,0.07686274444749926
2010-11-03,0.07367607655180985
2010-11-04,0.11424786001297603
2010-11-05,0.2718391868071687
2010-11-06,0.43576166583206905
2010-11-07,0.5115178149988528
2010-11-08,0.3758787702715939
2010-11-09,0.2393944488638813
2010-11-10,0.1905120583277155
2010-11-11,0.13461051654467224
2010-11-12,0.07852903735489165
2010-11-13,0.07449187401570419
2010-11-14,0.07962720964211585
2010-11-15,0.06011912441750032
2010-11-16,0.0554510667603986
2010-11-17,0.058340889144503374
2010-11-18,0.056598869592104924
2010-11-19,0.10638260033519807
2010-11-20,0.06015184452495879
2010-11-21,0.2307472949618741
2010-11-22,0.17604155691892626
2010-11-23,0.057109080048447225
2010-11-24,0.06329029352622095
2010-11-25,0.12260359893688445
2010-11-26,0.06067241857250055
2010-11-27,0.14060335981201486
2010-11-28,0.4879472944524327
2010-11-29,0.1794589586554323
2010-11-30,0.26469852565515234
2010-12-01,0.2884945546615499
2010-12-02,0.10306300283767872
2010-12-03,0.0959781600143568
2010-12-04,0.0916203279775228
2010-12-05,0.11644216490333867
2010-12-06,0.12295198035257303
2010-12-07,0.10580857190979494
2010-12-08,0.1569239476166693
2010-12-09,0.418363067266331
2010-12-10,0.07671229449444983
2010-12-11,0.06418026419200812
2010-12-12,0.06370389261207576
2010-12-13,0.0672954757858677
2010-12-14,0.07278593979983253
2010-12-15,0.11490868338869578
2010-12-16,0.1349358011666787
2010-12-17,0.11980544915027867
2010-12-18,0.07743313586171335
2010-12-19,0.07579938431188765
2010-12-20,0.14660871337487175
2010-12-21,0.3121870463602301
2010-12-22,0.5971823897299514
2010-12-23,0.9997951346728908
2010-12-24,0.643388831654566
2010-12-25,0.3320020684038036
2010-12-26,0.12744670577198255
2010-12-27,0.09491173638243466
2010-12-28,0.1668558183664032
2010-12-29,0.1506219740300759
2010-12-30,0.1814138655450636
2010-12-31,0.4539201038860006
2011-01-01,0.2933423199595673
2011-01-02,0.23590085513890036
2011-01-03,0.10630996566035933
2011-01-04,0.4508237515936176
2011-01-05,0.17785544055254382
2011-01-06,0.1420547502105608
2011-01-07,1.3057338068985112
2011-01-08,0.7910386862625117
2011-01-09,4.435572022022618
2011-01-10,5.486353777362383
2011-01-11,10.353924427691203
2011-01-12,20.845549994647104
2011-01-13,9.545035829510276
2011-01-14,0.6354794999714608
2011-01-15,0.5514360210223209
2011-01-16,0.5548647208892029
2011-01-17,0.6992742427403772
2011-01-18,0.6444706821361252
2011-01-19,0.6062584781766182
2011-01-20,0.5964104586625477
2011-01-21,0.6071761987283765
2011-01-22,0.5581145446598917
2011-01-23,0.5308200681511483
2011-01-24,0.5080142488066894
2011-01-25,0.4836692607647693
2011-01-26,0.4751231931462076
2011-01-27,0.4907782748551145
2011-01-28,0.49905682253204703
2011-01-29,0.6365395706174534
2011-01-30,1.5094560933939634
2011-01-31,0.8202985907276117
2011-02-01,0.5836592560825871
2011-02-02,0.6031926549220683
2011-02-03,0.61401941579544
2011-02-04,0.570287874428244
2011-02-05,0.5640082080852753
2011-02-06,0.5428702286205274
2011-02-07,0.5301539550810879
2011-02-08,0.5205555407565332
2011-02-09,0.4856509738701087
2011-02-10,0.4929552898399098
2011-02-11,0.4628676432113713
2011-02-12,0.5028146549158792
2011-02-13,0.5646151820717014
2011-02-14,0.5828700879260871
2011-02-15,0.6882758753559439
2011-02-16,1.562902891694698
2011-02-17,1.3358586502220486
2011-02-18,1.4643590623162477
2011-02-19,1.4517940953041164
2011-02-20,1.9683058063864871
2011-02-21,2.362427862070879
2011-02-22,1.2096219965244797
2011-02-23,1.2434359964342483
2011-02-24,1.169663572626091
2011-02-25,1.1187755002544342
2011-02-26,1.1314631352616389
2011-02-27,1.2303836571764508
2011-02-28,1.1186400409508852
2011-03-01,1.286013768447266
2011-03-02,1.2301814808559153
2011-03-03,1.1700850503646456
2011-03-04,1.1102396025859371
2011-03-05,1.0677990491154172
2011-03-06,1.0212725425134386
2011-03-07,0.9287598444247612
2011-03-08,0.8920980724241493
2011-03-09,0.8766817662664598
2011-03-10,0.7951584044662422
2011-03-11,0.7668973245354151
2011-03-12,0.7302800521091511
2011-03-13,0.6892014444997847
2011-03-14,0.6580636033505245
2011-03-15,0.6379326031276622
2011-03-16,0.6496602548326267
2011-03-17,0.6823438376917672
2011-03-18,0.7752519673898447
2011-03-19,1.0635858966841978
2011-03-20,0.7204569662347032
2011-03-21,0.7635675539087275
2011-03-22,0.7521524316290441
2011-03-23,0.7167118555094865
2011-03-24,0.7144505894268098
2011-03-25,0.8015028781236568
2011-03-26,1.1707805538532772
2011-03-27,1.460622716916647
2011-03-28,1.7869583866433214
2011-03-29,1.0649708292992228
2011-03-30,1.1643723802824222
2011-03-31,1.1664553375063096
2011-04-01,0.976735042011167
2011-04-02,0.9941177211909351
2011-04-03,1.0378314026830828
2011-04-04,1.3908431668454584
2011-04-05,2.1699636539403024
2011-04-06,3.3663286256332667
2011-04-07,4.859504887133214
2011-04-08,6.804949402828966
2011-04-09,10.121686014295268
2011-04-10,9.380090988786444
2011-04-11,9.252857756405751
2011-04-12,5.236268239110254
2011-04-13,3.449404591240107
2011-04-14,2.6792376457300997
2011-04-15,2.533188264031414
2011-04-16,2.5441432024490043
2011-04-17,2.533775370389012
2011-04-18,2.4943276769690943
2011-04-19,2.5178015067276993
2011-04-20,2.7737682934443466
2011-04-21,4.124978724229189
2011-04-22,5.535690041485816
2011-04-23,7.473975869413412
2011-04-24,7.834226509966832
2011-04-25,5.297071378408981
2011-04-26,6.837561462766737
2011-04-27,8.152478348186657
2011-04-28,7.464082193491093
2011-04-29,3.7559115543485584
2011-04-30,3.609325876781463
2011-05-01,3.4721258863095645
2011-05-02,3.4324196639436546
2011-05-03,3.2830888793129827
2011-05-04,3.180218067480404
2011-05-05,3.0727328031681727
2011-05-06,3.315610831513605
2011-05-07,3.0811858881054683
2011-05-08,2.861799969417209
2011-05-09,3.018278720677101
2011-05-10,4.1991500579825765
2011-05-11,7.773071465072043
2011-05-12,11.905639152439996
2011-05-13,14.903906430023167
2011-05-14,17.692577304104567
2011-05-15,21.39104820704135
2011-05-16,18.581996798970337
2011-05-17,15.170225029251466
2011-05-18,16.775387625352725
2011-05-19,12.131168115216123
2011-05-20,16.511185736905365
2011-05-21,20.894639722129213
2011-05-22,30.082536056397515
2011-05-23,26.68467128611305
2011-05-24,29.098060225765554
2011-05-25,29.985987443275103
2011-05-26,30.45688441362985
2011-05-27,30.32882313753624
2011-05-28,30.340820824549922
2011-05-29,32.08930644039033
2011-05-30,31.5324903564807
2011-05-31,26.728474516360283
2011-06-01,34.568344621362876
2011-06-02,32.29119304083487
2011-06-03,41.41853563886704
2011-06-04,25.522068493133133
2011-06-05,9.037219119431443
2011-06-06,8.784941461599658
2011-06-07,8.964216015348528
2011-06-08,10.37511895231469
2011-06-09,14.469338546852832
2011-06-10,20.38368121167842
2011-06-11,26.835738890310754
2011-06-12,26.610210345498942
2011-06-13,19.925528746444932
2011-06-14,14.817155802216305
2011-06-15,13.724093286609412
2011-06-16,19.566251034898354
2011-06-17,19.24820310959911
2011-06-18,17.21801548258439
2011-06-19,16.63479368768517
2011-06-20,16.64285561321622
2011-06-21,16.9254314146294
2011-06-22,18.416668805634586
2011-06-23,12.460825016496607
2011-06-24,9.064703294061754
2011-06-25,10.82647440772877
2011-06-26,8.115479257275535
2011-06-27,7.415277234029522
2011-06-28,6.3068000982275745
2011-06-29,5.6613366029696826
2011-06-30,6.345823268627401
2011-07-01,15.451026965605758
2011-07-02,14.413664101800645
2011-07-03,16.921662306075678
2011-07-04,17.430781315053462
2011-07-05,16.736973581846563
2011-07-06,14.87757275596247
2011-07-07,14.077511027433244
2011-07-08,13.203297189144466
2011-07-09,12.361937521453374
2011-07-10,12.633374466817
2011-07-11,11.01323247795098
2011-07-12,10.82909299550063
2011-07-13,8.919368499448597
2011-07-14,6.9852242160496125
2011-07-15,5.710749570348384
2011-07-16,5.503251742847164
2011-07-17,5.5721690675059214
2011-07-18,4.849177051447407
2011-07-19,4.347288833976827
2011-07-20,3.9005385571995417
2011-07-21,3.7417460647596448
2011-07-22,4.216651258542659
2011-07-23,4.125500058098687
2011-07-24,4.116264787670833
2011-07-25,4.034054671434781
2011-07-26,3.788451249975012
2011-07-27,3.347123356355941
2011-07-28,2.9905714236162817
2011-07-29,2.6436304057792377
2011-07-30,2.5566087691460906
2011-07-31,2.6957985355535667
2011-08-01,3.5174518999335245
2011-08-02,3.658529986784039
2011-08-03,3.413793391568096
2011-08-04,2.744283873297122
2011-08-05,2.508624327510363
2011-08-06,2.4348861361450047
2011-08-07,2.378783564624661
2011-08-08,2.3471132216678123
2011-08-09,2.1737027748244286
2011-08-10,2.0038386558362777
2011-08-11,1.6561256430508589
2011-08-12,1.4064582304507651
2011-08-13,1.2459604117997205
2011-08-14,1.1324012642983126
2011-08-15,1.117188269934002
2011-08-16,1.0805989960447662
2011-08-17,0.9751841932902048
2011-08-18,0.9595218338935548
2011-08-19,0.8739108920234189
2011-08-20,0.8448953323244808
2011-08-21,0.7554400690347267
2011-08-22,0.7181846670299522
2011-08-23,0.69829916153276
2011-08-24,0.5440910925255185
2011-08-25,0.4737059815900286
2011-08-26,0.4576738468459795
2011-08-27,0.4422740942648618
2011-08-28,0.42761182811216775
2011-08-29,0.4118147286537355
2011-08-30,0.37914564997933203
2011-08-31,0.34791078420166666
2011-09-01,0.14680989477219888
2011-09-02,0.13576440878900786
2011-09-03,0.1264714320315609
2011-09-04,0.11824211504741328
2011-09-05,0.10808169643045727
2011-09-06,0.10145427091672808
2011-09-07,0.09561013859056867
2011-09-08,0.09054160344260584
2011-09-09,0.08617194865211945
2011-09-10,0.08250413864625063
2011-09-11,0.07943272752980561
2011-09-12,0.07666168073732965
2011-09-13,0.07422765886534352
2011-09-14,0.07206855583386483
2011-09-15,0.0701102710295544
2011-09-16,0.07807659112327724
2011-09-17,0.13900811047809386
2011-09-18,0.06741733205639419
2011-09-19,0.0660006762407181
2011-09-20,0.06484728580105385
2011-09-21,0.06378637823194003
2011-09-22,0.06287712109912841
2011-09-23,0.06214654222164654
2011-09-24,0.06310363489336854
2011-09-25,0.06106725546373073
2011-09-26,0.060535010263282514
2011-09-27,0.05995094325860199
2011-09-28,0.05932880575264283
2011-09-29,0.0586420139651542
2011-09-30,0.0579505690400294
2011-10-01,0.09618293267532836
2011-10-02,0.0954001156399514
2011-10-03,0.09478019929735323
2011-10-04,0.0942511969513466
2011-10-05,0.0937836363849958
2011-10-06,0.0933585309676103
2011-10-07,0.09293428370707403
2011-10-08,0.0925235415622083
2011-10-09,0.0921453296028114
2011-10-10,0.09178929862268227
2011-10-11,0.09146965617267436
2011-10-12,0.09117014701728067
2011-10-13,0.09088374398055957
2011-10-14,0.09060028434187027
2011-10-15,0.09031885380013854
2011-10-16,0.09005601109935657
2011-10-17,0.08981324545010748
2011-10-18,0.08961403112943063
2011-10-19,0.08948683818744681
2011-10-20,0.08941281122690149
2011-10-21,0.08934115415556243
2011-10-22,0.0892621115669566
2011-10-23,0.08918251451458215
2011-10-24,0.08911023432912145
2011-10-25,0.08930729761204262
2011-10-26,0.33956539082242504
2011-10-27,2.085265816442842
2011-10-28,0.3125844675266622
2011-10-29,0.12559270371844233
2011-10-30,0.1989185592629788
2011-10-31,0.13508911738136278
2011-11-01,0.14050463477618938
2011-11-02,0.2031569578545296
2011-11-03,0.266028502667845
2011-11-04,0.3434429796494069
2011-11-05,0.5505707019527744
2011-11-06,0.4484712366969555
2011-11-07,0.4701299595581382
2011-11-08,0.1153736470579248
2011-11-09,0.07057137459255124
2011-11-10,0.06898327454326496
2011-11-11,0.07080377997029955
2011-11-12,0.08305233821973439
2011-11-13,0.1074382696502476
2011-11-14,0.14570457150562793
2011-11-15,0.19546742067713166
2011-11-16,0.23176128110403454
2011-11-17,0.2271014281537877
2011-11-18,0.22347373886733046
2011-11-19,0.2617344397845965
2011-11-20,0.2966504450322733
2011-11-21,0.3692297199813947
2011-11-22,0.4039820676358638
2011-11-23,0.30560875151284106
2011-11-24,0.3476773511200458
2011-11-25,0.2747723358475921
2011-11-26,0.12271976066302995
2011-11-27,0.0908801736624386
2011-11-28,0.09301984173539772
2011-11-29,0.11015602497603907
2011-11-30,0.08479519176084045
2011-12-01,0.11663723230485695
2011-12-02,0.13577098544051647
2011-12-03,0.0876911876449802
2011-12-04,0.13846936214705302
2011-12-05,0.15983269603490274
2011-12-06,0.13716405443784355
2011-12-07,0.15816873804351236
2011-12-08,0.311836280129286
2011-12-09,0.09763685962491253
2011-12-10,0.08424056467197318
2011-12-11,0.5261061526413313
2011-12-12,0.19502623749849896
2011-12-13,0.07289449730442804
2011-12-14,0.07437366078542725
2011-12-15,0.07183334583665188
2011-12-16,0.07197738663722998
2011-12-17,0.07383599870613372
2011-12-18,0.07745823724787823
2011-12-19,0.07394350521378464
2011-12-20,0.07846130190052791
2011-12-21,0.12191872175001592
2011-12-22,0.07766379178469816
2011-12-23,0.07551947995918183
2011-12-24,0.08965051862823936
2011-12-25,0.09992097918065984
2011-12-26,0.080552036524355
2011-12-27,0.07518257174756683
2011-12-28,0.11789351199339725
2011-12-29,0.07772509685990296
2011-12-30,0.08046419937321422
2011-12-31,0.0757541752062638
2012-01-01,0.050108573904410564
2012-01-02,0.0575923210920028
2012-01-03,0.05501590009451687
2012-01-04,0.07596096706437351
2012-01-05,0.08194021941235473
2012-01-06,0.05574740763266862
2012-01-07,0.05934149826298625
2012-01-08,0.0597542569817085
2012-01-09,0.1014272552741282
2012-01-10,0.059355384219547065
2012-01-11,0.06615851627216038
2012-01-12,0.0775580582411936
2012-01-13,0.05179563064861065
2012-01-14,0.3259637696718507
2012-01-15,0.5222130041711334
2012-01-16,0.06151415074717227
2012-01-17,0.6520181325788431
2012-01-18,0.17831711258362745
2012-01-19,0.11973369088792313
2012-01-20,0.04820875036522442
2012-01-21,0.048425272329568725
2012-01-22,0.05207471823352602
2012-01-23,0.09669442788078683
2012-01-24,0.22014539888324572
2012-01-25,0.07089683344753013
2012-01-26,0.07784810657078696
2012-01-27,0.08534321817953291
2012-01-28,0.2639086999502213
2012-01-29,0.25352860471416144
2012-01-30,0.2840435294709494
2012-01-31,0.2546874376261301
2012-02-01,0.16367562648706496
2012-02-02,0.14504464021625682
2012-02-03,0.1488394278242741
2012-02-04,0.1473260842922766
2012-02-05,0.14981812132492428
2012-02-06,0.15271521885460831
2012-02-07,0.16462452011526288
2012-02-08,0.19482105774615413
2012-02-09,0.24903243806286302
2012-02-10,0.26128634987377525
2012-02-11,0.2600488337328233
2012-02-12,0.3180011592343939
2012-02-13,0.3618799544656235
2012-02-14,0.4167504036630584
2012-02-15,0.4881100896543738
2012-02-16,0.5615796792585737
2012-02-17,0.6301481476480528
2012-02-18,0.4664919972191051
2012-02-19,0.3258100972752212
2012-02-20,0.3065103635437296
2012-02-21,0.35438867287296405
2012-02-22,0.4411560224564157
2012-02-23,0.3495720150894963
2012-02-24,0.3170330848686131
2012-02-25,0.3108971565381223
2012-02-26,0.3294493841375312
2012-02-27,0.4033705348782539
2012-02-28,0.5429830810155224
2012-02-29,0.7378647512184795
2012-03-01,1.4407155158085678
2012-03-02,2.1931001051368986
2012-03-03,1.7022665058761406
2012-03-04,1.7041086187539003
2012-03-05,1.5613613374857207
2012-03-06,1.214550142643232
2012-03-07,1.1405089156784605
2012-03-08,0.8345077027390585
2012-03-09,0.6777351111475493
2012-03-10,0.6579783273896854
2012-03-11,0.6368496548229786
2012-03-12,0.6227562666508412
2012-03-13,0.6838840567435358
2012-03-14,1.153779656768813
2012-03-15,1.538876546702738
2012-03-16,1.8319513464412012
2012-03-17,0.9765348915044678
2012-03-18,1.0678627183740883
2012-03-19,1.3422675286327683
2012-03-20,0.8140941824427507
2012-03-21,0.7719407504932935
2012-03-22,0.8026026730740871
2012-03-23,1.2192532815026709
2012-03-24,2.0207182380825257
2012-03-25,3.6047268761719864
2012-03-26,5.615246458576377
2012-03-27,4.392275349698099
2012-03-28,1.5991654422087416
2012-03-29,1.4782288890158009
2012-03-30,1.4574862437716187
2012-03-31,1.4737769007070234
2012-04-01,1.4180157393580772
2012-04-02,1.2334533798135543
2012-04-03,1.2522045036998564
2012-04-04,1.2586100282672747
2012-04-05,1.2822501097167438
2012-04-06,1.186592386959507
2012-04-07,1.0724656271134263
2012-04-08,1.072884258097183
2012-04-09,1.0561199259041627
2012-04-10,1.2004449166419926
2012-04-11,1.3413943181037515
2012-04-12,1.0393178862084336
2012-04-13,1.0219942900105718
2012-04-14,1.003441537642778
2012-04-15,1.6529298468256424
2012-04-16,1.4078130054657034
2012-04-17,1.9043394429688039
2012-04-18,3.459690767392676
2012-04-19,3.886007989463715
2012-04-20,4.472618460384928
2012-04-21,2.013825941881572
2012-04-22,1.9389893915219276
2012-04-23,1.9218800650576464
2012-04-24,1.9308210737423848
2012-04-25,2.7693689507807333
2012-04-26,4.272730823055393
2012-04-27,5.629798955937008
2012-04-28,7.326170226308923
2012-04-29,9.938093983520227
2012-04-30,11.32518654585432
2012-05-01,7.55088280822024
2012-05-02,6.347775754756915
2012-05-03,3.8461839835707448
2012-05-04,4.076386290751152
2012-05-05,6.022305979345455
2012-05-06,5.418008883071987
2012-05-07,6.862970591812236
2012-05-08,8.259992593473948
2012-05-09,10.491892650818436
2012-05-10,10.871123719073646
2012-05-11,13.133041690864953
2012-05-12,14.838947563058063
2012-05-13,17.25507608514809
2012-05-14,18.274824720941936
2012-05-15,18.441939079678463
2012-05-16,17.862523349317545
2012-05-17,15.533527875571673
2012-05-18,14.30079444658587
2012-05-19,14.881733530477376
2012-05-20,15.448275055038385
2012-05-21,16.158962999495927
2012-05-22,10.106819618254443
2012-05-23,9.945525882129179
2012-05-24,11.02736649790541
2012-05-25,10.65831597407975
2012-05-26,9.293104874161845
2012-05-27,9.534563383605553
2012-05-28,10.109671866043145
2012-05-29,10.166988726631756
2012-05-30,9.79440224173491
2012-05-31,6.709940899431173
2012-06-01,6.490563822222876
2012-06-02,5.681093126828867
2012-06-03,5.052479228854376
2012-06-04,4.943215574112778
2012-06-05,4.953723496040402
2012-06-06,5.399630334018849
2012-06-07,4.9013307891559315
2012-06-08,4.7953936904351195
2012-06-09,5.0646984011037315
2012-06-10,5.7557181239012465
2012-06-11,7.06044794083961
2012-06-12,6.7043347289103385
2012-06-13,4.38241825845407
2012-06-14,4.308193464970551
2012-06-15,3.8888846688851713
2012-06-16,3.436296230946298
2012-06-17,3.2648382552114685
2012-06-18,3.5017336457864032
2012-06-19,3.557247856615031
2012-06-20,3.7385790330357684
2012-06-21,2.9499135121675986
2012-06-22,2.4883652931036857
2012-06-23,1.8536733116141184
2012-06-24,1.7245888645298346
2012-06-25,1.8539144417347688
2012-06-26,1.5789403634104684
2012-06-27,1.4131324287127867
2012-06-28,1.1489482449733366
2012-06-29,1.1190117550557257
2012-06-30,1.105986330586653
2012-07-01,2.356015955151168
2012-07-02,2.2610467311831393
2012-07-03,2.217030655857221
2012-07-04,1.9533494431625589
2012-07-05,1.6804228106279722
2012-07-06,1.5324762412352766
2012-07-07,1.4252335162351688
2012-07-08,1.3505925232886715
2012-07-09,1.353565045818415
2012-07-10,1.3265281785515932
2012-07-11,1.2165144810053157
2012-07-12,1.0076540804891654
2012-07-13,0.9723973628243578
2012-07-14,0.8981932562058845
2012-07-15,0.8849048758811974
2012-07-16,0.7741484321926534
2012-07-17,0.6922947128396899
2012-07-18,0.6384776166052242
2012-07-19,0.6145321883107112
2012-07-20,0.6333144200977289
2012-07-21,0.5329642113200547
2012-07-22,0.3857460738330605
2012-07-23,0.3621173634085951
2012-07-24,0.3416233028260913
2012-07-25,0.32368943665046684
2012-07-26,0.300945238192455
2012-07-27,0.2732586308453929
2012-07-28,0.2476781783399025
2012-07-29,0.22548123491375785
2012-07-30,0.20658710840519776
2012-07-31,0.1903309814298335
2012-08-01,0.2279368926950757
2012-08-02,0.2127812905242729
2012-08-03,0.1997595738758975
2012-08-04,0.1885859694135936
2012-08-05,0.17912701852268026
2012-08-06,0.17119644305489598
2012-08-07,0.16426030167951755
2012-08-08,0.1583249830838712
2012-08-09,0.15339234151390638
2012-08-10,0.1493248363986364
2012-08-11,0.14617865061223748
2012-08-12,0.34867168674370824
2012-08-13,0.2133375802454327
2012-08-14,0.1424805456838876
2012-08-15,0.1400145830257418
2012-08-16,0.13796378784825122
2012-08-17,0.1360415044130115
2012-08-18,0.13429740878798976
2012-08-19,0.13261228373191133
2012-08-20,0.1309968958176573
2012-08-21,0.12956275905584053
2012-08-22,0.1281937595503179
2012-08-23,0.15408040098230727
2012-08-24,0.12605875762624588
2012-08-25,0.12506777566102484
2012-08-26,0.12413747134921133
2012-08-27,0.12337079944872585
2012-08-28,0.2012507263649471
2012-08-29,0.2775416197987037
2012-08-30,0.17013142673407586
2012-08-31,0.12190908483116987
2012-09-01,0.055608194300270544
2012-09-02,0.055368438017381984
2012-09-03,0.055170278994524376
2012-09-04,0.05498608603341379
2012-09-05,0.0547640482073942
2012-09-06,0.05452314365766675
2012-09-07,0.05429169567111685
2012-09-08,0.05405232293277936
2012-09-09,0.053791578711345364
2012-09-10,0.053531652498725636
2012-09-11,0.05328605866991455
2012-09-12,0.05305154757399545
2012-09-13,0.05284442694715578
2012-09-14,0.053474276246260534
2012-09-15,0.05266831818199488
2012-09-16,0.05240226593242783
2012-09-17,0.05332339446061715
2012-09-18,0.05259241216238386
2012-09-19,0.05223426818649786
2012-09-20,0.05195133899660799
2012-09-21,0.05180440912788836
2012-09-22,0.06660825489991494
2012-09-23,0.051630369555746514
2012-09-24,0.05188864143325462
2012-09-25,0.051442581783161
2012-09-26,0.05131015552397832
2012-09-27,0.05201320984510542
2012-09-28,0.05112003860058313
2012-09-29,0.05103445815365728
2012-09-30,0.05093193055280625
2012-10-01,0.08523576632630858
2012-10-02,0.0850387418576744
2012-10-03,0.08484956118239001
2012-10-04,0.0846765989948321
2012-10-05,0.08450418998469046
2012-10-06,0.08433363006650921
2012-10-07,0.08419462382839267
2012-10-08,0.08410247385025092
2012-10-09,0.08405077538898445
2012-10-10,0.08402122599370615
2012-10-11,0.08398899519324725
2012-10-12,0.08394947637218565
2012-10-13,0.08390761436192573
2012-10-14,0.08387078631967967
2012-10-15,0.08383577490703475
2012-10-16,0.08379344372128719
2012-10-17,0.08374807601800989
2012-10-18,0.08370803624723902
2012-10-19,0.08367017033137887
2012-10-20,0.08363149149515303
2012-10-21,0.0835892056649935
2012-10-22,0.08353835040562746
2012-10-23,0.08348039070859115
2012-10-24,0.08341697333322268
2012-10-25,0.08334514812461563
2012-10-26,0.08326873841856051
2012-10-27,0.09342186187554027
2012-10-28,0.09400723646812273
2012-10-29,0.08409773651709307
2012-10-30,0.08308419032383726
2012-10-31,0.08305377822781236
2012-11-01,0.055585633977424866
2012-11-02,0.05556979506696543
2012-11-03,0.05555381899794786
2012-11-04,0.0555371269934932
2012-11-05,0.05551960707160189
2012-11-06,0.05550182784810581
2012-11-07,0.05548432800828816
2012-11-08,0.07323557326508788
2012-11-09,0.055537002968624884
2012-11-10,0.055425794591189285
2012-11-11,0.09646936122946434
2012-11-12,0.1834951643597912
2012-11-13,0.26505541470902605
2012-11-14,0.1501232808562108
2012-11-15,0.06007721101557275
2012-11-16,0.05530686469357767
2012-11-17,0.05528454563515065
2012-11-18,0.05526646293505968
2012-11-19,0.0552491627040002
2012-11-20,0.05523258824568317
2012-11-21,0.055216723220150005
2012-11-22,0.05520165435231369
2012-11-23,0.055187039880056
2012-11-24,0.05517240145124271
2012-11-25,0.055157517409484505
2012-11-26,0.055142438556027115
2012-11-27,0.055127311638746165
2012-11-28,0.05511202122616246
2012-11-29,0.055096407132110836
2012-11-30,0.055080558066985634
2012-12-01,0.0632584230917124
2012-12-02,0.058351586911538335
2012-12-03,0.1818897205838193
2012-12-04,0.2188801690468408
2012-12-05,0.06079470734344694
2012-12-06,0.0581455154903929
2012-12-07,0.05971695594256585
2012-12-08,0.07262786042762769
2012-12-09,0.0710997600469122
2012-12-10,0.06809666224949901
2012-12-11,0.10393114730761413
2012-12-12,0.2680350147015281
2012-12-13,0.11991193527042028
2012-12-14,0.061968026270518485
2012-12-15,0.12024087109552772
2012-12-16,0.2636759380285601
2012-12-17,0.092891124213751
2012-12-18,0.06995531940841683
2012-12-19,0.07895519947374009
2012-12-20,0.10441284120547488
2012-12-21,0.11466314735576197
2012-12-22,0.12256797566669098
2012-12-23,0.3165079630142917
2012-12-24,0.10492223393395643
2012-12-25,0.0983650577870186
2012-12-26,0.06834239819863405
2012-12-27,0.18843783975067652
2012-12-28,0.18939765282143906
2012-12-29,0.0982123488402892
2012-12-30,0.06623676843120001
2012-12-31,0.06232109084855099
2013-01-01,0.04558134563444445
2013-01-02,0.040211683296254096
2013-01-03,0.05496168982639248
2013-01-04,0.08476479347243067
2013-01-05,0.08819306893201047
2013-01-06,0.06887995410965292
2013-01-07,0.07672312504717058
2013-01-08,0.1072444680210266
2013-01-09,0.08546112086721587
2013-01-10,0.11520807072785512
2013-01-11,0.1131552023746628
2013-01-12,0.13022889425187756
2013-01-13,0.06657638151876326
2013-01-14,0.06047114970739643
2013-01-15,0.06320627166347365
2013-01-16,0.046607985202009136
2013-01-17,0.03812084354236934
2013-01-18,0.045045981122150906
2013-01-19,0.04608507100854073
2013-01-20,0.12672572495135154
2013-01-21,0.09917336721306813
2013-01-22,0.06518746071803924
2013-01-23,0.11303432062107754
2013-01-24,0.04776668478171637
2013-01-25,0.03866471601679244
2013-01-26,0.03880983460795399
2013-01-27,0.038730953170787785
2013-01-28,0.03875384334589497
2013-01-29,0.038956474338086515
2013-01-30,0.03877994156702486
2013-01-31,0.038800824222622037
2013-02-01,0.035919372897077785
2013-02-02,0.032149810168814075
2013-02-03,0.03191218992597698
2013-02-04,0.03191740942833193
2013-02-05,0.031921918867785566
2013-02-06,0.1019188854185936
2013-02-07,0.11760026763722085
2013-02-08,0.1025697208192062
2013-02-09,0.29213444580981696
2013-02-10,0.3635112125758427
2013-02-11,0.05340321628383855
2013-02-12,0.061925157310266765
2013-02-13,0.14163099428561673
2013-02-14,0.702683491173694
2013-02-15,0.3023462867462769
2013-02-16,0.19264292868662175
2013-02-17,0.19457171970069226
2013-02-18,0.18638941987005755
2013-02-19,0.1694814522819267
2013-02-20,0.16813035492492787
2013-02-21,0.17028220667383612
2013-02-22,0.17974751951749135
2013-02-23,0.1563725113991168
2013-02-24,0.14954875564619466
2013-02-25,0.14376251371567134
2013-02-26,0.14097097605652129
2013-02-27,0.16583052595710182
2013-02-28,0.21241969911851416
2013-03-01,0.4080287907464861
2013-03-02,0.7235641195520581
2013-03-03,0.7193537903129517
2013-03-04,0.8120809922667119
2013-03-05,0.7843892236815158
2013-03-06,0.672637501164424
2013-03-07,0.625200127424072
2013-03-08,0.6078968644242686
2013-03-09,0.4862409137009202
2013-03-10,0.486311358406026
2013-03-11,0.4433835724078845
2013-03-12,0.5281605945183686
2013-03-13,0.6492671690074381
2013-03-14,0.7154699168845021
2013-03-15,0.8140594197710568
2013-03-16,1.027126160520149
2013-03-17,1.3737957226946065
2013-03-18,1.6183834635591188
2013-03-19,2.260232628785426
2013-03-20,2.7786384765362597
2013-03-21,3.7186353526500984
2013-03-22,5.076250005863285
2013-03-23,5.352149763633936
2013-03-24,4.136736158054017
2013-03-25,4.5752141745703065
2013-03-26,3.5271621726109004
2013-03-27,4.511711248853426
2013-03-28,1.831625787993728
2013-03-29,1.3778855730699322
2013-03-30,1.5133794432825314
2013-03-31,2.714409751878692
2013-04-01,3.1408604953565584
2013-04-02,3.5104304578208083
2013-04-03,4.907110622347821
2013-04-04,6.2327360634206554
2013-04-05,6.155237246852751
2013-04-06,7.727658693432325
2013-04-07,9.714489342873668
2013-04-08,10.403026239706126
2013-04-09,10.412190582842102
2013-04-10,2.755186247851598
2013-04-11,2.4774726845144164
2013-04-12,2.4517002789959674
2013-04-13,2.5524950319269686
2013-04-14,2.4390672593725564
2013-04-15,2.4798356405583784
2013-04-16,2.4498023781881257
2013-04-17,2.6797631792583694
2013-04-18,3.627369718117592
2013-04-19,5.125236734957452
2013-04-20,8.40063396337911
2013-04-21,7.825056211016702
2013-04-22,4.363275584212828
2013-04-23,3.4831784871641123
2013-04-24,3.5008490105203967
2013-04-25,3.413893463013681
2013-04-26,3.1998020557547004
2013-04-27,3.4515809059850784
2013-04-28,4.6039156618774095
2013-04-29,5.8167839377662025
2013-04-30,6.737294537079679
2013-05-01,3.4567088062867666
2013-05-02,3.4050815591409846
2013-05-03,3.3928411075175986
2013-05-04,4.603950969003827
2013-05-05,6.977865244875322
2013-05-06,9.248112163145203
2013-05-07,14.865656912680464
2013-05-08,15.743571802827294
2013-05-09,16.987591793155712
2013-05-10,19.166842336071632
2013-05-11,23.31799649093699
2013-05-12,23.386240300667506
2013-05-13,26.42824270375309
2013-05-14,20.285267949122023
2013-05-15,18.061567246147305
2013-05-16,22.701410696941032
2013-05-17,17.209340550561542
2013-05-18,20.215790693785962
2013-05-19,21.411372507417127
2013-05-20,24.18390289599555
2013-05-21,24.188038522089577
2013-05-22,22.802271165914604
2013-05-23,18.276727089217363
2013-05-24,16.46206693875844
2013-05-25,18.43916959801532
2013-05-26,18.976164225464014
2013-05-27,22.60194059066109
2013-05-28,21.82631635893436
2013-05-29,25.76568321911013
2013-05-30,24.188497649157032
2013-05-31,21.628699253507122
2013-06-01,14.525136919828913
2013-06-02,15.212138165415993
2013-06-03,11.029789359603848
2013-06-04,8.817915382378073
2013-06-05,6.600834534688658
2013-06-06,6.3337321515241625
2013-06-07,6.128793399635012
2013-06-08,6.178851646057836
2013-06-09,5.8760072221804025
2013-06-10,5.542816228779359
2013-06-11,5.3526135588547925
2013-06-12,5.341165274360328
2013-06-13,5.285669971034522
2013-06-14,4.654553341389159
2013-06-15,4.3780170227302015
2013-06-16,4.502087081704789
2013-06-17,4.0785505321718825
2013-06-18,3.714641553718161
2013-06-19,3.557371016542675
2013-06-20,3.4013518958303464
2013-06-21,3.3262797695084823
2013-06-22,3.3430959441665715
2013-06-23,3.4467605619922077
2013-06-24,3.2830303249712824
2013-06-25,3.1390551197955268
2013-06-26,3.3595170355263995
2013-06-27,3.4951873033230427
2013-06-28,3.3624389669296346
2013-06-29,3.232963787612037
2013-06-30,3.1651824834081017
2013-07-01,7.750590526291172
2013-07-02,7.959375874401003
2013-07-03,8.425422663440598
2013-07-04,11.287212888099052
2013-07-05,11.22888964380178
2013-07-06,11.17354634290708
2013-07-07,12.438719981932064
2013-07-08,10.605331245589749
2013-07-09,7.755562927604003
2013-07-10,7.291919854374813
2013-07-11,7.386238691918138
2013-07-12,7.4870893854752945
2013-07-13,7.150391637895478
2013-07-14,6.806804461372138
2013-07-15,6.413196985943488
2013-07-16,4.762852043474903
2013-07-17,4.225575419337893
2013-07-18,4.102268774893969
2013-07-19,3.8099584667923887
2013-07-20,4.089729791260964
2013-07-21,4.009823603069717
2013-07-22,3.7744446874775215
2013-07-23,3.406869014569507
2013-07-24,2.3078922781295095
2013-07-25,2.0309237398118767
2013-07-26,1.678633545572136
2013-07-27,1.6492172527259514
2013-07-28,1.5028027506292148
2013-07-29,1.2886775396206906
2013-07-30,1.121121165871325
2013-07-31,1.0348358636343256
2013-08-01,1.2520590662656284
2013-08-02,1.2081736615504841
2013-08-03,1.057243089507644
2013-08-04,0.9597987817829484
2013-08-05,0.9402133251031718
2013-08-06,1.0392464677612463
2013-08-07,0.9925542399890188
2013-08-08,0.8722494406089532
2013-08-09,0.7535091001826886
2013-08-10,0.7160009600531595
2013-08-11,0.556895966707599
2013-08-12,0.44560310089118427
2013-08-13,0.4251416138952032
2013-08-14,0.404121680549988
2013-08-15,0.38444964873251786
2013-08-16,0.35656863772196795
2013-08-17,0.3237567616570456
2013-08-18,0.2944036838480772
2013-08-19,0.2691627599538484
2013-08-20,0.2475736562389985
2013-08-21,0.2290730708862881
2013-08-22,0.21305233452223268
2013-08-23,0.19964078080664804
2013-08-24,0.1977464512891394
2013-08-25,0.1787679795469268
2013-08-26,0.1698684058410172
2013-08-27,0.16245274426109454
2013-08-28,0.15612894854248235
2013-08-29,0.16853297528941893
2013-08-30,0.14722400623794854
2013-08-31,0.14409612950316827
2013-09-01,0.06498549299130668
2013-09-02,0.06409342635273915
2013-09-03,0.06314249795922583
2013-09-04,0.06205625792970446
2013-09-05,0.060854008151605535
2013-09-06,0.05967852923854895
2013-09-07,0.0587007162425609
2013-09-08,0.05794878252785455
2013-09-09,0.057394521893173574
2013-09-10,0.05697251569899817
2013-09-11,0.056599950353023835
2013-09-12,0.05625770130481755
2013-09-13,0.05595124828189142
2013-09-14,0.05569394470820643
2013-09-15,0.055487841807959376
2013-09-16,0.05531972882625006
2013-09-17,0.05516074773263596
2013-09-18,0.05552149882853941
2013-09-19,0.4255123357688034
2013-09-20,0.24674388961061205
2013-09-21,0.1976102011133035
2013-09-22,0.2212752164207896
2013-09-23,0.08433151355131713
2013-09-24,0.05918991718308175
2013-09-25,0.05433776442350174
2013-09-26,0.054092030597100806
2013-09-27,0.05385197217684888
2013-09-28,0.053888914345713065
2013-09-29,0.053466343843664485
2013-09-30,0.05326423383058854
2013-10-01,0.08903631442230604
2013-10-02,0.08876310676592054
2013-10-03,0.08852163727775816
2013-10-04,0.08831180754999621
2013-10-05,0.0888139928189733
2013-10-06,0.08804563718164936
2013-10-07,0.0879645064611606
2013-10-08,0.08773818876581098
2013-10-09,0.08757957493988669
2013-10-10,0.08741871255810701
2013-10-11,0.08732170257231686
2013-10-12,0.09154419365280182
2013-10-13,0.08726459497083272
2013-10-14,0.08812620484248787
2013-10-15,0.08714771023159641
2013-10-16,0.0871132476752038
2013-10-17,0.08707962156977117
2013-10-18,0.0870922886229749
2013-10-19,0.08735411873159396
2013-10-20,0.0868902145060104
2013-10-21,0.08683742664226858
2013-10-22,0.08678221671967433
2013-10-23,0.08673559795363077
2013-10-24,0.08670006445858157
2013-10-25,0.08666943574910804
2013-10-26,0.1119564917609112
2013-10-27,0.1302269648768116
2013-10-28,0.1063573914191766
2013-10-29,0.12937233869784515
2013-10-30,0.08814481834007751
2013-10-31,0.08676571110294873
2013-11-01,0.057884419337415276
2013-11-02,0.08728003025978688
2013-11-03,0.061202118671240986
2013-11-04,0.06571448236853702
2013-11-05,0.13982142550974766
2013-11-06,0.17905275381344316
2013-11-07,0.18288990937302105
2013-11-08,0.06532806297631727
2013-11-09,0.17376738244291787
2013-11-10,0.0741373008834776
2013-11-11,0.0628265583854564
2013-11-12,0.060595427298018985
2013-11-13,0.06418227757410566
2013-11-14,0.08270982874837175
2013-11-15,0.10845214808198976
2013-11-16,0.11314082494233127
2013-11-17,0.10138730656011956
2013-11-18,0.0859174142078994
2013-11-19,0.06158168935973388
2013-11-20,0.0867722292740013
2013-11-21,0.1176472349482974
2013-11-22,0.10572704343342088
2013-11-23,0.1267343498627303
2013-11-24,0.06248387635893609
2013-11-25,0.08354481976581618
2013-11-26,0.06367472964801645
2013-11-27,0.06272090038808957
2013-11-28,0.08630100475262142
2013-11-29,0.06290009177016702
2013-11-30,0.058033675247059525
2013-12-01,0.06553363445009533
2013-12-02,0.06360097606375255
2013-12-03,0.06157781601759064
2013-12-04,0.06251856450038287
2013-12-05,0.06456908739332776
2013-12-06,0.16684673570407293
2013-12-07,0.15426567806051464
2013-12-08,0.07067619823208837
2013-12-09,0.10397028756555446
2013-12-10,0.09768990992180286
2013-12-11,0.164446784041193
2013-12-12,0.20729473836800805
2013-12-13,0.10114575206806976
2013-12-14,0.06812086582082222
2013-12-15,0.07070481447332437
2013-12-16,0.08461003599668243
2013-12-17,0.08312541366219113
2013-12-18,0.09587319530698196
2013-12-19,0.18439765036147296
2013-12-20,0.1729902951849724
2013-12-21,0.08579965964964373
2013-12-22,0.06785351368639847
2013-12-23,0.08901507731460337
2013-12-24,0.08935034809688322
2013-12-25,0.09432387956573424
2013-12-26,0.07138067773190747
2013-12-27,0.07436140982036707
2013-12-28,0.6704606220207595
2013-12-29,0.1577881701491443
2013-12-30,0.14869205744789118
2013-12-31,0.1866438914630066
2014-01-01,0.161417428403508
2014-01-02,0.081069353484843
2014-01-03,0.09851732974424217
2014-01-04,0.4614686536636526
2014-01-05,0.0921840495812617
2014-01-06,0.05451396690775352
2014-01-07,0.054126621965284616
2014-01-08,0.06986977397876161
2014-01-09,0.047856337121780564
2014-01-10,0.43680671319824615
2014-01-11,2.1897183292898545
2014-01-12,5.921402315258639
2014-01-13,1.9505628277001916
2014-01-14,0.39419613104964907
2014-01-15,0.13048247165290905
2014-01-16,0.17221217093173094
2014-01-17,0.4262424688327977
2014-01-18,0.17726317403545327
2014-01-19,0.2035802852502739
2014-01-20,0.1057504722677902
2014-01-21,0.07044169138438393
2014-01-22,0.07355267663777824
2014-01-23,0.4539084649731565
2014-01-24,3.2976267527480005
2014-01-25,0.2336725665775086
2014-01-26,0.1866866551352704
2014-01-27,0.19539773669853014
2014-01-28,0.1959205901203296
2014-01-29,0.19358406719527715
2014-01-30,0.2327448544301273
2014-01-31,0.18547772943429594
2014-02-01,0.15224957707694575
2014-02-02,0.1492454396609718
2014-02-03,0.14725276003125504
2014-02-04,0.14704808066203393
2014-02-05,0.14510244184791382
2014-02-06,0.14193649589667093
2014-02-07,0.15967871483051407
2014-02-08,0.19282116417408346
2014-02-09,0.22288316688082227
2014-02-10,0.18658138448390832
2014-02-11,0.183204315736922
2014-02-12,0.1819980780351327
2014-02-13,0.17679541350635772
2014-02-14,0.2038131021450358
2014-02-15,0.19160953171234707
2014-02-16,0.20404644491232204
2014-02-17,0.17953171377828364
2014-02-18,0.1835501695001208
2014-02-19,0.19084751320425786
2014-02-20,0.1990742731631764
2014-02-21,0.22893554110835054
2014-02-22,0.2596447151366181
2014-02-23,0.2825398907987913
2014-02-24,0.3142682058538561
2014-02-25,0.4267917778261712
2014-02-26,0.5122744969225488
2014-02-27,0.7080697825682182
2014-02-28,1.5073247702506751
2014-03-01,1.016201975123131
2014-03-02,0.6524642178639913
2014-03-03,0.6931866724025765
2014-03-04,0.664613840017138
2014-03-05,0.6707851115741582
2014-03-06,0.6351526664479348
2014-03-07,0.6461727271428233
2014-03-08,0.6664946809497558
2014-03-09,0.5753945437345538
2014-03-10,0.6186085461648625
2014-03-11,0.6133300087085436
2014-03-12,0.9612078262867266
2014-03-13,0.9726418087731129
2014-03-14,0.8383671171286251
2014-03-15,0.7317554544112792
2014-03-16,0.7407769903821464
2014-03-17,0.7874540509286816
2014-03-18,0.9008748653971392
2014-03-19,1.2196023083525291
2014-03-20,1.6193512767002745
2014-03-21,1.335784056238169
2014-03-22,0.9734078854253404
2014-03-23,1.0884968698573123
2014-03-24,1.1806188849992452
2014-03-25,1.2361265898486278
2014-03-26,1.417588116229175
2014-03-27,1.7086714042241782
2014-03-28,2.3641749092617896
2014-03-29,3.1945754600964005
2014-03-30,3.1389648878323912
2014-03-31,3.4381766664672053
2014-04-01,1.6221875647287598
2014-04-02,1.2912240395699452
2014-04-03,1.9615495116221684
2014-04-04,2.3476111182912405
2014-04-05,3.554022939621938
2014-04-06,3.8330268197887007
2014-04-07,4.833650960325404
2014-04-08,3.3092244195732863
2014-04-09,2.8221997662680107
2014-04-10,3.3827142329566304
2014-04-11,4.785942032807478
2014-04-12,4.21561940281086
2014-04-13,1.879974404937461
2014-04-14,1.7379926394683591
2014-04-15,1.665398289337675
2014-04-16,1.6724448498648528
2014-04-17,1.9358068131065265
2014-04-18,1.9456497585311272
2014-04-19,1.804072863471261
2014-04-20,1.8184117481909423
2014-04-21,1.9618348156010492
2014-04-22,2.25161512140878
2014-04-23,2.3929388405674765
2014-04-24,3.5011368763065738
2014-04-25,4.271430554618921
2014-04-26,2.3046985774306514
2014-04-27,1.973994068637268
2014-04-28,2.0305877518076434
2014-04-29,1.9252182567158067
2014-04-30,1.7554482184852025
2014-05-01,1.6302457768630785
2014-05-02,1.5605418696354032
2014-05-03,1.5422468914977987
2014-05-04,1.7599920085572394
2014-05-05,1.367525207759544
2014-05-06,1.3614498506882853
2014-05-07,1.4202255223045843
2014-05-08,1.4027765421077598
2014-05-09,1.3985754362976701
2014-05-10,1.5005426056959283
2014-05-11,2.006329971547172
2014-05-12,1.7358309440422386
2014-05-13,2.5000918042713844
2014-05-14,3.804959683458343
2014-05-15,5.261731476587787
2014-05-16,5.251699688533184
2014-05-17,6.3691247158668505
2014-05-18,9.181041633069038
2014-05-19,12.565884999153948
2014-05-20,9.89793008658576
2014-05-21,4.278345436812113
2014-05-22,3.2861483451493143
2014-05-23,3.6784266270175534
2014-05-24,3.360825780885551
2014-05-25,3.4440701865956096
2014-05-26,5.7611281504198075
2014-05-27,8.498378925908108
2014-05-28,11.922967216438328
2014-05-29,15.992627459122861
2014-05-30,13.876604336537365
2014-05-31,17.828685736189406
2014-06-01,26.15838515771904
2014-06-02,32.20369485978681
2014-06-03,44.133021783118906
2014-06-04,45.01306866276633
2014-06-05,49.65520020849582
2014-06-06,53.81076770349984
2014-06-07,53.67386754304914
2014-06-08,58.649405889591996
2014-06-09,58.48456574393329
2014-06-10,55.15347061330157
2014-06-11,46.64532775509545
2014-06-12,23.46394384061836
2014-06-13,16.570212466449654
2014-06-14,16.489419665155893
2014-06-15,20.442468297981428
2014-06-16,31.03067661440392
2014-06-17,38.78899927716756
2014-06-18,39.65159895108944
2014-06-19,41.28003273120371
2014-06-20,39.274460693676545
2014-06-21,36.47772396949003
2014-06-22,31.64670565240248
2014-06-23,26.89195191375125
2014-06-24,20.203132730872863
2014-06-25,18.04468986404574
2014-06-26,18.71153166601834
2014-06-27,18.049263590821653
2014-06-28,16.242488889269296
2014-06-29,13.358694425726421
2014-06-30,12.120742099168993
2014-07-01,25.257760278471423
2014-07-02,17.663308329501763
2014-07-03,14.57587476435364
2014-07-04,13.056831084722749
2014-07-05,11.335796013621687
2014-07-06,11.504718434716386
2014-07-07,11.202224629848624
2014-07-08,12.249710059540838
2014-07-09,11.855039765305106
2014-07-10,9.970899484113794
2014-07-11,9.158246974858754
2014-07-12,9.10609281141555
2014-07-13,8.794176619143226
2014-07-14,9.002505064114485
2014-07-15,8.891274344698251
2014-07-16,9.738615605798968
2014-07-17,9.111227373238522
2014-07-18,8.439638774601542
2014-07-19,7.550472149508139
2014-07-20,6.278824524558361
2014-07-21,5.660757941660213
2014-07-22,5.32440969248656
2014-07-23,4.777103445983063
2014-07-24,4.385350235669345
2014-07-25,4.959646510572076
2014-07-26,4.5484611602794365
2014-07-27,4.495670170865123
2014-07-28,4.2572631470345685
2014-07-29,4.27820166132792
2014-07-30,4.1557819642529665
2014-07-31,3.862419899851653
2014-08-01,4.460463791003158
2014-08-02,4.079687828081555
2014-08-03,3.809702682108115
2014-08-04,3.6576949817315354
2014-08-05,3.347073112863177
2014-08-06,3.0440685780204224
2014-08-07,2.838934074943092
2014-08-08,2.7509662955496417
2014-08-09,2.3012349112536654
2014-08-10,2.274137841283281
2014-08-11,2.3093649740712405
2014-08-12,2.177755252669224
2014-08-13,2.0818492025141064
2014-08-14,1.7837673395117732
2014-08-15,1.6850569569405869
2014-08-16,1.3932176050111047
2014-08-17,1.225557809817074
2014-08-18,1.065816835836241
2014-08-19,0.9557333413229462
2014-08-20,0.8798882046381244
2014-08-21,0.8140153898087005
2014-08-22,0.7619089914939717
2014-08-23,0.7062578294227526
2014-08-24,1.429737309500763
2014-08-25,0.5958375546670045
2014-08-26,0.5367157316781256
2014-08-27,0.4942884136876076
2014-08-28,0.4545316294198803
2014-08-29,0.41633423874291176
2014-08-30,0.38350447392758347
2014-08-31,0.3639197196678891
2014-09-01,0.16232165635367318
2014-09-02,0.15920188702464125
2014-09-03,0.1669000221564598
2014-09-04,0.13340951445055074
2014-09-05,0.12200473170402425
2014-09-06,0.16925678282290496
2014-09-07,0.13505761302417907
2014-09-08,0.19906227585474015
2014-09-09,0.10606230055751444
2014-09-10,0.10129775571207446
2014-09-11,0.10872494801388694
2014-09-12,0.0944492040279242
2014-09-13,0.10254450057753486
2014-09-14,0.12573690489781084
2014-09-15,0.09517142816168314
2014-09-16,0.08388081670075855
2014-09-17,0.08060749816286887
2014-09-18,0.07820246888579109
2014-09-19,0.07705122974793634
2014-09-20,0.07593210218287794
2014-09-21,0.07279981021940515
2014-09-22,0.07096042914783575
2014-09-23,0.06921271126142485
2014-09-24,0.06763695788855721
2014-09-25,0.0665035991541963
2014-09-26,0.06535946757949912
2014-09-27,0.06433820687584588
2014-09-28,0.0633859143808772
2014-09-29,0.062499109489942986
2014-09-30,0.06169136307855881
2014-10-01,0.1022429725651319
2014-10-02,0.10168606920063053
2014-10-03,0.10112909049440036
2014-10-04,0.12280615905317932
2014-10-05,0.11050282131675034
2014-10-06,0.15448592931085614
2014-10-07,0.1051531452240817
2014-10-08,0.10192722258486213
2014-10-09,0.9795170869471356
2014-10-10,0.2566993513885105
2014-10-11,0.8150848979027031
2014-10-12,0.6281267167797747
2014-10-13,0.11290295451779107
2014-10-14,0.09709307160169103
2014-10-15,0.09680462844593328
2014-10-16,0.09614752256464416
2014-10-17,0.0957390680185972
2014-10-18,0.09540668169077962
2014-10-19,0.09543715215593154
2014-10-20,0.09491799708647336
2014-10-21,0.0952289379733726
2014-10-22,0.09445423243176604
2014-10-23,0.09412533773411877
2014-10-24,0.09377409642354548
2014-10-25,0.09340688581420524
2014-10-26,0.09305820197536406
2014-10-27,0.0927651275837496
2014-10-28,0.09251835403311648
2014-10-29,0.09227648027751294
2014-10-30,0.09203416056734257
2014-10-31,0.09181008672315323
2014-11-01,0.0705200238309353
2014-11-02,0.11578369528743207
2014-11-03,0.07252051596527136
2014-11-04,0.062239647348388716
2014-11-05,0.0676091756590573
2014-11-06,0.0669493401089699
2014-11-07,0.0671650691245207
2014-11-08,0.061176524370677575
2014-11-09,0.613050629507045
2014-11-10,0.13648207711891475
2014-11-11,0.06869784801439982
2014-11-12,0.2089959058783193
2014-11-13,0.2431533927080601
2014-11-14,0.2017809181764524
2014-11-15,3.466463672042006
2014-11-16,1.1640421119941653
2014-11-17,0.3628383673465458
2014-11-18,0.3818870128101681
2014-11-19,0.28409418814462617
2014-11-20,0.09499920235701984
2014-11-21,0.09661785333919433
2014-11-22,0.1583456294478076
2014-11-23,0.17156656870552972
2014-11-24,0.10464331077719168
2014-11-25,0.07448214838231912
2014-11-26,0.06763353850524909
2014-11-27,0.06772285954546868
2014-11-28,0.07289232015802127
2014-11-29,0.2616195399640719
2014-11-30,0.725602677479904
2014-12-01,0.5529243406637906
2014-12-02,0.21012621270845908
2014-12-03,0.08315136170104552
2014-12-04,0.07447612118773125
2014-12-05,0.08303483458801306
2014-12-06,0.12959967419376395
2014-12-07,0.11408222158571088
2014-12-08,0.13462789312663573
2014-12-09,0.18225399086148703
2014-12-10,0.20677489424489434
2014-12-11,0.2507901793654205
2014-12-12,0.15746691658817752
2014-12-13,0.13951681313399514
2014-12-14,0.13811201180624133
2014-12-15,0.1184195573229462
2014-12-16,0.09388818707451237
2014-12-17,0.07944455057740245
2014-12-18,0.07695152299097183
2014-12-19,0.0783451383472318
2014-12-20,0.08090379362352637
2014-12-21,0.07973665539401477
2014-12-22,0.0906446442101927
2014-12-23,0.13556041080521156
2014-12-24,0.137172636834567
2014-12-25,0.17507192989878662
2014-12-26,0.21174352547223602
2014-12-27,0.12617861386663906
2014-12-28,0.09290506489165297
2014-12-29,0.4534239862661962
2014-12-30,0.19884932187789806
2014-12-31,0.16820342685344392
2015-01-01,0.0970435997666608
2015-01-02,0.06939263858659342
2015-01-03,0.06861459290046587
2015-01-04,0.1217720686432104
2015-01-05,0.1110090152260181
2015-01-06,0.06759243111687711
2015-01-07,0.07323497503207506
2015-01-08,0.08569388089672281
2015-01-09,0.1713859456494122
2015-01-10,0.1190540009369592
2015-01-11,0.055660171350443884
2015-01-12,0.07230705996951604
2015-01-13,0.05297934235606133
2015-01-14,0.05266895506058401
2015-01-15,0.05032715537489328
2015-01-16,0.07436508593158304
2015-01-17,0.060785908572085615
2015-01-18,0.04935557557429816
2015-01-19,0.049268159484624235
2015-01-20,0.04932055562775912
2015-01-21,0.04936875752940763
2015-01-22,0.049413374010661947
2015-01-23,0.050045335781632304
2015-01-24,0.05150664800476693
2015-01-25,0.05439529768030192
2015-01-26,0.05665092437636801
2015-01-27,0.04960071401476161
2015-01-28,0.04963460213202376
2015-01-29,0.05226069788105081
2015-01-30,0.06003612893833204
2015-01-31,0.10113610794565736
2015-02-01,0.08360610423594989
2015-02-02,0.07914486440596817
2015-02-03,0.0773411434991846
2015-02-04,0.07957481453445238
2015-02-05,0.06340458273001144
2015-02-06,0.04336411887222261
2015-02-07,0.0599918751520166
2015-02-08,0.057892602538995086
2015-02-09,0.06975200701603061
2015-02-10,0.046166728189385296
2015-02-11,0.05543684239081228
2015-02-12,0.04329041394091057
2015-02-13,0.041537361379242285
2015-02-14,0.04156879889585385
2015-02-15,0.041596219157337126
2015-02-16,0.041620529513592686
2015-02-17,0.042866065703728265
2015-02-18,0.047283211448983536
2015-02-19,0.05516747195082455
2015-02-20,0.11215702751295714
2015-02-21,0.1734725008634648
2015-02-22,0.07511372473090377
2015-02-23,0.07298938329886304
2015-02-24,0.14446185609136608
2015-02-25,0.07760842051358373
2015-02-26,0.045197944977659305
2015-02-27,0.05622977649844838
2015-02-28,0.06707929204556258
2015-03-01,0.09431050583812203
2015-03-02,0.11498017654268496
2015-03-03,0.1509762830459492
2015-03-04,0.19694708928865906
2015-03-05,0.10161705142607616
2015-03-06,0.11351442090053722
2015-03-07,0.06399127863849863
2015-03-08,0.06259559398905452
2015-03-09,0.0832440759743952
2015-03-10,0.1877007576879144
2015-03-11,0.4611573105717096
2015-03-12,0.6572860743586125
2015-03-13,1.0576144290264076
2015-03-14,1.4386842872522063
2015-03-15,1.2861544256337138
2015-03-16,1.0574133199430629
2015-03-17,0.5768780694451816
2015-03-18,0.07862303088657985
2015-03-19,0.07380156556652519
2015-03-20,0.3096441597946233
2015-03-21,0.3298527108607328
2015-03-22,0.18891770686364592
2015-03-23,0.4230841084284961
2015-03-24,0.28900749525895786
2015-03-25,0.14858189508744232
2015-03-26,0.2819467058639429
2015-03-27,0.2784897008177806
2015-03-28,0.3577219834849289
2015-03-29,0.24047581874117416
2015-03-30,0.260070889350094
2015-03-31,0.3711181892126311
2015-04-01,0.39941727986618497
2015-04-02,0.4537407994638916
2015-04-03,0.6357916884674722
2015-04-04,1.4468413978935477
2015-04-05,3.3535462779918435
2015-04-06,4.955203231465697
2015-04-07,6.52925973922454
2015-04-08,6.948840081715964
2015-04-09,6.523102226452558
2015-04-10,5.0580933107703245
2015-04-11,4.152418381729178
2015-04-12,2.307541491540775
2015-04-13,2.2696361503776723
2015-04-14,2.4220439753202583
2015-04-15,2.69114012307528
2015-04-16,2.2016180553472604
2015-04-17,2.1125229133478087
2015-04-18,2.7116505762631893
2015-04-19,2.151884684683236
2015-04-20,2.354618568916089
2015-04-21,2.8744144775327958
2015-04-22,2.5697398590464435
2015-04-23,3.3417593358251616
2015-04-24,3.303052191102577
2015-04-25,3.5521792897842377
2015-04-26,4.720346212907506
2015-04-27,6.098154666241545
2015-04-28,8.382270841020539
2015-04-29,10.179147540648618
2015-04-30,7.434864195343474
2015-05-01,4.820334682750419
2015-05-02,5.303207215957184
2015-05-03,5.709894699949389
2015-05-04,5.549551049878294
2015-05-05,5.939784176302871
2015-05-06,4.8906698046420445
2015-05-07,4.8358140182991365
2015-05-08,4.231386273113537
2015-05-09,4.308069920427388
2015-05-10,4.092269156570949
2015-05-11,3.829337261924607
2015-05-12,3.709119629376026
2015-05-13,3.680994521019647
2015-05-14,3.6543354463218303
2015-05-15,3.5085028066885533
2015-05-16,3.7030203508931945
2015-05-17,3.8934829232988113
2015-05-18,3.9665775750330647
2015-05-19,4.039978675990159
2015-05-20,3.876277734561005
2015-05-21,3.1939483235001296
2015-05-22,3.2534509815018664
2015-05-23,3.308272443421261
2015-05-24,2.9898264428223778
2015-05-25,2.865015897181243
2015-05-26,2.8143249624926696
2015-05-27,2.836186373553938
2015-05-28,2.4808186829765524
2015-05-29,2.4653560794295104
2015-05-30,2.3887981094303434
2015-05-31,2.1915860319926157
2015-06-01,2.4446548177168435
2015-06-02,2.5263534290323197
2015-06-03,2.047537978472448
2015-06-04,2.5204287720051792
2015-06-05,2.1993808328012334
2015-06-06,2.262473249552119
2015-06-07,2.0969118371449063
2015-06-08,2.175828848806625
2015-06-09,2.0005032402728267
2015-06-10,1.9492648805507995
2015-06-11,1.8677991837522476
2015-06-12,1.870069766502644
2015-06-13,1.5746762155977505
2015-06-14,1.5334454046895891
2015-06-15,1.545097411815955
2015-06-16,1.2613348542536351
2015-06-17,1.1917261619851824
2015-06-18,1.0985928209636948
2015-06-19,1.0119623633729684
2015-06-20,0.9262204111372176
2015-06-21,0.870865129424088
2015-06-22,0.8114690017367641
2015-06-23,0.7684230450601435
2015-06-24,0.7406182821714131
2015-06-25,0.7121632183551782
2015-06-26,0.7295276754651322
2015-06-27,0.741367134213751
2015-06-28,0.6317957170459708
2015-06-29,0.5765301934635264
2015-06-30,0.5019113049562189
2015-07-01,1.097779149019561
2015-07-02,1.0553457873139258
2015-07-03,0.9763478023358187
2015-07-04,0.9075939025609412
2015-07-05,0.8861430179462373
2015-07-06,0.8024367088615655
2015-07-07,0.6880897067672475
2015-07-08,0.6211525210243551
2015-07-09,0.5814106357569638
2015-07-10,0.5454777932299445
2015-07-11,0.5107246760826804
2015-07-12,0.4698112390203741
2015-07-13,0.4247425747860501
2015-07-14,0.384293961563116
2015-07-15,0.34847488213476313
2015-07-16,0.32800183617940304
2015-07-17,0.2916035269891741
2015-07-18,0.2670791766104163
2015-07-19,0.24469082397798336
2015-07-20,0.24330583925936586
2015-07-21,0.21028859307658027
2015-07-22,0.1960600736771738
2015-07-23,0.18407851228654012
2015-07-24,0.26030084434602857
2015-07-25,0.2051584367864815
2015-07-26,0.3495807505432823
2015-07-27,0.17174739287175556
2015-07-28,0.15491967444153792
2015-07-29,0.16774642421359315
2015-07-30,0.14630667121073693
2015-07-31,0.14162724303193094
2015-08-01,0.1773145064283045
2015-08-02,0.17256980101455216
2015-08-03,0.17078282405519876
2015-08-04,0.16668069231234328
2015-08-05,0.16653044357484767
2015-08-06,0.2379412723667812
2015-08-07,0.1572377004926332
2015-08-08,0.15458216661167706
2015-08-09,0.15188282898219072
2015-08-10,0.14904953619813247
2015-08-11,0.14618413295712002
2015-08-12,0.14348663405013054
2015-08-13,0.14108855288916386
2015-08-14,0.13899028372380834
2015-08-15,0.13712778915677626
2015-08-16,0.13546514930730738
2015-08-17,0.13393552675529374
2015-08-18,0.1324452143512996
2015-08-19,0.13092632338939028
2015-08-20,0.12933136512961546
2015-08-21,0.12766837878118914
2015-08-22,0.12601863146830986
2015-08-23,0.12444472982661695
2015-08-24,0.12300641147460213
2015-08-25,0.1217553483331604
2015-08-26,0.12081042019194885
2015-08-27,0.12009147289902634
2015-08-28,0.11933636888189665
2015-08-29,0.11848658547642912
2015-08-30,0.11758234350700082
2015-08-31,0.11668718370087447
2015-09-01,0.05313761893599316
2015-09-02,0.06974352049578916
2015-09-03,0.05254602500738796
2015-09-04,0.07234302593319167
2015-09-05,0.053278732472141384
2015-09-06,0.1615348742559227
2015-09-07,0.08192257260750055
2015-09-08,0.051683515360375985
2015-09-09,0.05152399685033703
2015-09-10,0.05137400259900648
2015-09-11,0.051230351669302884
2015-09-12,0.051095778484057525
2015-09-13,0.05096782338134054
2015-09-14,0.05084693354219746
2015-09-15,0.050729327041959565
2015-09-16,0.050902713090579414
2015-09-17,0.05088282422901772
2015-09-18,0.050929085891996906
2015-09-19,0.05031696965973045
2015-09-20,0.050725934670150234
2015-09-21,0.05008717657638709
2015-09-22,0.05095323932539873
2015-09-23,0.04998468628015059
2015-09-24,0.05082621420215399
2015-09-25,0.05050062413071853
2015-09-26,0.04970521396135996
2015-09-27,0.04963856647367178
2015-09-28,0.049591953477790114
2015-09-29,0.5165833196618295
2015-09-30,1.8548021924543896
2015-10-01,3.0333377828857078
2015-10-02,1.0759004845747373
2015-10-03,0.8545830673916999
2015-10-04,0.8810356292904471
2015-10-05,1.5406327743263657
2015-10-06,1.4236060017705263
2015-10-07,1.0215666566433563
2015-10-08,0.3251795517994914
2015-10-09,0.1005998078334502
2015-10-10,0.09403256052197397
2015-10-11,0.0995397650460118
2015-10-12,0.09054366124838516
2015-10-13,0.1142671647406942
2015-10-14,0.0910512838535688
2015-10-15,0.09096964827818256
2015-10-16,0.0910124093403697
2015-10-17,0.09105438351400387
2015-10-18,0.09097680165652716
2015-10-19,0.0981413274202024
2015-10-20,0.9192257565647848
2015-10-21,0.6018816708482392
2015-10-22,1.4050604937694322
2015-10-23,0.5310091498583134
2015-10-24,0.7739053769063864
2015-10-25,0.2436387770511129
2015-10-26,0.6144567460517338
2015-10-27,1.0935269529732317
2015-10-28,1.3441400991039083
2015-10-29,0.7517305101041369
2015-10-30,0.269843129969894
2015-10-31,0.15965156652773413
2015-11-01,0.08449398678224125
2015-11-02,0.06637386507953548
2015-11-03,0.06604257494147467
2015-11-04,0.06619484427431553
2015-11-05,0.06626131990074809
2015-11-06,0.06626001266473834
2015-11-07,0.06622825093446452
2015-11-08,0.06619064391301553
2015-11-09,0.06615011510674862
2015-11-10,0.06609261185996729
2015-11-11,0.06602748176543365
2015-11-12,0.06598072921591581
2015-11-13,0.10613630725386508
2015-11-14,0.16174779702625727
2015-11-15,0.07434031130327845
2015-11-16,0.08836416440606103
2015-11-17,0.07540643437514424
2015-11-18,0.07108327760881443
2015-11-19,0.0679359583933289
2015-11-20,0.06656914709854155
2015-11-21,0.06664059124069494
2015-11-22,0.06671450121080877
2015-11-23,0.06698266887681371
2015-11-24,0.07022567893471278
2015-11-25,0.07973378346913366
2015-11-26,0.12688277485916682
2015-11-27,0.2440808752533348
2015-11-28,0.2200131885603148
2015-11-29,0.0851595450259477
2015-11-30,0.06992639119450007
2015-12-01,0.15027832516667358
2015-12-02,0.2401479112067588
2015-12-03,0.07761525822644436
2015-12-04,0.07375398511064572
2015-12-05,0.07463501310170356
2015-12-06,0.07200991692601197
2015-12-07,0.07668371628632162
2015-12-08,0.075263204036464
2015-12-09,0.07322348996166801
2015-12-10,0.0750586067586056
2015-12-11,0.07251102124246503
2015-12-12,0.0728442857366783
2015-12-13,0.0741128067382465
2015-12-14,0.07670530227698162
2015-12-15,0.08576219708165816
2015-12-16,0.08908424376534807
2015-12-17,0.15631910860758336
2015-12-18,0.1504144816234661
2015-12-19,0.14012909938352622
2015-12-20,0.1308573794383206
2015-12-21,0.1333119596033523
2015-12-22,0.2258583820184275
2015-12-23,0.3909844347945892
2015-12-24,0.34266589611289777
2015-12-25,0.25709664116624403
2015-12-26,0.15228292854599193
2015-12-27,0.0964533081482778
2015-12-28,0.08676781164707299
2015-12-29,0.08990523191304058
2015-12-30,0.07862139364643418
2015-12-31,0.096474206107313
2016-01-01,0.05229375380665578
2016-01-02,0.0833401771776045
2016-01-03,0.19132083800029934
2016-01-04,0.22328656686166465
2016-01-05,0.10375266782826233
2016-01-06,0.10205808839497757
2016-01-07,0.048812232209253036
2016-01-08,0.046964204211516376
2016-01-09,0.048832614123310115
2016-01-10,0.09992301821587324
2016-01-11,0.4098320844128445
2016-01-12,0.08271612219935218
2016-01-13,0.07357494276870455
2016-01-14,0.04787223856592469
2016-01-15,0.048006410757144256
2016-01-16,0.048118930093745016
2016-01-17,0.04821789443487939
2016-01-18,0.048307101651469835
2016-01-19,0.04838872207284939
2016-01-20,0.04858707468181398
2016-01-21,0.05046039662352797
2016-01-22,0.06285448499798198
2016-01-23,0.1184639686045347
2016-01-24,0.2532301147186569
2016-01-25,0.056461223261929476
2016-01-26,0.050368200075299095
2016-01-27,0.0502570300891941
2016-01-28,0.05147061899429765
2016-01-29,0.0604808901916454
2016-01-30,0.062154287547363324
2016-01-31,0.10620574922626533
2016-02-01,0.08827567031987367
2016-02-02,0.06267418845906078
2016-02-03,0.1440448345542747
2016-02-04,0.06488561420058722
2016-02-05,0.16094975520251348
2016-02-06,0.1572742269384849
2016-02-07,0.1410720865570123
2016-02-08,0.2535509260913418
2016-02-09,0.07925770586175325
2016-02-10,0.07171601722590183
2016-02-11,0.07976815182198843
2016-02-12,0.09350066292323472
2016-02-13,0.12247755858725358
2016-02-14,0.11209128502810607
2016-02-15,0.15121247544438596
2016-02-16,0.3310468175837751
2016-02-17,0.27532452395592866
2016-02-18,0.3736233630086386
2016-02-19,0.42746158260885403
2016-02-20,0.4963042238463582
2016-02-21,0.34428057113590216
2016-02-22,0.25418179104814337
2016-02-23,0.3497023619705552
2016-02-24,0.5865571765213502
2016-02-25,0.9596977429971572
2016-02-26,0.8582003120319999
2016-02-27,0.4884954460304809
2016-02-28,0.3704587613296175
2016-02-29,0.549154327635691
2016-03-01,0.44927068242303103
2016-03-02,0.4154575521303715
2016-03-03,0.4122053149654714
2016-03-04,0.43057548726225015
2016-03-05,0.5372465927288349
2016-03-06,0.4978337698181966
2016-03-07,0.4567221030336331
2016-03-08,0.6192171723002827
2016-03-09,0.4603013188249865
2016-03-10,0.4692176075219305
2016-03-11,0.4699498491750512
2016-03-12,0.4807815165523026
2016-03-13,0.5405958486418995
2016-03-14,0.6368698148342268
2016-03-15,0.8791618051963814
2016-03-16,1.2432554519478278
2016-03-17,0.8232721257717266
2016-03-18,0.6650586823188416
2016-03-19,0.5830214311399967
2016-03-20,0.5903710172615152
2016-03-21,0.5873498555743988
2016-03-22,0.6444556053222537
2016-03-23,0.9182336308587188
2016-03-24,1.4157382001751333
2016-03-25,2.3031100959070643
2016-03-26,3.1305588828608535
2016-03-27,3.37109700531514
2016-03-28,5.1651014476332096
2016-03-29,7.026404392183861
2016-03-30,7.792493389117493
2016-03-31,8.17595869386798
2016-04-01,6.702611230666893
2016-04-02,6.204964205303573
2016-04-03,4.338342899013725
2016-04-04,3.636825211182548
2016-04-05,4.900730737077024
2016-04-06,6.1390307960227215
2016-04-07,6.387322402766521
2016-04-08,6.5473881054330905
2016-04-09,3.734892046140153
2016-04-10,3.433001322522917
2016-04-11,3.041912799850928
2016-04-12,3.2959191182973124
2016-04-13,3.8808205843673633
2016-04-14,4.602325964566597
2016-04-15,6.370620299731728
2016-04-16,7.857332937716169
2016-04-17,7.7474068624216255
2016-04-18,4.241124496948935
2016-04-19,3.8685685619027548
2016-04-20,4.091118954478463
2016-04-21,5.746604888443178
2016-04-22,4.073179121783931
2016-04-23,4.737045881048361
2016-04-24,6.540176881083304
2016-04-25,9.127349683104844
2016-04-26,5.291112529570248
2016-04-27,6.186069726121062
2016-04-28,7.277871813177224
2016-04-29,7.6797509557337
2016-04-30,8.376886871549004
2016-05-01,9.269550251026274
2016-05-02,8.403373111517045
2016-05-03,5.694080576696162
2016-05-04,5.645660099998242
2016-05-05,6.42474676376939
2016-05-06,8.424563673913045
2016-05-07,11.769773613639149
2016-05-08,11.170434102315957
2016-05-09,7.1367019411795125
2016-05-10,6.070645186564798
2016-05-11,6.282727054747328
2016-05-12,5.981392307804513
2016-05-13,5.8721198089054445
2016-05-14,6.517285007165097
2016-05-15,5.87056393992551
2016-05-16,5.940202254116322
2016-05-17,5.8790101960102605
2016-05-18,6.802719826811169
2016-05-19,9.045324962613504
2016-05-20,9.818377931382221
2016-05-21,11.477378995311142
2016-05-22,11.89505694754731
2016-05-23,12.405594458411887
2016-05-24,12.007816425501785
2016-05-25,11.197015292804803
2016-05-26,12.081553104499694
2016-05-27,12.281129593387229
2016-05-28,13.00421201229248
2016-05-29,13.248442152778955
2016-05-30,10.239731245355818
2016-05-31,8.443881491772691
2016-06-01,7.702592574369032
2016-06-02,6.9999847629032805
2016-06-03,5.596472177339665
2016-06-04,4.723565884344201
2016-06-05,4.311468853321763
2016-06-06,3.5992296182699373
2016-06-07,3.2493932556496787
2016-06-08,3.111566011496421
2016-06-09,3.101612552488555
2016-06-10,2.8839740410365096
2016-06-11,2.7249004804580323
2016-06-12,2.2035015795333224
2016-06-13,2.2774796850647667
2016-06-14,1.8865552988557064
2016-06-15,1.7393827285641286
2016-06-16,1.6747760499998632
2016-06-17,1.5299084010474406
2016-06-18,1.2893599234049185
2016-06-19,1.1977767971881546
2016-06-20,1.1564093110785494
2016-06-21,1.0856288857627958
2016-06-22,1.0049696036184586
2016-06-23,0.9200334596356371
2016-06-24,0.8529637749997958
2016-06-25,0.8223596096870216
2016-06-26,0.8344473137767418
2016-06-27,0.9344687127374506
2016-06-28,1.0083476102015578
2016-06-29,0.7747232061910729
2016-06-30,0.7584723983171586
2016-07-01,1.7994389504273285
2016-07-02,1.7980678677409951
2016-07-03,1.5045564248368706
2016-07-04,1.2957763326298388
2016-07-05,1.1184181932869883
2016-07-06,2.064236023309366
2016-07-07,0.9294358636374626
2016-07-08,0.8979831597515905
2016-07-09,0.8687819046394197
2016-07-10,0.8132118761470157
2016-07-11,0.8151888607202427
2016-07-12,0.6201032249820528
2016-07-13,0.5442143171246839
2016-07-14,0.5615596212015718
2016-07-15,0.5061648970088073
2016-07-16,0.4448666254529284
2016-07-17,0.4105014362524749
2016-07-18,0.3709736995871373
2016-07-19,0.3333085446938984
2016-07-20,0.3013846143348603
2016-07-21,0.27276988575743105
2016-07-22,0.2463915887210641
2016-07-23,0.2362655964049603
2016-07-24,0.2067004499655632
2016-07-25,0.192052516984746
2016-07-26,0.18057990068367552
2016-07-27,0.1708996438115833
2016-07-28,0.16187142644448824
2016-07-29,0.15376409578487465
2016-07-30,0.14685987495829994
2016-07-31,0.14095397405975932
2016-08-01,0.17561272188061525
2016-08-02,0.17030960705981174
2016-08-03,0.16557228820408493
2016-08-04,0.1752507813352507
2016-08-05,0.1601162802974454
2016-08-06,0.17621228619903312
2016-08-07,0.15389411312217086
2016-08-08,0.1514127123517608
2016-08-09,0.14893932427428558
2016-08-10,0.14649983330561828
2016-08-11,0.14416687248344126
2016-08-12,0.14187476343308486
2016-08-13,0.13960874986463462
2016-08-14,0.13744328529485605
2016-08-15,0.13537514893818642
2016-08-16,0.13345999731799058
2016-08-17,0.13177831652205724
2016-08-18,0.13026592521646502
2016-08-19,0.1289701795443284
2016-08-20,0.12796959195688495
2016-08-21,0.1270991930553602
2016-08-22,0.12610677515500401
2016-08-23,0.12496303222060608
2016-08-24,0.12374794736727755
2016-08-25,0.12253658160368218
2016-08-26,0.12139884403318688
2016-08-27,0.12034638102692392
2016-08-28,0.11934478962393408
2016-08-29,0.1184505622056248
2016-08-30,0.1176389045853368
2016-08-31,0.11687030369954525
2016-09-01,0.0532679566450545
2016-09-02,0.053019841090728236
2016-09-03,0.0528154240825211
2016-09-04,0.05259211640684877
2016-09-05,0.05235595372184281
2016-09-06,0.05213434666463266
2016-09-07,0.11336040359484595
2016-09-08,0.05187631393774941
2016-09-09,0.051676728596470885
2016-09-10,0.051568192761527784
2016-09-11,0.0514488084125519
2016-09-12,0.051548907772763115
2016-09-13,0.051145511627387265
2016-09-14,0.050951976467565226
2016-09-15,0.05075239019390085
2016-09-16,0.1555603449258603
2016-09-17,0.09657612550449847
2016-09-18,0.2798013162824168
2016-09-19,0.1059726838032746
2016-09-20,0.053508048172418186
2016-09-21,0.050533424340232704
2016-09-22,0.050443965455818064
2016-09-23,0.050073622597411487
2016-09-24,0.050019681769775656
2016-09-25,0.0499511440146056
2016-09-26,0.04987784380484702
2016-09-27,0.04980511370391258
2016-09-28,0.04972668984383922
2016-09-29,0.04966231659639128
2016-09-30,0.0496225973230624
2016-10-01,0.08317955627067837
2016-10-02,0.09312260000459388
2016-10-03,0.443819439142554
2016-10-04,0.08635143066215803
2016-10-05,0.10984521409656854
2016-10-06,0.09409318641314757
2016-10-07,0.08351295701655304
2016-10-08,0.08283864748431484
2016-10-09,0.08826291151162732
2016-10-10,1.6659450664769782
2016-10-11,3.693575325266084
2016-10-12,0.8111955162870579
2016-10-13,0.6826506863211046
2016-10-14,1.1698901127921484
2016-10-15,1.7266928214952426
2016-10-16,2.039705673297276
2016-10-17,1.6653443325802706
2016-10-18,1.0767491876064816
2016-10-19,0.2935691993285289
2016-10-20,0.17560583595562468
2016-10-21,0.1698045583343907
2016-10-22,0.2900724715988727
2016-10-23,0.2016350537490481
2016-10-24,0.498109148253765
2016-10-25,0.560138676785943
2016-10-26,0.2356690823341583
2016-10-27,0.2147007426344502
2016-10-28,1.183705794205678
2016-10-29,0.31505142485586385
2016-10-30,0.14180464647336385
2016-10-31,0.22529503333156575
2016-11-01,0.6588973944650411
2016-11-02,0.8847058368154666
2016-11-03,0.5004965494719493
2016-11-04,0.10897843119986134
2016-11-05,0.14660286521153815
2016-11-06,0.11434247796850072
2016-11-07,0.11220456769251352
2016-11-08,0.08485527062557728
2016-11-09,0.10359009533574086
2016-11-10,0.07601397111093894
2016-11-11,0.0769507631843183
2016-11-12,0.12933111032943953
2016-11-13,0.09075936150123236
2016-11-14,0.11105494989151077
2016-11-15,0.11647994596274105
2016-11-16,0.11452619309193535
2016-11-17,0.10562549194224603
2016-11-18,0.10575003140245297
2016-11-19,0.10395616697124828
2016-11-20,0.088210924012872
2016-11-21,0.09523926082677887
2016-11-22,0.08077446029921259
2016-11-23,0.09330843513095942
2016-11-24,0.07114677552680883
2016-11-25,0.08362978045950817
2016-11-26,0.12881076154644008
2016-11-27,0.10908100974438864
2016-11-28,0.07527749258383501
2016-11-29,0.07187232696767543
2016-11-30,0.07183004607688173
2016-12-01,0.08126509090870135
2016-12-02,0.08428600919333858
2016-12-03,0.08145802833909632
2016-12-04,0.13919434106262998
2016-12-05,0.1525387149343296
2016-12-06,0.11399247364492425
2016-12-07,0.07823017493192105
2016-12-08,0.0852528750655892
2016-12-09,0.12555194819769475
2016-12-10,0.15519148869656474
2016-12-11,0.10948751504613187
2016-12-12,0.07652571134299277
2016-12-13,0.07663502069152442
2016-12-14,0.07673263430606891
2016-12-15,0.0770979776164506
2016-12-16,0.08004085256053013
2016-12-17,0.08863142657352885
2016-12-18,0.1007311630537754
2016-12-19,0.09326088091828397
2016-12-20,0.08951442346874765
2016-12-21,0.09148476514829357
2016-12-22,0.08617607866080162
2016-12-23,0.1917749672741203
2016-12-24,0.09245689496343218
2016-12-25,0.08324915014899666
2016-12-26,0.0812721283881871
2016-12-27,0.09501217409462832
2016-12-28,0.08849847130280468
2016-12-29,0.0845057286448722
2016-12-30,0.0828436581789501
2016-12-31,0.08563606174544203
2017-01-01,0.05457309368357759
2017-01-02,0.06738278770934551
2017-01-03,0.05708309212266197
2017-01-04,0.06302170939626724
2017-01-05,0.10433956586108167
2017-01-06,0.0820625376557916
2017-01-07,0.05575667894912247
2017-01-08,0.05171677781539937
2017-01-09,0.051265214973332016
2017-01-10,0.051291501162548
2017-01-11,0.05052543528631804
2017-01-12,0.05633342094571454
2017-01-13,0.06515125504568764
2017-01-14,0.05363680938924489
2017-01-15,0.0535233275042985
2017-01-16,0.05355398408372118
2017-01-17,0.053065789336562544
2017-01-18,0.075332629922437
2017-01-19,0.3770752698585554
2017-01-20,0.0534387796987885
2017-01-21,0.05356293801356583
2017-01-22,0.11850342443154747
2017-01-23,0.2691434583549127
2017-01-24,0.26269327534399456
2017-01-25,0.06600259118725899
2017-01-26,0.069478794326224
2017-01-27,0.06673052016441045
2017-01-28,0.06860342737320012
2017-01-29,0.06485682464609313
2017-01-30,0.10495082878840023
2017-01-31,0.06986343719545665
2017-02-01,0.06477672910267505
2017-02-02,0.08005735245380415
2017-02-03,0.12357198390691038
2017-02-04,0.22264324902186108
2017-02-05,0.19432234296726653
2017-02-06,0.19210771577941868
2017-02-07,1.0229840156797692
2017-02-08,0.8346307993012415
2017-02-09,0.20283297464118386
2017-02-10,0.4678487932908598
2017-02-11,0.2057333347887955
2017-02-12,0.29957780287718244
2017-02-13,0.17641189318863545
2017-02-14,0.0844926749569749
2017-02-15,0.08019084801390386
2017-02-16,0.11302755391877473
2017-02-17,0.44115553353987297
2017-02-18,0.2161584552259924
2017-02-19,0.10746247987299774
2017-02-20,0.09464822243569816
2017-02-21,0.09836479890103507
2017-02-22,0.10024915418196624
2017-02-23,0.10724313262959302
2017-02-24,0.1278412802642048
2017-02-25,0.2361730743259235
2017-02-26,0.3515298270627528
2017-02-27,0.7202709084898231
2017-02-28,0.4668035801801878
2017-03-01,0.4618154920872361
2017-03-02,0.4921349011468954
2017-03-03,0.6485188635939639
2017-03-04,0.5228954107970769
2017-03-05,0.5537475681345247
2017-03-06,0.5786080094908213
2017-03-07,0.496563135409978
2017-03-08,0.4768399450566008
2017-03-09,0.4538856218148565
2017-03-10,0.4328885717874631
2017-03-11,0.4142836171442557
2017-03-12,0.400226279856524
2017-03-13,0.4539435597689829
2017-03-14,0.5299669457320421
2017-03-15,0.7495957674518098
2017-03-16,1.0474845116252716
2017-03-17,0.7388621018466968
2017-03-18,0.6261453343371066
2017-03-19,0.986870141942112
2017-03-20,1.1295645148832172
2017-03-21,1.3640232204371636
2017-03-22,1.2925656123189206
2017-03-23,0.8882590071106801
2017-03-24,0.9266640287690852
2017-03-25,0.9911973897579082
2017-03-26,1.3299070441785898
2017-03-27,1.862294108552804
2017-03-28,3.0165087484551085
2017-03-29,3.6819680081385977
2017-03-30,2.997987119657588
2017-03-31,1.832686046457555
2017-04-01,2.7628344224888237
2017-04-02,2.768523858960921
2017-04-03,4.139226076850534
2017-04-04,2.232341208368686
2017-04-05,2.7715041179905198
2017-04-06,2.9346230557900466
2017-04-07,3.4082854891635312
2017-04-08,3.818289106447287
2017-04-09,2.5959309797821595
2017-04-10,2.9073887397692872
2017-04-11,3.026983620411291
2017-04-12,2.69363909070532
2017-04-13,3.413804448791713
2017-04-14,4.750908604391864
2017-04-15,3.76495702335964
2017-04-16,3.6266217463619
2017-04-17,2.4552203347002384
2017-04-18,2.339488721692028
2017-04-19,2.4130288571581726
2017-04-20,2.3058586393488456
2017-04-21,2.477216089646343
2017-04-22,2.148883201222022
2017-04-23,2.3220060857091163
2017-04-24,3.0751888216452588
2017-04-25,2.172924424576993
2017-04-26,2.169811399934209
2017-04-27,2.8173446324407387
2017-04-28,2.394020809321793
2017-04-29,2.6243562329305865
2017-04-30,2.8399354577585663
2017-05-01,2.6011816084214763
2017-05-02,2.615312697071777
2017-05-03,3.966337433659663
2017-05-04,5.597476354163195
2017-05-05,7.50378980094858
2017-05-06,13.809801652102776
2017-05-07,17.714230451347188
2017-05-08,18.976136492020466
2017-05-09,16.94547469508504
2017-05-10,7.90443320525707
2017-05-11,5.9612687297030185
2017-05-12,5.9197003820886565
2017-05-13,6.015764360315238
2017-05-14,5.895276888740224
2017-05-15,6.17002707375464
2017-05-16,7.998664267216216
2017-05-17,7.096766985642217
2017-05-18,6.146360824308893
2017-05-19,5.3301072394377425
2017-05-20,5.300691332084182
2017-05-21,5.1278591181310835
2017-05-22,5.113768830156297
2017-05-23,4.805858947320316
2017-05-24,4.731338458737666
2017-05-25,4.765520709968727
2017-05-26,5.402207824708989
2017-05-27,4.633015056009571
2017-05-28,4.291914460676371
2017-05-29,5.082992925560896
2017-05-30,6.405585134616102
2017-05-31,9.747319246176877
2017-06-01,14.805191434112151
2017-06-02,14.703170308287929
2017-06-03,11.696833121266716
2017-06-04,7.473626798846553
2017-06-05,7.331767881539014
2017-06-06,8.479182089517904
2017-06-07,10.141267424798649
2017-06-08,10.770348081708953
2017-06-09,10.601615918205908
2017-06-10,8.427352792531183
2017-06-11,7.561091448401838
2017-06-12,6.726098408020389
2017-06-13,5.126099232038784
2017-06-14,4.457638109161639
2017-06-15,4.074259126118247
2017-06-16,3.5806902912557392
2017-06-17,3.179307347264365
2017-06-18,3.167285993886208
2017-06-19,2.9904557926763866
2017-06-20,2.558252385662233
2017-06-21,2.4874624689515312
2017-06-22,2.288535911011172
2017-06-23,1.8681885319579576
2017-06-24,1.6891128063818095
2017-06-25,1.4136740558493408
2017-06-26,1.1803580293518317
2017-06-27,1.063951791795098
2017-06-28,1.1107354101282576
2017-06-29,1.037401894007453
2017-06-30,0.9558936557223292
2017-07-01,2.000384871625267
2017-07-02,1.74595798919249
2017-07-03,1.562359389628032
2017-07-04,1.4668888914971743
2017-07-05,1.1415584535949237
2017-07-06,1.0494798527366556
2017-07-07,0.9066144882297684
2017-07-08,0.8101842293014623
2017-07-09,0.6666264309460588
2017-07-10,0.5997959471821782
2017-07-11,0.5374380417832981
2017-07-12,0.4826314161167333
2017-07-13,0.4309702890558454
2017-07-14,0.3822705750168248
2017-07-15,0.3408853682488968
2017-07-16,0.3065531005959063
2017-07-17,0.2770049089943729
2017-07-18,0.268171336876708
2017-07-19,0.2346398810125422
2017-07-20,0.2162601060952827
2017-07-21,0.20051859418809492
2017-07-22,0.1870786467447109
2017-07-23,0.17552281356131905
2017-07-24,0.1658162972601844
2017-07-25,0.15788445395900486
2017-07-26,0.15137596240683582
2017-07-27,0.14577736411741682
2017-07-28,0.1407871195809414
2017-07-29,0.3394752748578697
2017-07-30,0.16233384297005024
2017-07-31,0.2181056121450864
2017-08-01,0.1772552064699642
2017-08-02,0.16584914765840256
2017-08-03,0.16723116150900594
2017-08-04,0.16036929655414273
2017-08-05,0.15736371611680974
2017-08-06,0.1545044368728407
2017-08-07,0.15177731595818342
2017-08-08,0.14907821024807338
2017-08-09,0.1465030042091977
2017-08-10,0.14412881071276215
2017-08-11,0.14191864309815355
2017-08-12,0.13983450264576575
2017-08-13,0.1379314242917418
2017-08-14,0.1362831427945633
2017-08-15,0.13464820778740302
2017-08-16,0.13294901095423833
2017-08-17,0.13129454644701927
2017-08-18,0.1296586520014012
2017-08-19,0.12804508230015887
2017-08-20,0.1265409451947937
2017-08-21,0.12513155293279413
2017-08-22,0.12375403714209228
2017-08-23,0.12240959797540805
2017-08-24,0.1211148856198878
2017-08-25,0.11989053294135582
2017-08-26,0.11879196331553656
2017-08-27,0.11783896405854825
2017-08-28,0.11700303416624333
2017-08-29,0.11630868625778545
2017-08-30,0.347200207502358
2017-08-31,0.6855778521136486
2017-09-01,0.36391525881256975
2017-09-02,0.5022848318837771
2017-09-03,0.2679010304904098
2017-09-04,0.0772844596159846
2017-09-05,0.05270680479240666
2017-09-06,0.05249074823517722
2017-09-07,0.05228995992952608
2017-09-08,0.05212617331197303
2017-09-09,0.05198225164276415
2017-09-10,0.05181473704961005
2017-09-11,0.05161980344774346
2017-09-12,0.05141371622973913
2017-09-13,0.05120445186313398
2017-09-14,0.05100024426510813
2017-09-15,0.050803764800750134
2017-09-16,0.05062266355823118
2017-09-17,0.0504681642934396
2017-09-18,0.050334705055752736
2017-09-19,0.0502156777916332
2017-09-20,0.05010218886743343
2017-09-21,0.0499873129610763
2017-09-22,0.04987811366948535
2017-09-23,0.04977309126793861
2017-09-24,0.04966574261571207
2017-09-25,0.04955569951672803
2017-09-26,0.049447851962732506
2017-09-27,0.049344590556702
2017-09-28,0.04924667072619058
2017-09-29,0.04915692674156344
2017-09-30,0.0490748265215096
2017-10-01,0.08218907208548024
2017-10-02,0.08208355934962584
2017-10-03,0.08199096475090528
2017-10-04,0.08190271310490503
2017-10-05,0.08180814101788347
2017-10-06,0.08171469472858693
2017-10-07,0.08163323415931788
2017-10-08,0.08156796964176151
2017-10-09,0.08151457197042733
2017-10-10,0.08146480280119431
2017-10-11,0.08141655218551716
2017-10-12,0.08261030899131636
2017-10-13,1.7487842275847665
2017-10-14,2.7466237312472246
2017-10-15,3.2278426493200536
2017-10-16,0.8642827539181844
2017-10-17,1.3048744782765198
2017-10-18,1.6270629687939455
2017-10-19,1.2206002436556624
2017-10-20,0.947349212465186
2017-10-21,0.7790664086678811
2017-10-22,0.1758269749214477
2017-10-23,0.12142871863165468
2017-10-24,0.2758740312457745
2017-10-25,0.17896241637052215
2017-10-26,0.15242989993674366
2017-10-27,1.048146965824012
2017-10-28,0.6389081934804138
2017-10-29,0.4362284542959974
2017-10-30,0.33856232479369924
2017-10-31,0.33857754556799546
2017-11-01,0.20664278955645152
2017-11-02,0.21762675115179494
2017-11-03,0.1688017715063819
2017-11-04,0.1173186697715522
2017-11-05,0.0951053100358372
2017-11-06,0.08877817963810225
2017-11-07,0.08918636208830381
2017-11-08,0.09314180789164704
2017-11-09,0.07519639047018269
2017-11-10,0.06979763137225313
2017-11-11,0.0661210753611625
2017-11-12,0.07168147167648742
2017-11-13,0.07182335292493333
2017-11-14,0.0640770212621478
2017-11-15,0.06404106118874768
2017-11-16,0.06397214057793582
2017-11-17,0.0639486912266615
2017-11-18,0.12602586665130278
2017-11-19,0.07302275008511007
2017-11-20,1.914615299636191
2017-11-21,4.010215348905313
2017-11-22,0.8123048250138787
2017-11-23,0.6732407018268891
2017-11-24,0.2102866917799867
2017-11-25,0.07181556748338487
2017-11-26,0.07254259478990298
2017-11-27,0.07309932329753796
2017-11-28,0.07355603443083171
2017-11-29,0.07858694765186706
2017-11-30,0.115113270420718
2017-12-01,0.12640106649469826
2017-12-02,0.13130569127445466
2017-12-03,0.2652220193159405
2017-12-04,0.5744223004284464
2017-12-05,0.14053977804313642
2017-12-06,0.13001268700098606
2017-12-07,0.09970359397789827
2017-12-08,0.09645733203233127
2017-12-09,0.094046212349657
2017-12-10,0.10439866812093264
2017-12-11,0.16634934310932314
2017-12-12,0.12490377830125834
2017-12-13,0.11481016112017027
2017-12-14,0.16512835439874848
2017-12-15,0.12494315607683272
2017-12-16,0.09817149290228036
2017-12-17,0.09459126350345608
2017-12-18,0.0913325882249356
2017-12-19,0.1975743231529343
2017-12-20,0.2295366644208119
2017-12-21,0.08439116175272905
2017-12-22,0.08797795397853468
2017-12-23,0.4818863556112899
2017-12-24,2.8315859272423682
2017-12-25,0.14474722920196234
2017-12-26,0.129840824637775
2017-12-27,0.14461683959262844
2017-12-28,0.14603107811767865
2017-12-29,0.15241515129791802
2017-12-30,0.1706419156000513
2017-12-31,0.5434225193159367
2018-01-01,0.17033593030434088
2018-01-02,0.1551827819427368
2018-01-03,0.1598740237342106
2018-01-04,0.15919588030713927
2018-01-05,0.15711668596529513
2018-01-06,0.15269602758807946
2018-01-07,0.17783365241956
2018-01-08,0.5728255644925155
2018-01-09,0.5126025265439501
2018-01-10,0.3191836124602616
2018-01-11,0.3320266262322753
2018-01-12,0.333602873250645
2018-01-13,0.3406154067086973
2018-01-14,0.3461367741092185
2018-01-15,0.3819492683332992
2018-01-16,0.3498495095081742
2018-01-17,0.6693550046545873
2018-01-18,0.3898316988599821
2018-01-19,0.5159764358127497
2018-01-20,0.4901728036744783
2018-01-21,0.4063694895970949
2018-01-22,0.4506557319823611
2018-01-23,0.5018659908581915
2018-01-24,0.6117070819219061
2018-01-25,0.5751533182179075
2018-01-26,0.7420487501083954
2018-01-27,0.931849359360172
2018-01-28,1.3209882791978451
2018-01-29,1.2151809046582045
2018-01-30,0.677744312060411
2018-01-31,0.5890888105962595
2018-02-01,0.4734208139384648
2018-02-02,0.4641460188629478
2018-02-03,0.4488326724710544
2018-02-04,0.5147783907674037
2018-02-05,0.5120806781452751
2018-02-06,0.7639069476052521
2018-02-07,0.7134903877771122
2018-02-08,0.9978154095228828
2018-02-09,2.8687401163353226
2018-02-10,0.8171695442297607
2018-02-11,0.5821848284597643
2018-02-12,0.7887508424584967
2018-02-13,0.8341403593063883
2018-02-14,0.6047339101867636
2018-02-15,0.5770436843791386
2018-02-16,0.5943711089890716
2018-02-17,0.6149436332110604
2018-02-18,0.5445458603971705
2018-02-19,0.5335325693090799
2018-02-20,0.5744307314099671
2018-02-21,1.0200892736510698
2018-02-22,0.5459721462908271
2018-02-23,0.5596047723980799
2018-02-24,0.5743211583246843
2018-02-25,0.5441392244400564
2018-02-26,0.4973014622515309
2018-02-27,0.4750485107117504
2018-02-28,0.4577679583519859
2018-03-01,0.5771157933325501
2018-03-02,0.5448596148157415
2018-03-03,0.5112945861950803
2018-03-04,0.5080049009545944
2018-03-05,0.6359364922157723
2018-03-06,0.7868497404130106
2018-03-07,0.9267371687479192
2018-03-08,1.0855790579593354
2018-03-09,1.287511448829503
2018-03-10,1.5339763518547165
2018-03-11,0.9221304574608252
2018-03-12,1.0014953842001233
2018-03-13,1.325267998294896
2018-03-14,1.0846028261044685
2018-03-15,0.9698955122396908
2018-03-16,0.9207703010397196
2018-03-17,0.8939809996604037
2018-03-18,0.8598287849288356
2018-03-19,0.840773459553181
2018-03-20,1.2921685956364033
2018-03-21,0.8372728452957798
2018-03-22,0.8644362718690917
2018-03-23,1.1494671524932092
2018-03-24,1.497124602004012
2018-03-25,1.6145841472959286
2018-03-26,1.6201414033215555
2018-03-27,2.008128674256008
2018-03-28,2.195380189853715
2018-03-29,2.2871562850408442
2018-03-30,1.6979063437579252
2018-03-31,1.7238577845380658
2018-04-01,1.5585384469949135
2018-04-02,1.6230512432365545
2018-04-03,1.8748188539281352
2018-04-04,2.203824099459488
2018-04-05,2.7639932726007683
2018-04-06,3.1664073601302616
2018-04-07,3.1538828000778683
2018-04-08,3.2794935208972364
2018-04-09,1.6557371420364349
2018-04-10,1.5352837009752471
2018-04-11,2.6834427554614444
2018-04-12,2.133180671090804
2018-04-13,1.458393144550206
2018-04-14,1.33417432666747
2018-04-15,1.2956916831492815
2018-04-16,1.3533743618379097
2018-04-17,1.5306713015876123
2018-04-18,1.2766020293515308
2018-04-19,1.270677100509222
2018-04-20,1.2277037342212505
2018-04-21,1.17747961968401
2018-04-22,1.192598448395282
2018-04-23,1.2025401960215951
2018-04-24,1.2044896178128763
2018-04-25,1.1865534281326484
2018-04-26,1.3294818658981151
2018-04-27,1.0988481649808823
2018-04-28,1.3397913799648848
2018-04-29,2.0822416318250583
2018-04-30,3.327441466037261
2018-05-01,4.367842215929839
2018-05-02,5.110765644300509
2018-05-03,4.840749289411982
2018-05-04,5.637079953644519
2018-05-05,7.362115033134914
2018-05-06,7.588930196266022
2018-05-07,9.208051333740922
2018-05-08,8.825707845912499
2018-05-09,8.667376119725876
2018-05-10,8.901960035326502
2018-05-11,11.211874867797263
2018-05-12,13.246440566750323
2018-05-13,10.133367673304765
2018-05-14,8.480906280018973
2018-05-15,4.179599007406957
2018-05-16,3.68341659478127
2018-05-17,3.7137064605290533
2018-05-18,3.9480021291373375
2018-05-19,5.693859421033436
2018-05-20,9.394988131468484
2018-05-21,14.224356613130086
2018-05-22,20.546929874823093
2018-05-23,22.341932741545293
2018-05-24,18.70767457071048
2018-05-25,16.264564123631878
2018-05-26,17.95561920487541
2018-05-27,17.849493293478886
2018-05-28,9.533080365117236
2018-05-29,10.139319433763626
2018-05-30,12.77198092712241
2018-05-31,12.345450697277913
2018-06-01,13.568278209022973
2018-06-02,20.01738228164568
2018-06-03,26.161151834946534
2018-06-04,19.59938693374049
2018-06-05,14.941873597662118
2018-06-06,10.044038164356925
2018-06-07,11.818143567323313
2018-06-08,16.074382151858973
2018-06-09,16.929099431526502
2018-06-10,18.49221928293667
2018-06-11,24.61140296359252
2018-06-12,26.833177751826987
2018-06-13,26.370481746731702
2018-06-14,12.786452403776352
2018-06-15,12.345909515171169
2018-06-16,18.490379746993263
2018-06-17,25.363423631585288
2018-06-18,33.96272097881964
2018-06-19,40.48153164608417
2018-06-20,43.59617464068484
2018-06-21,43.82364900808279
2018-06-22,44.842573302384885
2018-06-23,49.46299209007915
2018-06-24,50.067111325639274
2018-06-25,46.429142978557614
2018-06-26,47.543768387606676
2018-06-27,58.19391869650629
2018-06-28,57.417188581636935
2018-06-29,48.8695923561835
2018-06-30,41.420193087937456
2018-07-01,99.42830581590636
2018-07-02,98.13631822270732
2018-07-03,107.04548074580264
2018-07-04,108.84572919943173
2018-07-05,106.9631496680066
2018-07-06,99.25015720825499
2018-07-07,92.89574142679872
2018-07-08,89.5429964902925
2018-07-09,73.30455246784831
2018-07-10,67.6396770934744
2018-07-11,59.227185872825004
2018-07-12,52.11741365874772
2018-07-13,48.4387112937609
2018-07-14,47.47328279462587
2018-07-15,42.8903224716781
2018-07-16,39.81845079070664
2018-07-17,30.027529813885106
2018-07-18,27.486621233454876
2018-07-19,24.930098816738862
2018-07-20,23.419568346177087
2018-07-21,21.704719423130264
2018-07-22,19.453020532848548
2018-07-23,19.30808798854053
2018-07-24,17.954629475906795
2018-07-25,15.972207350049734
2018-07-26,12.991751171651318
2018-07-27,12.145039311990097
2018-07-28,11.590973963122005
2018-07-29,11.696746902666712
2018-07-30,11.00127839999161
2018-07-31,10.671796452487564
2018-08-01,14.095908171138067
2018-08-02,13.464967318055857
2018-08-03,11.147509781223324
2018-08-04,10.15787034595823
2018-08-05,9.536694627545943
2018-08-06,9.022882893472973
2018-08-07,8.728505326423527
2018-08-08,8.406348342434777
2018-08-09,7.694856297463041
2018-08-10,6.909100859415463
2018-08-11,6.878945128746093
2018-08-12,6.626377722262213
2018-08-13,6.371187278668808
2018-08-14,6.307761472288654
2018-08-15,6.1053126275164225
2018-08-16,5.9942416510659955
2018-08-17,5.5983663393289245
2018-08-18,4.6044654167195045
2018-08-19,3.5569882622353792
2018-08-20,2.983234773585476
2018-08-21,3.0348808308477824
2018-08-22,3.02847888100466
2018-08-23,3.43981176586878
2018-08-24,3.84126443353921
2018-08-25,3.7529286160359607
2018-08-26,3.773563767554645
2018-08-27,3.0799881118521917
2018-08-28,2.3662644442778618
2018-08-29,1.9151904894321945
2018-08-30,1.9181043890096952
2018-08-31,1.8197506093036004
2018-09-01,0.9786107142894902
2018-09-02,0.9985280834779056
2018-09-03,0.8191606382743988
2018-09-04,0.7848583978790037
2018-09-05,0.7403696339578705
2018-09-06,0.6969054551020967
2018-09-07,0.6177279413943297
2018-09-08,0.6016477207353489
2018-09-09,0.6115613830273297
2018-09-10,0.5690638416662752
2018-09-11,0.5511849370064539
2018-09-12,0.4684342843920166
2018-09-13,0.2959995930761333
2018-09-14,0.27465823817314244
2018-09-15,0.2557164985638331
2018-09-16,0.24009931556706016
2018-09-17,0.22408178497401515
2018-09-18,0.26135627891437585
2018-09-19,0.18762943765645468
2018-09-20,0.2746540279196303
2018-09-21,0.1632216672296588
2018-09-22,0.14625360398606055
2018-09-23,0.15156263879163534
2018-09-24,0.1316222224495338
2018-09-25,0.11878192338211585
2018-09-26,0.11100090040454133
2018-09-27,0.10703300795098072
2018-09-28,0.09933728192142394
2018-09-29,0.09410294532808858
2018-09-30,0.08915523344430827
2018-10-01,0.1421808918879214
2018-10-02,0.13604912270086034
2018-10-03,0.1306455591500781
2018-10-04,0.12583966302927935
2018-10-05,0.12164093936493235
2018-10-06,0.1180074787092078
2018-10-07,0.11487414651666507
2018-10-08,0.1122117511223402
2018-10-09,0.11017910466496456
2018-10-10,0.108646146769178
2018-10-11,0.10740073886345204
2018-10-12,0.10647371408971797
2018-10-13,0.10594219373776946
2018-10-14,0.10557942982491228
2018-10-15,0.10520671651871934
2018-10-16,0.10472538635094987
2018-10-17,0.1650480931811569
2018-10-18,0.20776008914342467
2018-10-19,0.15152246300423206
2018-10-20,0.32102654947148995
2018-10-21,0.19295732637893925
2018-10-22,0.11527258677562716
2018-10-23,0.10227147072785914
2018-10-24,0.10186089120088906
2018-10-25,0.1015001358237118
2018-10-26,0.1012291561392604
2018-10-27,0.101765657131865
2018-10-28,0.18630854246683728
2018-10-29,0.12452022645025768
2018-10-30,0.1104814213707724
2018-10-31,0.10761103393505192
2018-11-01,0.07853431813595267
2018-11-02,0.07564825614859784
2018-11-03,0.07211463889452989
2018-11-04,0.07186387802974975
2018-11-05,0.1944495485273595
2018-11-06,0.11292758130815682
2018-11-07,0.12216879466152282
2018-11-08,0.07683639964895543
2018-11-09,0.07003550597407575
2018-11-10,0.1828227240068066
2018-11-11,2.8941616809733848
2018-11-12,2.069836007061733
2018-11-13,0.6450539488817798
2018-11-14,8.45762533978911
2018-11-15,124.43763614680944
2018-11-16,29.814365019892954
2018-11-17,0.2508342730125057
2018-11-18,0.16670955591091646
2018-11-19,0.2043455138464248
2018-11-20,0.1972344242366683
2018-11-21,0.1621633809759552
2018-11-22,0.15292581760817078
2018-11-23,0.1535048266287646
2018-11-24,0.1514283790843754
2018-11-25,0.14986302944553964
2018-11-26,0.14892686739202726
2018-11-27,0.1499859842213137
2018-11-28,0.16778162318846515
2018-11-29,0.15014191357240042
2018-11-30,0.14482732421657668
2018-12-01,0.15313978963045527
2018-12-02,0.1563905219802022
2018-12-03,0.1664832956062242
2018-12-04,0.280996419354878
2018-12-05,0.20984499548429505
2018-12-06,0.218094507109362
2018-12-07,0.2037714043060086
2018-12-08,0.17901366235191246
2018-12-09,0.19189205405556534
2018-12-10,0.5086524443306066
2018-12-11,0.4598348119052584
2018-12-12,0.20504048420790347
2018-12-13,0.14359177193667524
2018-12-14,0.14616397572832426
2018-12-15,0.14381582108677085
2018-12-16,0.143657664245405
2018-12-17,0.1422934088238824
2018-12-18,0.14175311121982542
2018-12-19,0.14124839217661786
2018-12-20,0.14560507790019564
2018-12-21,0.159681676064116
2018-12-22,0.16943351543271792
2018-12-23,0.14386327331348248
2018-12-24,0.1400036063540403
2018-12-25,0.13908093818756287
2018-12-26,0.13875498707851988
2018-12-27,0.13843587200502874
2018-12-28,0.14823112401994634
2018-12-29,0.17476989807730894
2018-12-30,0.17616833931786624
2018-12-31,0.14688376503040598
2019-01-01,0.1204269482261696
2019-01-02,0.16167063772573834
2019-01-03,0.13783347224166126
2019-01-04,0.1893182707058538
2019-01-05,0.15335220447881684
2019-01-06,0.1383654016739206
2019-01-07,0.11061916421206984
2019-01-08,0.11877347629028505
2019-01-09,0.13341736505220653
2019-01-10,0.09593175776943312
2019-01-11,0.09639346280669656
2019-01-12,0.1364012785983079
2019-01-13,0.14035086372148733
2019-01-14,0.09442121864404147
2019-01-15,0.09875280043210004
2019-01-16,0.09440541796147547
2019-01-17,0.10104830777072014
2019-01-18,0.12102569199733422
2019-01-19,0.15316081736610415
2019-01-20,0.1486860024866501
2019-01-21,0.16617729854501193
2019-01-22,0.17329865329163807
2019-01-23,0.11242209786282664
2019-01-24,0.2235056167847725
2019-01-25,0.2797426446483617
2019-01-26,0.13951725869220452
2019-01-27,0.25688105749374274
2019-01-28,0.5028879651920758
2019-01-29,0.26018091276968336
2019-01-30,0.20096819895825416
2019-01-31,0.21582082640011824
2019-02-01,0.18688241843482492
2019-02-02,0.19681774614209896
2019-02-03,0.19041596380597653
2019-02-04,0.2241959570190818
2019-02-05,0.2541176977561909
2019-02-06,0.23247475720822744
2019-02-07,0.2789844352079308
2019-02-08,0.2277478764899401
2019-02-09,0.2239992738862903
2019-02-10,0.21463383323854746
2019-02-11,0.22033632094701064
2019-02-12,0.2194337561768378
2019-02-13,0.2903306030550236
2019-02-14,0.3387946554539888
2019-02-15,0.30378444918482106
2019-02-16,0.286790609205769
2019-02-17,0.3146508012135937
2019-02-18,0.34846604159084177
2019-02-19,0.3564312161792182
2019-02-20,0.3830951354102508
2019-02-21,0.40324408663415306
2019-02-22,0.34570434593808896
2019-02-23,0.3506498478620473
2019-02-24,0.35014170374039577
2019-02-25,0.3818003251095712
2019-02-26,0.4094227180722045
2019-02-27,0.429565295395959
2019-02-28,0.6720130053480831
2019-03-01,1.6519049555069347
2019-03-02,2.4031621647210986
2019-03-03,1.4641982170618293
2019-03-04,0.941377224102892
2019-03-05,0.9105486114148444
2019-03-06,0.8393379769702972
2019-03-07,0.8119709725688131
2019-03-08,0.7872492162979899
2019-03-09,0.8394429999234675
2019-03-10,0.7443662080692004
2019-03-11,0.7265207142764813
2019-03-12,0.7346661961520855
2019-03-13,0.7704849794224548
2019-03-14,0.8320242531513539
2019-03-15,0.7274269758046596
2019-03-16,0.7131372046566017
2019-03-17,0.7156994889433163
2019-03-18,0.7876560093335069
2019-03-19,0.6511201595681992
2019-03-20,0.6350643578415929
2019-03-21,0.6165660507502035
2019-03-22,0.6355523764340385
2019-03-23,0.5916548438695471
2019-03-24,0.8139454626226673
2019-03-25,0.6823850745860081
2019-03-26,0.7240430626764484
2019-03-27,0.6578994008866913
2019-03-28,0.8381964175675037
2019-03-29,0.8162583580770114
2019-03-30,0.995935710485062
2019-03-31,0.8619706829593857
2019-04-01,0.80840567690165
2019-04-02,1.0739181131065787
2019-04-03,1.5585441368502124
2019-04-04,2.1535570299939897
2019-04-05,1.3373280080781291
2019-04-06,1.0062015298554987
2019-04-07,1.0360692863731067
2019-04-08,1.0291196252229524
2019-04-09,0.9508807865053212
2019-04-10,0.9447127198800684
2019-04-11,0.9524506365394072
2019-04-12,1.5079987409069089
2019-04-13,2.4682685476063737
2019-04-14,3.563143813755417
2019-04-15,5.476208795558513
2019-04-16,5.5118291481853445
2019-04-17,3.312171947518794
2019-04-18,3.921753042318494
2019-04-19,3.904766301390328
2019-04-20,4.443581890304415
2019-04-21,6.515065722060325
2019-04-22,7.449034487395427
2019-04-23,4.721166276728028
2019-04-24,5.28144609301741
2019-04-25,7.422066208348188
2019-04-26,6.658734436715759
2019-04-27,3.6818963228226576
2019-04-28,3.675949394831117
2019-04-29,4.125733228500754
2019-04-30,4.322288386552349
2019-05-01,5.256019405549191
2019-05-02,6.234041248811972
2019-05-03,7.9679091379908495
2019-05-04,4.16725528992971
2019-05-05,4.011516648432196
2019-05-06,4.21065835934136
2019-05-07,4.457998221700562
2019-05-08,3.866274278419165
2019-05-09,3.907244367842368
2019-05-10,3.6094901439969513
2019-05-11,3.6324263962676047
2019-05-12,3.646100278300528
2019-05-13,3.275293033338797
2019-05-14,3.0595659712595658
2019-05-15,2.9000755470817614
2019-05-16,2.7638245950015654
2019-05-17,3.096955012565855
2019-05-18,3.795336211489497
2019-05-19,5.055202005524865
2019-05-20,6.47012131971779
2019-05-21,7.859270686040041
2019-05-22,9.263446282919029
2019-05-23,11.20703259373799
2019-05-24,9.158292992831127
2019-05-25,9.662756313173587
2019-05-26,10.844039440496736
2019-05-27,10.296288400730717
2019-05-28,12.444100194240574
2019-05-29,16.193371656959165
2019-05-30,10.1115320029704
2019-05-31,6.826107254326083
2019-06-01,7.5662402591440125
2019-06-02,9.436883596736864
2019-06-03,13.315754392409866
2019-06-04,17.735584457041053
2019-06-05,25.271713265788804
2019-06-06,32.012263431094645
2019-06-07,30.946203910345535
2019-06-08,35.143655471197555
2019-06-09,32.02842692639108
2019-06-10,26.003146644497523
2019-06-11,23.545961031073734
2019-06-12,18.760612267668677
2019-06-13,17.756340049620434
2019-06-14,11.855265824651385
2019-06-15,10.040990848433657
2019-06-16,7.028801121939411
2019-06-17,5.188286350657012
2019-06-18,5.083056303024736
2019-06-19,4.634733167100143
2019-06-20,4.165689828510247
2019-06-21,3.6076294182520336
2019-06-22,3.234754235869131
2019-06-23,3.2565195372889044
2019-06-24,3.214410728406541
2019-06-25,2.8399886222253183
2019-06-26,2.5457795028352974
2019-06-27,2.2340338498342858
2019-06-28,1.9301210331526624
2019-06-29,1.9257201579686776
2019-06-30,1.9795888781715572
2019-07-01,3.9603315500879046
2019-07-02,3.3585361465306374
2019-07-03,2.813116250256264
2019-07-04,2.5858822809058126
2019-07-05,2.2959101709128507
2019-07-06,2.0799108222265152
2019-07-07,1.957212602467151
2019-07-08,1.7839270319186795
2019-07-09,1.5885261031701197
2019-07-10,1.4863190931487122
2019-07-11,1.4090261150504997
2019-07-12,1.379397158516572
2019-07-13,1.3037481518899452
2019-07-14,1.2602220409877645
2019-07-15,1.2097173140060804
2019-07-16,1.1354894702906315
2019-07-17,1.1413434238982525
2019-07-18,1.2770581630347275
2019-07-19,1.256051542477579
2019-07-20,1.1028921671502865
2019-07-21,1.0989300040807908
2019-07-22,0.8332139840771335
2019-07-23,0.8057905943063176
2019-07-24,0.6991857223892697
2019-07-25,0.6430887313695469
2019-07-26,0.5804281309693643
2019-07-27,0.470100717166508
2019-07-28,0.43159906711889945
2019-07-29,0.3913842779198718
2019-07-30,0.3582339788938104
2019-07-31,0.3239655217731305
2019-08-01,0.3775350931744913
2019-08-02,0.3415785075461957
2019-08-03,0.3094938369412595
2019-08-04,0.2814103903186023
2019-08-05,0.2566189153332138
2019-08-06,0.2350496581829332
2019-08-07,0.2167951605312338
2019-08-08,0.2022937919479325
2019-08-09,0.19077591587004894
2019-08-10,0.1809793494719104
2019-08-11,0.1769537233469215
2019-08-12,0.16619745349048726
2019-08-13,0.1630829253244012
2019-08-14,0.15563704125074718
2019-08-15,0.1516039595811334
2019-08-16,0.14845631247405505
2019-08-17,0.1459014721618968
2019-08-18,0.14367154967366402
2019-08-19,0.14163261248475473
2019-08-20,0.13963976108838375
2019-08-21,0.1376803809528774
2019-08-22,0.135685121833224
2019-08-23,0.1336548525023601
2019-08-24,0.1317380172083562
2019-08-25,0.129986372382175
2019-08-26,0.1284206659680004
2019-08-27,0.12704565859394631
2019-08-28,0.125928678293784
2019-08-29,0.12513311737401456
2019-08-30,0.1243797747455618
2019-08-31,0.1234202616393362
2019-09-01,0.05608981122694517
2019-09-02,0.055597307560595166
2019-09-03,0.06917229806739565
2019-09-04,0.05476670277890449
2019-09-05,0.05439383907481617
2019-09-06,0.05403576051924268
2019-09-07,0.05368807838050736
2019-09-08,0.0533827449406335
2019-09-09,0.05316334033998416
2019-09-10,0.05302839126951634
2019-09-11,0.05289389212470225
2019-09-12,0.05270760315510158
2019-09-13,0.0525094775489679
2019-09-14,0.052527752663617436
2019-09-15,0.08928215819311393
2019-09-16,0.061225083130792224
2019-09-17,0.06762851701038762
2019-09-18,0.07237838672657287
2019-09-19,0.051803931443730585
2019-09-20,0.051631877833838415
2019-09-21,0.05148799089932999
2019-09-22,0.07093934142709482
2019-09-23,0.06483053373849124
2019-09-24,0.06011203746033545
2019-09-25,0.05216877851460412
2019-09-26,0.05155387013899746
2019-09-27,0.05111670312909082
2019-09-28,0.05101125866194507
2019-09-29,0.05089101241674586
2019-09-30,0.05076904672147768
2019-10-01,0.08496323268402996
2019-10-02,0.08478730060686637
2019-10-03,0.08461056883129886
2019-10-04,0.08445147640740512
2019-10-05,0.08433815164616794
2019-10-06,0.0842631401667654
2019-10-07,0.08418173073330543
2019-10-08,0.08408241665965614
2019-10-09,0.08398071653053328
2019-10-10,0.08396312693065701
2019-10-11,0.08379934218259813
2019-10-12,0.0836995833871317
2019-10-13,0.08359285503924753
2019-10-14,0.08424493116172636
2019-10-15,0.08408860790512213
2019-10-16,0.08358990490100204
2019-10-17,0.08321568489587859
2019-10-18,0.08311176092184526
2019-10-19,0.08300455796842912
2019-10-20,0.08289948993771651
2019-10-21,0.08280185183773188
2019-10-22,0.08271988218530159
2019-10-23,0.08265076722220177
2019-10-24,0.08258363489874644
2019-10-25,0.08250718088404498
2019-10-26,0.08242415566836257
2019-10-27,0.08234485964109671
2019-10-28,0.08226113646980125
2019-10-29,0.08217394871256352
2019-10-30,0.08209103883801057
2019-10-31,0.0820137079108204
2019-11-01,0.05485859248866265
2019-11-02,0.054817402681033384
2019-11-03,0.05478270204933182
2019-11-04,0.05475443991432391
2019-11-05,0.05472804301799676
2019-11-06,0.05470299626642255
2019-11-07,0.05468330383212125
2019-11-08,0.054665898691837314
2019-11-09,0.05464861230493322
2019-11-10,0.05463123109250261
2019-11-11,0.05461382136328692
2019-11-12,0.05459647860542775
2019-11-13,0.05569416632013258
2019-11-14,0.062174218182002076
2019-11-15,0.056912293011484
2019-11-16,0.055240492471706655
2019-11-17,0.054811526169143296
2019-11-18,0.06327200092157162
2019-11-19,0.055564482095571306
2019-11-20,0.06968967488003118
2019-11-21,0.10330634535775544
2019-11-22,0.09489501450887214
2019-11-23,0.0901316093933497
2019-11-24,0.08762668835826988
2019-11-25,0.07742812123469442
2019-11-26,0.07364528334860627
2019-11-27,0.06542790732743184
2019-11-28,0.06496069786284013
2019-11-29,0.07691274202234796
2019-11-30,0.06270126947742494
2019-12-01,0.08345027339140075
2019-12-02,0.11963453771082876
2019-12-03,0.14436642485565765
2019-12-04,0.3024628069850986
2019-12-05,0.08657165143411
2019-12-06,0.06564715750253149
2019-12-07,0.062060484002229285
2019-12-08,0.057519613825690576
2019-12-09,0.05986640617804884
2019-12-10,0.07875537414669534
2019-12-11,0.0683623090329071
2019-12-12,0.07072988174941915
2019-12-13,0.07125260222839776
2019-12-14,0.07634182453049056
2019-12-15,0.06407155734233838
2019-12-16,0.07584754122941358
2019-12-17,0.06423642466446779
2019-12-18,0.25991582166396
2019-12-19,1.0445544607440211
2019-12-20,0.7759062311241716
2019-12-21,2.00777741305628
2019-12-22,0.2980807416451688
2019-12-23,0.2002433838251032
2019-12-24,0.6017967430312892
2019-12-25,0.0726329403724076
2019-12-26,0.11164661464656356
2019-12-27,0.8783017946728359
2019-12-28,0.08878712987655042
2019-12-29,0.10248198113583877
2019-12-30,0.4485660777333291
2019-12-31,0.9981670567105844
2020-01-01,0.19026320595689375
2020-01-02,0.1385731953063337
2020-01-03,0.0581457309403083
2020-01-04,0.12389205064131532
2020-01-05,0.07821256848244909
2020-01-06,0.09543331259746532
2020-01-07,0.931497731110702
2020-01-08,2.5932461454602325
2020-01-09,1.1831121013717008
2020-01-10,0.2869223017279323
2020-01-11,0.23258630313241085
2020-01-12,0.2409940847446116
2020-01-13,0.2420026931755668
2020-01-14,0.2526315847381017
2020-01-15,0.2588851004541362
2020-01-16,0.2534237860649317
2020-01-17,0.24336099411423925
2020-01-18,0.2372744610247433
2020-01-19,0.23062449919333106
2020-01-20,0.2237190469527358
2020-01-21,0.2168509974621601
2020-01-22,0.2097246082256484
2020-01-23,0.21019726012721301
2020-01-24,0.22079661525088706
2020-01-25,0.21426869274040372
2020-01-26,0.2187790619526628
2020-01-27,0.3417219751800569
2020-01-28,0.6798054029941561
2020-01-29,0.8571706793185853
2020-01-30,0.4917007188841946
2020-01-31,0.5966646465112267
2020-02-01,0.4531291399488148
2020-02-02,0.42970462121950737
2020-02-03,0.42148249837784735
2020-02-04,0.36304603051086864
2020-02-05,0.3552814340336529
2020-02-06,0.3614024570629088
2020-02-07,0.3612369108485767
2020-02-08,0.3526569042200073
2020-02-09,0.4819444975210784
2020-02-10,0.4782379262756302
2020-02-11,0.4821672509517961
2020-02-12,0.4400232135847417
2020-02-13,0.4221033269886461
2020-02-14,0.4100812051113856
2020-02-15,0.3927129427834351
2020-02-16,0.38646194781751175
2020-02-17,0.4029114881548645
2020-02-18,0.4699250719938749
2020-02-19,0.5673797928206056
2020-02-20,0.4858403010993994
2020-02-21,0.4856419607450853
2020-02-22,0.4910888152638734
2020-02-23,0.4773763518443331
2020-02-24,0.4959441723479576
2020-02-25,0.4678994377020013
2020-02-26,0.4980614081576696
2020-02-27,0.4627817005784095
2020-02-28,0.4479219352055817
2020-02-29,0.43991806884438855
2020-03-01,0.5252826892282797
2020-03-02,0.5037177057793123
2020-03-03,0.4826999421888661
2020-03-04,0.4646057445443955
2020-03-05,0.5045464110983974
2020-03-06,0.5774906792087222
2020-03-07,0.7377147281776585
2020-03-08,0.8339905558133258
2020-03-09,0.4894718396198182
2020-03-10,0.4963550713602175
2020-03-11,0.4937966000409635
2020-03-12,0.4734357016220363
2020-03-13,0.5083079532514134
2020-03-14,0.4958214858941633
2020-03-15,0.4491815448168227
2020-03-16,0.4325816334632176
2020-03-17,0.4456441358841695
2020-03-18,0.5091405962494229
2020-03-19,0.5926294589608536
2020-03-20,0.4880438552850235
2020-03-21,0.5178366066463368
2020-03-22,0.5715932083425389
2020-03-23,0.738765141920765
2020-03-24,0.9751368290788656
2020-03-25,0.7852583699425746
2020-03-26,0.7192724442998549
2020-03-27,0.8911829060764732
2020-03-28,0.9334397611243296
2020-03-29,0.8359598733061813
2020-03-30,0.7786406155457775
2020-03-31,0.8969129641808149
2020-04-01,0.7004827128030824
2020-04-02,0.733502082113531
2020-04-03,1.0339688200676027
2020-04-04,0.9516409379700596
2020-04-05,0.7879333931401824
2020-04-06,0.9440481423431892
2020-04-07,0.922143014316412
2020-04-08,0.8626642728587319
2020-04-09,0.8586184358688568
2020-04-10,0.7574496555681774
2020-04-11,0.7729023067123244
2020-04-12,0.953984521386841
2020-04-13,1.27539561752049
2020-04-14,1.7900928605925737
2020-04-15,2.307393503546337
2020-04-16,2.3946984800220417
2020-04-17,1.1428873906902424
2020-04-18,0.9656139364821016
2020-04-19,0.9919784564752578
2020-04-20,0.9658998084272976
2020-04-21,0.9622933098550791
2020-04-22,1.0566034674347835
2020-04-23,1.3242795957776854
2020-04-24,1.946379092415348
2020-04-25,2.2695900193687994
2020-04-26,2.810849078154257
2020-04-27,3.3311382403453544
2020-04-28,1.8862956226197705
2020-04-29,1.4468565685627932
2020-04-30,1.2962131134996815
2020-05-01,1.2041353734028992
2020-05-02,1.4961540363479684
2020-05-03,2.6833220838602987
2020-05-04,1.7816160603085434
2020-05-05,1.6937856560240152
2020-05-06,1.6304031677119482
2020-05-07,1.779177978099219
2020-05-08,1.5139455464367848
2020-05-09,1.4387286343247427
2020-05-10,1.4088476681259785
2020-05-11,1.4431443275488316
2020-05-12,2.2204530197891508
2020-05-13,3.1278362863355045
2020-05-14,3.463693133534393
2020-05-15,4.429561867538414
2020-05-16,2.1557168154312105
2020-05-17,2.101572764310462
2020-05-18,2.1370489324129154
2020-05-19,3.2869435465338053
2020-05-20,4.2642878891778055
2020-05-21,4.214789778362531
2020-05-22,8.469692521301166
2020-05-23,9.384944262896363
2020-05-24,11.043829690674222
2020-05-25,16.05716254435297
2020-05-26,24.073105686378714
2020-05-27,22.461945367273547
2020-05-28,22.794694431584002
2020-05-29,29.129530166833916
2020-05-30,29.449389363034808
2020-05-31,37.401014743574784
2020-06-01,40.705531573565494
2020-06-02,38.76318040944868
2020-06-03,37.84321305297073
2020-06-04,41.06876296176069
2020-06-05,45.325387399512046
2020-06-06,34.88689105597051
2020-06-07,35.730695148526344
2020-06-08,31.820062534696802
2020-06-09,29.98182315508621
2020-06-10,33.1585051141004
2020-06-11,35.31679506720772
2020-06-12,13.087761990129767
2020-06-13,16.50059577190207
2020-06-14,19.984470030495306
2020-06-15,20.25079740339607
2020-06-16,20.00793354190511
2020-06-17,19.02998521679458
2020-06-18,20.009929448731967
2020-06-19,20.257986954665693
2020-06-20,21.113528221815496
2020-06-21,21.57102129972459
2020-06-22,23.589198661707183
2020-06-23,22.82294261916467
2020-06-24,20.196055831028023
2020-06-25,16.88214515488641
2020-06-26,14.490328754210775
2020-06-27,12.974663871329904
2020-06-28,10.424839636001519
2020-06-29,8.649149950200442
2020-06-30,7.506458788093416
2020-07-01,15.307113621126215
2020-07-02,13.734297119027724
2020-07-03,13.082355809935866
2020-07-04,11.744874475074315
2020-07-05,10.42968143961772
2020-07-06,9.394944686839844
2020-07-07,7.828456471489905
2020-07-08,7.3449933791327
2020-07-09,7.153163680210429
2020-07-10,6.915583542903852
2020-07-11,7.010052847206848
2020-07-12,5.921144050719673
2020-07-13,5.7957383258935735
2020-07-14,5.734091920290267
2020-07-15,4.976729975379373
2020-07-16,4.651208085070458
2020-07-17,4.255838463499984
2020-07-18,4.153683385208256
2020-07-19,3.450620047245474
2020-07-20,3.212743592497127
2020-07-21,2.86630627126864
2020-07-22,2.49483398170892
2020-07-23,2.423347312541132
2020-07-24,2.281731374670549
2020-07-25,2.1297597466607456
2020-07-26,2.182759996084039
2020-07-27,1.7802717915728217
2020-07-28,1.8031378745542779
2020-07-29,1.695600388712978
2020-07-30,1.6940951296470603
2020-07-31,1.3966374581256324
2020-08-01,1.7398549548479865
2020-08-02,1.6887909791087108
2020-08-03,1.5423911846188298
2020-08-04,1.5421525200167965
2020-08-05,1.440124213184928
2020-08-06,1.084804859638394
2020-08-07,0.9976821478113082
2020-08-08,0.8945466235760621
2020-08-09,0.7357903481203173
2020-08-10,0.7016029078753311
2020-08-11,0.6581242431981096
2020-08-12,0.5245318042608896
2020-08-13,0.4717442480184118
2020-08-14,0.4180290919391125
2020-08-15,0.38094651074440944
2020-08-16,0.3439098599187361
2020-08-17,0.309888719145485
2020-08-18,0.2808598267188251
2020-08-19,0.2567092052174216
2020-08-20,0.2359390369609391
2020-08-21,0.21832262406826788
2020-08-22,0.21342687845312214
2020-08-23,0.5644380352710104
2020-08-24,1.5186446689432178
2020-08-25,0.19491058951257773
2020-08-26,0.18444286573075008
2020-08-27,0.17813008050244875
2020-08-28,0.1723015489678658
2020-08-29,0.16708285908787535
2020-08-30,0.16223558305591354
2020-08-31,0.15758840871500518
2020-09-01,0.07026754209564952
2020-09-02,0.06855254164244656
2020-09-03,0.06711751871848945
2020-09-04,0.06588422244768535
2020-09-05,0.06474030234961285
2020-09-06,0.0635956571531235
2020-09-07,0.06248547853207202
2020-09-08,0.061476506694223824
2020-09-09,0.060613156244329315
2020-09-10,0.059891475991904176
2020-09-11,0.2006552269103861
2020-09-12,0.058815138428395926
2020-09-13,0.05834840869344993
2020-09-14,0.057896072432323135
2020-09-15,0.05747872661046341
2020-09-16,0.05708985670181985
2020-09-17,0.057566296444532324
2020-09-18,0.05648076692548385
2020-09-19,0.05686961362179568
2020-09-20,0.05591365512959713
2020-09-21,0.11509602301649
2020-09-22,0.13084603768295167
2020-09-23,0.1230491764237922
2020-09-24,0.06013322424037725
2020-09-25,0.06228811314394635
2020-09-26,0.9151036392504184
2020-09-27,0.13403714581678608
2020-09-28,0.055732300348046535
2020-09-29,0.05477084386552432
2020-09-30,0.058824835256375135
2020-10-01,0.1018738206090328
2020-10-02,0.0908270454417192
2020-10-03,0.09045284791310207
2020-10-04,0.0900897960267769
2020-10-05,0.0897812977302412
2020-10-06,0.08950840610632503
2020-10-07,0.08923803844603766
2020-10-08,0.0889860515060039
2020-10-09,0.0928983806628166
2020-10-10,0.08869277971275841
2020-10-11,0.08861657370905003
2020-10-12,0.0886287894884113
2020-10-13,0.1685604211296336
2020-10-14,0.1613806944097346
2020-10-15,0.08928012851941221
2020-10-16,0.0881468963074489
2020-10-17,0.08798344506829296
2020-10-18,0.08985602041791928
2020-10-19,0.13995123469960122
2020-10-20,0.8752598979321484
2020-10-21,0.4058692356014237
2020-10-22,0.16312028573732862
2020-10-23,0.350024738196719
2020-10-24,0.2162378201376295
2020-10-25,0.5556679173045925
2020-10-26,0.5803277076362111
2020-10-27,0.6640617020270256
2020-10-28,0.3621387269157074
2020-10-29,0.1789293178049239
2020-10-30,0.2512158093040775
2020-10-31,0.16603853599723653
2020-11-01,0.2218903020191992
2020-11-02,0.11377985737768415
2020-11-03,0.19842853228632465
2020-11-04,0.16318390031115268
2020-11-05,0.24115755926648105
2020-11-06,2.3133592303379915
2020-11-07,3.296579935279185
2020-11-08,0.7670423752207162
2020-11-09,0.24966774417246365
2020-11-10,0.3667777906740034
2020-11-11,0.4545792160947075
2020-11-12,0.4936433339033125
2020-11-13,0.6960254022922701
2020-11-14,0.5168339593485771
2020-11-15,0.34235572473070736
2020-11-16,0.1782738648838947
2020-11-17,0.13251941451138094
2020-11-18,0.09533337760348763
2020-11-19,0.09751986773379936
2020-11-20,0.08905466660997141
2020-11-21,0.4536638330733752
2020-11-22,0.07454089875282931
2020-11-23,0.07873118940680525
2020-11-24,0.07682001790123895
2020-11-25,0.2721443263093273
2020-11-26,0.3627703441849
2020-11-27,0.3836153401094048
2020-11-28,0.1230647483520749
2020-11-29,0.09233243664476316
2020-11-30,0.07456498062615878
2020-12-01,0.0826807814670865
2020-12-02,0.31028364475554304
2020-12-03,0.1069488948149545
2020-12-04,0.07968206566100543
2020-12-05,0.08893892615521565
2020-12-06,0.07863838781110093
2020-12-07,0.07883347628216555
2020-12-08,0.07911642589786035
2020-12-09,0.10381274800799416
2020-12-10,0.10015855910181216
2020-12-11,0.08418308629042331
2020-12-12,0.07978602873774393
2020-12-13,0.08016962981573454
2020-12-14,0.08086305547432678
2020-12-15,0.08207969195567325
2020-12-16,0.08420383723814777
2020-12-17,0.08202610490382299
2020-12-18,0.10813803388010873
2020-12-19,0.09658415366502048
2020-12-20,0.08897498190802916
2020-12-21,0.08364532483014295
2020-12-22,0.08067135632125551
2020-12-23,0.08303902811439169
2020-12-24,0.08358720820906658
2020-12-25,0.08207507210271528
2020-12-26,0.09059899321147363
2020-12-27,0.08598610008041717
2020-12-28,0.09018349145322048
2020-12-29,0.08465581338824049
2020-12-30,0.13647316053459888
2020-12-31,0.12701618654365468
2021-01-01,0.05065835551532833
2021-01-02,0.051751754270706295
2021-01-03,0.10919513479280947
2021-01-04,0.5067070483462535
2021-01-05,0.3111702194243992
2021-01-06,0.2998022325079715
2021-01-07,0.08066719888040125
2021-01-08,0.10004924684768084
2021-01-09,0.10923517820794436
2021-01-10,0.08531289062454178
2021-01-11,0.07703381968390717
2021-01-12,0.07519413798807999
2021-01-13,0.07963964924329288
2021-01-14,0.09899559558467598
2021-01-15,0.0928228857487105
2021-01-16,0.07667516095999323
2021-01-17,0.07082365011353978
2021-01-18,0.09952358683842374
2021-01-19,0.15748253228782255
2021-01-20,0.08138757813283383
2021-01-21,0.15087344310493775
2021-01-22,0.2375984965971543
2021-01-23,0.12631906408595125
2021-01-24,0.13255460059901644
2021-01-25,0.13129857559521993
2021-01-26,0.12798516421092587
2021-01-27,0.12403193644265442
2021-01-28,0.11996501162411725
2021-01-29,0.11600670116503585
2021-01-30,0.11321156233363018
2021-01-31,0.108772789141887
2021-02-01,0.08674771481415823
2021-02-02,0.08428537109229138
2021-02-03,0.08200945721907624
2021-02-04,0.07990530180407042
2021-02-05,0.07795884223955239
2021-02-06,0.07615679351620934
2021-02-07,0.0746542340776855
2021-02-08,0.07494062217907263
2021-02-09,0.07432629353242322
2021-02-10,0.07096233961979771
2021-02-11,0.07805576603166807
2021-02-12,0.0878564723710107
2021-02-13,0.08638530335633872
2021-02-14,0.1068494865549886
2021-02-15,0.15248272788922235
2021-02-16,0.1926487404390911
2021-02-17,0.26215551106723817
2021-02-18,0.3365078975537905
2021-02-19,0.2416672941264553
2021-02-20,0.2307012198332947
2021-02-21,0.30642483844251506
2021-02-22,0.26833918868655005
2021-02-23,0.6626455367701879
2021-02-24,0.2971161039173138
2021-02-25,0.23634671898605586
2021-02-26,0.23700223939477044
2021-02-27,0.23547217688372535
2021-02-28,0.22872736859468865
2021-03-01,0.2792756436241746
2021-03-02,0.27659205580385265
2021-03-03,0.3003328712977652
2021-03-04,0.3354481427733571
2021-03-05,0.2866228775070676
2021-03-06,0.43429203830065627
2021-03-07,0.3563855952210153
2021-03-08,0.3513247940696043
2021-03-09,0.3245898241173021
2021-03-10,0.43190054880757256
2021-03-11,0.4668543975303262
2021-03-12,0.8891044859528986
2021-03-13,0.4988404261605333
2021-03-14,0.6305209863510275
2021-03-15,0.6330609690340796
2021-03-16,0.4555296353471616
2021-03-17,0.5479128774742595
2021-03-18,0.5056638828882963
2021-03-19,0.7401758374858491
2021-03-20,0.5592197054644491
2021-03-21,0.4775744748689945
2021-03-22,0.4637409127799945
2021-03-23,0.5440761683412956
2021-03-24,0.6500376028662265
2021-03-25,0.8577450684846986
2021-03-26,0.6769596563140835
2021-03-27,0.7805513050021111
2021-03-28,0.5196318101014868
2021-03-29,0.6063900607605539
2021-03-30,0.6960818849313181
2021-03-31,0.6531724418205411
2021-04-01,0.7077070993214793
2021-04-02,0.7131674102825379
2021-04-03,1.0093432824558002
2021-04-04,1.2624338934059156
2021-04-05,0.7445237414932715
2021-04-06,0.7201794436693687
2021-04-07,0.9949948666760621
2021-04-08,1.0919808480750453
2021-04-09,1.2591849751897164
2021-04-10,0.8019782786363819
2021-04-11,1.315124539306995
2021-04-12,1.5722931064989687
2021-04-13,1.8550256929374471
2021-04-14,0.7379821766575844
2021-04-15,0.8232712934224544
2021-04-16,1.4015721867323414
2021-04-17,1.8652001858435785
2021-04-18,3.0119478701740507
2021-04-19,3.440671732683671
2021-04-20,3.744532450405227
2021-04-21,2.121644615877766
2021-04-22,1.5568168373191529
2021-04-23,2.6053365378033626
2021-04-24,2.214254946765816
2021-04-25,1.79376085329122
2021-04-26,1.2440263062349008
2021-04-27,1.5080049572777685
2021-04-28,3.764540955895791
2021-04-29,6.394458961812424
2021-04-30,7.892801405607384
2021-05-01,7.422742606374032
2021-05-02,9.208300527782496
2021-05-03,8.43973724003529
2021-05-04,2.101607742431468
2021-05-05,2.056338468270777
2021-05-06,2.094848574287043
2021-05-07,1.9934264084675184
2021-05-08,1.9429976509665177
2021-05-09,1.9040138372874442
2021-05-10,2.023416377845606
2021-05-11,1.7744322065766711
2021-05-12,1.7702126515175416
2021-05-13,1.8996555462386773
2021-05-14,2.6731666346493084
2021-05-15,2.8955694579710114
2021-05-16,5.57606906598772
2021-05-17,7.4297088023002456
2021-05-18,11.806796194899958
2021-05-19,12.784743378086748
2021-05-20,16.71978394867395
2021-05-21,20.358545273903264
2021-05-22,26.502551836205907
2021-05-23,24.209845676219725
2021-05-24,27.53885305272395
2021-05-25,31.476763762667662
2021-05-26,37.89055336135896
2021-05-27,36.2170423126709
2021-05-28,40.851794639567814
2021-05-29,44.68514001205968
2021-05-30,41.18719389328457
2021-05-31,38.93312221694868
2021-06-01,34.028874665730115
2021-06-02,22.45942113889561
2021-06-03,26.811913254392824
2021-06-04,22.100186159886235
2021-06-05,22.85868606919145
2021-06-06,20.959639950904247
2021-06-07,22.55792179419839
2021-06-08,25.723863427464575
2021-06-09,26.98849291200457
2021-06-10,25.698785582278827
2021-06-11,24.975274463064576
2021-06-12,20.082260537044707
2021-06-13,18.95970669611533
2021-06-14,17.878940957926396
2021-06-15,15.803657767749169
2021-06-16,14.794101755554236
2021-06-17,11.737162247821688
2021-06-18,10.290764519954614
2021-06-19,9.74541425470465
2021-06-20,7.758737068711202
2021-06-21,6.741685430711173
2021-06-22,5.919993633339647
2021-06-23,5.508543766618403
2021-06-24,4.899359656261752
2021-06-25,4.508065943585993
2021-06-26,3.839794010023861
2021-06-27,2.8821455728422456
2021-06-28,2.4149200835723734
2021-06-29,2.5256289285659466
2021-06-30,2.6042670946910937
2021-07-01,6.6202857633765815
2021-07-02,5.7381955202458
2021-07-03,5.312784047642036
2021-07-04,5.019059768335592
2021-07-05,4.7447629602335075
2021-07-06,4.617282565228767
2021-07-07,4.2348008593365964
2021-07-08,4.113096333917737
2021-07-09,3.7379537865084265
2021-07-10,3.112893794048948
2021-07-11,2.8158724572570346
2021-07-12,2.70238707957591
2021-07-13,2.340735446044668
2021-07-14,2.0214003701092667
2021-07-15,2.3697817483464
2021-07-16,2.7721996130022912
2021-07-17,2.5095889988323403
2021-07-18,2.099599678481544
2021-07-19,2.0047412640741147
2021-07-20,1.9668560659641596
2021-07-21,2.0382931552319974
2021-07-22,1.7591150266429418
2021-07-23,1.5464299732936848
2021-07-24,1.5053701044479848
2021-07-25,1.5528517452765591
2021-07-26,1.2891169397540794
2021-07-27,1.055295657360498
2021-07-28,1.071991281072338
2021-07-29,1.0635183566260211
2021-07-30,0.9262881021578891
2021-07-31,0.8865732776522429
2021-08-01,1.1134061958274473
2021-08-02,1.0981830590022932
2021-08-03,1.0709467935724972
2021-08-04,0.7672435968852473
2021-08-05,0.6173015044519712
2021-08-06,0.5729546181284989
2021-08-07,0.533657992783019
2021-08-08,0.4951354291441555
2021-08-09,0.4429340567122753
2021-08-10,0.393633050508595
2021-08-11,0.35338597654681936
2021-08-12,0.4039445243107461
2021-08-13,0.29596415926041936
2021-08-14,0.2708011197571795
2021-08-15,0.2471091073401952
2021-08-16,0.2272038471769444
2021-08-17,0.211285799286692
2021-08-18,0.19862878510723425
2021-08-19,0.18877527100192867
2021-08-20,0.17952564120129386
2021-08-21,0.17007749534802674
2021-08-22,0.161584840876663
2021-08-23,0.15435937601629054
2021-08-24,0.4871126472618658
2021-08-25,0.14359968697547262
2021-08-26,0.2341384163091038
2021-08-27,0.1351808565898363
2021-08-28,0.13187734995624767
2021-08-29,0.12927794064278714
2021-08-30,0.15199764520450407
2021-08-31,0.14796104105803565
2021-09-01,0.05774424870172104
2021-09-02,0.05682382246226246
2021-09-03,0.05644468833013725
2021-09-04,0.05613857900918516
2021-09-05,0.055928197898579925
2021-09-06,0.055719883040396434
2021-09-07,0.055421857021356886
2021-09-08,0.0550823282433377
2021-09-09,0.054752395554567394
2021-09-10,0.05443451834784696
2021-09-11,0.05412360269981195
2021-09-12,0.0538220918054732
2021-09-13,0.05353108851608519
2021-09-14,0.05356418927726566
2021-09-15,0.05298208076960622
2021-09-16,0.05270535622173002
2021-09-17,0.052445520816843706
2021-09-18,0.0522133465367408
2021-09-19,0.052022856485510464
2021-09-20,0.05189178714849429
2021-09-21,0.05607317039226462
2021-09-22,0.10435789384939267
2021-09-23,0.06119289142404447
2021-09-24,0.057298710682841765
2021-09-25,0.07169178866134476
2021-09-26,0.07697679037007941
2021-09-27,0.06962803190122993
2021-09-28,0.0646236513639777
2021-09-29,0.05141906666042685
2021-09-30,0.051315986820151725
2021-10-01,0.08612107661217573
2021-10-02,0.08604923242758539
2021-10-03,0.08581832874358665
2021-10-04,0.08547406851371009
2021-10-05,0.08532937336593051
2021-10-06,0.08672534542224374
2021-10-07,0.08509559699121784
2021-10-08,0.08494673962108433
2021-10-09,0.08477934982053219
2021-10-10,0.09206752052788274
2021-10-11,0.10532986984137112
2021-10-12,0.08456203674773086
2021-10-13,0.08589168380177542
2021-10-14,0.08428926575444333
2021-10-15,0.08423334707569745
2021-10-16,0.08406999643948923
2021-10-17,0.08397595074650915
2021-10-18,0.08388701568892923
2021-10-19,0.08791391705844702
2021-10-20,0.10316883281142096
2021-10-21,0.09467234308525968
2021-10-22,0.0846804708330152
2021-10-23,0.08366158761111278
2021-10-24,0.08361648331209386
2021-10-25,0.08356389941392517
2021-10-26,0.08775659590021988
2021-10-27,0.08627073974678276
2021-10-28,0.0834477975052931
2021-10-29,0.08341792980499574
2021-10-30,0.08338868278548317
2021-10-31,0.08347227059154114
2021-11-01,0.05577943304364195
2021-11-02,0.0651072279946485
2021-11-03,0.05571949396882171
2021-11-04,0.05568424094164254
2021-11-05,0.0556446330228295
2021-11-06,0.055919720330102736
2021-11-07,0.05557005605184315
2021-11-08,0.055543712222918304
2021-11-09,0.0555213510076752
2021-11-10,0.06609474537240327
2021-11-11,0.05965789113840597
2021-11-12,0.05550110653033495
2021-11-13,0.05543439194591678
2021-11-14,0.05541665087796725
2021-11-15,0.05539761965554105
2021-11-16,0.05537808540038967
2021-11-17,0.055358739575491284
2021-11-18,0.0553406848156796
2021-11-19,0.05532413471022295
2021-11-20,0.055307661937307816
2021-11-21,0.05529032077421276
2021-11-22,0.055272755623191866
2021-11-23,0.0552560018128257
2021-11-24,0.05523985777040685
2021-11-25,0.05522397101141669
2021-11-26,0.055207886590879066
2021-11-27,0.05519187488045904
2021-11-28,0.05644308466611332
2021-11-29,0.11347047166474827
2021-11-30,0.05521297576412082
2021-12-01,0.06321615059967149
2021-12-02,0.058287081129153526
2021-12-03,0.05838336640522612
2021-12-04,0.05833151403903709
2021-12-05,0.05824663905221188
2021-12-06,0.05823316464366257
2021-12-07,0.05821969342800867
2021-12-08,0.05820622511605721
2021-12-09,0.058296167630198084
2021-12-10,0.05821600371255406
2021-12-11,0.05816584079530451
2021-12-12,0.058152385744772474
2021-12-13,0.05813893310050373
2021-12-14,0.05812548480251305
2021-12-15,0.05811203979606416
2021-12-16,0.058098597342576025
2021-12-17,0.05809369096231048
2021-12-18,0.05818585308547749
2021-12-19,0.058058289083820526
2021-12-20,0.08353696626625756
2021-12-21,0.05974319968439011
2021-12-22,0.061600406393358564
2021-12-23,0.08790819778448639
2021-12-24,0.061605890376860185
2021-12-25,0.05797979694923978
2021-12-26,0.057968199097172726
2021-12-27,0.05795652280298444
2021-12-28,0.0579447215610597
2021-12-29,0.057932807164117736
2021-12-30,0.06157117306982617
2021-12-31,0.06179080071411309
2022-01-01,0.03634929154910612
2022-01-02,0.036719269487701316
2022-01-03,0.038986182591655164
2022-01-04,0.03811296078820213
2022-01-05,0.056041876292775815
2022-01-06,0.08671284040755024
2022-01-07,0.0360203948399209
2022-01-08,0.03603134228978661
2022-01-09,0.0360356006951111
2022-01-10,0.036101890241327296
2022-01-11,0.0405567839011659
2022-01-12,0.047841900600908434
2022-01-13,0.05431516054926915
2022-01-14,0.052316972531336735
2022-01-15,0.058909895363311926
2022-01-16,0.05632773304163247
2022-01-17,0.04124990377830171
2022-01-18,0.03612886160002917
2022-01-19,0.03613748452418253
2022-01-20,0.03614114412386324
2022-01-21,0.03614200925505645
2022-01-22,0.03614111490916168
2022-01-23,0.036507187173797744
2022-01-24,0.03771206512026471
2022-01-25,0.04615724174107382
2022-01-26,0.052581858339833885
2022-01-27,0.049571872113360484
2022-01-28,0.07528152592923906
2022-01-29,0.07075488068670156
2022-01-30,0.05198689573685341
2022-01-31,0.05307234432109379
2022-02-01,0.031070701664657027
2022-02-02,0.0511465657793563
2022-02-03,0.04398218118212521
2022-02-04,0.040926259128388695
2022-02-05,0.043294265498476536
2022-02-06,0.050652986268191216
2022-02-07,0.06082391803363644
2022-02-08,0.08659764809703561
2022-02-09,0.10922893072974807
2022-02-10,0.09707424320920666
2022-02-11,0.08969567097535719
2022-02-12,0.14442381266884674
2022-02-13,0.12370399577106655
2022-02-14,0.050091748087303684
2022-02-15,0.05538995557993722
2022-02-16,0.1949135048944229
2022-02-17,0.3077990739527325
2022-02-18,0.37654528843732615
2022-02-19,0.08165905350323517
2022-02-20,0.04798603606443287
2022-02-21,0.09734924069488196
2022-02-22,0.12199786663196048
2022-02-23,0.5706467559578123
2022-02-24,0.7529768123547231
2022-02-25,0.3375829336659137
2022-02-26,0.26594663620005793
2022-02-27,0.14285744181287482
2022-02-28,0.0438621112849585
2022-03-01,0.057613802915500965
2022-03-02,0.05657175304530815
2022-03-03,0.04850798300917033
2022-03-04,0.049702160486257176
2022-03-05,0.0469792201868272
2022-03-06,0.04916467219919731
2022-03-07,0.052323254881479715
2022-03-08,0.05203595129125338
2022-03-09,0.06256346169325343
2022-03-10,0.09985846449031316
2022-03-11,0.2858508159037428
2022-03-12,0.30319191519492444
2022-03-13,0.20013290287214772
2022-03-14,0.07032800497224954
2022-03-15,0.05798054643721327
2022-03-16,0.0703645660173264
2022-03-17,0.1076896673242704
2022-03-18,0.12954111458473325
2022-03-19,0.23309252307751765
2022-03-20,0.4034994625464069
2022-03-21,0.5701372894242113
2022-03-22,0.889000014402936
2022-03-23,1.1751707951006198
2022-03-24,0.4709113911080597
2022-03-25,0.6846124925511297
2022-03-26,1.036345952887992
2022-03-27,0.662484592730385
2022-03-28,0.3696107729750591
2022-03-29,0.1397438319542518
2022-03-30,0.13348028875554113
2022-03-31,0.13594018382993034
2022-04-01,0.33890099938733004
2022-04-02,0.5833181952858013
2022-04-03,0.8463476677012608
2022-04-04,1.6161917117037436
2022-04-05,2.493995421516701
2022-04-06,3.3362147143849863
2022-04-07,3.6426426905515568
2022-04-08,3.1240827470075154
2022-04-09,2.161784371919864
2022-04-10,2.934123948216902
2022-04-11,3.1953738418893067
2022-04-12,2.1708012594374124
2022-04-13,1.297988559532106
2022-04-14,1.1970828243642213
2022-04-15,0.9564333579858988
2022-04-16,1.1018931992851766
2022-04-17,0.9827221377985892
2022-04-18,0.8576678476539341
2022-04-19,0.8269914704274729
2022-04-20,0.7650799465724948
2022-04-21,1.1056040587374076
2022-04-22,1.5347150725398508
2022-04-23,1.0149099509573971
2022-04-24,0.8574278076114433
2022-04-25,1.1251786196931897
2022-04-26,2.171646622673018
2022-04-27,2.442187409129952
2022-04-28,2.217461574357507
2022-04-29,1.8428107092118475
2022-04-30,1.4161926376307459
2022-05-01,0.9895733101699516
2022-05-02,0.9176306909847524
2022-05-03,0.8970443607398199
2022-05-04,0.8820857230822108
2022-05-05,0.9459471375507572
2022-05-06,1.5778927318854674
2022-05-07,2.236026142831775
2022-05-08,2.260711386739207
2022-05-09,2.6191896522772407
2022-05-10,1.5345297233514
2022-05-11,1.8897665063238749
2022-05-12,2.181772357642342
2022-05-13,1.7666022827135175
2022-05-14,2.113582809346079
2022-05-15,1.2127227572401893
2022-05-16,1.567367231755156
2022-05-17,1.4499290718026294
2022-05-18,1.487859350818277
2022-05-19,1.3380842628364609
2022-05-20,1.271613812774567
2022-05-21,1.5671695656153195
2022-05-22,1.20491580427056
2022-05-23,1.2743025514617687
2022-05-24,1.110800500230583
2022-05-25,1.1579950182478436
2022-05-26,1.2472061773646392
2022-05-27,1.2690278264075847
2022-05-28,1.4724589555843144
2022-05-29,1.9530253943344544
2022-05-30,1.8860841022157164
2022-05-31,2.1113806122085133
2022-06-01,2.457679013682053
2022-06-02,1.9747891579929864
2022-06-03,1.9055393885298584
2022-06-04,1.7794760134374088
2022-06-05,1.6846770570391296
2022-06-06,1.5194304232819922
2022-06-07,1.277929581679826
2022-06-08,1.2039098041269995
2022-06-09,1.081939602653718
2022-06-10,1.004103010589478
2022-06-11,0.9655800514896874
2022-06-12,0.8544999043221913
2022-06-13,0.8021427830132836
2022-06-14,0.7460529141839876
2022-06-15,0.7010471595405888
2022-06-16,0.6167460637115485
2022-06-17,0.5610877463247017
2022-06-18,0.5038490623457381
2022-06-19,0.4637467653182776
2022-06-20,0.4144161299698403
2022-06-21,0.3718625810539317
2022-06-22,0.3271316251132857
2022-06-23,0.2948639420774091
2022-06-24,0.2616372093425251
2022-06-25,0.2292738402606569
2022-06-26,0.2010508709056252
2022-06-27,0.17767548920880002
2022-06-28,0.15989314189863602
2022-06-29,0.14553226153887233
2022-06-30,0.1325227701031321
2022-07-01,0.2838274538218637
2022-07-02,0.2594157653793182
2022-07-03,0.2394284928501836
2022-07-04,0.2221629875157505
2022-07-05,0.20940303714371397
2022-07-06,0.19737601506125885
2022-07-07,0.20495112016719227
2022-07-08,0.2472538488060652
2022-07-09,0.17113218036443886
2022-07-10,0.16403887282715512
2022-07-11,0.16177845328896556
2022-07-12,0.20150429274228648
2022-07-13,0.15684356644701586
2022-07-14,0.14427085642613224
2022-07-15,0.1411435684885487
2022-07-16,0.1367058175970426
2022-07-17,0.13369202036217046
2022-07-18,0.13114831022572265
2022-07-19,0.1287312285786572
2022-07-20,0.12612933707665394
2022-07-21,0.12342931110149355
2022-07-22,0.12814413989483753
2022-07-23,0.11887789051751445
2022-07-24,0.11676996976802745
2022-07-25,0.1146607060668788
2022-07-26,0.11270374814365662
2022-07-27,0.1109178382999058
2022-07-28,0.10928421592088948
2022-07-29,0.10777768670864794
2022-07-30,0.10626327124620914
2022-07-31,0.10466683203059797
2022-08-01,0.13310836846114868
2022-08-02,0.13750559343155838
2022-08-03,0.13251051540622827
2022-08-04,0.2879166488494303
2022-08-05,0.12847949853743895
2022-08-06,0.12650546761170914
2022-08-07,0.12559413498095925
2022-08-08,0.12434343469062195
2022-08-09,0.18698219273746366
2022-08-10,0.12277828538913715
2022-08-11,0.12274765778154095
2022-08-12,0.2865800982050672
2022-08-13,0.4677952385902528
2022-08-14,0.1542903531888646
2022-08-15,0.2336378888325338
2022-08-16,0.11885372651265234
2022-08-17,0.15445515368524407
2022-08-18,0.12071733367093775
2022-08-19,0.19221680116221895
2022-08-20,0.11596522943931176
2022-08-21,0.12485584204070832
2022-08-22,0.11597467974487832
2022-08-23,0.302873844248276
2022-08-24,0.114226382582424
2022-08-25,0.26860855417220336
2022-08-26,0.13682152747821832
2022-08-27,0.7335627340622429
2022-08-28,0.12218592428870775
2022-08-29,0.11205918043889647
2022-08-30,0.11176276111138454
2022-08-31,0.11142238640981904
2022-09-01,0.050911713481198925
2022-09-02,0.050737646575203584
2022-09-03,0.05056666963168404
2022-09-04,0.050405062024023936
2022-09-05,0.05025581405180053
2022-09-06,0.057458887193696816
2022-09-07,0.050037321355998816
2022-09-08,0.12323935009127725
2022-09-09,0.049830293586289084
2022-09-10,0.04972895096323438
2022-09-11,0.04963896816457415
2022-09-12,0.10200447346406832
2022-09-13,0.16966281523934734
2022-09-14,0.24448836174467095
2022-09-15,0.3127145182493408
2022-09-16,0.2931720429782721
2022-09-17,0.2457822687301512
2022-09-18,0.17767129744989732
2022-09-19,0.16451493388915334
2022-09-20,0.07564813993352801
2022-09-21,0.09812743823257228
2022-09-22,0.06933665538814324
2022-09-23,0.06452253062219235
2022-09-24,0.05001296198915128
2022-09-25,0.049299006857366434
2022-09-26,0.04923599702114028
2022-09-27,0.049177630640803965
2022-09-28,0.049571006660039565
2022-09-29,0.04965984212282272
2022-09-30,0.04921446773496376
2022-10-01,0.08216526571570773
2022-10-02,0.08208807242630194
2022-10-03,0.08201150937595011
2022-10-04,0.08318036214115349
2022-10-05,0.11390914435570272
2022-10-06,0.08490740496063656
2022-10-07,0.08184286102681003
2022-10-08,0.08171477000600437
2022-10-09,0.08607710885424415
2022-10-10,0.08165702574326365
2022-10-11,0.08160321569932155
2022-10-12,0.08156810992965846
2022-10-13,0.08153451639615983
2022-10-14,0.0839337575034571
2022-10-15,0.08147209927356908
2022-10-16,0.0862724013693598
2022-10-17,0.0889537685704396
2022-10-18,0.19422428462944566
2022-10-19,0.10780017323288602
2022-10-20,0.11698946555476868
2022-10-21,0.08144828305729797
2022-10-22,0.08169816078962719
2022-10-23,0.08124395231385625
2022-10-24,0.08122177480891216
2022-10-25,0.08120084408606534
2022-10-26,0.08117841196688835
2022-10-27,0.08115457350398365
2022-10-28,0.08113201881870652
2022-10-29,0.0811112038836355
2022-10-30,0.14189370841939536
2022-10-31,0.1037220379669895
2022-11-01,0.09170259892401283
2022-11-02,0.08836801482490357
2022-11-03,0.06791409488349723
2022-11-04,0.05996331680198734
2022-11-05,0.0544386669173764
2022-11-06,0.05418851691774468
2022-11-07,0.05417451234978567
2022-11-08,0.05416067275069508
2022-11-09,0.05414663741254523
2022-11-10,0.05517190483984034
2022-11-11,0.05411710279544607
2022-11-12,0.05410080558781436
2022-11-13,0.05408756571044687
2022-11-14,0.054074676753136486
2022-11-15,0.07026724887849306
2022-11-16,0.10408143340665647
2022-11-17,0.05441670575849238
2022-11-18,0.062240332698626624
2022-11-19,0.054015748701883665
2022-11-20,0.0540041233597706
2022-11-21,0.053992515543326784
2022-11-22,0.05398092108941815
2022-11-23,0.05397969147700028
2022-11-24,0.05583676530291559
2022-11-25,0.057687716609293824
2022-11-26,0.08193714548062453
2022-11-27,0.13463142628778094
2022-11-28,0.16308228083036802
2022-11-29,0.13688457877235982
2022-11-30,0.08383019879141784
2022-12-01,0.2474589056183917
2022-12-02,0.09523594300793184
2022-12-03,0.09507533235673912
2022-12-04,0.10346349489266768
2022-12-05,0.091639777577546
2022-12-06,0.0823698112510863
2022-12-07,0.0872787557527727
2022-12-08,0.11003298621661904
2022-12-09,0.19147309963324044
2022-12-10,0.49832166838746705
2022-12-11,0.16307810664005348
2022-12-12,0.10041029947757983
2022-12-13,0.2344139394592384
2022-12-14,0.07840531379113387
2022-12-15,0.11954638117349885
2022-12-16,0.1149804764381088
2022-12-17,0.0925278506547068
2022-12-18,0.11466979536730552
2022-12-19,0.0932688095131852
2022-12-20,0.08016210015025994
2022-12-21,0.07054996792608266
2022-12-22,0.08170234048927809
2022-12-23,0.0827646121521683
2022-12-24,0.07298460408432493
2022-12-25,0.06285605381249748
2022-12-26,0.0683649823757881
2022-12-27,0.9146560262680627
2022-12-28,0.7173431249929499
2022-12-29,0.2517428939190857
2022-12-30,0.08532548028410948
2022-12-31,0.1338972755590204
2023-01-01,0.11374492862617258
2023-01-02,0.18851027978910587
2023-01-03,0.2588323584033429
2023-01-04,0.3728585552304615
2023-01-05,0.24266770401590265
2023-01-06,0.12221801863252588
2023-01-07,0.052506487725062535
2023-01-08,1.7217265528862091
2023-01-09,40.20205848943032
2023-01-10,13.481364166971753
2023-01-11,1.7747643419498418
2023-01-12,0.355871775068928
2023-01-13,0.07815096533728794
2023-01-14,0.08260706144508774
2023-01-15,0.08835219462165553
2023-01-16,0.09897478872548976
2023-01-17,0.09883636118007004
2023-01-18,0.1176451944376778
2023-01-19,0.10090441842230648
2023-01-20,0.1078836658963851
2023-01-21,0.1051723952942976
2023-01-22,0.1516108331453564
2023-01-23,0.2703297908545185
2023-01-24,0.446095059388492
2023-01-25,0.4437955908113679
2023-01-26,0.2283935104276949
2023-01-27,0.2359045691340955
2023-01-28,0.3372911498770295
2023-01-29,0.5193582942238087
2023-01-30,0.5734665467319473
2023-01-31,0.6347506352318479
2023-02-01,0.5095043272095866
2023-02-02,0.4108363305601614
2023-02-03,0.4287449556427888
2023-02-04,0.4428460962000317
2023-02-05,0.4184054138665208
2023-02-06,0.4238913281494798
2023-02-07,0.4514534027222115
2023-02-08,0.7106039655968236
2023-02-09,0.7726144233288228
2023-02-10,0.7110085598235868
2023-02-11,0.8470301092235308
2023-02-12,0.836838935085485
2023-02-13,0.7511554333008573
2023-02-14,0.6972005114982744
2023-02-15,0.6950453041128252
2023-02-16,0.6516802337120119
2023-02-17,0.6361274483935622
2023-02-18,0.6153567417152654
2023-02-19,0.6109778507018809
2023-02-20,0.5579537740478747
2023-02-21,0.5390406363809299
2023-02-22,0.5182119291679906
2023-02-23,0.5468406229225982
2023-02-24,0.4994827220390582
2023-02-25,0.5224922985119939
2023-02-26,0.6011598769014237
2023-02-27,0.7823702003025532
2023-02-28,0.9880958924231013
2023-03-01,0.8960999003777607
2023-03-02,1.0360201960695228
2023-03-03,1.0234653574432608
2023-03-04,0.8646381854451706
2023-03-05,0.8749574948408343
2023-03-06,0.9132774001061876
2023-03-07,0.95855350147543
2023-03-08,0.8342311957666245
2023-03-09,0.8441484872893082
2023-03-10,0.8022079140316204
2023-03-11,0.8227673101831018
2023-03-12,0.860512227147755
2023-03-13,0.9548101134956825
2023-03-14,0.7887829514620999
2023-03-15,0.8208412796007615
2023-03-16,0.8328833883687234
2023-03-17,0.8930456044298555
2023-03-18,1.110006817498728
2023-03-19,0.8476067987355232
2023-03-20,1.0806843197928675
2023-03-21,1.4141341728210586
2023-03-22,1.4596030189682354
2023-03-23,1.3885586208557772
2023-03-24,1.2972653005251888
2023-03-25,1.2825159445934784
2023-03-26,1.1803536103773573
2023-03-27,1.1840232064315104
2023-03-28,1.193982578841888
2023-03-29,1.1406469767288538
2023-03-30,1.0357258861189382
2023-03-31,1.3128067391996678
2023-04-01,1.0144203407574508
2023-04-02,1.1123130339316425
2023-04-03,1.2844822453359093
2023-04-04,1.76872658696676
2023-04-05,2.555097066399891
2023-04-06,3.655003685720636
2023-04-07,5.525592325075982
2023-04-08,6.212837345564816
2023-04-09,7.075490000790062
2023-04-10,2.822264423688364
2023-04-11,4.755913533404505
2023-04-12,6.1505267300999735
2023-04-13,8.13244369507683
2023-04-14,8.773502589240481
2023-04-15,8.216905196203081
2023-04-16,3.1509040657189
2023-04-17,2.9250634053971614
2023-04-18,2.950470538785274
2023-04-19,2.94846025253821
2023-04-20,3.2823042258360235
2023-04-21,5.606948190491821
2023-04-22,10.018336212155807
2023-04-23,13.753298397682887
2023-04-24,15.569624491853128
2023-04-25,16.120463457811187
2023-04-26,14.164976531382509
2023-04-27,14.49448983289506
2023-04-28,15.070382351126876
2023-04-29,7.155609732349062
2023-04-30,6.553832433856397
2023-05-01,6.822273397573924
2023-05-02,7.1682444679793695
2023-05-03,5.921301342526563
2023-05-04,5.827371381618137
2023-05-05,5.809605185637528
2023-05-06,5.601547263309894
2023-05-07,5.504431795548621
2023-05-08,5.392692899901407
2023-05-09,7.347385649083731
2023-05-10,8.66889044280121
2023-05-11,12.704882976646305
2023-05-12,6.9900715035905705
2023-05-13,7.23119396904244
2023-05-14,7.024181419475293
2023-05-15,6.015076766900346
2023-05-16,6.028515428107622
2023-05-17,6.9602066742962805
2023-05-18,8.546844700149343
2023-05-19,10.118201183624334
2023-05-20,12.03418269216052
2023-05-21,11.014870883667898
2023-05-22,7.483158169454177
2023-05-23,6.191409591815896
2023-05-24,6.698209510825838
2023-05-25,8.659669002052695
2023-05-26,12.767051623979029
2023-05-27,15.587210727300413
2023-05-28,19.62081694553596
2023-05-29,23.92072083297617
2023-05-30,20.85456723121904
2023-05-31,17.43015975624193
2023-06-01,19.226411673131466
2023-06-02,14.87649449567399
2023-06-03,13.165345099526947
2023-06-04,10.991940613302038
2023-06-05,9.243933338515133
2023-06-06,7.1628720777253685
2023-06-07,6.769352531795759
2023-06-08,6.279397025456955
2023-06-09,5.972945223639059
2023-06-10,5.487523109606861
2023-06-11,4.896688257798148
2023-06-12,3.6549657829317743
2023-06-13,3.4782464269227518
2023-06-14,3.0432818715043997
2023-06-15,2.8202769562176546
2023-06-16,2.715228964827141
2023-06-17,2.8025058701451173
2023-06-18,2.8721106543986035
2023-06-19,2.69490355916686
2023-06-20,2.280646266091788
2023-06-21,2.0518351597095466
2023-06-22,1.8743671475158692
2023-06-23,1.7149752548749468
2023-06-24,1.720296772961302
2023-06-25,1.8670090010123437
2023-06-26,1.8253226523304424
2023-06-27,1.4757964002019384
2023-06-28,1.3995853658722168
2023-06-29,1.2801464156394229
2023-06-30,1.3774586904900143
2023-07-01,3.0344615122749934
2023-07-02,3.3677404970010163
2023-07-03,2.36941702401452
2023-07-04,2.1211340142006403
2023-07-05,2.3777506001602657
2023-07-06,2.494419988640685
2023-07-07,2.3851927704222518
2023-07-08,2.1195381792163484
2023-07-09,1.748653898874509
2023-07-10,1.4446716378242688
2023-07-11,1.3556397696362872
2023-07-12,1.3156399546472393
2023-07-13,1.231030473861119
2023-07-14,1.0131956852867081
2023-07-15,0.9464660277426002
2023-07-16,0.8650078931761833
2023-07-17,0.8177274273508427
2023-07-18,0.7542942427380975
2023-07-19,0.7020160860051765
2023-07-20,0.5468372997707769
2023-07-21,0.493190376262501
2023-07-22,0.4542065629472379
2023-07-23,0.4209517912595096
2023-07-24,0.40016177414307946
2023-07-25,0.40490450002698747
2023-07-26,0.49601473770822
2023-07-27,0.3083694623884881
2023-07-28,0.4195544435636003
2023-07-29,0.2654554234080148
2023-07-30,0.2982190290796621
2023-07-31,0.22583547364497986
2023-08-01,0.3023505754311793
2023-08-02,0.2605188653937634
2023-08-03,0.2425757252094611
2023-08-04,0.24355187849669094
2023-08-05,0.21695688344908884
2023-08-06,0.2073469957003829
2023-08-07,0.1984986474681073
2023-08-08,0.1906959674155291
2023-08-09,0.18404185865896314
2023-08-10,0.17824662990571824
2023-08-11,0.18855876659288887
2023-08-12,0.16994198539591288
2023-08-13,0.1663195906531607
2023-08-14,0.16272347240582094
2023-08-15,0.1592341366734297
2023-08-16,0.15950524360473214
2023-08-17,0.15474873963513716
2023-08-18,0.1984154304123035
2023-08-19,0.15046161969172436
2023-08-20,0.168355021483455
2023-08-21,0.15010523350135774
2023-08-22,0.5318229629450387
2023-08-23,0.1451764341260623
2023-08-24,0.252266611925611
2023-08-25,0.2673450340291659
2023-08-26,0.21076670017789173
2023-08-27,0.14144238161731268
2023-08-28,0.14003947424095484
2023-08-29,0.1390753614180341
2023-08-30,0.1381166310877128
2023-08-31,0.13699314991222097
2023-09-01,0.06224060590739629
2023-09-02,0.0616974584476498
2023-09-03,0.06117071811217136
2023-09-04,0.06066603206572265
2023-09-05,0.06014735296737825
2023-09-06,0.059619561708718474
2023-09-07,0.05911763568200895
2023-09-08,0.05861687331607526
2023-09-09,0.05813508823705959
2023-09-10,0.05770056231920845
2023-09-11,0.05731038197910256
2023-09-12,0.22874348531149774
2023-09-13,0.12256462387092902
2023-09-14,0.06535757553814088
2023-09-15,0.056364100827116924
2023-09-16,0.05603252469502231
2023-09-17,0.0557207528274458
2023-09-18,0.05550053236396306
2023-09-19,0.05537493155305973
2023-09-20,0.05652245574881649
2023-09-21,0.05631606573872178
2023-09-22,0.05489207172001999
2023-09-23,0.05533405842568692
2023-09-24,0.061292125621492874
2023-09-25,0.054655195513640835
2023-09-26,0.05443598899537472
2023-09-27,0.05424726749318131
2023-09-28,0.05442086552971096
2023-09-29,0.05388267680891298
2023-09-30,0.05366490416756976
2023-10-01,0.096327294137928
2023-10-02,0.09074610270395944
2023-10-03,0.09019988626020854
2023-10-04,0.08928401804365335
2023-10-05,0.08892780044574845
2023-10-06,0.14640592271834504
2023-10-07,0.08871222221717645
2023-10-08,0.08844372044279944
2023-10-09,0.08819928899987672
2023-10-10,0.08795006283372912
2023-10-11,0.08771454562614221
2023-10-12,0.08749935664335448
2023-10-13,0.0872988118661857
2023-10-14,0.08710180664747473
2023-10-15,0.08691265465293427
2023-10-16,0.08675411132469342
2023-10-17,0.08662835234117952
2023-10-18,0.08651083125394916
2023-10-19,0.08637782869424901
2023-10-20,0.08623552549173544
2023-10-21,0.08609942256769276
2023-10-22,0.08597020715104288
2023-10-23,0.08583678480677329
2023-10-24,0.08653457820289565
2023-10-25,0.08865911926666599
2023-10-26,0.0855000862746646
2023-10-27,0.08541077080302496
2023-10-28,0.08531259632195297
2023-10-29,0.08520579578030307
2023-10-30,0.08511186846089312
2023-10-31,0.08504325238429095
2023-11-01,0.05690513545999151
2023-11-02,0.08397854280090998
2023-11-03,0.09174902028949324
2023-11-04,0.06381216020730343
2023-11-05,0.07046124266072333
2023-11-06,0.09080524351480954
2023-11-07,0.06987348416476387
2023-11-08,0.11767870345312285
2023-11-09,0.10121319392631206
2023-11-10,0.11669938144407245
2023-11-11,0.15317356235061486
2023-11-12,0.1456094386563224
2023-11-13,0.07762707303669872
2023-11-14,0.06340265809309346
2023-11-15,0.07775150947668287
2023-11-16,0.06189265146752605
2023-11-17,0.061431710764011785
2023-11-18,0.057157270280961237
2023-11-19,0.056866470203551824
2023-11-20,0.061033520439599115
2023-11-21,0.06221925594694627
2023-11-22,0.0892443385138058
2023-11-23,0.447936092451022
2023-11-24,0.1398904091679963
2023-11-25,0.07366316492412026
2023-11-26,0.0678279710527725
2023-11-27,0.06138752650370812
2023-11-28,0.07300579815469782
2023-11-29,0.06857415542222589
2023-11-30,0.08578584590569628
2023-12-01,0.09034708036218136
2023-12-02,0.09449124556091472
2023-12-03,0.1537484777517194
2023-12-04,0.11383754725935474
2023-12-05,0.0652745143930049
2023-12-06,0.06254050724174788
2023-12-07,0.07370469509660188
2023-12-08,0.08720901972022406
2023-12-09,0.11828573654992736
2023-12-10,0.10397877049697528
2023-12-11,0.08793857148740121
2023-12-12,0.0753440802608181
2023-12-13,0.10221373029202878
2023-12-14,0.13809929258629008
2023-12-15,0.065828005439521
2023-12-16,0.062335683948929986
2023-12-17,0.060659236195840224
2023-12-18,0.06068452087274381
2023-12-19,0.0620690707477597
2023-12-20,0.06823099131714577
2023-12-21,0.06919419462153414
2023-12-22,0.06902487457879693
2023-12-23,0.06528352437423766
2023-12-24,0.0615576653513259
2023-12-25,0.07457394438905368
2023-12-26,0.11564548399352707
2023-12-27,0.062277607086826114
2023-12-28,0.06144973294961384
2023-12-29,0.07640816119674683
2023-12-30,0.15174647535541766
2023-12-31,0.3525430917832059
2024-01-01,0.0676431525920853
2024-01-02,0.03814677799137208
2024-01-03,0.03818868180047948
2024-01-04,0.04545351491366368
2024-01-05,0.049240152619269686
2024-01-06,0.038266725838353166
2024-01-07,0.03838485080679705
2024-01-08,0.0398788134693813
2024-01-09,0.03870149342032872
2024-01-10,0.043502081303550384
2024-01-11,0.047316564889061816
2024-01-12,0.05138955347596425
2024-01-13,0.04652328786207298
2024-01-14,0.10157516754096127
2024-01-15,0.13346786454520174
2024-01-16,0.10698488224249332
2024-01-17,0.04230633034097602
2024-01-18,0.04346367488822592
2024-01-19,0.10990024073426016
2024-01-20,0.0667134811471078
2024-01-21,0.048688118332792296
2024-01-22,0.12035433810249735
2024-01-23,0.16922574634944182
2024-01-24,0.12345212908924792
2024-01-25,0.1273418180183324
2024-01-26,0.2270712900537637
2024-01-27,0.3618135220767146
2024-01-28,0.4360794963265049
2024-01-29,0.5144943317363073
2024-01-30,0.5111940198674647
2024-01-31,1.9813708478875711
2024-02-01,0.9319257446999444
2024-02-02,0.6717924076180617
2024-02-03,0.8166618817910839
2024-02-04,0.5718762044421722
2024-02-05,0.8020944056200306
2024-02-06,0.5605685708697838
2024-02-07,0.8801210532025239
2024-02-08,1.259524338551827
2024-02-09,2.3904038144761004
2024-02-10,2.130580535366944
2024-02-11,4.341557577355982
2024-02-12,3.5326947809533014
2024-02-13,0.8754150028625914
2024-02-14,0.7889079780011958
2024-02-15,0.9126057561308122
2024-02-16,0.6942351390608472
2024-02-17,0.6782689471834711
2024-02-18,0.6616768188559105
2024-02-19,0.6650107706114411
2024-02-20,1.0298610099616177
2024-02-21,1.6110468642297862
2024-02-22,0.8101652002466998
2024-02-23,0.7759032282904954
2024-02-24,0.7220527558429366
2024-02-25,0.7184626567306659
2024-02-26,0.9125886489058428
2024-02-27,1.1237742950996907
2024-02-28,1.0744634027658817
2024-02-29,1.3262655123446605
2024-03-01,1.1950389108678239
2024-03-02,1.218478270587146
2024-03-03,1.4492712247500217
2024-03-04,1.5058899241431754
2024-03-05,1.0909942542542592
2024-03-06,1.0568357305702358
2024-03-07,1.0510851728091717
2024-03-08,1.0013781249536198
2024-03-09,0.9521379456366326
2024-03-10,0.9270023542835788
2024-03-11,0.8683826939922501
2024-03-12,0.8118434797539644
2024-03-13,0.8597625416616755
2024-03-14,0.9514620183298408
2024-03-15,0.8193451366736568
2024-03-16,1.0353667029771167
2024-03-17,1.945336652498972
2024-03-18,2.377705719145916
2024-03-19,3.576939899249701
2024-03-20,3.9515870750561857
2024-03-21,4.400180296278174
2024-03-22,4.4375030590742535
2024-03-23,2.622205551044348
2024-03-24,3.3344639006135077
2024-03-25,4.386661787951262
2024-03-26,3.364866860859712
2024-03-27,4.308843949035176
2024-03-28,6.343544368587633
2024-03-29,5.18601827035782
2024-03-30,5.381809938576997
2024-03-31,7.105792665851978
2024-04-01,6.100528257356089
2024-04-02,6.58565327381364
2024-04-03,3.682959278370201
2024-04-04,7.021430046448716
2024-04-05,10.631777642541506
2024-04-06,11.724228385632202
2024-04-07,14.62167068583796
2024-04-08,11.805830366882489
2024-04-09,12.647314767612931
2024-04-10,10.151552334153141
2024-04-11,16.104698760743567
2024-04-12,12.7791110969587
2024-04-13,11.020453718847325
2024-04-14,6.412378230257144
2024-04-15,4.0831612508070805
2024-04-16,4.205713555597317
2024-04-17,4.03503660036085
2024-04-18,4.181428086116599
2024-04-19,4.963796477025894
2024-04-20,4.328345712582216
2024-04-21,5.1311907221592925
2024-04-22,4.411609646636657
2024-04-23,4.173934584809987
2024-04-24,7.553247961303241
2024-04-25,13.04369072963398
2024-04-26,17.482811816492354
2024-04-27,22.074373418841304
2024-04-28,29.861037671300124
2024-04-29,35.126939389661196
2024-04-30,28.95448152849451
2024-05-01,22.34336825927445
2024-05-02,21.82452825825386
2024-05-03,19.839261344472142
2024-05-04,7.509095073408752
2024-05-05,7.274089470070097
2024-05-06,7.368763876551388
2024-05-07,7.833639459529679
2024-05-08,7.182613714477335
2024-05-09,7.047685769388852
2024-05-10,8.558429119144874
2024-05-11,12.316703374472688
2024-05-12,18.182637564120892
2024-05-13,24.42861802800377
2024-05-14,28.917921261086697
2024-05-15,31.35141129092654
2024-05-16,36.378464620983074
2024-05-17,35.234677313443115
2024-05-18,36.90857957158587
2024-05-19,27.954928026325263
2024-05-20,11.8411404943049
2024-05-21,13.060658247720625
2024-05-22,15.371633964819429
2024-05-23,13.179298734053335
2024-05-24,8.959535713740618
2024-05-25,7.550048889502954
2024-05-26,7.551598823898527
2024-05-27,8.194812667188991
2024-05-28,8.403546482405114
2024-05-29,7.426253085495909
2024-05-30,7.378389779701254
2024-05-31,7.801223589769754
2024-06-01,8.332727645922475
2024-06-02,9.380228096191566
2024-06-03,11.621579957592132
2024-06-04,16.012165720818672
2024-06-05,25.13483995153565
2024-06-06,26.49872601975514
2024-06-07,22.409094076522074
2024-06-08,22.26875668246302
2024-06-09,24.388684855456837
2024-06-10,23.57314489378296
2024-06-11,22.42752151990277
2024-06-12,19.913247386993607
2024-06-13,18.273105273000468
2024-06-14,17.607481803421262
2024-06-15,19.15633095461421
2024-06-16,14.795250112025773
2024-06-17,13.903857432972405
2024-06-18,11.657044304303502
2024-06-19,11.338402175419073
2024-06-20,9.73641388668175
2024-06-21,9.111291662994855
2024-06-22,8.03142601841639
2024-06-23,6.844486903184613
2024-06-24,6.241933051149008
2024-06-25,5.929679719950527
2024-06-26,5.465687947124863
2024-06-27,4.832905952783616
2024-06-28,4.586355382006491
2024-06-29,4.003308760113796
2024-06-30,3.3748774772095014
2024-07-01,7.255431444944117
2024-07-02,6.798314949697965
2024-07-03,6.420865184710334
2024-07-04,5.7999206958540475
2024-07-05,5.5534308042818425
2024-07-06,5.1956149224558805
2024-07-07,4.572379115178584
2024-07-08,4.48752920690389
2024-07-09,4.317803120111945
2024-07-10,4.23577439304527
2024-07-11,4.291339280864044
2024-07-12,4.044934166914446
2024-07-13,3.722033874977289
2024-07-14,3.2151353970134564
2024-07-15,3.042313129399325
2024-07-16,3.139885423988364
2024-07-17,3.074155800160864
2024-07-18,2.8604758007531577
2024-07-19,2.907481204968884
2024-07-20,2.9239692979076235
2024-07-21,2.4925004656376344
2024-07-22,2.0611698090065738
2024-07-23,1.6459829107439214
2024-07-24,1.5423616514896994
2024-07-25,1.4571507294858068
2024-07-26,1.3440657776102412
2024-07-27,1.0907780771205822
2024-07-28,1.0212327844453757
2024-07-29,1.0152671644890576
2024-07-30,0.9119941838709148
2024-07-31,0.7365527510493537
2024-08-01,0.8841330195016869
2024-08-02,0.908079358140026
2024-08-03,0.9679768040270708
2024-08-04,0.9515078360133552
2024-08-05,0.9140571272623336
2024-08-06,0.8787527760011904
2024-08-07,0.8757461939028828
2024-08-08,0.519908117188753
2024-08-09,0.44694008531559737
2024-08-10,0.42476858756252905
2024-08-11,0.4039011104020036
2024-08-12,0.3784310571318829
2024-08-13,0.34265098925667103
2024-08-14,0.3086483019115579
2024-08-15,0.2791877128898164
2024-08-16,0.25428712141425025
2024-08-17,0.2335351323262899
2024-08-18,0.2161107137761491
2024-08-19,0.20201477848170774
2024-08-20,0.190380141637132
2024-08-21,0.17979682336295733
2024-08-22,0.1701949955900622
2024-08-23,0.16220269546892008
2024-08-24,0.1553150579191062
2024-08-25,0.1489506852055997
2024-08-26,0.1430714607284267
2024-08-27,0.13779890169715642
2024-08-28,0.13342112516314167
2024-08-29,0.12986789614042607
2024-08-30,0.12694177244263913
2024-08-31,0.12466272542141288
2024-09-01,0.05642555051470283
2024-09-02,0.05591074693170904
2024-09-03,0.05671817730304875
2024-09-04,0.07063978361371083
2024-09-05,0.1228302444256969
2024-09-06,0.13573039962456834
2024-09-07,0.14462822254528168
2024-09-08,0.1054028343499638
2024-09-09,0.0551236125672506
2024-09-10,0.10377143710097646
2024-09-11,0.05550267262983095
2024-09-12,0.05487853130500251
2024-09-13,0.05611024604267853
2024-09-14,0.05401944691819471
2024-09-15,0.053894382766732134
2024-09-16,0.054077115718589724
2024-09-17,0.05365540275974025
2024-09-18,0.05405374542082735
2024-09-19,0.05371371223904872
2024-09-20,0.05324326251590328
2024-09-21,0.05308829730875805
2024-09-22,0.05440665737248312
2024-09-23,0.052862464278867836
2024-09-24,0.08866015461466041
2024-09-25,0.05270394667415882
2024-09-26,0.0525782189218907
2024-09-27,0.052783527248630266
2024-09-28,0.05237833495052125
2024-09-29,0.0523165746907955
2024-09-30,0.05226017501715437
2024-10-01,0.08751000459855429
2024-10-02,0.08732183924534312
2024-10-03,0.08711963436420432
2024-10-04,0.08691998563867594
2024-10-05,0.0867394987298208
2024-10-06,0.18086941323259173
2024-10-07,0.08934124821600932
2024-10-08,0.08640221260221476
2024-10-09,0.08626421200999429
2024-10-10,0.08612713383473229
2024-10-11,0.08600144092054007
2024-10-12,0.08593018763188745
2024-10-13,0.08580462950646207
2024-10-14,0.08623960140149496
2024-10-15,0.08565112820019131
2024-10-16,0.08560102561972176
2024-10-17,0.08554618736999785
2024-10-18,0.0854779429186268
2024-10-19,0.08539685242144593
2024-10-20,0.08530494780896061
2024-10-21,0.08520040999916258
2024-10-22,0.0850985719511663
2024-10-23,0.08501366475715058
2024-10-24,0.08493963937119263
2024-10-25,0.08485867511691987
2024-10-26,0.08475798105056802
2024-10-27,0.0846556420126665
2024-10-28,0.0845690687772409
2024-10-29,0.08448698233534976
2024-10-30,0.08439402013361468
2024-10-31,0.084301738340785
2024-11-01,0.056389663614926165
2024-11-02,0.05635419849357461
2024-11-03,0.056322631200233425
2024-11-04,0.05629726651233249
2024-11-05,0.6973395269012078
2024-11-06,0.4942758461621037
2024-11-07,0.09084820776956094
2024-11-08,0.08499767192129196
2024-11-09,0.06562837464892379
2024-11-10,0.13306463472149307
2024-11-11,0.1563793014909554
2024-11-12,0.059631425266104175
2024-11-13,0.056501693226937835
2024-11-14,0.057169811156104935
2024-11-15,0.05677001498551475
2024-11-16,0.05778350831740131
2024-11-17,0.06451242168775889
2024-11-18,0.06097309363303005
2024-11-19,0.1348714940893059
2024-11-20,0.8757572746206558
2024-11-21,0.5131067544845638
2024-11-22,0.12091619828515825
2024-11-23,0.05764797418003175
2024-11-24,0.06996323081346288
2024-11-25,0.061216012831229474
2024-11-26,0.060835414598998674
2024-11-27,0.07303847592433793
2024-11-28,0.07435920920973682
2024-11-29,0.0719252328699127
2024-11-30,0.07713263859727416
2024-12-01,0.07113298022217401
2024-12-02,0.06277134789045608
2024-12-03,0.06187387791118459
2024-12-04,0.06351239252281662
2024-12-05,0.06329071620348156
2024-12-06,0.06608449810288426
2024-12-07,0.06914614818297303
2024-12-08,0.1180736540735452
2024-12-09,0.5151628923485452
2024-12-10,0.08592220208324965
2024-12-11,0.08633719638240374
2024-12-12,0.0854088518604522
2024-12-13,0.11337607842965255
2024-12-14,0.09151516642121077
2024-12-15,0.06298487089159306
2024-12-16,0.06454396392587163
2024-12-17,0.0874427512003076
2024-12-18,0.08672523659328585
2024-12-19,0.16129263275479902
2024-12-20,0.7834628188704952
2024-12-21,0.4077543009892807
2024-12-22,0.2752184187648741
2024-12-23,0.06484604046470584
2024-12-24,0.06500842635896159
2024-12-25,0.06769698072713186
2024-12-26,0.06625605041323422
2024-12-27,0.07375285425429244
2024-12-28,0.08839951329511095
2024-12-29,0.09185275140795388
2024-12-30,0.10035134395208613
2024-12-31,0.0932873556890932
2025-01-01,0.08292072660038496
2025-01-02,0.12806279737346565
2025-01-03,0.16506799529856828
2025-01-04,0.14148683609385368
2025-01-05,0.1009073300130052
2025-01-06,0.18838464886632503
2025-01-07,0.04365531751244176
2025-01-08,0.04266465831420232
2025-01-09,0.043589054940463584
2025-01-10,0.043834493862794935
2025-01-11,0.04622493792964833
2025-01-12,0.04720929628855061
2025-01-13,0.0482845305042299
2025-01-14,0.0574281491088412
2025-01-15,0.07666097481435148
2025-01-16,0.060829598515603565
2025-01-17,0.05660561957165984
2025-01-18,0.05807037704558876
2025-01-19,0.059983531988258024
2025-01-20,0.09235682875915116
2025-01-21,0.2126490896322596
2025-01-22,0.7124021836167729
2025-01-23,3.838795332819671
2025-01-24,0.7294377296104531
2025-01-25,0.2266252451574549
2025-01-26,0.24463790155482534
2025-01-27,0.2293454790673332
2025-01-28,0.2595055612091201
2025-01-29,0.2538564271802781
2025-01-30,0.23189812641819826
2025-01-31,0.2558134559461133
2025-02-01,0.2475895480918952
2025-02-02,0.17556173023124333
2025-02-03,0.17225733721164108
2025-02-04,0.5238445660194655
2025-02-05,0.6536401363150073
2025-02-06,0.3545356546554774
2025-02-07,0.38455388567941307
2025-02-08,0.3924109920428917
2025-02-09,0.3555402997047186
2025-02-10,0.34663525851346505
2025-02-11,0.3302315503008028
2025-02-12,0.3219178998367783
2025-02-13,0.3014189195942719
2025-02-14,0.2905435536057438
2025-02-15,0.269805011088757
2025-02-16,0.2814015416966369
2025-02-17,0.3752831834895721
2025-02-18,1.0147885849437437
2025-02-19,2.254024012426917
2025-02-20,0.7209266822210411
2025-02-21,0.6306559737179159
2025-02-22,0.6500782629925111
2025-02-23,0.6344593265972002
2025-02-24,0.5631382937507237
2025-02-25,0.5732670710938614
2025-02-26,0.5499719519441933
2025-02-27,0.5676806873659465
2025-02-28,0.5089045693405906
2025-03-01,0.5988862847010278
2025-03-02,0.6280208749227494
2025-03-03,0.6530071537537915
2025-03-04,0.5439892847675656
2025-03-05,0.5190740317197793
2025-03-06,0.5110070334892508
2025-03-07,0.4869344478859485
2025-03-08,0.4611662500334133
2025-03-09,0.4502506691093144
2025-03-10,0.4504038227821046
2025-03-11,0.485339728379631
2025-03-12,0.5466578241300243
2025-03-13,0.6434291910165322
2025-03-14,0.5222773727823683
2025-03-15,0.5625036936934609
2025-03-16,0.6156521673662874
2025-03-17,0.7479326071291168
2025-03-18,0.9247865991100273
2025-03-19,1.7249934438370542
2025-03-20,2.0931478860831296
2025-03-21,2.412138084897263
2025-03-22,2.8696899718227367
2025-03-23,1.0607043990569185
2025-03-24,1.0690822059253056
2025-03-25,1.073620195383966
2025-03-26,1.0142828892228384
2025-03-27,0.9968529717492249
2025-03-28,0.9261668816280808
2025-03-29,0.8749131869035498
2025-03-30,0.8324540066484531
2025-03-31,0.8746097685761377
2025-04-01,1.0291275338014716
2025-04-02,0.7873045297858098
2025-04-03,1.0550361340825518
2025-04-04,1.6643750527093106
2025-04-05,2.479468665522801
2025-04-06,2.801359344012325
2025-04-07,2.492756490851672
2025-04-08,2.8278640137904936
2025-04-09,3.0490549989415197
2025-04-10,3.686984134262989
2025-04-11,5.306981213044248
2025-04-12,3.4472076378877983
2025-04-13,1.549899453160126
2025-04-14,1.9753669202315305
2025-04-15,2.8837286074093518
2025-04-16,3.8685352392441703
2025-04-17,3.3487342733221603
2025-04-18,5.458277312906076
2025-04-19,8.002598675003082
2025-04-20,9.696849301974817
2025-04-21,10.782171231951745
2025-04-22,5.60565446892684
2025-04-23,2.9232795893674837
2025-04-24,5.933673406134767
2025-04-25,7.823959471763161
2025-04-26,5.538173990575774
2025-04-27,3.2876994412791904
2025-04-28,4.8882361656822
2025-04-29,10.372665014174476
2025-04-30,12.633563161546705
2025-05-01,12.599463730537783
2025-05-02,10.959594155524943
2025-05-03,5.512605972342111
2025-05-04,4.6063271365347225
2025-05-05,3.757411468516136
2025-05-06,3.7604817311637553
2025-05-07,3.943011871735514
2025-05-08,3.610647959128851
2025-05-09,3.4871862951056483
2025-05-10,3.591316307063898
2025-05-11,3.7115909181141697
2025-05-12,3.6704626253901846
2025-05-13,3.27492009292907
2025-05-14,4.277055086737125
2025-05-15,5.954915718340218
2025-05-16,8.649514118646318
2025-05-17,5.911383430189624
2025-05-18,7.5475893052739265
2025-05-19,13.273052456500444
2025-05-20,20.54188188548718
2025-05-21,21.770692802943987
2025-05-22,27.757463389089757
2025-05-23,26.586528118982873
2025-05-24,24.47584151326359
2025-05-25,20.774077252716676
2025-05-26,12.495911409149963
2025-05-27,10.691999093774506
2025-05-28,7.130219851234107
2025-05-29,9.891832148984852
2025-05-30,10.906171514755604
2025-05-31,13.898046343755546
2025-06-01,17.90061774403925
2025-06-02,16.362229028770862
2025-06-03,9.420215502897186
2025-06-04,9.178429949705203
2025-06-05,9.529782665783731
2025-06-06,7.538586591401021
2025-06-07,7.038067512198008
2025-06-08,7.012689980080885
2025-06-09,7.086333181906987
2025-06-10,7.1560820959787765
2025-06-11,7.612433650702203
2025-06-12,8.081705674219911
2025-06-13,10.114248401067108
2025-06-14,11.778046911712424
2025-06-15,14.360118565995649
2025-06-16,17.12447549281993
2025-06-17,17.89350547778286
2025-06-18,18.299186756394136
2025-06-19,17.297325358325224
2025-06-20,18.004207142372863
2025-06-21,15.637797597738242
2025-06-22,14.1868184488287
2025-06-23,11.220585200486756
2025-06-24,9.854119030585018
2025-06-25,8.290542648516368
2025-06-26,7.244991806834798
2025-06-27,5.696016958781732
2025-06-28,5.039218757719358
2025-06-29,4.851322844815408
2025-06-30,4.406979935475533
2025-07-01,10.114228038962503
2025-07-02,9.136181890461804
2025-07-03,8.18038083487083
2025-07-04,7.078543960361081
2025-07-05,6.272855913508942
2025-07-06,5.541727512031578
2025-07-07,4.602767968888097
2025-07-08,3.901099251113376
2025-07-09,3.9641455618260255
2025-07-10,4.344117402251949
2025-07-11,4.193235568741885
2025-07-12,3.2668762837191516
2025-07-13,2.937839314453897
2025-07-14,2.631587239584498
2025-07-15,2.424132177896172
2025-07-16,2.3122394262482002
2025-07-17,2.3705105704267164
2025-07-18,2.2974111930771133
2025-07-19,2.3846236114093977
2025-07-20,2.044429978057903
2025-07-21,1.6921877048103862
2025-07-22,1.521465244434844
2025-07-23,1.3251378701521557
2025-07-24,1.2456967037689817
2025-07-25,1.0611063950517017
2025-07-26,0.7944577143631172
2025-07-27,0.7038338146827904
2025-07-28,0.6419794882469486
2025-07-29,0.8241157287333017
2025-07-30,0.981876986582138
2025-07-31,0.5132472797692752
2025-08-01,0.5884317911689246
2025-08-02,0.5188711032983963
2025-08-03,0.4581743258593777
2025-08-04,0.4061227190868735
2025-08-05,0.3614237385885689
2025-08-06,0.3233577667996492
2025-08-07,0.2907094939903921
2025-08-08,0.2630354088157684
2025-08-09,0.2398453908233052
2025-08-10,0.22097254325378632
2025-08-11,0.21416742354287924
2025-08-12,0.19539400189138592
2025-08-13,0.18604998985219892
2025-08-14,0.1775548362407792
2025-08-15,0.17061998964583364
2025-08-16,0.16491114486810435
2025-08-17,0.1598801537866369
2025-08-18,0.15542065583886094
2025-08-19,0.15161239023017675
2025-08-20,0.14865326767744766
2025-08-21,0.14644039285706514
2025-08-22,0.14453266639906887
2025-08-23,0.1427037591935442
2025-08-24,0.14094970273610666
2025-08-25,0.13923940623562714
2025-08-26,0.13750252378050615
2025-08-27,0.13577279545288945
2025-08-28,0.13410919391434215
2025-08-29,0.13248711818033734
2025-08-30,0.1308305763677238
2025-08-31,0.12918377260221786
2025-09-01,0.05851267189802641
2025-09-02,0.05784555921538161
2025-09-03,0.0572154982976284
2025-09-04,0.05661822905164007
2025-09-05,0.05608532004374344
2025-09-06,0.05562247275489667
2025-09-07,0.055207150966118966
2025-09-08,0.05482643619632505
2025-09-09,0.05447877917090533
2025-09-10,0.0541902682095779
2025-09-11,0.05396800102617042
2025-09-12,0.053779452256576016
2025-09-13,0.11233544225015032
2025-09-14,0.06756381786432744
2025-09-15,0.060015090337087865
2025-09-16,0.06854612854038794
2025-09-17,0.060398687156809364
2025-09-18,0.053110806369997834
2025-09-19,0.052859905965952816
2025-09-20,0.052621955093602166
2025-09-21,0.05241551787487829
2025-09-22,0.05225374806495596
2025-09-23,0.052135714198087935
2025-09-24,0.05263030255932908
2025-09-25,0.053208455346676814
2025-09-26,0.06105724798762794
2025-09-27,0.07494835431932975
2025-09-28,0.06968873631168675
2025-09-29,0.05168658028267405
2025-09-30,0.051517132628205085
2025-10-01,0.5285140197581996
2025-10-02,0.19466712196655506
2025-10-03,0.2842040222669952
2025-10-04,0.08677448538746084
2025-10-05,0.08566406383996819
2025-10-06,0.08547821330012609
2025-10-07,0.08530633397969213
2025-10-08,0.08516136431862098
2025-10-09,0.08504384700705353
2025-10-10,0.08491806062437628
2025-10-11,0.08478297129418208
2025-10-12,0.08466241551649385
2025-10-13,0.08454977568543097
2025-10-14,0.0845124643607793
2025-10-15,0.0843757844738327
2025-10-16,0.08433413301332747
2025-10-17,0.110585223586243
2025-10-18,0.08512790514749251
2025-10-19,0.08753967143718278
2025-10-20,0.08517379164823202
2025-10-21,0.12030856331331168
2025-10-22,0.0871268452874571
2025-10-23,0.09848945582694517
2025-10-24,0.3561992415982377
2025-10-25,0.3811925558766701
2025-10-26,0.22080886263363766
2025-10-27,0.11757406447144972
2025-10-28,0.1163983564682522
2025-10-29,0.11309427117105755
2025-10-30,0.09091342267381756
2025-10-31,0.08738580640837249
2025-11-01,0.05650143983393732
2025-11-02,0.056006432692887256
2025-11-03,0.055954504163882056
2025-11-04,0.05589958572488641
2025-11-05,0.05584991034837963
2025-11-06,0.05580833541617639
2025-11-07,0.05577392239076572
2025-11-08,0.05574287714213543
2025-11-09,0.05571230823305133
2025-11-10,0.0580017154302324
2025-11-11,0.06799450629567592
2025-11-12,0.05747591025304464
2025-11-13,0.10064267808083452
2025-11-14,0.08990791015642244
2025-11-15,0.5780998491625049
2025-11-16,1.3422955010896598
2025-11-17,1.1991321432958957
2025-11-18,0.5430689497102577
2025-11-19,0.9710631241793684
2025-11-20,0.5012306067375832
2025-11-21,0.08182731058812764
2025-11-22,0.06602296425801123
2025-11-23,0.06760510565145197
2025-11-24,0.06487140841172534
2025-11-25,0.06296319779221668
2025-11-26,0.2677645415032175
2025-11-27,0.06529320776963357
2025-11-28,0.06080826443538119
2025-11-29,0.06053449188502723
2025-11-30,0.15635945025872813
2025-12-01,0.2765615317447099
2025-12-02,0.1028269775051876
2025-12-03,0.07218090875603042
2025-12-04,0.06641164811389427
2025-12-05,0.06982383490682081
2025-12-06,0.07429423236953779
2025-12-07,0.1622759550604229
2025-12-08,0.26258121755929065
2025-12-09,0.4099342676711856
2025-12-10,0.14823007943323105
2025-12-11,0.07615624995106739
2025-12-12,0.06845022729970078
2025-12-13,0.08098334496957024
2025-12-14,0.0697809227512251
2025-12-15,0.06867315535760025
2025-12-16,0.06876785176631954
2025-12-17,0.0712703145982307
2025-12-18,0.07828877531201585
2025-12-19,0.08966781459837732
2025-12-20,0.09306630935430336
2025-12-21,0.08112388227947925
2025-12-22,0.08837258279225042
2025-12-23,0.12302200168062767
2025-12-24,0.14709343755518325
2025-12-25,0.5569148420875587
2025-12-26,1.626967288679069
2025-12-27,2.1898229363046493
2025-12-28,1.1462817938130894
2025-12-29,0.3232876654897027
2025-12-30,0.3413540064775254
2025-12-31,0.3606526081101453
2026-01-01,0.2772257173784643
2026-01-02,0.4378707026907296
2026-01-03,0.2880313651151525
2026-01-04,0.5835358264852734
2026-01-05,1.1605917547689553
2026-01-06,2.831977409823101
2026-01-07,14.461867401607124
2026-01-08,3.855049083617187
2026-01-09,1.219682256035426
2026-01-10,1.2436713066060492
2026-01-11,1.335657127204158
2026-01-12,1.3893773199470438
2026-01-13,1.949515016111456
2026-01-14,1.1054015730778204
2026-01-15,1.1088513323812828
2026-01-16,1.083863217696451
2026-01-17,1.0441608111937384
2026-01-18,0.987717414845693
2026-01-19,0.9223744649855846
2026-01-20,0.8544810912921678
2026-01-21,0.8054271483688129
2026-01-22,0.7836151250433571
2026-01-23,0.6912098678632899
2026-01-24,0.682922069600744
2026-01-25,1.0872456115436957
2026-01-26,1.0578054280397071
2026-01-27,0.7944051284813305
2026-01-28,0.7956754710211155
2026-01-29,0.9255356470820476
2026-01-30,0.8820496313594668
2026-01-31,0.8954904587743585
2026-02-01,0.7277054798651461
2026-02-02,0.8664200655647386
2026-02-03,0.9360053514443292
2026-02-04,0.9907942764089148
2026-02-05,1.0804213877116895
2026-02-06,0.9793125209039558
2026-02-07,1.075900384825678
2026-02-08,1.0823782430905171
2026-02-09,1.248135104853455
2026-02-10,1.0247209861946571
2026-02-11,0.9727024175820176
2026-02-12,1.1581633522042474
2026-02-13,1.1315579312842734
2026-02-14,0.9758876734442794
2026-02-15,0.9690792854756805
2026-02-16,0.986381730985026
2026-02-17,1.2606026259243053
2026-02-18,2.6342830975387512
2026-02-19,2.567225863100549
2026-02-20,4.7071234117456315
2026-02-21,1.5296437464664003
2026-02-22,1.3741248912214292
2026-02-23,1.4118051553317044
2026-02-24,1.5154422967672765
2026-02-25,3.00026947894706
2026-02-26,2.4581057544199383
2026-02-27,1.7805303150336058
2026-02-28,1.6847597448707847
2026-03-01,1.827402607095716
2026-03-02,1.8574836693542842
2026-03-03,1.7397897193988812
2026-03-04,1.7941160852195617
2026-03-05,1.6434934362244225
2026-03-06,1.5826813846450822
2026-03-07,1.5151710764578663
2026-03-08,1.413416397808783
2026-03-09,1.3090912478786016
2026-03-10,1.2435336959506993
2026-03-11,1.3113128074441047
2026-03-12,1.8445656915184236
2026-03-13,2.8053749783797604
2026-03-14,2.9042729588296976
2026-03-15,1.8381877794496169
2026-03-16,1.7699094431594613
2026-03-17,1.893916222974625
2026-03-18,1.7513921843873683
2026-03-19,1.7990236889677729
2026-03-20,1.820775175116348
2026-03-21,1.8069068332568503
2026-03-22,2.4848565421142506
2026-03-23,3.1217591665185376
2026-03-24,3.624551811700572
2026-03-25,3.732704511668525
2026-03-26,2.5905671905200918
2026-03-27,2.4679912553290944
2026-03-28,2.041631816602496
2026-03-29,2.0592174636259344
2026-03-30,2.047350925846791
2026-03-31,2.1490424933401555
2026-04-01,2.156521826918753
2026-04-02,3.1225568624051383
2026-04-03,4.645040515745771
2026-04-04,6.4230217541045285
2026-04-05,7.281603651176642
2026-04-06,2.8316367964797897
2026-04-07,3.1522128680416555
2026-04-08,4.819741560119679
2026-04-09,8.467455226415893
2026-04-10,12.063038950953707
2026-04-11,29.559506096184364
2026-04-12,16.003982197034585
2026-04-13,6.294016300535116
2026-04-14,3.7916539742073754
2026-04-15,5.053067988032482
2026-04-16,4.463757989089837
2026-04-17,3.5253830028051327
2026-04-18,3.670577494242155
2026-04-19,3.5596518372036057
2026-04-20,3.919810271268093
2026-04-21,4.5203256914724905
2026-04-22,6.3503222867155635
2026-04-23,5.6698166346733405
2026-04-24,5.958581394887108
2026-04-25,8.20233912839634
2026-04-26,9.362771345076109
2026-04-27,10.795862204732881
2026-04-28,17.381823209047706
2026-04-29,14.66750452239939
2026-04-30,4.99501958273147
2026-05-01,4.8374776777915125
2026-05-02,5.160590363060731
2026-05-03,4.777623781396745
2026-05-04,4.574068578565283
2026-05-05,4.492844316861895
2026-05-06,4.4852702917776455
2026-05-07,4.313112497888712
2026-05-08,3.960762434519237
2026-05-09,3.741747182841983
2026-05-10,3.6249144556624673
2026-05-11,4.5428075058224655
2026-05-12,6.370144738852259
2026-05-13,8.94755591172193
2026-05-14,13.65519235058954
2026-05-15,18.913475302494163
2026-05-16,26.104347705986644
2026-05-17,31.30241590700686
2026-05-18,35.51108974771355
2026-05-19,40.07615758683042
2026-05-20,42.375569745744144
2026-05-21,43.7448905338865
2026-05-22,44.27729949235438
2026-05-23,42.06753987147707
2026-05-24,36.43233429854005
2026-05-25,30.386433917862373
2026-05-26,16.036104794673893
2026-05-27,19.116947810164145
2026-05-28,24.753330525664172
2026-05-29,16.414007463002104
2026-05-30,11.350795493585176
2026-05-31,9.22559485192151
2026-06-01,15.148564775593462
2026-06-02,17.692454039045874
2026-06-03,19.45449222492862
2026-06-04,27.21597608856344
2026-06-05,23.322431570360926
2026-06-06,16.783589455084194
2026-06-07,16.330716897914797
2026-06-08,17.597242525416593
2026-06-09,17.373167437385725
2026-06-10,11.563710606581473
2026-06-11,7.874321553334526
2026-06-12,8.823666502541807
2026-06-13,11.289552528020804
2026-06-14,13.290326447948873
2026-06-15,7.441222806878133
2026-06-16,8.478190524349642
2026-06-17,8.214248903422643
2026-06-18,7.124324023316553
2026-06-19,6.774398642641442
2026-06-20,6.413500802625184
2026-06-21,5.877392601397814
2026-06-22,6.198186792102146
2026-06-23,7.996117860178237
2026-06-24,10.067697062674444
2026-06-25,10.814955047531598
2026-06-26,10.664160447650774
2026-06-27,8.55137035703543
2026-06-28,9.891934308686391
2026-06-29,9.965809141372857
2026-06-30,9.359993963810592
2026-07-01,11.347855253348575
2026-07-02,11.850911307647307
2026-07-03,14.12560911722325
2026-07-04,14.029463416233515
2026-07-05,12.990553485402527
2026-07-06,14.361442347153947
2026-07-07,14.699111673502946
2026-07-08,14.945986624812136
2026-07-09,13.811388243656658
2026-07-10,13.394142494519501
2026-07-11,11.181197217124252
2026-07-12,10.510238722203765
2026-07-13,8.520211033544719
2026-07-14,7.076127260099922
2026-07-15,6.122623642862258
2026-07-16,5.358963480518799
2026-07-17,5.387490948387646
2026-07-18,5.483331774785963
2026-07-19,5.239094936464283
2026-07-20,4.78611253255219
2026-07-21,4.629267796500418
2026-07-22,4.482631773854151
2026-07-23,3.8684832671476337
2026-07-24,3.7002705017981374
2026-07-25,3.124454370154592
2026-07-26,2.3170330663586585
2026-07-27,2.6912378706395126
2026-07-28,2.4316990308789665
2026-07-29,2.442460482829392
2026-07-30,2.1526017293691244
2026-07-31,2.326946677495684
2026-08-01,3.0136194588131833
2026-08-02,2.9821362805655656
2026-08-03,2.6870970686043893
2026-08-04,2.4415076707545484
2026-08-05,2.261882424548596
2026-08-06,2.3524689568227357
2026-08-07,2.537881598931514
2026-08-08,2.5699545294622617
2026-08-09,2.3917025716888323
2026-08-10,2.0462642353469467
2026-08-11,1.5483378883959793
2026-08-12,1.4291590711313034
2026-08-13,1.5006974509584114
2026-08-14,1.3926813089478365
2026-08-15,1.1062582289894507
2026-08-16,1.1787109486545082
2026-08-17,1.2529077005713738
2026-08-18,1.2076379073537582
2026-08-19,1.1548238586287587
2026-08-20,1.0697433958552838
2026-08-21,1.0157749429493117
2026-08-22,0.9827867104408168
2026-08-23,0.8656213277654613
2026-08-24,0.5428783100289787
2026-08-25,0.4977353538667002
2026-08-26,0.4694460619456535
2026-08-27,0.4471615534928636
2026-08-28,0.4192292663305256
2026-08-29,0.38454918737759797
2026-08-30,0.3507871783915953
2026-08-31,0.3184593633170349
2026-09-01,0.13286210162860054
2026-09-02,0.12177359420723885
2026-09-03,0.11240633855642833
2026-09-04,0.10508935573916267
2026-09-05,0.09982775386553963
2026-09-06,0.27005829381266544
2026-09-07,0.3320717030240092
2026-09-08,0.2622148639761986
2026-09-09,0.093839976167055
2026-09-10,0.08728408936835827
2026-09-11,0.08397236790246716
2026-09-12,0.08443039522215494
2026-09-13,0.07885656728891356
2026-09-14,0.07622936015059976
2026-09-15,0.07372251901387322
2026-09-16,0.0732305168028716
2026-09-17,0.07040438318617209
2026-09-18,0.06938146150070065
2026-09-19,0.0684598394122518
2026-09-20,0.06712801376003752
2026-09-21,0.19535089641353626
2026-09-22,0.1647701056431121
2026-09-23,0.15632819805452888
2026-09-24,0.3781878385463793
2026-09-25,0.20941402609558915
2026-09-26,0.08048502469148973
2026-09-27,0.08013530269043992
2026-09-28,0.07258151609809832
2026-09-29,0.06382187341369443
2026-09-30,0.06306427163687707
2026-10-01,0.10444985497683476
2026-10-02,0.1031733948811902
2026-10-03,0.1019364924840267
2026-10-04,0.1007522014377862
2026-10-05,0.09964586051188934
2026-10-06,0.0986848837132542
2026-10-07,0.09795064958043263
2026-10-08,0.09744270802348087
2026-10-09,0.09699065806651548
2026-10-10,0.09646293427176443
2026-10-11,0.0959399429530196
2026-10-12,0.09545368475970577
2026-10-13,0.0958545364437314
2026-10-14,0.21674702418319905
2026-10-15,0.10124210403028742
2026-10-16,0.0943957956613228
2026-10-17,0.09413270867518964
2026-10-18,0.09556225948393487
2026-10-19,0.2359340657592843
2026-10-20,0.11041179114528632
2026-10-21,0.09692896384988528
2026-10-22,0.09347962008083616
2026-10-23,0.09345110919758294
2026-10-24,0.09325284468110814
2026-10-25,0.09310670768050876
2026-10-26,0.0938297537168734
2026-10-27,0.09277612396708147
2026-10-28,0.09263159726386754
2026-10-29,0.092502807768142
2026-10-30,0.18303711775958534
2026-10-31,0.17073897232005505
2026-11-01,0.06400397728050215
2026-11-02,0.0618041502329756
2026-11-03,0.0882252880081563
2026-11-04,0.6063843382057917
2026-11-05,0.0755163672906636
2026-11-06,0.15028438918894704
2026-11-07,0.59202961048014
2026-11-08,0.8116873842965493
2026-11-09,0.44126841852842746
2026-11-10,0.20205897751400664
2026-11-11,0.4088153695513016
2026-11-12,0.09118148970445286
2026-11-13,0.10674282555442656
2026-11-14,0.09238209930780653
2026-11-15,1.0901825844112396
2026-11-16,12.629071596297312
2026-11-17,25.10861867434296
2026-11-18,0.1009717596105676
2026-11-19,0.6047523645540195
2026-11-20,0.09347071500832753
2026-11-21,0.11032907630732842
2026-11-22,0.20419316298282092
2026-11-23,1.1700957817847577
2026-11-24,2.353928660179753
2026-11-25,0.9611292944398176
2026-11-26,0.1022791648671726
2026-11-27,0.0966968358770638
2026-11-28,0.09655074935623467
2026-11-29,0.26681730070133264
2026-11-30,0.15836787479778308
2026-12-01,0.2355781059019175
2026-12-02,0.5262248395373438
2026-12-03,0.2253275010800375
2026-12-04,0.12844942657111985
2026-12-05,0.1275505253962125
2026-12-06,0.12283753953287692
2026-12-07,0.13126166994162933
2026-12-08,0.1417002947822696
2026-12-09,0.21501663898784484
2026-12-10,0.19778276907505468
2026-12-11,0.13734835638114787
2026-12-12,0.3059670535380847
2026-12-13,0.3512531208712369
2026-12-14,0.24356805594608624
2026-12-15,0.3442223303700175
2026-12-16,0.2889270488113957
2026-12-17,0.4249507217042701
2026-12-18,0.3163540917013071
2026-12-19,0.3323850478331533
2026-12-20,0.31535481553553263
2026-12-21,0.31671678148885496
2026-12-22,0.3240055904158316
2026-12-23,0.324641923720048
2026-12-24,0.3159205897382395
2026-12-25,0.3142593402545474
2026-12-26,0.30453258692650154
2026-12-27,0.2947446902647003
2026-12-28,0.2851654275380783
2026-12-29,0.2778059443538465
2026-12-30,0.2798236168273406
2026-12-31,0.2688251499915601
2027-01-01,0.1971858030622773
2027-01-02,0.15840555958672506
2027-01-03,0.1559570299977361
2027-01-04,0.15367856936062982
2027-01-05,0.15058264964223572
2027-01-06,0.14806059530406224
2027-01-07,0.16124077691830194
2027-01-08,0.14334567865257572
2027-01-09,0.1478462964768337
2027-01-10,0.14260299788982814
2027-01-11,0.16028091894634158
2027-01-12,0.2169878727870363
2027-01-13,0.22344827126837846
2027-01-14,0.16243255732948647
2027-01-15,0.15326155461398747
2027-01-16,0.14746820666963587
2027-01-17,0.1465808135800058
2027-01-18,0.2811673056155155
2027-01-19,2.3577962448833167
2027-01-20,12.638283275108565
2027-01-21,1.0697624195123292
2027-01-22,0.9766507026790396
2027-01-23,0.8219728724079949
2027-01-24,0.846188175261103
2027-01-25,0.9486480919241032
2027-01-26,0.8017346322414433
2027-01-27,0.7734390353538954
2027-01-28,1.1452488561050458
2027-01-29,12.430615289242807
2027-01-30,13.857387952644405
2027-01-31,3.1081234157544215
2027-02-01,1.1366372367450694
2027-02-02,1.1200993091648266
2027-02-03,1.1034396726417277
2027-02-04,1.0768311198023042
2027-02-05,1.0539354009373891
2027-02-06,1.0171279913776416
2027-02-07,0.9720803475895392
2027-02-08,0.9070713771283756
2027-02-09,0.8533452508387522
2027-02-10,0.9447489795707628
2027-02-11,0.881937295155216
2027-02-12,0.7625654032845111
2027-02-13,0.7352218157230137
2027-02-14,0.7026443790193297
2027-02-15,0.6696154926051539
2027-02-16,0.6348557423185439
2027-02-17,0.6036145151794894
2027-02-18,0.565013628041476
2027-02-19,0.5512505748533407
2027-02-20,0.5723001116795278
2027-02-21,0.6747138626407612
2027-02-22,0.6449628341835715
2027-02-23,0.691663910172443
2027-02-24,0.6937387579869123
2027-02-25,0.7669997384609522
2027-02-26,0.8882573078753221
2027-02-27,1.017805523105062
2027-02-28,1.4313640634339848
2027-03-01,2.417011233335318
2027-03-02,1.7291163967501768
2027-03-03,1.7764621710282489
2027-03-04,1.9576092408475447
2027-03-05,2.2920313633660285
2027-03-06,1.9391685385049018
2027-03-07,1.6878023374924167
2027-03-08,1.6009922494425977
2027-03-09,1.5463725114892808
2027-03-10,1.483058551449439
2027-03-11,1.464873353950749
2027-03-12,1.5491480188884394
2027-03-13,1.5860072018099232
2027-03-14,1.4890894378508532
2027-03-15,1.4144204941876828
2027-03-16,1.8457328671541544
2027-03-17,3.637363317854084
2027-03-18,4.738132467199918
2027-03-19,3.9977712930718954
2027-03-20,2.3719590314123913
2027-03-21,2.31081611103318
2027-03-22,2.2193373044762152
2027-03-23,2.4341713421151714
2027-03-24,2.44181706152351
2027-03-25,3.1628496078122144
2027-03-26,2.156247472070194
2027-03-27,2.0544201446750843
2027-03-28,2.260118070688061
2027-03-29,2.105942629980416
2027-03-30,2.1627758738873517
2027-03-31,3.4321573064935764
2027-04-01,2.9149261803452653
2027-04-02,2.140497868911483
2027-04-03,2.589494106920046
2027-04-04,3.240057354277384
2027-04-05,3.920834888161479
2027-04-06,2.403944078499124
2027-04-07,2.1587621515330984
2027-04-08,2.0423299357656086
2027-04-09,2.0444736008358952
2027-04-10,1.8993883380975596
2027-04-11,1.896185472816004
2027-04-12,1.85195311227502
2027-04-13,1.8064223143246831
2027-04-14,1.7163081625571397
2027-04-15,1.6789336923968554
2027-04-16,1.5654726785184423
2027-04-17,1.6445887681102531
2027-04-18,1.5819942154509763
2027-04-19,1.4641401381595949
2027-04-20,1.4273364444679353
2027-04-21,1.3985054516171491
2027-04-22,1.4589172539708275
2027-04-23,2.024900922358345
2027-04-24,2.7980214331240805
2027-04-25,4.372931712237284
2027-04-26,6.806579674392457
2027-04-27,9.051272402171818
2027-04-28,3.86799853378932
2027-04-29,2.7619501595746407
2027-04-30,2.7319123847995717
2027-05-01,2.6477897625258517
2027-05-02,2.5263530632915807
2027-05-03,2.60857483464763
2027-05-04,3.4370729508572784
2027-05-05,4.443864250167424
2027-05-06,4.009380808760721
2027-05-07,7.344308415862052
2027-05-08,8.787671459465557
2027-05-09,9.288881061408864
2027-05-10,4.801311988009888
2027-05-11,5.8705421857236635
2027-05-12,8.517073862261798
2027-05-13,9.384120219862252
2027-05-14,13.677553752140767
2027-05-15,15.01045428701212
2027-05-16,20.71035840466705
2027-05-17,21.32936780933177
2027-05-18,22.168103443758287
2027-05-19,23.45986732000081
2027-05-20,29.18765964816807
2027-05-21,28.670997553274532
2027-05-22,29.335958987726016
2027-05-23,29.571480448133823
2027-05-24,37.011780741979756
2027-05-25,42.35435282117831
2027-05-26,43.095377868394216
2027-05-27,42.4374867262349
2027-05-28,40.58091627513253
2027-05-29,37.44553501785575
2027-05-30,34.83621307814999
2027-05-31,36.56952916734912
2027-06-01,42.234421151911015
2027-06-02,46.89884675062165
2027-06-03,54.94242328194671
2027-06-04,53.725877522388245
2027-06-05,49.053454649997214
2027-06-06,42.85591643743782
2027-06-07,33.98493344930338
2027-06-08,38.234132683952346
2027-06-09,40.257332427573424
2027-06-10,22.12005182446809
2027-06-11,12.62679852019536
2027-06-12,12.662016548670149
2027-06-13,14.22906855049846
2027-06-14,18.13082969957904
2027-06-15,21.386338282591144
2027-06-16,10.658782748393742
2027-06-17,7.78610493101416
2027-06-18,8.391276285509777
2027-06-19,12.838836151601427
2027-06-20,18.640680953849
2027-06-21,22.01896860306711
2027-06-22,25.217954551161622
2027-06-23,26.36190219563047
2027-06-24,19.992671463900987
2027-06-25,19.377143893584574
2027-06-26,18.05988824587043
2027-06-27,18.397609561807972
2027-06-28,17.288544902816504
2027-06-29,16.232091180055086
2027-06-30,14.187158145168278
2027-07-01,31.217107330321692
2027-07-02,26.235478847004536
2027-07-03,24.348945259848556
2027-07-04,20.320662308618708
2027-07-05,16.400195698050553
2027-07-06,13.852407808395537
2027-07-07,13.019096595240145
2027-07-08,11.608331853149943
2027-07-09,10.999031881041274
2027-07-10,10.370644956006076
2027-07-11,10.234018194300086
2027-07-12,8.533456427002351
2027-07-13,7.1960098890382955
2027-07-14,5.9688846812882135
2027-07-15,4.723367070530451
2027-07-16,3.7768213504770016
2027-07-17,3.407335106024145
2027-07-18,3.2654940752007504
2027-07-19,3.4060184333356287
2027-07-20,3.5910414712782663
2027-07-21,3.6775948899999062
2027-07-22,3.6552594651212047
2027-07-23,3.88398900429949
2027-07-24,3.8486769319297274
2027-07-25,3.4801945531388183
2027-07-26,3.0404704796786484
2027-07-27,2.814799489875435
2027-07-28,2.9111892102387333
2027-07-29,2.8077107777735675
2027-07-30,2.709592346341233
2027-07-31,2.302493813581985
2027-08-01,3.3037612216248182
2027-08-02,3.3700023144867832
2027-08-03,2.899145330191927
2027-08-04,2.7782366569144883
2027-08-05,2.4684610122741946
2027-08-06,2.4318898750691518
2027-08-07,2.4930703831271184
2027-08-08,2.5848221812071697
2027-08-09,2.7645503252693127
2027-08-10,2.3803016261242207
2027-08-11,1.763354424867964
2027-08-12,1.6321450506421653
2027-08-13,1.6804170852439653
2027-08-14,1.584792322999946
2027-08-15,1.5401669479222493
2027-08-16,1.2431744708713202
2027-08-17,1.141832884714318
2027-08-18,1.2813142279682794
2027-08-19,1.2742088792535848
2027-08-20,1.2107552773809571
2027-08-21,1.1416260728368943
2027-08-22,1.0543096922808757
2027-08-23,0.9855258637931626
2027-08-24,0.9143959390158876
2027-08-25,0.9233253465467156
2027-08-26,0.6625734463439016
2027-08-27,0.6430049601963642
2027-08-28,0.6923182077259545
2027-08-29,0.7603182159659765
2027-08-30,0.5573115682331851
2027-08-31,0.506437359830899
2027-09-01,0.2107289303136268
2027-09-02,0.19882111229949806
2027-09-03,0.20348946165295875
2027-09-04,0.1925029154027454
2027-09-05,0.17812713245066494
2027-09-06,0.17371878815633734
2027-09-07,0.16608269728094258
2027-09-08,0.14137391760476287
2027-09-09,0.13569413722943735
2027-09-10,0.13117348769700327
2027-09-11,0.12863433500339905
2027-09-12,0.1335678158705541
2027-09-13,0.11802019469760462
2027-09-14,0.10427185854433614
2027-09-15,0.10100122393493666
2027-09-16,0.09859188346821073
2027-09-17,0.0962973944030978
2027-09-18,0.092701241370305
2027-09-19,0.08821959713676923
2027-09-20,0.08386864973732365
2027-09-21,0.08013559291486423
2027-09-22,0.07911211905601218
2027-09-23,0.15489236454816965
2027-09-24,0.138787606600215
2027-09-25,0.28251080574341697
2027-09-26,0.6657139390979993
2027-09-27,0.2836850501891264
2027-09-28,0.10387010863589416
2027-09-29,0.07554377065215992
2027-09-30,0.07225794148223089
2027-10-01,0.11932078235113265
2027-10-02,0.1177751733409155
2027-10-03,0.11621013041382595
2027-10-04,0.11406422792298615
2027-10-05,0.1122836332672362
2027-10-06,0.11082800382360247
2027-10-07,0.1095088150399968
2027-10-08,0.10825948962248633
2027-10-09,0.10665506973561552
2027-10-10,0.1056517652124648
2027-10-11,0.10480322269164068
2027-10-12,0.1029752606989158
2027-10-13,0.10095945360776093
2027-10-14,0.10009997188524604
2027-10-15,0.0993220399269576
2027-10-16,0.09838284598602376
2027-10-17,0.0974019018563744
2027-10-18,0.09654337356960987
2027-10-19,0.0959274497410828
2027-10-20,0.2794469319081213
2027-10-21,1.6960537143836472
2027-10-22,1.2894476745405514
2027-10-23,0.2553814527237276
2027-10-24,0.995317657037018
2027-10-25,1.278407692103129
2027-10-26,1.1696922360802453
2027-10-27,0.6702437475512836
2027-10-28,0.19267096949105095
2027-10-29,0.13524059241348366
2027-10-30,0.3624851541733445
2027-10-31,0.21339452450186067
2027-11-01,0.17356436384276014
2027-11-02,0.2347418008998187
2027-11-03,0.3213751753786075
2027-11-04,0.4731072634832789
2027-11-05,0.3146962636345789
2027-11-06,0.20946112551640345
2027-11-07,0.1508665291637302
2027-11-08,0.20923047083333896
2027-11-09,0.28795898991388985
2027-11-10,0.32653726108754144
2027-11-11,0.16945034299638598
2027-11-12,0.17146694730177073
2027-11-13,0.06814635499091727
2027-11-14,0.08314254575470252
2027-11-15,0.07217498814608303
2027-11-16,0.06741272813957615
2027-11-17,0.06920430286148165
2027-11-18,0.0669776839182675
2027-11-19,0.07345621858375259
2027-11-20,0.07021955944682591
2027-11-21,0.3272727768965096
2027-11-22,0.15487920669396069
2027-11-23,0.13971685745607754
2027-11-24,0.13954746722428688
2027-11-25,0.1691647161714173
2027-11-26,0.10563494292122544
2027-11-27,0.07137553957057524
2027-11-28,0.07804253476599955
2027-11-29,0.10516988521636962
2027-11-30,0.10496194679266188
2027-12-01,0.08441836007491953
2027-12-02,0.07148216766273281
2027-12-03,0.07157339612668667
2027-12-04,0.08513937592485253
2027-12-05,0.08954175542954171
2027-12-06,0.08026095609921831
2027-12-07,0.13693487347006647
2027-12-08,0.11161398559564398
2027-12-09,0.08292939897412921
2027-12-10,0.08004316687881939
2027-12-11,0.07855460838007569
2027-12-12,0.19634425705881275
2027-12-13,0.3023007263859808
2027-12-14,0.3830699582662594
2027-12-15,0.09342940448741588
2027-12-16,0.07320665598795488
2027-12-17,0.0733363168025444
2027-12-18,0.07596109522854003
2027-12-19,0.07451884036683333
2027-12-20,0.07659550989198208
2027-12-21,0.07555884033108971
2027-12-22,0.07373030744923913
2027-12-23,0.07378971647252136
2027-12-24,0.07384470410466885
2027-12-25,0.0738960370175473
2027-12-26,0.07394428381916605
2027-12-27,0.07398986020520826
2027-12-28,0.07403308018277135
2027-12-29,0.07407419342388988
2027-12-30,0.07519738381274092
2027-12-31,0.07415090907686248
2028-01-01,0.04679468241444623
2028-01-02,0.048251447912908176
2028-01-03,0.046429375613418665
2028-01-04,0.04686012033731709
2028-01-05,0.046967940941390326
2028-01-06,0.047809848090854166
2028-01-07,0.0475947113013371
2028-01-08,0.049691673197902776
2028-01-09,0.05163476862738646
2028-01-10,0.05620533750744679
2028-01-11,0.06583595991108658
2028-01-12,0.06825389020359489
2028-01-13,0.050533272247923824
2028-01-14,0.0484149217775419
2028-01-15,0.046937953117302825
2028-01-16,0.051881547535393535
2028-01-17,0.05819404537671896
2028-01-18,0.10519773772568546
2028-01-19,0.04804140355209355
2028-01-20,0.046637585129941456
2028-01-21,0.048152365766408634
2028-01-22,0.14012869923897725
2028-01-23,0.051016522268036255
2028-01-24,0.0487891969591388
2028-01-25,0.07452873568626113
2028-01-26,0.055613448592977406
2028-01-27,0.04949700265255055
2028-01-28,0.06731416351492894
2028-01-29,0.11288467974360987
2028-01-30,0.05201965035209482
2028-01-31,0.05272129261112768
2028-02-01,0.04351971889428633
2028-02-02,0.06358681577574238
2028-02-03,0.09187535800033574
2028-02-04,0.12181780976849192
2028-02-05,0.1672013876895199
2028-02-06,0.18134843302195436
2028-02-07,0.15847623551368428
2028-02-08,0.10491616826691294
2028-02-09,0.4627508701677385
2028-02-10,0.5455669510981003
2028-02-11,0.9050577708568291
2028-02-12,2.319192488357088
2028-02-13,1.5773732045984104
2028-02-14,1.3311849029113871
2028-02-15,0.6133674275759214
2028-02-16,0.2824427054761105
2028-02-17,0.2877282031239069
2028-02-18,0.2815400308626905
2028-02-19,0.2764286372685102
2028-02-20,0.27163317688699884
2028-02-21,0.265630980872825
2028-02-22,0.2568704868801268
2028-02-23,0.24526389826655806
2028-02-24,0.22917333945209506
2028-02-25,0.21760782054509087
2028-02-26,0.20482734008326575
2028-02-27,0.19362624167620107
2028-02-28,0.1839782515433495
2028-02-29,0.17665426294626754
2028-03-01,0.2472540203499517
2028-03-02,0.2112130338804755
2028-03-03,0.2322829944109328
2028-03-04,0.2653857878963046
2028-03-05,0.3873177662892397
2028-03-06,0.5701292735976894
2028-03-07,1.0263547330281129
2028-03-08,1.511434204325375
2028-03-09,1.277003416916442
2028-03-10,0.5284780073853027
2028-03-11,0.5550579304672112
2028-03-12,0.5048287380426693
2028-03-13,0.5611672813587216
2028-03-14,0.4842270941656522
2028-03-15,0.4895414338271366
2028-03-16,0.5186049538995662
2028-03-17,0.8372558932511625
2028-03-18,1.2273090034156533
2028-03-19,1.5735715865577793
2028-03-20,1.7823070298891088
2028-03-21,2.2913784474697554
2028-03-22,3.4527716116874787
2028-03-23,4.334718587818095
2028-03-24,5.668018951564121
2028-03-25,4.365828498138226
2028-03-26,4.718417046118802
2028-03-27,2.844363549524844
2028-03-28,3.9676500598787774
2028-03-29,3.838626439007657
2028-03-30,5.893089065149341
2028-03-31,7.520084288175063
2028-04-01,1.858983214604092
2028-04-02,1.8427668780463604
2028-04-03,3.0314356363984287
2028-04-04,5.4438716539660925
2028-04-05,6.379754962251794
2028-04-06,5.26438662944864
2028-04-07,3.6203116578555554
2028-04-08,4.798922332701066
2028-04-09,5.51777257223441
2028-04-10,5.8809990515524495
2028-04-11,7.350012047710519
2028-04-12,5.070705473319965
2028-04-13,3.5759774912579685
2028-04-14,3.2739062456191337
2028-04-15,4.847494085059519
2028-04-16,7.517150639959253
2028-04-17,8.294891883652943
2028-04-18,10.051687194925275
2028-04-19,7.028178623169678
2028-04-20,4.752743251010737
2028-04-21,4.640293973915133
2028-04-22,5.617154960772711
2028-04-23,5.3774638886648685
2028-04-24,4.813936614683257
2028-04-25,6.685905565571892
2028-04-26,10.787962220592306
2028-04-27,12.605050107844875
2028-04-28,10.631853921385096
2028-04-29,7.255245475634908
2028-04-30,6.90701274923417
2028-05-01,6.225534565493394
2028-05-02,6.444706010474556
2028-05-03,7.234851876978839
2028-05-04,5.9398500067220175
2028-05-05,5.475701916086424
2028-05-06,6.308080482687875
2028-05-07,8.794574540659152
2028-05-08,7.165208656109829
2028-05-09,5.593056726512886
2028-05-10,5.5398836207459325
2028-05-11,5.384228681696251
2028-05-12,5.232243153115942
2028-05-13,5.186022547379824
2028-05-14,5.3871443422830785
2028-05-15,6.592374852041602
2028-05-16,9.163629928634947
2028-05-17,12.457100897955707
2028-05-18,15.448060605692275
2028-05-19,18.430064657067167
2028-05-20,18.086874390235067
2028-05-21,20.40253089527649
2028-05-22,22.860150449581326
2028-05-23,22.97118281344373
2028-05-24,17.179397647998627
2028-05-25,15.115974968368285
2028-05-26,21.725491916275573
2028-05-27,17.31281579130989
2028-05-28,13.094407551275367
2028-05-29,12.210737681979046
2028-05-30,14.268008275290574
2028-05-31,13.275631413100513
2028-06-01,10.342893020255856
2028-06-02,7.210367112134124
2028-06-03,8.02914334456503
2028-06-04,9.806340020745887
2028-06-05,9.522614745753234
2028-06-06,8.980453650874379
2028-06-07,10.539995969700954
2028-06-08,11.349363853763714
2028-06-09,10.380740473769155
2028-06-10,7.4151354599048895
2028-06-11,7.4977582400476095
2028-06-12,7.009588828094782
2028-06-13,6.206155936995579
2028-06-14,5.6667931226427575
2028-06-15,5.401951664249808
2028-06-16,4.890954989065505
2028-06-17,4.230764185223937
2028-06-18,3.721943191770989
2028-06-19,3.6381203764730983
2028-06-20,3.2918377669383028
2028-06-21,2.889511404496984
2028-06-22,2.4190532803677662
2028-06-23,2.03670245214714
2028-06-24,1.8856977957648344
2028-06-25,1.7991689747593995
2028-06-26,1.7927200534255543
2028-06-27,1.5589017957908504
2028-06-28,1.5763231098513737
2028-06-29,1.4698308069723025
2028-06-30,1.5877851751868082
2028-07-01,3.3693573180283867
2028-07-02,3.0537493546890624
2028-07-03,2.9658324473910054
2028-07-04,2.8222972752148587
2028-07-05,2.629741681207864
2028-07-06,2.3240267312395595
2028-07-07,2.084262384335291
2028-07-08,1.7218790428315305
2028-07-09,1.6318025827833862
2028-07-10,1.543681589520554
2028-07-11,1.485369157296079
2028-07-12,1.2790023908696524
2028-07-13,1.3228674725514558
2028-07-14,1.5182041562304192
2028-07-15,1.6133769254620367
2028-07-16,1.6122427966871655
2028-07-17,1.5163555636517414
2028-07-18,1.2852193844074062
2028-07-19,1.190123105404444
2028-07-20,1.0767046350112588
2028-07-21,1.0355413260188533
2028-07-22,0.8253456136465033
2028-07-23,0.5843832431301539
2028-07-24,0.5001023459158921
2028-07-25,0.4603277430294794
2028-07-26,0.42660306253371055
2028-07-27,0.3888581936334776
2028-07-28,0.3469467260591312
2028-07-29,0.3079178846123386
2028-07-30,0.2773187263501799
2028-07-31,0.2504932544949172
2028-08-01,0.2937400507028543
2028-08-02,0.2698665192461693
2028-08-03,0.2561341211593077
2028-08-04,0.24119125340970704
2028-08-05,0.21712898016323828
2028-08-06,0.20197728003806087
2028-08-07,0.1889033225934594
2028-08-08,0.17765965232174824
2028-08-09,0.16880334715055118
2028-08-10,0.1620224366048306
2028-08-11,0.15629831093049062
2028-08-12,0.15120176624441398
2028-08-13,0.14669336691603274
2028-08-14,0.14287355741859725
2028-08-15,0.13961880000105725
2028-08-16,0.16891282488248727
2028-08-17,0.1351695897441029
2028-08-18,0.1333011969950285
2028-08-19,0.131660246608539
2028-08-20,0.12996987799340332
2028-08-21,0.1387261944554792
2028-08-22,0.12733030311858087
2028-08-23,0.12642552467760154
2028-08-24,0.12539057594897782
2028-08-25,0.12439890294989618
2028-08-26,0.12336182333500607
2028-08-27,0.12232037216198395
2028-08-28,0.12132005563247558
2028-08-29,0.13595949136212854
2028-08-30,0.11963456564353228
2028-08-31,0.11882464281045595
2028-09-01,0.05413638999160452
2028-09-02,0.0538390894345732
2028-09-03,0.05355047475557356
2028-09-04,0.05327006770945833
2028-09-05,0.05535637498251927
2028-09-06,0.05284258158041599
2028-09-07,0.052653570517047464
2028-09-08,0.05246869217794955
2028-09-09,0.05227347256407821
2028-09-10,0.05205929597052099
2028-09-11,0.05185873716357611
2028-09-12,0.05170349364280552
2028-09-13,0.051589846895643734
2028-09-14,0.05148179116209893
2028-09-15,0.05135063497412901
2028-09-16,0.05121330973879548
2028-09-17,0.05240630480895375
2028-09-18,0.05104903874209494
2028-09-19,0.05100954023515269
2028-09-20,0.050935956408611885
2028-09-21,0.050813230524448
2028-09-22,0.05067324275079618
2028-09-23,0.050668465740925483
2028-09-24,0.05044676582090045
2028-09-25,0.051096895975103036
2028-09-26,0.05024824672217325
2028-09-27,0.050134773066220606
2028-09-28,0.050022012026236906
2028-09-29,0.04992305349437908
2028-09-30,0.04980950712520249
2028-10-01,0.08338713785827134
2028-10-02,0.0832453958644972
2028-10-03,0.08312531544152303
2028-10-04,0.08302446290811298
2028-10-05,0.0829294071670785
2028-10-06,0.08284967888245029
2028-10-07,0.08279937597033117
2028-10-08,0.0827681066131251
2028-10-09,0.10726688653434953
2028-10-10,0.1173327916786174
2028-10-11,0.10619232256951806
2028-10-12,0.09096448074819206
2028-10-13,0.0852322821283597
2028-10-14,0.0845080399966865
2028-10-15,0.09609696223691473
2028-10-16,0.1114335874312848
2028-10-17,0.17634589077468932
2028-10-18,0.12962142454036435
2028-10-19,0.0956824017646487
2028-10-20,0.09632612309300526
2028-10-21,0.08335078864862533
2028-10-22,0.08448024617246623
2028-10-23,0.09745463876773018
2028-10-24,0.21000126626009746
2028-10-25,0.152157304752355
2028-10-26,0.17591750922813207
2028-10-27,0.21213125448276413
2028-10-28,0.21279139032479788
2028-10-29,0.09861732836196337
2028-10-30,0.09845528995900972
2028-10-31,0.09146375863443562
2028-11-01,0.05738034229125634
2028-11-02,0.09173122478184988
2028-11-03,0.11285056059750348
2028-11-04,0.07474400648120498
2028-11-05,0.11776887967568545
2028-11-06,0.13854760575901054
2028-11-07,0.09979168704020153
2028-11-08,0.06014952419458521
2028-11-09,0.06652647844304423
2028-11-10,0.05505500431012897
2028-11-11,0.05524564773599519
2028-11-12,0.05492207022570588
2028-11-13,0.06288871195168158
2028-11-14,0.07099963290878095
2028-11-15,0.09339978915601084
2028-11-16,0.08302955757812093
2028-11-17,0.07547150228740203
2028-11-18,0.0794431096229595
2028-11-19,0.07218112249797258
2028-11-20,0.08609931610032939
2028-11-21,0.09358450889923756
2028-11-22,0.18568833756393285
2028-11-23,0.2195056543707213
2028-11-24,0.10529494239548362
2028-11-25,0.06802681525758142
2028-11-26,0.07508707783609342
2028-11-27,0.0675470339212032
2028-11-28,0.12968054070352447
2028-11-29,0.1182235685728654
2028-11-30,0.08055293730883557
2028-12-01,0.09414085222217636
2028-12-02,0.10383037665271892
2028-12-03,0.11171485319153616
2028-12-04,0.059405578688025824
2028-12-05,0.06255160483579401
2028-12-06,0.09230719535859544
2028-12-07,0.4019583287905433
2028-12-08,0.3152995455393916
2028-12-09,0.06896837479977176
2028-12-10,0.058693895563663764
2028-12-11,0.061882879862557125
2028-12-12,0.0798039650965235
2028-12-13,0.10890620971900762
2028-12-14,0.08344557157377089
2028-12-15,0.0766250784700474
2028-12-16,0.08070044488965697
2028-12-17,0.1007617968817206
2028-12-18,0.08195672934013583
2028-12-19,0.06882410806854633
2028-12-20,0.0683618067505636
2028-12-21,0.09141208076678746
2028-12-22,0.08812634686417267
2028-12-23,0.06150084059875601
2028-12-24,0.06239161582986335
2028-12-25,0.12156163028642596
2028-12-26,0.08782288215491375
2028-12-27,0.06164236996147299
2028-12-28,0.06026929867173059
2028-12-29,0.06297147260237428
2028-12-30,0.08394023016236643
2028-12-31,0.09479702651414172
2029-01-01,0.07373682088692818
2029-01-02,0.07866348095042795
2029-01-03,0.054570576218785284
2029-01-04,0.06828792144503461
2029-01-05,0.08618133557306643
2029-01-06,0.07085858320878864
2029-01-07,0.08205826291239578
2029-01-08,0.0973436672537862
2029-01-09,0.07080177932634289
2029-01-10,0.11911819871121435
2029-01-11,0.2936172689153079
2029-01-12,0.04927363110682932
2029-01-13,0.03913698855013376
2029-01-14,0.03881056118824069
2029-01-15,0.041624614433112855
2029-01-16,0.04161705111135368
2029-01-17,0.04728689198287348
2029-01-18,0.06344213936413179
2029-01-19,0.06261915314856266
2029-01-20,0.05579974734602538
2029-01-21,0.047003829872507535
2029-01-22,0.039330029090439415
2029-01-23,0.03805969265816051
2029-01-24,0.039018464722479
2029-01-25,0.12084881497981227
2029-01-26,0.4784095470729232
2029-01-27,0.5126529000294694
2029-01-28,0.8892512127675044
2029-01-29,0.1595522822360858
2029-01-30,0.4655947717913915
2029-01-31,0.09985091323491417
2029-02-01,0.0545731923754057
2029-02-02,0.12541093061107447
2029-02-03,0.0396190545878111
2029-02-04,0.034458136454386536
2029-02-05,0.035423455584885695
2029-02-06,0.038783444221930606
2029-02-07,0.03600704386974419
2029-02-08,0.06087097641416271
2029-02-09,0.05687798210957725
2029-02-10,0.05249082839282387
2029-02-11,0.05228884836145172
2029-02-12,0.06255087018761167
2029-02-13,0.06265648731791527
2029-02-14,0.08443810991056055
2029-02-15,0.10107404105311267
2029-02-16,0.21067964381698792
2029-02-17,0.5384998879070074
2029-02-18,0.4993131958413077
2029-02-19,0.13981720833542188
2029-02-20,0.0633011546037631
2029-02-21,0.09595260679556653
2029-02-22,0.07773662425214747
2029-02-23,0.11117036986357336
2029-02-24,0.06253645033196906
2029-02-25,0.06608737205372102
2029-02-26,0.1925854766815219
2029-02-27,0.2548346253937491
2029-02-28,0.2682318750833555
2029-03-01,0.7101627258558909
2029-03-02,1.4313648849209424
2029-03-03,1.1895138429723244
2029-03-04,0.16930418882817574
2029-03-05,0.1000806418066006
2029-03-06,0.09222020414870633
2029-03-07,0.11041601878259943
2029-03-08,0.1554935598868254
2029-03-09,0.12673074089857966
2029-03-10,0.09850067133099236
2029-03-11,0.13063405909871695
2029-03-12,0.11256491793342502
2029-03-13,0.1312274129660283
2029-03-14,0.10458372793056768
2029-03-15,0.1112354566242454
2029-03-16,0.11638053872435147
2029-03-17,0.14845212888083625
2029-03-18,0.1265286385305484
2029-03-19,0.24400211618015824
2029-03-20,0.34407502272269136
2029-03-21,0.6584055480034307
2029-03-22,1.5877239725836314
2029-03-23,1.288537218412972
2029-03-24,1.901082695753852
2029-03-25,1.6649412538606128
2029-03-26,1.5351658691540948
2029-03-27,2.0062643130376854
2029-03-28,2.7106272573784898
2029-03-29,0.6671450732172791
2029-03-30,0.3822691576634396
2029-03-31,0.2667911833762208
2029-04-01,0.2370474386830877
2029-04-02,0.36589173669929775
2029-04-03,0.3842124066786701
2029-04-04,1.099143269279787
2029-04-05,1.4529748541028364
2029-04-06,0.7627035429732876
2029-04-07,0.7298331865055538
2029-04-08,1.3174674318617818
2029-04-09,2.6045233224880238
2029-04-10,3.6424296619508127
2029-04-11,5.0067915323125165
2029-04-12,3.1620856996000914
2029-04-13,3.200157200142665
2029-04-14,3.4947885139474124
2029-04-15,3.947465144519689
2029-04-16,4.444759868912203
2029-04-17,1.9000897274730677
2029-04-18,1.3241846163432471
2029-04-19,1.4265055581709019
2029-04-20,1.621324488441718
2029-04-21,2.2545466952677033
2029-04-22,2.155475350192988
2029-04-23,1.2226515066818238
2029-04-24,1.3332075771859837
2029-04-25,1.7013257676746556
2029-04-26,1.6424583336477825
2029-04-27,1.4193935762833931
2029-04-28,1.2191831544896667
2029-04-29,1.4376263037796686
2029-04-30,1.999065610314144
2029-05-01,1.6425897979085309
2029-05-02,1.4916121846924175
2029-05-03,1.7055360013796783
2029-05-04,1.7574202651569208
2029-05-05,1.3294928655634004
2029-05-06,1.1784505750066887
2029-05-07,1.1577339077557076
2029-05-08,1.3998284673574233
2029-05-09,1.2960764207213589
2029-05-10,1.2526366214313216
2029-05-11,1.0344387058155935
2029-05-12,1.139676649809143
2029-05-13,1.1729675897017258
2029-05-14,1.2017095996720668
2029-05-15,1.14919534999207
2029-05-16,1.0289789280418236
2029-05-17,0.9380949986388268
2029-05-18,0.8402457000837016
2029-05-19,0.8163948021999896
2029-05-20,0.7478865096792823
2029-05-21,0.7185257929357068
2029-05-22,0.6698611154408698
2029-05-23,0.6237334817676732
2029-05-24,0.572082801020433
2029-05-25,0.5362144516682701
2029-05-26,0.4913281664569029
2029-05-27,0.4559819729295533
2029-05-28,0.4153024887039648
2029-05-29,0.3862804309290968
2029-05-30,0.35788051986839914
2029-05-31,0.3469854322288232
2029-06-01,0.3625178326483879
2029-06-02,0.3451040814485198
2029-06-03,0.3051024255569319
2029-06-04,0.2915568618543734
2029-06-05,0.2710555318501871
2029-06-06,0.2601752801319698
2029-06-07,0.2610929064274753
2029-06-08,0.2664632466371445
2029-06-09,0.27481544273447883
2029-06-10,0.2748566758836557
2029-06-11,0.2593793319600839
2029-06-12,0.2438262755108361
2029-06-13,0.2284722024779661
2029-06-14,0.21914449926985294
2029-06-15,0.21420439875540775
2029-06-16,0.20691248702393375
2029-06-17,0.20077056866754056
2029-06-18,0.2619071949686417
2029-06-19,0.19223857653283413
2029-06-20,0.17455738193398918
2029-06-21,0.16094321276865522
2029-06-22,0.1482485047622168
2029-06-23,0.14447650617638153
2029-06-24,0.13336521986665842
2029-06-25,0.12124866211485925
2029-06-26,0.1121772148927298
2029-06-27,0.10423355502548766
2029-06-28,0.09691662351795667
2029-06-29,0.1026441218944178
2029-06-30,0.13077966420266168
2029-07-01,0.1946218204300559
2029-07-02,0.18369590255518894
2029-07-03,0.17352490594854875
2029-07-04,0.18369453447295636
2029-07-05,0.15714342058933586
2029-07-06,0.18104351329422547
2029-07-07,0.1442911801048252
2029-07-08,0.13889154454769664
2029-07-09,0.1335038074272386
2029-07-10,0.12867523872600875
2029-07-11,0.12436577618416388
2029-07-12,0.12061040752947198
2029-07-13,0.11740335425010287
2029-07-14,0.11472318956991083
2029-07-15,0.112569190875608
2029-07-16,0.11069167807707353
2029-07-17,0.10894927075741123
2029-07-18,0.10771184829342327
2029-07-19,0.11801458548001928
2029-07-20,0.19498800138960187
2029-07-21,0.10548250563456317
2029-07-22,0.10355374042227763
2029-07-23,0.1023892373802908
2029-07-24,0.10131250310670642
2029-07-25,0.10027979558307963
2029-07-26,0.09935569471210473
2029-07-27,0.09849528354423112
2029-07-28,0.0975574871640798
2029-07-29,0.10109089657535587
2029-07-30,0.1174833653121985
2029-07-31,0.20433897814643745
2029-08-01,0.15996744824798334
2029-08-02,0.2997688620191879
2029-08-03,0.17098572717237945
2029-08-04,3.1918560519731183
2029-08-05,1.7514646364024182
2029-08-06,0.13306007357336996
2029-08-07,0.2125602826541833
2029-08-08,0.11942119316523515
2029-08-09,0.11886088030713042
2029-08-10,0.1182422177191564
2029-08-11,0.11754041894542687
2029-08-12,0.11681870386156964
2029-08-13,0.11612450206597393
2029-08-14,0.1154593353266228
2029-08-15,0.11482005460785985
2029-08-16,0.11423670054569746
2029-08-17,0.11370519343441672
2029-08-18,0.11316844091620568
2029-08-19,0.12368615429579358
2029-08-20,0.1121805940833752
2029-08-21,0.1315551162496297
2029-08-22,0.1174292721074425
2029-08-23,0.11094318339831648
2029-08-24,0.11055383886238647
2029-08-25,0.11018553465434976
2029-08-26,0.18287755467832714
2029-08-27,0.10954738529686253
2029-08-28,0.10926095767518816
2029-08-29,0.10903439464618926
2029-08-30,0.10884167176690973
2029-08-31,0.10865551905625047
2029-09-01,0.04973391865818985
2029-09-02,0.05210242917980685
2029-09-03,0.04962125368720207
2029-09-04,0.09365024167545888
2029-09-05,0.05214731084605432
2029-09-06,0.05158013948690928
2029-09-07,0.0496157350061798
2029-09-08,0.04936828129298312
2029-09-09,0.04929926280653975
2029-09-10,0.04923539001530342
2029-09-11,0.04916754394609425
2029-09-12,0.049097887349234204
2029-09-13,0.04902978527120174
2029-09-14,0.04897090377143153
2029-09-15,0.048925916862888726
2029-09-16,0.11354467949132027
2029-09-17,0.15294960451980433
2029-09-18,0.083776877461746
2029-09-19,0.04882286326998468
2029-09-20,0.048827942867433916
2029-09-21,0.04871801474858898
2029-09-22,0.04866516437568397
2029-09-23,0.0486174474598193
2029-09-24,0.0485772984935146
2029-09-25,0.08506050225353684
2029-09-26,0.06489789547187502
2029-09-27,0.07557852572430604
2029-09-28,0.05411720984392037
2029-09-29,0.2704493579759983
2029-09-30,0.25492322890320884
2029-10-01,0.26832544657713964
2029-10-02,0.29781972093866865
2029-10-03,0.4878218182474184
2029-10-04,0.42913064014691504
2029-10-05,0.2333418491513195
2029-10-06,0.1358132482227096
2029-10-07,0.08204178902364523
2029-10-08,0.08121817215164075
2029-10-09,0.08432761726337164
2029-10-10,0.0849589855581039
2029-10-11,0.2806913223895613
2029-10-12,0.08459872291558831
2029-10-13,0.08446709378703966
2029-10-14,0.20128811377909625
2029-10-15,0.08526353448793733
2029-10-16,0.08087403493451129
2029-10-17,0.08084229266784937
2029-10-18,0.0808122060017609
2029-10-19,0.08078676911991603
2029-10-20,0.08078578317654543
2029-10-21,0.08073964328955445
2029-10-22,0.08071162161304382
2029-10-23,0.08067886361219878
2029-10-24,0.08208353550339623
2029-10-25,0.0824714194366523
2029-10-26,0.08168333548203058
2029-10-27,0.08511805617486927
2029-10-28,0.09735627545709008
2029-10-29,0.08965367323599688
2029-10-30,0.10156292094713328
2029-10-31,0.08087899855371895
2029-11-01,0.053883697311093055
2029-11-02,1.581632436831166
2029-11-03,3.7101371715147775
2029-11-04,1.4497743969408183
2029-11-05,0.26364738815336364
2029-11-06,0.20867741477514865
2029-11-07,0.3430893493517861
2029-11-08,0.22367490388173847
2029-11-09,0.16275347045452684
2029-11-10,0.1726998182329844
2029-11-11,0.4755492571123936
2029-11-12,2.0674235302233517
2029-11-13,0.8359632092564391
2029-11-14,0.08586442553337782
2029-11-15,0.0876523399388041
2029-11-16,0.09361929294670984
2029-11-17,0.08662672804307675
2029-11-18,0.07817373169369596
2029-11-19,0.08621213359878778
2029-11-20,0.08433972988906029
2029-11-21,0.08478628173410613
2029-11-22,0.08519352732528132
2029-11-23,0.08457042790587081
2029-11-24,0.13255188323126085
2029-11-25,0.08738260032095829
2029-11-26,0.2801261943790105
2029-11-27,0.1752437704537037
2029-11-28,0.06772222036527357
2029-11-29,0.149553998368454
2029-11-30,0.06814663811751782
2029-12-01,0.08009051555532012
2029-12-02,0.07229498061328365
2029-12-03,0.09107858817511433
2029-12-04,0.09928871714716532
2029-12-05,0.3622679635095229
2029-12-06,0.3520652528023946
2029-12-07,0.0770637830306553
2029-12-08,0.07357462222775041
2029-12-09,0.1124941219603514
2029-12-10,0.07385346472076212
2029-12-11,0.07396911436088642
2029-12-12,0.07406657430684391
2029-12-13,0.07415147017435829
2029-12-14,0.07422723723732329
2029-12-15,0.07592433482707077
2029-12-16,0.07448705821985163
2029-12-17,0.07469259591789762
2029-12-18,0.07447234092970817
2029-12-19,0.0771138483028987
2029-12-20,0.08167906363998502
2029-12-21,0.08187821074425472
2029-12-22,0.14326818853223172
2029-12-23,0.2290785820349184
2029-12-24,0.3024094245093665
2029-12-25,0.3114241680735023
2029-12-26,0.2098827363760367
2029-12-27,0.10744837144516367
2029-12-28,0.11555295331345836
2029-12-29,0.11883913797540442
2029-12-30,0.11808275295495685
2029-12-31,0.12102430692773232
2030-01-01,0.09480726686172383
2030-01-02,0.16302709731752268
2030-01-03,0.1542694276082644
2030-01-04,0.12402466126814275
2030-01-05,0.16499207280563827
2030-01-06,0.07852810023208794
2030-01-07,0.0897250481660857
2030-01-08,0.07346054177051291
2030-01-09,0.06667650087561554
2030-01-10,0.07000275100746195
2030-01-11,0.26554450809791924
2030-01-12,5.082449242213934
2030-01-13,13.2877111153949
2030-01-14,10.26227249921399
2030-01-15,9.545047293715374
2030-01-16,5.8461244803024455
2030-01-17,1.1602325105132518
2030-01-18,1.17593180961838
2030-01-19,1.1698201486609516
2030-01-20,1.2241732562300276
2030-01-21,1.0957085320959592
2030-01-22,1.0573865974882457
2030-01-23,1.0194582878746044
2030-01-24,1.0367554588883223
2030-01-25,0.9965044015480166
2030-01-26,0.9512003111459558
2030-01-27,0.8716280165524828
2030-01-28,1.0774919127845637
2030-01-29,1.0274369791740277
2030-01-30,1.0590004934503283
2030-01-31,1.7374038686540985
2030-02-01,1.1562905253782507
2030-02-02,0.9801672124265164
2030-02-03,0.9776365173067824
2030-02-04,0.9625184079500044
2030-02-05,1.0008490961524636
2030-02-06,0.9296425213751952
2030-02-07,0.8891182011970886
2030-02-08,0.8973568419063351
2030-02-09,0.9444205328936746
2030-02-10,0.9745458604698672
2030-02-11,1.0008014646339276
2030-02-12,1.0006325088721633
2030-02-13,0.8459602949423665
2030-02-14,0.8612640140667035
2030-02-15,0.8963365868585942
2030-02-16,0.95072193625519
2030-02-17,0.9738533169333132
2030-02-18,1.77943750879769
2030-02-19,1.0769044179930851
2030-02-20,1.5562339004558392
2030-02-21,5.41606538677322
2030-02-22,3.0145598789726136
2030-02-23,1.9826981869010405
2030-02-24,1.6444820669633369
2030-02-25,1.651290263767944
2030-02-26,1.700288720925042
2030-02-27,1.8724778294882287
2030-02-28,1.9324310273897212
2030-03-01,3.30476829259702
2030-03-02,4.515206685332342
2030-03-03,2.3078707388020687
2030-03-04,2.1830904183187787
2030-03-05,1.979594791700636
2030-03-06,1.97528766699615
2030-03-07,1.9057060722450705
2030-03-08,1.9252994148644489
2030-03-09,2.0263005896963477
2030-03-10,2.4038720533973605
2030-03-11,2.985917027984084
2030-03-12,3.903313673531918
2030-03-13,5.841447990473454
2030-03-14,6.4945493547410855
2030-03-15,5.741225396536782
2030-03-16,2.46001578057278
2030-03-17,2.2272495297995203
2030-03-18,2.111781320943201
2030-03-19,2.1032979677683974
2030-03-20,2.0640748130314504
2030-03-21,2.005885698426101
2030-03-22,1.960356164318729
2030-03-23,1.8410222671299048
2030-03-24,1.73675370551847
2030-03-25,1.7106343244008246
2030-03-26,1.7097820440273648
2030-03-27,1.5808194578559083
2030-03-28,3.164023079696244
2030-03-29,3.8559424800529296
2030-03-30,5.446076218770432
2030-03-31,9.108760202405481
2030-04-01,9.907924992082703
2030-04-02,10.218310554193199
2030-04-03,14.751053431945431
2030-04-04,12.968584252358689
2030-04-05,13.66107479724698
2030-04-06,11.874742886652308
2030-04-07,12.697503994303831
2030-04-08,16.475245896452233
2030-04-09,20.299336500538573
2030-04-10,17.015916845382687
2030-04-11,24.203891409783893
2030-04-12,26.56239405667687
2030-04-13,34.19571789973452
2030-04-14,31.70224706763421
2030-04-15,30.84286979795654
2030-04-16,12.094607032283035
2030-04-17,7.860566910537948
2030-04-18,7.4287096526979015
2030-04-19,7.336505421810209
2030-04-20,7.313386625183005
2030-04-21,7.313626798152196
2030-04-22,7.018538209821191
2030-04-23,6.767386529868404
2030-04-24,6.400151994004357
2030-04-25,6.1402067080468345
2030-04-26,5.766794497894495
2030-04-27,5.403382202352193
2030-04-28,5.430086078605183
2030-04-29,6.139938444919193
2030-04-30,8.150265443470781
2030-05-01,10.514473845608393
2030-05-02,11.418555263322501
2030-05-03,9.380187016681019
2030-05-04,13.195608800519722
2030-05-05,20.80809369216913
2030-05-06,28.55777413632393
2030-05-07,33.57553151654167
2030-05-08,30.9095837134952
2030-05-09,34.91415855236454
2030-05-10,33.16825744706281
2030-05-11,29.806707339196013
2030-05-12,28.167043890141997
2030-05-13,10.263895892922788
2030-05-14,9.402232108965382
2030-05-15,9.441479669149787
2030-05-16,10.783622439323972
2030-05-17,12.208540422055249
2030-05-18,14.273897031135908
2030-05-19,11.117468594845498
2030-05-20,9.357630568900733
2030-05-21,12.392365033124467
2030-05-22,19.88653261549533
2030-05-23,26.500824536049706
2030-05-24,33.521088101021085
2030-05-25,31.770443806341817
2030-05-26,23.604032350055665
2030-05-27,11.379768022814375
2030-05-28,17.418889826737573
2030-05-29,18.347302920938173
2030-05-30,12.088755511628456
2030-05-31,21.9637928970896
2030-06-01,28.86630655304296
2030-06-02,28.26187233117129
2030-06-03,24.69479432871555
2030-06-04,10.721202505832506
2030-06-05,10.356389883055352
2030-06-06,8.633646168382885
2030-06-07,6.830897648723706
2030-06-08,6.9859880578829205
2030-06-09,10.363058299705884
2030-06-10,14.924972590779747
2030-06-11,17.94279554795961
2030-06-12,15.403684440164227
2030-06-13,13.143682345325676
2030-06-14,11.783288492233405
2030-06-15,11.29979815733932
2030-06-16,9.618181412630948
2030-06-17,8.909535913441749
2030-06-18,8.696028432878496
2030-06-19,7.362103940269992
2030-06-20,6.195071501711153
2030-06-21,3.4496493798731565
2030-06-22,3.4168845785297672
2030-06-23,3.1201456732708035
2030-06-24,3.0484400600346366
2030-06-25,3.037244571242123
2030-06-26,3.1634625334954865
2030-06-27,3.1562432384477765
2030-06-28,3.41171963088808
2030-06-29,3.119800002460007
2030-06-30,2.737022522557398
2030-07-01,6.263665181378182
2030-07-02,6.2622469607310585
2030-07-03,5.672239100496036
2030-07-04,5.863205495159344
2030-07-05,5.4787942158940055
2030-07-06,5.141887234732522
2030-07-07,4.795425173777964
2030-07-08,4.300552643463827
2030-07-09,3.5646382729215333
2030-07-10,3.1486783768146345
2030-07-11,3.3383482021806365
2030-07-12,3.271628125691574
2030-07-13,3.265687119394576
2030-07-14,3.0477189603725217
2030-07-15,2.9108482296206954
2030-07-16,2.900998101006228
2030-07-17,2.5297301405045265
2030-07-18,2.347352145873153
2030-07-19,2.351607278996036
2030-07-20,2.3823482390023822
2030-07-21,2.2815253283823766
2030-07-22,1.943303934963969
2030-07-23,1.7722749078650504
2030-07-24,1.5176841785385466
2030-07-25,1.3647120734061935
2030-07-26,1.1952746111128236
2030-07-27,1.205456663984023
2030-07-28,1.1402799216968649
2030-07-29,1.1215464823566348
2030-07-30,0.955446299434296
2030-07-31,0.9530729780481102
2030-08-01,0.9892785102280072
2030-08-02,0.7210613743996277
2030-08-03,0.6145105865614742
2030-08-04,0.5746208567415668
2030-08-05,0.6359753751195503
2030-08-06,0.6462264360329004
2030-08-07,0.4657156738010966
2030-08-08,0.4222071496810593
2030-08-09,0.3797941987835084
2030-08-10,0.3417739723476072
2030-08-11,0.3088747184760752
2030-08-12,0.2804011409232631
2030-08-13,0.25631242011510164
2030-08-14,0.23572154572355206
2030-08-15,0.21850786088265745
2030-08-16,0.22082682812123006
2030-08-17,0.19460226486558646
2030-08-18,0.2350478189198523
2030-08-19,0.20909264392190216
2030-08-20,0.29288602859938856
2030-08-21,0.19858494099339388
2030-08-22,0.4569125137627035
2030-08-23,0.19906209748617465
2030-08-24,0.4646368066390339
2030-08-25,0.6224546130648717
2030-08-26,0.27793511327012804
2030-08-27,0.1489559364613374
2030-08-28,0.1458444063667945
2030-08-29,0.1735518045999577
2030-08-30,0.15216879083514653
2030-08-31,0.13775941344142253
2030-09-01,0.0625260510523867
2030-09-02,0.0619597126287257
2030-09-03,0.5865308195372686
2030-09-04,0.6525966241639961
2030-09-05,0.37264367431055695
2030-09-06,0.2040759567136483
2030-09-07,0.09121258486182067
2030-09-08,0.060598287839475115
2030-09-09,0.060040391074407125
2030-09-10,0.05943364117236299
2030-09-11,0.0588311987943435
2030-09-12,0.1682478964832472
2030-09-13,0.077741370286831
2030-09-14,0.2935976549602124
2030-09-15,0.12006203421501847
2030-09-16,0.15383197253947994
2030-09-17,0.10427151512001598
2030-09-18,0.05752413410614396
2030-09-19,0.0572889612820048
2030-09-20,0.057095596294094934
2030-09-21,0.05686581121448971
2030-09-22,0.05662318805830738
2030-09-23,0.11563974012135685
2030-09-24,0.11533023909327167
2030-09-25,0.17022277525800303
2030-09-26,0.17386916335105626
2030-09-27,0.05614921582930054
2030-09-28,0.1712401024836525
2030-09-29,0.17978848932016972
2030-09-30,0.07319014172299279
2030-10-01,0.09849295398055134
2030-10-02,0.1114156738176434
2030-10-03,0.1473419426087687
2030-10-04,0.6448976059839792
2030-10-05,0.3695796736055255
2030-10-06,0.2316768049371453
2030-10-07,0.11177544863028066
2030-10-08,2.8600216963546923
2030-10-09,8.746755176487053
2030-10-10,24.11635458051931
2030-10-11,1.611571328133581
2030-10-12,1.033475184134358
2030-10-13,0.29091306680052365
2030-10-14,0.8281399467391707
2030-10-15,0.3882689713625129
2030-10-16,0.35256209543030903
2030-10-17,0.4324008013722179
2030-10-18,0.5179416726619616
2030-10-19,1.121902784987982
2030-10-20,1.6002197044095197
2030-10-21,1.9117020288753068
2030-10-22,1.837049411940348
2030-10-23,1.0188292246942234
2030-10-24,0.5549748848389159
2030-10-25,0.442359177781784
2030-10-26,0.3171871683016857
2030-10-27,0.19635813360150828
2030-10-28,0.18240453882311475
2030-10-29,0.17476901708456133
2030-10-30,2.3220023648966586
2030-10-31,1.8623851627738897
2030-11-01,0.5817675950509418
2030-11-02,0.9172683272166998
2030-11-03,1.037272304118793
2030-11-04,1.2105864642709068
2030-11-05,1.0670689929466541
2030-11-06,0.5389283809521079
2030-11-07,0.14151311441186198
2030-11-08,0.13396605007453288
2030-11-09,0.1901497772443637
2030-11-10,0.17407097730436868
2030-11-11,0.1301830998324702
2030-11-12,0.16052258394741453
2030-11-13,0.7795324101635501
2030-11-14,0.1356176952165577
2030-11-15,0.13289113112761008
2030-11-16,0.13483568297651907
2030-11-17,0.14692684126634234
2030-11-18,1.9737310396928776
2030-11-19,3.1869796662904637
2030-11-20,9.715936072290539
2030-11-21,17.529327576267896
2030-11-22,1.5143930426838068
2030-11-23,0.4133651511157731
2030-11-24,0.28866473066781995
2030-11-25,0.29157096933507
2030-11-26,0.3046800859741112
2030-11-27,0.3215896758183137
2030-11-28,0.34400387979661884
2030-11-29,0.3417472535089009
2030-11-30,0.8802117016108618
2030-12-01,0.3994031926076677
2030-12-02,0.4191690748043039
2030-12-03,0.4500534576172312
2030-12-04,0.4595182123756193
2030-12-05,0.4614161225799177
2030-12-06,0.4628861929599304
2030-12-07,0.4638220245217771
2030-12-08,0.4612351773208242
2030-12-09,0.4925946499432626
2030-12-10,0.4837090592489757
2030-12-11,0.6976239418301502
2030-12-12,0.8077771147632371
2030-12-13,0.5205839124471573
2030-12-14,0.6563038862571683
2030-12-15,0.9142070263295068
2030-12-16,0.8171984209432951
2030-12-17,0.78978143857879
2030-12-18,0.902224762936105
2030-12-19,0.8042799495049685
2030-12-20,0.8293824761810121
2030-12-21,0.8264577416769305
2030-12-22,0.8930337024611174
2030-12-23,0.8080084078448666
2030-12-24,0.7847988879420409
2030-12-25,0.8198027351773414
2030-12-26,0.8121835601840264
2030-12-27,0.7467636296741981
2030-12-28,0.7348342033064552
2030-12-29,0.7296935940863367
2030-12-30,0.7114412910383843
2030-12-31,0.6760238315811624
2031-01-01,0.4114446658331307
2031-01-02,0.4033351052857901
2031-01-03,0.4291296933074158
2031-01-04,0.6602319526170733
2031-01-05,1.1525081010767022
2031-01-06,2.991474102764206
2031-01-07,4.8841958932901255
2031-01-08,1.7151383774327011
2031-01-09,1.7195314045428347
2031-01-10,1.7235582802265408
2031-01-11,1.7011880043586365
2031-01-12,1.6493071520638372
2031-01-13,1.5456484168246658
2031-01-14,1.460906534572468
2031-01-15,1.3717822223391958
2031-01-16,1.2992329712533826
2031-01-17,1.2077335605214945
2031-01-18,1.2558004918548422
2031-01-19,1.1665866038260753
2031-01-20,1.057771406646887
2031-01-21,1.0259237089268265
2031-01-22,0.999487183975799
2031-01-23,0.935170148508644
2031-01-24,0.8904516814677456
2031-01-25,0.8906124773653948
2031-01-26,0.8328044835885291
2031-01-27,0.7871096641872889
2031-01-28,0.7566636356864811
2031-01-29,0.7284376378537329
2031-01-30,0.7030898307039813
2031-01-31,0.6803047998180176
2031-02-01,0.5321541960908347
2031-02-02,0.5098789405040904
2031-02-03,0.4904491988446168
2031-02-04,0.4715301087802293
2031-02-05,0.4571654069881008
2031-02-06,0.4405733913992692
2031-02-07,0.4244824635637905
2031-02-08,0.4175876271946821
2031-02-09,0.40774166525487
2031-02-10,0.3850214616499049
2031-02-11,0.3763626398636621
2031-02-12,0.3835237437944153
2031-02-13,0.36327020510358377
2031-02-14,0.3782529430391782
2031-02-15,0.3738915636717408
2031-02-16,0.4125020075028807
2031-02-17,0.4821487561774789
2031-02-18,0.6898844758389101
2031-02-19,0.7739824901574428
2031-02-20,0.8075875182889235
2031-02-21,1.0286813874036729
2031-02-22,1.2617237556162229
2031-02-23,1.4240231056664066
2031-02-24,1.5844459371585005
2031-02-25,1.6744781702904163
2031-02-26,1.4267594043219023
2031-02-27,1.9518645417486051
2031-02-28,1.9479203109692065
2031-03-01,2.0960355827566253
2031-03-02,1.987120787872297
2031-03-03,1.958477369516542
2031-03-04,1.898122081456051
2031-03-05,1.9665110394250649
2031-03-06,2.1946677294832413
2031-03-07,2.358803882521382
2031-03-08,2.3495826313772272
2031-03-09,1.8294220394758716
2031-03-10,1.7357252794759614
2031-03-11,1.7239863158973072
2031-03-12,2.0442901857437143
2031-03-13,2.090009096555397
2031-03-14,2.2824976538180333
2031-03-15,1.9520587118010704
2031-03-16,2.3366123018106157
2031-03-17,2.2148001475328853
2031-03-18,2.0288386679675763
2031-03-19,2.662953221214777
2031-03-20,2.7088801999983163
2031-03-21,4.656796361646869
2031-03-22,3.4054021879269643
2031-03-23,4.343382253271578
2031-03-24,5.575436694328332
2031-03-25,3.817300453383373
2031-03-26,3.522777664935252
2031-03-27,3.5787388850911386
2031-03-28,3.9096416198444666
2031-03-29,3.8956034055144526
2031-03-30,3.379680477347259
2031-03-31,3.5840948877792287
2031-04-01,3.381761001283316
2031-04-02,3.8384535545134164
2031-04-03,3.950379340706445
2031-04-04,4.286847705980404
2031-04-05,5.007468148465445
2031-04-06,4.899902911456184
2031-04-07,6.302686582332411
2031-04-08,5.262269614310912
2031-04-09,3.6896550427792425
2031-04-10,3.4519512904952747
2031-04-11,3.3816330989779453
2031-04-12,3.1503109864854784
2031-04-13,3.0121944664568137
2031-04-14,3.1940544564845337
2031-04-15,4.332158314419079
2031-04-16,5.67185194923372
2031-04-17,3.675996660305728
2031-04-18,3.9420688140591733
2031-04-19,4.831356753758791
2031-04-20,7.998403579580697
2031-04-21,11.959039649611555
2031-04-22,8.808185125412697
2031-04-23,4.733056027980076
2031-04-24,4.205667015327603
2031-04-25,4.1790933801605155
2031-04-26,4.165558828201745
2031-04-27,4.01947229536299
2031-04-28,3.905309384800773
2031-04-29,3.79208165538912
2031-04-30,4.22896638560629
2031-05-01,5.092375209318873
2031-05-02,6.914455020128924
2031-05-03,12.301003076020386
2031-05-04,18.61713888985837
2031-05-05,23.673273921729393
2031-05-06,28.225883178151
2031-05-07,32.20630091195426
2031-05-08,22.562508948432694
2031-05-09,23.986960543413247
2031-05-10,15.485908783821031
2031-05-11,18.86148279256683
2031-05-12,20.833079776491655
2031-05-13,18.21194237780925
2031-05-14,20.947306693947755
2031-05-15,23.89535136016739
2031-05-16,19.70967822480216
2031-05-17,17.722776319305783
2031-05-18,22.043715729965975
2031-05-19,27.00585354850733
2031-05-20,27.755368163858535
2031-05-21,21.74693403035465
2031-05-22,10.740962533456251
2031-05-23,8.751455614815926
2031-05-24,7.794893332182291
2031-05-25,7.259716105672613
2031-05-26,7.4594409235430525
2031-05-27,8.734165040187909
2031-05-28,11.706800936917766
2031-05-29,14.850503874664591
2031-05-30,16.805940587737172
2031-05-31,20.691683520183357
2031-06-01,23.98068467544911
2031-06-02,22.09279277393508
2031-06-03,19.227264535796312
2031-06-04,17.013495854529882
2031-06-05,10.630049963040145
2031-06-06,8.422201063277981
2031-06-07,7.4026879685638995
2031-06-08,5.110652349493138
2031-06-09,4.1464844782933055
2031-06-10,3.8565591558771057
2031-06-11,3.7286396851897163
2031-06-12,3.330114233489502
2031-06-13,3.0606451682499305
2031-06-14,3.0025994190580887
2031-06-15,2.8581957065123396
2031-06-16,3.1316553241978524
2031-06-17,2.6629883329828123
2031-06-18,2.438178395283968
2031-06-19,2.141763316291875
2031-06-20,1.9659380069457624
2031-06-21,1.863779439339213
2031-06-22,1.767038095721575
2031-06-23,1.6264399989113136
2031-06-24,1.5261554111566291
2031-06-25,1.390388411107201
2031-06-26,1.2529199657389882
2031-06-27,1.1879204898622808
2031-06-28,1.1973175671484309
2031-06-29,1.1828377878957044
2031-06-30,1.1553440608918917
2031-07-01,2.3646095044531634
2031-07-02,2.3108099008091703
2031-07-03,2.2488948070988397
2031-07-04,1.954397824367728
2031-07-05,2.2114829606811264
2031-07-06,2.302546698863623
2031-07-07,2.2183135223743844
2031-07-08,2.0757459526588518
2031-07-09,2.1047849426144936
2031-07-10,2.0293741315620664
2031-07-11,1.9499084001011608
2031-07-12,1.5956216687804656
2031-07-13,1.4354281239799995
2031-07-14,1.3936046822593948
2031-07-15,1.2632324623713072
2031-07-16,1.333475729461158
2031-07-17,1.3253337532593392
2031-07-18,1.4818495231534183
2031-07-19,1.362420284743996
2031-07-20,0.8771420282326013
2031-07-21,0.7552320371137266
2031-07-22,0.6920844082368265
2031-07-23,0.6617052075777595
2031-07-24,0.6082697619888209
2031-07-25,0.5706717079880197
2031-07-26,0.5678452564885959
2031-07-27,0.4922208520110659
2031-07-28,0.3974862065753379
2031-07-29,0.3592017527374374
2031-07-30,0.3428231450987296
2031-07-31,0.3118759154662188
2031-08-01,0.3729024021820752
2031-08-02,0.33973303111960323
2031-08-03,0.31207549770485976
2031-08-04,0.2858960220844853
2031-08-05,0.26241327681444404
2031-08-06,0.24384972658930104
2031-08-07,0.2259023755708544
2031-08-08,0.21084907239341397
2031-08-09,0.1981864201899845
2031-08-10,0.18867783955676745
2031-08-11,0.179986375316971
2031-08-12,0.17249234059884788
2031-08-13,0.16619535452009232
2031-08-14,0.161019297603775
2031-08-15,0.15670199201741453
2031-08-16,0.15310138229626122
2031-08-17,0.15004442769501974
2031-08-18,0.1472834460808722
2031-08-19,0.14472453056110965
2031-08-20,0.14235560047803658
2031-08-21,0.14023032551378872
2031-08-22,0.13841598175541686
2031-08-23,0.13677163972156886
2031-08-24,0.13503364751594882
2031-08-25,0.13322301795887154
2031-08-26,0.13888102447266162
2031-08-27,0.13005725905277252
2031-08-28,0.1353658104798676
2031-08-29,0.1384661113307044
2031-08-30,0.2252582157782451
2031-08-31,0.3609040664037335
2031-09-01,0.05807033602389916
2031-09-02,0.05689413759678446
2031-09-03,0.05871836908242312
2031-09-04,0.05606407121999945
2031-09-05,0.05567769795338584
2031-09-06,0.05536565598611884
2031-09-07,0.055085060857500916
2031-09-08,0.054786674078747113
2031-09-09,0.05447066855644242
2031-09-10,0.05415178484227549
2031-09-11,0.053844024391681004
2031-09-12,0.05356689493251935
2031-09-13,0.05336857146413722
2031-09-14,0.2208039726943616
2031-09-15,0.053048101848198484
2031-09-16,0.05280868480064327
2031-09-17,0.052576871638864583
2031-09-18,0.052362410652369074
2031-09-19,0.052150906359126434
2031-09-20,0.05194366705172215
2031-09-21,0.051745521756862825
2031-09-22,0.051556194710253585
2031-09-23,0.05136567520333879
2031-09-24,0.05117663567276708
2031-09-25,0.05100226817320861
2031-09-26,0.05085629412443761
2031-09-27,0.11539686178932107
2031-09-28,0.0757912771065105
2031-09-29,0.06235148768032987
2031-09-30,0.05766418327374261
2031-10-01,0.0865171688569557
2031-10-02,0.08480894461427921
2031-10-03,0.08464434839537377
2031-10-04,0.0844626872007198
2031-10-05,0.08427470819848579
2031-10-06,0.08410652120075485
2031-10-07,0.08394937912565563
2031-10-08,0.08378998941896053
2031-10-09,0.08364950622627394
2031-10-10,0.08578936944503897
2031-10-11,0.08489343647590307
2031-10-12,0.08355325622296755
2031-10-13,0.08320151535414314
2031-10-14,0.08335177321275504
2031-10-15,0.2563527141409119
2031-10-16,0.08294201483757165
2031-10-17,0.08285775533640406
2031-10-18,0.08276108457304536
2031-10-19,0.08265683092174837
2031-10-20,0.08255794585982028
2031-10-21,0.08292291400678205
2031-10-22,0.08241378510643531
2031-10-23,0.08235318353434429
2031-10-24,0.08229369008105403
2031-10-25,0.08224301770071735
2031-10-26,0.08314046426859603
2031-10-27,0.12521247990625614
2031-10-28,0.09438394389988754
2031-10-29,0.12103955862812582
2031-10-30,0.08287379535440083
2031-10-31,0.08203665346172237
2031-11-01,0.05489296411477485
2031-11-02,0.054869329935821484
2031-11-03,0.054846087623311966
2031-11-04,0.054823356180996576
2031-11-05,0.05480380783769317
2031-11-06,0.054787148954913864
2031-11-07,0.07388361465443298
2031-11-08,0.05706459634231999
2031-11-09,0.19769675481770774
2031-11-10,0.1629184251944612
2031-11-11,0.14214308735831674
2031-11-12,0.08217570898662413
2031-11-13,0.07052793582585766
2031-11-14,0.11241061934821027
2031-11-15,0.5119560627249756
2031-11-16,0.06759560605765802
2031-11-17,0.06046604352079544
2031-11-18,0.3127341639864741
2031-11-19,3.801549838650273
2031-11-20,41.0355812272087
2031-11-21,75.45746942257833
2031-11-22,12.155711685919833
2031-11-23,0.7846154728539023
2031-11-24,0.2237550849325051
2031-11-25,0.08478098473428268
2031-11-26,0.08820850286224859
2031-11-27,0.2924307673088553
2031-11-28,0.3587152125883801
2031-11-29,0.08790508315781569
2031-11-30,0.1403551483089794
2031-12-01,0.12928109690636785
2031-12-02,0.16648524665312747
2031-12-03,0.2429716305868004
2031-12-04,0.2502553732250204
2031-12-05,0.2952160152932777
2031-12-06,0.1023537954729076
2031-12-07,0.09710683477455484
2031-12-08,0.10381902467696613
2031-12-09,0.11684274655238353
2031-12-10,0.10372230416338417
2031-12-11,0.10510122970000224
2031-12-12,0.10127126055614688
2031-12-13,0.10875346362696987
2031-12-14,0.118110427658026
2031-12-15,0.14022837251038686
2031-12-16,0.11593631788471152
2031-12-17,0.1169818841546326
2031-12-18,0.1193434115743028
2031-12-19,0.12143362586797672
2031-12-20,0.2947991710700921
2031-12-21,0.4136403539357969
2031-12-22,0.590257180391123
2031-12-23,1.8829866882852748
2031-12-24,11.56614860848827
2031-12-25,12.212863215121525
2031-12-26,8.512749078939084
2031-12-27,4.621679764035884
2031-12-28,2.261675455683072
2031-12-29,2.2246179246985625
2031-12-30,2.2489387554107183
2031-12-31,2.312194625013131
2032-01-01,1.3867490744825155
2032-01-02,1.309491318897386
2032-01-03,1.2532328948958884
2032-01-04,1.183452685231107
2032-01-05,1.1036941467258787
2032-01-06,1.032275556133799
2032-01-07,0.9691121861724672
2032-01-08,0.8900417300720804
2032-01-09,0.8311562746955202
2032-01-10,0.7795111916961944
2032-01-11,0.7388129419556948
2032-01-12,0.7210367259981544
2032-01-13,0.6603361499831045
2032-01-14,0.626631802803458
2032-01-15,0.6004460818280403
2032-01-16,0.5701753316568998
2032-01-17,0.5707453348276457
2032-01-18,0.523741496160647
2032-01-19,0.539885427841669
2032-01-20,0.4892390372017598
2032-01-21,0.4728400893641943
2032-01-22,0.4655747010121679
2032-01-23,0.680398668781652
2032-01-24,1.8405035833532088
2032-01-25,1.0760621581887757
2032-01-26,0.8550748424910585
2032-01-27,0.8585653002609176
2032-01-28,0.846064163680444
2032-01-29,0.8081252845582038
2032-01-30,0.7976997684047734
2032-01-31,0.7450156428442454
2032-02-01,0.5782867976773305
2032-02-02,0.55111010446683
2032-02-03,0.5219984154278123
2032-02-04,0.4942276750199414
2032-02-05,0.4680587038047989
2032-02-06,0.4437430468420865
2032-02-07,0.42129745582401495
2032-02-08,0.4040035204585182
2032-02-09,0.3973017393907091
2032-02-10,0.3873524735306405
2032-02-11,0.5938528601192571
2032-02-12,0.4833456558761081
2032-02-13,0.5784548557989375
2032-02-14,0.556315684724614
2032-02-15,0.6010841433613695
2032-02-16,0.539065823896658
2032-02-17,0.5626697077412216
2032-02-18,0.683520379848223
2032-02-19,0.7653144394085154
2032-02-20,0.8229056818734451
2032-02-21,0.6039981703382815
2032-02-22,0.6135663503317208
2032-02-23,0.6096518184017734
2032-02-24,0.5865083154643291
2032-02-25,0.5680184041062424
2032-02-26,0.5882441954888897
2032-02-27,0.6785630658062416
2032-02-28,0.796780987580232
2032-02-29,0.9346151927149721
2032-03-01,1.3085973715447354
2032-03-02,1.3188795290839528
2032-03-03,1.0521385095085116
2032-03-04,1.0510641353353276
2032-03-05,1.0498468543941195
2032-03-06,1.129194198556566
2032-03-07,0.9729570950961609
2032-03-08,0.9415821084714576
2032-03-09,0.8994870265552071
2032-03-10,0.8537870481577468
2032-03-11,0.8451066947946984
2032-03-12,0.7604091833427638
2032-03-13,0.7796153912248239
2032-03-14,0.7002327071479664
2032-03-15,0.6856886778203292
2032-03-16,0.7475742623481411
2032-03-17,0.9488833266625172
2032-03-18,1.3243632266028125
2032-03-19,2.096091657235884
2032-03-20,1.926376815088734
2032-03-21,2.0720919034550067
2032-03-22,1.9047361178692943
2032-03-23,1.6019602102632988
2032-03-24,1.5621880859905393
2032-03-25,1.5169056193350086
2032-03-26,1.512787870393998
2032-03-27,1.3769321934896324
2032-03-28,1.3142916097050328
2032-03-29,1.279459699420438
2032-03-30,1.2058236491568164
2032-03-31,1.1880087058145692
2032-04-01,1.0946492844630826
2032-04-02,1.210095948509286
2032-04-03,1.0243827125972325
2032-04-04,1.0424634840026843
2032-04-05,0.9796185989282304
2032-04-06,0.9795946908235365
2032-04-07,1.0008094356850292
2032-04-08,0.9847548567622596
2032-04-09,1.0297321887257629
2032-04-10,0.8951472282814676
2032-04-11,0.9747015127913724
2032-04-12,1.053866872921435
2032-04-13,1.2814410249852684
2032-04-14,1.646592711777864
2032-04-15,1.4239441989143973
2032-04-16,1.6559955858869886
2032-04-17,2.085204232791403
2032-04-18,2.7722200761843725
2032-04-19,2.988026593409935
2032-04-20,2.672084387445857
2032-04-21,2.9415628503620903
2032-04-22,3.4081057130093027
2032-04-23,4.226006347926581
2032-04-24,2.8834598545170165
2032-04-25,2.630516987041606
2032-04-26,2.477639479576349
2032-04-27,3.176522906249045
2032-04-28,4.826608959339703
2032-04-29,4.09707410487698
2032-04-30,2.7391854934753894
2032-05-01,2.334260466822315
2032-05-02,2.3131080454882147
2032-05-03,2.1864639212843127
2032-05-04,2.1126019629808117
2032-05-05,2.0613926909279696
2032-05-06,2.010522706125673
2032-05-07,1.8727839865956584
2032-05-08,2.002394543485844
2032-05-09,3.0066655590567883
2032-05-10,4.19028202231632
2032-05-11,7.8751903632758
2032-05-12,15.204554824329591
2032-05-13,19.492007553281372
2032-05-14,21.719226931198072
2032-05-15,22.91052679330597
2032-05-16,22.212698522817195
2032-05-17,21.59173555721004
2032-05-18,16.514983102918553
2032-05-19,15.746395796825759
2032-05-20,10.961635376247985
2032-05-21,9.730227492051151
2032-05-22,11.449941459988349
2032-05-23,15.253068069727053
2032-05-24,20.55802469057303
2032-05-25,26.932930236641237
2032-05-26,30.390113764113533
2032-05-27,31.27173770968399
2032-05-28,35.21486936551919
2032-05-29,35.242167820399025
2032-05-30,23.842303598068185
2032-05-31,28.647337521309357
2032-06-01,31.484942138866405
2032-06-02,32.071363540142514
2032-06-03,35.46533393968789
2032-06-04,32.65922992633128
2032-06-05,38.62432944458525
2032-06-06,34.662923152400275
2032-06-07,27.391267517241317
2032-06-08,13.632843971895008
2032-06-09,17.803141711328248
2032-06-10,24.65500303236289
2032-06-11,29.74265614691623
2032-06-12,19.04184662173776
2032-06-13,19.195494767582318
2032-06-14,19.30534399605036
2032-06-15,23.822005268167032
2032-06-16,20.598335995770405
2032-06-17,20.679790536401068
2032-06-18,21.59523410491198
2032-06-19,26.96984030526071
2032-06-20,32.517191064634574
2032-06-21,35.6305866287598
2032-06-22,37.36170047293405
2032-06-23,33.6766690827769
2032-06-24,20.311616970870134
2032-06-25,21.82024833203333
2032-06-26,24.91720240087616
2032-06-27,27.10027234207285
2032-06-28,26.604726313808218
2032-06-29,26.277478410776034
2032-06-30,25.49110758632197
2032-07-01,58.507939379866215
2032-07-02,54.851555783481935
2032-07-03,50.613653125312794
2032-07-04,48.99504121367307
2032-07-05,51.064966990270655
2032-07-06,42.56776726333615
2032-07-07,38.341212403821174
2032-07-08,22.341536969117907
2032-07-09,18.09088721006495
2032-07-10,21.520791136391157
2032-07-11,21.450816317949894
2032-07-12,21.623431655343083
2032-07-13,21.687147302692523
2032-07-14,21.36248275915688
2032-07-15,21.06105277446982
2032-07-16,17.146958505015508
2032-07-17,18.359710005076987
2032-07-18,16.031491373163778
2032-07-19,12.416643427535769
2032-07-20,11.761935127057727
2032-07-21,10.668241204682372
2032-07-22,9.55545529768174
2032-07-23,8.909192142069235
2032-07-24,8.64196071494288
2032-07-25,8.67889845193487
2032-07-26,8.78676360519603
2032-07-27,8.86195466300042
2032-07-28,7.97009833120364
2032-07-29,6.920990564518175
2032-07-30,5.5710904772541925
2032-07-31,5.239095830001176
2032-08-01,6.397965464935178
2032-08-02,6.526073813957178
2032-08-03,6.192010617292273
2032-08-04,5.463947869499818
2032-08-05,5.051387790518967
2032-08-06,4.885569732774842
2032-08-07,4.208492738846839
2032-08-08,4.597537318840937
2032-08-09,4.713400481096348
2032-08-10,4.538624091230834
2032-08-11,3.9153751091677673
2032-08-12,3.9213466865904505
2032-08-13,3.6353144917246976
2032-08-14,3.6442298887745097
2032-08-15,2.9610992397495406
2032-08-16,2.892680079624694
2032-08-17,2.7892104696607536
2032-08-18,2.893692361955161
2032-08-19,2.9309409162169238
2032-08-20,3.036330735816015
2032-08-21,2.7739979509797816
2032-08-22,2.687760370916571
2032-08-23,2.5863607870026937
2032-08-24,2.9034852257146464
2032-08-25,2.6160692761454434
2032-08-26,1.4856549709799234
2032-08-27,1.5096041772320157
2032-08-28,1.5836504430382559
2032-08-29,2.2907402190348307
2032-08-30,2.205243219042538
2032-08-31,2.5132624210757606
2032-09-01,0.7183084005551702
2032-09-02,0.6300294177392458
2032-09-03,0.6123779641311435
2032-09-04,0.6058882700976811
2032-09-05,0.5664666265177619
2032-09-06,0.5525633144821576
2032-09-07,0.5584910718337434
2032-09-08,0.645674204547938
2032-09-09,0.5368083750807251
2032-09-10,0.4861097043097024
2032-09-11,0.4390082210681816
2032-09-12,0.4243606193543968
2032-09-13,0.4050888393442386
2032-09-14,0.3947683546418772
2032-09-15,0.38860839767105626
2032-09-16,0.3809631198088175
2032-09-17,0.371851471111184
2032-09-18,0.3660030688652848
2032-09-19,0.3596229476275729
2032-09-20,0.3413407981576951
2032-09-21,0.34307864688761164
2032-09-22,0.3476185005093393
2032-09-23,0.3281005155359114
2032-09-24,0.2987437080447254
2032-09-25,0.2923245454177907
2032-09-26,0.2796836875121716
2032-09-27,0.2640335440109991
2032-09-28,0.2666458981824319
2032-09-29,0.2644735477582273
2032-09-30,0.26315865785969456
2032-10-01,0.4378629127693939
2032-10-02,0.4461553906562297
2032-10-03,0.44831078854855977
2032-10-04,0.4472379548852421
2032-10-05,0.4569105085690395
2032-10-06,0.4469829896634123
2032-10-07,0.42830488905733466
2032-10-08,0.4291624299797842
2032-10-09,0.3731375066592615
2032-10-10,0.3571220884514357
2032-10-11,0.34892626676608685
2032-10-12,0.3316489580256512
2032-10-13,0.3238915205479649
2032-10-14,0.31616991595155225
2032-10-15,0.30462658309839724
2032-10-16,0.29036507374800397
2032-10-17,0.2844181371476768
2032-10-18,0.28153450790883594
2032-10-19,0.27459437769721845
2032-10-20,0.2582093781142448
2032-10-21,0.2513033751051725
2032-10-22,0.2434130280741592
2032-10-23,0.2356973384757232
2032-10-24,0.2284672860086861
2032-10-25,0.22208879907933174
2032-10-26,0.21613907309583455
2032-10-27,0.21082350139093325
2032-10-28,0.20177929980976408
2032-10-29,0.19625694716376604
2032-10-30,0.19078674143363164
2032-10-31,0.18541296609650898
2032-11-01,0.12073439965057173
2032-11-02,0.11759919977876575
2032-11-03,0.11472574182084087
2032-11-04,0.11195833131225187
2032-11-05,0.10966743986334247
2032-11-06,0.1076803279416988
2032-11-07,0.10387828745973994
2032-11-08,0.10638082543516217
2032-11-09,0.09971578872273196
2032-11-10,0.09801982017637116
2032-11-11,0.09656716378627156
2032-11-12,0.09521238811797562
2032-11-13,0.093947678821639
2032-11-14,0.0927721702038312
2032-11-15,0.09167024197642608
2032-11-16,0.09063908926284503
2032-11-17,0.2472386705642995
2032-11-18,1.5527103745839812
2032-11-19,3.2222402335772635
2032-11-20,1.0620835692156922
2032-11-21,0.5232339284697602
2032-11-22,0.3539349048924406
2032-11-23,0.0970423938524572
2032-11-24,0.09736933561350364
2032-11-25,0.09399429356592327
2032-11-26,0.1073941543946278
2032-11-27,0.09699738695976874
2032-11-28,0.09626906078258428
2032-11-29,0.09746541299265236
2032-11-30,0.1091689014581836
2032-12-01,0.16263309594935232
2032-12-02,0.19509416460116386
2032-12-03,0.3387876643108794
2032-12-04,1.1958821217057658
2032-12-05,2.0834104708140626
2032-12-06,0.16232196008487948
2032-12-07,0.09554368615831382
2032-12-08,0.09439430648806972
2032-12-09,0.09402041201348163
2032-12-10,0.09398068000307483
2032-12-11,0.09430489675526893
2032-12-12,0.09635468124191414
2032-12-13,0.09378061265782367
2032-12-14,0.09350598621343276
2032-12-15,0.09595645755269012
2032-12-16,0.09637928196620774
2032-12-17,0.09818152658110482
2032-12-18,0.09381099952352016
2032-12-19,0.0934818410070334
2032-12-20,0.09271021280169167
2032-12-21,0.09237505512300194
2032-12-22,0.09222641486536752
2032-12-23,0.09210670544960584
2032-12-24,0.09192544835194053
2032-12-25,0.09178566118370264
2032-12-26,0.09232595801968348
2032-12-27,0.09466670259306376
2032-12-28,0.0920674350165888
2032-12-29,0.09261478990922432
2032-12-30,0.09321554639699164
2032-12-31,0.09112393892560812
2033-01-01,0.06454876565047961
2033-01-02,0.08714118973151955
2033-01-03,0.0738249924955949
2033-01-04,0.08012054889050617
2033-01-05,0.0578929619069799
2033-01-06,0.058077772843623934
2033-01-07,0.062132929952284977
2033-01-08,0.0627334141550266
2033-01-09,0.06550016076866773
2033-01-10,0.06809886390196708
2033-01-11,0.07420096748133605
2033-01-12,0.09164578233780894
2033-01-13,0.06924221209918281
2033-01-14,0.06196064602916005
2033-01-15,0.06707510466774774
2033-01-16,0.062445519348665476
2033-01-17,0.06478446094981621
2033-01-18,0.06843603770792375
2033-01-19,0.06895927555552779
2033-01-20,0.09550919941770153
2033-01-21,0.08007767684060553
2033-01-22,0.08336154525511551
2033-01-23,0.08688838693172718
2033-01-24,0.09475629478199513
2033-01-25,0.07809929141262155
2033-01-26,0.08882026759044491
2033-01-27,0.15039960556519066
2033-01-28,0.29004834913568617
2033-01-29,0.10104328408700017
2033-01-30,0.11025385972601934
2033-01-31,0.08446881919551599
2033-02-01,0.07178498997223859
2033-02-02,0.08565406563997087
2033-02-03,0.07482389986221602
2033-02-04,0.5578612031625431
2033-02-05,15.559720931854427
2033-02-06,22.63131791860637
2033-02-07,4.860507908139724
2033-02-08,3.979497769075676
2033-02-09,8.380379421399343
2033-02-10,3.5891919926933187
2033-02-11,1.6800587402007974
2033-02-12,1.6184610517895082
2033-02-13,1.3944162974658454
2033-02-14,1.232336311717104
2033-02-15,1.3023121964471651
2033-02-16,1.3133447342121718
2033-02-17,1.4264404734928204
2033-02-18,1.9758041505491444
2033-02-19,2.5395406167600347
2033-02-20,1.9551482972711085
2033-02-21,1.7572803190914532
2033-02-22,1.4666715521373257
2033-02-23,1.4162422110842623
2033-02-24,1.5345776535833178
2033-02-25,2.4973295094035453
2033-02-26,2.806752950508082
2033-02-27,2.3460551474026987
2033-02-28,2.1067857352800576
2033-03-01,2.249204946506479
2033-03-02,2.160169482402363
2033-03-03,2.1328675323769324
2033-03-04,2.0870121455336825
2033-03-05,2.114704764531098
2033-03-06,1.956062778096871
2033-03-07,1.9191306244222888
2033-03-08,1.953508345646691
2033-03-09,1.7933206527097836
2033-03-10,1.6789687299157883
2033-03-11,1.6895560119830584
2033-03-12,1.5867386089359292
2033-03-13,1.9144998635647303
2033-03-14,2.6504764357870108
2033-03-15,3.2802873370139034
2033-03-16,4.213110026514067
2033-03-17,5.129077074151744
2033-03-18,5.659653372820557
2033-03-19,8.953157311227592
2033-03-20,9.976842957453666
2033-03-21,6.000283132515958
2033-03-22,3.3374746400361412
2033-03-23,4.274893943081226
2033-03-24,3.93103877237134
2033-03-25,3.9853380646420593
2033-03-26,4.3855670981960015
2033-03-27,5.4130299223401295
2033-03-28,9.039266848415409
2033-03-29,7.6578216566916755
2033-03-30,9.875323010089671
2033-03-31,9.009291720537306
2033-04-01,8.139828317785696
2033-04-02,8.124552981583896
2033-04-03,4.872059993315324
2033-04-04,5.227551991057619
2033-04-05,6.15349479145845
2033-04-06,8.215106922088554
2033-04-07,4.868166650652118
2033-04-08,5.245992854331763
2033-04-09,5.431698732371606
2033-04-10,5.398682024424204
2033-04-11,6.001222142479522
2033-04-12,6.0979707400399255
2033-04-13,8.07685109966136
2033-04-14,8.179502947257648
2033-04-15,11.9302253558966
2033-04-16,15.865187978746887
2033-04-17,14.712295444674135
2033-04-18,16.8537785395464
2033-04-19,19.715302010344697
2033-04-20,24.37519006244296
2033-04-21,23.138066150837737
2033-04-22,18.098823452550885
2033-04-23,24.93192896075664
2033-04-24,25.66128948676169
2033-04-25,29.164596229804182
2033-04-26,32.01000318130156
2033-04-27,30.693799592593432
2033-04-28,30.73064004386073
2033-04-29,19.309058909601696
2033-04-30,16.48759259331717
2033-05-01,10.164113311581447
2033-05-02,12.55165193443415
2033-05-03,11.691804233090046
2033-05-04,9.676791722045119
2033-05-05,9.197907601311908
2033-05-06,9.665934204154034
2033-05-07,13.400114822951013
2033-05-08,16.23395933803581
2033-05-09,13.274894230817473
2033-05-10,9.993002015831905
2033-05-11,7.0432184457432125
2033-05-12,7.322817095661744
2033-05-13,8.86329235295522
2033-05-14,8.76803623475328
2033-05-15,11.6538488186832
2033-05-16,14.438642322011153
2033-05-17,15.90702775565083
2033-05-18,17.916205711014864
2033-05-19,19.05745923513521
2033-05-20,10.524552173330804
2033-05-21,14.301956542511812
2033-05-22,20.10381621514373
2033-05-23,20.085919202708762
2033-05-24,6.362974539594013
2033-05-25,5.5517450671330355
2033-05-26,5.802593373240672
2033-05-27,6.1618854782972665
2033-05-28,7.295943338642656
2033-05-29,10.187244194235092
2033-05-30,13.781322432934186
2033-05-31,14.636932553822858
2033-06-01,16.14061858206053
2033-06-02,15.717686998063078
2033-06-03,7.914521677095717
2033-06-04,6.346595043629647
2033-06-05,6.956330132100866
2033-06-06,4.9417415473913815
2033-06-07,4.676395371473834
2033-06-08,4.76724742958626
2033-06-09,5.140333760657401
2033-06-10,4.585695905899992
2033-06-11,4.6844136394771185
2033-06-12,4.8767409412299605
2033-06-13,6.115455389005714
2033-06-14,6.4342061423890975
2033-06-15,6.3698719074503005
2033-06-16,4.6153367955679645
2033-06-17,5.456947541834644
2033-06-18,6.001388129443233
2033-06-19,5.4538038202887895
2033-06-20,4.748426548666719
2033-06-21,4.614164962442827
2033-06-22,4.076302909946752
2033-06-23,3.8236563720847214
2033-06-24,3.4308833767187155
2033-06-25,3.0040588968825865
2033-06-26,2.805156331950326
2033-06-27,2.3542560648853694
2033-06-28,2.2743111903253257
2033-06-29,1.955090694536796
2033-06-30,2.0122301140905976
2033-07-01,4.557842379699304
2033-07-02,4.2947752015074645
2033-07-03,4.965811069903109
2033-07-04,3.2706640055727036
2033-07-05,3.105179704351216
2033-07-06,2.9526208091309813
2033-07-07,2.8117704474958347
2033-07-08,2.6342282942864443
2033-07-09,2.3455536072696086
2033-07-10,2.081607282244581
2033-07-11,1.7847097745427476
2033-07-12,1.7188833895462137
2033-07-13,1.5119465042102256
2033-07-14,1.4322881801403011
2033-07-15,1.3020736310218253
2033-07-16,1.2711678310296202
2033-07-17,1.1816524452283859
2033-07-18,1.0021391159023152
2033-07-19,1.0037985375339016
2033-07-20,0.9439997496475132
2033-07-21,0.8174830769132173
2033-07-22,0.7658043532018831
2033-07-23,0.5715588149899906
2033-07-24,0.6604931512866594
2033-07-25,0.5784521869400551
2033-07-26,0.451690979003515
2033-07-27,0.4169684487980904
2033-07-28,0.3838551909031696
2033-07-29,0.3534219119880657
2033-07-30,0.3397149649685356
2033-07-31,0.3763551142759312
2033-08-01,0.5404208895155235
2033-08-02,0.365566151229813
2033-08-03,0.3590970837899901
2033-08-04,0.3222413283442919
2033-08-05,0.31201644916393145
2033-08-06,0.3058928091912082
2033-08-07,0.29889582216460936
2033-08-08,0.2869238953530795
2033-08-09,0.2713616025756126
2033-08-10,0.2868388062137473
2033-08-11,0.3169148729887189
2033-08-12,0.30584677139405225
2033-08-13,0.35453531660394816
2033-08-14,0.4503036103513816
2033-08-15,0.3654820240769488
2033-08-16,0.23862742210008975
2033-08-17,0.2364816278055931
2033-08-18,0.22971750003919697
2033-08-19,0.2168401071666831
2033-08-20,0.21505907141888486
2033-08-21,0.21118334125612032
2033-08-22,0.20662566260009788
2033-08-23,0.2031481160880863
2033-08-24,0.20846095519833965
2033-08-25,0.21559591304440096
2033-08-26,0.2251012469055195
2033-08-27,0.22138165481476266
2033-08-28,0.20419260946653972
2033-08-29,0.2078610999289716
2033-08-30,0.20829888354021006
2033-08-31,0.2086811978497445
2033-09-01,0.10051688307741898
2033-09-02,0.11364060587210928
2033-09-03,0.09764413739295696
2033-09-04,0.08493852037894002
2033-09-05,0.09801711683061667
2033-09-06,0.09829282575100608
2033-09-07,0.10422073201784487
2033-09-08,0.08242046030660273
2033-09-09,0.0950043902010016
2033-09-10,0.10064668861852964
2033-09-11,0.10136614038573598
2033-09-12,0.09674230184661628
2033-09-13,0.07346273442003785
2033-09-14,0.07133444016933653
2033-09-15,0.0801548783282843
2033-09-16,0.06798470489584169
2033-09-17,0.06649510896473683
2033-09-18,0.0653365006215358
2033-09-19,0.06515604009698077
2033-09-20,0.06342715321535444
2033-09-21,0.06233563025397393
2033-09-22,0.06138663355195233
2033-09-23,0.06091710532521815
2033-09-24,0.06008866838965809
2033-09-25,0.059307829918767874
2033-09-26,0.05877499633674042
2033-09-27,0.05820890678379775
2033-09-28,0.057771255658908234
2033-09-29,0.05744816756319539
2033-09-30,0.05710494371998245
2033-10-01,0.09545212421530416
2033-10-02,0.09511679386891958
2033-10-03,0.09481236337458893
2033-10-04,0.09472686727966878
2033-10-05,0.09431781508318292
2033-10-06,0.09540882865510876
2033-10-07,0.0933747436643979
2033-10-08,0.09308798179443503
2033-10-09,0.09217681472304116
2033-10-10,0.09159967945244074
2033-10-11,0.09095111485679896
2033-10-12,0.0902571675600358
2033-10-13,0.08962787525551316
2033-10-14,0.0891780120776523
2033-10-15,0.08887407721107321
2033-10-16,0.0889755588698835
2033-10-17,0.08831487141428747
2033-10-18,0.08806871233544401
2033-10-19,0.08786356625377702
2033-10-20,0.08761608048458044
2033-10-21,0.0873363928612749
2033-10-22,0.08708782469541754
2033-10-23,0.08688797119201623
2033-10-24,0.08674279710443855
2033-10-25,0.08662584324914381
2033-10-26,0.08651388716671968
2033-10-27,0.0864023489441234
2033-10-28,0.08628630143599654
2033-10-29,0.08614591886411369
2033-10-30,0.08596472493090651
2033-10-31,0.08578194525522145
2033-11-01,0.057329411042130025
2033-11-02,0.05724885146672359
2033-11-03,0.0571796789029837
2033-11-04,0.05711661936673348
2033-11-05,0.057058559029481676
2033-11-06,0.05700596281385345
2033-11-07,0.056960575083319864
2033-11-08,0.06809621341677373
2033-11-09,0.05689957449387785
2033-11-10,0.05693182634406085
2033-11-11,0.05683643856041671
2033-11-12,0.057448781494360376
2033-11-13,0.056866395326946526
2033-11-14,0.056798259623557674
2033-11-15,0.12282599971300752
2033-11-16,2.32547843762335
2033-11-17,14.987270870033731
2033-11-18,1.082114988785162
2033-11-19,0.06266387086623439
2033-11-20,0.06360145571322777
2033-11-21,0.06417145887845728
2033-11-22,0.0980886462543046
2033-11-23,0.15390783817959602
2033-11-24,0.2421493331564065
2033-11-25,0.23325071612131645
2033-11-26,0.159844835070049
2033-11-27,0.06768605939135992
2033-11-28,0.12144359373883633
2033-11-29,0.10720996924771356
2033-11-30,0.1399340606819167
2033-12-01,0.10928601403406786
2033-12-02,0.11300229984599973
2033-12-03,0.1721728703514643
2033-12-04,0.2150959292561244
2033-12-05,0.4725022111043422
2033-12-06,0.7799008915131417
2033-12-07,0.8141387162080334
2033-12-08,0.6475697051752627
2033-12-09,0.4930105766209106
2033-12-10,0.37375424459196055
2033-12-11,0.2782147260813169
2033-12-12,0.2233964672840059
2033-12-13,0.2701755153155984
2033-12-14,0.2493039792193905
2033-12-15,0.2968952930778934
2033-12-16,0.42362962396477133
2033-12-17,0.21095816201076645
2033-12-18,0.20040156106994214
2033-12-19,0.2006210016201983
2033-12-20,0.1989867814647348
2033-12-21,0.19656912832596665
2033-12-22,0.19494116256848745
2033-12-23,0.19600790265929574
2033-12-24,0.18552815831822256
2033-12-25,0.1831218062012989
2033-12-26,0.19284315399808927
2033-12-27,0.17948077030748102
2033-12-28,0.18776424923364385
2033-12-29,0.18890026681652008
2033-12-30,1.2039602023410738
2033-12-31,3.9122163157312193
2034-01-01,0.5130449718015574
2034-01-02,0.4288945499979864
2034-01-03,0.4340795810033976
2034-01-04,0.4164586398106874
2034-01-05,0.38962794780855736
2034-01-06,0.367724267026134
2034-01-07,0.3459598609226305
2034-01-08,0.3315567576629949
2034-01-09,0.3047795595908205
2034-01-10,0.28737167160147925
2034-01-11,0.2725914723592012
2034-01-12,0.25758462426650525
2034-01-13,0.2432680946779735
2034-01-14,0.23106001029339135
2034-01-15,0.21984365380405335
2034-01-16,0.20973017970694247
2034-01-17,0.20094825760594096
2034-01-18,0.19146808797712184
2034-01-19,0.18349406243314995
2034-01-20,0.17624633860387412
2034-01-21,0.16975680355395706
2034-01-22,0.16346412209166508
2034-01-23,0.1606039180261975
2034-01-24,0.1678398498289659
2034-01-25,0.15943672750138732
2034-01-26,0.16506041651970366
2034-01-27,0.1734389462340461
2034-01-28,0.1991035246183212
2034-01-29,0.20251909062505094
2034-01-30,0.2362410815404663
2034-01-31,0.2766561959410195
2034-02-01,0.27098782565939256
2034-02-02,0.2856466561908277
2034-02-03,0.32256333561006434
2034-02-04,0.4803310392761592
2034-02-05,0.5614539871382425
2034-02-06,0.5266882695931911
2034-02-07,0.5490774360271463
2034-02-08,0.6052946350387436
2034-02-09,0.5241923212881541
2034-02-10,0.4869098486637854
2034-02-11,0.4908126703055082
2034-02-12,0.488585031082399
2034-02-13,0.448355130211928
2034-02-14,0.4231036687863433
2034-02-15,0.4076856745543869
2034-02-16,0.4048880231236179
2034-02-17,0.3853895232047677
2034-02-18,0.3434078731503272
2034-02-19,0.3301066936805193
2034-02-20,0.3557144846962495
2034-02-21,0.3136618374859233
2034-02-22,0.30294064347547306
2034-02-23,0.31062226952984345
2034-02-24,0.30870823668261616
2034-02-25,0.27462076277249664
2034-02-26,0.26030780777569684
2034-02-27,0.2753216304332135
2034-02-28,0.3839918016774096
2034-03-01,0.8854819363433952
2034-03-02,1.8015727519292493
2034-03-03,1.842280548768919
2034-03-04,2.0735584126096467
2034-03-05,3.202081022449978
2034-03-06,3.6109924156699513
2034-03-07,4.123561994454612
2034-03-08,1.6761044772937612
2034-03-09,1.0889898457704337
2034-03-10,1.507838851856454
2034-03-11,1.3449149944821217
2034-03-12,1.1606134576363458
2034-03-13,1.0700728899242342
2034-03-14,1.0582680046145532
2034-03-15,1.0491477961922957
2034-03-16,1.0802337817301395
2034-03-17,1.5106530674833576
2034-03-18,1.9630464948277544
2034-03-19,3.198403965614208
2034-03-20,3.822018294305232
2034-03-21,4.468977159754289
2034-03-22,5.698128070999844
2034-03-23,7.215022703434744
2034-03-24,8.397310415303654
2034-03-25,4.370985843797309
2034-03-26,5.485942724414606
2034-03-27,6.330623966081589
2034-03-28,10.074440811680583
2034-03-29,10.00911936706848
2034-03-30,7.2661502122460995
2034-03-31,9.127412428384973
2034-04-01,6.290484015208062
2034-04-02,2.8466344550152427
2034-04-03,3.2298824511013104
2034-04-04,5.5672493216862415
2034-04-05,9.70624478616388
2034-04-06,8.532550745742123
2034-04-07,3.771137151295535
2034-04-08,3.9541251018257824
2034-04-09,4.220505778388884
2034-04-10,3.7060710187639048
2034-04-11,3.7449049949098163
2034-04-12,3.32087826971891
2034-04-13,3.2877961778585343
2034-04-14,3.303661787270153
2034-04-15,3.198312805373789
2034-04-16,3.0598863735041744
2034-04-17,3.2567695894984525
2034-04-18,4.982248909501919
2034-04-19,5.139855378644337
2034-04-20,3.54941608506436
2034-04-21,3.5673927187938737
2034-04-22,4.282550664692391
2034-04-23,6.411069940309992
2034-04-24,7.138286004881244
2034-04-25,8.928603850325041
2034-04-26,8.907003409996513
2034-04-27,11.878458469867326
2034-04-28,16.532920324333354
2034-04-29,16.9788723778118
2034-04-30,18.56322890623855
2034-05-01,19.03785497839823
2034-05-02,22.867063464219214
2034-05-03,27.12044324917175
2034-05-04,27.421480076641576
2034-05-05,31.958244884606966
2034-05-06,33.6217063880709
2034-05-07,36.068177043642294
2034-05-08,34.721985528089256
2034-05-09,25.054831610844683
2034-05-10,23.796879942398856
2034-05-11,26.417880448575488
2034-05-12,14.226831032615626
2034-05-13,11.959483631347293
2034-05-14,14.836615902419274
2034-05-15,15.98927366945212
2034-05-16,17.501005086166224
2034-05-17,20.689936745193965
2034-05-18,24.262259194020327
2034-05-19,25.532258015724334
2034-05-20,26.438213619151373
2034-05-21,23.20259971768177
2034-05-22,14.574271074648681
2034-05-23,15.077571054437866
2034-05-24,16.567295387246872
2034-05-25,15.358432742945773
2034-05-26,14.879517752649887
2034-05-27,13.228928572394853
2034-05-28,6.673469383862151
2034-05-29,5.5769702366420315
2034-05-30,5.538656266767801
2034-05-31,5.333806738391849
2034-06-01,5.519628356949796
2034-06-02,5.375417799839151
2034-06-03,6.2596696769181
2034-06-04,6.1060901976053925
2034-06-05,5.594418449590363
2034-06-06,5.375262367980413
2034-06-07,5.328399732403622
2034-06-08,5.152688386017352
2034-06-09,5.038835215011788
2034-06-10,4.6145676532248165
2034-06-11,4.325309190052184
2034-06-12,4.354061711301786
2034-06-13,4.382801151604531
2034-06-14,3.8506765943157872
2034-06-15,3.63224957608612
2034-06-16,3.6631173261013954
2034-06-17,3.5786457266575833
2034-06-18,3.567427555177391
2034-06-19,3.105817893010509
2034-06-20,2.8992771612530586
2034-06-21,2.957627111840292
2034-06-22,2.9987906467316137
2034-06-23,3.1354075037680675
2034-06-24,3.5216265299647276
2034-06-25,3.9349558053028257
2034-06-26,2.9102799392586403
2034-06-27,2.3275061691228984
2034-06-28,2.3132865088714176
2034-06-29,2.4232218421972758
2034-06-30,2.4202260993319893
2034-07-01,5.903583753090322
2034-07-02,6.36399585587387
2034-07-03,5.595429984902612
2034-07-04,5.645786723375925
2034-07-05,5.736408537113452
2034-07-06,5.570785832533868
2034-07-07,5.552872130878085
2034-07-08,5.21097614261081
2034-07-09,4.884758957580253
2034-07-10,4.5211192202293935
2034-07-11,4.302679370064033
2034-07-12,3.8516110732244657
2034-07-13,3.2182099450245847
2034-07-14,3.096711387873809
2034-07-15,3.0372992540319665
2034-07-16,2.8003538462343496
2034-07-17,2.66971635103244
2034-07-18,2.7850183781059497
2034-07-19,2.6942706020075207
2034-07-20,2.8183222549252487
2034-07-21,2.546829468979658
2034-07-22,2.29254654087555
2034-07-23,1.817837519635875
2034-07-24,1.6954703340367798
2034-07-25,1.6069425693495236
2034-07-26,1.9163314302226102
2034-07-27,2.5259922216227038
2034-07-28,1.8253158128822076
2034-07-29,1.1728868332840965
2034-07-30,0.9065968754602032
2034-07-31,0.9107653766006764
2034-08-01,0.9884791802110492
2034-08-02,0.9430106508784772
2034-08-03,0.8733192075238838
2034-08-04,0.8131021391978279
2034-08-05,0.7501216209477437
2034-08-06,0.6770739680159615
2034-08-07,0.6093188246927247
2034-08-08,0.5663666897666563
2034-08-09,0.4537352196496294
2034-08-10,0.4215752232962149
2034-08-11,0.3746237255528887
2034-08-12,0.3831117472237816
2034-08-13,0.320654414017976
2034-08-14,0.2954953486696384
2034-08-15,0.27119518877830723
2034-08-16,0.2487254389928865
2034-08-17,0.229514384260584
2034-08-18,0.21501057981598445
2034-08-19,0.2033087607670369
2034-08-20,0.19283409088626907
2034-08-21,0.183588994634792
2034-08-22,0.17524745524668303
2034-08-23,0.16814760215436347
2034-08-24,0.16239719011166065
2034-08-25,0.15775504285645325
2034-08-26,0.1542065216275777
2034-08-27,0.1512982945581002
2034-08-28,0.14845679847965376
2034-08-29,0.14575008608731355
2034-08-30,1.0468160385349163
2034-08-31,1.9789850187325495
2034-09-01,2.614486566105274
2034-09-02,1.6108099435517995
2034-09-03,1.0717476739953866
2034-09-04,0.3972166248722849
2034-09-05,0.16149610784490367
2034-09-06,0.3125580822526614
2034-09-07,0.14954438001964035
2034-09-08,0.34191659739104097
2034-09-09,0.11056888699771336
2034-09-10,0.192069527295964
2034-09-11,0.07000395892417446
2034-09-12,0.2272521886440509
2034-09-13,0.29534138963622925
2034-09-14,0.4007577968827162
2034-09-15,0.3256529631245281
2034-09-16,1.3220593670122098
2034-09-17,0.29051144512986304
2034-09-18,0.08372902657434816
2034-09-19,0.07322904207713787
2034-09-20,0.21896978048749094
2034-09-21,0.11235478790427927
2034-09-22,0.4215284336531304
2034-09-23,0.6084343988214189
2034-09-24,1.3145269834377793
2034-09-25,0.3960803920292347
2034-09-26,0.10746280438287696
2034-09-27,0.09201370896405794
2034-09-28,0.07871207723504878
2034-09-29,0.1835717641650262
2034-09-30,0.09490787990599564
2034-10-01,0.13141760485780568
2034-10-02,0.1472940662839134
2034-10-03,0.12931565049264962
2034-10-04,0.2714220061701149
2034-10-05,0.12674007278228708
2034-10-06,0.12457557020520088
2034-10-07,0.12235729600064565
2034-10-08,0.12028847937744415
2034-10-09,0.11874308198298247
2034-10-10,0.11797671488818752
2034-10-11,0.11761950005804045
2034-10-12,0.11722815490120793
2034-10-13,0.11674515656360332
2034-10-14,0.11598508224625766
2034-10-15,0.11491421356033893
2034-10-16,0.11375559866098225
2034-10-17,0.1126091728910114
2034-10-18,0.11144810180057473
2034-10-19,0.11031455524506248
2034-10-20,0.10936714467900327
2034-10-21,0.10859898022954848
2034-10-22,0.1198377891460904
2034-10-23,0.1077048561123838
2034-10-24,0.10716790250004507
2034-10-25,0.106735309584391
2034-10-26,0.10620970830744422
2034-10-27,0.1057449482368586
2034-10-28,0.10542989658261977
2034-10-29,0.1051892599758074
2034-10-30,0.1049152153991838
2034-10-31,0.1045960347865372
2034-11-01,0.2924898396839355
2034-11-02,0.20172101373673804
2034-11-03,0.07506209814996766
2034-11-04,0.0708803322610087
2034-11-05,0.09799366361670146
2034-11-06,0.09088105208369243
2034-11-07,0.10679245757006804
2034-11-08,0.10805933863884444
2034-11-09,0.09087595391039212
2034-11-10,0.07984815923874536
2034-11-11,0.08626357180853958
2034-11-12,0.11356544408468575
2034-11-13,2.0657718616686456
2034-11-14,2.84570668109137
2034-11-15,0.2443723715397277
2034-11-16,0.13780709182751444
2034-11-17,0.6345804315002229
2034-11-18,0.8336377228489639
2034-11-19,0.2438808312039817
2034-11-20,0.12352343728574967
2034-11-21,0.10153516691567692
2034-11-22,0.09737218481258766
2034-11-23,0.10795598464066072
2034-11-24,0.1858251428358152
2034-11-25,0.0935140113274294
2034-11-26,0.12489325808619575
2034-11-27,0.08893282978437607
2034-11-28,0.13854400735370545
2034-11-29,0.12931449774587914
2034-11-30,0.15839866088355628
2034-12-01,0.5712659391395212
2034-12-02,0.7860009537019322
2034-12-03,0.1037672746747174
2034-12-04,0.4797161080902139
2034-12-05,0.20492540905400464
2034-12-06,0.10791402933439588
2034-12-07,0.09009797178290688
2034-12-08,0.12062579009440552
2034-12-09,0.12697875036782785
2034-12-10,0.1307648465686728
2034-12-11,0.12775531716058522
2034-12-12,0.1073199829985778
2034-12-13,0.11397255499577838
2034-12-14,0.4787931608521158
2034-12-15,3.2068775023337266
2034-12-16,1.3629947975506138
2034-12-17,0.8173335908738886
2034-12-18,0.2602788047026906
2034-12-19,0.13924878232572865
2034-12-20,0.18517670833953515
2034-12-21,0.2082943515580304
2034-12-22,1.432178423941415
2034-12-23,6.945825085865075
2034-12-24,1.4623199309312354
2034-12-25,0.7247322725032628
2034-12-26,0.7757123147565221
2034-12-27,0.7774509132712772
2034-12-28,0.7606930570781799
2034-12-29,0.7357602843957364
2034-12-30,0.7304248405424716
2034-12-31,0.7190470390182555
2035-01-01,0.4295140199496165
2035-01-02,0.40498392770744696
2035-01-03,0.3790527798633667
2035-01-04,0.4722651693436491
2035-01-05,0.4370278728647713
2035-01-06,0.6656191791524987
2035-01-07,0.8934301046031927
2035-01-08,0.6666382826564023
2035-01-09,0.7021334484389582
2035-01-10,0.6639744661127808
2035-01-11,0.6228241081603971
2035-01-12,0.6036846270670985
2035-01-13,0.5759897378693427
2035-01-14,0.546925697765235
2035-01-15,0.5168822265001726
2035-01-16,0.488350572709252
2035-01-17,0.4622423217376222
2035-01-18,0.4980671390778025
2035-01-19,0.42576028352986783
2035-01-20,0.4475825485947773
2035-01-21,0.5449139409632757
2035-01-22,0.6372707562130265
2035-01-23,0.6210322509535597
2035-01-24,0.5207992780348368
2035-01-25,0.7015515186758959
2035-01-26,0.8849579389749419
2035-01-27,1.3500317305956528
2035-01-28,2.358314336301284
2035-01-29,2.108829337374309
2035-01-30,2.0982876116720086
2035-01-31,2.2454974340682163
2035-02-01,1.8498949409718781
2035-02-02,1.0743782052134907
2035-02-03,0.7043664095871766
2035-02-04,0.7300093967210206
2035-02-05,0.7363177640003402
2035-02-06,0.7236206258356117
2035-02-07,0.758184339018412
2035-02-08,0.7321528815718918
2035-02-09,0.6513495616177938
2035-02-10,0.6196762847294914
2035-02-11,0.5943997793057724
2035-02-12,0.5713812017099811
2035-02-13,0.5448891457767318
2035-02-14,0.514790214468221
2035-02-15,0.4830953232268233
2035-02-16,0.4532618210602758
2035-02-17,0.4298839972778557
2035-02-18,0.4087233314841496
2035-02-19,0.3760468506867036
2035-02-20,0.3550727813576449
2035-02-21,0.3418295808089469
2035-02-22,0.32277373749774324
2035-02-23,0.30488602062187703
2035-02-24,0.2912691494301391
2035-02-25,0.2810938985793516
2035-02-26,0.2860228170016414
2035-02-27,0.2904281136746868
2035-02-28,0.285898773566448
2035-03-01,0.3979401305710404
2035-03-02,0.33749731840732045
2035-03-03,0.3347357136883816
2035-03-04,0.3256206413224101
2035-03-05,0.3157488412375441
2035-03-06,0.3203111084300318
2035-03-07,0.3093230676567491
2035-03-08,0.3234943165757484
2035-03-09,0.3915870622590136
2035-03-10,0.4897921557609015
2035-03-11,0.5620534343668783
2035-03-12,0.4076437596986598
2035-03-13,0.4255542438911928
2035-03-14,0.4766681733239632
2035-03-15,0.41608824369009295
2035-03-16,0.4256511078775035
2035-03-17,0.5865402846403256
2035-03-18,0.6385212905627766
2035-03-19,0.6010815206785497
2035-03-20,0.7171162240478288
2035-03-21,0.6784324837579535
2035-03-22,0.9054737777507617
2035-03-23,0.9899847593176956
2035-03-24,0.9896765715339236
2035-03-25,1.215804357631057
2035-03-26,1.7563986271915146
2035-03-27,2.2386383306611606
2035-03-28,2.9546497061503287
2035-03-29,3.5609085944543377
2035-03-30,2.6894244093176156
2035-03-31,2.039463200598618
2035-04-01,2.878098269571228
2035-04-02,4.183023429175528
2035-04-03,5.182972146783867
2035-04-04,5.767283820036045
2035-04-05,5.874849628975334
2035-04-06,7.8469586775985105
2035-04-07,9.795800490315349
2035-04-08,8.76485319864601
2035-04-09,5.386360113334169
2035-04-10,2.76280762801272
2035-04-11,3.1328891548476308
2035-04-12,2.992710139766073
2035-04-13,2.969136574504152
2035-04-14,2.940477898154948
2035-04-15,4.230577596465055
2035-04-16,5.393874278107894
2035-04-17,6.53031743202358
2035-04-18,5.089281450428906
2035-04-19,5.754163277374612
2035-04-20,8.000085067101956
2035-04-21,9.284787521958904
2035-04-22,6.523493602307258
2035-04-23,3.8948737014890296
2035-04-24,6.062545976641459
2035-04-25,8.399410380594514
2035-04-26,9.183453444375523
2035-04-27,9.861395163070263
2035-04-28,11.925270260774267
2035-04-29,15.20128461147224
2035-04-30,15.534536692742636
2035-05-01,16.476569342539143
2035-05-02,20.5449599292175
2035-05-03,24.027523385776306
2035-05-04,15.576387019403244
2035-05-05,6.729011310017383
2035-05-06,6.434327120644793
2035-05-07,7.918023065225492
2035-05-08,15.063043490053976
2035-05-09,13.954623487177308
2035-05-10,7.818834967315482
2035-05-11,11.083919170876042
2035-05-12,8.100185098078914
2035-05-13,7.074104355906466
2035-05-14,7.133606168626124
2035-05-15,8.704933230432875
2035-05-16,11.593740036562188
2035-05-17,13.964413615738245
2035-05-18,15.346732144523099
2035-05-19,14.884156953652955
2035-05-20,18.4338765925793
2035-05-21,25.51408581041756
2035-05-22,32.06028918862362
2035-05-23,31.513164716316105
2035-05-24,37.494522345907676
2035-05-25,41.99325885762414
2035-05-26,43.141128319328175
2035-05-27,36.27850674466339
2035-05-28,38.840935470975715
2035-05-29,42.34285393743494
2035-05-30,38.59964949534052
2035-05-31,34.66364535656439
2035-06-01,14.858900985083187
2035-06-02,8.83288667195977
2035-06-03,9.476298639936287
2035-06-04,11.708260135368795
2035-06-05,15.210214375319655
2035-06-06,20.23005630381042
2035-06-07,21.182067616096198
2035-06-08,22.27211671578491
2035-06-09,24.19291509764144
2035-06-10,22.318753681388678
2035-06-11,12.618746310126498
2035-06-12,14.400127873645001
2035-06-13,15.632287890824506
2035-06-14,15.390589894815113
2035-06-15,14.64048029684448
2035-06-16,16.959329537334852
2035-06-17,19.007469213370445
2035-06-18,18.935314586568662
2035-06-19,19.28106356726336
2035-06-20,15.43074108198273
2035-06-21,11.299864890676956
2035-06-22,11.03687767868691
2035-06-23,11.077777119143605
2035-06-24,10.213720204104117
2035-06-25,10.591184450120917
2035-06-26,10.820620139323509
2035-06-27,10.597779246540444
2035-06-28,8.593126612503662
2035-06-29,7.7940664183621475
2035-06-30,7.0696005120336975
2035-07-01,16.638967314690913
2035-07-02,16.056317863433318
2035-07-03,14.396324455185583
2035-07-04,13.957599633365462
2035-07-05,10.642782870276076
2035-07-06,9.258748327765211
2035-07-07,8.013382450667615
2035-07-08,7.573111571722213
2035-07-09,9.070511470892725
2035-07-10,7.682115666387392
2035-07-11,6.228418380355973
2035-07-12,3.6922177984295748
2035-07-13,3.799877868070463
2035-07-14,3.9333233516079744
2035-07-15,4.2025521424233805
2035-07-16,4.469885044888568
2035-07-17,4.209517907158453
2035-07-18,4.129936290443676
2035-07-19,3.811959173851209
2035-07-20,3.438583396677913
2035-07-21,2.9459311620627338
2035-07-22,2.9292852348670926
2035-07-23,3.3821680238408214
2035-07-24,3.2674047951707337
2035-07-25,2.8184645849523293
2035-07-26,2.721672363398622
2035-07-27,2.4381192634972675
2035-07-28,1.962454704931192
2035-07-29,1.4440468846215484
2035-07-30,1.3593566096207366
2035-07-31,1.3471854054679442
2035-08-01,1.7561851687164616
2035-08-02,1.7024086710733624
2035-08-03,1.7516793191304356
2035-08-04,1.6214932166675189
2035-08-05,1.5207799426129844
2035-08-06,1.4195940347087883
2035-08-07,1.2817419178528973
2035-08-08,1.0855471462238364
2035-08-09,1.054853389229878
2035-08-10,0.9712902257033588
2035-08-11,0.9295561704834262
2035-08-12,0.8166214619126154
2035-08-13,0.7243283396039509
2035-08-14,0.7253630140218618
2035-08-15,0.46454960248077204
2035-08-16,0.4343785678912749
2035-08-17,0.4093422392359555
2035-08-18,0.3882661972494457
2035-08-19,0.3608872896312014
2035-08-20,0.3264217722157876
2035-08-21,0.29563035111998986
2035-08-22,0.2693969168584651
2035-08-23,0.2471395023081588
2035-08-24,0.26352189845090845
2035-08-25,0.26726551567134305
2035-08-26,0.3689720167077176
2035-08-27,0.1932875557728811
2035-08-28,0.18310623095737985
2035-08-29,0.1738856785361714
2035-08-30,0.16616951473375988
2035-08-31,0.15958574213976895
2035-09-01,0.07061857262646573
2035-09-02,0.06855774145928191
2035-09-03,0.06679500146373206
2035-09-04,0.06519467817054511
2035-09-05,0.06375475314166124
2035-09-06,0.06247560968090201
2035-09-07,0.06134400819192001
2035-09-08,0.060341841338890014
2035-09-09,0.05947220437820915
2035-09-10,0.17326938618495272
2035-09-11,0.06737205734066659
2035-09-12,0.06388853927709955
2035-09-13,0.057844206461606075
2035-09-14,0.05739151039658578
2035-09-15,0.056966007141489236
2035-09-16,0.06428385422463741
2035-09-17,0.05629629619540873
2035-09-18,0.2947077517423291
2035-09-19,0.08752376205547575
2035-09-20,0.11986653165046272
2035-09-21,0.05546651963544436
2035-09-22,0.05513689459242067
2035-09-23,0.05479199683188578
2035-09-24,0.05445842030866098
2035-09-25,0.2644054577081701
2035-09-26,0.05587645476403732
2035-09-27,0.22719092211076694
2035-09-28,0.07409466737158446
2035-09-29,0.10701392289587512
2035-09-30,0.07857034203126295
2035-10-01,0.35250204843156324
2035-10-02,0.32791571320605584
2035-10-03,0.3987821944010457
2035-10-04,0.12545283280836442
2035-10-05,0.1894232814515084
2035-10-06,0.13351061485975166
2035-10-07,2.4984100391687907
2035-10-08,0.43064321286973656
2035-10-09,0.18341101355083864
2035-10-10,0.094059606207619
2035-10-11,0.08948233827913478
2035-10-12,0.08916406232353834
2035-10-13,0.09187173853684072
2035-10-14,1.9939689910647624
2035-10-15,0.25662155489712835
2035-10-16,0.6401115477926105
2035-10-17,1.1362352876613475
2035-10-18,1.0778884031428355
2035-10-19,0.5869874196719108
2035-10-20,0.11401485150363437
2035-10-21,0.0908760234334006
2035-10-22,0.0911337236259984
2035-10-23,0.09133592604640474
2035-10-24,0.09145082696089596
2035-10-25,0.09149860133929036
2035-10-26,0.091471964295852
2035-10-27,0.09139084179606664
2035-10-28,0.09130111302278393
2035-10-29,0.09120065483528324
2035-10-30,0.0910759489745351
2035-10-31,0.09094257497065017
2035-11-01,0.06079792215582744
2035-11-02,0.06071828039954555
2035-11-03,0.06063963301987455
2035-11-04,0.060577248896879474
2035-11-05,0.06054483245658907
2035-11-06,0.0605317065977399
2035-11-07,0.0605254270385122
2035-11-08,0.5469725050923337
2035-11-09,0.12308701674720787
2035-11-10,0.08241123841402681
2035-11-11,0.15496840032442416
2035-11-12,0.1347062594760936
2035-11-13,0.06445932028807097
2035-11-14,0.06391667205108709
2035-11-15,0.15099244725358282
2035-11-16,0.08833857834166099
2035-11-17,0.06880275577771923
2035-11-18,0.0950763661499768
2035-11-19,0.3428865597319799
2035-11-20,1.010535007352904
2035-11-21,2.4086820601278087
2035-11-22,0.4510066818649197
2035-11-23,0.09052188297124206
2035-11-24,0.0734918178168649
2035-11-25,0.0846554870715177
2035-11-26,0.08528862679296298
2035-11-27,0.07019240468470615
2035-11-28,0.08291553074946625
2035-11-29,0.18718607792889908
2035-11-30,0.29098465001480306
2035-12-01,0.0699941506842583
2035-12-02,0.07019166021755915
2035-12-03,0.07217302106337158
2035-12-04,0.07043001784279905
2035-12-05,0.07052052851555961
2035-12-06,0.07060022874970175
2035-12-07,0.07067186765163339
2035-12-08,0.07073922355285266
2035-12-09,0.0723161169069426
2035-12-10,0.07189501279546792
2035-12-11,0.07090631572905351
2035-12-12,0.07095602197248872
2035-12-13,0.07100282133998742
2035-12-14,0.07104703095650752
2035-12-15,0.07108892923010278
2035-12-16,0.09101032397149134
2035-12-17,0.4004980064565927
2035-12-18,0.14483775143641794
2035-12-19,0.15760360862883618
2035-12-20,0.08313587366085869
2035-12-21,0.08833768431745796
2035-12-22,0.09230090069830177
2035-12-23,0.23528783832460645
2035-12-24,1.7586627565624158
2035-12-25,0.2539687052675707
2035-12-26,0.18531061596395426
2035-12-27,0.23393390936937355
2035-12-28,0.3910891568590008
2035-12-29,3.2532054221923947
2035-12-30,5.7860084026906415
2035-12-31,2.9382796156725766
2036-01-01,0.5315549280657857
2036-01-02,0.3868092758167437
2036-01-03,0.40265193465319393
2036-01-04,0.3841756614182849
2036-01-05,0.38157422214621256
2036-01-06,0.3706109101691107
2036-01-07,0.3610289095730499
2036-01-08,0.3505239035821645
2036-01-09,0.33227039084610993
2036-01-10,0.3256407451635235
2036-01-11,0.2966452467612233
2036-01-12,0.28194302712434977
2036-01-13,0.2807413451385204
2036-01-14,0.2569896155220566
2036-01-15,0.2501949701314273
2036-01-16,0.23346520292208786
2036-01-17,0.22222039000286334
2036-01-18,0.21143191471542747
2036-01-19,0.20121578738672974
2036-01-20,0.19172425328324613
2036-01-21,0.18311812444076606
2036-01-22,0.1791614357935523
2036-01-23,0.1904970700811604
2036-01-24,0.28000079449901744
2036-01-25,0.3348479764009515
2036-01-26,0.2479426037261548
2036-01-27,0.43957191467946616
2036-01-28,1.3498888850426334
2036-01-29,1.7339029949849332
2036-01-30,0.9225768640625308
2036-01-31,0.741950012059338
2036-02-01,0.8312728500555286
2036-02-02,1.9039708989909792
2036-02-03,3.7697285451897016
2036-02-04,3.042487137348239
2036-02-05,0.7737694910157583
2036-02-06,0.9287603076908736
2036-02-07,1.2287411875505232
2036-02-08,1.8011470016074378
2036-02-09,1.5969171810202991
2036-02-10,2.0461002060658093
2036-02-11,0.853320055080027
2036-02-12,0.768338814881463
2036-02-13,0.7556129742575363
2036-02-14,0.7378835911488622
2036-02-15,0.967195705626262
2036-02-16,0.9543804826802602
2036-02-17,0.8411642974446149
2036-02-18,1.2734614355318379
2036-02-19,1.5056446175186688
2036-02-20,1.4789182859544616
2036-02-21,1.5640786687488364
2036-02-22,1.3747963517001562
2036-02-23,1.4706135157458702
2036-02-24,3.3010104334014465
2036-02-25,4.052588856472911
2036-02-26,2.0637135881557205
2036-02-27,1.1181744221171268
2036-02-28,1.1999712794948036
2036-02-29,1.4111597469724444
2036-03-01,1.5613392793991068
2036-03-02,1.3993481203978206
2036-03-03,1.3626638025332345
2036-03-04,1.4028848144965556
2036-03-05,1.3974063813452648
2036-03-06,1.2554059065926195
2036-03-07,1.2261972206260627
2036-03-08,1.0887058125185156
2036-03-09,1.0273257256116732
2036-03-10,0.96996672004106
2036-03-11,0.9141968723349196
2036-03-12,0.8960631111929866
2036-03-13,0.9820624335758468
2036-03-14,1.3815213774693669
2036-03-15,2.2914020778172506
2036-03-16,0.9229132919487256
2036-03-17,0.9075014766348192
2036-03-18,0.8864943292853195
2036-03-19,0.9358034699295358
2036-03-20,0.9573621106374636
2036-03-21,1.1087763337291971
2036-03-22,1.7051675852667771
2036-03-23,2.2287192761082117
2036-03-24,1.9684205462727704
2036-03-25,2.2721969658651844
2036-03-26,2.8432704267139197
2036-03-27,3.2658864399053424
2036-03-28,4.598108894469255
2036-03-29,5.374962735173683
2036-03-30,6.1412025142897155
2036-03-31,4.6703934299556265
2036-04-01,2.1330518310561835
2036-04-02,1.5747603860171782
2036-04-03,1.996444149260472
2036-04-04,2.199029289327305
2036-04-05,1.8671705620944337
2036-04-06,1.4108680017086002
2036-04-07,1.3939355139960934
2036-04-08,1.3646918594070951
2036-04-09,1.4021896717812672
2036-04-10,1.5861490447146769
2036-04-11,3.583201879270588
2036-04-12,6.477521301446863
2036-04-13,8.382472251822291
2036-04-14,7.627109113250525
2036-04-15,5.6897320878939475
2036-04-16,4.6591647872037445
2036-04-17,4.886403757368742
2036-04-18,5.697610379302853
2036-04-19,7.383942843812133
2036-04-20,4.732773372783517
2036-04-21,5.377552291563447
2036-04-22,6.506583757793852
2036-04-23,5.098580443761321
2036-04-24,5.912423498104756
2036-04-25,11.061138365145881
2036-04-26,11.524742703326881
2036-04-27,4.866664394114109
2036-04-28,4.5317603712341334
2036-04-29,3.8015913226506624
2036-04-30,3.3197070552488586
2036-05-01,3.6046868145297033
2036-05-02,4.304504642934563
2036-05-03,4.894822677778407
2036-05-04,3.0525612429051394
2036-05-05,4.357730818448286
2036-05-06,7.44503384374528
2036-05-07,14.45953511773541
2036-05-08,15.695044936015966
2036-05-09,14.040903115008085
2036-05-10,10.607244150495946
2036-05-11,6.323070378160173
2036-05-12,6.160091751854179
2036-05-13,10.27940550599016
2036-05-14,18.40169919707574
2036-05-15,26.803058708647733
2036-05-16,39.5706241612825
2036-05-17,36.55771101734795
2036-05-18,47.65357064968126
2036-05-19,41.69469621726922
2036-05-20,31.87026294011009
2036-05-21,38.35937419689972
2036-05-22,49.43568735491273
2036-05-23,43.16248317907886
2036-05-24,47.236292891119696
2036-05-25,52.2965178622656
2036-05-26,51.25863352117735
2036-05-27,45.65445120262466
2036-05-28,50.551202876534774
2036-05-29,53.07062966265303
2036-05-30,47.56703107358526
2036-05-31,47.23656965737146
2036-06-01,49.68581726852188
2036-06-02,54.11615246894146
2036-06-03,56.990717693989716
2036-06-04,53.93473854930029
2036-06-05,55.29019893403038
2036-06-06,61.60369969251873
2036-06-07,53.6867762738981
2036-06-08,56.26008196478686
2036-06-09,45.02493642473692
2036-06-10,41.9547532197206
2036-06-11,37.28506239503053
2036-06-12,24.154913555333337
2036-06-13,24.350898606694816
2036-06-14,24.580171244759587
2036-06-15,20.950234162729465
2036-06-16,22.688430493818124
2036-06-17,22.151872060061788
2036-06-18,23.288057676349634
2036-06-19,23.538739634640287
2036-06-20,22.80590345454641
2036-06-21,23.19308830214093
2036-06-22,26.53522544452435
2036-06-23,24.519521076269182
2036-06-24,22.491346390427548
2036-06-25,14.290665513078556
2036-06-26,17.363470180519414
2036-06-27,16.838293738396178
2036-06-28,17.947766467092126
2036-06-29,17.494085622105132
2036-06-30,15.70294806486123
2036-07-01,34.41932199495758
2036-07-02,30.3226051297176
2036-07-03,22.93935979346341
2036-07-04,22.240123039609948
2036-07-05,21.91725393495564
2036-07-06,20.924024297490266
2036-07-07,18.622265467428317
2036-07-08,16.976908070327465
2036-07-09,15.666016724625427
2036-07-10,12.591644340977135
2036-07-11,12.347558225943867
2036-07-12,11.585984840590266
2036-07-13,11.102078996291606
2036-07-14,10.592605368769421
2036-07-15,10.271005911080552
2036-07-16,10.32771505818963
2036-07-17,9.566726066116269
2036-07-18,9.138520664796816
2036-07-19,8.943486910922852
2036-07-20,8.907411853488126
2036-07-21,13.220272398834288
2036-07-22,9.5317158350643
2036-07-23,7.715400637668727
2036-07-24,7.432349908639834
2036-07-25,6.672217082767668
2036-07-26,5.977003561028951
2036-07-27,7.60416024154544
2036-07-28,5.734401103531786
2036-07-29,4.388080308432038
2036-07-30,4.240264808571202
2036-07-31,4.205331956769201
2036-08-01,5.681433470325512
2036-08-02,5.508591694519111
2036-08-03,5.386977527306239
2036-08-04,5.356067595715274
2036-08-05,4.610068019002487
2036-08-06,4.77758760134836
2036-08-07,4.481482121595806
2036-08-08,4.156232698624695
2036-08-09,3.7694355395755
2036-08-10,3.6485736943200715
2036-08-11,3.206142436149515
2036-08-12,2.8816895485798186
2036-08-13,2.758874912598433
2036-08-14,2.9174626395245062
2036-08-15,2.497361717987672
2036-08-16,2.5572191846443664
2036-08-17,2.361683588802048
2036-08-18,2.1515296986710584
2036-08-19,2.0588875361990526
2036-08-20,1.8396139916026628
2036-08-21,1.680066546707756
2036-08-22,1.5529304661114498
2036-08-23,1.2846095151086854
2036-08-24,1.1740808536200604
2036-08-25,1.0816720330030505
2036-08-26,1.0139935158994984
2036-08-27,0.8114667862717682
2036-08-28,0.7838954576002745
2036-08-29,0.8240065542241518
2036-08-30,0.8201988941882122
2036-08-31,0.7738158196177723
2036-09-01,0.3208159602001098
2036-09-02,0.2718966090336533
2036-09-03,0.23558246897522575
2036-09-04,0.19254371452732655
2036-09-05,0.18106313517400235
2036-09-06,0.16381743472779814
2036-09-07,0.15267530380842462
2036-09-08,0.14183700831630466
2036-09-09,0.1309443121931518
2036-09-10,0.12124353024503365
2036-09-11,0.11277089405080877
2036-09-12,0.1053797953654616
2036-09-13,0.09875028049705267
2036-09-14,0.09289795011748847
2036-09-15,0.08788290782149615
2036-09-16,0.08376810214437462
2036-09-17,0.08042786835326766
2036-09-18,0.07755573402695773
2036-09-19,0.07491262880093495
2036-09-20,0.07479405968065908
2036-09-21,0.07064873338216263
2036-09-22,0.06929641178799077
2036-09-23,0.06698505130656261
2036-09-24,0.0653428382075365
2036-09-25,0.06394181364286736
2036-09-26,0.0626491541461449
2036-09-27,0.06145529462262814
2036-09-28,0.060486562870560624
2036-09-29,0.060114005924573125
2036-09-30,0.05910427976624681
2036-10-01,0.0994606866910417
2036-10-02,0.13292977776893256
2036-10-03,0.10094197629752034
2036-10-04,0.09893283360546007
2036-10-05,0.09647152650979432
2036-10-06,0.09604997516393424
2036-10-07,0.09563444435000304
2036-10-08,0.09522739219574276
2036-10-09,0.09486737930674427
2036-10-10,0.09486776122869514
2036-10-11,0.09702129631757993
2036-10-12,0.09418144738753673
2036-10-13,0.17921292514824153
2036-10-14,0.4316528968735859
2036-10-15,0.8518616729033041
2036-10-16,0.3151357206569911
2036-10-17,0.1475949788375432
2036-10-18,0.17653737668244715
2036-10-19,0.13702261643616642
2036-10-20,0.14615553929261155
2036-10-21,0.15496100243418415
2036-10-22,0.2360999718174252
2036-10-23,0.39403966416962144
2036-10-24,0.3725082279256888
2036-10-25,0.478482552382676
2036-10-26,0.442049842967584
2036-10-27,0.4968502012025932
2036-10-28,0.4134190783862626
2036-10-29,0.41660926375065466
2036-10-30,0.3887270885707636
2036-10-31,0.44045955739442794
2036-11-01,0.31856399010708225
2036-11-02,0.24117555785307784
2036-11-03,0.1384951082744808
2036-11-04,0.09080370674587786
2036-11-05,0.07373207066933217
2036-11-06,0.06420442051386685
2036-11-07,0.06395752821874012
2036-11-08,0.06766191784352184
2036-11-09,0.07194262747357909
2036-11-10,0.06923732367064593
2036-11-11,0.06497666082847094
2036-11-12,0.06624447793974635
2036-11-13,0.16429898289106798
2036-11-14,0.10447111471675047
2036-11-15,0.06722473052205424
2036-11-16,0.13099849043833034
2036-11-17,0.12658914246166447
2036-11-18,0.16797238166704495
2036-11-19,0.09128719599768204
2036-11-20,0.14996974958986434
2036-11-21,0.07166868842577673
2036-11-22,0.18244720489044847
2036-11-23,0.10982801948284686
2036-11-24,0.14505317937398365
2036-11-25,2.8835145176269084
2036-11-26,7.909341619877974
2036-11-27,16.448540325176307
2036-11-28,0.9659816918714706
2036-11-29,0.322526755211737
2036-11-30,0.3061072559686545
2036-12-01,0.1202993393925724
2036-12-02,0.10259837373257596
2036-12-03,1.9032053030321592
2036-12-04,7.007765271521013
2036-12-05,2.702700966623138
2036-12-06,1.207894530314238
2036-12-07,0.25650153839704554
2036-12-08,0.21516868620828405
2036-12-09,0.17808209343197945
2036-12-10,0.1283959134346896
2036-12-11,0.14011966559832306
2036-12-12,0.13338876325267846
2036-12-13,0.12050743074007765
2036-12-14,0.1316874282479882
2036-12-15,0.22978653554742395
2036-12-16,0.14200420176739584
2036-12-17,0.13214883561009005
2036-12-18,0.1198465862584156
2036-12-19,0.11981867804926705
2036-12-20,0.13327180103029626
2036-12-21,0.12678460474344969
2036-12-22,0.12272695990643175
2036-12-23,0.11983033988143142
2036-12-24,0.11990851744740942
2036-12-25,0.11998004925550235
2036-12-26,0.12171553849851954
2036-12-27,0.12054234160114127
2036-12-28,0.1201664717649308
2036-12-29,0.12045557859900365
2036-12-30,0.12028950052822515
2036-12-31,0.12033399902519808
2037-01-01,0.07490750662329271
2037-01-02,0.07497868919536474
2037-01-03,0.07502619194220518
2037-01-04,0.07525918867644385
2037-01-05,0.09199338334168984
2037-01-06,0.07708398551046787
2037-01-07,0.07534994995370181
2037-01-08,0.07564094181288293
2037-01-09,0.0758451382789912
2037-01-10,0.13598700760854895
2037-01-11,0.2185662400853
2037-01-12,0.14943484745193455
2037-01-13,0.13910407992221271
2037-01-14,0.13472231280454228
2037-01-15,0.1453506188095486
2037-01-16,0.11904937469471752
2037-01-17,0.11883563115461855
2037-01-18,0.11854294135659332
2037-01-19,0.1211776434896976
2037-01-20,0.11753208476721246
2037-01-21,0.12877387797158582
2037-01-22,0.16380959168835765
2037-01-23,0.1993888805705401
2037-01-24,0.3392026951976266
2037-01-25,0.29218495429058083
2037-01-26,0.4376122614433896
2037-01-27,0.6612840205160377
2037-01-28,0.7721743464564302
2037-01-29,0.9560281388521451
2037-01-30,0.7088521332813048
2037-01-31,0.7470753055993774
2037-02-01,0.6551820450368337
2037-02-02,1.2831654790703866
2037-02-03,1.5274347594851636
2037-02-04,1.1265823874212704
2037-02-05,1.4461141058745468
2037-02-06,0.8488628306790689
2037-02-07,0.716881591706813
2037-02-08,0.938325817080942
2037-02-09,1.317395937074406
2037-02-10,2.072452270028645
2037-02-11,0.7731390141729086
2037-02-12,0.7549591986957286
2037-02-13,0.7625223858644252
2037-02-14,0.7316048191622959
2037-02-15,0.7084127689195049
2037-02-16,0.7025191001047824
2037-02-17,0.6844200563245619
2037-02-18,0.6374163507196398
2037-02-19,0.5997553802245635
2037-02-20,0.8763484207177269
2037-02-21,5.693792696920624
2037-02-22,1.2887490826829522
2037-02-23,1.0485281343389932
2037-02-24,1.9620202379350065
2037-02-25,3.801055936738429
2037-02-26,1.8612449545221412
2037-02-27,1.0383373953821289
2037-02-28,1.051142546009278
2037-03-01,1.3563981364607884
2037-03-02,1.2901563188194898
2037-03-03,1.2366624056139246
2037-03-04,1.177936382463431
2037-03-05,1.17929536868304
2037-03-06,1.1034883951148942
2037-03-07,1.036764951380352
2037-03-08,1.0440419258177511
2037-03-09,1.0140102817234042
2037-03-10,1.0986001547598117
2037-03-11,0.9174152306880288
2037-03-12,0.983318595053452
2037-03-13,0.897212119156975
2037-03-14,0.967416008976714
2037-03-15,1.0259719293372396
2037-03-16,0.8920638744932332
2037-03-17,0.8568823873300223
2037-03-18,0.8594131420864641
2037-03-19,0.8205204749693701
2037-03-20,0.7928672545644716
2037-03-21,0.7471946640817777
2037-03-22,0.7076989462982496
2037-03-23,0.6715957744002496
2037-03-24,0.6358504266264203
2037-03-25,0.6034255985324518
2037-03-26,0.5749981587156928
2037-03-27,0.5771748777922818
2037-03-28,0.8326400050071766
2037-03-29,1.3586258818580774
2037-03-30,2.0097941968184023
2037-03-31,1.9729379851275743
2037-04-01,1.4895253302545493
2037-04-02,1.9952215824440305
2037-04-03,2.8925693166766004
2037-04-04,3.2061160491117846
2037-04-05,1.6667953590681963
2037-04-06,1.5961365225577673
2037-04-07,1.6822784045100356
2037-04-08,1.649988456873028
2037-04-09,1.487852625199355
2037-04-10,1.4571293627860933
2037-04-11,2.4678064771225428
2037-04-12,3.7139302229838314
2037-04-13,5.968630125463295
2037-04-14,8.040975598582692
2037-04-15,10.753742841439276
2037-04-16,13.048537895108295
2037-04-17,12.087017705000362
2037-04-18,12.684299887057852
2037-04-19,5.228684498826701
2037-04-20,4.4313857533185725
2037-04-21,4.596394805195638
2037-04-22,4.799428747549485
2037-04-23,4.200924172165793
2037-04-24,4.466472695486376
2037-04-25,6.520445260196718
2037-04-26,6.106129034016575
2037-04-27,7.6931588716414545
2037-04-28,6.881677800714295
2037-04-29,6.280393216088888
2037-04-30,4.4927416991033615
2037-05-01,3.8851033390621983
2037-05-02,3.691941653826366
2037-05-03,3.5129025567297822
2037-05-04,3.4066725012396746
2037-05-05,3.2977216776881266
2037-05-06,3.3156869286238075
2037-05-07,3.5183177360788664
2037-05-08,3.697046368148572
2037-05-09,6.530862357592678
2037-05-10,9.131575416678
2037-05-11,15.596440006354733
2037-05-12,21.84042863776588
2037-05-13,23.144090985917224
2037-05-14,9.7949343304402
2037-05-15,8.953281065734416
2037-05-16,15.763969307279835
2037-05-17,16.88035455723796
2037-05-18,23.513453806572752
2037-05-19,31.29720574778142
2037-05-20,30.086071883864932
2037-05-21,32.31841183972209
2037-05-22,37.28081331434552
2037-05-23,43.27108657011517
2037-05-24,54.69604193843762
2037-05-25,58.27449601926561
2037-05-26,60.79105180636482
2037-05-27,53.80573728734289
2037-05-28,56.11087581822864
2037-05-29,30.330877538089123
2037-05-30,21.15003623426225
2037-05-31,20.006179579436573
2037-06-01,18.348082098948122
2037-06-02,26.788444849118534
2037-06-03,32.02371320682952
2037-06-04,19.765850917529548
2037-06-05,25.197316652009835
2037-06-06,32.27501635960277
2037-06-07,36.27046778552649
2037-06-08,41.77712862907104
2037-06-09,41.460851036297655
2037-06-10,40.332826760925
2037-06-11,41.434136847996186
2037-06-12,38.303485207784206
2037-06-13,37.483899729000775
2037-06-14,37.62705538027368
2037-06-15,36.39635924842458
2037-06-16,34.781671789354625
2037-06-17,32.37804711560511
2037-06-18,30.26067566522346
2037-06-19,26.52346342963601
2037-06-20,22.25567251709732
2037-06-21,20.31951062404164
2037-06-22,18.205068423043908
2037-06-23,15.747150132959533
2037-06-24,13.558665833406923
2037-06-25,11.36401893441115
2037-06-26,9.823673577790023
2037-06-27,8.536147162207422
2037-06-28,7.5031491810648765
2037-06-29,6.201130422280108
2037-06-30,5.9424616215735435
2037-07-01,12.881757915259975
2037-07-02,11.610429071345855
2037-07-03,10.839292248723524
2037-07-04,9.853088440937011
2037-07-05,8.790025741019624
2037-07-06,7.233267286826013
2037-07-07,6.698009530845963
2037-07-08,6.230045703882975
2037-07-09,6.4324811593741265
2037-07-10,6.973785176009246
2037-07-11,7.2330077464806735
2037-07-12,6.908549589484817
2037-07-13,6.211442447257782
2037-07-14,5.740712993749168
2037-07-15,5.638189453893792
2037-07-16,5.199775115825973
2037-07-17,4.470599410564655
2037-07-18,4.040238258771899
2037-07-19,3.81323799357332
2037-07-20,4.007856708803819
2037-07-21,4.429168997452809
2037-07-22,4.351810717862807
2037-07-23,3.8212038050983836
2037-07-24,3.1233809371647485
2037-07-25,2.7443975363470026
2037-07-26,2.5167300961033643
2037-07-27,2.55569225899009
2037-07-28,2.3329125956240184
2037-07-29,2.3005265085838773
2037-07-30,2.300109269954784
2037-07-31,2.2172838598133167
2037-08-01,2.713589062272653
2037-08-02,2.589017678492138
2037-08-03,2.483514223161152
2037-08-04,2.0550940912046363
2037-08-05,1.9712019314494744
2037-08-06,2.065444912547672
2037-08-07,1.9109081111038475
2037-08-08,1.8969257869175864
2037-08-09,1.677086394054771
2037-08-10,1.6292800920004906
2037-08-11,1.4666951257828678
2037-08-12,1.3959098619466723
2037-08-13,1.2710459426083978
2037-08-14,1.023145708914288
2037-08-15,1.0363270616026246
2037-08-16,0.978640085120593
2037-08-17,0.7479923684348656
2037-08-18,0.7393308464038189
2037-08-19,0.7230772287738124
2037-08-20,0.6875011219078582
2037-08-21,0.6631374094290161
2037-08-22,0.5644800094946288
2037-08-23,0.4689862321819939
2037-08-24,0.42478838408865577
2037-08-25,0.3701460815482328
2037-08-26,0.3400532584993348
2037-08-27,0.3181671346053865
2037-08-28,0.3012014556872318
2037-08-29,0.2858617711905215
2037-08-30,0.2733815906654262
2037-08-31,0.26820671264883883
2037-09-01,0.11998603019773728
2037-09-02,0.11632367766997095
2037-09-03,0.11278481176630975
2037-09-04,0.1113532560307538
2037-09-05,0.10548382036539887
2037-09-06,0.1025642688390792
2037-09-07,0.1401788848132921
2037-09-08,0.11515581835191215
2037-09-09,0.2147952089916985
2037-09-10,0.14774256837889113
2037-09-11,0.1528404852066535
2037-09-12,0.09715503398001094
2037-09-13,0.09386378639556536
2037-09-14,0.09180859286691304
2037-09-15,0.09096025790998168
2037-09-16,0.085375761566327
2037-09-17,0.08466563913334682
2037-09-18,0.08490127372506655
2037-09-19,0.08228703973838201
2037-09-20,0.07937444754097273
2037-09-21,0.07641999678150281
2037-09-22,0.0738120033986135
2037-09-23,0.07158165808579252
2037-09-24,0.06968490004525534
2037-09-25,0.06807971831938038
2037-09-26,0.06677604202562525
2037-09-27,0.06569301392911095
2037-09-28,0.06482274282189188
2037-09-29,0.06430017220995385
2037-09-30,0.06268564303760102
2037-10-01,0.10314581805274782
2037-10-02,0.10212746233852513
2037-10-03,0.10101437097488612
2037-10-04,0.09982953666799346
2037-10-05,0.0987898728171404
2037-10-06,0.09786767090187368
2037-10-07,0.0970082030230554
2037-10-08,0.09623322308488552
2037-10-09,0.1292649831290543
2037-10-10,0.13709417164918994
2037-10-11,0.0991838111322721
2037-10-12,0.09710284966332827
2037-10-13,0.09404889974037448
2037-10-14,0.09326159900344456
2037-10-15,0.0927007344319104
2037-10-16,0.0923712011554081
2037-10-17,0.09252956522305528
2037-10-18,0.15423829387653573
2037-10-19,0.13344425724147352
2037-10-20,0.35147620487605113
2037-10-21,0.270683957181827
2037-10-22,0.0997147595178104
2037-10-23,0.09045339863455497
2037-10-24,0.08995540759887631
2037-10-25,0.08949740780776952
2037-10-26,0.08910928400322674
2037-10-27,0.08878422169226248
2037-10-28,0.08853213757001327
2037-10-29,0.08833750688206858
2037-10-30,0.08817885803418682
2037-10-31,0.08803670317471038
2037-11-01,0.058863020310173264
2037-11-02,0.059152970767781636
2037-11-03,0.05875926933751757
2037-11-04,0.05871125762777921
2037-11-05,0.05865409253814537
2037-11-06,0.058588831635406985
2037-11-07,0.05853049110592901
2037-11-08,0.058481254479554164
2037-11-09,0.058439734623359815
2037-11-10,0.058400610436622924
2037-11-11,0.05835922140138725
2037-11-12,0.05832003367762186
2037-11-13,0.0582842648125546
2037-11-14,0.05824787138968759
2037-11-15,0.05821052153764116
2037-11-16,0.058169378884020274
2037-11-17,0.05812380579475481
2037-11-18,0.05808172217718292
2037-11-19,0.05804857700107063
2037-11-20,0.058773768792135986
2037-11-21,0.06115933760873533
2037-11-22,0.06056813098057433
2037-11-23,0.05834071318770881
2037-11-24,0.0583775678476933
2037-11-25,0.058235342386773664
2037-11-26,0.05810509817166226
2037-11-27,0.05783801528390847
2037-11-28,0.057812080752202274
2037-11-29,0.05778646642617517
2037-11-30,0.11909037066978935
2037-12-01,0.09797414735987567
2037-12-02,0.1709545548024956
2037-12-03,0.4002077695738736
2037-12-04,0.332877078060961
2037-12-05,0.13092782626332894
2037-12-06,0.06775514061286672
2037-12-07,0.07206932136609613
2037-12-08,0.08082471522518933
2037-12-09,0.07845418920469781
2037-12-10,0.0621747972099359
2037-12-11,0.06151443793576539
2037-12-12,0.06314172491991905
2037-12-13,0.06418959317581142
2037-12-14,0.06939499698374091
2037-12-15,0.06268299259537242
2037-12-16,0.0685221132068835
2037-12-17,0.06616373808669873
2037-12-18,0.06960250995740302
2037-12-19,0.08198406300066306
2037-12-20,0.08112516816015626
2037-12-21,0.08481901642010704
2037-12-22,0.0985402967413444
2037-12-23,0.09176821400098832
2037-12-24,0.1578601221931273
2037-12-25,0.338030623280484
2037-12-26,0.2097389137123138
2037-12-27,0.14064531515339618
2037-12-28,0.1180966792340612
2037-12-29,0.10240594717254134
2037-12-30,0.06795012488873818
2037-12-31,0.07221387847009443
2038-01-01,0.041455440315611054
2038-01-02,0.04008770592121947
2038-01-03,0.0470262398322861
2038-01-04,0.10121912493675063
2038-01-05,0.2084674622491247
2038-01-06,0.08777928468535892
2038-01-07,0.058670861056813815
2038-01-08,0.4982907719712224
2038-01-09,2.070470591350989
2038-01-10,0.3854373180616624
2038-01-11,0.04181117837993404
2038-01-12,0.04283655189660132
2038-01-13,0.10358663430098652
2038-01-14,0.08543016919930954
2038-01-15,0.050080384516817664
2038-01-16,0.04661090339761199
2038-01-17,0.04293558287395393
2038-01-18,0.04302195478947202
2038-01-19,0.044047339944484815
2038-01-20,0.043938269729901266
2038-01-21,0.04619325663505205
2038-01-22,0.07550682307534884
2038-01-23,0.19018021986635705
2038-01-24,0.04261867265146113
2038-01-25,0.05354047102218037
2038-01-26,0.11815242616688115
2038-01-27,0.40132952464474797
2038-01-28,2.3541726361880397
2038-01-29,1.0871223739777038
2038-01-30,0.16950817580689814
2038-01-31,0.14242792593679487
2038-02-01,0.2685577873248928
2038-02-02,0.11388376643831767
2038-02-03,0.11974607262628015
2038-02-04,0.1560518943638144
2038-02-05,0.2884479963218761
2038-02-06,0.5039338658190137
2038-02-07,0.2530198918708016
2038-02-08,0.24305071753054744
2038-02-09,0.24514033146752964
2038-02-10,0.3340568137996968
2038-02-11,0.34997001024099084
2038-02-12,0.32668301127491745
2038-02-13,0.3134464071372109
2038-02-14,0.3307721230995319
2038-02-15,0.3378181564235361
2038-02-16,0.2998785221148505
2038-02-17,0.34282857304555603
2038-02-18,0.4231742054819291
2038-02-19,0.3638155105721851
2038-02-20,0.5573568203722622
2038-02-21,0.5128943013654552
2038-02-22,0.5544974767998219
2038-02-23,0.6508204457762011
2038-02-24,0.568743383283632
2038-02-25,0.4611948800662322
2038-02-26,0.6079188748604106
2038-02-27,0.8615353255066512
2038-02-28,1.4091962988951852
2038-03-01,1.5053983466216492
2038-03-02,1.934068905015212
2038-03-03,1.2452426250371398
2038-03-04,1.0267894676905145
2038-03-05,0.9788854028834332
2038-03-06,1.1671851928335983
2038-03-07,0.8438309390593335
2038-03-08,0.8348477969987216
2038-03-09,0.9678883474964792
2038-03-10,1.2895007453370289
2038-03-11,1.8110240052888185
2038-03-12,2.2446751573978934
2038-03-13,2.5449336402279004
2038-03-14,1.5132612302802866
2038-03-15,1.1522447658934043
2038-03-16,1.085900297367197
2038-03-17,1.17296835370342
2038-03-18,1.7889241042863735
2038-03-19,1.1146344741488592
2038-03-20,1.2259531454776214
2038-03-21,1.1418065391720098
2038-03-22,1.466262320594924
2038-03-23,1.6632038847222863
2038-03-24,1.6304330800980953
2038-03-25,2.019233290433754
2038-03-26,2.9163624578809713
2038-03-27,1.5905073419103195
2038-03-28,1.452272401356702
2038-03-29,1.1641863835178323
2038-03-30,1.2394360303555625
2038-03-31,2.0386503324574186
2038-04-01,2.4221868951319774
2038-04-02,3.693431824579224
2038-04-03,5.210948226344987
2038-04-04,2.651877963825875
2038-04-05,3.0359544658654154
2038-04-06,2.4991112847188166
2038-04-07,3.88143767004792
2038-04-08,1.6914431719696037
2038-04-09,2.8146156049802045
2038-04-10,5.736717632027163
2038-04-11,11.173802634759976
2038-04-12,8.03671820000937
2038-04-13,7.83995747738639
2038-04-14,6.1570472234007445
2038-04-15,7.728772571604002
2038-04-16,9.55104432381599
2038-04-17,9.56039883277058
2038-04-18,4.189710964078373
2038-04-19,2.8444289412111643
2038-04-20,4.385709098441712
2038-04-21,7.239512478225085
2038-04-22,4.0563795105098635
2038-04-23,3.2603560755391525
2038-04-24,4.9252393698094
2038-04-25,3.7906207197177655
2038-04-26,3.2771849319573616
2038-04-27,3.4949310387905004
2038-04-28,4.349032653467659
2038-04-29,8.051793786286405
2038-04-30,7.982649089958893
2038-05-01,9.382648674519187
2038-05-02,9.58902361572269
2038-05-03,7.3827934672361275
2038-05-04,4.051022225721417
2038-05-05,5.0486739005031565
2038-05-06,9.063000486137174
2038-05-07,15.672845597669196
2038-05-08,16.385676174172314
2038-05-09,16.177305733743975
2038-05-10,12.020187573444991
2038-05-11,6.807654895601952
2038-05-12,5.640731928543709
2038-05-13,5.605647289812306
2038-05-14,5.513643209853616
2038-05-15,5.964291362440152
2038-05-16,7.220735189606272
2038-05-17,8.415733110545009
2038-05-18,11.197104758378757
2038-05-19,9.69315198230094
2038-05-20,11.267187058490775
2038-05-21,9.69740064546987
2038-05-22,8.443713400075362
2038-05-23,9.574465854646023
2038-05-24,9.376757010626374
2038-05-25,7.213884892921192
2038-05-26,6.572921406908219
2038-05-27,7.030068104913932
2038-05-28,8.711589355849815
2038-05-29,12.740292881568203
2038-05-30,10.568738955952712
2038-05-31,8.582990690379784
2038-06-01,7.470915291935041
2038-06-02,7.313204084064193
2038-06-03,8.86724402708943
2038-06-04,11.308873121061495
2038-06-05,18.534163333413893
2038-06-06,24.54336836050009
2038-06-07,22.91553422324957
2038-06-08,16.840067193240312
2038-06-09,24.278673743741727
2038-06-10,23.22882879235013
2038-06-11,17.718584070960695
2038-06-12,18.27311504896236
2038-06-13,25.81152823418616
2038-06-14,28.348841816769603
2038-06-15,26.04832423322544
2038-06-16,27.489426591321703
2038-06-17,17.38982041193638
2038-06-18,11.865157011230053
2038-06-19,12.672807928215637
2038-06-20,14.295758524054275
2038-06-21,14.935966167868473
2038-06-22,12.734680198829933
2038-06-23,10.093027799225867
2038-06-24,8.619409037531604
2038-06-25,8.845594490200234
2038-06-26,8.088270097195196
2038-06-27,7.638566021220324
2038-06-28,7.268038466775
2038-06-29,6.679235430776372
2038-06-30,6.233534207172749
2038-07-01,13.706346483388309
2038-07-02,9.783426252630212
2038-07-03,8.27411195117862
2038-07-04,7.923078592772853
2038-07-05,6.850957429791771
2038-07-06,6.5087710620345005
2038-07-07,6.061733047148112
2038-07-08,5.526283324012433
2038-07-09,5.2909051081149645
2038-07-10,4.739426606168809
2038-07-11,4.7035978419291125
2038-07-12,5.064216493440137
2038-07-13,4.618974286158483
2038-07-14,4.3661881225707075
2038-07-15,3.6909394177275936
2038-07-16,3.35682794601135
2038-07-17,3.3738189926275206
2038-07-18,3.1332490296882223
2038-07-19,3.3736932127870185
2038-07-20,2.5803044056418547
2038-07-21,2.47689322522685
2038-07-22,2.1271611997051605
2038-07-23,2.0391672436630244
2038-07-24,1.7513825936533975
2038-07-25,1.4767425420451399
2038-07-26,1.4196355401471523
2038-07-27,1.3190967044057462
2038-07-28,1.2248215606508202
2038-07-29,1.0745637392910126
2038-07-30,0.911773028250196
2038-07-31,0.8636998987076445
2038-08-01,1.0675819123966512
2038-08-02,0.8925266206892333
2038-08-03,0.8494504860103808
2038-08-04,0.5763528272109827
2038-08-05,0.5326122053196071
2038-08-06,0.4941559277641345
2038-08-07,0.4594376622178276
2038-08-08,0.4205970464935384
2038-08-09,0.3765541807105093
2038-08-10,0.3371349277466623
2038-08-11,0.30281045022400205
2038-08-12,0.2733932513983069
2038-08-13,0.2584329103482301
2038-08-14,0.26157762291035197
2038-08-15,0.2234889140807555
2038-08-16,0.20623979957625016
2038-08-17,0.19462239866983447
2038-08-18,0.18445193678662705
2038-08-19,0.17587566339371022
2038-08-20,0.1686029509754156
2038-08-21,0.18354929302061196
2038-08-22,0.16982539116172934
2038-08-23,0.1812199248049928
2038-08-24,0.15427621020244753
2038-08-25,0.4093998187068881
2038-08-26,0.4626144314531378
2038-08-27,0.16300935444510578
2038-08-28,0.1464526056639424
2038-08-29,0.1437685343571174
2038-08-30,0.14114669105424327
2038-08-31,0.13898952190193706
2038-09-01,0.06296466649875374
2038-09-02,0.06222964900311528
2038-09-03,0.06152999158648095
2038-09-04,0.061127083392145835
2038-09-05,0.060734108217355816
2038-09-06,0.060261506912615274
2038-09-07,0.0597928711129054
2038-09-08,0.05928511133798716
2038-09-09,0.0587666911265727
2038-09-10,0.058264586036566715
2038-09-11,0.057842837156409525
2038-09-12,0.057464679775664385
2038-09-13,0.1238952887589436
2038-09-14,0.08215678971253182
2038-09-15,0.19505761100302266
2038-09-16,0.05659101684555851
2038-09-17,0.056777418310598175
2038-09-18,0.05596690267634711
2038-09-19,0.05561850851174769
2038-09-20,0.05535143776581354
2038-09-21,0.055200794784968914
2038-09-22,0.06409115442819435
2038-09-23,0.05519368056729525
2038-09-24,0.05487396828344347
2038-09-25,0.05468622173674298
2038-09-26,0.05448513727931332
2038-09-27,0.05430049887765007
2038-09-28,0.054115334970370736
2038-09-29,0.053900896265953034
2038-09-30,0.053683795783037724
2038-10-01,0.08975150587311524
2038-10-02,0.18329135636651905
2038-10-03,0.08964316821165004
2038-10-04,0.09130303993269456
2038-10-05,0.20562074396818306
2038-10-06,0.09393424110311444
2038-10-07,0.08889225115723805
2038-10-08,0.08869492385784347
2038-10-09,0.0885487155043683
2038-10-10,0.08839344683434608
2038-10-11,0.08821194816468615
2038-10-12,0.08801900066585319
2038-10-13,0.08783943788312956
2038-10-14,0.08770487319491761
2038-10-15,0.0875999894784647
2038-10-16,0.08751720225815078
2038-10-17,0.08747434809671156
2038-10-18,0.08743564571321348
2038-10-19,0.08740711680563809
2038-10-20,0.08737807868507146
2038-10-21,0.08734756934489185
2038-10-22,0.08731700839724403
2038-10-23,0.14683805792843094
2038-10-24,0.7741198448066929
2038-10-25,0.6931956115530683
2038-10-26,0.9620876692098864
2038-10-27,0.31755025356747324
2038-10-28,0.09595342797907104
2038-10-29,0.12581701710160664
2038-10-30,0.16274490632990873
2038-10-31,0.5832658089474291
2038-11-01,0.9733289473226852
2038-11-02,0.3754089458788911
2038-11-03,0.1638071180429907
2038-11-04,0.1019391660374636
2038-11-05,0.1052212496339572
2038-11-06,0.11736674969257554
2038-11-07,0.1759530786043314
2038-11-08,0.1646921191741174
2038-11-09,0.4265244214276432
2038-11-10,0.1997607643628593
2038-11-11,0.12419298451582302
2038-11-12,0.1556353417906941
2038-11-13,0.600505522711188
2038-11-14,0.5494426848913764
2038-11-15,1.0224370302616883
2038-11-16,1.2817507719180041
2038-11-17,0.6937789807244747
2038-11-18,0.2116788570283156
2038-11-19,0.12444853750655298
2038-11-20,0.2312133589299139
2038-11-21,0.7287496368781584
2038-11-22,0.10047973868762172
2038-11-23,0.07559513081148744
2038-11-24,0.07887186292699976
2038-11-25,0.22577220005147136
2038-11-26,0.0854276193057094
2038-11-27,0.07172568262517827
2038-11-28,0.15257120862961554
2038-11-29,0.07296487354850606
2038-11-30,0.07437061234527373
2038-12-01,0.09696627491457488
2038-12-02,0.24147794035636505
2038-12-03,0.07977313973887679
2038-12-04,0.07626685212758115
2038-12-05,0.12068307686868625
2038-12-06,0.11458769693210814
2038-12-07,0.09211006820260284
2038-12-08,0.13282527783354595
2038-12-09,0.4736988877434621
2038-12-10,0.5634906191971059
2038-12-11,0.2210996174246692
2038-12-12,0.13391538502786673
2038-12-13,0.15827460204625315
2038-12-14,0.21007611618515712
2038-12-15,0.26962728729801266
2038-12-16,0.19597661987493203
2038-12-17,0.1879443708622517
2038-12-18,0.19600044650200685
2038-12-19,0.19809191074431134
2038-12-20,0.18097269759257587
2038-12-21,0.19045083967458568
2038-12-22,0.17877850050497676
2038-12-23,0.18068884923124912
2038-12-24,0.17605374218303702
2038-12-25,0.1809892557963435
2038-12-26,0.2590915298271451
2038-12-27,0.5105595368395488
2038-12-28,1.2573965180664664
2038-12-29,0.9096594742143188
2038-12-30,0.5174476777104503
2038-12-31,0.6401178732569518
2039-01-01,0.36960630908826014
2039-01-02,0.3776441699645171
2039-01-03,0.3657169095992629
2039-01-04,0.3881534011546485
2039-01-05,0.4741454838744597
2039-01-06,0.7598273003369139
2039-01-07,1.767231683993039
2039-01-08,2.369637071441131
2039-01-09,0.7374565534558651
2039-01-10,0.6300704060929996
2039-01-11,0.6283287014341331
2039-01-12,0.6180369368455737
2039-01-13,0.6035869948511295
2039-01-14,0.5841409295309536
2039-01-15,0.5690534413966001
2039-01-16,0.5480298371116685
2039-01-17,0.5132964519963101
2039-01-18,0.4771994836875685
2039-01-19,0.4512839595682358
2039-01-20,0.4315445183166826
2039-01-21,0.4108991712194293
2039-01-22,0.4035581008491528
2039-01-23,0.3687852853216181
2039-01-24,0.3673601221254037
2039-01-25,0.4724520721435686
2039-01-26,0.6211288139588531
2039-01-27,0.8668962844004333
2039-01-28,0.566617744390985
2039-01-29,0.4497944240325883
2039-01-30,0.4374170916707638
2039-01-31,0.4676983813516266
2039-02-01,0.3681316198138003
2039-02-02,0.36666825680652093
2039-02-03,0.3295285075164641
2039-02-04,0.3208902190378085
2039-02-05,0.31160881953864866
2039-02-06,0.3008723375943104
2039-02-07,0.2876465418162368
2039-02-08,0.28631964685223266
2039-02-09,0.27709438408573595
2039-02-10,0.2610415583293997
2039-02-11,0.2641192584195885
2039-02-12,0.2616458446155889
2039-02-13,0.24010112957571306
2039-02-14,0.2352187409096425
2039-02-15,0.22405865637211084
2039-02-16,0.21430116381535405
2039-02-17,0.20385901632884773
2039-02-18,0.19683196771897296
2039-02-19,0.1947979997534912
2039-02-20,0.19681605953166295
2039-02-21,0.2317806887535089
2039-02-22,0.5231873483216706
2039-02-23,0.4187500950979832
2039-02-24,0.30444498171347617
2039-02-25,0.306358576022406
2039-02-26,0.3019889708195011
2039-02-27,0.29357530598747433
2039-02-28,0.2919886502168771
2039-03-01,0.4634682638239437
2039-03-02,0.6226462769555848
2039-03-03,0.43998631536617977
2039-03-04,0.4694716114692869
2039-03-05,0.462141167658288
2039-03-06,0.43990414814319984
2039-03-07,0.4608780391218163
2039-03-08,0.4361712587868496
2039-03-09,0.4225381790404896
2039-03-10,0.411707161583371
2039-03-11,0.570637230726355
2039-03-12,0.4407296536955923
2039-03-13,0.5030886582933187
2039-03-14,0.6794814398748472
2039-03-15,0.5672594948488906
2039-03-16,0.5285012513016574
2039-03-17,0.5634876532805297
2039-03-18,0.6482220060716197
2039-03-19,0.5559416767439284
2039-03-20,0.5461125794679096
2039-03-21,0.5142500644971721
2039-03-22,0.4944708883681179
2039-03-23,0.4865491426976684
2039-03-24,0.4845241263883274
2039-03-25,0.4546055993985585
2039-03-26,0.5019052881284292
2039-03-27,0.4317973753155103
2039-03-28,0.4165214498949539
2039-03-29,0.40939138232838346
2039-03-30,0.5322267461943441
2039-03-31,0.7559743726953101
2039-04-01,0.8074112859886922
2039-04-02,0.8865362184766014
2039-04-03,0.607219133947194
2039-04-04,0.7104650662561237
2039-04-05,1.043672869906249
2039-04-06,1.1808238902253143
2039-04-07,1.4460553474872189
2039-04-08,1.7810532103824146
2039-04-09,2.723015054275917
2039-04-10,4.012196550102097
2039-04-11,7.543609093262134
2039-04-12,6.164938295335108
2039-04-13,7.157855091783153
2039-04-14,6.886467800159094
2039-04-15,4.7291768519961765
2039-04-16,2.3647795717743065
2039-04-17,1.758293483755507
2039-04-18,1.6063316833916619
2039-04-19,1.7578527694434891
2039-04-20,2.5265780298192206
2039-04-21,2.1943524920803834
2039-04-22,3.0387894688341097
2039-04-23,4.35213163050789
2039-04-24,4.9521108037773205
2039-04-25,5.873498578191131
2039-04-26,6.221541652706502
2039-04-27,6.6718805770311675
2039-04-28,3.1338080867453044
2039-04-29,2.117772242849258
2039-04-30,1.957207681588208
2039-05-01,1.9935539371416096
2039-05-02,1.8919878993989887
2039-05-03,1.9680133002713684
2039-05-04,1.8993846437953172
2039-05-05,1.7410583819155219
2039-05-06,2.0803519221676274
2039-05-07,2.523368675088556
2039-05-08,3.903854612416647
2039-05-09,5.782809593991012
2039-05-10,3.5241960693938923
2039-05-11,4.615761553750566
2039-05-12,6.256156623284099
2039-05-13,8.71149188163384
2039-05-14,11.87698269036404
2039-05-15,16.128250166483454
2039-05-16,21.380948065806226
2039-05-17,20.399268466801495
2039-05-18,21.17429265574195
2039-05-19,23.623526282572858
2039-05-20,30.70916973908277
2039-05-21,37.387239070766
2039-05-22,47.90965204539143
2039-05-23,50.65255378124755
2039-05-24,57.15076152009435
2039-05-25,61.8583436395134
2039-05-26,65.12674520513251
2039-05-27,57.03565805898861
2039-05-28,56.13068786411538
2039-05-29,41.49029452178453
2039-05-30,49.13928533544057
2039-05-31,48.510127477792025
2039-06-01,48.29289256033464
2039-06-02,49.65447060135515
2039-06-03,39.592650830342286
2039-06-04,35.643609122118605
2039-06-05,32.1080437095533
2039-06-06,38.214812000638425
2039-06-07,40.150555818970645
2039-06-08,45.779666143376275
2039-06-09,46.86530911124904
2039-06-10,36.30553879495965
2039-06-11,31.542809909623408
2039-06-12,26.827265879648266
2039-06-13,23.541391117311697
2039-06-14,9.3898356118039
2039-06-15,8.67163984516993
2039-06-16,9.58161575907262
2039-06-17,11.074798410158822
2039-06-18,15.032714772593954
2039-06-19,25.103639950410727
2039-06-20,25.46589853033367
2039-06-21,25.263706238011988
2039-06-22,25.53567570771497
2039-06-23,22.10795799529686
2039-06-24,17.850598896405998
2039-06-25,15.581601307182009
2039-06-26,15.601557038344676
2039-06-27,15.20124004067956
2039-06-28,11.027925087426748
2039-06-29,12.402494215359928
2039-06-30,12.812482320360427
2039-07-01,28.5438688459617
2039-07-02,29.803579269968942
2039-07-03,27.201805723322696
2039-07-04,24.59684439402017
2039-07-05,20.641881558012916
2039-07-06,20.22237561000036
2039-07-07,20.207737070621945
2039-07-08,19.537029216090087
2039-07-09,18.38128882865161
2039-07-10,17.8786839439538
2039-07-11,17.229196465198182
2039-07-12,15.452937594213667
2039-07-13,11.996156282045789
2039-07-14,11.761475264502424
2039-07-15,11.638233992674973
2039-07-16,11.119175610944026
2039-07-17,10.004283855244138
2039-07-18,9.041235752494224
2039-07-19,8.442373006996842
2039-07-20,7.758167243920884
2039-07-21,7.4569635763645055
2039-07-22,6.855049319233649
2039-07-23,6.337009415590301
2039-07-24,5.885246169767893
2039-07-25,5.56441053722363
2039-07-26,5.39420561660025
2039-07-27,5.597986509897772
2039-07-28,5.731906276761463
2039-07-29,5.78814986058899
2039-07-30,4.826414962852682
2039-07-31,4.3363311703085525
2039-08-01,5.5820604775539655
2039-08-02,5.49145715848874
2039-08-03,5.097702047448147
2039-08-04,5.221458151689691
2039-08-05,5.117134621341101
2039-08-06,4.1031022847608885
2039-08-07,4.249795956410379
2039-08-08,3.8316296397226233
2039-08-09,3.9524445838138087
2039-08-10,3.776620825236215
2039-08-11,3.2015529981311617
2039-08-12,2.890063563181229
2039-08-13,2.7018940283894857
2039-08-14,2.182072074867703
2039-08-15,1.9104808897093533
2039-08-16,1.6619526806240392
2039-08-17,1.5928385126564046
2039-08-18,1.6513426713136552
2039-08-19,1.4180894703753524
2039-08-20,1.3052570509622017
2039-08-21,1.4531880669540769
2039-08-22,1.5139827881773718
2039-08-23,1.5807573792126837
2039-08-24,1.505715818820209
2039-08-25,1.4028974174346367
2039-08-26,1.3098395541996315
2039-08-27,1.202920058441376
2039-08-28,1.1165537542501036
2039-08-29,0.9200886800903366
2039-08-30,0.8348864550807823
2039-08-31,0.8679853067723252
2039-09-01,0.6075282841990949
2039-09-02,0.3417956955494833
2039-09-03,0.35969943914639024
2039-09-04,0.3574720872512683
2039-09-05,0.24930995749289625
2039-09-06,0.20800085197246448
2039-09-07,0.1992097079464591
2039-09-08,0.190274386931238
2039-09-09,0.17852704654131935
2039-09-10,0.1705960986312747
2039-09-11,0.15949462654987112
2039-09-12,0.14701190450030902
2039-09-13,0.13513543464046868
2039-09-14,0.12435549343537655
2039-09-15,0.11493652005519005
2039-09-16,0.10677231437514656
2039-09-17,0.0999259738784568
2039-09-18,0.0946499005260003
2039-09-19,0.09051745356760234
2039-09-20,0.0867361859274554
2039-09-21,0.08340973759525679
2039-09-22,0.0808937470866202
2039-09-23,0.07840897248206656
2039-09-24,0.07555063801798136
2039-09-25,0.07278798939009222
2039-09-26,0.07040917189381198
2039-09-27,0.06826061923341556
2039-09-28,0.06620247470666311
2039-09-29,0.06443358971757339
2039-09-30,0.06317453491710599
2039-10-01,0.10382237987719048
2039-10-02,0.10176942191631867
2039-10-03,0.0999869380393922
2039-10-04,0.09845119456111297
2039-10-05,0.09716937023061792
2039-10-06,0.0959602187771044
2039-10-07,0.09486714371255567
2039-10-08,0.0940341899346958
2039-10-09,0.5227305566877297
2039-10-10,0.2014646725626232
2039-10-11,0.15816016241832154
2039-10-12,0.3311612137435297
2039-10-13,0.8823058223451495
2039-10-14,0.7948169435496697
2039-10-15,0.4500147199536046
2039-10-16,0.18403409478230784
2039-10-17,0.10070021562002494
2039-10-18,0.09387386013452144
2039-10-19,0.0925331120862771
2039-10-20,0.09229732830144692
2039-10-21,0.09199198492697636
2039-10-22,0.09168453049866652
2039-10-23,0.09145177645542912
2039-10-24,0.09133657559373802
2039-10-25,0.09127605452305908
2039-10-26,0.09347344144393767
2039-10-27,1.969940507634648
2039-10-28,1.6879900855748975
2039-10-29,0.8160027392804386
2039-10-30,0.1774277302194556
2039-10-31,0.1253499346413216
2039-11-01,0.11278036989914085
2039-11-02,0.2491856397722699
2039-11-03,0.4796803089775584
2039-11-04,0.8553577875641587
2039-11-05,0.505131477172549
2039-11-06,0.4719980898328462
2039-11-07,1.8267956676667705
2039-11-08,4.508490831707109
2039-11-09,4.496175871133142
2039-11-10,2.081372065098892
2039-11-11,0.1396475394346198
2039-11-12,0.266677859841148
2039-11-13,0.5259351532267601
2039-11-14,0.4715452560388176
2039-11-15,0.2205332761471364
2039-11-16,0.18912647533935864
2039-11-17,0.14103644080351793
2039-11-18,0.12430320885790215
2039-11-19,0.1401672538855083
2039-11-20,0.14257573253403466
2039-11-21,0.0945356013232292
2039-11-22,0.1546785368612418
2039-11-23,0.10565118870566284
2039-11-24,0.4470617412591216
2039-11-25,0.1125599987197682
2039-11-26,0.11861536482036805
2039-11-27,0.10897121020623407
2039-11-28,0.08927747203696762
2039-11-29,0.1062726833362254
2039-11-30,0.10719153393950967
2039-12-01,0.28890249768020704
2039-12-02,0.6426014495027086
2039-12-03,1.433328999980075
2039-12-04,0.4648124697351007
2039-12-05,0.1103437895245232
2039-12-06,0.11255375088766628
2039-12-07,0.11407654395374832
2039-12-08,0.13905768520359996
2039-12-09,0.1304117941425169
2039-12-10,0.17548628491631865
2039-12-11,0.09907746472497483
2039-12-12,0.113272484173702
2039-12-13,0.25306299492647644
2039-12-14,0.3660923709756113
2039-12-15,0.41423130229850186
2039-12-16,0.22095326129911227
2039-12-17,0.18121954669678367
2039-12-18,0.14606070161990228
2039-12-19,0.31530432737073083
2039-12-20,0.1575742640641612
2039-12-21,0.15933304628197142
2039-12-22,0.16464569158242834
2039-12-23,0.16786038694635333
2039-12-24,0.17268179736030334
2039-12-25,0.17070544685471442
2039-12-26,0.1711067999493724
2039-12-27,0.17103634522771075
2039-12-28,0.1706086167061352
2039-12-29,0.16992061429020824
2039-12-30,0.16904370034975366
2039-12-31,0.16802880170337448
2040-01-01,0.10391959910778192
2040-01-02,0.10336044678042673
2040-01-03,0.10486198303469513
2040-01-04,0.10251486406679328
2040-01-05,0.10285502384736434
2040-01-06,0.10175085054505872
2040-01-07,0.10367555286031947
2040-01-08,0.10190098001099347
2040-01-09,0.10328785885045727
2040-01-10,0.10712850755933694
2040-01-11,0.10322613504556992
2040-01-12,0.10631476844799956
2040-01-13,0.10104869691407807
2040-01-14,0.1012132663360966
2040-01-15,0.10068087036320296
2040-01-16,0.10262756288237992
2040-01-17,0.10139728443769153
2040-01-18,0.10038037144303788
2040-01-19,0.10556525306041173
2040-01-20,0.12023047676931035
2040-01-21,0.112526947832904
2040-01-22,0.11604859969986693
2040-01-23,0.11768064647783792
2040-01-24,0.10919528656875188
2040-01-25,0.11412991682379965
2040-01-26,0.12252609582574407
2040-01-27,0.116387079165182
2040-01-28,0.13214594419874814
2040-01-29,0.13184360153435232
2040-01-30,0.12975134238636193
2040-01-31,0.12092765682425614
2040-02-01,0.11267913187418775
2040-02-02,0.1197247320664946
2040-02-03,0.10794743788329532
2040-02-04,0.11186028530625887
2040-02-05,0.1189664712181976
2040-02-06,0.12581361612767922
2040-02-07,0.1346276927842641
2040-02-08,0.1343629669164045
2040-02-09,0.1480831652191058
2040-02-10,0.1532060063781696
2040-02-11,0.16416019348318975
2040-02-12,0.1876483777836672
2040-02-13,0.18944403724070694
2040-02-14,0.3004942346884353
2040-02-15,0.28448888908278186
2040-02-16,0.3430502210598535
2040-02-17,0.26208738475844195
2040-02-18,0.3487048305795654
2040-02-19,0.3414547456890639
2040-02-20,0.3635719025418896
2040-02-21,0.3821207204519413
2040-02-22,0.3414236545704969
2040-02-23,0.31284899115840464
2040-02-24,0.323098348035397
2040-02-25,0.32775713829345005
2040-02-26,0.5106824515704022
2040-02-27,0.5871147927419694
2040-02-28,0.5412212641389762
2040-02-29,0.4421976867926528
2040-03-01,0.6216697933117393
2040-03-02,0.5878457782696939
2040-03-03,0.5623570463569918
2040-03-04,0.5777827413995753
2040-03-05,0.7250085847529116
2040-03-06,0.8349769114034573
2040-03-07,1.0007754608611008
2040-03-08,1.30016098518658
2040-03-09,0.7840706802549631
2040-03-10,0.7441608336249099
2040-03-11,0.7704559505677863
2040-03-12,0.8865358345255162
2040-03-13,1.1521929625976537
2040-03-14,1.530195887475219
2040-03-15,2.1004346348090355
2040-03-16,0.9606471915078172
2040-03-17,1.0221380996287797
2040-03-18,1.005021387894485
2040-03-19,0.9248496831318268
2040-03-20,0.8649585831272373
2040-03-21,0.9213917030114688
2040-03-22,1.0520362756316044
2040-03-23,0.9343554467372758
2040-03-24,0.8353955543888849
2040-03-25,0.8327481295197838
2040-03-26,0.8597160667295014
2040-03-27,0.8082538101845572
2040-03-28,0.8006788153904553
2040-03-29,1.0474995200311783
2040-03-30,1.124609343404492
2040-03-31,0.7960622767575639
2040-04-01,0.6966863222231926
2040-04-02,0.7004293433965374
2040-04-03,1.1379248398035793
2040-04-04,2.494953427341335
2040-04-05,3.8415153969256295
2040-04-06,5.194162768644585
2040-04-07,6.605703390615762
2040-04-08,7.252226346179829
2040-04-09,2.6344867645558976
2040-04-10,1.5310263834063909
2040-04-11,1.588788853910856
2040-04-12,2.845269293444444
2040-04-13,4.45494693470093
2040-04-14,5.005175642371358
2040-04-15,5.281308803338319
2040-04-16,6.8708521355580325
2040-04-17,9.362556493426801
2040-04-18,11.076196616640177
2040-04-19,8.25467318284575
2040-04-20,4.521865844604552
2040-04-21,4.216172173369261
2040-04-22,3.5845800004303547
2040-04-23,3.6217412536931914
2040-04-24,4.079318597490127
2040-04-25,5.2866357388106
2040-04-26,7.035951151705202
2040-04-27,8.340998584081367
2040-04-28,6.789884310190242
2040-04-29,5.586282030323812
2040-04-30,7.249146682782363
2040-05-01,6.485248015014608
2040-05-02,7.269489309983928
2040-05-03,6.563895308726671
2040-05-04,7.312904135091369
2040-05-05,8.313759186095847
2040-05-06,9.445480097148575
2040-05-07,12.26447941562263
2040-05-08,7.8401515185999875
2040-05-09,7.396211575720855
2040-05-10,6.271829362452543
2040-05-11,6.8796673613904415
2040-05-12,6.7235894258000295
2040-05-13,6.770088044780091
2040-05-14,5.720150163474942
2040-05-15,6.257976194669364
2040-05-16,6.017891850032274
2040-05-17,5.5305419452349724
2040-05-18,4.153670119386392
2040-05-19,3.708945261086781
2040-05-20,3.5387065955477985
2040-05-21,3.4620331105220257
2040-05-22,3.2213489677625917
2040-05-23,2.931261868236326
2040-05-24,2.935249365228287
2040-05-25,2.679952323956889
2040-05-26,2.5074424315480037
2040-05-27,2.3519738283150793
2040-05-28,2.2295685784727466
2040-05-29,2.1789091221750034
2040-05-30,2.1094910589330174
2040-05-31,1.9829954996503083
2040-06-01,2.2279345137487296
2040-06-02,2.2667078460395205
2040-06-03,2.2166774823336426
2040-06-04,2.103556418592875
2040-06-05,2.0342299214820727
2040-06-06,2.1024020293154617
2040-06-07,2.0832079258922143
2040-06-08,2.1103880976815645
2040-06-09,1.9590106951818345
2040-06-10,1.7624145590976934
2040-06-11,1.7292814506436867
2040-06-12,1.49539305655855
2040-06-13,1.4094316003152532
2040-06-14,1.1881250576360007
2040-06-15,1.085686279350408
2040-06-16,0.9935604726417706
2040-06-17,0.9057570659290052
2040-06-18,0.8549419257334183
2040-06-19,0.8254723035262886
2040-06-20,0.6855624774736393
2040-06-21,0.6038929148414761
2040-06-22,0.5358214472227311
2040-06-23,0.4903510915926654
2040-06-24,0.4504346449544984
2040-06-25,0.4071118573067648
2040-06-26,0.38844934144001975
2040-06-27,0.3659358137294451
2040-06-28,0.3426865478211399
2040-06-29,0.31462671809474324
2040-06-30,0.2786245954296371
2040-07-01,0.6094405370046189
2040-07-02,0.5258577689387128
2040-07-03,0.4795514704905843
2040-07-04,0.4338609946842961
2040-07-05,0.3907580723828928
2040-07-06,0.3488866325329133
2040-07-07,0.3117120114328871
2040-07-08,0.28000490629667363
2040-07-09,0.253857170729766
2040-07-10,0.23293087958766476
2040-07-11,0.21623007585988974
2040-07-12,0.20322577844152104
2040-07-13,0.1929197862796052
2040-07-14,0.1837990493188082
2040-07-15,0.17534527816899484
2040-07-16,0.16810938225611427
2040-07-17,0.161952102368388
2040-07-18,0.15579398361225832
2040-07-19,0.1493215410310445
2040-07-20,0.1432769096127384
2040-07-21,0.13779681053892595
2040-07-22,0.1327067147044846
2040-07-23,0.12833093366827575
2040-07-24,0.12485400662990448
2040-07-25,0.12199170975201447
2040-07-26,0.11952990390586347
2040-07-27,0.11738534993961927
2040-07-28,0.11538030644524225
2040-07-29,0.11340950162004115
2040-07-30,0.11149650041372987
2040-07-31,0.10961803401158274
2040-08-01,0.14932170397532218
2040-08-02,0.13770483278242582
2040-08-03,0.13610185802553285
2040-08-04,0.13434066560808575
2040-08-05,0.13264999015299409
2040-08-06,0.1310531092353308
2040-08-07,0.12959068997494744
2040-08-08,0.1283127794599732
2040-08-09,0.12719127257467028
2040-08-10,0.1260932552598358
2040-08-11,0.12494145036543294
2040-08-12,0.12372953162636248
2040-08-13,0.12254019729561935
2040-08-14,0.12141356581432887
2040-08-15,0.12032084631475096
2040-08-16,0.11927901519190368
2040-08-17,0.11832337265224638
2040-08-18,0.11746165812974295
2040-08-19,0.1166722547384396
2040-08-20,0.11593750163243875
2040-08-21,0.1152236736799612
2040-08-22,0.11450630629750087
2040-08-23,0.11381828061762232
2040-08-24,0.1246828092553777
2040-08-25,0.11273508631476375
2040-08-26,0.17650770035103935
2040-08-27,0.11181028517795523
2040-08-28,1.3000199318205783
2040-08-29,8.803267423457472
2040-08-30,14.199465897963734
2040-08-31,1.2068181436906282
2040-09-01,0.19236393436874344
2040-09-02,0.07977623503737441
2040-09-03,0.060866558629770987
2040-09-04,0.11641554241779573
2040-09-05,0.057886137554402535
2040-09-06,0.057486654709035835
2040-09-07,0.05697391482914314
2040-09-08,0.056407523337675125
2040-09-09,0.055833139477713886
2040-09-10,0.05525303596558796
2040-09-11,0.05467406422710157
2040-09-12,0.05412338802481756
2040-09-13,0.05363152464255132
2040-09-14,0.05321571664820418
2040-09-15,0.05285524460798996
2040-09-16,0.0525404627499869
2040-09-17,0.052310896599695664
2040-09-18,0.4920738488901553
2040-09-19,0.6656462235072432
2040-09-20,0.42831864238372186
2040-09-21,0.10833556416034176
2040-09-22,0.05228243148523876
2040-09-23,0.16927907156655553
2040-09-24,0.22581091989055155
2040-09-25,0.10061015680472286
2040-09-26,0.06304813069244418
2040-09-27,0.05815549374481136
2040-09-28,0.05164643529160589
2040-09-29,0.05151646904870751
2040-09-30,0.05137311980685892
2040-10-01,0.08590786927210653
2040-10-02,0.08565187353381808
2040-10-03,0.08544388859947992
2040-10-04,0.6215601586076905
2040-10-05,0.25904861349382025
2040-10-06,0.13578923688091746
2040-10-07,0.10974466911170996
2040-10-08,0.08524211090059641
2040-10-09,0.09265507224363276
2040-10-10,0.08510986789102838
2040-10-11,0.08503367671840695
2040-10-12,0.0849329706223435
2040-10-13,0.08479955179289157
2040-10-14,0.08464971313047108
2040-10-15,0.0844954716597823
2040-10-16,0.08434984365777742
2040-10-17,0.0842224614133727
2040-10-18,0.08410586960122493
2040-10-19,0.08410902883493544
2040-10-20,0.08411577049099281
2040-10-21,0.09429120094026501
2040-10-22,0.08421928110741446
2040-10-23,0.08388326999360687
2040-10-24,0.0838574054030537
2040-10-25,0.08382603945916743
2040-10-26,0.08378694980704722
2040-10-27,0.08374042060042962
2040-10-28,0.08478047351125853
2040-10-29,0.14115896253423735
2040-10-30,0.09079032276308507
2040-10-31,0.08356444875732441
2040-11-01,0.05589604291468505
2040-11-02,0.05585765131671927
2040-11-03,0.05582505712631928
2040-11-04,0.05578783667907858
2040-11-05,0.05574375517586107
2040-11-06,0.055699422691727465
2040-11-07,0.05565822617252702
2040-11-08,0.05562335280066895
2040-11-09,0.05559477573865671
2040-11-10,0.05556731147890708
2040-11-11,0.06321998110981349
2040-11-12,0.7901791279183374
2040-11-13,1.1219856365676126
2040-11-14,0.26871972180497083
2040-11-15,0.08864738469722995
2040-11-16,0.06239662476386041
2040-11-17,0.2715001712696753
2040-11-18,0.3797684883478083
2040-11-19,0.7838633853104885
2040-11-20,0.0809107921348164
2040-11-21,0.06028306566756295
2040-11-22,0.11573003720712473
2040-11-23,0.061548588216673965
2040-11-24,0.08747282143694361
2040-11-25,0.11725850825253448
2040-11-26,0.08032880556367214
2040-11-27,0.07244384221168401
2040-11-28,0.10730189760822434
2040-11-29,0.08631389166146203
2040-11-30,0.12997218662273374
2040-12-01,0.1748731880869511
2040-12-02,0.2581934235222205
2040-12-03,0.14083925232836966
2040-12-04,0.1373923235806658
2040-12-05,0.13576898410071495
2040-12-06,0.12881266746857334
2040-12-07,0.1576755012371282
2040-12-08,0.1907085045509813
2040-12-09,0.24075056645623355
2040-12-10,0.2525619190003727
2040-12-11,0.4550077474439495
2040-12-12,0.8502707839393726
2040-12-13,0.6435403689860306
2040-12-14,0.3625318774056462
2040-12-15,0.517973790063746
2040-12-16,0.07575034662233612
2040-12-17,0.06794593464883936
2040-12-18,0.06899339015827352
2040-12-19,0.0682746175053091
2040-12-20,0.06961751895919585
2040-12-21,0.10250451296540727
2040-12-22,0.0717170933814966
2040-12-23,0.06872681420610659
2040-12-24,0.06881278363243934
2040-12-25,0.06888939797705318
2040-12-26,0.06895821505017535
2040-12-27,0.06902056528457297
2040-12-28,0.06907748944426585
2040-12-29,0.06912979433359226
2040-12-30,0.06943633926239866
2040-12-31,0.06928237930049695
2041-01-01,0.043547093859962485
2041-01-02,0.04435448197233738
2041-01-03,0.04543617458075346
2041-01-04,0.05146872591893276
2041-01-05,0.05484441778202582
2041-01-06,0.04501214915710439
2041-01-07,0.047397222369628594
2041-01-08,0.04975281092686548
2041-01-09,0.045520453753089316
2041-01-10,0.0438392750066098
2041-01-11,0.045609124817264285
2041-01-12,0.04872777847908394
2041-01-13,0.04865135380851048
2041-01-14,0.049545000625824065
2041-01-15,0.048790179545197286
2041-01-16,0.057061517001641165
2041-01-17,0.058645254619044435
2041-01-18,0.060899551812915675
2041-01-19,0.08327137074113987
2041-01-20,0.09410765350000032
2041-01-21,0.10584436798475942
2041-01-22,0.25061626769341305
2041-01-23,0.1811399885757818
2041-01-24,0.1837389498477578
2041-01-25,0.1218769800140612
2041-01-26,0.06391641711250375
2041-01-27,0.05887863890365816
2041-01-28,0.13868769998919972
2041-01-29,0.2245474313395004
2041-01-30,0.13794625719756834
2041-01-31,0.1860231108374225
2041-02-01,0.2165334574972024
2041-02-02,0.13454265932297713
2041-02-03,0.2605170143412737
2041-02-04,0.09594972339671606
2041-02-05,0.10596110697821348
2041-02-06,0.1071064208204372
2041-02-07,0.14037603485516986
2041-02-08,0.20071203648585986
2041-02-09,0.1867558534529694
2041-02-10,0.1476184276879137
2041-02-11,0.2115631526016989
2041-02-12,0.18878976847776185
2041-02-13,0.2764351479238125
2041-02-14,0.15962431603081653
2041-02-15,0.13267761023103786
2041-02-16,0.15717928090622718
2041-02-17,0.2294491515145295
2041-02-18,0.4755522991152505
2041-02-19,0.143826360115443
2041-02-20,0.2060446695890023
2041-02-21,0.127510981093832
2041-02-22,0.1254971341637254
2041-02-23,0.12354648329307195
2041-02-24,0.3060684830461867
2041-02-25,0.8333629833121474
2041-02-26,0.3705286562708768
2041-02-27,0.2806344905771166
2041-02-28,0.2794881124209347
2041-03-01,0.361791289072252
2041-03-02,0.3607949816817144
2041-03-03,0.3575890876309819
2041-03-04,0.6109493898385763
2041-03-05,0.4903823445042828
2041-03-06,0.4668837356918488
2041-03-07,0.4843438290000272
2041-03-08,0.4797868328924538
2041-03-09,0.4499812020690856
2041-03-10,0.4437478509901776
2041-03-11,0.4310338418221568
2041-03-12,0.4249032916383584
2041-03-13,0.4454742767841536
2041-03-14,0.5424257599410643
2041-03-15,0.71455784578516
2041-03-16,0.5596775697367784
2041-03-17,0.706368768638995
2041-03-18,0.6160752521020081
2041-03-19,0.7124974851111285
2041-03-20,0.6490250108962646
2041-03-21,0.6192598635798414
2041-03-22,0.6380867877053286
2041-03-23,0.7278345691136785
2041-03-24,0.7031258540278275
2041-03-25,0.7464622817892195
2041-03-26,0.9594479980947312
2041-03-27,1.131211838343053
2041-03-28,0.8924414641110144
2041-03-29,0.7765132742687612
2041-03-30,0.7177160134251683
2041-03-31,0.7867704111320482
2041-04-01,0.9548290662256024
2041-04-02,0.9663538477890355
2041-04-03,1.2763359590406884
2041-04-04,1.6853868982670777
2041-04-05,2.336715045169635
2041-04-06,2.9056878432844964
2041-04-07,3.9675656450010903
2041-04-08,5.365551997112651
2041-04-09,6.492044900241523
2041-04-10,2.386677294471721
2041-04-11,2.0658344054037867
2041-04-12,1.881443880000628
2041-04-13,2.050471649812608
2041-04-14,2.336654609584332
2041-04-15,2.135507931042866
2041-04-16,3.778087464530664
2041-04-17,4.820064775962186
2041-04-18,3.0469967265275684
2041-04-19,3.3580250542574124
2041-04-20,2.4401365516564906
2041-04-21,2.0120680875499004
2041-04-22,2.1916810719434623
2041-04-23,1.9272582874623256
2041-04-24,1.7397067745638426
2041-04-25,1.7748454461281191
2041-04-26,1.7466877712969977
2041-04-27,1.7091826355217428
2041-04-28,1.780128408685951
2041-04-29,1.567133910430036
2041-04-30,1.5875323929692613
2041-05-01,1.3437563092086673
2041-05-02,1.3459254997668684
2041-05-03,1.281853021389385
2041-05-04,1.2788926773007685
2041-05-05,1.2501647961140825
2041-05-06,1.1450987511179962
2041-05-07,1.2401566983508694
2041-05-08,1.1299080113968436
2041-05-09,1.0541968605283103
2041-05-10,1.0642219603395695
2041-05-11,1.0305146121885418
2041-05-12,0.9883520922340944
2041-05-13,1.1037032931116304
2041-05-14,1.3693224213996569
2041-05-15,1.0810665215454731
2041-05-16,1.318060043832986
2041-05-17,1.3444626890090103
2041-05-18,2.4742285977694207
2041-05-19,5.132954480867502
2041-05-20,9.481773683921356
2041-05-21,8.8518729288024
2041-05-22,6.729234974594992
2041-05-23,3.0936979607435373
2041-05-24,3.409668205169164
2041-05-25,4.737805072606368
2041-05-26,6.790154265764206
2041-05-27,7.968079019498884
2041-05-28,11.955233744035347
2041-05-29,14.89464808369514
2041-05-30,5.985966418106707
2041-05-31,4.566223573138224
2041-06-01,5.591636095892943
2041-06-02,7.979942335815588
2041-06-03,9.230133541448103
2041-06-04,12.440565048253855
2041-06-05,17.816984275131592
2041-06-06,21.513500626529197
2041-06-07,22.05290875457589
2041-06-08,24.202693851777163
2041-06-09,23.119650674294057
2041-06-10,21.290186809885537
2041-06-11,24.160509873045275
2041-06-12,18.887909749603
2041-06-13,17.693377957246287
2041-06-14,21.18266467378313
2041-06-15,21.01854153403132
2041-06-16,17.803603322183836
2041-06-17,14.600778937631194
2041-06-18,12.7577658872914
2041-06-19,7.221700013329469
2041-06-20,8.577015876289082
2041-06-21,9.255660284417358
2041-06-22,9.287235353685544
2041-06-23,6.85724361390763
2041-06-24,7.311197212800188
2041-06-25,7.033210393061999
2041-06-26,6.1428503598533215
2041-06-27,5.875618686167228
2041-06-28,5.858100194029462
2041-06-29,5.304700084656722
2041-06-30,4.6625168714993
2041-07-01,8.988933524343379
2041-07-02,8.048937999917737
2041-07-03,7.789055183311674
2041-07-04,7.599287602137027
2041-07-05,6.604057119529087
2041-07-06,5.912042619373173
2041-07-07,5.583162073957869
2041-07-08,4.378621585369971
2041-07-09,3.7573051390479537
2041-07-10,3.4324896523186137
2041-07-11,3.3382784222898625
2041-07-12,2.9571429665753537
2041-07-13,2.5676670965785373
2041-07-14,2.2769306761274786
2041-07-15,2.0709768269522395
2041-07-16,1.6751923686418435
2041-07-17,1.5365998846568192
2041-07-18,1.1771815881915273
2041-07-19,1.0202335620902152
2041-07-20,0.8693485292041172
2041-07-21,0.7437727971135851
2041-07-22,0.6557378351347035
2041-07-23,0.5730398352965443
2041-07-24,0.5019914989380839
2041-07-25,0.4409838947779456
2041-07-26,0.39113311910775983
2041-07-27,0.34961088171840604
2041-07-28,0.3139976824255083
2041-07-29,0.2840265433754024
2041-07-30,0.26872418222247896
2041-07-31,0.2409429832712675
2041-08-01,0.2858993649681832
2041-08-02,0.26516594947340394
2041-08-03,0.2481451463708611
2041-08-04,0.23380822565427026
2041-08-05,0.22148071068687586
2041-08-06,0.2107069695311803
2041-08-07,0.2015744551807755
2041-08-08,0.19402817601402
2041-08-09,0.1876844231351329
2041-08-10,0.18220627876371526
2041-08-11,0.18773813890747898
2041-08-12,0.17472215878933967
2041-08-13,0.17094209561153512
2041-08-14,0.16736363247283487
2041-08-15,0.17232428739793162
2041-08-16,0.1611496587887211
2041-08-17,0.15807872494546474
2041-08-18,0.15523081495370958
2041-08-19,0.15266605269522762
2041-08-20,0.15017014646679858
2041-08-21,0.14764134652997069
2041-08-22,0.14509831414471747
2041-08-23,0.1426742099874962
2041-08-24,0.14049739324564414
2041-08-25,0.1385319665259046
2041-08-26,0.13662867663033235
2041-08-27,0.13477946231919513
2041-08-28,0.13305270579467302
2041-08-29,0.13143549146113787
2041-08-30,0.13005854755225546
2041-08-31,0.12891124762911566
2041-09-01,0.05857152908336687
2041-09-02,0.05801741981597425
2041-09-03,0.058506225764840075
2041-09-04,0.058724876744470536
2041-09-05,0.06659093910964843
2041-09-06,0.13106417257171096
2041-09-07,0.15315378711103586
2041-09-08,0.13578044383428425
2041-09-09,0.07794599992418097
2041-09-10,0.05571366422087961
2041-09-11,0.05534245196953685
2041-09-12,0.0549772593390212
2041-09-13,0.05464840345651938
2041-09-14,0.05437102920555575
2041-09-15,0.05409966042490412
2041-09-16,0.05379061170775108
2041-09-17,0.05347233563568708
2041-09-18,0.05317010332630636
2041-09-19,0.052889590354761915
2041-09-20,0.05263489936900235
2041-09-21,0.05240477999719265
2041-09-22,0.05221515526353138
2041-09-23,0.054090265499946236
2041-09-24,0.08721093347796645
2041-09-25,0.06990304858105473
2041-09-26,0.058501185264347014
2041-09-27,0.051814429866860114
2041-09-28,0.05169052937901028
2041-09-29,0.05155457754625575
2041-09-30,0.05142564034780953
2041-10-01,0.08605459775940723
2041-10-02,0.08584703909377797
2041-10-03,0.08563821160786676
2041-10-04,0.08543590367734409
2041-10-05,0.08523775774763848
2041-10-06,0.08503797739084798
2041-10-07,0.08485034864740999
2041-10-08,0.08470542226234049
2041-10-09,0.08462472606580447
2041-10-10,0.10703987265449838
2041-10-11,0.08943097788734572
2041-10-12,0.08749368400000265
2041-10-13,0.08442296032636049
2041-10-14,0.08435097820502907
2041-10-15,0.08427557396264063
2041-10-16,0.08419566537523851
2041-10-17,0.08417213519815203
2041-10-18,0.4241710011382315
2041-10-19,0.8904719965144609
2041-10-20,0.2242892907095556
2041-10-21,0.7354285352580001
2041-10-22,0.16958172971914992
2041-10-23,0.1665781273957277
2041-10-24,0.400516673216112
2041-10-25,0.7045971515124475
2041-10-26,0.9440136773055332
2041-10-27,1.224513796589202
2041-10-28,1.4316804400649759
2041-10-29,0.4123229263771928
2041-10-30,0.5205344351675661
2041-10-31,0.1636239658518078
2041-11-01,0.1162106463525025
2041-11-02,0.14715040296357276
2041-11-03,0.3700509901547231
2041-11-04,0.10216645044235634
2041-11-05,0.1013649726592178
2041-11-06,0.3514070914434541
2041-11-07,0.1081490156497342
2041-11-08,0.2622333410713512
2041-11-09,0.17629004925847871
2041-11-10,0.12772511694804095
2041-11-11,0.1208585023014652
2041-11-12,0.10861046445732164
2041-11-13,0.4418782075690937
2041-11-14,0.7446808069045323
2041-11-15,0.5301572163007144
2041-11-16,0.5142076371689299
2041-11-17,0.5852690958343953
2041-11-18,0.5465713493391785
2041-11-19,0.4896147725987064
2041-11-20,0.4240313817112097
2041-11-21,0.23503108069735865
2041-11-22,0.19203164213318696
2041-11-23,0.4482285019731893
2041-11-24,0.5807297101942173
2041-11-25,0.07377136878591421
2041-11-26,0.07281311943238945
2041-11-27,0.18416909005690524
2041-11-28,0.29733846945305936
2041-11-29,0.13827293906062807
2041-11-30,0.6154297802008697
2041-12-01,0.16508036658648154
2041-12-02,0.08260463270551842
2041-12-03,0.07957737919391474
2041-12-04,0.0784918451867436
2041-12-05,0.08105849403713966
2041-12-06,0.0853838356267949
2041-12-07,0.1255900027255456
2041-12-08,0.20760899342098352
2041-12-09,0.21305094194305726
2041-12-10,0.31490700819662243
2041-12-11,0.19934866420259206
2041-12-12,0.2029998011918913
2041-12-13,0.3346930200169227
2041-12-14,0.3044011142361687
2041-12-15,0.14150276834527353
2041-12-16,0.12758359194420596
2041-12-17,0.16922256620546705
2041-12-18,0.17472824508478066
2041-12-19,0.185279088505568
2041-12-20,0.17127677804999875
2041-12-21,0.09464091476456103
2041-12-22,0.1000998519313974
2041-12-23,0.4563864337016497
2041-12-24,0.466493595899983
2041-12-25,0.14659133134250593
2041-12-26,0.12460419885883045
2041-12-27,0.0863243852869084
2041-12-28,0.08328906327910586
2041-12-29,0.08958492735099928
2041-12-30,0.09410887743426144
2041-12-31,0.08145341039074366
2042-01-01,0.0556379416692888
2042-01-02,0.06109461058026028
2042-01-03,0.0587227041223227
2042-01-04,0.05508907948224467
2042-01-05,0.05381400280799377
2042-01-06,0.06216356575153671
2042-01-07,0.07208656306835075
2042-01-08,0.08509843972177265
2042-01-09,0.10996704686687013
2042-01-10,0.0541629707733595
2042-01-11,0.06129453840627189
2042-01-12,0.07448244562740335
2042-01-13,0.0787006467522571
2042-01-14,0.09658386364681612
2042-01-15,0.09338535311078593
2042-01-16,0.08844397930077035
2042-01-17,0.08396537345070394
2042-01-18,0.05773028829191176
2042-01-19,0.10241872199163994
2042-01-20,0.0716472317745828
2042-01-21,0.07336805237425996
2042-01-22,0.05663985331691325
2042-01-23,0.06059336127013019
2042-01-24,0.0790436141917182
2042-01-25,0.07446389448598299
2042-01-26,0.11964206882240296
2042-01-27,0.1441896886629896
2042-01-28,0.13709736422239482
2042-01-29,0.07878489705251779
2042-01-30,0.061673465951718034
2042-01-31,0.057883206161865736
2042-02-01,0.04432689742049741
2042-02-02,0.05111084575243527
2042-02-03,0.0623699930258473
2042-02-04,0.06813151874999172
2042-02-05,0.06473590102100686
2042-02-06,0.07347610002049804
2042-02-07,0.1027652436851302
2042-02-08,0.11937362179970075
2042-02-09,0.1043846615886768
2042-02-10,0.06231005252462924
2042-02-11,0.06095947081313845
2042-02-12,0.04549264348041948
2042-02-13,0.04904632279759875
2042-02-14,0.04677519375670183
2042-02-15,0.06417212717618041
2042-02-16,0.07619783877371604
2042-02-17,0.11769932537673178
2042-02-18,0.1784985885555002
2042-02-19,0.12950561423405807
2042-02-20,0.1319959788334877
2042-02-21,0.19592246788798265
2042-02-22,0.273043617250248
2042-02-23,0.2828458484488232
2042-02-24,0.19635345969578724
2042-02-25,0.05469337463602046
2042-02-26,0.048095308187446485
2042-02-27,0.0463041820033229
2042-02-28,0.04641279506329856
2042-03-01,0.059876257478132563
2042-03-02,0.07994815900788081
2042-03-03,0.06788784402593692
2042-03-04,0.06463006596839356
2042-03-05,0.09015020604785896
2042-03-06,0.059634340238659836
2042-03-07,0.0596920495008683
2042-03-08,0.07017198485556929
2042-03-09,0.1399013794871274
2042-03-10,0.124401964691266
2042-03-11,0.47066044846889205
2042-03-12,0.6168694888859397
2042-03-13,1.3608370215159638
2042-03-14,1.9919538158761876
2042-03-15,1.326967150061719
2042-03-16,1.7293834123404452
2042-03-17,1.900704969994761
2042-03-18,0.3057642655198883
2042-03-19,0.43803070322441096
2042-03-20,0.5316083573227529
2042-03-21,0.4563637535806733
2042-03-22,0.3718956058654824
2042-03-23,0.4484161615439195
2042-03-24,0.5069040994413435
2042-03-25,0.3858324063680085
2042-03-26,0.680631914398396
2042-03-27,0.5090348954188078
2042-03-28,1.0741212523975106
2042-03-29,2.152893853775791
2042-03-30,4.034200605327212
2042-03-31,10.56080475572881
2042-04-01,4.356786764972183
2042-04-02,3.8083502689128976
2042-04-03,3.5088467374521395
2042-04-04,3.83975418527989
2042-04-05,4.063490542860413
2042-04-06,3.79753985824933
2042-04-07,2.6704390899938084
2042-04-08,2.7500532052786824
2042-04-09,2.986498397760166
2042-04-10,2.443048678447056
2042-04-11,2.224850192103592
2042-04-12,1.755070839714655
2042-04-13,1.622003200962722
2042-04-14,1.4281764319286672
2042-04-15,1.3288243315489057
2042-04-16,1.355581390140668
2042-04-17,1.1600332026768287
2042-04-18,1.2047930281594428
2042-04-19,1.1191881974620237
2042-04-20,1.01869175651885
2042-04-21,0.9678758178361048
2042-04-22,0.890629225880383
2042-04-23,0.8692022941390858
2042-04-24,0.8310324057937746
2042-04-25,1.2242563800840434
2042-04-26,1.4030947633481483
2042-04-27,3.570354325109016
2042-04-28,3.276492507946464
2042-04-29,1.944514185835585
2042-04-30,2.1914216957334096
2042-05-01,1.7678766669625816
2042-05-02,1.7257093786032798
2042-05-03,1.8217319451676213
2042-05-04,1.8363758504288343
2042-05-05,1.8508248548331088
2042-05-06,2.2025178229916045
2042-05-07,1.8547670610430131
2042-05-08,1.8884354383504283
2042-05-09,2.176416610430904
2042-05-10,2.6500752457002203
2042-05-11,2.4160424279525343
2042-05-12,2.9249972607957524
2042-05-13,3.6001066754623343
2042-05-14,3.533092980581333
2042-05-15,3.841237068470344
2042-05-16,4.571036535601968
2042-05-17,3.75281530615472
2042-05-18,3.586343402678843
2042-05-19,3.387313948833052
2042-05-20,3.2111620503922085
2042-05-21,2.9047472019175395
2042-05-22,2.6221942542791576
2042-05-23,2.3653301145216683
2042-05-24,2.170715513880753
2042-05-25,1.9643887502664508
2042-05-26,1.823890806633203
2042-05-27,1.7082556406867575
2042-05-28,1.5707012203370971
2042-05-29,1.5004748389890905
2042-05-30,1.2622093586093808
2042-05-31,1.13234738508057
2042-06-01,1.120223999512889
2042-06-02,1.0345374621724293
2042-06-03,0.9356841951967352
2042-06-04,0.8398115273641666
2042-06-05,0.7521305223290502
2042-06-06,0.6664783595466499
2042-06-07,0.590650286696907
2042-06-08,0.5143090692470268
2042-06-09,0.4353346013205594
2042-06-10,0.3965424497159017
2042-06-11,0.33518002433465605
2042-06-12,0.3058737186642653
2042-06-13,0.2807330920180514
2042-06-14,0.25759793724291563
2042-06-15,0.2329355769247175
2042-06-16,0.20993684874959176
2042-06-17,0.19024994896477254
2042-06-18,0.17336346936492472
2042-06-19,0.15952539804409008
2042-06-20,0.1472117842817761
2042-06-21,0.13554869438017556
2042-06-22,0.12530062945602838
2042-06-23,0.116902589835744
2042-06-24,0.11449419136585948
2042-06-25,0.10492604118674552
2042-06-26,0.09941920368349852
2042-06-27,0.0943878607978294
2042-06-28,0.0897902362873826
2042-06-29,0.08586979598079747
2042-06-30,0.08268406558637388
2042-07-01,0.18785169534672055
2042-07-02,0.18240402888453028
2042-07-03,0.17800046879187836
2042-07-04,0.17321453207552104
2042-07-05,0.1687839216289223
2042-07-06,0.16482562329745815
2042-07-07,0.16119316971502473
2042-07-08,0.1576710413926448
2042-07-09,0.15440048401577414
2042-07-10,0.15441486827092965
2042-07-11,0.14894660772782067
2042-07-12,0.25065617843971416
2042-07-13,0.14520370685649148
2042-07-14,0.14723238819709875
2042-07-15,0.13918488341671384
2042-07-16,0.13663791186904226
2042-07-17,0.13398492567162446
2042-07-18,0.13142833955432354
2042-07-19,0.12907827250478754
2042-07-20,0.12674949462925747
2042-07-21,0.12419049196597708
2042-07-22,0.15266283395011662
2042-07-23,0.11938883271766387
2042-07-24,0.11740937421646686
2042-07-25,0.16709565065628446
2042-07-26,0.11529017270677355
2042-07-27,0.11201248443745816
2042-07-28,0.1101080787082177
2042-07-29,0.10815291043673328
2042-07-30,0.1061954988809184
2042-07-31,0.10436308284463199
2042-08-01,0.1324986815671312
2042-08-02,0.13033575942557302
2042-08-03,0.14027618051921406
2042-08-04,0.12868128771889334
2042-08-05,0.12621861993046898
2042-08-06,0.12383260203571747
2042-08-07,0.12233183637337401
2042-08-08,0.14614182382523472
2042-08-09,0.14865256385865158
2042-08-10,0.1205249149240664
2042-08-11,0.1183028926325046
2042-08-12,0.11744299299123966
2042-08-13,0.11655339635512656
2042-08-14,0.11572058667740286
2042-08-15,0.1149553752147072
2042-08-16,0.1142456466084742
2042-08-17,0.11360800927254587
2042-08-18,0.11303124881908175
2042-08-19,0.11250060854302138
2042-08-20,0.11312410290491635
2042-08-21,0.11167295570708112
2042-08-22,0.11127645918892684
2042-08-23,0.11234051326614902
2042-08-24,0.11061941494052736
2042-08-25,0.11026144924707112
2042-08-26,0.10990034122949223
2042-08-27,0.10952954521097846
2042-08-28,0.10917420427488816
2042-08-29,0.10884090347047642
2042-08-30,0.10852106470841663
2042-08-31,0.10821625032180644
2042-09-01,0.04948756002614152
2042-09-02,0.04938163057056647
2042-09-03,0.049283772533085336
2042-09-04,0.04918895118858908
2042-09-05,0.04910074241681875
2042-09-06,0.04902670909140697
2042-09-07,0.04896426992357965
2042-09-08,0.0489045840591982
2042-09-09,0.05052402735167389
2042-09-10,0.04882087984782898
2042-09-11,0.04878413817858847
2042-09-12,0.09025593145759526
2042-09-13,0.04884410839756044
2042-09-14,0.04935690605760883
2042-09-15,0.06594505397206353
2042-09-16,0.14711738046188974
2042-09-17,0.05431509050273646
2042-09-18,0.04858476241720952
2042-09-19,0.048980189131605074
2042-09-20,0.04848561893446627
2042-09-21,0.04844292615940109
2042-09-22,0.04898537616490284
2042-09-23,0.04836977438911154
2042-09-24,0.04868556428344694
2042-09-25,0.04829768422501687
2042-09-26,0.04825723924540535
2042-09-27,0.04821353882102333
2042-09-28,0.04817330096998537
2042-09-29,0.04814056583566747
2042-09-30,0.04811368645610847
2042-10-01,0.08066234339783776
2042-10-02,0.08062613039670855
2042-10-03,0.08058662156149164
2042-10-04,0.08054757219581284
2042-10-05,0.08051097332079285
2042-10-06,0.0804753675783862
2042-10-07,0.08044031067794162
2042-10-08,0.08040600237462961
2042-10-09,0.0803738768984822
2042-10-10,0.08034524807758472
2042-10-11,0.08031774350960333
2042-10-12,0.08082467147866544
2042-10-13,0.080261435887608
2042-10-14,0.08023404726700169
2042-10-15,0.08020727881740873
2042-10-16,0.08080850105500659
2042-10-17,0.08015755743352965
2042-10-18,0.08013205592354024
2042-10-19,0.08010578742286659
2042-10-20,0.08008052935496722
2042-10-21,0.08005737712168275
2042-10-22,0.0800357204378074
2042-10-23,0.08001475937625885
2042-10-24,0.08019757031014674
2042-10-25,0.07997457887095262
2042-10-26,0.08361010722591679
2042-10-27,0.1221570078160726
2042-10-28,0.3633928363035776
2042-10-29,1.0923255012054185
2042-10-30,0.4483670002556222
2042-10-31,0.15360196158383702
2042-11-01,0.10882577787154646
2042-11-02,0.14720314571656734
2042-11-03,0.1631204568392291
2042-11-04,0.085451779792183
2042-11-05,0.08019190838468664
2042-11-06,0.07576032666234249
2042-11-07,0.09471470092259617
2042-11-08,0.12758610916781307
2042-11-09,0.1253700268525777
2042-11-10,0.14063281365506689
2042-11-11,0.269436302315022
2042-11-12,0.2167005007689739
2042-11-13,0.2090704425990244
2042-11-14,0.2521011463498567
2042-11-15,0.2870613032169891
2042-11-16,0.15561306796299265
2042-11-17,0.14654929042340728
2042-11-18,0.13585045717816588
2042-11-19,0.1925674226688128
2042-11-20,0.09692433735816787
2042-11-21,0.21112349680986855
2042-11-22,0.2483739857270152
2042-11-23,1.7730596890060102
2042-11-24,6.62403624589679
2042-11-25,1.5882630710117098
2042-11-26,0.1439209974818595
2042-11-27,0.19501980064097987
2042-11-28,1.619150910818446
2042-11-29,0.3955661863388805
2042-11-30,0.11897102573060887
2042-12-01,0.0873594892125933
2042-12-02,0.07757521330500461
2042-12-03,0.08644964628324933
2042-12-04,0.08214693504923244
2042-12-05,0.07965774988737899
2042-12-06,0.07998151980243025
2042-12-07,0.23734544486960396
2042-12-08,0.866692042298303
2042-12-09,2.815682339708355
2042-12-10,1.9339503796865756
2042-12-11,1.4221589689653698
2042-12-12,1.9967262129583203
2042-12-13,1.777199742901676
2042-12-14,3.2383433955954586
2042-12-15,1.1058152403377206
2042-12-16,1.01375047256741
2042-12-17,1.008284578731521
2042-12-18,0.99711253035271
2042-12-19,0.9642525629286874
2042-12-20,0.9871519755496752
2042-12-21,1.2191123558629295
2042-12-22,0.95731726319189
2042-12-23,0.9889605622140364
2042-12-24,0.9822735811170892
2042-12-25,0.9448162970690016
2042-12-26,0.8887006884355345
2042-12-27,0.8531705722004819
2042-12-28,0.8259596339089049
2042-12-29,0.9310319405852228
2042-12-30,0.7710309831288572
2042-12-31,0.8359688460746373
2043-01-01,0.4692281125962
2043-01-02,0.4616280910070617
2043-01-03,0.453179273874586
2043-01-04,0.5318280095089623
2043-01-05,0.448602376171949
2043-01-06,0.441991099143718
2043-01-07,0.4356916420180357
2043-01-08,0.4216912596681134
2043-01-09,0.4053717075606659
2043-01-10,0.3897513633450736
2043-01-11,0.39578670561736057
2043-01-12,0.37998255424427946
2043-01-13,0.3584773311411301
2043-01-14,0.34760592218056435
2043-01-15,0.4148671164506579
2043-01-16,0.4227287539468659
2043-01-17,0.6537156731475275
2043-01-18,0.5557775207849781
2043-01-19,0.5402304383020154
2043-01-20,0.5472521619806563
2043-01-21,0.5458812445518703
2043-01-22,0.5503005537632822
2043-01-23,0.5174136382779922
2043-01-24,0.7331029985035195
2043-01-25,0.7064694177384032
2043-01-26,0.7006978993291293
2043-01-27,0.6169507966669232
2043-01-28,0.588283664024571
2043-01-29,0.6054759877192593
2043-01-30,0.5952612699043296
2043-01-31,0.5832677502123584
2043-02-01,0.4687039904517447
2043-02-02,0.6229672045632982
2043-02-03,0.5638987939491453
2043-02-04,0.4636551187736251
2043-02-05,0.4667561016722421
2043-02-06,0.4828666027941462
2043-02-07,0.4681591503242026
2043-02-08,0.4345856756000436
2043-02-09,0.4354752950939342
2043-02-10,0.42823588186358186
2043-02-11,0.4287583162481383
2043-02-12,0.5304931228131852
2043-02-13,0.5731115613586161
2043-02-14,0.4717664334578411
2043-02-15,0.5002539850358121
2043-02-16,0.5632313436780507
2043-02-17,0.4561169661768984
2043-02-18,0.4572468234934472
2043-02-19,0.7375544898309216
2043-02-20,1.0827723189231244
2043-02-21,0.8568579851016461
2043-02-22,0.7464247597920851
2043-02-23,1.0250947468383094
2043-02-24,0.976126628366306
2043-02-25,1.0340606857362682
2043-02-26,1.1013766736156814
2043-02-27,1.032695489290974
2043-02-28,0.8474002716963517
2043-03-01,1.078062426114143
2043-03-02,1.0225531528238736
2043-03-03,1.0028454255460828
2043-03-04,0.9824410040827624
2043-03-05,0.9136116634792436
2043-03-06,0.8903883414455798
2043-03-07,0.8761865027569978
2043-03-08,1.0141846867877384
2043-03-09,1.0796592949984196
2043-03-10,0.8974362577042139
2043-03-11,1.0192638140123156
2043-03-12,1.0047190082242234
2043-03-13,1.2032172374581152
2043-03-14,1.806801479216614
2043-03-15,2.290061641239576
2043-03-16,3.3701808492801475
2043-03-17,5.8605788152809835
2043-03-18,6.34875204652867
2043-03-19,8.939584746937124
2043-03-20,6.021998698783843
2043-03-21,5.312850519906113
2043-03-22,2.34938985310527
2043-03-23,2.3816989208245483
2043-03-24,2.4350633207577506
2043-03-25,2.0883291195590985
2043-03-26,1.8974220483452084
2043-03-27,1.8746403902317408
2043-03-28,1.8539414098104183
2043-03-29,1.8256081856476265
2043-03-30,1.7248175436303708
2043-03-31,1.6649295958044918
2043-04-01,1.37924538392971
2043-04-02,1.41230914690301
2043-04-03,2.079830378750973
2043-04-04,1.6973007685052746
2043-04-05,1.3574671039395014
2043-04-06,1.3616034209775132
2043-04-07,1.436484321907433
2043-04-08,2.335863787614876
2043-04-09,3.3254281865755115
2043-04-10,4.098236998005878
2043-04-11,5.384422146535958
2043-04-12,6.26936696452005
2043-04-13,7.56669206490788
2043-04-14,6.956510605505022
2043-04-15,8.149908748035504
2043-04-16,10.639365964098973
2043-04-17,9.00636379578625
2043-04-18,6.254104141914648
2043-04-19,3.1109935540737794
2043-04-20,4.462842247910314
2043-04-21,6.402608144135629
2043-04-22,7.270586854436555
2043-04-23,8.385042386941564
2043-04-24,8.675131560421738
2043-04-25,11.225940719991842
2043-04-26,11.437606177121205
2043-04-27,4.400469523464365
2043-04-28,4.129901006404263
2043-04-29,4.531174353798859
2043-04-30,6.846024176800624
2043-05-01,10.434208024162686
2043-05-02,14.202108807974264
2043-05-03,11.508394250814224
2043-05-04,10.737178884413424
2043-05-05,8.949668510945635
2043-05-06,9.304904120320886
2043-05-07,14.38573626113648
2043-05-08,8.854299205814304
2043-05-09,16.055412386346866
2043-05-10,16.77063330428351
2043-05-11,22.793158345887274
2043-05-12,25.716389332452717
2043-05-13,23.307251407975354
2043-05-14,7.051909513037428
2043-05-15,7.992595247639476
2043-05-16,8.216705851061494
2043-05-17,7.053278670699378
2043-05-18,6.9749402802383385
2043-05-19,7.805480847721063
2043-05-20,10.754725367120917
2043-05-21,14.300648945440187
2043-05-22,24.783518988669144
2043-05-23,27.469725438948604
2043-05-24,25.96897742850625
2043-05-25,11.222894591819657
2043-05-26,10.62200708623391
2043-05-27,14.527847394661393
2043-05-28,14.945787180790848
2043-05-29,18.378736158918127
2043-05-30,18.31590030178645
2043-05-31,22.71124089383599
2043-06-01,25.551471964443756
2043-06-02,26.83059411468448
2043-06-03,29.23752946079264
2043-06-04,30.865413330381603
2043-06-05,35.231243646917264
2043-06-06,33.49903319532717
2043-06-07,28.45927606755093
2043-06-08,27.45061881093337
2043-06-09,28.207625478139963
2043-06-10,20.512290237804
2043-06-11,23.646851519880762
2043-06-12,18.310348479627045
2043-06-13,13.999403506129838
2043-06-14,10.521510717771188
2043-06-15,10.326656497415472
2043-06-16,9.691950407757005
2043-06-17,6.238646989849089
2043-06-18,6.0580483550263615
2043-06-19,7.071331221886856
2043-06-20,8.760551795039433
2043-06-21,9.128983374777544
2043-06-22,9.418461270975042
2043-06-23,9.189259790155317
2043-06-24,9.095003830926348
2043-06-25,8.625183458913027
2043-06-26,7.73610624054644
2043-06-27,7.024986135346713
2043-06-28,5.781610277895491
2043-06-29,5.177133999513819
2043-06-30,4.967982858054293
2043-07-01,10.83878016805918
2043-07-02,10.138499077470826
2043-07-03,8.607723940342789
2043-07-04,7.843741831188248
2043-07-05,6.837219968680117
2043-07-06,5.692724240795897
2043-07-07,4.7928841259114785
2043-07-08,4.768059677188697
2043-07-09,4.75078194358564
2043-07-10,4.370616510466974
2043-07-11,3.7512571618032773
2043-07-12,3.3178824206399864
2043-07-13,3.321830318819994
2043-07-14,3.5606962471107604
2043-07-15,4.005603712589822
2043-07-16,3.940836209407492
2043-07-17,3.2037498797701476
2043-07-18,2.9006217504260583
2043-07-19,2.866491185081504
2043-07-20,2.5099725538228985
2043-07-21,2.117396390163137
2043-07-22,2.0695094923829243
2043-07-23,1.8838662119109792
2043-07-24,1.8767028628486109
2043-07-25,1.9049020815350537
2043-07-26,1.6425534077425783
2043-07-27,1.5786761161536491
2043-07-28,1.4761117111749669
2043-07-29,1.4117838078857043
2043-07-30,1.3263015058374903
2043-07-31,1.2935490953700872
2043-08-01,1.5146413546088908
2043-08-02,1.4030656945314253
2043-08-03,2.4518724641928777
2043-08-04,1.2940398776957878
2043-08-05,1.3228714173949574
2043-08-06,1.0130399655706972
2043-08-07,0.691958686263791
2043-08-08,0.6558791219720266
2043-08-09,0.5790376738448761
2043-08-10,0.5344449366948255
2043-08-11,0.4918349386705954
2043-08-12,0.4483163517779005
2043-08-13,0.3962430199354303
2043-08-14,0.3559298312198305
2043-08-15,0.3206720491979674
2043-08-16,0.289017069751878
2043-08-17,0.2609639151145016
2043-08-18,0.2409161291096904
2043-08-19,0.2206255691551528
2043-08-20,0.26160408245616457
2043-08-21,0.1941979423448932
2043-08-22,0.1822913027330368
2043-08-23,0.19019418687454148
2043-08-24,0.1645279903201752
2043-08-25,0.15735605997234212
2043-08-26,0.15110528248437724
2043-08-27,0.14563357430774573
2043-08-28,0.14099104509219648
2043-08-29,0.13787922592866472
2043-08-30,0.135051816611736
2043-08-31,0.13314464089100206
2043-09-01,0.06366797262480679
2043-09-02,0.05991201246099544
2043-09-03,0.05938391386052004
2043-09-04,0.05879906799937114
2043-09-05,0.058259843238039274
2043-09-06,0.05781467959822316
2043-09-07,0.057414253797401435
2043-09-08,0.05704048394894616
2043-09-09,0.05668874135888505
2043-09-10,0.056347022650068815
2043-09-11,0.05600843022198816
2043-09-12,0.05576057940596196
2043-09-13,0.055386888024806534
2043-09-14,0.0550590293834231
2043-09-15,0.05475218131345445
2043-09-16,0.05657169222583003
2043-09-17,0.05427402300121436
2043-09-18,0.054040060396717576
2043-09-19,0.05380364742359956
2043-09-20,0.0535572661075471
2043-09-21,0.05331552098359387
2043-09-22,0.05331385866533706
2043-09-23,0.052903964387690884
2043-09-24,0.05269655896385146
2043-09-25,0.05469294867038353
2043-09-26,0.053215404407997415
2043-09-27,0.0526829739385286
2043-09-28,0.05236683207289468
2043-09-29,0.05203054583964485
2043-09-30,0.051863985450210134
2043-10-01,0.08670113058892608
2043-10-02,0.086441438801105
2043-10-03,0.0862057876813721
2043-10-04,0.08597682317521017
2043-10-05,0.08576173548141354
2043-10-06,0.1560211751877866
2043-10-07,0.2389554950264551
2043-10-08,0.9840543466179744
2043-10-09,0.28481428764008554
2043-10-10,0.1314515256411848
2043-10-11,0.08799045639955112
2043-10-12,0.08611559706120438
2043-10-13,0.0873181868755778
2043-10-14,0.3481207368070231
2043-10-15,1.5386850813655009
2043-10-16,0.4344285961891659
2043-10-17,0.1620819735617094
2043-10-18,0.08507636896348468
2043-10-19,0.08493815496296575
2043-10-20,0.08470270092089742
2043-10-21,0.13580743928628586
2043-10-22,0.09707410742725296
2043-10-23,0.08964214926756392
2043-10-24,0.08512774533215878
2043-10-25,0.08461111179537545
2043-10-26,0.0845805357891491
2043-10-27,0.08453951589453143
2043-10-28,0.08449946726465704
2043-10-29,0.08447314217907001
2043-10-30,0.4967791197482363
2043-10-31,0.2117681706700492
2043-11-01,0.2623828248737027
2043-11-02,0.471136181456369
2043-11-03,0.4816344691792261
2043-11-04,0.33694149784006394
2043-11-05,0.11225118152777733
2043-11-06,0.08342074375626644
2043-11-07,0.12009543666483655
2043-11-08,0.11794308757118754
2043-11-09,0.11239833956240447
2043-11-10,0.06487519130422972
2043-11-11,0.05970389563711051
2043-11-12,0.0601480460771223
2043-11-13,0.05737682699951691
2043-11-14,0.0568230334709819
2043-11-15,0.05681047639302717
2043-11-16,1.6168797507305406
2043-11-17,0.5707400141487442
2043-11-18,0.0780534355872621
2043-11-19,0.3391538735715212
2043-11-20,0.3914891621583319
2043-11-21,0.2669460143654923
2043-11-22,0.16623728143775973
2043-11-23,0.13953193823806045
2043-11-24,0.11152522483959948
2043-11-25,0.08139442813610387
2043-11-26,0.06898384936114495
2043-11-27,0.07821134961855099
2043-11-28,0.21019820457776345
2043-11-29,0.16805089557924338
2043-11-30,0.23057044764026455
2043-12-01,0.18589990667090311
2043-12-02,0.15690868712844538
2043-12-03,0.2400709368291751
2043-12-04,0.25209172874023
2043-12-05,0.2954050267653859
2043-12-06,0.07651807806575991
2043-12-07,0.08465734655661565
2043-12-08,0.22161800521116
2043-12-09,0.12138362761274643
2043-12-10,0.1823538878636507
2043-12-11,0.07355821801801674
2043-12-12,0.0834242150936365
2043-12-13,0.18204707200017656
2043-12-14,0.1258470142284289
2043-12-15,0.2488381785116729
2043-12-16,0.14765744648134194
2043-12-17,0.1389904640235461
2043-12-18,0.14263761779579087
2043-12-19,0.10559869760552547
2043-12-20,0.4620954787168197
2043-12-21,0.25216826219767385
2043-12-22,0.22187115602498134
2043-12-23,0.13109800858174542
2043-12-24,0.14202740282280998
2043-12-25,0.1021294496806108
2043-12-26,0.07178956924614195
2043-12-27,0.0854996511514532
2043-12-28,0.1139818922278177
2043-12-29,0.08188497949973693
2043-12-30,0.2154929551740104
2043-12-31,0.11518568029889972
2044-01-01,0.4037378862593526
2044-01-02,0.8102993064908993
2044-01-03,0.3989193712631229
2044-01-04,0.6208633187809517
2044-01-05,0.4602665549101182
2044-01-06,0.08276301147364279
2044-01-07,0.07184218843922223
2044-01-08,0.11468433225571173
2044-01-09,0.0517305823187728
2044-01-10,0.049875479849044606
2044-01-11,0.15730379595404756
2044-01-12,0.10410561463840327
2044-01-13,0.056209820749339307
2044-01-14,0.07239884137713055
2044-01-15,0.05889367427950035
2044-01-16,0.17268875822828247
2044-01-17,1.2569490389353015
2044-01-18,0.11707963388402945
2044-01-19,0.08542844174143661
2044-01-20,0.0928750247243882
2044-01-21,0.09643903290277286
2044-01-22,0.09875883207893184
2044-01-23,0.10805996544304866
2044-01-24,0.1213431228144006
2044-01-25,0.12481957734178868
2044-01-26,0.13685809783324465
2044-01-27,0.14826395601738288
2044-01-28,0.1507962427134152
2044-01-29,0.16151128974588125
2044-01-30,0.1655622949032507
2044-01-31,0.1829756304269274
2044-02-01,0.19554909313229307
2044-02-02,0.5204344090034705
2044-02-03,1.6797263883233962
2044-02-04,0.5958709834968835
2044-02-05,0.5371876665555432
2044-02-06,0.7199423571299628
2044-02-07,0.6211064531683739
2044-02-08,0.4994538746887092
2044-02-09,0.5661141202509627
2044-02-10,0.492838316639643
2044-02-11,0.5917816156854798
2044-02-12,0.4878689757856696
2044-02-13,0.4217044007482592
2044-02-14,0.4823989679856179
2044-02-15,0.4749402664281885
2044-02-16,0.4565773799971656
2044-02-17,0.5723155388257579
2044-02-18,0.4448412507871106
2044-02-19,0.5060236778380477
2044-02-20,0.7345476448472235
2044-02-21,0.5425313403126492
2044-02-22,0.5068555964804675
2044-02-23,0.4667209107657382
2044-02-24,0.4784033164952269
2044-02-25,0.4796740357978807
2044-02-26,0.5501860894506346
2044-02-27,0.4091548374573547
2044-02-28,0.4428010964413645
2044-02-29,0.5366755021875028
2044-03-01,0.8360959531311989
2044-03-02,0.9767881740867064
2044-03-03,0.8186219609469749
2044-03-04,0.5791340044250602
2044-03-05,0.5677688353130601
2044-03-06,0.5767349230975717
2044-03-07,0.5180463140331338
2044-03-08,0.5077665394388713
2044-03-09,0.598700736548312
2044-03-10,0.72867623103724
2044-03-11,1.0250910409431744
2044-03-12,1.4890670801669348
2044-03-13,2.0698225313926377
2044-03-14,2.8578248332498366
2044-03-15,3.113988683859252
2044-03-16,1.2027020182078203
2044-03-17,1.1620317043680364
2044-03-18,1.3448480967150047
2044-03-19,1.000281423540465
2044-03-20,0.9594108958499856
2044-03-21,0.9560374276653244
2044-03-22,1.0080750202839532
2044-03-23,1.2410328651806393
2044-03-24,1.115244161538644
2044-03-25,1.4300280283614826
2044-03-26,1.9003159935201517
2044-03-27,2.6719412180896227
2044-03-28,3.241829776449776
2044-03-29,3.6275195616358378
2044-03-30,4.570450560616435
2044-03-31,2.2503785937347986
2044-04-01,2.5760456825011153
2044-04-02,3.0077936389636326
2044-04-03,3.54304666524458
2044-04-04,1.5973425201632832
2044-04-05,1.8015435410828744
2044-04-06,2.4294589842034084
2044-04-07,4.171824840634668
2044-04-08,5.0294728466959135
2044-04-09,4.843543952465966
2044-04-10,5.2087487209562315
2044-04-11,7.954730566327232
2044-04-12,3.3016601138190733
2044-04-13,2.6546588191698106
2044-04-14,2.471149641428004
2044-04-15,2.428757691466948
2044-04-16,2.5607239301614495
2044-04-17,2.2328253724482434
2044-04-18,2.4345298474046793
2044-04-19,2.660779168617934
2044-04-20,3.406525693727417
2044-04-21,5.799198274693764
2044-04-22,8.755194380982108
2044-04-23,10.678127662176912
2044-04-24,10.688858141622884
2044-04-25,10.182119913658656
2044-04-26,5.2708928334741065
2044-04-27,3.5862064535913354
2044-04-28,3.4033684075533768
2044-04-29,3.8583889522717167
2044-04-30,3.8868979465588986
2044-05-01,3.974184748953864
2044-05-02,5.126815496231611
2044-05-03,6.078965166589612
2044-05-04,7.703043689463016
2044-05-05,6.768537708378575
2044-05-06,10.209748909621133
2044-05-07,16.616890845076526
2044-05-08,22.499400054599942
2044-05-09,23.726263602149512
2044-05-10,21.05626937745269
2044-05-11,15.693606760110455
2044-05-12,6.437345363306317
2044-05-13,6.7454365418827855
2044-05-14,7.477778241297603
2044-05-15,7.8620314359330425
2044-05-16,11.423013764927271
2044-05-17,7.304540087976616
2044-05-18,8.124203906296946
2044-05-19,16.08417290474977
2044-05-20,17.261832616968814
2044-05-21,10.388064887982548
2044-05-22,6.9209868906794965
2044-05-23,6.699665024167169
2044-05-24,6.4953152854279175
2044-05-25,6.615312616006063
2044-05-26,7.70334439345843
2044-05-27,8.725449927322945
2044-05-28,11.909926708392586
2044-05-29,18.848922980266973
2044-05-30,22.04402632820493
2044-05-31,25.32772008860343
2044-06-01,16.533055147159093
2044-06-02,16.003901362438313
2044-06-03,19.727282085198077
2044-06-04,21.912231455073705
2044-06-05,24.312929007494105
2044-06-06,27.518235336933238
2044-06-07,30.507546223179823
2044-06-08,35.912183768253534
2044-06-09,42.699610698837844
2044-06-10,44.228609238814066
2044-06-11,41.25680722827418
2044-06-12,34.089052124761174
2044-06-13,31.425555348523353
2044-06-14,25.00181647333745
2044-06-15,21.801888754303306
2044-06-16,17.606293315325974
2044-06-17,13.861485257129711
2044-06-18,11.347353555701499
2044-06-19,5.873095627963497
2044-06-20,6.0846983627975675
2044-06-21,7.069373641072253
2044-06-22,6.4565428385667625
2044-06-23,7.3111873475293265
2044-06-24,7.74583028153841
2044-06-25,7.536474748236051
2044-06-26,7.39193651837172
2044-06-27,5.820174287884231
2044-06-28,4.855609316853818
2044-06-29,4.57913956884854
2044-06-30,4.431866881017217
2044-07-01,10.99060533168503
2044-07-02,10.850187763294793
2044-07-03,9.25534226385317
2044-07-04,8.537044721322442
2044-07-05,7.3541395886787315
2044-07-06,6.320618501065566
2044-07-07,6.090767850580687
2044-07-08,5.99061162941958
2044-07-09,5.52046920567614
2044-07-10,5.235906012345732
2044-07-11,4.752674108146956
2044-07-12,4.689123639325013
2044-07-13,4.3147709546056605
2044-07-14,3.468333985430297
2044-07-15,3.3819400679995497
2044-07-16,3.0467139980152087
2044-07-17,2.9284409453032394
2044-07-18,2.945526107911768
2044-07-19,2.744419708971643
2044-07-20,2.4334546214107755
2044-07-21,2.0867216777064868
2044-07-22,1.6596769080895346
2044-07-23,1.5062723576439696
2044-07-24,1.335662180167153
2044-07-25,1.238547169354686
2044-07-26,1.141146973235474
2044-07-27,1.1002911917557077
2044-07-28,0.9937895480880165
2044-07-29,0.8789469850840608
2044-07-30,0.7681638934725706
2044-07-31,0.7107041371327262
2044-08-01,0.9620294626544342
2044-08-02,0.9357424840399796
2044-08-03,0.7725965963229743
2044-08-04,1.9285303695099063
2044-08-05,1.1443631818963622
2044-08-06,0.4882058721581918
2044-08-07,0.4999204672682561
2044-08-08,0.4394092403391933
2044-08-09,0.4017139582527631
2044-08-10,0.36192334853009694
2044-08-11,0.3378318313685769
2044-08-12,0.4311085877134067
2044-08-13,0.6570496473082345
2044-08-14,0.4423486775330745
2044-08-15,0.6952525145200216
2044-08-16,0.38044607923073576
2044-08-17,0.2417946425530151
2044-08-18,0.21600762963392012
2044-08-19,0.21424094172265626
2044-08-20,0.1952704559975659
2044-08-21,0.19978938611638614
2044-08-22,0.2097433859478074
2044-08-23,0.1758523896197231
2044-08-24,0.1845476993549791
2044-08-25,0.1674617749982214
2044-08-26,0.16213410873411954
2044-08-27,0.157300017492365
2044-08-28,0.1527500547031971
2044-08-29,0.14866412407476767
2044-08-30,0.14513686965948386
2044-08-31,0.1421955565654942
2044-09-01,0.06412061277160168
2044-09-02,0.06333503556477002
2044-09-03,0.06257147973372268
2044-09-04,0.0619367468687323
2044-09-05,0.06132445018843297
2044-09-06,0.060747904674567164
2044-09-07,0.06018961663602375
2044-09-08,0.059659296292184326
2044-09-09,0.059157217113666886
2044-09-10,0.05867400474123489
2044-09-11,0.058243233169918175
2044-09-12,0.057913801509008475
2044-09-13,0.058465489333718625
2044-09-14,0.05747721690503711
2044-09-15,0.057186893107472776
2044-09-16,0.06291947208101592
2044-09-17,0.19286452531934467
2044-09-18,0.057592561544522386
2044-09-19,0.05638726640360631
2044-09-20,0.0560754836108687
2044-09-21,0.05581082154254415
2044-09-22,0.05554660074566467
2044-09-23,0.05525965975461837
2044-09-24,0.05537057174448325
2044-09-25,0.0547392965516039
2044-09-26,0.0545966539387281
2044-09-27,0.055382375971952384
2044-09-28,0.05420154390348195
2044-09-29,0.0539905836747856
2044-09-30,0.05375738774894676
2044-10-01,0.08975812796573444
2044-10-02,0.0893695481505046
2044-10-03,0.08900282610234894
2044-10-04,0.08876879044563687
2044-10-05,0.08838535000728931
2044-10-06,0.0881696012652795
2044-10-07,0.08794056608753098
2044-10-08,0.08782894725156172
2044-10-09,0.09950079910936553
2044-10-10,0.3095477298862612
2044-10-11,0.23561596768861645
2044-10-12,0.0886230748303992
2044-10-13,0.08727187218613575
2044-10-14,0.08704395577885017
2044-10-15,0.08686410867683339
2044-10-16,0.08675740283880125
2044-10-17,0.08852423571602439
2044-10-18,0.08662552936414905
2044-10-19,0.08655341439190954
2044-10-20,0.0864478032565732
2044-10-21,0.08631117418861653
2044-10-22,0.08617736289513275
2044-10-23,0.08604768223707243
2044-10-24,0.08593387357407513
2044-10-25,0.08583277734846223
2044-10-26,0.08574640128002894
2044-10-27,0.08569273424079155
2044-10-28,0.08566076272352988
2044-10-29,0.08563165805125872
2044-10-30,0.08559426253290693
2044-10-31,0.08553956313942662
2044-11-01,0.05722856904513759
2044-11-02,0.057194958848325435
2044-11-03,0.0571552944078528
2044-11-04,0.05710783177728044
2044-11-05,0.057060276920651964
2044-11-06,0.0570217576346443
2044-11-07,0.05698978717595216
2044-11-08,0.0573685881017029
2044-11-09,0.08016007839368898
2044-11-10,0.060724851052812
2044-11-11,0.05751115328902006
2044-11-12,0.06381547685193042
2044-11-13,0.06577711312352237
2044-11-14,0.0588081170302217
2044-11-15,0.056962891404455825
2044-11-16,0.3924861894862932
2044-11-17,0.35296403900254275
2044-11-18,0.06487902700497951
2044-11-19,0.3868356416983647
2044-11-20,0.06872119431276154
2044-11-21,0.4514869898421152
2044-11-22,1.9837855265840385
2044-11-23,9.208083657685421
2044-11-24,3.4033150534703585
2044-11-25,0.15656015476881707
2044-11-26,0.16490370111106178
2044-11-27,0.0967557137769406
2044-11-28,0.14483072142394532
2044-11-29,0.1202331466420926
2044-11-30,0.4816918046766597
2044-12-01,0.3726902637426928
2044-12-02,0.07984027825615478
2044-12-03,0.09370120292882957
2044-12-04,0.09743592220175837
2044-12-05,0.07895612570760116
2044-12-06,0.08788677390119404
2044-12-07,0.11145098063270306
2044-12-08,0.10537364700522
2044-12-09,0.3442707229157284
2044-12-10,0.16708139240711273
2044-12-11,0.1926670943287941
2044-12-12,0.9255607587042336
2044-12-13,2.4217664022071737
2044-12-14,0.8853388010347046
2044-12-15,3.0171448218754944
2044-12-16,13.473859955183745
2044-12-17,18.448756450102923
2044-12-18,4.099570182492373
2044-12-19,1.872829284949336
2044-12-20,1.3708807631879905
2044-12-21,1.4017355355670214
2044-12-22,1.5099498340457187
2044-12-23,1.748346028277216
2044-12-24,1.7913220280528168
2044-12-25,4.844129015323976
2044-12-26,24.515175441090413
2044-12-27,4.834736426626776
2044-12-28,2.3697873956385704
2044-12-29,6.856520831970107
2044-12-30,15.253580752832589
2044-12-31,2.8165933477726037
2045-01-01,1.760866699397311
2045-01-02,5.446797105571378
2045-01-03,6.034769633034067
2045-01-04,1.7611062208776953
2045-01-05,1.7428105417233917
2045-01-06,1.653777960916988
2045-01-07,1.6721895486029816
2045-01-08,1.6495701268595675
2045-01-09,1.5807233333796884
2045-01-10,1.519163645038943
2045-01-11,1.4317607130662766
2045-01-12,1.349634616078657
2045-01-13,1.3358048471012276
2045-01-14,1.2485474078089709
2045-01-15,1.1299056562802938
2045-01-16,1.1137801684041648
2045-01-17,1.0020544343491449
2045-01-18,0.9429621816271824
2045-01-19,0.8845911018610763
2045-01-20,0.8293040847247728
2045-01-21,0.7783926847575627
2045-01-22,0.7318655601050155
2045-01-23,0.6889197146563242
2045-01-24,0.6510751300399517
2045-01-25,0.6111684636502731
2045-01-26,0.5776079930719782
2045-01-27,0.5553667817766286
2045-01-28,0.5667044754313201
2045-01-29,0.5009231992959495
2045-01-30,0.4831229980497802
2045-01-31,0.46447985866146996
2045-02-01,0.3666543168297853
2045-02-02,0.3529865751937759
2045-02-03,0.3410517755116051
2045-02-04,0.3343825113281957
2045-02-05,0.34957466129856185
2045-02-06,0.6732476416099098
2045-02-07,0.6845924401235476
2045-02-08,0.7676394652161054
2045-02-09,0.8005363633572155
2045-02-10,0.8118000883751616
2045-02-11,1.0218671931767356
2045-02-12,1.0424393088601969
2045-02-13,1.0914688450703147
2045-02-14,1.3092305492593586
2045-02-15,1.7911919179972602
2045-02-16,1.8377588432636265
2045-02-17,1.8769935521540937
2045-02-18,1.506774565966407
2045-02-19,1.2678158000009347
2045-02-20,1.551644060681978
2045-02-21,1.5418369258387803
2045-02-22,1.2259626016190892
2045-02-23,1.210039612835777
2045-02-24,1.1668734362784816
2045-02-25,1.113467302078926
2045-02-26,1.085621874687268
2045-02-27,1.0300310311524796
2045-02-28,1.048335654001081
2045-03-01,1.3752002553498028
2045-03-02,1.3227647507544988
2045-03-03,1.6585015146093187
2045-03-04,2.264617796132558
2045-03-05,3.5577838183040265
2045-03-06,4.083126942530424
2045-03-07,2.122672578825528
2045-03-08,2.712160510457694
2045-03-09,2.636493160434753
2045-03-10,2.7475616779948626
2045-03-11,3.202346231992717
2045-03-12,2.9162890456066366
2045-03-13,2.8808731720692724
2045-03-14,2.1925961707978256
2045-03-15,2.0852524644174086
2045-03-16,2.0949608124175216
2045-03-17,1.981202563251052
2045-03-18,1.896554689590344
2045-03-19,1.825578335332224
2045-03-20,1.7515526382096969
2045-03-21,1.6726976246914242
2045-03-22,1.5915812850929754
2045-03-23,1.4551318255896548
2045-03-24,1.3641305395294685
2045-03-25,1.3219596297361036
2045-03-26,1.228024012701099
2045-03-27,1.2032579479978345
2045-03-28,1.6701118304221931
2045-03-29,2.4810330576600665
2045-03-30,3.8594079759167537
2045-03-31,12.082423041964024
2045-04-01,9.183827074670294
2045-04-02,5.438829424562229
2045-04-03,4.7643964822662666
2045-04-04,2.461976964568564
2045-04-05,2.3670185225786358
2045-04-06,2.3870723101660856
2045-04-07,2.3637384890209066
2045-04-08,2.3986434635834373
2045-04-09,2.6114319784968187
2045-04-10,2.8455205454992334
2045-04-11,3.5155565610285033
2045-04-12,5.6937487746579425
2045-04-13,10.025752501044721
2045-04-14,9.59034330619108
2045-04-15,8.778112918315403
2045-04-16,7.589837950808826
2045-04-17,9.36573708970849
2045-04-18,4.568035243360232
2045-04-19,5.2667149191093285
2045-04-20,3.7613609934317744
2045-04-21,3.9710142506541937
2045-04-22,3.4577991974867217
2045-04-23,3.596284309005548
2045-04-24,3.3308569738345337
2045-04-25,3.506341944356565
2045-04-26,3.729753229224817
2045-04-27,3.80573156858932
2045-04-28,4.306976063188963
2045-04-29,6.0780903456663635
2045-04-30,5.937577486226255
2045-05-01,3.9047885376617177
2045-05-02,3.5196886287390527
2045-05-03,3.5352494039050097
2045-05-04,4.096319086301501
2045-05-05,5.7176195896403055
2045-05-06,4.161176593293451
2045-05-07,4.732166836772387
2045-05-08,7.6902624014886065
2045-05-09,10.989669844349224
2045-05-10,9.744289778211957
2045-05-11,10.887629837691717
2045-05-12,12.394787801077351
2045-05-13,11.209917740296866
2045-05-14,5.021131392813511
2045-05-15,6.146535892591515
2045-05-16,9.377319756372193
2045-05-17,14.034998225814135
2045-05-18,18.433035080804647
2045-05-19,20.99539205470855
2045-05-20,25.704473307875336
2045-05-21,32.093998308338435
2045-05-22,38.662583946497996
2045-05-23,34.13039767772328
2045-05-24,12.923293216792292
2045-05-25,8.30231666079687
2045-05-26,8.264703743998858
2045-05-27,7.874112079098919
2045-05-28,10.119827072491775
2045-05-29,13.397172464239544
2045-05-30,20.93005826586545
2045-05-31,27.015714470568447
2045-06-01,31.740430111069198
2045-06-02,33.16630016952674
2045-06-03,35.68499928635463
2045-06-04,38.33650483988015
2045-06-05,20.95358522561905
2045-06-06,20.95065864941397
2045-06-07,27.682605257981557
2045-06-08,34.941160804818594
2045-06-09,44.67231882856308
2045-06-10,49.693174841093565
2045-06-11,48.20508509091707
2045-06-12,45.541752481166704
2045-06-13,51.91507305996903
2045-06-14,55.26864816493053
2045-06-15,56.63893494274085
2045-06-16,61.422717423563995
2045-06-17,51.27547084992829
2045-06-18,49.25349891717452
2045-06-19,49.1585588107684
2045-06-20,44.851319283301535
2045-06-21,39.96234837729411
2045-06-22,41.399597498515924
2045-06-23,38.96071682924068
2045-06-24,33.188585145073226
2045-06-25,28.36213592411929
2045-06-26,25.28219911384578
2045-06-27,25.40190577733004
2045-06-28,21.218921606956552
2045-06-29,14.979065920763645
2045-06-30,13.318756892500634
2045-07-01,26.30082231674559
2045-07-02,23.511762327960053
2045-07-03,20.48281257257303
2045-07-04,16.513683435891043
2045-07-05,15.546536235307267
2045-07-06,14.133362909132359
2045-07-07,13.274636235172991
2045-07-08,11.169505197825956
2045-07-09,10.697528910735102
2045-07-10,11.24482979030449
2045-07-11,10.211647436752493
2045-07-12,9.89819574539642
2045-07-13,8.395501596309321
2045-07-14,7.92997607628108
2045-07-15,7.651302025521669
2045-07-16,7.336282203543954
2045-07-17,7.0834744830255705
2045-07-18,7.331803537475832
2045-07-19,6.804497186102134
2045-07-20,6.684360250375504
2045-07-21,6.321858095182883
2045-07-22,5.815337535944833
2045-07-23,5.376345888035567
2045-07-24,4.889219987328348
2045-07-25,4.379739442742327
2045-07-26,4.0292847069041695
2045-07-27,3.72686360370804
2045-07-28,4.311996839089108
2045-07-29,4.532893613736452
2045-07-30,4.056716958533266
2045-07-31,4.1532326189996915
2045-08-01,5.128160464717356
2045-08-02,5.002409582671731
2045-08-03,5.202030096356851
2045-08-04,5.0880700528705125
2045-08-05,5.055033038656993
2045-08-06,4.276175140496068
2045-08-07,4.085253793204571
2045-08-08,3.874061487038262
2045-08-09,3.5753066931865365
2045-08-10,3.126886615786272
2045-08-11,2.9645950961093614
2045-08-12,2.5768905438309724
2045-08-13,2.5462679781697664
2045-08-14,2.288162638170576
2045-08-15,1.7422635445163597
2045-08-16,1.3258939311343036
2045-08-17,1.2396079912176892
2045-08-18,1.1785049659219593
2045-08-19,1.2110842699230069
2045-08-20,1.2683514581002977
2045-08-21,1.2765769127696216
2045-08-22,1.1332306173941078
2045-08-23,1.02597684930195
2045-08-24,0.8767948369665197
2045-08-25,0.8026966544096944
2045-08-26,0.8014544512565511
2045-08-27,0.8220822426406171
2045-08-28,0.8169340774661156
2045-08-29,0.7590765780791747
2045-08-30,0.6617872662071499
2045-08-31,0.6162096443449395
2045-09-01,0.2614547065380388
2045-09-02,0.2635025155852948
2045-09-03,0.2415890989898441
2045-09-04,0.2283993789999604
2045-09-05,0.2234566868272583
2045-09-06,0.2124204384104735
2045-09-07,0.20576053558488733
2045-09-08,0.1943420275150664
2045-09-09,0.1821529040017432
2045-09-10,0.1680716079119981
2045-09-11,0.16076013491774652
2045-09-12,0.15201066306209388
2045-09-13,0.1435700831572901
2045-09-14,0.13622301507410667
2045-09-15,0.12971631083247218
2045-09-16,0.1239789779342764
2045-09-17,0.11934522039760707
2045-09-18,0.22932200925255744
2045-09-19,0.2430277118993215
2045-09-20,1.1437837157545458
2045-09-21,2.588511727482025
2045-09-22,1.0163459927394636
2045-09-23,0.9355882332321936
2045-09-24,0.5940330091905776
2045-09-25,0.2882029687335671
2045-09-26,0.1946794720129039
2045-09-27,0.1389919603539678
2045-09-28,0.1359255632563071
2045-09-29,0.1323868359477508
2045-09-30,0.1254244840386892
2045-10-01,0.19918133816221295
2045-10-02,0.19248765578781987
2045-10-03,0.1837099409516931
2045-10-04,0.17426568705022627
2045-10-05,0.16516833504406128
2045-10-06,0.15707622198179694
2045-10-07,0.15033287927849012
2045-10-08,0.14456332909639988
2045-10-09,0.139158244437232
2045-10-10,0.134262342395244
2045-10-11,0.12985550530612072
2045-10-12,0.12554137823068082
2045-10-13,0.12141176413512356
2045-10-14,0.11765068888763144
2045-10-15,0.11502262876581015
2045-10-16,0.11840385261126153
2045-10-17,0.123874881073719
2045-10-18,0.15909248785046748
2045-10-19,0.2035543169652944
2045-10-20,0.12536739641536046
2045-10-21,0.10826553630534508
2045-10-22,0.8276358250341699
2045-10-23,4.701301153511423
2045-10-24,7.2984357507526685
2045-10-25,0.5990861729487316
2045-10-26,1.2079503057326921
2045-10-27,2.1056572667175693
2045-10-28,0.5378865227184554
2045-10-29,0.19987364869979096
2045-10-30,0.20565222949218587
2045-10-31,0.3074860459098193
2045-11-01,0.3094289848588625
2045-11-02,0.3352909577976012
2045-11-03,0.3383623146307295
2045-11-04,0.6480739784609068
2045-11-05,0.7994881859879283
2045-11-06,0.7253153408117479
2045-11-07,0.4657848675805553
2045-11-08,0.3864822829573072
2045-11-09,0.1885710196040544
2045-11-10,0.15828383269110094
2045-11-11,0.2302406336022949
2045-11-12,0.40950181286948
2045-11-13,0.5029181305147241
2045-11-14,0.5190983053033594
2045-11-15,0.4078777311297772
2045-11-16,0.28352260811808405
2045-11-17,0.1839129671825053
2045-11-18,0.5472726325918944
2045-11-19,0.20706993062581047
2045-11-20,0.5862035922619695
2045-11-21,3.19129397343274
2045-11-22,8.297708396437628
2045-11-23,8.795722010945934
2045-11-24,1.6217741252742193
2045-11-25,1.3799399627982445
2045-11-26,7.364465238081117
2045-11-27,5.010652213380663
2045-11-28,1.465522393852587
2045-11-29,0.2408164801007296
2045-11-30,0.28893361518387217
2045-12-01,0.33197702128416057
2045-12-02,0.5914544137746823
2045-12-03,0.5062122256122182
2045-12-04,0.4732730738999748
2045-12-05,0.6172502391667783
2045-12-06,1.3164992670951852
2045-12-07,3.3982278348860677
2045-12-08,5.668093163858383
2045-12-09,4.261423399287216
2045-12-10,3.5315971379018154
2045-12-11,3.2688961802844827
2045-12-12,2.8241767603275845
2045-12-13,2.796798014923464
2045-12-14,3.980809012146135
2045-12-15,6.140767858168553
2045-12-16,3.731801324668123
2045-12-17,3.1761976168908377
2045-12-18,3.810156817704125
2045-12-19,3.2040394978067317
2045-12-20,2.9695778200446425
2045-12-21,2.896324842197365
2045-12-22,2.8124535217592186
2045-12-23,2.71464889573178
2045-12-24,2.5888594223559256
2045-12-25,2.4414459352476356
2045-12-26,2.2714931263623552
2045-12-27,2.1231354900898256
2045-12-28,1.9942881487719242
2045-12-29,1.881598629312948
2045-12-30,1.7616331298264862
2045-12-31,1.6508556502389649
2046-01-01,0.9761389471481788
2046-01-02,0.94353372841659
2046-01-03,0.8882536285692865
2046-01-04,0.886866637662553
2046-01-05,0.8747343222272784
2046-01-06,0.7848115961733609
2046-01-07,0.7506112662367207
2046-01-08,0.9608831971559424
2046-01-09,1.1942024707606724
2046-01-10,0.8356445502988986
2046-01-11,0.8636639909518585
2046-01-12,0.8590581182994143
2046-01-13,0.917501543503318
2046-01-14,0.8823872043084902
2046-01-15,0.8291175548450163
2046-01-16,0.7985531001467685
2046-01-17,0.7691872324965796
2046-01-18,0.7374462106300482
2046-01-19,0.7022627442655739
2046-01-20,0.6729849724386834
2046-01-21,0.640364379664395
2046-01-22,0.6114222475837431
2046-01-23,0.5847280309627328
2046-01-24,0.5597114197253427
2046-01-25,0.5731116253192858
2046-01-26,0.8594728581689554
2046-01-27,0.6140696442063425
2046-01-28,0.6048733770312748
2046-01-29,0.5938368969369603
2046-01-30,0.5744774686851547
2046-01-31,0.5529908085454213
2046-02-01,0.4379336863986862
2046-02-02,0.42247291148218413
2046-02-03,0.4227731746891077
2046-02-04,0.43650609294628456
2046-02-05,0.4653462966011143
2046-02-06,0.5132498916417945
2046-02-07,0.5669238588181198
2046-02-08,0.6279174458601049
2046-02-09,0.6936916075683021
2046-02-10,0.7609889456952511
2046-02-11,0.8493095128966018
2046-02-12,0.8820063565462685
2046-02-13,0.9871745804025148
2046-02-14,0.8461982825479937
2046-02-15,0.9302739003621736
2046-02-16,0.9905503579952054
2046-02-17,1.1211527866691493
2046-02-18,1.432147326100301
2046-02-19,1.5817005905915058
2046-02-20,1.8952052689738748
2046-02-21,1.8775380123533176
2046-02-22,1.513980752418645
2046-02-23,1.5153033737728654
2046-02-24,1.4265970056995014
2046-02-25,2.0195560647513706
2046-02-26,3.447156712615701
2046-02-27,2.8927406723394125
2046-02-28,3.3359167142605406
2046-03-01,5.436843112926898
2046-03-02,8.949974934102194
2046-03-03,13.921475660168722
2046-03-04,5.077666501917679
2046-03-05,3.983352787076568
2046-03-06,2.85343339505142
2046-03-07,3.1901567110803937
2046-03-08,4.199609300653506
2046-03-09,4.858815307926272
2046-03-10,3.4141592904511597
2046-03-11,3.8109325808942898
2046-03-12,3.011179394870948
2046-03-13,3.88519202794392
2046-03-14,3.843153902605171
2046-03-15,4.405143674208984
2046-03-16,5.3164558292187225
2046-03-17,6.118834576850993
2046-03-18,5.321385204929122
2046-03-19,6.515352654330868
2046-03-20,7.351105869045088
2046-03-21,9.170424135115548
2046-03-22,10.942103917014425
2046-03-23,10.576689677788004
2046-03-24,12.72316057357199
2046-03-25,15.703447342324464
2046-03-26,13.884578192551016
2046-03-27,16.13408402683253
2046-03-28,22.41098532859216
2046-03-29,18.282568665809173
2046-03-30,7.028890539232241
2046-03-31,8.614710043906133
2046-04-01,9.168692983811626
2046-04-02,10.025477272048034
2046-04-03,10.385241568814651
2046-04-04,7.231501319796282
2046-04-05,5.913824199407749
2046-04-06,5.7384988340961804
2046-04-07,5.66980499476972
2046-04-08,5.676473055048432
2046-04-09,5.766173693369493
2046-04-10,5.6476670233503175
2046-04-11,5.3139815210312245
2046-04-12,4.953548305842316
2046-04-13,4.665445594853043
2046-04-14,4.471998747755444
2046-04-15,4.618379965840774
2046-04-16,4.165790871192511
2046-04-17,4.045707537681957
2046-04-18,5.199699867668036
2046-04-19,6.17758958755762
2046-04-20,9.218383953295852
2046-04-21,9.120818122074112
2046-04-22,11.53233101116083
2046-04-23,15.292920405474172
2046-04-24,22.805161906946143
2046-04-25,34.261162310193555
2046-04-26,41.397563345457094
2046-04-27,32.39502928378782
2046-04-28,38.328702282950395
2046-04-29,41.2341784408506
2046-04-30,30.404576446022826
2046-05-01,26.56343555116652
2046-05-02,13.548903384218084
2046-05-03,19.398913534127868
2046-05-04,23.577281823882732
2046-05-05,30.748473614037053
2046-05-06,31.57326697858243
2046-05-07,33.078006683929985
2046-05-08,30.40157067210421
2046-05-09,16.474006980634925
2046-05-10,9.633347469456796
2046-05-11,10.009319038628918
2046-05-12,8.385560211123163
2046-05-13,8.180674409243059
2046-05-14,8.177868252856245
2046-05-15,8.726591866500318
2046-05-16,8.344209850290483
2046-05-17,7.596461989523093
2046-05-18,7.43989396855989
2046-05-19,7.210970223810499
2046-05-20,7.118188917076403
2046-05-21,6.4040785913246285
2046-05-22,6.165225336441045
2046-05-23,5.908086175145191
2046-05-24,6.014770582812044
2046-05-25,6.356889160344995
2046-05-26,5.963136261137056
2046-05-27,5.5017185123528245
2046-05-28,6.07347051258556
2046-05-29,7.165952276326497
2046-05-30,7.7877158393398345
2046-05-31,10.28861132852785
2046-06-01,11.331098166321935
2046-06-02,8.863185588030605
2046-06-03,6.616399465507853
2046-06-04,6.473722875461863
2046-06-05,6.37575541403354
2046-06-06,7.14957863991044
2046-06-07,7.964772189559338
2046-06-08,6.7813630660580895
2046-06-09,7.1175610040659905
2046-06-10,8.904808110104497
2046-06-11,13.020276295580715
2046-06-12,9.445721644275293
2046-06-13,9.675400429119401
2046-06-14,14.149819384023314
2046-06-15,16.01305900108082
2046-06-16,16.5610876463843
2046-06-17,17.577535348355415
2046-06-18,19.313854747773785
2046-06-19,15.297873041436509
2046-06-20,12.569447281176606
2046-06-21,12.754630403476991
2046-06-22,12.012168962014995
2046-06-23,12.58488268700956
2046-06-24,15.806921927020245
2046-06-25,18.428127909641628
2046-06-26,18.70841056795929
2046-06-27,19.822566221454327
2046-06-28,18.35495086395828
2046-06-29,14.905250147161356
2046-06-30,12.890747566197591
2046-07-01,25.288899538615464
2046-07-02,25.593399537384556
2046-07-03,20.11944169080196
2046-07-04,17.08330692466204
2046-07-05,14.153066476640609
2046-07-06,12.218826680174566
2046-07-07,9.493914889093766
2046-07-08,8.233057626069487
2046-07-09,7.560550264496351
2046-07-10,6.495784611808079
2046-07-11,6.53132460184788
2046-07-12,6.283974666649322
2046-07-13,6.174322174140704
2046-07-14,6.035994527963102
2046-07-15,5.261251703642663
2046-07-16,4.764662625701342
2046-07-17,4.240095675558705
2046-07-18,3.6918209008651135
2046-07-19,3.537889280427716
2046-07-20,3.420856465033533
2046-07-21,3.2037740410792868
2046-07-22,2.5869907655373
2046-07-23,2.4371282203866746
2046-07-24,2.19789988562082
2046-07-25,2.127714291066355
2046-07-26,2.1285952216576014
2046-07-27,1.9964744674749184
2046-07-28,1.8141562793886967
2046-07-29,1.6173728533906824
2046-07-30,1.4502329965675902
2046-07-31,1.4435344348980506
2046-08-01,1.6503647398286776
2046-08-02,1.4510643199985118
2046-08-03,1.3845213969662162
2046-08-04,1.4461080257177452
2046-08-05,1.414988451241779
2046-08-06,1.3396807163697926
2046-08-07,1.1811125541743108
2046-08-08,1.087510573255429
2046-08-09,0.943879288244184
2046-08-10,0.9042596644876302
2046-08-11,0.6164658249656193
2046-08-12,0.5236139350301244
2046-08-13,0.485127657843678
2046-08-14,0.4553281585203368
2046-08-15,0.428346395361119
2046-08-16,0.393656629759472
2046-08-17,0.35405877411169084
2046-08-18,0.3190826364936892
2046-08-19,0.2890756788792743
2046-08-20,0.30216463819172873
2046-08-21,0.4985824401979888
2046-08-22,0.620219670148248
2046-08-23,0.6123521790782364
2046-08-24,0.3857022681507231
2046-08-25,0.45679732609733203
2046-08-26,0.23234347715528106
2046-08-27,0.2094862395535298
2046-08-28,0.2015856114540172
2046-08-29,0.4466788182105722
2046-08-30,0.4786629833977529
2046-08-31,0.468248596431305
2046-09-01,0.09852217330006803
2046-09-02,0.08643622991978765
2046-09-03,0.08287021709685427
2046-09-04,0.08021326827742638
2046-09-05,0.7533391952773242
2046-09-06,0.3820566333524633
2046-09-07,0.07784397976994292
2046-09-08,0.07655082740035361
2046-09-09,0.07467304926351861
2046-09-10,0.07262542103924005
2046-09-11,0.07057334241523952
2046-09-12,0.06872604803259376
2046-09-13,0.0671885069246564
2046-09-14,0.0660218881489859
2046-09-15,0.06512085053998085
2046-09-16,0.08837592597598781
2046-09-17,0.11091832862509067
2046-09-18,0.1042763333238216
2046-09-19,0.11921460909365865
2046-09-20,0.13777113789844184
2046-09-21,0.18865868351947926
2046-09-22,0.15643488430889424
2046-09-23,0.06466442976661108
2046-09-24,0.06254537514307575
2046-09-25,0.06200374707902185
2046-09-26,0.06141180587654541
2046-09-27,0.06082485910496529
2046-09-28,0.06021850117231325
2046-09-29,0.05961994384368545
2046-09-30,0.059054886539960265
2046-10-01,0.09816139663812634
2046-10-02,0.09743684227346794
2046-10-03,0.09687336351307634
2046-10-04,0.0963669844288558
2046-10-05,0.09585820212240846
2046-10-06,0.09536224636648426
2046-10-07,0.09487800465798904
2046-10-08,0.09441973184480466
2046-10-09,0.09402403400786592
2046-10-10,0.0937250511905258
2046-10-11,0.6900481132216413
2046-10-12,1.6287429352347476
2046-10-13,1.4544600783953965
2046-10-14,0.4940264393040574
2046-10-15,0.18001629636693092
2046-10-16,0.2433055550322424
2046-10-17,0.5253799403525411
2046-10-18,0.9920914898563152
2046-10-19,0.20442444407150487
2046-10-20,0.15263055692254973
2046-10-21,0.2417586602183943
2046-10-22,0.6638516280532426
2046-10-23,0.7015242764473131
2046-10-24,1.0028613077998618
2046-10-25,0.9454304265558108
2046-10-26,0.2797682331709895
2046-10-27,0.12210839239160334
2046-10-28,0.20259788126900166
2046-10-29,0.4901769945455925
2046-10-30,0.6330026589968074
2046-10-31,0.6239455304956374
2046-11-01,0.2505046424538309
2046-11-02,0.18819465620956072
2046-11-03,0.19406425348748935
2046-11-04,0.20653392923838232
2046-11-05,0.21604304040837324
2046-11-06,0.07814157760499398
2046-11-07,0.06942412411406305
2046-11-08,0.0736393292011653
2046-11-09,0.07345324231858265
2046-11-10,0.07681743205604957
2046-11-11,0.1370064919576962
2046-11-12,0.11671608747448685
2046-11-13,0.09781062725393999
2046-11-14,0.08590662674811256
2046-11-15,0.0788294254358692
2046-11-16,0.0763923601639203
2046-11-17,0.6845137926093634
2046-11-18,0.14732870615566504
2046-11-19,0.07173615425931007
2046-11-20,0.07183625041663301
2046-11-21,0.07756470158890125
2046-11-22,0.08814562310066745
2046-11-23,0.08752948099485669
2046-11-24,0.20915471409750694
2046-11-25,0.09447149554143784
2046-11-26,0.101923908387732
2046-11-27,0.0787703976823084
2046-11-28,0.08889177145155927
2046-11-29,0.08868657413775513
2046-11-30,0.0966654588136568
2046-12-01,0.13196075072089392
2046-12-02,0.20469784623932824
2046-12-03,0.8744383718754337
2046-12-04,0.3279803833102421
2046-12-05,0.09367331959085327
2046-12-06,0.13848981730580304
2046-12-07,0.26172654690097696
2046-12-08,0.19942705708434172
2046-12-09,0.1897582275096457
2046-12-10,0.2659396118853534
2046-12-11,0.25395843046846384
2046-12-12,0.15062231726473246
2046-12-13,0.11488057031845728
2046-12-14,0.2197750983041722
2046-12-15,1.3109792180421629
2046-12-16,1.2745867415713659
2046-12-17,0.2843312435222642
2046-12-18,0.0943782500911372
2046-12-19,0.08833706241842103
2046-12-20,0.08714112256937807
2046-12-21,0.08579301582840207
2046-12-22,0.0850792176982848
2046-12-23,0.09920153849486256
2046-12-24,0.2192180064895956
2046-12-25,0.6290619286871201
2046-12-26,0.7409344219866021
2046-12-27,0.7318723406989307
2046-12-28,0.8858850465756124
2046-12-29,0.3765868733176906
2046-12-30,0.3855138902029032
2046-12-31,0.3888211584458517
2047-01-01,0.3115423318428084
2047-01-02,0.4885969602475812
2047-01-03,0.5107703080017288
2047-01-04,1.3159105318433808
2047-01-05,1.1062458562196305
2047-01-06,0.7316633272122322
2047-01-07,0.5846308287840973
2047-01-08,0.5090609904055745
2047-01-09,0.6293567306333261
2047-01-10,0.7842495220341863
2047-01-11,0.6595628337962851
2047-01-12,0.7389387504312972
2047-01-13,0.6197085534655198
2047-01-14,0.4799073815008073
2047-01-15,0.3952001543317129
2047-01-16,1.068681062474479
2047-01-17,1.7438390869129083
2047-01-18,1.645622349046684
2047-01-19,2.1355867107782696
2047-01-20,11.97977910807318
2047-01-21,5.777349923279664
2047-01-22,1.8471651030606295
2047-01-23,1.2500038528198387
2047-01-24,1.6531813130566322
2047-01-25,1.2331762146130492
2047-01-26,1.267335780042099
2047-01-27,1.4651194727640355
2047-01-28,2.7869820274989765
2047-01-29,5.8756128030751515
2047-01-30,2.911173408182256
2047-01-31,2.0853997522990815
2047-02-01,3.2124445863555424
2047-02-02,3.2638945001076665
2047-02-03,1.3295012995389717
2047-02-04,1.2416800233007326
2047-02-05,1.2999694048290662
2047-02-06,1.2563641006666622
2047-02-07,2.0085203220151016
2047-02-08,8.51241370539762
2047-02-09,5.7341166099587175
2047-02-10,1.7053569722223794
2047-02-11,1.3764943176956843
2047-02-12,1.3503381972567696
2047-02-13,1.341466052482691
2047-02-14,1.3416163313055554
2047-02-15,1.3633906899442754
2047-02-16,1.296002713749143
2047-02-17,1.247688232364978
2047-02-18,1.9678097788475355
2047-02-19,2.3833819520556365
2047-02-20,2.5900779437739017
2047-02-21,2.6813215110525896
2047-02-22,2.359156847052096
2047-02-23,2.495561739292281
2047-02-24,2.592569249979509
2047-02-25,2.158201932875952
2047-02-26,2.362149161404799
2047-02-27,2.3202250638251734
2047-02-28,2.5454389481250144
2047-03-01,3.4686296497600217
2047-03-02,2.7429549459338745
2047-03-03,2.543928582641328
2047-03-04,2.4726580951798605
2047-03-05,2.112162053425695
2047-03-06,2.0917932441503013
2047-03-07,2.2834161419167494
2047-03-08,2.0779147280487487
2047-03-09,2.149553323401676
2047-03-10,2.239640231186601
2047-03-11,2.5497253903396637
2047-03-12,2.6513361880104385
2047-03-13,3.287533460639961
2047-03-14,3.8596023647600686
2047-03-15,2.2913771879202653
2047-03-16,2.0887970930881368
2047-03-17,2.1346246801033373
2047-03-18,2.063847173687652
2047-03-19,2.1736488835521595
2047-03-20,2.0254105830737466
2047-03-21,2.286184375042583
2047-03-22,2.49825378493658
2047-03-23,2.724768312693457
2047-03-24,3.2158092517535413
2047-03-25,3.0444214154510765
2047-03-26,2.68128023138115
2047-03-27,3.165107922687263
2047-03-28,4.7785064527533665
2047-03-29,5.027254802392171
2047-03-30,7.500859590421486
2047-03-31,16.261704582174808
2047-04-01,11.507182524523785
2047-04-02,11.445293207639375
2047-04-03,9.309625338752989
2047-04-04,5.443375379448413
2047-04-05,5.764536300743128
2047-04-06,3.0138608152190183
2047-04-07,2.9598869872112887
2047-04-08,2.976948721193884
2047-04-09,3.8242482592567097
2047-04-10,4.378391443850299
2047-04-11,9.783297093490011
2047-04-12,12.465326362049394
2047-04-13,10.173204185997974
2047-04-14,4.23065511319852
2047-04-15,4.652350191257164
2047-04-16,7.2627219658584945
2047-04-17,8.707797047039097
2047-04-18,10.955785748128648
2047-04-19,12.588318610766265
2047-04-20,5.562777520730947
2047-04-21,4.734325273848528
2047-04-22,4.052207143314257
2047-04-23,4.488466796718787
2047-04-24,4.402618430203575
2047-04-25,4.597493760695802
2047-04-26,3.974282890060196
2047-04-27,4.365778442790663
2047-04-28,4.182653180988902
2047-04-29,3.7980232962808813
2047-04-30,3.9486913274717135
2047-05-01,4.712368458659783
2047-05-02,5.028721856369924
2047-05-03,5.3055558751594365
2047-05-04,3.8801794916981267
2047-05-05,4.063480851939087
2047-05-06,5.969480468473605
2047-05-07,7.792807389026352
2047-05-08,9.498525089308878
2047-05-09,14.601892363029506
2047-05-10,19.827128006580555
2047-05-11,25.61203337718649
2047-05-12,20.270199903153525
2047-05-13,22.98391963000681
2047-05-14,25.212182928891323
2047-05-15,31.42721433863964
2047-05-16,40.93728313309926
2047-05-17,38.64865584964428
2047-05-18,39.4770226540163
2047-05-19,38.52798697755545
2047-05-20,37.14772880024808
2047-05-21,31.800286795180178
2047-05-22,39.55317422867827
2047-05-23,22.134915322270583
2047-05-24,22.824973266930147
2047-05-25,26.815258929240443
2047-05-26,27.371452169873038
2047-05-27,26.196826975255238
2047-05-28,32.90057526790156
2047-05-29,45.28733685185108
2047-05-30,39.51989007737853
2047-05-31,38.941135998295714
2047-06-01,48.06785440743754
2047-06-02,53.46259601879129
2047-06-03,50.754635932836464
2047-06-04,42.063326220474245
2047-06-05,30.074284936770848
2047-06-06,34.36780596884767
2047-06-07,28.695414432465164
2047-06-08,32.948808499893
2047-06-09,30.009386234045035
2047-06-10,26.45068788328637
2047-06-11,13.052710826827836
2047-06-12,13.656231277634244
2047-06-13,21.69906662075988
2047-06-14,25.545380028333984
2047-06-15,23.53585832278211
2047-06-16,21.977933728092538
2047-06-17,20.473245577200846
2047-06-18,19.2548794869254
2047-06-19,8.781231110422178
2047-06-20,9.988833064560538
2047-06-21,13.618974019902165
2047-06-22,16.434608690011533
2047-06-23,17.69320246920146
2047-06-24,16.72983115132703
2047-06-25,18.170152700744943
2047-06-26,19.116849080242194
2047-06-27,18.31611919056733
2047-06-28,17.86379856441921
2047-06-29,17.772368653159408
2047-06-30,16.048728653346288
2047-07-01,31.50566666208743
2047-07-02,29.841081871886555
2047-07-03,28.162284018577115
2047-07-04,26.34033366591549
2047-07-05,21.08331373208432
2047-07-06,18.477782623060413
2047-07-07,17.442012845112277
2047-07-08,16.69170122115443
2047-07-09,12.072273588378177
2047-07-10,11.600238618596105
2047-07-11,12.022277570624995
2047-07-12,11.876041466439409
2047-07-13,10.943412241759114
2047-07-14,9.788477721695283
2047-07-15,8.884104942980073
2047-07-16,8.634794068492134
2047-07-17,8.529363542395357
2047-07-18,8.226582063810751
2047-07-19,6.574023505897308
2047-07-20,6.494890663292336
2047-07-21,7.167912957926965
2047-07-22,6.830755757774504
2047-07-23,5.68272917718607
2047-07-24,4.690962433719839
2047-07-25,4.958010727354167
2047-07-26,4.59273464487028
2047-07-27,4.562780870837333
2047-07-28,4.39334210265303
2047-07-29,4.3464292047451645
2047-07-30,3.9913512338219146
2047-07-31,4.0862734765207716
2047-08-01,4.6960472118792955
2047-08-02,4.406813376883497
2047-08-03,4.3652785083057655
2047-08-04,4.155295331602108
2047-08-05,4.154414763007864
2047-08-06,3.631418818884225
2047-08-07,3.4971290250482587
2047-08-08,3.2745341690186724
2047-08-09,3.4644106642875614
2047-08-10,3.280398962055433
2047-08-11,2.817782825069898
2047-08-12,2.327024150118881
2047-08-13,2.053504082405546
2047-08-14,1.9595044785452136
2047-08-15,1.7961408811115886
2047-08-16,1.7173524577458217
2047-08-17,1.8985568123559657
2047-08-18,1.9678777108431118
2047-08-19,1.9603143390505906
2047-08-20,1.693395788151724
2047-08-21,1.5005896156675533
2047-08-22,1.3848004020015936
2047-08-23,1.2697491199845456
2047-08-24,1.4139995273534105
2047-08-25,1.6107680256862151
2047-08-26,1.3132209310204666
2047-08-27,1.1291841862589895
2047-08-28,1.1473539437454712
2047-08-29,1.0961895348619315
2047-08-30,0.9676831538799188
2047-08-31,0.921715480405558
2047-09-01,0.4676409857472094
2047-09-02,0.4817055520657175
2047-09-03,0.4177131168312824
2047-09-04,0.3572509607073306
2047-09-05,0.3271038563876137
2047-09-06,0.3097799614578985
2047-09-07,0.3083277752180335
2047-09-08,0.31964878412258924
2047-09-09,0.3251138647187008
2047-09-10,0.3166463751350201
2047-09-11,0.3008391564530319
2047-09-12,0.2898847757317807
2047-09-13,0.3127614239834692
2047-09-14,0.2856543122830717
2047-09-15,0.2869365761426658
2047-09-16,0.2717671426660873
2047-09-17,0.20821712659834551
2047-09-18,0.18050847324111305
2047-09-19,0.17347073063567645
2047-09-20,0.1671517957163498
2047-09-21,0.1607963043911282
2047-09-22,0.15354131300177187
2047-09-23,0.1422448010209774
2047-09-24,0.14798906023187322
2047-09-25,0.1648900264612153
2047-09-26,0.24040696456963695
2047-09-27,0.11142033400604076
2047-09-28,0.10448884498801422
2047-09-29,0.09819482407232226
2047-09-30,0.09262589948529723
2047-10-01,0.14744300475932468
2047-10-02,0.140985147274471
2047-10-03,0.15543080878478632
2047-10-04,0.13263545560784054
2047-10-05,0.12902721007037962
2047-10-06,0.12556003979352615
2047-10-07,0.1221865577080226
2047-10-08,0.11909518215789487
2047-10-09,0.11777683953716382
2047-10-10,0.16449040925740369
2047-10-11,0.21102940271822804
2047-10-12,0.11269398465843465
2047-10-13,0.17120062900219507
2047-10-14,0.3316906663390463
2047-10-15,0.3089147897749352
2047-10-16,0.2371160965796689
2047-10-17,0.20402045044678252
2047-10-18,0.22565908226909664
2047-10-19,0.24688247822579146
2047-10-20,0.2110197111954866
2047-10-21,0.1482003693611856
2047-10-22,0.12440538400494472
2047-10-23,0.10905252721046324
2047-10-24,0.10966896445403608
2047-10-25,0.1094067103230478
2047-10-26,0.10887153276443473
2047-10-27,0.10855781353194048
2047-10-28,0.10838508604408137
2047-10-29,0.10808694409297104
2047-10-30,0.10758008333308697
2047-10-31,0.10679386758575184
2047-11-01,0.07100218867350784
2047-11-02,0.1238928486875876
2047-11-03,0.07430211291347938
2047-11-04,0.07015026887366832
2047-11-05,0.06993357632665155
2047-11-06,0.06972059696815204
2047-11-07,0.06950648776413415
2047-11-08,0.07191518198421235
2047-11-09,0.06922808398047851
2047-11-10,0.06874170912429095
2047-11-11,0.0685210113625747
2047-11-12,0.0682968752804533
2047-11-13,0.06808377341290392
2047-11-14,0.06788370653529822
2047-11-15,0.06768517917838429
2047-11-16,0.06748961535325187
2047-11-17,0.06729911645295393
2047-11-18,0.06710166640123609
2047-11-19,0.06685975407702133
2047-11-20,0.06662522448432318
2047-11-21,0.06644893078936208
2047-11-22,0.06628307933860844
2047-11-23,0.06612335882615399
2047-11-24,0.184801885850552
2047-11-25,0.25254993069678555
2047-11-26,0.1434642696123005
2047-11-27,0.06850273317938728
2047-11-28,0.07873426551861687
2047-11-29,0.0816969394050068
2047-11-30,0.09917568260566706
2047-12-01,0.09621749597485192
2047-12-02,0.105279502111952
2047-12-03,0.13093727226701185
2047-12-04,0.3144020374730566
2047-12-05,0.09695992197788468
2047-12-06,0.07531907478030038
2047-12-07,0.09410014779352703
2047-12-08,0.0956497201060496
2047-12-09,0.11943582816010953
2047-12-10,0.08744293299956574
2047-12-11,0.1514616738023307
2047-12-12,0.3676547677116548
2047-12-13,0.2655707470196348
2047-12-14,0.10233393473509142
2047-12-15,0.06984916342254603
2047-12-16,0.13190491129641094
2047-12-17,0.2555526466873492
2047-12-18,0.4452835323261728
2047-12-19,0.5778740117375954
2047-12-20,0.21627879648675896
2047-12-21,0.3091339980812716
2047-12-22,0.7490326919334451
2047-12-23,0.6694353252235677
2047-12-24,0.21588918315293806
2047-12-25,0.15149104223149612
2047-12-26,0.10875875246211028
2047-12-27,0.1538353780920674
2047-12-28,0.2770694123187194
2047-12-29,0.09885782444823647
2047-12-30,0.0784490465579937
2047-12-31,0.08641495471580123
2048-01-01,0.0967198051422066
2048-01-02,0.050226738710605866
2048-01-03,0.08920313705236292
2048-01-04,0.0914892903688827
2048-01-05,0.0717825667533604
2048-01-06,0.0495855340329937
2048-01-07,0.04861900307070142
2048-01-08,0.06789449846553917
2048-01-09,0.1787170938286032
2048-01-10,0.2257451516723244
2048-01-11,0.05329400188583261
2048-01-12,0.08652218062019472
2048-01-13,0.102370327269495
2048-01-14,0.08014182627541007
2048-01-15,0.2619075729155922
2048-01-16,0.07220094024364622
2048-01-17,0.0539216823940287
2048-01-18,0.06064418898476516
2048-01-19,0.06429754829254199
2048-01-20,0.04873948878638271
2048-01-21,0.04926446743180035
2048-01-22,0.049780326853096704
2048-01-23,0.050296042949778984
2048-01-24,0.05278176889958007
2048-01-25,0.05977590298585784
2048-01-26,0.06424896443065843
2048-01-27,0.12903998917890128
2048-01-28,0.15047901301024313
2048-01-29,0.2041053824466556
2048-01-30,0.15461774102294354
2048-01-31,0.17805686547793134
2048-02-01,1.14695432164169
2048-02-02,5.848955684717621
2048-02-03,0.8517264306816825
2048-02-04,0.4727431977654761
2048-02-05,0.5059062524420921
2048-02-06,0.5536972035206128
2048-02-07,0.5070567019187266
2048-02-08,0.4780026001645643
2048-02-09,1.7675227991108995
2048-02-10,4.680224275121718
2048-02-11,2.45380177815999
2048-02-12,0.9321909752007908
2048-02-13,2.260513228083947
2048-02-14,5.915391836305941
2048-02-15,3.453443061754176
2048-02-16,5.8604115909741745
2048-02-17,1.908075836235499
2048-02-18,1.1762156262438894
2048-02-19,1.3463124022780273
2048-02-20,1.4836723004016346
2048-02-21,1.4490953183283697
2048-02-22,1.2202439488716386
2048-02-23,1.2212147591317066
2048-02-24,1.1793677594432717
2048-02-25,1.2204610183544948
2048-02-26,1.1035669512247372
2048-02-27,1.1030725998945503
2048-02-28,0.9704609133721116
2048-02-29,0.9223727573100009
2048-03-01,1.1470978053390268
2048-03-02,1.105242627945059
2048-03-03,1.0473075791859772
2048-03-04,0.9752792509449908
2048-03-05,0.9123847779004216
2048-03-06,0.8641760737335581
2048-03-07,0.8629469126246183
2048-03-08,0.9984667871091888
2048-03-09,1.4582128726743524
2048-03-10,1.7555786380206957
2048-03-11,2.0694104289800843
2048-03-12,2.4908273302286275
2048-03-13,3.4332546017052543
2048-03-14,2.6239195808722995
2048-03-15,2.1867384685701223
2048-03-16,1.7384987645580905
2048-03-17,1.808712357928808
2048-03-18,1.8142900097872756
2048-03-19,1.6369360971359328
2048-03-20,1.8129035369982476
2048-03-21,2.7847136784102915
2048-03-22,4.5057919042559815
2048-03-23,5.944190378781284
2048-03-24,7.358570290812874
2048-03-25,8.17426285528485
2048-03-26,7.504038386505046
2048-03-27,4.317296596028776
2048-03-28,6.970712715568218
2048-03-29,10.05595912057061
2048-03-30,13.787545814353125
2048-03-31,13.152493136221116
2048-04-01,7.549579297376129
2048-04-02,3.4375806578587635
2048-04-03,3.286068322872856
2048-04-04,4.310892745336285
2048-04-05,5.058496624125452
2048-04-06,5.270143754422789
2048-04-07,4.521917941763835
2048-04-08,4.674212607646162
2048-04-09,6.171716315372093
2048-04-10,4.199622488523294
2048-04-11,4.190889327232886
2048-04-12,3.9147509861596315
2048-04-13,3.9186011671888683
2048-04-14,5.194591669692102
2048-04-15,9.085284476072294
2048-04-16,13.97804687699691
2048-04-17,12.673982928770494
2048-04-18,5.971889743691548
2048-04-19,7.072552363044692
2048-04-20,6.133851416267024
2048-04-21,6.466391114446907
2048-04-22,7.9374871580571105
2048-04-23,10.737143688049343
2048-04-24,8.794280784936557
2048-04-25,6.181403034053056
2048-04-26,6.264241065659063
2048-04-27,6.424369107799328
2048-04-28,6.022234574946616
2048-04-29,5.589062571354544
2048-04-30,5.365053262813028
2048-05-01,5.111108838663288
2048-05-02,5.955097038695898
2048-05-03,7.377610251208223
2048-05-04,6.566171862470441
2048-05-05,5.7670620836890905
2048-05-06,5.385439813291441
2048-05-07,5.45269632298181
2048-05-08,5.260197922743367
2048-05-09,5.424632891163063
2048-05-10,6.212541468724999
2048-05-11,8.19125758725344
2048-05-12,11.666322769795576
2048-05-13,14.761051776753266
2048-05-14,16.518800008669473
2048-05-15,17.35786734924358
2048-05-16,24.974802253746663
2048-05-17,28.09811248509145
2048-05-18,32.57370033340692
2048-05-19,29.63700018178341
2048-05-20,11.910182649653981
2048-05-21,12.387026207423029
2048-05-22,20.18247808580061
2048-05-23,19.70984589771893
2048-05-24,19.394213189953998
2048-05-25,16.70370836425629
2048-05-26,14.920080038385608
2048-05-27,19.31039783114417
2048-05-28,20.38971592682108
2048-05-29,27.286305668276547
2048-05-30,20.900565378522888
2048-05-31,19.99228624177752
2048-06-01,21.398541664098815
2048-06-02,17.72748984883323
2048-06-03,14.253840459716256
2048-06-04,11.971131170162515
2048-06-05,12.136693160464388
2048-06-06,13.344662992789269
2048-06-07,14.095110695991034
2048-06-08,11.926880010974307
2048-06-09,10.743064751778883
2048-06-10,10.555059133560905
2048-06-11,9.228941922883395
2048-06-12,8.42689508358778
2048-06-13,7.67768652580678
2048-06-14,6.098885228432706
2048-06-15,5.00845498840286
2048-06-16,3.895960631091673
2048-06-17,3.4661177379564663
2048-06-18,3.836610312002693
2048-06-19,3.0956173531270332
2048-06-20,3.154586449110852
2048-06-21,3.4113138498409534
2048-06-22,3.241358994615668
2048-06-23,2.3840099060453714
2048-06-24,2.2049218190157385
2048-06-25,2.058641591710994
2048-06-26,2.123256905333758
2048-06-27,2.1516391325803195
2048-06-28,2.0161456516517333
2048-06-29,1.8486653792508605
2048-06-30,1.7621155340535433
2048-07-01,3.9858637541406883
2048-07-02,3.3950953878382117
2048-07-03,3.2543781345389484
2048-07-04,3.0591658848613816
2048-07-05,2.851639667903811
2048-07-06,2.4191430239463845
2048-07-07,2.19509675561679
2048-07-08,1.9600190408938205
2048-07-09,1.8130558479015917
2048-07-10,1.6080452766255284
2048-07-11,1.4977879321331924
2048-07-12,1.3140794990227884
2048-07-13,1.158000612966288
2048-07-14,1.122933741530184
2048-07-15,1.1435045875886276
2048-07-16,0.6729312715025426
2048-07-17,0.6053064193846496
2048-07-18,0.5537543252111946
2048-07-19,0.5145938473091193
2048-07-20,0.4708325698716245
2048-07-21,0.4279537020160712
2048-07-22,0.3808852729289744
2048-07-23,0.43761517870425576
2048-07-24,0.3170826065971567
2048-07-25,0.2954590674372355
2048-07-26,0.3391162869675903
2048-07-27,0.2647975272295709
2048-07-28,0.2417091170204719
2048-07-29,0.22452998446934067
2048-07-30,0.2083686847357312
2048-07-31,0.19335380237987815
2048-08-01,0.2321652194601034
2048-08-02,0.2169976967747352
2048-08-03,0.2040612453659768
2048-08-04,0.19290895191466187
2048-08-05,0.18344908370556115
2048-08-06,0.17593119224434112
2048-08-07,0.17323129203287127
2048-08-08,0.1650948891801391
2048-08-09,0.16501266455673086
2048-08-10,0.2689192531504667
2048-08-11,0.2012725806442252
2048-08-12,0.15922759031663905
2048-08-13,0.14987752878121316
2048-08-14,0.14776824478853376
2048-08-15,0.14523057881480794
2048-08-16,0.14285795251360667
2048-08-17,0.14047379244440322
2048-08-18,0.13823708974382795
2048-08-19,0.13631411189959114
2048-08-20,0.13483289775701954
2048-08-21,0.1336976896268935
2048-08-22,0.13267082535504884
2048-08-23,0.13167567151920204
2048-08-24,0.1305771845958248
2048-08-25,0.1292487507547056
2048-08-26,0.12785328297045762
2048-08-27,0.12655657033821188
2048-08-28,0.1253846535245038
2048-08-29,0.12993600310720674
2048-08-30,0.12337987188934944
2048-08-31,0.12237214080941222
2048-09-01,0.055703833927685034
2048-09-02,0.055336629116664926
2048-09-03,0.05500387771337195
2048-09-04,0.054705670860711465
2048-09-05,0.05443543263655933
2048-09-06,0.05417103765986208
2048-09-07,0.05390813547074762
2048-09-08,0.05368299181822478
2048-09-09,0.05352131056922321
2048-09-10,0.053305302932005284
2048-09-11,0.05306562568735382
2048-09-12,0.05280725383591497
2048-09-13,0.05255649179761228
2048-09-14,0.05231075525643091
2048-09-15,0.052066916539808834
2048-09-16,0.05201728051076459
2048-09-17,0.05186580464910855
2048-09-18,0.051577612924779914
2048-09-19,0.051425266095148525
2048-09-20,0.05126472826003771
2048-09-21,0.051108096231065665
2048-09-22,0.05164798933749802
2048-09-23,0.05084536311176011
2048-09-24,0.05070300892031869
2048-09-25,0.05057349754620232
2048-09-26,0.05045617708069635
2048-09-27,0.05037341104071991
2048-09-28,0.050247791016872316
2048-09-29,0.05014071412245577
2048-09-30,0.050032763891110624
2048-10-01,0.08375185948186832
2048-10-02,0.08359515232734338
2048-10-03,0.08343593489567393
2048-10-04,0.0832823111447918
2048-10-05,0.2630738974922421
2048-10-06,0.10103021272890952
2048-10-07,0.08299175231625554
2048-10-08,0.08288148867390932
2048-10-09,0.08277700712148713
2048-10-10,0.08268348351567438
2048-10-11,0.08259182385196011
2048-10-12,0.0825032010547699
2048-10-13,0.08242050481839043
2048-10-14,0.08233882222588122
2048-10-15,0.08225269075963011
2048-10-16,0.08216576095159685
2048-10-17,0.08208876343207835
2048-10-18,0.08201914268028977
2048-10-19,0.08195610259365299
2048-10-20,0.08190589023668564
2048-10-21,0.08186352742589552
2048-10-22,0.0863225421292872
2048-10-23,0.08182093494168728
2048-10-24,0.08175181014757167
2048-10-25,0.08172453391902929
2048-10-26,0.08239779996894556
2048-10-27,0.3929873848956602
2048-10-28,0.6941256625571561
2048-10-29,0.34633631374512885
2048-10-30,0.7612176868983622
2048-10-31,0.17164708890873356
2048-11-01,0.07826551433096113
2048-11-02,0.06410341515473175
2048-11-03,0.05621400941832206
2048-11-04,0.05576129060524939
2048-11-05,0.06163804518030695
2048-11-06,0.0862042442830194
2048-11-07,0.11144559994556026
2048-11-08,0.14860505759336326
2048-11-09,0.14300364439316682
2048-11-10,0.10978724422399852
2048-11-11,0.09622093306485456
2048-11-12,0.9316444186703404
2048-11-13,0.6235626960796398
2048-11-14,0.2393110895239164
2048-11-15,0.2980895238383981
2048-11-16,0.2074692321441749
2048-11-17,0.25034048564098005
2048-11-18,0.26543791385880394
2048-11-19,0.15593134054588992
2048-11-20,0.1997063766736013
2048-11-21,0.1987169664302548
2048-11-22,0.15929473841318795
2048-11-23,0.13286727410099505
2048-11-24,0.10463563092183983
2048-11-25,0.07606132394672617
2048-11-26,0.0901801482191568
2048-11-27,0.14297524706754347
2048-11-28,0.0788389611718192
2048-11-29,0.06126128840034785
2048-11-30,0.060406838231617015
2048-12-01,0.14812405866175365
2048-12-02,1.4193372735459706
2048-12-03,0.16535460348030184
2048-12-04,0.07337199034752047
2048-12-05,0.10960604407060244
2048-12-06,0.2085831969754084
2048-12-07,0.11157627594990327
2048-12-08,0.0990531599355144
2048-12-09,0.1747202636178772
2048-12-10,0.3097928410848576
2048-12-11,0.38006436658303067
2048-12-12,0.7857148189776204
2048-12-13,0.5851845103479483
2048-12-14,0.07119573919568534
2048-12-15,0.07033654798109053
2048-12-16,0.0790619117707147
2048-12-17,0.0899972115801627
2048-12-18,0.08166512758321576
2048-12-19,0.07382485741827607
2048-12-20,0.10438297021995438
2048-12-21,0.09178882984813884
2048-12-22,0.09911901227280047
2048-12-23,0.12425943872051855
2048-12-24,0.3298247860919115
2048-12-25,0.2573941905480165
2048-12-26,0.14982375891148045
2048-12-27,0.11181240208150736
2048-12-28,0.12960689656928487
2048-12-29,0.6721489564313291
2048-12-30,0.3811147607792785
2048-12-31,0.13185514882114474
2049-01-01,0.05352961432421146
2049-01-02,0.054597460963885285
2049-01-03,0.06047559877513641
2049-01-04,0.14352133900595498
2049-01-05,0.19476252137756306
2049-01-06,0.11235543082786803
2049-01-07,0.11856182906551507
2049-01-08,0.0929288584608074
2049-01-09,0.12117109196135464
2049-01-10,0.151343249391432
2049-01-11,0.12360836029179748
2049-01-12,0.097580571335248
2049-01-13,0.08194990556614927
2049-01-14,0.08146110188770404
2049-01-15,0.08117449535585823
2049-01-16,0.08019408068271465
2049-01-17,0.07906625855175033
2049-01-18,0.07834109420766759
2049-01-19,0.08245839059501772
2049-01-20,0.17287214354265024
2049-01-21,0.33691150751032106
2049-01-22,0.5588895585226942
2049-01-23,0.2032798671022384
2049-01-24,0.3127295907578978
2049-01-25,0.6148717311359989
2049-01-26,0.7003561914138567
2049-01-27,0.7831755008364971
2049-01-28,0.4791442683616306
2049-01-29,0.48475266039769205
2049-01-30,0.5710581451075091
2049-01-31,0.8596642753626074
2049-02-01,1.5683626726445232
2049-02-02,0.5880894194556654
2049-02-03,0.6615624618865478
2049-02-04,0.6020977308402424
2049-02-05,0.6444347613771055
2049-02-06,0.6998823218767639
2049-02-07,0.6169620740110894
2049-02-08,0.840262146629988
2049-02-09,0.6255836986419593
2049-02-10,0.5128413693882915
2049-02-11,0.4980897758240851
2049-02-12,0.4827243081510014
2049-02-13,0.4669365717436225
2049-02-14,0.4524108242929921
2049-02-15,0.4321703719509077
2049-02-16,0.4095461232222846
2049-02-17,0.3973910929631937
2049-02-18,0.3641361731593189
2049-02-19,0.3389814587945811
2049-02-20,0.31781918399416564
2049-02-21,0.299903951634226
2049-02-22,0.2818578960547304
2049-02-23,0.2747142814147926
2049-02-24,0.2539168091098387
2049-02-25,0.2565938665633983
2049-02-26,0.2752186774207355
2049-02-27,0.3141849698846101
2049-02-28,0.4427278855036267
2049-03-01,0.5484651258344023
2049-03-02,0.7436431094948542
2049-03-03,0.6827004665950352
2049-03-04,0.8309025989189095
2049-03-05,0.8047959920093438
2049-03-06,0.8887500789502175
2049-03-07,1.246787672441135
2049-03-08,1.4789414575221118
2049-03-09,1.7901825987201645
2049-03-10,1.9548703839996
2049-03-11,1.043883571959907
2049-03-12,1.2607056962146166
2049-03-13,1.5632834645696605
2049-03-14,1.1469891156942875
2049-03-15,1.1743451493133594
2049-03-16,1.2151829064209587
2049-03-17,1.3279959993651436
2049-03-18,1.5286774815543112
2049-03-19,1.373103963463176
2049-03-20,1.300146418862905
2049-03-21,1.4295919093990332
2049-03-22,1.5105311499771823
2049-03-23,2.1675894003772247
2049-03-24,1.512012485960905
2049-03-25,2.318545189703696
2049-03-26,2.78057034443401
2049-03-27,2.9018428153830262
2049-03-28,3.306408463767068
2049-03-29,3.6594680964153232
2049-03-30,1.9499260917929788
2049-03-31,3.09358363997763
2049-04-01,2.235352748414104
2049-04-02,2.7832401855197633
2049-04-03,2.173324400507048
2049-04-04,1.6161694696684543
2049-04-05,1.4615706406877742
2049-04-06,1.8497117348049288
2049-04-07,3.609364639246921
2049-04-08,5.748563245474809
2049-04-09,8.38602427005186
2049-04-10,10.323739961144325
2049-04-11,21.25158993006163
2049-04-12,13.603294897216964
2049-04-13,4.218850117272888
2049-04-14,2.8067285956800934
2049-04-15,3.3005185834161805
2049-04-16,4.864528170823212
2049-04-17,3.3108195812451005
2049-04-18,2.6455266406353264
2049-04-19,3.6464590417011964
2049-04-20,6.814823110539702
2049-04-21,8.213315311070112
2049-04-22,5.86534197883964
2049-04-23,3.0249462324799468
2049-04-24,3.1621307337412645
2049-04-25,3.598784894510476
2049-04-26,4.606360276596299
2049-04-27,6.477109941695327
2049-04-28,8.171728489844808
2049-04-29,9.509289074156102
2049-04-30,9.4463994310526
2049-05-01,9.008184176473392
2049-05-02,11.560440139160088
2049-05-03,13.570356647250865
2049-05-04,16.35137887140559
2049-05-05,19.448925727066623
2049-05-06,17.196072428163227
2049-05-07,16.073610717233027
2049-05-08,17.29127815455315
2049-05-09,19.9010548908195
2049-05-10,20.115590939719
2049-05-11,26.445902517158107
2049-05-12,25.13264288849439
2049-05-13,24.43674058056265
2049-05-14,24.57681097678885
2049-05-15,25.80473697821796
2049-05-16,20.768771344487817
2049-05-17,7.132432267854396
2049-05-18,6.994708844188731
2049-05-19,6.928498057666378
2049-05-20,7.019187990176014
2049-05-21,6.856542482972312
2049-05-22,6.5131897837492145
2049-05-23,6.464659808178426
2049-05-24,6.795606399697112
2049-05-25,6.820648091219383
2049-05-26,6.619664807237423
2049-05-27,6.135237607384855
2049-05-28,6.517061944607568
2049-05-29,7.304496629881352
2049-05-30,8.109488527382544
2049-05-31,10.890829310433986
2049-06-01,9.139131356140744
2049-06-02,8.944220821109154
2049-06-03,11.077289931498195
2049-06-04,13.602815937061054
2049-06-05,13.330633140271154
2049-06-06,8.15671257132605
2049-06-07,9.650824852931482
2049-06-08,14.347587837188591
2049-06-09,12.96126843706927
2049-06-10,12.375608842477527
2049-06-11,18.240703890546385
2049-06-12,19.702852830127615
2049-06-13,19.640717396301774
2049-06-14,16.057472696728617
2049-06-15,12.994819019140953
2049-06-16,10.706938869411275
2049-06-17,9.031462971072653
2049-06-18,6.2158681094910335
2049-06-19,6.08770473925788
2049-06-20,6.462986249423995
2049-06-21,7.184076614705487
2049-06-22,6.689170787343928
2049-06-23,5.389302707386231
2049-06-24,4.9349660194782805
2049-06-25,4.585739776662987
2049-06-26,4.321491859512596
2049-06-27,3.6859446082469636
2049-06-28,3.3260443856963633
2049-06-29,2.552723800990952
2049-06-30,2.4835057419185427
2049-07-01,4.925320990118406
2049-07-02,4.7928321756982815
2049-07-03,4.966051312319012
2049-07-04,5.6187772607837045
2049-07-05,5.261193349958285
2049-07-06,5.047268540299955
2049-07-07,4.93175973262043
2049-07-08,4.598546834480684
2049-07-09,6.1079770001139675
2049-07-10,3.4149223865319933
2049-07-11,3.5081075167677502
2049-07-12,2.7343671530339093
2049-07-13,2.3541719625016557
2049-07-14,2.1389022438980776
2049-07-15,2.2990953378958467
2049-07-16,2.3189454355220183
2049-07-17,2.3070424580726088
2049-07-18,2.2210381171749165
2049-07-19,2.1331733297767634
2049-07-20,1.687275286644076
2049-07-21,1.6927736185547166
2049-07-22,1.6465190123874733
2049-07-23,1.5588977393381271
2049-07-24,1.4177124494383884
2049-07-25,1.1893597696990512
2049-07-26,0.935862097611462
2049-07-27,0.8279231571864626
2049-07-28,0.8143485200816115
2049-07-29,0.7801218555459674
2049-07-30,0.6947019388645328
2049-07-31,0.6001228532547395
2049-08-01,0.6992848561907339
2049-08-02,0.6314942122207229
2049-08-03,0.5043979758694136
2049-08-04,0.4567796175178216
2049-08-05,0.4852407986170312
2049-08-06,0.38747877351540333
2049-08-07,0.3746863932352405
2049-08-08,0.32142303484169504
2049-08-09,0.2925345066192628
2049-08-10,0.2667738543246115
2049-08-11,0.2447492092146956
2049-08-12,0.2255025458312732
2049-08-13,0.209036979548496
2049-08-14,0.1956586928461874
2049-08-15,0.18469494108201606
2049-08-16,0.1752944913281186
2049-08-17,0.2348788126559066
2049-08-18,0.16492040181976408
2049-08-19,0.6428403382661911
2049-08-20,0.15943222483196026
2049-08-21,0.1935325789895609
2049-08-22,0.15000976131703894
2049-08-23,0.14619133154687647
2049-08-24,0.1429130428893412
2049-08-25,0.1402772037584394
2049-08-26,0.13817511093455048
2049-08-27,0.1363891727580192
2049-08-28,0.1346937379728267
2049-08-29,0.13297320347608482
2049-08-30,0.1312500140796557
2049-08-31,0.15241230701580094
2049-09-01,0.059155891729962426
2049-09-02,0.06572111363897495
2049-09-03,0.05791668075610235
2049-09-04,0.057439481344303114
2049-09-05,0.057010960829300975
2049-09-06,0.056613762074929186
2049-09-07,0.05621451848812628
2049-09-08,0.05580264542042411
2049-09-09,0.05539380988364708
2049-09-10,0.055011329617613104
2049-09-11,0.05467611157548048
2049-09-12,0.1889151493409603
2049-09-13,1.416080606044608
2049-09-14,0.07353520957235453
2049-09-15,0.054400832802544784
2049-09-16,0.055568500135998254
2049-09-17,0.056697293877512475
2049-09-18,0.05489671593786532
2049-09-19,0.05362682816926905
2049-09-20,0.12759274355319533
2049-09-21,0.07168303155636717
2049-09-22,0.053735473331812174
2049-09-23,0.05320411497189231
2049-09-24,0.0530226032308778
2049-09-25,0.0528152859653216
2049-09-26,0.052802887102270914
2049-09-27,0.052436740838260484
2049-09-28,0.052240067185093816
2049-09-29,0.05204930099533365
2049-09-30,0.05186836789379183
2049-10-01,0.08689380244415337
2049-10-02,0.0864837343538859
2049-10-03,0.08622405569274838
2049-10-04,0.08598106206733408
2049-10-05,0.08591752557994349
2049-10-06,0.08564766718385837
2049-10-07,0.08558886699221466
2049-10-08,0.08556130908139029
2049-10-09,0.08553407933994048
2049-10-10,0.087135236612604
2049-10-11,0.08548388439747771
2049-10-12,0.08536664441128862
2049-10-13,0.0852606144894834
2049-10-14,0.20604682327301024
2049-10-15,1.8748415179875948
2049-10-16,0.6674765750428001
2049-10-17,0.6482606805179749
2049-10-18,0.19059991600821616
2049-10-19,0.08683727492257605
2049-10-20,0.08483755548588982
2049-10-21,0.08476836951532413
2049-10-22,0.08470909976110375
2049-10-23,0.08464714808240098
2049-10-24,0.08457995598198906
2049-10-25,0.08451804942781882
2049-10-26,0.08446565240707034
2049-10-27,0.08442063283892101
2049-10-28,0.08438846978480742
2049-10-29,0.08436330565824464
2049-10-30,0.08433394806780532
2049-10-31,0.08430491095725884
2049-11-01,0.056421353713142434
2049-11-02,0.056398550864429915
2049-11-03,0.6948828507169461
2049-11-04,0.4480697835903154
2049-11-05,0.3125550971140897
2049-11-06,0.4513871933650245
2049-11-07,0.3346534038504929
2049-11-08,0.25130427122980625
2049-11-09,0.0848037775423568
2049-11-10,0.5329401556520238
2049-11-11,2.627047411580848
2049-11-12,0.6633739714119694
2049-11-13,0.13449048254263815
2049-11-14,0.18111395720061932
2049-11-15,0.2820245769636803
2049-11-16,0.42418414529917065
2049-11-17,0.6321677299850728
2049-11-18,0.7037467205499917
2049-11-19,0.4641340599110105
2049-11-20,0.3754063853457935
2049-11-21,0.2716134264872557
2049-11-22,0.20991609494231844
2049-11-23,0.11093054751171906
2049-11-24,0.06823774238323993
2049-11-25,0.06693489916627668
2049-11-26,0.0684556510844529
2049-11-27,0.09218817238848624
2049-11-28,0.06759973541204871
2049-11-29,0.08031201306191442
2049-11-30,0.24160884310447198
2049-12-01,0.3471604539859812
2049-12-02,0.5310667179153421
2049-12-03,0.2947065802537181
2049-12-04,0.1323672384130004
2049-12-05,0.0976784581333849
2049-12-06,0.09674909072070652
2049-12-07,0.11612074842055985
2049-12-08,0.1155405635262985
2049-12-09,0.1760657356215628
2049-12-10,0.20321461474795788
2049-12-11,0.12831092008573106
2049-12-12,0.1193804864145409
2049-12-13,0.11654147176592428
2049-12-14,0.17714321016992207
2049-12-15,0.15551423148842727
2049-12-16,0.15049317211531807
2049-12-17,0.15031643888065854
2049-12-18,0.2315145384292561
2049-12-19,0.20740983200055305
2049-12-20,0.3052475373366406
2049-12-21,0.27445651837411256
2049-12-22,0.18676407494782335
2049-12-23,0.2666943102560149
2049-12-24,0.2353901945839831
2049-12-25,0.26672416970683044
2049-12-26,0.2895753533252858
2049-12-27,0.14902034213037227
2049-12-28,0.12004336542286916
2049-12-29,0.0835437186205397
2049-12-30,0.10566643183792387
2049-12-31,0.10209732261947137
2050-01-01,0.09582155154319448
2050-01-02,0.25708764438929377
2050-01-03,0.06758884281378996
2050-01-04,0.3865907959436984
2050-01-05,0.4205130431423574
2050-01-06,0.12815047853255146
2050-01-07,0.13938113735053978
2050-01-08,0.32604350432219714
2050-01-09,0.21072841302157805
2050-01-10,0.11258802471675282
2050-01-11,0.10296032097780003
2050-01-12,1.2006259771765884
2050-01-13,5.468941894073218
2050-01-14,1.3163049942527347
2050-01-15,0.5036233393099152
2050-01-16,0.1774529925276289
2050-01-17,0.0936719657826627
2050-01-18,0.1333024376216426
2050-01-19,0.12381606403858827
2050-01-20,0.21269487337937484
2050-01-21,0.6549575215651358
2050-01-22,0.207755777804572
2050-01-23,0.2389297311127371
2050-01-24,0.7097671919984107
2050-01-25,0.7061418693116612
2050-01-26,0.6139936060698032
2050-01-27,0.9124737906791462
2050-01-28,0.9418821020309404
2050-01-29,0.8525740622500647
2050-01-30,0.8072476265615893
2050-01-31,0.8476775019955277
2050-02-01,0.5817972570197415
2050-02-02,0.5631337363367211
2050-02-03,0.5521080922621745
2050-02-04,0.5382884570746482
2050-02-05,0.5280738059532315
2050-02-06,0.5168176199990188
2050-02-07,0.4859794230416951
2050-02-08,0.5790735423379256
2050-02-09,0.5196018967365242
2050-02-10,0.4548035660991322
2050-02-11,0.4897595901504148
2050-02-12,0.5953635857849806
2050-02-13,0.5227524163227848
2050-02-14,0.9926214284586384
2050-02-15,2.3721334257730358
2050-02-16,0.9956663197570828
2050-02-17,0.8654327563114829
2050-02-18,1.272381675856488
2050-02-19,1.3079057810420158
2050-02-20,1.0725913718844624
2050-02-21,0.8662322887127338
2050-02-22,0.8916217175516977
2050-02-23,1.006813800903139
2050-02-24,0.8173203518610977
2050-02-25,0.7978497209448974
2050-02-26,0.7631620356112238
2050-02-27,0.7420586473924483
2050-02-28,0.7055464587727537
2050-03-01,0.8518076901323886
2050-03-02,0.8189146552741693
2050-03-03,0.8018752490842259
2050-03-04,0.7738228305736831
2050-03-05,1.0007910034880485
2050-03-06,1.2306673807877029
2050-03-07,1.393424003022515
2050-03-08,1.6260264081222395
2050-03-09,1.978305022056105
2050-03-10,2.186668692700992
2050-03-11,1.5710871739878518
2050-03-12,1.4399595011840371
2050-03-13,1.3610642565811766
2050-03-14,1.5291697538537568
2050-03-15,1.8865661903736968
2050-03-16,2.2138153358659434
2050-03-17,2.429284301968582
2050-03-18,3.326084603391949
2050-03-19,5.330255663290614
2050-03-20,5.565760677752816
2050-03-21,2.2894345632994884
2050-03-22,1.8338419280763765
2050-03-23,2.0580735027044423
2050-03-24,2.368099850501517
2050-03-25,2.5577944670168464
2050-03-26,2.29541130305229
2050-03-27,2.5057314895465823
2050-03-28,5.706727155703424
2050-03-29,8.318185038932217
2050-03-30,11.684696787424025
2050-03-31,21.115834122583987
2050-04-01,14.902692716216764
2050-04-02,15.428888564878482
2050-04-03,17.362960805402903
2050-04-04,15.891466307523556
2050-04-05,14.668187017802945
2050-04-06,15.496212155425258
2050-04-07,15.19359852310416
2050-04-08,5.426902596988037
2050-04-09,6.126979093113168
2050-04-10,8.01926696374264
2050-04-11,14.758485838115153
2050-04-12,6.6353993154034825
2050-04-13,5.556312148846924
2050-04-14,5.2062044593213965
2050-04-15,6.0651540772671
2050-04-16,8.058835365091957
2050-04-17,12.453701191992176
2050-04-18,20.797529362447943
2050-04-19,16.639454798714596
2050-04-20,7.8955323622792
2050-04-21,6.771353096529944
2050-04-22,6.773774180845609
2050-04-23,6.5912995473033265
2050-04-24,6.465736194244151
2050-04-25,7.421561390168589
2050-04-26,8.376241223832022
2050-04-27,8.314943938624475
2050-04-28,7.433043103259107
2050-04-29,7.695742584616367
2050-04-30,8.667099038575929
2050-05-01,6.693362025249348
2050-05-02,6.447836290020844
2050-05-03,6.24459366378296
2050-05-04,6.033448193043938
2050-05-05,5.894209605187759
2050-05-06,6.875435713912911
2050-05-07,10.603290481979217
2050-05-08,11.00292053216809
2050-05-09,16.890853008052627
2050-05-10,16.410443012017776
2050-05-11,8.181654575047562
2050-05-12,7.586885963319481
2050-05-13,7.819575799885173
2050-05-14,8.103777807264034
2050-05-15,9.488487185284985
2050-05-16,12.977266538440485
2050-05-17,8.795802185599047
2050-05-18,9.476985457717227
2050-05-19,7.835086004511459
2050-05-20,7.63228458783322
2050-05-21,7.586159143394624
2050-05-22,8.209125767731779
2050-05-23,8.07597249654897
2050-05-24,9.393844647769892
2050-05-25,12.318205860206294
2050-05-26,15.702241146346829
2050-05-27,19.728308436346172
2050-05-28,20.639940178908102
2050-05-29,26.1278077288665
2050-05-30,21.05741269175665
2050-05-31,23.702136783945843
2050-06-01,26.48561046361445
2050-06-02,29.594991922260512
2050-06-03,34.00421109898248
2050-06-04,33.53658386744854
2050-06-05,32.587603942895086
2050-06-06,31.596965164792977
2050-06-07,27.82468115718618
2050-06-08,29.23050931907193
2050-06-09,23.956139122980748
2050-06-10,20.08289970888702
2050-06-11,17.5379148982978
2050-06-12,8.11498526331791
2050-06-13,10.411689594327523
2050-06-14,13.438702698157241
2050-06-15,15.287242029289748
2050-06-16,17.051474868516806
2050-06-17,13.10861507391654
2050-06-18,10.295245259142137
2050-06-19,9.245252560758855
2050-06-20,7.756865229734577
2050-06-21,6.256063497089995
2050-06-22,6.076105540685702
2050-06-23,5.162803494627173
2050-06-24,4.6850501876923065
2050-06-25,4.142414061141377
2050-06-26,3.9188557680490286
2050-06-27,3.673535275759813
2050-06-28,3.4057154262583578
2050-06-29,2.9461448395472463
2050-06-30,2.6125868976749285
2050-07-01,5.646395651600222
2050-07-02,5.15588951830871
2050-07-03,4.8499667961176085
2050-07-04,4.595819213047839
2050-07-05,4.078905737040452
2050-07-06,3.7832221858432753
2050-07-07,3.180980080156618
2050-07-08,3.205765413640746
2050-07-09,3.124433403830776
2050-07-10,2.8746873281388563
2050-07-11,2.578229104501118
2050-07-12,2.490334657356733
2050-07-13,2.499750606448385
2050-07-14,2.46762534301884
2050-07-15,2.1964075783376567
2050-07-16,1.9296855535781896
2050-07-17,1.9298415776041324
2050-07-18,1.8118963651514284
2050-07-19,1.5281984104329571
2050-07-20,1.440045354561676
2050-07-21,1.3303880729590063
2050-07-22,1.1818577227485052
2050-07-23,1.1401221649789786
2050-07-24,1.0429683777186567
2050-07-25,1.0605182242683946
2050-07-26,1.0200540748988247
2050-07-27,0.8474984120282036
2050-07-28,0.5509656723335256
2050-07-29,0.4818886346449034
2050-07-30,0.4478644837803147
2050-07-31,0.4120300840446461
2050-08-01,0.4891652377249841
2050-08-02,0.4364609973884059
2050-08-03,0.3856275551357272
2050-08-04,0.3408571260354007
2050-08-05,0.30253884130515285
2050-08-06,0.2714403097190394
2050-08-07,0.24636675269134026
2050-08-08,0.2258179919324614
2050-08-09,0.20881047428714625
2050-08-10,0.19422242404260015
2050-08-11,0.18181939598422533
2050-08-12,0.17177773024684428
2050-08-13,0.1635022497330752
2050-08-14,0.1563945439407152
2050-08-15,0.15026276662738414
2050-08-16,0.1447736242470022
2050-08-17,0.13998453675312902
2050-08-18,0.13608244323515462
2050-08-19,0.13296200532576108
2050-08-20,0.13051299148068873
2050-08-21,0.1286485697731323
2050-08-22,0.13901961334312887
2050-08-23,0.12590103200596506
2050-08-24,0.12466910644148566
2050-08-25,0.12353866379538853
2050-08-26,0.1224860801299566
2050-08-27,0.12148821881727062
2050-08-28,0.1205396371172258
2050-08-29,0.1196308793417118
2050-08-30,0.11878300468003047
2050-08-31,0.1179798803042377
2050-09-01,0.053725372657014346
2050-09-02,0.053396701965414066
2050-09-03,0.05311134821187545
2050-09-04,0.052850804224482816
2050-09-05,0.05262116912956343
2050-09-06,0.05242963778576543
2050-09-07,0.05226035210774546
2050-09-08,0.05207752038560233
2050-09-09,0.05187734367243918
2050-09-10,0.051674073155774616
2050-09-11,0.05148306951967365
2050-09-12,0.05129939366703806
2050-09-13,0.13043930728819855
2050-09-14,0.05256800883782448
2050-09-15,0.05089158890882136
2050-09-16,0.05074073847842798
2050-09-17,0.05060655720292511
2050-09-18,0.05463363406409673
2050-09-19,0.05757617227829401
2050-09-20,0.16447822721239105
2050-09-21,0.11244367899910514
2050-09-22,0.1375195259641945
2050-09-23,0.118869891977139
2050-09-24,0.05123389279871469
2050-09-25,0.22178876056728888
2050-09-26,0.3952490456637242
2050-09-27,0.5204334451015394
2050-09-28,0.18903046068230028
2050-09-29,0.2026602498809088
2050-09-30,0.13597407869037956
2050-10-01,0.3453968076748284
2050-10-02,0.09503787110578417
2050-10-03,0.08391592732123318
2050-10-04,0.08383645121154698
2050-10-05,0.08374093763511548
2050-10-06,0.08425318220613094
2050-10-07,0.08360319010518129
2050-10-08,0.08354007049617987
2050-10-09,0.08447219671389566
2050-10-10,0.08345907054820192
2050-10-11,0.08331609080057653
2050-10-12,0.08322565078421246
2050-10-13,0.0831309680524178
2050-10-14,0.08304902802762426
2050-10-15,0.08298488980922232
2050-10-16,0.08293047754712522
2050-10-17,0.08288180289835792
2050-10-18,0.08340446936958681
2050-10-19,0.11557770243596155
2050-10-20,0.11047368796016026
2050-10-21,0.1460673386418704
2050-10-22,0.11422705568354555
2050-10-23,0.08681197954469473
2050-10-24,0.94750342492282
2050-10-25,3.0677785910305952
2050-10-26,0.3812382495673053
2050-10-27,0.36329494905037096
2050-10-28,0.3185005982174698
2050-10-29,0.17492458589473794
2050-10-30,0.34385793776822504
2050-10-31,0.28787096093999964
2050-11-01,0.3063012049658687
2050-11-02,0.19579634149363456
2050-11-03,0.4140413838939468
2050-11-04,0.10554719019917183
2050-11-05,0.104808336685111
2050-11-06,0.0633593596075064
2050-11-07,0.9006056882480938
2050-11-08,0.9362368023870614
2050-11-09,0.16921760219491885
2050-11-10,0.20993421929128644
2050-11-11,0.3076020452457841
2050-11-12,0.52411135432862
2050-11-13,2.079468660105697
2050-11-14,2.220324153879192
2050-11-15,1.7427241089043606
2050-11-16,0.9258166014050188
2050-11-17,0.1312264496544624
2050-11-18,0.1837359936719401
2050-11-19,0.24412322243372025
2050-11-20,0.2042798021730043
2050-11-21,0.18216522231548887
2050-11-22,0.16751213046893199
2050-11-23,0.08447550651841124
2050-11-24,0.07923571421193272
2050-11-25,0.07282572531732767
2050-11-26,0.0729887534121603
2050-11-27,0.07435328922295571
2050-11-28,0.07413867077620065
2050-11-29,0.0964007079905638
2050-11-30,0.09549026581419016
2050-12-01,0.23193616669779746
2050-12-02,0.6140602677684179
2050-12-03,0.24043641898610504
2050-12-04,0.19348857103959616
2050-12-05,0.4677256419633688
2050-12-06,0.5129602978209662
2050-12-07,2.050853147533596
2050-12-08,3.4026165490637545
2050-12-09,3.181965902758072
2050-12-10,0.37864840871287053
2050-12-11,0.26665719112335
2050-12-12,0.41924397322348905
2050-12-13,0.6365971434003763
2050-12-14,0.10188046270019607
2050-12-15,0.09999528069256013
2050-12-16,0.10432195427729317
2050-12-17,0.10773947070642267
2050-12-18,0.10821738155469607
2050-12-19,0.10692344703496666
2050-12-20,0.35467454495201617
2050-12-21,2.806606048786872
2050-12-22,2.8469148896932244
2050-12-23,1.2296997129631566
2050-12-24,1.0058100290890877
2050-12-25,0.971777920975946
2050-12-26,0.9623881261566662
2050-12-27,1.0053093222569291
2050-12-28,0.9308942363075068
2050-12-29,0.9158299659340646
2050-12-30,0.8878064460159888
2050-12-31,0.8685027341950263
2051-01-01,0.5121948147940227
2051-01-02,0.5000508985733652
2051-01-03,0.4777491322291058
2051-01-04,0.4507531927173219
2051-01-05,0.4299580355435345
2051-01-06,0.4056095289241714
2051-01-07,0.3859413141016054
2051-01-08,0.3686351021831963
2051-01-09,0.3522751717721793
2051-01-10,0.3434224220147851
2051-01-11,0.3369541717464517
2051-01-12,0.31213779215300524
2051-01-13,0.3050290461333223
2051-01-14,0.2951227537387091
2051-01-15,0.3778800689702869
2051-01-16,0.6255489580714829
2051-01-17,0.436109794794826
2051-01-18,0.4027190348732063
2051-01-19,0.4080633919438663
2051-01-20,0.4004090339437809
2051-01-21,0.3878161140966595
2051-01-22,0.3737647333208241
2051-01-23,0.3705799825602213
2051-01-24,0.40195778688437706
2051-01-25,0.3707247321564541
2051-01-26,0.38246445638624216
2051-01-27,0.34612742230345445
2051-01-28,0.41192576229119504
2051-01-29,0.4165028519700968
2051-01-30,0.3668945041854
2051-01-31,0.4400910026583299
2051-02-01,0.4123072606750139
2051-02-02,0.3734212421053613
2051-02-03,0.3977951873040271
2051-02-04,0.39344886519298217
2051-02-05,0.3666836484519244
2051-02-06,0.3591217380884924
2051-02-07,0.38082982132316096
2051-02-08,0.4219582283102644
2051-02-09,0.4810017275407624
2051-02-10,0.4573148652805386
2051-02-11,0.4247825709610121
2051-02-12,0.4248320274488345
2051-02-13,0.4681880828481053
2051-02-14,0.5192283601062531
2051-02-15,0.6722756430960339
2051-02-16,0.7976074635804761
2051-02-17,1.4339371803283212
2051-02-18,1.3739196962981293
2051-02-19,0.9327389123531291
2051-02-20,1.1514123316958833
2051-02-21,1.3329407244515759
2051-02-22,1.1250122826280926
2051-02-23,2.630008814802656
2051-02-24,3.534167265780522
2051-02-25,1.6983533294432325
2051-02-26,1.404351758339116
2051-02-27,1.2499859727953828
2051-02-28,1.2675291078184014
2051-03-01,1.6262996004874313
2051-03-02,1.5235196463976377
2051-03-03,1.4722662582682244
2051-03-04,1.442197485017079
2051-03-05,1.4554567803357044
2051-03-06,1.3204424724178665
2051-03-07,1.2521275043145237
2051-03-08,1.1876946593995872
2051-03-09,1.1228641042477507
2051-03-10,1.027875699269234
2051-03-11,0.9660120509452031
2051-03-12,0.9065454487915564
2051-03-13,0.9606857221084292
2051-03-14,0.8793331026802071
2051-03-15,0.9678860413140644
2051-03-16,1.193432109477123
2051-03-17,1.202827232891952
2051-03-18,1.1200477047098976
2051-03-19,1.3073660680754564
2051-03-20,1.6577360460879236
2051-03-21,2.274515639214477
2051-03-22,3.492196760268861
2051-03-23,4.571766409930975
2051-03-24,5.667877937111269
2051-03-25,6.935271385245186
2051-03-26,7.4902042249129375
2051-03-27,6.918528603537528
2051-03-28,7.469048628791679
2051-03-29,8.454618684090057
2051-03-30,10.177419705848438
2051-03-31,11.704314092738116
2051-04-01,9.53360703876318
2051-04-02,12.086873695967386
2051-04-03,14.73759306567501
2051-04-04,18.350098396544247
2051-04-05,22.901141985643875
2051-04-06,25.584819174522405
2051-04-07,26.899629535287303
2051-04-08,24.585573092589048
2051-04-09,23.701327122273728
2051-04-10,24.06694372053604
2051-04-11,34.20247803354827
2051-04-12,14.039027811713321
2051-04-13,17.59841686564848
2051-04-14,18.033568896200254
2051-04-15,18.02842540389824
2051-04-16,14.565439727276287
2051-04-17,9.930560388042872
2051-04-18,9.923958477834507
2051-04-19,9.568663368120689
2051-04-20,9.339798595250565
2051-04-21,8.874609242035222
2051-04-22,8.61916753382073
2051-04-23,8.61300321165948
2051-04-24,9.249868561440989
2051-04-25,9.145189547012276
2051-04-26,8.760311811200706
2051-04-27,7.891022045635111
2051-04-28,7.766959453329319
2051-04-29,7.624415749949732
2051-04-30,7.021682483446406
2051-05-01,6.43389996254472
2051-05-02,6.051581045357429
2051-05-03,5.722510481445725
2051-05-04,5.327172855624683
2051-05-05,4.9859539695146635
2051-05-06,4.7466576343799805
2051-05-07,4.971049110831816
2051-05-08,6.207379191872891
2051-05-09,7.908099430673699
2051-05-10,7.226182391481827
2051-05-11,10.58468859463418
2051-05-12,14.929102413162694
2051-05-13,20.50323652916689
2051-05-14,28.44710855398417
2051-05-15,31.754724981430236
2051-05-16,28.15828050540747
2051-05-17,12.183666685352122
2051-05-18,8.875048020589817
2051-05-19,7.563246400632959
2051-05-20,7.248546970036463
2051-05-21,7.2366702435259675
2051-05-22,7.254447541474318
2051-05-23,7.175391844249872
2051-05-24,7.928075500569847
2051-05-25,8.875773307122307
2051-05-26,9.10321218920356
2051-05-27,11.311404743521269
2051-05-28,16.605982648216973
2051-05-29,22.936990360783053
2051-05-30,21.078636437380432
2051-05-31,16.472074972371555
2051-06-01,18.621641639733785
2051-06-02,22.394212861076692
2051-06-03,23.26024806979285
2051-06-04,15.239357105046825
2051-06-05,10.078285662269424
2051-06-06,8.447820373965557
2051-06-07,7.625557821050321
2051-06-08,7.876958604624896
2051-06-09,7.525956530334033
2051-06-10,5.769969863859703
2051-06-11,5.3863627360867286
2051-06-12,5.035119723595155
2051-06-13,4.717551932074256
2051-06-14,4.444240556146566
2051-06-15,3.4815853619790658
2051-06-16,3.2913506446487766
2051-06-17,2.84417520390964
2051-06-18,2.6972142418204648
2051-06-19,2.584369716231796
2051-06-20,2.5513889125096
2051-06-21,2.3905449516092263
2051-06-22,2.2264011655850737
2051-06-23,2.0437897552972593
2051-06-24,1.6435168928313932
2051-06-25,1.5305032960775162
2051-06-26,1.479035672522735
2051-06-27,1.364283163526334
2051-06-28,1.0593323377985782
2051-06-29,1.0945556262802714
2051-06-30,1.0175684534858822
2051-07-01,2.0913322581106963
2051-07-02,1.8113135936457836
2051-07-03,1.6585671626182774
2051-07-04,1.6681153453525008
2051-07-05,1.5821807603942422
2051-07-06,1.564212551819446
2051-07-07,1.4350062046618195
2051-07-08,1.3992905153133937
2051-07-09,1.5374841486536792
2051-07-10,1.4928746056531947
2051-07-11,1.4215598684280806
2051-07-12,1.1906521664463994
2051-07-13,1.1470342334476091
2051-07-14,1.1299857668252726
2051-07-15,1.0830801419297684
2051-07-16,1.0125952788427517
2051-07-17,0.8279281807280408
2051-07-18,0.5456387400136102
2051-07-19,0.4700649266868897
2051-07-20,0.4470353897406633
2051-07-21,0.4283557796948311
2051-07-22,0.4056562570533753
2051-07-23,0.3695781571246693
2051-07-24,0.3428730356202101
2051-07-25,0.303845165969072
2051-07-26,0.2771464336148477
2051-07-27,0.2538008939143204
2051-07-28,0.23253494878887845
2051-07-29,0.21814049613807412
2051-07-30,0.25031921455953243
2051-07-31,0.1990569436411424
2051-08-01,0.2294401212368407
2051-08-02,0.2146242439478837
2051-08-03,0.20236268582627095
2051-08-04,0.2788018822124421
2051-08-05,0.18389857397260326
2051-08-06,0.17586096139870214
2051-08-07,0.18222482417861036
2051-08-08,0.16275210519516106
2051-08-09,0.1573587056155853
2051-08-10,0.1527746802941442
2051-08-11,0.14883683644216025
2051-08-12,0.14524119091209226
2051-08-13,0.14212801873736586
2051-08-14,0.1395890920629484
2051-08-15,0.13735429673534036
2051-08-16,0.13526567413373894
2051-08-17,0.1332927749534305
2051-08-18,0.13725505157373188
2051-08-19,0.13022374882082113
2051-08-20,0.1287074987918326
2051-08-21,0.139132430696698
2051-08-22,0.126446586492367
2051-08-23,0.4073321548056966
2051-08-24,0.6898492370196283
2051-08-25,0.3610312959073358
2051-08-26,0.6137690754378825
2051-08-27,0.14185352419368252
2051-08-28,0.12326779436428024
2051-08-29,0.1202655728576514
2051-08-30,0.1194281219671874
2051-08-31,0.11871970238851146
2051-09-01,0.05418992493438218
2051-09-02,0.05403475795365921
2051-09-03,0.053911317266359636
2051-09-04,0.053743712785077
2051-09-05,0.05352391346262022
2051-09-06,0.05328920271708749
2051-09-07,0.05304860140256543
2051-09-08,0.05279267455267613
2051-09-09,0.05254466426336722
2051-09-10,0.052322681944418345
2051-09-11,0.05212540453278473
2051-09-12,0.05194819071500493
2051-09-13,0.051788319683328365
2051-09-14,0.05165084284565985
2051-09-15,0.05169565251448872
2051-09-16,3.0605090280588523
2051-09-17,6.353032928218688
2051-09-18,1.2272566758797894
2051-09-19,0.8419834951512669
2051-09-20,0.645737092899351
2051-09-21,0.6972216382646329
2051-09-22,0.9962439057454406
2051-09-23,0.7026642501278129
2051-09-24,0.2448849321477732
2051-09-25,0.13539845234373266
2051-09-26,0.5340604703541757
2051-09-27,0.9761851355332608
2051-09-28,0.5051355965747115
2051-09-29,0.3882807070541675
2051-09-30,0.2294210749617824
2051-10-01,0.3968089848167976
2051-10-02,0.4907080003366887
2051-10-03,0.5054176573790158
2051-10-04,0.4598987641778215
2051-10-05,0.3816085349581955
2051-10-06,0.3013807604469005
2051-10-07,0.2751775624187072
2051-10-08,0.2939929163419421
2051-10-09,0.18921754478359354
2051-10-10,0.1898206145469024
2051-10-11,0.16326788695768427
2051-10-12,0.12335140970035
2051-10-13,0.1166137493284754
2051-10-14,0.11696993140180036
2051-10-15,0.11660246203929235
2051-10-16,0.11761232279416445
2051-10-17,0.1217457962849022
2051-10-18,0.12203897331259728
2051-10-19,0.11141588979149013
2051-10-20,0.10796905527884756
2051-10-21,0.10744458619442572
2051-10-22,1.1249752256530243
2051-10-23,1.031204531537243
2051-10-24,0.6907338930888559
2051-10-25,0.127050327090572
2051-10-26,0.11333829821432888
2051-10-27,0.15099183212688808
2051-10-28,0.2235324098546228
2051-10-29,0.38290782826032543
2051-10-30,0.7025026382727853
2051-10-31,1.0007667883404778
2051-11-01,1.0613594716390855
2051-11-02,1.6861396485685392
2051-11-03,1.5206677131011213
2051-11-04,1.558919108895788
2051-11-05,1.2701852769988602
2051-11-06,0.8582862181439919
2051-11-07,0.3961410714831016
2051-11-08,0.4471644098935059
2051-11-09,0.2243990074665914
2051-11-10,0.1871147638653371
2051-11-11,0.15812241063859786
2051-11-12,0.11742063846439507
2051-11-13,0.0959176044518
2051-11-14,0.10444559939532606
2051-11-15,0.0932642973891556
2051-11-16,0.09269179261900876
2051-11-17,0.0938543843743079
2051-11-18,0.09390731302028764
2051-11-19,0.09391869103030703
2051-11-20,0.09309320594664136
2051-11-21,0.10019995128908897
2051-11-22,0.0925200608783737
2051-11-23,0.09972727297121088
2051-11-24,0.0990932961424876
2051-11-25,0.09149270685104764
2051-11-26,0.09146534409250444
2051-11-27,0.10963860515429327
2051-11-28,0.09948275429233536
2051-11-29,0.09201121578562264
2051-11-30,0.0915501978197326
2051-12-01,0.09694793493526062
2051-12-02,0.0969070772890918
2051-12-03,0.09669859102961767
2051-12-04,0.10361287775449787
2051-12-05,0.24281465883711986
2051-12-06,0.4624620356070475
2051-12-07,0.3002617834895264
2051-12-08,0.2253322031286819
2051-12-09,0.2305327726118321
2051-12-10,0.27672431748654125
2051-12-11,0.19203505359299944
2051-12-12,0.11171567180882506
2051-12-13,0.10846147683608352
2051-12-14,0.1030033890780817
2051-12-15,0.1057403782516372
2051-12-16,0.10429795579133723
2051-12-17,0.10015001297017112
2051-12-18,0.11135157165911723
2051-12-19,0.115060924894985
2051-12-20,0.11342968903909124
2051-12-21,0.10647591704010233
2051-12-22,0.10800730999341793
2051-12-23,0.09952220308986748
2051-12-24,0.09857603265606577
2051-12-25,0.09996564552578613
2051-12-26,0.11354770503650564
2051-12-27,0.1940109067046488
2051-12-28,0.7235998797164843
2051-12-29,0.2789305004465223
2051-12-30,0.18298214101554364
2051-12-31,0.12272518783602085
2052-01-01,0.08415858424002386
2052-01-02,0.07456547466872629
2052-01-03,0.08720679951212314
2052-01-04,0.16622151847468272
2052-01-05,0.29080637617298
2052-01-06,0.16209833896488185
2052-01-07,0.13041222315796888
2052-01-08,0.15828752912388047
2052-01-09,0.066041860140718
2052-01-10,0.06396837600107066
2052-01-11,0.06497171465251393
2052-01-12,0.06461480078915674
2052-01-13,0.07493024850908135
2052-01-14,0.0886702820373147
2052-01-15,0.07254474337869989
2052-01-16,0.09698255214264546
2052-01-17,0.14975812018580373
2052-01-18,0.16043701236824795
2052-01-19,0.2635047170528789
2052-01-20,0.30408838347179523
2052-01-21,0.5299117978790436
2052-01-22,0.5676307832765174
2052-01-23,0.11704101623809775
2052-01-24,0.07968660771328481
2052-01-25,0.102401858683891
2052-01-26,0.2040788759778896
2052-01-27,0.13814263271272526
2052-01-28,0.4420550457111016
2052-01-29,0.20060726081593336
2052-01-30,0.2693834347155403
2052-01-31,0.40054336959071896
2052-02-01,0.16941656286336124
2052-02-02,0.2453068930010815
2052-02-03,0.17205509177495998
2052-02-04,0.2842065603954685
2052-02-05,0.25781356402824784
2052-02-06,0.7694548692357042
2052-02-07,0.6626132774251362
2052-02-08,0.3533071024579939
2052-02-09,0.3107429211598255
2052-02-10,0.3074021195267597
2052-02-11,0.3207654989310776
2052-02-12,0.3342749369748313
2052-02-13,0.3677749956033069
2052-02-14,0.3838920060783512
2052-02-15,0.3830106190749803
2052-02-16,0.4351972911470691
2052-02-17,0.6256807757762095
2052-02-18,0.9093181895971114
2052-02-19,0.8243060188181168
2052-02-20,0.8057851930679343
2052-02-21,1.2390770286384998
2052-02-22,0.48309177723446
2052-02-23,0.9761440061165788
2052-02-24,0.6747945662703433
2052-02-25,0.5405649629978305
2052-02-26,0.8661854288279405
2052-02-27,0.9875938660944538
2052-02-28,0.7494519574422033
2052-02-29,0.8108167680851565
2052-03-01,2.8738434324577167
2052-03-02,5.977180236036206
2052-03-03,1.4363165017529165
2052-03-04,1.105955997506542
2052-03-05,1.0360871694716314
2052-03-06,0.9958208827572204
2052-03-07,0.9542276797511636
2052-03-08,0.9169673854420572
2052-03-09,0.8665754717247984
2052-03-10,0.8325384675178191
2052-03-11,0.8680591965468443
2052-03-12,0.9578066212702858
2052-03-13,1.1442877580541602
2052-03-14,1.4423461634074692
2052-03-15,2.291656039479107
2052-03-16,3.0772294923152703
2052-03-17,3.939288466381505
2052-03-18,4.661326083889191
2052-03-19,6.0555392652949385
2052-03-20,6.208551491403036
2052-03-21,5.810291155637174
2052-03-22,6.8377165396150215
2052-03-23,8.2842819361082
2052-03-24,9.302855493388725
2052-03-25,12.455078309202413
2052-03-26,13.887039523835636
2052-03-27,5.6904875921889735
2052-03-28,4.8920321951713515
2052-03-29,4.546490480806536
2052-03-30,4.865227475496034
2052-03-31,5.8792565212462815
2052-04-01,5.314035459658696
2052-04-02,5.23714378583785
2052-04-03,4.605110144029856
2052-04-04,4.287146392920193
2052-04-05,4.717341918349336
2052-04-06,4.9155827295850685
2052-04-07,4.311565488788976
2052-04-08,4.86930914255126
2052-04-09,4.292504012367006
2052-04-10,5.07386870052646
2052-04-11,7.798937603489518
2052-04-12,7.533177626546776
2052-04-13,6.639335496406897
2052-04-14,5.194847881283692
2052-04-15,4.9087244853815415
2052-04-16,4.668910186966932
2052-04-17,4.7580018710419365
2052-04-18,4.6870028958385275
2052-04-19,4.777419631243274
2052-04-20,4.778009249403623
2052-04-21,4.691650245514809
2052-04-22,4.266791296977623
2052-04-23,4.180503856670456
2052-04-24,4.229116158997882
2052-04-25,4.068710838564623
2052-04-26,3.929480163932449
2052-04-27,3.6755471584612263
2052-04-28,3.4362755189858274
2052-04-29,3.2952534493514687
2052-04-30,3.285193744834276
2052-05-01,3.027207346394392
2052-05-02,2.69979326904581
2052-05-03,2.6141335192312387
2052-05-04,2.5470246098275955
2052-05-05,2.44287284563671
2052-05-06,2.2920019506772014
2052-05-07,2.04319427085104
2052-05-08,1.934192989382196
2052-05-09,1.7982865691392231
2052-05-10,1.6647077513707027
2052-05-11,1.558541762055164
2052-05-12,1.4345506547956226
2052-05-13,1.262576958722407
2052-05-14,1.141620305387734
2052-05-15,1.052954263326361
2052-05-16,0.953524925251534
2052-05-17,0.8637566602037516
2052-05-18,0.8003721064104556
2052-05-19,0.7567686273622248
2052-05-20,0.6998023623265809
2052-05-21,0.655759213093626
2052-05-22,0.6069279939131572
2052-05-23,0.5579663372551014
2052-05-24,0.5215379219033697
2052-05-25,0.4964851484788504
2052-05-26,0.4609572577043146
2052-05-27,0.4322569759089293
2052-05-28,0.4031934732521407
2052-05-29,0.37810393479386173
2052-05-30,0.3560034443790099
2052-05-31,0.33746076406203
2052-06-01,0.3522871543402665
2052-06-02,0.33936030028084146
2052-06-03,0.32480500473599616
2052-06-04,0.3300106614793819
2052-06-05,0.3076382587437147
2052-06-06,0.3010056700211813
2052-06-07,0.28147702090389004
2052-06-08,0.254430077685711
2052-06-09,0.2341017540392941
2052-06-10,0.21642740701270188
2052-06-11,0.2023094348534402
2052-06-12,0.1875577943473863
2052-06-13,0.17404458681900847
2052-06-14,0.1622115433338892
2052-06-15,0.14570838727960148
2052-06-16,0.13574422335305808
2052-06-17,0.12657616188045093
2052-06-18,0.1182536509324876
2052-06-19,0.1103033873754072
2052-06-20,0.10339788971293662
2052-06-21,0.09733295725216648
2052-06-22,0.09179000979177944
2052-06-23,0.08682327715647456
2052-06-24,0.08308733506310773
2052-06-25,0.08204299682459773
2052-06-26,0.07690554857536869
2052-06-27,0.07403371526942812
2052-06-28,0.07144264049663511
2052-06-29,0.06906986271279007
2052-06-30,0.06677156625574003
2052-07-01,0.15164067277408266
2052-07-02,0.1470672852741029
2052-07-03,0.1429902061036808
2052-07-04,0.13911754517241265
2052-07-05,0.1354679868228218
2052-07-06,0.1320985654809526
2052-07-07,0.1288638526787853
2052-07-08,0.1257009854284037
2052-07-09,0.1226731470511792
2052-07-10,0.11986954377344093
2052-07-11,0.11730903248916087
2052-07-12,0.1149185560842582
2052-07-13,0.11597691066392934
2052-07-14,0.11077273766168612
2052-07-15,0.10864721593839367
2052-07-16,0.1065381921886392
2052-07-17,0.10451642484551876
2052-07-18,0.10268813919898312
2052-07-19,0.10102967236580143
2052-07-20,0.09945173638203494
2052-07-21,0.0979433005347746
2052-07-22,0.09655521402945083
2052-07-23,0.11453849230289155
2052-07-24,0.17371088839895846
2052-07-25,0.1666415852322405
2052-07-26,0.8166138720572241
2052-07-27,0.15747537150008353
2052-07-28,0.09116217124503494
2052-07-29,0.0902908541677614
2052-07-30,0.08946656290599984
2052-07-31,0.0887150269048173
2052-08-01,0.1136958292745862
2052-08-02,0.11422395006219214
2052-08-03,0.1568206770095209
2052-08-04,0.2140640452511358
2052-08-05,0.11158599420541727
2052-08-06,0.11105026192612427
2052-08-07,0.11059725499384752
2052-08-08,0.11015108104468062
2052-08-09,0.10973040122859867
2052-08-10,0.10932843295875314
2052-08-11,0.10894963831165816
2052-08-12,0.1086117016569342
2052-08-13,0.10831447048924916
2052-08-14,0.1080349025017064
2052-08-15,0.12386644289794654
2052-08-16,0.10753218251593287
2052-08-17,0.10731086033536567
2052-08-18,0.11002990161819312
2052-08-19,0.11132883907978204
2052-08-20,0.10682432737642396
2052-08-21,0.10668329566825767
2052-08-22,0.10653717017711722
2052-08-23,0.10638434348651116
2052-08-24,0.1062308083829567
2052-08-25,0.1060908084796349
2052-08-26,0.10597155264969407
2052-08-27,0.1058669862048628
2052-08-28,0.13166204853756125
2052-08-29,0.10588815762557012
2052-08-30,0.1353213143080871
2052-08-31,0.1466557090804832
2052-09-01,0.08112007436842149
2052-09-02,0.0483722250140847
2052-09-03,0.07771862441125317
2052-09-04,0.05220817739415168
2052-09-05,0.04957147022208388
2052-09-06,0.048250278142614976
2052-09-07,0.048214191244574496
2052-09-08,0.04817994811692355
2052-09-09,0.04815024015291199
2052-09-10,0.04812564038847512
2052-09-11,0.04810252183669495
2052-09-12,0.04807760364621385
2052-09-13,0.04805300191261698
2052-09-14,0.04802936428178524
2052-09-15,0.048005720630576315
2052-09-16,0.07507329101956257
2052-09-17,0.04796481015739852
2052-09-18,0.0567366869312532
2052-09-19,0.05025991854818115
2052-09-20,0.10372333635651113
2052-09-21,0.04790283988815195
2052-09-22,0.04787608756144364
2052-09-23,0.04785708245210933
2052-09-24,0.048099094525669885
2052-09-25,0.04782115372996278
2052-09-26,0.048528550792693186
2052-09-27,0.047786906597249004
2052-09-28,0.04777030494899548
2052-09-29,0.047754021095491365
2052-09-30,0.047737987954746416
2052-10-01,0.08829778232908428
2052-10-02,0.08441425972324515
2052-10-03,0.07999598058803684
2052-10-04,0.22782490903530175
2052-10-05,0.08148179534020765
2052-10-06,0.0806244575495732
2052-10-07,0.07991104308867393
2052-10-08,0.0798886960612543
2052-10-09,0.07986558915497953
2052-10-10,0.07984211453372445
2052-10-11,0.07981891562634012
2052-10-12,0.07979659947717319
2052-10-13,0.07977535928221377
2052-10-14,0.07975491457763961
2052-10-15,0.07973475784771608
2052-10-16,0.07971465576128248
2052-10-17,0.07969467486288784
2052-10-18,0.07967484295189342
2052-10-19,0.07965508359317519
2052-10-20,0.11882566026623635
2052-10-21,0.13048753973370794
2052-10-22,0.09924661777339673
2052-10-23,0.10143308736045822
2052-10-24,0.09989399265542928
2052-10-25,0.11065797722190412
2052-10-26,0.1205845342733935
2052-10-27,0.09619194113905362
2052-10-28,0.08196708107414764
2052-10-29,0.08765725905587607
2052-10-30,0.0812000300818316
2052-10-31,0.07943038919683376
2052-11-01,0.0531633248989094
2052-11-02,0.053150214916742544
2052-11-03,0.05313709481898569
2052-11-04,0.053123944319423216
2052-11-05,0.05311082880820613
2052-11-06,0.054467640534441794
2052-11-07,0.053085002894345805
2052-11-08,0.053072236996275064
2052-11-09,0.05305954149431813
2052-11-10,0.0530469518249487
2052-11-11,0.05303440838622237
2052-11-12,0.05302187103471
2052-11-13,0.05300939166486653
2052-11-14,0.05299695331955556
2052-11-15,0.05298448993085201
2052-11-16,0.052972010736433456
2052-11-17,0.052959533580922216
2052-11-18,0.052947048503416035
2052-11-19,0.05293456132959133
2052-11-20,0.05292208790343784
2052-11-21,0.05290959586557712
2052-11-22,0.05289706684671515
2052-11-23,0.05288454882295828
2052-11-24,0.05287204648690368
2052-11-25,0.052859552212391824
2052-11-26,0.05284710100609665
2052-11-27,0.12317824107879526
2052-11-28,0.1109005594614752
2052-11-29,0.0631057844347054
2052-11-30,0.059855127489232225
2052-12-01,0.15436468616719135
2052-12-02,0.16365982936764872
2052-12-03,0.07994913410100403
2052-12-04,0.07084425799799288
2052-12-05,0.06456395025387622
2052-12-06,0.05767853561812071
2052-12-07,0.06041589589058152
2052-12-08,0.09459739546367386
2052-12-09,0.06327574846562868
2052-12-10,0.13745063589476372
2052-12-11,0.11993078357387628
2052-12-12,0.06890751828757094
2052-12-13,0.065999363562665
2052-12-14,0.0691901796231133
2052-12-15,0.1123391090285974
2052-12-16,0.1367124173211485
2052-12-17,0.09606183586313848
2052-12-18,0.059161745245732276
2052-12-19,0.060827150739523723
2052-12-20,0.060215069138622526
2052-12-21,0.08339976750170383
2052-12-22,0.08909172183530131
2052-12-23,0.08485093617257307
2052-12-24,0.0883979640956713
2052-12-25,0.13408054517793627
2052-12-26,0.13175737284039696
2052-12-27,0.15099190157500847
2052-12-28,1.0801946372693905
2052-12-29,3.1095122021504844
2052-12-30,0.7061537146513379
2052-12-31,0.07534996986642489
2053-01-01,0.04337845553388168
2053-01-02,0.059401613738139625
2053-01-03,0.08701234478901303
2053-01-04,0.08328872875902336
2053-01-05,0.3423252058035691
2053-01-06,0.3359325633930807
2053-01-07,0.0606999922845123
2053-01-08,0.05486317162664879
2053-01-09,0.04553060992888435
2053-01-10,0.041587846774807535
2053-01-11,0.041181291821430814
2053-01-12,0.039659043980677
2053-01-13,0.04062431483796255
2053-01-14,0.0395882770545
2053-01-15,0.039748717743139934
2053-01-16,0.03989735059504948
2053-01-17,0.16276705975552175
2053-01-18,0.3475903841359563
2053-01-19,0.04188490778734085
2053-01-20,0.040210512601488765
2053-01-21,0.040324879135366684
2053-01-22,0.040409600611446266
2053-01-23,0.04047721873166428
2053-01-24,0.04053353421610912
2053-01-25,0.040581750222708234
2053-01-26,0.04129768916252608
2053-01-27,0.04181141496818157
2053-01-28,0.05099035673330174
2053-01-29,0.044548073012420926
2053-01-30,0.04443388117699658
2053-01-31,0.04467437081841773
2053-02-01,0.039111346341501214
2053-02-02,0.04039547559583415
2053-02-03,0.03894838309221883
2053-02-04,0.04119316605063346
2053-02-05,0.038496296667735366
2053-02-06,0.037947273229446514
2053-02-07,0.036315464087595055
2053-02-08,0.038888952638778784
2053-02-09,0.051472395781880516
2053-02-10,0.06670152515760876
2053-02-11,0.03581354818981256
2053-02-12,0.037570626486021566
2053-02-13,0.04991320887841812
2053-02-14,0.04363971673800707
2053-02-15,0.06316720184252787
2053-02-16,0.06040331208148191
2053-02-17,0.045727148370427205
2053-02-18,0.0841104001739404
2053-02-19,0.08560190724494962
2053-02-20,0.1044768773895002
2053-02-21,0.1665447951604058
2053-02-22,0.2085162833721297
2053-02-23,0.33607172653635
2053-02-24,0.4047205953780032
2053-02-25,0.4693940319180629
2053-02-26,0.13807415514872592
2053-02-27,0.08272677533243772
2053-02-28,0.09032959432719533
2053-03-01,0.12816765027732416
2053-03-02,0.7343280663395592
2053-03-03,0.8451812164468634
2053-03-04,0.9368784168386602
2053-03-05,1.0062016009395178
2053-03-06,0.1399020853750583
2053-03-07,0.24424721637790325
2053-03-08,0.1628812210657133
2053-03-09,0.2370728099388246
2053-03-10,0.7235782660116094
2053-03-11,0.4685634023649208
2053-03-12,0.607913167652076
2053-03-13,0.3596545357831489
2053-03-14,0.7287595274332627
2053-03-15,0.4442721136241927
2053-03-16,0.9063756137316356
2053-03-17,1.638076058363065
2053-03-18,1.2255082826128214
2053-03-19,0.4929943247424521
2053-03-20,0.4469670438313441
2053-03-21,0.5363275304042849
2053-03-22,0.6431564745738043
2053-03-23,0.5242303398121105
2053-03-24,0.5352876645547862
2053-03-25,0.6187942319411454
2053-03-26,0.5922040229674984
2053-03-27,0.8058382576852143
2053-03-28,0.6456461372615686
2053-03-29,0.734235722356966
2053-03-30,0.8299829841854622
2053-03-31,1.8710336883450212
2053-04-01,1.8826865683350769
2053-04-02,1.183009907632657
2053-04-03,1.058452286361054
2053-04-04,2.7975467450170632
2053-04-05,4.273163601167149
2053-04-06,3.4332850748359816
2053-04-07,4.3080759681573895
2053-04-08,5.072281011936927
2053-04-09,7.922807942289219
2053-04-10,7.2011995783491205
2053-04-11,3.6402430248737456
2053-04-12,1.8302271941833028
2053-04-13,2.31815910597584
2053-04-14,3.228814566123239
2053-04-15,3.952501936417944
2053-04-16,1.9483648549493704
2053-04-17,1.942094554703508
2053-04-18,1.7647248080367506
2053-04-19,2.0803305696921193
2053-04-20,3.103041382799728
2053-04-21,3.4619631234732204
2053-04-22,2.9606277607851164
2053-04-23,1.7908247753882789
2053-04-24,1.844839647649956
2053-04-25,2.2597487909934397
2053-04-26,2.351713800936652
2053-04-27,2.9879513873268198
2053-04-28,3.013854323131772
2053-04-29,3.648978064903925
2053-04-30,4.2900718571321725
2053-05-01,5.071009544731248
2053-05-02,6.924009167182069
2053-05-03,7.454381315481439
2053-05-04,7.397543082877831
2053-05-05,4.252037629233004
2053-05-06,4.801941987879445
2053-05-07,6.498273580438738
2053-05-08,5.982037470563253
2053-05-09,7.723111262224191
2053-05-10,9.257429310622042
2053-05-11,12.775698389855465
2053-05-12,10.362592657599695
2053-05-13,9.379238751422497
2053-05-14,6.773309744379633
2053-05-15,7.1788121800145674
2053-05-16,8.020325821535632
2053-05-17,5.9116794826459484
2053-05-18,5.732628594526815
2053-05-19,5.824780956806716
2053-05-20,7.090268271284223
2053-05-21,6.6015761786557245
2053-05-22,6.449027792152506
2053-05-23,5.744100320289639
2053-05-24,4.843107614914135
2053-05-25,4.664929026342722
2053-05-26,5.026465128730768
2053-05-27,4.910698055420001
2053-05-28,4.0992223213588765
2053-05-29,3.9779249485182833
2053-05-30,3.8422906055966015
2053-05-31,4.0086370223977585
2053-06-01,4.943065815394007
2053-06-02,7.325741199963229
2053-06-03,7.5003145328088925
2053-06-04,6.853638442821992
2053-06-05,5.816141245128866
2053-06-06,4.306515674745983
2053-06-07,4.491179028161438
2053-06-08,4.618106299262883
2053-06-09,4.12171488575625
2053-06-10,4.330868774927576
2053-06-11,3.8415468548789713
2053-06-12,2.68596779162932
2053-06-13,2.563203830376698
2053-06-14,2.466553466014312
2053-06-15,2.24091037492033
2053-06-16,2.1600019378666024
2053-06-17,1.8940610099352124
2053-06-18,1.6984626436084005
2053-06-19,1.6189523428654429
2053-06-20,1.364898062863253
2053-06-21,1.2171900453352964
2053-06-22,1.1112922086404804
2053-06-23,1.025873958176381
2053-06-24,0.9342620903186382
2053-06-25,0.8191813212506168
2053-06-26,0.7522958597260766
2053-06-27,0.6623355373464106
2053-06-28,0.6069524794180957
2053-06-29,0.5555080545960054
2053-06-30,0.5095198201707231
2053-07-01,1.0576042653025757
2053-07-02,0.9868427376262876
2053-07-03,0.8943233487469776
2053-07-04,0.8408266001127045
2053-07-05,0.8069784550347017
2053-07-06,0.8335011466385928
2053-07-07,0.7769989633799803
2053-07-08,0.6030836763890549
2053-07-09,0.5054354378412068
2053-07-10,0.5187976702691639
2053-07-11,0.4637180620823744
2053-07-12,0.4624404301055864
2053-07-13,0.42754777236312
2053-07-14,0.4622223194558321
2053-07-15,0.35737687887526204
2053-07-16,0.317815733259748
2053-07-17,0.2898533746982385
2053-07-18,0.2653214370017662
2053-07-19,0.2439637891586081
2053-07-20,0.2252670795543203
2053-07-21,0.21063951504912812
2053-07-22,0.1962261564847848
2053-07-23,0.18419348732061314
2053-07-24,0.17334338702595986
2053-07-25,0.16378542474377528
2053-07-26,0.15686443113288392
2053-07-27,0.14894124073275974
2053-07-28,0.14254985786090546
2053-07-29,0.13666787060545008
2053-07-30,0.13143844801296578
2053-07-31,0.12699448327222124
2053-08-01,0.15932349148705202
2053-08-02,0.15560647915083695
2053-08-03,0.15245265968576238
2053-08-04,0.1495062767166627
2053-08-05,0.14663990620419007
2053-08-06,0.1605677678068346
2053-08-07,0.1486395400882873
2053-08-08,0.13949971592974073
2053-08-09,0.13746340476987584
2053-08-10,0.1353578521949283
2053-08-11,0.1333748089598973
2053-08-12,0.1315138628211676
2053-08-13,0.1297671544616259
2053-08-14,0.12819258004339645
2053-08-15,0.12680979875912593
2053-08-16,0.1256421455038722
2053-08-17,0.12467433407746782
2053-08-18,0.12377637173926745
2053-08-19,0.12285314070969285
2053-08-20,0.12187117327649502
2053-08-21,0.12092823167601167
2053-08-22,0.12010412707576675
2053-08-23,0.11937039547882175
2053-08-24,0.11866353419828045
2053-08-25,0.11789594369242645
2053-08-26,0.11714222634956528
2053-08-27,0.11650703220760555
2053-08-28,0.11592383182486475
2053-08-29,0.15235090203535315
2053-08-30,0.11880542577299387
2053-08-31,0.11451440780653395
2053-09-01,0.05224619737054777
2053-09-02,0.05202170796160887
2053-09-03,0.0518099594496296
2053-09-04,0.05176511231995884
2053-09-05,0.0514023979692435
2053-09-06,0.051197377285653496
2053-09-07,0.051013003293505305
2053-09-08,0.10276603227278668
2053-09-09,0.05521895035058117
2053-09-10,0.05564203734117345
2053-09-11,0.19018677424297706
2053-09-12,0.11832422549742487
2053-09-13,0.10910921030770032
2053-09-14,0.0869784179734918
2053-09-15,0.11890617601524367
2053-09-16,0.1302429343514449
2053-09-17,0.17736931561894212
2053-09-18,0.12107961071473278
2053-09-19,0.07464885127377546
2053-09-20,0.04982986788416989
2053-09-21,0.04973087789835812
2053-09-22,0.049640372068840886
2053-09-23,0.049615223081561965
2053-09-24,0.050117798883079934
2053-09-25,0.050172045692654654
2053-09-26,0.04936484931009258
2053-09-27,0.04929570004338772
2053-09-28,0.04922649591369226
2053-09-29,0.04915355974084429
2053-09-30,0.049081993826880485
2053-10-01,0.0822201693332195
2053-10-02,0.08213443105635511
2053-10-03,0.08206869610317209
2053-10-04,0.08202191184757933
2053-10-05,0.08241143262101032
2053-10-06,0.08192951455997813
2053-10-07,0.09577159717975346
2053-10-08,0.17163116613160673
2053-10-09,0.16081614471068728
2053-10-10,0.15126864518951022
2053-10-11,0.13299958689054078
2053-10-12,0.09742779834829604
2053-10-13,0.09328036991042246
2053-10-14,0.09724044201711034
2053-10-15,0.1023590490088899
2053-10-16,0.09623801443026356
2053-10-17,0.08412935269806797
2053-10-18,0.08234552523797675
2053-10-19,0.0920701691622092
2053-10-20,0.09122231674791274
2053-10-21,0.08235140944943314
2053-10-22,0.08405244190920425
2053-10-23,0.10982706984712742
2053-10-24,0.18353152277710705
2053-10-25,0.3303913404471336
2053-10-26,0.3159928698336351
2053-10-27,0.1928953173959272
2053-10-28,0.09601490002596713
2053-10-29,0.08137544264810209
2053-10-30,0.0813312202663999
2053-10-31,0.08128543677097533
2053-11-01,0.061010980726304766
2053-11-02,0.06367823654969941
2053-11-03,0.06429729943641876
2053-11-04,0.08468298440270662
2053-11-05,0.15748567532101873
2053-11-06,0.08102818573156911
2053-11-07,0.14274089402568108
2053-11-08,0.1877201766907756
2053-11-09,0.18661733920336035
2053-11-10,0.1222414690898828
2053-11-11,0.060287397289184426
2053-11-12,0.057749075284068925
2053-11-13,0.0590385869430201
2053-11-14,0.06513511631755027
2053-11-15,0.08845197869640904
2053-11-16,0.07531867679622913
2053-11-17,0.07647388968015413
2053-11-18,0.06358296298870156
2053-11-19,0.060121412394079386
2053-11-20,0.054193222337117784
2053-11-21,0.058828155396952436
2053-11-22,0.05510817778920602
2053-11-23,0.05418538836687078
2053-11-24,0.054182264562810896
2053-11-25,0.05417868821709087
2053-11-26,0.05417485660531665
2053-11-27,0.054171186098294064
2053-11-28,0.06762628206158858
2053-11-29,0.05441393178128085
2053-11-30,0.05416363293186773
2053-12-01,0.057791589298524924
2053-12-02,0.057271892437977985
2053-12-03,0.061514499904181064
2053-12-04,0.05804451166667402
2053-12-05,0.0577205461707385
2053-12-06,0.0609610875881318
2053-12-07,0.05950229549019676
2053-12-08,0.06728538920552504
2053-12-09,0.062074126172943576
2053-12-10,0.07208152915334105
2053-12-11,0.07092029028095502
2053-12-12,0.06212731104430092
2053-12-13,0.07191281004126658
2053-12-14,0.090688131767643
2053-12-15,0.08053088411616342
2053-12-16,0.07356813008618081
2053-12-17,0.126100984490009
2053-12-18,0.18172257707429887
2053-12-19,0.18912992775854776
2053-12-20,0.10484890828021873
2053-12-21,0.41024148636519975
2053-12-22,0.3206012217076452
2053-12-23,0.20663472229476626
2053-12-24,0.0581501304844556
2053-12-25,0.05833188324513761
2053-12-26,0.07812242856951247
2053-12-27,0.0615170923657988
2053-12-28,0.11220306465101154
2053-12-29,0.23185206976663644
2053-12-30,0.07406155937414126
2053-12-31,0.3611087292018848
2054-01-01,0.5167153416454707
2054-01-02,0.0600797159978646
2054-01-03,0.09764160573370434
2054-01-04,0.4675283746531264
2054-01-05,0.21736041111865356
2054-01-06,0.04157664448399895
2054-01-07,0.03807302667359383
2054-01-08,0.03830970635870904
2054-01-09,0.04617092780472186
2054-01-10,0.04368227923242729
2054-01-11,0.052098611949586864
2054-01-12,0.08599543708962175
2054-01-13,0.08375133487144333
2054-01-14,0.10876419475085204
2054-01-15,0.11382741443217224
2054-01-16,0.11954800839934687
2054-01-17,0.9968666595832224
2054-01-18,0.3709173414851531
2054-01-19,0.19208045099890309
2054-01-20,0.14793480006556178
2054-01-21,0.1385190851932316
2054-01-22,0.16674495858579028
2054-01-23,0.4390461508145034
2054-01-24,0.4654305097972283
2054-01-25,0.26382688495637474
2054-01-26,0.28570908739634493
2054-01-27,0.3710591987250802
2054-01-28,0.5576845262691552
2054-01-29,0.7402537219469912
2054-01-30,0.4420971082588799
2054-01-31,0.4499460744585832
2054-02-01,0.2986148057221343
2054-02-02,0.2192261791293112
2054-02-03,0.21498665432239872
2054-02-04,0.2068335765630991
2054-02-05,0.19902185365562386
2054-02-06,0.8137158351411632
2054-02-07,13.964147121255724
2054-02-08,11.24723461374124
2054-02-09,2.215672299401216
2054-02-10,1.199166333672531
2054-02-11,0.6702570308009851
2054-02-12,0.5833906809892581
2054-02-13,0.6292803359350262
2054-02-14,0.6062524552118581
2054-02-15,0.6976636723028321
2054-02-16,0.8217631241276052
2054-02-17,1.0661307084794391
2054-02-18,1.7537756806531035
2054-02-19,1.2247151565471293
2054-02-20,1.0126640653758434
2054-02-21,1.2503201923917793
2054-02-22,0.9425214427282907
2054-02-23,1.0997397927520502
2054-02-24,1.314555379782126
2054-02-25,1.1838985547955208
2054-02-26,1.4138141213100612
2054-02-27,0.9417087090208944
2054-02-28,1.1395675260860858
2054-03-01,1.43538942885294
2054-03-02,1.2509734409895084
2054-03-03,1.0408680243961517
2054-03-04,1.1586499187624235
2054-03-05,1.1005889266971591
2054-03-06,1.5844339541942467
2054-03-07,1.4541693288107154
2054-03-08,1.5435843579075283
2054-03-09,1.985095082239652
2054-03-10,2.6468291753612934
2054-03-11,3.217867787281352
2054-03-12,3.885995645399388
2054-03-13,4.669636323030916
2054-03-14,4.450273219827749
2054-03-15,3.874964520335993
2054-03-16,4.690772058379591
2054-03-17,5.362859493485972
2054-03-18,2.0249553110455065
2054-03-19,2.4804610054597847
2054-03-20,2.6820286058984597
2054-03-21,2.7765471270660482
2054-03-22,2.7804371993081167
2054-03-23,3.4491738869592536
2054-03-24,5.244480430713055
2054-03-25,6.562611462927767
2054-03-26,6.313356826419379
2054-03-27,7.4446852762373075
2054-03-28,5.092154097673966
2054-03-29,7.303174872821704
2054-03-30,10.823147613031537
2054-03-31,15.405489292282185
2054-04-01,8.869961025172802
2054-04-02,8.623710360512257
2054-04-03,11.899212270756335
2054-04-04,13.708193786887078
2054-04-05,8.657863316879501
2054-04-06,5.221309106645852
2054-04-07,5.960175832974284
2054-04-08,4.318821058892368
2054-04-09,4.208525496411261
2054-04-10,4.545500306363039
2054-04-11,12.306098775689366
2054-04-12,12.45896743614725
2054-04-13,10.012083798658377
2054-04-14,7.297146260038406
2054-04-15,6.312852215199525
2054-04-16,5.5199004480838205
2054-04-17,4.9185660418618005
2054-04-18,4.797650947913806
2054-04-19,5.299284581167712
2054-04-20,5.350459258533321
2054-04-21,7.196908911920179
2054-04-22,9.463483917179914
2054-04-23,10.684112820418138
2054-04-24,5.2232114136059495
2054-04-25,5.213556058781278
2054-04-26,5.222912938764447
2054-04-27,5.055176549761319
2054-04-28,4.895705111556292
2054-04-29,5.031661614079598
2054-04-30,4.818064843040827
2054-05-01,4.510990175640538
2054-05-02,5.174197882730601
2054-05-03,6.5717913825335454
2054-05-04,7.9519701505516895
2054-05-05,12.525591554826107
2054-05-06,20.255259303243907
2054-05-07,26.66555151387221
2054-05-08,20.8197813286402
2054-05-09,8.006668027109665
2054-05-10,6.9323833861071575
2054-05-11,7.331451809851407
2054-05-12,8.11361779193429
2054-05-13,9.530165870868787
2054-05-14,13.023176166710641
2054-05-15,17.2250957935726
2054-05-16,20.783438735548092
2054-05-17,14.700104440175636
2054-05-18,14.255415718606544
2054-05-19,17.63629567642515
2054-05-20,20.754197800463785
2054-05-21,12.807565720792127
2054-05-22,17.118399313564733
2054-05-23,18.263864388931605
2054-05-24,23.22113044893209
2054-05-25,24.83534510173045
2054-05-26,24.494277834865326
2054-05-27,23.57364546668616
2054-05-28,27.52150874428043
2054-05-29,26.13356670665379
2054-05-30,20.19157306711621
2054-05-31,14.555482631567251
2054-06-01,14.624334145332663
2054-06-02,16.85635508329229
2054-06-03,14.617966986400265
2054-06-04,12.423890949008255
2054-06-05,10.472788193601485
2054-06-06,8.80037909931793
2054-06-07,8.754992438486918
2054-06-08,7.8894711819134775
2054-06-09,6.338282037522088
2054-06-10,5.086950410855146
2054-06-11,4.451464536903858
2054-06-12,3.9785055343716733
2054-06-13,3.266711117708561
2054-06-14,2.589795095313312
2054-06-15,2.429448883945378
2054-06-16,2.425329043250276
2054-06-17,2.2470251825432417
2054-06-18,2.114311916736182
2054-06-19,2.0406201933374057
2054-06-20,2.1687772843940376
2054-06-21,2.039040988887657
2054-06-22,1.9332904891961984
2054-06-23,1.8062786457380249
2054-06-24,1.7430135340814812
2054-06-25,1.6134556540456253
2054-06-26,1.5512029100651232
2054-06-27,1.276471741178952
2054-06-28,1.0837621744778476
2054-06-29,1.2234531914841082
2054-06-30,1.1868165266290045
2054-07-01,2.4523419897520298
2054-07-02,2.661263404419436
2054-07-03,2.5899423669372794
2054-07-04,2.2454581834401752
2054-07-05,1.825514841313316
2054-07-06,1.7365169011646735
2054-07-07,1.6838139605095612
2054-07-08,1.5472967927250791
2054-07-09,1.519443268350526
2054-07-10,1.3599031859065729
2054-07-11,1.16217676782034
2054-07-12,1.0896427064921068
2054-07-13,1.0126035631945354
2054-07-14,0.8910352598031591
2054-07-15,0.8490702789097405
2054-07-16,0.8401591325984691
2054-07-17,0.6304607216779438
2054-07-18,0.5586487879845842
2054-07-19,0.5270475367819795
2054-07-20,0.4949204248622757
2054-07-21,0.4858675740555002
2054-07-22,0.35649140035423826
2054-07-23,0.6900357101117778
2054-07-24,0.3004078047727861
2054-07-25,0.3530517914782509
2054-07-26,0.3165505594250495
2054-07-27,0.3180574440688672
2054-07-28,0.2274811916304787
2054-07-29,0.20738985814120148
2054-07-30,0.19048369474787505
2054-07-31,0.18580144679317329
2054-08-01,0.2121319004469944
2054-08-02,0.19679340168702575
2054-08-03,0.1846155822152253
2054-08-04,0.17434216718345374
2054-08-05,0.165829947131069
2054-08-06,0.1585059600526157
2054-08-07,0.15211259724853066
2054-08-08,0.14657373149562694
2054-08-09,0.1419325029820944
2054-08-10,0.1382089059094968
2054-08-11,0.1351276788782448
2054-08-12,0.1325744368531384
2054-08-13,0.13055629763600554
2054-08-14,0.12882831216401952
2054-08-15,0.1273047667722884
2054-08-16,0.125989861144138
2054-08-17,0.1247840376863694
2054-08-18,0.12383704920371474
2054-08-19,0.12254695017695222
2054-08-20,0.1214120600809554
2054-08-21,0.12037634849576333
2054-08-22,0.13115324713814294
2054-08-23,0.18162455163622415
2054-08-24,0.3284283079115951
2054-08-25,0.12434319850546685
2054-08-26,0.1174704183633462
2054-08-27,0.1167870404125944
2054-08-28,0.11620445136621407
2054-08-29,0.1157137028039448
2054-08-30,0.6576542519061923
2054-08-31,0.24334372384185454
2054-09-01,0.09536095281986584
2054-09-02,0.05244329257093204
2054-09-03,0.05226349892437638
2054-09-04,0.052096719255543975
2054-09-05,0.051912817236076714
2054-09-06,0.051711368248917824
2054-09-07,0.05151002051958031
2054-09-08,0.07893322107035898
2054-09-09,0.05114386845532717
2054-09-10,0.050985150720252455
2054-09-11,0.05084805602039847
2054-09-12,0.050724846462233616
2054-09-13,0.05060483498197331
2054-09-14,0.050478213317824316
2054-09-15,0.05034949023409219
2054-09-16,0.05022749188121305
2054-09-17,0.050128215174695616
2054-09-18,0.060745765605956174
2054-09-19,0.05294945722461485
2054-09-20,0.04998752917631745
2054-09-21,0.04995050456703679
2054-09-22,0.050294601601605364
2054-09-23,0.04977595426256981
2054-09-24,0.0502092388164312
2054-09-25,0.04963783806397118
2054-09-26,0.0495984197790326
2054-09-27,0.056568635521017034
2054-09-28,0.051558247643709615
2054-09-29,0.04946503050498914
2054-09-30,0.04938898659825698
2054-10-01,0.08271604777501013
2054-10-02,0.08260048931283309
2054-10-03,0.0824941359430124
2054-10-04,0.08239892720308127
2054-10-05,0.08231812540948505
2054-10-06,0.08226956248102167
2054-10-07,0.08224455211800667
2054-10-08,0.08222089958444409
2054-10-09,0.08219643533944014
2054-10-10,0.08217054336997492
2054-10-11,0.08213896320667513
2054-10-12,0.08210048943894156
2054-10-13,0.08205750043751946
2054-10-14,0.08200381995358705
2054-10-15,0.08193553232507544
2054-10-16,0.08186125126007036
2054-10-17,0.08179179848714949
2054-10-18,0.0817299940140206
2054-10-19,0.08167566733797223
2054-10-20,0.08162174162298075
2054-10-21,0.08156797348650674
2054-10-22,0.0815181527157582
2054-10-23,0.08147318215737108
2054-10-24,0.08144017970918667
2054-10-25,0.08141401434484281
2054-10-26,0.8418035364369488
2054-10-27,0.8155946444108603
2054-10-28,0.33432216868942993
2054-10-29,0.1909591340619154
2054-10-30,0.2011588433318687
2054-10-31,0.11990215942122702
2054-11-01,0.2512466307558876
2054-11-02,0.14021434561123008
2054-11-03,0.07638091157757795
2054-11-04,0.13319841483350034
2054-11-05,0.23841485774542315
2054-11-06,0.2869556395374651
2054-11-07,0.2624682813487157
2054-11-08,0.27620440313643274
2054-11-09,0.17598981957432852
2054-11-10,0.1967657472614068
2054-11-11,0.2526550816051504
2054-11-12,0.4514931721796821
2054-11-13,0.2726250221110453
2054-11-14,0.4149806543524883
2054-11-15,0.4377639316225274
2054-11-16,0.39148579796101984
2054-11-17,0.4150800325522147
2054-11-18,0.2791815354919864
2054-11-19,0.15036937188801092
2054-11-20,0.07348658469056543
2054-11-21,0.07963608068162853
2054-11-22,0.09308299332546634
2054-11-23,0.09105617245107372
2054-11-24,0.07566165788503329
2054-11-25,1.3769899142936055
2054-11-26,2.029306223351814
2054-11-27,0.2557567738275118
2054-11-28,0.06479857337219795
2054-11-29,0.07070129061699401
2054-11-30,0.07255309643112777
2054-12-01,0.5130794836976533
2054-12-02,0.14553865407396213
2054-12-03,0.06685088177647049
2054-12-04,0.06788256094280001
2054-12-05,0.0678275020384242
2054-12-06,0.06759331259961134
2054-12-07,0.07822611751364643
2054-12-08,0.07275788726891706
2054-12-09,0.12331444081676315
2054-12-10,0.33012280740543554
2054-12-11,0.07262005468952598
2054-12-12,0.07302141730721319
2054-12-13,0.15065702336080627
2054-12-14,0.0723629778668306
2054-12-15,0.08171234210428696
2054-12-16,0.1006264682516068
2054-12-17,0.08015443509165023
2054-12-18,0.24964661999639606
2054-12-19,1.7441309971743064
2054-12-20,0.08131433626862633
2054-12-21,0.08354387378566362
2054-12-22,0.08347140692384115
2054-12-23,0.08258214031538164
2054-12-24,0.07170709839171722
2054-12-25,0.07190714602821313
2054-12-26,0.07208251916157864
2054-12-27,0.07223939293828144
2054-12-28,0.0723818290040049
2054-12-29,0.07251258754120808
2054-12-30,0.0746302733243154
2054-12-31,0.07347253807665095
2055-01-01,0.04946681682236266
2055-01-02,0.050667159143109264
2055-01-03,0.04732640475125486
2055-01-04,0.046380074389160635
2055-01-05,0.045829012940886364
2055-01-06,0.045742048775311885
2055-01-07,0.045677742088808884
2055-01-08,0.04580341284043005
2055-01-09,0.05661184936259165
2055-01-10,0.07778035536020654
2055-01-11,0.3260643494655137
2055-01-12,0.5141818924195173
2055-01-13,1.2802774154639702
2055-01-14,0.15227417569810264
2055-01-15,0.1109760688438782
2055-01-16,0.12934932571997368
2055-01-17,0.16317732227548148
2055-01-18,0.10506209134291808
2055-01-19,0.11255098266932544
2055-01-20,0.1296112651366058
2055-01-21,0.12731399827472878
2055-01-22,0.12579865630607953
2055-01-23,0.13318287533905274
2055-01-24,0.1706248940632278
2055-01-25,0.15985619626519845
2055-01-26,0.17758940188222228
2055-01-27,0.1868372859361908
2055-01-28,0.17730398654143836
2055-01-29,0.20165852090441552
2055-01-30,0.19815043805077626
2055-01-31,0.22211911055016956
2055-02-01,0.2442099343379233
2055-02-02,0.21313448842877109
2055-02-03,0.3085549396397119
2055-02-04,0.2301457261950856
2055-02-05,0.2407478926684271
2055-02-06,0.21484341887654707
2055-02-07,0.2141826351353231
2055-02-08,0.21502903067573045
2055-02-09,0.22331341312790604
2055-02-10,0.21168387580628506
2055-02-11,0.2403972609078623
2055-02-12,0.2994288912411803
2055-02-13,0.3782416323040757
2055-02-14,0.5966406223207307
2055-02-15,0.7195860685573678
2055-02-16,0.6237898788644071
2055-02-17,0.6260861518712848
2055-02-18,0.4108633264644144
2055-02-19,0.4024267680849621
2055-02-20,0.4330512772691637
2055-02-21,0.575858412768988
2055-02-22,0.5783803992756058
2055-02-23,0.7290230923585299
2055-02-24,1.3791270655585872
2055-02-25,0.663058196627318
2055-02-26,0.5480227917053874
2055-02-27,0.601442967680331
2055-02-28,0.5235228951193371
2055-03-01,0.6337544551208638
2055-03-02,0.6197537561901656
2055-03-03,0.6103971917224603
2055-03-04,0.5774593223619242
2055-03-05,0.5542317201039054
2055-03-06,0.5222841476535225
2055-03-07,0.4889287959509947
2055-03-08,0.4840922813858674
2055-03-09,0.5170542662237104
2055-03-10,0.42984531502859896
2055-03-11,0.4171134964674733
2055-03-12,0.3999602736231005
2055-03-13,0.4114944246245144
2055-03-14,0.5084930461529301
2055-03-15,0.8094017629857201
2055-03-16,1.2719829300253258
2055-03-17,2.1097047532137063
2055-03-18,1.384355752391779
2055-03-19,1.3637040048278928
2055-03-20,1.508029185817685
2055-03-21,1.1810017868935159
2055-03-22,1.2230167500506448
2055-03-23,1.5492833818385268
2055-03-24,2.2778546583781414
2055-03-25,3.0541382162148474
2055-03-26,3.8254571688666585
2055-03-27,5.3138955940210435
2055-03-28,8.461928589571611
2055-03-29,7.438850587064005
2055-03-30,1.9682270765072267
2055-03-31,2.1213496054588807
2055-04-01,1.939380805298278
2055-04-02,3.4716307430643503
2055-04-03,4.151373300558712
2055-04-04,3.655881916365848
2055-04-05,1.9467238597103258
2055-04-06,4.039242011320618
2055-04-07,4.665537095620173
2055-04-08,2.2493080539649384
2055-04-09,2.396089913877685
2055-04-10,3.1384796608590224
2055-04-11,9.167912598603252
2055-04-12,10.749633132850876
2055-04-13,11.536494384267964
2055-04-14,12.704723265092687
2055-04-15,15.084071326384244
2055-04-16,14.199435854181592
2055-04-17,11.885737897561224
2055-04-18,6.230831790631192
2055-04-19,6.421770541920709
2055-04-20,7.7000967816223875
2055-04-21,10.417830304217588
2055-04-22,10.727992590292224
2055-04-23,13.013158016217833
2055-04-24,18.364059768353414
2055-04-25,22.908642084461235
2055-04-26,6.956759312748778
2055-04-27,6.521774450889152
2055-04-28,6.39542835891704
2055-04-29,6.3715076955287095
2055-04-30,6.315351300881297
2055-05-01,5.950731790919003
2055-05-02,6.4308881893083205
2055-05-03,7.70474628922011
2055-05-04,9.314111938406457
2055-05-05,11.708775418608546
2055-05-06,16.197216317688756
2055-05-07,26.24499786987548
2055-05-08,36.43950804582909
2055-05-09,47.01277870491065
2055-05-10,36.762868151635686
2055-05-11,37.518309890830906
2055-05-12,34.823487297752244
2055-05-13,38.134202179801285
2055-05-14,38.57651353005981
2055-05-15,36.76248554869417
2055-05-16,36.79741312991629
2055-05-17,30.42444382911942
2055-05-18,26.347688397394414
2055-05-19,23.3931090317254
2055-05-20,24.03177852004845
2055-05-21,25.43570711627121
2055-05-22,28.892317601501194
2055-05-23,26.393136579030163
2055-05-24,21.514645589083376
2055-05-25,20.33274281268695
2055-05-26,15.86485315046592
2055-05-27,11.320657325802893
2055-05-28,10.918028332908378
2055-05-29,8.756394965579549
2055-05-30,9.119920593142773
2055-05-31,8.48798316948366
2055-06-01,6.884176934002701
2055-06-02,6.2250744883488265
2055-06-03,5.734915127945768
2055-06-04,5.0360007276727465
2055-06-05,4.413392080067441
2055-06-06,4.08052775393412
2055-06-07,3.947445884109468
2055-06-08,3.507802003699545
2055-06-09,3.9476291611429577
2055-06-10,3.629596471482436
2055-06-11,3.703831492398383
2055-06-12,3.0447458243457297
2055-06-13,3.0414974630642404
2055-06-14,2.87473066499833
2055-06-15,3.1233533465062084
2055-06-16,3.0006183532375013
2055-06-17,2.6805710255586477
2055-06-18,2.303231545460091
2055-06-19,2.13565895896415
2055-06-20,2.148409859345277
2055-06-21,2.1495267209499005
2055-06-22,1.94898587949752
2055-06-23,2.0552398713833444
2055-06-24,2.247374997846651
2055-06-25,2.453702095993985
2055-06-26,3.196079100380678
2055-06-27,2.970530763923765
2055-06-28,2.662760311099212
2055-06-29,2.3070472068496812
2055-06-30,2.1798846342050227
2055-07-01,5.099255929921119
2055-07-02,5.269496766397528
2055-07-03,5.252982636592808
2055-07-04,5.1695485845540885
2055-07-05,4.755849404554668
2055-07-06,4.1720597465331934
2055-07-07,4.056852426184282
2055-07-08,3.377243665350023
2055-07-09,2.9118698691476603
2055-07-10,3.0770264243292567
2055-07-11,3.0578188444544248
2055-07-12,2.9011004210486275
2055-07-13,2.8013325359884846
2055-07-14,3.8547371450749512
2055-07-15,3.5485206206221265
2055-07-16,3.3329927320804718
2055-07-17,3.263954273779043
2055-07-18,1.6307650320359361
2055-07-19,1.7000426330780862
2055-07-20,1.532390573228337
2055-07-21,1.6579645720905631
2055-07-22,1.3687718638856892
2055-07-23,2.336379776267945
2055-07-24,1.4588559540415669
2055-07-25,1.212315988715038
2055-07-26,0.9860293032028216
2055-07-27,1.0424205932786124
2055-07-28,0.9636081519586636
2055-07-29,0.8385966963508404
2055-07-30,1.0908862238426775
2055-07-31,0.6475899439272554
2055-08-01,0.6799346044424033
2055-08-02,0.6284267228405281
2055-08-03,0.5718874472908042
2055-08-04,0.5152293621136933
2055-08-05,0.4642231721917891
2055-08-06,0.6703346908856959
2055-08-07,0.38590084066522057
2055-08-08,0.35183260316809845
2055-08-09,0.3215198958331665
2055-08-10,0.2958057885090505
2055-08-11,0.2728978390397811
2055-08-12,0.25214534315947673
2055-08-13,0.2335633771221663
2055-08-14,0.2172740417865167
2055-08-15,0.20397913689742211
2055-08-16,0.193613827481602
2055-08-17,0.18513721411163025
2055-08-18,0.17813392345765322
2055-08-19,0.1725046289164446
2055-08-20,0.16774299421397715
2055-08-21,0.16343419883940202
2055-08-22,0.15945244794796865
2055-08-23,0.15580620425637334
2055-08-24,0.15256204932030396
2055-08-25,0.14982447263491416
2055-08-26,0.1476779356417398
2055-08-27,0.14586314510618156
2055-08-28,0.2216617287783699
2055-08-29,0.14700779409644554
2055-08-30,2.0180773320562833
2055-08-31,0.2805065217283904
2055-09-01,0.16723222255451434
2055-09-02,0.06367847267268381
2055-09-03,0.06301418676368886
2055-09-04,0.062415417261101724
2055-09-05,0.061866260512739336
2055-09-06,0.06158539117356183
2055-09-07,0.08160762121952987
2055-09-08,0.06037831498553934
2055-09-09,0.06002158174738565
2055-09-10,0.06011740937634801
2055-09-11,0.06623174352886659
2055-09-12,0.05936905629277514
2055-09-13,0.059042635954473274
2055-09-14,0.058724410360422336
2055-09-15,0.058380616805338126
2055-09-16,0.057977605518233985
2055-09-17,0.0575592420940499
2055-09-18,0.05715318282592542
2055-09-19,0.056787535103651664
2055-09-20,0.509992194001223
2055-09-21,0.6481998804935681
2055-09-22,0.22019582230443133
2055-09-23,0.17849248445504276
2055-09-24,0.16937235373573814
2055-09-25,0.2728289577486793
2055-09-26,0.12105109638911607
2055-09-27,0.05615551766868529
2055-09-28,0.05591946867211321
2055-09-29,0.055733916108139867
2055-09-30,0.05553477147731501
2055-10-01,0.09279120348276222
2055-10-02,0.0924437013988634
2055-10-03,0.092139443429671
2055-10-04,0.9036814299168586
2055-10-05,0.510215644771021
2055-10-06,0.10534195426818008
2055-10-07,0.0916741771547158
2055-10-08,0.09148440349438128
2055-10-09,0.09126098853663601
2055-10-10,0.09099582364863218
2055-10-11,0.09071476079686963
2055-10-12,0.09570538623941513
2055-10-13,0.09028182614088846
2055-10-14,0.091893588079644
2055-10-15,0.9547587258089963
2055-10-16,0.09430448185901033
2055-10-17,0.08986037179619953
2055-10-18,0.10099301693238576
2055-10-19,0.4833671928909581
2055-10-20,0.5377916960576974
2055-10-21,1.1262104103500985
2055-10-22,0.6488456972563703
2055-10-23,0.30961394378640084
2055-10-24,0.18747162991822608
2055-10-25,0.16034284639642205
2055-10-26,0.1150420297307878
2055-10-27,0.12669780248117798
2055-10-28,0.12404319173570735
2055-10-29,0.09997856449201467
2055-10-30,0.11491498168372255
2055-10-31,0.12164384377597508
2055-11-01,0.08581933385819215
2055-11-02,0.07315993532648518
2055-11-03,0.06234947966135425
2055-11-04,0.07581391438081694
2055-11-05,0.09570979269150567
2055-11-06,0.07906782699109448
2055-11-07,0.06071577422482813
2055-11-08,0.06085636730667163
2055-11-09,0.060900625435688034
2055-11-10,0.06155525905387715
2055-11-11,0.0612762444975713
2055-11-12,0.060955837411102776
2055-11-13,0.06074862975654005
2055-11-14,0.10423416568620268
2055-11-15,0.06564765611389453
2055-11-16,0.0686624626193365
2055-11-17,0.0764671022074274
2055-11-18,0.06801946773609707
2055-11-19,2.235630527711292
2055-11-20,4.718190575048103
2055-11-21,0.16934748646519554
2055-11-22,0.19587178076758965
2055-11-23,0.3673678094295284
2055-11-24,0.6370794006675492
2055-11-25,0.08638067414458983
2055-11-26,0.08432809424954643
2055-11-27,0.0988924164642144
2055-11-28,1.1301469895143066
2055-11-29,6.652114966308056
2055-11-30,65.08447774456883
2055-12-01,7.545637306780769
2055-12-02,0.935640536629608
2055-12-03,0.3476876608976829
2055-12-04,0.1488099975131477
2055-12-05,0.5314081446622791
2055-12-06,0.905251398718726
2055-12-07,0.13222871859705407
2055-12-08,0.121408796886872
2055-12-09,0.13121207548989292
2055-12-10,0.12356911812145162
2055-12-11,0.12205033932364215
2055-12-12,0.1223402027973074
2055-12-13,0.12796585103108188
2055-12-14,0.2119226742686252
2055-12-15,0.4410531648948163
2055-12-16,0.7825292636772825
2055-12-17,1.2726064086597648
2055-12-18,0.8860705715964959
2055-12-19,0.4042248117644393
2055-12-20,0.25486780404094644
2055-12-21,0.4093328398101549
2055-12-22,0.34132764004245103
2055-12-23,0.4478232997752747
2055-12-24,0.3821766248159715
2055-12-25,0.5826325198680306
2055-12-26,3.4211703524055124
2055-12-27,10.229311319905008
2055-12-28,134.94551119521668
2055-12-29,110.93715624481692
2055-12-30,12.050470934541593
2055-12-31,3.387986657090833
2056-01-01,2.125447653934547
2056-01-02,2.1169675787562166
2056-01-03,2.1504824669872256
2056-01-04,2.105043828552308
2056-01-05,2.013357232430303
2056-01-06,1.9037365528410548
2056-01-07,1.7998947807991863
2056-01-08,1.6867498359809925
2056-01-09,1.5779968140922331
2056-01-10,1.479805820964334
2056-01-11,1.436028737392996
2056-01-12,1.3381838616753765
2056-01-13,1.2362081494390156
2056-01-14,1.1680216214920849
2056-01-15,1.1128133332855297
2056-01-16,1.0704357898748844
2056-01-17,2.6025230826740877
2056-01-18,4.663575427326883
2056-01-19,3.0036878259666477
2056-01-20,2.6965478497306146
2056-01-21,2.2825402339877767
2056-01-22,3.1490286641762983
2056-01-23,3.136157867913322
2056-01-24,3.413485427394963
2056-01-25,2.5763226014690326
2056-01-26,4.308743519453117
2056-01-27,2.4701465735308834
2056-01-28,2.1956656233048113
2056-01-29,2.24772978722646
2056-01-30,2.1332336828438363
2056-01-31,2.059624985114852
2056-02-01,1.622064602151314
2056-02-02,1.589621488392165
2056-02-03,1.5429166331704878
2056-02-04,1.5079309098362006
2056-02-05,1.3474044260509104
2056-02-06,1.2689916840399602
2056-02-07,1.2013617196388189
2056-02-08,1.1346754436555069
2056-02-09,1.0936900462149215
2056-02-10,1.1446184482929562
2056-02-11,1.2712828622684371
2056-02-12,1.4148666628209619
2056-02-13,1.2993210286793222
2056-02-14,1.1256322781908024
2056-02-15,1.1096703790451483
2056-02-16,1.08930221673768
2056-02-17,1.0622510588982614
2056-02-18,1.0153929136550373
2056-02-19,0.9515590827548921
2056-02-20,0.902185513566558
2056-02-21,0.8645731868607841
2056-02-22,0.8318398199094258
2056-02-23,0.8080081086833987
2056-02-24,0.8043313420785734
2056-02-25,0.7220537250573074
2056-02-26,0.7346517905391117
2056-02-27,0.8816814692763033
2056-02-28,1.6968524304412802
2056-02-29,2.525363041540833
2056-03-01,3.848725732333853
2056-03-02,4.346055191146444
2056-03-03,4.50067047566036
2056-03-04,4.185146568343165
2056-03-05,3.204072646616488
2056-03-06,3.4526044985301216
2056-03-07,3.1902840127939625
2056-03-08,3.019059212373455
2056-03-09,2.892071446613352
2056-03-10,2.7817571690770517
2056-03-11,2.657430827695086
2056-03-12,2.5112223140071106
2056-03-13,2.3899220642795647
2056-03-14,2.3302499667561816
2056-03-15,2.2140899789627
2056-03-16,2.1791911453597788
2056-03-17,1.9869735586001593
2056-03-18,1.878032221118476
2056-03-19,1.7884772272917993
2056-03-20,1.7116614922882176
2056-03-21,1.6910722852921096
2056-03-22,1.5693950496512996
2056-03-23,1.4926843583901044
2056-03-24,1.4441430711439756
2056-03-25,1.5098350680573551
2056-03-26,1.8030374256063315
2056-03-27,2.615162305111249
2056-03-28,4.333990718460143
2056-03-29,3.0576270879586915
2056-03-30,2.4936672982660295
2056-03-31,2.5661324195646595
2056-04-01,3.0515361668821788
2056-04-02,4.440888272447276
2056-04-03,4.39685881811329
2056-04-04,6.351000439534432
2056-04-05,7.998543634234244
2056-04-06,6.85271079065304
2056-04-07,6.3177670015320935
2056-04-08,5.5898208026828415
2056-04-09,6.994533275018358
2056-04-10,9.3259936448659
2056-04-11,13.669628754833946
2056-04-12,6.896272361710927
2056-04-13,5.644234644829603
2056-04-14,5.8975664277272575
2056-04-15,7.0455434111154895
2056-04-16,8.9545329471996
2056-04-17,8.089862490006428
2056-04-18,10.111657153540694
2056-04-19,13.40985416892457
2056-04-20,19.39278978670363
2056-04-21,26.56482049533255
2056-04-22,24.984546784828478
2056-04-23,24.079570149646454
2056-04-24,24.802516755523897
2056-04-25,28.237942981016154
2056-04-26,32.16221475003838
2056-04-27,34.9673948489116
2056-04-28,42.31150290945406
2056-04-29,43.95418938522902
2056-04-30,37.93245737684668
2056-05-01,29.49863280580063
2056-05-02,8.538563243678174
2056-05-03,8.483818605131209
2056-05-04,8.42188436197766
2056-05-05,9.054127430520051
2056-05-06,10.2292153358974
2056-05-07,11.051392907677133
2056-05-08,9.622100593066868
2056-05-09,8.625387995153684
2056-05-10,8.41062935319052
2056-05-11,8.228968777916172
2056-05-12,7.980774528958483
2056-05-13,8.003591791446679
2056-05-14,7.296075410329473
2056-05-15,7.734270515696589
2056-05-16,8.194865367085422
2056-05-17,8.31472725122668
2056-05-18,8.028121325948758
2056-05-19,10.232581644111573
2056-05-20,13.108279639478226
2056-05-21,12.070462201749505
2056-05-22,9.246923561867904
2056-05-23,9.831157218608343
2056-05-24,11.715320868274855
2056-05-25,14.544564669689677
2056-05-26,20.730428320285988
2056-05-27,21.52808445760197
2056-05-28,22.63103138912533
2056-05-29,19.38179695543284
2056-05-30,10.848420453202591
2056-05-31,9.78179822396257
2056-06-01,9.691980548206061
2056-06-02,10.722514612356953
2056-06-03,10.927463852696311
2056-06-04,12.721214684600588
2056-06-05,19.283140632742725
2056-06-06,29.084108746759487
2056-06-07,34.546528327607284
2056-06-08,44.037076965623896
2056-06-09,53.100412719908654
2056-06-10,52.82213640633722
2056-06-11,52.459601190202754
2056-06-12,46.99777754933554
2056-06-13,47.039984498723065
2056-06-14,45.808544962843115
2056-06-15,40.29441133325127
2056-06-16,37.215581583862544
2056-06-17,38.05686361933483
2056-06-18,37.29855364328915
2056-06-19,36.93790504279029
2056-06-20,31.50999824240169
2056-06-21,29.08868533222689
2056-06-22,21.93035221452787
2056-06-23,17.918040039923344
2056-06-24,15.323585139817546
2056-06-25,16.79914276730424
2056-06-26,16.8535836344609
2056-06-27,16.541250459606633
2056-06-28,16.39919269634521
2056-06-29,12.948325214239668
2056-06-30,11.47947628054136
2056-07-01,19.04148614201849
2056-07-02,17.67544729739145
2056-07-03,15.985224638984274
2056-07-04,13.473722576298153
2056-07-05,12.841674407171828
2056-07-06,11.57947144769166
2056-07-07,10.104551777921039
2056-07-08,10.353056281679807
2056-07-09,9.14145127162488
2056-07-10,8.895161231704343
2056-07-11,9.17941005252599
2056-07-12,8.48311850637363
2056-07-13,7.661592225439656
2056-07-14,7.24332403922915
2056-07-15,6.733419382042571
2056-07-16,6.199252963631044
2056-07-17,5.654876031772183
2056-07-18,4.874698299105625
2056-07-19,4.622581367867508
2056-07-20,5.267395022827537
2056-07-21,4.400218455535863
2056-07-22,4.523897636949183
2056-07-23,4.628783305012684
2056-07-24,4.553463600800876
2056-07-25,4.154562008384159
2056-07-26,4.050723926939683
2056-07-27,2.8818989468161864
2056-07-28,2.6750449169892576
2056-07-29,2.6091841631481705
2056-07-30,2.9297587936042433
2056-07-31,3.2785533457111646
2056-08-01,4.25126876852823
2056-08-02,3.810782151831822
2056-08-03,3.67000158596136
2056-08-04,3.463125212131831
2056-08-05,3.3146677938074487
2056-08-06,3.3367927416194485
2056-08-07,2.9616174605858427
2056-08-08,2.8464960926773184
2056-08-09,2.8760079573288686
2056-08-10,2.829687488706321
2056-08-11,2.5752940120748478
2056-08-12,2.1971113509192715
2056-08-13,2.09910805717223
2056-08-14,2.1088003936462267
2056-08-15,1.6978277571530371
2056-08-16,1.5748386354018982
2056-08-17,1.5825411573534462
2056-08-18,1.4701994477140754
2056-08-19,1.3911538908334151
2056-08-20,1.4038005927946005
2056-08-21,1.3402377886314556
2056-08-22,1.188057028750393
2056-08-23,0.991268426239897
2056-08-24,0.828638836256692
2056-08-25,0.7388608798236632
2056-08-26,0.6985040762308264
2056-08-27,0.692496016349999
2056-08-28,0.7541756495256905
2056-08-29,0.9621994121224444
2056-08-30,0.960605427611759
2056-08-31,0.8537359943907916
2056-09-01,0.3704268853186787
2056-09-02,0.33443153955141663
2056-09-03,0.21177864916903186
2056-09-04,0.2103518635047884
2056-09-05,0.20115573760347788
2056-09-06,0.21161356878860385
2056-09-07,0.18637031850724828
2056-09-08,0.17918865057762431
2056-09-09,0.17364433053554928
2056-09-10,0.15144344276589272
2056-09-11,0.13995477861728373
2056-09-12,0.13352148805655287
2056-09-13,0.12906319767303573
2056-09-14,0.12495412473839194
2056-09-15,0.1190587189474489
2056-09-16,0.11314104765643382
2056-09-17,0.10750161352949512
2056-09-18,0.10138475032304514
2056-09-19,0.09571012353162778
2056-09-20,0.09049732397966304
2056-09-21,0.08588038980705599
2056-09-22,0.08177226185312927
2056-09-23,0.07822775987816323
2056-09-24,0.07519111416395298
2056-09-25,0.07247597401674194
2056-09-26,0.07023514579260567
2056-09-27,0.06834158843610186
2056-09-28,0.06699639302437864
2056-09-29,0.06656012594247042
2056-09-30,0.06487740679654729
2056-10-01,0.10578134234233902
2056-10-02,1.2738405258677403
2056-10-03,1.4840539060717932
2056-10-04,0.3304209546313488
2056-10-05,0.7246931245950267
2056-10-06,0.7396738282772426
2056-10-07,0.7488980755447622
2056-10-08,0.4002642219315549
2056-10-09,0.15244690554883672
2056-10-10,0.10292151436719724
2056-10-11,0.09919077784996667
2056-10-12,0.09828306848732976
2056-10-13,0.0973623566009068
2056-10-14,0.09645575106211172
2056-10-15,0.09557729736013268
2056-10-16,0.0948190777279612
2056-10-17,0.0942232858600556
2056-10-18,0.09365427033490252
2056-10-19,0.09303384445773494
2056-10-20,0.09243103364888776
2056-10-21,0.09185602788762194
2056-10-22,0.09132191844842907
2056-10-23,0.09092835493509167
2056-10-24,0.09070701014088492
2056-10-25,0.09048613408028353
2056-10-26,0.09021983459857692
2056-10-27,0.11855755825709155
2056-10-28,0.09006486824119132
2056-10-29,0.08967564228863838
2056-10-30,0.08953969178939501
2056-10-31,0.089514712312973
2056-11-01,0.059711780153431385
2056-11-02,0.05961443912320525
2056-11-03,0.05953310415872039
2056-11-04,0.9494200980888134
2056-11-05,0.17622908806531426
2056-11-06,0.0898378648974288
2056-11-07,0.6410463381390586
2056-11-08,0.2411181070254311
2056-11-09,0.09469386803678977
2056-11-10,0.13646718692136145
2056-11-11,0.06844693225010076
2056-11-12,0.06562940001261812
2056-11-13,0.0599666569183681
2056-11-14,0.09114739028080013
2056-11-15,0.06329144997799924
2056-11-16,0.06646707670992158
2056-11-17,0.06428534290468126
2056-11-18,0.21356292519494724
2056-11-19,0.06538116024636365
2056-11-20,0.0672035653390642
2056-11-21,0.06404055925242667
2056-11-22,0.2260180514092196
2056-11-23,0.11154970603649146
2056-11-24,0.0677686496232394
2056-11-25,0.06762410523294703
2056-11-26,0.06581427552530497
2056-11-27,0.06934548673356852
2056-11-28,0.08115192038486714
2056-11-29,0.0833840112377376
2056-11-30,0.15392442497023526
2056-12-01,0.14530601773486862
2056-12-02,0.1498517109737896
2056-12-03,0.22622411374369805
2056-12-04,0.1498363615019284
2056-12-05,0.14103088753759804
2056-12-06,0.14430650094287628
2056-12-07,0.09951020063081194
2056-12-08,0.09294489275037494
2056-12-09,0.14266660198773254
2056-12-10,0.08152414413173578
2056-12-11,0.06682815848128525
2056-12-12,0.13524453101520836
2056-12-13,0.08823310383803531
2056-12-14,0.07187203358326046
2056-12-15,0.104035685323335
2056-12-16,0.07062916937345086
2056-12-17,0.06851989988584399
2056-12-18,0.06771832269380695
2056-12-19,0.06663476548324569
2056-12-20,0.07227447802654796
2056-12-21,0.07805730951573182
2056-12-22,0.06676514725831506
2056-12-23,0.06899757101341021
2056-12-24,0.0668366447725339
2056-12-25,0.06713424208815723
2056-12-26,0.06709459331721995
2056-12-27,0.06731521989838049
2056-12-28,0.08179732749756878
2056-12-29,0.0889025070163366
2056-12-30,0.09104384288664404
2056-12-31,0.10485454754856388
2057-01-01,0.051355874134244715
2057-01-02,0.05921371638588874
2057-01-03,0.06715130925866743
2057-01-04,0.06825785352200978
2057-01-05,0.052949346920697686
2057-01-06,0.049113862580914304
2057-01-07,0.15335363081678602
2057-01-08,0.7883650523253617
2057-01-09,1.2549986628366845
2057-01-10,0.1091387417106698
2057-01-11,0.04437696704431813
2057-01-12,0.04384219970113209
2057-01-13,0.04394291300229206
2057-01-14,0.1002750687072484
2057-01-15,0.2878907298215089
2057-01-16,0.05208134417989324
2057-01-17,0.05325723844085682
2057-01-18,0.05465941280600492
2057-01-19,0.055422827304872725
2057-01-20,0.055834823966327
2057-01-21,0.05603080685622132
2057-01-22,0.057444529393077814
2057-01-23,0.05780306389927847
2057-01-24,0.06202697394292575
2057-01-25,0.06257635020883474
2057-01-26,0.1040803973314056
2057-01-27,0.1109249021607172
2057-01-28,0.14435719278972164
2057-01-29,0.1867811738816589
2057-01-30,0.13715757310336962
2057-01-31,0.11518062463062982
2057-02-01,0.08867804976225964
2057-02-02,0.08980404428483338
2057-02-03,0.09030066578092916
2057-02-04,0.12215761988907947
2057-02-05,0.18004276031793126
2057-02-06,0.10943875127803797
2057-02-07,0.11520061047532368
2057-02-08,0.12513126145589512
2057-02-09,0.1151338779063176
2057-02-10,0.11499360764276995
2057-02-11,0.11191180839362667
2057-02-12,0.11737357814684968
2057-02-13,0.13777734656136906
2057-02-14,0.13511805750749695
2057-02-15,0.18729706192990933
2057-02-16,0.2465758869802932
2057-02-17,0.39013049115023496
2057-02-18,0.5821773001009702
2057-02-19,0.5759923529547384
2057-02-20,0.5872185755528163
2057-02-21,0.7888770533579813
2057-02-22,0.4442922433831807
2057-02-23,0.38230242129324665
2057-02-24,0.4788981340892329
2057-02-25,0.6564105129914816
2057-02-26,0.9526969681673932
2057-02-27,0.4856387931210718
2057-02-28,0.8721051633583748
2057-03-01,1.7400283349816503
2057-03-02,2.032269135974415
2057-03-03,1.199535105191461
2057-03-04,0.7122237770481763
2057-03-05,0.704397726028135
2057-03-06,0.6887539642156165
2057-03-07,0.6678045774993591
2057-03-08,0.6564917832685534
2057-03-09,0.6284517910207931
2057-03-10,0.6429809379193223
2057-03-11,0.8270606589714656
2057-03-12,0.6824687349968862
2057-03-13,0.6934286655592339
2057-03-14,1.1032896984713019
2057-03-15,1.0707277090274727
2057-03-16,1.0253421135104142
2057-03-17,0.7597878909231051
2057-03-18,0.7507457028425114
2057-03-19,0.7541581952271101
2057-03-20,0.7139305583590225
2057-03-21,0.7898452107169652
2057-03-22,0.7266047302783323
2057-03-23,0.6800662340969906
2057-03-24,0.688423456971298
2057-03-25,1.0673645805867285
2057-03-26,1.5527789576673725
2057-03-27,2.1129350230343347
2057-03-28,3.6546094488442695
2057-03-29,5.178398255107479
2057-03-30,6.107113533531117
2057-03-31,4.858837534519549
2057-04-01,2.7653165881089516
2057-04-02,2.400661451578729
2057-04-03,4.473594818077448
2057-04-04,6.3214206736070935
2057-04-05,7.389664724841273
2057-04-06,2.5828693221442034
2057-04-07,2.3418541812938485
2057-04-08,2.548887242276457
2057-04-09,2.5427153787060988
2057-04-10,3.9324455757678365
2057-04-11,7.253663212254053
2057-04-12,7.081212435052986
2057-04-13,5.608129191244795
2057-04-14,7.604352779983021
2057-04-15,10.140236753917971
2057-04-16,9.196710636486443
2057-04-17,8.393319312631409
2057-04-18,11.336799493808064
2057-04-19,11.464474365520532
2057-04-20,11.660662600037568
2057-04-21,7.464017352792959
2057-04-22,7.833428759746551
2057-04-23,6.668276374755216
2057-04-24,7.983095889852247
2057-04-25,5.829970591424846
2057-04-26,5.634832185472662
2057-04-27,5.594167101609231
2057-04-28,5.064215148095627
2057-04-29,5.103107803791191
2057-04-30,6.067933013971164
2057-05-01,6.95870750590383
2057-05-02,9.062207318970174
2057-05-03,12.61318818300097
2057-05-04,17.878535149366087
2057-05-05,21.887006736404334
2057-05-06,25.257556970375237
2057-05-07,25.719810192204395
2057-05-08,26.57924262075897
2057-05-09,27.07724166009129
2057-05-10,17.608693100217895
2057-05-11,18.401166315034327
2057-05-12,10.554652203825887
2057-05-13,10.640667334571509
2057-05-14,13.409219591953573
2057-05-15,11.479896644453742
2057-05-16,15.501403632765427
2057-05-17,15.605611548385454
2057-05-18,15.87357628916331
2057-05-19,16.099962545200007
2057-05-20,12.290571780918135
2057-05-21,10.928835921711194
2057-05-22,12.16271060763984
2057-05-23,12.566932420405653
2057-05-24,12.369145604537952
2057-05-25,12.142397602515686
2057-05-26,8.72270869043713
2057-05-27,8.199339602025027
2057-05-28,4.784140162813771
2057-05-29,4.017281696559946
2057-05-30,3.9197738037932095
2057-05-31,3.9650598220911384
2057-06-01,4.648690406422299
2057-06-02,5.7539082002060455
2057-06-03,5.675445751471447
2057-06-04,4.7156400650341554
2057-06-05,4.774444002255885
2057-06-06,4.592552729860602
2057-06-07,4.157287286011243
2057-06-08,4.049993103942526
2057-06-09,3.8180828930982864
2057-06-10,4.078603642141775
2057-06-11,3.9548593595078754
2057-06-12,2.9788910195443283
2057-06-13,2.437107604285579
2057-06-14,2.306853929152737
2057-06-15,2.2468741352391968
2057-06-16,1.9606697392228103
2057-06-17,1.9675357416116328
2057-06-18,1.7559035030144332
2057-06-19,1.4205815570022309
2057-06-20,1.3134885115708053
2057-06-21,1.3337475994076229
2057-06-22,1.1507081839863782
2057-06-23,1.1942026001700137
2057-06-24,0.9736124508330568
2057-06-25,0.7432684438038204
2057-06-26,0.6408988072157147
2057-06-27,0.5515459257591637
2057-06-28,0.5263645457702486
2057-06-29,0.5031934203653713
2057-06-30,0.4659409427039551
2057-07-01,1.023916276743146
2057-07-02,0.8841655397899094
2057-07-03,0.8703340934359163
2057-07-04,0.7105483053282624
2057-07-05,0.6281878425952769
2057-07-06,0.5764536135873922
2057-07-07,0.5359942527671797
2057-07-08,0.5005443554452642
2057-07-09,0.4690142757484289
2057-07-10,0.447174522745374
2057-07-11,0.4570158215263974
2057-07-12,0.4517213412337462
2057-07-13,0.4775983343474205
2057-07-14,0.333831460103428
2057-07-15,0.2911466205597963
2057-07-16,0.2779631172495328
2057-07-17,0.2668496461792062
2057-07-18,0.253264353387362
2057-07-19,0.23157958065013384
2057-07-20,0.2112809195483796
2057-07-21,0.19345737318778972
2057-07-22,0.17800775555165627
2057-07-23,0.16512876639397586
2057-07-24,0.15454023094818173
2057-07-25,0.14565139221734008
2057-07-26,0.1380124780893913
2057-07-27,0.1312076088056831
2057-07-28,0.12518279844392474
2057-07-29,0.11992498184404195
2057-07-30,0.11544697069633413
2057-07-31,0.1115732408324334
2057-08-01,0.13972273335778726
2057-08-02,0.13599949245571985
2057-08-03,0.1327899548830418
2057-08-04,0.1300690225112262
2057-08-05,0.12782588965982294
2057-08-06,0.12606735233569166
2057-08-07,0.12469774222490805
2057-08-08,0.12346530225659975
2057-08-09,0.12232044072571913
2057-08-10,0.12127976180046235
2057-08-11,0.12040350289667427
2057-08-12,0.11967449200396273
2057-08-13,0.1189619968381946
2057-08-14,0.11816947766536792
2057-08-15,0.117335899952983
2057-08-16,0.1165187403875569
2057-08-17,0.11578120391915026
2057-08-18,0.1151418781185408
2057-08-19,0.11447207636995126
2057-08-20,0.11378212108984052
2057-08-21,0.11315735913447796
2057-08-22,0.112630320078626
2057-08-23,0.11215038826396773
2057-08-24,0.11166869050210887
2057-08-25,0.11119076050226027
2057-08-26,0.11074916824015106
2057-08-27,0.11033635273185716
2057-08-28,0.10996549193830436
2057-08-29,0.1096517067306958
2057-08-30,0.1093658548229064
2057-08-31,0.1090949271486362
2057-09-01,0.04989811919345445
2057-09-02,0.04980919053410367
2057-09-03,0.14294470305330287
2057-09-04,0.12725468872119675
2057-09-05,0.3793834548253158
2057-09-06,0.5567793555055536
2057-09-07,0.2611678658695782
2057-09-08,0.05953420437298716
2057-09-09,0.04951216400583868
2057-09-10,0.21893026338113908
2057-09-11,0.08605620593410447
2057-09-12,0.04938634392619007
2057-09-13,0.15541673934002662
2057-09-14,0.07411760266539805
2057-09-15,0.04925880781568396
2057-09-16,0.04918575687785896
2057-09-17,0.04911020726991325
2057-09-18,0.04903425632398911
2057-09-19,0.049226782467521255
2057-09-20,0.04891615364741544
2057-09-21,0.04887413754997389
2057-09-22,0.05005735363649688
2057-09-23,0.04880670225052223
2057-09-24,0.04876567871239329
2057-09-25,0.04871827826122605
2057-09-26,0.04866735707167879
2057-09-27,0.04863178100538193
2057-09-28,0.04872344133159846
2057-09-29,0.122607906399523
2057-09-30,0.05427624575507554
2057-10-01,0.08134038462091027
2057-10-02,0.08348617089162022
2057-10-03,0.08168832767002268
2057-10-04,0.08121206174346059
2057-10-05,0.08116278310423668
2057-10-06,0.08111909071001001
2057-10-07,0.08108564809700584
2057-10-08,0.08208544900553533
2057-10-09,0.08100881349315316
2057-10-10,0.0809682254604693
2057-10-11,0.08093104229752299
2057-10-12,0.08089706329271508
2057-10-13,0.08086643786699813
2057-10-14,0.08083646261749243
2057-10-15,0.08080403741092157
2057-10-16,0.08077575583781663
2057-10-17,0.11159678700408096
2057-10-18,0.09622081755049708
2057-10-19,0.10957969076123462
2057-10-20,0.12324705266617085
2057-10-21,0.08664972494874076
2057-10-22,0.09822454431328137
2057-10-23,0.08169161633749407
2057-10-24,0.0926939518343352
2057-10-25,0.08850708641912948
2057-10-26,0.1018589418418712
2057-10-27,0.18405573560005686
2057-10-28,0.2157749597040532
2057-10-29,0.1933650136496376
2057-10-30,0.1748592005142992
2057-10-31,0.13899074211955353
2057-11-01,0.075572062631364
2057-11-02,0.0603980557103294
2057-11-03,0.0592541585201833
2057-11-04,0.061138163026202286
2057-11-05,0.06114395696833701
2057-11-06,0.056522981372686784
2057-11-07,0.05445938559169886
2057-11-08,0.057465453117718265
2057-11-09,0.055764904703843376
2057-11-10,0.05461401188985656
2057-11-11,0.056362734260074265
2057-11-12,0.07188600330509576
2057-11-13,0.059084693242747975
2057-11-14,0.06226260519788799
2057-11-15,0.07621078668861263
2057-11-16,0.07644893424243407
2057-11-17,0.08838208376554609
2057-11-18,0.12658091128171348
2057-11-19,0.26803491095994303
2057-11-20,0.12576805475098118
2057-11-21,0.6188966017855076
2057-11-22,0.2253824336694335
2057-11-23,0.07859369152770487
2057-11-24,0.1644614746855955
2057-11-25,0.1468448435980852
2057-11-26,0.2156501314112348
2057-11-27,0.06868153153722459
2057-11-28,0.05788214705970125
2057-11-29,0.05426538697972051
2057-11-30,0.05426872600607845
2057-12-01,0.06438730955406884
2057-12-02,0.07339245152530588
2057-12-03,0.11306419772504515
2057-12-04,0.07716985787473582
2057-12-05,0.28458199818381863
2057-12-06,0.07728779154662158
2057-12-07,0.0619207368130176
2057-12-08,0.057936263789159885
2057-12-09,0.05801963736791153
2057-12-10,0.05808976838745824
2057-12-11,0.058225379420335226
2057-12-12,0.06505763316220357
2057-12-13,0.08450263360750569
2057-12-14,0.09821674019192947
2057-12-15,0.07253228214576324
2057-12-16,0.06600306953514412
2057-12-17,0.061293065576913615
2057-12-18,0.06396320824752462
2057-12-19,0.07672381184465796
2057-12-20,0.07259806754529541
2057-12-21,0.08801209230973345
2057-12-22,0.10148505841244823
2057-12-23,0.08802544567840646
2057-12-24,0.08018176364456174
2057-12-25,0.10376229294235842
2057-12-26,0.11011556355867708
2057-12-27,0.11040746390203653
2057-12-28,0.07881949748853755
2057-12-29,0.0980081164239368
2057-12-30,0.10822538538785954
2057-12-31,0.12050947680145055
2058-01-01,0.07923454423146617
2058-01-02,0.07440196108754718
2058-01-03,0.06662511671584026
2058-01-04,0.1538317326043835
2058-01-05,0.20016742174913896
2058-01-06,0.08496833288661232
2058-01-07,0.09005110148859237
2058-01-08,0.09272179540583972
2058-01-09,0.1345039571255812
2058-01-10,0.1477185174205148
2058-01-11,0.2159973791223284
2058-01-12,0.2595680051289616
2058-01-13,0.2065980969448292
2058-01-14,0.2597163141903175
2058-01-15,0.3465127933627637
2058-01-16,0.2623811557901651
2058-01-17,0.1290195972751032
2058-01-18,0.05349562413415218
2058-01-19,0.3121318656825541
2058-01-20,0.18433291419875236
2058-01-21,0.04403563714247576
2058-01-22,0.04562600288269464
2058-01-23,0.08124876178667738
2058-01-24,0.248740832639198
2058-01-25,0.11746744446569445
2058-01-26,0.3474771129280679
2058-01-27,0.4791117891329698
2058-01-28,0.3994349828251197
2058-01-29,0.8299112046248457
2058-01-30,1.790450610894844
2058-01-31,0.05642851992917289
2058-02-01,0.04497680821386062
2058-02-02,0.6212439676672951
2058-02-03,0.6776915482874282
2058-02-04,2.3639310674904874
2058-02-05,1.1912979617323172
2058-02-06,0.31713003131607304
2058-02-07,0.3883751071876424
2058-02-08,0.1798108844521303
2058-02-09,0.13173324413180112
2058-02-10,0.06974604915716462
2058-02-11,0.05655482045336674
2058-02-12,0.09301568009331196
2058-02-13,0.09858404089246264
2058-02-14,0.15057100367754886
2058-02-15,0.2700411686478141
2058-02-16,0.2986447789558296
2058-02-17,0.3288384291931967
2058-02-18,0.41642920710407694
2058-02-19,0.16385432982324308
2058-02-20,0.14563220717482706
2058-02-21,0.19376888529038344
2058-02-22,0.15846067019821825
2058-02-23,0.16639304272798405
2058-02-24,0.2357284606341433
2058-02-25,0.2650697670042461
2058-02-26,0.4745876062676887
2058-02-27,0.6885382143961063
2058-02-28,1.2736624970643813
2058-03-01,0.9639111374068092
2058-03-02,1.4539508957297262
2058-03-03,2.329853762307355
2058-03-04,1.9801550762364264
2058-03-05,1.8179492944900204
2058-03-06,1.5859897395552232
2058-03-07,1.6304797329791847
2058-03-08,1.8881301773072128
2058-03-09,2.369742141702226
2058-03-10,2.072077217170929
2058-03-11,1.9794491759733033
2058-03-12,1.8156399439333075
2058-03-13,1.7410107394346142
2058-03-14,1.6562235483429582
2058-03-15,1.6011961404673392
2058-03-16,1.785573674349489
2058-03-17,2.3049560441801487
2058-03-18,2.775915008876353
2058-03-19,3.7571225747563064
2058-03-20,4.170199610476218
2058-03-21,5.621664117187797
2058-03-22,8.020648418690392
2058-03-23,8.074311538318517
2058-03-24,8.05637169254032
2058-03-25,9.459032099243183
2058-03-26,9.330429543278113
2058-03-27,6.883930681582209
2058-03-28,5.264038876984932
2058-03-29,2.7239053469305743
2058-03-30,2.570979957890993
2058-03-31,2.6483071116205332
2058-04-01,2.4384889464771518
2058-04-02,2.3412689631159065
2058-04-03,2.4850109427159803
2058-04-04,2.22131026877707
2058-04-05,2.424556470329326
2058-04-06,3.1178260392538117
2058-04-07,2.361419088983141
2058-04-08,2.5986357745705764
2058-04-09,2.963360753543558
2058-04-10,4.5093177382855485
2058-04-11,8.678924182482481
2058-04-12,6.9751163745613205
2058-04-13,4.3900298395109285
2058-04-14,3.844193673020331
2058-04-15,3.785953029551205
2058-04-16,3.652410982177748
2058-04-17,3.579155524028166
2058-04-18,3.343459950314946
2058-04-19,3.371280643905276
2058-04-20,3.5131488083263043
2058-04-21,3.5383308683689267
2058-04-22,3.174914783606804
2058-04-23,3.024888687181806
2058-04-24,3.016139714905325
2058-04-25,3.057299982584796
2058-04-26,3.2395849619149697
2058-04-27,3.109316398197123
2058-04-28,3.1611556726605112
2058-04-29,3.728748817921536
2058-04-30,4.131209973057426
2058-05-01,3.7658613763976634
2058-05-02,3.885954415824759
2058-05-03,4.162738140647522
2058-05-04,4.827596349007651
2058-05-05,5.248191028320868
2058-05-06,4.965917254199479
2058-05-07,5.171005408696045
2058-05-08,5.399573427333107
2058-05-09,5.917962936657679
2058-05-10,6.753257865855807
2058-05-11,8.439116835223246
2058-05-12,8.034193584602798
2058-05-13,6.404005454572195
2058-05-14,4.985955127819522
2058-05-15,4.411836292752138
2058-05-16,3.7093487610003297
2058-05-17,3.6669914312459295
2058-05-18,3.5015826312881537
2058-05-19,3.3280605700566284
2058-05-20,3.2042061382690314
2058-05-21,2.907496428551122
2058-05-22,2.6774380582334065
2058-05-23,2.5014139366395858
2058-05-24,2.4149373627817186
2058-05-25,2.4632558459611027
2058-05-26,2.7188750502759658
2058-05-27,2.15763725093034
2058-05-28,1.9530509855463736
2058-05-29,1.7340058578721826
2058-05-30,1.6186092528245817
2058-05-31,1.6658953608654865
2058-06-01,2.2379548432726946
2058-06-02,1.6900215804892056
2058-06-03,1.5977789761481913
2058-06-04,1.3967659461514466
2058-06-05,1.301535222669095
2058-06-06,2.0537056660835376
2058-06-07,3.1769852198343087
2058-06-08,1.6942001074868795
2058-06-09,1.5396786589032116
2058-06-10,1.3974438515044347
2058-06-11,1.347846906540246
2058-06-12,1.3812955541488858
2058-06-13,1.5537429937291682
2058-06-14,1.1725489346981903
2058-06-15,1.10452484816263
2058-06-16,1.4772457293328252
2058-06-17,1.0677368562805531
2058-06-18,0.9964727631820656
2058-06-19,0.858404160765692
2058-06-20,0.8018094955048434
2058-06-21,0.7766364097357791
2058-06-22,0.7318618881957457
2058-06-23,0.6843692594030668
2058-06-24,0.5897603346626762
2058-06-25,0.5628676383673538
2058-06-26,0.5731746031401641
2058-06-27,0.4893141998545261
2058-06-28,0.39800229197826187
2058-06-29,0.3861578414567053
2058-06-30,0.3836912504008369
2058-07-01,0.8790262540992604
2058-07-02,0.5682064302284067
2058-07-03,0.5146556097655589
2058-07-04,0.4725940836239246
2058-07-05,0.4395696277669287
2058-07-06,0.4077196119770832
2058-07-07,0.4061524207247306
2058-07-08,0.4312981893315229
2058-07-09,0.3398323074726614
2058-07-10,0.3031870513110025
2058-07-11,0.2851397103514424
2058-07-12,0.2674996604956224
2058-07-13,0.25169392247505296
2058-07-14,0.2377951372385787
2058-07-15,0.22533764353232866
2058-07-16,0.21403265174623384
2058-07-17,0.203821409105924
2058-07-18,0.19446875550840328
2058-07-19,0.1859728325776148
2058-07-20,0.1785939646500124
2058-07-21,0.17214132975811894
2058-07-22,0.16610495922248286
2058-07-23,0.16064793958023446
2058-07-24,0.15584560049062252
2058-07-25,0.15157775420117225
2058-07-26,0.14794478797386354
2058-07-27,0.14480732412255026
2058-07-28,0.1420007834846324
2058-07-29,0.13931986939673272
2058-07-30,0.13659797810388646
2058-07-31,0.1339295513805288
2058-08-01,0.16961173928446438
2058-08-02,0.16636011656252486
2058-08-03,0.16316639885798295
2058-08-04,0.16002186441287214
2058-08-05,0.1568544981630624
2058-08-06,0.15369472984709753
2058-08-07,0.15060751263771407
2058-08-08,0.1476724801260125
2058-08-09,0.14504277764233586
2058-08-10,0.14262070456865175
2058-08-11,0.14028289560182045
2058-08-12,0.13806776507245574
2058-08-13,0.13603173258821527
2058-08-14,0.13419860893208238
2058-08-15,0.13251515469518188
2058-08-16,0.13109004889653253
2058-08-17,0.12986131711188587
2058-08-18,0.12858139406809754
2058-08-19,0.12725373088400488
2058-08-20,0.12601421715019134
2058-08-21,0.1246926669502015
2058-08-22,0.1234145773780122
2058-08-23,0.12217655147959698
2058-08-24,0.12751080099773215
2058-08-25,0.11993323218099408
2058-08-26,0.11884551323380765
2058-08-27,0.11775305155184873
2058-08-28,0.11673222763285845
2058-08-29,0.11585395057605782
2058-08-30,0.11510390758186052
2058-08-31,0.11443822904555255
2058-09-01,0.05216207635200178
2058-09-02,0.05185117922952013
2058-09-03,0.051565068150278316
2058-09-04,0.11762164025382645
2058-09-05,0.05112072754975245
2058-09-06,0.05091156561692598
2058-09-07,0.05072586172827112
2058-09-08,0.050563902909855234
2058-09-09,0.05040614197185241
2058-09-10,0.050252786591764714
2058-09-11,0.05010979424588122
2058-09-12,0.04997512778311524
2058-09-13,0.049859257072763286
2058-09-14,0.04975539481122725
2058-09-15,0.04965152516801434
2058-09-16,0.04986106738595422
2058-09-17,0.05039481305106836
2058-09-18,0.05925254309980987
2058-09-19,0.04939428669153429
2058-09-20,0.04930987631561605
2058-09-21,0.04921596804623988
2058-09-22,0.049126314933963515
2058-09-23,0.13913181314986062
2058-09-24,0.05575220833520797
2058-09-25,0.049400670239913035
2058-09-26,0.0489091918984222
2058-09-27,0.048849805813100465
2058-09-28,0.04879569456358748
2058-09-29,0.04874853925430951
2058-09-30,0.5932727420981784
2058-10-01,0.2257213863230983
2058-10-02,0.08477854097001714
2058-10-03,0.08154561724742765
2058-10-04,0.08147161905576387
2058-10-05,0.0814105365833849
2058-10-06,0.08134638656633678
2058-10-07,0.0812782351022671
2058-10-08,0.08121137206691159
2058-10-09,0.08114986235986993
2058-10-10,0.08109292047422896
2058-10-11,0.08104005067384712
2058-10-12,0.08099010263587836
2058-10-13,0.08094008305208973
2058-10-14,0.08088979970910087
2058-10-15,0.08084011343292477
2058-10-16,0.08079111685592946
2058-10-17,0.08074401227885937
2058-10-18,0.08070300406616415
2058-10-19,0.08420394857470563
2058-10-20,2.8348938706060083
2058-10-21,7.260939335726647
2058-10-22,0.24637873055674986
2058-10-23,0.1009930737578904
2058-10-24,0.10548643803127487
2058-10-25,0.16008458248671062
2058-10-26,0.4382566911393777
2058-10-27,0.812074357287391
2058-10-28,0.3363758305695481
2058-10-29,0.4473953338539952
2058-10-30,0.6680046120865235
2058-10-31,0.8262430977452165
2058-11-01,0.700484780085942
2058-11-02,0.5563710147439883
2058-11-03,0.5390684849625907
2058-11-04,0.4078867946175585
2058-11-05,0.2357301996666804
2058-11-06,0.09990205966910333
2058-11-07,0.0853383876193775
2058-11-08,0.06851767897283545
2058-11-09,0.06458003145919483
2058-11-10,0.07848886484941535
2058-11-11,0.08149412452412066
2058-11-12,0.08753122708944451
2058-11-13,0.07138101175293632
2058-11-14,0.07775097053942423
2058-11-15,0.08061816806892033
2058-11-16,0.08195515674322522
2058-11-17,0.070710314774679
2058-11-18,0.06966703755835031
2058-11-19,2.8300559929006006
2058-11-20,0.349509564607269
2058-11-21,0.9069942132466704
2058-11-22,1.3181572554287126
2058-11-23,0.08523092619960726
2058-11-24,0.5707205704252144
2058-11-25,0.08386298807659576
2058-11-26,0.2592772554380556
2058-11-27,1.115446402732006
2058-11-28,0.9234523969758892
2058-11-29,0.5856045706197268
2058-11-30,0.6099042511088177
2058-12-01,0.13039795727366804
2058-12-02,0.09135661941211563
2058-12-03,0.09575835469198388
2058-12-04,0.09757534064447376
2058-12-05,0.09466731114214982
2058-12-06,0.1098225634329688
2058-12-07,0.11199829933444523
2058-12-08,0.1473385499569852
2058-12-09,0.1713848952389878
2058-12-10,0.1115048342552296
2058-12-11,0.10824833719279787
2058-12-12,0.1207859229626046
2058-12-13,0.10670393709938218
2058-12-14,0.1050141061860048
2058-12-15,0.1052797551800714
2058-12-16,0.105965880292512
2058-12-17,0.10647120680561263
2058-12-18,0.1069767860082702
2058-12-19,0.10710099169511128
2058-12-20,0.10871144784785897
2058-12-21,0.1098346164580996
2058-12-22,0.10865358085413283
2058-12-23,0.11122221149576526
2058-12-24,0.10961127800013773
2058-12-25,0.10784568820964167
2058-12-26,0.11796804687647547
2058-12-27,0.12861836129153692
2058-12-28,0.14625696726576232
2058-12-29,0.18847088712023471
2058-12-30,1.3920314692151663
2058-12-31,6.001691326393272
2059-01-01,0.13623393229414013
2059-01-02,0.17379896565086006
2059-01-03,0.39437573185611335
2059-01-04,0.484992876894048
2059-01-05,0.5203139897525835
2059-01-06,1.643462518280282
2059-01-07,12.917959021149091
2059-01-08,1.3228706818434788
2059-01-09,1.0960281907785303
2059-01-10,2.443778089061095
2059-01-11,1.8632738195862597
2059-01-12,1.0667362358276269
2059-01-13,0.9906435052867296
2059-01-14,0.9460660696161984
2059-01-15,0.9376147993018841
2059-01-16,0.9199596414539116
2059-01-17,0.9053921162026284
2059-01-18,0.880146627789986
2059-01-19,0.8551928178248476
2059-01-20,0.7951191624120224
2059-01-21,0.7776915616895353
2059-01-22,0.7248185745619464
2059-01-23,0.6786198088275707
2059-01-24,0.6420912342085774
2059-01-25,0.597466733789273
2059-01-26,0.5646053625898764
2059-01-27,0.779650873933845
2059-01-28,1.1177013561418052
2059-01-29,1.8149752968088408
2059-01-30,0.90612228333111
2059-01-31,1.3120999813185064
2059-02-01,7.261630761921189
2059-02-02,6.963806156430883
2059-02-03,2.5605829740865054
2059-02-04,2.6839832960808634
2059-02-05,3.7195124172187817
2059-02-06,5.060790288111174
2059-02-07,4.833508520761559
2059-02-08,3.4225649934698774
2059-02-09,1.488275090315018
2059-02-10,1.4986963993614393
2059-02-11,3.0131089100524813
2059-02-12,1.7325864463724323
2059-02-13,1.304428409466025
2059-02-14,1.4864774234594544
2059-02-15,1.392944921929849
2059-02-16,1.3751059746484513
2059-02-17,1.240915720782148
2059-02-18,1.2112399032641683
2059-02-19,1.161421087992578
2059-02-20,1.0977091335853142
2059-02-21,1.029589569268177
2059-02-22,0.9600698900734012
2059-02-23,0.8844598835151783
2059-02-24,0.8685466515423707
2059-02-25,0.7954365894160604
2059-02-26,0.7346998940393302
2059-02-27,0.7019844938768293
2059-02-28,0.6504899383265565
2059-03-01,0.7910003556119231
2059-03-02,0.7630069246487787
2059-03-03,0.6984560474926691
2059-03-04,0.6686684886828952
2059-03-05,0.6761055533833158
2059-03-06,0.7509142142027022
2059-03-07,0.6616870026903741
2059-03-08,0.6515682434006441
2059-03-09,0.6562459047075017
2059-03-10,0.6295546088846629
2059-03-11,0.637826983205191
2059-03-12,0.7160262948154286
2059-03-13,1.0037568760867728
2059-03-14,1.2912085985318238
2059-03-15,1.563494420707367
2059-03-16,2.255568886533508
2059-03-17,3.509188955307456
2059-03-18,4.31634772267075
2059-03-19,6.303657202868379
2059-03-20,5.0677649653989345
2059-03-21,3.0945837757671133
2059-03-22,2.423908596050243
2059-03-23,2.120939933015932
2059-03-24,2.2342227236194123
2059-03-25,2.061097960105584
2059-03-26,2.2607256667140487
2059-03-27,3.105058368130762
2059-03-28,2.4482449638659496
2059-03-29,1.9828118676586957
2059-03-30,1.9838980695531836
2059-03-31,2.961535148260217
2059-04-01,3.668663037889458
2059-04-02,4.492755192384473
2059-04-03,2.8491000747130832
2059-04-04,2.102787191496605
2059-04-05,2.0340747961822947
2059-04-06,2.3515873878582374
2059-04-07,3.907642385275816
2059-04-08,5.0257310089117135
2059-04-09,5.941770227064496
2059-04-10,7.412593976596726
2059-04-11,13.51345261113965
2059-04-12,11.952889163659645
2059-04-13,15.03991458853825
2059-04-14,15.851502967708225
2059-04-15,16.322529872909378
2059-04-16,16.55200199886909
2059-04-17,6.119245983346626
2059-04-18,5.958282291010412
2059-04-19,7.195116913677525
2059-04-20,9.340699017922676
2059-04-21,6.341849910800791
2059-04-22,7.3773003568955255
2059-04-23,9.810057845633011
2059-04-24,9.09712578225194
2059-04-25,7.377402151537856
2059-04-26,6.059630700889692
2059-04-27,5.9003867262467065
2059-04-28,5.79320515925426
2059-04-29,5.754338819631497
2059-04-30,5.690541624468723
2059-05-01,5.11562204999513
2059-05-02,4.849348023222043
2059-05-03,4.617725775939262
2059-05-04,4.654874451351502
2059-05-05,4.5874226676014604
2059-05-06,5.083122348476924
2059-05-07,8.00430954376864
2059-05-08,12.773615324091782
2059-05-09,20.894824172687702
2059-05-10,24.38475615476243
2059-05-11,33.69747430826533
2059-05-12,36.26336939042117
2059-05-13,33.111337403939736
2059-05-14,35.56551892495825
2059-05-15,46.18394603719969
2059-05-16,56.88368992521081
2059-05-17,49.862386471029644
2059-05-18,46.99428917297856
2059-05-19,24.317795631577848
2059-05-20,17.950372955125374
2059-05-21,20.781746287650865
2059-05-22,14.360037563682894
2059-05-23,12.386425079063175
2059-05-24,14.514182794271177
2059-05-25,15.817794289685946
2059-05-26,20.524758581266767
2059-05-27,17.992825190745034
2059-05-28,15.333530257692315
2059-05-29,23.82908502707997
2059-05-30,27.55301299602362
2059-05-31,31.94712827037187
2059-06-01,47.50378702012861
2059-06-02,52.9935412113989
2059-06-03,54.41646080518408
2059-06-04,49.961213859306966
2059-06-05,48.74896132828759
2059-06-06,35.90129540728224
2059-06-07,29.55665065040369
2059-06-08,31.679788776111327
2059-06-09,35.984158917285974
2059-06-10,34.93211177776772
2059-06-11,35.44938458467586
2059-06-12,30.705958479755488
2059-06-13,29.71288518107372
2059-06-14,27.208205036380225
2059-06-15,29.153010412521105
2059-06-16,29.11606218708941
2059-06-17,23.889633121739895
2059-06-18,11.006091178575062
2059-06-19,7.653956018788233
2059-06-20,7.647541255376072
2059-06-21,7.393695042534798
2059-06-22,8.126826448650688
2059-06-23,8.20810364308484
2059-06-24,9.37106260819537
2059-06-25,7.552141588702995
2059-06-26,7.4770134867107005
2059-06-27,9.484127249252257
2059-06-28,11.739774418709706
2059-06-29,14.103425886454653
2059-06-30,13.933789248941169
2059-07-01,32.186702774148394
2059-07-02,33.925718035218104
2059-07-03,29.59471324807255
2059-07-04,27.21259639342146
2059-07-05,27.185006403892512
2059-07-06,25.923494111474422
2059-07-07,25.406766005998172
2059-07-08,23.45338766729485
2059-07-09,19.68518418063486
2059-07-10,17.38347092664774
2059-07-11,14.681234681338667
2059-07-12,11.636796869440618
2059-07-13,9.725669806524223
2059-07-14,8.411832881859704
2059-07-15,7.7239999911755906
2059-07-16,7.59389273618371
2059-07-17,7.658217265481406
2059-07-18,7.476831070931702
2059-07-19,7.184365287763428
2059-07-20,7.014329317730416
2059-07-21,6.734285917200903
2059-07-22,6.340877919571152
2059-07-23,6.177842530667371
2059-07-24,5.245064019678813
2059-07-25,4.938454431627373
2059-07-26,4.532566525272159
2059-07-27,6.0539437914536265
2059-07-28,3.8610827598880286
2059-07-29,3.859593198987618
2059-07-30,3.9447662935742236
2059-07-31,3.5996763067236577
2059-08-01,4.399601144266566
2059-08-02,3.9956592911999733
2059-08-03,3.960373467497598
2059-08-04,4.034613283546568
2059-08-05,4.220894391296631
2059-08-06,4.189834765695525
2059-08-07,3.8409285279463368
2059-08-08,3.5533370670076203
2059-08-09,3.4871319340850966
2059-08-10,3.073866324715852
2059-08-11,2.8439407742654246
2059-08-12,2.1374325822247866
2059-08-13,2.0377099682972064
2059-08-14,1.7592933588672213
2059-08-15,1.6181144285819384
2059-08-16,1.549505574705502
2059-08-17,1.3898122863407687
2059-08-18,1.3330665793498235
2059-08-19,1.286418132717794
2059-08-20,1.292728995308333
2059-08-21,1.1019784191670683
2059-08-22,1.039994885335608
2059-08-23,1.0165631274674698
2059-08-24,0.9475463968278828
2059-08-25,0.836734191547176
2059-08-26,0.8538567623341394
2059-08-27,0.7529380386837611
2059-08-28,0.7208012764128001
2059-08-29,0.6473508551816693
2059-08-30,0.5361765463840995
2059-08-31,0.4189842375330191
2059-09-01,0.18587475355014055
2059-09-02,0.4632597306055123
2059-09-03,0.6206902073656725
2059-09-04,0.714979991916587
2059-09-05,0.3319330223130342
2059-09-06,0.32379996138396977
2059-09-07,0.17763235545445002
2059-09-08,0.3320493418099991
2059-09-09,0.7650817277281777
2059-09-10,0.2711807342042584
2059-09-11,0.23827902450864166
2059-09-12,0.1460745269250408
2059-09-13,0.13656517376337934
2059-09-14,0.163757160439236
2059-09-15,0.2086055081959144
2059-09-16,0.1152139599565436
2059-09-17,0.11029011841131928
2059-09-18,0.14863209894543314
2059-09-19,0.3254540643520848
2059-09-20,0.2546606663456651
2059-09-21,0.16303871090386227
2059-09-22,0.09867548606598377
2059-09-23,0.0957217515021858
2059-09-24,0.09027413746429452
2059-09-25,0.08624964581884652
2059-09-26,0.08442482735837425
2059-09-27,0.08062830758063944
2059-09-28,0.07778282952979512
2059-09-29,0.07503589906138748
2059-09-30,0.0724848626184894
2059-10-01,0.11782844829845712
2059-10-02,0.11468326528660205
2059-10-03,0.11216988572589907
2059-10-04,0.1098639367917918
2059-10-05,0.10766425085696277
2059-10-06,0.10564012066223494
2059-10-07,0.10389562007186648
2059-10-08,0.10252384163251173
2059-10-09,0.11228664545378407
2059-10-10,0.10050372520394717
2059-10-11,0.10011542444351512
2059-10-12,0.0987534190156942
2059-10-13,0.10120885550062388
2059-10-14,0.6499884819775851
2059-10-15,0.6318647860264528
2059-10-16,0.1755630128546692
2059-10-17,0.417977210945588
2059-10-18,0.461428788675716
2059-10-19,0.40958563481959015
2059-10-20,0.13974142993886102
2059-10-21,0.09851053230465552
2059-10-22,0.4848466159683328
2059-10-23,0.5250205673323047
2059-10-24,0.4565393395611926
2059-10-25,0.21479224575586206
2059-10-26,0.18485203799855665
2059-10-27,0.18207051424490764
2059-10-28,0.1419193171403378
2059-10-29,0.5131335106661051
2059-10-30,0.12042030103976505
2059-10-31,0.09994448773209456
2059-11-01,0.06702094263121698
2059-11-02,0.589794634756491
2059-11-03,1.9547415850929182
2059-11-04,0.4102596387671426
2059-11-05,0.11994713162741374
2059-11-06,6.8526519698082495
2059-11-07,1.974857916978077
2059-11-08,0.6077315018847731
2059-11-09,0.5016979817395575
2059-11-10,0.3121669005955359
2059-11-11,0.25315764235038
2059-11-12,0.4206064271854248
2059-11-13,2.5685051367122207
2059-11-14,17.83330926706319
2059-11-15,6.1273577755550415
2059-11-16,0.1680084209906997
2059-11-17,0.21962587629508126
2059-11-18,0.23515857463267525
2059-11-19,0.2886752478460556
2059-11-20,9.691933419921977
2059-11-21,5.0940061845629225
2059-11-22,0.3295075517156589
2059-11-23,0.18437832130712195
2059-11-24,0.41861830693856
2059-11-25,1.8257306243042075
2059-11-26,1.176183779331839
2059-11-27,0.34142323810327896
2059-11-28,0.8432385899159807
2059-11-29,1.1555281236838322
2059-11-30,3.0119085595803745
2059-12-01,2.22223071123252
2059-12-02,1.2829270742888603
2059-12-03,2.148419888239395
2059-12-04,2.065633398058706
2059-12-05,1.7395088118009177
2059-12-06,1.5472826356083582
2059-12-07,1.496330592834476
2059-12-08,2.088320170929296
2059-12-09,2.2352509801589786
2059-12-10,1.6476709849749271
2059-12-11,2.120892283289036
2059-12-12,1.7560713498674572
2059-12-13,1.7666614446583104
2059-12-14,1.7404711436623626
2059-12-15,1.6684410193644412
2059-12-16,1.67619385704007
2059-12-17,3.080732592647558
2059-12-18,2.4455974142008454
2059-12-19,2.076785300319132
2059-12-20,2.1180728096101613
2059-12-21,2.276587871969374
2059-12-22,3.8465903298988997
2059-12-23,11.811198286892708
2059-12-24,7.492035241500617
2059-12-25,9.366781776630193
2059-12-26,10.71125394503446
2059-12-27,25.58391993593629
2059-12-28,58.861237116796076
2059-12-29,12.505515753102367
2059-12-30,16.640800634517813
2059-12-31,12.56281811631098
2060-01-01,7.882557054600091
2060-01-02,5.694435573730207
2060-01-03,28.925230319313783
2060-01-04,11.810706123686517
2060-01-05,5.017878862714285
2060-01-06,5.229283209953937
2060-01-07,5.180069935292873
2060-01-08,5.0541999286638495
2060-01-09,5.679162706701338
2060-01-10,4.867474246474712
2060-01-11,4.770116398724842
2060-01-12,4.636766908861062
2060-01-13,4.418913789482972
2060-01-14,4.08725351664469
2060-01-15,3.788156294783344
2060-01-16,3.5755831973199825
2060-01-17,3.229582524252797
2060-01-18,2.9948074666863294
2060-01-19,2.8099918008410145
2060-01-20,4.457514406033619
2060-01-21,25.43788371970884
2060-01-22,8.395508951844091
2060-01-23,7.718664904035343
2060-01-24,20.569055579688907
2060-01-25,8.455838924859401
2060-01-26,7.4945798834389725
2060-01-27,29.527834306422616
2060-01-28,23.931793211424395
2060-01-29,10.338798814317762
2060-01-30,16.47631237191981
2060-01-31,67.41752277795628
2060-02-01,12.8198236469146
2060-02-02,9.216720264931432
2060-02-03,7.111389998413116
2060-02-04,6.180105465374673
2060-02-05,6.097281344674766
2060-02-06,5.997705385757897
2060-02-07,5.854581709478468
2060-02-08,5.998195821662978
2060-02-09,11.15611607389654
2060-02-10,8.219754297220861
2060-02-11,4.9267788798419145
2060-02-12,4.675718693674559
2060-02-13,4.910112425240904
2060-02-14,5.158077304705042
2060-02-15,4.0935977337525085
2060-02-16,3.738539265050912
2060-02-17,3.5269790559534004
2060-02-18,3.456433642526442
2060-02-19,3.2879217439305326
2060-02-20,3.196707072701339
2060-02-21,3.2671089172127576
2060-02-22,2.8183501650089435
2060-02-23,2.6751977030234477
2060-02-24,2.5565722555294856
2060-02-25,2.412104749268518
2060-02-26,2.309680002215192
2060-02-27,2.175414342128217
2060-02-28,2.165726799444681
2060-02-29,2.058489039727613
2060-03-01,2.497936368772834
2060-03-02,2.354332995390505
2060-03-03,2.3073305669017348
2060-03-04,2.2642136307946603
2060-03-05,2.2287394153318525
2060-03-06,2.081977586377661
2060-03-07,2.141109363153226
2060-03-08,2.117943570361784
2060-03-09,2.209532317581842
2060-03-10,1.9156760399977972
2060-03-11,1.8893248703464665
2060-03-12,1.8204318693432573
2060-03-13,2.090559278445451
2060-03-14,2.2566984998787936
2060-03-15,2.4019430777713784
2060-03-16,2.5071433124308498
2060-03-17,2.40117393844741
2060-03-18,2.9199122275275244
2060-03-19,4.692191626279387
2060-03-20,4.5874133945170055
2060-03-21,4.843916275588224
2060-03-22,18.815668348658107
2060-03-23,49.18496170159639
2060-03-24,7.930924298672105
2060-03-25,4.831311807699203
2060-03-26,4.923573633923807
2060-03-27,4.762441437369164
2060-03-28,4.629265869931063
2060-03-29,4.672058801767318
2060-03-30,4.72259155026028
2060-03-31,5.016376796129267
2060-04-01,4.7912463181165394
2060-04-02,4.820364632294113
2060-04-03,6.448896622507646
2060-04-04,9.29408272024418
2060-04-05,6.854481794003661
2060-04-06,10.1137105613486
2060-04-07,8.280303187686464
2060-04-08,10.336645647721154
2060-04-09,7.662272239134163
2060-04-10,10.094881526746848
2060-04-11,20.778312124854203
2060-04-12,21.945082838177232
2060-04-13,22.415801216823937
2060-04-14,10.682345995519995
2060-04-15,10.31230323093966
2060-04-16,9.552322877236877
2060-04-17,9.122309928576346
2060-04-18,15.522663877027142
2060-04-19,17.546485003249362
2060-04-20,11.930288979234442
2060-04-21,11.472897533140516
2060-04-22,9.643897109237876
2060-04-23,8.52834041138167
2060-04-24,8.269401303571497
2060-04-25,8.719629114222059
2060-04-26,8.528427016501213
2060-04-27,8.45379253428373
2060-04-28,7.923804895772808
2060-04-29,7.797449231730018
2060-04-30,7.766781077224716
2060-05-01,6.995322331262803
2060-05-02,7.080748118631205
2060-05-03,8.076882541495062
2060-05-04,8.374132239127684
2060-05-05,11.951302762519605
2060-05-06,17.115614775948444
2060-05-07,25.22908732962721
2060-05-08,34.16847170606056
2060-05-09,42.79592002191266
2060-05-10,39.105262196631706
2060-05-11,38.9043180319201
2060-05-12,36.4835180487806
2060-05-13,40.358139040514025
2060-05-14,43.86248163318597
2060-05-15,51.441577618969774
2060-05-16,31.795642137644123
2060-05-17,22.125191347747467
2060-05-18,31.2757212124271
2060-05-19,32.42401829766683
2060-05-20,23.406655218555255
2060-05-21,11.265106269595194
2060-05-22,10.1828093495292
2060-05-23,11.07436609530936
2060-05-24,14.618891149546409
2060-05-25,16.783636164517063
2060-05-26,21.172274843421462
2060-05-27,29.060053263281407
2060-05-28,39.487548720881975
2060-05-29,47.46421121472669
2060-05-30,49.05065426145765
2060-05-31,44.843512768492616
2060-06-01,36.0262201608585
2060-06-02,21.287893695509123
2060-06-03,24.859088294436866
2060-06-04,13.111380298780675
2060-06-05,11.62483318296412
2060-06-06,10.64115486958182
2060-06-07,12.923052270116287
2060-06-08,17.63928911160332
2060-06-09,24.2756386104723
2060-06-10,35.206078196992976
2060-06-11,43.765878192522536
2060-06-12,41.64033825779346
2060-06-13,52.17641616869542
2060-06-14,48.84300840844377
2060-06-15,43.16150518844121
2060-06-16,47.3004642164244
2060-06-17,48.81491310906856
2060-06-18,52.50128841150158
2060-06-19,56.648036120895654
2060-06-20,49.55713053430205
2060-06-21,45.12964171588109
2060-06-22,46.72462594049076
2060-06-23,41.88870971524682
2060-06-24,33.80674502657273
2060-06-25,31.56645373016081
2060-06-26,28.77518604501023
2060-06-27,22.96378379609807
2060-06-28,22.832650701664644
2060-06-29,21.03829819819629
2060-06-30,19.576548314758245
2060-07-01,48.28958479703022
2060-07-02,46.12492382098448
2060-07-03,47.82315291956128
2060-07-04,46.14293702291032
2060-07-05,46.53845577454436
2060-07-06,47.31060692300253
2060-07-07,47.43054749648552
2060-07-08,51.8694887902136
2060-07-09,41.793222561547104
2060-07-10,39.71173836131501
2060-07-11,38.52504351622739
2060-07-12,34.589009973774836
2060-07-13,32.36696411157636
2060-07-14,31.316450673733893
2060-07-15,28.139479371487962
2060-07-16,28.314637866954843
2060-07-17,25.37427599584278
2060-07-18,24.194251837526288
2060-07-19,21.65440897077413
2060-07-20,20.440500451767274
2060-07-21,19.8493063645388
2060-07-22,18.41662147712273
2060-07-23,14.976919705989141
2060-07-24,14.816629988364587
2060-07-25,14.705972866727972
2060-07-26,14.415105892942915
2060-07-27,13.208314737910118
2060-07-28,13.668270145069535
2060-07-29,12.524609147796117
2060-07-30,10.488643160720374
2060-07-31,8.10382328824834
2060-08-01,10.421512100450727
2060-08-02,10.131999587806293
2060-08-03,8.743888389952971
2060-08-04,8.030011097401022
2060-08-05,7.941904399244232
2060-08-06,7.277383823427821
2060-08-07,7.259805952538563
2060-08-08,6.76203185521682
2060-08-09,6.415099946662803
2060-08-10,5.958039997761945
2060-08-11,5.4617815084900085
2060-08-12,5.036577494187932
2060-08-13,4.8169015913254905
2060-08-14,4.687871130883534
2060-08-15,4.541545705806168
2060-08-16,4.100420046854529
2060-08-17,11.23642740296157
2060-08-18,4.4183756280790165
2060-08-19,2.469498575270763
2060-08-20,2.46557724106608
2060-08-21,2.6199163382727835
2060-08-22,2.9131497513710936
2060-08-23,3.232281972832056
2060-08-24,3.5204014657592677
2060-08-25,3.8972808804831054
2060-08-26,3.811572689679121
2060-08-27,4.207995354880973
2060-08-28,3.5508965927421947
2060-08-29,3.224775146393048
2060-08-30,2.9056301290012345
2060-08-31,2.7595012661802927
2060-09-01,1.41125286902169
2060-09-02,1.437433388989422
2060-09-03,1.3133232405341713
2060-09-04,1.1815783260254669
2060-09-05,1.1503022167148689
2060-09-06,1.1771296424107027
2060-09-07,1.1659136568286868
2060-09-08,1.1737984480212384
2060-09-09,1.2509207665137707
2060-09-10,1.162790840247984
2060-09-11,1.1371673805726903
2060-09-12,1.0079121247031724
2060-09-13,0.9354832611269068
2060-09-14,0.8949409355767366
2060-09-15,0.8313696719848016
2060-09-16,0.8103901204990855
2060-09-17,0.7682801231900498
2060-09-18,0.7365353022242185
2060-09-19,0.933311141217582
2060-09-20,0.6385076143247254
2060-09-21,0.8595442121501037
2060-09-22,0.6538718895749832
2060-09-23,0.7767550175374984
2060-09-24,0.5572510780530375
2060-09-25,0.4920547378191578
2060-09-26,0.3919018688963067
2060-09-27,0.3654334432865546
2060-09-28,0.33756180250104345
2060-09-29,0.2910733690190187
2060-09-30,0.27009401866851346
2060-10-01,0.4392795099557353
2060-10-02,0.4333325978626592
2060-10-03,0.4281778727496498
2060-10-04,0.455483818050885
2060-10-05,0.4243545193287171
2060-10-06,0.4192030387067331
2060-10-07,0.3990216799429568
2060-10-08,0.3713970179948677
2060-10-09,0.3483407360945094
2060-10-10,0.3363923075091028
2060-10-11,0.3238377675105781
2060-10-12,0.31943491187533396
2060-10-13,0.314073326691908
2060-10-14,0.3124587392832332
2060-10-15,0.29936417776322977
2060-10-16,0.2856072933124062
2060-10-17,0.2730896421359374
2060-10-18,0.2667300548529359
2060-10-19,0.2576524348837552
2060-10-20,0.2541423000924994
2060-10-21,0.25590515650043216
2060-10-22,0.2439417838110434
2060-10-23,0.23878423636536705
2060-10-24,0.2314716049373553
2060-10-25,0.22445051219255266
2060-10-26,0.21367043032401734
2060-10-27,0.2425834165972317
2060-10-28,0.2005509412578427
2060-10-29,0.1915506988303884
2060-10-30,0.18618836144925546
2060-10-31,0.17871488561376664
2060-11-01,0.11864391735968352
2060-11-02,0.11209737841858454
2060-11-03,0.1167520035036672
2060-11-04,0.10575435810740573
2060-11-05,0.1030037673965728
2060-11-06,0.10121351261696296
2060-11-07,0.09831919380982848
2060-11-08,0.09622778565741552
2060-11-09,0.09440397159626017
2060-11-10,0.09345243691604074
2060-11-11,0.091330911062191
2060-11-12,0.0899707895129353
2060-11-13,0.08869724870572658
2060-11-14,0.08779060377872322
2060-11-15,0.08621193412000536
2060-11-16,0.08511781325100876
2060-11-17,0.08899898690275719
2060-11-18,0.0852482193762257
2060-11-19,0.12080524562908128
2060-11-20,0.17926327028154646
2060-11-21,0.0946592163978627
2060-11-22,0.09386071536869424
2060-11-23,0.08441019030044948
2060-11-24,0.07893429898032138
2060-11-25,0.07844119560986391
2060-11-26,0.0779064597449613
2060-11-27,0.07743853905347814
2060-11-28,0.07699874984508764
2060-11-29,0.07658633323095379
2060-11-30,0.0761860911122551
2060-12-01,0.10880989988202837
2060-12-02,0.6258066189700069
2060-12-03,1.8598805918090613
2060-12-04,2.1342359682076206
2060-12-05,0.561623636317289
2060-12-06,0.2166518876340364
2060-12-07,0.4296499548732649
2060-12-08,0.3484147179199064
2060-12-09,0.287723864438083
2060-12-10,0.10594130581114793
2060-12-11,0.10789680090569358
2060-12-12,0.10356551190871346
2060-12-13,0.09912885920073276
2060-12-14,0.14477954807102228
2060-12-15,0.4933559239301864
2060-12-16,0.10447762769258312
2060-12-17,0.1781965356428166
2060-12-18,0.10347384394022373
2060-12-19,0.1300834095403012
2060-12-20,0.16475912232765408
2060-12-21,0.13374179355454532
2060-12-22,0.09698645914456724
2060-12-23,0.3928095932647729
2060-12-24,0.6283280696449929
2060-12-25,0.09664193052003887
2060-12-26,0.08637051564693325
2060-12-27,0.12070580628829565
2060-12-28,0.08896166060655024
2060-12-29,0.08614223820697356
2060-12-30,0.11775441361137062
2060-12-31,0.11288377017907518
2061-01-01,0.07516300482791892
2061-01-02,0.07521625694153031
2061-01-03,0.1267400781658011
2061-01-04,0.0545921640201992
2061-01-05,0.05236907281310309
2061-01-06,0.05355329613228135
2061-01-07,0.05634523163943329
2061-01-08,0.06766405493437909
2061-01-09,0.05565474870152541
2061-01-10,0.05232475346665965
2061-01-11,0.05232385660693269
2061-01-12,0.05568920402811566
2061-01-13,0.05231330186680755
2061-01-14,0.052305055876277054
2061-01-15,0.0522950746366256
2061-01-16,0.05228360046003367
2061-01-17,0.05227088677023781
2061-01-18,0.05225715315209647
2061-01-19,0.052309544926061914
2061-01-20,0.05881805624512459
2061-01-21,0.053207611475204544
2061-01-22,0.05219825829627557
2061-01-23,0.05218332695980607
2061-01-24,0.052609034952293236
2061-01-25,0.0601159643938091
2061-01-26,0.07051462597285524
2061-01-27,0.07451120246883568
2061-01-28,0.06471765297236044
2061-01-29,0.05440104508417649
2061-01-30,0.060141036682463525
2061-01-31,0.06132793841515995
2061-02-01,0.04822508611605685
2061-02-02,0.06218862194858797
2061-02-03,0.06579514974554683
2061-02-04,0.06635870806072694
2061-02-05,0.06863502288778207
2061-02-06,0.08030075274622023
2061-02-07,0.0833444167651524
2061-02-08,0.09381959230932346
2061-02-09,0.08494949841008617
2061-02-10,0.11627863559459685
2061-02-11,0.14383184200379914
2061-02-12,0.19275411113665747
2061-02-13,0.2512559468412988
2061-02-14,0.3127923503350131
2061-02-15,0.3819051824769124
2061-02-16,0.5134565822109526
2061-02-17,0.6740451409254624
2061-02-18,0.4305457894515595
2061-02-19,0.27927050327530706
2061-02-20,0.23263140523984244
2061-02-21,0.19808911715515665
2061-02-22,0.1329644546168593
2061-02-23,0.1452884317225753
2061-02-24,0.2428915443708528
2061-02-25,0.2759902379119841
2061-02-26,0.25074203393711464
2061-02-27,0.3479272713478478
2061-02-28,0.4307816942325369
2061-03-01,1.027099231413077
2061-03-02,1.2086716411850806
2061-03-03,0.37671256418004895
2061-03-04,0.43044659786553263
2061-03-05,0.9603115339256436
2061-03-06,1.4041579751322395
2061-03-07,1.876698540858741
2061-03-08,2.6650126329817447
2061-03-09,2.5910871834593783
2061-03-10,0.710651210651951
2061-03-11,1.5215258236647082
2061-03-12,1.8666055084436064
2061-03-13,1.2235315175341748
2061-03-14,1.1424323864142891
2061-03-15,0.8154125512107891
2061-03-16,0.8890275007835627
2061-03-17,1.3287143870216065
2061-03-18,0.9613535392826872
2061-03-19,0.9412957431164678
2061-03-20,1.7721140103951984
2061-03-21,2.4737927871737204
2061-03-22,3.648090048367689
2061-03-23,4.536701210286807
2061-03-24,5.59198756265201
2061-03-25,3.4223883557110093
2061-03-26,4.425870419443479
2061-03-27,2.6294965153503065
2061-03-28,3.083117927659492
2061-03-29,2.062741777487324
2061-03-30,2.125214060835151
2061-03-31,2.726325030644136
2061-04-01,2.7145129269196024
2061-04-02,2.5612233292295143
2061-04-03,2.0412081536423994
2061-04-04,1.9492981470161017
2061-04-05,1.7862645591960968
2061-04-06,1.7854055437731895
2061-04-07,1.8212466644335816
2061-04-08,2.0153183712503444
2061-04-09,2.710927010231436
2061-04-10,3.8325084757680807
2061-04-11,6.288526918402112
2061-04-12,4.0320886656231405
2061-04-13,4.010323756414792
2061-04-14,4.150245874215698
2061-04-15,3.3737861867727745
2061-04-16,3.9069970692261786
2061-04-17,3.699017272011465
2061-04-18,3.6668876222745417
2061-04-19,3.641066585481013
2061-04-20,3.6888792834412567
2061-04-21,3.7604985783682348
2061-04-22,3.2613025551341672
2061-04-23,3.842495148141772
2061-04-24,4.7525818343453405
2061-04-25,4.011549868360714
2061-04-26,3.5848272218721555
2061-04-27,3.270667475186208
2061-04-28,3.228849931098552
2061-04-29,3.3058271208868306
2061-04-30,3.5258774905606955
2061-05-01,3.251372378821952
2061-05-02,3.187634376495341
2061-05-03,2.9354610345764285
2061-05-04,3.0955376888658663
2061-05-05,2.9048876961237102
2061-05-06,2.918655100602461
2061-05-07,3.3738283498886648
2061-05-08,3.912317190187002
2061-05-09,2.6423867598395736
2061-05-10,2.786338177421372
2061-05-11,2.586124136418607
2061-05-12,2.8581007898226094
2061-05-13,3.0824760277328656
2061-05-14,2.4497865050691603
2061-05-15,2.4843672943334734
2061-05-16,3.47618532650447
2061-05-17,5.097744434602864
2061-05-18,6.308312212045059
2061-05-19,6.708520845053242
2061-05-20,7.218904138482772
2061-05-21,6.990070890996227
2061-05-22,5.242702099263604
2061-05-23,4.568394471861007
2061-05-24,4.3877964324885825
2061-05-25,4.428471754522458
2061-05-26,4.4237249017135785
2061-05-27,4.200486982040292
2061-05-28,4.0895620325968185
2061-05-29,3.813588200291867
2061-05-30,3.5563947473548416
2061-05-31,3.7084067890504495
2061-06-01,4.107616166096687
2061-06-02,3.6851640955432017
2061-06-03,3.4341803826682
2061-06-04,3.2034010730215763
2061-06-05,3.460625538793693
2061-06-06,3.3118904112760976
2061-06-07,3.467841677477113
2061-06-08,3.44969854285128
2061-06-09,3.330138521746912
2061-06-10,3.2870483698868727
2061-06-11,3.7792055946220713
2061-06-12,4.042058828244854
2061-06-13,4.66962012884738
2061-06-14,5.216827015309576
2061-06-15,6.122018754729695
2061-06-16,7.013317568323434
2061-06-17,6.182622426727552
2061-06-18,6.7772303880230975
2061-06-19,7.958277702128105
2061-06-20,7.989172677812787
2061-06-21,8.151686177480366
2061-06-22,6.861337688142028
2061-06-23,4.9868463660413065
2061-06-24,4.487683809690097
2061-06-25,4.845588489330492
2061-06-26,4.7978666350915145
2061-06-27,4.7790377972909885
2061-06-28,4.494711783440991
2061-06-29,3.635348722661891
2061-06-30,3.071400478805333
2061-07-01,6.518400799853342
2061-07-02,5.7878258540170275
2061-07-03,5.185851565270945
2061-07-04,4.1629979427773565
2061-07-05,3.433571516943279
2061-07-06,3.0948804364905995
2061-07-07,2.7601307467049088
2061-07-08,2.4497518548151587
2061-07-09,2.1543293293598045
2061-07-10,1.8704560307919318
2061-07-11,1.6933568808724362
2061-07-12,1.602318985190755
2061-07-13,1.2888793230021736
2061-07-14,1.1352858552459792
2061-07-15,1.077846895653457
2061-07-16,0.9632071534847558
2061-07-17,0.863438759436148
2061-07-18,0.7344825093052592
2061-07-19,0.7314505833630428
2061-07-20,0.6953847509661014
2061-07-21,0.4452105783084357
2061-07-22,0.3925841594220593
2061-07-23,0.3688723838979516
2061-07-24,0.34876740294735964
2061-07-25,0.32957306510028883
2061-07-26,0.30320164086930057
2061-07-27,0.2770016129061195
2061-07-28,0.25345823791918265
2061-07-29,0.2323218869324277
2061-07-30,0.2140006994284853
2061-07-31,0.19813769006427245
2061-08-01,0.24852791711985206
2061-08-02,0.2252058209525304
2061-08-03,0.2133735423874007
2061-08-04,0.2026855495556306
2061-08-05,0.19375566058701105
2061-08-06,0.18620642726420206
2061-08-07,0.17992916111968302
2061-08-08,0.17454635221713552
2061-08-09,0.1700887904479253
2061-08-10,0.165857200312388
2061-08-11,0.1617644411370144
2061-08-12,0.15780707158140492
2061-08-13,0.15408773611869198
2061-08-14,0.15071818571290715
2061-08-15,0.14770198559934666
2061-08-16,0.1452758033049417
2061-08-17,0.14325560348305913
2061-08-18,0.1416619386344457
2061-08-19,0.14017596211345767
2061-08-20,0.1385218997198185
2061-08-21,0.1367106851103097
2061-08-22,0.134863460361879
2061-08-23,0.1331166278627145
2061-08-24,0.13151640155671412
2061-08-25,0.4772675908469365
2061-08-26,0.18933194783829455
2061-08-27,0.1936702181364944
2061-08-28,0.1768713869273642
2061-08-29,0.12686876462860733
2061-08-30,0.1259243208542068
2061-08-31,0.1251308675788868
2061-09-01,0.057010596102870084
2061-09-02,0.058238982312582774
2061-09-03,0.05627363800659642
2061-09-04,0.05585217356908812
2061-09-05,0.0554178813296883
2061-09-06,0.055033461075855855
2061-09-07,0.054678903472404616
2061-09-08,0.05434368762950675
2061-09-09,0.05401809744161214
2061-09-10,0.05369478136897688
2061-09-11,0.05338339094258588
2061-09-12,0.05308180492488673
2061-09-13,0.052795368072726334
2061-09-14,0.0526332236550827
2061-09-15,0.052350400358666505
2061-09-16,0.14757593592315113
2061-09-17,0.07691472446003654
2061-09-18,0.1104777728898296
2061-09-19,0.06971486520398444
2061-09-20,0.05173671846440195
2061-09-21,0.051607060740692316
2061-09-22,0.051475907333542965
2061-09-23,0.05136351724417583
2061-09-24,0.05127879504701765
2061-09-25,0.05119386900770986
2061-09-26,0.05108652402891965
2061-09-27,0.05098023558182463
2061-09-28,0.052816210214147084
2061-09-29,0.20006308505348352
2061-09-30,0.1625697135270864
2061-10-01,0.13484501476051824
2061-10-02,0.17684089055075808
2061-10-03,0.10818991953961173
2061-10-04,0.09814201556862097
2061-10-05,0.11479435395525332
2061-10-06,0.1382819362357588
2061-10-07,0.13685104002390827
2061-10-08,0.11051304479458647
2061-10-09,0.09222319294604064
2061-10-10,0.08648201533885863
2061-10-11,0.08477634640494762
2061-10-12,0.08470814296417492
2061-10-13,0.08463900632377874
2061-10-14,0.08458947055003245
2061-10-15,0.08453868234856797
2061-10-16,0.08445507574400142
2061-10-17,0.08434446599728512
2061-10-18,0.08424933068267552
2061-10-19,0.08418139688375813
2061-10-20,0.2283304150374947
2061-10-21,0.13269920937448032
2061-10-22,0.1689320646370201
2061-10-23,0.15536435887122452
2061-10-24,0.08531900862948108
2061-10-25,0.08393975433804644
2061-10-26,0.0838877645671547
2061-10-27,0.08383546180694974
2061-10-28,0.08379124086762703
2061-10-29,0.08375292125054687
2061-10-30,0.08372171005879354
2061-10-31,0.08959160628405992
2061-11-01,0.05603125717967939
2061-11-02,0.055994003583656984
2061-11-03,0.05597280921806298
2061-11-04,0.05594729282415744
2061-11-05,0.05592043362859635
2061-11-06,0.05589330353110861
2061-11-07,0.05586121743920222
2061-11-08,0.05582254893422077
2061-11-09,0.05578787802335994
2061-11-10,0.05576445704454952
2061-11-11,0.05574675686238896
2061-11-12,0.05572915883050197
2061-11-13,0.05571210450262461
2061-11-14,0.05569533330693045
2061-11-15,0.05567860859623842
2061-11-16,0.06954546153582891
2061-11-17,0.058122068203449936
2061-11-18,0.057866686279173324
2061-11-19,0.5225403265459386
2061-11-20,2.390290945877002
2061-11-21,35.048587452317854
2061-11-22,46.44096079466416
2061-11-23,2.1595512814890365
2061-11-24,0.07925517435197764
2061-11-25,0.08399118468766899
2061-11-26,0.1889654367935388
2061-11-27,0.08080877633181599
2061-11-28,0.08599086437458403
2061-11-29,0.0882803799177025
2061-11-30,0.10820141809664084
2061-12-01,0.11895903218518818
2061-12-02,0.10984641303756902
2061-12-03,0.1497232383324817
2061-12-04,0.13889920725017396
2061-12-05,0.09995287168940888
2061-12-06,0.10153774289089007
2061-12-07,0.11103648465660712
2061-12-08,0.11919761550415585
2061-12-09,0.1412645070885552
2061-12-10,0.1269512588804498
2061-12-11,0.09573250189945508
2061-12-12,0.11022529058086236
2061-12-13,0.1029860399239874
2061-12-14,0.11984380407812074
2061-12-15,0.09459038827240387
2061-12-16,0.15370742085288855
2061-12-17,0.10680778970222
2061-12-18,0.10160279559709287
2061-12-19,0.09754569860964453
2061-12-20,0.1043524477680546
2061-12-21,0.15861144662766666
2061-12-22,0.17552739990521665
2061-12-23,0.1114640898180486
2061-12-24,0.11324623026386305
2061-12-25,0.1318915847937289
2061-12-26,0.10408280021132688
2061-12-27,0.09396503258132764
2061-12-28,0.09132001580383144
2061-12-29,0.09125930181417984
2061-12-30,0.09764166158149536
2061-12-31,0.09124233180066316
2062-01-01,0.0585286319245555
2062-01-02,0.15634456359249485
2062-01-03,0.2241242241484179
2062-01-04,0.2655480538405919
2062-01-05,0.11866774749070695
2062-01-06,0.08217094818078513
2062-01-07,0.17689934202780586
2062-01-08,0.0939255846700539
2062-01-09,0.08516993221241907
2062-01-10,0.1256151690616375
2062-01-11,0.10357256947147198
2062-01-12,0.10661162100296
2062-01-13,0.1638568712367438
2062-01-14,0.1312726616545945
2062-01-15,0.14602058953391436
2062-01-16,0.07362821938627202
2062-01-17,0.08426310374747074
2062-01-18,0.08574168997319663
2062-01-19,0.11620409020931348
2062-01-20,0.13573995642648373
2062-01-21,0.2123797362708928
2062-01-22,0.3563762926122181
2062-01-23,0.5509477281307376
2062-01-24,0.3863753779875109
2062-01-25,0.2394892146331031
2062-01-26,0.5065782569644659
2062-01-27,0.9314246961474048
2062-01-28,0.6063461539460245
2062-01-29,0.4219414992231158
2062-01-30,0.2091150015692556
2062-01-31,0.3280590761369988
2062-02-01,0.2353724006722264
2062-02-02,0.2543328932165965
2062-02-03,1.5227901719971146
2062-02-04,0.6383873327374976
2062-02-05,2.287849153723727
2062-02-06,3.876722916396356
2062-02-07,1.0935813768515197
2062-02-08,1.0165410211405996
2062-02-09,1.0746567170391599
2062-02-10,1.083675698845335
2062-02-11,1.2149343391312142
2062-02-12,1.2777842154444423
2062-02-13,1.4112643086521053
2062-02-14,1.2286044334814659
2062-02-15,1.2911303777797267
2062-02-16,1.303014476708064
2062-02-17,1.4434269141851337
2062-02-18,1.856547999358508
2062-02-19,2.146165978706646
2062-02-20,1.5946299308750287
2062-02-21,1.3941390562882907
2062-02-22,1.234043038526806
2062-02-23,1.2796373834726689
2062-02-24,1.2630109080623677
2062-02-25,1.1579548710348893
2062-02-26,1.0840475898032518
2062-02-27,1.1179895429373494
2062-02-28,1.3795787370970225
2062-03-01,2.146517209359774
2062-03-02,1.28182845872751
2062-03-03,1.2622286581295992
2062-03-04,1.3664860440059752
2062-03-05,1.2575241523533078
2062-03-06,1.3054428027006164
2062-03-07,1.0882373914922372
2062-03-08,1.0534484977110374
2062-03-09,1.2398005186410268
2062-03-10,1.6049681422956403
2062-03-11,2.390226340545567
2062-03-12,3.1714199317314815
2062-03-13,5.107248951079504
2062-03-14,5.243825415351318
2062-03-15,4.409143838292986
2062-03-16,2.4116030211809294
2062-03-17,3.6107700289232776
2062-03-18,4.505744339797712
2062-03-19,5.991150038055936
2062-03-20,7.269733720997076
2062-03-21,7.527585432576281
2062-03-22,6.823548543335283
2062-03-23,3.4144052027288314
2062-03-24,3.1548058930923264
2062-03-25,3.635060947548843
2062-03-26,6.061425528629438
2062-03-27,7.409132101950593
2062-03-28,5.486122133599715
2062-03-29,3.8027987168544977
2062-03-30,4.400869970701167
2062-03-31,11.051146776662181
2062-04-01,9.172809799562334
2062-04-02,5.347464421619754
2062-04-03,4.262824864893399
2062-04-04,4.026768520853674
2062-04-05,4.237495733129885
2062-04-06,4.389938259836553
2062-04-07,4.054709443829636
2062-04-08,3.98215900390316
2062-04-09,3.7545135346217315
2062-04-10,3.59480529725739
2062-04-11,5.168450855798329
2062-04-12,5.690820493797356
2062-04-13,4.664712513960499
2062-04-14,3.9552395299954703
2062-04-15,3.959966065802905
2062-04-16,4.716693380378975
2062-04-17,6.56488731340309
2062-04-18,7.888099212563679
2062-04-19,7.302054713831039
2062-04-20,7.589478905176836
2062-04-21,8.098389173756305
2062-04-22,5.102591443472546
2062-04-23,4.7747782103888765
2062-04-24,4.660483829401253
2062-04-25,4.599179441475797
2062-04-26,4.5602894481783744
2062-04-27,5.258599221076998
2062-04-28,7.2240038302171214
2062-04-29,8.573472836914847
2062-04-30,7.640646054612086
2062-05-01,5.733567425023222
2062-05-02,7.0007668665041445
2062-05-03,6.962970689829769
2062-05-04,9.010190084549013
2062-05-05,13.316141437524864
2062-05-06,17.436728377929544
2062-05-07,22.415630296843187
2062-05-08,23.528311421865805
2062-05-09,26.826958816947325
2062-05-10,23.30049201614528
2062-05-11,21.105193614110668
2062-05-12,16.817746424986314
2062-05-13,17.25021272064534
2062-05-14,18.231870787142718
2062-05-15,17.054629612239317
2062-05-16,14.326548422822269
2062-05-17,5.4219970798819395
2062-05-18,5.35901393922497
2062-05-19,5.089927455959547
2062-05-20,5.421333330872643
2062-05-21,6.022154174591948
2062-05-22,6.839240360835492
2062-05-23,7.937892887680168
2062-05-24,7.232017171965849
2062-05-25,5.000962732830612
2062-05-26,4.232567029338263
2062-05-27,4.344518216415676
2062-05-28,4.4961315432619084
2062-05-29,3.2777149753987835
2062-05-30,3.2154911989290254
2062-05-31,3.2927191853053794
2062-06-01,3.7334665481282747
2062-06-02,4.265131479029496
2062-06-03,5.272002850053679
2062-06-04,5.033028862984843
2062-06-05,4.703205941319769
2062-06-06,4.192778734122756
2062-06-07,4.272461815941556
2062-06-08,4.532149980305465
2062-06-09,3.2393532116897483
2062-06-10,2.6539403925745875
2062-06-11,2.511408258765
2062-06-12,2.461552034993833
2062-06-13,2.1065943026031264
2062-06-14,1.7789703687001586
2062-06-15,1.6982388927152037
2062-06-16,1.6886793653358652
2062-06-17,1.6300142811885772
2062-06-18,1.4582339584705153
2062-06-19,1.4735018105990003
2062-06-20,1.3557325764079928
2062-06-21,1.2158548734903265
2062-06-22,1.142817414000918
2062-06-23,0.9914753876471136
2062-06-24,0.8052125579353239
2062-06-25,0.6833875040086304
2062-06-26,0.6247884945826078
2062-06-27,0.6155184993747221
2062-06-28,0.5858788066396698
2062-06-29,0.5480088251486697
2062-06-30,0.4935095999830072
2062-07-01,1.068571174258233
2062-07-02,0.9174532219598908
2062-07-03,0.825218511435881
2062-07-04,0.7794461266368109
2062-07-05,0.7238321817163639
2062-07-06,0.7357339869625774
2062-07-07,0.7376437156685292
2062-07-08,0.631681973355219
2062-07-09,0.525278077396522
2062-07-10,0.3973813743722516
2062-07-11,0.3746187938546894
2062-07-12,0.3529839765364995
2062-07-13,0.3321248471057408
2062-07-14,0.3047342245181493
2062-07-15,0.2751704609269504
2062-07-16,0.2483509641799424
2062-07-17,0.2300684982178565
2062-07-18,0.2111763260982692
2062-07-19,0.1934653463039267
2062-07-20,0.17936173771379854
2062-07-21,0.16744350907599925
2062-07-22,0.15736555359342205
2062-07-23,0.1487454207561565
2062-07-24,0.14105299811231206
2062-07-25,0.1341371620846846
2062-07-26,0.12797749763370406
2062-07-27,0.12254887970271447
2062-07-28,0.12079461272848795
2062-07-29,0.11407384189671207
2062-07-30,0.12985053034023994
2062-07-31,0.10832468126383844
2062-08-01,0.13712134805650913
2062-08-02,0.13492496581108415
2062-08-03,0.13328174515561314
2062-08-04,0.13184235661296614
2062-08-05,0.1304437056250196
2062-08-06,0.12904570872567506
2062-08-07,0.1276405096972369
2062-08-08,0.12627944571346242
2062-08-09,0.12500138000111358
2062-08-10,0.12374768801001915
2062-08-11,0.12251284945250601
2062-08-12,0.12133519324923515
2062-08-13,0.1202176900183372
2062-08-14,0.11916762041543015
2062-08-15,0.11820401358405495
2062-08-16,0.11733078364846042
2062-08-17,0.1165423977513648
2062-08-18,0.11579517499669688
2062-08-19,0.11505327398683
2062-08-20,0.11433896590077593
2062-08-21,0.11365932877445492
2062-08-22,0.11302276952564096
2062-08-23,0.11246279159437142
2062-08-24,0.111962199395444
2062-08-25,0.1115137285510438
2062-08-26,0.1111060716255288
2062-08-27,0.11075582720317882
2062-08-28,0.11043280141154728
2062-08-29,0.11012033755174697
2062-08-30,0.10983438501720308
2062-08-31,0.10956690170530732
2062-09-01,0.050116430409427384
2062-09-02,0.05001743869234503
2062-09-03,0.049925920668051856
2062-09-04,0.5516412903569653
2062-09-05,0.20831258907480268
2062-09-06,0.2915555769696065
2062-09-07,0.39223520629657976
2062-09-08,0.1366505117533688
2062-09-09,0.05131900294386701
2062-09-10,0.049680910716540655
2062-09-11,0.0495931827193569
2062-09-12,0.04949330957284445
2062-09-13,0.04938772983962344
2062-09-14,0.0492849254909615
2062-09-15,0.0491886606495829
2062-09-16,0.04909842522439623
2062-09-17,0.04901214504800485
2062-09-18,0.05076397716864428
2062-09-19,0.04886132939988956
2062-09-20,0.05799794996650744
2062-09-21,0.129543204766966
2062-09-22,0.07167103701520289
2062-09-23,0.053625015423922714
2062-09-24,0.04867635299778783
2062-09-25,0.048650763730383066
2062-09-26,0.048615167721138594
2062-09-27,0.048568351277222914
2062-09-28,0.0485208018042904
2062-09-29,0.04847684244256032
2062-09-30,0.048435787794882
2062-10-01,0.08118042552170307
2062-10-02,0.08153274071522923
2062-10-03,0.08294053831535399
2062-10-04,0.08103967741686212
2062-10-05,0.08097517670509398
2062-10-06,0.08090773105406375
2062-10-07,0.08084377478924121
2062-10-08,0.08079227900005709
2062-10-09,0.0807548001801128
2062-10-10,0.08072393493789537
2062-10-11,0.08069275350836802
2062-10-12,0.08066069847631185
2062-10-13,0.08063350806964796
2062-10-14,0.08061029883934194
2062-10-15,0.08058764849164482
2062-10-16,0.08056449131903537
2062-10-17,0.08079879929629004
2062-10-18,0.08050926476684915
2062-10-19,0.08047848805498388
2062-10-20,0.0804473779771377
2062-10-21,0.10539612479617376
2062-10-22,0.08039166101404993
2062-10-23,0.08036646429053941
2062-10-24,0.08033828418032579
2062-10-25,0.08030793223166695
2062-10-26,0.0802758492037318
2062-10-27,0.08024261390556417
2062-10-28,0.08021191334416107
2062-10-29,0.08018637142982357
2062-10-30,0.08092552163947735
2062-10-31,0.08147663105585484
2062-11-01,0.6954422791847604
2062-11-02,1.7216170163184903
2062-11-03,0.3906742092237651
2062-11-04,0.0902068294046662
2062-11-05,0.16013856808685376
2062-11-06,0.36028025008386017
2062-11-07,0.5921225358749636
2062-11-08,0.9686983402158712
2062-11-09,0.7350132363422616
2062-11-10,1.1060492576824053
2062-11-11,2.7417222954479694
2062-11-12,1.903109562168137
2062-11-13,0.2559363047446211
2062-11-14,0.24845210786047425
2062-11-15,0.3320220102545065
2062-11-16,3.271633769411572
2062-11-17,0.5215656181177232
2062-11-18,0.07761668751668901
2062-11-19,0.0967047789651123
2062-11-20,0.1464412777213078
2062-11-21,0.0873461427024214
2062-11-22,0.0757137028996639
2062-11-23,0.07558425384312571
2062-11-24,0.072130227785716
2062-11-25,0.07283989850616378
2062-11-26,0.07502772875972043
2062-11-27,0.07512996654124816
2062-11-28,0.07388258958337787
2062-11-29,0.07332494042351709
2062-11-30,0.07352487668110362
2062-12-01,0.07832731979834277
2062-12-02,0.08732879874558779
2062-12-03,0.09193682083404038
2062-12-04,0.2381702179816167
2062-12-05,0.19646739427336216
2062-12-06,0.12327106685107075
2062-12-07,0.5276753685303296
2062-12-08,0.21871590256430293
2062-12-09,0.10853210265275694
2062-12-10,0.10871739863440992
2062-12-11,0.11776952208689108
2062-12-12,0.08583592921410968
2062-12-13,0.3054207152009857
2062-12-14,0.2840130617252149
2062-12-15,0.08628650789839297
2062-12-16,0.08259566965398271
2062-12-17,0.08176386838317426
2062-12-18,0.08175601848923678
2062-12-19,0.08193094760232067
2062-12-20,0.10792427286137528
2062-12-21,0.09052082199840383
2062-12-22,0.08249763720313097
2062-12-23,0.0882628143138962
2062-12-24,0.3383279986711332
2062-12-25,0.15310948100621413
2062-12-26,0.12693442388993886
2062-12-27,0.08330047043532199
2062-12-28,0.0967547020919216
2062-12-29,0.08358576018139864
2062-12-30,0.0837014318319869
2062-12-31,0.08380452081167407
2063-01-01,0.05221236889893698
2063-01-02,0.09840927769186754
2063-01-03,0.053794364096156407
2063-01-04,0.05238940547473235
2063-01-05,0.05244615252181235
2063-01-06,0.05359639598959785
2063-01-07,0.05360904151158053
2063-01-08,0.05258800773956344
2063-01-09,0.05262910731978927
2063-01-10,0.05272708052174812
2063-01-11,0.05550760781376319
2063-01-12,0.062468537030819574
2063-01-13,0.07081343836322493
2063-01-14,0.07552090068337798
2063-01-15,0.07865792585547214
2063-01-16,0.08598371856396925
2063-01-17,0.09027796528972196
2063-01-18,0.093362405430797
2063-01-19,0.101357631722179
2063-01-20,0.11955063770945455
2063-01-21,0.08681622546799239
2063-01-22,0.07088899944941911
2063-01-23,0.06747814796760153
2063-01-24,0.08587263789103301
2063-01-25,0.06578392513585914
2063-01-26,0.09743037709577328
2063-01-27,0.1123673398763524
2063-01-28,0.08386217999345769
2063-01-29,0.1578831842630909
2063-01-30,0.11288977454815173
2063-01-31,0.1373024405689845
2063-02-01,0.10874948484181307
2063-02-02,0.12691066463439496
2063-02-03,0.15388624507213527
2063-02-04,0.1591252059104761
2063-02-05,0.17422296589466296
2063-02-06,0.18456330981198613
2063-02-07,0.2150393874405621
2063-02-08,0.2152016475641444
2063-02-09,0.24181606347128326
2063-02-10,0.17637268474962375
2063-02-11,0.1800279090147358
2063-02-12,0.19739875154128095
2063-02-13,0.3874983123264851
2063-02-14,0.21115274574326776
2063-02-15,0.21792729114130666
2063-02-16,0.23101025309601525
2063-02-17,0.3082253028458973
2063-02-18,0.5714682600812478
2063-02-19,0.6553320736695035
2063-02-20,0.7937289472723472
2063-02-21,1.2385798898512088
2063-02-22,1.1855512655623757
2063-02-23,1.1381614278681516
2063-02-24,0.7236129774065709
2063-02-25,0.6741307868177261
2063-02-26,0.5881576789325889
2063-02-27,0.6902717327611022
2063-02-28,0.956053406355768
2063-03-01,1.6126389290351322
2063-03-02,0.814526483270016
2063-03-03,0.7144432016469784
2063-03-04,0.6579900724655506
2063-03-05,0.6412282964409342
2063-03-06,0.6373898403429464
2063-03-07,0.6384779672830704
2063-03-08,0.6197325490042155
2063-03-09,0.6278239641395424
2063-03-10,0.6254563332221109
2063-03-11,0.7111365098312099
2063-03-12,1.0017409188312665
2063-03-13,1.4638029445915457
2063-03-14,1.9897099647025218
2063-03-15,2.548367778473433
2063-03-16,3.2314956854818413
2063-03-17,4.060911557351287
2063-03-18,4.7211127965900115
2063-03-19,7.242888582177696
2063-03-20,7.8986621746756605
2063-03-21,8.694645720421278
2063-03-22,10.596722803454565
2063-03-23,12.603952449884883
2063-03-24,13.036977547821536
2063-03-25,7.814104743021655
2063-03-26,3.5507728799698266
2063-03-27,3.4634157606623983
2063-03-28,3.5788308526587804
2063-03-29,3.9592172362072384
2063-03-30,5.621000504368876
2063-03-31,9.457918054452778
2063-04-01,6.2736968760840055
2063-04-02,5.9908192962621225
2063-04-03,6.433148357534139
2063-04-04,4.350069591788891
2063-04-05,4.669704699409531
2063-04-06,5.294551400872858
2063-04-07,7.090345647502178
2063-04-08,9.112215076966166
2063-04-09,6.282139110306628
2063-04-10,6.053395859764089
2063-04-11,4.427062960650028
2063-04-12,4.620036194665656
2063-04-13,4.451434268448726
2063-04-14,4.341589853062089
2063-04-15,4.249559306549831
2063-04-16,4.2397435316164325
2063-04-17,5.3432532574473575
2063-04-18,5.95380860894421
2063-04-19,6.396747303092193
2063-04-20,5.5693760197131565
2063-04-21,6.732512590727876
2063-04-22,8.70484913610388
2063-04-23,6.841063400956791
2063-04-24,6.392562239928565
2063-04-25,5.8245977005288045
2063-04-26,5.584365707889772
2063-04-27,5.038583643007041
2063-04-28,4.8308510267008815
2063-04-29,4.6559698269262695
2063-04-30,4.707243536845677
2063-05-01,4.7591326553634925
2063-05-02,4.447296724099114
2063-05-03,4.203292546166345
2063-05-04,4.327271886489308
2063-05-05,4.240415218579194
2063-05-06,3.978890453827949
2063-05-07,5.1912997774149
2063-05-08,7.674804336760028
2063-05-09,10.315486343100442
2063-05-10,10.235695930081947
2063-05-11,14.000855605010958
2063-05-12,11.140684477125783
2063-05-13,8.007358919533685
2063-05-14,11.228709269690581
2063-05-15,7.785328053868443
2063-05-16,12.007963711215105
2063-05-17,13.713128899002433
2063-05-18,11.21411123718503
2063-05-19,15.905461670409114
2063-05-20,18.61823537041404
2063-05-21,17.906667595792477
2063-05-22,24.448654659294267
2063-05-23,25.762470378097106
2063-05-24,26.695360014630193
2063-05-25,26.40146213317093
2063-05-26,29.07764270211609
2063-05-27,28.112878612703405
2063-05-28,33.59185792204891
2063-05-29,34.53285984785957
2063-05-30,33.220665450064864
2063-05-31,30.481281389199452
2063-06-01,31.926929766285944
2063-06-02,33.45921163970447
2063-06-03,31.195092084500708
2063-06-04,25.22349104565284
2063-06-05,23.617838100677556
2063-06-06,19.20851908128769
2063-06-07,15.14226429145976
2063-06-08,12.320069509123172
2063-06-09,11.577623958206436
2063-06-10,9.635711946084982
2063-06-11,8.189949818195743
2063-06-12,8.104384053519214
2063-06-13,7.570750904520633
2063-06-14,6.658810999543881
2063-06-15,5.419965992277357
2063-06-16,4.717577964938316
2063-06-17,3.5883004360704684
2063-06-18,3.0641385092282967
2063-06-19,3.484447640270381
2063-06-20,3.85234347491015
2063-06-21,3.7793073668533315
2063-06-22,3.2198574915080935
2063-06-23,3.0381130644676717
2063-06-24,2.7811022547743884
2063-06-25,2.7887301098250883
2063-06-26,2.6724359498740964
2063-06-27,2.6161654104801104
2063-06-28,2.4693470463688847
2063-06-29,2.081970392358574
2063-06-30,1.864463438115844
2063-07-01,4.0899342010907915
2063-07-02,3.3475329973939503
2063-07-03,3.0243064909095536
2063-07-04,2.9669931432749213
2063-07-05,2.6817692222735423
2063-07-06,2.572487610959889
2063-07-07,2.160367675729831
2063-07-08,2.1114196491730954
2063-07-09,1.7351504456362246
2063-07-10,1.7842610397632166
2063-07-11,1.445462964447529
2063-07-12,1.2504354293797373
2063-07-13,1.267248237313565
2063-07-14,1.0738745553771418
2063-07-15,1.0052091521338262
2063-07-16,0.8627694295200007
2063-07-17,0.8046017424602236
2063-07-18,0.7451048235964425
2063-07-19,0.6857850100815055
2063-07-20,0.6253324017402646
2063-07-21,0.4990512026923169
2063-07-22,0.43417985635287015
2063-07-23,0.3889453513892267
2063-07-24,0.34889067687365544
2063-07-25,0.31318201400504114
2063-07-26,0.2830476482749132
2063-07-27,0.2681747204451022
2063-07-28,0.2503676245140311
2063-07-29,0.2222506687872108
2063-07-30,0.2056300331488891
2063-07-31,0.19099931614599344
2063-08-01,0.23034939914724334
2063-08-02,0.21658233051577125
2063-08-03,0.20506527349922332
2063-08-04,0.1955551904008736
2063-08-05,0.18762270359792865
2063-08-06,0.1807357194938981
2063-08-07,0.1746944878284956
2063-08-08,0.16951092534152154
2063-08-09,0.16513428015018922
2063-08-10,0.3687029238247226
2063-08-11,1.3826542799920378
2063-08-12,0.8367738842627513
2063-08-13,0.15742068558346772
2063-08-14,0.19307505753992188
2063-08-15,0.15180129114236612
2063-08-16,0.14897629541764454
2063-08-17,0.1475010106929962
2063-08-18,0.14527624486376248
2063-08-19,0.16561507429110672
2063-08-20,0.14081662757806013
2063-08-21,0.13874619806065466
2063-08-22,0.13658794802694318
2063-08-23,0.1344893530858897
2063-08-24,0.13247028439913694
2063-08-25,0.1305513565225563
2063-08-26,0.12878831382134548
2063-08-27,0.12722781186020565
2063-08-28,0.1258261818030939
2063-08-29,0.12442630245628435
2063-08-30,0.12303593449585143
2063-08-31,0.1217939201535992
2063-09-01,0.06606141437608667
2063-09-02,0.058002083973962684
2063-09-03,5.2608062613836974
2063-09-04,59.690064346162785
2063-09-05,34.86456768642273
2063-09-06,0.4707581348367971
2063-09-07,0.28890943948245196
2063-09-08,0.1676267181234219
2063-09-09,0.10777702932178906
2063-09-10,0.11574519691473045
2063-09-11,0.09921553702165384
2063-09-12,0.4185314082608824
2063-09-13,0.09607529155798224
2063-09-14,0.09450656500575888
2063-09-15,0.7184522648965849
2063-09-16,0.15259571801103602
2063-09-17,0.2361947819356797
2063-09-18,0.09075752709774453
2063-09-19,0.08963832367151223
2063-09-20,0.08815055460644794
2063-09-21,0.0866836157315187
2063-09-22,0.08525595771172742
2063-09-23,0.08462577599868032
2063-09-24,0.17669242974651034
2063-09-25,0.08194217364128659
2063-09-26,0.0926508295006612
2063-09-27,0.3501176754360831
2063-09-28,0.3987201686371111
2063-09-29,0.14085038343684933
2063-09-30,0.1013275895884848
2063-10-01,0.13532480436035665
2063-10-02,0.1321375938891967
2063-10-03,0.4329430924348558
2063-10-04,0.4048960632714521
2063-10-05,0.2561049219499076
2063-10-06,0.4922152979302896
2063-10-07,0.1305876651710037
2063-10-08,0.1297062843897185
2063-10-09,0.5538353605165035
2063-10-10,0.6858525261536992
2063-10-11,0.1286688151968362
2063-10-12,0.12778937068004326
2063-10-13,0.12955509411281427
2063-10-14,0.13206332263138731
2063-10-15,0.13700046466885796
2063-10-16,0.8461991463009321
2063-10-17,0.6681254113253449
2063-10-18,0.6170353427150396
2063-10-19,0.9128863700380512
2063-10-20,0.5603025072612341
2063-10-21,0.12858890243953391
2063-10-22,0.12672227638925282
2063-10-23,0.15676673424850482
2063-10-24,0.1463196364082499
2063-10-25,0.1411800906277578
2063-10-26,0.16578365134111028
2063-10-27,0.13183406184410987
2063-10-28,0.1288054068142729
2063-10-29,0.12953899403796446
2063-10-30,0.12941813837382946
2063-10-31,0.1295472441509617
2063-11-01,0.08670359195723319
2063-11-02,0.08653657048724278
2063-11-03,0.08639173339857102
2063-11-04,0.0863694142436623
2063-11-05,0.08634786581951695
2063-11-06,0.08625196835935836
2063-11-07,0.0860265265219676
2063-11-08,0.08568133961329125
2063-11-09,0.08529894484006788
2063-11-10,0.08496408727979465
2063-11-11,0.08463920835040177
2063-11-12,0.08429517550932547
2063-11-13,0.0839782151285394
2063-11-14,0.08366171968234146
2063-11-15,0.08335349861667411
2063-11-16,0.08301218468398668
2063-11-17,0.0826385128859258
2063-11-18,0.08223927081960719
2063-11-19,0.08191305169918868
2063-11-20,3.637892936867584
2063-11-21,0.5948713388192054
2063-11-22,0.3931938713339104
2063-11-23,0.16569490411784765
2063-11-24,0.0892640930004141
2063-11-25,0.08566216161905978
2063-11-26,0.08696090322815041
2063-11-27,0.09977806715347183
2063-11-28,0.11677015259063395
2063-11-29,0.15049959406905314
2063-11-30,0.1329573615669121
2063-12-01,0.10518706079492632
2063-12-02,0.4044993318661939
2063-12-03,1.5652095464493532
2063-12-04,0.4081030800617037
2063-12-05,0.1149247295501694
2063-12-06,0.12396707522229025
2063-12-07,0.12396749191371015
2063-12-08,0.14656372795045355
2063-12-09,0.3092258527180353
2063-12-10,0.20582399098015344
2063-12-11,0.36943795649860506
2063-12-12,2.4285932815121023
2063-12-13,0.2128043508468051
2063-12-14,0.1002783314083611
2063-12-15,0.10074233383815542
2063-12-16,0.10115527251918442
2063-12-17,0.12222980046364496
2063-12-18,0.10789936286915952
2063-12-19,0.1056849879322892
2063-12-20,0.4351831444184037
2063-12-21,0.7774824173491409
2063-12-22,1.382158374036454
2063-12-23,1.232493663973729
2063-12-24,1.0969935083377405
2063-12-25,0.6124809607445686
2063-12-26,0.3512143114979562
2063-12-27,0.3635071970981109
2063-12-28,0.3825007694182532
2063-12-29,0.3735802303399063
2063-12-30,0.3732455068313063
2063-12-31,0.3637613150244259
2064-01-01,0.2231395922761295
2064-01-02,0.24356067397496495
2064-01-03,0.2126377047399852
2064-01-04,0.21119360773744655
2064-01-05,0.20283835873256092
2064-01-06,0.22448554125391126
2064-01-07,0.5002154337640087
2064-01-08,0.39123629678140937
2064-01-09,0.3232396865099281
2064-01-10,0.40476380885227503
2064-01-11,0.3535486558964641
2064-01-12,0.3793763295070284
2064-01-13,0.3885999586795512
2064-01-14,0.37538538115035
2064-01-15,0.3881992589089572
2064-01-16,0.3767825340732989
2064-01-17,0.4030272086603069
2064-01-18,0.4138816496147407
2064-01-19,0.3954609185374881
2064-01-20,0.4028992808209192
2064-01-21,0.4052384555090158
2064-01-22,0.41247982421569707
2064-01-23,0.3829257717664651
2064-01-24,0.44587190366553575
2064-01-25,1.1937194648781524
2064-01-26,3.7766066555865776
2064-01-27,1.9104950447258453
2064-01-28,1.042489017152179
2064-01-29,1.2925009798971814
2064-01-30,1.0448317660043005
2064-01-31,1.0277063447318122
2064-02-01,0.8427959823804642
2064-02-02,0.7522291047459552
2064-02-03,0.7415730511923435
2064-02-04,0.7236652492262687
2064-02-05,0.7646542832284762
2064-02-06,0.7710332176923785
2064-02-07,0.8847209845604506
2064-02-08,1.3935863395619197
2064-02-09,1.2596304287571811
2064-02-10,0.9290492897383442
2064-02-11,0.8044261068077214
2064-02-12,1.227193534457251
2064-02-13,1.4699966494280028
2064-02-14,1.140370449082874
2064-02-15,1.4104772227762503
2064-02-16,2.24576876612863
2064-02-17,1.3896455703410304
2064-02-18,2.496961466536104
2064-02-19,2.6341037908885587
2064-02-20,1.6285550049336646
2064-02-21,2.3052180382602363
2064-02-22,2.8606916294022326
2064-02-23,1.7377600085774323
2064-02-24,2.4262509554764216
2064-02-25,3.064139797790379
2064-02-26,2.93957103602112
2064-02-27,3.5798707394794334
2064-02-28,4.327114311619609
2064-02-29,3.5879380692254617
2064-03-01,5.875737682913723
2064-03-02,6.4376135861684265
2064-03-03,5.72259847802233
2064-03-04,5.813214411803781
2064-03-05,4.074330912242519
2064-03-06,3.36637089261153
2064-03-07,4.267607259753769
2064-03-08,4.6258699166121415
2064-03-09,5.6329933706797055
2064-03-10,6.810402317032209
2064-03-11,6.83427054940705
2064-03-12,7.03725618038648
2064-03-13,8.584065478814841
2064-03-14,7.730710228383429
2064-03-15,6.601142039843067
2064-03-16,7.676235194232969
2064-03-17,11.22466384264611
2064-03-18,7.325942192572322
2064-03-19,5.775307574122944
2064-03-20,5.7153758962407215
2064-03-21,6.0804507628074465
2064-03-22,7.083667930403812
2064-03-23,5.345429554388701
2064-03-24,5.04375382437237
2064-03-25,4.929623753288063
2064-03-26,4.873258551345309
2064-03-27,4.637317995501969
2064-03-28,4.4310609635201805
2064-03-29,4.3275122151736936
2064-03-30,4.132332842587846
2064-03-31,3.755644506987152
2064-04-01,3.281993290431821
2064-04-02,3.7434015418379385
2064-04-03,4.657915061731017
2064-04-04,4.2211215063647805
2064-04-05,4.474150959213248
2064-04-06,5.282977790661241
2064-04-07,7.338840576471497
2064-04-08,8.970991290011119
2064-04-09,6.402747269926978
2064-04-10,6.640924226893711
2064-04-11,6.416568174553607
2064-04-12,6.877761519383018
2064-04-13,8.872120236117887
2064-04-14,12.046637645532288
2064-04-15,13.23943447991236
2064-04-16,14.204657159439206
2064-04-17,11.02735239373803
2064-04-18,11.77186477050259
2064-04-19,9.008007755092649
2064-04-20,11.306559532506972
2064-04-21,14.256160782137568
2064-04-22,13.597591419918004
2064-04-23,19.23957406103265
2064-04-24,23.649063994960674
2064-04-25,24.42432878622242
2064-04-26,21.127581537851405
2064-04-27,12.547411868414017
2064-04-28,11.230290703201275
2064-04-29,9.735931373503824
2064-04-30,7.726188776458672
2064-05-01,7.42362187476559
2064-05-02,8.548759249145986
2064-05-03,7.371430004807241
2064-05-04,8.376234128258115
2064-05-05,7.455981477668795
2064-05-06,7.760914701656005
2064-05-07,7.515614325953683
2064-05-08,6.909610106620972
2064-05-09,6.670559830853602
2064-05-10,6.46821667455974
2064-05-11,6.906604891729588
2064-05-12,5.948469732986579
2064-05-13,5.575284900749869
2064-05-14,5.6811976863020766
2064-05-15,6.098193829301042
2064-05-16,5.30177036432955
2064-05-17,5.174756677235309
2064-05-18,5.409855606070988
2064-05-19,5.8514833580288395
2064-05-20,6.710232979206699
2064-05-21,7.390722058003224
2064-05-22,8.084700834774573
2064-05-23,7.576421516797284
2064-05-24,3.9233120790193055
2064-05-25,3.626558298545141
2064-05-26,4.0778669096983045
2064-05-27,4.199859245026869
2064-05-28,4.264892752016905
2064-05-29,2.9217014702394395
2064-05-30,3.0567034543573266
2064-05-31,3.3340337068151493
2064-06-01,3.5274859804441334
2064-06-02,4.205912262304107
2064-06-03,4.882153814323537
2064-06-04,4.8493473234961
2064-06-05,4.1125397248533
2064-06-06,3.461212715913115
2064-06-07,2.4226047343661445
2064-06-08,2.339722888604375
2064-06-09,2.2482185738832663
2064-06-10,2.1226035537877936
2064-06-11,1.8499030405834924
2064-06-12,1.7283643706183591
2064-06-13,1.4785342044452583
2064-06-14,1.3308878373146842
2064-06-15,1.354831619905247
2064-06-16,1.4763800647268814
2064-06-17,1.0849092209919045
2064-06-18,0.8554344164300581
2064-06-19,0.8295475151229009
2064-06-20,0.8140055195295629
2064-06-21,0.7727658156469873
2064-06-22,0.6869120607256904
2064-06-23,0.6285958483110903
2064-06-24,0.602351240331522
2064-06-25,0.5245325969854335
2064-06-26,0.3571111910456991
2064-06-27,0.3142694713355357
2064-06-28,0.3589711609269125
2064-06-29,0.2561126961173645
2064-06-30,0.23141744728008015
2064-07-01,0.8967575960844567
2064-07-02,1.3768339686825228
2064-07-03,1.2914298633759496
2064-07-04,0.5114692720165187
2064-07-05,0.5586409407707961
2064-07-06,0.4059592993217091
2064-07-07,0.3699646874285078
2064-07-08,0.5027677063333228
2064-07-09,0.3242887946186674
2064-07-10,0.29849851033419433
2064-07-11,0.2771102034648412
2064-07-12,0.2576448931710859
2064-07-13,0.24111230347035106
2064-07-14,0.2280111208915735
2064-07-15,0.2168828238743925
2064-07-16,0.20679054854235868
2064-07-17,0.1973115746140908
2064-07-18,0.18867861407537195
2064-07-19,0.1810986094816197
2064-07-20,0.1869040808872082
2064-07-21,0.1985641960583353
2064-07-22,0.30368678678828925
2064-07-23,0.16732165281290268
2064-07-24,0.3019160187851279
2064-07-25,0.15956429202052735
2064-07-26,0.1579476836404106
2064-07-27,0.15049829978865592
2064-07-28,0.1470853076422634
2064-07-29,0.14376733478032436
2064-07-30,0.14051633348360593
2064-07-31,0.13732966407681102
2064-08-01,0.17329005104324288
2064-08-02,0.16943924325103546
2064-08-03,0.16571013381514454
2064-08-04,0.16214642354631684
2064-08-05,0.15873740722512691
2064-08-06,0.15551363496270554
2064-08-07,0.15246879107164732
2064-08-08,0.16385664054911184
2064-08-09,0.14728431769301548
2064-08-10,0.16286077785267306
2064-08-11,0.144019393544304
2064-08-12,0.141368816490772
2064-08-13,0.3537299902874777
2064-08-14,0.164318065035711
2064-08-15,0.3457513962717048
2064-08-16,0.14217786956733006
2064-08-17,0.13523059249480773
2064-08-18,0.13396755599679486
2064-08-19,0.13284419097925065
2064-08-20,0.1318248583606365
2064-08-21,0.13084201189124325
2064-08-22,0.1298356415346606
2064-08-23,0.13585381019315887
2064-08-24,0.16243830581011692
2064-08-25,0.13554555432521154
2064-08-26,0.12662894733179506
2064-08-27,0.1256910319635578
2064-08-28,0.12483394042743907
2064-08-29,0.12409905547894695
2064-08-30,0.12336758537470735
2064-08-31,0.12252826915718976
2064-09-01,0.1905656400840842
2064-09-02,0.05576273057000762
2064-09-03,0.05539257213131631
2064-09-04,0.11057112324381167
2064-09-05,0.15804630989445514
2064-09-06,0.22141321554298266
2064-09-07,0.191430000436498
2064-09-08,0.11060143631835263
2064-09-09,0.11371090218992555
2064-09-10,0.21202671617828933
2064-09-11,0.11507231304809225
2064-09-12,0.05399191477848905
2064-09-13,0.05369645713828464
2064-09-14,0.0534267235252472
2064-09-15,0.05319633499749663
2064-09-16,0.053001790944942506
2064-09-17,0.052820964344022336
2064-09-18,0.052607870354845904
2064-09-19,0.0524318865249668
2064-09-20,0.052298910914412564
2064-09-21,0.05218281557250077
2064-09-22,0.052058495739508506
2064-09-23,0.051929252405737744
2064-09-24,0.05179146113289024
2064-09-25,0.05162184833840318
2064-09-26,0.051437119185109764
2064-09-27,0.051271486575203966
2064-09-28,0.05148620827220802
2064-09-29,0.05102058670942965
2064-09-30,0.050886334495290585
2064-10-01,0.08513277257068019
2064-10-02,0.08492573204385415
2064-10-03,0.0847286250680619
2064-10-04,0.08454022036882211
2064-10-05,0.08435171354208207
2064-10-06,0.08416751962712826
2064-10-07,0.0839961114057368
2064-10-08,0.08383790623987965
2064-10-09,0.18823592653741528
2064-10-10,0.16771907499874505
2064-10-11,0.2745923140142459
2064-10-12,0.3687970718758191
2064-10-13,0.442251118911886
2064-10-14,0.2619963317781201
2064-10-15,0.15390015866557344
2064-10-16,0.08840769971936344
2064-10-17,0.08341284883176886
2064-10-18,0.08371584357746291
2064-10-19,0.0835237673990806
2064-10-20,0.08333412341428799
2064-10-21,0.08330784917389654
2064-10-22,0.08327973421469552
2064-10-23,0.08324867554660853
2064-10-24,0.08321345143076747
2064-10-25,0.08317187715814166
2064-10-26,0.08312508287024235
2064-10-27,0.08308328232467158
2064-10-28,0.0830532626545553
2064-10-29,0.08771357375396667
2064-10-30,0.08505186095295263
2064-10-31,0.13912182665465675
2064-11-01,0.0983945361164838
2064-11-02,0.0843819666766277
2064-11-03,0.1331862376277586
2064-11-04,0.18527261918352106
2064-11-05,0.1298068252576007
2064-11-06,0.07256709359618366
2064-11-07,0.05601914712470747
2064-11-08,0.05614656436457579
2064-11-09,0.07472170348684319
2064-11-10,0.0876695157415178
2064-11-11,0.09254853332938197
2064-11-12,0.06324362190305129
2064-11-13,0.05707609614772707
2064-11-14,0.056305972630825527
2064-11-15,0.058360652026750726
2064-11-16,0.05562749865688983
2064-11-17,0.0925553620642677
2064-11-18,0.06078602809502352
2064-11-19,0.1392993341685409
2064-11-20,0.07045947854369441
2064-11-21,0.06518207107448996
2064-11-22,0.13038767860711567
2064-11-23,0.1173661317929212
2064-11-24,0.08339223226939338
2064-11-25,0.1530832690260688
2064-11-26,0.0968845590522772
2064-11-27,0.09192245176650067
2064-11-28,0.09428449278772573
2064-11-29,0.305744366240856
2064-11-30,0.4956395614384312
2064-12-01,0.4342789575683419
2064-12-02,0.07522016664732002
2064-12-03,0.11276257078456535
2064-12-04,0.08329063651503274
2064-12-05,0.07289665996075388
2064-12-06,0.384449093218508
2064-12-07,0.6786256726119845
2064-12-08,0.09908444546675023
2064-12-09,0.09053791464782478
2064-12-10,0.06322352279324621
2064-12-11,0.07827650111480614
2064-12-12,0.0737999370447336
2064-12-13,0.1205169882066536
2064-12-14,0.07394499259657085
2064-12-15,0.06341603652421997
2064-12-16,0.0672802373561711
2064-12-17,0.061257280664325085
2064-12-18,0.060809359891314675
2064-12-19,0.060876731885150775
2064-12-20,0.06093684763959056
2064-12-21,0.06099099938399384
2064-12-22,0.06110495926237794
2064-12-23,0.0610851896421332
2064-12-24,0.06112660309185222
2064-12-25,0.062715978509126
2064-12-26,0.06451373993562537
2064-12-27,0.0649813217106767
2064-12-28,0.07314840337765853
2064-12-29,0.13804194330904668
2064-12-30,0.2329491458088576
2064-12-31,0.07684419022152206
2065-01-01,0.05519095968302525
2065-01-02,0.1646477381617537
2065-01-03,0.09204856482617513
2065-01-04,0.05158343456375308
2065-01-05,0.04630066459188202
2065-01-06,0.04060045633863287
2065-01-07,0.039862927514868966
2065-01-08,0.045206081070888984
2065-01-09,0.06719994376290245
2065-01-10,0.17960296397586334
2065-01-11,0.7315318998325457
2065-01-12,0.0868451312582931
2065-01-13,0.04495294876499597
2065-01-14,0.04051003314629808
2065-01-15,0.04216701781868271
2065-01-16,0.041361283710026064
2065-01-17,0.042677112301196925
2065-01-18,0.04143258354282863
2065-01-19,0.055567173435564436
2065-01-20,0.0575999989974756
2065-01-21,0.06597778184824013
2065-01-22,0.07751213597307925
2065-01-23,0.0833959986335043
2065-01-24,0.34290279435597554
2065-01-25,0.21765242273407345
2065-01-26,0.1200098452829144
2065-01-27,0.1312217539816412
2065-01-28,0.2514584580348802
2065-01-29,0.13468024829175493
2065-01-30,0.35728572402641634
2065-01-31,0.1317927588185814
2065-02-01,0.0860717972887084
2065-02-02,0.09306793069418677
2065-02-03,0.05617700646661567
2065-02-04,0.056165290076366385
2065-02-05,0.07235341327771473
2065-02-06,0.1213965475884052
2065-02-07,0.136912675217055
2065-02-08,0.11869174659657085
2065-02-09,0.1329174718832618
2065-02-10,0.15819713038964794
2065-02-11,0.1377292121925915
2065-02-12,0.1290399272173227
2065-02-13,0.12810312735081522
2065-02-14,0.12623545713431114
2065-02-15,0.13534763937438182
2065-02-16,0.1503748143765536
2065-02-17,0.17702104967201174
2065-02-18,0.14465481200286856
2065-02-19,0.1918976454831315
2065-02-20,0.1228746161522526
2065-02-21,0.16076241999569582
2065-02-22,0.1482372900505224
2065-02-23,0.17752009357518914
2065-02-24,0.2284258883136719
2065-02-25,0.3762327427970401
2065-02-26,0.9194400458055936
2065-02-27,0.3068742426484646
2065-02-28,0.18265245312983824
2065-03-01,0.3192970906468625
2065-03-02,0.2818672352524699
2065-03-03,0.2746785867380983
2065-03-04,0.2999393257985876
2065-03-05,0.6783007745373546
2065-03-06,0.9648497859378596
2065-03-07,0.3122648002818734
2065-03-08,0.3018931593363196
2065-03-09,0.3589974255916109
2065-03-10,0.33007286416819426
2065-03-11,0.3257180670253772
2065-03-12,0.4461086330241163
2065-03-13,0.7856767066814137
2065-03-14,1.151885557661446
2065-03-15,1.4352440621226652
2065-03-16,2.3287405212081502
2065-03-17,4.266881674917752
2065-03-18,3.573427433133154
2065-03-19,2.8507223339924033
2065-03-20,3.543792733373792
2065-03-21,4.376547579632333
2065-03-22,5.385029080572067
2065-03-23,6.7673777546453175
2065-03-24,6.905364474027143
2065-03-25,6.0709332230703605
2065-03-26,4.410962811316785
2065-03-27,5.375359502309215
2065-03-28,7.302223367682908
2065-03-29,8.824414788637142
2065-03-30,10.656363510299203
2065-03-31,14.10148460624665
2065-04-01,8.802445039662873
2065-04-02,8.524892100785534
2065-04-03,7.113617728156245
2065-04-04,5.393736105281485
2065-04-05,5.145609253356198
2065-04-06,5.021473411935176
2065-04-07,4.872887008976771
2065-04-08,5.149567853037921
2065-04-09,5.212572009779786
2065-04-10,5.082778753131592
2065-04-11,5.620566207102966
2065-04-12,5.787743872066478
2065-04-13,6.391177512879023
2065-04-14,4.901390069773959
2065-04-15,4.840841693577658
2065-04-16,4.453807156044887
2065-04-17,4.454511967023043
2065-04-18,4.129198869995044
2065-04-19,4.197850876336335
2065-04-20,4.463385153848539
2065-04-21,4.873493529695213
2065-04-22,4.162142472183308
2065-04-23,3.8910964198832794
2065-04-24,3.8445759368908736
2065-04-25,3.8075004072858816
2065-04-26,3.4682802994447384
2065-04-27,3.506759925365805
2065-04-28,3.5317128425186017
2065-04-29,3.5027602170426397
2065-04-30,3.737738132805002
2065-05-01,3.8034596434092998
2065-05-02,3.8673681335905647
2065-05-03,3.5328540710011715
2065-05-04,3.393836310210339
2065-05-05,3.3179547104178946
2065-05-06,3.2234196492550837
2065-05-07,3.1398401495189288
2065-05-08,3.1492176789789585
2065-05-09,3.570678906152576
2065-05-10,3.816186445928644
2065-05-11,3.8916355092579766
2065-05-12,4.2811239318419085
2065-05-13,4.516264598405253
2065-05-14,5.341120650743346
2065-05-15,5.925552915468932
2065-05-16,5.6725495711596485
2065-05-17,5.434873570065014
2065-05-18,4.948780689530545
2065-05-19,5.115349765763406
2065-05-20,4.248630722630813
2065-05-21,3.129420904833721
2065-05-22,2.68254101516279
2065-05-23,2.4888062753777085
2065-05-24,2.2818444869138808
2065-05-25,2.104469204300265
2065-05-26,1.950557311789088
2065-05-27,1.706246857460869
2065-05-28,1.543393935187508
2065-05-29,1.4230453476981169
2065-05-30,1.3067489925541325
2065-05-31,1.2800486564064806
2065-06-01,1.4282528801416416
2065-06-02,1.4447347183363364
2065-06-03,1.3850426450339308
2065-06-04,1.2811128917923589
2065-06-05,1.0060111699678052
2065-06-06,0.8456960775613206
2065-06-07,0.7720871132053263
2065-06-08,0.6697947980829966
2065-06-09,0.623361078426196
2065-06-10,0.5576450324901656
2065-06-11,0.4256107681323981
2065-06-12,0.3764175234943505
2065-06-13,0.3468666811036341
2065-06-14,0.3178450845660309
2065-06-15,0.2786949130435914
2065-06-16,0.2487417027483831
2065-06-17,0.22169219734853224
2065-06-18,0.19823527846059785
2065-06-19,0.17675235866011682
2065-06-20,0.15785523334490167
2065-06-21,0.14168171567734306
2065-06-22,0.1280282819971804
2065-06-23,0.11634055477769635
2065-06-24,0.10623810938114013
2065-06-25,0.09759921541813267
2065-06-26,0.0901820386475859
2065-06-27,0.083816256058488
2065-06-28,0.0784771616971178
2065-06-29,0.07393070071524242
2065-06-30,0.07005952200760136
2065-07-01,0.18628368465959602
2065-07-02,0.16219052147500246
2065-07-03,0.18879773725337964
2065-07-04,0.14390015367744147
2065-07-05,0.13978065351623706
2065-07-06,0.13577492405203462
2065-07-07,0.13220875537975468
2065-07-08,0.128957020796842
2065-07-09,0.12577835524732905
2065-07-10,0.12260798735443
2065-07-11,0.11949589042332223
2065-07-12,0.1166096938453828
2065-07-13,0.11408259936870865
2065-07-14,0.111848245471442
2065-07-15,0.1098055488100228
2065-07-16,0.1078903499080386
2065-07-17,0.10606033236124457
2065-07-18,0.10437046902663696
2065-07-19,0.1028587366004826
2065-07-20,0.10140274300200222
2065-07-21,0.09991806314187313
2065-07-22,0.09851294918166192
2065-07-23,0.09729252565430342
2065-07-24,0.09627597033188458
2065-07-25,0.0953792743635144
2065-07-26,0.09445014551602254
2065-07-27,0.09349372269598924
2065-07-28,0.09435007753424207
2065-07-29,0.09170717175344792
2065-07-30,0.1197938557363916
2065-07-31,0.09263405092989543
2065-08-01,0.133834991794647
2065-08-02,0.1150881741305162
2065-08-03,0.1144912814124486
2065-08-04,0.11393486379858643
2065-08-05,0.11335348013567703
2065-08-06,0.11275785227100815
2065-08-07,0.11219779739779806
2065-08-08,0.11168191932551888
2065-08-09,0.111184997291566
2065-08-10,0.11070135498377752
2065-08-11,0.11023899834479962
2065-08-12,0.10980555195330233
2065-08-13,0.10940040783722016
2065-08-14,0.10903455322335648
2065-08-15,0.10870879520904192
2065-08-16,0.10840197250362874
2065-08-17,0.1081227284423712
2065-08-18,0.10787920074381746
2065-08-19,0.1076669181710306
2065-08-20,0.1074713907538112
2065-08-21,0.10726884947316384
2065-08-22,0.10705052537187093
2065-08-23,0.10683193027770374
2065-08-24,0.10662540408324434
2065-08-25,0.10643153267580824
2065-08-26,0.10625337954941788
2065-08-27,0.1060969942297417
2065-08-28,0.10597165511348447
2065-08-29,0.10586527576540446
2065-08-30,0.10575662353218288
2065-08-31,0.10564209570971894
2065-09-01,0.048380526248305855
2065-09-02,0.048332109837312995
2065-09-03,0.048285212567792085
2065-09-04,0.048241541870361684
2065-09-05,0.04820213012347864
2065-09-06,0.04816769414133292
2065-09-07,0.0481390928901998
2065-09-08,0.048114182662267364
2065-09-09,0.0480910471273112
2065-09-10,0.04806859763003876
2065-09-11,0.04804522242465338
2065-09-12,0.04802001966583473
2065-09-13,0.04799447308148072
2065-09-14,0.047969119213144895
2065-09-15,0.04794415212750725
2065-09-16,0.08400091937505304
2065-09-17,0.05315435079002102
2065-09-18,0.09981346633561096
2065-09-19,0.04786569017103368
2065-09-20,0.049929803972683685
2065-09-21,0.04782928444430967
2065-09-22,0.07861659559463621
2065-09-23,0.048374392062043484
2065-09-24,0.04778027841045773
2065-09-25,0.04776399958387505
2065-09-26,0.04774817580431585
2065-09-27,0.04773286356733112
2065-09-28,0.04771809484526282
2065-09-29,0.047704075690852665
2065-09-30,0.047691012585764386
2065-10-01,0.08224788805391264
2065-10-02,0.146446251725103
2065-10-03,0.2417826265559712
2065-10-04,0.18405367047470447
2065-10-05,0.24195658421895694
2065-10-06,0.13690096822833234
2065-10-07,0.1132137455251804
2065-10-08,0.11135166611567013
2065-10-09,0.10712481082204492
2065-10-10,0.3235358508451442
2065-10-11,0.17258043340526116
2065-10-12,0.08327658993713387
2065-10-13,0.08111039887548396
2065-10-14,0.07971762956113927
2065-10-15,0.08017455657816625
2065-10-16,0.07967679126040066
2065-10-17,0.07965681412695098
2065-10-18,0.0796370229371289
2065-10-19,0.07961713981291074
2065-10-20,0.08676132044825491
2065-10-21,0.5733070945470116
2065-10-22,0.2369864710867735
2065-10-23,0.21448513060119825
2065-10-24,0.10585581264544952
2065-10-25,0.2685170730479092
2065-10-26,0.4438023621239852
2065-10-27,0.13641396646296988
2065-10-28,0.6306938989236222
2065-10-29,1.2129737496819435
2065-10-30,1.6643565072808362
2065-10-31,0.9628352947132764
2065-11-01,0.32325634399861497
2065-11-02,0.3689232197819207
2065-11-03,0.4486616627204857
2065-11-04,0.4445582162605408
2065-11-05,0.31109581141845954
2065-11-06,0.2392438990823697
2065-11-07,0.18221275221724856
2065-11-08,0.11668051286534188
2065-11-09,0.07129684091044074
2065-11-10,0.058369252228926964
2065-11-11,0.058524562956347025
2065-11-12,0.05921872646947425
2065-11-13,0.05776675649969225
2065-11-14,0.055840863235651315
2065-11-15,0.0568266294115798
2065-11-16,0.14881850196539415
2065-11-17,0.1632669013648604
2065-11-18,0.06373640102191062
2065-11-19,0.05888885319953551
2065-11-20,0.0619163056232992
2065-11-21,0.07718669416158089
2065-11-22,0.11671793764263448
2065-11-23,0.15471756634764816
2065-11-24,0.08006936521377184
2065-11-25,0.07507299136181061
2065-11-26,0.0642673626331523
2065-11-27,0.07552765588699545
2065-11-28,0.4218812687730332
2065-11-29,0.0787324358400074
2065-11-30,0.058982892656464614
2065-12-01,0.06547960521006216
2065-12-02,0.0788283922457336
2065-12-03,0.06482039966185338
2065-12-04,0.06813328380357582
2065-12-05,0.062189558742761275
2065-12-06,0.07377140900556625
2065-12-07,0.08395095432375972
2065-12-08,0.07290676716210417
2065-12-09,0.12444526431590662
2065-12-10,0.07153112983832105
2065-12-11,0.06510279662894644
2065-12-12,0.06513338181313201
2065-12-13,0.07211813463419292
2065-12-14,0.06860381701846298
2065-12-15,0.07844567533501733
2065-12-16,0.074693075379536
2065-12-17,0.0804867312078415
2065-12-18,0.08470757404667162
2065-12-19,0.09828464726882133
2065-12-20,0.07428660406670534
2065-12-21,0.06867553499823081
2065-12-22,0.07973293622503733
2065-12-23,0.11909970016929647
2065-12-24,0.34920685863635265
2065-12-25,0.5074980254947344
2065-12-26,0.19409303390032573
2065-12-27,0.1090774489109158
2065-12-28,0.15935708571738627
2065-12-29,0.17157891941204975
2065-12-30,0.22004828545646565
2065-12-31,0.14563530169062247
2066-01-01,0.21215781652835172
2066-01-02,0.19992446779227266
2066-01-03,0.2965005185832075
2066-01-04,0.10012072849175753
2066-01-05,0.0726544447597243
2066-01-06,0.08784580335021303
2066-01-07,0.05245770376930381
2066-01-08,0.04985745902800975
2066-01-09,0.04516841325984832
2066-01-10,0.04536150739393677
2066-01-11,0.05643755931250646
2066-01-12,0.060213294867069535
2066-01-13,0.04995299755109765
2066-01-14,0.1943367630150381
2066-01-15,0.7260735465331019
2066-01-16,0.458385717077852
2066-01-17,0.050771124613264516
2066-01-18,0.0503785786635556
2066-01-19,0.06880213452426663
2066-01-20,0.0706743225389569
2066-01-21,0.1095252202610931
2066-01-22,0.14338742221657988
2066-01-23,0.20134509110011986
2066-01-24,0.1948658801248956
2066-01-25,0.15172998261174692
2066-01-26,0.2196417248383372
2066-01-27,0.3061533886111063
2066-01-28,0.20023625279816815
2066-01-29,0.13060148437126254
2066-01-30,0.11627938060341525
2066-01-31,0.16605762731082027
2066-02-01,0.06714754640747947
2066-02-02,0.06592905733630734
2066-02-03,0.0984199047003248
2066-02-04,0.11592833995289176
2066-02-05,0.10978732964822632
2066-02-06,0.7138138796468589
2066-02-07,0.22355676947886624
2066-02-08,0.08022080721961758
2066-02-09,0.08759507619326659
2066-02-10,0.08321807593385908
2066-02-11,0.07689852515374768
2066-02-12,0.052529358558544674
2066-02-13,0.05066058295581212
2066-02-14,0.05540671608119975
2066-02-15,0.16591765037340644
2066-02-16,0.30195497214075057
2066-02-17,0.4338701395940566
2066-02-18,0.0855199749105202
2066-02-19,0.11512561413826773
2066-02-20,0.07013605818835739
2066-02-21,0.059817448912619975
2066-02-22,0.07139174285629146
2066-02-23,0.06931736270635808
2066-02-24,0.07065673780791823
2066-02-25,0.14869932458266427
2066-02-26,0.3645819428489312
2066-02-27,0.4442316520951605
2066-02-28,1.0054151560959783
2066-03-01,2.6654604651444678
2066-03-02,4.2543848527690935
2066-03-03,3.613229278078807
2066-03-04,3.3828621651305166
2066-03-05,0.30668819705056977
2066-03-06,0.1652670792850395
2066-03-07,0.2224950227204783
2066-03-08,0.21020457416064656
2066-03-09,0.5172062903074667
2066-03-10,1.536261201488186
2066-03-11,2.3459686560338597
2066-03-12,2.592088442387067
2066-03-13,2.2997087919843784
2066-03-14,1.1144104906818444
2066-03-15,2.2033433379124308
2066-03-16,0.7354425863761551
2066-03-17,1.0520511882774541
2066-03-18,2.452068314805488
2066-03-19,1.3633223986760543
2066-03-20,1.6428017881409158
2066-03-21,4.160784790758053
2066-03-22,2.2393742954187457
2066-03-23,2.4256345390601672
2066-03-24,2.403305292421993
2066-03-25,2.0073158463085115
2066-03-26,2.023839388707716
2066-03-27,2.2073374414435682
2066-03-28,2.3015897362942357
2066-03-29,2.2032954980467747
2066-03-30,2.0975116958701028
2066-03-31,2.4130503667586654
2066-04-01,1.5273842401999784
2066-04-02,1.4806250723353906
2066-04-03,1.5366315326348132
2066-04-04,1.6348538181213912
2066-04-05,1.4414017411259252
2066-04-06,1.341786462769584
2066-04-07,1.4735109049708726
2066-04-08,1.3999120847005824
2066-04-09,1.6038593479434815
2066-04-10,2.04379781472877
2066-04-11,1.3488854272509798
2066-04-12,1.4333244629234545
2066-04-13,1.651093462491849
2066-04-14,1.8462759480387911
2066-04-15,2.883815577240368
2066-04-16,4.24597172906082
2066-04-17,4.111300166925929
2066-04-18,2.2677384246124723
2066-04-19,1.8642109169448984
2066-04-20,2.099096457327625
2066-04-21,2.231270276972561
2066-04-22,2.5609373005114224
2066-04-23,2.8675343812946457
2066-04-24,3.161134250677861
2066-04-25,2.6843979116492958
2066-04-26,2.555588588031409
2066-04-27,2.9995562055312552
2066-04-28,3.9395635235615027
2066-04-29,5.60734958737574
2066-04-30,5.892342954452483
2066-05-01,4.6398655993845
2066-05-02,4.986545262237997
2066-05-03,3.5479475834791603
2066-05-04,3.8127287285566314
2066-05-05,3.649584323512682
2066-05-06,3.210976657612184
2066-05-07,3.088670881272753
2066-05-08,3.0905965171123877
2066-05-09,3.1592563939896965
2066-05-10,3.1314824837406894
2066-05-11,2.8897303805458647
2066-05-12,2.6897192324552215
2066-05-13,2.6687726145080326
2066-05-14,2.6132408745657845
2066-05-15,2.4677127843351148
2066-05-16,2.6560966882403285
2066-05-17,2.696395833794235
2066-05-18,2.518858075349339
2066-05-19,2.865733112745838
2066-05-20,2.924647688374157
2066-05-21,3.2801329049685606
2066-05-22,3.329475956052584
2066-05-23,2.6268416795600094
2066-05-24,2.6681205311597664
2066-05-25,2.8241303708942813
2066-05-26,2.9917990662241536
2066-05-27,2.45042139991132
2066-05-28,2.3877826920353287
2066-05-29,2.581517256467792
2066-05-30,2.823361084750766
2066-05-31,3.0028257986663607
2066-06-01,3.4298490901585645
2066-06-02,2.973627080794388
2066-06-03,3.469528395985675
2066-06-04,3.841460339654428
2066-06-05,4.371284723864245
2066-06-06,3.6060783306365227
2066-06-07,2.9873128027358797
2066-06-08,2.2195502895608468
2066-06-09,1.9460010072225369
2066-06-10,1.835034151271293
2066-06-11,1.7146862145092825
2066-06-12,1.5718503416919525
2066-06-13,1.4393255871838118
2066-06-14,1.313436189276035
2066-06-15,1.2368620893180988
2066-06-16,1.2905315999116442
2066-06-17,1.1724659970173827
2066-06-18,1.1194163799202483
2066-06-19,1.0554509905530278
2066-06-20,1.0131988699731511
2066-06-21,0.8191350503758987
2066-06-22,0.7780176665627204
2066-06-23,0.6851241832172026
2066-06-24,0.5719433884663088
2066-06-25,0.5329813007664366
2066-06-26,0.49414284895776
2066-06-27,0.3851773632331912
2066-06-28,0.3242749792784046
2066-06-29,0.2890102424449363
2066-06-30,0.2583180354325997
2066-07-01,0.5445886067199911
2066-07-02,0.4878008949830043
2066-07-03,0.4376950868340579
2066-07-04,0.3955676032749821
2066-07-05,0.3597095875751067
2066-07-06,0.3277989450232016
2066-07-07,0.3019037006347396
2066-07-08,0.2803234068523385
2066-07-09,0.26100454104336984
2066-07-10,0.2440770094423115
2066-07-11,0.22978723360471284
2066-07-12,0.21753174672595127
2066-07-13,0.2155293388018112
2066-07-14,0.22218186050847305
2066-07-15,0.2694093443962292
2066-07-16,0.185667705365864
2066-07-17,0.17934221997788946
2066-07-18,0.19998940982417854
2066-07-19,0.18942818083043472
2066-07-20,0.4214433115471576
2066-07-21,0.19197970516029544
2066-07-22,1.3605427323968688
2066-07-23,0.5355847584003899
2066-07-24,0.19779791570635308
2066-07-25,0.1532629446885219
2066-07-26,0.21349918906782225
2066-07-27,0.1504556833890914
2066-07-28,0.14397592168509266
2066-07-29,0.14078512134033122
2066-07-30,0.13767287521049884
2066-07-31,0.16911170957939156
2066-08-01,0.17740255547798897
2066-08-02,0.167375112523664
2066-08-03,0.16425329440836814
2066-08-04,0.16168139392998698
2066-08-05,0.15897511636014386
2066-08-06,0.1563212427748802
2066-08-07,0.15364113726332967
2066-08-08,0.15109085341841733
2066-08-09,0.14867054564138238
2066-08-10,0.14635344949346304
2066-08-11,0.14405979274281072
2066-08-12,0.14178342934169455
2066-08-13,0.13958856179954496
2066-08-14,0.13746914872727012
2066-08-15,0.13886410806181898
2066-08-16,0.1339964649803385
2066-08-17,0.2412421055227023
2066-08-18,0.13090656328035902
2066-08-19,0.1292532007262852
2066-08-20,0.12759902464369766
2066-08-21,0.12603282049691714
2066-08-22,0.12460991525110225
2066-08-23,0.12332481501094072
2066-08-24,0.1222117751747238
2066-08-25,0.12123343733208335
2066-08-26,0.12030591072131827
2066-08-27,0.12010346175736973
2066-08-28,0.12603086030206226
2066-08-29,0.11809347002329912
2066-08-30,0.11742905634193727
2066-08-31,0.11676559438532852
2066-09-01,0.05321741970591695
2066-09-02,0.052897520369942365
2066-09-03,0.0526001565002269
2066-09-04,0.05234024510776584
2066-09-05,0.05210855584023879
2066-09-06,0.05188688626496807
2066-09-07,0.05167403864973255
2066-09-08,0.05148287547217796
2066-09-09,0.05131154231866948
2066-09-10,0.05114370685879478
2066-09-11,0.05097161195129158
2066-09-12,0.0508079257841582
2066-09-13,0.05066875457920028
2066-09-14,0.05056166448653383
2066-09-15,0.059072740620100025
2066-09-16,0.07079262969946049
2066-09-17,0.0843270647862877
2066-09-18,0.05133064010476548
2066-09-19,0.050171063231214084
2066-09-20,0.05005046962977374
2066-09-21,0.051250485064893214
2066-09-22,0.049895371328801216
2066-09-23,0.4269662043380269
2066-09-24,0.7182040722809953
2066-09-25,0.34401420117297565
2066-09-26,0.0652932924465387
2066-09-27,0.049780947420930734
2066-09-28,0.04964859632345544
2066-09-29,0.05511725310393933
2066-09-30,0.04993777019037962
2066-10-01,0.08302950831508069
2066-10-02,0.08282830646426773
2066-10-03,0.0827079611767879
2066-10-04,0.08268704637961037
2066-10-05,0.382515765697844
2066-10-06,0.2802881286645348
2066-10-07,0.08240257676551503
2066-10-08,0.08231152069801415
2066-10-09,0.5709958322185043
2066-10-10,0.17721558948971378
2066-10-11,0.16487696745196734
2066-10-12,0.3074254133594323
2066-10-13,0.08208797440915354
2066-10-14,0.08204867092471395
2066-10-15,0.08200722286521875
2066-10-16,0.08196071391020543
2066-10-17,0.08191566273963932
2066-10-18,0.0926944448215006
2066-10-19,0.08244647932121399
2066-10-20,0.08227607141692106
2066-10-21,0.08181254365584269
2066-10-22,0.08178255346805223
2066-10-23,0.08183275344394432
2066-10-24,0.08588943898586163
2066-10-25,0.08170553057417479
2066-10-26,0.08168273836757177
2066-10-27,0.08165760614952708
2066-10-28,0.08163051930558868
2066-10-29,0.08550150668958555
2066-10-30,1.0140069773991571
2066-10-31,1.8409382706005852
2066-11-01,0.32608688444754685
2066-11-02,0.4991940053818445
2066-11-03,0.3870697091305845
2066-11-04,3.3391890947684773
2066-11-05,4.943891716263019
2066-11-06,0.17744089273681682
2066-11-07,0.3310125559997449
2066-11-08,0.4343496524357907
2066-11-09,0.12741089098472813
2066-11-10,0.08889764164658524
2066-11-11,0.10159621362492624
2066-11-12,0.07441053726508423
2066-11-13,0.8019585650408735
2066-11-14,0.1372990757270766
2066-11-15,0.1481167493964527
2066-11-16,0.07276415581382896
2066-11-17,0.07815338315554701
2066-11-18,0.08860700089975047
2066-11-19,0.07576410184096408
2066-11-20,0.07053241461636886
2066-11-21,0.0803578753857297
2066-11-22,0.11065627691467314
2066-11-23,0.13668485340968065
2066-11-24,0.1111512034084608
2066-11-25,0.07805164595160352
2066-11-26,0.07673541102368503
2066-11-27,0.0849949241388903
2066-11-28,0.07395117892881703
2066-11-29,0.0708104187575126
2066-11-30,0.07093844668630399
2066-12-01,0.0751334902883247
2066-12-02,0.07525158538886302
2066-12-03,0.07536238109747834
2066-12-04,0.07633718167302714
2066-12-05,0.09568653797452638
2066-12-06,0.11247175323555468
2066-12-07,0.12930659600364866
2066-12-08,0.1279243622587856
2066-12-09,0.08915227299670866
2066-12-10,0.07801580341986354
2066-12-11,0.08022808476535875
2066-12-12,0.08267079291620683
2066-12-13,0.5917136989279985
2066-12-14,6.893712738806976
2066-12-15,15.757511228448855
2066-12-16,2.2667483177593315
2066-12-17,0.26944477773839337
2066-12-18,0.1181304449537982
2066-12-19,0.11359757609455967
2066-12-20,0.12219334009203685
2066-12-21,0.1176895130763678
2066-12-22,0.10514059423185627
2066-12-23,0.10318599075438374
2066-12-24,0.16963017325461388
2066-12-25,0.1322614257831976
2066-12-26,0.1031434049676888
2066-12-27,0.13012810748468873
2066-12-28,0.0985630492337498
2066-12-29,0.09854500950350667
2066-12-30,0.09876728871038014
2066-12-31,0.09905837585685667
2067-01-01,0.06212134005863167
2067-01-02,0.06474418072449274
2067-01-03,0.06275827205438649
2067-01-04,0.07709502505545897
2067-01-05,0.07173920524555821
2067-01-06,0.08241204368662246
2067-01-07,0.20722924464881645
2067-01-08,0.2098561010557323
2067-01-09,0.1365361121534305
2067-01-10,0.08379309282688345
2067-01-11,0.07773251660571832
2067-01-12,0.17100061152681487
2067-01-13,0.33033480496567796
2067-01-14,0.16072646756471887
2067-01-15,0.12761926147436256
2067-01-16,0.16380584409932267
2067-01-17,0.14217798017844085
2067-01-18,0.12596599155641702
2067-01-19,0.1473699199591155
2067-01-20,0.21089464446678624
2067-01-21,0.16640054626077852
2067-01-22,0.23111240990111365
2067-01-23,0.1881127613227323
2067-01-24,0.14262656828756054
2067-01-25,0.4037443967084873
2067-01-26,0.6134319523040571
2067-01-27,0.2790141941752154
2067-01-28,0.2673911895328927
2067-01-29,0.8912703166030886
2067-01-30,0.3410176648645405
2067-01-31,0.3796095411652341
2067-02-01,0.3176718096729367
2067-02-02,0.3296032052298333
2067-02-03,0.3360610644026449
2067-02-04,0.33829267854290923
2067-02-05,0.31217852678336816
2067-02-06,0.3047798205745719
2067-02-07,0.30076635810063
2067-02-08,0.30881272588220393
2067-02-09,0.3043197153747971
2067-02-10,0.2924155001429629
2067-02-11,0.3118334378347259
2067-02-12,0.3280081496375036
2067-02-13,0.3010041134709748
2067-02-14,0.3206993737199582
2067-02-15,0.3634571789664172
2067-02-16,0.3605594873519212
2067-02-17,0.35598546437548323
2067-02-18,0.43676235317944695
2067-02-19,0.5051056576534863
2067-02-20,0.6669030319241398
2067-02-21,1.0676205478530634
2067-02-22,0.9971341507609344
2067-02-23,0.8606841573254713
2067-02-24,0.9353809717792214
2067-02-25,1.0538941902498
2067-02-26,1.3735978034868117
2067-02-27,1.553785054655492
2067-02-28,1.3805563915136247
2067-03-01,0.9374836455435112
2067-03-02,1.9260045855272567
2067-03-03,5.873278046524023
2067-03-04,4.913458836346959
2067-03-05,2.278260439731366
2067-03-06,2.1939996233538093
2067-03-07,2.2402914425197893
2067-03-08,2.126752345654321
2067-03-09,1.9721334923150433
2067-03-10,1.9085994928504308
2067-03-11,1.8012958820617937
2067-03-12,1.94467549610518
2067-03-13,1.878800326565228
2067-03-14,1.9692316717674685
2067-03-15,1.8577549969316087
2067-03-16,2.1663599812385335
2067-03-17,2.546618116862569
2067-03-18,2.0458218797541674
2067-03-19,2.1609328953281883
2067-03-20,2.304359832044817
2067-03-21,2.9457239564976536
2067-03-22,4.112072856840686
2067-03-23,4.052880493492744
2067-03-24,3.480833209312045
2067-03-25,4.835792123319997
2067-03-26,6.520284573548982
2067-03-27,5.572229065166336
2067-03-28,6.403456564887693
2067-03-29,5.026130811438971
2067-03-30,4.385426582507593
2067-03-31,5.674070404953745
2067-04-01,5.859008859141946
2067-04-02,7.231765423671637
2067-04-03,8.932640733423849
2067-04-04,10.857310523303877
2067-04-05,7.152407347856671
2067-04-06,7.755860594610293
2067-04-07,6.991336589885707
2067-04-08,4.4875444764878205
2067-04-09,3.992445804214167
2067-04-10,3.6159166621427192
2067-04-11,4.602788986464582
2067-04-12,3.7802444710291545
2067-04-13,4.5870121911956865
2067-04-14,5.0625099038305255
2067-04-15,8.26010895804141
2067-04-16,9.130227366090617
2067-04-17,7.782269856345266
2067-04-18,7.8935691150362155
2067-04-19,5.999746752367793
2067-04-20,4.59745702375501
2067-04-21,4.832154598429526
2067-04-22,5.604752239705246
2067-04-23,5.695957733088151
2067-04-24,5.250830789013408
2067-04-25,4.3638261541603525
2067-04-26,4.311604007546204
2067-04-27,4.169948833282473
2067-04-28,3.985912268010897
2067-04-29,3.9980114058221514
2067-04-30,3.7345030085274953
2067-05-01,3.306331352686614
2067-05-02,3.3141004756524777
2067-05-03,3.59224934556874
2067-05-04,3.824292183116058
2067-05-05,3.9415138256635407
2067-05-06,3.9849982463442304
2067-05-07,4.14073804845628
2067-05-08,3.9612454401013095
2067-05-09,4.59937080064951
2067-05-10,5.888854077961175
2067-05-11,7.054001155725919
2067-05-12,6.068833687702763
2067-05-13,5.6309773538678485
2067-05-14,6.932319451584685
2067-05-15,7.9476000508430715
2067-05-16,6.95992002001234
2067-05-17,6.660155224011967
2067-05-18,5.246731709009342
2067-05-19,6.272003267853814
2067-05-20,8.734171988926827
2067-05-21,9.427167058100489
2067-05-22,4.81523650738975
2067-05-23,4.812358611776613
2067-05-24,5.291299758602198
2067-05-25,6.826635732813508
2067-05-26,9.241929765135216
2067-05-27,9.842512243446
2067-05-28,10.506186171265796
2067-05-29,11.04492141772609
2067-05-30,10.52029055347445
2067-05-31,11.224201758686409
2067-06-01,11.75639083106832
2067-06-02,9.808896186627553
2067-06-03,8.959193938720455
2067-06-04,7.400812982356162
2067-06-05,6.329801904315111
2067-06-06,6.027516820652276
2067-06-07,5.598842022236825
2067-06-08,4.436433857196263
2067-06-09,3.9246774562275695
2067-06-10,3.5372754377046407
2067-06-11,3.3202390028533832
2067-06-12,2.7924995379921
2067-06-13,2.455093207193357
2067-06-14,2.229768662443368
2067-06-15,1.9989377815494904
2067-06-16,1.764106397716202
2067-06-17,1.442309873088623
2067-06-18,1.2724208985148011
2067-06-19,1.0643628397344018
2067-06-20,0.9492756984776822
2067-06-21,0.8492172477813696
2067-06-22,0.8052515033573019
2067-06-23,0.7656875908278787
2067-06-24,0.7389979699561953
2067-06-25,0.6102123168988576
2067-06-26,0.5327565645236285
2067-06-27,0.4340383421227781
2067-06-28,0.35741793149334866
2067-06-29,0.3175161807349325
2067-06-30,0.2960937476200014
2067-07-01,0.5987620161001761
2067-07-02,0.5446436180015903
2067-07-03,0.497743369754422
2067-07-04,0.4500006130623557
2067-07-05,0.4048939898643566
2067-07-06,0.363795457086756
2067-07-07,0.3285717699368866
2067-07-08,0.29875554794171
2067-07-09,0.273363129729282
2067-07-10,0.2512490045476461
2067-07-11,0.2328921918435329
2067-07-12,0.2177431465292548
2067-07-13,0.20434636421688096
2067-07-14,0.1922658777004867
2067-07-15,0.1810400024331225
2067-07-16,0.17083585459748246
2067-07-17,0.1618143593339304
2067-07-18,0.15395383458157366
2067-07-19,0.14732534702092034
2067-07-20,0.14161009885767994
2067-07-21,0.13670057653553114
2067-07-22,0.13247937801863827
2067-07-23,0.12881616393043122
2067-07-24,0.12565228532855446
2067-07-25,0.12275047085917826
2067-07-26,0.12010617324392403
2067-07-27,0.11771100033431847
2067-07-28,0.11551373018062415
2067-07-29,0.11342525926210073
2067-07-30,0.11141271436706092
2067-07-31,0.10989274501678377
2067-08-01,0.1399494996972769
2067-08-02,0.13749185633502414
2067-08-03,0.13535431063980713
2067-08-04,0.13321200371858727
2067-08-05,0.13117420547146252
2067-08-06,0.12926043049461522
2067-08-07,0.12746134387215505
2067-08-08,0.13880032506671766
2067-08-09,0.12440462352916723
2067-08-10,0.122985988801185
2067-08-11,0.12164314719820495
2067-08-12,0.12040748515715788
2067-08-13,0.11928136476341206
2067-08-14,0.11820752287944912
2067-08-15,0.11714436389006495
2067-08-16,0.11614436471314282
2067-08-17,0.11525203535713978
2067-08-18,0.11444560722691663
2067-08-19,0.11369799787593685
2067-08-20,0.11737027701569347
2067-08-21,0.11376378753557499
2067-08-22,0.1126920009094226
2067-08-23,0.11137231592341458
2067-08-24,0.11085715830862053
2067-08-25,0.11038378253780766
2067-08-26,0.10994700864510952
2067-08-27,0.1095443581672558
2067-08-28,0.10916615128013772
2067-08-29,0.10880660111149727
2067-08-30,0.10847512951910496
2067-08-31,0.10817700761609512
2067-09-01,0.06259713440723172
2067-09-02,0.049380866618760434
2067-09-03,0.049294977416884427
2067-09-04,0.04921578924000434
2067-09-05,0.04913367578903706
2067-09-06,0.04904607981552979
2067-09-07,0.04896356222517175
2067-09-08,0.04889737505074283
2067-09-09,0.048844686556991965
2067-09-10,0.04879251660332036
2067-09-11,0.04873394854811443
2067-09-12,0.04867634476326278
2067-09-13,0.04862869204630536
2067-09-14,0.04859288954830147
2067-09-15,0.048559885073409984
2067-09-16,0.049240570854243056
2067-09-17,0.048483082201320346
2067-09-18,0.048436904906013316
2067-09-19,0.04839152667712445
2067-09-20,0.048348610452137473
2067-09-21,0.04831098986941402
2067-09-22,0.048276305507240616
2067-09-23,0.04824214838976643
2067-09-24,0.0482105112892666
2067-09-25,0.04852532854806226
2067-09-26,0.04815226713014064
2067-09-27,0.04812142224200357
2067-09-28,0.04809203617012117
2067-09-29,0.04806678925759772
2067-09-30,0.04804382420701045
2067-10-01,0.08069815851561392
2067-10-02,0.4094448347892785
2067-10-03,0.5008477533952952
2067-10-04,0.3486553492871505
2067-10-05,0.3354195161696936
2067-10-06,0.2682736538422113
2067-10-07,0.3165559536799766
2067-10-08,0.3965050047923401
2067-10-09,0.2018106511012322
2067-10-10,0.3902862495815603
2067-10-11,0.22047913049764867
2067-10-12,0.22999489510100599
2067-10-13,0.3047655290343094
2067-10-14,0.2162362008798988
2067-10-15,0.18677573908196285
2067-10-16,0.2328585093687781
2067-10-17,0.3365621047828037
2067-10-18,0.10919476695802696
2067-10-19,0.08308597881343753
2067-10-20,0.08405236103022731
2067-10-21,0.08030533726415076
2067-10-22,0.08031030296771695
2067-10-23,0.08031218138596664
2067-10-24,0.08030965208877755
2067-10-25,0.08030485276329151
2067-10-26,0.08029940525661647
2067-10-27,0.08029279991031127
2067-10-28,0.08028503307615395
2067-10-29,0.08027618485178513
2067-10-30,0.08342855492517674
2067-10-31,1.1271394463668012
2067-11-01,0.3409016437442569
2067-11-02,0.5463478419181594
2067-11-03,0.17816264134742332
2067-11-04,0.08484856734607105
2067-11-05,0.10349170674189813
2067-11-06,0.09035451990738202
2067-11-07,0.07764260675140998
2067-11-08,0.11707813070980155
2067-11-09,0.07399009207631647
2067-11-10,0.14576848516289895
2067-11-11,0.2019826173430388
2067-11-12,0.08543917575318052
2067-11-13,0.20631675784882814
2067-11-14,0.2057583067502432
2067-11-15,0.8978604662297146
2067-11-16,0.24227116037514435
2067-11-17,0.1673636784460105
2067-11-18,0.3729526110213664
2067-11-19,0.058322671948313885
2067-11-20,0.08213551583133412
2067-11-21,0.13501589927894814
2067-11-22,0.14741594413622985
2067-11-23,0.07717593571455679
2067-11-24,0.1545152071716337
2067-11-25,0.11753028705884402
2067-11-26,0.07292019391274465
2067-11-27,0.060434632277598
2067-11-28,0.06168553499604255
2067-11-29,0.060215273077059685
2067-11-30,0.059492869441464424
2067-12-01,0.0666888686007532
2067-12-02,0.06767021264696317
2067-12-03,0.06716168026004964
2067-12-04,0.06698448425666136
2067-12-05,0.06806447096628908
2067-12-06,0.06588695515424438
2067-12-07,0.30349985828252
2067-12-08,0.3153765102329091
2067-12-09,0.06623917154932764
2067-12-10,0.06397115820115819
2067-12-11,0.08764087508672343
2067-12-12,0.0993124084612009
2067-12-13,0.1251719301367423
2067-12-14,0.1405018736124181
2067-12-15,0.14620926998308925
2067-12-16,0.11536152593817454
2067-12-17,0.09396028387108972
2067-12-18,0.08259742410826061
2067-12-19,0.08520998476954066
2067-12-20,0.1164957337336971
2067-12-21,0.10783805053638644
2067-12-22,0.11605748161107055
2067-12-23,0.4246660459993609
2067-12-24,0.29043391438502353
2067-12-25,0.08346980977958568
2067-12-26,0.12199393805212945
2067-12-27,0.11429053920448792
2067-12-28,0.09609953660385497
2067-12-29,0.10590255228859316
2067-12-30,0.09712473789840942
2067-12-31,0.07818302337583412
2068-01-01,0.06361069307151741
2068-01-02,0.06710988497963337
2068-01-03,0.05592596950305255
2068-01-04,0.11012555249637868
2068-01-05,0.07316368163260276
2068-01-06,0.06405813175453727
2068-01-07,0.4354570054878668
2068-01-08,0.19722207176090525
2068-01-09,0.08010211482826826
2068-01-10,0.05008552244791863
2068-01-11,0.04396806915092759
2068-01-12,0.04259287473222456
2068-01-13,0.046661620474793816
2068-01-14,0.049038355585916966
2068-01-15,0.04295851074709355
2068-01-16,0.05935796585132753
2068-01-17,0.06324802365151735
2068-01-18,0.049665264983694286
2068-01-19,0.13792580892906106
2068-01-20,0.09750645744065396
2068-01-21,0.06409473038690891
2068-01-22,0.06776706686999126
2068-01-23,0.10221364009269504
2068-01-24,0.10775328595184852
2068-01-25,0.38579116030437133
2068-01-26,0.8115893041315542
2068-01-27,2.185439206784553
2068-01-28,0.37882396835419613
2068-01-29,0.17719909238280845
2068-01-30,0.16244388071867435
2068-01-31,0.10123498553099992
2068-02-01,0.11204000138020724
2068-02-02,0.14997077693268798
2068-02-03,0.12145293791836012
2068-02-04,0.15291673107738596
2068-02-05,0.274353404079462
2068-02-06,0.3050358235315572
2068-02-07,0.14182009489896022
2068-02-08,0.1971327425818692
2068-02-09,0.17006653004854552
2068-02-10,0.17934296819639273
2068-02-11,0.1688374508901872
2068-02-12,0.3296909734396563
2068-02-13,0.2105756487175228
2068-02-14,0.2953835441927767
2068-02-15,0.250510474219794
2068-02-16,0.2663043890401072
2068-02-17,0.2184522059019007
2068-02-18,0.3402766189197991
2068-02-19,0.20584359421262785
2068-02-20,0.2115436676457304
2068-02-21,0.19624609522947603
2068-02-22,0.19838302547284747
2068-02-23,0.3201794799232519
2068-02-24,0.34923537368474866
2068-02-25,0.5034994176026848
2068-02-26,0.5211673952132766
2068-02-27,0.4933468671894881
2068-02-28,0.4702099639800016
2068-02-29,0.4410659246234291
2068-03-01,0.5712767573677405
2068-03-02,0.5849961121568409
2068-03-03,0.6844808187220514
2068-03-04,0.7134367779785424
2068-03-05,0.7610096635374893
2068-03-06,0.6908115775932565
2068-03-07,0.6834959759815653
2068-03-08,0.6757907644472262
2068-03-09,0.7014032382288101
2068-03-10,0.6692565949646363
2068-03-11,0.7395554774168831
2068-03-12,0.7995892537882803
2068-03-13,0.6275795323012336
2068-03-14,0.6772950590711556
2068-03-15,1.0142129322049536
2068-03-16,1.8301857262911996
2068-03-17,3.800664462185313
2068-03-18,4.269645475896359
2068-03-19,8.561515317528208
2068-03-20,8.173811523158447
2068-03-21,5.78979700830899
2068-03-22,5.3813788317833255
2068-03-23,1.2526853655113568
2068-03-24,1.2709298665832662
2068-03-25,1.3755904610648693
2068-03-26,1.2725866950410134
2068-03-27,2.3230332832508043
2068-03-28,3.3572538690672733
2068-03-29,3.571226172837717
2068-03-30,2.675408748459339
2068-03-31,4.025906094592046
2068-04-01,3.722741403816277
2068-04-02,4.013014587188716
2068-04-03,3.216351946887968
2068-04-04,3.7183734707755565
2068-04-05,4.795626267319367
2068-04-06,6.702094061017313
2068-04-07,6.546008337045399
2068-04-08,4.95002486854632
2068-04-09,5.836183980553986
2068-04-10,7.115830111198622
2068-04-11,10.205990714477608
2068-04-12,6.7536131436489155
2068-04-13,6.2211202058061215
2068-04-14,6.116068592004119
2068-04-15,5.7945684530487895
2068-04-16,5.765642141021089
2068-04-17,4.216551519781906
2068-04-18,4.253013933314011
2068-04-19,4.248314680695572
2068-04-20,3.9290206718831713
2068-04-21,3.5856682228981818
2068-04-22,3.253151505101826
2068-04-23,2.853256653221377
2068-04-24,2.5532573749258582
2068-04-25,2.352924501853902
2068-04-26,2.107905467364928
2068-04-27,1.9211483796093245
2068-04-28,1.7134294771275784
2068-04-29,1.5405442853647742
2068-04-30,1.4017921372686182
2068-05-01,1.1874641245497648
2068-05-02,1.0229050298399904
2068-05-03,0.8635092990412689
2068-05-04,0.7489413070113287
2068-05-05,0.7051939289956003
2068-05-06,1.1135860074423276
2068-05-07,0.6071398754822853
2068-05-08,0.6557820316825748
2068-05-09,0.8113247359290748
2068-05-10,0.8497197192482405
2068-05-11,0.9067128582734209
2068-05-12,0.8930682287387051
2068-05-13,0.7568054195024638
2068-05-14,0.561484463364973
2068-05-15,0.4860507166078706
2068-05-16,0.4428706759496954
2068-05-17,0.4198308799712371
2068-05-18,0.3753222370284935
2068-05-19,0.3440484061568436
2068-05-20,0.3262948964562675
2068-05-21,0.29183433910479417
2068-05-22,0.25903068316180305
2068-05-23,0.2320904179018812
2068-05-24,0.2077175889331615
2068-05-25,0.19635310982340665
2068-05-26,0.20791546538376246
2068-05-27,0.19198983601078068
2068-05-28,0.17170388463789188
2068-05-29,0.14733519791800895
2068-05-30,0.1307363325246095
2068-05-31,0.12081511382236562
2068-06-01,0.12398622760940832
2068-06-02,0.1359574934290635
2068-06-03,0.1268271041208532
2068-06-04,0.1987203697246244
2068-06-05,0.10458732979060273
2068-06-06,0.09883160198688642
2068-06-07,0.09435626496394764
2068-06-08,0.0928801807109879
2068-06-09,0.09118558890073987
2068-06-10,0.08897707182479615
2068-06-11,0.08688636932933838
2068-06-12,0.08523130024804458
2068-06-13,0.08534757723051167
2068-06-14,0.08302822929468757
2068-06-15,0.08172060227920593
2068-06-16,0.07992591973001975
2068-06-17,0.0779186424259195
2068-06-18,0.07592694531936914
2068-06-19,0.07400299507300917
2068-06-20,0.07216049229077086
2068-06-21,0.07036361804229048
2068-06-22,0.06868200820311016
2068-06-23,0.06698930853925472
2068-06-24,0.06543259246736073
2068-06-25,0.063951062884282
2068-06-26,0.06907994536040353
2068-06-27,0.07643101573061796
2068-06-28,0.07605122174042668
2068-06-29,0.05940185868948422
2068-06-30,0.05806940391081264
2068-07-01,0.1894608292357613
2068-07-02,0.1366369743281668
2068-07-03,0.12993588772576187
2068-07-04,0.1261014631588912
2068-07-05,0.12354500430070503
2068-07-06,0.12125338409573568
2068-07-07,0.11918791996536875
2068-07-08,0.11721526876620952
2068-07-09,0.11528573621089393
2068-07-10,0.11331645179523292
2068-07-11,0.11138444132443948
2068-07-12,0.10952066927586933
2068-07-13,0.10766858647288408
2068-07-14,0.10585372881595824
2068-07-15,0.1040885497603486
2068-07-16,0.1023427310869912
2068-07-17,0.10066033473151967
2068-07-18,0.09912354992331353
2068-07-19,0.09779755834551486
2068-07-20,0.09668944509796196
2068-07-21,0.09706705355965133
2068-07-22,0.09582773268036128
2068-07-23,0.0952593151565736
2068-07-24,0.09328050346429384
2068-07-25,0.0926323825140432
2068-07-26,0.09142591377292733
2068-07-27,0.0905235545569418
2068-07-28,0.1063933395775664
2068-07-29,0.08896250184730244
2068-07-30,0.09546972731502136
2068-07-31,0.08779780981322641
2068-08-01,0.13032335220839425
2068-08-02,0.112174863192824
2068-08-03,0.111633368480403
2068-08-04,0.11116928195814874
2068-08-05,0.11731198908535605
2068-08-06,0.1126992212013548
2068-08-07,0.11341057251210912
2068-08-08,0.1096240021795777
2068-08-09,0.10925882238838752
2068-08-10,0.10889792388325296
2068-08-11,0.10853233906649186
2068-08-12,0.10817446184527134
2068-08-13,0.10783528341012694
2068-08-14,0.10752113967141314
2068-08-15,0.10724147964442483
2068-08-16,0.10699936272471224
2068-08-17,0.1156825762013618
2068-08-18,0.10660282222291603
2068-08-19,0.13625913192130887
2068-08-20,0.10664899131269033
2068-08-21,0.4897839845147875
2068-08-22,0.10742858801724328
2068-08-23,0.3628264816148916
2068-08-24,0.11193345907264313
2068-08-25,0.18083410049685286
2068-08-26,0.10879277564495493
2068-08-27,0.10976287319837308
2068-08-28,0.11231303784941203
2068-08-29,0.3813749782004981
2068-08-30,0.4977018112415956
2068-08-31,0.5319712707502718
2068-09-01,0.39230837213076747
2068-09-02,0.0914108102785561
2068-09-03,0.28957579558503005
2068-09-04,0.14039760004793803
2068-09-05,0.20424715971109056
2068-09-06,0.28779151281958976
2068-09-07,0.15789307819487736
2068-09-08,0.04844762770150311
2068-09-09,0.04815466158053975
2068-09-10,0.048141967323403013
2068-09-11,0.04812462482134407
2068-09-12,0.16645485343503946
2068-09-13,0.06614754780876689
2068-09-14,0.04807994365685071
2068-09-15,0.04806041937685677
2068-09-16,0.04804327617361198
2068-09-17,0.052700782534201546
2068-09-18,0.0508397785879072
2068-09-19,0.048635576356247386
2068-09-20,0.05261574508735537
2068-09-21,0.051412776763804194
2068-09-22,0.047952568957536634
2068-09-23,0.047932948447351915
2068-09-24,0.04791326354866104
2068-09-25,0.05148058265668005
2068-09-26,0.047874713920978286
2068-09-27,0.04785459085547012
2068-09-28,0.047835702620869856
2068-09-29,0.04781749637557478
2068-09-30,0.0511632168228133
2068-10-01,0.17096195295038047
2068-10-02,0.3178066383764505
2068-10-03,0.3935236890785905
2068-10-04,0.09485462651146273
2068-10-05,0.08006883700032713
2068-10-06,0.08004517522174749
2068-10-07,0.08002145311118238
2068-10-08,0.07999780025483769
2068-10-09,0.07997458403777527
2068-10-10,0.07995170171790209
2068-10-11,0.0799289889205096
2068-10-12,0.07990723874670798
2068-10-13,0.13737368207839534
2068-10-14,0.2594618796880676
2068-10-15,0.10230146886954616
2068-10-16,0.0961115948606638
2068-10-17,0.07981172635181245
2068-10-18,0.07979175363004755
2068-10-19,0.0797716316493223
2068-10-20,0.08010586529560683
2068-10-21,0.07973254226757501
2068-10-22,0.07971200295228252
2068-10-23,0.0857073952749134
2068-10-24,0.17761025019031115
2068-10-25,0.2349031956548933
2068-10-26,0.2792731310435125
2068-10-27,0.2524454903157163
2068-10-28,0.12045056567533399
2068-10-29,0.08236949816805689
2068-10-30,0.07956699173153133
2068-10-31,0.07954857623706957
2068-11-01,0.05324324462033489
2068-11-02,0.0532310485564964
2068-11-03,0.05321903114620552
2068-11-04,0.05320708878395648
2068-11-05,0.053195186817103536
2068-11-06,0.05318333336618945
2068-11-07,0.05317146163847253
2068-11-08,0.05315945959214356
2068-11-09,0.053147387439949886
2068-11-10,0.05313533104961559
2068-11-11,0.05312332606573051
2068-11-12,0.05311145090289016
2068-11-13,0.053099630993870606
2068-11-14,0.053087716430764535
2068-11-15,0.05307572771747189
2068-11-16,0.053063830681632916
2068-11-17,0.053052027740910265
2068-11-18,0.05304022108199738
2068-11-19,0.05302844766436295
2068-11-20,0.05301668785326178
2068-11-21,0.053004846057687134
2068-11-22,0.052992940036145526
2068-11-23,2.7591796852251442
2068-11-24,15.171720263845547
2068-11-25,10.92416070227527
2068-11-26,0.3265398863680775
2068-11-27,0.07560113435916205
2068-11-28,0.10798410301557926
2068-11-29,0.07774078298316899
2068-11-30,0.08667657701772451
2068-12-01,0.09814028885176032
2068-12-02,0.1455179997788945
2068-12-03,0.10397023433775708
2068-12-04,0.18482727763211815
2068-12-05,0.2762614821621684
2068-12-06,0.17106541350982446
2068-12-07,0.12122991472523127
2068-12-08,0.08382569505412081
2068-12-09,0.08416513442247282
2068-12-10,0.0845115189976497
2068-12-11,0.09321094832769908
2068-12-12,0.09041977489315853
2068-12-13,0.09675651303939746
2068-12-14,0.10836422565317108
2068-12-15,0.1022455264322552
2068-12-16,0.09728270113431918
2068-12-17,0.12093370613480507
2068-12-18,0.09309913124681317
2068-12-19,0.08622212569619468
2068-12-20,0.08637026074587108
2068-12-21,0.0865062587889985
2068-12-22,0.08663243350816081
2068-12-23,0.08675040970696866
2068-12-24,0.08686133444823811
2068-12-25,0.08822795759964087
2068-12-26,0.21203038744670505
2068-12-27,0.8395222970743339
2068-12-28,0.9881255517618788
2068-12-29,0.10579481788161774
2068-12-30,0.11004128628307662
2068-12-31,0.20272544112762464
2069-01-01,0.06333989997136802
2069-01-02,0.07301940187053578
2069-01-03,0.08494985876782066
2069-01-04,0.0770465645581256
2069-01-05,0.07270176940071697
2069-01-06,0.07702583680777032
2069-01-07,0.08922528813049489
2069-01-08,0.08301061144129326
2069-01-09,0.08866691102562596
2069-01-10,0.10446492309154906
2069-01-11,0.09108995998702234
2069-01-12,0.09074552399757417
2069-01-13,0.09039038944176747
2069-01-14,0.09020265615390416
2069-01-15,0.08988231427294494
2069-01-16,0.09031370980537584
2069-01-17,0.09997440943285207
2069-01-18,0.10817026217877627
2069-01-19,0.0964921994243738
2069-01-20,0.094930152334431
2069-01-21,0.09983429881539437
2069-01-22,0.14415184854507285
2069-01-23,0.4018373298796795
2069-01-24,0.6667165791557016
2069-01-25,0.3471810529389941
2069-01-26,0.33317989288525696
2069-01-27,0.5981494379132157
2069-01-28,0.6136557969318275
2069-01-29,0.6522745471829934
2069-01-30,0.7106113590406818
2069-01-31,1.0231901443695484
2069-02-01,1.239024978945769
2069-02-02,1.3528948556014213
2069-02-03,1.438267509045144
2069-02-04,0.698580349579218
2069-02-05,0.7210991898709838
2069-02-06,0.747306944963852
2069-02-07,0.7105659337424598
2069-02-08,0.7000356063006172
2069-02-09,0.7722371708759246
2069-02-10,0.8404737231079857
2069-02-11,0.8275473259770187
2069-02-12,0.8019205038265163
2069-02-13,0.8443932479053671
2069-02-14,0.8697704658315869
2069-02-15,0.9033214890044506
2069-02-16,1.0137925141278914
2069-02-17,1.0997432277774049
2069-02-18,1.4266328254449638
2069-02-19,1.686750516300217
2069-02-20,0.9561688181890649
2069-02-21,1.3998842969511054
2069-02-22,1.2074556585008822
2069-02-23,1.0518837439213702
2069-02-24,1.0932225137156162
2069-02-25,0.9100766060156362
2069-02-26,0.8876446919196682
2069-02-27,0.8466628000013555
2069-02-28,0.849988689268348
2069-03-01,1.1170433539185207
2069-03-02,1.1340522870786491
2069-03-03,0.944397100321396
2069-03-04,0.9844774898892767
2069-03-05,1.2708782386910409
2069-03-06,1.4525904016047433
2069-03-07,1.0062415989352484
2069-03-08,1.0801145569605752
2069-03-09,1.1743404265532622
2069-03-10,1.3219148033108379
2069-03-11,1.4021935237198426
2069-03-12,1.1614564427821346
2069-03-13,1.2420481106827153
2069-03-14,1.1825462216160088
2069-03-15,1.195171927757041
2069-03-16,1.165786011012551
2069-03-17,1.169135930214006
2069-03-18,1.038126444045964
2069-03-19,1.0565966338397597
2069-03-20,0.97757016699926
2069-03-21,1.0061833409841858
2069-03-22,1.103769053674171
2069-03-23,1.4256273162316724
2069-03-24,2.5124104923635557
2069-03-25,3.590575318651968
2069-03-26,2.256299871081512
2069-03-27,3.3930969279368597
2069-03-28,5.877229693319497
2069-03-29,6.030047225330591
2069-03-30,3.208996245105724
2069-03-31,3.78447093003698
2069-04-01,3.3326551260118658
2069-04-02,5.196666468296241
2069-04-03,9.555602503848307
2069-04-04,10.26196814464684
2069-04-05,6.360533273620722
2069-04-06,4.184058058062258
2069-04-07,5.4050771642643305
2069-04-08,4.065682515891668
2069-04-09,4.188172144139076
2069-04-10,4.60956654991394
2069-04-11,9.053565920667387
2069-04-12,3.0621641811581486
2069-04-13,3.464429090196574
2069-04-14,4.461510030136405
2069-04-15,6.945081054662079
2069-04-16,11.37204510549693
2069-04-17,14.212944309811075
2069-04-18,17.954145707806624
2069-04-19,10.584593333508757
2069-04-20,5.637298764432812
2069-04-21,5.651634850219662
2069-04-22,5.154863761572203
2069-04-23,5.552626837671076
2069-04-24,5.369533978342368
2069-04-25,5.143371157745204
2069-04-26,5.188167712480981
2069-04-27,4.834119432663528
2069-04-28,4.752382733521227
2069-04-29,5.664702530049577
2069-04-30,6.581117857547135
2069-05-01,7.232116710356375
2069-05-02,9.807911890357364
2069-05-03,11.898010466073735
2069-05-04,7.1585397594436575
2069-05-05,5.7462295150058305
2069-05-06,7.0310202709865335
2069-05-07,10.021694774758588
2069-05-08,5.940427056018968
2069-05-09,5.659540738765007
2069-05-10,5.794224512752009
2069-05-11,6.817302413880327
2069-05-12,7.3345429970700655
2069-05-13,8.295915209607987
2069-05-14,10.453358218474945
2069-05-15,13.276891243172246
2069-05-16,12.237415864515793
2069-05-17,12.618529994076686
2069-05-18,14.474131345448036
2069-05-19,9.417823484009645
2069-05-20,10.678568185077262
2069-05-21,12.214601172348535
2069-05-22,15.675098241266953
2069-05-23,12.702074240996868
2069-05-24,10.07362163233057
2069-05-25,6.847713041566669
2069-05-26,7.754765583356849
2069-05-27,6.340113143069456
2069-05-28,7.0959430088864295
2069-05-29,7.475022999181801
2069-05-30,8.123194048551282
2069-05-31,8.527366366975764
2069-06-01,13.550943839142239
2069-06-02,12.901428664647524
2069-06-03,10.427833489245092
2069-06-04,10.411054695619086
2069-06-05,6.935815799121568
2069-06-06,6.171486402436893
2069-06-07,7.1711033871830585
2069-06-08,9.622113437621694
2069-06-09,10.991051066449213
2069-06-10,11.093167951858423
2069-06-11,11.155589415875175
2069-06-12,6.174633586122254
2069-06-13,7.851971992918324
2069-06-14,8.583121053505339
2069-06-15,8.320761969783845
2069-06-16,8.216734070648341
2069-06-17,7.289416695289793
2069-06-18,9.19500960230332
2069-06-19,9.125714743217829
2069-06-20,7.1891421781794
2069-06-21,7.016487516506027
2069-06-22,7.030647244181929
2069-06-23,6.777283052707778
2069-06-24,6.219770138190267
2069-06-25,5.831551133059618
2069-06-26,5.2008453242531365
2069-06-27,4.77130824680337
2069-06-28,3.61126552548397
2069-06-29,3.2476775692083177
2069-06-30,3.230901670255344
2069-07-01,6.385745942034869
2069-07-02,5.959947691929194
2069-07-03,5.479596073917688
2069-07-04,4.470595389906535
2069-07-05,4.186421253777635
2069-07-06,4.043887093839768
2069-07-07,3.7487653679252246
2069-07-08,3.257274252940721
2069-07-09,2.77992725277234
2069-07-10,2.6455098132731405
2069-07-11,2.3154937248903757
2069-07-12,1.903730937310181
2069-07-13,1.8612296177344416
2069-07-14,1.7242797217718475
2069-07-15,1.4521573394621194
2069-07-16,1.3382109522289958
2069-07-17,1.2874979463008516
2069-07-18,1.2153639980189894
2069-07-19,0.9529283906485834
2069-07-20,0.8308936381146625
2069-07-21,0.75521491439082
2069-07-22,0.7226925499385453
2069-07-23,0.7628987256879957
2069-07-24,0.7316478294396973
2069-07-25,0.6394544121582527
2069-07-26,0.4539819092280938
2069-07-27,0.4119288456650755
2069-07-28,0.376526379952116
2069-07-29,0.34562504491528523
2069-07-30,0.31213427506586383
2069-07-31,0.2813818487130176
2069-08-01,0.4327765425899289
2069-08-02,0.3034115992995057
2069-08-03,0.2782853954137728
2069-08-04,0.2554583597761159
2069-08-05,0.23626323430103605
2069-08-06,0.22028635094173346
2069-08-07,0.20687188026939501
2069-08-08,0.19577647940010134
2069-08-09,0.1864591402326564
2069-08-10,0.1785732209001121
2069-08-11,0.17181579655591142
2069-08-12,0.16580803251136667
2069-08-13,0.1605531110903764
2069-08-14,0.15602514667662587
2069-08-15,0.15207492014419047
2069-08-16,0.14860335411239414
2069-08-17,0.14554313143804484
2069-08-18,0.14289030897598484
2069-08-19,0.1405770780074262
2069-08-20,0.13849884623733064
2069-08-21,0.1385101170452454
2069-08-22,0.13514466910836614
2069-08-23,0.17717532078460896
2069-08-24,0.13327853270332782
2069-08-25,0.13124396362927218
2069-08-26,0.15996444669598034
2069-08-27,0.1469097604257702
2069-08-28,0.7050347638093927
2069-08-29,0.17620235076146085
2069-08-30,0.12596186837904627
2069-08-31,0.1247942875474849
2069-09-01,0.05671730723763145
2069-09-02,0.05627300521496218
2069-09-03,0.055902825963431185
2069-09-04,0.05669016175847898
2069-09-05,0.06820218114467358
2069-09-06,0.0578768715009088
2069-09-07,0.05487284546864715
2069-09-08,0.06466288277999699
2069-09-09,0.0910635385332194
2069-09-10,0.08460919521936773
2069-09-11,0.05386172397433262
2069-09-12,0.05357626094360855
2069-09-13,0.05330215844882053
2069-09-14,0.0530782122437653
2069-09-15,0.14491773796465385
2069-09-16,0.0553862200986752
2069-09-17,0.05321280615876904
2069-09-18,0.05254476838509785
2069-09-19,0.05232609097843199
2069-09-20,0.052105160005184656
2069-09-21,0.05189459980216297
2069-09-22,0.051698550208312814
2069-09-23,0.051606523178693575
2069-09-24,0.051569915542054284
2069-09-25,0.051518485538205816
2069-09-26,0.05121750525026173
2069-09-27,0.050986683980286086
2069-09-28,0.14474251108055666
2069-09-29,0.05174592910030317
2069-09-30,0.05064762896870322
2069-10-01,0.0848175183646645
2069-10-02,0.08483299761103412
2069-10-03,0.08462834583742898
2069-10-04,0.08450211458048343
2069-10-05,0.08433813743085551
2069-10-06,0.08416087425522364
2069-10-07,0.08398778122607346
2069-10-08,0.08382078430402985
2069-10-09,0.08366559386287747
2069-10-10,0.08352259974749203
2069-10-11,0.08338966535815433
2069-10-12,0.08326766611137892
2069-10-13,0.09439312588209706
2069-10-14,0.08309777478916623
2069-10-15,0.08299891150697469
2069-10-16,0.08289106105961466
2069-10-17,0.0827833305294329
2069-10-18,0.08267520368095589
2069-10-19,0.082574741453375
2069-10-20,0.08249469072836671
2069-10-21,0.08242399895454873
2069-10-22,0.08234895173618148
2069-10-23,0.08227824242042321
2069-10-24,0.08221608388306821
2069-10-25,0.08250003142547488
2069-10-26,0.08220941815117247
2069-10-27,0.08203918975878104
2069-10-28,0.08197601919620683
2069-10-29,0.08191111895027238
2069-10-30,0.08202142132947986
2069-10-31,0.08180603251886052
2069-11-01,0.054738968341226484
2069-11-02,0.054713533649521834
2069-11-03,0.0546891420273878
2069-11-04,0.05466093900872386
2069-11-05,0.05462980160660032
2069-11-06,0.054603513739569606
2069-11-07,0.05458152730047085
2069-11-08,0.0545614456406576
2069-11-09,0.057486573833080326
2069-11-10,0.05466868016524529
2069-11-11,0.05449746268526865
2069-11-12,0.977620838600906
2069-11-13,1.0308743756061467
2069-11-14,0.07888129717848989
2069-11-15,0.08624899821249843
2069-11-16,0.2701975913571741
2069-11-17,0.3616517471704511
2069-11-18,0.3707199741648292
2069-11-19,0.4901544611281448
2069-11-20,0.3910704523927978
2069-11-21,0.3605956628720501
2069-11-22,0.19807526778792225
2069-11-23,0.06400616571424786
2069-11-24,0.05675983265450583
2069-11-25,0.20451461099867946
2069-11-26,3.561715308509453
2069-11-27,4.148619924356681
2069-11-28,1.7731514422190449
2069-11-29,0.2792117334762902
2069-11-30,0.07209995041959409
2069-12-01,0.1162212398934005
2069-12-02,0.131230776248335
2069-12-03,0.2201380779392309
2069-12-04,0.304053231227432
2069-12-05,0.21368624754318136
2069-12-06,0.18764201371648925
2069-12-07,0.15821980427190155
2069-12-08,0.14310660623847407
2069-12-09,0.28332059688522976
2069-12-10,0.11911087622654755
2069-12-11,0.3168107439623306
2069-12-12,0.11635648425796577
2069-12-13,0.1122641774065178
2069-12-14,0.08776211468790443
2069-12-15,0.07547835938967458
2069-12-16,0.07539545202041224
2069-12-17,0.0756231275761399
2069-12-18,0.12515452318851986
2069-12-19,0.16687057201606773
2069-12-20,0.08312094354213961
2069-12-21,0.84505412863777
2069-12-22,1.8215657753318757
2069-12-23,0.234855538716924
2069-12-24,0.20312765672223948
2069-12-25,0.26765149248553305
2069-12-26,0.22740573716528345
2069-12-27,0.22515307286826874
2069-12-28,0.2733663870286425
2069-12-29,0.3217954594719119
2069-12-30,0.3839433444350678
2069-12-31,0.2893976956045429
2070-01-01,0.13894492956175702
2070-01-02,4.914883252036014
2070-01-03,5.343670083923058
2070-01-04,0.5014640829466385
2070-01-05,0.4405400029807704
2070-01-06,0.6094024470820619
2070-01-07,0.5824889837370281
2070-01-08,0.5098740189845455
2070-01-09,0.5159395219634173
2070-01-10,0.5089138343792107
2070-01-11,0.4864337877641027
2070-01-12,0.4719263470333656
2070-01-13,0.4465231975983381
2070-01-14,0.4246087718997804
2070-01-15,0.4073832100815345
2070-01-16,0.38771251436096615
2070-01-17,0.3689315184096775
2070-01-18,0.3533876723822991
2070-01-19,0.7412860181948953
2070-01-20,16.38370788730943
2070-01-21,29.91430992762412
2070-01-22,6.1043220240068266
2070-01-23,1.6017642574439903
2070-01-24,1.5500775846111177
2070-01-25,1.5298926253463838
2070-01-26,1.5197202087249857
2070-01-27,1.6134347250489598
2070-01-28,1.7180780443755033
2070-01-29,1.5511416699062592
2070-01-30,1.6796955503177973
2070-01-31,1.7949458866004957
2070-02-01,1.4390009694148176
2070-02-02,1.844334766328919
2070-02-03,1.1272372536787605
2070-02-04,1.0726927424474977
2070-02-05,1.0592042444726142
2070-02-06,1.0153755000292897
2070-02-07,0.9845027778995424
2070-02-08,0.9517077532103588
2070-02-09,0.9161659317268022
2070-02-10,0.8538400903901145
2070-02-11,0.8837956395605349
2070-02-12,1.1706530802657178
2070-02-13,2.811072739822277
2070-02-14,5.051822353054728
2070-02-15,7.60273162496908
2070-02-16,3.0277418561752523
2070-02-17,1.5027020944175693
2070-02-18,1.5085527869064987
2070-02-19,1.5675912138764738
2070-02-20,1.542467231174958
2070-02-21,1.639158501565858
2070-02-22,1.6632364523216716
2070-02-23,1.7954275635970245
2070-02-24,1.705024723905452
2070-02-25,1.5880673480503995
2070-02-26,1.750149440194931
2070-02-27,1.8677069735984877
2070-02-28,2.1265419089480657
2070-03-01,2.4861951748109257
2070-03-02,4.150397409600177
2070-03-03,4.693102880678857
2070-03-04,5.359070090554264
2070-03-05,6.083125041991683
2070-03-06,5.2820609639951694
2070-03-07,4.106631436696272
2070-03-08,2.5566645434557995
2070-03-09,2.5481359935737227
2070-03-10,2.7596093459202784
2070-03-11,2.4067121701167045
2070-03-12,2.3591068517627454
2070-03-13,2.264068681751854
2070-03-14,2.253289709841751
2070-03-15,2.82139714047651
2070-03-16,2.186750197611023
2070-03-17,2.1627847815079826
2070-03-18,2.1148337897782357
2070-03-19,2.8842846570551033
2070-03-20,3.255688436715023
2070-03-21,3.3703268850504204
2070-03-22,3.0390490568564754
2070-03-23,3.2641460258516233
2070-03-24,4.828719580938524
2070-03-25,8.133103672142486
2070-03-26,12.496203558033436
2070-03-27,15.479036385748415
2070-03-28,18.807636174140825
2070-03-29,7.249111631369764
2070-03-30,5.532820187254719
2070-03-31,6.879160822371383
2070-04-01,5.2197156886857305
2070-04-02,8.086743084277135
2070-04-03,14.549059977140448
2070-04-04,16.66521094500095
2070-04-05,13.427447041974096
2070-04-06,18.018555491027893
2070-04-07,20.264590216552204
2070-04-08,20.156628661894285
2070-04-09,17.43525371697673
2070-04-10,9.290247834623012
2070-04-11,24.275640890752765
2070-04-12,26.680533894875055
2070-04-13,30.375035967440624
2070-04-14,28.665422947334648
2070-04-15,26.50200675336052
2070-04-16,24.29845826268885
2070-04-17,9.597924054730052
2070-04-18,8.949512448198202
2070-04-19,10.638418442998553
2070-04-20,16.3089404999335
2070-04-21,27.186261312252874
2070-04-22,29.41720421179438
2070-04-23,26.30137149804592
2070-04-24,11.035925229310534
2070-04-25,10.94049255743018
2070-04-26,10.811561694035875
2070-04-27,15.013766252258813
2070-04-28,14.593354127528027
2070-04-29,17.48917703312951
2070-04-30,21.263564443699785
2070-05-01,23.823585968372587
2070-05-02,29.911295528739014
2070-05-03,26.063119598431506
2070-05-04,28.197307018969692
2070-05-05,34.79440867406251
2070-05-06,36.76335551196152
2070-05-07,39.25840076006792
2070-05-08,36.77831546620044
2070-05-09,22.543628029591797
2070-05-10,8.795747547332093
2070-05-11,11.22246184264612
2070-05-12,15.182597637148866
2070-05-13,20.54254827229053
2070-05-14,24.348450618352803
2070-05-15,27.393902467000647
2070-05-16,25.845515419747397
2070-05-17,20.343152508925282
2070-05-18,19.884976500864155
2070-05-19,19.080001770498146
2070-05-20,20.34150802826737
2070-05-21,15.225230985347867
2070-05-22,8.740341806269969
2070-05-23,8.365035131015334
2070-05-24,8.259884565133486
2070-05-25,8.647650240355066
2070-05-26,9.658510916917047
2070-05-27,9.30405672710254
2070-05-28,10.332204276533963
2070-05-29,13.777623317014676
2070-05-30,15.944648850487294
2070-05-31,16.448025023946517
2070-06-01,17.257635864071595
2070-06-02,15.188217425168517
2070-06-03,12.269707702477861
2070-06-04,11.083199644000054
2070-06-05,8.040232274487776
2070-06-06,5.782333928000665
2070-06-07,4.822822697988002
2070-06-08,3.916779775015502
2070-06-09,3.778958611150097
2070-06-10,4.774201672488749
2070-06-11,5.761765422200441
2070-06-12,3.4104293904396163
2070-06-13,3.601690023864393
2070-06-14,3.807897474035272
2070-06-15,3.9521518713703143
2070-06-16,3.285204985619781
2070-06-17,2.8723035651842883
2070-06-18,2.6103153770460517
2070-06-19,2.704181965646308
2070-06-20,2.634080636630197
2070-06-21,2.391798468128953
2070-06-22,2.196221183591469
2070-06-23,1.9550419053068158
2070-06-24,2.2045951702308844
2070-06-25,1.9864679088650743
2070-06-26,1.9072980874492134
2070-06-27,1.548628339010066
2070-06-28,1.4371223989940178
2070-06-29,1.4231120659167371
2070-06-30,1.3598492486038043
2070-07-01,2.9797938534795643
2070-07-02,2.7120520948313147
2070-07-03,2.7966443998215107
2070-07-04,2.7207783808525736
2070-07-05,2.4901758633830173
2070-07-06,1.8080026203756503
2070-07-07,1.8375611753056147
2070-07-08,1.70171220251306
2070-07-09,1.5880210390995524
2070-07-10,1.503062795919096
2070-07-11,1.563364632503863
2070-07-12,1.4642010721856675
2070-07-13,1.312497124022759
2070-07-14,1.337971571270263
2070-07-15,1.1459557250343908
2070-07-16,1.1433057097561403
2070-07-17,1.0187284354752904
2070-07-18,1.1707284581066852
2070-07-19,0.7728143603965935
2070-07-20,0.8713005591824727
2070-07-21,0.6636896658623491
2070-07-22,0.7124907143646672
2070-07-23,0.5676809614313317
2070-07-24,0.6053957134617752
2070-07-25,0.6125114466879875
2070-07-26,0.3946379880828166
2070-07-27,0.35571400634130607
2070-07-28,0.3336193129449465
2070-07-29,0.3164199227438824
2070-07-30,0.2889025630196887
2070-07-31,0.25929880733004224
2070-08-01,0.4064680517930675
2070-08-02,0.4734458930486191
2070-08-03,0.6941490445967775
2070-08-04,0.24945827614014646
2070-08-05,0.23098094045374784
2070-08-06,0.2149818063892932
2070-08-07,0.20946408129054575
2070-08-08,0.19032484360458932
2070-08-09,0.18034073528590944
2070-08-10,0.17184108512481353
2070-08-11,0.16495561110046522
2070-08-12,0.15937944327672307
2070-08-13,0.15450533802322586
2070-08-14,0.14980846827742306
2070-08-15,0.17574472646079434
2070-08-16,0.14832842617743755
2070-08-17,0.14969905041969245
2070-08-18,0.20297471640118306
2070-08-19,0.1615721612044093
2070-08-20,0.13334010714686853
2070-08-21,0.14418921974007484
2070-08-22,0.21527209568973804
2070-08-23,0.19508696526525351
2070-08-24,0.12940165916417867
2070-08-25,0.12783307557927168
2070-08-26,0.12638162131688188
2070-08-27,0.12507212648817936
2070-08-28,0.1238553175027732
2070-08-29,0.12270943221378768
2070-08-30,0.12163954007964126
2070-08-31,0.1206338337171078
2070-09-01,0.054852055968257665
2070-09-02,0.0544067864484603
2070-09-03,0.053985976518694787
2070-09-04,0.05359001883219496
2070-09-05,0.11692198620883384
2070-09-06,0.2668833579465582
2070-09-07,4.752198771059705
2070-09-08,0.781797383064355
2070-09-09,0.08261488737151515
2070-09-10,0.054071073826340944
2070-09-11,0.05411341856203
2070-09-12,0.05405163275439707
2070-09-13,0.053944124459880505
2070-09-14,0.05384967096704717
2070-09-15,0.05377513706186124
2070-09-16,0.05369093339980468
2070-09-17,0.05359015394204469
2070-09-18,0.05581202394023859
2070-09-19,0.05335179329764906
2070-09-20,0.05319759046229485
2070-09-21,0.0540665887544089
2070-09-22,0.07909812808830767
2070-09-23,0.2921697922809232
2070-09-24,0.36947945432621065
2070-09-25,0.13956360921234778
2070-09-26,0.06435733211012495
2070-09-27,0.05281472869329433
2070-09-28,0.052683349859965714
2070-09-29,0.05253924173868461
2070-09-30,0.05240010376936642
2070-10-01,0.08769453582189715
2070-10-02,0.08751099468085517
2070-10-03,0.08730994394230299
2070-10-04,0.08710703539203113
2070-10-05,0.08691987595151722
2070-10-06,0.08674520222640357
2070-10-07,0.086562070938879
2070-10-08,0.08637072530115245
2070-10-09,0.0861776882262178
2070-10-10,0.08599034600314537
2070-10-11,0.08581746665504478
2070-10-12,0.08566142251160667
2070-10-13,0.08551499831887352
2070-10-14,0.08537747245009887
2070-10-15,0.08526796185588789
2070-10-16,3.3143288403307394
2070-10-17,8.600336682076763
2070-10-18,0.9427187071380728
2070-10-19,1.0003142400353884
2070-10-20,1.2037358547406969
2070-10-21,1.081818725379627
2070-10-22,1.032090128043313
2070-10-23,0.8481978797084707
2070-10-24,0.4169809946985901
2070-10-25,0.27952560336221804
2070-10-26,0.13061656298938726
2070-10-27,0.12026871825595604
2070-10-28,0.10210596755077382
2070-10-29,0.10295353061235593
2070-10-30,0.10378560731336496
2070-10-31,0.10399982985283047
2070-11-01,0.06867859599835517
2070-11-02,0.068790480776208
2070-11-03,0.06986215890398985
2070-11-04,0.0702882190592064
2070-11-05,0.0705086685550881
2070-11-06,0.7929256685489695
2070-11-07,0.3842989589210576
2070-11-08,0.35487215586263265
2070-11-09,0.09298708517959
2070-11-10,0.07103363850683242
2070-11-11,0.06983694504576772
2070-11-12,0.0708692991866871
2070-11-13,1.2801066916192676
2070-11-14,4.954467495050922
2070-11-15,12.567293019828405
2070-11-16,1.2489372201105706
2070-11-17,0.23677876721192484
2070-11-18,0.16916302979280806
2070-11-19,0.09355135934709244
2070-11-20,0.18263147542187674
2070-11-21,0.17099109633297774
2070-11-22,0.0953491249034758
2070-11-23,0.09592634652426664
2070-11-24,0.1193522757105796
2070-11-25,0.09824151633988697
2070-11-26,0.13997157635363966
2070-11-27,0.2901912858646817
2070-11-28,0.28050313089535545
2070-11-29,0.13809694261868438
2070-11-30,0.12365956593155722
2070-12-01,0.12063958608208868
2070-12-02,0.1268217475500499
2070-12-03,0.10703053325613544
2070-12-04,0.10553182339093546
2070-12-05,0.1063953248718744
2070-12-06,0.10944527735468276
2070-12-07,0.12385202707013156
2070-12-08,0.14002213557904072
2070-12-09,0.10883167048290472
2070-12-10,0.11243868944288402
2070-12-11,0.11422834324655876
2070-12-12,0.11232670359061324
2070-12-13,0.10938636773449574
2070-12-14,0.10719450106116883
2070-12-15,0.1075485573631878
2070-12-16,0.10748866356323944
2070-12-17,0.10781386969470626
2070-12-18,0.13649777395205992
2070-12-19,0.2338879407845385
2070-12-20,0.19256274929208092
2070-12-21,0.11654694603753728
2070-12-22,0.12052050162335973
2070-12-23,0.12823228980944668
2070-12-24,0.13785024534140447
2070-12-25,0.4702678791614735
2070-12-26,0.6609544654173518
2070-12-27,0.24727261551239
2070-12-28,0.2811287056020984
2070-12-29,0.5611802121593585
2070-12-30,0.6083841245397394
2070-12-31,0.3692934895172889
2071-01-01,0.2318709383651984
2071-01-02,0.22420735625632665
2071-01-03,0.2146938850007024
2071-01-04,0.20524498281189388
2071-01-05,0.19633757965834892
2071-01-06,0.18690666816762205
2071-01-07,0.1773304192643302
2071-01-08,0.1684819848389377
2071-01-09,0.16074647557423286
2071-01-10,0.15460857377576842
2071-01-11,0.1478757039940512
2071-01-12,0.14266795120931175
2071-01-13,0.13653912626921175
2071-01-14,0.13218866505146304
2071-01-15,0.12821783689015662
2071-01-16,0.12457443143118185
2071-01-17,0.12123188386766323
2071-01-18,0.1184054296078008
2071-01-19,0.11533715401476673
2071-01-20,0.11387369541794633
2071-01-21,0.1436159359691784
2071-01-22,0.30916080895882725
2071-01-23,0.5001758208175314
2071-01-24,0.20928453733329785
2071-01-25,0.22068287404093587
2071-01-26,0.21697223141770933
2071-01-27,0.2657134422927081
2071-01-28,0.24317438878547284
2071-01-29,0.2911429585951416
2071-01-30,0.2519137312942161
2071-01-31,0.32718763736331125
2071-02-01,0.2504660527967429
2071-02-02,0.23277326518166086
2071-02-03,0.22570733854690905
2071-02-04,0.2278608663333081
2071-02-05,0.2239486284743223
2071-02-06,0.22095854056775266
2071-02-07,0.23803416497808896
2071-02-08,0.30501562873183724
2071-02-09,0.3391121151897641
2071-02-10,0.339810029392517
2071-02-11,0.3596720883225166
2071-02-12,0.43997785950253016
2071-02-13,0.35313192336779164
2071-02-14,0.3958860295092704
2071-02-15,0.5716449966748611
2071-02-16,0.6976963255433248
2071-02-17,0.5778500899349399
2071-02-18,0.6855216120193091
2071-02-19,0.7351310939059519
2071-02-20,0.8087675080310396
2071-02-21,0.8862604823622933
2071-02-22,0.8180036694631402
2071-02-23,0.9355982318759348
2071-02-24,0.8738084326271243
2071-02-25,1.0076052017084285
2071-02-26,1.3033040977628407
2071-02-27,1.4857156025096427
2071-02-28,1.5212527508807192
2071-03-01,0.8410394714933618
2071-03-02,0.9831738790661444
2071-03-03,0.8259152283301758
2071-03-04,0.8453985384681457
2071-03-05,0.8389696735650436
2071-03-06,0.7828168437086109
2071-03-07,0.7657224114855066
2071-03-08,0.7626110241114291
2071-03-09,0.8935368863282525
2071-03-10,0.7907740975674861
2071-03-11,0.7508789859757354
2071-03-12,0.7812301021292446
2071-03-13,0.7335789069310541
2071-03-14,0.7322065555273336
2071-03-15,0.8337514533014126
2071-03-16,1.0789799633727553
2071-03-17,0.8166813118290351
2071-03-18,0.7695654036875491
2071-03-19,0.7508578076824264
2071-03-20,0.7252835474189161
2071-03-21,0.7125512845056522
2071-03-22,0.6977540085856344
2071-03-23,0.6788650343392838
2071-03-24,0.7928866389433846
2071-03-25,1.0549579368453037
2071-03-26,1.6299081844428818
2071-03-27,2.2112999607921817
2071-03-28,3.1277457505308104
2071-03-29,3.633872797042765
2071-03-30,4.906651348416066
2071-03-31,7.871358710142377
2071-04-01,6.432791863417298
2071-04-02,8.15375653894597
2071-04-03,11.959475004451413
2071-04-04,14.702885808588087
2071-04-05,16.818030521476963
2071-04-06,16.67053474364667
2071-04-07,18.332319240494094
2071-04-08,15.662523543915832
2071-04-09,5.080632890232845
2071-04-10,5.12362285595003
2071-04-11,5.043279288336636
2071-04-12,5.02072918595932
2071-04-13,5.130497523004825
2071-04-14,6.350737804126688
2071-04-15,8.932965564622178
2071-04-16,15.45159216940514
2071-04-17,22.181082791476435
2071-04-18,31.645524210361376
2071-04-19,33.03594538634685
2071-04-20,29.840010615204374
2071-04-21,12.079443975314515
2071-04-22,11.318588267370856
2071-04-23,10.496961153028167
2071-04-24,8.865575654430039
2071-04-25,8.67591286269984
2071-04-26,8.417123495820197
2071-04-27,8.344568851492586
2071-04-28,8.131908683809954
2071-04-29,7.886425843711836
2071-04-30,7.666772613890841
2071-05-01,6.978379312788593
2071-05-02,6.659460511574588
2071-05-03,6.126012400241955
2071-05-04,5.7369443061239185
2071-05-05,5.459892496918113
2071-05-06,6.8349425333233285
2071-05-07,9.432685633438023
2071-05-08,10.409727443573118
2071-05-09,17.526046122487067
2071-05-10,22.72655060861619
2071-05-11,29.75736408319921
2071-05-12,19.10626220510473
2071-05-13,19.52830844569878
2071-05-14,23.435784977850922
2071-05-15,22.55660375299143
2071-05-16,17.072095968150478
2071-05-17,19.142151541801862
2071-05-18,17.610545407475637
2071-05-19,9.306442017887301
2071-05-20,8.618012638563647
2071-05-21,8.45636031297833
2071-05-22,8.377527905470188
2071-05-23,8.600290284815776
2071-05-24,8.801075576353536
2071-05-25,9.166358855360217
2071-05-26,8.580456714416801
2071-05-27,8.029710773777834
2071-05-28,9.87263065873296
2071-05-29,15.296301385284359
2071-05-30,20.579081278560828
2071-05-31,25.930594984136718
2071-06-01,26.74799493896679
2071-06-02,18.372869412707374
2071-06-03,19.197073357818827
2071-06-04,15.854773892532684
2071-06-05,20.41939398022013
2071-06-06,18.51891148318127
2071-06-07,15.026922539807124
2071-06-08,13.649639109038494
2071-06-09,15.965560499210556
2071-06-10,16.697613947481216
2071-06-11,18.449041967303067
2071-06-12,19.6214904098259
2071-06-13,21.127120565926408
2071-06-14,21.386274223745467
2071-06-15,18.40198792338737
2071-06-16,16.978476425212946
2071-06-17,12.0002510576018
2071-06-18,9.753066394487425
2071-06-19,10.065386586926074
2071-06-20,8.126010388073249
2071-06-21,6.767192219471762
2071-06-22,6.651981443845793
2071-06-23,7.323040812004418
2071-06-24,7.349116207242692
2071-06-25,7.924148169323669
2071-06-26,8.787507070277638
2071-06-27,8.807136759362304
2071-06-28,7.660835626408721
2071-06-29,6.99881601717441
2071-06-30,6.040651960437933
2071-07-01,12.634107358722627
2071-07-02,10.154539309239246
2071-07-03,8.372113987855117
2071-07-04,7.297409973579183
2071-07-05,6.995645343744723
2071-07-06,6.407526135976549
2071-07-07,6.421982136100956
2071-07-08,6.063608726992732
2071-07-09,5.709030494966807
2071-07-10,5.580427647931637
2071-07-11,3.8516700445721193
2071-07-12,3.3785441115157617
2071-07-13,3.2412680175942006
2071-07-14,2.763803524604916
2071-07-15,2.5729545775084444
2071-07-16,2.496825834386841
2071-07-17,2.174004508895038
2071-07-18,1.8032694369157731
2071-07-19,1.8830093843424904
2071-07-20,1.7432902387860394
2071-07-21,1.6951568484958563
2071-07-22,1.584258650850764
2071-07-23,1.514160472385062
2071-07-24,1.319891011879749
2071-07-25,1.1948991991364537
2071-07-26,1.1890897983436148
2071-07-27,1.13590281911959
2071-07-28,1.051218085324294
2071-07-29,0.9841377434306372
2071-07-30,0.8282789392085418
2071-07-31,0.7376901736344527
2071-08-01,0.6208602446344643
2071-08-02,0.5684319085299276
2071-08-03,0.5374094767151637
2071-08-04,0.505130447300038
2071-08-05,0.4724658258338448
2071-08-06,0.4304855346717849
2071-08-07,0.3890447654948551
2071-08-08,0.3774770242593394
2071-08-09,0.3230289750557028
2071-08-10,0.30383397997176786
2071-08-11,0.2771153635769364
2071-08-12,0.25833800356185826
2071-08-13,0.2410303740233049
2071-08-14,0.2261909342770615
2071-08-15,0.2134698268750364
2071-08-16,0.2025195342195188
2071-08-17,0.1929431158016976
2071-08-18,0.18428990371873255
2071-08-19,0.1765863742759592
2071-08-20,0.16985862738830507
2071-08-21,0.1640412055906753
2071-08-22,0.15908195844412792
2071-08-23,0.1548164965233548
2071-08-24,0.15103759754896848
2071-08-25,0.14772273253206913
2071-08-26,0.14489821304999767
2071-08-27,0.14248150652105512
2071-08-28,0.14042087835893602
2071-08-29,0.13852581351104795
2071-08-30,0.1368140230196859
2071-08-31,0.13529276570817533
2071-09-01,0.06139512421364138
2071-09-02,0.06082837505289145
2071-09-03,0.06030272180192168
2071-09-04,0.0598076874860058
2071-09-05,0.05933632308997756
2071-09-06,0.05885485713221005
2071-09-07,0.0583736393819101
2071-09-08,0.05789713882400122
2071-09-09,0.07896491549795966
2071-09-10,0.06609019109661396
2071-09-11,0.05665205107092582
2071-09-12,0.05620492413653458
2071-09-13,0.05577382660127536
2071-09-14,0.055375024738976035
2071-09-15,0.14728007957667322
2071-09-16,0.08119532477250366
2071-09-17,0.1749369747363466
2071-09-18,0.17962203206895727
2071-09-19,0.08685897952987615
2071-09-20,0.05439545214143752
2071-09-21,0.05602357792681499
2071-09-22,0.053988422312028286
2071-09-23,0.053745199837745485
2071-09-24,0.053461610498223074
2071-09-25,0.053177198440390684
2071-09-26,0.05292813452661254
2071-09-27,0.052692607622122516
2071-09-28,0.05245715160443056
2071-09-29,0.0522476408908681
2071-09-30,0.052091357344382194
2071-10-01,0.08722549354984188
2071-10-02,0.08953544160363887
2071-10-03,0.08707139856055499
2071-10-04,0.08696433523518837
2071-10-05,0.08678859907916649
2071-10-06,0.08654960675666216
2071-10-07,0.0862697157132922
2071-10-08,0.0861515534828493
2071-10-09,0.08624656243902068
2071-10-10,0.08714570867671939
2071-10-11,0.08589081448587849
2071-10-12,0.08561190062205666
2071-10-13,0.08506712558686065
2071-10-14,0.1455864659533676
2071-10-15,0.08490949159416322
2071-10-16,0.08478502823694754
2071-10-17,0.08470056813495791
2071-10-18,0.0846413766929741
2071-10-19,0.0845975806764691
2071-10-20,0.08455659928050686
2071-10-21,0.08452121691796434
2071-10-22,0.08448975597864794
2071-10-23,0.08446181694864799
2071-10-24,0.08443515494414777
2071-10-25,0.08621998120035304
2071-10-26,0.08463739727700223
2071-10-27,0.08432683148370558
2071-10-28,0.12018446497213227
2071-10-29,0.09941958763496468
2071-10-30,0.09019136074301567
2071-10-31,0.1386810034321496
2071-11-01,0.06578924533536261
2071-11-02,0.06055697373785456
2071-11-03,0.05628672127661145
2071-11-04,0.056231551743475536
2071-11-05,0.05618642369967875
2071-11-06,0.05614216510658245
2071-11-07,0.056097739939494164
2071-11-08,0.05605266273042595
2071-11-09,0.06237235147886828
2071-11-10,0.055963641943779785
2071-11-11,0.05592099670820645
2071-11-12,0.055878379342740765
2071-11-13,0.05583812649380655
2071-11-14,0.055805123062796655
2071-11-15,0.05578259844953347
2071-11-16,0.055764496819581635
2071-11-17,0.0557457910807073
2071-11-18,0.05572207496592331
2071-11-19,0.05569779037962914
2071-11-20,0.055678937290851466
2071-11-21,0.05566181452443604
2071-11-22,0.05564488094737989
2071-11-23,0.05562777278741732
2071-11-24,0.05561093381899447
2071-11-25,0.055877268793881406
2071-11-26,0.055836542587610366
2071-11-27,0.05582948751970175
2071-11-28,0.06063046099478565
2071-11-29,0.057106380120954016
2071-11-30,0.056571958312316435
2071-12-01,0.08497829428452718
2071-12-02,0.09613042161470957
2071-12-03,0.094366978328899
2071-12-04,0.06521812707848333
2071-12-05,0.06938576983692653
2071-12-06,0.0632939767704348
2071-12-07,0.06559820265870843
2071-12-08,0.0681203412683266
2071-12-09,0.07073602572408598
2071-12-10,0.0787892012977788
2071-12-11,0.06646755932576248
2071-12-12,0.058705094523402085
2071-12-13,0.0720740562162967
2071-12-14,0.0789952393803086
2071-12-15,0.058771416453620814
2071-12-16,0.05849325263866099
2071-12-17,0.059767472418467076
2071-12-18,0.07144416614683807
2071-12-19,0.0588413654319348
2071-12-20,0.058439215099806624
2071-12-21,0.0592569418222497
2071-12-22,0.06230728663454661
2071-12-23,0.06683497571021285
2071-12-24,0.058385271042633136
2071-12-25,0.058371818388247614
2071-12-26,0.05835838075655678
2071-12-27,0.05834495396400746
2071-12-28,0.058331536851311615
2071-12-29,0.05850435625932918
2071-12-30,0.05923201061378964
2071-12-31,0.05882587940090235
2072-01-01,0.03707533219311724
2072-01-02,0.03809138778958824
2072-01-03,0.07548628554036757
2072-01-04,0.1163191666863289
2072-01-05,0.049621789207521305
2072-01-06,0.04940241083399796
2072-01-07,0.047337610862918655
2072-01-08,0.04452433918676482
2072-01-09,0.05395887601433465
2072-01-10,0.07936437005318454
2072-01-11,0.03641264436630914
2072-01-12,0.036397120604009535
2072-01-13,0.03661068758716941
2072-01-14,0.03760477923302778
2072-01-15,0.03958710554382915
2072-01-16,0.0423268503305593
2072-01-17,0.04470367102634803
2072-01-18,0.049717872281349634
2072-01-19,0.06114158068754823
2072-01-20,0.10053971685396547
2072-01-21,0.13626447962497432
2072-01-22,0.37422146906358655
2072-01-23,0.5315425563825165
2072-01-24,0.07712933704956318
2072-01-25,0.11602002791444603
2072-01-26,0.11230393713721287
2072-01-27,0.16889194800724064
2072-01-28,0.2298287967798828
2072-01-29,0.2074469431488852
2072-01-30,0.1073951279773488
2072-01-31,0.05228554720840842
2072-02-01,0.05264955701270157
2072-02-02,0.05070383946461661
2072-02-03,0.07931600627370028
2072-02-04,0.07334079066867293
2072-02-05,0.11023350143615857
2072-02-06,0.13565483325615454
2072-02-07,0.16562933341245448
2072-02-08,0.0654494737873174
2072-02-09,0.09162218737849538
2072-02-10,0.09882558761376643
2072-02-11,0.15019378954417642
2072-02-12,0.1968704233511835
2072-02-13,0.35211486954204435
2072-02-14,0.4673478595180754
2072-02-15,0.6992772527827474
2072-02-16,0.1985941345654558
2072-02-17,0.3854203393196168
2072-02-18,1.215398731505498
2072-02-19,0.26709159406738786
2072-02-20,0.21607724179839086
2072-02-21,0.21855153721553508
2072-02-22,0.0822936999804732
2072-02-23,0.10691717840986494
2072-02-24,0.3341741676292547
2072-02-25,0.2729104330527861
2072-02-26,0.3527941439943162
2072-02-27,0.2485807993234713
2072-02-28,0.6763733762455156
2072-02-29,0.712218195124586
2072-03-01,1.8001541765846711
2072-03-02,3.7484590470883776
2072-03-03,3.528631463342942
2072-03-04,3.4033484302228425
2072-03-05,2.7772971889796265
2072-03-06,0.3565365946693405
2072-03-07,0.13287231528874766
2072-03-08,0.22218087186781574
2072-03-09,0.4997265339852631
2072-03-10,1.059847901632187
2072-03-11,0.5808929073828573
2072-03-12,1.2961323718003872
2072-03-13,1.4809992699217018
2072-03-14,0.3040303952399907
2072-03-15,0.13200241951534206
2072-03-16,0.21253035449726526
2072-03-17,0.2556817786195041
2072-03-18,0.3359851417279924
2072-03-19,0.7286012445219918
2072-03-20,0.3572487089811231
2072-03-21,0.2457479553428635
2072-03-22,0.6115242606045492
2072-03-23,1.574808530530634
2072-03-24,3.0415652462074436
2072-03-25,6.612801185383942
2072-03-26,6.5054014327181795
2072-03-27,3.644795853962773
2072-03-28,5.714735221470053
2072-03-29,6.4486972643058715
2072-03-30,7.184748981898352
2072-03-31,9.823841463390165
2072-04-01,5.5071914674994815
2072-04-02,4.274273549554759
2072-04-03,4.125768970935749
2072-04-04,3.7289272023154223
2072-04-05,3.3395056721096226
2072-04-06,3.16563527244723
2072-04-07,3.164837211301683
2072-04-08,3.232933746795928
2072-04-09,3.049086600803774
2072-04-10,2.8789934809046263
2072-04-11,3.1892072528686293
2072-04-12,3.7638018233025696
2072-04-13,3.525197997136888
2072-04-14,3.3132602314998865
2072-04-15,3.7417179981408633
2072-04-16,3.490136064320101
2072-04-17,2.645471953871421
2072-04-18,2.8364415914460213
2072-04-19,2.594018451575252
2072-04-20,2.576992165612324
2072-04-21,2.4285516279241506
2072-04-22,2.32099242662189
2072-04-23,3.2293890237406035
2072-04-24,2.649996473979021
2072-04-25,2.4826671013624533
2072-04-26,2.597550415930351
2072-04-27,2.9159293666540957
2072-04-28,3.1336960940843364
2072-04-29,4.286385773045303
2072-04-30,5.3708888444863305
2072-05-01,4.7378025182691745
2072-05-02,6.683776988997997
2072-05-03,6.260213102158895
2072-05-04,6.401121713699613
2072-05-05,7.276245608738818
2072-05-06,7.702230623511688
2072-05-07,8.182734675098848
2072-05-08,6.7442164408144025
2072-05-09,7.010232346302963
2072-05-10,6.668323956339261
2072-05-11,5.816384059609344
2072-05-12,5.750169815406588
2072-05-13,5.8188376103806405
2072-05-14,5.443507364235172
2072-05-15,4.7029076558544185
2072-05-16,4.20606379517749
2072-05-17,4.046453992810266
2072-05-18,3.999893367034978
2072-05-19,3.920614567860332
2072-05-20,3.1953287759979916
2072-05-21,2.5875581932790155
2072-05-22,2.3817969803065018
2072-05-23,2.148962724372755
2072-05-24,2.0739697994048685
2072-05-25,2.0244435509438783
2072-05-26,2.14102866813878
2072-05-27,1.8903490556070095
2072-05-28,1.7421940765386317
2072-05-29,1.6835430612796676
2072-05-30,1.5873343586615292
2072-05-31,1.513659941853054
2072-06-01,1.5339914592318664
2072-06-02,1.3916713612020826
2072-06-03,1.2544722214729174
2072-06-04,1.1393044208745322
2072-06-05,1.0615627866045974
2072-06-06,0.9877424362850881
2072-06-07,0.820380406385406
2072-06-08,0.6854871484334863
2072-06-09,0.6209815000664046
2072-06-10,0.5166350085833934
2072-06-11,0.4916333793654898
2072-06-12,0.5161531391628491
2072-06-13,0.4627222553547616
2072-06-14,0.4088914210268568
2072-06-15,0.3762269681831701
2072-06-16,0.3510715336217767
2072-06-17,0.3150074247296904
2072-06-18,0.2911610189847505
2072-06-19,0.2876815372479558
2072-06-20,0.2296238208956283
2072-06-21,0.19828843623252776
2072-06-22,0.1849217828657921
2072-06-23,0.17380943978575708
2072-06-24,0.164033257603193
2072-06-25,0.15203955649248574
2072-06-26,0.13917673309302606
2072-06-27,0.1276757393071634
2072-06-28,0.1178367492619852
2072-06-29,0.10966705236441762
2072-06-30,0.10287968216422867
2072-07-01,0.2718088481727196
2072-07-02,0.2314766163371501
2072-07-03,0.21175562677970164
2072-07-04,0.20203943650680706
2072-07-05,0.1926109090962824
2072-07-06,0.18366825018084595
2072-07-07,0.17539059296580994
2072-07-08,0.16796497843962635
2072-07-09,0.16128798843716494
2072-07-10,0.15518035448545506
2072-07-11,0.14955278872250474
2072-07-12,0.14443693988392226
2072-07-13,0.13980625353089682
2072-07-14,0.13707562822197694
2072-07-15,0.1322443217344061
2072-07-16,0.1294147675881432
2072-07-17,0.12700475750094134
2072-07-18,0.15508949069013642
2072-07-19,0.12252409025893142
2072-07-20,0.12034311242774715
2072-07-21,0.11807432748632445
2072-07-22,0.1158529505852088
2072-07-23,0.11371497915183268
2072-07-24,0.11165669624701673
2072-07-25,0.10967873181078416
2072-07-26,0.32426539229128754
2072-07-27,0.1063201787154628
2072-07-28,0.12205898281206808
2072-07-29,0.10613960579696977
2072-07-30,0.193539122313728
2072-07-31,0.1072859080088468
2072-08-01,0.13037354645493454
2072-08-02,0.1277136302414216
2072-08-03,0.12628320300620152
2072-08-04,0.12495902386051842
2072-08-05,0.1246071135182852
2072-08-06,0.12249819151238622
2072-08-07,0.12124170856908405
2072-08-08,0.12004712652037824
2072-08-09,0.11894086384199334
2072-08-10,0.1179498535637308
2072-08-11,0.11704802942595367
2072-08-12,0.11620167951240926
2072-08-13,0.11536806548362895
2072-08-14,0.11455392335610645
2072-08-15,0.11379621823699768
2072-08-16,0.11309401813190804
2072-08-17,0.1124448807173792
2072-08-18,0.11183874134189993
2072-08-19,0.12405093421317352
2072-08-20,0.11084501369217427
2072-08-21,0.2772406826003906
2072-08-22,0.12857778178382906
2072-08-23,0.8849386859076404
2072-08-24,0.450927422070537
2072-08-25,0.6228155382380703
2072-08-26,0.13724428680538306
2072-08-27,0.11350326551150187
2072-08-28,0.11296922594871947
2072-08-29,0.108868369307038
2072-08-30,0.1088206861289144
2072-08-31,0.10849037887314834
2072-09-01,0.049650252895440485
2072-09-02,0.1781291332138977
2072-09-03,0.051970030093282465
2072-09-04,0.15853420827445336
2072-09-05,0.07637542466411285
2072-09-06,0.2674996341744603
2072-09-07,0.21676739837787415
2072-09-08,0.13675515529571855
2072-09-09,0.1698039519139682
2072-09-10,0.09140025870879437
2072-09-11,0.0492456296949493
2072-09-12,0.04916908560468885
2072-09-13,0.04923987995935472
2072-09-14,0.04902740426546516
2072-09-15,0.04897136030614802
2072-09-16,0.04892836925463466
2072-09-17,0.048893120208224214
2072-09-18,0.05099093119826943
2072-09-19,0.04882087699102535
2072-09-20,0.04876944903657841
2072-09-21,0.04871795430407518
2072-09-22,0.04866908958152664
2072-09-23,0.04862629719824152
2072-09-24,0.04858433123085231
2072-09-25,0.048543580740110816
2072-09-26,0.04850991135780005
2072-09-27,0.048478684453281816
2072-09-28,0.04844427322584005
2072-09-29,0.04841155609655908
2072-09-30,0.04837903550799466
2072-10-01,0.0810817133005469
2072-10-02,0.08101458941218308
2072-10-03,0.0809508887871007
2072-10-04,0.08089534335104469
2072-10-05,0.08084728491062804
2072-10-06,0.08080231831013357
2072-10-07,0.08076007203391601
2072-10-08,0.0807227433257354
2072-10-09,0.08069072440426106
2072-10-10,0.08066271051371042
2072-10-11,0.08063442770071562
2072-10-12,0.08060354975583607
2072-10-13,0.0805711930924248
2072-10-14,0.08053719999737048
2072-10-15,0.0805030896233342
2072-10-16,0.08046999836251621
2072-10-17,0.08044164865240687
2072-10-18,0.3597286594704425
2072-10-19,0.7480425703272842
2072-10-20,0.4415119759831888
2072-10-21,0.4484565152537533
2072-10-22,0.30256509207496
2072-10-23,0.13505606106626825
2072-10-24,0.08204792337333501
2072-10-25,0.08026890325813861
2072-10-26,0.08024617354649081
2072-10-27,0.08036021329670266
2072-10-28,0.080201629473588
2072-10-29,0.08018023530545126
2072-10-30,0.08015887604610836
2072-10-31,0.08013698338333712
2072-11-01,0.053634237956315084
2072-11-02,0.0536188446797951
2072-11-03,0.05360324276336876
2072-11-04,0.05358696566492655
2072-11-05,0.05356995970069165
2072-11-06,0.053553170926697084
2072-11-07,0.053537081327162096
2072-11-08,0.05352182593720952
2072-11-09,0.053507597016125376
2072-11-10,0.05349375223006185
2072-11-11,0.05347993352478258
2072-11-12,0.05346616870421851
2072-11-13,0.05345256043933996
2072-11-14,0.34324138159569506
2072-11-15,0.1404183562014292
2072-11-16,0.06693181594181251
2072-11-17,0.12096164813896194
2072-11-18,0.08244311491714118
2072-11-19,0.11043264290920676
2072-11-20,0.31319946465219073
2072-11-21,0.08285342052974609
2072-11-22,0.08522280422278299
2072-11-23,0.11112388857100974
2072-11-24,0.0942951774322198
2072-11-25,0.15144104432088176
2072-11-26,0.18034948430511408
2072-11-27,0.15232236622641274
2072-11-28,0.155879838639629
2072-11-29,0.09481989811582196
2072-11-30,0.07798023279333945
2072-12-01,0.11529187738260625
2072-12-02,0.1317533408446873
2072-12-03,0.0635979049574786
2072-12-04,0.16254387636268378
2072-12-05,0.08380827322737049
2072-12-06,0.06333727742269955
2072-12-07,0.07666808149112879
2072-12-08,0.09518179171627698
2072-12-09,0.06188726837963124
2072-12-10,0.05752776413901156
2072-12-11,0.059133308797129774
2072-12-12,0.06488597461124834
2072-12-13,0.17426274072924008
2072-12-14,1.3812220284846854
2072-12-15,1.037363284785355
2072-12-16,0.07865546526919807
2072-12-17,0.0801789881257538
2072-12-18,0.2725162686127236
2072-12-19,0.0695837972654543
2072-12-20,0.07814399802323224
2072-12-21,0.2376508469132748
2072-12-22,1.3401414202700506
2072-12-23,0.6195954749896362
2072-12-24,0.8559546645780501
2072-12-25,5.4228688057927315
2072-12-26,8.330950255191887
2072-12-27,6.2309541855769135
2072-12-28,0.3062872133332091
2072-12-29,0.842003359701947
2072-12-30,25.55227291457132
2072-12-31,18.844635355637358
2073-01-01,2.5853509601321303
2073-01-02,0.9926256590020828
2073-01-03,1.9848018810499688
2073-01-04,6.715932201223575
2073-01-05,2.4065532984939177
2073-01-06,1.0465373525488617
2073-01-07,1.0867918074970842
2073-01-08,1.083473421388174
2073-01-09,1.043813494311647
2073-01-10,1.0570293402654356
2073-01-11,1.0179242995458644
2073-01-12,0.98513913635479
2073-01-13,0.9567358598612709
2073-01-14,0.9252112732069476
2073-01-15,1.301679542603114
2073-01-16,1.1932704123880666
2073-01-17,1.9992154021584423
2073-01-18,2.7233751045387145
2073-01-19,11.076649104638825
2073-01-20,5.358817920002958
2073-01-21,8.37048595922651
2073-01-22,2.5254237765016514
2073-01-23,2.0170598206763035
2073-01-24,2.1837106482968105
2073-01-25,1.8640086174988328
2073-01-26,1.894321279217802
2073-01-27,1.6833769386877442
2073-01-28,1.6454050832613776
2073-01-29,1.6021866479498583
2073-01-30,1.548637203176784
2073-01-31,1.4722754918798824
2073-02-01,1.136419639746918
2073-02-02,1.0535251951630773
2073-02-03,0.9700725182287996
2073-02-04,0.896611715155702
2073-02-05,0.8741143747500653
2073-02-06,0.8181269047788425
2073-02-07,0.8964000640386866
2073-02-08,1.0037018506680115
2073-02-09,0.8246224140695073
2073-02-10,0.8004614775512631
2073-02-11,0.7812871469480339
2073-02-12,0.7309572125672474
2073-02-13,0.7185529958309297
2073-02-14,0.7749315452186978
2073-02-15,0.6692317048338763
2073-02-16,0.6484469500065951
2073-02-17,0.6587916103829267
2073-02-18,0.7338761200334184
2073-02-19,0.7867355053242606
2073-02-20,0.7568676352299718
2073-02-21,0.7476484046977432
2073-02-22,0.8059647727331505
2073-02-23,0.8411339282851918
2073-02-24,0.8996872083744932
2073-02-25,0.8770977585168539
2073-02-26,0.9343082980528618
2073-02-27,0.981933558563638
2073-02-28,1.3163894519050916
2073-03-01,1.2642691800319776
2073-03-02,1.1996826224261499
2073-03-03,1.1790825834428698
2073-03-04,1.1367378870187363
2073-03-05,1.0886278457195713
2073-03-06,1.0368335422997828
2073-03-07,1.0082849529068352
2073-03-08,0.9236812728728159
2073-03-09,0.8693875101210625
2073-03-10,0.8206460208192643
2073-03-11,0.7746744141905416
2073-03-12,0.7318029341049501
2073-03-13,0.6946937552067175
2073-03-14,0.6677661886917138
2073-03-15,0.6339530368138622
2073-03-16,0.6461542904100673
2073-03-17,0.6569252123424961
2073-03-18,0.8116377397396436
2073-03-19,1.3986208529851942
2073-03-20,1.2475640222331092
2073-03-21,1.1600232705323683
2073-03-22,1.4575152794758446
2073-03-23,2.2018949320685066
2073-03-24,3.1902947608611263
2073-03-25,4.383103413121609
2073-03-26,5.451526004911993
2073-03-27,6.416917928334012
2073-03-28,6.815705344306399
2073-03-29,8.306376278087411
2073-03-30,8.932082537377699
2073-03-31,10.162495696956627
2073-04-01,3.62559248454984
2073-04-02,3.97136019825674
2073-04-03,4.145299972900548
2073-04-04,5.32034933444212
2073-04-05,8.48187880949117
2073-04-06,8.126213414256094
2073-04-07,3.1405129289193257
2073-04-08,5.179784579740923
2073-04-09,10.915189009032387
2073-04-10,13.271696527329388
2073-04-11,18.135229782565386
2073-04-12,15.692811620596562
2073-04-13,14.413847016943611
2073-04-14,12.036994182701855
2073-04-15,10.840716202730343
2073-04-16,10.27580956657102
2073-04-17,4.414021477305921
2073-04-18,4.864378430743622
2073-04-19,5.25610752499851
2073-04-20,5.06142561082941
2073-04-21,4.626687960051014
2073-04-22,5.046254105334336
2073-04-23,5.527703677868344
2073-04-24,9.395643510699204
2073-04-25,15.216926835758288
2073-04-26,15.956670286859529
2073-04-27,17.6216963516837
2073-04-28,22.496685939432727
2073-04-29,30.16163807267334
2073-04-30,40.20533298275475
2073-05-01,35.43420037174114
2073-05-02,41.233338020226725
2073-05-03,42.316023870601214
2073-05-04,35.133273948420864
2073-05-05,10.452745796686415
2073-05-06,8.209117902690789
2073-05-07,7.811136303448442
2073-05-08,7.842452266386435
2073-05-09,8.877176708115254
2073-05-10,10.249081737390464
2073-05-11,14.845829647866598
2073-05-12,19.62671430552149
2073-05-13,16.869235230803433
2073-05-14,10.99095310081941
2073-05-15,16.948731328456983
2073-05-16,24.17299479574563
2073-05-17,18.8993342723432
2073-05-18,23.194471144637237
2073-05-19,27.156524079508014
2073-05-20,28.512437168808727
2073-05-21,27.739887080476898
2073-05-22,16.242443129263044
2073-05-23,18.871451803753867
2073-05-24,8.993351894742661
2073-05-25,9.144073228572433
2073-05-26,9.296347997129931
2073-05-27,10.11879299668274
2073-05-28,12.3106984783901
2073-05-29,17.035040540468824
2073-05-30,21.70411319688616
2073-05-31,27.08064796960846
2073-06-01,35.01654247146278
2073-06-02,41.47688366470944
2073-06-03,42.806149331902425
2073-06-04,43.548102175015366
2073-06-05,45.28750048749302
2073-06-06,38.677868976896704
2073-06-07,28.42976963684595
2073-06-08,27.66370787851559
2073-06-09,29.333077075381713
2073-06-10,30.86153250163301
2073-06-11,29.66631404284155
2073-06-12,24.145825030080623
2073-06-13,21.26536122399753
2073-06-14,21.10292005106333
2073-06-15,22.637612129232878
2073-06-16,21.874320447851204
2073-06-17,20.215207337999846
2073-06-18,17.180073337739678
2073-06-19,15.027779757133064
2073-06-20,12.415003966832602
2073-06-21,10.470086479885564
2073-06-22,9.466334065223194
2073-06-23,8.582904370393909
2073-06-24,7.1033270177247365
2073-06-25,5.398896872317053
2073-06-26,5.786599711869648
2073-06-27,5.293369603306897
2073-06-28,4.8639623449991065
2073-06-29,4.516749499852253
2073-06-30,3.765468631838875
2073-07-01,8.449995380674551
2073-07-02,7.795659632139361
2073-07-03,6.901749770084767
2073-07-04,6.904948084352975
2073-07-05,7.0484050004332905
2073-07-06,6.961653131104881
2073-07-07,6.1337173460344285
2073-07-08,5.636029498481367
2073-07-09,5.256058684364618
2073-07-10,5.203182666194934
2073-07-11,4.686422234857279
2073-07-12,4.127901047747979
2073-07-13,3.855745261935628
2073-07-14,4.168830715807737
2073-07-15,4.394282320801051
2073-07-16,3.7721315751945546
2073-07-17,3.413363969426188
2073-07-18,3.0817283849165062
2073-07-19,2.933467803986348
2073-07-20,2.8452208801630348
2073-07-21,2.663883374741808
2073-07-22,2.5110273575657778
2073-07-23,2.3824216355403656
2073-07-24,2.3225769762922597
2073-07-25,1.9780099189692284
2073-07-26,2.036847358253621
2073-07-27,1.7876311277698915
2073-07-28,1.7951334482692658
2073-07-29,1.6552611642372652
2073-07-30,1.4735666515477277
2073-07-31,1.235894482645183
2073-08-01,1.5001946703921432
2073-08-02,1.4386778615437716
2073-08-03,1.2774390798096578
2073-08-04,1.1750020854773011
2073-08-05,0.9954306265163414
2073-08-06,0.7674590732796827
2073-08-07,0.7531915329597266
2073-08-08,0.6964966391863587
2073-08-09,0.6704028881230351
2073-08-10,0.5587086203779963
2073-08-11,0.4592540213702016
2073-08-12,0.4507224434973798
2073-08-13,0.3736779027064071
2073-08-14,0.526093624987791
2073-08-15,0.3148665222319655
2073-08-16,0.33504233785351195
2073-08-17,0.4435269215149208
2073-08-18,0.3086676908919544
2073-08-19,0.2381616418792939
2073-08-20,0.3407237465745799
2073-08-21,0.2110186634604106
2073-08-22,0.2574635887243949
2073-08-23,0.19072955484364149
2073-08-24,0.17914389670264175
2073-08-25,0.17044030900025794
2073-08-26,0.16312878863059507
2073-08-27,0.15660659982644495
2073-08-28,0.1506362275037235
2073-08-29,0.14552410614669534
2073-08-30,0.23785872289237525
2073-08-31,0.17085500709232926
2073-09-01,0.06243791503431016
2073-09-02,0.06105169446183638
2073-09-03,0.0600115433278985
2073-09-04,0.0590857395490057
2073-09-05,0.058274311147826025
2073-09-06,0.057582876765819524
2073-09-07,0.2522720463004912
2073-09-08,0.2285567838699889
2073-09-09,0.32599092281563385
2073-09-10,0.21611674060403385
2073-09-11,0.05674543436797973
2073-09-12,0.05627849352140982
2073-09-13,0.05599269804123446
2073-09-14,0.055803137186928586
2073-09-15,0.05563888841975392
2073-09-16,0.0571148628283177
2073-09-17,0.05527735208626205
2073-09-18,0.06288176407782077
2073-09-19,0.5737154973018875
2073-09-20,0.06871038490937321
2073-09-21,0.059139779631935015
2073-09-22,0.056420831002358125
2073-09-23,0.05465763379392593
2073-09-24,0.054471886686085776
2073-09-25,0.054952645707401014
2073-09-26,0.05401816751390474
2073-09-27,0.053804998888507496
2073-09-28,0.05574981261725191
2073-09-29,0.054212121808674144
2073-09-30,0.0533857899881544
2073-10-01,0.09044312212831104
2073-10-02,0.08919280089114827
2073-10-03,0.08897305880132292
2073-10-04,0.08920447073831406
2073-10-05,0.11537155371583326
2073-10-06,0.12369506923066954
2073-10-07,0.09975418052063616
2073-10-08,0.08834088145716892
2073-10-09,0.09046408808035496
2073-10-10,0.08805277935211595
2073-10-11,0.08783854436249251
2073-10-12,0.08761188868699825
2073-10-13,0.08738784498617051
2073-10-14,0.08716574244868387
2073-10-15,0.08696107692308938
2073-10-16,0.08679897941374712
2073-10-17,0.08667534067907155
2073-10-18,0.08662529669044465
2073-10-19,0.08648900364095627
2073-10-20,0.08638903230189643
2073-10-21,0.0862620687796401
2073-10-22,0.09156539973696884
2073-10-23,0.08605370238428861
2073-10-24,0.1957845679874675
2073-10-25,0.0913574494351005
2073-10-26,0.08781226905133557
2073-10-27,0.08712955646795577
2073-10-28,0.09026826416516706
2073-10-29,0.09293222932389676
2073-10-30,0.0861131017545031
2073-10-31,0.08581993667910294
2073-11-01,0.060116681700874086
2073-11-02,0.05741202644817627
2073-11-03,0.0584525119247986
2073-11-04,0.16300063897171632
2073-11-05,0.07543100749906974
2073-11-06,0.10501017065876447
2073-11-07,0.21087725977574728
2073-11-08,0.35437132753925904
2073-11-09,0.1991440667844691
2073-11-10,0.111598917335604
2073-11-11,0.14938820893094146
2073-11-12,0.0650738267232079
2073-11-13,0.36999569972402985
2073-11-14,0.15745557744012215
2073-11-15,0.1736793813657145
2073-11-16,0.3006311866815024
2073-11-17,0.2351151283330964
2073-11-18,0.1724868709045514
2073-11-19,0.3492860826881474
2073-11-20,0.06542740492464093
2073-11-21,0.07581541098718736
2073-11-22,0.18598316315181845
2073-11-23,0.1673892767757485
2073-11-24,0.18345357262514705
2073-11-25,0.06284822766168496
2073-11-26,0.09262258695592472
2073-11-27,0.18804259123627426
2073-11-28,0.0966332280957028
2073-11-29,0.13508146240319838
2073-11-30,0.19576774555519133
2073-12-01,0.1391618880145316
2073-12-02,0.07878823560172438
2073-12-03,0.0719460147773272
2073-12-04,0.07098288867652101
2073-12-05,0.072431506627759
2073-12-06,0.07111036457643917
2073-12-07,0.1095929469292208
2073-12-08,0.16005253795118785
2073-12-09,0.11570440845008792
2073-12-10,0.1240343595157159
2073-12-11,0.15472039113394906
2073-12-12,0.1457450146934142
2073-12-13,0.1139950337138974
2073-12-14,0.08452940026786222
2073-12-15,0.08818278040944548
2073-12-16,0.1095748903736862
2073-12-17,0.11547908091886434
2073-12-18,0.11311119778273432
2073-12-19,0.08549351453553633
2073-12-20,0.07362474684125178
2073-12-21,0.08271503230832193
2073-12-22,0.07803107073313284
2073-12-23,0.08545092881882052
2073-12-24,0.07413285091350277
2073-12-25,0.21189185887664935
2073-12-26,0.10031731048889424
2073-12-27,0.10664811560213712
2073-12-28,0.10643673368359728
2073-12-29,0.06932990895843125
2073-12-30,0.06241840861595314
2073-12-31,0.0624683512750631
2074-01-01,0.03890636420672704
2074-01-02,0.04929364720982342
2074-01-03,0.05934534473780662
2074-01-04,0.06115467904187762
2074-01-05,0.06618831059206716
2074-01-06,0.11625952290120865
2074-01-07,0.04921770919735522
2074-01-08,0.08382982403331969
2074-01-09,0.0863382996402282
2074-01-10,0.04049661499174369
2074-01-11,0.039497400090082256
2074-01-12,0.039542485782682484
2074-01-13,0.04261265220694418
2074-01-14,0.06463501611240295
2074-01-15,0.046636468649151185
2074-01-16,0.04762520300624086
2074-01-17,0.04359839864645828
2074-01-18,0.04375346135535956
2074-01-19,0.045353941530013014
2074-01-20,0.05868005522995335
2074-01-21,0.06974480241185596
2074-01-22,0.0908795462597908
2074-01-23,0.12534196199299835
2074-01-24,0.35405385225464336
2074-01-25,0.18583818153135695
2074-01-26,0.4459282168927303
2074-01-27,0.8153731483052156
2074-01-28,1.2662625477416314
2074-01-29,0.985288791304656
2074-01-30,2.406261379030289
2074-01-31,0.5573135412284754
2074-02-01,0.3658570792367731
2074-02-02,2.0362203451830503
2074-02-03,6.978447619972643
2074-02-04,2.2401190029812805
2074-02-05,7.439566699279448
2074-02-06,0.9685014834787518
2074-02-07,0.6311033160005696
2074-02-08,0.7849486284707139
2074-02-09,0.7798809502909003
2074-02-10,1.5804524908492936
2074-02-11,0.8525169963871514
2074-02-12,0.6861030643585889
2074-02-13,0.6957535805939886
2074-02-14,0.7111267994015981
2074-02-15,0.6651595430613934
2074-02-16,0.6567622448511411
2074-02-17,0.6953782359858397
2074-02-18,0.7431096396139442
2074-02-19,0.8509823904292835
2074-02-20,0.7666108992851329
2074-02-21,1.050014572200242
2074-02-22,0.836753521477622
2074-02-23,0.8060820183841819
2074-02-24,1.0563829394315616
2074-02-25,1.233046695311505
2074-02-26,1.1823304368184158
2074-02-27,1.0567639765799568
2074-02-28,1.2342346743549946
2074-03-01,2.057647198665024
2074-03-02,2.1076496797644197
2074-03-03,1.216658979105794
2074-03-04,1.2096794161032336
2074-03-05,1.2230148661756621
2074-03-06,1.2831376558259924
2074-03-07,1.1435262578707597
2074-03-08,1.0681924193269658
2074-03-09,1.0208762286266997
2074-03-10,0.9666545665352716
2074-03-11,0.9122694047515584
2074-03-12,0.8598385733985228
2074-03-13,0.8248808042537492
2074-03-14,0.7716989338818729
2074-03-15,0.7299835367398027
2074-03-16,0.7138919645128304
2074-03-17,0.7074029612897679
2074-03-18,0.7017115923059369
2074-03-19,0.6482781936374974
2074-03-20,0.7148494099341678
2074-03-21,0.7229629288467718
2074-03-22,0.7100967629425966
2074-03-23,0.7036202479950027
2074-03-24,0.9276044864633196
2074-03-25,1.4846790210058165
2074-03-26,2.4729511799360995
2074-03-27,3.1647311204205426
2074-03-28,3.730773214529017
2074-03-29,3.5232096953004883
2074-03-30,1.7698791184372455
2074-03-31,1.8907731683780344
2074-04-01,1.6287354811626855
2074-04-02,2.086270720124213
2074-04-03,2.443533031335583
2074-04-04,3.202192806836524
2074-04-05,4.580803616022044
2074-04-06,5.303814454393773
2074-04-07,3.2988567561031097
2074-04-08,2.397014576125508
2074-04-09,2.1913377322991185
2074-04-10,3.5187115552010733
2074-04-11,3.096790089902643
2074-04-12,2.80631966174574
2074-04-13,2.5549783335265914
2074-04-14,2.456254606986331
2074-04-15,2.3875934095194165
2074-04-16,2.6117511866452
2074-04-17,3.7111363217847937
2074-04-18,4.19864611702149
2074-04-19,3.1916889808851403
2074-04-20,2.470267057358494
2074-04-21,2.8943488598512146
2074-04-22,3.168536886277914
2074-04-23,2.0770832599981808
2074-04-24,2.153594140552783
2074-04-25,3.0241099533131166
2074-04-26,3.81249642492701
2074-04-27,2.1877824652010296
2074-04-28,2.1995592360114933
2074-04-29,2.0515855825022804
2074-04-30,1.9990369707850049
2074-05-01,1.925713289402588
2074-05-02,2.5773663349361153
2074-05-03,1.8439695576178847
2074-05-04,1.8026569577012344
2074-05-05,2.711978386497176
2074-05-06,3.914366775371223
2074-05-07,6.212015837812397
2074-05-08,11.91779731533099
2074-05-09,20.08472043378407
2074-05-10,21.16966301380023
2074-05-11,27.406532554150896
2074-05-12,21.144286298264085
2074-05-13,13.306098196864571
2074-05-14,10.325457358231883
2074-05-15,15.093873246006924
2074-05-16,21.48695095682618
2074-05-17,19.808598687874074
2074-05-18,21.652259739733644
2074-05-19,28.220012373642227
2074-05-20,36.80566429756605
2074-05-21,39.73004235828992
2074-05-22,39.981884662152844
2074-05-23,33.33352780703975
2074-05-24,29.472150090209183
2074-05-25,18.62076041533486
2074-05-26,17.75126586075097
2074-05-27,18.029587245231976
2074-05-28,22.15310534378018
2074-05-29,26.66713164629576
2074-05-30,25.233587442585076
2074-05-31,22.104126136982302
2074-06-01,22.505986354369426
2074-06-02,19.336600566235816
2074-06-03,16.863544394455882
2074-06-04,15.283603642023392
2074-06-05,14.468185605388866
2074-06-06,11.38548560556341
2074-06-07,9.025217968216753
2074-06-08,7.889141430953169
2074-06-09,6.992306653022037
2074-06-10,6.145254032578642
2074-06-11,5.055132857533295
2074-06-12,4.615891673549374
2074-06-13,4.0300824963974895
2074-06-14,3.6839675557011056
2074-06-15,2.9469115214045263
2074-06-16,3.0537059960722086
2074-06-17,2.9808242643782394
2074-06-18,2.9918124085591007
2074-06-19,2.5452728671643947
2074-06-20,2.075150229124936
2074-06-21,2.0454718924457858
2074-06-22,2.1417098299839736
2074-06-23,2.084310660254014
2074-06-24,2.009149615442264
2074-06-25,1.85019802797956
2074-06-26,1.4809249593400262
2074-06-27,1.2309959910221508
2074-06-28,1.2068598918294433
2074-06-29,1.2273291606842784
2074-06-30,1.233415891745522
2074-07-01,2.794655970942008
2074-07-02,2.1603103265172328
2074-07-03,1.9157763471946816
2074-07-04,1.6995937076498882
2074-07-05,1.4714115096147868
2074-07-06,1.3582820259366075
2074-07-07,1.195250477989654
2074-07-08,1.0400387394211317
2074-07-09,1.0588862262124799
2074-07-10,0.6771782231495427
2074-07-11,0.6081774707475109
2074-07-12,0.5468824880606402
2074-07-13,0.4922340693232985
2074-07-14,0.4356611124241669
2074-07-15,0.3779369134933648
2074-07-16,0.34327628341607
2074-07-17,0.2892349568541422
2074-07-18,0.3094692073033787
2074-07-19,0.2321795975229009
2074-07-20,0.2258434101803011
2074-07-21,0.1952937941421355
2074-07-22,0.2395171863908306
2074-07-23,0.1686293340052853
2074-07-24,0.15824094957211854
2074-07-25,0.14879807230157854
2074-07-26,0.14083574242489574
2074-07-27,0.1366670272265286
2074-07-28,0.12865064538198934
2074-07-29,0.12356411190176708
2074-07-30,0.11912855768147003
2074-07-31,0.11541978245715437
2074-08-01,0.14512824495485252
2074-08-02,0.14195417943091135
2074-08-03,0.1393778832634734
2074-08-04,0.13765489184763993
2074-08-05,0.13543899722721248
2074-08-06,0.13324712195427926
2074-08-07,0.131370633654931
2074-08-08,0.12964706992977007
2074-08-09,0.12806179116726848
2074-08-10,0.12657052028359989
2074-08-11,0.125146189218761
2074-08-12,0.12377837807697975
2074-08-13,0.12253538932732108
2074-08-14,0.1214191780066731
2074-08-15,0.12041168068779552
2074-08-16,0.11950140985398
2074-08-17,0.11861813309515055
2074-08-18,0.11775145494228136
2074-08-19,0.1169409102416254
2074-08-20,0.1161811134584548
2074-08-21,0.183396206144048
2074-08-22,0.1148862349653984
2074-08-23,0.11678873236702762
2074-08-24,0.12194739455581932
2074-08-25,0.11339417014573278
2074-08-26,0.1545519029626734
2074-08-27,0.14595989341241694
2074-08-28,0.1482792525043966
2074-08-29,0.11507559973646544
2074-08-30,0.11110061353701167
2074-08-31,0.11064401367443974
2074-09-01,0.05053952702140623
2074-09-02,0.05038187587187391
2074-09-03,0.06212418322249232
2074-09-04,0.05474512653690045
2074-09-05,0.05003689812864296
2074-09-06,0.049918309350178894
2074-09-07,0.04980111563998575
2074-09-08,0.04968478862996075
2074-09-09,0.04956608784390898
2074-09-10,0.04944901088275809
2074-09-11,0.04933431228641872
2074-09-12,0.049218716834047035
2074-09-13,0.049103680996382716
2074-09-14,0.04900279154066784
2074-09-15,0.04892542516171459
2074-09-16,0.04891327076523018
2074-09-17,0.049601999342150906
2074-09-18,0.048780054478717055
2074-09-19,0.05011909736255068
2074-09-20,0.04868741927511969
2074-09-21,0.04863229072437061
2074-09-22,0.048576361811237166
2074-09-23,0.04852189292865794
2074-09-24,0.048467061994664384
2074-09-25,0.04841414257416413
2074-09-26,0.048364755979672186
2074-09-27,0.04831719910376107
2074-09-28,0.0482720311890363
2074-09-29,0.048229239897201175
2074-09-30,0.0481865132970951
2074-10-01,0.08668437166336551
2074-10-02,0.08069999813625718
2074-10-03,0.08869905265903516
2074-10-04,0.08636507589182753
2074-10-05,0.08266594391176406
2074-10-06,0.08054454822252832
2074-10-07,0.08050917661882975
2074-10-08,0.080471237012045
2074-10-09,0.08178586096023598
2074-10-10,0.08040711978251454
2074-10-11,0.08037826829520506
2074-10-12,0.0803462581530369
2074-10-13,0.0803099389069133
2074-10-14,0.08027184256606419
2074-10-15,0.08023487551989386
2074-10-16,0.08019994880475985
2074-10-17,0.0801673964286383
2074-10-18,0.08013541266727572
2074-10-19,0.08010567807992096
2074-10-20,0.08007899032826514
2074-10-21,0.08005213073871065
2074-10-22,0.08002431322905695
2074-10-23,0.07999744122150643
2074-10-24,0.0799728834806171
2074-10-25,0.07995006382840202
2074-10-26,0.07992712685670854
2074-10-27,0.07990320013739981
2074-10-28,0.07987952786676704
2074-10-29,0.07985620402784023
2074-10-30,0.07983246439081704
2074-10-31,0.07980920378172655
2074-11-01,0.05725394410698534
2074-11-02,0.05514427281400655
2074-11-03,0.05338656382129246
2074-11-04,0.05451573665907868
2074-11-05,0.0961706422964618
2074-11-06,0.05652056699742367
2074-11-07,0.06121961511101561
2074-11-08,0.05470381889801303
2074-11-09,0.06275165845383865
2074-11-10,0.05794013309047421
2074-11-11,0.053492010931727056
2074-11-12,0.6702180068954987
2074-11-13,2.908178824621748
2074-11-14,4.070378496109147
2074-11-15,1.8955737592427464
2074-11-16,0.3756425171693847
2074-11-17,0.23674020126867595
2074-11-18,0.2810889162253109
2074-11-19,0.15792037537769713
2074-11-20,0.17412496749287626
2074-11-21,0.13201335524335106
2074-11-22,0.10102253022619864
2074-11-23,0.07002650259378916
2074-11-24,0.08747209694559284
2074-11-25,0.07244780545137061
2074-11-26,0.06390955605279289
2074-11-27,0.39844319985876187
2074-11-28,0.1426387567446472
2074-11-29,0.08096145454325135
2074-11-30,0.18804454182836786
2074-12-01,0.10253177872280783
2074-12-02,0.07237925825270734
2074-12-03,0.0699905342223669
2074-12-04,0.10407394854763836
2074-12-05,0.11762878893472745
2074-12-06,0.08127503577504208
2074-12-07,0.07217140716380895
2074-12-08,0.07382323470474288
2074-12-09,0.0766341589613396
2074-12-10,0.09345111135606232
2074-12-11,0.07558032557238085
2074-12-12,0.08708033249159675
2074-12-13,0.0708939770812867
2074-12-14,0.07189026683211885
2074-12-15,0.07111319428083017
2074-12-16,0.0712122922690714
2074-12-17,0.07534689320315091
2074-12-18,0.1801454157879045
2074-12-19,0.09353609904094272
2074-12-20,0.07164627559922802
2074-12-21,0.07175455880090713
2074-12-22,0.0948576283605046
2074-12-23,0.12420938285158148
2074-12-24,0.07481122794033247
2074-12-25,0.07215287166599832
2074-12-26,0.07223894432721653
2074-12-27,0.07231497268293234
2074-12-28,0.07238411123570508
2074-12-29,0.07260717322476865
2074-12-30,0.07536086599124825
2074-12-31,0.07256450218102542
2075-01-01,0.045192684394355684
2075-01-02,0.04571943592816048
2075-01-03,0.04912460743462019
2075-01-04,0.04966315189426671
2075-01-05,0.05065662905228584
2075-01-06,0.046361282993944035
2075-01-07,0.04584506377988575
2075-01-08,0.04585625483059615
2075-01-09,0.04729117425674599
2075-01-10,0.046642108476135806
2075-01-11,0.048928347277628265
2075-01-12,0.051959240688314624
2075-01-13,0.05406794299309831
2075-01-14,0.05012798335436607
2075-01-15,0.05322231513701133
2075-01-16,0.05269686285074189
2075-01-17,0.05942311793615114
2075-01-18,0.054949501159625
2075-01-19,0.06961697579212169
2075-01-20,0.06399776598916006
2075-01-21,0.05966289985705967
2075-01-22,0.06503773035740011
2075-01-23,0.12263029318126915
2075-01-24,0.09287738392849257
2075-01-25,0.08735385887848598
2075-01-26,0.1132170685675874
2075-01-27,0.2511119593218269
2075-01-28,0.3627565787970661
2075-01-29,0.5290776647551589
2075-01-30,0.5682080470834033
2075-01-31,0.3688314568504912
2075-02-01,0.11011184195650099
2075-02-02,0.09357496821309083
2075-02-03,0.12121347159119203
2075-02-04,0.1859860656095723
2075-02-05,0.11445817715292354
2075-02-06,0.11976127998979047
2075-02-07,0.1965776875643779
2075-02-08,0.1478201436029759
2075-02-09,0.1366590730053096
2075-02-10,0.1358167868365873
2075-02-11,0.1320346493564613
2075-02-12,0.12716394309784598
2075-02-13,0.12474947099164035
2075-02-14,0.14581867861902095
2075-02-15,0.1552294827800401
2075-02-16,0.20004531957037325
2075-02-17,0.2368000919985074
2075-02-18,0.18503889558442302
2075-02-19,0.2487202567552356
2075-02-20,0.23202681536942385
2075-02-21,0.19249040708906226
2075-02-22,0.20088870965213246
2075-02-23,0.2345493221093926
2075-02-24,0.2829165498657628
2075-02-25,0.3880903762262463
2075-02-26,0.5021139351660595
2075-02-27,0.3031751171677444
2075-02-28,0.2887415125387249
2075-03-01,0.4043626245365067
2075-03-02,0.3989643795626703
2075-03-03,0.40961826847498783
2075-03-04,0.4137263373593313
2075-03-05,0.4587045009581854
2075-03-06,0.5386017670196098
2075-03-07,0.6062986849537619
2075-03-08,0.7969270405056049
2075-03-09,1.0687599706072464
2075-03-10,1.666119791767637
2075-03-11,1.605947729138669
2075-03-12,1.324298423639137
2075-03-13,1.7604449008486531
2075-03-14,1.2523048354559403
2075-03-15,2.0599361920191397
2075-03-16,0.7608746515046755
2075-03-17,0.9143053054638912
2075-03-18,1.2120712983819737
2075-03-19,2.536239096525013
2075-03-20,3.7720730026607217
2075-03-21,4.172796325187507
2075-03-22,3.029125207490712
2075-03-23,2.0535873298894605
2075-03-24,1.4648310213454832
2075-03-25,1.4622247171423872
2075-03-26,1.3055392418215046
2075-03-27,1.3110976197566957
2075-03-28,1.1974727062538668
2075-03-29,1.145818551552146
2075-03-30,1.1135417774670633
2075-03-31,1.2443339140034109
2075-04-01,0.9857260419347028
2075-04-02,1.0999411490441724
2075-04-03,1.0996711703624131
2075-04-04,1.5120679703540834
2075-04-05,1.9694717653587497
2075-04-06,3.220887714067235
2075-04-07,2.381806625984816
2075-04-08,1.7289249656806136
2075-04-09,2.5237207180767998
2075-04-10,4.198914948577748
2075-04-11,8.595078699710214
2075-04-12,8.897028482094711
2075-04-13,8.842073710240197
2075-04-14,9.114561853559108
2075-04-15,14.278158742104607
2075-04-16,22.143334743124235
2075-04-17,22.38736754086863
2075-04-18,27.89378864331345
2075-04-19,27.07522322145218
2075-04-20,26.948769690440017
2075-04-21,29.12522641699585
2075-04-22,7.597183271364808
2075-04-23,9.854694388507939
2075-04-24,10.403220541237
2075-04-25,11.464977394920357
2075-04-26,14.607021611017725
2075-04-27,17.66286419736678
2075-04-28,20.080077368626892
2075-04-29,13.063426235405338
2075-04-30,14.872225129452493
2075-05-01,17.479859496409357
2075-05-02,21.529432975054608
2075-05-03,25.506570617944412
2075-05-04,25.44734977535561
2075-05-05,20.533690075874745
2075-05-06,12.605389188585582
2075-05-07,10.609649256791952
2075-05-08,14.007691284171093
2075-05-09,15.44384236577515
2075-05-10,9.58320415945224
2075-05-11,8.372150912819261
2075-05-12,7.706835871558224
2075-05-13,6.941807187462372
2075-05-14,8.083053123855544
2075-05-15,10.269389785966762
2075-05-16,9.251239262254504
2075-05-17,7.7210149891669575
2075-05-18,7.0581247123151405
2075-05-19,6.251576374172126
2075-05-20,6.230428444652028
2075-05-21,5.6500552536498905
2075-05-22,5.517196729801984
2075-05-23,5.6440607007277235
2075-05-24,6.5185914613872935
2075-05-25,6.322286126514139
2075-05-26,5.524287817928164
2075-05-27,4.321596937386094
2075-05-28,3.914170759543599
2075-05-29,3.820511287221368
2075-05-30,3.625871544303002
2075-05-31,3.4417464375211115
2075-06-01,3.5493300014172076
2075-06-02,3.3718188856145765
2075-06-03,3.0246461982686164
2075-06-04,2.8990801710169136
2075-06-05,3.0997023957797416
2075-06-06,3.1636699645702357
2075-06-07,2.72322017100294
2075-06-08,2.82061310666887
2075-06-09,3.435078905054565
2075-06-10,4.591097748212426
2075-06-11,5.746297280223839
2075-06-12,4.39542666210422
2075-06-13,3.473747310841341
2075-06-14,3.3928171191065406
2075-06-15,2.133098589274831
2075-06-16,2.095712094171177
2075-06-17,2.0114638092993773
2075-06-18,1.9230832550667367
2075-06-19,1.970158558760652
2075-06-20,2.0373640156858377
2075-06-21,2.0997380918350568
2075-06-22,1.8433347745035145
2075-06-23,2.077670390202792
2075-06-24,2.063506106499872
2075-06-25,2.0374851204729274
2075-06-26,1.8648661376414188
2075-06-27,1.8360267979121625
2075-06-28,1.6672398285079095
2075-06-29,1.644829643238022
2075-06-30,1.5536773667432389
2075-07-01,3.2531449541997057
2075-07-02,3.1907988905368616
2075-07-03,2.8170973226424616
2075-07-04,2.931884991688772
2075-07-05,2.2768307569186077
2075-07-06,1.8431946148267384
2075-07-07,1.6215393967005196
2075-07-08,1.4341255513525302
2075-07-09,1.4133051469364832
2075-07-10,1.3153789653134518
2075-07-11,1.2452893279034027
2075-07-12,1.2573199297883693
2075-07-13,1.178579623439811
2075-07-14,0.989915144907485
2075-07-15,0.694985884872881
2075-07-16,0.6989872720691387
2075-07-17,0.5806099815940873
2075-07-18,0.5437118795757515
2075-07-19,0.494785036814773
2075-07-20,0.6028666132217718
2075-07-21,0.4373709515778327
2075-07-22,0.4556785233596498
2075-07-23,0.34558537035043524
2075-07-24,0.3128950688891377
2075-07-25,0.2830833230164664
2075-07-26,0.2560018923014988
2075-07-27,0.2320752156450774
2075-07-28,0.2114168335083916
2075-07-29,0.194319074380674
2075-07-30,0.18064289096669808
2075-07-31,0.1692691262398855
2075-08-01,0.20594261942128428
2075-08-02,0.19558166180690734
2075-08-03,0.1877607609100724
2075-08-04,0.1822465925367509
2075-08-05,0.1774627445189448
2075-08-06,0.17220676071862107
2075-08-07,0.16698138911550836
2075-08-08,0.2213935069545625
2075-08-09,0.16235999066724596
2075-08-10,0.16541281484436154
2075-08-11,0.1532521112788636
2075-08-12,0.15023964889185756
2075-08-13,0.1476383119824963
2075-08-14,0.14550062605573336
2075-08-15,0.14366776070978324
2075-08-16,0.14189933679074698
2075-08-17,0.14008915221255075
2075-08-18,0.1382808116418287
2075-08-19,0.13651180804827187
2075-08-20,0.13479647148663867
2075-08-21,0.13320919483432303
2075-08-22,0.13177399989389416
2075-08-23,0.13039049444862846
2075-08-24,0.12902358304769587
2075-08-25,0.12772364877331344
2075-08-26,0.14091129255353874
2075-08-27,0.12542260308856906
2075-08-28,0.12429084270059712
2075-08-29,0.12325007964323495
2075-08-30,0.12232406564313035
2075-08-31,0.12152153465925092
2075-09-01,0.0598102227563095
2075-09-02,0.05588373759846808
2075-09-03,0.05495495238937186
2075-09-04,0.05463377352625694
2075-09-05,0.058070700879570815
2075-09-06,0.0538987594001275
2075-09-07,0.05353862416877826
2075-09-08,0.05320675950801624
2075-09-09,0.05290076309650205
2075-09-10,0.1407279846833565
2075-09-11,0.07566631041161367
2075-09-12,0.25465970778678954
2075-09-13,0.1225987341724696
2075-09-14,0.2818980181040026
2075-09-15,0.07787449216886545
2075-09-16,0.27765416188511804
2075-09-17,0.1352265224889024
2075-09-18,0.08240719586892052
2075-09-19,0.052142207283553337
2075-09-20,0.05196476437183357
2075-09-21,0.05164009024723491
2075-09-22,0.05145175941988582
2075-09-23,0.0526436772498983
2075-09-24,0.05111794893770702
2075-09-25,0.050947623738155284
2075-09-26,0.05078238724970047
2075-09-27,0.19885307827258603
2075-09-28,0.06180773410949095
2075-09-29,0.07475111071498537
2075-09-30,1.04826338831647
2075-10-01,2.241160910490263
2075-10-02,1.527175619156883
2075-10-03,1.3656671448313336
2075-10-04,0.37609568707661456
2075-10-05,0.11501984781535192
2075-10-06,0.08590398613552333
2075-10-07,0.08599279868297828
2075-10-08,0.0862066474235262
2075-10-09,0.08635412397436212
2075-10-10,0.08641120209710257
2075-10-11,0.09266501001578836
2075-10-12,0.08636154063191404
2075-10-13,0.08624043852897997
2075-10-14,0.0861036432127653
2075-10-15,0.08597563592828736
2075-10-16,0.0858319832456653
2075-10-17,0.08566606280666365
2075-10-18,0.08548911787768791
2075-10-19,0.08530483567892795
2075-10-20,0.08514485350053783
2075-10-21,0.08503676155608919
2075-10-22,0.08497579571832872
2075-10-23,0.08491806215250855
2075-10-24,0.08484859514045312
2075-10-25,0.084793797115236
2075-10-26,0.08476304740471279
2075-10-27,0.08473914184697856
2075-10-28,0.08470842859006178
2075-10-29,0.08466944557479902
2075-10-30,0.0846355688308889
2075-10-31,0.08461177925626204
2075-11-01,0.05728745360555591
2075-11-02,0.056615515082047874
2075-11-03,0.06302219765254431
2075-11-04,0.0632892988418212
2075-11-05,0.6028062147865141
2075-11-06,0.204043160051784
2075-11-07,0.2850433759727366
2075-11-08,0.5838404137523366
2075-11-09,0.4629613835167846
2075-11-10,0.17359501902464675
2075-11-11,0.06876834550088833
2075-11-12,0.05801733338600814
2075-11-13,0.06515316185961978
2075-11-14,0.0992721134724428
2075-11-15,0.12010107288631335
2075-11-16,0.6920881522578586
2075-11-17,0.22173405406516972
2075-11-18,0.28947574367897017
2075-11-19,0.3789481476202742
2075-11-20,0.2705787550635558
2075-11-21,0.11487560972711992
2075-11-22,3.601784634152438
2075-11-23,8.727555498394294
2075-11-24,8.251781067582094
2075-11-25,1.810207484652756
2075-11-26,0.8522748260809705
2075-11-27,0.5773543434620482
2075-11-28,0.5892775800601923
2075-11-29,0.7140678997710461
2075-11-30,2.196323577811276
2075-12-01,0.2934897896577667
2075-12-02,0.10247591275524348
2075-12-03,0.12747672198309512
2075-12-04,0.13044940396631916
2075-12-05,0.11055988939126003
2075-12-06,0.15586518832838553
2075-12-07,1.2384982393354655
2075-12-08,0.5528133744368683
2075-12-09,0.1072100509753467
2075-12-10,0.1032260847158497
2075-12-11,0.1035507849479908
2075-12-12,0.10462665311572897
2075-12-13,0.1216698694283782
2075-12-14,0.11061712560453724
2075-12-15,0.11749451695383427
2075-12-16,0.15680636789717986
2075-12-17,0.12718792049475167
2075-12-18,0.10803982862861253
2075-12-19,0.1048102092577394
2075-12-20,0.10847239300184516
2075-12-21,0.10611765791041708
2075-12-22,0.11312872406351425
2075-12-23,0.15500171105929872
2075-12-24,1.8423694693328545
2075-12-25,6.295240921309053
2075-12-26,0.3637792303473946
2075-12-27,0.1414549357470236
2075-12-28,0.15888344171987806
2075-12-29,0.2661680900078948
2075-12-30,0.23615055769364585
2075-12-31,0.21522088885929294
2076-01-01,0.16620010735403376
2076-01-02,0.23474202532633046
2076-01-03,0.18068446084645695
2076-01-04,0.2172953348270868
2076-01-05,0.2594979249154068
2076-01-06,0.18842257923084751
2076-01-07,0.2575177763253768
2076-01-08,0.2639478039987217
2076-01-09,0.2191032660525506
2076-01-10,0.2443770565144785
2076-01-11,0.1846262061809476
2076-01-12,0.2502168432561542
2076-01-13,0.2000428279679612
2076-01-14,0.1998717987979144
2076-01-15,0.19277913776622332
2076-01-16,0.19090924646767976
2076-01-17,0.19346038812040176
2076-01-18,0.1977855283926732
2076-01-19,0.3714788025442719
2076-01-20,0.2648400783462683
2076-01-21,0.2810504477872414
2076-01-22,0.5721259123434699
2076-01-23,0.6762539518263349
2076-01-24,0.6994647234076566
2076-01-25,0.5719680452901974
2076-01-26,0.8398845878546946
2076-01-27,1.0773100858738205
2076-01-28,1.0495241295860016
2076-01-29,0.8731435140032804
2076-01-30,0.7530680866365084
2076-01-31,0.5250983847508771
2076-02-01,0.4535060055267586
2076-02-02,0.4929611626311278
2076-02-03,0.4519840719832661
2076-02-04,0.477242112091453
2076-02-05,0.5086344005066019
2076-02-06,0.5430482129679253
2076-02-07,0.4917638827742596
2076-02-08,0.4933472602786502
2076-02-09,0.45376331240628703
2076-02-10,0.3562493541785865
2076-02-11,0.3569681076773069
2076-02-12,0.5007414434501155
2076-02-13,0.5327550033545851
2076-02-14,1.223055465983715
2076-02-15,2.0973659783270837
2076-02-16,1.9129871434231585
2076-02-17,1.947369879347815
2076-02-18,1.1597560981955397
2076-02-19,0.964363645420848
2076-02-20,0.8779236127251495
2076-02-21,1.0096201848441542
2076-02-22,0.9953070191790078
2076-02-23,1.0306391668517807
2076-02-24,0.8796576331494923
2076-02-25,0.8371652396198185
2076-02-26,0.89041873519584
2076-02-27,1.2340811100764162
2076-02-28,2.06157364860918
2076-02-29,2.5800751176514964
2076-03-01,4.527895113155512
2076-03-02,2.2142747405509033
2076-03-03,1.5220413535632824
2076-03-04,1.4686001230780368
2076-03-05,1.543357442345714
2076-03-06,1.8309470427053083
2076-03-07,2.1150194905162687
2076-03-08,2.242175329008397
2076-03-09,2.10680868138728
2076-03-10,2.125944370662218
2076-03-11,1.333310496478324
2076-03-12,1.7485155984944825
2076-03-13,3.0049321089891805
2076-03-14,1.9757961568939535
2076-03-15,1.388515027547719
2076-03-16,1.413172220157671
2076-03-17,1.5451418144573512
2076-03-18,2.6000894526195166
2076-03-19,2.3615656029653187
2076-03-20,1.8842020060167044
2076-03-21,1.9689134803511161
2076-03-22,2.4735721103773085
2076-03-23,3.4688131433742244
2076-03-24,5.227004741331711
2076-03-25,7.015178723146357
2076-03-26,7.683145944185624
2076-03-27,7.630949252407727
2076-03-28,8.017170591379296
2076-03-29,7.230865603571719
2076-03-30,6.149220532004738
2076-03-31,6.068200330548836
2076-04-01,5.035260786999592
2076-04-02,5.0653127657334345
2076-04-03,4.792831000746788
2076-04-04,4.522190308839666
2076-04-05,4.34483031625065
2076-04-06,4.11105295259738
2076-04-07,4.10758303368952
2076-04-08,3.954595431815505
2076-04-09,3.5999128357410015
2076-04-10,3.389305835331363
2076-04-11,3.2534551885006118
2076-04-12,3.3293328163757603
2076-04-13,3.4851883454387367
2076-04-14,3.986330157178698
2076-04-15,4.958582012789759
2076-04-16,6.599212459706086
2076-04-17,8.17980395665986
2076-04-18,10.08185302263309
2076-04-19,12.338215538412936
2076-04-20,16.533569912521475
2076-04-21,20.12319590064111
2076-04-22,18.981741036164113
2076-04-23,20.306681228475934
2076-04-24,20.60818496487121
2076-04-25,18.208528239036585
2076-04-26,12.147378609326172
2076-04-27,8.616573679729107
2076-04-28,8.138382005077323
2076-04-29,7.38355979983498
2076-04-30,7.259824154778098
2076-05-01,7.028192661889258
2076-05-02,7.8303866157591155
2076-05-03,9.646564630114137
2076-05-04,10.038262722650554
2076-05-05,9.402336900446688
2076-05-06,7.343661638153115
2076-05-07,6.4648427808687305
2076-05-08,6.015283571599684
2076-05-09,5.175596572075008
2076-05-10,5.327167744306316
2076-05-11,5.823613685951715
2076-05-12,5.2360082559788665
2076-05-13,4.784947272181296
2076-05-14,4.732228920299484
2076-05-15,3.84735696149037
2076-05-16,4.3011064855695595
2076-05-17,3.785307852324896
2076-05-18,2.758673868257961
2076-05-19,2.4422946311204585
2076-05-20,2.5556712515899087
2076-05-21,2.486375828850232
2076-05-22,2.3513797667126135
2076-05-23,2.2128871338177234
2076-05-24,2.102224885679885
2076-05-25,1.841597618716708
2076-05-26,1.7429176380118436
2076-05-27,1.5856947722903731
2076-05-28,1.5023945772175908
2076-05-29,1.3956514326850953
2076-05-30,1.2757386896500005
2076-05-31,1.1312218372714216
2076-06-01,1.0197871029262484
2076-06-02,0.8843155735331348
2076-06-03,0.7772997435112892
2076-06-04,0.6771469078863692
2076-06-05,0.5837566235278511
2076-06-06,0.465658527534891
2076-06-07,0.4162209920605196
2076-06-08,0.36777342380781003
2076-06-09,0.3348881673649269
2076-06-10,0.5451400878184158
2076-06-11,0.5171508553411021
2076-06-12,0.5055946585139524
2076-06-13,0.730423482487696
2076-06-14,0.4100060474458675
2076-06-15,0.25386403848983224
2076-06-16,0.2437801915939597
2076-06-17,0.21098431240950785
2076-06-18,0.20608448403628774
2076-06-19,0.18705100062107693
2076-06-20,0.17373596729958604
2076-06-21,0.15131690043779145
2076-06-22,0.1400980247026448
2076-06-23,0.1295068886085416
2076-06-24,0.12016678587199688
2076-06-25,0.11211265143749202
2076-06-26,0.10494671728844736
2076-06-27,0.09844121370878207
2076-06-28,0.10444845830563357
2076-06-29,0.09003552749234728
2076-06-30,0.08413191306546196
2076-07-01,0.21737913765496414
2076-07-02,0.18283672262678288
2076-07-03,0.17624713523187138
2076-07-04,0.1702299236584807
2076-07-05,0.1647097509969193
2076-07-06,0.16775542102397847
2076-07-07,0.16279171223882055
2076-07-08,0.15225111303110642
2076-07-09,0.14860073273956506
2076-07-10,0.15118870978731228
2076-07-11,0.1428453502512705
2076-07-12,0.14077199195329795
2076-07-13,0.17047848979950395
2076-07-14,0.21004708255985466
2076-07-15,0.2110254397649364
2076-07-16,0.2206343873156118
2076-07-17,0.2431358083938802
2076-07-18,0.20864840550981464
2076-07-19,0.1720900449189896
2076-07-20,0.20172971242851204
2076-07-21,0.17591026294408693
2076-07-22,0.20921071189709695
2076-07-23,0.19467707401068945
2076-07-24,0.20658123875799445
2076-07-25,0.1212326696378546
2076-07-26,0.11316291662522307
2076-07-27,0.11119520512950308
2076-07-28,0.10925259364143043
2076-07-29,0.10731480193327393
2076-07-30,0.1244480091451946
2076-07-31,0.10380190887917598
2076-08-01,0.13195341575783193
2076-08-02,0.1300857843210287
2076-08-03,0.1283795675866728
2076-08-04,0.1267748287521431
2076-08-05,0.12526940135053874
2076-08-06,0.14511566848058785
2076-08-07,0.12267386717766166
2076-08-08,0.12156750111696105
2076-08-09,0.5228972174627355
2076-08-10,0.5103289540854772
2076-08-11,0.11974979323121787
2076-08-12,0.118928717848548
2076-08-13,0.11803989506799632
2076-08-14,0.11713709928302064
2076-08-15,0.11629812273209625
2076-08-16,0.11551425635234132
2076-08-17,0.11474976482823053
2076-08-18,0.11403698494444793
2076-08-19,0.11341167361488748
2076-08-20,0.11286634749923405
2076-08-21,0.1123739428621352
2076-08-22,0.11188082328950563
2076-08-23,0.11138369709314852
2076-08-24,0.1109224645106616
2076-08-25,0.11049186230372103
2076-08-26,0.11009244314265867
2076-08-27,0.10972168304246786
2076-08-28,0.10939527466785562
2076-08-29,0.10913205893235553
2076-08-30,0.10893804312208176
2076-08-31,0.10878826164493076
2076-09-01,0.0498100680585992
2076-09-02,0.0497390260006491
2076-09-03,0.049658406827087206
2076-09-04,0.04957568270323374
2076-09-05,0.049502297147260274
2076-09-06,0.04943706666409356
2076-09-07,0.04937108029818765
2076-09-08,0.04930857595007099
2076-09-09,0.04924430310191268
2076-09-10,0.049167437705371984
2076-09-11,0.04908122656947128
2076-09-12,0.048993372146473015
2076-09-13,0.04890802214980988
2076-09-14,0.04882808556559884
2076-09-15,0.13862317871505975
2076-09-16,0.050695492495485286
2076-09-17,0.048702764654722605
2076-09-18,0.04861170173709994
2076-09-19,0.048554962423353616
2076-09-20,0.048496819995702815
2076-09-21,0.048433898508069916
2076-09-22,0.048370202914655984
2076-09-23,0.4563219872741371
2076-09-24,1.117544719581775
2076-09-25,0.5432363746469306
2076-09-26,1.023963773062487
2076-09-27,1.2722896537602857
2076-09-28,0.2717172622308459
2076-09-29,0.0760812296168695
2076-09-30,0.054231003280823385
2076-10-01,0.08253136727602081
2076-10-02,0.08262331151272333
2076-10-03,0.08270975077168764
2076-10-04,0.08275030978060141
2076-10-05,0.08274956018059837
2076-10-06,0.08270641825888927
2076-10-07,0.0826318730178134
2076-10-08,0.08254137594725677
2076-10-09,0.08244377872328927
2076-10-10,0.10591547641803647
2076-10-11,0.0822924017464309
2076-10-12,0.08222867604475538
2076-10-13,0.4729897026436522
2076-10-14,0.08505729866196228
2076-10-15,0.7818294123281164
2076-10-16,0.196643262510576
2076-10-17,0.1507328120603693
2076-10-18,0.12393644700478434
2076-10-19,0.08228479848540056
2076-10-20,0.0821157186471343
2076-10-21,0.08213076182831835
2076-10-22,0.08900314446096373
2076-10-23,0.08268773168616271
2076-10-24,0.0821529266008175
2076-10-25,0.0821455015641539
2076-10-26,0.08214746686433433
2076-10-27,0.08213694229349486
2076-10-28,0.08211061448395537
2076-10-29,0.27338586870660714
2076-10-30,0.12504206661003245
2076-10-31,0.09411155671995647
2076-11-01,0.0608796630446048
2076-11-02,0.05493193794627022
2076-11-03,0.06560643796011385
2076-11-04,0.3775162387338421
2076-11-05,0.4736987656931374
2076-11-06,0.18092904677213906
2076-11-07,0.06779145574122446
2076-11-08,0.10007249656426444
2076-11-09,0.14561111090770387
2076-11-10,0.17766792276314228
2076-11-11,0.24464487218051206
2076-11-12,0.4733605985410844
2076-11-13,0.11594843648754426
2076-11-14,0.06317550398687898
2076-11-15,0.12216294573986332
2076-11-16,0.15673279707878687
2076-11-17,0.0985640535315766
2076-11-18,0.06465936975005103
2076-11-19,0.07857600149383005
2076-11-20,0.16093240819138802
2076-11-21,0.20271679064538567
2076-11-22,0.12838514429173853
2076-11-23,0.09535554624607863
2076-11-24,0.0739136635082734
2076-11-25,0.09500972142583612
2076-11-26,0.07172930004407166
2076-11-27,0.060687323845362726
2076-11-28,0.057644169412933564
2076-11-29,0.0895493741369498
2076-11-30,0.07180462107576746
2076-12-01,0.3394227573058539
2076-12-02,0.1589199917142217
2076-12-03,0.06730470961440085
2076-12-04,0.11274675030923588
2076-12-05,0.1058020531222844
2076-12-06,0.0906508668301707
2076-12-07,0.07693091110311201
2076-12-08,0.1953736114655981
2076-12-09,0.1335135121586686
2076-12-10,0.08720980348296499
2076-12-11,0.09840904966885393
2076-12-12,0.13057663342672138
2076-12-13,0.06875466235481258
2076-12-14,0.06416928685457103
2076-12-15,0.06817236591074588
2076-12-16,1.0293525584214824
2076-12-17,3.4565429890500594
2076-12-18,4.169419679685356
2076-12-19,0.4268614558295906
2076-12-20,0.07920228824805801
2076-12-21,0.40220824628196056
2076-12-22,0.15888739181415582
2076-12-23,0.1794652841364912
2076-12-24,0.13637379315630066
2076-12-25,0.16099750368909765
2076-12-26,0.2850465219318983
2076-12-27,0.4246327498025832
2076-12-28,0.22875117627045397
2076-12-29,0.16279475067548035
2076-12-30,0.20328387526972053
2076-12-31,0.4183875183664976
2077-01-01,0.04862897140276475
2077-01-02,0.04841053125883952
2077-01-03,0.0624327930319951
2077-01-04,0.2909453930149219
2077-01-05,0.4739595955444317
2077-01-06,0.07307834460984268
2077-01-07,0.06745807723034858
2077-01-08,0.05171977440047632
2077-01-09,0.05237847859305985
2077-01-10,0.056601146513123764
2077-01-11,0.07221297413792273
2077-01-12,0.1412153686230434
2077-01-13,0.2238074719652016
2077-01-14,0.2767522232194235
2077-01-15,0.2269149784159375
2077-01-16,0.19287196460568748
2077-01-17,0.5086637643155256
2077-01-18,1.3070141865740996
2077-01-19,0.7700367478667816
2077-01-20,0.3953183621852459
2077-01-21,0.3855049500900675
2077-01-22,0.38647210121902936
2077-01-23,0.3822338557319368
2077-01-24,0.3851550939513687
2077-01-25,0.3775392007482571
2077-01-26,0.3723156613286929
2077-01-27,0.3814353455347417
2077-01-28,0.411660506925812
2077-01-29,0.4225423646148
2077-01-30,0.4395039161794278
2077-01-31,0.43172615390757263
2077-02-01,2.011638535801537
2077-02-02,1.4597892988260797
2077-02-03,3.6943979647744865
2077-02-04,1.1238501295471794
2077-02-05,0.7104356145834501
2077-02-06,0.7091875743330669
2077-02-07,0.7544379633285702
2077-02-08,0.7465708543974019
2077-02-09,0.7176324375204609
2077-02-10,0.6702431802221697
2077-02-11,0.7662480382100499
2077-02-12,0.7323536748209714
2077-02-13,0.6973011871703931
2077-02-14,1.0282452938458992
2077-02-15,3.620647488013053
2077-02-16,1.3797729861036911
2077-02-17,1.114577368212603
2077-02-18,1.1576559137884472
2077-02-19,2.96314012732339
2077-02-20,1.489245888535402
2077-02-21,0.9159396087773779
2077-02-22,0.8113281138131623
2077-02-23,0.9038403519557818
2077-02-24,0.9374668512246864
2077-02-25,0.9336622364373108
2077-02-26,1.1010593378696951
2077-02-27,0.8259871997929756
2077-02-28,1.4277386599232111
2077-03-01,1.3032746786706335
2077-03-02,1.0327059357353572
2077-03-03,0.983147617887578
2077-03-04,1.0195550227015922
2077-03-05,0.9329640335858796
2077-03-06,0.8875273515738135
2077-03-07,0.8283650310854671
2077-03-08,0.7962872791724269
2077-03-09,0.7944506739004262
2077-03-10,0.7624054256675087
2077-03-11,0.6892142995167034
2077-03-12,0.6574491181079622
2077-03-13,0.6727688347200711
2077-03-14,0.7916094482753379
2077-03-15,0.8780347209193835
2077-03-16,1.0761109685183172
2077-03-17,1.7177607315507892
2077-03-18,1.6423127107736228
2077-03-19,1.5206587784599968
2077-03-20,1.7026976714525803
2077-03-21,1.1745375941382885
2077-03-22,1.5208517406744777
2077-03-23,2.1367790886862976
2077-03-24,2.318428764275616
2077-03-25,3.0263335489820826
2077-03-26,3.0595270162980532
2077-03-27,3.2170247364182725
2077-03-28,3.748879925114717
2077-03-29,4.406384255371363
2077-03-30,5.666130129884219
2077-03-31,10.291943083480014
2077-04-01,6.04707897843032
2077-04-02,2.308334063150788
2077-04-03,1.678256899748254
2077-04-04,1.9113195310509568
2077-04-05,2.8504333200818737
2077-04-06,4.210010534255118
2077-04-07,5.767664497325997
2077-04-08,6.684793616528356
2077-04-09,9.521307668263132
2077-04-10,11.4875053842924
2077-04-11,21.947140115097408
2077-04-12,15.460945363613956
2077-04-13,12.399606207336037
2077-04-14,12.241083030840747
2077-04-15,13.14621379031354
2077-04-16,17.2336729185411
2077-04-17,19.34492773883504
2077-04-18,8.809813906114666
2077-04-19,8.793200289815308
2077-04-20,10.08074146935672
2077-04-21,13.368728657073545
2077-04-22,14.174545762914915
2077-04-23,11.376484212224536
2077-04-24,15.056004416252867
2077-04-25,21.57121479579898
2077-04-26,29.283265080305195
2077-04-27,34.204071245272935
2077-04-28,42.73474436776596
2077-04-29,48.051050881569346
2077-04-30,43.1882143626183
2077-05-01,35.60983641476202
2077-05-02,19.346282298233714
2077-05-03,18.9102797698206
2077-05-04,25.816130348149844
2077-05-05,12.786756334656568
2077-05-06,19.89561226742364
2077-05-07,12.543091179084318
2077-05-08,11.07583636329331
2077-05-09,10.805307588001153
2077-05-10,9.198004111201671
2077-05-11,8.900381498421687
2077-05-12,8.713960063664748
2077-05-13,9.232884180470476
2077-05-14,10.536046052104052
2077-05-15,15.312051423667413
2077-05-16,28.148585025040678
2077-05-17,30.93966677621699
2077-05-18,27.78234957611453
2077-05-19,15.258835652660153
2077-05-20,10.591412344925212
2077-05-21,10.93343189232721
2077-05-22,16.96076559508726
2077-05-23,26.56613574779884
2077-05-24,30.280925193220085
2077-05-25,26.51871005839821
2077-05-26,30.726964831445827
2077-05-27,34.348731808628806
2077-05-28,35.921215048417466
2077-05-29,36.66375973575838
2077-05-30,34.12167571098944
2077-05-31,38.363548063348105
2077-06-01,42.029640678809756
2077-06-02,31.63119843682115
2077-06-03,31.619077549252683
2077-06-04,14.69840007073496
2077-06-05,12.094602342047367
2077-06-06,16.339127847991318
2077-06-07,24.90196861293748
2077-06-08,29.934182719914713
2077-06-09,16.80426290846713
2077-06-10,22.351970670140734
2077-06-11,26.495215184785362
2077-06-12,27.053115698565392
2077-06-13,29.06645632650199
2077-06-14,30.26863365489239
2077-06-15,30.894553656560745
2077-06-16,35.205927904413315
2077-06-17,28.43055182404011
2077-06-18,23.914140950927056
2077-06-19,23.185748866719283
2077-06-20,23.59465085198307
2077-06-21,22.584355348940896
2077-06-22,21.129951004964155
2077-06-23,20.946971114016424
2077-06-24,19.131376261458676
2077-06-25,18.285176751003622
2077-06-26,19.231791950529505
2077-06-27,17.341039074300422
2077-06-28,14.573400824559169
2077-06-29,13.195237996387524
2077-06-30,11.795218337222064
2077-07-01,23.209848367575674
2077-07-02,20.205171403733434
2077-07-03,18.91229643788939
2077-07-04,17.417993341575773
2077-07-05,14.609721393680172
2077-07-06,13.12147477685281
2077-07-07,11.479548422953929
2077-07-08,11.847417112145177
2077-07-09,11.681391923002026
2077-07-10,10.78535316669843
2077-07-11,9.50637166110933
2077-07-12,8.422624476009513
2077-07-13,8.200690811431517
2077-07-14,7.163497166583407
2077-07-15,6.577424018527203
2077-07-16,6.500759467864648
2077-07-17,6.215408104602433
2077-07-18,6.055726543614968
2077-07-19,6.1777472961637425
2077-07-20,6.127499931151477
2077-07-21,5.734504800437441
2077-07-22,5.697950829884193
2077-07-23,5.049361358510447
2077-07-24,4.356443596881718
2077-07-25,3.9853942264070974
2077-07-26,4.274821830914174
2077-07-27,4.307411998009979
2077-07-28,4.110288308530887
2077-07-29,3.754420082940087
2077-07-30,3.522193429195293
2077-07-31,3.3913757701132967
2077-08-01,4.3741100130123804
2077-08-02,3.446075591903884
2077-08-03,3.652116591270278
2077-08-04,3.580640755534166
2077-08-05,3.305547292633773
2077-08-06,4.3059568067904195
2077-08-07,4.346421414503292
2077-08-08,3.0509464110039883
2077-08-09,2.723671747483785
2077-08-10,2.52020300019542
2077-08-11,2.577534618433519
2077-08-12,2.0977581210836567
2077-08-13,1.7577581484101965
2077-08-14,1.737622378631036
2077-08-15,1.5644544292875513
2077-08-16,1.4505920745186556
2077-08-17,2.1620110724992023
2077-08-18,1.5945265253648824
2077-08-19,2.3452207174946564
2077-08-20,1.3556341534251168
2077-08-21,0.8195271377714058
2077-08-22,0.7348817431475205
2077-08-23,0.6750652480187811
2077-08-24,0.7104312006083612
2077-08-25,0.5876707350589485
2077-08-26,0.5319255103477705
2077-08-27,0.4785035963309039
2077-08-28,0.4307847566320371
2077-08-29,0.3880540890065125
2077-08-30,0.3505951772600648
2077-08-31,0.3178384977366291
2077-09-01,0.13075593279871334
2077-09-02,0.12043922336721848
2077-09-03,0.11227507951713092
2077-09-04,0.10515591231472972
2077-09-05,0.09882425204505477
2077-09-06,0.0929047500981052
2077-09-07,0.0874340382161782
2077-09-08,0.0824399028264741
2077-09-09,0.0779482091488791
2077-09-10,0.07425687242405482
2077-09-11,0.07125464259139414
2077-09-12,0.06869106288157291
2077-09-13,0.0664847485529974
2077-09-14,0.06458865971395766
2077-09-15,0.06297398545815287
2077-09-16,0.06161343288242066
2077-09-17,0.060482951545296974
2077-09-18,0.05953438573351628
2077-09-19,0.058867874908353324
2077-09-20,0.05826346577748196
2077-09-21,0.059357767435415085
2077-09-22,0.05758727073603275
2077-09-23,0.057170537872215564
2077-09-24,0.0567740929291677
2077-09-25,0.056408557293304025
2077-09-26,0.0560713394366564
2077-09-27,0.05574201561281265
2077-09-28,0.05541775227004565
2077-09-29,0.05511360556408605
2077-09-30,0.054837676355936886
2077-10-01,0.09162435449494367
2077-10-02,0.09140553218507068
2077-10-03,0.09126588629256767
2077-10-04,0.09113885750018393
2077-10-05,0.09163494850223836
2077-10-06,0.0929308837683292
2077-10-07,0.09067035281336958
2077-10-08,0.09046915205595207
2077-10-09,0.358964616781834
2077-10-10,0.29272108554667586
2077-10-11,0.2679661867779507
2077-10-12,0.2072770086679044
2077-10-13,0.1966280911069418
2077-10-14,0.17002331360779882
2077-10-15,0.10302889832729338
2077-10-16,0.08969537340135791
2077-10-17,0.08947153685218867
2077-10-18,0.08924936834423175
2077-10-19,0.08905869467912679
2077-10-20,0.08893877139159667
2077-10-21,0.08888584238358885
2077-10-22,0.09041771075184173
2077-10-23,0.0915408078817225
2077-10-24,0.09034355731851676
2077-10-25,0.09304226633239604
2077-10-26,0.08878127161119062
2077-10-27,0.0912291870420988
2077-10-28,0.09054886796784578
2077-10-29,0.10165150494433324
2077-10-30,0.09837881165857508
2077-10-31,0.0909675768854667
2077-11-01,0.058965279307653364
2077-11-02,0.05889958972810935
2077-11-03,0.05884799521544621
2077-11-04,0.058798227645570765
2077-11-05,0.05875428567392309
2077-11-06,0.0587257778645771
2077-11-07,0.05870570817427063
2077-11-08,0.05868657810273083
2077-11-09,0.0586685083975802
2077-11-10,0.05865147099175552
2077-11-11,0.05863512400273884
2077-11-12,0.058618021967473274
2077-11-13,0.05860019342028771
2077-11-14,0.058582504004381884
2077-11-15,0.05856496045046013
2077-11-16,0.05854657422832641
2077-11-17,0.05873411296658645
2077-11-18,0.05848863351040867
2077-11-19,0.05845812087180779
2077-11-20,0.058418952192726366
2077-11-21,0.058377307294995184
2077-11-22,0.0957283568965794
2077-11-23,0.059687719061485664
2077-11-24,0.059125010280172786
2077-11-25,0.06085103699619656
2077-11-26,0.059372194677230226
2077-11-27,0.4007681638563232
2077-11-28,0.6063201333372872
2077-11-29,0.13427585353056934
2077-11-30,0.0593187752184189
2077-12-01,0.06258742276240344
2077-12-02,0.0632258513754269
2077-12-03,0.07534153643031466
2077-12-04,0.08613304402443718
2077-12-05,0.0647589157281909
2077-12-06,0.06417928474552262
2077-12-07,0.06392194198280618
2077-12-08,0.07328848639135384
2077-12-09,0.09048052768231124
2077-12-10,0.0863797952079375
2077-12-11,0.07801495743239817
2077-12-12,0.08948634986912574
2077-12-13,0.1475684247410234
2077-12-14,0.18821715380381526
2077-12-15,0.21476225501021984
2077-12-16,0.20034220260009802
2077-12-17,0.1047925603697158
2077-12-18,0.10211482637886007
2077-12-19,0.14355018592828792
2077-12-20,0.07967893950748081
2077-12-21,0.14500130880260245
2077-12-22,0.1896387221835205
2077-12-23,0.10999486731071637
2077-12-24,0.11492534877651303
2077-12-25,0.13824223227154026
2077-12-26,0.1258154303114114
2077-12-27,0.11942087843802615
2077-12-28,0.14454233112615752
2077-12-29,0.11028736660845573
2077-12-30,0.10566046148847927
2077-12-31,0.13380419428250662
2078-01-01,0.06973646259626724
2078-01-02,0.10011203410835147
2078-01-03,0.1354599049479028
2078-01-04,0.5618907534302876
2078-01-05,0.4320831007713261
2078-01-06,0.11526197345061352
2078-01-07,0.07866315310762052
2078-01-08,0.16260743859334964
2078-01-09,0.1893092388545696
2078-01-10,0.4445441002711437
2078-01-11,0.183746113947741
2078-01-12,0.11159660308345228
2078-01-13,0.2920219932182386
2078-01-14,1.7751134875471433
2078-01-15,7.313405870245683
2078-01-16,1.064068361440105
2078-01-17,0.07899946905576141
2078-01-18,0.09014791307884648
2078-01-19,0.4777804702211558
2078-01-20,0.8086228521725402
2078-01-21,0.9769233789240684
2078-01-22,4.722500367910312
2078-01-23,1.2220213908464468
2078-01-24,2.85985813673738
2078-01-25,2.212870197575477
2078-01-26,0.6738577190072237
2078-01-27,1.2074106936310909
2078-01-28,2.1447244759499395
2078-01-29,3.7438443406370814
2078-01-30,12.209702614333176
2078-01-31,23.831899846532874
2078-02-01,17.167477790932647
2078-02-02,2.5533540790620632
2078-02-03,4.781801126433639
2078-02-04,7.640466305122683
2078-02-05,3.787269064248125
2078-02-06,2.168637283062377
2078-02-07,2.0215691287713504
2078-02-08,1.992543875210082
2078-02-09,1.9651520376628389
2078-02-10,1.9235992970203803
2078-02-11,1.8837924951670448
2078-02-12,1.8378519709892311
2078-02-13,1.8412971117588264
2078-02-14,1.8094826378109083
2078-02-15,1.9764370200477943
2078-02-16,2.050410781169977
2078-02-17,2.4107719260749163
2078-02-18,5.542019552641623
2078-02-19,6.808724763689928
2078-02-20,9.221213661085123
2078-02-21,7.778175876434339
2078-02-22,4.572723176042901
2078-02-23,4.567313950103356
2078-02-24,5.375378522098964
2078-02-25,3.339400931686567
2078-02-26,2.9532305962108656
2078-02-27,2.9243763560764453
2078-02-28,2.862701090069527
2078-03-01,3.5579531007360257
2078-03-02,3.4772751401497577
2078-03-03,3.329613804762631
2078-03-04,3.1790656806792366
2078-03-05,2.991701386363289
2078-03-06,2.7773339127318235
2078-03-07,2.8565733750159685
2078-03-08,2.444956312375964
2078-03-09,2.335131262130578
2078-03-10,2.246028078261082
2078-03-11,2.0754516863780843
2078-03-12,1.9795600982946728
2078-03-13,1.9145032387666128
2078-03-14,1.9376569873290042
2078-03-15,1.8893736564328945
2078-03-16,1.8758175913094088
2078-03-17,2.126425025262897
2078-03-18,2.064801037557145
2078-03-19,2.4055934450768928
2078-03-20,2.865219677738902
2078-03-21,2.7604132021620864
2078-03-22,3.551552442627949
2078-03-23,3.679264449963029
2078-03-24,4.227904691086014
2078-03-25,2.7582979079954857
2078-03-26,2.7766691828731878
2078-03-27,2.7923548412634656
2078-03-28,3.2139177122461735
2078-03-29,2.863719563820184
2078-03-30,3.747355267458704
2078-03-31,7.492445249212572
2078-04-01,8.06598085063075
2078-04-02,11.219626106681414
2078-04-03,14.094352609659385
2078-04-04,5.319994972837387
2078-04-05,6.087891077353972
2078-04-06,9.404689338561631
2078-04-07,12.609838744156285
2078-04-08,9.157791320526213
2078-04-09,6.701085759075093
2078-04-10,11.715148484487505
2078-04-11,36.79057354881414
2078-04-12,28.51453287157421
2078-04-13,22.89480408905184
2078-04-14,8.861502302703563
2078-04-15,8.476259158126961
2078-04-16,7.208258452269403
2078-04-17,7.255803035167283
2078-04-18,7.731766494357688
2078-04-19,7.690455444729844
2078-04-20,6.448755949429084
2078-04-21,6.401301175135622
2078-04-22,6.2897993707259126
2078-04-23,6.099936511555798
2078-04-24,6.243897773777017
2078-04-25,6.439612766696727
2078-04-26,7.715601769638016
2078-04-27,8.903567463868251
2078-04-28,10.223701176271106
2078-04-29,8.363392798172839
2078-04-30,9.717902434197534
2078-05-01,11.541667798294412
2078-05-02,17.284724733888694
2078-05-03,25.14375864742936
2078-05-04,25.076348364353095
2078-05-05,8.710896994964036
2078-05-06,9.788463000319824
2078-05-07,15.548202553548155
2078-05-08,13.244302787769938
2078-05-09,14.78137340492522
2078-05-10,13.85776895065684
2078-05-11,18.407831930348628
2078-05-12,19.092782693124033
2078-05-13,8.381209998000784
2078-05-14,8.393202327535844
2078-05-15,8.047007577739857
2078-05-16,8.320112099900086
2078-05-17,8.638528998544027
2078-05-18,7.325212586319799
2078-05-19,7.364346184804544
2078-05-20,8.097193144959514
2078-05-21,9.446521503977484
2078-05-22,12.272344533840412
2078-05-23,14.0454448130124
2078-05-24,13.017938042793169
2078-05-25,11.4647491682655
2078-05-26,14.684197801049194
2078-05-27,17.019695590827038
2078-05-28,21.275465930327435
2078-05-29,25.409565696349357
2078-05-30,23.945959718604893
2078-05-31,24.932139888481693
2078-06-01,26.40735664536295
2078-06-02,23.235380876747
2078-06-03,28.60374339443857
2078-06-04,30.087415117662424
2078-06-05,30.73900445068233
2078-06-06,24.487116061691808
2078-06-07,16.729716241044752
2078-06-08,17.38199322598732
2078-06-09,20.211694378949147
2078-06-10,23.47459390288098
2078-06-11,22.169591756682745
2078-06-12,18.226620550517822
2078-06-13,21.817434241815352
2078-06-14,25.643106577995148
2078-06-15,27.1875396020614
2078-06-16,26.113680408394337
2078-06-17,19.96568171335138
2078-06-18,16.65416349486941
2078-06-19,13.76029578043935
2078-06-20,14.86519918781115
2078-06-21,15.092997814958865
2078-06-22,11.861865893846305
2078-06-23,10.988272108676679
2078-06-24,9.230070301683927
2078-06-25,6.927104450024543
2078-06-26,6.366465076812194
2078-06-27,5.051549689747693
2078-06-28,5.211824581775813
2078-06-29,4.834571548668368
2078-06-30,4.145233431269757
2078-07-01,8.596990551819179
2078-07-02,7.612653674022408
2078-07-03,7.036160843307933
2078-07-04,6.119678207667862
2078-07-05,5.4382292940253185
2078-07-06,4.4474100659047995
2078-07-07,4.530406621603286
2078-07-08,4.845697208648958
2078-07-09,4.990671144493197
2078-07-10,4.500649632306969
2078-07-11,4.023381236996116
2078-07-12,3.5167981263703108
2078-07-13,3.301435520268086
2078-07-14,3.4926927666779317
2078-07-15,3.648213766287312
2078-07-16,3.603160953705877
2078-07-17,3.0192749287471727
2078-07-18,2.9037934557932137
2078-07-19,2.738831152886548
2078-07-20,2.8665295699572484
2078-07-21,2.858597777018025
2078-07-22,2.65172070136763
2078-07-23,2.4180598303851744
2078-07-24,2.3224737831757865
2078-07-25,2.16074808698091
2078-07-26,1.8611401732086188
2078-07-27,1.3782866764026298
2078-07-28,1.2496986191222494
2078-07-29,1.2276732751569446
2078-07-30,1.2041336412836323
2078-07-31,1.150973878040911
2078-08-01,1.4359022925296892
2078-08-02,1.2653921541065272
2078-08-03,1.134326665260729
2078-08-04,1.0320523635433276
2078-08-05,0.8854563720597638
2078-08-06,0.8465021607753507
2078-08-07,0.5866425008522098
2078-08-08,0.5025572194841021
2078-08-09,0.4671507498559029
2078-08-10,0.4366387958312584
2078-08-11,0.4088643984394543
2078-08-12,0.3733518437505072
2078-08-13,0.33719932031233363
2078-08-14,0.30539220264136513
2078-08-15,0.2785561217338461
2078-08-16,0.2559784352083376
2078-08-17,0.2362462987732093
2078-08-18,0.21822260719171852
2078-08-19,0.20199705093081013
2078-08-20,0.1879554392583964
2078-08-21,0.17652469497550533
2078-08-22,0.16722938509253682
2078-08-23,0.15946905943490056
2078-08-24,0.15288837130291075
2078-08-25,0.1472103583091208
2078-08-26,0.14230882347660262
2078-08-27,0.1381257745641769
2078-08-28,0.13474545748485062
2078-08-29,0.13208336639679055
2078-08-30,0.12997624871612534
2078-08-31,0.12834406764001613
2078-09-01,0.0582804577078867
2078-09-02,0.057785620163477075
2078-09-03,0.05732620969200267
2078-09-04,0.05696170618321115
2078-09-05,0.06019132598751248
2078-09-06,0.05651967241662102
2078-09-07,0.05626498159560926
2078-09-08,0.055960802733385794
2078-09-09,0.05563254909467085
2078-09-10,0.05531468229117458
2078-09-11,0.05500070199210468
2078-09-12,0.05467085752055645
2078-09-13,0.05433463703071867
2078-09-14,0.05400084780591391
2078-09-15,0.05367867353236596
2078-09-16,0.14476138100122174
2078-09-17,0.05559840002212152
2078-09-18,0.19483706301120465
2078-09-19,0.05678154719810349
2078-09-20,0.05542689441224423
2078-09-21,0.05255695608894674
2078-09-22,0.05241655774862775
2078-09-23,0.058921159847064364
2078-09-24,0.052169307811539896
2078-09-25,0.052643686825835805
2078-09-26,0.05197440041799114
2078-09-27,0.05188501137863539
2078-09-28,0.05188511682828379
2078-09-29,0.051691026247709417
2078-09-30,0.05159354517554095
2078-10-01,0.08638279670132551
2078-10-02,0.08622966858653505
2078-10-03,0.08605946526954249
2078-10-04,0.08590267695495414
2078-10-05,0.08575612941240009
2078-10-06,0.08560864248385289
2078-10-07,0.0854488058840429
2078-10-08,0.08527637727142467
2078-10-09,0.08512126621923051
2078-10-10,0.08500090239288749
2078-10-11,0.08489333514164897
2078-10-12,0.08477386718233107
2078-10-13,0.08463739358114053
2078-10-14,0.08449062833413283
2078-10-15,0.08433863273106522
2078-10-16,0.08417879682683753
2078-10-17,0.08401780916572052
2078-10-18,0.08386458408429674
2078-10-19,0.08381595114884889
2078-10-20,0.08366861321484753
2078-10-21,0.08358692076512085
2078-10-22,0.08349684958809482
2078-10-23,0.08339527008602697
2078-10-24,0.08329985583810587
2078-10-25,0.08323029599001631
2078-10-26,0.5789112649542429
2078-10-27,0.30586702452637626
2078-10-28,0.14292175930695822
2078-10-29,0.1994156048108483
2078-10-30,0.3073527419224329
2078-10-31,0.340412656212934
2078-11-01,0.19875070027079364
2078-11-02,0.1445379203080417
2078-11-03,0.11184352505657684
2078-11-04,0.07911259584757371
2078-11-05,0.06030006113345991
2078-11-06,0.07817317237135209
2078-11-07,0.058976635065919075
2078-11-08,0.06286221197214291
2078-11-09,0.06151309832703172
2078-11-10,0.061442497177628376
2078-11-11,0.055655823435860834
2078-11-12,0.05548703197292877
2078-11-13,0.1466261129853245
2078-11-14,0.8778094727792027
2078-11-15,1.1059620070609268
2078-11-16,0.07113304749827297
2078-11-17,0.4617721128796324
2078-11-18,0.35991771882335194
2078-11-19,0.19290681820450656
2078-11-20,0.609011839712537
2078-11-21,4.234317244528986
2078-11-22,8.147467606956173
2078-11-23,0.7955362380741854
2078-11-24,0.8376062166699
2078-11-25,0.11520994480889787
2078-11-26,0.15114849767922472
2078-11-27,0.6053370068067244
2078-11-28,1.6689662739532225
2078-11-29,0.7678108115966726
2078-11-30,0.8237736814685009
2078-12-01,0.32092119453264945
2078-12-02,0.23759634286308706
2078-12-03,0.2689097109535909
2078-12-04,0.2659718654008745
2078-12-05,0.1697082215535628
2078-12-06,0.13176339731893524
2078-12-07,0.17716287485639404
2078-12-08,0.22531765418835525
2078-12-09,0.1873037509639517
2078-12-10,0.7163561127535201
2078-12-11,0.7697116547938248
2078-12-12,1.0840162907878759
2078-12-13,0.4815957903117492
2078-12-14,0.7520593772940201
2078-12-15,0.10234486444472353
2078-12-16,0.10791438195550088
2078-12-17,0.1177878327172252
2078-12-18,0.12454992588231592
2078-12-19,0.2854259842963856
2078-12-20,0.13452046941412776
2078-12-21,0.17632294818054225
2078-12-22,0.17888609529647542
2078-12-23,0.1973732471117128
2078-12-24,0.19196125217218046
2078-12-25,0.3908505035721036
2078-12-26,0.27074261340593914
2078-12-27,0.2803630662568907
2078-12-28,0.6408800738208856
2078-12-29,16.574511842687322
2078-12-30,130.04218111615114
2078-12-31,29.61282744255983
2079-01-01,1.994653669823165
2079-01-02,1.994265023741568
2079-01-03,1.9996448098911896
2079-01-04,1.8640180191861215
2079-01-05,1.7861871577526154
2079-01-06,1.6839594553636656
2079-01-07,1.568997435347404
2079-01-08,1.455302265542689
2079-01-09,1.3545307064496728
2079-01-10,1.257502156020602
2079-01-11,1.1646505040021164
2079-01-12,1.0847269587384143
2079-01-13,1.0134595514256712
2079-01-14,0.9494870612248396
2079-01-15,0.891061259180688
2079-01-16,1.0161525337258033
2079-01-17,0.9118420553409148
2079-01-18,0.8451682720212755
2079-01-19,0.812054514477614
2079-01-20,0.7699860263884548
2079-01-21,0.7363255756275771
2079-01-22,0.7019197775984612
2079-01-23,0.6686792223709194
2079-01-24,0.6366267969875775
2079-01-25,0.6057682514243677
2079-01-26,0.5870006183847264
2079-01-27,0.5652062973703579
2079-01-28,0.5620625478971041
2079-01-29,0.5132832466559267
2079-01-30,0.4975575694084282
2079-01-31,0.4826905024643353
2079-02-01,0.3949497664747143
2079-02-02,0.4149005839825677
2079-02-03,0.4552606233198
2079-02-04,0.6200618939194434
2079-02-05,0.6576897326147649
2079-02-06,0.8021389089331081
2079-02-07,0.95165311083715
2079-02-08,1.0782018642007811
2079-02-09,1.1386617048841479
2079-02-10,1.1306572686300271
2079-02-11,1.321001360756951
2079-02-12,1.3248212251340017
2079-02-13,2.6561551658325206
2079-02-14,2.6773756652750857
2079-02-15,2.6367772061176704
2079-02-16,2.1921786350203654
2079-02-17,1.9338367571095219
2079-02-18,1.9765433250459592
2079-02-19,1.9251753313775444
2079-02-20,2.3508434319876
2079-02-21,2.8057676520970887
2079-02-22,3.1125950952525017
2079-02-23,2.6278044967039706
2079-02-24,2.131749122854844
2079-02-25,2.231325220042256
2079-02-26,3.1372271585110663
2079-02-27,3.38656878130346
2079-02-28,3.4029094560352937
2079-03-01,3.74771923345959
2079-03-02,3.2428700797489807
2079-03-03,2.9356267119193267
2079-03-04,3.4991090812042884
2079-03-05,4.34244342402614
2079-03-06,4.545375425706629
2079-03-07,2.8982017650102283
2079-03-08,2.846790833110433
2079-03-09,2.9325393166127127
2079-03-10,3.0008665928123053
2079-03-11,2.73907756055946
2079-03-12,2.7201739672834764
2079-03-13,2.602620266825649
2079-03-14,2.4886517498820147
2079-03-15,2.3004602371044753
2079-03-16,2.212599627917355
2079-03-17,2.073902044794964
2079-03-18,2.0286626034043755
2079-03-19,2.1897649043893184
2079-03-20,2.36883736691742
2079-03-21,1.8853006071229204
2079-03-22,1.882183851410132
2079-03-23,1.7990470000803571
2079-03-24,1.8494637855870184
2079-03-25,2.216403204270596
2079-03-26,2.8839366212583637
2079-03-27,3.3937536184754946
2079-03-28,4.5461675495072384
2079-03-29,5.3424505118564936
2079-03-30,5.2101547700020845
2079-03-31,3.1365953536549447
2079-04-01,2.670587317422838
2079-04-02,2.530724527828604
2079-04-03,2.4563538244376755
2079-04-04,2.4908894871014113
2079-04-05,2.9934986765987377
2079-04-06,2.7256111873968645
2079-04-07,2.379669300569393
2079-04-08,2.491930561235236
2079-04-09,2.8868447082306843
2079-04-10,2.5790016380625214
2079-04-11,3.2911976268552534
2079-04-12,2.661742522309672
2079-04-13,2.558923130974006
2079-04-14,2.477487035756428
2079-04-15,2.552857252719627
2079-04-16,2.457899752733398
2079-04-17,2.4094659435109658
2079-04-18,2.7898454457020825
2079-04-19,2.854972247622996
2079-04-20,2.6370434987937736
2079-04-21,2.638553861343747
2079-04-22,2.991051263210815
2079-04-23,3.4708682195383798
2079-04-24,3.4122557687050405
2079-04-25,4.837507887359204
2079-04-26,6.588257441910138
2079-04-27,9.481947129214793
2079-04-28,6.976654790163527
2079-04-29,5.038908096730007
2079-04-30,5.293397612035897
2079-05-01,7.228070497493862
2079-05-02,12.053344345650949
2079-05-03,16.723608108373096
2079-05-04,19.909953310203182
2079-05-05,17.496383565825614
2079-05-06,20.08649826964993
2079-05-07,20.17235914554816
2079-05-08,6.279623632021222
2079-05-09,6.310863575290606
2079-05-10,6.381056178207232
2079-05-11,6.1585794203517725
2079-05-12,6.371007035164366
2079-05-13,8.424533432341939
2079-05-14,13.588809594998141
2079-05-15,19.50081473191274
2079-05-16,25.824168032821003
2079-05-17,20.32996469014581
2079-05-18,10.939155689638683
2079-05-19,10.97706035195545
2079-05-20,12.494336370777276
2079-05-21,19.046612862811987
2079-05-22,28.45394012226264
2079-05-23,32.756283047196405
2079-05-24,37.93110941137228
2079-05-25,38.87720315319966
2079-05-26,41.38520085315176
2079-05-27,40.207598407313654
2079-05-28,46.71936459977822
2079-05-29,50.27634958454024
2079-05-30,48.009566574951116
2079-05-31,51.22350216528186
2079-06-01,53.34779466736376
2079-06-02,53.1084025617667
2079-06-03,51.904279847436925
2079-06-04,36.620665651339976
2079-06-05,34.87641316170866
2079-06-06,29.007873536660174
2079-06-07,23.414568099807262
2079-06-08,19.539173292725607
2079-06-09,16.61657135605802
2079-06-10,14.609183648906882
2079-06-11,13.105363350229776
2079-06-12,10.422375933947126
2079-06-13,8.535308123874891
2079-06-14,7.497478714600433
2079-06-15,6.880527600382002
2079-06-16,6.487209226596277
2079-06-17,4.662573943846451
2079-06-18,4.220242713986583
2079-06-19,4.082190311520415
2079-06-20,4.400769841487617
2079-06-21,4.422484691980071
2079-06-22,4.156191960578196
2079-06-23,3.674792190906544
2079-06-24,3.420914277382065
2079-06-25,3.0106181979240967
2079-06-26,2.778508734783754
2079-06-27,2.5904963562075447
2079-06-28,2.3048019999423652
2079-06-29,2.171903198008513
2079-06-30,2.1344957895698182
2079-07-01,5.181625530480648
2079-07-02,4.89969900774673
2079-07-03,4.554054845865026
2079-07-04,4.335018722153774
2079-07-05,3.847368837429501
2079-07-06,3.669935546849746
2079-07-07,3.2389994311192862
2079-07-08,3.2714538695559128
2079-07-09,3.1861009608188637
2079-07-10,3.196482801757998
2079-07-11,2.6740025329579233
2079-07-12,2.5049345433913417
2079-07-13,2.365723628835561
2079-07-14,2.252825472427232
2079-07-15,1.8522469195112303
2079-07-16,1.6677496282353896
2079-07-17,1.4623776815872465
2079-07-18,1.3672977602265621
2079-07-19,1.3672074349168908
2079-07-20,1.1509522450247145
2079-07-21,1.070919504564687
2079-07-22,1.0291232867044608
2079-07-23,0.8408325338777295
2079-07-24,0.6967857194334945
2079-07-25,0.5648496471580617
2079-07-26,0.5066789624266403
2079-07-27,0.4598109335609416
2079-07-28,0.40081611177364573
2079-07-29,0.35302273708358856
2079-07-30,0.3477748677523532
2079-07-31,0.2844650416106149
2079-08-01,0.3282118346207163
2079-08-02,0.2945760969343291
2079-08-03,0.2650004324275081
2079-08-04,0.2391659810686869
2079-08-05,0.2173925555621234
2079-08-06,0.2006144094629604
2079-08-07,0.23853498397067036
2079-08-08,0.5397336319214152
2079-08-09,0.17074885662925404
2079-08-10,0.16251633504538704
2079-08-11,0.15568276581858326
2079-08-12,0.1501510677308974
2079-08-13,0.14549525482701198
2079-08-14,0.14165326418103216
2079-08-15,0.13847959812197
2079-08-16,0.13576218590670164
2079-08-17,0.13354734906526292
2079-08-18,0.1317855325234294
2079-08-19,0.13016556245123684
2079-08-20,0.1286279297992198
2079-08-21,0.12722288817695412
2079-08-22,0.12592053892870414
2079-08-23,0.12474061967139695
2079-08-24,0.12363246252733738
2079-08-25,0.1225247926342254
2079-08-26,0.12143024596568044
2079-08-27,0.12041244915306305
2079-08-28,0.11949159091357901
2079-08-29,0.11865694522555555
2079-08-30,1.2962628094214392
2079-08-31,0.4058746641495267
2079-09-01,0.4446168515300203
2079-09-02,0.11566760482058427
2079-09-03,0.06574094833061972
2079-09-04,0.05317912607924345
2079-09-05,0.05294048696358054
2079-09-06,0.15052550574844284
2079-09-07,0.0525879459902366
2079-09-08,0.3844699763050299
2079-09-09,0.05981465858583662
2079-09-10,0.3972831978764085
2079-09-11,0.05672552011757862
2079-09-12,0.051895564379996026
2079-09-13,0.05172896811185945
2079-09-14,0.05159637506660795
2079-09-15,0.05150405807246727
2079-09-16,0.1031520353024569
2079-09-17,0.05149623558332244
2079-09-18,0.05200538273380311
2079-09-19,0.05117435805804713
2079-09-20,0.0510399683509045
2079-09-21,0.050918304511788574
2079-09-22,0.05310135098632311
2079-09-23,0.05064450784342333
2079-09-24,0.05051042816375969
2079-09-25,0.05037845091418078
2079-09-26,0.05025674725592138
2079-09-27,0.05014832234989672
2079-09-28,0.05003826918854412
2079-09-29,0.04992902360721608
2079-09-30,0.05026549277177623
2079-10-01,0.08373222328239444
2079-10-02,0.08332646113382018
2079-10-03,0.08319695237440393
2079-10-04,0.08310205315541859
2079-10-05,0.08304831265870237
2079-10-06,0.0830162645752963
2079-10-07,0.08298939283930347
2079-10-08,0.08296309413928549
2079-10-09,0.08292918587752966
2079-10-10,0.08288245986242566
2079-10-11,0.08282658529222721
2079-10-12,0.1841500071169537
2079-10-13,0.2762219131219878
2079-10-14,0.2870048157438404
2079-10-15,0.10490207778886464
2079-10-16,0.09768793860143768
2079-10-17,0.08825530219405546
2079-10-18,0.08434317741253973
2079-10-19,0.08253542424315448
2079-10-20,0.08247782099842776
2079-10-21,0.08240649460722786
2079-10-22,0.08233345125558086
2079-10-23,0.08226334365177458
2079-10-24,0.082201738609854
2079-10-25,0.2900768226388857
2079-10-26,0.25259178802612264
2079-10-27,0.09194550691691288
2079-10-28,0.08443316895643696
2079-10-29,0.08212151453191383
2079-10-30,0.08198791875133363
2079-10-31,0.08194567820531119
2079-11-01,0.0548330989349846
2079-11-02,0.054809307225947776
2079-11-03,0.054783177773298816
2079-11-04,0.054753056073782835
2079-11-05,0.05472325222129068
2079-11-06,0.05469634682458604
2079-11-07,0.055028302302573794
2079-11-08,0.3615127781398241
2079-11-09,1.1010037199947804
2079-11-10,0.6021275349985857
2079-11-11,0.1323231875965397
2079-11-12,0.08497065938588964
2079-11-13,0.48294489065624296
2079-11-14,1.5736384044932488
2079-11-15,1.9878179466353787
2079-11-16,1.1689478438103014
2079-11-17,0.08559841364750215
2079-11-18,0.2371923610783589
2079-11-19,0.17153981049766553
2079-11-20,0.3515435534007193
2079-11-21,2.4307604088911283
2079-11-22,0.765937944937859
2079-11-23,0.07975227576068687
2079-11-24,0.16197882937119965
2079-11-25,0.0772102893341719
2079-11-26,0.17149117364963973
2079-11-27,1.4325251814060482
2079-11-28,0.4765671642425217
2079-11-29,0.07290963568128304
2079-11-30,0.17274428253641694
2079-12-01,0.2439023374848355
2079-12-02,0.3743199422563038
2079-12-03,0.5837384571449962
2079-12-04,0.5975582143370258
2079-12-05,0.9509676727308768
2079-12-06,0.18206082456217001
2079-12-07,0.1715522773039998
2079-12-08,0.1392762767960667
2079-12-09,0.15279888241101486
2079-12-10,0.15973651054113494
2079-12-11,0.1601136702923524
2079-12-12,0.17796290798189668
2079-12-13,0.4074262942772912
2079-12-14,0.6918408552130944
2079-12-15,0.7233223154789679
2079-12-16,0.5111023524409432
2079-12-17,1.5398424025387083
2079-12-18,1.2888364702231068
2079-12-19,0.7742766706885341
2079-12-20,0.8181127263211198
2079-12-21,0.8587680650343916
2079-12-22,0.92823265812238
2079-12-23,2.305325832858916
2079-12-24,4.196108355397794
2079-12-25,1.5393990798450434
2079-12-26,1.4845930027751029
2079-12-27,1.4960940149899615
2079-12-28,3.2655256290072034
2079-12-29,1.6618491238237605
2079-12-30,1.7704714550652143
2079-12-31,3.5954782531861538
2080-01-01,1.2170388873437366
2080-01-02,1.1552477069992897
2080-01-03,1.1399000848181855
2080-01-04,1.1029146506637264
2080-01-05,1.0442345989696964
2080-01-06,0.9793161266730076
2080-01-07,0.9189751154201424
2080-01-08,0.8406354682397914
2080-01-09,0.7925144169143873
2080-01-10,0.7349891304954022
2080-01-11,0.7390766371980734
2080-01-12,0.7116892752052844
2080-01-13,0.6228668561468688
2080-01-14,0.6026922473134378
2080-01-15,0.5763954391467622
2080-01-16,0.5480077965052038
2080-01-17,0.5212146283881871
2080-01-18,0.4941719767294073
2080-01-19,0.4692428872518404
2080-01-20,0.4464730948489468
2080-01-21,0.4325603834327879
2080-01-22,0.4643299739129227
2080-01-23,0.4712638745523723
2080-01-24,0.4946735640625482
2080-01-25,0.4436077325182056
2080-01-26,0.4738065287996033
2080-01-27,0.6121989323046554
2080-01-28,1.0035753355652546
2080-01-29,1.0948799076267255
2080-01-30,0.6981804937443719
2080-01-31,0.6830137532029464
2080-02-01,0.5310707004853045
2080-02-02,0.5724937909765561
2080-02-03,0.5945261373008006
2080-02-04,0.5749375540329105
2080-02-05,0.6582743394141611
2080-02-06,0.7357591203233257
2080-02-07,0.965772923578946
2080-02-08,1.2650800444696886
2080-02-09,1.6329152216827123
2080-02-10,1.1748063551299577
2080-02-11,2.7281043867515016
2080-02-12,9.08088063151179
2080-02-13,7.616980238619137
2080-02-14,3.424789100559848
2080-02-15,3.33330037524911
2080-02-16,2.2193535217950693
2080-02-17,1.9241483113623432
2080-02-18,1.7984583027207073
2080-02-19,2.3241504908290116
2080-02-20,2.4913387629767607
2080-02-21,1.8041104060254491
2080-02-22,1.733648110990894
2080-02-23,1.8408433871837209
2080-02-24,1.9904443001870111
2080-02-25,2.033527242734888
2080-02-26,2.7223823369642743
2080-02-27,3.608695988841059
2080-02-28,3.434234204876044
2080-02-29,3.373510996521605
2080-03-01,4.270674530977549
2080-03-02,7.08986336255121
2080-03-03,6.944729224098897
2080-03-04,6.148638575995238
2080-03-05,8.183270458670785
2080-03-06,8.50490776597195
2080-03-07,8.08202440407974
2080-03-08,3.3122091941409364
2080-03-09,2.7135939205559723
2080-03-10,2.6890401084173945
2080-03-11,2.676301528855029
2080-03-12,2.8622380180125404
2080-03-13,3.5197135703142197
2080-03-14,2.5217782301379112
2080-03-15,2.6767732776086453
2080-03-16,2.527138615658968
2080-03-17,2.5231435603362984
2080-03-18,2.3962623408224872
2080-03-19,2.5310371098386506
2080-03-20,2.8439638507863707
2080-03-21,2.388728670537223
2080-03-22,2.364811423923485
2080-03-23,2.64950435750792
2080-03-24,4.12499382460082
2080-03-25,6.573607171916425
2080-03-26,10.064256176012142
2080-03-27,15.155913442061006
2080-03-28,19.576031835455737
2080-03-29,13.050641779075614
2080-03-30,7.617900650437058
2080-03-31,7.0479385285033525
2080-04-01,6.5038678518537925
2080-04-02,7.064241042225134
2080-04-03,8.821938003060039
2080-04-04,13.889602900524787
2080-04-05,19.43758143196304
2080-04-06,19.307001924770116
2080-04-07,11.573699003262462
2080-04-08,8.057209463494054
2080-04-09,13.303102100048266
2080-04-10,14.495432375290694
2080-04-11,15.018211536293519
2080-04-12,7.08396639686715
2080-04-13,7.004151598724826
2080-04-14,10.07250357723267
2080-04-15,17.3530995741231
2080-04-16,20.059391236211738
2080-04-17,16.165013160319237
2080-04-18,13.508592029270208
2080-04-19,18.997031045131084
2080-04-20,20.411527428604135
2080-04-21,16.795725959630822
2080-04-22,7.6030550643793475
2080-04-23,7.38891402412081
2080-04-24,7.292405945107141
2080-04-25,8.059734020485559
2080-04-26,9.79937952290343
2080-04-27,12.943061857635582
2080-04-28,17.334940513074418
2080-04-29,17.266139579798413
2080-04-30,19.38352808886846
2080-05-01,12.95310935569994
2080-05-02,11.408811108110928
2080-05-03,10.904797331167767
2080-05-04,7.534138987280698
2080-05-05,6.11654460705616
2080-05-06,6.004837302998161
2080-05-07,5.908827240966777
2080-05-08,6.115908055674579
2080-05-09,5.714983597329037
2080-05-10,5.816174212165223
2080-05-11,5.852216507593168
2080-05-12,5.689942384004032
2080-05-13,6.3176313030085804
2080-05-14,7.170793027035117
2080-05-15,8.480474644267826
2080-05-16,9.423772323475884
2080-05-17,6.746145071009375
2080-05-18,7.865687112609468
2080-05-19,8.726064593542073
2080-05-20,9.166499966882881
2080-05-21,10.055029846478773
2080-05-22,10.876743044936928
2080-05-23,11.22583842877032
2080-05-24,6.102694274630978
2080-05-25,4.286748550767143
2080-05-26,4.59162358389271
2080-05-27,4.9846597440121485
2080-05-28,6.120447243490879
2080-05-29,5.961243278326442
2080-05-30,5.130065926771136
2080-05-31,4.516376174745783
2080-06-01,4.3977799075242485
2080-06-02,3.8311290519976695
2080-06-03,3.773415121633962
2080-06-04,4.074825775201848
2080-06-05,3.604420836519576
2080-06-06,2.3401812179195973
2080-06-07,2.256009136998235
2080-06-08,2.398170100332828
2080-06-09,2.2392659663328267
2080-06-10,1.782629647445451
2080-06-11,1.543727020139266
2080-06-12,1.445863864526663
2080-06-13,1.4453443959963752
2080-06-14,1.3813090273292976
2080-06-15,1.4391541838583877
2080-06-16,1.3980567699575397
2080-06-17,1.2933753665751158
2080-06-18,1.3613974741681576
2080-06-19,1.4343637525657982
2080-06-20,1.5126660792681006
2080-06-21,1.3503145964710868
2080-06-22,1.235448857147334
2080-06-23,1.0607264196430122
2080-06-24,0.8881344702339868
2080-06-25,0.83238505162101
2080-06-26,0.7186591957787557
2080-06-27,0.7160250156312377
2080-06-28,0.647257386482192
2080-06-29,0.6190189106582805
2080-06-30,0.5599120092140414
2080-07-01,1.2634560878664902
2080-07-02,1.1654754695375962
2080-07-03,1.0582331540953305
2080-07-04,0.7373869096439376
2080-07-05,0.5558888800161763
2080-07-06,0.5117680664787865
2080-07-07,0.4701190539180902
2080-07-08,0.4281362822705765
2080-07-09,0.3805641992426133
2080-07-10,0.3358669733680064
2080-07-11,0.29959871262805843
2080-07-12,0.32053036275903113
2080-07-13,0.2745843455718798
2080-07-14,0.22077673011124505
2080-07-15,0.20074808120552987
2080-07-16,0.1840373008091444
2080-07-17,0.1701285894866797
2080-07-18,0.1585096108115161
2080-07-19,0.14830527410734665
2080-07-20,0.13918373399044484
2080-07-21,0.13148689273806874
2080-07-22,0.12498278099194772
2080-07-23,0.119466025828471
2080-07-24,0.11485611604538815
2080-07-25,0.11098831436470886
2080-07-26,0.10797750507384317
2080-07-27,0.1056741182186374
2080-07-28,0.10387441308599453
2080-07-29,0.102409120744431
2080-07-30,0.10109857366086797
2080-07-31,0.09986923766749103
2080-08-01,0.12744677208550842
2080-08-02,0.12603337401762288
2080-08-03,0.12464270098457962
2080-08-04,0.12328341066790792
2080-08-05,0.12201427281676322
2080-08-06,0.1208262729053163
2080-08-07,0.11969687366251633
2080-08-08,0.11872705631350924
2080-08-09,0.12045085431552835
2080-08-10,0.12085837534806912
2080-08-11,0.11630390726546813
2080-08-12,0.1155879636915116
2080-08-13,0.1149008336973668
2080-08-14,0.11423957626662826
2080-08-15,0.11362008605944865
2080-08-16,0.12893182960305713
2080-08-17,0.11299204752267167
2080-08-18,0.11240766324952099
2080-08-19,0.11201227436291616
2080-08-20,0.11163182166455013
2080-08-21,0.11125435936581936
2080-08-22,0.1108663496007886
2080-08-23,0.11774743165662915
2080-08-24,0.1231262137915154
2080-08-25,0.12288086747878264
2080-08-26,0.10991884856374888
2080-08-27,0.10962253834032616
2080-08-28,1.0173058182590775
2080-08-29,0.20261035838971445
2080-08-30,0.10936270345608376
2080-08-31,0.10897239250991493
2080-09-01,0.049828671014744016
2080-09-02,0.0497036320497369
2080-09-03,0.06892986039397582
2080-09-04,0.049468213927482574
2080-09-05,0.0493576463482925
2080-09-06,0.049256799657997466
2080-09-07,0.08932233584746742
2080-09-08,0.05884734273689391
2080-09-09,0.09377124917188638
2080-09-10,0.08241212104486655
2080-09-11,0.18253541409840288
2080-09-12,0.16638835332307422
2080-09-13,0.05069532250039045
2080-09-14,0.05278131016577113
2080-09-15,0.04884419533373188
2080-09-16,0.06787276554734158
2080-09-17,0.04871949394664658
2080-09-18,0.04888572009287349
2080-09-19,0.04863345653466937
2080-09-20,0.04943094743433447
2080-09-21,0.049996333859898934
2080-09-22,0.048526570762064535
2080-09-23,0.051193683142193004
2080-09-24,0.04844409299936976
2080-09-25,0.04841034240870153
2080-09-26,0.06547585503617255
2080-09-27,0.05089364104623331
2080-09-28,0.048342066723205436
2080-09-29,0.09815731270215984
2080-09-30,0.06433266999876493
2080-10-01,0.08925482526742888
2080-10-02,0.08095801854313725
2080-10-03,0.08090033121309946
2080-10-04,0.08083914804487692
2080-10-05,0.0807774372057999
2080-10-06,0.08071701546243389
2080-10-07,0.0806616791397113
2080-10-08,0.08061255054316889
2080-10-09,0.08056869804656039
2080-10-10,0.0805259309993
2080-10-11,0.0804856509117926
2080-10-12,0.0804467975863644
2080-10-13,0.08040513457137824
2080-10-14,0.08036240345246387
2080-10-15,0.0803245192490547
2080-10-16,0.08492904322832616
2080-10-17,0.2742992637570951
2080-10-18,0.3767474190980829
2080-10-19,0.08651084150064528
2080-10-20,0.0801979933999208
2080-10-21,0.08017140961595087
2080-10-22,0.08014572719456145
2080-10-23,0.0820471406916155
2080-10-24,0.08505751726805102
2080-10-25,0.0803736369664522
2080-10-26,0.08005181894998542
2080-10-27,1.0630891769591375
2080-10-28,0.9689855057184356
2080-10-29,0.1444200368918636
2080-10-30,0.2339698838374904
2080-10-31,0.30819323595539233
2080-11-01,0.20151788737115287
2080-11-02,0.4888742354346667
2080-11-03,0.5001738311181358
2080-11-04,0.458402271601364
2080-11-05,0.4271884212487067
2080-11-06,0.4167673361250115
2080-11-07,0.6463865420625456
2080-11-08,0.07531727371963708
2080-11-09,0.060266492754575386
2080-11-10,0.3227840244470463
2080-11-11,0.1828551666642483
2080-11-12,0.08558428323265295
2080-11-13,0.19382500382989104
2080-11-14,0.0964836208593478
2080-11-15,0.10604131711608873
2080-11-16,0.10341388413239733
2080-11-17,0.07250376514748375
2080-11-18,0.06710562229064868
2080-11-19,0.09289539043858712
2080-11-20,0.06839885212654036
2080-11-21,0.0702441190112675
2080-11-22,0.06642621766371931
2080-11-23,0.3100812998187677
2080-11-24,0.1689674315749635
2080-11-25,0.11828210848384348
2080-11-26,0.17132356682116906
2080-11-27,0.06263153100655658
2080-11-28,0.058283271546695874
2080-11-29,0.0583628646124152
2080-11-30,0.06495225139759986
2080-12-01,0.18839042237008286
2080-12-02,0.10023377927973813
2080-12-03,0.15250817919401916
2080-12-04,0.6782159498327877
2080-12-05,0.09453273686762888
2080-12-06,0.07602796303879784
2080-12-07,0.2825007367837737
2080-12-08,0.17695215757037955
2080-12-09,0.2768323258558276
2080-12-10,0.4889469620170561
2080-12-11,8.672697508651401
2080-12-12,39.973024774773634
2080-12-13,0.3804089952225652
2080-12-14,0.1168480646639954
2080-12-15,0.1220844821739532
2080-12-16,0.13120110933390605
2080-12-17,0.17571439058508087
2080-12-18,0.1464344754070375
2080-12-19,0.16302445198942864
2080-12-20,0.2747838712674344
2080-12-21,0.2371803201330714
2080-12-22,0.12918631907341294
2080-12-23,0.13543609970065304
2080-12-24,0.15285654612617847
2080-12-25,0.1962027475431212
2080-12-26,0.1641695435842179
2080-12-27,0.1870730150222143
2080-12-28,0.2097520935072005
2080-12-29,0.2517835380411139
2080-12-30,0.195092663891184
2080-12-31,0.1637155017398762
2081-01-01,0.11081825751309006
2081-01-02,0.12357064553596073
2081-01-03,0.1349397409561857
2081-01-04,0.11930581123493357
2081-01-05,0.11189455950020054
2081-01-06,0.12281049377771874
2081-01-07,0.11698266544032612
2081-01-08,0.10499734973203116
2081-01-09,0.15270524118399026
2081-01-10,0.3984660710689413
2081-01-11,0.12683861025012347
2081-01-12,0.12906639243365012
2081-01-13,0.13571692924361586
2081-01-14,0.2039978053390087
2081-01-15,0.1416985821477268
2081-01-16,0.14164966010962368
2081-01-17,0.14130520793478574
2081-01-18,0.13955035348381625
2081-01-19,0.1395774856511421
2081-01-20,0.13577845040196193
2081-01-21,0.13658005152247166
2081-01-22,0.13532321552801013
2081-01-23,0.15095322976500578
2081-01-24,0.15790964000765936
2081-01-25,0.13112008426795882
2081-01-26,0.12711054148590673
2081-01-27,0.14499220714739827
2081-01-28,0.2832157930745607
2081-01-29,0.2297478090544336
2081-01-30,0.21266006626744507
2081-01-31,0.18523484961842826
2081-02-01,0.1404801278703864
2081-02-02,0.1363264802527366
2081-02-03,0.13286078201638168
2081-02-04,0.1592246138916983
2081-02-05,0.13149165274043156
2081-02-06,0.13129531838779768
2081-02-07,0.13501773658036195
2081-02-08,0.17861597936384946
2081-02-09,0.13369219767331228
2081-02-10,0.14005353456303407
2081-02-11,0.15259277504557356
2081-02-12,0.17628874425655086
2081-02-13,0.17036663785861825
2081-02-14,0.15651619697303715
2081-02-15,0.2573222586931751
2081-02-16,0.29263661140295666
2081-02-17,0.2851490420778681
2081-02-18,0.3146239935936377
2081-02-19,0.4334946809141675
2081-02-20,0.5336443656063784
2081-02-21,0.9227424409379884
2081-02-22,0.5491101576810122
2081-02-23,0.4711262990691632
2081-02-24,0.4379082954831547
2081-02-25,0.4305029271815581
2081-02-26,0.43623945958219257
2081-02-27,0.4799076860539239
2081-02-28,0.7163834630587657
2081-03-01,0.6741062619789905
2081-03-02,0.6985009092880279
2081-03-03,0.7170918234183734
2081-03-04,1.0120207517559332
2081-03-05,1.4281494724436747
2081-03-06,0.994232535118969
2081-03-07,0.8703312214290423
2081-03-08,0.8439267393710217
2081-03-09,0.9069377800207276
2081-03-10,1.5584958703840033
2081-03-11,2.9699092523373984
2081-03-12,3.944179268031264
2081-03-13,6.406289274376174
2081-03-14,3.4346480353517377
2081-03-15,3.7047486011857953
2081-03-16,5.008365404927416
2081-03-17,2.052356184345669
2081-03-18,1.7497309661471143
2081-03-19,2.027017743053789
2081-03-20,2.887770330942768
2081-03-21,2.4969631703494093
2081-03-22,2.382043975258876
2081-03-23,2.785299970843541
2081-03-24,2.564153482589744
2081-03-25,2.735831991209136
2081-03-26,3.09117992207114
2081-03-27,4.099831394325152
2081-03-28,3.582472457330761
2081-03-29,4.6097257306042065
2081-03-30,5.6506697162708726
2081-03-31,5.4927845953629015
2081-04-01,4.276573049686447
2081-04-02,2.5228428441059862
2081-04-03,2.1776126826180007
2081-04-04,2.166202026435764
2081-04-05,3.408424463161452
2081-04-06,3.7854008966224884
2081-04-07,4.130931028152197
2081-04-08,5.4609864275053175
2081-04-09,8.02930490079627
2081-04-10,10.110192254521346
2081-04-11,25.20132982266338
2081-04-12,25.15874194397405
2081-04-13,26.43582771387539
2081-04-14,26.658919679873854
2081-04-15,30.688536443564647
2081-04-16,32.54822949923511
2081-04-17,26.005902254471412
2081-04-18,29.29631322381192
2081-04-19,31.395019284798604
2081-04-20,34.10222594862122
2081-04-21,38.72422623904943
2081-04-22,30.004876895401875
2081-04-23,23.47810689019873
2081-04-24,8.529726875731482
2081-04-25,8.400852715196137
2081-04-26,8.18247932266122
2081-04-27,7.879731296868234
2081-04-28,8.257283994558309
2081-04-29,8.008358929701352
2081-04-30,7.984588933692066
2081-05-01,7.589222321500112
2081-05-02,7.131758010809059
2081-05-03,6.6676355758962105
2081-05-04,6.255221942393072
2081-05-05,5.939190726549697
2081-05-06,5.535794248572453
2081-05-07,5.520707511212241
2081-05-08,5.448302686651972
2081-05-09,6.1711273837383755
2081-05-10,7.114438290245465
2081-05-11,6.693648741849817
2081-05-12,6.5422532035853465
2081-05-13,6.516865261115719
2081-05-14,7.10912985374525
2081-05-15,8.992184054485682
2081-05-16,12.09461403626058
2081-05-17,14.541037522026913
2081-05-18,20.012663714254423
2081-05-19,15.319527855922482
2081-05-20,17.03904565376474
2081-05-21,18.549579368055454
2081-05-22,23.668532828269235
2081-05-23,22.86645229624044
2081-05-24,17.266621234677178
2081-05-25,8.91800038142666
2081-05-26,7.549770466967367
2081-05-27,7.3464360225600815
2081-05-28,7.587422090726474
2081-05-29,9.230668599438953
2081-05-30,7.571333459372723
2081-05-31,7.389721669991803
2081-06-01,11.037048950130854
2081-06-02,10.94140942238906
2081-06-03,10.660187682072577
2081-06-04,11.37984455620826
2081-06-05,12.967832728359589
2081-06-06,13.770445744360542
2081-06-07,12.187645276560481
2081-06-08,11.50918854115988
2081-06-09,10.999771257906778
2081-06-10,9.17940124317767
2081-06-11,8.218561399565052
2081-06-12,6.597048769135277
2081-06-13,4.460181531011014
2081-06-14,4.0026342864087585
2081-06-15,4.024308199220257
2081-06-16,3.932115152422044
2081-06-17,3.4915242812162224
2081-06-18,3.025460000029502
2081-06-19,2.6264306020526904
2081-06-20,2.2637207784919617
2081-06-21,1.6625436220521674
2081-06-22,1.3182001248698556
2081-06-23,1.2219772102778304
2081-06-24,1.263494167041194
2081-06-25,1.341421154751833
2081-06-26,1.5360222486304889
2081-06-27,1.4571812105495308
2081-06-28,1.357045056609431
2081-06-29,1.2777890661617302
2081-06-30,1.1050673457804885
2081-07-01,2.539921567412128
2081-07-02,2.7130421213901963
2081-07-03,2.6914398164645905
2081-07-04,2.405105986365553
2081-07-05,2.0908832116133405
2081-07-06,1.84374187716062
2081-07-07,1.9292074542899973
2081-07-08,1.550320823815946
2081-07-09,1.3219568691644938
2081-07-10,1.231696772259967
2081-07-11,1.107769640955768
2081-07-12,0.9431653762488472
2081-07-13,0.8867187893825914
2081-07-14,0.7785028264656079
2081-07-15,0.7589243957074526
2081-07-16,0.5848394730759383
2081-07-17,0.5308678562470446
2081-07-18,0.5315930010303547
2081-07-19,0.4319817021943601
2081-07-20,0.6669406739308525
2081-07-21,1.0653265802257894
2081-07-22,0.9889187054150564
2081-07-23,0.3357268868208473
2081-07-24,0.3080628090618673
2081-07-25,0.2784344321181407
2081-07-26,0.2695213226739874
2081-07-27,0.23011544817262286
2081-07-28,0.21030605200853508
2081-07-29,0.1931838839583532
2081-07-30,0.17883731636080016
2081-07-31,0.16715603008578328
2081-08-01,0.20392012591822511
2081-08-02,0.19424072091337666
2081-08-03,0.18599757036274628
2081-08-04,0.32450523435658657
2081-08-05,0.22672218932037105
2081-08-06,0.2773546840209306
2081-08-07,0.18097409199409314
2081-08-08,0.16341657231023482
2081-08-09,0.15957298217520893
2081-08-10,0.1561096697488586
2081-08-11,0.1528952338939588
2081-08-12,0.14990125571866167
2081-08-13,0.14708575793091688
2081-08-14,0.14449351733749122
2081-08-15,0.14226264473229885
2081-08-16,0.15223361800801133
2081-08-17,0.13894718150009894
2081-08-18,0.13705637674103222
2081-08-19,0.17437608939279658
2081-08-20,0.13407044621355418
2081-08-21,0.35519088541154176
2081-08-22,0.13455021260164465
2081-08-23,0.13056932482642486
2081-08-24,0.12935962659826403
2081-08-25,0.1281192134891524
2081-08-26,0.12695302349694607
2081-08-27,0.12586546025519127
2081-08-28,0.12478960080370888
2081-08-29,0.12367900561590432
2081-08-30,0.12262961372444528
2081-08-31,0.12164891659845092
2081-09-01,0.055334723340206435
2081-09-02,0.054913552913470436
2081-09-03,0.054487608664580765
2081-09-04,0.05406984644953956
2081-09-05,0.05367471644791662
2081-09-06,0.8253423412948648
2081-09-07,4.459596584044841
2081-09-08,55.7598503945906
2081-09-09,40.366925692270456
2081-09-10,0.14943767019292195
2081-09-11,0.0837506680044565
2081-09-12,0.08219787160742836
2081-09-13,0.08324036516711557
2081-09-14,0.08136546652591538
2081-09-15,0.08057146196297411
2081-09-16,0.08257296032142117
2081-09-17,0.07913893769564696
2081-09-18,0.0782835567548413
2081-09-19,0.11092871201056416
2081-09-20,0.07764542316705564
2081-09-21,0.07576321915086535
2081-09-22,0.07490709684639006
2081-09-23,0.07423866489841319
2081-09-24,0.07372360649320629
2081-09-25,0.08204731632470884
2081-09-26,0.07264077448435986
2081-09-27,0.07801144451638295
2081-09-28,0.07151787701550727
2081-09-29,0.07109207977732697
2081-09-30,0.3867188894125152
2081-10-01,0.12656997392369673
2081-10-02,0.11742073778063088
2081-10-03,0.11647846791949105
2081-10-04,0.13384172873216274
2081-10-05,0.11552862609363601
2081-10-06,0.11488614135903448
2081-10-07,0.11439443770290375
2081-10-08,0.11375278334366774
2081-10-09,0.11291319733964544
2081-10-10,0.11192514601383736
2081-10-11,0.1109485673967816
2081-10-12,0.11001819085438147
2081-10-13,0.10901460647841496
2081-10-14,0.10795480910188474
2081-10-15,0.10701569476192148
2081-10-16,0.1062557427117128
2081-10-17,0.10555711145084044
2081-10-18,0.1065873811951512
2081-10-19,0.2738886034881223
2081-10-20,0.4816196688465885
2081-10-21,0.14471324529924728
2081-10-22,0.11648727282498482
2081-10-23,0.13863491973940695
2081-10-24,0.10638115613040873
2081-10-25,0.11361678221243635
2081-10-26,0.10343802009601326
2081-10-27,0.10327525858105543
2081-10-28,0.10252055736957744
2081-10-29,0.10206544910342777
2081-10-30,0.10157824533417496
2081-10-31,0.10106439572549547
2081-11-01,0.06734273713289315
2081-11-02,0.06708115763545856
2081-11-03,0.06689371663635613
2081-11-04,0.06678290924662282
2081-11-05,0.06669409989949401
2081-11-06,0.06660542885357583
2081-11-07,0.06652879984031825
2081-11-08,0.0666965763095128
2081-11-09,0.06643627859723192
2081-11-10,0.06638058326770087
2081-11-11,0.06627996593481439
2081-11-12,0.06613343823183175
2081-11-13,0.0659855931086767
2081-11-14,0.0658323422235227
2081-11-15,0.06568251777220065
2081-11-16,0.06554791996917746
2081-11-17,0.06539680434830936
2081-11-18,0.06522706971507405
2081-11-19,0.0650567509824248
2081-11-20,0.06487643154655184
2081-11-21,0.0647238916945293
2081-11-22,0.06578275564113166
2081-11-23,0.06468137738038611
2081-11-24,0.06458699633118495
2081-11-25,0.06455746065117321
2081-11-26,0.2566686857321056
2081-11-27,0.9235032488375962
2081-11-28,0.7978720930318144
2081-11-29,0.9254630970770948
2081-11-30,0.20848951927202655
2081-12-01,0.10387568398341457
2081-12-02,0.11753294079233348
2081-12-03,0.08836368362807356
2081-12-04,0.06994816909513868
2081-12-05,0.07549179205285626
2081-12-06,0.08467043913082012
2081-12-07,0.07032205598672049
2081-12-08,0.07056163050778105
2081-12-09,0.07440859322781143
2081-12-10,0.07057105554056728
2081-12-11,0.0826186629749543
2081-12-12,0.2840100447741849
2081-12-13,0.08307979376108257
2081-12-14,0.07110269745134433
2081-12-15,0.07154479415355765
2081-12-16,0.07165522248058176
2081-12-17,0.0712630575148685
2081-12-18,0.07279659230620998
2081-12-19,0.07135983939740992
2081-12-20,0.07140264892601272
2081-12-21,0.07144192466561397
2081-12-22,0.07148777697590178
2081-12-23,0.07152956704779471
2081-12-24,0.07154316556432977
2081-12-25,0.07335601873127655
2081-12-26,0.07362460300764949
2081-12-27,0.07253313679711992
2081-12-28,0.07484567667428296
2081-12-29,0.0754820561721511
2081-12-30,0.08718350222776551
2081-12-31,0.10310903303683594
2082-01-01,0.055551220597698264
2082-01-02,0.04689623811370108
2082-01-03,0.054692224010531566
2082-01-04,0.07955054472021952
2082-01-05,0.07132194312339407
2082-01-06,0.055614828305169305
2082-01-07,0.04905050133180319
2082-01-08,0.045646353780230506
2082-01-09,0.04832333578873176
2082-01-10,0.04951030684253021
2082-01-11,0.0533669229743288
2082-01-12,0.055857584063885135
2082-01-13,0.11890123528474685
2082-01-14,0.2855727289107789
2082-01-15,0.3796583369818061
2082-01-16,0.29810203743473457
2082-01-17,0.28283037434795233
2082-01-18,0.22082866687734254
2082-01-19,0.4510006028479218
2082-01-20,0.324952912576146
2082-01-21,0.2787931218888792
2082-01-22,0.4918485466377971
2082-01-23,0.7444939068345618
2082-01-24,0.6432225748870599
2082-01-25,0.2895425279552166
2082-01-26,0.3871731598692704
2082-01-27,0.7869044863755102
2082-01-28,1.615050386066854
2082-01-29,1.7089441539504104
2082-01-30,0.9044220043858348
2082-01-31,0.34376301511521296
2082-02-01,1.2236955024195706
2082-02-02,0.6830710893900827
2082-02-03,0.28816774168811443
2082-02-04,0.3385070193585643
2082-02-05,0.6705539441308245
2082-02-06,0.422980852264433
2082-02-07,0.5531875018666433
2082-02-08,0.6581086649918136
2082-02-09,0.7886100674843499
2082-02-10,0.6671008752703025
2082-02-11,0.5841285018272419
2082-02-12,0.5068960940077747
2082-02-13,0.5649947150900589
2082-02-14,0.6864672872406045
2082-02-15,0.6819437502462771
2082-02-16,0.7028475331117435
2082-02-17,0.7422423870685199
2082-02-18,1.4274173078734318
2082-02-19,5.328608269073075
2082-02-20,5.153194924330816
2082-02-21,8.791006505176684
2082-02-22,6.908004776038598
2082-02-23,5.464797604135491
2082-02-24,3.1801534191080063
2082-02-25,3.3294284081924634
2082-02-26,3.1414133569307325
2082-02-27,4.236003554957509
2082-02-28,6.608525774582068
2082-03-01,14.825933477600687
2082-03-02,19.671010006248032
2082-03-03,8.987353656587914
2082-03-04,7.7773958769107665
2082-03-05,4.036329957360158
2082-03-06,4.287299854693372
2082-03-07,3.6004049357427252
2082-03-08,3.5368881989003
2082-03-09,3.6440849857877424
2082-03-10,4.051622659879789
2082-03-11,4.901481917642272
2082-03-12,4.063293141389543
2082-03-13,4.1487691770119115
2082-03-14,5.1680074722332305
2082-03-15,5.524323906048926
2082-03-16,7.444218706891644
2082-03-17,10.030028446986682
2082-03-18,9.929873524066444
2082-03-19,13.502903407957726
2082-03-20,7.439018222253332
2082-03-21,6.456743360492481
2082-03-22,11.006418919140721
2082-03-23,10.182982061775661
2082-03-24,12.014864856119551
2082-03-25,12.831421554605177
2082-03-26,14.718291079783684
2082-03-27,16.49729208898927
2082-03-28,17.778793026285072
2082-03-29,22.515548679348484
2082-03-30,27.614210518356018
2082-03-31,37.73152021280265
2082-04-01,26.914829915104733
2082-04-02,21.218800199390554
2082-04-03,20.70335547753869
2082-04-04,26.818027496850675
2082-04-05,23.344625863425225
2082-04-06,22.823743567449654
2082-04-07,17.554033324195633
2082-04-08,11.719648201256092
2082-04-09,8.48155310715386
2082-04-10,8.142328063582452
2082-04-11,7.32166790172308
2082-04-12,7.2773754281945715
2082-04-13,7.246863820118159
2082-04-14,7.255391354914561
2082-04-15,7.2442133460935105
2082-04-16,7.015169244306676
2082-04-17,6.501064948146682
2082-04-18,6.072280503400751
2082-04-19,5.6990897816028925
2082-04-20,5.351630261953911
2082-04-21,5.096823166566598
2082-04-22,4.910528336260756
2082-04-23,4.599837532876737
2082-04-24,4.312734190622024
2082-04-25,4.656850537290543
2082-04-26,5.688078202120027
2082-04-27,5.726862302253361
2082-04-28,5.171847676492355
2082-04-29,5.691067959973793
2082-04-30,5.323917999698162
2082-05-01,5.00173267696988
2082-05-02,5.303635179635272
2082-05-03,5.371384849205997
2082-05-04,5.922157885931336
2082-05-05,7.047759837552536
2082-05-06,6.978727955535303
2082-05-07,6.8881992834508665
2082-05-08,6.266605031520088
2082-05-09,6.08189943639608
2082-05-10,6.079377165964912
2082-05-11,6.0020453001725205
2082-05-12,6.060201597675233
2082-05-13,5.671198001711272
2082-05-14,5.789007857709082
2082-05-15,6.250521997126447
2082-05-16,7.958738848249933
2082-05-17,10.409210527236251
2082-05-18,14.149688444367552
2082-05-19,12.730213405080548
2082-05-20,9.03532972257844
2082-05-21,8.123502806162763
2082-05-22,6.85702043065
2082-05-23,4.785615854248059
2082-05-24,4.023086538090226
2082-05-25,3.9494962206319157
2082-05-26,3.925903234433515
2082-05-27,4.386057168620641
2082-05-28,4.248355193479013
2082-05-29,3.8836536418860685
2082-05-30,3.148811545558107
2082-05-31,2.9192857927762947
2082-06-01,2.8833093115464816
2082-06-02,2.53671374108084
2082-06-03,2.22218484867498
2082-06-04,1.9372806019980893
2082-06-05,1.7651283527506867
2082-06-06,1.5347961505035994
2082-06-07,1.294499651129882
2082-06-08,1.1021198714972007
2082-06-09,1.011856883442126
2082-06-10,0.8177444163799472
2082-06-11,0.7512931009898641
2082-06-12,0.7057988717889521
2082-06-13,0.6381925696986132
2082-06-14,0.6171918492792793
2082-06-15,0.5319778616602489
2082-06-16,0.4703612720511235
2082-06-17,0.4491351842895153
2082-06-18,0.4086835182244166
2082-06-19,0.4472200399375544
2082-06-20,0.35245293255583005
2082-06-21,0.3332064475450184
2082-06-22,0.3236517461842387
2082-06-23,0.3073224777837469
2082-06-24,0.2875074423386487
2082-06-25,0.2537556424896554
2082-06-26,0.22571212268201185
2082-06-27,0.21131858756328945
2082-06-28,0.1982218138277328
2082-06-29,0.18549483211224954
2082-06-30,0.1704442407819512
2082-07-01,0.3667213580745808
2082-07-02,0.33672403171820736
2082-07-03,0.3086651581686271
2082-07-04,0.2828320192210444
2082-07-05,0.2604145889203689
2082-07-06,0.2415351031249576
2082-07-07,0.2259247664397361
2082-07-08,0.21290548406779786
2082-07-09,0.2013809875902262
2082-07-10,0.1909257585150657
2082-07-11,0.18180923612883668
2082-07-12,0.1744863811571062
2082-07-13,0.16832502732233778
2082-07-14,0.16296497437539975
2082-07-15,0.15943120511440495
2082-07-16,0.15400377628669154
2082-07-17,0.14913882942075446
2082-07-18,0.14447353026631304
2082-07-19,0.20210115134603548
2082-07-20,0.14466943789820122
2082-07-21,0.1347185216048766
2082-07-22,0.1314965408894902
2082-07-23,0.13047569021695854
2082-07-24,0.1266475179815286
2082-07-25,0.1228555982471734
2082-07-26,0.1200283322169646
2082-07-27,0.11737015716852547
2082-07-28,0.11490266464522965
2082-07-29,0.1125866762096982
2082-07-30,0.11039531789578406
2082-07-31,0.10831382258656752
2082-08-01,0.13740542905275535
2082-08-02,0.13523039585094354
2082-08-03,0.13532944486124995
2082-08-04,0.1317789479094152
2082-08-05,0.195871292210859
2082-08-06,0.16109466968254668
2082-08-07,0.2584285269345104
2082-08-08,0.12640409373079986
2082-08-09,0.1248858576335088
2082-08-10,0.12338907083018034
2082-08-11,0.12199204628588968
2082-08-12,0.12068061134276535
2082-08-13,0.1437061216283784
2082-08-14,0.12835349777222296
2082-08-15,0.11769874806444078
2082-08-16,0.11689439584867747
2082-08-17,0.11609389876586343
2082-08-18,0.1152970323268772
2082-08-19,0.19781185708943536
2082-08-20,0.11408183906029143
2082-08-21,0.1190541180580111
2082-08-22,0.13202231174118373
2082-08-23,0.11824801599625576
2082-08-24,0.2583638462276669
2082-08-25,0.1287702005632275
2082-08-26,0.20727940645216025
2082-08-27,0.13589327767609155
2082-08-28,0.11070123142035283
2082-08-29,0.1103473494706896
2082-08-30,0.7662283248785741
2082-08-31,0.3112538476352423
2082-09-01,0.09933753720024634
2082-09-02,0.050146148106312134
2082-09-03,0.05000186938633543
2082-09-04,0.04986408755592352
2082-09-05,0.04973401220981757
2082-09-06,0.0974786961676032
2082-09-07,0.04965591014316484
2082-09-08,0.04944837573779512
2082-09-09,0.04936270544534953
2082-09-10,0.04929190023937295
2082-09-11,0.15374311533430676
2082-09-12,0.10919505836748644
2082-09-13,0.07095529091880598
2082-09-14,0.08969300414219952
2082-09-15,0.0490846415926199
2082-09-16,0.05297874671195781
2082-09-17,0.048947198856228814
2082-09-18,0.04887186965605832
2082-09-19,0.048802351804847384
2082-09-20,0.05013039023065498
2082-09-21,0.0486924849663315
2082-09-22,0.0486397243104152
2082-09-23,0.049001789717868637
2082-09-24,0.048548376727877485
2082-09-25,0.04849779500019378
2082-09-26,0.048458211220178384
2082-09-27,0.04842202864938932
2082-09-28,0.049366302223850037
2082-09-29,0.04837073025308771
2082-09-30,0.04832796228720535
2082-10-01,0.30242392424987496
2082-10-02,0.09153286597831913
2082-10-03,0.08094692460359944
2082-10-04,0.08090019878739853
2082-10-05,0.08084884472728952
2082-10-06,0.0807983866020946
2082-10-07,0.08075112186785452
2082-10-08,1.64289493302607
2082-10-09,1.2277954525924484
2082-10-10,0.08067165602510801
2082-10-11,0.952305853075056
2082-10-12,3.217269003917642
2082-10-13,2.4872658977634825
2082-10-14,1.0854998641701017
2082-10-15,0.904863685642848
2082-10-16,1.4639206689234778
2082-10-17,0.9470047065039936
2082-10-18,1.117404635157783
2082-10-19,0.5451153357843934
2082-10-20,0.3707125490721868
2082-10-21,0.4751182987188178
2082-10-22,0.2614970793234099
2082-10-23,0.3547222158747327
2082-10-24,0.4583071893207715
2082-10-25,0.1648778840779844
2082-10-26,0.11244906978422373
2082-10-27,0.1043086093766617
2082-10-28,0.13467784932125829
2082-10-29,0.21653214668064255
2082-10-30,0.2920405357580216
2082-10-31,0.33416637144690936
2082-11-01,0.20073983986829896
2082-11-02,0.18089696493587173
2082-11-03,0.12799355523370298
2082-11-04,0.0976238042103124
2082-11-05,0.08103295088126422
2082-11-06,0.06918541695403403
2082-11-07,0.06541178598010809
2082-11-08,0.06482118145067364
2082-11-09,0.0641579602879538
2082-11-10,0.06415727981211611
2082-11-11,0.06415573256797291
2082-11-12,0.0641403839424789
2082-11-13,0.06411325790526462
2082-11-14,0.06410891591288922
2082-11-15,0.06414382108515512
2082-11-16,0.06415959470035723
2082-11-17,0.06412641103140515
2082-11-18,0.0640844056019705
2082-11-19,0.06407122414244062
2082-11-20,0.2883480243506364
2082-11-21,0.1048761723247056
2082-11-22,0.6730362065166653
2082-11-23,0.10234867072801564
2082-11-24,0.10140469322984122
2082-11-25,0.10301701358920808
2082-11-26,0.6003478749761197
2082-11-27,0.12300922146081628
2082-11-28,0.08914465690765605
2082-11-29,0.0693099723786316
2082-11-30,0.07359993074596018
2082-12-01,0.08947171527632497
2082-12-02,0.17495282857091904
2082-12-03,0.4036214069710309
2082-12-04,0.5601569371922475
2082-12-05,0.2118534914773872
2082-12-06,0.2253758620248084
2082-12-07,0.9385168128482708
2082-12-08,1.9792630847274542
2082-12-09,2.5520810625678187
2082-12-10,0.6359149022378129
2082-12-11,0.23409782956431766
2082-12-12,0.0876642428816018
2082-12-13,0.0970759252634976
2082-12-14,0.4048049933840094
2082-12-15,0.4436732033073634
2082-12-16,0.2054971404003957
2082-12-17,0.08178387136868795
2082-12-18,0.08212558843781274
2082-12-19,0.11216820707846123
2082-12-20,0.5710885910155146
2082-12-21,1.3341869070458718
2082-12-22,3.0733172575313037
2082-12-23,0.5823782752891875
2082-12-24,0.33256265863515383
2082-12-25,4.38541180389759
2082-12-26,1.8570248926261228
2082-12-27,0.3809512814210274
2082-12-28,0.4418494893313149
2082-12-29,1.1960311988491346
2082-12-30,0.4951514960257616
2082-12-31,0.548970121192445
2083-01-01,0.33785477940069075
2083-01-02,0.36069574750522304
2083-01-03,0.3928636696073516
2083-01-04,0.6476430179929541
2083-01-05,0.4202029552599211
2083-01-06,0.4760514889721499
2083-01-07,0.6408086941052261
2083-01-08,0.5595751798311421
2083-01-09,0.6304262236927267
2083-01-10,0.6076314766323795
2083-01-11,0.6082280843065907
2083-01-12,0.7776769078226364
2083-01-13,0.6747713079108774
2083-01-14,0.7614438053176457
2083-01-15,0.6822156099947418
2083-01-16,0.6562702634699855
2083-01-17,0.6351054078955798
2083-01-18,0.7644839917909135
2083-01-19,2.9282847130625327
2083-01-20,2.2112845214511974
2083-01-21,1.5587812459803716
2083-01-22,1.1037967289142854
2083-01-23,1.080131051244168
2083-01-24,1.0666486555072647
2083-01-25,1.0513808407706084
2083-01-26,1.0348679100033158
2083-01-27,1.0790033792143392
2083-01-28,1.0566270684538244
2083-01-29,0.9283958092980864
2083-01-30,0.8755752456242352
2083-01-31,0.8287747552357708
2083-02-01,0.6468646438540898
2083-02-02,0.6038218498734911
2083-02-03,0.5702445894472241
2083-02-04,0.533127750534859
2083-02-05,0.5023085256791119
2083-02-06,0.4732460506885282
2083-02-07,0.6305532114858264
2083-02-08,1.6790293512192906
2083-02-09,0.8048160327142757
2083-02-10,0.747101066886983
2083-02-11,0.7590820440435452
2083-02-12,0.7286924885491771
2083-02-13,0.6946917035164927
2083-02-14,0.6561378092265074
2083-02-15,0.6810169595063164
2083-02-16,0.5938369677700304
2083-02-17,0.5691468392086498
2083-02-18,0.5477475547668502
2083-02-19,0.5154056164944847
2083-02-20,0.4990633063483773
2083-02-21,0.4875185077848611
2083-02-22,0.4545003305695358
2083-02-23,0.4565091257219575
2083-02-24,0.4619410292005042
2083-02-25,0.4395324356057039
2083-02-26,0.5177055161133248
2083-02-27,0.6047392610958889
2083-02-28,0.7605690055103479
2083-03-01,1.2983206203425606
2083-03-02,1.3384295880019748
2083-03-03,1.4241905793772534
2083-03-04,1.0523697780583037
2083-03-05,1.098402349410274
2083-03-06,1.041301682733767
2083-03-07,1.0134871355046182
2083-03-08,0.9699363598493376
2083-03-09,0.9489320936689132
2083-03-10,0.8597650574072335
2083-03-11,0.8171289192010872
2083-03-12,0.7749290651445773
2083-03-13,0.7728628600007906
2083-03-14,1.0147529665174349
2083-03-15,1.4369924444875084
2083-03-16,1.787612714536778
2083-03-17,2.7503781618046665
2083-03-18,1.9127207099258208
2083-03-19,3.151612207799116
2083-03-20,4.199011648951977
2083-03-21,4.766312429867739
2083-03-22,7.406989020076322
2083-03-23,7.395417459718593
2083-03-24,8.369676434686713
2083-03-25,4.14322585566529
2083-03-26,2.906457950009765
2083-03-27,2.5729818895865577
2083-03-28,3.096462610380408
2083-03-29,3.2797725779953777
2083-03-30,3.633710343182943
2083-03-31,3.288122104352953
2083-04-01,2.8882706609224225
2083-04-02,2.43999610093576
2083-04-03,3.4120593137218282
2083-04-04,2.495016856606364
2083-04-05,2.0581808521297047
2083-04-06,2.114075502849456
2083-04-07,2.0916144467158584
2083-04-08,3.4029235977000134
2083-04-09,4.633534462399224
2083-04-10,5.3274087287685585
2083-04-11,7.651567350726697
2083-04-12,7.9371947296130445
2083-04-13,7.357141168440747
2083-04-14,3.639161573223956
2083-04-15,2.9215211917754047
2083-04-16,3.313656815058556
2083-04-17,4.91548781373728
2083-04-18,7.0475387231398825
2083-04-19,4.818711173411405
2083-04-20,3.8199137675226913
2083-04-21,4.345558381632828
2083-04-22,4.809452498121367
2083-04-23,6.6507738461260475
2083-04-24,8.71828562044731
2083-04-25,8.848800284367831
2083-04-26,5.583582247156492
2083-04-27,6.6402280759202466
2083-04-28,12.589797709950306
2083-04-29,19.265324918109297
2083-04-30,26.22811777251523
2083-05-01,21.678290415748137
2083-05-02,11.093211163550508
2083-05-03,9.167527937267193
2083-05-04,7.322500028426878
2083-05-05,6.8494215902732885
2083-05-06,6.814212973752983
2083-05-07,6.507859935286693
2083-05-08,7.184108664795933
2083-05-09,9.679342257039886
2083-05-10,13.062414336509404
2083-05-11,25.745029459683156
2083-05-12,34.852798795348136
2083-05-13,36.66649692504465
2083-05-14,34.653981367314785
2083-05-15,33.900300206727266
2083-05-16,25.50142691202531
2083-05-17,25.97018758775004
2083-05-18,30.90021145810986
2083-05-19,31.2674575416493
2083-05-20,30.686822841185826
2083-05-21,30.466545705111336
2083-05-22,34.8602230560858
2083-05-23,34.806617340795476
2083-05-24,31.33486633851916
2083-05-25,27.71170475294733
2083-05-26,16.5269871875863
2083-05-27,11.997520873045973
2083-05-28,14.187506930165695
2083-05-29,15.33664687230176
2083-05-30,14.702542537487819
2083-05-31,14.489238894926975
2083-06-01,14.936891825859814
2083-06-02,14.867928037819702
2083-06-03,11.085394242079555
2083-06-04,11.766198001346181
2083-06-05,9.93604275782493
2083-06-06,10.841364173228113
2083-06-07,9.971617537616373
2083-06-08,7.937422636923954
2083-06-09,6.93786355631221
2083-06-10,5.9119835603451465
2083-06-11,4.1786785648389815
2083-06-12,3.9148197041138197
2083-06-13,3.8008380077421786
2083-06-14,3.5765339794458253
2083-06-15,3.443955235284309
2083-06-16,3.261523867319221
2083-06-17,3.1152565000595778
2083-06-18,2.91957265939242
2083-06-19,2.775585149725516
2083-06-20,2.4648259274624733
2083-06-21,2.210122097536084
2083-06-22,2.2009009401383905
2083-06-23,2.143221892068318
2083-06-24,1.7732724648831069
2083-06-25,1.670691269215265
2083-06-26,1.6024794069759385
2083-06-27,1.4796625602664768
2083-06-28,1.485983534569586
2083-06-29,1.2432973782559278
2083-06-30,1.0241095700618237
2083-07-01,2.287898982097601
2083-07-02,2.1568902822985714
2083-07-03,1.992971799878285
2083-07-04,1.807718000400478
2083-07-05,1.5952898273087062
2083-07-06,1.3389289902068169
2083-07-07,1.2761206720876632
2083-07-08,1.2061444255119131
2083-07-09,0.925260620919002
2083-07-10,0.8464777433216742
2083-07-11,0.6756125493736904
2083-07-12,0.6201668193440035
2083-07-13,0.5392701659036008
2083-07-14,0.4447025122033282
2083-07-15,0.38827228615111337
2083-07-16,0.34791759823219426
2083-07-17,0.313603055604352
2083-07-18,0.28322522886843765
2083-07-19,0.2568537779713888
2083-07-20,0.2332324847207923
2083-07-21,0.21193021424692945
2083-07-22,0.19342527412931534
2083-07-23,0.17804922898245235
2083-07-24,0.16522241953235067
2083-07-25,0.1542337091992604
2083-07-26,0.1449458194593488
2083-07-27,0.14833013303357426
2083-07-28,0.1314808338312628
2083-07-29,0.12599211756270445
2083-07-30,0.12097427317548108
2083-07-31,0.11660066618229448
2083-08-01,0.14581828916258485
2083-08-02,0.14187310878172207
2083-08-03,0.13871978089222525
2083-08-04,0.1361688082919421
2083-08-05,0.13406784654743428
2083-08-06,0.1321855757190429
2083-08-07,0.1723423914801458
2083-08-08,0.12890413148157562
2083-08-09,0.127419154081291
2083-08-10,0.1259992098765582
2083-08-11,0.1278219233704398
2083-08-12,0.13027323393105927
2083-08-13,0.1228193076463632
2083-08-14,0.12178923435313142
2083-08-15,0.12078523150631107
2083-08-16,0.11983347678064925
2083-08-17,0.11898103444670045
2083-08-18,0.11825800226376712
2083-08-19,0.1175692312675008
2083-08-20,0.11682343883771368
2083-08-21,0.1160460656784366
2083-08-22,0.11528596250915445
2083-08-23,0.1145500693399394
2083-08-24,0.11385812877528127
2083-08-25,0.11325593364160293
2083-08-26,0.1127376249620259
2083-08-27,0.11223162550762388
2083-08-28,0.111700068762187
2083-08-29,0.111175938752667
2083-08-30,0.1107015878123764
2083-08-31,0.11028438524416262
2083-09-01,0.2205831633117437
2083-09-02,0.14414391459319018
2083-09-03,0.3446792666947301
2083-09-04,0.2993324653432313
2083-09-05,0.5358286230967688
2083-09-06,0.4471705171960719
2083-09-07,0.0668518574455659
2083-09-08,0.05014272868966622
2083-09-09,0.0500758707053164
2083-09-10,0.05001499378310988
2083-09-11,0.04995846238119673
2083-09-12,0.11412288286461734
2083-09-13,1.0424271768251243
2083-09-14,0.6165863885747193
2083-09-15,0.05953942429751921
2083-09-16,0.05005595355621354
2083-09-17,0.05003034518877074
2083-09-18,0.04998554518677659
2083-09-19,0.04993606268235735
2083-09-20,0.049879840507623084
2083-09-21,0.0498147980636444
2083-09-22,0.05056051498338042
2083-09-23,0.07169253707719535
2083-09-24,0.05565446472965743
2083-09-25,0.0495581165041316
2083-09-26,0.04948476503381332
2083-09-27,0.04960891594967005
2083-09-28,0.049318726450994964
2083-09-29,0.04922247314050859
2083-09-30,0.04912900322683643
2083-10-01,0.08226769878665477
2083-10-02,0.08216408471709129
2083-10-03,0.08208043947927665
2083-10-04,0.08199806911234384
2083-10-05,0.08190453752880172
2083-10-06,0.08180780048052752
2083-10-07,0.08173054474857612
2083-10-08,0.3116657983212397
2083-10-09,0.12148221577561776
2083-10-10,0.08185477034983099
2083-10-11,0.08156244599772497
2083-10-12,0.4328711236784085
2083-10-13,0.7831874527708778
2083-10-14,0.8600993919734758
2083-10-15,3.073525572019139
2083-10-16,1.829109038587704
2083-10-17,1.4824085966685936
2083-10-18,0.7849113185169355
2083-10-19,0.3680802309202834
2083-10-20,0.0867668277723788
2083-10-21,0.08484245142545245
2083-10-22,0.08933457914676317
2083-10-23,0.08562503803465897
2083-10-24,0.08530329903316093
2083-10-25,0.08532123551040538
2083-10-26,0.08531876856643195
2083-10-27,0.08529563141078292
2083-10-28,0.08526455389535008
2083-10-29,0.08522614287983862
2083-10-30,0.08517254147161525
2083-10-31,0.08510434989975943
2083-11-01,0.056927058789455975
2083-11-02,0.05689443991607995
2083-11-03,0.056877235531189826
2083-11-04,0.056856942491660636
2083-11-05,0.056822195876507664
2083-11-06,0.05678180262048053
2083-11-07,0.05675431944282872
2083-11-08,0.3439612072108207
2083-11-09,0.10166039592912487
2083-11-10,0.09778061332704728
2083-11-11,0.06002933009410056
2083-11-12,0.14300427845655733
2083-11-13,0.5645299141296581
2083-11-14,0.11067635908242086
2083-11-15,0.09099612922853233
2083-11-16,0.08943804539543031
2083-11-17,0.12765059473889578
2083-11-18,0.08369578241443891
2083-11-19,0.15115310743343646
2083-11-20,0.08406517655135211
2083-11-21,0.12764823993368493
2083-11-22,0.14407558177470742
2083-11-23,0.2785350548887275
2083-11-24,4.217102699666643
2083-11-25,2.5609160569653358
2083-11-26,3.9814574578925472
2083-11-27,0.1329117768302711
2083-11-28,0.17091116708124068
2083-11-29,0.1279727600481409
2083-11-30,0.22176480977066731
2083-12-01,0.1458575383503266
2083-12-02,0.17040505361174496
2083-12-03,0.4855420316161296
2083-12-04,0.17753375229816587
2083-12-05,0.1170615304291424
2083-12-06,0.6012446117909807
2083-12-07,1.0400263041098592
2083-12-08,0.27648199249489697
2083-12-09,0.24131831193228076
2083-12-10,0.17785724984188964
2083-12-11,0.10899351053759176
2083-12-12,0.11672185993147413
2083-12-13,0.10723742860031454
2083-12-14,0.12683611763528488
2083-12-15,0.1493276497397185
2083-12-16,0.15127855165170462
2083-12-17,0.4384107532535692
2083-12-18,0.1452898329941108
2083-12-19,0.09806819474894403
2083-12-20,2.8650383036597087
2083-12-21,5.4162212475252804
2083-12-22,7.893201958341796
2083-12-23,4.833540180351212
2083-12-24,0.8464478065121559
2083-12-25,0.9426251887080308
2083-12-26,0.984009150907488
2083-12-27,0.9424579234107888
2083-12-28,0.9255700094001784
2083-12-29,0.9076097014571404
2083-12-30,0.8874792206874603
2083-12-31,0.8462136271039419
2084-01-01,0.5090404059987048
2084-01-02,0.4913775673872313
2084-01-03,0.4727898317058939
2084-01-04,0.4563305546430381
2084-01-05,0.6240683664444381
2084-01-06,0.443407641718668
2084-01-07,0.4556774517094417
2084-01-08,0.4338954327775568
2084-01-09,0.8260977650351091
2084-01-10,1.6031669262065542
2084-01-11,1.0855063484435925
2084-01-12,2.149103132704774
2084-01-13,2.519704381111183
2084-01-14,2.6828200521487324
2084-01-15,1.987428208421468
2084-01-16,1.5954148315449792
2084-01-17,1.5373519821973212
2084-01-18,1.4959628464248664
2084-01-19,1.4457910485944074
2084-01-20,1.3890225129176248
2084-01-21,1.3350683603800395
2084-01-22,1.2827427881052615
2084-01-23,1.243549590378929
2084-01-24,1.1132269386665876
2084-01-25,1.069563647678014
2084-01-26,0.9940301620973252
2084-01-27,1.035522555177678
2084-01-28,0.9388492637445476
2084-01-29,0.9208292597364268
2084-01-30,0.8505672407048495
2084-01-31,0.9482724573535212
2084-02-01,0.7992529201890666
2084-02-02,0.7086440152764144
2084-02-03,0.7027883743808776
2084-02-04,0.7012982983136032
2084-02-05,0.6812390505057423
2084-02-06,0.750743805150627
2084-02-07,0.6628845328432211
2084-02-08,0.7151464207740948
2084-02-09,0.6829145714291888
2084-02-10,0.7806249461264625
2084-02-11,1.1426004653886117
2084-02-12,1.3069070179298123
2084-02-13,1.3174576546315278
2084-02-14,1.157430889154742
2084-02-15,1.2709219222918082
2084-02-16,3.4436433771946944
2084-02-17,3.1127772798379905
2084-02-18,1.9223669657342823
2084-02-19,1.71431551863468
2084-02-20,2.504426202307541
2084-02-21,3.083326855540696
2084-02-22,2.119521145717042
2084-02-23,2.4201808181016857
2084-02-24,2.258498721775392
2084-02-25,2.270793417990137
2084-02-26,2.9536236850435604
2084-02-27,4.88441956005083
2084-02-28,10.42966634935297
2084-02-29,5.648752640785171
2084-03-01,3.5093442833838093
2084-03-02,2.688984149092229
2084-03-03,2.9103999340500346
2084-03-04,7.195626947024574
2084-03-05,13.422479443931431
2084-03-06,8.653888172527777
2084-03-07,4.9314176019726
2084-03-08,2.759421854253341
2084-03-09,2.7320880910402687
2084-03-10,2.7091009823939047
2084-03-11,2.7768984444690017
2084-03-12,2.7294245220994884
2084-03-13,2.6815584043825145
2084-03-14,2.5235352870000107
2084-03-15,2.420701192107602
2084-03-16,2.3974468686813943
2084-03-17,2.564778037340788
2084-03-18,2.1275053763847547
2084-03-19,2.047715362690388
2084-03-20,1.940988123888339
2084-03-21,2.040286664858956
2084-03-22,2.3510131078627787
2084-03-23,2.8922085591578157
2084-03-24,4.301272868020361
2084-03-25,2.427928891961708
2084-03-26,2.585399649568399
2084-03-27,3.3357606936563573
2084-03-28,5.941913728837362
2084-03-29,8.800116981949355
2084-03-30,10.443297743833194
2084-03-31,13.132603888155677
2084-04-01,4.181227873958567
2084-04-02,3.3154484405661937
2084-04-03,6.312486210431602
2084-04-04,9.6586374893635
2084-04-05,6.5114398687444925
2084-04-06,3.689773518576272
2084-04-07,6.641177248358482
2084-04-08,9.942759441393608
2084-04-09,12.655831213448872
2084-04-10,14.962004627723687
2084-04-11,29.74583019528294
2084-04-12,16.900475906781388
2084-04-13,12.298955012033039
2084-04-14,4.454429713831479
2084-04-15,4.507212205984879
2084-04-16,4.954658473543264
2084-04-17,4.526936834513831
2084-04-18,4.5197660120994225
2084-04-19,4.382839486427634
2084-04-20,4.5407143066700115
2084-04-21,5.675062205789606
2084-04-22,6.900568343817838
2084-04-23,5.718086381883419
2084-04-24,4.613934840757398
2084-04-25,6.887204693887027
2084-04-26,8.402578106578334
2084-04-27,10.575124773011684
2084-04-28,17.27664670988974
2084-04-29,20.363816222201642
2084-04-30,8.373107092936365
2084-05-01,8.076937635324565
2084-05-02,13.65982157605873
2084-05-03,19.315555657907847
2084-05-04,22.54153214061409
2084-05-05,25.452911314526173
2084-05-06,23.011196831949487
2084-05-07,19.77936263092063
2084-05-08,21.16219776593659
2084-05-09,12.203364731543884
2084-05-10,21.169426950419997
2084-05-11,25.49791284398404
2084-05-12,20.216376434175093
2084-05-13,10.934427994019424
2084-05-14,12.615865349370882
2084-05-15,15.039881621595793
2084-05-16,9.74694012043801
2084-05-17,9.053667825631576
2084-05-18,7.728587461293901
2084-05-19,7.705988530651863
2084-05-20,7.854018773909493
2084-05-21,9.513173319215383
2084-05-22,12.617299286900208
2084-05-23,13.86464416603102
2084-05-24,15.596327322050946
2084-05-25,20.653926489306574
2084-05-26,29.024440368817373
2084-05-27,31.318324341984
2084-05-28,29.98211736130134
2084-05-29,32.91447974910765
2084-05-30,32.73429192517333
2084-05-31,37.562902921555256
2084-06-01,39.69277649835022
2084-06-02,19.68750718143025
2084-06-03,28.60574909563708
2084-06-04,36.76821710039355
2084-06-05,45.156633114071866
2084-06-06,43.57169931059632
2084-06-07,41.263300473287565
2084-06-08,44.351974617702076
2084-06-09,43.97741477858944
2084-06-10,41.71515726614996
2084-06-11,41.317666271323745
2084-06-12,37.63515570397699
2084-06-13,39.68609330617321
2084-06-14,34.37239275327727
2084-06-15,25.536955591383357
2084-06-16,22.16840489874541
2084-06-17,18.204524515931357
2084-06-18,15.555861566315365
2084-06-19,11.728765924025154
2084-06-20,10.642272812804244
2084-06-21,9.257539797385114
2084-06-22,7.697387143298744
2084-06-23,6.6398255560436334
2084-06-24,6.042054735492022
2084-06-25,5.25443462215571
2084-06-26,4.297856478336667
2084-06-27,3.8460071951121
2084-06-28,3.393865995028693
2084-06-29,3.326768509943223
2084-06-30,3.2942292300608
2084-07-01,7.368453595791433
2084-07-02,6.578150992545388
2084-07-03,5.86329387660793
2084-07-04,5.606111050488032
2084-07-05,5.601508353018364
2084-07-06,5.262289229176648
2084-07-07,4.923478909608939
2084-07-08,4.795733629364257
2084-07-09,4.431011317123283
2084-07-10,4.451874673399238
2084-07-11,4.365933257925431
2084-07-12,4.366723380843764
2084-07-13,3.7474550867369634
2084-07-14,3.8237316730240285
2084-07-15,3.472282178591126
2084-07-16,2.9402939165722253
2084-07-17,2.946823647544795
2084-07-18,2.5433884255512584
2084-07-19,2.5192679889374263
2084-07-20,2.2801226910600474
2084-07-21,2.240646822647104
2084-07-22,2.1713010308755143
2084-07-23,2.3362342471960797
2084-07-24,1.8347907466167463
2084-07-25,1.898816847201236
2084-07-26,1.3898351524189192
2084-07-27,1.2072067168143286
2084-07-28,1.1283501610087605
2084-07-29,1.0692457854322954
2084-07-30,0.9105802990402608
2084-07-31,0.7737442885470587
2084-08-01,0.9698754945870028
2084-08-02,0.8411825053392837
2084-08-03,0.7421210545554979
2084-08-04,0.6855284481770079
2084-08-05,0.6262369150325936
2084-08-06,0.4821527677536562
2084-08-07,0.4004301716343153
2084-08-08,0.3611887216749115
2084-08-09,0.327862001481656
2084-08-10,0.29570137305468364
2084-08-11,0.26452695637846024
2084-08-12,0.23802466887942686
2084-08-13,0.2160328904133189
2084-08-14,0.19782849529090427
2084-08-15,0.1829207790202994
2084-08-16,0.17122111024101927
2084-08-17,0.16246420876988207
2084-08-18,0.15541962954048635
2084-08-19,0.14932131934925694
2084-08-20,0.1440502159881502
2084-08-21,0.13943983016153202
2084-08-22,0.13527549167854755
2084-08-23,0.13170616959995915
2084-08-24,0.12899797500881408
2084-08-25,0.1268419508995536
2084-08-26,0.12493760764566675
2084-08-27,0.12330023082154992
2084-08-28,0.12190797774949075
2084-08-29,0.12068778006435628
2084-08-30,0.11962316238748905
2084-08-31,0.12663693299111847
2084-09-01,0.06270463573975846
2084-09-02,0.0538496630506527
2084-09-03,0.05355125524815362
2084-09-04,0.053252789696034336
2084-09-05,0.05297327602495601
2084-09-06,0.05273147145562143
2084-09-07,0.052513641664707136
2084-09-08,0.05230034905203848
2084-09-09,0.08746894286398714
2084-09-10,0.051958483019346816
2084-09-11,0.05177607691907698
2084-09-12,0.05159503626664635
2084-09-13,0.051432427383690436
2084-09-14,0.05127864961276631
2084-09-15,0.05112146539194762
2084-09-16,0.050969037337625096
2084-09-17,0.05119291744278645
2084-09-18,0.050918814787511466
2084-09-19,0.05063104437677055
2084-09-20,0.05051262922352169
2084-09-21,0.05039155098658135
2084-09-22,0.0502670855858347
2084-09-23,0.05015249086268204
2084-09-24,0.05073044655541853
2084-09-25,0.05599500129191382
2084-09-26,0.049989521041772116
2084-09-27,0.049948681555517765
2084-09-28,0.04994982464133589
2084-09-29,0.04980054736610511
2084-09-30,0.04970862860175125
2084-10-01,0.08322176120994328
2084-10-02,0.08308254994145009
2084-10-03,0.08296099676358074
2084-10-04,0.08285832353548736
2084-10-05,0.08275822869415626
2084-10-06,0.08264937997117737
2084-10-07,0.08253817625440757
2084-10-08,0.08243774478597264
2084-10-09,0.12887156340890152
2084-10-10,0.08463379393129603
2084-10-11,0.08225988976988922
2084-10-12,0.08219029925914073
2084-10-13,0.0821073805361958
2084-10-14,0.08214635761282515
2084-10-15,0.08199897805363797
2084-10-16,0.0819046669816151
2084-10-17,0.08185757987144557
2084-10-18,0.08182890890129849
2084-10-19,0.08180564735127133
2084-10-20,0.08178002529521804
2084-10-21,0.08174735657390589
2084-10-22,0.08170631444933335
2084-10-23,0.08166089971106427
2084-10-24,0.08161773938151766
2084-10-25,0.09411006698888084
2084-10-26,0.08162468601316494
2084-10-27,0.08153657722297927
2084-10-28,0.08151310059955179
2084-10-29,0.08148716273613464
2084-10-30,0.08145980103826768
2084-10-31,0.08143226588622886
2084-11-01,0.05449791601235601
2084-11-02,0.05448004198726122
2084-11-03,0.05475129646356248
2084-11-04,0.054443142250441695
2084-11-05,0.05442733472336212
2084-11-06,0.05450495104921915
2084-11-07,0.05439728236104018
2084-11-08,0.054382383739940164
2084-11-09,0.05436738963468378
2084-11-10,0.055555728682730635
2084-11-11,0.08816425037152563
2084-11-12,0.06414271243406712
2084-11-13,0.05438873876185297
2084-11-14,0.055569614366539934
2084-11-15,0.05704939649484285
2084-11-16,0.055303759529931315
2084-11-17,0.05423578485063976
2084-11-18,0.05421716989375785
2084-11-19,0.05419975240361696
2084-11-20,0.05418442077672505
2084-11-21,0.05416994878635036
2084-11-22,0.055380498038153377
2084-11-23,0.05624048295905308
2084-11-24,0.05412115568883217
2084-11-25,0.05410756490177774
2084-11-26,0.054093576045445485
2084-11-27,0.10634307064518816
2084-11-28,0.054771997025337416
2084-11-29,0.05547669425918439
2084-11-30,0.05403815084915994
2084-12-01,0.05712353472390424
2084-12-02,0.05725192868448616
2084-12-03,0.05709595455978232
2084-12-04,0.06449646890411033
2084-12-05,0.062021591001633576
2084-12-06,0.057350783548353476
2084-12-07,0.05739558701333033
2084-12-08,0.057526104695833635
2084-12-09,0.05750762502684975
2084-12-10,0.057003132976619526
2084-12-11,0.05701712922619071
2084-12-12,0.05700314353162785
2084-12-13,0.06815641682348726
2084-12-14,0.057553954135358326
2084-12-15,0.05871094262225551
2084-12-16,0.060016175126074385
2084-12-17,0.06229939241024709
2084-12-18,0.06368027754720837
2084-12-19,0.06807196489868332
2084-12-20,0.060579613296807014
2084-12-21,0.05691550475378365
2084-12-22,0.058158019324599325
2084-12-23,0.06472795368828313
2084-12-24,0.06915922650762361
2084-12-25,0.13210797498854804
2084-12-26,0.13009015734763768
2084-12-27,0.07935511492711006
2084-12-28,0.08861750568278988
2084-12-29,0.0879356147224202
2084-12-30,0.08632176096466046
2084-12-31,0.07419434968691073
2085-01-01,0.05906532055038269
2085-01-02,0.06315194391529831
2085-01-03,0.07165567896820142
2085-01-04,0.16688881322222976
2085-01-05,0.1783015859223697
2085-01-06,0.1057649358384628
2085-01-07,0.05591289476960863
2085-01-08,0.07023762969502326
2085-01-09,0.06176332507399046
2085-01-10,0.06314246762737366
2085-01-11,0.05614655231839023
2085-01-12,0.08531465279018695
2085-01-13,0.1608286276985838
2085-01-14,0.0976685589640659
2085-01-15,0.13708571857582838
2085-01-16,0.08325959678053359
2085-01-17,0.06420509912914275
2085-01-18,0.40792613491797175
2085-01-19,0.19751317798658571
2085-01-20,0.042217088642234384
2085-01-21,0.06878494261866445
2085-01-22,0.11320923991300387
2085-01-23,0.0564170415392497
2085-01-24,0.2977681145883413
2085-01-25,0.2883262130338231
2085-01-26,0.18170072499599169
2085-01-27,0.06117603893723685
2085-01-28,0.32043091611533303
2085-01-29,0.8142263763536041
2085-01-30,0.4649726887412694
2085-01-31,0.05122363958734896
2085-02-01,0.04933031226799802
2085-02-02,0.2161538461145932
2085-02-03,0.0384756384906635
2085-02-04,0.0503516807732768
2085-02-05,0.11464049454760368
2085-02-06,0.13804196420799364
2085-02-07,0.04716319201157434
2085-02-08,0.03487587345582635
2085-02-09,0.05761509435783833
2085-02-10,0.07307369549964797
2085-02-11,0.0437517455876198
2085-02-12,0.03676503666744562
2085-02-13,0.055493389749967086
2085-02-14,0.07997965848160249
2085-02-15,0.10620995876923853
2085-02-16,0.048501058579011165
2085-02-17,0.055066430300702005
2085-02-18,0.0564302312775866
2085-02-19,0.0691422671903199
2085-02-20,0.07852990222684514
2085-02-21,0.07761939281715925
2085-02-22,0.0821905748021627
2085-02-23,0.09131532104470494
2085-02-24,0.09576561215738996
2085-02-25,0.1726993357743027
2085-02-26,0.7651160862056364
2085-02-27,3.0710426193464344
2085-02-28,0.7835175800920618
2085-03-01,0.4940129636250872
2085-03-02,0.4444584279396005
2085-03-03,0.44704249532496704
2085-03-04,0.4384672063355589
2085-03-05,0.4118348684269829
2085-03-06,0.402884083810707
2085-03-07,0.38971451410723895
2085-03-08,0.3919170630238356
2085-03-09,0.4057038055892555
2085-03-10,0.4910325830737531
2085-03-11,0.4439776494584496
2085-03-12,0.4298742652592486
2085-03-13,0.4479976687532029
2085-03-14,0.38405615474453386
2085-03-15,0.4963661515953438
2085-03-16,0.6845845660770549
2085-03-17,0.7688787017082406
2085-03-18,0.4527116336786498
2085-03-19,0.4631035871944357
2085-03-20,0.511647670582764
2085-03-21,0.6680889155129752
2085-03-22,0.9080155648828396
2085-03-23,0.777782712051376
2085-03-24,0.8010550007539698
2085-03-25,0.8228581262005451
2085-03-26,0.6203611948073772
2085-03-27,0.6005522578673618
2085-03-28,0.7082845836629881
2085-03-29,0.8976436254745632
2085-03-30,1.0376951667189178
2085-03-31,1.6783945028695928
2085-04-01,1.681076552607233
2085-04-02,1.920034448999188
2085-04-03,1.0753425473925171
2085-04-04,0.7848607698072197
2085-04-05,1.0169102959484373
2085-04-06,1.6903596205797526
2085-04-07,2.8249999694488417
2085-04-08,3.5519982462883006
2085-04-09,4.741666354997434
2085-04-10,3.226819955148593
2085-04-11,4.174819410983049
2085-04-12,5.259873088104946
2085-04-13,7.5967366407764185
2085-04-14,9.492140568545828
2085-04-15,13.045733041213268
2085-04-16,14.810630427347732
2085-04-17,9.395159543171426
2085-04-18,2.520532793198788
2085-04-19,1.9150070521588705
2085-04-20,1.9510891848535417
2085-04-21,2.710090148711731
2085-04-22,3.116187227592455
2085-04-23,2.2018924589195783
2085-04-24,2.15727481371833
2085-04-25,2.3689530996306307
2085-04-26,2.60900852732115
2085-04-27,4.214802922139489
2085-04-28,4.361986092353152
2085-04-29,3.6705445260260485
2085-04-30,5.124553296286921
2085-05-01,2.8723628680124715
2085-05-02,2.584402603731121
2085-05-03,2.6645172351140283
2085-05-04,2.448931057433217
2085-05-05,3.708413223515637
2085-05-06,5.658797871223452
2085-05-07,5.451189411464564
2085-05-08,5.286076789332066
2085-05-09,6.868191083654494
2085-05-10,9.066971884313636
2085-05-11,11.60721727806839
2085-05-12,8.590218114483383
2085-05-13,13.253329816792677
2085-05-14,15.989909177236235
2085-05-15,21.198434332781577
2085-05-16,24.11002251795897
2085-05-17,22.989491759364824
2085-05-18,27.820797436814054
2085-05-19,35.172187946766954
2085-05-20,45.84482780834613
2085-05-21,46.10413547963525
2085-05-22,45.94619210267633
2085-05-23,39.988551919113185
2085-05-24,31.57211998953233
2085-05-25,23.725369527353735
2085-05-26,19.9333467103915
2085-05-27,16.385062029072884
2085-05-28,12.27949975780157
2085-05-29,11.88106492239657
2085-05-30,10.33056394985016
2085-05-31,9.454191855731828
2085-06-01,10.76572200433582
2085-06-02,8.72733554283554
2085-06-03,6.546431352867838
2085-06-04,5.724839618420213
2085-06-05,5.5451263264657715
2085-06-06,5.943723574606995
2085-06-07,7.203066852361666
2085-06-08,7.8080459769246175
2085-06-09,6.6874311312025085
2085-06-10,6.166999831845166
2085-06-11,6.389429934653027
2085-06-12,5.065370890548829
2085-06-13,4.76324027190348
2085-06-14,4.068882345574351
2085-06-15,3.49228432676512
2085-06-16,3.1158936986445016
2085-06-17,2.7313996345597853
2085-06-18,2.3780164823003926
2085-06-19,2.0135855142590433
2085-06-20,1.8668437477889095
2085-06-21,1.7369394408930618
2085-06-22,1.629278095668175
2085-06-23,1.7612150290747604
2085-06-24,1.9270514010638309
2085-06-25,1.87875173610053
2085-06-26,1.6802092058956732
2085-06-27,1.5343743708521083
2085-06-28,1.4390513404312262
2085-06-29,1.2715890428558796
2085-06-30,1.0317997494218016
2085-07-01,2.0498734220665282
2085-07-02,1.7681587237775205
2085-07-03,1.771394496413328
2085-07-04,1.7816088504191503
2085-07-05,1.6680943979729137
2085-07-06,1.536347132822938
2085-07-07,1.3765699460272551
2085-07-08,1.2151958856058456
2085-07-09,1.2145196832394003
2085-07-10,0.800931789872243
2085-07-11,0.6934975376701015
2085-07-12,0.9979232475993292
2085-07-13,1.5711396373299311
2085-07-14,1.2632180395559929
2085-07-15,1.5000726300885938
2085-07-16,1.1064832731526322
2085-07-17,0.5418226008659425
2085-07-18,0.5314844366998468
2085-07-19,0.4608625197958027
2085-07-20,0.4128558007838354
2085-07-21,0.368814043191007
2085-07-22,0.3307323328616638
2085-07-23,0.2974805640782237
2085-07-24,0.268225894193434
2085-07-25,0.2428857325066191
2085-07-26,0.22068463911913294
2085-07-27,0.20117123330226647
2085-07-28,0.1846961154019299
2085-07-29,0.17103988779516865
2085-07-30,0.15989775447571633
2085-07-31,0.1508255887637788
2085-08-01,0.18776059013812926
2085-08-02,0.17812651209339025
2085-08-03,0.19594351962970644
2085-08-04,0.17009666182195546
2085-08-05,0.19204862092982694
2085-08-06,0.16007615592544053
2085-08-07,0.212864919902704
2085-08-08,0.284178618321173
2085-08-09,0.32571416759683536
2085-08-10,0.18005956769470494
2085-08-11,0.15740283490593987
2085-08-12,0.18181201511854286
2085-08-13,0.1847097448608352
2085-08-14,0.2677484003161648
2085-08-15,0.15328058389717938
2085-08-16,0.6180369797657465
2085-08-17,0.14798502655969506
2085-08-18,0.1394065476867678
2085-08-19,0.13786167449819953
2085-08-20,0.13624257569118425
2085-08-21,0.13468972849595684
2085-08-22,0.13323503043697651
2085-08-23,0.13177016962913896
2085-08-24,0.13032047586014325
2085-08-25,0.12901052513254754
2085-08-26,0.1279099698101574
2085-08-27,0.1270294027338597
2085-08-28,0.1262607696146742
2085-08-29,0.12550998072324096
2085-08-30,0.12469782519841277
2085-08-31,0.12377354210698148
2085-09-01,0.05633966190506574
2085-09-02,0.05603451066294984
2085-09-03,0.05579517425281747
2085-09-04,0.055540974214084486
2085-09-05,0.05525961872685513
2085-09-06,0.05495879153462164
2085-09-07,0.05465257981539679
2085-09-08,0.12842924332436553
2085-09-09,0.06430586862422268
2085-09-10,0.1343460805990949
2085-09-11,0.05383857583052599
2085-09-12,0.05358779682253688
2085-09-13,0.0533766724799402
2085-09-14,0.05320082320743812
2085-09-15,0.05302728425271085
2085-09-16,0.05284840356765659
2085-09-17,0.052672864374474736
2085-09-18,0.052512334733413095
2085-09-19,0.053194451287238036
2085-09-20,0.05225163989286108
2085-09-21,0.05395474861220405
2085-09-22,0.07891285081853708
2085-09-23,0.2975719900063202
2085-09-24,0.056234388061467785
2085-09-25,0.051950082942413774
2085-09-26,0.05185897395234768
2085-09-27,0.05202115044104077
2085-09-28,0.05169447370974428
2085-09-29,0.05157140954322477
2085-09-30,0.05143984799162119
2085-10-01,0.08606457855386107
2085-10-02,0.08584273749826568
2085-10-03,0.08562238063054907
2085-10-04,0.08541063637157169
2085-10-05,0.0851971619218482
2085-10-06,0.08499474998433444
2085-10-07,0.08481467612818497
2085-10-08,0.08660521074883308
2085-10-09,0.08456468201255034
2085-10-10,0.08447615523509637
2085-10-11,0.11137062860237666
2085-10-12,0.09009595471936464
2085-10-13,0.08743802891847753
2085-10-14,0.3794918726037194
2085-10-15,0.8774698731699686
2085-10-16,0.31440848865446624
2085-10-17,0.1600451056695989
2085-10-18,0.08407722773106636
2085-10-19,0.08396599696173297
2085-10-20,0.08387138252655392
2085-10-21,0.08379967313548736
2085-10-22,0.08373808568791549
2085-10-23,0.09860671269165716
2085-10-24,0.09524836736421294
2085-10-25,0.08369396380077468
2085-10-26,0.08350944699759852
2085-10-27,0.08344206201682006
2085-10-28,0.0833698456733996
2085-10-29,0.08329314495309979
2085-10-30,0.08322779538428303
2085-10-31,0.08317496832630646
2085-11-01,0.055653396074429234
2085-11-02,0.05562359891596135
2085-11-03,0.05565722315866761
2085-11-04,0.055561992353315166
2085-11-05,0.05552504869986122
2085-11-06,0.05547964082744528
2085-11-07,0.055431875513674185
2085-11-08,0.05538658392195117
2085-11-09,0.055344306867366466
2085-11-10,0.05698527997230837
2085-11-11,0.5509022406389416
2085-11-12,0.06805556742478733
2085-11-13,0.1045114187719902
2085-11-14,0.14066561389308946
2085-11-15,0.05679163309291493
2085-11-16,0.0834994292787309
2085-11-17,4.9064545574952385
2085-11-18,79.06223467697643
2085-11-19,34.65234071694288
2085-11-20,5.357122897602227
2085-11-21,0.7080037720820479
2085-11-22,0.1064044007266225
2085-11-23,0.2052365347376148
2085-11-24,0.9206577420753947
2085-11-25,0.9518033221751434
2085-11-26,0.11475250200701195
2085-11-27,0.12990219743567868
2085-11-28,0.1441338507287398
2085-11-29,0.15664194591341932
2085-11-30,0.15939020853614105
2085-12-01,0.18385528343860427
2085-12-02,0.2177201653558376
2085-12-03,0.4075672749414409
2085-12-04,0.3167459037044381
2085-12-05,0.1864704098295602
2085-12-06,0.1779470404158318
2085-12-07,0.12363195421170173
2085-12-08,0.11312103897745635
2085-12-09,0.12461731500158528
2085-12-10,0.14399059332066566
2085-12-11,0.12205017807878075
2085-12-12,0.1287164016120652
2085-12-13,0.1360469712518554
2085-12-14,0.1427852485126607
2085-12-15,0.17628241372134426
2085-12-16,0.1771148060245878
2085-12-17,0.2498072638361271
2085-12-18,0.14325109222199442
2085-12-19,0.13540428902841148
2085-12-20,0.21440731334876525
2085-12-21,0.24077837219689674
2085-12-22,0.1499234300268515
2085-12-23,0.19419594776584506
2085-12-24,0.12824517334153193
2085-12-25,0.14430058444428884
2085-12-26,0.13110950653936498
2085-12-27,0.1242829618398694
2085-12-28,0.12348418561871935
2085-12-29,0.12006467790313853
2085-12-30,0.12469090405165775
2085-12-31,0.12037390765979587
2086-01-01,0.07448475113016187
2086-01-02,0.07946069173167727
2086-01-03,0.4196091240060891
2086-01-04,0.904602636835586
2086-01-05,1.9594362810135453
2086-01-06,0.2364847903593979
2086-01-07,0.1465762040620108
2086-01-08,0.16290443543785227
2086-01-09,0.17896910197631274
2086-01-10,0.4334028008019639
2086-01-11,0.32362582850178223
2086-01-12,0.2662826873046878
2086-01-13,0.2530816031996715
2086-01-14,0.3018546376492268
2086-01-15,0.5028600054845563
2086-01-16,0.41590865104290775
2086-01-17,0.3874431660283144
2086-01-18,0.4005879175006718
2086-01-19,0.4577020167566293
2086-01-20,0.5527302755895976
2086-01-21,0.5219538275237996
2086-01-22,0.5223175055922223
2086-01-23,0.4719504579773317
2086-01-24,0.5197279453117765
2086-01-25,0.4321531317933156
2086-01-26,0.4210374549976544
2086-01-27,0.3964038685188785
2086-01-28,0.392826348133692
2086-01-29,0.3803178092976968
2086-01-30,0.3794177341229875
2086-01-31,0.3857225945881239
2086-02-01,0.3307606139639935
2086-02-02,0.3274492670507765
2086-02-03,0.3314408720640791
2086-02-04,0.3012230123696932
2086-02-05,0.3101014804362924
2086-02-06,0.3172087830002403
2086-02-07,0.3939190738928989
2086-02-08,0.3338966147504084
2086-02-09,0.3218327670301361
2086-02-10,0.3574144405378596
2086-02-11,0.4371050863462577
2086-02-12,0.4671500964411536
2086-02-13,0.5279967196870075
2086-02-14,0.7790644524873596
2086-02-15,2.164699232147989
2086-02-16,1.9454650568352925
2086-02-17,1.5186412443724189
2086-02-18,2.2592928327045145
2086-02-19,2.1611250166609586
2086-02-20,1.6725401807931102
2086-02-21,1.4754789376645738
2086-02-22,1.2755867003472583
2086-02-23,1.2270837439627142
2086-02-24,1.1608706786921077
2086-02-25,1.1092395223096299
2086-02-26,1.117351904528595
2086-02-27,1.3554458978144517
2086-02-28,2.1656252111708825
2086-03-01,6.595604426044159
2086-03-02,12.344686454006755
2086-03-03,6.480231710252572
2086-03-04,6.249695195427617
2086-03-05,8.476258307982151
2086-03-06,9.945005556940012
2086-03-07,11.83579518445877
2086-03-08,12.106071302462466
2086-03-09,12.139002228909776
2086-03-10,12.224485415134168
2086-03-11,9.665579259396834
2086-03-12,8.917094254677352
2086-03-13,7.894481085344031
2086-03-14,6.240076619880158
2086-03-15,6.31462734989767
2086-03-16,6.550200250455068
2086-03-17,6.13387802520063
2086-03-18,6.045840166073267
2086-03-19,5.889384442827107
2086-03-20,5.848943638700359
2086-03-21,5.322845985205081
2086-03-22,5.21664663872584
2086-03-23,5.023861919302863
2086-03-24,4.694719712776761
2086-03-25,5.023903939297801
2086-03-26,5.165006880106918
2086-03-27,5.656349343971403
2086-03-28,7.268011660558794
2086-03-29,5.949262647778543
2086-03-30,6.1670480687565945
2086-03-31,6.110643098894423
2086-04-01,5.5559837067629045
2086-04-02,6.8960242905168645
2086-04-03,9.260686093065091
2086-04-04,10.52490694585712
2086-04-05,8.399614111917789
2086-04-06,7.047147583383516
2086-04-07,7.869989158827474
2086-04-08,8.607947522661439
2086-04-09,6.442354923179948
2086-04-10,6.551496567055298
2086-04-11,10.865624480874665
2086-04-12,13.816921662113561
2086-04-13,13.646037855066625
2086-04-14,14.995770623573787
2086-04-15,17.690371990133734
2086-04-16,13.31052281946092
2086-04-17,7.586524231401764
2086-04-18,7.046550111869756
2086-04-19,6.632726734239864
2086-04-20,6.458832201131147
2086-04-21,6.682626290661893
2086-04-22,6.492362522089228
2086-04-23,6.499170944565632
2086-04-24,6.212845285354391
2086-04-25,5.857846748396988
2086-04-26,6.048497641156316
2086-04-27,6.343958335622156
2086-04-28,6.9148114805300045
2086-04-29,7.556461113242057
2086-04-30,7.840581236511906
2086-05-01,8.371884825637625
2086-05-02,8.714274302153088
2086-05-03,9.789038883293472
2086-05-04,11.800245525105915
2086-05-05,13.517658568459899
2086-05-06,14.57753758025415
2086-05-07,14.011230241655454
2086-05-08,14.814238266830163
2086-05-09,16.01371748885861
2086-05-10,15.35963727068067
2086-05-11,10.189364290383168
2086-05-12,10.199334853586537
2086-05-13,8.309878117629184
2086-05-14,5.5279797232159344
2086-05-15,5.357056546070639
2086-05-16,5.3069699638758685
2086-05-17,5.159186862757575
2086-05-18,3.91151249675456
2086-05-19,3.976905799728565
2086-05-20,3.9077378618228247
2086-05-21,3.0396386742674
2086-05-22,3.1159592600199297
2086-05-23,2.7219062506972493
2086-05-24,2.613295236519161
2086-05-25,1.865535087362619
2086-05-26,1.8339578794925688
2086-05-27,1.6345491048418723
2086-05-28,1.4022304768998697
2086-05-29,1.4267446805891868
2086-05-30,1.4471037264188682
2086-05-31,1.789632555187035
2086-06-01,2.0926724830694554
2086-06-02,1.4695006735262364
2086-06-03,1.3350030592600657
2086-06-04,1.3155673585624186
2086-06-05,1.11350594217291
2086-06-06,1.098550964765307
2086-06-07,1.1875379162396345
2086-06-08,1.296839909538239
2086-06-09,1.0267536081029445
2086-06-10,0.8332619931126629
2086-06-11,0.7826812432098215
2086-06-12,0.6941483097385508
2086-06-13,0.6278128999161635
2086-06-14,0.5708017158616795
2086-06-15,0.5186473038698891
2086-06-16,0.4930397974812588
2086-06-17,0.4370794448372081
2086-06-18,0.40502573266038944
2086-06-19,0.34750965000894457
2086-06-20,0.2369993338360463
2086-06-21,0.21875125009047325
2086-06-22,0.19986361691159893
2086-06-23,0.18277106409507346
2086-06-24,0.18077632024761212
2086-06-25,0.15160310842370112
2086-06-26,0.13638438197869426
2086-06-27,0.12245408759171462
2086-06-28,0.11026698235053667
2086-06-29,0.09963455418010138
2086-06-30,0.09059601350864303
2086-07-01,0.20052837459020187
2086-07-02,0.18205349970291065
2086-07-03,0.16973135158287286
2086-07-04,0.16455095837636344
2086-07-05,0.1510920995288351
2086-07-06,0.1437511336783416
2086-07-07,0.1371760046239202
2086-07-08,0.13133359956478638
2086-07-09,0.12632678636672273
2086-07-10,0.12206679311394375
2086-07-11,0.11836122825036037
2086-07-12,0.1198617047361746
2086-07-13,0.11240805559406633
2086-07-14,0.12529620377541045
2086-07-15,0.10884794554068164
2086-07-16,0.13003882690818416
2086-07-17,0.10799205901701237
2086-07-18,0.1363203787556624
2086-07-19,0.1437882002663334
2086-07-20,0.15397916620454788
2086-07-21,0.10104019662622607
2086-07-22,0.09971946197834082
2086-07-23,0.09848482823721946
2086-07-24,0.0973005000156354
2086-07-25,0.09618448993735854
2086-07-26,0.09513286917299828
2086-07-27,0.09418490712495102
2086-07-28,0.0933172599850606
2086-07-29,0.09247325640393253
2086-07-30,0.09167455651725936
2086-07-31,0.09095151456709548
2086-08-01,0.11801416748673113
2086-08-02,0.11588430858635837
2086-08-03,0.1151338793505601
2086-08-04,0.12132796231919493
2086-08-05,0.1168495446324456
2086-08-06,0.11344172206840387
2086-08-07,0.1198186063278002
2086-08-08,0.11240810585852776
2086-08-09,0.1119094120425318
2086-08-10,0.15651830417500714
2086-08-11,0.1109841633803854
2086-08-12,0.11057468623908856
2086-08-13,0.1101701029531444
2086-08-14,0.12274757463919594
2086-08-15,0.10944765196889067
2086-08-16,0.10910679364863532
2086-08-17,0.10877979083037986
2086-08-18,0.10846296229281553
2086-08-19,0.10815528163999452
2086-08-20,0.10785630599493956
2086-08-21,0.107567460821969
2086-08-22,0.2407016759157499
2086-08-23,0.10774191546413883
2086-08-24,0.17776882016541104
2086-08-25,0.1413055898447426
2086-08-26,0.3785494691081912
2086-08-27,0.2972050720398444
2086-08-28,0.5929664805675985
2086-08-29,0.3605025238842667
2086-08-30,0.11520730246272713
2086-08-31,0.1061581166173109
2086-09-01,0.04861686200960776
2086-09-02,0.04855949826089562
2086-09-03,0.04850225374806006
2086-09-04,0.04844940289937385
2086-09-05,0.04839882388504885
2086-09-06,0.04834494281240514
2086-09-07,0.048290500170100434
2086-09-08,0.0482417787017408
2086-09-09,0.0482020199110703
2086-09-10,0.07910907365910938
2086-09-11,1.2918852921720556
2086-09-12,0.2553402626446277
2086-09-13,0.048460459018470715
2086-09-14,0.04810080752858452
2086-09-15,0.04807716870972453
2086-09-16,0.05008280372649922
2086-09-17,0.04803667227923979
2086-09-18,0.048015225352523366
2086-09-19,0.04799039178961679
2086-09-20,0.04796457923916853
2086-09-21,0.0479400076955209
2086-09-22,0.04791608498080696
2086-09-23,0.04789245334265877
2086-09-24,0.04786878365710987
2086-09-25,0.04784496649998336
2086-09-26,0.048193629657195945
2086-09-27,0.048129499006574164
2086-09-28,0.048363564567496166
2086-09-29,0.04776357101714261
2086-09-30,0.047744334658662776
2086-10-01,0.0801014461876624
2086-10-02,0.08111426776579221
2086-10-03,0.07999721571321562
2086-10-04,0.07997035464316868
2086-10-05,0.07994279076989458
2086-10-06,0.0799150921840794
2086-10-07,0.0798879773275888
2086-10-08,0.07986155321245228
2086-10-09,0.07983631062119009
2086-10-10,1.7551423721394952
2086-10-11,0.8080695914712859
2086-10-12,0.20316145479256772
2086-10-13,0.08441253597732679
2086-10-14,0.0797583320356917
2086-10-15,0.08634652842783068
2086-10-16,0.4822780669715737
2086-10-17,0.6736681625723523
2086-10-18,0.856998253495285
2086-10-19,0.7901872040519472
2086-10-20,0.6294233274785085
2086-10-21,0.2326301846468223
2086-10-22,0.10120544042231032
2086-10-23,0.08090161522179577
2086-10-24,0.08036532323056947
2086-10-25,0.08047683662669904
2086-10-26,0.0910214669091384
2086-10-27,0.08297925576696542
2086-10-28,0.08072498281999267
2086-10-29,0.2527994882922022
2086-10-30,0.11681669979335894
2086-10-31,0.22373778335740815
2086-11-01,0.10526500978804712
2086-11-02,0.05571899472845414
2086-11-03,0.054364472899694365
2086-11-04,0.054322904541110176
2086-11-05,0.3126386549943306
2086-11-06,0.12884871366944267
2086-11-07,0.08650640353866049
2086-11-08,0.0686355151192491
2086-11-09,0.16682003851241925
2086-11-10,0.15980478115368876
2086-11-11,0.4131584421753179
2086-11-12,0.3508228160337496
2086-11-13,0.2846609313256305
2086-11-14,0.3599532068096411
2086-11-15,0.6408249176171259
2086-11-16,0.6883194136854954
2086-11-17,0.7701880018244265
2086-11-18,0.7852257790361846
2086-11-19,0.690188863091564
2086-11-20,0.4417335032597433
2086-11-21,0.2500675724369039
2086-11-22,0.13831451994927027
2086-11-23,0.07981004742155982
2086-11-24,0.07768041782223692
2086-11-25,0.07321065298395663
2086-11-26,0.3234642862641195
2086-11-27,0.6687265916331334
2086-11-28,0.29878036468903524
2086-11-29,0.09612984534482248
2086-11-30,0.1190800161528022
2086-12-01,0.06925949759248748
2086-12-02,0.06890047163158057
2086-12-03,0.07355836371828695
2086-12-04,0.07952104478681038
2086-12-05,0.1045843971968814
2086-12-06,0.1058421074183718
2086-12-07,0.1247855587993256
2086-12-08,0.15213691234333468
2086-12-09,0.16393656205021165
2086-12-10,0.22446168394277835
2086-12-11,0.2256241098578179
2086-12-12,0.09276362724259757
2086-12-13,0.08067297373831239
2086-12-14,0.08801864562297601
2086-12-15,0.10206196483611774
2086-12-16,0.07152478722056275
2086-12-17,0.14084880981518216
2086-12-18,0.08185000532632966
2086-12-19,0.07909285671216702
2086-12-20,0.0935941374568178
2086-12-21,0.13936665489002786
2086-12-22,0.08657178859273623
2086-12-23,0.07281243055533737
2086-12-24,0.07538555934820536
2086-12-25,0.07621349097180727
2086-12-26,0.12599279359217253
2086-12-27,0.18252237161141652
2086-12-28,0.1804214256197092
2086-12-29,0.15228608885174474
2086-12-30,0.23436581402799825
2086-12-31,0.27255197703078754
2087-01-01,0.1929714726564732
2087-01-02,0.20569870596889905
2087-01-03,0.08928214608105131
2087-01-04,0.1789284782800273
2087-01-05,0.1475420341663256
2087-01-06,0.12208122646612042
2087-01-07,0.05467305413907853
2087-01-08,0.1723570667221542
2087-01-09,0.4883820875064432
2087-01-10,0.1848463218181532
2087-01-11,0.06547242058932863
2087-01-12,0.053736654149191286
2087-01-13,0.05277414857927165
2087-01-14,0.04979102729787116
2087-01-15,0.06771924626011372
2087-01-16,0.10107206461123544
2087-01-17,0.14516473202636573
2087-01-18,0.1652323113939171
2087-01-19,0.22472373284592426
2087-01-20,0.2503809546208667
2087-01-21,0.5214674797373093
2087-01-22,0.5987352291705879
2087-01-23,0.7020814090762735
2087-01-24,0.21735429543134266
2087-01-25,0.06919637233313464
2087-01-26,0.06556053150766553
2087-01-27,0.0930915081333455
2087-01-28,0.111561489165996
2087-01-29,0.05834211142331456
2087-01-30,0.0605297966855539
2087-01-31,0.05950932890399574
2087-02-01,0.11754586749848488
2087-02-02,0.25828591166329684
2087-02-03,0.14499444968972813
2087-02-04,0.04751158280751459
2087-02-05,0.051867597646432506
2087-02-06,0.21463925071553855
2087-02-07,0.10335040140784436
2087-02-08,0.06992048704497178
2087-02-09,0.08155689504064262
2087-02-10,0.1729463644288276
2087-02-11,0.15541529171136334
2087-02-12,0.0653428319774987
2087-02-13,0.11050954307001128
2087-02-14,0.25691792282708514
2087-02-15,0.09040039507396223
2087-02-16,0.0909432311807644
2087-02-17,0.16329449351731132
2087-02-18,0.4541322164337904
2087-02-19,0.231062341466412
2087-02-20,0.550438352493077
2087-02-21,0.8819715435198596
2087-02-22,0.35314551156533075
2087-02-23,0.4781999473628147
2087-02-24,0.6556561593759758
2087-02-25,0.7386877461303427
2087-02-26,0.6722333310738093
2087-02-27,0.4499714424827448
2087-02-28,0.5806060276594142
2087-03-01,0.8304831283383665
2087-03-02,0.7037654172090865
2087-03-03,0.7530550250406337
2087-03-04,0.9508946244337008
2087-03-05,1.2944739158511898
2087-03-06,1.675272489415356
2087-03-07,1.947547955229065
2087-03-08,2.170224137679494
2087-03-09,1.1622724734836103
2087-03-10,1.0947816925734846
2087-03-11,0.8646731641146356
2087-03-12,0.8342442559541463
2087-03-13,0.8782788913327239
2087-03-14,1.1644950727166428
2087-03-15,1.471498040006038
2087-03-16,2.146088694505536
2087-03-17,1.7792651850411427
2087-03-18,1.4065684738245792
2087-03-19,1.4465150143595884
2087-03-20,1.8851844929053336
2087-03-21,1.7311026980951625
2087-03-22,1.9431443582381
2087-03-23,1.9437938987128875
2087-03-24,1.5768782415153129
2087-03-25,1.6149544490071297
2087-03-26,1.5364388479001787
2087-03-27,1.4838572098129623
2087-03-28,1.573981411279337
2087-03-29,1.9787941276001828
2087-03-30,3.8191376764064593
2087-03-31,9.291776201823426
2087-04-01,5.2716948664691525
2087-04-02,5.469473478756652
2087-04-03,7.293485939345557
2087-04-04,6.2471802048765195
2087-04-05,3.0234972215127227
2087-04-06,4.713198920213578
2087-04-07,6.860638322257701
2087-04-08,7.560946801743056
2087-04-09,3.2519375857132617
2087-04-10,7.022309815477558
2087-04-11,24.418972306578244
2087-04-12,14.161276765052529
2087-04-13,11.586404242968278
2087-04-14,15.221905777437696
2087-04-15,6.373978504691093
2087-04-16,7.289215303999492
2087-04-17,5.901450114642568
2087-04-18,5.419265524234944
2087-04-19,5.89353270087519
2087-04-20,7.5844278008101425
2087-04-21,9.33747419844475
2087-04-22,5.768531783348572
2087-04-23,6.697082485882484
2087-04-24,6.651258489108787
2087-04-25,7.592193620039063
2087-04-26,8.54091623036283
2087-04-27,7.029036144828516
2087-04-28,7.596346530207554
2087-04-29,6.096428677497691
2087-04-30,5.983433035196434
2087-05-01,7.110007474081846
2087-05-02,9.158413183007818
2087-05-03,11.953155451683314
2087-05-04,16.397215805090013
2087-05-05,22.03766246032949
2087-05-06,25.27157236739913
2087-05-07,27.7578724441134
2087-05-08,24.015377604404396
2087-05-09,21.91492925054928
2087-05-10,16.169269961981346
2087-05-11,8.852236988826903
2087-05-12,6.981165880437606
2087-05-13,7.1635146274295805
2087-05-14,8.349044287574745
2087-05-15,10.286397030550148
2087-05-16,10.658288000669096
2087-05-17,9.094744935450318
2087-05-18,6.3649526055556604
2087-05-19,6.519388451586791
2087-05-20,6.889039535292108
2087-05-21,7.619554009754188
2087-05-22,8.16249491861598
2087-05-23,7.899201828224629
2087-05-24,9.569845766830984
2087-05-25,12.378580520416934
2087-05-26,14.609970015901576
2087-05-27,12.539708770073242
2087-05-28,13.670164033544216
2087-05-29,12.685805131708571
2087-05-30,7.325523809364603
2087-05-31,6.1228377171520725
2087-06-01,6.431048809223659
2087-06-02,5.884136213392229
2087-06-03,6.1540857860400315
2087-06-04,4.669746654928474
2087-06-05,3.8645403002738408
2087-06-06,3.3878947216673003
2087-06-07,3.3886048044104036
2087-06-08,3.4387746751122417
2087-06-09,3.669525355799532
2087-06-10,4.176190433172102
2087-06-11,4.038529317980857
2087-06-12,3.4104183292538504
2087-06-13,3.2009019617609886
2087-06-14,2.5828819591109933
2087-06-15,2.3098523833021654
2087-06-16,2.131219004326819
2087-06-17,1.9425519614331797
2087-06-18,1.870088107556143
2087-06-19,1.7369503442347538
2087-06-20,1.7000838303142665
2087-06-21,1.563606937548279
2087-06-22,1.232496043293001
2087-06-23,1.2799292032642204
2087-06-24,1.3010251531393502
2087-06-25,1.142194563503793
2087-06-26,0.922383646334954
2087-06-27,0.7966614549728515
2087-06-28,0.7626228950693003
2087-06-29,0.7349973057998123
2087-06-30,0.6434395416661958
2087-07-01,1.3918356680697446
2087-07-02,1.2867103120584356
2087-07-03,0.9332457720934292
2087-07-04,0.8616579388340506
2087-07-05,0.6742570391437073
2087-07-06,0.6165484595990421
2087-07-07,0.5532117999263317
2087-07-08,0.496645900068228
2087-07-09,0.439687455777192
2087-07-10,0.3872657556963242
2087-07-11,0.36575691218557577
2087-07-12,0.3089525461554589
2087-07-13,0.30138766429495256
2087-07-14,0.2535389694856475
2087-07-15,0.23176685926155344
2087-07-16,0.21081431189096125
2087-07-17,0.19223607679636925
2087-07-18,0.17604421974524853
2087-07-19,0.16262030438161545
2087-07-20,0.15238245486888807
2087-07-21,0.1890494314525014
2087-07-22,0.186297946306503
2087-07-23,0.18930019961977806
2087-07-24,0.13767334505458445
2087-07-25,0.3305185190099689
2087-07-26,0.15426604751575768
2087-07-27,0.12184034568719615
2087-07-28,0.11891730681058292
2087-07-29,0.11624149019123338
2087-07-30,0.113787325396798
2087-07-31,0.11154189472530136
2087-08-01,0.14144142697435558
2087-08-02,0.13911839315267588
2087-08-03,0.13692525484014953
2087-08-04,0.13485470709385844
2087-08-05,0.1329013319706464
2087-08-06,0.13114361107155253
2087-08-07,0.1295479217471651
2087-08-08,0.1279747058946316
2087-08-09,0.1264164819502611
2087-08-10,0.13448904654642682
2087-08-11,0.12375490038222416
2087-08-12,0.1949970775147612
2087-08-13,0.12148958862979285
2087-08-14,0.120408068211459
2087-08-15,0.11941815314536358
2087-08-16,0.11854222555164627
2087-08-17,0.11771486395630533
2087-08-18,0.11689687733083284
2087-08-19,0.11613226195210867
2087-08-20,0.11545192219812453
2087-08-21,0.11485111256152072
2087-08-22,0.11429870689663027
2087-08-23,0.11378867768821238
2087-08-24,0.11335256956619888
2087-08-25,0.1129394025620744
2087-08-26,0.11245838431617332
2087-08-27,0.11194386075755712
2087-08-28,0.11144149839056967
2087-08-29,0.11098112646613596
2087-08-30,0.11235446708697792
2087-08-31,0.1328757763214828
2087-09-01,0.09076737782599288
2087-09-02,0.06528429923378977
2087-09-03,0.06754599123592515
2087-09-04,0.050153390441305214
2087-09-05,0.04990768133978517
2087-09-06,0.04978244727702374
2087-09-07,0.04968574824051939
2087-09-08,0.05688909701533582
2087-09-09,0.04956217898426592
2087-09-10,0.0494774704313102
2087-09-11,0.049377803169953716
2087-09-12,0.049276474280576826
2087-09-13,0.04918089868732459
2087-09-14,0.04909697444667143
2087-09-15,0.04902254675664172
2087-09-16,0.048958492667372434
2087-09-17,0.04890890350965029
2087-09-18,0.049648354827310434
2087-09-19,0.04882673172321509
2087-09-20,0.04879041262731036
2087-09-21,0.04914554994108911
2087-09-22,0.048700493405499916
2087-09-23,0.048641133243026186
2087-09-24,0.04858121603079465
2087-09-25,0.04874608728437349
2087-09-26,0.048482638460081946
2087-09-27,0.04843067332994032
2087-09-28,0.04838596423438389
2087-09-29,0.04834892148017676
2087-09-30,0.048686016930269534
2087-10-01,0.0809970748777178
2087-10-02,0.08095146159320016
2087-10-03,0.08090473252659823
2087-10-04,0.08085893107831378
2087-10-05,0.08081559261610778
2087-10-06,0.08077547478083945
2087-10-07,0.08073903887270302
2087-10-08,0.08246571985032185
2087-10-09,0.08065444622471273
2087-10-10,0.0806033961733236
2087-10-11,0.08056002551913051
2087-10-12,0.08052592836705585
2087-10-13,0.08084470148925336
2087-10-14,0.09789880828955014
2087-10-15,0.09050434371777427
2087-10-16,0.0804162952257997
2087-10-17,0.08039002921325257
2087-10-18,0.08036319794235648
2087-10-19,0.08033574688515842
2087-10-20,0.0803081547384798
2087-10-21,0.08028088187587777
2087-10-22,0.08025503442825972
2087-10-23,0.08023103758525238
2087-10-24,0.0802066240615693
2087-10-25,0.0801823393701518
2087-10-26,0.08015944658443305
2087-10-27,0.08013748743664935
2087-10-28,0.08011556341443789
2087-10-29,0.08098265383160476
2087-10-30,0.080854654671353
2087-10-31,0.08004595255321656
2087-11-01,0.0535739832799035
2087-11-02,0.054532874108493765
2087-11-03,0.05354538136347836
2087-11-04,0.0535307787546768
2087-11-05,0.05351623858092425
2087-11-06,0.05350154122793355
2087-11-07,0.05348649435589452
2087-11-08,0.05347125602115791
2087-11-09,0.05345619827680674
2087-11-10,0.0534410766908257
2087-11-11,0.053425814165097216
2087-11-12,0.05341015275596316
2087-11-13,0.05339463085766742
2087-11-14,0.053379847515747716
2087-11-15,0.05417726144149144
2087-11-16,0.33215979208389124
2087-11-17,0.7574713134589794
2087-11-18,2.9106101045817363
2087-11-19,3.1402674978701013
2087-11-20,16.373096394576276
2087-11-21,2.521014993336102
2087-11-22,0.2664944034778872
2087-11-23,0.10396362395740348
2087-11-24,0.1842160644446161
2087-11-25,0.09260455664465453
2087-11-26,0.07869112915603904
2087-11-27,0.07356078785023758
2087-11-28,0.07574490541205399
2087-11-29,0.07680021639617322
2087-11-30,0.08976450961129047
2087-12-01,0.09139670483615914
2087-12-02,0.10122981370288676
2087-12-03,0.09882790434343122
2087-12-04,0.0933669231521979
2087-12-05,0.1734405784284816
2087-12-06,0.3057864799360562
2087-12-07,0.4212123051109695
2087-12-08,0.4707674246770393
2087-12-09,1.3545898926188489
2087-12-10,2.441554802101092
2087-12-11,0.7374884241680715
2087-12-12,0.5065674371856139
2087-12-13,2.0926630771574657
2087-12-14,0.25899275075294764
2087-12-15,0.8701343384416934
2087-12-16,1.3298687528971307
2087-12-17,1.1506827454599515
2087-12-18,0.12774422644048453
2087-12-19,0.2951401584718601
2087-12-20,0.14019734387923746
2087-12-21,0.10364092261387343
2087-12-22,0.1148047521220008
2087-12-23,0.15928775966587624
2087-12-24,0.14838451186140894
2087-12-25,0.1346084963277866
2087-12-26,0.11193552421772747
2087-12-27,1.1505285339999178
2087-12-28,2.2402551805783144
2087-12-29,2.9390334845142188
2087-12-30,4.962542063176562
2087-12-31,1.35493752367497
2088-01-01,2.4410018308726253
2088-01-02,2.7091298956995447
2088-01-03,2.5212255155842667
2088-01-04,2.838468673954371
2088-01-05,1.94146260504408
2088-01-06,1.891752555802536
2088-01-07,1.9474849829643872
2088-01-08,2.998684316733609
2088-01-09,2.5637103751031343
2088-01-10,1.7827176959927018
2088-01-11,1.7261027655497048
2088-01-12,1.6338373617995539
2088-01-13,1.5444028175371085
2088-01-14,1.506477655845415
2088-01-15,1.4055814682440908
2088-01-16,1.3530472062289804
2088-01-17,1.4749967204271357
2088-01-18,2.5253065211144112
2088-01-19,5.410554191035473
2088-01-20,5.999853222779338
2088-01-21,4.2449631256953335
2088-01-22,2.790171542598901
2088-01-23,3.3049622528605216
2088-01-24,1.8007800494722677
2088-01-25,1.74958841935402
2088-01-26,1.7174343748037502
2088-01-27,1.6805944969215438
2088-01-28,1.6902123967102751
2088-01-29,1.6187660934037316
2088-01-30,1.6476752300135356
2088-01-31,1.686945302773076
2088-02-01,1.1213967885870586
2088-02-02,1.039562996892022
2088-02-03,0.9944232554571292
2088-02-04,0.9436455164660544
2088-02-05,0.8991056928050123
2088-02-06,0.8548906942099829
2088-02-07,0.8061289649685462
2088-02-08,0.7542229358011747
2088-02-09,0.7186277245845799
2088-02-10,0.6987594541893504
2088-02-11,0.6667428840520165
2088-02-12,0.6082998946410105
2088-02-13,0.5839924413428323
2088-02-14,0.5694063908144997
2088-02-15,0.5920093737023536
2088-02-16,0.5807496349510239
2088-02-17,0.5293814292636397
2088-02-18,0.5197167161954508
2088-02-19,0.5297542224258551
2088-02-20,0.5463059660377662
2088-02-21,0.6409355619011363
2088-02-22,0.6961057560103471
2088-02-23,0.7969317007736967
2088-02-24,1.133776100332276
2088-02-25,0.8551674783317951
2088-02-26,0.8634936591782779
2088-02-27,1.0751639319105122
2088-02-28,0.9939720329376452
2088-02-29,0.9317192708321425
2088-03-01,1.0727628143951722
2088-03-02,1.0804386747873311
2088-03-03,1.0919335217229418
2088-03-04,1.0009554835945622
2088-03-05,1.004017174876751
2088-03-06,0.9502728211513009
2088-03-07,0.915986507255833
2088-03-08,0.8848205936645068
2088-03-09,0.8608612137491174
2088-03-10,0.7980312959386964
2088-03-11,0.7690096297506344
2088-03-12,0.7865484515794595
2088-03-13,0.9859252146215676
2088-03-14,1.4934889245458507
2088-03-15,2.118645761757596
2088-03-16,3.922138964815924
2088-03-17,6.26156673089432
2088-03-18,5.704663242343947
2088-03-19,4.48531625393333
2088-03-20,3.472556783349983
2088-03-21,3.0451749525529035
2088-03-22,5.003288516044613
2088-03-23,5.467398218936629
2088-03-24,6.961802605141164
2088-03-25,9.51313017921146
2088-03-26,11.583269690664933
2088-03-27,13.216245560644925
2088-03-28,12.628904146247606
2088-03-29,9.798159388335206
2088-03-30,4.747061517835181
2088-03-31,5.4299069050763515
2088-04-01,3.6315304448679036
2088-04-02,3.5853706228276137
2088-04-03,4.676473038151242
2088-04-04,3.20301801348362
2088-04-05,3.5474439920444323
2088-04-06,4.889367087082039
2088-04-07,3.1282185850181117
2088-04-08,3.4376911711113136
2088-04-09,6.509283616392495
2088-04-10,8.964523088157053
2088-04-11,26.83149432717813
2088-04-12,17.861335347793535
2088-04-13,17.617173041611125
2088-04-14,10.029940143211585
2088-04-15,6.427856381208303
2088-04-16,8.622564227579316
2088-04-17,9.498546855707069
2088-04-18,12.817513087682743
2088-04-19,15.882179602013974
2088-04-20,14.830175048367716
2088-04-21,10.061682235523136
2088-04-22,7.2797669840437695
2088-04-23,10.725616451063551
2088-04-24,9.692600718420373
2088-04-25,14.56122889423348
2088-04-26,19.278465475393585
2088-04-27,20.515479403888715
2088-04-28,10.134893776343674
2088-04-29,15.138553558432982
2088-04-30,24.79762891597623
2088-05-01,26.399717651249713
2088-05-02,34.23884357555078
2088-05-03,36.08497365869157
2088-05-04,27.595672076334157
2088-05-05,11.675100611232807
2088-05-06,22.355981538416753
2088-05-07,27.588478825579127
2088-05-08,27.626118228939685
2088-05-09,24.597046363829413
2088-05-10,23.751630079947308
2088-05-11,28.754560815234075
2088-05-12,26.627337219272977
2088-05-13,30.078116777544317
2088-05-14,35.19269479179818
2088-05-15,42.93774284317142
2088-05-16,52.98287157593522
2088-05-17,42.73102217300711
2088-05-18,45.77110879218574
2088-05-19,39.00610074156622
2088-05-20,38.21704510985793
2088-05-21,40.18348984103378
2088-05-22,20.357427132610386
2088-05-23,16.145985259689382
2088-05-24,14.651394545692256
2088-05-25,14.345125363180426
2088-05-26,12.140691548179015
2088-05-27,10.898135994059972
2088-05-28,11.142928543680807
2088-05-29,14.200813788500216
2088-05-30,13.183081758431596
2088-05-31,14.236560496331455
2088-06-01,10.687438211669713
2088-06-02,8.691081332446137
2088-06-03,8.45938752259207
2088-06-04,8.71979600161397
2088-06-05,8.650777365236191
2088-06-06,9.753678050447693
2088-06-07,12.193150600294905
2088-06-08,18.397590098663407
2088-06-09,26.48257400344951
2088-06-10,32.84861962209244
2088-06-11,32.30884553780045
2088-06-12,19.62670289543925
2088-06-13,17.48808219123504
2088-06-14,20.211955067301126
2088-06-15,24.054908882794162
2088-06-16,31.9250525955548
2088-06-17,26.38036868655589
2088-06-18,22.758229474789623
2088-06-19,23.379421566550032
2088-06-20,23.68718136693605
2088-06-21,23.820188794199485
2088-06-22,24.44007054084555
2088-06-23,21.426946978381398
2088-06-24,19.026544681390867
2088-06-25,17.896201011555174
2088-06-26,18.165918925940552
2088-06-27,17.298060192170727
2088-06-28,15.396065816577435
2088-06-29,13.288416772298143
2088-06-30,11.514644573222046
2088-07-01,20.866606786699
2088-07-02,17.58202337889406
2088-07-03,17.609017563708704
2088-07-04,15.604902629804275
2088-07-05,14.903524288067038
2088-07-06,13.568452944353945
2088-07-07,13.285992831159744
2088-07-08,12.034338534561515
2088-07-09,10.375859504274192
2088-07-10,10.1978338726692
2088-07-11,9.543433138513286
2088-07-12,8.141137556243304
2088-07-13,6.959436935142135
2088-07-14,6.999055400507785
2088-07-15,6.315827130371601
2088-07-16,5.5646583671395815
2088-07-17,5.221927353292823
2088-07-18,5.247820045267837
2088-07-19,5.1950021790516745
2088-07-20,4.944849680457222
2088-07-21,4.681290752152175
2088-07-22,4.31303823340141
2088-07-23,3.984946932924236
2088-07-24,3.7406176125829167
2088-07-25,3.8672833082960314
2088-07-26,3.332863680078986
2088-07-27,3.3080695014494648
2088-07-28,4.161296594053537
2088-07-29,3.927820388298998
2088-07-30,2.5976837336378686
2088-07-31,2.425503882632628
2088-08-01,2.9811615930646562
2088-08-02,3.0822790805977336
2088-08-03,2.8949712881643563
2088-08-04,2.54783103272786
2088-08-05,2.2643201592897007
2088-08-06,1.7186627881800778
2088-08-07,1.3761975178648025
2088-08-08,1.5353253028201652
2088-08-09,1.4511954810751115
2088-08-10,1.3245396622915708
2088-08-11,1.3944202809202022
2088-08-12,1.4029061431284549
2088-08-13,1.383226737471297
2088-08-14,1.276435287746954
2088-08-15,1.1004186703305254
2088-08-16,1.0652267253487853
2088-08-17,1.5527524502286838
2088-08-18,0.9029330622563302
2088-08-19,0.9422072823157488
2088-08-20,0.8700035476447009
2088-08-21,0.8065552374457514
2088-08-22,0.76196623768921
2088-08-23,0.6983086798103771
2088-08-24,0.6536021461053779
2088-08-25,0.6384351484867211
2088-08-26,0.5099566028357427
2088-08-27,0.5330858382249345
2088-08-28,0.6022089125684493
2088-08-29,0.5149387515867799
2088-08-30,0.4600646991819288
2088-08-31,0.3748443407284965
2088-09-01,0.1501386848377802
2088-09-02,0.14741623481343466
2088-09-03,0.7209171223861073
2088-09-04,2.029826750234417
2088-09-05,1.2582911349659291
2088-09-06,0.3769314475873165
2088-09-07,0.15581113836699456
2088-09-08,0.15019929050351907
2088-09-09,0.1471615092144035
2088-09-10,0.13862112117791614
2088-09-11,0.6344607695939958
2088-09-12,0.12110143183588712
2088-09-13,0.11381747617254268
2088-09-14,0.1068036301686528
2088-09-15,0.1042515025452867
2088-09-16,0.0949351784623923
2088-09-17,0.0900588495555838
2088-09-18,0.08564661797570207
2088-09-19,0.08162356499194952
2088-09-20,0.0780378167852122
2088-09-21,0.20894055027796202
2088-09-22,0.1546840708117298
2088-09-23,0.07239572700951608
2088-09-24,0.1550244265772933
2088-09-25,0.08595232951423655
2088-09-26,0.1308109692706232
2088-09-27,0.07084883238997898
2088-09-28,0.06795864896459552
2088-09-29,0.06503720762384907
2088-09-30,0.06382196208397115
2088-10-01,0.10521051348801716
2088-10-02,0.1042181753406126
2088-10-03,0.13243481285760084
2088-10-04,0.10223148780284344
2088-10-05,0.10117016604609178
2088-10-06,0.09995733445204197
2088-10-07,0.09874331926405087
2088-10-08,0.09756650175089357
2088-10-09,0.09641534282480853
2088-10-10,0.09534993024621427
2088-10-11,0.0944373120448274
2088-10-12,0.09371750399153857
2088-10-13,0.0931483159126583
2088-10-14,0.09262370670946847
2088-10-15,0.09212817194467143
2088-10-16,0.0917059085982049
2088-10-17,0.09136613201985044
2088-10-18,0.09109292022333593
2088-10-19,0.09088058085207812
2088-10-20,0.09072824948423512
2088-10-21,0.0906043770241416
2088-10-22,0.09047348051226653
2088-10-23,0.09033111217063987
2088-10-24,0.09020324176643403
2088-10-25,0.09011908341491012
2088-10-26,0.09006594191214423
2088-10-27,0.09002560133899759
2088-10-28,0.08999537821308777
2088-10-29,0.08996567945403025
2088-10-30,0.0899352521267187
2088-10-31,0.08990418553331013
2088-11-01,0.06609680890973887
2088-11-02,0.060223821122449124
2088-11-03,0.0612169304685489
2088-11-04,0.09903229572368766
2088-11-05,0.07313966495175286
2088-11-06,0.07221884065221859
2088-11-07,0.06766128337744784
2088-11-08,0.06028735266446925
2088-11-09,0.06096826739745444
2088-11-10,0.06853076065749099
2088-11-11,0.07651597880923179
2088-11-12,0.061889018617686226
2088-11-13,0.06037027726752945
2088-11-14,0.05992012306773894
2088-11-15,0.060106720129189536
2088-11-16,0.05988349476151308
2088-11-17,0.33367577196218345
2088-11-18,0.4488683269987556
2088-11-19,0.18891250734220214
2088-11-20,0.07367496925547297
2088-11-21,0.06998393870637595
2088-11-22,0.4900493852478942
2088-11-23,0.25142819736493904
2088-11-24,0.11829713955813992
2088-11-25,0.1350591309191647
2088-11-26,0.2909091373123107
2088-11-27,0.1956881643425617
2088-11-28,0.06932366844489084
2088-11-29,0.06270558686895476
2088-11-30,0.08050916556797245
2088-12-01,0.07356560847608609
2088-12-02,0.07172427593649079
2088-12-03,0.26799535398274216
2088-12-04,0.7915687909976016
2088-12-05,0.7160701629438041
2088-12-06,0.6937289853681865
2088-12-07,0.13297045145073005
2088-12-08,0.07099596354353943
2088-12-09,0.10195270018469887
2088-12-10,0.08186911312499777
2088-12-11,0.07239482397367596
2088-12-12,0.07318655452865531
2088-12-13,0.07595780087105862
2088-12-14,0.07270032538231377
2088-12-15,0.07865806539476787
2088-12-16,0.07878179876456401
2088-12-17,0.0889039387802422
2088-12-18,0.0807440038930258
2088-12-19,0.0864292644151586
2088-12-20,0.08581887395534316
2088-12-21,0.08050740925189585
2088-12-22,0.0778380586369484
2088-12-23,0.10279581488638533
2088-12-24,0.19011301287283067
2088-12-25,0.2703083201780662
2088-12-26,0.14212458459255514
2088-12-27,0.06940391277844703
2088-12-28,0.06952583134349691
2088-12-29,0.08523399215461808
2088-12-30,0.07199436698654768
2088-12-31,0.06972300290235868
2089-01-01,0.043417814234965296
2089-01-02,0.043440395462715456
2089-01-03,0.04345947759351715
2089-01-04,0.0434757871042838
2089-01-05,0.04360851111956749
2089-01-06,0.04355075694521635
2089-01-07,0.043619546673701465
2089-01-08,0.04352203021886882
2089-01-09,0.043530193437118274
2089-01-10,0.04353734133702599
2089-01-11,0.043543587999643335
2089-01-12,0.043549030040902964
2089-01-13,0.04355374768882103
2089-01-14,0.04355781120371121
2089-01-15,0.043561279543345294
2089-01-16,0.04356420353267432
2089-01-17,0.04356662797152752
2089-01-18,0.04383098162266273
2089-01-19,0.04394509498099362
2089-01-20,0.04474411348275821
2089-01-21,0.04399072378036505
2089-01-22,0.08715295998197654
2089-01-23,0.202892625732162
2089-01-24,0.3286303050224031
2089-01-25,0.08153374461668758
2089-01-26,0.06372030534609771
2089-01-27,0.11783143674625075
2089-01-28,0.07995519143391439
2089-01-29,0.11915366520998248
2089-01-30,0.17034084653762707
2089-01-31,0.09871934254579123
2089-02-01,0.08101398923190561
2089-02-02,0.0818185124838029
2089-02-03,0.05460248632849068
2089-02-04,0.06849326977510724
2089-02-05,0.0865030459068023
2089-02-06,0.1124669477169219
2089-02-07,0.10998613957337483
2089-02-08,0.11065732004992034
2089-02-09,0.5136805017038463
2089-02-10,0.2559789010599776
2089-02-11,0.18076958882284927
2089-02-12,0.2339952253325044
2089-02-13,0.137599841232699
2089-02-14,0.17480498491595373
2089-02-15,0.23721760046343715
2089-02-16,0.2693643583806544
2089-02-17,0.3315196081448332
2089-02-18,0.3227358715143751
2089-02-19,0.35931690945648986
2089-02-20,0.3909683574961384
2089-02-21,0.4795577979119566
2089-02-22,0.5282399205522833
2089-02-23,0.5856113090874677
2089-02-24,0.6787272190728624
2089-02-25,0.7084891202043684
2089-02-26,0.8025744602505824
2089-02-27,1.1082226629975178
2089-02-28,1.7296938672067783
2089-03-01,1.513864602695748
2089-03-02,0.7898448901305359
2089-03-03,0.6630040359790971
2089-03-04,0.7353215991670584
2089-03-05,0.6358550015104681
2089-03-06,0.6157631367825354
2089-03-07,0.6107262537442933
2089-03-08,0.6025609747370938
2089-03-09,0.552929586138342
2089-03-10,0.6650977262710763
2089-03-11,0.8721504708074929
2089-03-12,1.0429512923882074
2089-03-13,1.467621014547715
2089-03-14,1.802915010837804
2089-03-15,0.8619919361268924
2089-03-16,1.3776091990907848
2089-03-17,2.4022422115932502
2089-03-18,2.686958244699935
2089-03-19,3.8627376700469074
2089-03-20,4.511766127645711
2089-03-21,5.143910366458544
2089-03-22,1.8128028936168632
2089-03-23,1.0409040614073142
2089-03-24,1.0403934486133162
2089-03-25,1.403226759466777
2089-03-26,1.6323141283816176
2089-03-27,1.4499232873703225
2089-03-28,1.1264686711883798
2089-03-29,1.9037167964999049
2089-03-30,3.420631523008216
2089-03-31,5.927010964996159
2089-04-01,2.2675885318709885
2089-04-02,1.2925296793538523
2089-04-03,1.8312334190885835
2089-04-04,1.7551378553736992
2089-04-05,1.5930583960039202
2089-04-06,1.4781689768739863
2089-04-07,1.366745700932928
2089-04-08,1.484064957941254
2089-04-09,2.3808840909256603
2089-04-10,2.070392010638064
2089-04-11,1.4734836045531132
2089-04-12,1.7181971976521695
2089-04-13,2.442231802641468
2089-04-14,3.249926320751649
2089-04-15,3.911892568601807
2089-04-16,2.5303698900235383
2089-04-17,2.4754165658117278
2089-04-18,2.069507787966634
2089-04-19,1.8173427918700724
2089-04-20,1.735699382149965
2089-04-21,2.14592269876211
2089-04-22,1.8762096233626215
2089-04-23,1.6772326911479265
2089-04-24,1.6398902396952233
2089-04-25,1.6781270702184892
2089-04-26,1.9031830813490973
2089-04-27,2.300944003472788
2089-04-28,3.356228783682787
2089-04-29,3.001328146708912
2089-04-30,3.669751246395537
2089-05-01,4.592649869146552
2089-05-02,2.330079847693975
2089-05-03,2.171562869602484
2089-05-04,2.167158823097582
2089-05-05,2.5749009805791365
2089-05-06,3.155230346993361
2089-05-07,3.4258901636507653
2089-05-08,2.9156722993257147
2089-05-09,3.163174576390092
2089-05-10,3.221818273410701
2089-05-11,4.602737932069127
2089-05-12,4.4620248110821095
2089-05-13,5.7304791121578775
2089-05-14,8.371236330503429
2089-05-15,11.791825198126904
2089-05-16,18.07284161883171
2089-05-17,10.945301195285769
2089-05-18,7.308597658064262
2089-05-19,5.943724677692635
2089-05-20,8.1111075772741
2089-05-21,7.087961666726316
2089-05-22,6.060994954486426
2089-05-23,7.271047200276454
2089-05-24,8.705939589222911
2089-05-25,12.100904512128634
2089-05-26,16.524121056684884
2089-05-27,20.326684022289708
2089-05-28,21.699460674422205
2089-05-29,23.758161755875772
2089-05-30,21.64187187962954
2089-05-31,21.30656621491152
2089-06-01,21.536743205587392
2089-06-02,19.71431498763757
2089-06-03,18.22833915176745
2089-06-04,15.066317398837477
2089-06-05,13.110383665671351
2089-06-06,11.30965126208335
2089-06-07,9.078009028337203
2089-06-08,7.5059891526798355
2089-06-09,5.671327060721178
2089-06-10,4.81120102657896
2089-06-11,4.604513888874791
2089-06-12,4.156291107286958
2089-06-13,3.7159374348185503
2089-06-14,3.430161309374848
2089-06-15,3.1073055375372083
2089-06-16,2.6466667202632728
2089-06-17,2.391629308757338
2089-06-18,1.851403600341824
2089-06-19,1.6547712058076658
2089-06-20,1.5154040026074531
2089-06-21,1.2821502538244016
2089-06-22,1.1691963282191358
2089-06-23,1.1104025964899618
2089-06-24,1.037983154549095
2089-06-25,0.8873432949131452
2089-06-26,0.8292373629123971
2089-06-27,0.7475553578873618
2089-06-28,0.6876248898132622
2089-06-29,0.6405058359721688
2089-06-30,0.6045030646376173
2089-07-01,1.2762902340747675
2089-07-02,1.1269584040082776
2089-07-03,0.8395473537935223
2089-07-04,0.7351046567360174
2089-07-05,0.6401279736378221
2089-07-06,0.581641138807979
2089-07-07,0.5253548159738315
2089-07-08,0.4716855016060372
2089-07-09,0.4223949835046997
2089-07-10,0.3785321840417376
2089-07-11,0.3392509755506331
2089-07-12,0.3046000919133773
2089-07-13,0.2749995747224496
2089-07-14,0.24938621943017614
2089-07-15,0.2273730618276193
2089-07-16,0.21863384173458028
2089-07-17,0.19545564187747932
2089-07-18,0.1838131504283212
2089-07-19,0.17427354827204736
2089-07-20,0.1648878889122683
2089-07-21,0.15742545169738467
2089-07-22,0.15100692730984888
2089-07-23,0.14541509902549535
2089-07-24,0.14063760588476015
2089-07-25,0.13654949268331382
2089-07-26,0.13314327530322384
2089-07-27,0.13674268025184502
2089-07-28,0.2241166240653964
2089-07-29,0.12601516036546714
2089-07-30,0.12380911058184567
2089-07-31,0.12119836824122805
2089-08-01,0.1760565819922796
2089-08-02,0.15022061191997108
2089-08-03,0.15295910718284206
2089-08-04,0.14491103461736288
2089-08-05,0.1421537950358257
2089-08-06,0.13943884577277255
2089-08-07,0.1368559282675568
2089-08-08,0.13443799168829926
2089-08-09,0.13880962233257502
2089-08-10,0.1304070623670384
2089-08-11,0.12859872171421566
2089-08-12,0.12689112952919493
2089-08-13,0.15889163388453276
2089-08-14,0.1248147021060196
2089-08-15,0.12293219865812947
2089-08-16,0.13565085161934587
2089-08-17,0.12040124089746528
2089-08-18,0.11921563994696265
2089-08-19,0.1199573584702586
2089-08-20,0.1171569962190344
2089-08-21,0.11623679453250488
2089-08-22,0.11546055832152588
2089-08-23,0.1147945246478312
2089-08-24,0.11414795525307908
2089-08-25,0.11352003407777665
2089-08-26,0.11293124733897265
2089-08-27,0.1123422426196897
2089-08-28,0.19330780830012004
2089-08-29,0.11133396167299343
2089-08-30,0.13679209892204008
2089-08-31,0.11041111332091873
2089-09-01,0.05041677301515614
2089-09-02,0.07291887807811888
2089-09-03,0.05026246583793851
2089-09-04,0.050637394553871784
2089-09-05,0.05247823211889864
2089-09-06,0.08876031147381226
2089-09-07,0.04961795936987309
2089-09-08,0.049499867996956916
2089-09-09,0.049388397875822734
2089-09-10,0.04928423613844718
2089-09-11,0.04919130767324899
2089-09-12,0.049102746285394974
2089-09-13,0.04901280770364063
2089-09-14,0.04892433150932416
2089-09-15,0.04884393981773103
2089-09-16,0.07297456595171507
2089-09-17,0.049061161757059685
2089-09-18,0.048799671064080265
2089-09-19,0.0486225890391854
2089-09-20,0.04855912593762452
2089-09-21,0.048500898731140565
2089-09-22,0.04856463938436822
2089-09-23,0.04841427691353755
2089-09-24,0.07658952884624996
2089-09-25,0.18179845140056805
2089-09-26,0.1862258614965726
2089-09-27,0.1212705908359998
2089-09-28,0.07067897928453508
2089-09-29,0.04830412295735726
2089-09-30,0.0482722359167014
2089-10-01,0.08090356675926569
2089-10-02,0.08084386362093285
2089-10-03,0.08079228695276927
2089-10-04,0.08074882319217258
2089-10-05,0.08071135679737126
2089-10-06,0.08067771794639837
2089-10-07,0.0806457276627843
2089-10-08,0.08061037062933799
2089-10-09,0.08057131060961721
2089-10-10,0.0805330919051524
2089-10-11,0.08049711935773562
2089-10-12,0.08046086521141735
2089-10-13,0.08042390518654552
2089-10-14,0.08038710374902085
2089-10-15,0.08035166221696431
2089-10-16,0.0803180376932614
2089-10-17,0.08708573940421536
2089-10-18,0.2540191311645725
2089-10-19,0.16436596408291612
2089-10-20,0.1378995782488652
2089-10-21,0.11364723065606515
2089-10-22,0.08017396534515857
2089-10-23,0.08014722859565365
2089-10-24,0.08012170027488473
2089-10-25,0.08009830854430712
2089-10-26,0.08007599481060851
2089-10-27,0.08005307870391863
2089-10-28,0.08002963728824344
2089-10-29,0.08000631954635498
2089-10-30,0.0799829989209106
2089-10-31,0.07996003497288971
2089-11-01,0.05351615908827316
2089-11-02,0.053501550625886976
2089-11-03,0.05348707039695511
2089-11-04,0.053472690617483866
2089-11-05,0.05345850123939394
2089-11-06,0.053444445018596416
2089-11-07,0.05343029919433365
2089-11-08,0.05341611882108258
2089-11-09,0.05340184399149815
2089-11-10,0.05338735754537823
2089-11-11,0.05337278811007793
2089-11-12,0.05335842398242842
2089-11-13,0.05334420219711907
2089-11-14,0.05333009202143454
2089-11-15,0.054879185358356716
2089-11-16,0.05330166083735468
2089-11-17,0.05328788260402185
2089-11-18,0.0871190851081844
2089-11-19,0.06251848641117648
2089-11-20,0.06345307865701663
2089-11-21,0.0561831028719817
2089-11-22,0.054278911188525056
2089-11-23,0.05337559167895492
2089-11-24,0.0532616052225702
2089-11-25,0.05318451907951167
2089-11-26,0.05317142434010955
2089-11-27,0.05315829899955965
2089-11-28,0.05314519309839854
2089-11-29,0.053132191829764884
2089-11-30,0.053170655352424566
2089-12-01,0.0561668107498895
2089-12-02,0.056139144149188615
2089-12-03,0.05612551747584681
2089-12-04,0.056111842137670384
2089-12-05,0.06110401007459621
2089-12-06,0.3238420597959301
2089-12-07,0.07368109705431174
2089-12-08,0.2239379882506161
2089-12-09,0.1978603586775415
2089-12-10,0.09902175675710602
2089-12-11,0.06605703545018145
2089-12-12,0.08013430560706787
2089-12-13,0.0684372326327062
2089-12-14,0.05646886649150334
2089-12-15,0.056085616810412034
2089-12-16,0.05636472606548646
2089-12-17,0.05594718032246152
2089-12-18,0.05700171463180275
2089-12-19,0.0604245381023899
2089-12-20,0.0587358885659134
2089-12-21,0.0668867192676566
2089-12-22,0.0751540099836363
2089-12-23,0.10408157255730473
2089-12-24,0.13645047050130815
2089-12-25,0.26311336357102616
2089-12-26,0.16950889766152313
2089-12-27,1.6468804383615363
2089-12-28,2.2830098102379046
2089-12-29,0.3621926293638133
2089-12-30,0.11609138356537105
2089-12-31,0.09164238067595606
2090-01-01,0.07996080904042976
2090-01-02,0.1115916385301418
2090-01-03,0.08366746236793306
2090-01-04,0.12588570675259486
2090-01-05,0.20337735488805592
2090-01-06,0.5377078413642093
2090-01-07,1.3098444099078674
2090-01-08,0.2838233191245607
2090-01-09,0.04782917769267684
2090-01-10,0.0955068317911316
2090-01-11,0.094242835139758
2090-01-12,0.05425647051013698
2090-01-13,0.0449321944675055
2090-01-14,0.04519641958528848
2090-01-15,0.05747288095823611
2090-01-16,0.09960138946606607
2090-01-17,0.08784277696748938
2090-01-18,0.12377623258654474
2090-01-19,0.17966028278193236
2090-01-20,0.13012531844611394
2090-01-21,0.11995443589814755
2090-01-22,0.4215657316780848
2090-01-23,0.7238457773043836
2090-01-24,0.3716004380218652
2090-01-25,0.08575426724603585
2090-01-26,0.4979295876465656
2090-01-27,1.0216560263604308
2090-01-28,0.7823152954299298
2090-01-29,0.3444407463609617
2090-01-30,0.1008955643269012
2090-01-31,0.07584467234858748
2090-02-01,0.06225456997510466
2090-02-02,0.30425023879789137
2090-02-03,1.3601391893954844
2090-02-04,1.3499097108992208
2090-02-05,1.1148959888084362
2090-02-06,0.3505513396939093
2090-02-07,1.0681813678067769
2090-02-08,0.9854948378750458
2090-02-09,1.1081001694836758
2090-02-10,0.5072633578955247
2090-02-11,0.5348641490961051
2090-02-12,0.5747532835030658
2090-02-13,0.6091799176343033
2090-02-14,0.7311034798366147
2090-02-15,1.027460538084897
2090-02-16,1.7563117313061964
2090-02-17,3.7627371175681903
2090-02-18,3.606164325319712
2090-02-19,2.5306445959307022
2090-02-20,1.433390799703182
2090-02-21,1.37042066742279
2090-02-22,1.3559857942189852
2090-02-23,1.3295780108861877
2090-02-24,1.2650874486462258
2090-02-25,1.2728601147838663
2090-02-26,1.4985552322600937
2090-02-27,2.390373544389918
2090-02-28,4.078735046076047
2090-03-01,4.483417784806696
2090-03-02,3.8877399504079686
2090-03-03,3.713447285315752
2090-03-04,2.50664436307572
2090-03-05,2.4060115247097373
2090-03-06,2.5422371212884194
2090-03-07,2.605780914591914
2090-03-08,3.4735138620352326
2090-03-09,3.8780246112089936
2090-03-10,4.2814180261568335
2090-03-11,4.205108770248891
2090-03-12,2.5040374371737766
2090-03-13,2.3137593198588
2090-03-14,3.1680171233138186
2090-03-15,3.8143491080826175
2090-03-16,2.8904649855717426
2090-03-17,3.595187990681396
2090-03-18,4.3084252789268485
2090-03-19,6.070837689772764
2090-03-20,5.077542985350328
2090-03-21,3.0005541190342258
2090-03-22,3.78584138554954
2090-03-23,4.411623346158932
2090-03-24,5.8250504086333885
2090-03-25,7.911476810307536
2090-03-26,7.614611392425624
2090-03-27,4.042346755458008
2090-03-28,3.5300347782985435
2090-03-29,3.2976226563950486
2090-03-30,3.4929088592945248
2090-03-31,4.293325084965442
2090-04-01,3.7969747356415646
2090-04-02,2.811137937279558
2090-04-03,2.673666237666854
2090-04-04,2.806352456802578
2090-04-05,3.014903156015768
2090-04-06,3.6141508896286663
2090-04-07,2.955570213569913
2090-04-08,2.593498801218031
2090-04-09,2.7908754275900765
2090-04-10,2.4834620483924548
2090-04-11,2.508301406315745
2090-04-12,3.0519272625574723
2090-04-13,4.020785847706193
2090-04-14,5.555477678074812
2090-04-15,6.357734608301424
2090-04-16,4.597216428616367
2090-04-17,3.941441226667178
2090-04-18,4.963883823049699
2090-04-19,3.9971067830968434
2090-04-20,4.07978593813667
2090-04-21,4.083555546941156
2090-04-22,3.8006228359835
2090-04-23,3.7388213096543432
2090-04-24,3.6359981958324186
2090-04-25,3.758442683521432
2090-04-26,3.795006997886939
2090-04-27,4.061703931322397
2090-04-28,4.661318005136032
2090-04-29,3.8701436382103314
2090-04-30,4.240576354380388
2090-05-01,5.538902446537057
2090-05-02,6.995571210913247
2090-05-03,7.83860420270608
2090-05-04,8.491444509636027
2090-05-05,8.23360222059537
2090-05-06,9.576554959236876
2090-05-07,10.215989838934158
2090-05-08,10.122005610446918
2090-05-09,6.051734439997963
2090-05-10,6.312969413237384
2090-05-11,6.009219221130991
2090-05-12,5.204022544212491
2090-05-13,5.01667285145495
2090-05-14,5.202410459874618
2090-05-15,4.782111516165314
2090-05-16,4.486574799170071
2090-05-17,4.241893975665123
2090-05-18,4.3257411968727215
2090-05-19,4.476272270334895
2090-05-20,4.753825002136544
2090-05-21,5.27672017880712
2090-05-22,4.952059979377343
2090-05-23,5.1074729907365
2090-05-24,6.447279715422808
2090-05-25,7.4510358402578065
2090-05-26,7.158888842078094
2090-05-27,5.142342994611371
2090-05-28,5.685278169479648
2090-05-29,6.385255781198487
2090-05-30,5.805880710381
2090-05-31,5.196115100474549
2090-06-01,4.508091630419367
2090-06-02,4.046096375911937
2090-06-03,3.6909422798810665
2090-06-04,3.7131807567060022
2090-06-05,3.50745321727908
2090-06-06,3.3052966384233344
2090-06-07,3.1891751073188845
2090-06-08,3.4274001982246705
2090-06-09,4.068961865987034
2090-06-10,4.422960698503196
2090-06-11,5.1160532690071445
2090-06-12,5.838019190906869
2090-06-13,5.624697236396099
2090-06-14,4.7150930655588645
2090-06-15,3.667286107071303
2090-06-16,2.9466187049945294
2090-06-17,2.5292132283046724
2090-06-18,2.264668039025205
2090-06-19,2.0626284541264392
2090-06-20,1.8750078171164823
2090-06-21,1.5863580427217672
2090-06-22,1.2642054070595157
2090-06-23,1.134760210409825
2090-06-24,1.0707705571472468
2090-06-25,0.956917384732388
2090-06-26,0.877910875486511
2090-06-27,0.8080065286613992
2090-06-28,0.7113985495345416
2090-06-29,0.6210877004488863
2090-06-30,0.5625322867501462
2090-07-01,1.1536882661744523
2090-07-02,1.0971471024699986
2090-07-03,0.9391328967643544
2090-07-04,0.6855045238513766
2090-07-05,0.6044106545800494
2090-07-06,0.5335387936111492
2090-07-07,0.475611277424947
2090-07-08,0.4200918800482443
2090-07-09,0.3683837716208886
2090-07-10,0.33645113544013666
2090-07-11,0.293858673397967
2090-07-12,0.2665894184159377
2090-07-13,0.24419050424408506
2090-07-14,0.2250236749480624
2090-07-15,0.2087472666209461
2090-07-16,0.19544544599988206
2090-07-17,0.18413121540186891
2090-07-18,0.17421015763218153
2090-07-19,0.16562890328736302
2090-07-20,0.15830334105929827
2090-07-21,0.15174927198916674
2090-07-22,0.14580873527594546
2090-07-23,0.14060400691922986
2090-07-24,0.13595721530682672
2090-07-25,0.13174573460493832
2090-07-26,0.12816384277689874
2090-07-27,0.12678647283260586
2090-07-28,0.12483851012550748
2090-07-29,0.25005933907765976
2090-07-30,0.1193132830564846
2090-07-31,0.11827955478363986
2090-08-01,0.1495486347531529
2090-08-02,0.14637949701869404
2090-08-03,0.1438979902203882
2090-08-04,0.14148760863840826
2090-08-05,0.13923082514288707
2090-08-06,0.13715506498976207
2090-08-07,0.13518344289636405
2090-08-08,0.13328551460131746
2090-08-09,0.13149770091810714
2090-08-10,0.12988290999859373
2090-08-11,0.12848266192866625
2090-08-12,0.12713598375365578
2090-08-13,0.125797581512026
2090-08-14,0.12467393113211253
2090-08-15,0.1586888490411458
2090-08-16,0.12767797618164548
2090-08-17,0.13140608819602378
2090-08-18,0.14342359870567528
2090-08-19,1.2959302601927087
2090-08-20,0.34470793434031005
2090-08-21,0.1804410404910507
2090-08-22,0.3461977524983539
2090-08-23,0.3406169311168268
2090-08-24,0.19871781459434176
2090-08-25,0.12009330097567375
2090-08-26,0.1192977873124534
2090-08-27,0.11850154854492966
2090-08-28,0.11773443539385965
2090-08-29,0.11697153233809565
2090-08-30,0.116192628335611
2090-08-31,0.11539706977797265
2090-09-01,0.10859451687605348
2090-09-02,0.23793063913883725
2090-09-03,0.17543118143555134
2090-09-04,1.2664471355979063
2090-09-05,1.3992582774576556
2090-09-06,0.09198316783234944
2090-09-07,0.2789537087452856
2090-09-08,0.08350497340496263
2090-09-09,0.05202496012634559
2090-09-10,0.05196852750039722
2090-09-11,0.3205363077287004
2090-09-12,0.06514706132660865
2090-09-13,0.05794954646545685
2090-09-14,0.051773490830615713
2090-09-15,0.05162634598083822
2090-09-16,0.054477063162060746
2090-09-17,0.05137557784546441
2090-09-18,0.05127189611503865
2090-09-19,0.05117968792514572
2090-09-20,0.05108723666761464
2090-09-21,0.05099421093119788
2090-09-22,0.050903644549939016
2090-09-23,0.05170136254882053
2090-09-24,0.050697879153760776
2090-09-25,0.11533823568695838
2090-09-26,0.09055095047508703
2090-09-27,0.40244860733498616
2090-09-28,0.2858940781596541
2090-09-29,0.5708531613219582
2090-09-30,0.26469196523622085
2090-10-01,0.112658880748013
2090-10-02,0.20092208003538797
2090-10-03,0.17652177840503985
2090-10-04,0.16458997157669808
2090-10-05,0.3118638169992016
2090-10-06,0.08456322986181884
2090-10-07,0.08450000801574556
2090-10-08,0.0844363360344778
2090-10-09,0.08436116119038034
2090-10-10,0.08429113298863783
2090-10-11,0.8301111901275449
2090-10-12,0.6496517092138101
2090-10-13,2.7403207549016426
2090-10-14,2.1714891796434297
2090-10-15,0.5458813470498145
2090-10-16,0.4748614088453177
2090-10-17,0.25906495040990263
2090-10-18,0.18202055488351865
2090-10-19,0.26952147525022185
2090-10-20,0.2936129073280382
2090-10-21,0.2499101901928261
2090-10-22,0.18843967813116327
2090-10-23,0.10245146921249702
2090-10-24,0.09371519548245534
2090-10-25,0.0930993535202973
2090-10-26,0.0949141620651718
2090-10-27,0.09452997619315028
2090-10-28,0.0924489557488417
2090-10-29,0.09223825460653153
2090-10-30,0.09242236750791888
2090-10-31,0.09257045818037443
2090-11-01,0.08287304990863878
2090-11-02,0.06857463879707908
2090-11-03,0.06233053967542864
2090-11-04,0.062309144267386374
2090-11-05,0.06235402981680167
2090-11-06,0.09844285493728716
2090-11-07,0.06297326193758768
2090-11-08,0.062445017379222575
2090-11-09,0.06658975927764875
2090-11-10,0.07241496485144337
2090-11-11,0.21335783162539015
2090-11-12,0.08795046488326244
2090-11-13,0.1880452223456809
2090-11-14,0.3777523121012711
2090-11-15,0.20001432162405086
2090-11-16,0.12223318403558332
2090-11-17,0.0741954052665396
2090-11-18,0.0637163684720859
2090-11-19,0.160170000996526
2090-11-20,0.10627618464426873
2090-11-21,0.06335365855803604
2090-11-22,0.0627690209724325
2090-11-23,0.07274521095669642
2090-11-24,0.06326631127945652
2090-11-25,0.07274804943337891
2090-11-26,0.41068693251608696
2090-11-27,0.1571332367146971
2090-11-28,0.1523953895406978
2090-11-29,0.0989959448483479
2090-11-30,0.06759860882942298
2090-12-01,0.0913025814980711
2090-12-02,0.17931234146869846
2090-12-03,0.13510844342187694
2090-12-04,0.08771200187722879
2090-12-05,0.08338977599569655
2090-12-06,0.362354738123099
2090-12-07,0.6451915544588469
2090-12-08,0.5045442701255531
2090-12-09,0.42362496442620745
2090-12-10,0.16086465732746047
2090-12-11,0.16563367928800254
2090-12-12,0.11640567875841792
2090-12-13,0.14322156630912633
2090-12-14,0.10906128599851324
2090-12-15,0.22500042060191186
2090-12-16,0.26800076470762085
2090-12-17,0.1567013518902102
2090-12-18,0.11406328546043837
2090-12-19,0.10517981837172828
2090-12-20,0.13690132904803626
2090-12-21,0.1631664005821926
2090-12-22,0.10127576599108676
2090-12-23,0.1282345611733469
2090-12-24,0.6627175835509069
2090-12-25,1.5256409365611416
2090-12-26,1.2311528915609826
2090-12-27,0.10110066490192234
2090-12-28,0.07635603628638242
2090-12-29,0.07677221335527054
2090-12-30,0.0770883125096938
2090-12-31,0.07734840296913237
2091-01-01,0.04833993941782027
2091-01-02,0.04879426108349076
2091-01-03,0.05019753203652373
2091-01-04,0.07066024096420621
2091-01-05,0.1248916458357219
2091-01-06,0.10098065231451014
2091-01-07,0.09827987697216548
2091-01-08,0.13783118945783498
2091-01-09,0.24266928373381466
2091-01-10,0.26993937642218896
2091-01-11,0.2938599354920193
2091-01-12,0.4389782707615125
2091-01-13,0.4762480873137604
2091-01-14,0.5377366378429701
2091-01-15,0.6709452960371601
2091-01-16,0.6599550959773428
2091-01-17,0.25280460435342844
2091-01-18,0.07696227156732194
2091-01-19,0.06513921577692686
2091-01-20,0.06855606416579987
2091-01-21,0.06643614836264214
2091-01-22,0.06815857849781552
2091-01-23,0.09127579860759054
2091-01-24,0.4727526087344974
2091-01-25,0.5433465226370265
2091-01-26,1.7939539105437226
2091-01-27,2.973237763446507
2091-01-28,0.7977718073067326
2091-01-29,1.6883328767560848
2091-01-30,0.5293536644295905
2091-01-31,0.21255518568172552
2091-02-01,0.12010875684202772
2091-02-02,0.13367665479920948
2091-02-03,0.3681378632554007
2091-02-04,0.5364596286155621
2091-02-05,1.6982095959904953
2091-02-06,1.4723248785330123
2091-02-07,0.8289678184182221
2091-02-08,0.4115330701630601
2091-02-09,0.4382572670128184
2091-02-10,0.5001484029540385
2091-02-11,0.5366523870493727
2091-02-12,0.6735322909974923
2091-02-13,0.7154049103281993
2091-02-14,0.7828313326144418
2091-02-15,0.6098682094345014
2091-02-16,0.6454271723488315
2091-02-17,0.7653273700464585
2091-02-18,0.8883216090742205
2091-02-19,0.7032247350936774
2091-02-20,0.5562484555456403
2091-02-21,0.5836990786000851
2091-02-22,0.8968732587516586
2091-02-23,0.5155181209440654
2091-02-24,0.6668572130819623
2091-02-25,0.7323505739736594
2091-02-26,1.4724540252307043
2091-02-27,1.0420576366513077
2091-02-28,2.0775870282082667
2091-03-01,3.074075523204405
2091-03-02,5.033548801028387
2091-03-03,3.7385267212806745
2091-03-04,3.684846766844698
2091-03-05,3.722856284160847
2091-03-06,4.022846671188178
2091-03-07,4.1494931308383505
2091-03-08,3.0234121335295545
2091-03-09,2.8587085462292543
2091-03-10,2.2658067215375906
2091-03-11,2.163060149856914
2091-03-12,2.250557295161276
2091-03-13,2.4286629049006287
2091-03-14,2.2759279363800293
2091-03-15,4.130929668511003
2091-03-16,3.556420360395722
2091-03-17,4.5608784547193455
2091-03-18,3.538032622989244
2091-03-19,3.6939108001547143
2091-03-20,4.571928041239183
2091-03-21,8.191285582055103
2091-03-22,10.467702320569199
2091-03-23,6.155875689122614
2091-03-24,6.072291739552418
2091-03-25,6.139428981677697
2091-03-26,5.728854509141432
2091-03-27,5.465874290545983
2091-03-28,5.2174477176782785
2091-03-29,4.9829497643050065
2091-03-30,4.7340340687662446
2091-03-31,4.7522902897124215
2091-04-01,3.833648518837829
2091-04-02,3.8834442887190246
2091-04-03,4.08905143524225
2091-04-04,3.996212607940485
2091-04-05,4.085270580949549
2091-04-06,4.347578577368171
2091-04-07,4.115184490343506
2091-04-08,3.910476799929399
2091-04-09,3.9413566883802496
2091-04-10,5.314694637381463
2091-04-11,6.349689072027478
2091-04-12,5.402295922714544
2091-04-13,5.0644642312456885
2091-04-14,6.067143311124318
2091-04-15,6.486184148372098
2091-04-16,5.733202280186454
2091-04-17,7.157933228911654
2091-04-18,8.597978771451286
2091-04-19,8.679197343702183
2091-04-20,10.512880411577301
2091-04-21,13.409219865853153
2091-04-22,13.266080604245177
2091-04-23,7.868100898660785
2091-04-24,7.876693024392452
2091-04-25,7.538015756639027
2091-04-26,7.396749001574317
2091-04-27,6.89795272989671
2091-04-28,6.845526602086981
2091-04-29,7.519661741246376
2091-04-30,7.082951355244052
2091-05-01,5.698486647443215
2091-05-02,5.54663927993782
2091-05-03,5.551982592230984
2091-05-04,6.28026844572373
2091-05-05,7.847442981641186
2091-05-06,10.90991897226481
2091-05-07,16.424596696084215
2091-05-08,15.112499251174533
2091-05-09,13.185768342202618
2091-05-10,11.544384628073432
2091-05-11,9.677539965047849
2091-05-12,13.424232899001627
2091-05-13,12.099817418598692
2091-05-14,12.269763378927305
2091-05-15,13.43392407805026
2091-05-16,9.069675797629268
2091-05-17,11.18510569957049
2091-05-18,13.172100563890455
2091-05-19,14.699859165314438
2091-05-20,16.843743164324362
2091-05-21,10.638356389101418
2091-05-22,7.568337258790064
2091-05-23,8.440836867579474
2091-05-24,9.657100771553493
2091-05-25,10.226904548872724
2091-05-26,11.060066384338553
2091-05-27,10.131466199797496
2091-05-28,10.032297309967076
2091-05-29,8.913661903403653
2091-05-30,6.769370436361334
2091-05-31,7.575511945477728
2091-06-01,8.652710822308245
2091-06-02,6.0616327206659255
2091-06-03,5.2376238714832875
2091-06-04,4.282865112636677
2091-06-05,3.940602172463927
2091-06-06,3.1203790601977333
2091-06-07,3.118397918476396
2091-06-08,2.642564046457515
2091-06-09,2.319408303858528
2091-06-10,2.2353644218045825
2091-06-11,2.130104549935484
2091-06-12,2.0295990017404963
2091-06-13,1.96850064217638
2091-06-14,1.8900477765521084
2091-06-15,1.8344369886125131
2091-06-16,1.7484234031280044
2091-06-17,1.7485334190943314
2091-06-18,1.5850299067743976
2091-06-19,1.42014526543457
2091-06-20,1.3679020273441678
2091-06-21,1.3384339005160109
2091-06-22,1.3248928252317111
2091-06-23,1.4542311829956651
2091-06-24,1.9404433971760209
2091-06-25,2.587432273857869
2091-06-26,1.8590349736486225
2091-06-27,1.6549012278740765
2091-06-28,1.3150713117828357
2091-06-29,1.2718983451635448
2091-06-30,1.2551898575691478
2091-07-01,2.430390099278612
2091-07-02,2.142512778400056
2091-07-03,1.8106288717109758
2091-07-04,1.5720006414239711
2091-07-05,1.5387410072611063
2091-07-06,1.3562736304715342
2091-07-07,1.218340352902156
2091-07-08,1.089096734537162
2091-07-09,1.0196651171241822
2091-07-10,0.9620929746713608
2091-07-11,0.7578665196150466
2091-07-12,0.5588384031893845
2091-07-13,0.5057022845442279
2091-07-14,0.4604260426009465
2091-07-15,0.42083337352480704
2091-07-16,0.3773222738427837
2091-07-17,0.3346437916106049
2091-07-18,0.29774790003616963
2091-07-19,0.26583961363243114
2091-07-20,0.23869341432259866
2091-07-21,0.21640285412297508
2091-07-22,0.19833389069537752
2091-07-23,0.18387913866605424
2091-07-24,0.17199690140967208
2091-07-25,0.16185793512162558
2091-07-26,0.1533374160649278
2091-07-27,0.1460181254183862
2091-07-28,0.13969081289215038
2091-07-29,0.1340696644773866
2091-07-30,0.12901630371233647
2091-07-31,0.12520861664550595
2091-08-01,0.16646242739442135
2091-08-02,0.15267041863073108
2091-08-03,0.149206158821289
2091-08-04,0.14610676197243316
2091-08-05,0.1432999728185095
2091-08-06,0.14078182516307194
2091-08-07,0.13840718397556434
2091-08-08,0.13612466758591846
2091-08-09,0.13729849052879406
2091-08-10,0.13222868721933714
2091-08-11,0.13037582297543301
2091-08-12,0.12857873893761254
2091-08-13,0.12688739805880228
2091-08-14,0.12540138481249807
2091-08-15,0.1250965743431507
2091-08-16,0.1241982617358822
2091-08-17,0.12304874475751912
2091-08-18,0.121206947691956
2091-08-19,0.12003359293569428
2091-08-20,0.11893394488354128
2091-08-21,0.11792984619464293
2091-08-22,0.1169752145615614
2091-08-23,0.11603299359979673
2091-08-24,0.11511529316141933
2091-08-25,0.114252104517819
2091-08-26,0.1134536041847926
2091-08-27,0.11272832527518
2091-08-28,0.11208408027704292
2091-08-29,0.11150662150815696
2091-08-30,0.11100332800334363
2091-08-31,0.11060441940474547
2091-09-01,0.050557195478175936
2091-09-02,0.05080163633632884
2091-09-03,0.057299332107620275
2091-09-04,0.05895815336099582
2091-09-05,0.05059257978852861
2091-09-06,0.05004803166904293
2091-09-07,0.2725837658365939
2091-09-08,0.059080167384752365
2091-09-09,0.135057848990635
2091-09-10,0.049706125988342814
2091-09-11,0.04959296712902034
2091-09-12,0.049486547224210836
2091-09-13,0.04938665308448541
2091-09-14,0.049290790090235855
2091-09-15,0.049197038635461786
2091-09-16,0.049232597232150926
2091-09-17,0.04905044581988605
2091-09-18,0.0491530321091313
2091-09-19,0.0489236497941272
2091-09-20,0.048944585838682234
2091-09-21,0.048994727179013535
2091-09-22,0.04873895026836829
2091-09-23,0.04867224569573268
2091-09-24,0.04953321703164667
2091-09-25,0.04857053489151959
2091-09-26,0.04851818870720856
2091-09-27,0.04846564641890005
2091-09-28,0.04841521416603668
2091-09-29,0.048372150264958017
2091-09-30,0.04833846212772618
2091-10-01,0.08102330365413317
2091-10-02,0.08096586276527443
2091-10-03,0.08091010635902103
2091-10-04,0.0808587518748959
2091-10-05,0.0808149440597372
2091-10-06,0.08078108237084006
2091-10-07,0.08073610430162421
2091-10-08,0.08069246199387688
2091-10-09,0.08098370229732299
2091-10-10,0.12192282006209912
2091-10-11,0.29408775813153964
2091-10-12,0.13108773733274534
2091-10-13,0.08053102898921413
2091-10-14,0.0804956659683002
2091-10-15,0.10351648757262846
2091-10-16,0.1378216374473906
2091-10-17,0.08041316215612017
2091-10-18,0.08038905186695752
2091-10-19,0.0803639582047377
2091-10-20,0.08033755002956845
2091-10-21,0.08031027028143765
2091-10-22,0.0802797974663252
2091-10-23,0.08024903719824583
2091-10-24,0.08022175175445985
2091-10-25,0.08019794923896204
2091-10-26,0.08018480790776977
2091-10-27,0.0830359314767383
2091-10-28,0.08013320768637973
2091-10-29,0.08011147055588845
2091-10-30,0.08009018916094889
2091-10-31,0.08006965418588335
2091-11-01,0.08762237240361985
2091-11-02,0.1291734047044256
2091-11-03,0.20634625706214269
2091-11-04,0.4497762925139193
2091-11-05,0.1619029544848062
2091-11-06,0.08340002669026647
2091-11-07,0.09736616355584833
2091-11-08,0.1514181737050255
2091-11-09,0.25334574086629463
2091-11-10,0.22929410151871346
2091-11-11,0.15523190997784014
2091-11-12,0.2532924328145653
2091-11-13,0.4316365414658126
2091-11-14,0.4050980933039355
2091-11-15,0.3965485689363003
2091-11-16,0.3167990755030227
2091-11-17,0.2483451144332528
2091-11-18,0.1922591449100396
2091-11-19,0.140616506337423
2091-11-20,0.0826986795137675
2091-11-21,0.10315481733386037
2091-11-22,4.590680072275953
2091-11-23,6.891430321132098
2091-11-24,0.7828146392815373
2091-11-25,0.0763740056034484
2091-11-26,0.14274371499982216
2091-11-27,0.5790251897813843
2091-11-28,0.11510383034674568
2091-11-29,0.101325416049578
2091-11-30,0.20780277918880696
2091-12-01,0.320740005351604
2091-12-02,0.22394650068951694
2091-12-03,0.15635617476876085
2091-12-04,1.2418420023256895
2091-12-05,0.13357043398208393
2091-12-06,0.5668309508659606
2091-12-07,0.9087871010000316
2091-12-08,0.1703464899258819
2091-12-09,0.09224172454958987
2091-12-10,0.08019506196851102
2091-12-11,0.0811772858728139
2091-12-12,0.08534258813496415
2091-12-13,0.08166925328908539
2091-12-14,0.08456694117426113
2091-12-15,0.08095253647599324
2091-12-16,0.08876348291142577
2091-12-17,0.08233262319764824
2091-12-18,0.08323048576524636
2091-12-19,0.08187388547629278
2091-12-20,0.08267700018382698
2091-12-21,0.1028485474951274
2091-12-22,0.08298174519906007
2091-12-23,0.0872873472214486
2091-12-24,0.08610032889526495
2091-12-25,0.0868895772972814
2091-12-26,0.08761642059386217
2091-12-27,0.0895573440184323
2091-12-28,0.08686859981608111
2091-12-29,0.11668065008492333
2091-12-30,0.11414965359445173
2091-12-31,0.1119018410528432
2092-01-01,0.08920644031284711
2092-01-02,0.09885359176068699
2092-01-03,0.09155445082055283
2092-01-04,0.09210690123565453
2092-01-05,0.11636615509406326
2092-01-06,0.09864125479368377
2092-01-07,0.1360700619875807
2092-01-08,0.1905325257081672
2092-01-09,0.23103695705450145
2092-01-10,0.240384020688898
2092-01-11,0.1825633298851347
2092-01-12,0.1139317932353524
2092-01-13,0.08458774715822208
2092-01-14,0.0900576480538083
2092-01-15,0.0967657791508612
2092-01-16,0.06306915847639108
2092-01-17,0.05879179841640099
2092-01-18,0.07637903561128723
2092-01-19,0.055946018481572386
2092-01-20,0.05457162528889917
2092-01-21,0.05473480076679303
2092-01-22,0.05489839925892274
2092-01-23,0.05575305125375191
2092-01-24,0.06653027316466281
2092-01-25,0.06541491842622282
2092-01-26,0.10163949379767044
2092-01-27,0.11849726152240216
2092-01-28,0.14184176612575594
2092-01-29,0.10313756153600888
2092-01-30,0.1955757219800685
2092-01-31,1.1328359793513525
2092-02-01,0.29577070335668576
2092-02-02,0.4768611486137822
2092-02-03,0.8460713995233714
2092-02-04,0.244382452358502
2092-02-05,0.6077116132314485
2092-02-06,0.4236359256286742
2092-02-07,0.4264895248766876
2092-02-08,1.4464350864492106
2092-02-09,2.7284615255259164
2092-02-10,2.9103978207567343
2092-02-11,1.7621929442658817
2092-02-12,0.99751037330681
2092-02-13,1.0315174062770296
2092-02-14,0.9886822904800312
2092-02-15,1.0040437800096222
2092-02-16,1.1790590788216744
2092-02-17,1.482356930065592
2092-02-18,4.29101908145738
2092-02-19,1.4398400822027473
2092-02-20,1.2424133534836466
2092-02-21,1.2109404237084722
2092-02-22,1.171319744493311
2092-02-23,1.1212380817774044
2092-02-24,1.188060823055114
2092-02-25,1.1297739433088938
2092-02-26,1.1041988949264097
2092-02-27,1.0258618619062858
2092-02-28,1.2483809067801142
2092-02-29,1.565269407462283
2092-03-01,1.7470848681093802
2092-03-02,1.8801161041112524
2092-03-03,2.380112486100596
2092-03-04,2.836552334705845
2092-03-05,4.582371773586764
2092-03-06,5.671505581321803
2092-03-07,6.697298076654914
2092-03-08,5.71185826161603
2092-03-09,6.118421881876802
2092-03-10,6.46527676539464
2092-03-11,10.081472678365481
2092-03-12,11.609222895837334
2092-03-13,13.022031363205912
2092-03-14,4.190431695083862
2092-03-15,3.796822370441359
2092-03-16,5.573527238139813
2092-03-17,4.991082481652872
2092-03-18,3.3876286965451268
2092-03-19,4.207469370786268
2092-03-20,3.9649648845593704
2092-03-21,3.658612142268012
2092-03-22,4.005219518735139
2092-03-23,5.025517836604314
2092-03-24,4.386486293171306
2092-03-25,3.9232676393836163
2092-03-26,3.767362464132959
2092-03-27,3.7827289019023347
2092-03-28,3.5924144206830912
2092-03-29,3.4286661843959374
2092-03-30,3.2865295562045027
2092-03-31,3.246567284069252
2092-04-01,2.9555309558922365
2092-04-02,2.7230698762733
2092-04-03,2.8064400186856115
2092-04-04,2.7093320087978565
2092-04-05,2.7557360259891213
2092-04-06,2.7439378461961663
2092-04-07,3.0897548876847925
2092-04-08,2.7842937345580494
2092-04-09,2.7691483844686227
2092-04-10,2.8656781728359646
2092-04-11,4.167637657465479
2092-04-12,5.013775515875518
2092-04-13,3.9480947967991002
2092-04-14,4.990826194254241
2092-04-15,6.463953195743282
2092-04-16,4.269218461811995
2092-04-17,4.369236115156969
2092-04-18,4.649985642819237
2092-04-19,5.0468955016009405
2092-04-20,5.1348917768304965
2092-04-21,4.434733239077402
2092-04-22,4.141590059284368
2092-04-23,4.755556514658448
2092-04-24,5.291498111836928
2092-04-25,3.911033443269079
2092-04-26,3.8491748429201538
2092-04-27,3.75779259509368
2092-04-28,3.6176103943439326
2092-04-29,3.4903504955633533
2092-04-30,3.271242873946462
2092-05-01,3.008391176941249
2092-05-02,3.1832365939029077
2092-05-03,2.7635074243839943
2092-05-04,2.503957767275028
2092-05-05,2.420163726486648
2092-05-06,2.522281066968457
2092-05-07,2.5250735599578
2092-05-08,2.413659573602952
2092-05-09,3.490868536841077
2092-05-10,5.488479790148392
2092-05-11,7.406019758517134
2092-05-12,7.945414716036174
2092-05-13,7.306473666896662
2092-05-14,11.287578362578387
2092-05-15,19.82028219856292
2092-05-16,28.593896526442343
2092-05-17,22.089360983265184
2092-05-18,25.07938967079098
2092-05-19,24.931466069036865
2092-05-20,25.368035904170156
2092-05-21,16.11347337039433
2092-05-22,20.75389951106059
2092-05-23,20.56175306121589
2092-05-24,20.520389573144268
2092-05-25,20.60318632746672
2092-05-26,20.898982757766213
2092-05-27,19.281574961217213
2092-05-28,19.30472497148423
2092-05-29,20.362815137732948
2092-05-30,18.124303987387584
2092-05-31,17.373919121377664
2092-06-01,16.098485970452373
2092-06-02,13.419764108397214
2092-06-03,11.025456419734098
2092-06-04,8.740252116365761
2092-06-05,7.44047503659536
2092-06-06,6.070269586675107
2092-06-07,5.525127291221564
2092-06-08,5.131134290227114
2092-06-09,4.574505272920188
2092-06-10,3.9125773542710163
2092-06-11,3.3660299146800483
2092-06-12,2.8329684611127925
2092-06-13,2.373025070484548
2092-06-14,1.9410190820233488
2092-06-15,1.583166197119254
2092-06-16,1.4858511546011672
2092-06-17,1.2876303075287991
2092-06-18,1.149099459820926
2092-06-19,1.0980239509014709
2092-06-20,0.9847927771885756
2092-06-21,0.8017220183981115
2092-06-22,0.6834133724906855
2092-06-23,0.565376182429691
2092-06-24,0.4389106364230003
2092-06-25,0.39189966046044333
2092-06-26,0.3538305949276483
2092-06-27,0.3182780516836309
2092-06-28,0.2871933979828412
2092-06-29,0.25822887101268105
2092-06-30,0.22783795940994886
2092-07-01,0.43153538991330587
2092-07-02,0.38800414641327263
2092-07-03,0.3509805919007048
2092-07-04,0.3192365752449273
2092-07-05,0.2898359457948628
2092-07-06,0.263948855327312
2092-07-07,0.24430612860505904
2092-07-08,0.2287437872853376
2092-07-09,0.21037159976495645
2092-07-10,0.19702082603134166
2092-07-11,0.1856345728219416
2092-07-12,0.17589704292674727
2092-07-13,0.1678443989266918
2092-07-14,0.16117773575813396
2092-07-15,0.15555847771051576
2092-07-16,0.15079302613635842
2092-07-17,0.14651311854558874
2092-07-18,0.14255779561743198
2092-07-19,0.138812389425612
2092-07-20,0.13519854302816994
2092-07-21,0.13180810218034522
2092-07-22,0.12868244626133346
2092-07-23,0.12579952703379438
2092-07-24,0.12312712637703388
2092-07-25,0.12064633423527832
2092-07-26,0.11841696578486305
2092-07-27,0.11616783758980935
2092-07-28,0.11368316016440927
2092-07-29,0.11502742406649985
2092-07-30,0.10997671587011168
2092-07-31,0.10697191372899847
2092-08-01,0.13555905721923658
2092-08-02,0.1332387403275678
2092-08-03,0.13104501383530828
2092-08-04,0.12898629239561715
2092-08-05,0.12709510255974846
2092-08-06,0.12538895230115946
2092-08-07,0.12386651685663512
2092-08-08,0.13623587135356865
2092-08-09,0.12887742364256474
2092-08-10,0.12091162982812645
2092-08-11,0.1193467436555668
2092-08-12,0.11824149463311975
2092-08-13,0.11720380488385652
2092-08-14,0.11624950638549535
2092-08-15,0.11539400286234094
2092-08-16,0.11463764060733005
2092-08-17,0.11391241777856555
2092-08-18,0.11321883198318068
2092-08-19,0.11259954323551268
2092-08-20,0.11203321499497787
2092-08-21,0.11148137199572776
2092-08-22,0.11095766269323352
2092-08-23,0.1104764912356899
2092-08-24,0.11010302006976376
2092-08-25,0.10971640837143076
2092-08-26,1.8980890441245413
2092-08-27,2.312013892223155
2092-08-28,0.12314588853703652
2092-08-29,0.10892555540969676
2092-08-30,0.1085823254486618
2092-08-31,0.10836693750941194
2092-09-01,0.06198843938110898
2092-09-02,0.050619840804558634
2092-09-03,0.060689258813887086
2092-09-04,0.04934877972042705
2092-09-05,0.049250291624553404
2092-09-06,0.049155698660328186
2092-09-07,0.04907357448302771
2092-09-08,0.04900415997454926
2092-09-09,0.048939303498346944
2092-09-10,0.04887369110318663
2092-09-11,0.048805550117092485
2092-09-12,0.04874041208060802
2092-09-13,0.04868066202655271
2092-09-14,0.048620935223169584
2092-09-15,0.04855888808651244
2092-09-16,0.09129087384922484
2092-09-17,0.09752132802876656
2092-09-18,0.156975112884905
2092-09-19,0.05256141383909477
2092-09-20,0.048647941858673945
2092-09-21,0.04832714814213969
2092-09-22,0.275541051775388
2092-09-23,0.1273297476754008
2092-09-24,0.7929734074146113
2092-09-25,0.057364483539056085
2092-09-26,0.09408889400179593
2092-09-27,0.0971810528274844
2092-09-28,0.04936889808424178
2092-09-29,0.04816910029596419
2092-09-30,0.04814563461731069
2092-10-01,0.08071151081343272
2092-10-02,0.0806695332464605
2092-10-03,0.08062606516469265
2092-10-04,0.08058232956950358
2092-10-05,0.43033909967634737
2092-10-06,0.10167524867741648
2092-10-07,0.2507351994159742
2092-10-08,0.1294736774031674
2092-10-09,0.2590131070120265
2092-10-10,0.08041537799233643
2092-10-11,0.10752356649412656
2092-10-12,0.13759194175501854
2092-10-13,0.08033007127487551
2092-10-14,0.0803026701552819
2092-10-15,0.0802726913933404
2092-10-16,0.08024057356261252
2092-10-17,0.08020846002446291
2092-10-18,0.08017682921607514
2092-10-19,0.08014619228113325
2092-10-20,0.08011881351536262
2092-10-21,0.08727703231130238
2092-10-22,0.08361113980526867
2092-10-23,0.08004671631017286
2092-10-24,0.081529653085704
2092-10-25,0.08000356152739843
2092-10-26,0.0799799263999907
2092-10-27,0.07995700722036092
2092-10-28,0.264471848996148
2092-10-29,0.1224202887640662
2092-10-30,0.10192460652842283
2092-10-31,0.18646735446263374
2092-11-01,0.08001385926257519
2092-11-02,0.06405209801395627
2092-11-03,0.07339467264609753
2092-11-04,0.05567380569765567
2092-11-05,0.053432081738869305
2092-11-06,0.05479094228913775
2092-11-07,0.05365120981171568
2092-11-08,0.053374394451425666
2092-11-09,0.05336096325489556
2092-11-10,0.07394266741949226
2092-11-11,0.0578650869906721
2092-11-12,0.7815478665905949
2092-11-13,0.08931560799331326
2092-11-14,0.14173612233413818
2092-11-15,0.6099687451185641
2092-11-16,0.21637222806652764
2092-11-17,0.7096347454198888
2092-11-18,0.06438274629978863
2092-11-19,0.12191638893225032
2092-11-20,0.2720833312927963
2092-11-21,0.2193672478017468
2092-11-22,0.1439806506113402
2092-11-23,0.07911177543509715
2092-11-24,0.0794488978000205
2092-11-25,0.07431438593349841
2092-11-26,0.07615795673546177
2092-11-27,0.0567640664261326
2092-11-28,0.20846097931222107
2092-11-29,0.3069969442000661
2092-11-30,0.07603107376896033
2092-12-01,0.08333875376717308
2092-12-02,0.15666054288695713
2092-12-03,0.2302130910052673
2092-12-04,0.1728161149387689
2092-12-05,0.1364349126677158
2092-12-06,0.08866215575656099
2092-12-07,0.09881548767257188
2092-12-08,0.15111832036535713
2092-12-09,0.13666654436877476
2092-12-10,0.1455620017815291
2092-12-11,0.1105958681833176
2092-12-12,0.14510511026941794
2092-12-13,0.15433017164633694
2092-12-14,0.19485559325110868
2092-12-15,0.11549201912385178
2092-12-16,0.07874844422224024
2092-12-17,0.07142786418469615
2092-12-18,0.07451312328195657
2092-12-19,0.08544712314834263
2092-12-20,0.0875514901180176
2092-12-21,0.10116877517306322
2092-12-22,0.08044941541088661
2092-12-23,0.15008657821970775
2092-12-24,0.24168120778994406
2092-12-25,0.23523679594637226
2092-12-26,0.18694410840048964
2092-12-27,0.1967985645312073
2092-12-28,0.2233101915583756
2092-12-29,0.2210164685498131
2092-12-30,0.25849219738536666
2092-12-31,0.2149769898316063
2093-01-01,0.11332324359250474
2093-01-02,0.043291439991377606
2093-01-03,0.039238826951834095
2093-01-04,0.07226892446088486
2093-01-05,0.04373522470788392
2093-01-06,0.28459579642091803
2093-01-07,0.3802384889872681
2093-01-08,0.12069484548235575
2093-01-09,0.0585734629315224
2093-01-10,0.06322716206834825
2093-01-11,0.06961051640245626
2093-01-12,0.14120658279985968
2093-01-13,0.09232818098003052
2093-01-14,0.1155755280991058
2093-01-15,0.10718829284313082
2093-01-16,0.06250596245779211
2093-01-17,0.06894807260937086
2093-01-18,0.08531885326299392
2093-01-19,0.17598699476971602
2093-01-20,0.34344152534131084
2093-01-21,0.2577264213355776
2093-01-22,0.4993381593872329
2093-01-23,0.5129041826520712
2093-01-24,0.1848970855216236
2093-01-25,0.13515507138472532
2093-01-26,0.31220492942090217
2093-01-27,2.2461630594882283
2093-01-28,3.789395479797256
2093-01-29,1.5252201002166597
2093-01-30,0.1226337994954538
2093-01-31,0.3578759594345793
2093-02-01,1.2161385604253492
2093-02-02,0.1061433977556534
2093-02-03,0.27899771151870234
2093-02-04,0.1974197077109061
2093-02-05,0.1640301343646852
2093-02-06,0.1701379752760564
2093-02-07,0.15747191956413475
2093-02-08,0.18533092507350166
2093-02-09,0.15819995229031844
2093-02-10,0.1944982008777632
2093-02-11,0.3542621867531637
2093-02-12,0.4021781670474782
2093-02-13,0.28200824733651697
2093-02-14,0.41558536087077547
2093-02-15,0.4660914478512871
2093-02-16,0.5274990044142754
2093-02-17,0.6354984728542845
2093-02-18,1.5112900397911475
2093-02-19,0.8373312011433759
2093-02-20,1.563968783530515
2093-02-21,3.7834127530419366
2093-02-22,4.7593785621134215
2093-02-23,5.708454942876871
2093-02-24,2.57232869881018
2093-02-25,2.1818864952302857
2093-02-26,2.407109236882589
2093-02-27,2.2622893088865608
2093-02-28,2.0237455191476594
2093-03-01,2.406865003714717
2093-03-02,2.3985010408118654
2093-03-03,2.3854609368568225
2093-03-04,2.5565265583341583
2093-03-05,3.038936263746137
2093-03-06,2.1819072826854176
2093-03-07,2.2127187379551065
2093-03-08,2.4796101036175315
2093-03-09,2.382505242318775
2093-03-10,2.946372762011144
2093-03-11,2.904980865811756
2093-03-12,3.3184436841743845
2093-03-13,4.1605280455438285
2093-03-14,2.6168212496895724
2093-03-15,1.8968905657941784
2093-03-16,2.6393276389531937
2093-03-17,3.682343102410754
2093-03-18,3.2744834937352367
2093-03-19,2.1058047871235885
2093-03-20,2.0672912960094267
2093-03-21,3.869534614949707
2093-03-22,3.288156485855944
2093-03-23,2.9775590020004086
2093-03-24,2.8997248716333304
2093-03-25,4.216343763196732
2093-03-26,4.6424660257685
2093-03-27,4.33921237607956
2093-03-28,6.103919238287983
2093-03-29,7.8532871777163
2093-03-30,9.844473272386175
2093-03-31,15.86057170739403
2093-04-01,5.085193872831535
2093-04-02,4.880853455696534
2093-04-03,4.513391820746402
2093-04-04,6.206774477619803
2093-04-05,7.483284911454982
2093-04-06,7.867559996718588
2093-04-07,7.780515448744273
2093-04-08,6.109386913735495
2093-04-09,4.486854536259075
2093-04-10,4.621361532370843
2093-04-11,7.219874218624098
2093-04-12,8.934633724691954
2093-04-13,7.910477524947983
2093-04-14,5.92029975063446
2093-04-15,5.224093778191594
2093-04-16,5.275468346827122
2093-04-17,5.189052635278989
2093-04-18,4.8673729729582735
2093-04-19,4.894879706527954
2093-04-20,4.868992438944809
2093-04-21,5.695545979221146
2093-04-22,6.678235958503615
2093-04-23,7.592026101428848
2093-04-24,5.548605873022158
2093-04-25,5.249950801788382
2093-04-26,5.118887986022251
2093-04-27,5.498770067282411
2093-04-28,5.766030854359997
2093-04-29,6.041885975964927
2093-04-30,7.193497868296661
2093-05-01,7.822101870994513
2093-05-02,11.48879159641829
2093-05-03,14.509889077442862
2093-05-04,14.576029617441113
2093-05-05,14.158469529207736
2093-05-06,15.28580374421593
2093-05-07,12.540767134396177
2093-05-08,10.915307093909867
2093-05-09,5.548461704770545
2093-05-10,5.302550249834951
2093-05-11,5.1342040124415655
2093-05-12,5.0093726367110385
2093-05-13,4.82927905458557
2093-05-14,4.72913164067582
2093-05-15,4.469239373193782
2093-05-16,4.16663933954773
2093-05-17,3.9312950051263513
2093-05-18,3.5844998033759503
2093-05-19,3.3070531904040874
2093-05-20,3.220696435582897
2093-05-21,2.915357152745768
2093-05-22,2.8358066969908386
2093-05-23,2.5593575318024024
2093-05-24,2.5438137765818807
2093-05-25,2.644801032283517
2093-05-26,2.517811990315071
2093-05-27,2.6070030522050285
2093-05-28,2.9589696074626075
2093-05-29,3.913901816804286
2093-05-30,4.551189929021597
2093-05-31,2.6232494695505943
2093-06-01,2.7156866939314823
2093-06-02,2.5643844212144487
2093-06-03,2.621637306326368
2093-06-04,2.7916759361834904
2093-06-05,2.193762833600273
2093-06-06,2.0476542713409485
2093-06-07,2.091049373736003
2093-06-08,2.0396886405922885
2093-06-09,2.24057978587368
2093-06-10,2.3116731813510394
2093-06-11,2.112021126397982
2093-06-12,2.22601529607978
2093-06-13,1.9595101017678906
2093-06-14,1.7576463617227585
2093-06-15,1.4082415129784476
2093-06-16,1.3070209602798404
2093-06-17,1.2272139442506038
2093-06-18,1.1585246640175584
2093-06-19,1.11144947830668
2093-06-20,1.072918223741111
2093-06-21,1.0640581760278771
2093-06-22,0.9990553292625484
2093-06-23,0.8902545128379533
2093-06-24,0.8703219363355555
2093-06-25,0.80964127932551
2093-06-26,0.8479291942896461
2093-06-27,0.8553125181958616
2093-06-28,0.729652097328103
2093-06-29,0.6920653797693067
2093-06-30,0.678762682352509
2093-07-01,1.4785841560611284
2093-07-02,1.2030108810837812
2093-07-03,1.0442394989590638
2093-07-04,0.9035996365559176
2093-07-05,0.8359505335037886
2093-07-06,0.6473357538413176
2093-07-07,0.5820016235439145
2093-07-08,0.527270176474886
2093-07-09,0.4665326196388746
2093-07-10,0.4163592224965778
2093-07-11,0.37155088195331415
2093-07-12,0.3325752735182525
2093-07-13,0.3005741432718409
2093-07-14,0.2731216664278754
2093-07-15,0.24894190857827755
2093-07-16,0.2287102771411111
2093-07-17,0.21128326770955308
2093-07-18,0.1952848503843604
2093-07-19,0.1809633492162568
2093-07-20,0.16885834840393574
2093-07-21,0.15849991508008293
2093-07-22,0.14952881209765226
2093-07-23,0.14212544725643358
2093-07-24,0.135847917414214
2093-07-25,0.13037484912203895
2093-07-26,0.125841241236509
2093-07-27,0.1222092046050869
2093-07-28,0.1191596360471162
2093-07-29,0.11648128934138285
2093-07-30,0.11407025759446685
2093-07-31,0.11187060628560856
2093-08-01,0.14182429665556887
2093-08-02,0.15572497097799592
2093-08-03,0.1377631907417906
2093-08-04,0.1906199445923211
2093-08-05,0.1338840812844605
2093-08-06,0.13358109427902173
2093-08-07,0.13052031105798864
2093-08-08,0.12892829997010266
2093-08-09,0.12746251642898446
2093-08-10,0.12613248568091953
2093-08-11,0.17313321321685238
2093-08-12,0.12393669302166675
2093-08-13,0.12271794085339717
2093-08-14,0.12149579653281475
2093-08-15,0.12031724149481607
2093-08-16,0.11923211235631305
2093-08-17,0.11826100579066505
2093-08-18,0.1174078106620508
2093-08-19,0.11665177348108867
2093-08-20,0.11593642370176888
2093-08-21,0.11524604392748708
2093-08-22,0.11459034057913893
2093-08-23,0.11393910207991295
2093-08-24,0.11328523833076587
2093-08-25,0.11267801280749895
2093-08-26,0.11213523801252748
2093-08-27,0.11166194243022942
2093-08-28,0.11125662941021616
2093-08-29,0.1108770372769516
2093-08-30,0.11050479942649748
2093-08-31,0.11015161971726213
2093-09-01,0.05035039061656763
2093-09-02,0.05021243783737249
2093-09-03,0.0500888677225839
2093-09-04,0.04998532895875429
2093-09-05,0.049905400764585627
2093-09-06,0.04984748395981449
2093-09-07,0.051697768676117715
2093-09-08,0.05069844897285748
2093-09-09,0.0496496865260924
2093-09-10,0.04957070075195314
2093-09-11,0.04949722926746464
2093-09-12,0.049419478265999836
2093-09-13,0.04933497098669663
2093-09-14,0.0492500875636891
2093-09-15,0.04916995151804821
2093-09-16,0.049098960095048126
2093-09-17,0.04903291603065145
2093-09-18,0.04896871152707103
2093-09-19,0.048906909627459264
2093-09-20,0.04903632787034172
2093-09-21,0.04879843596545979
2093-09-22,0.04875401927083973
2093-09-23,0.04868597467542194
2093-09-24,0.04863059727100082
2093-09-25,0.04857692120651644
2093-09-26,0.048527577645160525
2093-09-27,0.04848181644336569
2093-09-28,0.04843748689937001
2093-09-29,0.04839369263647468
2093-09-30,0.0483512304316826
2093-10-01,0.0810330244328931
2093-10-02,0.08213821124479799
2093-10-03,0.08092222164025273
2093-10-04,0.08086063657480255
2093-10-05,0.08080039331069283
2093-10-06,0.08074315076917203
2093-10-07,0.08068836179839314
2093-10-08,0.08063676898540445
2093-10-09,0.08128390049919781
2093-10-10,0.0805522113021932
2093-10-11,0.0806132131052243
2093-10-12,0.0804761198154019
2093-10-13,0.0808800924214803
2093-10-14,0.08073400216643963
2093-10-15,0.08093846515692334
2093-10-16,0.14502057175047053
2093-10-17,0.08431371748973787
2093-10-18,0.09944146308333487
2093-10-19,0.08075259362940011
2093-10-20,0.08379167228410986
2093-10-21,0.08087964014476584
2093-10-22,0.0864967652022868
2093-10-23,0.08021699147432819
2093-10-24,0.0802016858476854
2093-10-25,0.10846092241520294
2093-10-26,0.09347201669832048
2093-10-27,0.11314187557675287
2093-10-28,0.08509798704865483
2093-10-29,0.08009229235260035
2093-10-30,0.08006979393898726
2093-10-31,0.0800472658751113
2093-11-01,0.05357420099003953
2093-11-02,0.053558999165849525
2093-11-03,0.05354400053784216
2093-11-04,0.05352937450114456
2093-11-05,0.05351499033367859
2093-11-06,0.05350069822003189
2093-11-07,0.05348645029254062
2093-11-08,0.053472010970922884
2093-11-09,0.05345729473751381
2093-11-10,0.05344258183317406
2093-11-11,0.05345140170305961
2093-11-12,0.0675860307005683
2093-11-13,0.057898698882719986
2093-11-14,0.053386637719508384
2093-11-15,0.053372931695537515
2093-11-16,0.06577263072883811
2093-11-17,0.05385984723684882
2093-11-18,0.05417856481816394
2093-11-19,0.09495786602716502
2093-11-20,0.057101477365367886
2093-11-21,0.06962568380808229
2093-11-22,0.06438902380495838
2093-11-23,0.12163678490696345
2093-11-24,0.07933680822484558
2093-11-25,0.09541686509718222
2093-11-26,0.09230449864573356
2093-11-27,0.09799691013394073
2093-11-28,0.1638706852335816
2093-11-29,0.3664760071872453
2093-11-30,0.2972186922807648
2093-12-01,2.00399947681481
2093-12-02,1.1950288629693957
2093-12-03,1.2360249767009437
2093-12-04,0.2543310197895119
2093-12-05,0.07791708599285448
2093-12-06,0.094970644000217
2093-12-07,0.10582215153961363
2093-12-08,0.11517330784120995
2093-12-09,0.1408404400244499
2093-12-10,0.13103507577982293
2093-12-11,0.11113318280476801
2093-12-12,0.10668567341054823
2093-12-13,0.10636441301105166
2093-12-14,0.10624970117912257
2093-12-15,0.0923977105150637
2093-12-16,0.1087691527021778
2093-12-17,0.09985438060027346
2093-12-18,0.12899847800332334
2093-12-19,0.14953142554549662
2093-12-20,0.14799573211191785
2093-12-21,0.08740341670625511
2093-12-22,0.13395853233361615
2093-12-23,0.3830553902469949
2093-12-24,0.6487011556912469
2093-12-25,0.7971176784976929
2093-12-26,0.5134317189246588
2093-12-27,0.3702070764690941
2093-12-28,0.31154308941648845
2093-12-29,0.11587676237959653
2093-12-30,0.0730735102684184
2093-12-31,0.07228277201496514
2094-01-01,0.0496894062358417
2094-01-02,0.05537860769894395
2094-01-03,0.050028169914732336
2094-01-04,0.04615553092612271
2094-01-05,0.04164336689620303
2094-01-06,0.04424959622357817
2094-01-07,0.046650240606508714
2094-01-08,0.07621087553081188
2094-01-09,0.3732526629618028
2094-01-10,0.1764982781823767
2094-01-11,0.0585013788052396
2094-01-12,0.09200473716602074
2094-01-13,0.12321450699740727
2094-01-14,0.05253549345735719
2094-01-15,0.05619777640201815
2094-01-16,0.05455768229286189
2094-01-17,0.057539982213966334
2094-01-18,0.05321239019596302
2094-01-19,0.10637957918951367
2094-01-20,0.08303216281287111
2094-01-21,0.05621307289524715
2094-01-22,0.08042194051058643
2094-01-23,0.0834494949319474
2094-01-24,0.1458401375264792
2094-01-25,0.07928143101396272
2094-01-26,0.2265631537570016
2094-01-27,0.16072099598081288
2094-01-28,0.060498020318689436
2094-01-29,0.06472707245482284
2094-01-30,0.06208467629068235
2094-01-31,0.0917849873713605
2094-02-01,0.2134288099095175
2094-02-02,0.23808364523637696
2094-02-03,0.1281729491860288
2094-02-04,0.10456569693080958
2094-02-05,0.1167042101723856
2094-02-06,0.16957513176562367
2094-02-07,0.11758597749231928
2094-02-08,0.08916559254082887
2094-02-09,0.0910065215726084
2094-02-10,0.13664460268041292
2094-02-11,0.36238037348392105
2094-02-12,1.4862585765374898
2094-02-13,1.0729167718915036
2094-02-14,0.4754197458489624
2094-02-15,0.3849136338006444
2094-02-16,0.4725353805162192
2094-02-17,0.6924384341683373
2094-02-18,1.1836071458475206
2094-02-19,1.2917901288239595
2094-02-20,1.3875292301687512
2094-02-21,1.5884540678593846
2094-02-22,1.6004990964388175
2094-02-23,1.6173831945834316
2094-02-24,1.6312056471441991
2094-02-25,1.1467347045785596
2094-02-26,1.4727889078701524
2094-02-27,1.2799224928025108
2094-02-28,0.9053802731170284
2094-03-01,1.0040842680130857
2094-03-02,1.7566996150251415
2094-03-03,1.8195566985364118
2094-03-04,1.73671091397752
2094-03-05,1.1246285523261372
2094-03-06,1.5404165018483618
2094-03-07,1.010742074444402
2094-03-08,1.2377936842053263
2094-03-09,1.8208819042618236
2094-03-10,1.9451964727007336
2094-03-11,1.954304063570912
2094-03-12,1.7633275285721643
2094-03-13,2.97461529927362
2094-03-14,4.06183892238639
2094-03-15,2.1698628957202635
2094-03-16,1.182486934949904
2094-03-17,1.3016222674718283
2094-03-18,1.5630620427261073
2094-03-19,3.0570009266141893
2094-03-20,3.6420566517861066
2094-03-21,2.46285319999824
2094-03-22,1.6458045020243914
2094-03-23,2.4835752849233868
2094-03-24,3.4472735013429685
2094-03-25,1.8325735228778661
2094-03-26,1.9988003184150729
2094-03-27,3.0740598156207715
2094-03-28,2.0061645105048247
2094-03-29,1.600335629687405
2094-03-30,2.1472473187799257
2094-03-31,2.0150336474708777
2094-04-01,1.5017735053225527
2094-04-02,2.3585244957787017
2094-04-03,4.782129936512006
2094-04-04,4.0865137716215285
2094-04-05,2.250824199007392
2094-04-06,2.0624451593162862
2094-04-07,1.8405025491185802
2094-04-08,1.7870666492763392
2094-04-09,1.8095054808259183
2094-04-10,2.6022785872915124
2094-04-11,4.435800883721165
2094-04-12,3.788112183226996
2094-04-13,4.594197625579089
2094-04-14,5.747806708924769
2094-04-15,7.720975389417815
2094-04-16,6.006359390056974
2094-04-17,4.323954919517747
2094-04-18,3.6215072589120223
2094-04-19,4.699035951830882
2094-04-20,4.946829608046448
2094-04-21,7.139923571787157
2094-04-22,8.074287632779514
2094-04-23,8.623056917792486
2094-04-24,9.766782106840484
2094-04-25,7.755432323811128
2094-04-26,8.32828338339953
2094-04-27,10.405706958185934
2094-04-28,13.829011747808918
2094-04-29,13.315832408442875
2094-04-30,9.13790503233098
2094-05-01,8.09185003124478
2094-05-02,8.329568933742017
2094-05-03,7.7069016854169226
2094-05-04,7.2975316770465435
2094-05-05,6.638988592380001
2094-05-06,5.712619277914702
2094-05-07,4.6240378677564244
2094-05-08,4.525972713216864
2094-05-09,4.888397358061906
2094-05-10,4.782185143537588
2094-05-11,5.72872433009633
2094-05-12,5.013276439216951
2094-05-13,4.424907772735153
2094-05-14,3.5389196220749506
2094-05-15,3.4007475880461
2094-05-16,3.3447218254940765
2094-05-17,3.4191879762926187
2094-05-18,2.9724330702054416
2094-05-19,2.665745236002465
2094-05-20,2.453351662343583
2094-05-21,2.293375543787713
2094-05-22,2.2460505092524023
2094-05-23,2.1353695807151465
2094-05-24,2.07389412712961
2094-05-25,1.976505151635933
2094-05-26,1.908217106629272
2094-05-27,1.7669934935693252
2094-05-28,1.7828026831236818
2094-05-29,2.145240767616025
2094-05-30,1.6408934285551688
2094-05-31,1.5934434894550569
2094-06-01,1.4862674296605167
2094-06-02,1.2707806341717014
2094-06-03,1.2294583920165971
2094-06-04,1.2209621316495611
2094-06-05,1.189408167408001
2094-06-06,1.117351111978414
2094-06-07,0.9453702345438068
2094-06-08,0.8038482719868867
2094-06-09,0.7333801423672923
2094-06-10,0.6779721745864568
2094-06-11,0.6405976415361189
2094-06-12,0.6029574830736647
2094-06-13,0.5624550327703526
2094-06-14,0.5032664500518265
2094-06-15,0.4627634113001056
2094-06-16,0.4243699548033924
2094-06-17,0.4009095777271655
2094-06-18,0.3705428175473437
2094-06-19,0.3401860139604737
2094-06-20,0.29816659151750163
2094-06-21,0.2836878126323901
2094-06-22,0.26342747662816257
2094-06-23,0.24493464886691266
2094-06-24,0.2275267572579928
2094-06-25,0.2142189605098472
2094-06-26,0.20579933259602065
2094-06-27,0.19970786486945868
2094-06-28,0.1934536212954317
2094-06-29,0.17781076375609164
2094-06-30,0.15286033495915807
2094-07-01,0.3380568012952497
2094-07-02,0.3098011606097314
2094-07-03,0.2801469941398432
2094-07-04,0.2771534529474276
2094-07-05,0.2354248753397369
2094-07-06,0.2182022165686683
2094-07-07,0.2020984492552013
2094-07-08,0.18806042071013448
2094-07-09,0.17599539074041987
2094-07-10,0.16558714128991192
2094-07-11,0.15633620569523668
2094-07-12,0.14813705735238472
2094-07-13,0.1429676312976092
2094-07-14,0.13630727611507448
2094-07-15,0.1320843902945066
2094-07-16,0.12813606937540914
2094-07-17,0.12360818396689605
2094-07-18,0.12965189738231986
2094-07-19,0.11687400386417145
2094-07-20,0.11382606426338207
2094-07-21,0.11112712102593447
2094-07-22,0.1211246721036726
2094-07-23,0.10699772335819198
2094-07-24,0.13066381726123566
2094-07-25,0.10444392715976007
2094-07-26,0.10213784733673067
2094-07-27,0.1005800008971672
2094-07-28,0.09916273163443334
2094-07-29,0.09782641823468977
2094-07-30,0.09661150546930597
2094-07-31,0.0954931362498386
2094-08-01,0.12196101986705983
2094-08-02,0.12073538862548724
2094-08-03,0.1195739877029953
2094-08-04,0.11846108054259592
2094-08-05,0.11739940176009485
2094-08-06,0.11639990698705616
2094-08-07,0.1154660829973324
2094-08-08,0.11461546598756718
2094-08-09,0.11381861899860166
2094-08-10,0.11305987943679847
2094-08-11,0.1190290393965318
2094-08-12,0.1117797350017712
2094-08-13,0.14379477780751054
2094-08-14,0.11081078250688857
2094-08-15,0.11041086531272716
2094-08-16,0.11000231119900916
2094-08-17,0.109649071527296
2094-08-18,0.6945820000802932
2094-08-19,0.11067015019544901
2094-08-20,0.31753008979551217
2094-08-21,0.10867889135662533
2094-08-22,0.14079254062562785
2094-08-23,0.1204068712851838
2094-08-24,0.10790824052742336
2094-08-25,0.10762568428551147
2094-08-26,0.1073766834102358
2094-08-27,0.10714606935101627
2094-08-28,0.12530933077941075
2094-08-29,0.10677075779128896
2094-08-30,0.8660408328670206
2094-08-31,0.26815298460272385
2094-09-01,0.4371527519431658
2094-09-02,0.319444051115518
2094-09-03,0.28122034470243434
2094-09-04,0.4885188313512217
2094-09-05,0.13618591219209716
2094-09-06,0.04870271994570702
2094-09-07,0.0486531450961501
2094-09-08,0.04860388520158185
2094-09-09,0.048555282648833374
2094-09-10,0.04850723561981152
2094-09-11,0.04846123847853985
2094-09-12,0.048415485099402064
2094-09-13,0.04837181558289808
2094-09-14,0.04833108466300005
2094-09-15,0.048292292412925146
2094-09-16,0.04825563925134358
2094-09-17,0.04860542828822211
2094-09-18,0.049179377596580184
2094-09-19,0.04817836442929735
2094-09-20,0.04815668103549015
2094-09-21,0.04890267514615102
2094-09-22,0.1285478319466014
2094-09-23,0.057044644573743
2094-09-24,0.05866684900155361
2094-09-25,0.04807931358993908
2094-09-26,0.04805676501206504
2094-09-27,0.04804652096661568
2094-09-28,0.048014735523220935
2094-09-29,0.04799192409738237
2094-09-30,0.04796797279900601
2094-10-01,0.08041696388965823
2094-10-02,0.08037992326690314
2094-10-03,0.08034342401934456
2094-10-04,0.08030952529084072
2094-10-05,0.08027946382044784
2094-10-06,0.08025189965774522
2094-10-07,0.08022312241877999
2094-10-08,0.08019277645758427
2094-10-09,0.08016284867185068
2094-10-10,0.08013347571314966
2094-10-11,0.08010474586886995
2094-10-12,0.08007657976195733
2094-10-13,0.08004851940812976
2094-10-14,0.08002030493581543
2094-10-15,0.07999326799493754
2094-10-16,0.07996909556576097
2094-10-17,0.07994744249437358
2094-10-18,0.07992672157567778
2094-10-19,0.07990617896829386
2094-10-20,0.08182841022443138
2094-10-21,0.08626224326884219
2094-10-22,0.07985053824976332
2094-10-23,0.08051243524775216
2094-10-24,0.07994171712395932
2094-10-25,0.07978573241683083
2094-10-26,0.0797648774168575
2094-10-27,0.07974374124675973
2094-10-28,0.07972163906449609
2094-10-29,0.07969983981304105
2094-10-30,0.0974876777826676
2094-10-31,0.2502604684069453
2094-11-01,0.05640694285090979
2094-11-02,0.05566758096884023
2094-11-03,0.12532210037824465
2094-11-04,0.18215404554886447
2094-11-05,0.14462524382861114
2094-11-06,0.06442648958844521
2094-11-07,0.05324340482802739
2094-11-08,0.07944484530851616
2094-11-09,0.6878068697020999
2094-11-10,0.8111601635103095
2094-11-11,0.23036635610777464
2094-11-12,0.10281299540633597
2094-11-13,0.18311766301438626
2094-11-14,0.09828385326513417
2094-11-15,0.1386911203944267
2094-11-16,0.2444150609064389
2094-11-17,0.2987799205717247
2094-11-18,0.1721323901833652
2094-11-19,0.22524110391701346
2094-11-20,0.2348308270711812
2094-11-21,0.32054586192451523
2094-11-22,0.23145463266479224
2094-11-23,0.15179801727295095
2094-11-24,0.1123687906601976
2094-11-25,0.08221920265947763
2094-11-26,0.07210928930812698
2094-11-27,0.06485544605449782
2094-11-28,0.8089111095054602
2094-11-29,0.3430971299500313
2094-11-30,0.28889259451222954
2094-12-01,0.1806290639837346
2094-12-02,0.9200399892555542
2094-12-03,0.08683352827083764
2094-12-04,0.06443533845912207
2094-12-05,0.24380087601265255
2094-12-06,0.07491910256982788
2094-12-07,0.06200010035341722
2094-12-08,0.09366318370068973
2094-12-09,0.09437309155247588
2094-12-10,0.0816847143486135
2094-12-11,0.10126020129618872
2094-12-12,0.1975407757024104
2094-12-13,0.40532098026644586
2094-12-14,0.5067479792448695
2094-12-15,0.6874606667770232
2094-12-16,0.6753779734669177
2094-12-17,0.3830265475565987
2094-12-18,0.4282376698907352
2094-12-19,0.2782449843401408
2094-12-20,0.4173802622387763
2094-12-21,0.21081249423720974
2094-12-22,0.07691078905652267
2094-12-23,0.07798704230124329
2094-12-24,0.2853924846035023
2094-12-25,0.4115878453378285
2094-12-26,0.10966255875260668
2094-12-27,0.0726587887604741
2094-12-28,0.08714321784024337
2094-12-29,0.1274488368737288
2094-12-30,0.1978084550159816
2094-12-31,0.25565223409530885
2095-01-01,0.18690024150447354
2095-01-02,0.5711598218254027
2095-01-03,0.27004709692737244
2095-01-04,0.0726906969571151
2095-01-05,0.06868206146369514
2095-01-06,0.07542926505596725
2095-01-07,0.0523633656677921
2095-01-08,0.06851056152709692
2095-01-09,0.3875354708072101
2095-01-10,0.8414876228737042
2095-01-11,0.17244820562563615
2095-01-12,0.10690350690213246
2095-01-13,5.08368116113667
2095-01-14,12.602040758350215
2095-01-15,1.2679513678330618
2095-01-16,0.13162416518424386
2095-01-17,0.8576385856419768
2095-01-18,0.2743861195761719
2095-01-19,0.30172164515501265
2095-01-20,0.1608503369452053
2095-01-21,0.17704822225000436
2095-01-22,0.1821256290350617
2095-01-23,0.22966139424217225
2095-01-24,0.280541294701414
2095-01-25,0.229516731060148
2095-01-26,0.27243862877662617
2095-01-27,0.3222597587771693
2095-01-28,0.3312858337937436
2095-01-29,0.29517756854900484
2095-01-30,0.2955136076650152
2095-01-31,0.2931292369931921
2095-02-01,0.23605436545446676
2095-02-02,0.2290919992448383
2095-02-03,0.2265696124629517
2095-02-04,0.22851488465157654
2095-02-05,0.22728056665896404
2095-02-06,0.2335182232249072
2095-02-07,0.2173714467626932
2095-02-08,0.1983235002700735
2095-02-09,0.19518074896007204
2095-02-10,0.19093636318038884
2095-02-11,0.2280765071402407
2095-02-12,2.0878640230493
2095-02-13,6.837913976034467
2095-02-14,5.7290670745116685
2095-02-15,5.047544692291461
2095-02-16,4.523858447433926
2095-02-17,2.4457990962303846
2095-02-18,1.4895417403014253
2095-02-19,1.2150053901725186
2095-02-20,1.4628117777630567
2095-02-21,1.6555541992850882
2095-02-22,1.5516288759237438
2095-02-23,1.5728791649863418
2095-02-24,1.1421214065292409
2095-02-25,1.0899859505928164
2095-02-26,1.0838576146287169
2095-02-27,1.0867894079143594
2095-02-28,1.0069918774292534
2095-03-01,1.2299773191687966
2095-03-02,1.1917301019372604
2095-03-03,1.1271042607870052
2095-03-04,1.0938432727316303
2095-03-05,1.0710235549549385
2095-03-06,1.0368449207752235
2095-03-07,1.1759638871195972
2095-03-08,0.9802890213556265
2095-03-09,0.921019850004148
2095-03-10,1.037910319638457
2095-03-11,1.0793467966508845
2095-03-12,0.9292553136907604
2095-03-13,1.0235392617715922
2095-03-14,1.4478147845851996
2095-03-15,1.9849608732227009
2095-03-16,3.2007754516298688
2095-03-17,6.215256233965004
2095-03-18,5.557180786638591
2095-03-19,3.1406379449231414
2095-03-20,3.0873825550885194
2095-03-21,3.2272199422400685
2095-03-22,3.339536342344929
2095-03-23,2.85438741925729
2095-03-24,2.27898475171734
2095-03-25,3.372833929061137
2095-03-26,4.103471606678801
2095-03-27,4.979424386097008
2095-03-28,6.28178644317529
2095-03-29,6.347532750772209
2095-03-30,8.801829398770705
2095-03-31,16.76769373740574
2095-04-01,10.299142310422203
2095-04-02,7.139959672833887
2095-04-03,5.5256216437175425
2095-04-04,5.495560981306809
2095-04-05,7.436166492449379
2095-04-06,8.738137241292614
2095-04-07,6.201607012750367
2095-04-08,7.30608686461043
2095-04-09,9.071277690194009
2095-04-10,8.031217104321584
2095-04-11,3.6328986565285737
2095-04-12,3.973707858024199
2095-04-13,3.643564377873604
2095-04-14,4.092705390110158
2095-04-15,7.348420988867363
2095-04-16,11.666440371910381
2095-04-17,10.941764085018113
2095-04-18,6.474238077383472
2095-04-19,5.767232692599717
2095-04-20,9.316838064225427
2095-04-21,12.368776265464206
2095-04-22,11.277947575061598
2095-04-23,17.745522475295378
2095-04-24,19.21537426812598
2095-04-25,21.064541932413047
2095-04-26,24.001288069068146
2095-04-27,23.3843069136312
2095-04-28,21.561903594513307
2095-04-29,18.51048217756281
2095-04-30,15.152659570093364
2095-05-01,18.926997293623163
2095-05-02,27.391643709448577
2095-05-03,35.06614081050459
2095-05-04,35.79382596451228
2095-05-05,37.279231927985975
2095-05-06,45.235437358833714
2095-05-07,47.51370465276239
2095-05-08,32.796480801416344
2095-05-09,16.89477609928484
2095-05-10,11.479080416143768
2095-05-11,8.05014575168633
2095-05-12,8.071146693176107
2095-05-13,9.348682149973557
2095-05-14,9.947624723804593
2095-05-15,8.351112091513603
2095-05-16,7.808647565225379
2095-05-17,7.571443158242056
2095-05-18,8.749243578240288
2095-05-19,10.219805581219402
2095-05-20,14.311701068026006
2095-05-21,21.266544304347146
2095-05-22,27.668702483779914
2095-05-23,27.329939013782624
2095-05-24,21.638748406534962
2095-05-25,28.04773919359361
2095-05-26,28.77813189072979
2095-05-27,23.87690732628418
2095-05-28,18.924506797968267
2095-05-29,15.557271074563765
2095-05-30,11.005694488793953
2095-05-31,16.58944665852241
2095-06-01,17.760066902295552
2095-06-02,14.789489453537733
2095-06-03,22.897413389236778
2095-06-04,28.474403154538752
2095-06-05,31.812890881780227
2095-06-06,34.25374484211018
2095-06-07,31.77186166549564
2095-06-08,31.457910083130745
2095-06-09,37.532566593634435
2095-06-10,33.101910314987585
2095-06-11,37.22856496767469
2095-06-12,33.9188458721921
2095-06-13,33.32670412081496
2095-06-14,31.752708239102716
2095-06-15,25.820566064697925
2095-06-16,27.21493215661271
2095-06-17,22.89530930457877
2095-06-18,21.247020184372907
2095-06-19,17.356725577889392
2095-06-20,16.23219948138701
2095-06-21,14.565903183781975
2095-06-22,13.130638640977507
2095-06-23,11.67069603832514
2095-06-24,10.040533684712553
2095-06-25,9.39347851368384
2095-06-26,8.215192533577428
2095-06-27,7.064099523731607
2095-06-28,5.882948451442098
2095-06-29,5.085700007283768
2095-06-30,4.8147632204510415
2095-07-01,10.535102875764405
2095-07-02,10.292432135968513
2095-07-03,9.823687965835145
2095-07-04,9.242972227473436
2095-07-05,8.251425977637888
2095-07-06,7.230256457494504
2095-07-07,6.500088663019757
2095-07-08,6.3324098964168885
2095-07-09,5.791282837521344
2095-07-10,5.379557768102948
2095-07-11,4.877597411613663
2095-07-12,4.676446398882481
2095-07-13,4.638562968379175
2095-07-14,4.1651889836571705
2095-07-15,3.628373852866541
2095-07-16,3.768401689065063
2095-07-17,3.695662024427454
2095-07-18,3.1137334990182093
2095-07-19,3.0906645711326446
2095-07-20,2.8147803724231366
2095-07-21,2.5779291601591785
2095-07-22,2.5946979127864007
2095-07-23,2.410583344276041
2095-07-24,2.4449375300054346
2095-07-25,2.08020133056763
2095-07-26,1.983054172744809
2095-07-27,1.801962348360535
2095-07-28,1.4670655307950322
2095-07-29,1.4602120711419195
2095-07-30,1.4129400900675229
2095-07-31,1.2408847021482683
2095-08-01,1.5322133182052504
2095-08-02,1.3431544829234352
2095-08-03,1.2716762195370157
2095-08-04,1.2223127319448293
2095-08-05,1.07928732590011
2095-08-06,0.8340657477706823
2095-08-07,0.5847001283538061
2095-08-08,0.5439481096218235
2095-08-09,0.5062088248072183
2095-08-10,0.4672338525102489
2095-08-11,0.4133837343644979
2095-08-12,0.39666988828971506
2095-08-13,0.42195347538288397
2095-08-14,0.4350862397015917
2095-08-15,0.28215148210444485
2095-08-16,0.27371921256667386
2095-08-17,0.2708725702798984
2095-08-18,0.22518657837927705
2095-08-19,0.2394771140980768
2095-08-20,0.18836005331553896
2095-08-21,0.22200980788776528
2095-08-22,0.16854102322998107
2095-08-23,0.16025199110808191
2095-08-24,0.15257895720889764
2095-08-25,0.14554203323177636
2095-08-26,0.21047012503032295
2095-08-27,0.13495870382228756
2095-08-28,0.1321316134177398
2095-08-29,0.1280121056678281
2095-08-30,0.12900598206051314
2095-08-31,0.4122707167384941
2095-09-01,0.1970163774858891
2095-09-02,0.1428964589722752
2095-09-03,0.17062533352477066
2095-09-04,0.2947224501037843
2095-09-05,0.08642832048310492
2095-09-06,0.12293450759558736
2095-09-07,0.3471476044544318
2095-09-08,0.4996906787631379
2095-09-09,0.054907915032076086
2095-09-10,0.05473681653130412
2095-09-11,0.054474471455151316
2095-09-12,0.0542126475230696
2095-09-13,0.05397013205766945
2095-09-14,0.1011253140427006
2095-09-15,0.05362866751278687
2095-09-16,0.05343395121406201
2095-09-17,0.05324170530359845
2095-09-18,0.05309278656825246
2095-09-19,0.05288242665181872
2095-09-20,0.052729495663683984
2095-09-21,0.0526005591789047
2095-09-22,0.05246634760267672
2095-09-23,0.052311579671925484
2095-09-24,0.05277174412444244
2095-09-25,0.05204764247194739
2095-09-26,0.057032653630039426
2095-09-27,0.1285625087339878
2095-09-28,0.0592335302338595
2095-09-29,0.05196265620328852
2095-09-30,0.05176161813217473
2095-10-01,0.08669867518632557
2095-10-02,0.08655705612312192
2095-10-03,0.0864030738129454
2095-10-04,0.08624230673745849
2095-10-05,0.08607787560314156
2095-10-06,0.09443974657051213
2095-10-07,0.10682750641051728
2095-10-08,0.09061704277551937
2095-10-09,0.08572254007382364
2095-10-10,0.08562035057121199
2095-10-11,0.08549655588023654
2095-10-12,0.0853650837644549
2095-10-13,0.08524422237131715
2095-10-14,0.08513386681243645
2095-10-15,0.08502673058581417
2095-10-16,0.08491872571385901
2095-10-17,0.08480773294703832
2095-10-18,0.0847072002015239
2095-10-19,0.08480508444134399
2095-10-20,0.08453568326130252
2095-10-21,0.08443866262981768
2095-10-22,0.08434151908919774
2095-10-23,0.08424795760289251
2095-10-24,0.08416518853195941
2095-10-25,0.0840906576610308
2095-10-26,0.08402244089348553
2095-10-27,0.08395489814003675
2095-10-28,1.4185095238968768
2095-10-29,2.4211024954477374
2095-10-30,0.3992181236575553
2095-10-31,0.1867183266797001
2095-11-01,0.8354771778735675
2095-11-02,1.5752639896019482
2095-11-03,0.13341635187687909
2095-11-04,0.06767465942142918
2095-11-05,0.15224562782503862
2095-11-06,0.16237307952180752
2095-11-07,0.4237174364751421
2095-11-08,1.8464803105263785
2095-11-09,5.968665733201474
2095-11-10,3.6201184219113927
2095-11-11,1.7732423849749894
2095-11-12,2.9970005357462086
2095-11-13,2.178045027479333
2095-11-14,0.30401476497162777
2095-11-15,0.30539576865303364
2095-11-16,0.1844501079266444
2095-11-17,1.2164030954825733
2095-11-18,1.6500116169029089
2095-11-19,0.8453260180470299
2095-11-20,0.34730226212614385
2095-11-21,0.8802416748784148
2095-11-22,0.2082605104533793
2095-11-23,0.0943864862432881
2095-11-24,0.09403811111161756
2095-11-25,0.099916133619706
2095-11-26,0.11155859100866823
2095-11-27,0.207150348522306
2095-11-28,0.3813061333766884
2095-11-29,0.31909374661344625
2095-11-30,1.6135793873751978
2095-12-01,2.096974743866822
2095-12-02,0.320172960135772
2095-12-03,0.7435105056744107
2095-12-04,0.4103402725317157
2095-12-05,0.4308196240832939
2095-12-06,0.6963060049857309
2095-12-07,0.6854915260119662
2095-12-08,0.6048900445850008
2095-12-09,1.4178808766830322
2095-12-10,2.176230318087145
2095-12-11,1.4307369885881656
2095-12-12,1.00278331313004
2095-12-13,1.0861793209837671
2095-12-14,1.0433051281820942
2095-12-15,1.0074642828513034
2095-12-16,1.0118570007060288
2095-12-17,1.0021430938920797
2095-12-18,0.944311161073009
2095-12-19,0.8938564547808759
2095-12-20,0.8759538711074621
2095-12-21,0.8286353207431579
2095-12-22,0.7898585064447717
2095-12-23,0.7587534205536168
2095-12-24,0.7264740913091703
2095-12-25,0.7531582203201234
2095-12-26,0.7668501067879244
2095-12-27,0.8295283386316198
2095-12-28,0.8259924863543366
2095-12-29,0.8139345707881028
2095-12-30,0.8647404555400071
2095-12-31,0.9941857671369484
2096-01-01,1.1159108028339408
2096-01-02,0.7398040254752019
2096-01-03,0.7129128874671286
2096-01-04,0.7133378867075048
2096-01-05,0.6859767077865211
2096-01-06,0.653443406912538
2096-01-07,0.6330596386426874
2096-01-08,0.6246835866388138
2096-01-09,0.7262464300032588
2096-01-10,0.7145937539863327
2096-01-11,0.6558251796160979
2096-01-12,0.5910340308086334
2096-01-13,0.5776108383759058
2096-01-14,0.5589550882369051
2096-01-15,0.5657540956808096
2096-01-16,0.574975783674111
2096-01-17,0.5867639912114654
2096-01-18,0.5206559257360429
2096-01-19,0.5062160068286351
2096-01-20,0.5096814698508578
2096-01-21,0.495742610094344
2096-01-22,0.9211508505237226
2096-01-23,1.169127438899109
2096-01-24,1.5331160669084498
2096-01-25,1.4838150080058827
2096-01-26,1.7376032278954023
2096-01-27,1.4830222134016509
2096-01-28,1.253406372946379
2096-01-29,1.2858033231144377
2096-01-30,1.2624192739627431
2096-01-31,1.3252486871599776
2096-02-01,1.0548813717307353
2096-02-02,1.1325025483592572
2096-02-03,0.9739011822948491
2096-02-04,0.9331990822873556
2096-02-05,0.9009502584464334
2096-02-06,0.8526381832201855
2096-02-07,0.8142503012236609
2096-02-08,0.7843628921138776
2096-02-09,0.7751585466473982
2096-02-10,0.8231478644899803
2096-02-11,0.7087565939393917
2096-02-12,0.7680409144363421
2096-02-13,0.6885479332148678
2096-02-14,0.7046413665505891
2096-02-15,0.7623930744489599
2096-02-16,0.6461508214519569
2096-02-17,0.6242623324869304
2096-02-18,0.6105774088111614
2096-02-19,0.5872622481012211
2096-02-20,0.5567043350423232
2096-02-21,0.5243487674328764
2096-02-22,0.5104916785061442
2096-02-23,0.4784056087327813
2096-02-24,0.4525037706529414
2096-02-25,0.4409859805971961
2096-02-26,0.4651401186728153
2096-02-27,0.5343445536569147
2096-02-28,0.7299513617320651
2096-02-29,1.1351426776118123
2096-03-01,2.3978260760975223
2096-03-02,2.1548976503933406
2096-03-03,1.5487632831254399
2096-03-04,1.5333968081867502
2096-03-05,1.7863376929078294
2096-03-06,1.4354914291918817
2096-03-07,1.5783668238183066
2096-03-08,1.5075110825869884
2096-03-09,1.9128538979988912
2096-03-10,2.4073355672726087
2096-03-11,2.8538397962623674
2096-03-12,3.655973317859395
2096-03-13,5.072908562703437
2096-03-14,6.130651046698579
2096-03-15,2.621822105852205
2096-03-16,2.287710775724084
2096-03-17,2.8146497969211985
2096-03-18,2.307429249873287
2096-03-19,2.1604900514911605
2096-03-20,2.1119740246147187
2096-03-21,2.091897086425615
2096-03-22,3.4186200456842677
2096-03-23,5.562935086934163
2096-03-24,8.280930327182638
2096-03-25,8.325600387910045
2096-03-26,4.086967038163502
2096-03-27,3.822240869996922
2096-03-28,3.882768566856788
2096-03-29,2.8929588960544534
2096-03-30,2.654452516785549
2096-03-31,3.308415601404387
2096-04-01,2.627103198461377
2096-04-02,2.4200365299300612
2096-04-03,3.730365381330544
2096-04-04,5.958393595279459
2096-04-05,9.22735310971775
2096-04-06,11.747142944385985
2096-04-07,12.555481389776526
2096-04-08,11.14436301564986
2096-04-09,14.703946283742594
2096-04-10,19.763476197396077
2096-04-11,40.324372384217035
2096-04-12,32.26021088099884
2096-04-13,32.40517544445108
2096-04-14,34.232771941844085
2096-04-15,38.18960317745882
2096-04-16,39.760627539539264
2096-04-17,36.27595514973813
2096-04-18,35.024394778053214
2096-04-19,19.3547023690388
2096-04-20,9.489712979674858
2096-04-21,11.332257787257841
2096-04-22,14.965079405100104
2096-04-23,19.712306978063395
2096-04-24,17.931087560047335
2096-04-25,8.905762150582838
2096-04-26,8.571512944880402
2096-04-27,8.540952585080298
2096-04-28,8.750542885784439
2096-04-29,7.478999571464121
2096-04-30,7.404001479844258
2096-05-01,7.084481395043036
2096-05-02,6.923300004424844
2096-05-03,6.827384948347659
2096-05-04,6.5395132136298875
2096-05-05,6.43215923762387
2096-05-06,6.7815009482052195
2096-05-07,7.233647178792349
2096-05-08,8.203651941176537
2096-05-09,9.786011474221546
2096-05-10,12.125862229101436
2096-05-11,15.411277716459036
2096-05-12,16.721085914632138
2096-05-13,17.5253813538281
2096-05-14,18.147642188651307
2096-05-15,17.394566080884797
2096-05-16,17.90404730198834
2096-05-17,16.544056053560947
2096-05-18,16.71073707825867
2096-05-19,7.9889787911880985
2096-05-20,8.709864795680486
2096-05-21,7.950638857422986
2096-05-22,7.6995833356817664
2096-05-23,7.630763432392991
2096-05-24,8.586198401958688
2096-05-25,8.397509793639427
2096-05-26,5.346014131227497
2096-05-27,5.802239984295912
2096-05-28,6.3568676366354175
2096-05-29,5.162823628713304
2096-05-30,4.281382979335748
2096-05-31,3.8371055623502976
2096-06-01,4.2978954434292085
2096-06-02,5.030989390183649
2096-06-03,5.135660135518231
2096-06-04,3.5637156050903567
2096-06-05,3.348855565321548
2096-06-06,3.0885758688018674
2096-06-07,2.9784799057571476
2096-06-08,2.857247121590295
2096-06-09,2.5230853898671195
2096-06-10,2.1863601555414887
2096-06-11,2.4940048041193883
2096-06-12,2.7780020891018817
2096-06-13,3.019713285829029
2096-06-14,2.938788618353992
2096-06-15,3.0533634878478164
2096-06-16,2.8787809675226783
2096-06-17,1.948180677439692
2096-06-18,1.615513127270239
2096-06-19,1.542682154565959
2096-06-20,1.5334797645532858
2096-06-21,1.5519359631647232
2096-06-22,1.4461260917642351
2096-06-23,1.3667014683341543
2096-06-24,1.2944647458210674
2096-06-25,1.287373415206608
2096-06-26,1.0788530134197398
2096-06-27,0.926831022213963
2096-06-28,0.9339793966715212
2096-06-29,0.9255701032695014
2096-06-30,0.7924103650166239
2096-07-01,1.574965391731036
2096-07-02,1.6134253836143273
2096-07-03,1.3669131062016953
2096-07-04,1.2276427284115603
2096-07-05,1.04027997550015
2096-07-06,0.948293441009712
2096-07-07,0.8949010372897508
2096-07-08,0.5701284028674352
2096-07-09,0.4911960734184736
2096-07-10,0.4465912210781968
2096-07-11,0.4090371746756432
2096-07-12,0.3739397501974188
2096-07-13,0.33459384226518696
2096-07-14,0.2989536536675491
2096-07-15,0.2684157115847829
2096-07-16,0.2424459286539193
2096-07-17,0.22050117879211328
2096-07-18,0.2017418053418764
2096-07-19,0.18565943956960956
2096-07-20,0.1717214567751962
2096-07-21,0.16008008388880407
2096-07-22,0.15043621868060428
2096-07-23,0.14224421619888133
2096-07-24,0.1355735938484972
2096-07-25,0.13011436950367333
2096-07-26,0.12537325470039354
2096-07-27,0.12120075226226275
2096-07-28,0.11861698713196207
2096-07-29,0.1156263830370052
2096-07-30,0.1292109561198147
2096-07-31,0.11017622206876752
2096-08-01,0.1773862756682259
2096-08-02,0.13880951148748089
2096-08-03,0.13560789018170705
2096-08-04,0.13370481453367758
2096-08-05,0.13207113430252934
2096-08-06,0.1397783695482625
2096-08-07,0.17401096434108326
2096-08-08,0.1299070260199552
2096-08-09,0.12673887300107942
2096-08-10,0.1253980734853038
2096-08-11,0.12413458752113952
2096-08-12,0.12291267342539088
2096-08-13,0.1217703140518876
2096-08-14,0.12068894330742642
2096-08-15,0.11966713010813206
2096-08-16,0.11877121327563765
2096-08-17,0.11798181894717248
2096-08-18,0.11722151589365205
2096-08-19,0.11645809105182453
2096-08-20,0.1157286820541924
2096-08-21,0.11510603250161328
2096-08-22,0.11458206681116948
2096-08-23,0.11411810901649815
2096-08-24,0.11365368582020373
2096-08-25,0.11311984074825965
2096-08-26,0.1125452027424318
2096-08-27,0.11199855733597527
2096-08-28,0.11150262187478728
2096-08-29,0.11103524525663366
2096-08-30,0.12483276516461347
2096-08-31,0.11030302552066762
2096-09-01,0.07269866485783602
2096-09-02,0.05375765406157699
2096-09-03,0.08138391872831517
2096-09-04,0.050852686827671606
2096-09-05,0.050000545527962584
2096-09-06,0.04988800604117635
2096-09-07,0.049791475940269996
2096-09-08,0.04969263312068649
2096-09-09,0.049587762189394716
2096-09-10,0.04948499615868585
2096-09-11,0.04938772643318861
2096-09-12,0.04956680074250675
2096-09-13,0.04923805775168704
2096-09-14,0.04917289662856754
2096-09-15,0.04944272822081211
2096-09-16,0.049033917349978834
2096-09-17,0.04895645264669762
2096-09-18,0.05078612728594156
2096-09-19,0.04882501172848088
2096-09-20,0.048748463982535066
2096-09-21,0.048676556979121634
2096-09-22,0.12200381998877753
2096-09-23,0.050751339842361166
2096-09-24,0.04853446761403074
2096-09-25,0.048489562957010346
2096-09-26,0.125157528011569
2096-09-27,0.08715833039363559
2096-09-28,0.16258637458805733
2096-09-29,0.08426583774902738
2096-09-30,0.05034186477067253
2096-10-01,0.08107177713751246
2096-10-02,0.0810397709603913
2096-10-03,0.08161138681164146
2096-10-04,0.0809067581194567
2096-10-05,0.4821369625668922
2096-10-06,0.10009688947137764
2096-10-07,0.08087548659333424
2096-10-08,0.08075297118134794
2096-10-09,0.08070520002834586
2096-10-10,0.08065983568862109
2096-10-11,0.0806150588300508
2096-10-12,0.08057271420199592
2096-10-13,0.21887966303758746
2096-10-14,0.14757074466854747
2096-10-15,0.11080551529698826
2096-10-16,0.1135222518744743
2096-10-17,0.09438774646598036
2096-10-18,0.08977159342741997
2096-10-19,0.08120743032537488
2096-10-20,0.08038546689574491
2096-10-21,0.08036266087760302
2096-10-22,0.08033565103455187
2096-10-23,0.08074172400351204
2096-10-24,0.08028176821083988
2096-10-25,0.08026062693585574
2096-10-26,0.08934495925742697
2096-10-27,0.08035745980615222
2096-10-28,0.08019434795140744
2096-10-29,0.08017269454652373
2096-10-30,0.08014906128075028
2096-10-31,0.08012370551966487
2096-11-01,0.05362404562612727
2096-11-02,0.05360756691191729
2096-11-03,0.053590533826313694
2096-11-04,0.05357362486365669
2096-11-05,0.053556977967130194
2096-11-06,0.05354056907811025
2096-11-07,0.05352489251392553
2096-11-08,0.053509942243969634
2096-11-09,0.05402064914187437
2096-11-10,0.05348183924099037
2096-11-11,0.0536128461540322
2096-11-12,0.22493445007471605
2096-11-13,1.3762187718694705
2096-11-14,7.1356718219978985
2096-11-15,2.0433244179247203
2096-11-16,0.11556997787409955
2096-11-17,0.15545125280810826
2096-11-18,0.12916023229678553
2096-11-19,0.07395000722949532
2096-11-20,0.06420435302261795
2096-11-21,0.06451083212572996
2096-11-22,0.06908627476437539
2096-11-23,0.09101981367287712
2096-11-24,0.17208025866629711
2096-11-25,0.14629118177082126
2096-11-26,0.18510936677464088
2096-11-27,0.09144285984354038
2096-11-28,0.07023211541163259
2096-11-29,0.07665829210821186
2096-11-30,0.2044882351333207
2096-12-01,0.37646519758949704
2096-12-02,1.3570726337594006
2096-12-03,0.22567132435780998
2096-12-04,0.16176198095051156
2096-12-05,0.9462014925304781
2096-12-06,0.2562652390465993
2096-12-07,0.09033222000567427
2096-12-08,0.07526291174980941
2096-12-09,0.07421492868637845
2096-12-10,0.07404501123469155
2096-12-11,0.07490957888788739
2096-12-12,0.0758506111199062
2096-12-13,0.08433576716971918
2096-12-14,0.1515066756262638
2096-12-15,0.4145998253586328
2096-12-16,0.390440385325353
2096-12-17,0.6483249801854729
2096-12-18,1.4844621081896183
2096-12-19,0.3224251496403657
2096-12-20,0.14906128889507472
2096-12-21,0.13024486731463114
2096-12-22,0.13268659600466293
2096-12-23,0.09099444015009504
2096-12-24,0.09286369677476727
2096-12-25,0.08160280119897195
2096-12-26,0.08204929623385658
2096-12-27,0.11807407091925128
2096-12-28,0.12039209614155455
2096-12-29,0.08215351573770932
2096-12-30,0.08232742601967934
2096-12-31,0.08373492004158037
2097-01-01,0.056569614274950136
2097-01-02,0.06213609850055987
2097-01-03,0.06163452840429415
2097-01-04,0.07615400415426397
2097-01-05,0.07766130481159597
2097-01-06,0.06777525264294197
2097-01-07,0.12757608622727482
2097-01-08,0.14361555249098729
2097-01-09,0.3112816700671396
2097-01-10,0.3684664566052575
2097-01-11,0.910198164195625
2097-01-12,0.8217740800605021
2097-01-13,0.4000888476942491
2097-01-14,0.4174311544455499
2097-01-15,0.06577511351481367
2097-01-16,0.05875936444457911
2097-01-17,0.06371413561061752
2097-01-18,0.06078877953378321
2097-01-19,0.05741359123301505
2097-01-20,0.06720041434371463
2097-01-21,0.09903367203373872
2097-01-22,0.06480247638481823
2097-01-23,0.3574000046870502
2097-01-24,0.5971201992356412
2097-01-25,0.15419905408652976
2097-01-26,0.10404402710617673
2097-01-27,0.11879915664498453
2097-01-28,0.3329394169164472
2097-01-29,0.3001445680390638
2097-01-30,0.46571197026250805
2097-01-31,1.3369187196228818
2097-02-01,0.21877992935415733
2097-02-02,0.4051446321200968
2097-02-03,0.4232904937822973
2097-02-04,0.3250198249425257
2097-02-05,0.9699472017026124
2097-02-06,0.43006746473702173
2097-02-07,0.4168008701501495
2097-02-08,0.38524844325341867
2097-02-09,0.3876459263222628
2097-02-10,0.5139737675998356
2097-02-11,1.055389621288994
2097-02-12,0.8992723418448365
2097-02-13,0.985296198598082
2097-02-14,1.2419267925251578
2097-02-15,1.5266178766314775
2097-02-16,2.3915939705116016
2097-02-17,4.074480775996951
2097-02-18,3.817475872487468
2097-02-19,1.9890547196415207
2097-02-20,1.8915323503693424
2097-02-21,2.151138361708973
2097-02-22,1.9379229217416751
2097-02-23,2.1583019948647713
2097-02-24,2.0884366766901343
2097-02-25,2.488782606932558
2097-02-26,3.421552100718874
2097-02-27,4.317316195162757
2097-02-28,6.48233535866662
2097-03-01,2.241917568985764
2097-03-02,2.09215660232571
2097-03-03,2.0179399124706885
2097-03-04,1.9364485114861167
2097-03-05,1.8372658290778539
2097-03-06,1.7610863006491722
2097-03-07,1.6679939564482298
2097-03-08,1.9266098763244004
2097-03-09,1.8688845033099075
2097-03-10,2.149339256767348
2097-03-11,2.3897872177056776
2097-03-12,2.7505746430049465
2097-03-13,4.872297544232037
2097-03-14,8.696773584480589
2097-03-15,12.030863657729588
2097-03-16,16.94205585275685
2097-03-17,19.02526840653723
2097-03-18,12.621074480674446
2097-03-19,16.378850608426973
2097-03-20,15.26712729638576
2097-03-21,8.474978017852024
2097-03-22,9.654401433705292
2097-03-23,7.7693730369999185
2097-03-24,7.555439329561382
2097-03-25,7.184745080996783
2097-03-26,6.9462770994142735
2097-03-27,6.7201153209955615
2097-03-28,7.10435896668103
2097-03-29,7.154047948785322
2097-03-30,6.634263933746849
2097-03-31,6.395366832007411
2097-04-01,6.951828963515218
2097-04-02,7.575276021118626
2097-04-03,7.101772111356901
2097-04-04,7.187111821377628
2097-04-05,8.4568785710824
2097-04-06,8.862856325755748
2097-04-07,10.812561015857217
2097-04-08,9.306518090924534
2097-04-09,7.452759589884697
2097-04-10,8.023365623457506
2097-04-11,9.760142929829934
2097-04-12,9.585273110256145
2097-04-13,12.593084542478122
2097-04-14,17.087253523113944
2097-04-15,15.152606027575402
2097-04-16,9.483667298105068
2097-04-17,9.254150737224366
2097-04-18,8.732699803857688
2097-04-19,8.939887291874593
2097-04-20,9.194856502911811
2097-04-21,8.448225700376454
2097-04-22,8.389283754992865
2097-04-23,8.38985763441138
2097-04-24,8.521506231462691
2097-04-25,8.270319185841187
2097-04-26,7.719616267267418
2097-04-27,7.462994642001512
2097-04-28,6.99229196920137
2097-04-29,7.217492840453732
2097-04-30,8.33937458148611
2097-05-01,8.016995148631608
2097-05-02,7.893955274942868
2097-05-03,8.43532468412161
2097-05-04,10.0199778368561
2097-05-05,15.33081005253677
2097-05-06,24.16024306919425
2097-05-07,19.27761963250668
2097-05-08,8.634140889976539
2097-05-09,7.74640235916146
2097-05-10,7.53156395498959
2097-05-11,7.638683756869688
2097-05-12,7.496342190981421
2097-05-13,6.659615776058831
2097-05-14,6.702061699168682
2097-05-15,6.711676150439191
2097-05-16,6.359137066851199
2097-05-17,5.7986893592158
2097-05-18,6.149064730904504
2097-05-19,6.9506751024902895
2097-05-20,8.565051399308416
2097-05-21,14.74471301026009
2097-05-22,19.989307043158668
2097-05-23,13.865778938436826
2097-05-24,6.0056063770346535
2097-05-25,6.534961803790872
2097-05-26,8.205776983186471
2097-05-27,11.6886242802257
2097-05-28,15.081649707396787
2097-05-29,16.184893062146227
2097-05-30,14.072004246832904
2097-05-31,13.267020800508854
2097-06-01,6.907543392326351
2097-06-02,4.878337284822725
2097-06-03,4.886835189628417
2097-06-04,4.70348823295453
2097-06-05,4.750127549006487
2097-06-06,4.888663441623182
2097-06-07,4.83996691260819
2097-06-08,5.3145988868108684
2097-06-09,5.9537635681385215
2097-06-10,5.0977054448698516
2097-06-11,4.971753095908745
2097-06-12,4.7430710674922505
2097-06-13,4.4838744890522175
2097-06-14,5.17351796126405
2097-06-15,5.622644270818057
2097-06-16,6.680488779423847
2097-06-17,7.6431331834022735
2097-06-18,6.443783498745023
2097-06-19,4.787805642218257
2097-06-20,3.923178932042119
2097-06-21,3.677386568276295
2097-06-22,3.129693091350987
2097-06-23,2.81484420393242
2097-06-24,2.6062251047478604
2097-06-25,2.48381623534447
2097-06-26,2.34661316018675
2097-06-27,2.0632297791153285
2097-06-28,1.9056600027172717
2097-06-29,1.59159534466966
2097-06-30,1.3652211289798657
2097-07-01,2.7590107063668365
2097-07-02,2.480358268792472
2097-07-03,2.1481494036360336
2097-07-04,1.9806060635930396
2097-07-05,1.9264338846618136
2097-07-06,1.87172869212739
2097-07-07,1.5772764142061138
2097-07-08,1.3698323625733977
2097-07-09,1.2866012624605132
2097-07-10,0.9122365453780252
2097-07-11,0.7441054494669466
2097-07-12,0.6682831953653219
2097-07-13,0.6025361219292442
2097-07-14,0.5500296441969434
2097-07-15,0.4922611067215074
2097-07-16,0.4394600527866648
2097-07-17,0.4107031604261657
2097-07-18,0.35558236907270385
2097-07-19,1.246658109901782
2097-07-20,0.3129476326077295
2097-07-21,0.28476197952743004
2097-07-22,0.2598342839843185
2097-07-23,0.23738835819188794
2097-07-24,0.21862609516423384
2097-07-25,0.2035203292219404
2097-07-26,0.2042460225039744
2097-07-27,0.3058973045430797
2097-07-28,0.2156937539253244
2097-07-29,0.1754016422126622
2097-07-30,0.16781450168453013
2097-07-31,0.1601293071900603
2097-08-01,0.19762369085244644
2097-08-02,0.1894963141565361
2097-08-03,0.18225082745998766
2097-08-04,0.17598630992010567
2097-08-05,0.17079957801498502
2097-08-06,0.1665237378400854
2097-08-07,0.1628380149044766
2097-08-08,0.16068131301716582
2097-08-09,0.2482736885605861
2097-08-10,0.2347499932620503
2097-08-11,0.3784939567475645
2097-08-12,0.28583111989656923
2097-08-13,0.14965788315864328
2097-08-14,0.14722865863092405
2097-08-15,0.14495920851759467
2097-08-16,0.1429333346961023
2097-08-17,0.1409067951519318
2097-08-18,0.13880171309939884
2097-08-19,0.13684950060432136
2097-08-20,0.13513367874495602
2097-08-21,0.1335669934562427
2097-08-22,0.13213477615686825
2097-08-23,0.13081496587106428
2097-08-24,0.12949022700582802
2097-08-25,0.12805235073307816
2097-08-26,0.1265466576622833
2097-08-27,0.1250951934665658
2097-08-28,0.12569915254466074
2097-08-29,0.12250047498297235
2097-08-30,0.1337305639146987
2097-08-31,0.12043145210408122
2097-09-01,0.054774658736817285
2097-09-02,0.054392184332096485
2097-09-03,0.05406127251163119
2097-09-04,0.12887920495802965
2097-09-05,0.054119895424145976
2097-09-06,0.053328745242813
2097-09-07,0.05589808991386177
2097-09-08,0.05275432515761341
2097-09-09,0.13026320093530885
2097-09-10,0.05914792452946459
2097-09-11,0.052857876003388586
2097-09-12,0.0519335826968465
2097-09-13,0.0564612312225363
2097-09-14,0.054723193271108604
2097-09-15,0.0552192683938702
2097-09-16,0.05131726216043542
2097-09-17,0.05135759106277661
2097-09-18,0.050942671536545886
2097-09-19,0.0507717681470225
2097-09-20,0.05175889771286028
2097-09-21,0.1243133570020827
2097-09-22,0.11455999201767975
2097-09-23,0.05054785163554197
2097-09-24,0.0504245385876541
2097-09-25,0.05031366756377485
2097-09-26,0.05018005296296664
2097-09-27,0.05004204161751896
2097-09-28,0.04990975992269487
2097-09-29,0.05007100143268438
2097-09-30,0.049689517790676735
2097-10-01,0.08319412060853623
2097-10-02,0.08307136800991903
2097-10-03,0.08295228541352348
2097-10-04,0.08284011285701139
2097-10-05,0.0852756237933269
2097-10-06,0.08268502093086738
2097-10-07,0.0828678513266846
2097-10-08,0.08301122135154819
2097-10-09,0.08246246107728633
2097-10-10,0.08239205796655738
2097-10-11,0.08232400372638897
2097-10-12,0.08317550350561148
2097-10-13,0.08218955533930221
2097-10-14,4.5343717847289735
2097-10-15,16.369111799994386
2097-10-16,9.621555451830547
2097-10-17,0.9708681193216788
2097-10-18,0.5693438649217466
2097-10-19,0.4566726714980097
2097-10-20,0.270201815115624
2097-10-21,0.2370078381273192
2097-10-22,0.20359602126959386
2097-10-23,0.1713972812012404
2097-10-24,3.1562726608499503
2097-10-25,0.18375414641913745
2097-10-26,0.12238306456431056
2097-10-27,0.121539515764375
2097-10-28,0.1158333410132588
2097-10-29,0.11452677721935901
2097-10-30,0.11480420528618485
2097-10-31,0.11490714453886762
2097-11-01,0.07699222122105072
2097-11-02,0.07701940928106657
2097-11-03,0.07707121802329672
2097-11-04,0.07689648420461258
2097-11-05,0.07689234719056616
2097-11-06,0.07689182808660261
2097-11-07,0.5279659644350987
2097-11-08,1.399186348557636
2097-11-09,1.093555872997957
2097-11-10,0.10116256061356847
2097-11-11,0.8715240177894028
2097-11-12,0.2195268462883581
2097-11-13,0.1945089713791538
2097-11-14,0.4011952461897145
2097-11-15,0.5901050369455245
2097-11-16,0.9418564181873692
2097-11-17,0.9525128101674396
2097-11-18,0.9649845429107472
2097-11-19,0.6731619224110563
2097-11-20,0.4158265156099776
2097-11-21,0.2561305088978781
2097-11-22,0.17783476572151558
2097-11-23,0.10257326584329343
2097-11-24,0.09190518018379433
2097-11-25,0.08932230806255366
2097-11-26,0.08931109106957358
2097-11-27,0.5967894620718109
2097-11-28,0.1842542502102481
2097-11-29,0.09147009889696033
2097-11-30,0.0984890801953126
2097-12-01,0.10065820744166716
2097-12-02,0.12117985627635044
2097-12-03,0.1050521715681745
2097-12-04,0.17908599655989507
2097-12-05,0.13152032211985115
2097-12-06,0.10083896068456773
2097-12-07,0.1035693359642497
2097-12-08,0.10565174392289307
2097-12-09,0.10007174667012653
2097-12-10,0.10733662330697118
2097-12-11,0.10516810776680537
2097-12-12,0.1141202003028218
2097-12-13,0.10457645901403394
2097-12-14,0.10188459751175452
2097-12-15,0.10863136756762934
2097-12-16,0.1126605485546666
2097-12-17,0.1162878048577794
2097-12-18,0.11023336599484466
2097-12-19,0.1993125756119596
2097-12-20,0.3304182292510049
2097-12-21,0.28349239603895426
2097-12-22,0.22089041962487854
2097-12-23,0.186142952807659
2097-12-24,0.21800529129734175
2097-12-25,0.5986267807799394
2097-12-26,0.35573563258386826
2097-12-27,0.5518903096671065
2097-12-28,0.5491241876141948
2097-12-29,0.4887797685561109
2097-12-30,0.7876238484736457
2097-12-31,0.3567659410382423
2098-01-01,0.2665890747175922
2098-01-02,0.4755783523795921
2098-01-03,0.21701545597597366
2098-01-04,0.2719797506384107
2098-01-05,0.10269643779151028
2098-01-06,0.20649466853954004
2098-01-07,0.4553924176127022
2098-01-08,0.5163081987902054
2098-01-09,1.181867255635991
2098-01-10,0.6893316061340432
2098-01-11,0.6661645399664344
2098-01-12,0.09282052518825744
2098-01-13,0.08250990872245874
2098-01-14,0.2630842845150321
2098-01-15,0.0944981173752284
2098-01-16,0.10478963573157599
2098-01-17,0.1118129567223433
2098-01-18,0.34143615538942235
2098-01-19,0.6824677097092318
2098-01-20,0.4394618178398292
2098-01-21,0.5188218245605043
2098-01-22,0.5204813414533022
2098-01-23,0.5661013419022703
2098-01-24,0.5559008606242616
2098-01-25,0.507339748024716
2098-01-26,0.6849367436570153
2098-01-27,0.557666380242422
2098-01-28,0.6217111800614037
2098-01-29,1.6892046826011506
2098-01-30,18.934195082761786
2098-01-31,4.474866553944281
2098-02-01,1.199530638961854
2098-02-02,0.8848371152462488
2098-02-03,1.5923090010060317
2098-02-04,1.3314484458764642
2098-02-05,1.2786361332539702
2098-02-06,1.080490339089942
2098-02-07,0.8585813458388759
2098-02-08,0.862353091907486
2098-02-09,0.8419932646117175
2098-02-10,0.7686237054487642
2098-02-11,0.8898704417783291
2098-02-12,0.7651208934318822
2098-02-13,0.9597973830487948
2098-02-14,0.9379829566492128
2098-02-15,1.2311168104776298
2098-02-16,0.9535913143490534
2098-02-17,1.059948285304346
2098-02-18,1.0214362235605852
2098-02-19,1.42832604598848
2098-02-20,2.0994997270628826
2098-02-21,3.346388909074544
2098-02-22,1.7229123195622535
2098-02-23,1.2159300971487572
2098-02-24,1.63056206244168
2098-02-25,2.373072994487309
2098-02-26,2.127176890802585
2098-02-27,2.2437140256840213
2098-02-28,3.718844290570317
2098-03-01,4.7243741085163915
2098-03-02,5.365944653471242
2098-03-03,4.4631642206399365
2098-03-04,2.2560666503582363
2098-03-05,2.1738390852173817
2098-03-06,2.072695000866181
2098-03-07,2.0529613423376842
2098-03-08,2.0282579427456717
2098-03-09,1.9944097132005596
2098-03-10,1.9343413752368748
2098-03-11,1.7957890011608872
2098-03-12,1.7847309867656111
2098-03-13,1.7867676194903146
2098-03-14,1.89364343662726
2098-03-15,2.119017908059237
2098-03-16,3.5900651775857706
2098-03-17,5.744391871778898
2098-03-18,4.80884788130847
2098-03-19,7.79156702230518
2098-03-20,7.398231459451197
2098-03-21,6.65524087381761
2098-03-22,4.079776248209857
2098-03-23,4.336845992206819
2098-03-24,3.0950712766325377
2098-03-25,3.1184109407834786
2098-03-26,4.990055773286566
2098-03-27,6.03047259393595
2098-03-28,8.232083533226676
2098-03-29,9.357064076593874
2098-03-30,11.243256469825424
2098-03-31,15.171818651988803
2098-04-01,11.078677739609509
2098-04-02,11.557185679817335
2098-04-03,13.682707180539296
2098-04-04,12.424077824460854
2098-04-05,6.155097763402276
2098-04-06,4.551150559544663
2098-04-07,4.303839803107459
2098-04-08,4.364199447550972
2098-04-09,4.765330886093387
2098-04-10,5.932154078167115
2098-04-11,5.766336670862797
2098-04-12,4.220946781445979
2098-04-13,4.5661499393645295
2098-04-14,5.663330883595457
2098-04-15,8.540669599949009
2098-04-16,11.413410045547593
2098-04-17,10.244308096272352
2098-04-18,18.204970081247858
2098-04-19,21.801539834233925
2098-04-20,24.80517237911411
2098-04-21,35.95853685395788
2098-04-22,34.3351782076037
2098-04-23,35.294715634206035
2098-04-24,36.129185237633536
2098-04-25,39.21286266019826
2098-04-26,36.517522285698135
2098-04-27,39.552668119000856
2098-04-28,46.18370348507404
2098-04-29,35.122247981384085
2098-04-30,25.299966197088636
2098-05-01,23.62112467713833
2098-05-02,30.142452259955977
2098-05-03,35.30841564666433
2098-05-04,18.517192324473747
2098-05-05,8.967870430976706
2098-05-06,8.51409324382891
2098-05-07,8.53884037990628
2098-05-08,8.579096568347271
2098-05-09,8.822557176181633
2098-05-10,10.40984820615862
2098-05-11,13.622604610550114
2098-05-12,20.249066130453905
2098-05-13,26.467966469614925
2098-05-14,29.135842225837113
2098-05-15,32.98416062247234
2098-05-16,32.22396274138439
2098-05-17,28.85698611070877
2098-05-18,25.082435151187983
2098-05-19,22.93391892346672
2098-05-20,19.45107237449984
2098-05-21,9.7457636072736
2098-05-22,7.681278597619274
2098-05-23,7.559659676271787
2098-05-24,7.6379408474182915
2098-05-25,8.50468695178912
2098-05-26,12.417312660623743
2098-05-27,15.065266733236482
2098-05-28,18.69284410229422
2098-05-29,19.071763764970036
2098-05-30,15.798539329351346
2098-05-31,14.914016679245009
2098-06-01,17.444938033480028
2098-06-02,14.674654180608794
2098-06-03,12.931099255379205
2098-06-04,11.229625534786791
2098-06-05,9.22978143233882
2098-06-06,8.057257858855817
2098-06-07,5.990473733770488
2098-06-08,4.7789375568388035
2098-06-09,4.690137027994495
2098-06-10,3.982118243794335
2098-06-11,3.9096979520087354
2098-06-12,4.032683834265608
2098-06-13,3.824522395876279
2098-06-14,3.8741908342688753
2098-06-15,2.553717596893586
2098-06-16,2.434254753437643
2098-06-17,2.468641658896103
2098-06-18,2.3693811506620297
2098-06-19,2.1216065408915017
2098-06-20,1.9418170333926583
2098-06-21,1.540299085542202
2098-06-22,1.6338010635062037
2098-06-23,1.6112315137993949
2098-06-24,1.4855116176816394
2098-06-25,1.6139110058970019
2098-06-26,1.43542279815027
2098-06-27,1.3036717342592783
2098-06-28,1.1105374841551958
2098-06-29,1.146196526633021
2098-06-30,1.180702160876557
2098-07-01,2.5801202129739527
2098-07-02,1.860956909458808
2098-07-03,1.7461947184510438
2098-07-04,1.6529006957586423
2098-07-05,1.603859243950558
2098-07-06,1.5448093578206583
2098-07-07,1.3139634542763226
2098-07-08,1.155139823540975
2098-07-09,1.0850766503305191
2098-07-10,0.7540044372719898
2098-07-11,0.6718789050948467
2098-07-12,0.5619879659077152
2098-07-13,0.5180398588932945
2098-07-14,0.4764402716704661
2098-07-15,0.4288432753608937
2098-07-16,0.3815796871523103
2098-07-17,0.35679292487016795
2098-07-18,0.3598286859908381
2098-07-19,0.28352512332235386
2098-07-20,0.2585594012800862
2098-07-21,0.2371899397968844
2098-07-22,0.2177738478236172
2098-07-23,0.20077789764935694
2098-07-24,0.18658584509081388
2098-07-25,0.17443222560197855
2098-07-26,0.1639817499300725
2098-07-27,0.3339395561193523
2098-07-28,0.1498611406758895
2098-07-29,0.2621771345002669
2098-07-30,0.14069669034086468
2098-07-31,0.1361385341997437
2098-08-01,0.17037015789859114
2098-08-02,0.16523181305543894
2098-08-03,0.16025445129079527
2098-08-04,0.1557489376910327
2098-08-05,0.1518809195197112
2098-08-06,0.14860278659393972
2098-08-07,0.14580961211470114
2098-08-08,0.1432888687181428
2098-08-09,0.14094067961831153
2098-08-10,0.13867948736226116
2098-08-11,0.13651006554889605
2098-08-12,0.16659609330654174
2098-08-13,0.13370951999791528
2098-08-14,0.13565948602962616
2098-08-15,0.12969830943833155
2098-08-16,0.12813828650017664
2098-08-17,0.1266713602347718
2098-08-18,0.12528566085062276
2098-08-19,0.12392242113728248
2098-08-20,0.12261526297898287
2098-08-21,0.12142561851834364
2098-08-22,0.120352396499191
2098-08-23,0.1193773526155011
2098-08-24,0.1184170018421042
2098-08-25,0.11750456828360595
2098-08-26,0.11671370830517587
2098-08-27,0.11597531972419875
2098-08-28,0.11518506824757407
2098-08-29,0.11441261199494247
2098-08-30,0.11369445510334725
2098-08-31,0.11304279223851428
2098-09-01,0.05155880981910033
2098-09-02,0.0621143527524798
2098-09-03,0.051112474401157265
2098-09-04,0.2322447123930612
2098-09-05,0.050822894648664435
2098-09-06,0.2126173464074808
2098-09-07,0.054775206056545636
2098-09-08,0.2890762796987718
2098-09-09,0.05547934166691272
2098-09-10,0.052369386010063634
2098-09-11,0.3205989982356149
2098-09-12,0.2725068912724365
2098-09-13,0.08475797751481798
2098-09-14,0.049957751431873684
2098-09-15,0.04985061969790123
2098-09-16,0.05133892436858877
2098-09-17,0.050258200238557
2098-09-18,0.04958000786942419
2098-09-19,0.09335256847133384
2098-09-20,0.049392743279658334
2098-09-21,0.049299135696875725
2098-09-22,0.04921127809183881
2098-09-23,0.05165924711300119
2098-09-24,0.04907726034296673
2098-09-25,0.049806137915304284
2098-09-26,0.04898390166924817
2098-09-27,0.048936899514619006
2098-09-28,0.04889022760949548
2098-09-29,0.04884630654725925
2098-09-30,0.048804468194428186
2098-10-01,0.0817816968107468
2098-10-02,0.08169917677869652
2098-10-03,0.08161316522009987
2098-10-04,0.08152337489161264
2098-10-05,0.08143390748231423
2098-10-06,0.0813496324068368
2098-10-07,0.08127128007244894
2098-10-08,0.08119886306746002
2098-10-09,0.08112929527976075
2098-10-10,0.08106203009824996
2098-10-11,0.08099876159475271
2098-10-12,0.08093748034744137
2098-10-13,0.08169995448654108
2098-10-14,0.08092471465892742
2098-10-15,0.0808581000645441
2098-10-16,0.08075588443958953
2098-10-17,0.3371439366070102
2098-10-18,0.08504064034291997
2098-10-19,0.0809870196610207
2098-10-20,0.08063528420437592
2098-10-21,0.08061206647585256
2098-10-22,0.0805898674150988
2098-10-23,0.0805681682973067
2098-10-24,0.08834106980198217
2098-10-25,0.6276699824144547
2098-10-26,0.12082377991187722
2098-10-27,0.10648822532889833
2098-10-28,0.09398194659412963
2098-10-29,0.08258870815628065
2098-10-30,1.1720021642135712
2098-10-31,3.6939885144822577
2098-11-01,0.5145399488017608
2098-11-02,0.4941349999200962
2098-11-03,0.2461374554153098
2098-11-04,0.37662282964067295
2098-11-05,0.6887186527775867
2098-11-06,0.8415140684444229
2098-11-07,1.2817821702954355
2098-11-08,2.1373813912056594
2098-11-09,0.4399013509899855
2098-11-10,0.1982923462927659
2098-11-11,0.1779410239860237
2098-11-12,0.1651853461898834
2098-11-13,1.376445550982616
2098-11-14,0.7571855577841675
2098-11-15,0.4054963282530711
2098-11-16,0.806815229555561
2098-11-17,0.5105741205642986
2098-11-18,0.7745366148364792
2098-11-19,0.4162548627649837
2098-11-20,0.4021422674339463
2098-11-21,0.6593523514844258
2098-11-22,0.2985168245253835
2098-11-23,0.1642562329121381
2098-11-24,0.0799680578380535
2098-11-25,0.07374945159948698
2098-11-26,0.09327760977331123
2098-11-27,0.16991218537203773
2098-11-28,0.10257918032892932
2098-11-29,0.16141995103268966
2098-11-30,0.29220885890525755
2098-12-01,0.2222416991531436
2098-12-02,0.13672656033500016
2098-12-03,0.28710704537414583
2098-12-04,0.2947589374122211
2098-12-05,0.100814205763891
2098-12-06,0.08835079118590712
2098-12-07,0.08381603792496624
2098-12-08,0.08205819902597833
2098-12-09,0.08389642309056579
2098-12-10,0.12181545605845298
2098-12-11,0.09000736467839135
2098-12-12,0.18786128721532616
2098-12-13,0.1909253727168056
2098-12-14,0.1359544528594063
2098-12-15,0.0826310461082159
2098-12-16,0.08316487158888686
2098-12-17,0.08513206915057359
2098-12-18,0.08410741234828509
2098-12-19,0.08377196301528128
2098-12-20,0.08365813375039552
2098-12-21,0.13546374248744902
2098-12-22,0.5553781322206803
2098-12-23,0.3202650533381827
2098-12-24,0.16622020845084473
2098-12-25,0.08463248584219066
2098-12-26,0.08482930561716201
2098-12-27,0.08561333196582498
2098-12-28,0.08510195617045756
2098-12-29,0.08521046170266622
2098-12-30,0.14029661859789974
2098-12-31,2.166886824589541
2099-01-01,0.3720579860749205
2099-01-02,0.06788290037136613
2099-01-03,0.0760745190181157
2099-01-04,0.09046806490762127
2099-01-05,0.09706810206140297
2099-01-06,0.08462612691360451
2099-01-07,0.0866910597111285
2099-01-08,0.08763038710665927
2099-01-09,0.08838520338314304
2099-01-10,0.08959986686554129
2099-01-11,0.09156897582400396
2099-01-12,0.10573086543875168
2099-01-13,0.09685691180571028
2099-01-14,0.10604362897529827
2099-01-15,0.13468123387069084
2099-01-16,0.19233414334832544
2099-01-17,0.16614327133693296
2099-01-18,0.18460255481274412
2099-01-19,0.18595488189648296
2099-01-20,0.20217668776618491
2099-01-21,0.2334539002768765
2099-01-22,0.2891258166796414
2099-01-23,0.2864608074794624
2099-01-24,0.27240921695634224
2099-01-25,0.26551541944591084
2099-01-26,0.28387794698993923
2099-01-27,0.35034017591813704
2099-01-28,0.3581836831366523
2099-01-29,0.3318506641172961
2099-01-30,0.3087164436584245
2099-01-31,0.2719523620660228
2099-02-01,0.21596805531633773
2099-02-02,0.2107451709262025
2099-02-03,0.2034953060294028
2099-02-04,0.2034662455000535
2099-02-05,0.21270640588469453
2099-02-06,0.2501375695668484
2099-02-07,0.3027824658237945
2099-02-08,0.3624238961523338
2099-02-09,0.4341638027037358
2099-02-10,0.5088836963534105
2099-02-11,0.588792786015485
2099-02-12,0.7087144756629153
2099-02-13,1.0227927258802971
2099-02-14,1.297808753326125
2099-02-15,1.8538241955544768
2099-02-16,1.7974707221137365
2099-02-17,0.979327328253624
2099-02-18,0.9125100735262848
2099-02-19,0.7989992872536809
2099-02-20,0.9605921030350618
2099-02-21,1.2488215566087013
2099-02-22,1.2310979820654129
2099-02-23,1.6171724981599256
2099-02-24,1.978683599490425
2099-02-25,2.126787407800088
2099-02-26,2.641828219436866
2099-02-27,7.583945613651337
2099-02-28,13.223592757842018
2099-03-01,4.000297553278177
2099-03-02,2.1814875970204293
2099-03-03,2.1519414452987973
2099-03-04,2.1421298012814174
2099-03-05,2.2187356440081265
2099-03-06,2.418593607061984
2099-03-07,2.64459201657247
2099-03-08,3.0502030490754373
2099-03-09,3.645644164962431
2099-03-10,4.664847588447001
2099-03-11,5.771426595809653
2099-03-12,3.3231699519799047
2099-03-13,2.6037500571201737
2099-03-14,2.55382328135952
2099-03-15,2.6402288283394246
2099-03-16,2.8187334937488586
2099-03-17,4.193431720775877
2099-03-18,4.384193214658455
2099-03-19,4.085315139317379
2099-03-20,3.4594028552590075
2099-03-21,3.1707229797225445
2099-03-22,3.7840097906746895
2099-03-23,3.727853077837125
2099-03-24,3.0131572801600766
2099-03-25,3.2001517961152675
2099-03-26,2.6542738009813514
2099-03-27,2.71252036424308
2099-03-28,2.6096307611569203
2099-03-29,2.4072725503197243
2099-03-30,2.5205931963169577
2099-03-31,4.5585748377869
2099-04-01,5.739499727459291
2099-04-02,6.792781072433858
2099-04-03,5.824618945212207
2099-04-04,9.83537262892918
2099-04-05,12.16494427067548
2099-04-06,14.19359662737213
2099-04-07,15.924010384845793
2099-04-08,16.355205316016324
2099-04-09,10.218185354975386
2099-04-10,7.69148672218114
2099-04-11,13.537671548867712
2099-04-12,10.256267339367064
2099-04-13,5.373704194099402
2099-04-14,4.900028572450722
2099-04-15,4.933723944366493
2099-04-16,4.866034012904136
2099-04-17,4.806724924361934
2099-04-18,5.090126120593236
2099-04-19,4.814221096973454
2099-04-20,4.9630196442065095
2099-04-21,5.74954258569036
2099-04-22,6.727584837109759
2099-04-23,5.509333586728194
2099-04-24,5.024525263490354
2099-04-25,5.6854047762099595
2099-04-26,7.659614101852658
2099-04-27,9.310939208117107
2099-04-28,8.274037929246065
2099-04-29,8.877148322202665
2099-04-30,7.503032146126605
2099-05-01,6.107602409626957
2099-05-02,6.029063300751959
2099-05-03,5.7958376178971385
2099-05-04,6.8241419649967865
2099-05-05,7.233185135431026
2099-05-06,7.934231319331808
2099-05-07,16.27807380256146
2099-05-08,17.084954941790574
2099-05-09,13.51587707220793
2099-05-10,12.810651478540649
2099-05-11,17.694610386787673
2099-05-12,20.996646774322066
2099-05-13,24.301090692456285
2099-05-14,24.815609060851845
2099-05-15,26.98973773764486
2099-05-16,26.36623167401935
2099-05-17,24.48150534335267
2099-05-18,16.23968415862992
2099-05-19,19.406265927996472
2099-05-20,21.313969437144472
2099-05-21,16.783442544564085
2099-05-22,19.473129454363345
2099-05-23,17.320447314793554
2099-05-24,19.6321364261246
2099-05-25,20.32768957263235
2099-05-26,17.083970799650466
2099-05-27,8.802556459351633
2099-05-28,8.650118755194278
2099-05-29,12.599074922424482
2099-05-30,15.555607265936766
2099-05-31,19.742339782938963
2099-06-01,18.62147378866047
2099-06-02,20.4646874808378
2099-06-03,25.626851929333238
2099-06-04,27.676991949533885
2099-06-05,25.382526901368603
2099-06-06,22.873770955206666
2099-06-07,19.247430932426933
2099-06-08,17.45171662103631
2099-06-09,13.042257702585266
2099-06-10,9.996689610425033
2099-06-11,8.538301636579998
2099-06-12,7.6524977709831115
2099-06-13,6.777642158625004
2099-06-14,5.7119474188561865
2099-06-15,4.511199952229331
2099-06-16,4.038226628139332
2099-06-17,3.4078651390734107
2099-06-18,3.1690778639653585
2099-06-19,2.9013031781478547
2099-06-20,2.7281620250572804
2099-06-21,2.4228369882654888
2099-06-22,2.0852953600645963
2099-06-23,1.99234526049034
2099-06-24,1.8465315738265355
2099-06-25,1.7041456683182503
2099-06-26,1.642133885207383
2099-06-27,1.6229917063627113
2099-06-28,1.5171981123328273
2099-06-29,1.3309278460101217
2099-06-30,1.3221592354219076
2099-07-01,3.076932421990051
2099-07-02,2.9888628902948735
2099-07-03,2.795103867786414
2099-07-04,2.3906035754556823
2099-07-05,1.9420950845386251
2099-07-06,1.9166675533054853
2099-07-07,1.7986627397499382
2099-07-08,1.556709416887614
2099-07-09,1.4510206675107475
2099-07-10,1.1092703094758534
2099-07-11,0.9473412103376112
2099-07-12,0.935853265401529
2099-07-13,0.8340931773566941
2099-07-14,0.8041344343234705
2099-07-15,0.7621083402404849
2099-07-16,0.673956706331787
2099-07-17,0.4564666568940899
2099-07-18,0.40307382523229335
2099-07-19,0.36608711756492107
2099-07-20,0.3329537723366869
2099-07-21,0.29857017287152576
2099-07-22,0.2664129902608904
2099-07-23,0.2526177456022291
2099-07-24,0.21732732923535214
2099-07-25,0.4366947847365533
2099-07-26,0.185005988983652
2099-07-27,0.1734038283815744
2099-07-28,0.16150896284880356
2099-07-29,0.1515074101759129
2099-07-30,0.14304954871402306
2099-07-31,0.13556714387819616
2099-08-01,0.1670180058216066
2099-08-02,0.16073516737299168
2099-08-03,0.15556453758812072
2099-08-04,0.2252079978128225
2099-08-05,0.14805053762116638
2099-08-06,0.14519694990304285
2099-08-07,0.1426172132285513
2099-08-08,0.14030397039823347
2099-08-09,0.1381693730412534
2099-08-10,0.13620007798540992
2099-08-11,0.1344013432568528
2099-08-12,0.14326217391808338
2099-08-13,0.13138063957072085
2099-08-14,0.1296739968691464
2099-08-15,0.12811521711474402
2099-08-16,0.12663843191226487
2099-08-17,0.12523264798784406
2099-08-18,0.12388495798153845
2099-08-19,0.12259311662888438
2099-08-20,0.14457192231258145
2099-08-21,0.12036606145084483
2099-08-22,0.11935396704227527
2099-08-23,0.13252067682608332
2099-08-24,0.5852433296952813
2099-08-25,0.17673433625601215
2099-08-26,0.7871476833872804
2099-08-27,0.5386342050622486
2099-08-28,0.22202524312829308
2099-08-29,0.3242343127572533
2099-08-30,1.1194585727965491
2099-08-31,0.11517263449553752
2099-09-01,0.05243528684299407
2099-09-02,0.06347013668636821
2099-09-03,0.08398409609194236
2099-09-04,0.05279057740089885
2099-09-05,0.05187628366045857
2099-09-06,0.5723014939976362
2099-09-07,6.169133503776799
2099-09-08,21.275857017927283
2099-09-09,0.1077246879428422
2099-09-10,0.08104441399630416
2099-09-11,0.07553525661268441
2099-09-12,0.0716502147861998
2099-09-13,0.06988345031815273
2099-09-14,0.07172755704671101
2099-09-15,0.07340738486714764
2099-09-16,0.06872770748907547
2099-09-17,0.07128434542906338
2099-09-18,0.06797484582796147
2099-09-19,0.0777726085582019
2099-09-20,0.0669717914008519
2099-09-21,0.06609622462651746
2099-09-22,0.07870603874781103
2099-09-23,0.06448021109923292
2099-09-24,0.07181460864321927
2099-09-25,0.06340828295170793
2099-09-26,0.06332738768790708
2099-09-27,0.06420272840973526
2099-09-28,0.06816420998674204
2099-09-29,0.0619145847696166
2099-09-30,0.09915712359388387
2099-10-01,0.9022626142537046
2099-10-02,0.3604104591534432
2099-10-03,0.10136838821678007
2099-10-04,0.10033451795553353
2099-10-05,0.09957799387211301
2099-10-06,0.09879889883352162
2099-10-07,0.10761851629865232
2099-10-08,0.14208497258976632
2099-10-09,0.15951318580849133
2099-10-10,0.11035324985450633
2099-10-11,0.11006359895010097
2099-10-12,0.4301789828271315
2099-10-13,0.6224876891451032
2099-10-14,0.6085934521093536
2099-10-15,0.5110519934494464
2099-10-16,0.3499724384963553
2099-10-17,0.3071049597494404
2099-10-18,0.25535400031229183
2099-10-19,0.4486610884947854
2099-10-20,3.4293877348722317
2099-10-21,3.3535968488537073
2099-10-22,2.982041573367393
2099-10-23,1.8024213626160768
2099-10-24,1.0769188782492087
2099-10-25,0.344131618959375
2099-10-26,0.24254258810249296
2099-10-27,0.12360704424709422
2099-10-28,0.11919764446343654
2099-10-29,0.1191489084881378
2099-10-30,0.11417580483837353
2099-10-31,0.11163667110082473
2099-11-01,0.07476379216301074
2099-11-02,0.09893043486246328
2099-11-03,0.07504911352350388
2099-11-04,0.07685787481916999
2099-11-05,0.07509883156077468
2099-11-06,0.07492099555268739
2099-11-07,0.07495622316329965
2099-11-08,0.07499409607432732
2099-11-09,0.0749798403588013
2099-11-10,0.07495492547595042
2099-11-11,0.07494602477300713
2099-11-12,0.0749002067780807
2099-11-13,0.0748023163975695
2099-11-14,0.0747021883066771
2099-11-15,0.07464537736330941
2099-11-16,0.21439270142828787
2099-11-17,0.17621579284161645
2099-11-18,0.17095074371474747
2099-11-19,0.08876179235495751
2099-11-20,0.08808691114485304
2099-11-21,0.09813512858844096
2099-11-22,0.09748374280556113
2099-11-23,0.3566109382861787
2099-11-24,0.11692069378513895
2099-11-25,0.5247162601599401
2099-11-26,0.10414404977446974
2099-11-27,0.0956186548073372
2099-11-28,0.09659882614992624
2099-11-29,0.19127121001165467
2099-11-30,0.6684583865849817
2099-12-01,0.5413192933723134
2099-12-02,0.2299385679694431
2099-12-03,0.12360663428229965
2099-12-04,0.15477912097668114
2099-12-05,0.20428302118286565
2099-12-06,0.20301733545109776
2099-12-07,0.1683196052304678
2099-12-08,0.13162384933095686
2099-12-09,0.0935899070456638
2099-12-10,0.4093489131487269
2099-12-11,0.10950124794406242
2099-12-12,0.12698364639036902
2099-12-13,0.08964666525913834
2099-12-14,0.10478447383667648
2099-12-15,0.3060394947260773
2099-12-16,0.35166702316077136
2099-12-17,0.32311344154883503
2099-12-18,0.3213654224639374
2099-12-19,0.2191419217890671
2099-12-20,0.1542095180273232
2099-12-21,0.09875832192129573
2099-12-22,0.11027823611682472
2099-12-23,0.11738291093602908
2099-12-24,0.12807507399279092
2099-12-25,0.1092904596387409
2099-12-26,0.09784867120457932
2099-12-27,0.08723308943963462
2099-12-28,0.08633853447997958
2099-12-29,0.10439762749856296
2099-12-30,0.1756312250603089
2099-12-31,0.1030795470515696
2100-01-01,0.08163223395694574
2100-01-02,0.07915733685095347
2100-01-03,0.06845394612431607
2100-01-04,0.060483796498101525
2100-01-05,0.05665560937910059
2100-01-06,0.05621255846903301
2100-01-07,0.057231257265436576
2100-01-08,0.05585486588344905
2100-01-09,0.0599199775193506
2100-01-10,0.05681541383953455
2100-01-11,0.06454586658119645
2100-01-12,0.0709788860590849
2100-01-13,0.15616128047371375
2100-01-14,0.21297399818641893
2100-01-15,0.3620270844446423
2100-01-16,0.5691197713131296
2100-01-17,0.3940031329469945
2100-01-18,0.0820697602728001
2100-01-19,0.07421801905153302
2100-01-20,0.1115893098335958
2100-01-21,0.11014133430501248
2100-01-22,0.1878444005780765
2100-01-23,0.27412564877983553
2100-01-24,0.2553861120053
2100-01-25,0.10914413218296164
2100-01-26,0.07507391879732936
2100-01-27,0.2554508869702399
2100-01-28,0.4006203689528525
2100-01-29,0.15080660940202734
2100-01-30,0.29213903936563057
2100-01-31,2.4247893660690414
2100-02-01,1.924335820646508
2100-02-02,0.1861766058333289
2100-02-03,0.06510402768306532
2100-02-04,0.08757596388674045
2100-02-05,0.11146672233215854
2100-02-06,0.14758727950498496
2100-02-07,0.20379992396614272
2100-02-08,0.1370984405762085
2100-02-09,0.1054742211173788
2100-02-10,0.15165046447252475
2100-02-11,0.16572256950641442
2100-02-12,0.1292142580076664
2100-02-13,0.11623540886770982
2100-02-14,0.16457234032025253
2100-02-15,0.2634880116497475
2100-02-16,0.4032130163422438
2100-02-17,0.5107233200621599
2100-02-18,1.4369730483925758
2100-02-19,0.5203067358693101
2100-02-20,0.13999723866923042
2100-02-21,0.08117137281685928
2100-02-22,0.08096875549559752
2100-02-23,0.08035022818458361
2100-02-24,0.09182060886142716
2100-02-25,0.14543858090002207
2100-02-26,0.21562326090438308
2100-02-27,0.24837070529726615
2100-02-28,0.578517019070874
2100-03-01,0.8845316424857174
2100-03-02,1.3329889804290411
2100-03-03,1.246755171771864
2100-03-04,0.3879491952144856
2100-03-05,0.6858213323716523
2100-03-06,0.3674887245251917
2100-03-07,0.4478427090273768
2100-03-08,0.8045049309814585
2100-03-09,0.8988933762722018
2100-03-10,1.858093824906271
2100-03-11,3.07406848006773
2100-03-12,4.131998347239878
2100-03-13,5.709265816627001
2100-03-14,5.923896242205845
2100-03-15,5.286417499965244
2100-03-16,4.0778151551246635
2100-03-17,5.178926827934381
2100-03-18,3.757864415829757
2100-03-19,4.701963045102662
2100-03-20,3.1682629432099843
2100-03-21,3.408459759880972
2100-03-22,3.7173951522116497
2100-03-23,2.5367313792189745
2100-03-24,2.5311141781738797
2100-03-25,3.4130319553321167
2100-03-26,4.1137464433445
2100-03-27,4.6271619242104105
2100-03-28,3.46140524841101
2100-03-29,2.9594685642040224
2100-03-30,3.5132736666228337
2100-03-31,3.4287707161619654
2100-04-01,4.1363335473850285
2100-04-02,3.9879879109189633
2100-04-03,3.748383610859164
2100-04-04,3.4963827089458293
2100-04-05,3.726472188143927
2100-04-06,3.2699327988581253
2100-04-07,3.0087015206003023
2100-04-08,2.922447045915919
2100-04-09,2.7881197064649768
2100-04-10,3.1866219953757535
2100-04-11,2.5913232716038217
2100-04-12,2.410013073717458
2100-04-13,2.6270803569260965
2100-04-14,2.5151823538979445
2100-04-15,2.5050533784382054
2100-04-16,2.8496887050176323
2100-04-17,2.5265539904619545
2100-04-18,2.590155888574292
2100-04-19,2.9121512867929997
2100-04-20,3.8038159389520554
2100-04-21,4.145085928395205
2100-04-22,3.131712817558473
2100-04-23,3.3495964006833328
2100-04-24,3.588784120158411
2100-04-25,3.659177518943634
2100-04-26,3.719395855120833
2100-04-27,3.583696510051932
2100-04-28,3.0819809058118706
2100-04-29,3.086739982497416
2100-04-30,2.9920556573228616
2100-05-01,2.860228760502845
2100-05-02,2.9496169212445125
2100-05-03,3.1780075379953447
2100-05-04,2.591861220942236
2100-05-05,2.4733798153333897
2100-05-06,2.4611283018253296
2100-05-07,2.4706882682323923
2100-05-08,2.61132449516888
2100-05-09,2.5993865122328357
2100-05-10,2.3441747882779844
2100-05-11,2.364056133114436
2100-05-12,1.9791262706421315
2100-05-13,1.6237941177922537
2100-05-14,1.3927835783718028
2100-05-15,1.5937187634901728
2100-05-16,1.28521726808309
2100-05-17,1.1534285319676156
2100-05-18,1.0723514721812784
2100-05-19,1.001265364995186
2100-05-20,0.8810562099981456
2100-05-21,0.7742558330151998
2100-05-22,0.6818194548208182
2100-05-23,0.6088014022972638
2100-05-24,0.5472709460491736
2100-05-25,0.5001301525335317
2100-05-26,0.4620394849081416
2100-05-27,0.4381852361005333
2100-05-28,0.4102857083624838
2100-05-29,0.3662337606883586
2100-05-30,0.3351515321159862
2100-05-31,0.3081350032195556
2100-06-01,0.30700191692837697
2100-06-02,0.2879510463906178
2100-06-03,0.2702856436585226
2100-06-04,0.2532940698620672
2100-06-05,0.2364364177566976
2100-06-06,0.21777931314827165
2100-06-07,0.20107657524988254
2100-06-08,0.1861358981412652
2100-06-09,0.17223573573716286
2100-06-10,0.1594539797598412
2100-06-11,0.14199968541286973
2100-06-12,0.13025893754097476
2100-06-13,0.11968504454342792
2100-06-14,0.1101050599648654
2100-06-15,0.10232599703331573
2100-06-16,0.09635426875946763
2100-06-17,0.0916398329680512
2100-06-18,0.08782881420730004
2100-06-19,0.08466761946373381
2100-06-20,0.08179561965895096
2100-06-21,0.07921758549231123
2100-06-22,0.07661237730336347
2100-06-23,0.07408277277657419
2100-06-24,0.07352411977936092
2100-06-25,0.07786959363484085
2100-06-26,0.06824039264097916
2100-06-27,0.06644244658479702
2100-06-28,0.06452689408803296
2100-06-29,0.06264170065757728
2100-06-30,0.0608979293274944
2100-07-01,0.13917014480244128
2100-07-02,0.13535291386842074
2100-07-03,0.13173132073388202
2100-07-04,0.16506958958851853
2100-07-05,0.1256369602995798
2100-07-06,0.1228109433289897
2100-07-07,0.1224752664232152
2100-07-08,0.11722389456693888
2100-07-09,0.1146842011022881
2100-07-10,0.11230107861116767
2100-07-11,0.1099897802492406
2100-07-12,0.10782331601963732
2100-07-13,0.1058172757081986
2100-07-14,0.10386241879832786
2100-07-15,0.1019583857018062
2100-07-16,0.1002079691194464
2100-07-17,0.10039371398408793
2100-07-18,0.09737503252041714
2100-07-19,0.16557817604117786
2100-07-20,0.0950513955020312
2100-07-21,0.10546141826203574
2100-07-22,0.09983050804027843
2100-07-23,0.09218098562422868
2100-07-24,0.09126197590107456
2100-07-25,0.09040660911794794
2100-07-26,0.08962049952690078
2100-07-27,0.09017341965377684
2100-07-28,0.08840478084991316
2100-07-29,0.0924863820985702
2100-07-30,0.08727741405710611
2100-07-31,0.08679682018014279
2100-08-01,0.12368367341926848
2100-08-02,0.11211159221308482
2100-08-03,0.11043330117945986
2100-08-04,0.10993444594244843
2100-08-05,0.1094736081904292
2100-08-06,0.109047685103384
2100-08-07,0.12378137270832892
2100-08-08,0.1083119259080082
2100-08-09,0.10798250458276196
2100-08-10,0.1107832345224097
2100-08-11,0.1074677482048444
2100-08-12,0.11677121979476457
2100-08-13,0.1069840615664428
2100-08-14,0.1067693987407818
2100-08-15,0.1065690301971508
2100-08-16,0.10639471113815932
2100-08-17,0.10624043717729197
2100-08-18,0.10609640572163068
2100-08-19,0.1059603707136488
2100-08-20,0.10583043827781026
2100-08-21,0.10570560453816223
2100-08-22,0.10558644885325613
2100-08-23,0.10547183953342627
2100-08-24,0.10834950096521856
2100-08-25,0.1076106763241516
2100-08-26,0.1055960638000802
2100-08-27,0.1051256809536843
2100-08-28,0.14113284127247375
2100-08-29,0.10496881978945112
2100-08-30,0.10490651315677066
2100-08-31,0.10485330327373564
2100-09-01,0.048051227250177166
2100-09-02,0.04803451969282816
2100-09-03,0.04814996896035352
2100-09-04,0.04826463590461301
2100-09-05,0.04798570185367872
2100-09-06,0.1199770500944768
2100-09-07,0.14821214740389793
2100-09-08,0.09869876881332797
2100-09-09,0.06442105454670266
2100-09-10,0.04814316946332831
2100-09-11,0.047904073091467714
2100-09-12,0.04788783058527951
2100-09-13,0.04787052258145381
2100-09-14,0.04793360213633322
2100-09-15,0.04783621227097943
2100-09-16,0.04781867641308003
2100-09-17,0.047801368042123024
2100-09-18,0.04778461218256322
2100-09-19,0.04815976024038765
2100-09-20,0.04775369036949848
2100-09-21,0.047738827301888234
2100-09-22,0.04772428672078048
2100-09-23,0.047709620336624695
2100-09-24,0.04769518915057792
2100-09-25,0.04768113578695661
2100-09-26,0.047667582705569186
2100-09-27,0.04765493365808461
2100-09-28,0.04764300422619941
2100-09-29,0.047936314185484726
2100-09-30,0.04766303947073205
2100-10-01,0.09088188926679734
2100-10-02,0.08980017501918383
2100-10-03,0.0798832797746643
2100-10-04,0.08371116802819628
2100-10-05,0.0801621610212932
2100-10-06,0.08051218617789928
2100-10-07,0.0797360435477159
2100-10-08,0.07971621454767612
2100-10-09,0.0796963979144196
2100-10-10,0.07967654834356844
2100-10-11,0.07965667191787679
2100-10-12,0.07963677798596583
2100-10-13,0.07961698188897832
2100-10-14,0.0795974869766998
2100-10-15,0.07957820466875615
2100-10-16,0.07955899080987873
2100-10-17,0.07953997452891733
2100-10-18,0.0968318104425212
2100-10-19,0.07956449272301455
2100-10-20,0.5460677398629323
2100-10-21,0.5515232568060084
2100-10-22,0.11256517824607642
2100-10-23,0.2444478512399465
2100-10-24,0.5930647296441054
2100-10-25,0.8777726431910929
2100-10-26,0.8118020258825023
2100-10-27,0.5787649286105837
2100-10-28,0.31637566128205385
2100-10-29,0.1519010444199312
2100-10-30,0.09681981313465787
2100-10-31,0.08596884563646001
2100-11-01,0.05608020498215752
2100-11-02,0.053089371806353584
2100-11-03,0.05308293090236473
2100-11-04,0.0530763222665775
2100-11-05,0.053069520625958266
2100-11-06,0.05306239731965305
2100-11-07,0.05325100143266204
2100-11-08,0.08318992780419462
2100-11-09,0.054445057164458514
2100-11-10,0.05373891435033763
2100-11-11,0.05302477733037096
2100-11-12,0.053017017330104915
2100-11-13,0.05300909314879061
2100-11-14,0.05300112594231096
2100-11-15,0.05299312247566186
2100-11-16,0.05298502059287729
2100-11-17,0.05297674867306528
2100-11-18,0.05296835656139938
2100-11-19,0.05295991133209929
2100-11-20,0.8355905019331566
2100-11-21,5.415991525648095
2100-11-22,4.779041749775205
2100-11-23,1.6058445615102042
2100-11-24,0.119600171231669
2100-11-25,0.08251154600927077
2100-11-26,0.1067434088109944
2100-11-27,0.09451870263245032
2100-11-28,0.12538912353452786
2100-11-29,0.11649060833314405
2100-11-30,0.8049280693645591
2100-12-01,1.5443315355275828
2100-12-02,0.6589995722036656
2100-12-03,0.07873496217419103
2100-12-04,0.11185270736658366
2100-12-05,0.0829809145352839
2100-12-06,0.08207216278679441
2100-12-07,0.08419995720961601
2100-12-08,0.1026571370538842
2100-12-09,0.09427762013596792
2100-12-10,0.11467547074138808
2100-12-11,0.101900971175275
2100-12-12,0.08367945393087532
2100-12-13,0.07982273035442485
2100-12-14,0.07985145944884423
2100-12-15,0.07823437838855822
2100-12-16,0.08265255643146392
2100-12-17,0.08446214678707167
2100-12-18,0.08642988221157792
2100-12-19,0.12880779537375187
2100-12-20,0.08433472321618711
2100-12-21,0.09352713828859603
2100-12-22,0.09717527310757317
2100-12-23,0.14735519176950662
2100-12-24,0.3054666075476392
2100-12-25,0.6138503410533381
2100-12-26,0.182500007463068
2100-12-27,0.10532338997648344
2100-12-28,0.16247855772994552
2100-12-29,0.3822323144080732
2100-12-30,0.09957524772436877
2100-12-31,0.11802376132708753
