Date,flw
2006-01-01,0.014845542777393611
2006-01-02,0.014925673492650603
2006-01-03,0.014988023875017475
2006-01-04,0.015037260848825645
2006-01-05,0.01507245210946518
2006-01-06,0.015095135130139556
2006-01-07,0.015108983671801737
2006-01-08,0.01511808811688327
2006-01-09,0.015122592699094887
2006-01-10,0.025125377306181813
2006-01-11,0.01588544957512515
2006-01-12,0.01751699667040531
2006-01-13,0.015171450894350843
2006-01-14,0.025214000859467744
2006-01-15,0.015129272850836028
2006-01-16,0.015119816252307409
2006-01-17,0.01812397743334112
2006-01-18,0.01927049913105434
2006-01-19,0.015091529259227127
2006-01-20,0.01850112487521579
2006-01-21,0.017602285429763283
2006-01-22,0.026220173184304328
2006-01-23,0.03527738033840243
2006-01-24,0.03035772074665515
2006-01-25,0.027158149603482857
2006-01-26,0.077795502994682
2006-01-27,0.06158721425976542
2006-01-28,0.045255507587212786
2006-01-29,0.44320758458709686
2006-01-30,0.4185601776611366
2006-01-31,0.5498567429523814
2006-02-01,0.37426902374766297
2006-02-02,0.15957886993775858
2006-02-03,0.020484675048098245
2006-02-04,0.027894459087699178
2006-02-05,0.03456452067055068
2006-02-06,1.1277739380905278
2006-02-07,15.212446993414083
2006-02-08,8.448155024225743
2006-02-09,1.014336281874125
2006-02-10,0.8638936152111729
2006-02-11,0.903446974151522
2006-02-12,1.0738695779903953
2006-02-13,1.0430696915044764
2006-02-14,0.9522519602186421
2006-02-15,0.9419601252062821
2006-02-16,0.9418064538703967
2006-02-17,0.9125906451414768
2006-02-18,0.8516044656741498
2006-02-19,0.8327123473507274
2006-02-20,0.851589069682898
2006-02-21,0.775627842244472
2006-02-22,0.7267309151081943
2006-02-23,0.6693599221562091
2006-02-24,0.6350472653269654
2006-02-25,0.5989006462019657
2006-02-26,0.5868666837060801
2006-02-27,0.5782203934615893
2006-02-28,0.5865450931293091
2006-03-01,0.7768778374201827
2006-03-02,0.811261057394627
2006-03-03,0.7757880910418584
2006-03-04,0.6165007579218759
2006-03-05,0.5699908536884934
2006-03-06,0.5433704739669554
2006-03-07,0.5600621240905888
2006-03-08,0.605619401351756
2006-03-09,0.6785825792185779
2006-03-10,0.6585775577988795
2006-03-11,0.5510182225404137
2006-03-12,0.5127401955700505
2006-03-13,0.6294614121450821
2006-03-14,0.6441630093987668
2006-03-15,0.5862198036479974
2006-03-16,0.5933233533152339
2006-03-17,0.5483625943839248
2006-03-18,0.5503020452478139
2006-03-19,0.505690949709164
2006-03-20,0.4817766929013542
2006-03-21,0.5786936469523061
2006-03-22,0.47181254209222806
2006-03-23,0.4480336035624712
2006-03-24,0.4776707910409773
2006-03-25,0.5010338590340662
2006-03-26,0.4574151315483664
2006-03-27,0.5472986779133266
2006-03-28,0.6519643417066217
2006-03-29,0.7497229977288329
2006-03-30,0.8105764520371348
2006-03-31,0.6615321420131961
2006-04-01,0.5636029055682267
2006-04-02,0.647229919962443
2006-04-03,0.6802958420962519
2006-04-04,0.7654497615565962
2006-04-05,0.8760840691685905
2006-04-06,0.8372158387817801
2006-04-07,0.7524936621108572
2006-04-08,0.6652159236804496
2006-04-09,0.6275824133706441
2006-04-10,0.5964500146299047
2006-04-11,0.6178379432939617
2006-04-12,0.6202860608562806
2006-04-13,0.6527134499636209
2006-04-14,0.6164845870148321
2006-04-15,0.663915047655839
2006-04-16,0.726230931234183
2006-04-17,0.7617863881730615
2006-04-18,0.6706241298678277
2006-04-19,0.5536450219505515
2006-04-20,0.6388564079581377
2006-04-21,0.5598549697394982
2006-04-22,0.5898840481597825
2006-04-23,0.5219404325593404
2006-04-24,0.5833461639003054
2006-04-25,0.6635763640092793
2006-04-26,0.5159775907596165
2006-04-27,0.6931833297842979
2006-04-28,0.5322546185543304
2006-04-29,0.5036030430185449
2006-04-30,0.4955205545120158
2006-05-01,0.5247533023356119
2006-05-02,0.5240857241524008
2006-05-03,0.5351571588535721
2006-05-04,0.5186664969840956
2006-05-05,0.6114199430128238
2006-05-06,0.8429079458331313
2006-05-07,0.6270191409498218
2006-05-08,0.46556935242797576
2006-05-09,0.4734772025831946
2006-05-10,0.43585604997032296
2006-05-11,0.39702515405802397
2006-05-12,0.38308285124722574
2006-05-13,0.3591561798001031
2006-05-14,0.37813334099642726
2006-05-15,0.4162781823225123
2006-05-16,0.4576399527054307
2006-05-17,0.5656544027299656
2006-05-18,0.6344684095042965
2006-05-19,0.6116223061256612
2006-05-20,0.634047201271561
2006-05-21,0.7328977302598729
2006-05-22,0.6446184837107654
2006-05-23,0.6872033862107867
2006-05-24,0.6227682469495477
2006-05-25,0.5664322439951245
2006-05-26,0.6232729512823197
2006-05-27,0.6334888538537606
2006-05-28,0.6018615932408959
2006-05-29,0.41746135802025774
2006-05-30,0.411007323271189
2006-05-31,0.39004345287721787
2006-06-01,0.35348158765975995
2006-06-02,0.2677031056204047
2006-06-03,0.24180072848945283
2006-06-04,0.22883678737110086
2006-06-05,0.20808880414545172
2006-06-06,0.18199875787910294
2006-06-07,0.17051994384509148
2006-06-08,0.160341425179539
2006-06-09,0.15320237614009433
2006-06-10,0.1521739851482713
2006-06-11,0.15297032556540635
2006-06-12,0.20418385961061591
2006-06-13,0.1230827424273622
2006-06-14,0.09898453673478519
2006-06-15,0.09164967835670093
2006-06-16,0.07256077823100236
2006-06-17,0.06629976588924698
2006-06-18,0.059365260237850076
2006-06-19,0.05275391315732565
2006-06-20,0.046331384338377454
2006-06-21,0.04049613232573496
2006-06-22,0.035875417023304816
2006-06-23,0.032143715032205
2006-06-24,0.02881054547788761
2006-06-25,0.02587504235652651
2006-06-26,0.02367913169315923
2006-06-27,0.02349225000993076
2006-06-28,0.02107219917414554
2006-06-29,0.01958502656810681
2006-06-30,0.021368129144645923
2006-07-01,0.03575482837497749
2006-07-02,0.1063802707828203
2006-07-03,0.03371382829032788
2006-07-04,0.03172078878874837
2006-07-05,0.030044902806108782
2006-07-06,0.02871884501342571
2006-07-07,0.027611911794832328
2006-07-08,0.026642899844781267
2006-07-09,0.02575984500453223
2006-07-10,0.02487782691051828
2006-07-11,0.024061319859603802
2006-07-12,0.02330826068783733
2006-07-13,0.022683000394633883
2006-07-14,0.022219909796865195
2006-07-15,0.02188807369785369
2006-07-16,0.0216083080504758
2006-07-17,0.02135847798106497
2006-07-18,0.021133209407646267
2006-07-19,0.02092462826075957
2006-07-20,0.020721509005774064
2006-07-21,0.020517230600712602
2006-07-22,0.020310817871146667
2006-07-23,0.020100289859339385
2006-07-24,0.019901089650429506
2006-07-25,0.019724457516781563
2006-07-26,0.01954901277120044
2006-07-27,0.019374606976462823
2006-07-28,0.019190158780911785
2006-07-29,0.01898506291406302
2006-07-30,0.018779932395610908
2006-07-31,0.01858127270261573
2006-08-01,0.020835783909311675
2006-08-02,0.020638486381984098
2006-08-03,0.020451432756911015
2006-08-04,0.020272783537852994
2006-08-05,0.02009759685985152
2006-08-06,0.019924939273747912
2006-08-07,0.019771057401156433
2006-08-08,0.019635678810204366
2006-08-09,0.019507952155392347
2006-08-10,0.0193862781843626
2006-08-11,0.01927231783842188
2006-08-12,0.01916535186718828
2006-08-13,0.019064042759713972
2006-08-14,0.018969960032905853
2006-08-15,0.018886495400147037
2006-08-16,0.018810281555572378
2006-08-17,0.018737940620740842
2006-08-18,0.018667538968762713
2006-08-19,0.0185958806179394
2006-08-20,0.01852833204177103
2006-08-21,0.018466176482662723
2006-08-22,0.018409334851954083
2006-08-23,0.01836023136276897
2006-08-24,0.01831724932972432
2006-08-25,0.018280719297341336
2006-08-26,0.018250021942801863
2006-08-27,0.018223271735402332
2006-08-28,0.018198018055566405
2006-08-29,0.018173460114273225
2006-08-30,0.018151518318528383
2006-08-31,0.018130350734929124
2006-09-01,0.014103798631244642
2006-09-02,0.014090616291511326
2006-09-03,0.03394045592013531
2006-09-04,0.01626079384828054
2006-09-05,0.014066215640414352
2006-09-06,0.014052558794146358
2006-09-07,0.014039081334434106
2006-09-08,0.014026816298958395
2006-09-09,0.025769017727828837
2006-09-10,0.016487685121887245
2006-09-11,0.013999566468120048
2006-09-12,0.01399050583690421
2006-09-13,0.013982019565792982
2006-09-14,0.013973899837575458
2006-09-15,0.013966450386249829
2006-09-16,0.013959465702787237
2006-09-17,0.01395292213056718
2006-09-18,0.013947296633994471
2006-09-19,0.013942349323803649
2006-09-20,0.01393765710714144
2006-09-21,0.013933048166651639
2006-09-22,0.013928446779395675
2006-09-23,0.013923552760965994
2006-09-24,0.013918590014995269
2006-09-25,0.013913808413910135
2006-09-26,0.013909007736643912
2006-09-27,0.013904105416542635
2006-09-28,0.013899400239932438
2006-09-29,0.013895102559731013
2006-09-30,0.013890840612941118
2006-10-01,0.013721591407298832
2006-10-02,0.013717467990540261
2006-10-03,0.013876447003551994
2006-10-04,0.013709568257619525
2006-10-05,0.013705757341442412
2006-10-06,0.013702246770630614
2006-10-07,0.013698368026039413
2006-10-08,0.013694828248985042
2006-10-09,0.013691350116734603
2006-10-10,0.1084752951945964
2006-10-11,0.014063645817851127
2006-10-12,0.013681160924625908
2006-10-13,0.033179111019934385
2006-10-14,0.016357790552274317
2006-10-15,0.013671052201291393
2006-10-16,0.013667627117335277
2006-10-17,0.013664208232766305
2006-10-18,0.01366076226889587
2006-10-19,0.013657271215257075
2006-10-20,0.013653762083113452
2006-10-21,0.013650270599550759
2006-10-22,0.013646806289951529
2006-10-23,0.013643353331926187
2006-10-24,0.013639903250250673
2006-10-25,0.013636474819592112
2006-10-26,0.013633057618235021
2006-10-27,0.013629640292633954
2006-10-28,0.013626236632899804
2006-10-29,0.013637294833731408
2006-10-30,0.013619553866188013
2006-10-31,0.01361621229498703
2006-11-01,0.010685191313004076
2006-11-02,0.01120231143990449
2006-11-03,0.010698190039653235
2006-11-04,0.010677327297181948
2006-11-05,0.010674715274896147
2006-11-06,0.010672089039737426
2006-11-07,0.010669454816949071
2006-11-08,0.01066681801830508
2006-11-09,0.010664178691792607
2006-11-10,0.010661539047942183
2006-11-11,0.01065890638552798
2006-11-12,0.01065627596460367
2006-11-13,0.010653650285947516
2006-11-14,0.018716518817817496
2006-11-15,0.015186606012686043
2006-11-16,0.01590944162276782
2006-11-17,0.1630074616324773
2006-11-18,0.3299274391719502
2006-11-19,0.1728688510467507
2006-11-20,0.04826980654476486
2006-11-21,0.011157012462759323
2006-11-22,0.01857748935701048
2006-11-23,0.024783130434337608
2006-11-24,0.046995916532809455
2006-11-25,0.045050124855796216
2006-11-26,0.0851512449378082
2006-11-27,0.11659042418630661
2006-11-28,0.12126559729805628
2006-11-29,0.10083333007120435
2006-11-30,0.08764561658210601
2006-12-01,0.05371453958059688
2006-12-02,0.04641582453201999
2006-12-03,0.04562786224123229
2006-12-04,0.02508053497800996
2006-12-05,0.01990654596613682
2006-12-06,0.01777729988989521
2006-12-07,0.026712408542756604
2006-12-08,0.01968227032969532
2006-12-09,0.0259844620654169
2006-12-10,0.0205445240965078
2006-12-11,0.020614808934656986
2006-12-12,0.19090787391576
2006-12-13,0.5489593908698165
2006-12-14,2.898817147705726
2006-12-15,1.293022129863606
2006-12-16,0.06840292765405824
2006-12-17,0.02791255470939536
2006-12-18,0.043408254728947285
2006-12-19,0.1441455742995388
2006-12-20,0.10899484508233814
2006-12-21,0.04989622802223609
2006-12-22,0.02815228150016484
2006-12-23,0.017582440530132346
2006-12-24,0.034774862048973794
2006-12-25,0.04398304850620831
2006-12-26,0.026123436212795573
2006-12-27,0.017689263814700183
2006-12-28,0.017755528263352183
2006-12-29,0.029844469801056095
2006-12-30,0.03997263714844392
2006-12-31,0.028656152234177792
2007-01-01,0.013095207427425525
2007-01-02,0.011603689016681466
2007-01-03,0.01157110102661426
2007-01-04,0.011583753881591406
2007-01-05,0.0115888758539235
2007-01-06,0.011588913252484215
2007-01-07,0.016402139475617205
2007-01-08,0.014298822131058262
2007-01-09,0.011589449987223015
2007-01-10,0.011583484512214812
2007-01-11,0.011574064473481758
2007-01-12,0.011563670758962731
2007-01-13,0.27181455636675284
2007-01-14,0.4415950172065203
2007-01-15,0.7271619216346848
2007-01-16,2.1700469355143905
2007-01-17,5.12825657084454
2007-01-18,0.8409799079802931
2007-01-19,0.31991860554686063
2007-01-20,0.20842869204252257
2007-01-21,0.2243418615028774
2007-01-22,0.19639541063912863
2007-01-23,0.3478793185272258
2007-01-24,0.425573702489148
2007-01-25,0.44202748484698584
2007-01-26,0.32787646589798153
2007-01-27,0.36359672749422456
2007-01-28,0.3527424885594836
2007-01-29,0.35241641699045906
2007-01-30,0.3653715953636954
2007-01-31,0.3590770532140463
2007-02-01,0.31968304157858113
2007-02-02,0.325459478308422
2007-02-03,0.31931355815204004
2007-02-04,0.744436366458214
2007-02-05,0.6115928337255808
2007-02-06,0.42140478301612905
2007-02-07,0.45312883480249494
2007-02-08,0.4533354592931976
2007-02-09,0.6480054070427155
2007-02-10,0.48395026136315206
2007-02-11,0.48081377877720455
2007-02-12,0.47413304180090216
2007-02-13,0.4678003991247187
2007-02-14,0.48767802151218076
2007-02-15,0.46591949504941343
2007-02-16,0.5259526446045701
2007-02-17,0.5931507718205427
2007-02-18,0.601777284909703
2007-02-19,0.6801698931586877
2007-02-20,0.7544669897324259
2007-02-21,0.7664089974704199
2007-02-22,0.723769442154295
2007-02-23,0.6652180322118098
2007-02-24,0.6316985571224675
2007-02-25,0.5987867081569134
2007-02-26,0.553829873230398
2007-02-27,0.5207668694767371
2007-02-28,0.4963706735333844
2007-03-01,0.5783959145832789
2007-03-02,0.5817552853058057
2007-03-03,0.5454702886445926
2007-03-04,0.47253267334493115
2007-03-05,0.4256437513115653
2007-03-06,0.4097172969382424
2007-03-07,0.3862714982209528
2007-03-08,0.36975842615071214
2007-03-09,0.35626258183954407
2007-03-10,0.34500232000908176
2007-03-11,0.4890904104567304
2007-03-12,0.3977783488376269
2007-03-13,0.3281568660636725
2007-03-14,0.32166472646637684
2007-03-15,0.32416863606342666
2007-03-16,0.3622941200926579
2007-03-17,0.5048867138834885
2007-03-18,0.7279371322163614
2007-03-19,0.9708775326998381
2007-03-20,1.0899662425248673
2007-03-21,1.0458381078934358
2007-03-22,1.077405026712048
2007-03-23,1.218904373607071
2007-03-24,1.072270405201631
2007-03-25,1.080593291938945
2007-03-26,1.038419770226993
2007-03-27,0.9505363509602152
2007-03-28,0.8878501780827927
2007-03-29,0.843709959398362
2007-03-30,0.8186804795714623
2007-03-31,0.8646424213509706
2007-04-01,0.7558568418759907
2007-04-02,0.7452175933726782
2007-04-03,0.6208835208935151
2007-04-04,0.6138275500861177
2007-04-05,0.7787656093854445
2007-04-06,0.7332059560826342
2007-04-07,1.0608674409992218
2007-04-08,0.8945123483544364
2007-04-09,0.711214433558772
2007-04-10,0.7549084493529492
2007-04-11,0.6811062502125246
2007-04-12,0.6437215991079562
2007-04-13,0.6298103728271144
2007-04-14,0.6551374984097827
2007-04-15,0.5631025990918304
2007-04-16,0.5123369182224087
2007-04-17,0.48165295476297915
2007-04-18,0.41602322282174753
2007-04-19,0.4103054272903176
2007-04-20,0.3778243308067646
2007-04-21,0.3639046907352811
2007-04-22,0.3689646896142614
2007-04-23,0.3346842718291288
2007-04-24,0.3177013126184652
2007-04-25,0.3109643313802923
2007-04-26,0.3444120664507204
2007-04-27,0.34184242068282
2007-04-28,0.3020887391948312
2007-04-29,0.3623295809275405
2007-04-30,0.45274490972878434
2007-05-01,0.5392308195366331
2007-05-02,0.5032720838847744
2007-05-03,0.5644573689896136
2007-05-04,0.4233947928433163
2007-05-05,0.502951180077688
2007-05-06,0.5343603057498134
2007-05-07,0.6295917684477802
2007-05-08,0.5687611200219591
2007-05-09,0.5792502486808736
2007-05-10,0.7248410453895251
2007-05-11,0.7497874041047451
2007-05-12,0.5592967741389315
2007-05-13,0.7005128313514326
2007-05-14,0.7784657028575369
2007-05-15,0.5473868392959366
2007-05-16,0.4586410199600997
2007-05-17,0.5233794044903027
2007-05-18,0.6613218193980355
2007-05-19,0.8419762019463269
2007-05-20,1.0493272525360438
2007-05-21,1.1144260213744897
2007-05-22,1.0872749440732117
2007-05-23,1.0535904503332933
2007-05-24,1.05771912193025
2007-05-25,1.2179686995345544
2007-05-26,1.4113840122277288
2007-05-27,1.4088393650767248
2007-05-28,1.2988893446581884
2007-05-29,1.2803941185520926
2007-05-30,1.105106393622934
2007-05-31,0.9604383393842152
2007-06-01,1.0226770088621557
2007-06-02,0.9567780224769302
2007-06-03,0.8090840895068033
2007-06-04,1.128866987028096
2007-06-05,1.492563543152561
2007-06-06,1.4808571925376386
2007-06-07,1.2909906854142683
2007-06-08,0.8842749288452844
2007-06-09,0.8922777299892116
2007-06-10,0.9723760629927409
2007-06-11,1.002956768345788
2007-06-12,0.8048118980981817
2007-06-13,0.7947852716597024
2007-06-14,0.6199443898918664
2007-06-15,0.6334755339596841
2007-06-16,0.7595088256198549
2007-06-17,1.0679610125126018
2007-06-18,1.390132605566926
2007-06-19,1.4439808884038716
2007-06-20,0.9718569935831405
2007-06-21,0.8618188873692041
2007-06-22,0.9185604408234461
2007-06-23,1.0402139052916732
2007-06-24,1.000093322583406
2007-06-25,0.8051284755406941
2007-06-26,0.8190201845596718
2007-06-27,0.8808692686962452
2007-06-28,0.9649130034059628
2007-06-29,0.9033640271307187
2007-06-30,0.8811191494110384
2007-07-01,1.1242260501883863
2007-07-02,0.9470423372557852
2007-07-03,0.8234979645449545
2007-07-04,0.759738730648488
2007-07-05,0.6880037317416435
2007-07-06,0.6095447605501829
2007-07-07,0.5606139765531808
2007-07-08,0.49849892896970194
2007-07-09,0.47370251170997496
2007-07-10,0.4495220507439205
2007-07-11,0.38903187571013065
2007-07-12,0.28340967514346127
2007-07-13,0.18839004473182064
2007-07-14,0.17226196293646773
2007-07-15,0.15857850757791284
2007-07-16,0.14542709886910887
2007-07-17,0.12761553190997119
2007-07-18,0.11033559848932648
2007-07-19,0.0942811129467121
2007-07-20,0.07913896201521692
2007-07-21,0.06611020684611647
2007-07-22,0.05592410647539757
2007-07-23,0.04816668015672596
2007-07-24,0.04241487155366716
2007-07-25,0.037896194200039375
2007-07-26,0.034113563288043124
2007-07-27,0.030993905864777876
2007-07-28,0.028380972033716118
2007-07-29,0.026242023249020825
2007-07-30,0.024585260618935442
2007-07-31,0.02328267448329218
2007-08-01,0.025259763063663794
2007-08-02,0.02448049943330678
2007-08-03,0.023941387067527384
2007-08-04,0.023610753652677986
2007-08-05,0.023329276639867554
2007-08-06,0.02305911351218452
2007-08-07,0.02280480646276982
2007-08-08,0.022558821948858387
2007-08-09,0.022311056098766883
2007-08-10,0.022068602261429097
2007-08-11,0.02184210026034935
2007-08-12,0.021624998299282456
2007-08-13,0.02141818591615059
2007-08-14,0.021224560829661218
2007-08-15,0.021042239058286276
2007-08-16,0.020863627480725292
2007-08-17,0.020687598033490136
2007-08-18,0.02051354384866964
2007-08-19,0.02034283208680803
2007-08-20,0.02018672815499882
2007-08-21,0.020045034622462373
2007-08-22,0.01991084740103618
2007-08-23,0.019783613072556234
2007-08-24,0.019663447367711865
2007-08-25,0.01955007472168334
2007-08-26,0.019438041062738422
2007-08-27,0.019320052876723875
2007-08-28,0.019201162945184008
2007-08-29,0.019087920518284566
2007-08-30,0.018980841509798948
2007-08-31,0.018880853477150333
2007-09-01,0.0944076549137763
2007-09-02,0.019578834813785445
2007-09-03,0.014741826284898204
2007-09-04,0.03320355542652893
2007-09-05,0.016562577735166062
2007-09-06,0.03339382944945981
2007-09-07,0.016701812693913024
2007-09-08,0.03977799513993628
2007-09-09,0.014442640438970044
2007-09-10,0.01440999363554761
2007-09-11,0.014376201835144146
2007-09-12,0.014343083052910531
2007-09-13,0.014313087607154516
2007-09-14,0.014291050088353222
2007-09-15,0.01428385206820061
2007-09-16,0.01441829494474056
2007-09-17,0.025385113158235575
2007-09-18,0.014244323688094609
2007-09-19,0.014227004489468602
2007-09-20,0.01420701686280789
2007-09-21,0.014185370974533321
2007-09-22,0.01416495507982151
2007-09-23,0.02224983199353549
2007-09-24,0.014127947940981572
2007-09-25,0.014110325714882131
2007-09-26,0.014094411669198373
2007-09-27,0.014080134852031622
2007-09-28,0.014066644478276045
2007-09-29,0.015303609621762249
2007-09-30,0.1540793146010262
2007-10-01,0.23851268055485508
2007-10-02,0.13654519866726542
2007-10-03,0.1336415756851783
2007-10-04,0.01673125927268026
2007-10-05,0.029797562467248198
2007-10-06,0.013852042364434493
2007-10-07,0.013846854841175118
2007-10-08,0.01384145652495007
2007-10-09,0.013835328482589091
2007-10-10,0.013827541116640842
2007-10-11,0.013819005458935371
2007-10-12,0.013811465826884162
2007-10-13,0.013804605875240784
2007-10-14,0.013798213531127942
2007-10-15,0.013793201557905312
2007-10-16,0.013789453837611456
2007-10-17,0.03291548290177512
2007-10-18,0.03191688827938581
2007-10-19,0.017565988226777945
2007-10-20,0.013776542061457564
2007-10-21,0.013772455755233904
2007-10-22,0.013768534585220515
2007-10-23,0.013764397465124725
2007-10-24,0.013759938706588301
2007-10-25,0.013755413236848795
2007-10-26,0.013750728914101422
2007-10-27,0.013746181380184224
2007-10-28,0.01374170358764615
2007-10-29,0.01373713190501095
2007-10-30,0.01373263921205312
2007-10-31,0.013728270888443781
2007-11-01,0.010772501453600949
2007-11-02,0.010769282139250918
2007-11-03,0.010765818790425994
2007-11-04,0.010762154302711076
2007-11-05,0.010758414497529428
2007-11-06,0.010754791970412816
2007-11-07,0.010751335238472453
2007-11-08,0.010748060995235415
2007-11-09,0.19460703759750747
2007-11-10,0.15752098262564668
2007-11-11,0.05737526432232268
2007-11-12,0.016801926917274577
2007-11-13,0.016127472918113228
2007-11-14,0.014063853932014952
2007-11-15,0.01448106069002642
2007-11-16,0.016327758874945537
2007-11-17,0.01549968924674828
2007-11-18,0.020560744193538327
2007-11-19,0.020376009140336406
2007-11-20,0.016473805035878825
2007-11-21,0.015215307404836896
2007-11-22,0.014644633972379415
2007-11-23,0.014363305109393414
2007-11-24,0.016111914872828946
2007-11-25,0.03205762104082353
2007-11-26,0.04102750552217651
2007-11-27,0.032292169202758375
2007-11-28,0.029817816310318372
2007-11-29,0.025685284729963655
2007-11-30,0.023333403747460377
2007-12-01,0.01776360820073184
2007-12-02,0.028119412739646178
2007-12-03,0.01798969872029933
2007-12-04,0.016605773413100326
2007-12-05,0.018690555199536087
2007-12-06,0.01536311779550254
2007-12-07,0.013413942600023262
2007-12-08,0.014642099085356726
2007-12-09,0.016497192923836473
2007-12-10,0.011851604974577693
2007-12-11,0.011599071873884988
2007-12-12,0.011362909545523815
2007-12-13,0.011122895349539568
2007-12-14,0.01093216526464925
2007-12-15,0.010768011857440647
2007-12-16,0.010831874624907697
2007-12-17,0.010847745538829136
2007-12-18,0.011001885278298684
2007-12-19,0.011156861495665728
2007-12-20,0.01112492188623407
2007-12-21,0.01108906315253159
2007-12-22,0.023875407445947926
2007-12-23,0.14152037861539843
2007-12-24,0.11601605352793823
2007-12-25,0.019492016699656056
2007-12-26,0.01095308243937334
2007-12-27,0.011687433942484917
2007-12-28,0.017131395959766343
2007-12-29,0.011703783840273794
2007-12-30,0.012034345337723434
2007-12-31,0.012948017211460426
2008-01-01,0.012456498998979996
2008-01-02,0.013057306187678615
2008-01-03,0.007965881230490123
2008-01-04,0.009875222223269357
2008-01-05,0.013043724681014756
2008-01-06,0.010412403576266821
2008-01-07,0.011261193978809925
2008-01-08,0.012744226441628093
2008-01-09,0.021215841295293362
2008-01-10,0.012560141620558168
2008-01-11,0.00803280404338861
2008-01-12,0.008198631804219978
2008-01-13,0.007692616866172804
2008-01-14,0.007361428058579523
2008-01-15,0.007112193539018296
2008-01-16,0.007118338130001347
2008-01-17,0.007123634794536094
2008-01-18,0.007127658556961144
2008-01-19,0.00713094015064578
2008-01-20,0.0071345585962493486
2008-01-21,0.007138112488925794
2008-01-22,0.007530446553299162
2008-01-23,0.00714462311786013
2008-01-24,0.039119741199438195
2008-01-25,0.011551764763797753
2008-01-26,0.007245395615786112
2008-01-27,0.012511636885651854
2008-01-28,0.007333005392144557
2008-01-29,0.007150597729542286
2008-01-30,0.007148319864092612
2008-01-31,0.00714336992746788
2008-02-01,0.006368669120322951
2008-02-02,0.0063658212084708975
2008-02-03,0.006363680408454514
2008-02-04,0.007484542214677232
2008-02-05,0.010012381893061
2008-02-06,0.11163202714859442
2008-02-07,0.02571365925868899
2008-02-08,0.02340064219066235
2008-02-09,0.04619230254295142
2008-02-10,0.047160316753355414
2008-02-11,0.011898716609818685
2008-02-12,0.008189183239988428
2008-02-13,0.007669151904013564
2008-02-14,0.007874300640554742
2008-02-15,0.007166448954060277
2008-02-16,0.006525597904393093
2008-02-17,0.006456705107150858
2008-02-18,0.0064887293255879545
2008-02-19,0.04748814055745713
2008-02-20,0.02988167118607864
2008-02-21,0.027841158983056002
2008-02-22,0.16570097083020413
2008-02-23,0.023351246815612806
2008-02-24,0.017433154553101373
2008-02-25,0.008080172711303773
2008-02-26,0.014362739035930945
2008-02-27,0.02118522911457744
2008-02-28,0.018398657202517328
2008-02-29,0.010852648590246107
2008-03-01,0.00846079496460487
2008-03-02,0.02409856968997665
2008-03-03,0.05011150436078339
2008-03-04,0.02958544771972223
2008-03-05,0.013498513393185935
2008-03-06,0.00949541384555568
2008-03-07,0.008166428395009561
2008-03-08,0.008142404158354367
2008-03-09,0.008151196224816214
2008-03-10,0.008693187988498101
2008-03-11,0.00914251104250007
2008-03-12,0.008165386638668842
2008-03-13,0.008159908160726773
2008-03-14,0.008147643843825367
2008-03-15,0.008134193047317106
2008-03-16,0.008121192974065619
2008-03-17,0.008104371256154956
2008-03-18,0.00808258261424031
2008-03-19,0.00805875644368269
2008-03-20,0.008035153167114456
2008-03-21,0.008011995141893415
2008-03-22,0.007987630604172511
2008-03-23,0.00796288451921415
2008-03-24,0.25233723946373793
2008-03-25,0.23476639919891615
2008-03-26,0.01272792059626291
2008-03-27,0.3076580246814965
2008-03-28,0.029405276958511178
2008-03-29,0.0083824108731606
2008-03-30,0.020804832430663854
2008-03-31,0.0164584688651837
2008-04-01,0.009016869005429702
2008-04-02,0.007884212665036196
2008-04-03,0.08055271950369178
2008-04-04,0.17655803794089076
2008-04-05,0.01310543089025397
2008-04-06,0.00799005997021348
2008-04-07,0.008346734578405277
2008-04-08,0.008003972973939583
2008-04-09,0.32002746342243554
2008-04-10,0.12978467640782068
2008-04-11,0.1664817489171461
2008-04-12,0.23828166556691244
2008-04-13,0.13779391650150613
2008-04-14,0.09421016549527758
2008-04-15,0.08315892386544874
2008-04-16,0.042954583722801844
2008-04-17,0.03056257543965621
2008-04-18,0.009576912192241825
2008-04-19,0.00951105144638134
2008-04-20,0.01765961296910116
2008-04-21,0.009840014705838934
2008-04-22,0.009845903315452265
2008-04-23,0.009206901379753085
2008-04-24,0.00910911579700438
2008-04-25,0.009005726834670932
2008-04-26,0.008904989519401307
2008-04-27,0.008800226067344517
2008-04-28,0.008701926067376006
2008-04-29,0.00862034269117577
2008-04-30,0.008544093428447641
2008-05-01,0.009508468616153742
2008-05-02,0.009432223861083467
2008-05-03,0.2913099864733743
2008-05-04,0.1853226622590797
2008-05-05,0.04147173582524542
2008-05-06,0.026694570695569294
2008-05-07,0.036366012613917906
2008-05-08,0.05352460584555614
2008-05-09,0.024553858919383845
2008-05-10,0.009500911981684648
2008-05-11,0.009413578496923375
2008-05-12,0.018603100389629493
2008-05-13,0.009267151874901899
2008-05-14,0.011452646962213287
2008-05-15,0.009126665450689853
2008-05-16,0.00904432734842881
2008-05-17,0.009333796246769522
2008-05-18,0.009349801851012106
2008-05-19,0.008956757484220982
2008-05-20,0.036544837059159126
2008-05-21,0.017576994909139977
2008-05-22,0.015984196311457095
2008-05-23,0.01691425573396966
2008-05-24,0.018784384777603295
2008-05-25,0.01979902745616499
2008-05-26,0.019020934419166056
2008-05-27,0.014061700117175214
2008-05-28,0.011197521930005542
2008-05-29,0.008732910869480939
2008-05-30,0.008988237081003686
2008-05-31,0.008457799518854763
2008-06-01,0.008832243757973013
2008-06-02,0.008740599838727589
2008-06-03,0.008901611719225516
2008-06-04,0.009417150676870245
2008-06-05,0.024036539742020625
2008-06-06,0.012321420821009711
2008-06-07,0.009981550532446821
2008-06-08,0.008495461445274435
2008-06-09,0.008446382430135521
2008-06-10,0.008415311873159482
2008-06-11,0.008344109922196617
2008-06-12,0.008298604198224962
2008-06-13,0.008252941579368674
2008-06-14,0.00820970698718031
2008-06-15,0.00817547240891766
2008-06-16,0.008135166660567676
2008-06-17,0.008101410143480606
2008-06-18,0.008067754076021595
2008-06-19,0.00803588000363396
2008-06-20,0.008006099070861559
2008-06-21,0.007982652420128895
2008-06-22,0.007954076578500746
2008-06-23,0.007934722467209955
2008-06-24,0.007910305306682
2008-06-25,0.007893410720476326
2008-06-26,0.00788084671420198
2008-06-27,0.007871784783699218
2008-06-28,0.007863271501133555
2008-06-29,0.007853601794163086
2008-06-30,0.007843371776994195
2008-07-01,0.016068698228895555
2008-07-02,0.01604811569139023
2008-07-03,0.016026975416234046
2008-07-04,0.016006503601198943
2008-07-05,0.015986987279740197
2008-07-06,0.015968845709785125
2008-07-07,0.015952971646889885
2008-07-08,0.01593871970862508
2008-07-09,0.01592570385776307
2008-07-10,0.015913976691578086
2008-07-11,0.015903181313490358
2008-07-12,0.015892976134752854
2008-07-13,0.01588344053031766
2008-07-14,0.015875116020559698
2008-07-15,0.01586767773510654
2008-07-16,0.015861132621472034
2008-07-17,0.01585466448362378
2008-07-18,0.015847881298296767
2008-07-19,0.01584149004234942
2008-07-20,0.015835541875365657
2008-07-21,0.015829866851334137
2008-07-22,0.015824438648428495
2008-07-23,0.01581940037729425
2008-07-24,0.015814620003492173
2008-07-25,0.01581002566742117
2008-07-26,0.015805616259423835
2008-07-27,0.015801331482498904
2008-07-28,0.01579713133244855
2008-07-29,0.01579303429337039
2008-07-30,0.01578895643291495
2008-07-31,0.015784875715178504
2008-08-01,0.017876560702546857
2008-08-02,0.017871957868616124
2008-08-03,0.01786750808781082
2008-08-04,0.017863226355992887
2008-08-05,0.017858945550604927
2008-08-06,0.017854665825410756
2008-08-07,0.017850387153502137
2008-08-08,0.017846109680954778
2008-08-09,0.017841832896502714
2008-08-10,0.01783755698466292
2008-08-11,0.01783328256433656
2008-08-12,0.017829008925645512
2008-08-13,0.017824736400464274
2008-08-14,0.01782046482734019
2008-08-15,0.017816194028162938
2008-08-16,0.01781192469743447
2008-08-17,0.01780765594460372
2008-08-18,0.017803388829362457
2008-08-19,0.01779912209853182
2008-08-20,0.01779485655937438
2008-08-21,0.0177905922413618
2008-08-22,0.017786328799805597
2008-08-23,0.017782066406409003
2008-08-24,0.017777805263629088
2008-08-25,0.017773544610331864
2008-08-26,0.017769285493395896
2008-08-27,0.017765027082494552
2008-08-28,0.017760769786384332
2008-08-29,0.017756513369293275
2008-08-30,0.017752258278418986
2008-08-31,0.017748004011464938
2008-09-01,0.013818649975670219
2008-09-02,0.013815778066374127
2008-09-03,0.01381202779453534
2008-09-04,0.01473021208489553
2008-09-05,0.03109747976313829
2008-09-06,0.02510249782371201
2008-09-07,0.01865415416764761
2008-09-08,0.013795485705802137
2008-09-09,0.013792179789434303
2008-09-10,0.013788874609529097
2008-09-11,0.013785570165088858
2008-09-12,0.013782266344346546
2008-09-13,0.025824044800609174
2008-09-14,0.013775661527965317
2008-09-15,0.013772360390621846
2008-09-16,0.013769059942839024
2008-09-17,0.013765760169648221
2008-09-18,0.01376246135345959
2008-09-19,0.013759163277725521
2008-09-20,0.013755865845647952
2008-09-21,0.013752569405499755
2008-09-22,0.013749273835535205
2008-09-23,0.013745978868312605
2008-09-24,0.013742684662500636
2008-09-25,0.013739391326872052
2008-09-26,0.013736098603964709
2008-09-27,0.013732806861011868
2008-09-28,0.013729515877473814
2008-09-29,0.013726225910813124
2008-09-30,0.013722936577829827
2008-10-01,0.01355669547522353
2008-10-02,0.013553446569427498
2008-10-03,0.01355019885775541
2008-10-04,0.013546951460637637
2008-10-05,0.013543705230034349
2008-10-06,0.013540459570362434
2008-10-07,0.013537214531910747
2008-10-08,0.07275552553227867
2008-10-09,0.16601317505609156
2008-10-10,0.2913531097752104
2008-10-11,0.04075414595920964
2008-10-12,0.06679051767611442
2008-10-13,0.020513456150649784
2008-10-14,0.0215819348819523
2008-10-15,0.019917944356893064
2008-10-16,0.01351252767523683
2008-10-17,0.015854177666987136
2008-10-18,0.014967540828743386
2008-10-19,0.014024733325165009
2008-10-20,0.015006514982010766
2008-10-21,0.015121645037983272
2008-10-22,0.03741429065415403
2008-10-23,0.019871321693298166
2008-10-24,0.014649512634375408
2008-10-25,0.015090044536485502
2008-10-26,0.019282930928505793
2008-10-27,0.2446233422837509
2008-10-28,0.4343471783932318
2008-10-29,0.47478802392287606
2008-10-30,0.09518866819706594
2008-10-31,0.022991368601408865
2008-11-01,0.7875238177537213
2008-11-02,0.14464407994024003
2008-11-03,0.03684064550103311
2008-11-04,0.048653881003638384
2008-11-05,0.05292248571000383
2008-11-06,0.02180618982694181
2008-11-07,0.02903980009622089
2008-11-08,0.03324346702469908
2008-11-09,0.05701746944029724
2008-11-10,0.5784879112872144
2008-11-11,0.19611400826500908
2008-11-12,0.03523772341649071
2008-11-13,0.40348168025621994
2008-11-14,0.02934468146480962
2008-11-15,0.23730872686139087
2008-11-16,0.23837591276075779
2008-11-17,0.25413322605038696
2008-11-18,0.08270662121172818
2008-11-19,0.6850118822180417
2008-11-20,1.1647200977768535
2008-11-21,0.16125552192989145
2008-11-22,0.03814198713596531
2008-11-23,0.04125356088160605
2008-11-24,0.025514396957499554
2008-11-25,0.05475923016343931
2008-11-26,0.019841451740467947
2008-11-27,0.02008094083967727
2008-11-28,0.02379527572301473
2008-11-29,0.0236223762590173
2008-11-30,0.026265342273731625
2008-12-01,0.09312687914957281
2008-12-02,0.04585692345568569
2008-12-03,0.05626760765958374
2008-12-04,0.16332348207821157
2008-12-05,0.9634630166936181
2008-12-06,4.881280537819766
2008-12-07,1.6768075785980834
2008-12-08,1.3169599131701866
2008-12-09,0.5303147334860064
2008-12-10,0.40370958189684614
2008-12-11,0.47717079542309354
2008-12-12,0.3898499137253813
2008-12-13,0.35705677689883186
2008-12-14,0.3671485636376664
2008-12-15,0.3765900997753736
2008-12-16,0.3829028839971693
2008-12-17,0.3951698550636594
2008-12-18,0.40700621260214265
2008-12-19,0.4188336253171612
2008-12-20,0.45748602157604196
2008-12-21,0.5775009976912605
2008-12-22,0.5879937662260597
2008-12-23,0.5756806505759113
2008-12-24,0.5874059276485427
2008-12-25,0.5865916771594794
2008-12-26,0.5748780547426171
2008-12-27,0.6161663786121496
2008-12-28,0.6170360566684034
2008-12-29,0.5674642155284133
2008-12-30,0.573075811273974
2008-12-31,0.5685281392328756
2009-01-01,0.3580647293266223
2009-01-02,0.34958199457378686
2009-01-03,0.34206784869046986
2009-01-04,0.4127359340828725
2009-01-05,0.3743535340345577
2009-01-06,0.3486858927149053
2009-01-07,0.35136905530350016
2009-01-08,0.46517446909780014
2009-01-09,0.3518081646740384
2009-01-10,0.35874765824064714
2009-01-11,0.3420368193222378
2009-01-12,0.32686375541339374
2009-01-13,0.3319741974013799
2009-01-14,0.32341774043851373
2009-01-15,0.3000343650936431
2009-01-16,0.2915397770680463
2009-01-17,0.27329370869154906
2009-01-18,0.26397156012888645
2009-01-19,0.2615451145293695
2009-01-20,0.5433353428298832
2009-01-21,1.07592248683584
2009-01-22,1.612018017166709
2009-01-23,2.1722019071219916
2009-01-24,2.148678857692961
2009-01-25,1.6665719011232372
2009-01-26,1.6430400174247661
2009-01-27,1.9809349740804818
2009-01-28,1.6759626169439579
2009-01-29,1.4869339704571911
2009-01-30,1.4215559207856336
2009-01-31,1.3876362996638114
2009-02-01,1.1831105936815056
2009-02-02,1.1156391218584023
2009-02-03,1.0449122857235655
2009-02-04,0.9654990024132865
2009-02-05,0.8873676882902217
2009-02-06,0.8023995221767547
2009-02-07,0.7378396842561357
2009-02-08,0.6776159469016861
2009-02-09,0.6156794086919151
2009-02-10,0.5695134551360868
2009-02-11,0.5282002461474764
2009-02-12,0.5267909774125115
2009-02-13,0.5629626126707853
2009-02-14,0.6051951434875913
2009-02-15,0.519452638352858
2009-02-16,0.4635032367038293
2009-02-17,0.5113143771156381
2009-02-18,0.4488201528612918
2009-02-19,0.5292416068411873
2009-02-20,0.4453549245702936
2009-02-21,0.4207922998447418
2009-02-22,0.4128129942264418
2009-02-23,0.4050819306232638
2009-02-24,0.4138846705919546
2009-02-25,0.4082211804831216
2009-02-26,0.40211719156766074
2009-02-27,0.41773509641971784
2009-02-28,0.43749671540510593
2009-03-01,0.5896097479777098
2009-03-02,0.5644110689498083
2009-03-03,0.521243069438484
2009-03-04,0.4052276788840105
2009-03-05,0.715617750454634
2009-03-06,0.7084263512917823
2009-03-07,0.6568280349444121
2009-03-08,0.5698265776474623
2009-03-09,0.6188571620902915
2009-03-10,0.6562063120624118
2009-03-11,0.6462362109413307
2009-03-12,0.6741361095192049
2009-03-13,0.9292094801826885
2009-03-14,0.5809479555102056
2009-03-15,0.5828469123316289
2009-03-16,0.5707577654495104
2009-03-17,0.5505867011561918
2009-03-18,0.53674366015176
2009-03-19,0.4954014085014283
2009-03-20,0.5150608717085413
2009-03-21,0.4620053219389088
2009-03-22,0.44643433084086986
2009-03-23,0.44056168119257766
2009-03-24,0.4093433628113014
2009-03-25,0.34871360353676867
2009-03-26,0.3289617144259632
2009-03-27,0.3257707845876034
2009-03-28,0.33840411688874106
2009-03-29,0.5317377887106653
2009-03-30,0.2991024392156447
2009-03-31,0.3625475930525442
2009-04-01,0.36957991117013256
2009-04-02,0.44335209733090564
2009-04-03,0.49499125469080213
2009-04-04,0.5408291044092551
2009-04-05,0.4596736314334651
2009-04-06,0.35044200814458265
2009-04-07,0.46077255897367597
2009-04-08,0.5737639663249731
2009-04-09,0.6168969258547304
2009-04-10,0.659696730241625
2009-04-11,0.6139811533760605
2009-04-12,0.7260336913601595
2009-04-13,0.7706683348985999
2009-04-14,0.9622465152389974
2009-04-15,0.45760317130581674
2009-04-16,0.49008974069437233
2009-04-17,0.5776929052322288
2009-04-18,0.5303504301659427
2009-04-19,0.6517399511224325
2009-04-20,0.5926098203559513
2009-04-21,0.6003889669971086
2009-04-22,0.965281373975359
2009-04-23,0.8086525903568873
2009-04-24,0.5973121518673499
2009-04-25,0.5324179843923248
2009-04-26,0.5286519623994167
2009-04-27,0.5527979412001379
2009-04-28,0.719391515192741
2009-04-29,0.5288878224191658
2009-04-30,0.5324147893902206
2009-05-01,0.6327309288393251
2009-05-02,0.6204012025668945
2009-05-03,0.7106259004791973
2009-05-04,0.8105396518530723
2009-05-05,0.8271004166763815
2009-05-06,1.0304973930066597
2009-05-07,1.4297336863841548
2009-05-08,1.7075345773826187
2009-05-09,1.5784329622362394
2009-05-10,1.5130203307935755
2009-05-11,1.8790203822574751
2009-05-12,1.620919563300415
2009-05-13,1.7835840565895433
2009-05-14,1.3120086840058713
2009-05-15,0.8954184337949116
2009-05-16,0.801326401909796
2009-05-17,0.8467473980119872
2009-05-18,0.81037912390526
2009-05-19,0.8375281126103401
2009-05-20,0.9086347971064656
2009-05-21,0.9995765782291259
2009-05-22,1.1847214518481872
2009-05-23,1.2470930450188875
2009-05-24,1.0055673806926348
2009-05-25,0.9335458125259749
2009-05-26,0.7812749490797305
2009-05-27,0.7178142304457328
2009-05-28,0.6579106742799887
2009-05-29,0.6075372297076563
2009-05-30,0.6480010168106438
2009-05-31,0.6228732350611844
2009-06-01,0.7708087985321108
2009-06-02,0.8359488370185473
2009-06-03,1.06282447390711
2009-06-04,1.1712621638388123
2009-06-05,1.349468643363103
2009-06-06,1.5138838991465198
2009-06-07,1.4157617141614751
2009-06-08,1.4228794784496646
2009-06-09,1.2248736341133917
2009-06-10,0.9627524370956593
2009-06-11,1.0270083854533851
2009-06-12,1.1131365745946276
2009-06-13,1.3490042427854756
2009-06-14,1.3909785303932698
2009-06-15,1.0996395800531098
2009-06-16,0.9225142290757612
2009-06-17,0.780212338722509
2009-06-18,0.6835704239699957
2009-06-19,0.6625903741538384
2009-06-20,0.7387957458455527
2009-06-21,0.7922465887484897
2009-06-22,0.7730458822992295
2009-06-23,0.5488170730781067
2009-06-24,0.3851359918418293
2009-06-25,0.34295490134832585
2009-06-26,0.3376304114280054
2009-06-27,0.3385468387503127
2009-06-28,0.33569325090680374
2009-06-29,0.30854941255862445
2009-06-30,0.2848409505545524
2009-07-01,0.5509943652734208
2009-07-02,0.5281003630288708
2009-07-03,0.52348217174168
2009-07-04,0.47795217048521516
2009-07-05,0.4220644611434769
2009-07-06,0.25041950373820726
2009-07-07,0.17225161359285773
2009-07-08,0.15540191770779563
2009-07-09,0.14413484900552861
2009-07-10,0.1332943280980652
2009-07-11,0.11731133710939738
2009-07-12,0.10062229424533026
2009-07-13,0.08564879998187504
2009-07-14,0.07313733891413979
2009-07-15,0.06309311345987162
2009-07-16,0.05484094589888546
2009-07-17,0.04830210595106616
2009-07-18,0.0433824790256316
2009-07-19,0.03943332407903795
2009-07-20,0.03601463789452565
2009-07-21,0.033494539306066565
2009-07-22,0.03074387625059152
2009-07-23,0.028702897611386575
2009-07-24,0.026762601547286727
2009-07-25,0.025079506357125487
2009-07-26,0.023693220243845913
2009-07-27,0.02260100098903833
2009-07-28,0.021758320489920713
2009-07-29,0.02111683924790611
2009-07-30,0.020696175849327984
2009-07-31,0.02045008649590756
2009-08-01,0.022913677500459355
2009-08-02,0.02267905705905663
2009-08-03,0.022457541054567084
2009-08-04,0.022235891840233436
2009-08-05,0.02200543378137317
2009-08-06,0.021783444894045132
2009-08-07,0.02157794526068433
2009-08-08,0.0213761531815177
2009-08-09,0.021177312382284336
2009-08-10,0.020985076681685887
2009-08-11,0.0208008089156465
2009-08-12,0.020624610088081696
2009-08-13,0.020457081559577865
2009-08-14,0.02029691420792012
2009-08-15,0.02014140000571134
2009-08-16,0.019992267498007296
2009-08-17,0.01985413693638845
2009-08-18,0.01972747533502296
2009-08-19,0.01961204905548657
2009-08-20,0.019503644195231134
2009-08-21,0.019404680118680278
2009-08-22,0.01931761273105768
2009-08-23,0.01923986333995056
2009-08-24,0.019171053413567684
2009-08-25,0.019100748802229856
2009-08-26,0.019020735880395927
2009-08-27,0.0189352847309582
2009-08-28,0.018852311600611717
2009-08-29,0.018770272179540796
2009-08-30,0.01869313423083267
2009-08-31,0.2530092466288443
2009-09-01,0.05051601236009336
2009-09-02,0.014470581902123752
2009-09-03,0.014439656193160408
2009-09-04,0.014402934819825495
2009-09-05,0.014369926646711002
2009-09-06,0.014341431799667924
2009-09-07,0.014315087043614302
2009-09-08,0.014290604530392385
2009-09-09,0.014266191566995086
2009-09-10,0.014240139786396894
2009-09-11,0.02975152973615773
2009-09-12,0.014192325714498856
2009-09-13,0.014168729670897256
2009-09-14,0.014147726613803858
2009-09-15,0.014128885697547628
2009-09-16,0.014111231721721287
2009-09-17,0.014094604180358381
2009-09-18,0.014078614778968638
2009-09-19,0.014065221681163238
2009-09-20,0.01405457386996087
2009-09-21,0.014043724728007884
2009-09-22,0.014031834071069867
2009-09-23,0.01401986366459758
2009-09-24,0.014008539383430363
2009-09-25,0.013997494848333054
2009-09-26,0.013986587113683956
2009-09-27,0.013976669784703393
2009-09-28,0.013967604934294319
2009-09-29,0.013959102764369782
2009-09-30,0.013951154244778389
2009-10-01,0.013778395439567185
2009-10-02,0.014115925095276555
2009-10-03,0.013766820731283862
2009-10-04,0.013761167036203874
2009-10-05,0.013755207455062476
2009-10-06,0.013749185055700597
2009-10-07,0.013743414332521662
2009-10-08,0.013737716886748812
2009-10-09,0.013732076141652904
2009-10-10,0.013726451342204985
2009-10-11,0.01372091610600337
2009-10-12,0.013715715002664414
2009-10-13,0.06840747603488129
2009-10-14,0.013747601971656663
2009-10-15,0.013702029339479067
2009-10-16,0.013697584013112423
2009-10-17,0.013693346079760945
2009-10-18,0.013689284030722369
2009-10-19,0.013685326789486234
2009-10-20,0.013681487018105598
2009-10-21,0.013677729880896548
2009-10-22,0.01367401850989589
2009-10-23,0.013670355255881473
2009-10-24,0.013667274461251874
2009-10-25,0.013667181935868319
2009-10-26,0.013659815477438783
2009-10-27,0.013656385894070653
2009-10-28,0.01365294521057518
2009-10-29,0.01364952565646859
2009-10-30,0.014064163106265964
2009-10-31,0.07560207407562035
2009-11-01,0.11600779474261182
2009-11-02,0.01412361013134724
2009-11-03,0.012344657098329333
2009-11-04,0.015321325171202124
2009-11-05,0.01741725339774958
2009-11-06,0.014792784820362143
2009-11-07,0.017000323446714854
2009-11-08,0.026045639068395226
2009-11-09,0.02170141206193092
2009-11-10,0.01541170452681988
2009-11-11,0.33410403759111207
2009-11-12,0.1278977496168603
2009-11-13,0.09148416496970171
2009-11-14,0.5735561876971166
2009-11-15,0.23843489383182498
2009-11-16,0.011097631973824362
2009-11-17,0.026412676063810328
2009-11-18,0.011488662078539415
2009-11-19,0.044645640681544765
2009-11-20,0.022556237068876665
2009-11-21,0.012300095296598314
2009-11-22,0.013038140380932319
2009-11-23,0.023941780543404408
2009-11-24,0.031126829983189237
2009-11-25,0.030614069316559078
2009-11-26,0.03728786884462919
2009-11-27,0.03327824629725279
2009-11-28,0.042801353925687735
2009-11-29,0.03159559594116726
2009-11-30,0.024485333185495416
2009-12-01,0.01814062882396248
2009-12-02,0.023367846358357692
2009-12-03,0.023866590019632018
2009-12-04,0.017443271635684012
2009-12-05,0.015236510328897987
2009-12-06,0.015483011863300531
2009-12-07,0.015822815342914916
2009-12-08,0.01801340169712782
2009-12-09,0.018676025668671867
2009-12-10,0.022215472238212797
2009-12-11,0.025301877638924275
2009-12-12,0.029100071809406793
2009-12-13,0.03072167517521198
2009-12-14,0.02497260863823388
2009-12-15,0.030053220568577715
2009-12-16,0.03431745978727153
2009-12-17,0.025176757146096008
2009-12-18,0.021028525685711136
2009-12-19,0.024184109216506003
2009-12-20,0.02238435191791723
2009-12-21,0.018094833525934943
2009-12-22,0.017652838299180768
2009-12-23,0.02041800638441798
2009-12-24,0.02964033960863031
2009-12-25,0.4326880358104609
2009-12-26,0.4618541278777406
2009-12-27,0.016691190759259317
2009-12-28,0.017246155640084897
2009-12-29,0.02535685323879263
2009-12-30,0.024325722669577766
2009-12-31,0.09777181664206858
2010-01-01,0.03440159441124714
2010-01-02,0.01933663268646009
2010-01-03,0.11227262863573528
2010-01-04,0.023930876261923376
2010-01-05,0.012302992944230198
2010-01-06,0.008932309278982444
2010-01-07,0.008989479574548999
2010-01-08,0.009032265847739463
2010-01-09,0.009063103735846166
2010-01-10,0.009184237165339547
2010-01-11,0.01904242934238987
2010-01-12,0.021461528755521448
2010-01-13,0.0326331292353175
2010-01-14,0.041899109182490485
2010-01-15,0.053571599276820626
2010-01-16,0.04161850444930358
2010-01-17,0.04555454626750556
2010-01-18,0.029880425088047488
2010-01-19,0.02700344370363391
2010-01-20,0.015843661664786873
2010-01-21,0.014958649498363405
2010-01-22,0.015556301279318969
2010-01-23,0.019971649078664232
2010-01-24,0.017432299566250704
2010-01-25,0.013688131695974928
2010-01-26,0.0416510682189851
2010-01-27,0.019382794038579027
2010-01-28,0.010562338621023293
2010-01-29,0.1454572388556527
2010-01-30,0.3294978568866072
2010-01-31,0.039748046476888975
2010-02-01,0.013305441928096339
2010-02-02,0.01428296740080143
2010-02-03,0.430794058334544
2010-02-04,0.33313685377102614
2010-02-05,0.03362608405858775
2010-02-06,0.05141863243377331
2010-02-07,0.3978482849010285
2010-02-08,0.07368839019455466
2010-02-09,0.030530045758852334
2010-02-10,0.029279491833063602
2010-02-11,0.02032068566627983
2010-02-12,0.022060069957994803
2010-02-13,0.04616046452343361
2010-02-14,0.04454581426162215
2010-02-15,0.05282862663017745
2010-02-16,0.17433326888778272
2010-02-17,0.14206290817458242
2010-02-18,0.1385504330297832
2010-02-19,0.34749561322558115
2010-02-20,0.19863159162882738
2010-02-21,0.22186612467065117
2010-02-22,0.11961003444044313
2010-02-23,0.09640168057583569
2010-02-24,0.39512735403199223
2010-02-25,0.23228187168329884
2010-02-26,0.0416293909333287
2010-02-27,0.03893355688267544
2010-02-28,0.019917250090473168
2010-03-01,0.037618689011137255
2010-03-02,0.027775326214547744
2010-03-03,0.028684247737709116
2010-03-04,0.02402533336336598
2010-03-05,0.021072819570370504
2010-03-06,0.022742786831536427
2010-03-07,0.02671797768336763
2010-03-08,0.03762842243533698
2010-03-09,0.06676280216375205
2010-03-10,0.11692571163576335
2010-03-11,0.1695667452844945
2010-03-12,0.17227187930827556
2010-03-13,0.16504706091354884
2010-03-14,0.20140516123293573
2010-03-15,0.2163310065735143
2010-03-16,0.20097533101010484
2010-03-17,0.15629669439958283
2010-03-18,0.10535615640746812
2010-03-19,0.09371527662471121
2010-03-20,0.06392200162665765
2010-03-21,0.06796525536865962
2010-03-22,0.06564292349462983
2010-03-23,0.06941308603085274
2010-03-24,0.0822347504596969
2010-03-25,0.10025463799467332
2010-03-26,0.09031022296604063
2010-03-27,0.1142089620048582
2010-03-28,0.1252472351804237
2010-03-29,0.13416069822488785
2010-03-30,0.1323282879436113
2010-03-31,0.16142226471821808
2010-04-01,0.1402403834481103
2010-04-02,0.12510891755512474
2010-04-03,0.0825692556567288
2010-04-04,0.15141635440432244
2010-04-05,0.07282555248893498
2010-04-06,0.07200671964425698
2010-04-07,0.06510609446873378
2010-04-08,0.0633720243438427
2010-04-09,0.06416543399830613
2010-04-10,0.06621317844292332
2010-04-11,0.06295256975951638
2010-04-12,0.06324809677111731
2010-04-13,0.06888014482073435
2010-04-14,0.05988186726175142
2010-04-15,0.048314848286927864
2010-04-16,0.04600736288608309
2010-04-17,0.04623436964695516
2010-04-18,0.040024477027542846
2010-04-19,0.03718956386958693
2010-04-20,0.3407324644592974
2010-04-21,0.31812734308444135
2010-04-22,0.44553527327688913
2010-04-23,0.10686218206301713
2010-04-24,0.17080345774023842
2010-04-25,0.13774900263169568
2010-04-26,0.13875861043000887
2010-04-27,0.13616798213546785
2010-04-28,0.27904200728760176
2010-04-29,0.24488420572244216
2010-04-30,0.2971307368193323
2010-05-01,0.62666875814946
2010-05-02,0.24878034988995196
2010-05-03,0.2704687617283333
2010-05-04,0.24701962440204117
2010-05-05,0.22747950723589172
2010-05-06,0.22033340464155377
2010-05-07,0.20733855439728038
2010-05-08,0.20518185714978532
2010-05-09,0.19514629722768825
2010-05-10,0.18458092000506904
2010-05-11,0.17547497594436615
2010-05-12,0.1700105630247392
2010-05-13,0.24744207098903445
2010-05-14,0.1610308873360803
2010-05-15,0.14404068533699885
2010-05-16,0.12957895587091017
2010-05-17,0.11669026015681921
2010-05-18,0.16261740033844665
2010-05-19,0.14609361654018374
2010-05-20,0.10515580138311467
2010-05-21,0.102253660031717
2010-05-22,0.09675887187753301
2010-05-23,0.08900969345320839
2010-05-24,0.07786730301681678
2010-05-25,0.07463587013242269
2010-05-26,0.0597832663225319
2010-05-27,0.06321081391360946
2010-05-28,0.04293171898901707
2010-05-29,0.03629568471496379
2010-05-30,0.030815203328639712
2010-05-31,0.026212451895343842
2010-06-01,0.023691790414155863
2010-06-02,0.020870209313454242
2010-06-03,0.018904238413383057
2010-06-04,0.017668357401539575
2010-06-05,0.016881142876751867
2010-06-06,0.016341201728336766
2010-06-07,0.01578052484992512
2010-06-08,0.015375535578929119
2010-06-09,0.031010081130940576
2010-06-10,0.014850017078321062
2010-06-11,0.027792482685917472
2010-06-12,0.014452921302655682
2010-06-13,0.029654232801046565
2010-06-14,0.015170285778450194
2010-06-15,0.01395856325477143
2010-06-16,0.01373741130893331
2010-06-17,0.013496785096158636
2010-06-18,0.013251625469217591
2010-06-19,0.01301105760138694
2010-06-20,0.012786029381049984
2010-06-21,0.012594139710294298
2010-06-22,0.012426023838510348
2010-06-23,0.012254918763558555
2010-06-24,0.012071983746383163
2010-06-25,0.011890998032980205
2010-06-26,0.011722152258260267
2010-06-27,0.011564909622932086
2010-06-28,0.011405539457855654
2010-06-29,0.011231833154368235
2010-06-30,0.01105156396613091
2010-07-01,0.02230281479768348
2010-07-02,0.02195402598727638
2010-07-03,0.021632068445611767
2010-07-04,0.02132898313135481
2010-07-05,0.021035501410344423
2010-07-06,0.02075428133675617
2010-07-07,0.020489716194066435
2010-07-08,0.020258431754426785
2010-07-09,0.02004899699763982
2010-07-10,0.019827979222576494
2010-07-11,0.01960073166980036
2010-07-12,0.01937812010990095
2010-07-13,0.01916056613323423
2010-07-14,0.024483580120873642
2010-07-15,0.02181564368523032
2010-07-16,0.028910750043002836
2010-07-17,0.018551629093305023
2010-07-18,0.026491973953156216
2010-07-19,0.01823801117241113
2010-07-20,0.018064911046545274
2010-07-21,0.01787613130447232
2010-07-22,0.017688395872624753
2010-07-23,0.017511698429856084
2010-07-24,0.01735417157074638
2010-07-25,0.017208076592638056
2010-07-26,0.01707241874431556
2010-07-27,0.016958527657742972
2010-07-28,0.024655912649370747
2010-07-29,0.016759734689439188
2010-07-30,0.01695524750243577
2010-07-31,0.016585863683611365
2010-08-01,0.018698818069973235
2010-08-02,0.018607901393364334
2010-08-03,0.018525030449636017
2010-08-04,0.0184500812573642
2010-08-05,0.01838464459264944
2010-08-06,0.018329880742848376
2010-08-07,0.018282564247086894
2010-08-08,0.018239798447631045
2010-08-09,0.01819961280391127
2010-08-10,0.01816200232115092
2010-08-11,0.01812752820567556
2010-08-12,0.018096767738585456
2010-08-13,0.018070219213547734
2010-08-14,0.018047974769966998
2010-08-15,0.018029380673859213
2010-08-16,0.018013795069531338
2010-08-17,0.017999627795939374
2010-08-18,0.01798664515443524
2010-08-19,0.01797586592182229
2010-08-20,0.01796636425771204
2010-08-21,0.017957412540537353
2010-08-22,0.017949195238748432
2010-08-23,0.01794190920010203
2010-08-24,0.01793528634169198
2010-08-25,0.017928962065333846
2010-08-26,0.017923089940544507
2010-08-27,0.017917707774117685
2010-08-28,0.017912435533778075
2010-08-29,0.017907250231765672
2010-08-30,0.017902131813373075
2010-08-31,0.017897240011502825
2010-09-01,0.013934544725796423
2010-09-02,0.013930923978593253
2010-09-03,0.0139273061353289
2010-09-04,0.0139237988642602
2010-09-05,0.013920413236279058
2010-09-06,0.013917051843709853
2010-09-07,0.013913716676399283
2010-09-08,0.013910382457109597
2010-09-09,0.013907048773701573
2010-09-10,0.038382856019221014
2010-09-11,0.01590342966339356
2010-09-12,0.013897052987489163
2010-09-13,0.013893722644109447
2010-09-14,0.01389039316492542
2010-09-15,0.013887064517006593
2010-09-16,0.013883736557650234
2010-09-17,0.013880409222989895
2010-09-18,0.01387708294312797
2010-09-19,0.01387375725602863
2010-09-20,0.013870432704559047
2010-09-21,0.013867108431508025
2010-09-22,0.013863785407849211
2010-09-23,0.013860463007888582
2010-09-24,0.04233337696835464
2010-09-25,0.013853820685794913
2010-09-26,0.013850500695803738
2010-09-27,0.013847181673792116
2010-09-28,0.01384386317269301
2010-09-29,0.013840545616621461
2010-09-30,0.013837228743124944
2010-10-01,0.013669603329490876
2010-10-02,0.09192046804265176
2010-10-03,0.013663052365081564
2010-10-04,0.013659778150955712
2010-10-05,0.013656504661587103
2010-10-06,0.013653231918669219
2010-10-07,0.013649960094763595
2010-10-08,0.013646689110984876
2010-10-09,0.013643418516701415
2010-10-10,0.030099388078830044
2010-10-11,0.051244914076075065
2010-10-12,0.01416451109696983
2010-10-13,0.28980486257508836
2010-10-14,0.45472907986905337
2010-10-15,0.03677681465113611
2010-10-16,0.024077748716175313
2010-10-17,0.013659846854008926
2010-10-18,0.014394944533404296
2010-10-19,0.014214341011055042
2010-10-20,0.17647513360949377
2010-10-21,0.22630707871509226
2010-10-22,0.025544197074499547
2010-10-23,0.013835902460834132
2010-10-24,0.8043080275220591
2010-10-25,3.037131184621761
2010-10-26,1.108904131626077
2010-10-27,0.9176448440663685
2010-10-28,0.4206761327433534
2010-10-29,0.08072353364304852
2010-10-30,0.9452611848871586
2010-10-31,0.04841368341358127
2010-11-01,0.021172875834937363
2010-11-02,0.043058288376053175
2010-11-03,0.020499316966569432
2010-11-04,0.019945831147983414
2010-11-05,0.09073460308850784
2010-11-06,0.41622442690095046
2010-11-07,0.4070437881932488
2010-11-08,0.028198912631777425
2010-11-09,0.0306181240619099
2010-11-10,0.03927694288309758
2010-11-11,0.060990776039881366
2010-11-12,0.35983438162908166
2010-11-13,0.8967412702372493
2010-11-14,1.4980701926239837
2010-11-15,3.0978759824230613
2010-11-16,1.606861322963853
2010-11-17,6.559708912960997
2010-11-18,1.1937714291281607
2010-11-19,0.3993922425904016
2010-11-20,0.13291771210146608
2010-11-21,0.15507417854907649
2010-11-22,0.18826555568017134
2010-11-23,0.1956008013685088
2010-11-24,0.3033514115413376
2010-11-25,0.29576886090213916
2010-11-26,0.33525947513811344
2010-11-27,0.32060346274294904
2010-11-28,0.28073731634217935
2010-11-29,0.47175521974728685
2010-11-30,0.42414935520530456
2010-12-01,0.3925303223081786
2010-12-02,0.8265884114656257
2010-12-03,1.1316762926673898
2010-12-04,1.0639240557333323
2010-12-05,1.3653639609628407
2010-12-06,3.3717652985949984
2010-12-07,3.3632273843348806
2010-12-08,2.097737232169473
2010-12-09,7.446764093527908
2010-12-10,12.649002727314327
2010-12-11,5.0705283793517575
2010-12-12,3.044694632120295
2010-12-13,2.181299888691063
2010-12-14,2.1489086779021096
2010-12-15,2.150793931682071
2010-12-16,2.2065035365582415
2010-12-17,2.158553575714329
2010-12-18,2.092786189219596
2010-12-19,2.30464947716818
2010-12-20,1.9418544426976043
2010-12-21,1.8385104715386857
2010-12-22,1.725010465071292
2010-12-23,1.5849674570219878
2010-12-24,1.4549838796726733
2010-12-25,1.3653870736294254
2010-12-26,1.2835969209377656
2010-12-27,1.2386182120640066
2010-12-28,1.1082995538622389
2010-12-29,1.0181942741911882
2010-12-30,0.9622631301167809
2010-12-31,0.9123481233478253
2011-01-01,0.5750346395852525
2011-01-02,0.5311721990651512
2011-01-03,0.49718461761583094
2011-01-04,0.48442310650274123
2011-01-05,0.4545076450865129
2011-01-06,0.44615001816116096
2011-01-07,0.41677770839789663
2011-01-08,0.4062274085836933
2011-01-09,0.3964266970774715
2011-01-10,0.3894155522366734
2011-01-11,0.370632530474329
2011-01-12,0.348694013277358
2011-01-13,0.33948837421859523
2011-01-14,0.32931151925778546
2011-01-15,0.31955810899232623
2011-01-16,0.3179104796330632
2011-01-17,0.2945766619959416
2011-01-18,0.27437689870751436
2011-01-19,0.26079629118088116
2011-01-20,0.25202946152313443
2011-01-21,0.23888821577190947
2011-01-22,0.2298609388743068
2011-01-23,0.22239666407299047
2011-01-24,0.2612670266850676
2011-01-25,0.5067195071872524
2011-01-26,1.2199994838963677
2011-01-27,1.9750252807721491
2011-01-28,1.1100648271732387
2011-01-29,1.2647507811260112
2011-01-30,1.095399711205733
2011-01-31,1.1284770965884015
2011-02-01,0.9918981481833764
2011-02-02,0.9804456833448874
2011-02-03,0.9327598644914038
2011-02-04,0.9187545081556685
2011-02-05,0.8908406356284316
2011-02-06,0.9448055599251571
2011-02-07,0.8918456282365537
2011-02-08,0.7900789398471294
2011-02-09,0.7461555900728339
2011-02-10,0.7181718834815762
2011-02-11,0.6326746917619801
2011-02-12,0.6222401379136411
2011-02-13,0.6105437056659272
2011-02-14,0.8395422225793027
2011-02-15,0.7997841160189915
2011-02-16,0.7667107932057561
2011-02-17,0.9089812736917661
2011-02-18,0.8292041710315728
2011-02-19,0.7898184653046092
2011-02-20,0.7755332402457582
2011-02-21,0.7570166478765603
2011-02-22,0.7256080445159367
2011-02-23,1.0036290242988692
2011-02-24,1.0437398153566186
2011-02-25,0.9054478382846343
2011-02-26,1.0535112701325504
2011-02-27,0.8911436546506061
2011-02-28,0.8500094260583101
2011-03-01,0.9698072261975452
2011-03-02,0.9497005784426478
2011-03-03,0.9361179823569925
2011-03-04,1.1178951222612499
2011-03-05,1.063664665706045
2011-03-06,0.9411531424465884
2011-03-07,0.920209883278896
2011-03-08,0.9009031540184497
2011-03-09,0.8720897707231229
2011-03-10,1.0073845795959764
2011-03-11,1.3813059066465398
2011-03-12,1.0248353079726786
2011-03-13,1.058904083033119
2011-03-14,1.1245920538500693
2011-03-15,1.142870514134282
2011-03-16,0.9764129008584982
2011-03-17,2.246819644481331
2011-03-18,2.29194170662583
2011-03-19,1.5936712674744584
2011-03-20,1.585939421751097
2011-03-21,1.5115704807015677
2011-03-22,1.4210934329383862
2011-03-23,1.3405128185340318
2011-03-24,1.2239885017905785
2011-03-25,1.1926043124761723
2011-03-26,1.1101867408420962
2011-03-27,1.1326620112752877
2011-03-28,1.1709244031134725
2011-03-29,1.1486989466500206
2011-03-30,0.9253871024558861
2011-03-31,0.9959443460773575
2011-04-01,0.9009333555665877
2011-04-02,0.880191460865114
2011-04-03,0.9527010601784774
2011-04-04,1.012241022521429
2011-04-05,0.8565145052899127
2011-04-06,0.8017918207348038
2011-04-07,0.838278694718941
2011-04-08,0.7938810852719451
2011-04-09,0.7786936899234191
2011-04-10,0.7554536312178436
2011-04-11,0.6619849112872728
2011-04-12,0.7053140785564525
2011-04-13,0.727231038272232
2011-04-14,0.7865065308325035
2011-04-15,0.8167155386401084
2011-04-16,0.7608845390386688
2011-04-17,0.9690014880216348
2011-04-18,1.119692596970765
2011-04-19,1.069551173751048
2011-04-20,1.1146543817527268
2011-04-21,0.7597557163577449
2011-04-22,0.7462853522645071
2011-04-23,0.887885927111566
2011-04-24,0.7808316853383801
2011-04-25,0.7219025334767661
2011-04-26,0.6948197478931913
2011-04-27,0.7024843858942798
2011-04-28,0.733781089294109
2011-04-29,0.6324699547921919
2011-04-30,0.6256922122870355
2011-05-01,0.6839426790511198
2011-05-02,0.6861060844139184
2011-05-03,0.7586517319886581
2011-05-04,0.888026494918726
2011-05-05,1.0356968119201173
2011-05-06,1.2486348204647932
2011-05-07,1.6855461558543023
2011-05-08,2.0153006727248997
2011-05-09,1.9988327254395226
2011-05-10,2.0737470062475594
2011-05-11,2.042321035736799
2011-05-12,1.7902017274798887
2011-05-13,1.9064142471961414
2011-05-14,1.8237198587840067
2011-05-15,1.3129786715402822
2011-05-16,0.8994686635634517
2011-05-17,1.0000588688661887
2011-05-18,1.0860511765467773
2011-05-19,1.165652737875026
2011-05-20,1.115782489649111
2011-05-21,1.3610892526512077
2011-05-22,1.6053105205515112
2011-05-23,1.6455201879815973
2011-05-24,1.5043521724411046
2011-05-25,1.4739077730511356
2011-05-26,1.198649172418206
2011-05-27,1.344588017842005
2011-05-28,1.362170169345963
2011-05-29,1.3502427788832625
2011-05-30,1.3616868462460676
2011-05-31,1.4387445040235387
2011-06-01,1.6906062803766941
2011-06-02,1.701444418286403
2011-06-03,1.5286402244529966
2011-06-04,1.2805853327191383
2011-06-05,1.3109199590604501
2011-06-06,1.251949600098072
2011-06-07,1.0504673352511402
2011-06-08,1.3626466353139364
2011-06-09,1.638222534461468
2011-06-10,1.833847672379668
2011-06-11,1.8901897423799647
2011-06-12,1.948951312375075
2011-06-13,1.7480168502780935
2011-06-14,1.9491236722109404
2011-06-15,1.5750903685180466
2011-06-16,1.415695799422316
2011-06-17,1.181715103637695
2011-06-18,1.0855215244042071
2011-06-19,1.0390714217583927
2011-06-20,1.0384994302410557
2011-06-21,0.9242230402189355
2011-06-22,0.7772599121683733
2011-06-23,0.6909516792096564
2011-06-24,0.777882726586353
2011-06-25,0.8639403370235553
2011-06-26,0.8487509300134398
2011-06-27,0.7388964642608047
2011-06-28,0.3584654984152607
2011-06-29,0.3379592758681636
2011-06-30,0.3352763328866721
2011-07-01,0.6677378895178347
2011-07-02,0.6204281347559546
2011-07-03,0.5731853140117965
2011-07-04,0.5448215518119799
2011-07-05,0.5025299626487094
2011-07-06,0.4568784619045448
2011-07-07,0.4479696468265369
2011-07-08,0.4330712343011051
2011-07-09,0.3886338284085811
2011-07-10,0.17294559915095195
2011-07-11,0.15315593875211753
2011-07-12,0.14049647881255328
2011-07-13,0.12600580859680405
2011-07-14,0.10598915989085528
2011-07-15,0.08764955641716048
2011-07-16,0.07279973518622984
2011-07-17,0.06158972365350675
2011-07-18,0.053680236699924784
2011-07-19,0.04795894089312327
2011-07-20,0.043112486955972674
2011-07-21,0.038745113140336296
2011-07-22,0.034796163783374065
2011-07-23,0.03126949945983348
2011-07-24,0.028274972130880757
2011-07-25,0.025848141813553105
2011-07-26,0.023931524912291422
2011-07-27,0.022473283815592878
2011-07-28,0.021412029701062454
2011-07-29,0.02064897661063807
2011-07-30,0.020142671451753223
2011-07-31,0.019865647404048187
2011-08-01,0.022268168921628292
2011-08-02,0.022076233672599158
2011-08-03,0.021902846301977762
2011-08-04,0.0217142390310347
2011-08-05,0.02153330476578233
2011-08-06,0.021348193559072057
2011-08-07,0.021155321908610667
2011-08-08,0.04608618535225077
2011-08-09,0.020805741195965226
2011-08-10,0.02065247212402359
2011-08-11,0.020511888686337052
2011-08-12,0.02037697767591872
2011-08-13,0.020233605863870612
2011-08-14,0.020080596025700236
2011-08-15,0.01992574134029359
2011-08-16,0.01977544472803442
2011-08-17,0.019633530100395025
2011-08-18,0.0195065584717896
2011-08-19,0.019400224635782812
2011-08-20,0.01930528793288791
2011-08-21,0.027031996065487566
2011-08-22,0.01913227362004974
2011-08-23,0.021457185014699048
2011-08-24,0.019231668539002253
2011-08-25,0.029323522741557657
2011-08-26,0.018877585239051725
2011-08-27,0.018813264896640616
2011-08-28,0.01875158232672436
2011-08-29,0.01869543185622679
2011-08-30,0.018638187418190132
2011-08-31,0.01858009559670974
2011-09-01,0.014429116747759737
2011-09-02,0.014392731590621051
2011-09-03,0.014356466900025525
2011-09-04,0.014322289222086686
2011-09-05,0.014293436933152916
2011-09-06,0.01426743388982229
2011-09-07,0.014241277346900545
2011-09-08,0.014215307123063693
2011-09-09,0.014190007252958757
2011-09-10,0.014165760125402814
2011-09-11,0.014142598377271057
2011-09-12,0.01412077296472805
2011-09-13,0.014100760724444756
2011-09-14,0.014083957927902215
2011-09-15,0.01407042511972252
2011-09-16,0.014059462095482573
2011-09-17,0.014047913373803107
2011-09-18,0.014034901690848069
2011-09-19,0.014022440407012927
2011-09-20,0.014011152945988838
2011-09-21,0.014000352245920224
2011-09-22,0.0139898226240144
2011-09-23,0.013981334095615047
2011-09-24,0.030223455739477
2011-09-25,0.35723545512795446
2011-09-26,1.5247929561081668
2011-09-27,1.250831099523456
2011-09-28,1.5674924578588965
2011-09-29,0.8664963456707973
2011-09-30,0.12332786989771902
2011-10-01,0.12296050418241275
2011-10-02,0.1228431569161928
2011-10-03,0.105722672962428
2011-10-04,0.06541866343025317
2011-10-05,0.24167835512148442
2011-10-06,0.2195205786365429
2011-10-07,0.03154236232436199
2011-10-08,0.021965457369364505
2011-10-09,0.020225760379906376
2011-10-10,0.02016174636875955
2011-10-11,0.020073723250632107
2011-10-12,0.01994985572802143
2011-10-13,0.01978118987441187
2011-10-14,0.019602530103963026
2011-10-15,0.019426015548239185
2011-10-16,0.01925006075171116
2011-10-17,0.01908895392209549
2011-10-18,0.018946677921541144
2011-10-19,0.018804929297826962
2011-10-20,0.01867863497796026
2011-10-21,0.021944083113318212
2011-10-22,0.3883748144600472
2011-10-23,0.03202985800130766
2011-10-24,0.07120505497380063
2011-10-25,0.033372228082512355
2011-10-26,0.01846234839493411
2011-10-27,0.01837641152093432
2011-10-28,0.018335643761825192
2011-10-29,0.018324484928188098
2011-10-30,0.0182995852590883
2011-10-31,0.018259985422301558
2011-11-01,0.016514124766086043
2011-11-02,0.014309528812741557
2011-11-03,0.014257829237921281
2011-11-04,0.014227065149505034
2011-11-05,0.028545154644125322
2011-11-06,0.034676713451861685
2011-11-07,0.017575212999413035
2011-11-08,0.014173905259484351
2011-11-09,0.014140992456852883
2011-11-10,0.01409844111909964
2011-11-11,0.01404574974226682
2011-11-12,0.013994947712330955
2011-11-13,0.013941315073820506
2011-11-14,0.013901148297436177
2011-11-15,0.013886728212309983
2011-11-16,0.013886718650373773
2011-11-17,0.013891693066034373
2011-11-18,0.013895145977534438
2011-11-19,0.013896330852633578
2011-11-20,0.020258039781472666
2011-11-21,0.021057584511630645
2011-11-22,0.014104527245646625
2011-11-23,0.013880786595298993
2011-11-24,0.013882338762050219
2011-11-25,0.018241164134906663
2011-11-26,0.015021535137204816
2011-11-27,0.013881023022949229
2011-11-28,0.013883331321029578
2011-11-29,0.013883665196215728
2011-11-30,0.013881626832035318
2011-12-01,0.01348564750358665
2011-12-02,0.01347610528757834
2011-12-03,0.013471634932460352
2011-12-04,0.013473011063544281
2011-12-05,0.013472885613185683
2011-12-06,0.013471230784768013
2011-12-07,0.013469534745866207
2011-12-08,0.013467293042661964
2011-12-09,0.013464995081249348
2011-12-10,0.013462893581251478
2011-12-11,0.01346001627794109
2011-12-12,0.013455786821814001
2011-12-13,0.01344844707540126
2011-12-14,0.013439121980211159
2011-12-15,0.013433402348039693
2011-12-16,0.013430561558253267
2011-12-17,0.19841396691662933
2011-12-18,1.0399553224759814
2011-12-19,1.6083661266831772
2011-12-20,1.26573561924319
2011-12-21,1.195397733132838
2011-12-22,0.27972961008128844
2011-12-23,0.09768429508485485
2011-12-24,0.041876349592025776
2011-12-25,0.023831129094530952
2011-12-26,0.020712486852717094
2011-12-27,0.020580513851627052
2011-12-28,0.020675173157383795
2011-12-29,0.1627176258112124
2011-12-30,0.551216576843359
2011-12-31,0.025903056956024222
2012-01-01,0.014276182352651367
2012-01-02,0.018517162278585342
2012-01-03,0.01673417593508331
2012-01-04,0.014121003436591277
2012-01-05,0.016340946342741594
2012-01-06,0.014198221238056703
2012-01-07,0.014217649802919419
2012-01-08,0.014231399697218563
2012-01-09,0.24014675969249127
2012-01-10,1.0966637628458957
2012-01-11,1.1815618530670013
2012-01-12,1.3473589152685594
2012-01-13,0.5886556644405597
2012-01-14,0.04786834330752351
2012-01-15,0.16231231298652365
2012-01-16,0.055646273334387424
2012-01-17,0.065829908677722
2012-01-18,0.11881108237865848
2012-01-19,0.05430326071583716
2012-01-20,0.05861916379131927
2012-01-21,0.06182442081387766
2012-01-22,0.06408749801541824
2012-01-23,0.06501500245922845
2012-01-24,0.06484123706104657
2012-01-25,0.06425621593131031
2012-01-26,0.06313564916940763
2012-01-27,0.06216803270369298
2012-01-28,0.05980612446066836
2012-01-29,0.06033329096404985
2012-01-30,0.06877944935409104
2012-01-31,0.059706948082586316
2012-02-01,0.05438348280059371
2012-02-02,0.10139140974307106
2012-02-03,0.08744955740145909
2012-02-04,0.047722103417360766
2012-02-05,0.04420297059574744
2012-02-06,0.04400544077238946
2012-02-07,0.04401673139633982
2012-02-08,0.05184840229607756
2012-02-09,0.05115593373918618
2012-02-10,0.08669599245097229
2012-02-11,0.37321048551538194
2012-02-12,0.7845399935446316
2012-02-13,1.9483976195029298
2012-02-14,0.5354465800526358
2012-02-15,0.4850317876932547
2012-02-16,0.9245515388317893
2012-02-17,1.4075864326740901
2012-02-18,1.4981396298321572
2012-02-19,1.5918683165936238
2012-02-20,1.3268421515330726
2012-02-21,1.2313668519549332
2012-02-22,1.1814716673039398
2012-02-23,1.2931750195967435
2012-02-24,1.4059812764004997
2012-02-25,1.203111879049227
2012-02-26,1.1588209476452034
2012-02-27,1.1878935567756166
2012-02-28,1.1736176032063441
2012-02-29,1.145592988367809
2012-03-01,1.291748763314569
2012-03-02,1.2382602618186838
2012-03-03,1.171301885660926
2012-03-04,1.0983601457236916
2012-03-05,1.0424451510802197
2012-03-06,0.9667362291632757
2012-03-07,0.9082685608519824
2012-03-08,0.8245958871545926
2012-03-09,0.75776542382567
2012-03-10,0.740449661174226
2012-03-11,0.7461820259214264
2012-03-12,0.7203608385846054
2012-03-13,0.6652493644590952
2012-03-14,0.6055641460380827
2012-03-15,0.6011039712119
2012-03-16,0.6017384645530217
2012-03-17,0.6297702404627171
2012-03-18,0.6640195596505281
2012-03-19,0.7076893632064739
2012-03-20,0.8146584829835033
2012-03-21,0.8468933347793431
2012-03-22,0.8450115826707545
2012-03-23,0.6673104466829681
2012-03-24,0.6217265507224959
2012-03-25,0.6691739618481244
2012-03-26,0.7068557319731675
2012-03-27,0.6900878603321527
2012-03-28,0.5884632660961083
2012-03-29,0.5756038094291113
2012-03-30,0.5822154943946027
2012-03-31,0.6167547138075137
2012-04-01,0.5690957586557861
2012-04-02,0.5590775633943291
2012-04-03,0.5373672417275637
2012-04-04,0.5490703000562988
2012-04-05,0.5973052593272667
2012-04-06,0.6340064898188379
2012-04-07,0.6457346807002505
2012-04-08,0.6734645304919944
2012-04-09,0.6807661168171018
2012-04-10,0.7510323658583247
2012-04-11,0.6880884862852962
2012-04-12,0.5865597046571566
2012-04-13,0.5514777347872485
2012-04-14,0.563004422483548
2012-04-15,0.5313499797384476
2012-04-16,0.518086427767156
2012-04-17,0.6176687115352115
2012-04-18,0.4623571647863339
2012-04-19,0.4762039252089062
2012-04-20,0.5454148546344857
2012-04-21,0.6149428228700197
2012-04-22,0.6113762949438104
2012-04-23,0.6134198100160121
2012-04-24,0.5768719544189794
2012-04-25,0.6474359867249673
2012-04-26,0.7869807260764242
2012-04-27,0.9521386950903207
2012-04-28,0.892025763509065
2012-04-29,0.8347709430314197
2012-04-30,0.7701484862405351
2012-05-01,0.6740369589891958
2012-05-02,0.5297086876612185
2012-05-03,0.5156921268887518
2012-05-04,0.46925885674246115
2012-05-05,0.5290892645165655
2012-05-06,0.6789391603411435
2012-05-07,0.4763604536586538
2012-05-08,0.40389058497541047
2012-05-09,0.3770741757087193
2012-05-10,0.35441178755772124
2012-05-11,0.34100966824333634
2012-05-12,0.32857870670634187
2012-05-13,0.33014309184364526
2012-05-14,0.3163861953359704
2012-05-15,0.29120684049756923
2012-05-16,0.2739552493435992
2012-05-17,0.17810474893071063
2012-05-18,0.14792945584206674
2012-05-19,0.13463762276662242
2012-05-20,0.122026832154375
2012-05-21,0.1953805883168402
2012-05-22,0.12268801549110096
2012-05-23,0.1408431951130087
2012-05-24,0.11532227990324921
2012-05-25,0.10052092351937665
2012-05-26,0.08742158528896368
2012-05-27,0.0782337973164813
2012-05-28,0.06961397770520468
2012-05-29,0.059176536932009416
2012-05-30,0.051837001096440044
2012-05-31,0.04553866420887543
2012-06-01,0.04180315969359455
2012-06-02,0.0364183713716076
2012-06-03,0.03190519918637102
2012-06-04,0.028288153554043995
2012-06-05,0.025537365420067154
2012-06-06,0.088874035836859
2012-06-07,0.02843721301899943
2012-06-08,0.025179612103422924
2012-06-09,0.022014113554890868
2012-06-10,0.0210011383057195
2012-06-11,0.019683614767032894
2012-06-12,0.018606234537810056
2012-06-13,0.017804594920159844
2012-06-14,0.017069805861349076
2012-06-15,0.016237984573923524
2012-06-16,0.015426920446293084
2012-06-17,0.014644500723843669
2012-06-18,0.013935038961137874
2012-06-19,0.013350557813208885
2012-06-20,0.012908142304830374
2012-06-21,0.012586211673186647
2012-06-22,0.01231952987100413
2012-06-23,0.012075624839573973
2012-06-24,0.011841587000998646
2012-06-25,0.01164137044148234
2012-06-26,0.011466555978334464
2012-06-27,0.011289335217193615
2012-06-28,0.011249910597378872
2012-06-29,0.010968069430393515
2012-06-30,0.010817730035431143
2012-07-01,0.021845025146352358
2012-07-02,0.021481794092126763
2012-07-03,0.021137692420607042
2012-07-04,0.020828563603909004
2012-07-05,0.020536044400907193
2012-07-06,0.020257364075805074
2012-07-07,0.020001360411696156
2012-07-08,0.019757775065862904
2012-07-09,0.019528414545796388
2012-07-10,0.01931061484295513
2012-07-11,0.019128550450103164
2012-07-12,0.018963662496244645
2012-07-13,0.018775069047542302
2012-07-14,0.018586738279798936
2012-07-15,0.018414449177223402
2012-07-16,0.018245822369244536
2012-07-17,0.018074820398278985
2012-07-18,0.017905516399975105
2012-07-19,0.01773518816480743
2012-07-20,0.017559039860698608
2012-07-21,0.01739678557345471
2012-07-22,0.017254811611379175
2012-07-23,0.017125096964298078
2012-07-24,0.01762944353843282
2012-07-25,0.032870864128577384
2012-07-26,0.017902334601423164
2012-07-27,0.016790678768862984
2012-07-28,0.01669274862757047
2012-07-29,0.01659652832129357
2012-07-30,0.016507149304048535
2012-07-31,0.016423272989411528
2012-08-01,0.018517339222877464
2012-08-02,0.018440434409015865
2012-08-03,0.0183756715419613
2012-08-04,0.018320264746022396
2012-08-05,0.018268265811278564
2012-08-06,0.018221176913567786
2012-08-07,0.018180752878825777
2012-08-08,0.018146802988083657
2012-08-09,0.018119004076225242
2012-08-10,0.01809480360357945
2012-08-11,0.018071671837563735
2012-08-12,0.018051644748013632
2012-08-13,0.01803431592695405
2012-08-14,0.01801844253867122
2012-08-15,0.018003786452260903
2012-08-16,0.01799058806793225
2012-08-17,0.017979381560248878
2012-08-18,0.01797010471490014
2012-08-19,0.01796173731482276
2012-08-20,0.017953776710975637
2012-08-21,0.01794640754735657
2012-08-22,0.01793957934699478
2012-08-23,0.01793305645074677
2012-08-24,0.01792696040415415
2012-08-25,0.01792300909000208
2012-08-26,0.017915995739501426
2012-08-27,0.01791080370005063
2012-08-28,0.017905692643123194
2012-08-29,0.017900689318579528
2012-08-30,0.01789743447591281
2012-08-31,0.13417513668087583
2012-09-01,0.2700954376186052
2012-09-02,0.07691336406774657
2012-09-03,0.013923031166720065
2012-09-04,0.013919500512460686
2012-09-05,0.013915957289436837
2012-09-06,0.013912449849720603
2012-09-07,0.013909062884530378
2012-09-08,0.013905754084182556
2012-09-09,0.013902440279280797
2012-09-10,0.01389912741741076
2012-09-11,0.01389582400481669
2012-09-12,0.013892523904308902
2012-09-13,0.013889218784278724
2012-09-14,0.013885910631578824
2012-09-15,0.013882600071903225
2012-09-16,0.013879288027327248
2012-09-17,0.013875974569700527
2012-09-18,0.013872660105175806
2012-09-19,0.013869344931131953
2012-09-20,0.013866029214221434
2012-09-21,0.013862713608079261
2012-09-22,0.013859398085762708
2012-09-23,0.013856083156208563
2012-09-24,0.01385276766682303
2012-09-25,0.013849452649452011
2012-09-26,0.01384613768297491
2012-09-27,0.01384282291408546
2012-09-28,0.013839508344779483
2012-09-29,0.013836194230523475
2012-09-30,0.01383288061323024
2012-10-01,0.013665309120456624
2012-10-02,0.013662035914088707
2012-10-03,0.01365876311496503
2012-10-04,0.0466813165924237
2012-10-05,0.01365221954998313
2012-10-06,0.013648948809762298
2012-10-07,0.013645678566517891
2012-10-08,0.013642409483871118
2012-10-09,0.013639140768040648
2012-10-10,0.013635873007706389
2012-10-11,0.013632605719697002
2012-10-12,0.013629339323089979
2012-10-13,0.013626073659128775
2012-10-14,0.013622809038423814
2012-10-15,0.013619544877224894
2012-10-16,0.015468725696026954
2012-10-17,0.01465193437016262
2012-10-18,0.021882809558634246
2012-10-19,0.016164973693068452
2012-10-20,0.013603235827090006
2012-10-21,0.013599976409846897
2012-10-22,0.013596717667071918
2012-10-23,0.013593459521852123
2012-10-24,0.013590202359738441
2012-10-25,0.013586945864204218
2012-10-26,0.01358369033994363
2012-10-27,0.013580435347171776
2012-10-28,0.013577181268481424
2012-10-29,0.013573927899757674
2012-10-30,0.013570675439199265
2012-10-31,0.013567423466742713
2012-11-01,0.010646975166129419
2012-11-02,0.010644423828158188
2012-11-03,0.01160448847397211
2012-11-04,0.019925281281436273
2012-11-05,0.010636773745365877
2012-11-06,0.010634225076129947
2012-11-07,0.010631676704882085
2012-11-08,0.010629129098341527
2012-11-09,0.010626582148922564
2012-11-10,0.4056218661609099
2012-11-11,0.24004571049958007
2012-11-12,0.029859911826855927
2012-11-13,0.011257654688936641
2012-11-14,0.12707974511507406
2012-11-15,0.7315850841884978
2012-11-16,2.405411514219226
2012-11-17,1.0335045205873672
2012-11-18,0.06123446733902915
2012-11-19,0.027441059117927446
2012-11-20,0.015324380446570734
2012-11-21,0.015503358876112858
2012-11-22,0.015619181737483846
2012-11-23,0.015689539827307204
2012-11-24,0.015735222737000037
2012-11-25,0.015769593170616582
2012-11-26,0.015792992319144904
2012-11-27,0.022407749926972878
2012-11-28,0.027184339475206678
2012-11-29,0.02173724687964053
2012-11-30,0.026233535630894023
2012-12-01,0.0219404898751841
2012-12-02,0.019683425162043678
2012-12-03,0.06945375372197833
2012-12-04,0.23097414484167758
2012-12-05,0.02981315713124039
2012-12-06,0.016723990233598725
2012-12-07,0.14430901607516536
2012-12-08,0.1212051206130316
2012-12-09,0.025964033280516118
2012-12-10,0.015964827854804037
2012-12-11,0.04343310990830805
2012-12-12,0.0170302688406229
2012-12-13,0.01731752188560144
2012-12-14,0.016243729370688728
2012-12-15,0.01627005909388159
2012-12-16,0.016285439199541337
2012-12-17,0.017090353248193673
2012-12-18,0.01628595317967365
2012-12-19,0.3824318042372304
2012-12-20,1.7639346662636057
2012-12-21,2.785679343053162
2012-12-22,0.20849842961272771
2012-12-23,0.03459635121717896
2012-12-24,0.08777043274909999
2012-12-25,0.030561847690092916
2012-12-26,0.036654682274271655
2012-12-27,0.2582257133795818
2012-12-28,1.5207657330182256
2012-12-29,7.766898332580135
2012-12-30,4.105141764749208
2012-12-31,0.4628682526138776
2013-01-01,0.1533857375629587
2013-01-02,0.17099084011163068
2013-01-03,0.18324789482798293
2013-01-04,0.18846771575055757
2013-01-05,0.18989838727704117
2013-01-06,0.18916631003154213
2013-01-07,0.18692354486672988
2013-01-08,0.18381289848923205
2013-01-09,0.1803053668872237
2013-01-10,0.17608817660135673
2013-01-11,0.1715338808864948
2013-01-12,0.16672711263489792
2013-01-13,0.16091419059571163
2013-01-14,0.1567904717201982
2013-01-15,0.6120407960968682
2013-01-16,1.2194377375133147
2013-01-17,5.328402712918771
2013-01-18,1.8452703325920248
2013-01-19,1.1989672213268303
2013-01-20,1.199911107500617
2013-01-21,1.63919027179459
2013-01-22,12.110110125404661
2013-01-23,5.552641597413117
2013-01-24,1.4640659595624383
2013-01-25,1.430120986885302
2013-01-26,1.4292734674376188
2013-01-27,1.4452811704818664
2013-01-28,1.4330553531262589
2013-01-29,1.4128481489252862
2013-01-30,1.3535442087197702
2013-01-31,1.2573070369857275
2013-02-01,1.033834198847449
2013-02-02,0.937651133121817
2013-02-03,0.8693480855991889
2013-02-04,0.8139575042822832
2013-02-05,0.7994883846965157
2013-02-06,0.7401477706885751
2013-02-07,0.7271132860448419
2013-02-08,0.9340230137064538
2013-02-09,1.1784650813514748
2013-02-10,1.1664903492253902
2013-02-11,1.236160637714546
2013-02-12,1.0640070022420252
2013-02-13,1.0925441391222923
2013-02-14,1.0734287107859137
2013-02-15,0.9605156472836784
2013-02-16,0.9230264310106512
2013-02-17,0.9124929591106149
2013-02-18,0.9046094880684269
2013-02-19,0.8649243366990768
2013-02-20,0.7888714430378264
2013-02-21,0.7782987012505628
2013-02-22,0.7459682223534233
2013-02-23,0.6876606155683175
2013-02-24,0.6603865978543532
2013-02-25,0.6103746473480653
2013-02-26,0.5746682144012683
2013-02-27,0.5738892235201751
2013-02-28,0.5077396356240107
2013-03-01,0.5874378816034209
2013-03-02,0.6643804564113659
2013-03-03,0.734987776684534
2013-03-04,0.7788743917494481
2013-03-05,0.8977681586614839
2013-03-06,0.9823185019018685
2013-03-07,1.0360315735269638
2013-03-08,1.1129300572598324
2013-03-09,1.1947870980870394
2013-03-10,1.2549760846494682
2013-03-11,1.2645510850915804
2013-03-12,1.4744955993502722
2013-03-13,1.0399352119170278
2013-03-14,0.9911062876622457
2013-03-15,0.9518764011051541
2013-03-16,0.9227738267058759
2013-03-17,0.8957752813495037
2013-03-18,0.8600916491479844
2013-03-19,0.8570741804647062
2013-03-20,0.8375232884283087
2013-03-21,0.8186380668398072
2013-03-22,0.7350954801134997
2013-03-23,0.7069998923596271
2013-03-24,0.6463824033380884
2013-03-25,0.6651615905489806
2013-03-26,0.5981536784745942
2013-03-27,0.5906957572114918
2013-03-28,0.5739515510402137
2013-03-29,0.5632953425741886
2013-03-30,0.5878730074066152
2013-03-31,0.5751974425760024
2013-04-01,0.5086136555356336
2013-04-02,0.5364447228138617
2013-04-03,0.5050668245577817
2013-04-04,0.47658459607851283
2013-04-05,0.458769405756662
2013-04-06,0.4212025533643841
2013-04-07,0.41615159457654377
2013-04-08,0.4366809634795753
2013-04-09,0.49678636064893755
2013-04-10,0.5454804131941091
2013-04-11,0.5283180483609946
2013-04-12,0.505264886502757
2013-04-13,0.43996425667434863
2013-04-14,0.392536979821264
2013-04-15,0.4077051168116949
2013-04-16,0.4300037772491102
2013-04-17,0.47664357620780023
2013-04-18,0.5151048768715211
2013-04-19,0.5907901257876759
2013-04-20,0.66574815413637
2013-04-21,0.7780888557225208
2013-04-22,0.8538913164531764
2013-04-23,0.9192261204827165
2013-04-24,0.9830507875044971
2013-04-25,1.2444595773456875
2013-04-26,1.3555214813735426
2013-04-27,1.418616074041459
2013-04-28,0.8882298870381159
2013-04-29,0.7027295050041984
2013-04-30,0.6318728862058867
2013-05-01,0.7584665854198444
2013-05-02,0.7942976931773709
2013-05-03,0.8128142907764108
2013-05-04,0.6788199561974245
2013-05-05,0.6995567592111828
2013-05-06,0.7339263475911262
2013-05-07,0.6742137473424407
2013-05-08,0.6368331348710373
2013-05-09,0.6941000920874557
2013-05-10,0.7711341769838365
2013-05-11,0.8265220810637304
2013-05-12,0.7425774391686562
2013-05-13,0.8536851622397292
2013-05-14,1.0214759644548421
2013-05-15,1.4359269224754865
2013-05-16,1.6881633181513327
2013-05-17,1.7952053817852318
2013-05-18,2.0390772401168547
2013-05-19,2.1570857468347424
2013-05-20,2.1172578464159715
2013-05-21,1.8838940971719458
2013-05-22,1.1887093019911623
2013-05-23,0.8706006352273594
2013-05-24,0.9510441639811689
2013-05-25,1.0098440676359453
2013-05-26,0.9800243325999562
2013-05-27,0.6827649305943189
2013-05-28,0.7143379398720949
2013-05-29,0.6685377154239499
2013-05-30,0.7115485420629453
2013-05-31,0.8044103916784752
2013-06-01,0.95107631595427
2013-06-02,1.4003425121216284
2013-06-03,1.964914070129793
2013-06-04,2.3302023142605552
2013-06-05,2.068174623409975
2013-06-06,2.058565478580668
2013-06-07,1.9674900943400304
2013-06-08,1.9717125974075262
2013-06-09,2.0468289409779166
2013-06-10,1.7737538060115075
2013-06-11,1.190973801593226
2013-06-12,0.9705254684114968
2013-06-13,0.974875138287169
2013-06-14,0.7401162303788308
2013-06-15,0.8052199802026492
2013-06-16,0.8065040509288554
2013-06-17,0.8845964085468039
2013-06-18,0.8503903315130613
2013-06-19,0.8381566386832556
2013-06-20,0.8137867339809951
2013-06-21,0.7211011831040778
2013-06-22,0.7545234866203397
2013-06-23,0.702677469707451
2013-06-24,0.41578045730022356
2013-06-25,0.38477067150037736
2013-06-26,0.3307898497188793
2013-06-27,0.3698230367665639
2013-06-28,0.30315494328374243
2013-06-29,0.28490026330462176
2013-06-30,0.26198622454371495
2013-07-01,0.4802925699202461
2013-07-02,0.4298545470617445
2013-07-03,0.38340520065816885
2013-07-04,0.4228588293469978
2013-07-05,0.4126780896451001
2013-07-06,0.407458389519246
2013-07-07,0.2311528170425236
2013-07-08,0.16608563011123575
2013-07-09,0.14916232144735372
2013-07-10,0.13872107203820067
2013-07-11,0.1260210080755385
2013-07-12,0.1089456490634138
2013-07-13,0.09204642327040387
2013-07-14,0.0771776784092876
2013-07-15,0.06540806929311295
2013-07-16,0.056374705640846075
2013-07-17,0.049281690142066605
2013-07-18,0.0436006730321329
2013-07-19,0.03883013970856669
2013-07-20,0.03483083388403904
2013-07-21,0.03157499917661837
2013-07-22,0.02898425413089248
2013-07-23,0.026983303470624845
2013-07-24,0.025378108481962463
2013-07-25,0.023952085419549025
2013-07-26,0.022716544966348926
2013-07-27,0.021707828877257192
2013-07-28,0.02093404954567205
2013-07-29,0.020413366377497657
2013-07-30,0.025513663186509605
2013-07-31,0.02062101639574676
2013-08-01,0.022488086674510098
2013-08-02,0.02732476135654694
2013-08-03,0.022042040715119265
2013-08-04,0.021853092760181714
2013-08-05,0.02165404124749738
2013-08-06,0.02145559819290333
2013-08-07,0.02127700543224672
2013-08-08,0.021103619450629132
2013-08-09,0.02092628467787521
2013-08-10,0.02075764905676881
2013-08-11,0.02059908760392932
2013-08-12,0.02045761206430124
2013-08-13,0.02033729520788287
2013-08-14,0.020222923287487423
2013-08-15,0.02009790580305321
2013-08-16,0.0199657277746937
2013-08-17,0.019844360501907313
2013-08-18,0.019732547585688827
2013-08-19,0.04027596179588039
2013-08-20,0.019538794536561363
2013-08-21,0.0194751149888696
2013-08-22,0.019389015762692342
2013-08-23,0.019306506093277737
2013-08-24,0.01922976102000629
2013-08-25,0.019158332774873072
2013-08-26,0.019090361194437515
2013-08-27,0.019030702845484082
2013-08-28,0.018980373412873754
2013-08-29,0.018931032132346943
2013-08-30,0.018882144688389467
2013-08-31,0.018832976964174127
2013-09-01,0.01462652022097276
2013-09-02,0.01458392496154295
2013-09-03,0.014538374381925446
2013-09-04,0.014490411161354093
2013-09-05,0.014442515636477618
2013-09-06,0.014396654999061705
2013-09-07,0.01435306846677365
2013-09-08,0.014313003289156485
2013-09-09,0.014278926034598082
2013-09-10,0.014250287323849767
2013-09-11,0.014224816757049924
2013-09-12,0.01420284879905063
2013-09-13,0.04630327952712326
2013-09-14,0.02296535306166331
2013-09-15,0.025015708036099437
2013-09-16,0.05671894605967878
2013-09-17,0.05637680673804602
2013-09-18,0.06518349726908347
2013-09-19,0.0785603284289446
2013-09-20,0.04100693635423872
2013-09-21,0.07193922054573125
2013-09-22,0.015103812585772659
2013-09-23,0.014182814896983047
2013-09-24,0.014147975508271836
2013-09-25,0.014140578485509057
2013-09-26,0.01413076438305766
2013-09-27,0.014119905309834731
2013-09-28,0.014107860065575902
2013-09-29,0.014095280216229321
2013-09-30,0.01408264223622247
2013-10-01,0.013903973343195495
2013-10-02,0.013893812544812026
2013-10-03,0.013883822504192274
2013-10-04,0.013873603566463777
2013-10-05,0.013862524637571726
2013-10-06,0.013850861949661739
2013-10-07,0.013839038508598012
2013-10-08,0.013828021345795622
2013-10-09,0.013818967663085597
2013-10-10,0.013811319865682842
2013-10-11,0.013804089415120286
2013-10-12,0.01379704437129473
2013-10-13,0.01378923840126847
2013-10-14,0.013781432372078592
2013-10-15,0.01377477172969436
2013-10-16,0.013768156699692738
2013-10-17,0.013761116911590597
2013-10-18,0.013754086816501672
2013-10-19,0.013746740745940187
2013-10-20,0.013739922524543731
2013-10-21,0.01373384911409672
2013-10-22,0.01372741502395997
2013-10-23,0.01372055850875114
2013-10-24,0.013868565041484348
2013-10-25,0.013709415296346627
2013-10-26,0.015465234472785047
2013-10-27,0.014119882449910357
2013-10-28,0.017622506287542583
2013-10-29,0.013691573850810039
2013-10-30,0.013687441564401735
2013-10-31,0.01368351378282672
2013-11-01,0.010737544593281098
2013-11-02,0.010734335912076077
2013-11-03,0.01073097946281574
2013-11-04,0.010727455319768965
2013-11-05,0.010723897775736029
2013-11-06,0.01072061038851382
2013-11-07,0.01920314822751441
2013-11-08,0.020878468635258236
2013-11-09,0.010770807699145296
2013-11-10,0.010709130411375724
2013-11-11,0.01070611388452541
2013-11-12,0.010703099653344605
2013-11-13,0.01070019535656338
2013-11-14,0.01069734690120911
2013-11-15,0.010694482903258187
2013-11-16,0.01069159854768768
2013-11-17,0.010688720993211975
2013-11-18,0.010685910208975084
2013-11-19,0.010683162996054596
2013-11-20,0.010680421678655128
2013-11-21,0.010677688266067863
2013-11-22,0.010674987712670335
2013-11-23,0.010672325369090642
2013-11-24,0.010669661886190005
2013-11-25,0.010666970590548242
2013-11-26,0.010664273663317757
2013-11-27,0.19321296887614753
2013-11-28,0.34577037990965753
2013-11-29,0.18551885046647126
2013-11-30,0.025515386275761623
2013-12-01,0.21113533370590387
2013-12-02,0.6856374185405297
2013-12-03,1.196301545802193
2013-12-04,0.4125533045963811
2013-12-05,0.7292189599547627
2013-12-06,0.32494105759740105
2013-12-07,0.037841287990252145
2013-12-08,0.03793179348771932
2013-12-09,0.060097872476712506
2013-12-10,0.09194058662544895
2013-12-11,0.07667565601086841
2013-12-12,0.039692673158214044
2013-12-13,0.02860246257683829
2013-12-14,0.036864174325007285
2013-12-15,0.03758171307966249
2013-12-16,0.03980531068815877
2013-12-17,0.021796797541844163
2013-12-18,0.01618979014709767
2013-12-19,0.025391495233400056
2013-12-20,0.056539136810608764
2013-12-21,0.01767634429028527
2013-12-22,0.016350526802417355
2013-12-23,0.017838772264979683
2013-12-24,0.10126546267877452
2013-12-25,0.10446683110417528
2013-12-26,0.6929361209056673
2013-12-27,0.20413992708474682
2013-12-28,0.021511775960636515
2013-12-29,0.017631325240894082
2013-12-30,0.019538270172453253
2013-12-31,0.017890175012754098
2014-01-01,0.011579242924955751
2014-01-02,0.011610131339831532
2014-01-03,0.011632165006579116
2014-01-04,0.34061993482811015
2014-01-05,0.32758614995411894
2014-01-06,0.5688937530797463
2014-01-07,0.8720609763075897
2014-01-08,0.22871824272160332
2014-01-09,0.2593198194439533
2014-01-10,0.26125357360606416
2014-01-11,0.15332426478837505
2014-01-12,0.40977944041340997
2014-01-13,1.427592820450654
2014-01-14,1.2918666118936752
2014-01-15,1.2599908678045988
2014-01-16,0.4367283045144454
2014-01-17,0.49988071107306814
2014-01-18,0.5311458078829742
2014-01-19,0.5374741847062224
2014-01-20,0.546338412135165
2014-01-21,0.510657871111048
2014-01-22,0.6260375504475985
2014-01-23,0.5005248669832639
2014-01-24,0.7482280849869837
2014-01-25,0.9717227664603524
2014-01-26,0.7677136398993719
2014-01-27,0.8541828391421282
2014-01-28,0.8484794362205313
2014-01-29,1.0245595782079067
2014-01-30,0.8637164976648118
2014-01-31,0.8436454304165659
2014-02-01,0.7298466274571475
2014-02-02,0.7128035453840055
2014-02-03,0.6847772485094048
2014-02-04,0.6403527650376127
2014-02-05,0.6863113093574791
2014-02-06,1.4072479850590214
2014-02-07,1.7841685733684756
2014-02-08,1.3350408312953665
2014-02-09,1.6548050960837424
2014-02-10,10.613481429488719
2014-02-11,9.162632436081667
2014-02-12,3.703881983844614
2014-02-13,1.6351499116076313
2014-02-14,1.3381504422673507
2014-02-15,1.2826064969870257
2014-02-16,1.2860285002447047
2014-02-17,1.3007996294680828
2014-02-18,1.3878248561961382
2014-02-19,1.3831696275713972
2014-02-20,1.2261039389154407
2014-02-21,1.1448486568928105
2014-02-22,1.0578705406955597
2014-02-23,0.9825880539701579
2014-02-24,0.9171228686693444
2014-02-25,0.7943157917925644
2014-02-26,0.7050701103263998
2014-02-27,0.7004602428511824
2014-02-28,0.6711872232261561
2014-03-01,0.7138072562724568
2014-03-02,0.7029386517711146
2014-03-03,0.7651187441974812
2014-03-04,0.823968063689465
2014-03-05,0.8890836420477831
2014-03-06,0.8898792292953045
2014-03-07,0.8779293163729642
2014-03-08,0.8758432086136416
2014-03-09,0.9037033109968465
2014-03-10,0.8604565747157955
2014-03-11,0.8611984521002113
2014-03-12,0.6593632332329428
2014-03-13,0.7375220889899204
2014-03-14,0.7464071700915842
2014-03-15,0.671381200875588
2014-03-16,0.7677932333736589
2014-03-17,0.6824535184243835
2014-03-18,0.6443944685864267
2014-03-19,0.6293849213772779
2014-03-20,0.7291298233546057
2014-03-21,0.8171746089296092
2014-03-22,0.7318110370697548
2014-03-23,0.5995447221372536
2014-03-24,0.6713542877184665
2014-03-25,0.6065619130923734
2014-03-26,0.6461661148063909
2014-03-27,0.6075927527266597
2014-03-28,0.5439059471261408
2014-03-29,0.6300247463000349
2014-03-30,0.9446252546472192
2014-03-31,0.8786312242143179
2014-04-01,0.5759783089028677
2014-04-02,0.6378306637420113
2014-04-03,0.6370249126084886
2014-04-04,0.5805239814900375
2014-04-05,0.5667510814369848
2014-04-06,0.5844308121695221
2014-04-07,0.8221048784057025
2014-04-08,0.7902192926131386
2014-04-09,0.6655423195548015
2014-04-10,0.7099075047464884
2014-04-11,0.7538639868457739
2014-04-12,0.8425970368507584
2014-04-13,0.9352800044310241
2014-04-14,0.9991558121719767
2014-04-15,1.092325752881309
2014-04-16,1.079861998952333
2014-04-17,0.9091152024609687
2014-04-18,0.8331359265894392
2014-04-19,0.7950730375965741
2014-04-20,0.8193097621337828
2014-04-21,0.8224090784433277
2014-04-22,0.8336204018327039
2014-04-23,0.7017262432388197
2014-04-24,0.6733524402132968
2014-04-25,0.6668485639473232
2014-04-26,0.6943413245043205
2014-04-27,0.7321834199399443
2014-04-28,0.7381797845432935
2014-04-29,0.6753078134336293
2014-04-30,0.7095731845272782
2014-05-01,0.7534113038017292
2014-05-02,0.6774751796200624
2014-05-03,0.7669107646415338
2014-05-04,0.6970277704699325
2014-05-05,0.6783480556415032
2014-05-06,0.5992426436959213
2014-05-07,0.6043686293668585
2014-05-08,0.5764791895356465
2014-05-09,0.5921943247410664
2014-05-10,0.6038991310769259
2014-05-11,0.6840742552325572
2014-05-12,0.5898929277106996
2014-05-13,0.6369869333030256
2014-05-14,0.6859459446373292
2014-05-15,0.6622086519687941
2014-05-16,0.6482526949946201
2014-05-17,0.697935814331042
2014-05-18,0.8060189417269713
2014-05-19,0.912649977154561
2014-05-20,1.1644764441879143
2014-05-21,1.2299803124560418
2014-05-22,1.2419030299051557
2014-05-23,1.3292674676419853
2014-05-24,1.3839740235755886
2014-05-25,1.4049230917793618
2014-05-26,1.480409652832393
2014-05-27,1.4268214966151953
2014-05-28,1.4711783579425297
2014-05-29,1.4047132641907132
2014-05-30,1.4654641545457547
2014-05-31,1.3235355131012065
2014-06-01,1.036807658584223
2014-06-02,1.0007655052002453
2014-06-03,0.8962406370214934
2014-06-04,0.8321424446420829
2014-06-05,0.9557804376607277
2014-06-06,0.9790606136513031
2014-06-07,0.8649000370690935
2014-06-08,0.9143169657180884
2014-06-09,0.9456653101994351
2014-06-10,0.8170757180544391
2014-06-11,0.7785762641662171
2014-06-12,0.5543762039130559
2014-06-13,0.43723540751863543
2014-06-14,0.40019323044511873
2014-06-15,0.36778346069067047
2014-06-16,0.3469144694501963
2014-06-17,0.31672151345572247
2014-06-18,0.2997943737436006
2014-06-19,0.28038353494636287
2014-06-20,0.261912532002677
2014-06-21,0.24092384750647428
2014-06-22,0.14639433588265507
2014-06-23,0.11712867525573813
2014-06-24,0.10756180952763467
2014-06-25,0.09457813269461753
2014-06-26,0.08451444934115536
2014-06-27,0.07607337976998868
2014-06-28,0.0676302204047485
2014-06-29,0.05990704784608574
2014-06-30,0.0524696183793765
2014-07-01,0.09386539897207563
2014-07-02,0.08129230012747526
2014-07-03,0.0693181506820177
2014-07-04,0.058638807999104516
2014-07-05,0.049826935095805845
2014-07-06,0.04311466629566245
2014-07-07,0.038248475648604674
2014-07-08,0.08141214089450777
2014-07-09,0.03233901289490274
2014-07-10,0.030626288036835182
2014-07-11,0.028866956106496127
2014-07-12,0.027130388623322312
2014-07-13,0.02568784751933904
2014-07-14,0.024539634644916666
2014-07-15,0.023558223494130365
2014-07-16,0.022723150207313147
2014-07-17,0.022082330982398486
2014-07-18,0.021610284765273848
2014-07-19,0.02129685866227967
2014-07-20,0.02105289287161776
2014-07-21,0.02081538394690899
2014-07-22,0.020569048219166285
2014-07-23,0.020332141644605128
2014-07-24,0.02011288730289771
2014-07-25,0.019899110013874878
2014-07-26,0.01967618367684127
2014-07-27,0.019442868198996873
2014-07-28,0.01921472738277878
2014-07-29,0.018996364714118634
2014-07-30,0.01878475062442827
2014-07-31,0.01857895707310563
2014-08-01,0.020824753990940234
2014-08-02,0.020616891587383047
2014-08-03,0.02041862473769023
2014-08-04,0.02023436732255021
2014-08-05,0.020065521726061634
2014-08-06,0.019905337828085474
2014-08-07,0.019749897173896823
2014-08-08,0.019604687870952604
2014-08-09,0.019473002924933376
2014-08-10,0.019349683505629833
2014-08-11,0.01923387506033904
2014-08-12,0.019130651149285614
2014-08-13,0.019037569187076882
2014-08-14,0.01894852411140845
2014-08-15,0.018863151379193237
2014-08-16,0.018782358450863214
2014-08-17,0.018710754700456137
2014-08-18,0.018647771517896344
2014-08-19,0.018586429151461144
2014-08-20,0.01852405004599082
2014-08-21,0.01846437504052156
2014-08-22,0.01841342362368918
2014-08-23,0.01837072935794157
2014-08-24,0.01833022359748198
2014-08-25,0.018289483279856036
2014-08-26,0.01824870361394969
2014-08-27,0.018209351927488463
2014-08-28,0.018173099807393445
2014-08-29,0.018140757465872882
2014-08-30,0.01811243322474043
2014-08-31,0.018086469329454482
2014-09-01,0.014067612643368586
2014-09-02,0.014052589376310232
2014-09-03,0.014039461021890385
2014-09-04,0.014028151405113246
2014-09-05,0.014017949452244854
2014-09-06,0.014008505136915312
2014-09-07,0.01399963935198554
2014-09-08,0.013991269970882734
2014-09-09,0.013983275327568307
2014-09-10,0.013975787594151074
2014-09-11,0.09116348988471985
2014-09-12,0.01396358704606686
2014-09-13,0.013958036912185317
2014-09-14,0.01395181415431086
2014-09-15,0.0139459679604125
2014-09-16,0.013940368742985581
2014-09-17,0.013934894160401399
2014-09-18,0.013929570671430297
2014-09-19,0.013924340851937817
2014-09-20,0.013919633286314228
2014-09-21,0.013915504809923877
2014-09-22,0.013911453213058254
2014-09-23,0.013907518990191218
2014-09-24,0.01691563338051892
2014-09-25,0.013900154281976504
2014-09-26,0.014191208229091277
2014-09-27,0.013892982760511485
2014-09-28,0.01388930473586687
2014-09-29,0.01563351970719295
2014-09-30,0.014468089426813036
2014-10-01,0.053644792886284355
2014-10-02,0.013710400534456301
2014-10-03,0.013706952170504978
2014-10-04,0.013703500266582616
2014-10-05,0.013700034599172739
2014-10-06,0.013696551276279265
2014-10-07,0.013693052948443373
2014-10-08,0.013689546168063083
2014-10-09,0.013686027821147003
2014-10-10,0.013682570919850024
2014-10-11,0.013679237610882838
2014-10-12,0.015613920804253825
2014-10-13,0.013673363552095596
2014-10-14,0.013669405566380813
2014-10-15,0.013666129817938619
2014-10-16,0.013662855006257751
2014-10-17,0.01365958068070657
2014-10-18,0.013656307201198791
2014-10-19,0.013653034632814347
2014-10-20,0.01380370604017179
2014-10-21,0.013979920443799162
2014-10-22,0.09182699739974104
2014-10-23,0.03510145963588257
2014-10-24,0.018596869662356498
2014-10-25,0.016392297986506973
2014-10-26,0.014511361699279125
2014-10-27,0.013626882368039491
2014-10-28,0.14170994680441365
2014-10-29,0.020790258490941464
2014-10-30,0.018490131689163698
2014-10-31,0.013613830844862325
2014-11-01,0.010683396616424716
2014-11-02,0.010680840886031195
2014-11-03,0.010678286200531018
2014-11-04,0.01067573241905711
2014-11-05,0.010673179533869415
2014-11-06,0.010670627407971398
2014-11-07,0.010668075956222949
2014-11-08,0.010665525367479082
2014-11-09,0.010662975791120737
2014-11-10,0.010660426818478676
2014-11-11,0.010657878602803948
2014-11-12,0.010655331411124656
2014-11-13,0.188779628534811
2014-11-14,0.5472044404716436
2014-11-15,0.5985949795540915
2014-11-16,0.5211139579346371
2014-11-17,1.4137659748283617
2014-11-18,0.5627824811261228
2014-11-19,0.043691716213454364
2014-11-20,0.04446074541909024
2014-11-21,0.5256346424166167
2014-11-22,0.8027600334483221
2014-11-23,0.053305225488567275
2014-11-24,0.030741932547671092
2014-11-25,0.016732001321227638
2014-11-26,0.016858992449449064
2014-11-27,0.01694131205438906
2014-11-28,0.016991232559591653
2014-11-29,0.017023085326347383
2014-11-30,0.01704400840251331
2014-12-01,0.022881157840919757
2014-12-02,0.01660212390065953
2014-12-03,0.016613940450355403
2014-12-04,0.26748342330181085
2014-12-05,0.12467858108071278
2014-12-06,0.01950069666466483
2014-12-07,0.48763610693417697
2014-12-08,0.46671134843682255
2014-12-09,0.12965099003808192
2014-12-10,0.06821480331536671
2014-12-11,0.033892066562600826
2014-12-12,0.020425015212538117
2014-12-13,0.022494536373177505
2014-12-14,0.03117784155943684
2014-12-15,0.02452489958205484
2014-12-16,0.02066194910837249
2014-12-17,0.14745054074525338
2014-12-18,0.06361718411623574
2014-12-19,0.02676778651504138
2014-12-20,0.02301487516993484
2014-12-21,0.02711279608675275
2014-12-22,0.024464268047835365
2014-12-23,0.027943302399750927
2014-12-24,0.019590061359732742
2014-12-25,0.019609322714592856
2014-12-26,0.02024191818056474
2014-12-27,0.019643243647588387
2014-12-28,0.019635570254523976
2014-12-29,0.027105364397571174
2014-12-30,0.058055850140774
2014-12-31,0.020278872886423854
2015-01-01,0.012668855779386345
2015-01-02,0.012677429059345328
2015-01-03,0.01268312358543935
2015-01-04,0.02281103529852252
2015-01-05,0.03170826308793782
2015-01-06,0.017976672652950172
2015-01-07,0.015150305043197771
2015-01-08,0.01596760858258321
2015-01-09,0.019774571318855738
2015-01-10,0.01457641738520873
2015-01-11,0.012752502115550344
2015-01-12,0.2187450203930799
2015-01-13,0.10228851794031323
2015-01-14,0.021635725060877416
2015-01-15,0.020222250171863212
2015-01-16,0.02074187225155784
2015-01-17,0.019013305366107215
2015-01-18,0.0157833610895143
2015-01-19,0.02239916679272506
2015-01-20,0.3252676283482922
2015-01-21,1.914977436270385
2015-01-22,4.0300928013123825
2015-01-23,0.6976071559616145
2015-01-24,0.4815755716666538
2015-01-25,0.17963924700397968
2015-01-26,0.22176281955312752
2015-01-27,0.24096115927817596
2015-01-28,0.5888194129807461
2015-01-29,0.7682422610462873
2015-01-30,0.9025910631276509
2015-01-31,2.0977803805550637
2015-02-01,0.9378815630751879
2015-02-02,0.9714975591830602
2015-02-03,0.9444622849247578
2015-02-04,0.8740397174593162
2015-02-05,0.8052824323682698
2015-02-06,0.7407438008605336
2015-02-07,0.6834465729785715
2015-02-08,0.6315144443686883
2015-02-09,0.8892028921622689
2015-02-10,0.7634539195434104
2015-02-11,0.6585916672986921
2015-02-12,0.6612505190408104
2015-02-13,0.6522963174179373
2015-02-14,0.6311278991172897
2015-02-15,0.5924740491789411
2015-02-16,0.5652557122505711
2015-02-17,0.5632077242822449
2015-02-18,0.7703457149913311
2015-02-19,0.9710123312441548
2015-02-20,0.7606824733981777
2015-02-21,0.6351977495401563
2015-02-22,0.6113898276630974
2015-02-23,0.5730639382058624
2015-02-24,0.8221941812056938
2015-02-25,2.3856059785663413
2015-02-26,1.7965040577747322
2015-02-27,1.5309377730058753
2015-02-28,1.2852293924222469
2015-03-01,1.4777496325278692
2015-03-02,1.489894101939341
2015-03-03,1.3436659316348496
2015-03-04,1.2983630694161847
2015-03-05,1.2064119821373658
2015-03-06,1.1442607667282447
2015-03-07,1.0603741487434648
2015-03-08,0.973957703858424
2015-03-09,0.8980356840836028
2015-03-10,0.837814584104173
2015-03-11,0.7876957734037372
2015-03-12,0.7495162041313476
2015-03-13,0.729354409168576
2015-03-14,0.7102924915045369
2015-03-15,0.7016888643967248
2015-03-16,0.6949408303957536
2015-03-17,0.6770346587958808
2015-03-18,0.640658235900488
2015-03-19,0.7273228324332525
2015-03-20,0.6115579245325332
2015-03-21,0.5984221644696486
2015-03-22,0.5751107705953878
2015-03-23,0.5567188876484144
2015-03-24,0.5272316544615641
2015-03-25,0.5091719114208534
2015-03-26,0.513145757116364
2015-03-27,0.4759263566882107
2015-03-28,0.4521934217116827
2015-03-29,0.4806869655071497
2015-03-30,0.566960352080098
2015-03-31,0.5950272098171155
2015-04-01,0.534715720306147
2015-04-02,0.5717078969374307
2015-04-03,0.6153214579762669
2015-04-04,0.5484494916525954
2015-04-05,0.4824424965892579
2015-04-06,0.4324966837847122
2015-04-07,0.48170186682499955
2015-04-08,0.567825432728161
2015-04-09,0.6054394596258478
2015-04-10,0.5498677598182606
2015-04-11,0.7121191768817431
2015-04-12,0.7433821279243797
2015-04-13,0.8114112745600264
2015-04-14,0.9172628889002092
2015-04-15,1.1550833270861558
2015-04-16,1.0507690107179513
2015-04-17,0.8946387711096683
2015-04-18,0.9670578046401974
2015-04-19,1.2481696050153896
2015-04-20,1.3224629386469435
2015-04-21,1.3583679904871397
2015-04-22,1.3937877586916727
2015-04-23,1.4645065624092288
2015-04-24,1.5310137075312442
2015-04-25,1.6049629128172205
2015-04-26,1.6544176361954441
2015-04-27,1.474530087922727
2015-04-28,1.4094015364375747
2015-04-29,1.063654653115201
2015-04-30,0.5818435578787208
2015-05-01,0.6359303394923955
2015-05-02,0.6923322714990761
2015-05-03,0.7156784270165054
2015-05-04,0.621656863118408
2015-05-05,0.6276952499673785
2015-05-06,0.7133551501884848
2015-05-07,0.7185365500443942
2015-05-08,0.5884100962502363
2015-05-09,0.530086246002864
2015-05-10,0.567957010465957
2015-05-11,0.6034156240891675
2015-05-12,0.7532532588683883
2015-05-13,0.7114185577125512
2015-05-14,0.6915319090113995
2015-05-15,0.7290036420160334
2015-05-16,0.7251248160598378
2015-05-17,0.7168334283132654
2015-05-18,0.7137014561911145
2015-05-19,0.6554562352276561
2015-05-20,0.6761297514979812
2015-05-21,0.727898364536053
2015-05-22,0.8940980414586616
2015-05-23,0.8787342323487111
2015-05-24,0.5601406086537751
2015-05-25,0.6603326951935893
2015-05-26,0.5000242697216197
2015-05-27,0.43865440733925765
2015-05-28,0.4297519225275305
2015-05-29,0.4226841740241043
2015-05-30,0.4073036019669377
2015-05-31,0.3756463937767835
2015-06-01,0.3580197012139426
2015-06-02,0.3352601589233389
2015-06-03,0.3126410666600388
2015-06-04,0.2851166243158744
2015-06-05,0.25503609768840924
2015-06-06,0.21032240013599732
2015-06-07,0.32760974963429224
2015-06-08,0.18866976514571548
2015-06-09,0.17665015887793903
2015-06-10,0.17068403990485614
2015-06-11,0.15938161888935168
2015-06-12,0.15635622022459056
2015-06-13,0.1942354578132772
2015-06-14,0.2068320368160199
2015-06-15,0.18935498835877104
2015-06-16,0.14791842117520845
2015-06-17,0.09044504258926522
2015-06-18,0.08560070561494675
2015-06-19,0.07523386362119926
2015-06-20,0.06515122285475326
2015-06-21,0.060078702862086046
2015-06-22,0.05470823027934075
2015-06-23,0.049461008980378605
2015-06-24,0.04407099499921712
2015-06-25,0.03908264830309777
2015-06-26,0.035170835764483876
2015-06-27,0.032133026684692596
2015-06-28,0.035689170201841015
2015-06-29,0.02899708214919794
2015-06-30,0.026497872314991046
2015-07-01,0.050824873657463965
2015-07-02,0.16564903597469405
2015-07-03,0.06205234519001115
2015-07-04,0.04345889895530902
2015-07-05,0.04077108834806901
2015-07-06,0.06110479264490949
2015-07-07,0.03668335775334747
2015-07-08,0.035339595852208756
2015-07-09,0.03414052900962089
2015-07-10,0.03270409835170859
2015-07-11,0.030987616406539215
2015-07-12,0.02933413083806959
2015-07-13,0.027825941639904168
2015-07-14,0.02660593377962281
2015-07-15,0.02561241631185648
2015-07-16,0.024771161322268732
2015-07-17,0.024126384079819034
2015-07-18,0.023596538224245525
2015-07-19,0.023112567887623142
2015-07-20,0.022642403347331544
2015-07-21,0.02219554078388793
2015-07-22,0.021783012517055667
2015-07-23,0.021391194496655982
2015-07-24,0.021034526962112728
2015-07-25,0.020706812236576513
2015-07-26,0.020399520894821423
2015-07-27,0.020100589483608666
2015-07-28,0.01980557216630277
2015-07-29,0.05805247816764921
2015-07-30,0.019324094561979005
2015-07-31,0.019089142445738075
2015-08-01,0.02135708890882281
2015-08-02,0.02109809998038398
2015-08-03,0.020854016951500916
2015-08-04,0.02063368680408798
2015-08-05,0.02043670176935496
2015-08-06,0.02025659078499393
2015-08-07,0.020093212908099418
2015-08-08,0.01994435033359807
2015-08-09,0.019804509365983172
2015-08-10,0.019676814241818844
2015-08-11,0.019554600650406942
2015-08-12,0.01942468321587633
2015-08-13,0.0192942804359122
2015-08-14,0.019166921043250986
2015-08-15,0.01904312079405786
2015-08-16,0.018927606129528988
2015-08-17,0.018822605173601355
2015-08-18,0.018726816325695464
2015-08-19,0.018639101472546212
2015-08-20,0.018559698932137592
2015-08-21,0.01849393290944935
2015-08-22,0.02196284546178092
2015-08-23,0.024413627548130343
2015-08-24,0.021659730934806488
2015-08-25,0.023252046685018096
2015-08-26,0.019712205395958818
2015-08-27,0.029719679257151823
2015-08-28,0.019807006253233422
2015-08-29,0.018450389859721777
2015-08-30,0.0975561482133438
2015-08-31,0.028896623795423668
2015-09-01,0.01497631965121348
2015-09-02,0.01432301950871695
2015-09-03,0.014094425157044487
2015-09-04,0.014083472920287084
2015-09-05,0.014071125478821925
2015-09-06,0.01405824959440679
2015-09-07,0.014046361363404949
2015-09-08,0.014036099389821075
2015-09-09,0.01402731213297503
2015-09-10,0.04654057044793997
2015-09-11,0.018978465810034716
2015-09-12,0.0444822226254424
2015-09-13,0.014007029251616699
2015-09-14,0.04113565281585824
2015-09-15,0.013994388581225474
2015-09-16,0.058281815134873904
2015-09-17,0.013982880616471613
2015-09-18,0.013976047972647851
2015-09-19,0.013969352971514363
2015-09-20,0.013962953481543156
2015-09-21,0.013956764855423558
2015-09-22,0.013951288994507568
2015-09-23,0.013946209968255295
2015-09-24,0.013941099202255489
2015-09-25,0.016956116945810902
2015-09-26,0.013931698485919075
2015-09-27,0.013927320338681147
2015-09-28,0.025338619756625127
2015-09-29,0.013919141806209246
2015-09-30,0.01391498571246627
2015-10-01,0.01374570207201335
2015-10-02,0.013741753603792263
2015-10-03,0.01373785128634467
2015-10-04,0.013734013463427456
2015-10-05,0.013730265922597462
2015-10-06,0.013726653096904157
2015-10-07,0.024985585416095052
2015-10-08,0.013719740445047347
2015-10-09,0.013716264350992088
2015-10-10,0.013712740235599102
2015-10-11,0.013709205825693467
2015-10-12,0.013705688800103904
2015-10-13,0.013702202222211562
2015-10-14,0.013698747613514391
2015-10-15,0.014357004521126112
2015-10-16,0.07746594483366297
2015-10-17,0.6225146954383218
2015-10-18,1.5837971624180036
2015-10-19,0.05352533951462718
2015-10-20,0.07623463282380641
2015-10-21,0.0960111758577534
2015-10-22,0.06222222040921093
2015-10-23,0.0493292474665821
2015-10-24,0.06742549773608046
2015-10-25,0.4246807121798953
2015-10-26,0.6853423917119286
2015-10-27,0.021923876890034152
2015-10-28,0.042363200630938354
2015-10-29,0.4414708215152951
2015-10-30,0.5081976696500341
2015-10-31,0.09195435190453047
2015-11-01,0.060773533340316876
2015-11-02,0.061129629939241564
2015-11-03,0.053585204755583433
2015-11-04,0.05990031150070596
2015-11-05,0.060409593409041305
2015-11-06,0.05412288452691097
2015-11-07,0.05235743755500547
2015-11-08,0.0738543739865023
2015-11-09,0.03130868291302218
2015-11-10,0.024086732765926898
2015-11-11,0.025276962140454294
2015-11-12,0.016122877637778695
2015-11-13,0.017339947186865184
2015-11-14,0.07215940648852874
2015-11-15,1.4779365281969012
2015-11-16,1.9264572873549506
2015-11-17,1.3569262608712236
2015-11-18,0.8327940837211771
2015-11-19,0.35954685913239276
2015-11-20,0.6590673306652937
2015-11-21,0.2166321017901283
2015-11-22,0.03438046496806112
2015-11-23,0.030700280543504575
2015-11-24,0.05501873819329978
2015-11-25,0.03803751057425861
2015-11-26,0.06169169776791565
2015-11-27,0.10488113754713482
2015-11-28,0.061876998390973895
2015-11-29,0.054836537190114235
2015-11-30,0.04752914632204007
2015-12-01,0.06815719741707499
2015-12-02,0.07647331804573203
2015-12-03,0.1528435110491715
2015-12-04,0.2152756586613776
2015-12-05,0.2133716743703203
2015-12-06,0.09894084616626682
2015-12-07,0.06213712622245218
2015-12-08,0.06878438426124954
2015-12-09,0.06136857620457675
2015-12-10,0.04679230017773963
2015-12-11,0.030756787238940805
2015-12-12,0.04234021418406897
2015-12-13,0.08514214216015595
2015-12-14,0.5030114503038172
2015-12-15,0.6047826444342084
2015-12-16,0.17609804165880835
2015-12-17,0.11294380467176486
2015-12-18,0.47459433460285416
2015-12-19,1.2417356483304653
2015-12-20,0.8706633507641232
2015-12-21,1.7065629157379443
2015-12-22,2.5786059356126936
2015-12-23,1.083094809018696
2015-12-24,0.886688644446144
2015-12-25,1.6180649070350286
2015-12-26,1.4210218913791393
2015-12-27,1.2531303267895846
2015-12-28,1.3441919060826661
2015-12-29,1.236787095289994
2015-12-30,1.2429386565112226
2015-12-31,1.1765277858806238
2016-01-01,0.728998041826029
2016-01-02,0.7015150709429241
2016-01-03,0.666268388479428
2016-01-04,0.6466594804573833
2016-01-05,0.6104522868336095
2016-01-06,0.6748423751322479
2016-01-07,0.6628481866458046
2016-01-08,0.5635199704000009
2016-01-09,0.5466791736484558
2016-01-10,0.528427185126675
2016-01-11,1.0621747091829887
2016-01-12,0.8814285589694948
2016-01-13,0.7365657677988825
2016-01-14,0.7361197223653092
2016-01-15,0.7427749012190209
2016-01-16,0.7077645240766974
2016-01-17,0.6748028756235905
2016-01-18,0.6537700891909164
2016-01-19,0.6369492890168295
2016-01-20,0.6120680293782776
2016-01-21,0.5346809374552361
2016-01-22,0.5637594217079728
2016-01-23,0.7126219301831465
2016-01-24,0.9237864901586917
2016-01-25,1.0231732782845164
2016-01-26,0.8910361913609692
2016-01-27,0.8922981401708459
2016-01-28,0.8642671120469693
2016-01-29,0.8481097356067153
2016-01-30,0.8203720152465375
2016-01-31,0.8058989824138137
2016-02-01,0.676726648476856
2016-02-02,0.658301221747247
2016-02-03,0.6664154793138467
2016-02-04,0.6540127780737025
2016-02-05,0.6832739739187025
2016-02-06,0.6891810990101237
2016-02-07,0.7022371655322961
2016-02-08,0.6355072490178832
2016-02-09,0.5640713696191209
2016-02-10,0.5495030105430572
2016-02-11,0.5100017587471155
2016-02-12,0.4822635511557637
2016-02-13,0.458717085227573
2016-02-14,0.4404402179055965
2016-02-15,0.46277534718958213
2016-02-16,0.459199375079413
2016-02-17,0.39889698903532544
2016-02-18,0.4462258041667936
2016-02-19,0.5248967219153932
2016-02-20,0.5846863683140984
2016-02-21,0.4339594607004841
2016-02-22,0.5201030867595694
2016-02-23,0.8792707863758803
2016-02-24,0.7158468618697477
2016-02-25,1.2887725109868633
2016-02-26,1.5849944080280811
2016-02-27,1.4647660225965304
2016-02-28,1.497424019346671
2016-02-29,1.3112337565678667
2016-03-01,1.4932977937102225
2016-03-02,1.401235671571943
2016-03-03,1.2972956502805517
2016-03-04,1.2906789342064302
2016-03-05,1.5215082577766552
2016-03-06,1.274093657838199
2016-03-07,1.324368156683736
2016-03-08,1.2150627787441959
2016-03-09,1.1533268317341572
2016-03-10,1.1069806086538532
2016-03-11,1.065245547407639
2016-03-12,1.0753829608996972
2016-03-13,1.109976167542945
2016-03-14,1.0185786175937903
2016-03-15,1.06045610083738
2016-03-16,1.10890840156977
2016-03-17,1.6198483629247344
2016-03-18,1.0861175941299792
2016-03-19,1.0458180435779914
2016-03-20,1.0621508723141964
2016-03-21,1.0186003152449885
2016-03-22,0.9794106012920141
2016-03-23,1.0077625078742822
2016-03-24,1.2712618091782513
2016-03-25,1.3387110414230132
2016-03-26,1.173524352445662
2016-03-27,1.1844363373951277
2016-03-28,1.3610955096125366
2016-03-29,2.6074807766793073
2016-03-30,1.399479400501393
2016-03-31,1.468442211868898
2016-04-01,1.2779425963909845
2016-04-02,1.3339476685743121
2016-04-03,1.2237292308870662
2016-04-04,1.4443448112707502
2016-04-05,1.2166956550694852
2016-04-06,1.1741419225863448
2016-04-07,1.0673762497695447
2016-04-08,1.1958207488939925
2016-04-09,1.1316372453466705
2016-04-10,1.06705710790359
2016-04-11,1.0673628617061965
2016-04-12,1.0390194124787435
2016-04-13,1.0256236758494353
2016-04-14,0.9275837917394333
2016-04-15,0.9253455283204157
2016-04-16,1.083159282890716
2016-04-17,1.1982491453311346
2016-04-18,1.1723489282541342
2016-04-19,1.605721068244198
2016-04-20,1.2509015840838087
2016-04-21,1.3166527988472396
2016-04-22,1.262490227805629
2016-04-23,1.1595677131484037
2016-04-24,1.1475802382692952
2016-04-25,1.0415782163890395
2016-04-26,1.0998674695705104
2016-04-27,0.9961609098034023
2016-04-28,0.9032779165206412
2016-04-29,0.882461270459399
2016-04-30,0.8311263278444824
2016-05-01,0.9086890912352814
2016-05-02,0.9939156923618093
2016-05-03,1.2642695418683003
2016-05-04,0.8716583395404347
2016-05-05,0.9451978773063867
2016-05-06,1.0090165496204564
2016-05-07,1.0288885824566554
2016-05-08,1.0940910358152989
2016-05-09,1.0418794276968548
2016-05-10,1.0026774535000638
2016-05-11,0.977302282862762
2016-05-12,0.920707291636563
2016-05-13,0.9364429284762357
2016-05-14,0.9343643907457153
2016-05-15,1.083524051472382
2016-05-16,1.134159800167302
2016-05-17,0.8871772001723136
2016-05-18,1.083745699767769
2016-05-19,1.230736442393736
2016-05-20,1.3475959975669738
2016-05-21,1.625431462702353
2016-05-22,1.6745750272584146
2016-05-23,1.5023015126485286
2016-05-24,1.1467808968276485
2016-05-25,1.1044620909906135
2016-05-26,0.7100420939826098
2016-05-27,0.628460948683155
2016-05-28,0.4981541814942501
2016-05-29,0.45786791051030934
2016-05-30,0.4576238640768666
2016-05-31,0.4600349038523117
2016-06-01,0.46087067166856216
2016-06-02,0.45959780518763993
2016-06-03,0.4393143445618576
2016-06-04,0.4249529090852968
2016-06-05,0.431849082209979
2016-06-06,0.4808695768153057
2016-06-07,0.5772553880945069
2016-06-08,0.6534748254207126
2016-06-09,0.7622845217268847
2016-06-10,0.8289039233679827
2016-06-11,0.7578977262155165
2016-06-12,0.6135045349449927
2016-06-13,0.4929374056739008
2016-06-14,0.3601077161130614
2016-06-15,0.3213704950036632
2016-06-16,0.31511889660421816
2016-06-17,0.29080041101554116
2016-06-18,0.2927176376810959
2016-06-19,0.26815248733069813
2016-06-20,0.245141224656923
2016-06-21,0.2018263491109993
2016-06-22,0.19305298956007613
2016-06-23,0.19024305941850223
2016-06-24,0.19764689963050336
2016-06-25,0.1868408683877298
2016-06-26,0.18347431226019295
2016-06-27,0.17684987377989803
2016-06-28,0.168646687220971
2016-06-29,0.16395540293626992
2016-06-30,0.15745031098263534
2016-07-01,0.31603136663970605
2016-07-02,0.20083824708463696
2016-07-03,0.17128867856163693
2016-07-04,0.14554300581726856
2016-07-05,0.13753677641700326
2016-07-06,0.1382109276289778
2016-07-07,0.11902074466863515
2016-07-08,0.10635811022416407
2016-07-09,0.09393863036495041
2016-07-10,0.08215986958328726
2016-07-11,0.07359110222769591
2016-07-12,0.06492990610432217
2016-07-13,0.058500758659664746
2016-07-14,0.05258907405205799
2016-07-15,0.04748194232577389
2016-07-16,0.04282924380859639
2016-07-17,0.03869100912351125
2016-07-18,0.03501332420633205
2016-07-19,0.03180286290330773
2016-07-20,0.029118702638949702
2016-07-21,0.026880722590803836
2016-07-22,0.025037219189594274
2016-07-23,0.028268002226871446
2016-07-24,0.022634757031227325
2016-07-25,0.021905735328289152
2016-07-26,0.03088810123436869
2016-07-27,0.021070967478712732
2016-07-28,0.0206996247290067
2016-07-29,0.020324835107410465
2016-07-30,0.019973346168627823
2016-07-31,0.019649358506120488
2016-08-01,0.021928351349260487
2016-08-02,0.021625085482350797
2016-08-03,0.02134434165737446
2016-08-04,0.02108103449347636
2016-08-05,0.020833766913988538
2016-08-06,0.020602124083371743
2016-08-07,0.020391860588995614
2016-08-08,0.020195119883148684
2016-08-09,0.02000217250505817
2016-08-10,0.019822005518463446
2016-08-11,0.019660064183121776
2016-08-12,0.019516884954434266
2016-08-13,0.019390120255397002
2016-08-14,0.019286445571527918
2016-08-15,0.019199514019274957
2016-08-16,0.019113316592818293
2016-08-17,0.01902575013886167
2016-08-18,0.018940227125122683
2016-08-19,0.01886374383170288
2016-08-20,0.01879921154572641
2016-08-21,0.018739974246952437
2016-08-22,0.018682439610861704
2016-08-23,0.018627827381615406
2016-08-24,0.024255757958973324
2016-08-25,0.018531954888501283
2016-08-26,0.018491943824906976
2016-08-27,0.018448275789161625
2016-08-28,0.030840069524431368
2016-08-29,0.018375496451851193
2016-08-30,0.07918219654925882
2016-08-31,0.018320015409545667
2016-09-01,0.017014851414926896
2016-09-02,0.014235816965672764
2016-09-03,0.03966529858602873
2016-09-04,0.014202552608306641
2016-09-05,0.014185110211838554
2016-09-06,0.014167663206989733
2016-09-07,0.050666589024636215
2016-09-08,0.014140681031458862
2016-09-09,0.014125784363143835
2016-09-10,0.014110406097095693
2016-09-11,0.059587607057209085
2016-09-12,0.0140840648227745
2016-09-13,0.014072242370469092
2016-09-14,0.014060831778463479
2016-09-15,0.014050013548984849
2016-09-16,0.01404004335235802
2016-09-17,0.014031332734538764
2016-09-18,0.014023969342576475
2016-09-19,0.014017746633599925
2016-09-20,0.014011999486954476
2016-09-21,0.014006388042050948
2016-09-22,0.014029980472194855
2016-09-23,0.01399511095537182
2016-09-24,0.027420495080795856
2016-09-25,0.01398325606278077
2016-09-26,0.013976732125575621
2016-09-27,0.013969691984871965
2016-09-28,0.01396294155044767
2016-09-29,0.01494399084202302
2016-09-30,0.013952088932749778
2016-10-01,0.0419384788145837
2016-10-02,0.025911989305960153
2016-10-03,0.024147709371297937
2016-10-04,0.0695308809284744
2016-10-05,0.01376672668834703
2016-10-06,0.07429764236095199
2016-10-07,0.05067225524453003
2016-10-08,0.034773842414564125
2016-10-09,0.013860894851544325
2016-10-10,0.013747128013871283
2016-10-11,0.013742412321456088
2016-10-12,0.013737742169440983
2016-10-13,0.01373342167390087
2016-10-14,0.013729463935688132
2016-10-15,0.013725605745610015
2016-10-16,0.013721698075804764
2016-10-17,0.013717824058406564
2016-10-18,0.013714023815390965
2016-10-19,0.013710186054595874
2016-10-20,0.013706352675870713
2016-10-21,0.01370260674232583
2016-10-22,0.013810566389199004
2016-10-23,0.013695459408120296
2016-10-24,0.017491196583656526
2016-10-25,0.19164442681413446
2016-10-26,0.0626365962314638
2016-10-27,0.031048885709105245
2016-10-28,0.034318599479322545
2016-10-29,0.02177098386768017
2016-10-30,0.016359337334356447
2016-10-31,0.01634188179893962
2016-11-01,0.012550378473935739
2016-11-02,0.16051043818486888
2016-11-03,0.028969220407719775
2016-11-04,0.027788987493851475
2016-11-05,0.025201942672659378
2016-11-06,0.02617910289580905
2016-11-07,0.01737948098073868
2016-11-08,0.011128121952636962
2016-11-09,0.24940215223353907
2016-11-10,0.019607134737597984
2016-11-11,0.010789653797287661
2016-11-12,0.014706770651030453
2016-11-13,0.03455771294726449
2016-11-14,0.013278786342809212
2016-11-15,0.010866627114411718
2016-11-16,0.010881887955625325
2016-11-17,0.7242791876372348
2016-11-18,0.46336268791573815
2016-11-19,1.2485229290639253
2016-11-20,0.671020081718559
2016-11-21,0.022219168804475564
2016-11-22,0.020396944292374944
2016-11-23,0.031180925354691857
2016-11-24,0.017315383438814457
2016-11-25,0.014992759030529637
2016-11-26,0.014985439121678806
2016-11-27,0.01543992253965804
2016-11-28,0.34815431061513796
2016-11-29,0.3917694292597924
2016-11-30,0.020530678408952285
2016-12-01,0.04531935150169941
2016-12-02,0.025975553211613468
2016-12-03,0.01689226223769248
2016-12-04,0.08842225913296849
2016-12-05,0.15091067307931602
2016-12-06,0.01641743965723732
2016-12-07,0.01640067128091245
2016-12-08,0.017559948740899278
2016-12-09,0.09028273903595223
2016-12-10,0.28450914881291917
2016-12-11,0.021680962860949976
2016-12-12,0.016819339917269836
2016-12-13,0.016964190252879523
2016-12-14,0.01728544393474707
2016-12-15,0.01760032813398195
2016-12-16,0.01802090936738713
2016-12-17,0.01885987525761631
2016-12-18,0.0185963623657094
2016-12-19,0.051860247788679446
2016-12-20,0.08771855181257088
2016-12-21,0.09581697148379442
2016-12-22,0.2901821260281365
2016-12-23,0.16794557975884436
2016-12-24,0.04397170042337158
2016-12-25,0.02876541172905623
2016-12-26,1.1798171729917948
2016-12-27,10.977293537298634
2016-12-28,1.7854497511498857
2016-12-29,0.9241611057684117
2016-12-30,0.5356747661313768
2016-12-31,0.4133162826926075
2017-01-01,0.10863201998104935
2017-01-02,0.029256896299340966
2017-01-03,0.03906391940790972
2017-01-04,0.14801234654353193
2017-01-05,0.35324808155433046
2017-01-06,0.12339885538218384
2017-01-07,0.27090284408853815
2017-01-08,0.2543671501581024
2017-01-09,0.2996372591937556
2017-01-10,0.21945205901116513
2017-01-11,0.276146240775194
2017-01-12,0.2771678183138479
2017-01-13,0.24487618107654605
2017-01-14,0.25279669830850987
2017-01-15,0.2856108143056225
2017-01-16,0.39891231178862263
2017-01-17,0.27492683259129586
2017-01-18,0.2810635269719685
2017-01-19,0.276001101688341
2017-01-20,0.26632371889625445
2017-01-21,0.25501520480178674
2017-01-22,0.2532110088580399
2017-01-23,0.31109566361547514
2017-01-24,0.8432309653090948
2017-01-25,0.5075244913995602
2017-01-26,0.6477451122104836
2017-01-27,0.6273054037029627
2017-01-28,0.9871613912960843
2017-01-29,0.9881836484861003
2017-01-30,0.8471240377936552
2017-01-31,1.1974395502608652
2017-02-01,1.733810424256299
2017-02-02,2.9466958240409764
2017-02-03,0.9597108833481889
2017-02-04,0.9537599392436334
2017-02-05,1.8454253231644904
2017-02-06,1.517776999781259
2017-02-07,1.7063643028296387
2017-02-08,1.1835814930752988
2017-02-09,1.798860959491994
2017-02-10,2.6964978270324798
2017-02-11,2.059080198254145
2017-02-12,1.6228161389078812
2017-02-13,2.211724017775322
2017-02-14,1.6023366288628014
2017-02-15,1.6901804568333716
2017-02-16,1.2090391787298098
2017-02-17,1.1886995847551243
2017-02-18,1.2863461101710603
2017-02-19,1.523878423143408
2017-02-20,1.88618578568888
2017-02-21,2.4024923652053287
2017-02-22,1.3650986016724347
2017-02-23,1.5513590381030409
2017-02-24,1.199869571293174
2017-02-25,1.2506127278604855
2017-02-26,1.3913829560882187
2017-02-27,1.556592161601531
2017-02-28,1.7958557231853147
2017-03-01,1.9878585797659942
2017-03-02,1.4994514749517345
2017-03-03,1.6482915772557643
2017-03-04,1.7122831905918872
2017-03-05,1.6776553940392234
2017-03-06,1.5377869911848978
2017-03-07,1.6842440065273723
2017-03-08,1.6598444771026053
2017-03-09,1.4205711708823796
2017-03-10,1.0620023526657736
2017-03-11,1.1726221685161162
2017-03-12,1.2295661213628433
2017-03-13,1.107675190369561
2017-03-14,1.0868757122202424
2017-03-15,0.9015184870911621
2017-03-16,0.8462556135878505
2017-03-17,0.7625655353547319
2017-03-18,0.7725525720116878
2017-03-19,0.7704494173256066
2017-03-20,0.7984442300871242
2017-03-21,0.8924177483347596
2017-03-22,0.9300933684882
2017-03-23,1.0856080927533542
2017-03-24,1.2092258020670006
2017-03-25,1.1421526629708347
2017-03-26,1.0849226892162827
2017-03-27,0.8713848104100058
2017-03-28,0.9142404319742283
2017-03-29,1.1340800945647114
2017-03-30,1.277897364292585
2017-03-31,1.1545522793905594
2017-04-01,0.9661874287307272
2017-04-02,0.8289588546725684
2017-04-03,0.7777085876192313
2017-04-04,0.9642846338216008
2017-04-05,1.1287863264628597
2017-04-06,1.3481001999205748
2017-04-07,1.4310382781851285
2017-04-08,1.381990826898222
2017-04-09,1.5007570915060775
2017-04-10,1.6604440114003287
2017-04-11,2.0953453236474586
2017-04-12,2.089069076648909
2017-04-13,2.065609392131025
2017-04-14,1.847667405964248
2017-04-15,0.8605003332698802
2017-04-16,0.830181318522909
2017-04-17,0.7980672950012005
2017-04-18,0.7927003378418269
2017-04-19,0.7905321927592964
2017-04-20,0.9437400922567132
2017-04-21,0.8924575995726508
2017-04-22,0.7956137390178791
2017-04-23,0.7384413278272745
2017-04-24,0.7022977709533725
2017-04-25,0.6792394517129151
2017-04-26,0.7329256427000987
2017-04-27,0.7707579872197323
2017-04-28,0.7998053147406463
2017-04-29,0.8117446396466281
2017-04-30,0.814812587410732
2017-05-01,1.0492279165747007
2017-05-02,1.0326404590720446
2017-05-03,0.8226952952703057
2017-05-04,0.9072224477772596
2017-05-05,1.111248621389183
2017-05-06,1.1348422780539082
2017-05-07,1.089884882416104
2017-05-08,0.8742691823070182
2017-05-09,0.9019274242647718
2017-05-10,1.063110711995911
2017-05-11,1.036718134250763
2017-05-12,1.1607306912409363
2017-05-13,1.141773024703032
2017-05-14,1.1455069079225895
2017-05-15,1.1903153258210026
2017-05-16,1.0790564550049526
2017-05-17,1.0398784010736901
2017-05-18,1.3113540094420741
2017-05-19,1.6996796601764084
2017-05-20,1.972750614312828
2017-05-21,1.9349864270771877
2017-05-22,1.8816270518054936
2017-05-23,1.782309305056896
2017-05-24,1.7257108539453843
2017-05-25,1.6232079445245533
2017-05-26,1.554436054120536
2017-05-27,1.2670617117671166
2017-05-28,0.9638271199609836
2017-05-29,0.6742009121394932
2017-05-30,0.8515793309392163
2017-05-31,0.7609153935856257
2017-06-01,0.8061194185929363
2017-06-02,0.5172452203238134
2017-06-03,0.5533787111299509
2017-06-04,0.5763134276382038
2017-06-05,0.6496112731379976
2017-06-06,0.7040514624116574
2017-06-07,0.4820731214640265
2017-06-08,0.6646950173333048
2017-06-09,0.7934285849715357
2017-06-10,0.7434764360932392
2017-06-11,0.6455441562920968
2017-06-12,0.39542309175497076
2017-06-13,0.3927816054925515
2017-06-14,0.3996664251717658
2017-06-15,0.3817700955140709
2017-06-16,0.33312331673725076
2017-06-17,0.2815708059822421
2017-06-18,0.28595044394216895
2017-06-19,0.2775575150464058
2017-06-20,0.2676667362103201
2017-06-21,0.2469093680863408
2017-06-22,0.18179842729863746
2017-06-23,0.12858418076422146
2017-06-24,0.11813623494205654
2017-06-25,0.09741249496868255
2017-06-26,0.08339889919516057
2017-06-27,0.07307693240394841
2017-06-28,0.06347253397545487
2017-06-29,0.05501386304390788
2017-06-30,0.047587317266622506
2017-07-01,0.08581680767382233
2017-07-02,0.07626202839400982
2017-07-03,0.06783810534748871
2017-07-04,0.06007599510126039
2017-07-05,0.0528972410102065
2017-07-06,0.046642089611925446
2017-07-07,0.04176313764843298
2017-07-08,0.03834259701496333
2017-07-09,0.035620352982914175
2017-07-10,0.04142003820841487
2017-07-11,0.03124497026152397
2017-07-12,0.029519009954820638
2017-07-13,0.027511229057972254
2017-07-14,0.02578435760323717
2017-07-15,0.024474617720282452
2017-07-16,0.02353965872985101
2017-07-17,0.022858073704983342
2017-07-18,0.02238367108383913
2017-07-19,0.022053941924227254
2017-07-20,0.021760848473331026
2017-07-21,0.021486574330190727
2017-07-22,0.021238217452743752
2017-07-23,0.021002307232235732
2017-07-24,0.020776977874290472
2017-07-25,0.02054733457841191
2017-07-26,0.020307291407123475
2017-07-27,0.02007236620769213
2017-07-28,0.019850557918191496
2017-07-29,0.019640611949022776
2017-07-30,0.01943073449917396
2017-07-31,0.019225794900489496
2017-08-01,0.021553365186303842
2017-08-02,0.021335891496233446
2017-08-03,0.02112660913332004
2017-08-04,0.020925025192052096
2017-08-05,0.020731814276071767
2017-08-06,0.020539763315574104
2017-08-07,0.020354579036231533
2017-08-08,0.020179517774787416
2017-08-09,0.02000608160066326
2017-08-10,0.0198392403792939
2017-08-11,0.02007258598279135
2017-08-12,0.019544189757576137
2017-08-13,0.019405020550244977
2017-08-14,0.019287789394498416
2017-08-15,0.01919257000749729
2017-08-16,0.01910560140830258
2017-08-17,0.019013344095487654
2017-08-18,0.018915876342762712
2017-08-19,0.018831645616612724
2017-08-20,0.018761117936863334
2017-08-21,0.01868916921500114
2017-08-22,0.018616304935736672
2017-08-23,0.018558129572839154
2017-08-24,0.11751900280114061
2017-08-25,0.0184642226562708
2017-08-26,0.01841452424922194
2017-08-27,0.018361356702066577
2017-08-28,0.018312654121220594
2017-08-29,0.01826700443031076
2017-08-30,0.01822583793190401
2017-08-31,0.018188278183669655
2017-09-01,0.014139049353355786
2017-09-02,0.014117600996761969
2017-09-03,0.01409922702282963
2017-09-04,0.014082581013017098
2017-09-05,0.014066365504593888
2017-09-06,0.014051289035587278
2017-09-07,0.014037499863530698
2017-09-08,0.014024825490488918
2017-09-09,0.014013177640725372
2017-09-10,0.014002354700080932
2017-09-11,0.01399247461835188
2017-09-12,0.01398339013492417
2017-09-13,0.013974927822801995
2017-09-14,0.013967052331773802
2017-09-15,0.021790039206844976
2017-09-16,0.013953646192191064
2017-09-17,0.01394745940423466
2017-09-18,0.01394093819134299
2017-09-19,0.013934703260876919
2017-09-20,0.01392893127807342
2017-09-21,0.01547340058318222
2017-09-22,0.013918420255344307
2017-09-23,0.013913437709702652
2017-09-24,0.013908876949643125
2017-09-25,0.01390457513008224
2017-09-26,0.013900257740022424
2017-09-27,0.013895985360010292
2017-09-28,0.013891902871626635
2017-09-29,0.013887958736449959
2017-09-30,0.013884086871419878
2017-10-01,0.01371547936580547
2017-10-02,0.01371185721391464
2017-10-03,0.01370825530198232
2017-10-04,0.013704684800146357
2017-10-05,0.013701143275785995
2017-10-06,0.013697609528515654
2017-10-07,0.0136941048869093
2017-10-08,0.013690647901796632
2017-10-09,0.013687227113137199
2017-10-10,0.013683804281352435
2017-10-11,0.013680355686662218
2017-10-12,0.013676893134229814
2017-10-13,0.013673431917914662
2017-10-14,0.013670023880054566
2017-10-15,0.013666709127833914
2017-10-16,0.013663433956239332
2017-10-17,0.013660159518276828
2017-10-18,0.013656885926357722
2017-10-19,0.013653613256408785
2017-10-20,0.013650341240220482
2017-10-21,0.013647070001050789
2017-10-22,0.01364379972526659
2017-10-23,0.01364052979953484
2017-10-24,0.013637261085676445
2017-10-25,0.013633992991066206
2017-10-26,0.013630725730666713
2017-10-27,0.03444707616586396
2017-10-28,0.23066319422742568
2017-10-29,0.3592810342034663
2017-10-30,0.5281391988153141
2017-10-31,0.0263011627254994
2017-11-01,0.3989065375058219
2017-11-02,0.3886160031094876
2017-11-03,0.386895359610778
2017-11-04,0.685757756232229
2017-11-05,0.030400812034053353
2017-11-06,0.020096104953944708
2017-11-07,0.026461509985104395
2017-11-08,0.01735961575468574
2017-11-09,0.01616469231637273
2017-11-10,0.023207136150666555
2017-11-11,0.03429110870940111
2017-11-12,0.04680901492944971
2017-11-13,0.05321836840137965
2017-11-14,0.056564747084164035
2017-11-15,0.04068290922859775
2017-11-16,0.030997314785619186
2017-11-17,0.6786098465326733
2017-11-18,0.7327523163594618
2017-11-19,1.7817751993982371
2017-11-20,0.6884198264260258
2017-11-21,0.049749003369694685
2017-11-22,0.518149548873511
2017-11-23,1.2572708517687483
2017-11-24,0.086385014954419
2017-11-25,0.03808538536697099
2017-11-26,0.060523140650407745
2017-11-27,0.04099373334577843
2017-11-28,0.045615911334817336
2017-11-29,0.041222412617607423
2017-11-30,0.03674693202127021
2017-12-01,0.14930078516422243
2017-12-02,0.1413965076117558
2017-12-03,0.3813834717285713
2017-12-04,0.30139273587960574
2017-12-05,0.5090705619163728
2017-12-06,0.04092655611278944
2017-12-07,0.023437739133482575
2017-12-08,0.025698013579467306
2017-12-09,0.023767076351425425
2017-12-10,0.025007745403880472
2017-12-11,0.20046656069710936
2017-12-12,2.47485273575942
2017-12-13,0.8390299769100752
2017-12-14,0.5402772624578729
2017-12-15,0.20497022598678652
2017-12-16,0.23546639217935061
2017-12-17,0.7525350129052489
2017-12-18,1.894605004979715
2017-12-19,2.348865978418682
2017-12-20,1.5031700565176422
2017-12-21,1.3272858104579195
2017-12-22,1.6685705627681733
2017-12-23,1.7834137155439893
2017-12-24,1.9660104841923163
2017-12-25,4.696711771224793
2017-12-26,2.108709670166217
2017-12-27,2.0807482807419064
2017-12-28,3.1230519647910513
2017-12-29,2.609948621374719
2017-12-30,2.19876383933907
2017-12-31,2.1370841470692925
2018-01-01,1.5019985124392543
2018-01-02,1.3022669394260986
2018-01-03,1.232548999600657
2018-01-04,1.3432407563537685
2018-01-05,1.7429868465782716
2018-01-06,2.497291666238356
2018-01-07,1.5548439752687062
2018-01-08,1.4935466986797574
2018-01-09,1.5854385080285482
2018-01-10,1.40872224440827
2018-01-11,1.3425468064916197
2018-01-12,1.2683678453987615
2018-01-13,1.250393415597046
2018-01-14,1.1655591345932546
2018-01-15,1.1306804931812422
2018-01-16,1.07019191720918
2018-01-17,1.103001388245098
2018-01-18,1.0705460746101754
2018-01-19,1.0983578075252036
2018-01-20,1.1418769229482917
2018-01-21,1.174532739142438
2018-01-22,1.023441758883838
2018-01-23,1.4272957264363344
2018-01-24,2.025934845484974
2018-01-25,1.3436295297969225
2018-01-26,1.6169367692035066
2018-01-27,1.9496807123824342
2018-01-28,1.5514768067499216
2018-01-29,1.5069877915541472
2018-01-30,2.6970049517822554
2018-01-31,4.695971110574651
2018-02-01,5.413959128044636
2018-02-02,7.955982255957712
2018-02-03,1.340750522769774
2018-02-04,1.3913588207810303
2018-02-05,1.3823353507157452
2018-02-06,1.4485700789883678
2018-02-07,1.4433382991976165
2018-02-08,1.430814443476562
2018-02-09,1.4155460155656892
2018-02-10,1.3667187486774814
2018-02-11,1.3081623206084294
2018-02-12,1.253175643722554
2018-02-13,1.1156670635646442
2018-02-14,1.1065439654027165
2018-02-15,0.9582035292623635
2018-02-16,0.9589271178449232
2018-02-17,0.8523647226384194
2018-02-18,0.9601169462809228
2018-02-19,0.8609817155988512
2018-02-20,0.8695249008008975
2018-02-21,0.8302879331293613
2018-02-22,0.805211661235248
2018-02-23,0.7511419166076507
2018-02-24,0.7092987263116776
2018-02-25,0.6715710458318321
2018-02-26,0.6359636179217598
2018-02-27,0.5989016955689779
2018-02-28,0.5669647471619562
2018-03-01,0.6717183920152102
2018-03-02,0.6513814713390187
2018-03-03,0.6250194978292579
2018-03-04,0.551109886171924
2018-03-05,0.5228974217074635
2018-03-06,0.5007556841032169
2018-03-07,0.5535729521976296
2018-03-08,0.5364989047629357
2018-03-09,0.49947327288930854
2018-03-10,0.5156706328355188
2018-03-11,0.48215493782710567
2018-03-12,0.48451251333620504
2018-03-13,0.546519623354458
2018-03-14,0.5403469489961306
2018-03-15,0.47518171809864057
2018-03-16,0.47686553450492075
2018-03-17,0.4731452846783735
2018-03-18,0.48309329668862516
2018-03-19,0.5060292685508819
2018-03-20,0.5362843106348592
2018-03-21,0.5550873986683207
2018-03-22,0.5973410134041943
2018-03-23,0.6126905695472774
2018-03-24,0.6531845936288067
2018-03-25,0.6307772570411515
2018-03-26,0.5266220893969804
2018-03-27,0.507306915629443
2018-03-28,0.5331349727345402
2018-03-29,0.5802659953270822
2018-03-30,0.526170638826496
2018-03-31,0.5774000931120039
2018-04-01,0.5229603463582078
2018-04-02,0.5562057745305665
2018-04-03,0.641297410360738
2018-04-04,0.7218830611982644
2018-04-05,0.6102206326103385
2018-04-06,0.4930241000159414
2018-04-07,0.5082024513416057
2018-04-08,0.5482621506603723
2018-04-09,0.6302468369309459
2018-04-10,0.7902849034263111
2018-04-11,1.0016013055277175
2018-04-12,1.166072565303743
2018-04-13,1.4307856025628731
2018-04-14,1.5580577140495662
2018-04-15,1.5335566003729038
2018-04-16,1.4793818972253208
2018-04-17,1.1499026021666037
2018-04-18,0.6905505914372454
2018-04-19,0.6722629459055441
2018-04-20,0.7362077232781443
2018-04-21,0.7183023549868895
2018-04-22,0.6915779407611093
2018-04-23,1.2479605888947638
2018-04-24,2.026109854720697
2018-04-25,1.314934957276799
2018-04-26,1.006069905865757
2018-04-27,1.0463700554472268
2018-04-28,1.0813018009108868
2018-04-29,1.1039741034677713
2018-04-30,1.0411387968814534
2018-05-01,1.0405416137775985
2018-05-02,1.1094767895675572
2018-05-03,1.0055188836263376
2018-05-04,0.9361515647941978
2018-05-05,0.9370744344381831
2018-05-06,0.8701992937141316
2018-05-07,0.7984506751075235
2018-05-08,0.7648591185296725
2018-05-09,0.7609759618570212
2018-05-10,0.7744849669413746
2018-05-11,0.8261302574156115
2018-05-12,0.8430356643937738
2018-05-13,0.8524522297998364
2018-05-14,0.853144582813804
2018-05-15,0.9128668067084534
2018-05-16,0.8998755414430091
2018-05-17,0.9428743220050312
2018-05-18,1.0908223691816075
2018-05-19,1.259593370963136
2018-05-20,1.3322101917082925
2018-05-21,1.3149648597665176
2018-05-22,1.2134855726922413
2018-05-23,1.459753786280016
2018-05-24,1.7022227323021546
2018-05-25,1.9472478683295977
2018-05-26,1.8259509499284932
2018-05-27,1.8522402648835852
2018-05-28,1.7634309634242604
2018-05-29,1.663219056933513
2018-05-30,1.442360558326591
2018-05-31,1.7126417732291541
2018-06-01,1.7224946008129036
2018-06-02,1.7094524455240216
2018-06-03,1.9094139094973759
2018-06-04,1.5587815336923367
2018-06-05,1.5128584980664381
2018-06-06,1.461455238470046
2018-06-07,1.608185940117716
2018-06-08,1.3657194366302046
2018-06-09,1.3342345554314075
2018-06-10,1.1457631555625492
2018-06-11,1.0903851695637101
2018-06-12,0.999998494754357
2018-06-13,0.8153734865915611
2018-06-14,0.6824253001358379
2018-06-15,0.658813748627074
2018-06-16,0.5116577350283804
2018-06-17,0.4615968476679319
2018-06-18,0.4332343704360147
2018-06-19,0.3657592702932944
2018-06-20,0.3542840707320305
2018-06-21,0.3279331348354034
2018-06-22,0.31370091786148374
2018-06-23,0.2985538777595156
2018-06-24,0.32284375850835045
2018-06-25,0.30445577224325776
2018-06-26,0.2812190730569597
2018-06-27,0.227022377821613
2018-06-28,0.22803047268600962
2018-06-29,0.23395587823891958
2018-06-30,0.24198481886401008
2018-07-01,0.3392101670112867
2018-07-02,0.26882271783050943
2018-07-03,0.25223451270797403
2018-07-04,0.20766564559026665
2018-07-05,0.19387196198155496
2018-07-06,0.17686510149899864
2018-07-07,0.1552894546871497
2018-07-08,0.13402441160104436
2018-07-09,0.11444597754098342
2018-07-10,0.09695886265885997
2018-07-11,0.08228593619842335
2018-07-12,0.07015610164340912
2018-07-13,0.05902501532162303
2018-07-14,0.05042286666429124
2018-07-15,0.043601999819548
2018-07-16,0.03809571021769021
2018-07-17,0.03394150053846224
2018-07-18,0.031122066127186838
2018-07-19,0.029116701440441997
2018-07-20,0.032496335543250036
2018-07-21,0.026322896899437294
2018-07-22,0.02527730387516402
2018-07-23,0.024115993457203843
2018-07-24,0.023044591737132598
2018-07-25,0.02219340128890332
2018-07-26,0.021630284721714216
2018-07-27,0.021300355434786047
2018-07-28,0.021085926083901967
2018-07-29,0.020870126818304833
2018-07-30,0.020650680741271566
2018-07-31,0.020446634629996532
2018-08-01,0.02294020520837559
2018-08-02,0.022723831856811365
2018-08-03,0.022513677724720196
2018-08-04,0.022300862815715732
2018-08-05,0.022085770638426625
2018-08-06,0.021884144272311227
2018-08-07,0.021693436432593728
2018-08-08,0.021502989725635843
2018-08-09,0.021307610822929975
2018-08-10,0.021113843109815147
2018-08-11,0.02092936104889851
2018-08-12,0.020746258763605113
2018-08-13,0.02056944405882315
2018-08-14,0.025607481633153854
2018-08-15,0.02027288764780661
2018-08-16,0.0652207878515664
2018-08-17,0.020009233475076414
2018-08-18,0.019918881496523464
2018-08-19,0.04047625550487485
2018-08-20,0.019737664932856985
2018-08-21,0.019646979998246442
2018-08-22,0.019547002452322056
2018-08-23,0.026021649305230075
2018-08-24,0.01935812702927929
2018-08-25,0.019277561784851682
2018-08-26,0.019203600375629373
2018-08-27,0.04707815658336176
2018-08-28,0.024551538326768048
2018-08-29,0.04403692685467645
2018-08-30,0.03214939677941036
2018-08-31,0.03038767911737033
2018-09-01,0.01709948602516706
2018-09-02,0.014802945404394212
2018-09-03,0.014767766771806396
2018-09-04,0.014727992652646042
2018-09-05,0.04516571057716322
2018-09-06,0.014652097416200853
2018-09-07,0.024975737127708484
2018-09-08,0.014584273039978533
2018-09-09,0.014924651142905282
2018-09-10,0.014531898120204358
2018-09-11,0.01451240638045013
2018-09-12,0.027641104172567224
2018-09-13,0.017774322348935695
2018-09-14,0.014468311902426595
2018-09-15,0.020584326696913128
2018-09-16,0.014418705089621146
2018-09-17,0.014390323502164588
2018-09-18,0.01435895337386376
2018-09-19,0.014326511052613622
2018-09-20,0.014295426568071755
2018-09-21,0.014266654384928313
2018-09-22,0.01424014147886403
2018-09-23,0.014216174685150884
2018-09-24,0.01419663045995237
2018-09-25,0.014181912503601408
2018-09-26,0.014180576418489889
2018-09-27,0.014158150985404887
2018-09-28,0.014143199317892784
2018-09-29,0.014125598030087626
2018-09-30,0.014107257651030828
2018-10-01,0.013922409057224834
2018-10-02,0.013906074887098649
2018-10-03,0.013890596496654759
2018-10-04,0.013875964861431833
2018-10-05,0.013861845850538594
2018-10-06,0.013848017110390166
2018-10-07,0.013834400676816443
2018-10-08,0.01383819712545629
2018-10-09,0.013810472593764396
2018-10-10,0.01379981347785953
2018-10-11,0.01378992357602718
2018-10-12,0.013781032938084616
2018-10-13,0.013772761899644017
2018-10-14,0.013764793700325543
2018-10-15,0.013791009717123869
2018-10-16,0.01374948240836026
2018-10-17,0.01374207858006094
2018-10-18,0.01373493900223803
2018-10-19,0.013728284978318614
2018-10-20,0.013722282617757986
2018-10-21,0.013716806322571662
2018-10-22,0.01572956620215008
2018-10-23,0.3624033168627935
2018-10-24,0.6956807907005036
2018-10-25,0.3620132778305368
2018-10-26,0.03293386996732949
2018-10-27,0.025682817237230135
2018-10-28,0.057308347715564055
2018-10-29,0.037953858030129684
2018-10-30,0.05305233907356962
2018-10-31,0.025157540226480195
2018-11-01,0.020857209526007395
2018-11-02,0.01386815853027672
2018-11-03,0.01296619268079479
2018-11-04,0.011279255337473443
2018-11-05,0.011298411726396222
2018-11-06,0.016175315111698483
2018-11-07,0.011671933525513083
2018-11-08,0.01137623342887751
2018-11-09,0.01139462483274098
2018-11-10,0.011407552243478235
2018-11-11,0.1943384080837208
2018-11-12,1.2194901802762617
2018-11-13,0.5595950611109628
2018-11-14,0.33643362775748803
2018-11-15,1.86363581155003
2018-11-16,1.8657104991487894
2018-11-17,0.5539377312256899
2018-11-18,0.42363672388565016
2018-11-19,0.021145278522855575
2018-11-20,0.026391113430818375
2018-11-21,0.026972584803639125
2018-11-22,0.022208369988723553
2018-11-23,0.06645534790074796
2018-11-24,1.0140649578781402
2018-11-25,1.2361063671664676
2018-11-26,0.8791728291302603
2018-11-27,0.2069200765804139
2018-11-28,0.040593398234377506
2018-11-29,0.18416269528697748
2018-11-30,0.048543150250080234
2018-12-01,0.04988491072765747
2018-12-02,0.050854041072684784
2018-12-03,0.04800997804367185
2018-12-04,0.5543245305250385
2018-12-05,1.114501622994144
2018-12-06,1.130281400856462
2018-12-07,1.0271249712964743
2018-12-08,0.9523363687174167
2018-12-09,0.20993120803678897
2018-12-10,0.30645841568175103
2018-12-11,1.6506051020832297
2018-12-12,0.7987271178016063
2018-12-13,0.5890814524016719
2018-12-14,0.6381878733207896
2018-12-15,0.6416814039916104
2018-12-16,0.7219535278221395
2018-12-17,0.6489554738489545
2018-12-18,0.6229351699540788
2018-12-19,0.6833804569288209
2018-12-20,0.7340705885872288
2018-12-21,0.5906706040532461
2018-12-22,0.5894750724821779
2018-12-23,0.6010042934413582
2018-12-24,0.60361750380192
2018-12-25,0.580134429689049
2018-12-26,0.638297448706552
2018-12-27,0.7520749542350191
2018-12-28,0.5116386615570878
2018-12-29,0.5086785587230174
2018-12-30,0.5029976451316153
2018-12-31,0.5181015006976153
2019-01-01,0.3231712792372225
2019-01-02,0.29207007631988696
2019-01-03,0.29882536535723614
2019-01-04,0.26871523862897523
2019-01-05,0.2642730283563221
2019-01-06,0.2505901843963244
2019-01-07,0.4491658401068609
2019-01-08,0.24160297467262204
2019-01-09,0.2443174732329368
2019-01-10,0.2435391664842856
2019-01-11,0.24196210419217654
2019-01-12,0.2361559847091996
2019-01-13,0.2470069563922218
2019-01-14,0.23048067803308217
2019-01-15,0.22122775910582038
2019-01-16,0.21619223011681893
2019-01-17,0.2201019263770375
2019-01-18,0.22358218285735837
2019-01-19,0.18717639036062428
2019-01-20,0.18100973710258128
2019-01-21,0.17885182398214639
2019-01-22,0.17618839399174638
2019-01-23,0.17304590534106098
2019-01-24,0.1693796749679929
2019-01-25,0.1650965030708642
2019-01-26,0.16696052615452983
2019-01-27,0.6303547400079528
2019-01-28,1.5956350712429788
2019-01-29,1.7459612438345162
2019-01-30,1.1328324168735648
2019-01-31,1.5432143225700585
2019-02-01,2.3885928562746095
2019-02-02,3.2635184595571443
2019-02-03,1.8131285252465192
2019-02-04,3.13735272311124
2019-02-05,4.852649586074331
2019-02-06,1.6723802428138168
2019-02-07,6.353349045562001
2019-02-08,6.432987021016484
2019-02-09,1.4530505516460002
2019-02-10,1.3940199169192082
2019-02-11,1.3633470734856137
2019-02-12,1.6338589193934492
2019-02-13,1.9391261901943626
2019-02-14,1.6421355091712593
2019-02-15,1.9960373700184377
2019-02-16,2.1717634781443538
2019-02-17,2.622938217812611
2019-02-18,1.3848104697210117
2019-02-19,1.3175151003678214
2019-02-20,1.4332020838920057
2019-02-21,1.4976559163310363
2019-02-22,1.530635570593724
2019-02-23,1.4749585817439832
2019-02-24,1.3592926405851524
2019-02-25,1.3664184028470634
2019-02-26,1.4281765830279851
2019-02-27,1.3087467081142647
2019-02-28,1.2253425054504825
2019-03-01,1.4975363501717185
2019-03-02,1.3518889148667774
2019-03-03,1.2825117482311872
2019-03-04,1.2283970100801525
2019-03-05,1.1313385869919395
2019-03-06,1.0425748233920342
2019-03-07,0.9736695179351829
2019-03-08,0.8977765707298945
2019-03-09,0.8223217211619687
2019-03-10,0.8384443247934767
2019-03-11,1.0337244189913009
2019-03-12,0.7751249745898994
2019-03-13,0.8441589948279307
2019-03-14,0.8775490034009606
2019-03-15,0.8946737519533113
2019-03-16,0.9185849968326076
2019-03-17,0.9198152634301662
2019-03-18,0.8180370042140734
2019-03-19,0.7761344723863859
2019-03-20,0.780270103900486
2019-03-21,0.8158859081667869
2019-03-22,0.7740011458946204
2019-03-23,0.91374551326224
2019-03-24,0.7447948206900038
2019-03-25,0.8104515600187886
2019-03-26,0.7653436911279083
2019-03-27,0.6797421767604473
2019-03-28,0.670755149846058
2019-03-29,0.8808786520570828
2019-03-30,0.6754998662515217
2019-03-31,0.7236141437630452
2019-04-01,0.7198973479802315
2019-04-02,0.7593089644492408
2019-04-03,0.7472444601107207
2019-04-04,0.8760571892075232
2019-04-05,0.729828555304449
2019-04-06,0.82779313861938
2019-04-07,0.8485476228379825
2019-04-08,0.9377836712889812
2019-04-09,1.0077649239814992
2019-04-10,1.027356832554794
2019-04-11,1.3126795243786569
2019-04-12,1.6540980120050572
2019-04-13,1.5862944903646121
2019-04-14,1.1473630641517538
2019-04-15,1.1029909282613686
2019-04-16,1.5369501105725731
2019-04-17,2.977909033182918
2019-04-18,1.7346890589967126
2019-04-19,1.4214725322758122
2019-04-20,1.3588226222416733
2019-04-21,1.3126672281545972
2019-04-22,1.2881274868866788
2019-04-23,1.1612635330487069
2019-04-24,1.1002869720775126
2019-04-25,1.2323841939500806
2019-04-26,1.3025830859091332
2019-04-27,1.3918731072956412
2019-04-28,1.4555414748057005
2019-04-29,1.1837061000064082
2019-04-30,1.1104445365913376
2019-05-01,1.240852435320891
2019-05-02,1.2666104213362475
2019-05-03,1.25597642213105
2019-05-04,1.2760712911774716
2019-05-05,1.2394173374593087
2019-05-06,1.23266739492197
2019-05-07,1.4661396870462693
2019-05-08,1.467401826404693
2019-05-09,1.4580299604624336
2019-05-10,1.2518833512488343
2019-05-11,1.2144148167956286
2019-05-12,1.2969798768126606
2019-05-13,1.3503408379472739
2019-05-14,1.4663669282133869
2019-05-15,1.8983428247918679
2019-05-16,2.099978463171407
2019-05-17,2.044981934973127
2019-05-18,2.12518487261145
2019-05-19,2.0017381779680257
2019-05-20,2.2202390880594978
2019-05-21,2.2354205865477867
2019-05-22,1.9203917903990209
2019-05-23,2.1338626213561795
2019-05-24,1.8424591023236543
2019-05-25,1.393684245707426
2019-05-26,1.0327217793645687
2019-05-27,0.9795733905438404
2019-05-28,1.2207040327484497
2019-05-29,1.4124729479854694
2019-05-30,1.4059997719663506
2019-05-31,1.5155429342378026
2019-06-01,1.1997609580431676
2019-06-02,0.7379244286484604
2019-06-03,0.6851949951946553
2019-06-04,0.7055042477773528
2019-06-05,0.688673004510147
2019-06-06,0.7577086415333947
2019-06-07,0.8445587919386087
2019-06-08,0.7848271950811013
2019-06-09,0.8147008227863741
2019-06-10,1.2842290175910336
2019-06-11,1.7441687076645545
2019-06-12,1.9211794049123425
2019-06-13,1.8040186101181392
2019-06-14,1.50958746648182
2019-06-15,1.302294510207844
2019-06-16,1.1458718113198005
2019-06-17,1.1248365990539693
2019-06-18,1.1114499318138171
2019-06-19,1.1287959350443748
2019-06-20,1.1838684796612704
2019-06-21,1.2084931519479216
2019-06-22,1.1652173932950665
2019-06-23,0.5560911503519299
2019-06-24,0.4482149844291016
2019-06-25,0.417989029913784
2019-06-26,0.4042649732698691
2019-06-27,0.3863774394176856
2019-06-28,0.3570727510435173
2019-06-29,0.33228106492381665
2019-06-30,0.31155296996351695
2019-07-01,0.5857343327840043
2019-07-02,0.5199229484998118
2019-07-03,0.5000539522582512
2019-07-04,0.4513432119014039
2019-07-05,0.21279772600240895
2019-07-06,0.18099832724814935
2019-07-07,0.16592374324364287
2019-07-08,0.15312833931930367
2019-07-09,0.14110217785394813
2019-07-10,0.12042730138033585
2019-07-11,0.10394136411489847
2019-07-12,0.0889811151478586
2019-07-13,0.07615036508629892
2019-07-14,0.0656865041510744
2019-07-15,0.05765332918516627
2019-07-16,0.0511123206492225
2019-07-17,0.04558261306558341
2019-07-18,0.04143388087453058
2019-07-19,0.038129744956770406
2019-07-20,0.03501469594106265
2019-07-21,0.03214431620667637
2019-07-22,0.029741960669235037
2019-07-23,0.027782389592715857
2019-07-24,0.026135938782655056
2019-07-25,0.02475437325858593
2019-07-26,0.023657988469134243
2019-07-27,0.02595903991853605
2019-07-28,0.02501006910777962
2019-07-29,0.021865300987648523
2019-07-30,0.021410954434697097
2019-07-31,0.021104065206051643
2019-08-01,0.023601459258980353
2019-08-02,0.023308321034430375
2019-08-03,0.023027154957350353
2019-08-04,0.02275339887983938
2019-08-05,0.022483263797480734
2019-08-06,0.022217338606984473
2019-08-07,0.021964976914112064
2019-08-08,0.021733573275373366
2019-08-09,0.021510697819055156
2019-08-10,0.021298407104030977
2019-08-11,0.02109519323186858
2019-08-12,0.020889040075949897
2019-08-13,0.02068823014437151
2019-08-14,0.0204984409053075
2019-08-15,0.020314768811857977
2019-08-16,0.020137563029400164
2019-08-17,0.019970779793824108
2019-08-18,0.019819257071561482
2019-08-19,0.019690808453707707
2019-08-20,0.019574379017255637
2019-08-21,0.019453841671822274
2019-08-22,0.019338410116889453
2019-08-23,0.01930635113347512
2019-08-24,0.033073868709399455
2019-08-25,0.019027889092327537
2019-08-26,0.01893104440401836
2019-08-27,0.01883447533050192
2019-08-28,0.01874779312369513
2019-08-29,0.018670045667455615
2019-08-30,0.018599327682620227
2019-08-31,0.019460288803281725
2019-09-01,0.028280424774374757
2019-09-02,0.025494862491049628
2019-09-03,0.1512479975662636
2019-09-04,0.03132748677907455
2019-09-05,0.014383478099971989
2019-09-06,0.014362075210472008
2019-09-07,0.014338317597124346
2019-09-08,0.017909096582813817
2019-09-09,0.014297328510037491
2019-09-10,0.014276337478841463
2019-09-11,0.014252588850738528
2019-09-12,0.01422922044996478
2019-09-13,0.014209376847673738
2019-09-14,0.014195341148208078
2019-09-15,0.014183166977065816
2019-09-16,0.014167617379647552
2019-09-17,0.014150328557614673
2019-09-18,0.014133465238404702
2019-09-19,0.014116606547533776
2019-09-20,0.014099756982613607
2019-09-21,0.014082828795805564
2019-09-22,0.0140670834759305
2019-09-23,0.014052931447285725
2019-09-24,0.014040876890465452
2019-09-25,0.01403020246581461
2019-09-26,0.014019677338526985
2019-09-27,0.014010439578043364
2019-09-28,0.050215963544492453
2019-09-29,0.03477177869560344
2019-09-30,0.027674961137948307
2019-10-01,0.03523053220806217
2019-10-02,0.018152544900881144
2019-10-03,0.015948523219231354
2019-10-04,0.06235627131995587
2019-10-05,0.04369375586857416
2019-10-06,0.01379954683519073
2019-10-07,0.013793526501633764
2019-10-08,0.0356791562656785
2019-10-09,0.019150213932198432
2019-10-10,0.047716886226968985
2019-10-11,0.018634611435255414
2019-10-12,0.09136538115537313
2019-10-13,0.015185948196747746
2019-10-14,0.01378796424135022
2019-10-15,0.014872470988508583
2019-10-16,0.039949598003752744
2019-10-17,0.014266373831536379
2019-10-18,0.05254353520097852
2019-10-19,0.05258089008459625
2019-10-20,0.03999314131927402
2019-10-21,0.014710986505090541
2019-10-22,0.5744423496325171
2019-10-23,1.8832954583074923
2019-10-24,1.010811712664785
2019-10-25,0.03202263959256375
2019-10-26,0.018262058051837664
2019-10-27,0.03945165045403628
2019-10-28,0.022513520107522028
2019-10-29,0.6557710960086701
2019-10-30,0.41301457350980975
2019-10-31,0.022820621116481768
2019-11-01,1.7051298362117857
2019-11-02,1.1846629634855357
2019-11-03,0.2100802433924451
2019-11-04,0.02217681908781123
2019-11-05,0.019813512456436377
2019-11-06,0.020202775225300368
2019-11-07,0.02079971834294719
2019-11-08,0.23277088445056618
2019-11-09,0.39504600206113016
2019-11-10,0.03632736596663906
2019-11-11,0.035724753387246705
2019-11-12,0.05922786136334303
2019-11-13,0.03139853010596174
2019-11-14,0.03228008810229781
2019-11-15,0.030335055113119368
2019-11-16,0.02449471269230902
2019-11-17,0.025818574980453896
2019-11-18,0.0237241543029338
2019-11-19,0.022104612398838933
2019-11-20,0.02301447716358345
2019-11-21,0.022650019138540138
2019-11-22,0.05283331878525962
2019-11-23,0.20761820176030446
2019-11-24,0.37250804359329326
2019-11-25,0.7562556251439627
2019-11-26,0.862895409326246
2019-11-27,0.19169566788441136
2019-11-28,0.14562456743535465
2019-11-29,0.03068176475010862
2019-11-30,0.04371749753557701
2019-12-01,0.4384937615968872
2019-12-02,0.6689007640642581
2019-12-03,0.06508307008376643
2019-12-04,0.03405407271131013
2019-12-05,0.06274191899432373
2019-12-06,0.12598432693168002
2019-12-07,0.07292201557478621
2019-12-08,0.09091120254307401
2019-12-09,0.10235566119096175
2019-12-10,0.06052477496992341
2019-12-11,0.0457516331365883
2019-12-12,0.05788497302085508
2019-12-13,0.061730363716538915
2019-12-14,0.572899725514896
2019-12-15,0.7120205048152802
2019-12-16,0.3155225249535515
2019-12-17,0.8001419781953688
2019-12-18,1.669962487210586
2019-12-19,1.515411863939981
2019-12-20,0.7880574882460117
2019-12-21,1.0344833292887712
2019-12-22,2.1448219569950564
2019-12-23,2.4815552952621
2019-12-24,2.3168938407147333
2019-12-25,2.373064845095748
2019-12-26,2.0235448898061463
2019-12-27,1.9669966548017617
2019-12-28,1.8723900933497177
2019-12-29,1.7355755255446657
2019-12-30,1.620542650069812
2019-12-31,1.5009005791952326
2020-01-01,0.8783904165002092
2020-01-02,0.8072818758305463
2020-01-03,0.745144585205521
2020-01-04,0.6873482713291426
2020-01-05,0.690767752616128
2020-01-06,0.683712655136835
2020-01-07,0.573766210961003
2020-01-08,0.5564434488002381
2020-01-09,0.540535098953012
2020-01-10,0.5072178737465862
2020-01-11,0.4717090116708103
2020-01-12,0.45129985745065315
2020-01-13,0.43112630788120565
2020-01-14,0.40950106648311363
2020-01-15,0.3899495681798075
2020-01-16,0.3740491024160334
2020-01-17,0.35246678078825916
2020-01-18,0.47717059159028186
2020-01-19,0.541129006984367
2020-01-20,0.9192050536817925
2020-01-21,0.6736978766776456
2020-01-22,0.7168637441000829
2020-01-23,0.7933479555829541
2020-01-24,1.2956727713167153
2020-01-25,1.638237254156738
2020-01-26,1.2130663393859702
2020-01-27,1.2067466463569319
2020-01-28,1.140774653288088
2020-01-29,1.1825663228812167
2020-01-30,1.4818417135188393
2020-01-31,1.5178452096813468
2020-02-01,1.2071462583882098
2020-02-02,1.1352331704890821
2020-02-03,1.0727646133671906
2020-02-04,0.9938940334392299
2020-02-05,0.9103318522763819
2020-02-06,0.8339036226966383
2020-02-07,0.7610344300797024
2020-02-08,0.6907059012194608
2020-02-09,0.6372899438719838
2020-02-10,0.6975403371826253
2020-02-11,0.7331312124318493
2020-02-12,0.5814333108365167
2020-02-13,0.6094656116638065
2020-02-14,0.6238288575750791
2020-02-15,0.5729149549131132
2020-02-16,0.5991454473758467
2020-02-17,0.5531074120537894
2020-02-18,0.5733731966288915
2020-02-19,0.5703538093627576
2020-02-20,0.5170607616666909
2020-02-21,0.49727992274166216
2020-02-22,0.4689700814708465
2020-02-23,0.5157889441337892
2020-02-24,0.53550631840316
2020-02-25,0.5830444514108906
2020-02-26,0.6059650145623255
2020-02-27,0.6097280157069345
2020-02-28,0.49503823292431276
2020-02-29,0.8004847732322691
2020-03-01,2.115173558196982
2020-03-02,1.9456572941641412
2020-03-03,1.7028939853476748
2020-03-04,1.7327426535758277
2020-03-05,1.6376142224429913
2020-03-06,2.820306269433255
2020-03-07,8.133982373971707
2020-03-08,3.464781045802459
2020-03-09,1.9233904021204322
2020-03-10,1.9278445210631021
2020-03-11,1.9039330493211917
2020-03-12,1.8853399027733355
2020-03-13,1.8488569806833732
2020-03-14,1.7942147146331369
2020-03-15,1.6832265731751628
2020-03-16,1.75624506417314
2020-03-17,1.61077133925305
2020-03-18,1.4258043724336273
2020-03-19,1.3711229488968566
2020-03-20,1.2784207193879416
2020-03-21,1.2114624433089456
2020-03-22,1.1630964687479972
2020-03-23,1.0273340012007084
2020-03-24,0.9726561537944458
2020-03-25,0.8843579982948876
2020-03-26,0.8293726384002867
2020-03-27,0.8272923923739707
2020-03-28,0.8238711934503231
2020-03-29,0.7454456855649662
2020-03-30,0.7031643225504774
2020-03-31,0.683500218086504
2020-04-01,0.660903108107081
2020-04-02,0.6884570146330707
2020-04-03,0.6726648254558555
2020-04-04,0.7999332660607633
2020-04-05,1.134932226448202
2020-04-06,0.9318930901819863
2020-04-07,0.8439102094686186
2020-04-08,0.8334376636731643
2020-04-09,0.8587671768437655
2020-04-10,0.8536217454791477
2020-04-11,0.9037450380152247
2020-04-12,0.9846238024195201
2020-04-13,1.0086531022577836
2020-04-14,1.3934833138440117
2020-04-15,1.2662769539737786
2020-04-16,1.3989269613966338
2020-04-17,1.5957255216954729
2020-04-18,1.6960519366861162
2020-04-19,1.7292757565766816
2020-04-20,2.022973051473902
2020-04-21,1.9991901943684942
2020-04-22,1.810744694354811
2020-04-23,1.765127826383596
2020-04-24,1.32033717681662
2020-04-25,0.9399446196165563
2020-04-26,0.996730393027254
2020-04-27,1.3006671157157963
2020-04-28,1.4251895560782144
2020-04-29,1.2101174262970733
2020-04-30,0.7570340783801808
2020-05-01,1.0682036155335197
2020-05-02,1.365744052033975
2020-05-03,1.5450630504618585
2020-05-04,1.4438334435006703
2020-05-05,1.2365397200950474
2020-05-06,0.7513647338145414
2020-05-07,0.7707749461432819
2020-05-08,0.8524218630339377
2020-05-09,1.179397731039529
2020-05-10,1.5096245211859767
2020-05-11,1.7102665549681544
2020-05-12,1.5277095185136482
2020-05-13,1.2748314101879377
2020-05-14,1.36339403808166
2020-05-15,1.4552608007593524
2020-05-16,1.3923373804539005
2020-05-17,1.2772283773428261
2020-05-18,1.2865274186556845
2020-05-19,1.00849316271859
2020-05-20,0.8596207216447433
2020-05-21,0.9347237480446905
2020-05-22,0.7853955417026609
2020-05-23,1.111681296842351
2020-05-24,1.3911375579243814
2020-05-25,1.3145171857433138
2020-05-26,1.0067772123830823
2020-05-27,1.0288528983729561
2020-05-28,1.1953761712499433
2020-05-29,1.1647459752997624
2020-05-30,0.9431090210094883
2020-05-31,0.9544375841304902
2020-06-01,0.9097233619886556
2020-06-02,0.8147995613059945
2020-06-03,0.6918395017913692
2020-06-04,0.72033865096983
2020-06-05,0.4785418527335669
2020-06-06,0.460744987180153
2020-06-07,0.42145385308662847
2020-06-08,0.38918937872827475
2020-06-09,0.34756083157125345
2020-06-10,0.31709608906236225
2020-06-11,0.3302429082447609
2020-06-12,0.27620300950273763
2020-06-13,0.21865642848905734
2020-06-14,0.20187284043197723
2020-06-15,0.21641230363099973
2020-06-16,0.20874524981307957
2020-06-17,0.19882508290564724
2020-06-18,0.1431551523317308
2020-06-19,0.11217280804944423
2020-06-20,0.10271245527413941
2020-06-21,0.09087654043552033
2020-06-22,0.07644715697631592
2020-06-23,0.06857932308816249
2020-06-24,0.060657842659045426
2020-06-25,0.054942409981833015
2020-06-26,0.048087076771696415
2020-06-27,0.04176584361271958
2020-06-28,0.03586462442182624
2020-06-29,0.030823738803448388
2020-06-30,0.026788627847845036
2020-07-01,0.048660347438018094
2020-07-02,0.04421425741035956
2020-07-03,0.04098713717443398
2020-07-04,0.03816089494707266
2020-07-05,0.035529964483506565
2020-07-06,0.03307883280266898
2020-07-07,0.030799048412071327
2020-07-08,0.04231124304596315
2020-07-09,0.0272793387650182
2020-07-10,0.025730276267071528
2020-07-11,0.024341615994134508
2020-07-12,0.023263299314460723
2020-07-13,0.022512660463390722
2020-07-14,0.02204003597261481
2020-07-15,0.021701441117689745
2020-07-16,0.021408724271373466
2020-07-17,0.021130874115381417
2020-07-18,0.02086910376914702
2020-07-19,0.020612379023888835
2020-07-20,0.020353101083051214
2020-07-21,0.020095530498882953
2020-07-22,0.01983199756652283
2020-07-23,0.019574115565862332
2020-07-24,0.019329941564696883
2020-07-25,0.01909985544001843
2020-07-26,0.018883771291279643
2020-07-27,0.01868003897417084
2020-07-28,0.018485432524446427
2020-07-29,0.018297778526241322
2020-07-30,0.018118253569678156
2020-07-31,0.017942821575534
2020-08-01,0.02012951215054129
2020-08-02,0.019941280922971125
2020-08-03,0.019769064591674188
2020-08-04,0.019610891608924774
2020-08-05,0.019460394536729618
2020-08-06,0.01932061355256243
2020-08-07,0.019192847372640664
2020-08-08,0.019075863266126786
2020-08-09,0.018967815955245368
2020-08-10,0.018874140967755217
2020-08-11,0.01879148937134278
2020-08-12,0.018710351447211244
2020-08-13,0.018632299205812466
2020-08-14,0.018563043954994647
2020-08-15,0.01850483625034231
2020-08-16,0.018452263203324056
2020-08-17,0.01840442103488206
2020-08-18,0.018359470557587694
2020-08-19,0.018314849380605003
2020-08-20,0.018273209011424065
2020-08-21,0.018232735469707467
2020-08-22,0.01819410532471734
2020-08-23,0.018158495549797874
2020-08-24,0.01812569418857068
2020-08-25,0.018096403526092424
2020-08-26,0.018072102336558482
2020-08-27,1.3476957645435121
2020-08-28,3.9899361463893253
2020-08-29,0.8446027292368794
2020-08-30,0.023665186380060578
2020-08-31,0.047056677042780555
2020-09-01,0.03052661151873174
2020-09-02,0.017490612977060286
2020-09-03,0.017497398954293912
2020-09-04,0.017414741194658443
2020-09-05,0.017282837578771557
2020-09-06,0.017127641780017203
2020-09-07,0.016982364227329037
2020-09-08,0.016853547221580844
2020-09-09,0.01686371125659748
2020-09-10,0.016698977762431073
2020-09-11,0.016643066827587177
2020-09-12,0.01656828514675296
2020-09-13,0.016472133178366148
2020-09-14,0.016373822752454085
2020-09-15,0.016286828380881642
2020-09-16,0.016395929606527977
2020-09-17,0.03361585510236091
2020-09-18,0.016018659151160835
2020-09-19,0.015892036654685384
2020-09-20,0.06438415734394606
2020-09-21,0.01586075231730793
2020-09-22,0.04855402819211734
2020-09-23,0.015545386599570462
2020-09-24,0.015453734738846573
2020-09-25,0.015357327163004421
2020-09-26,0.01526570415804833
2020-09-27,0.015178103919137896
2020-09-28,0.01509779979162864
2020-09-29,0.015026661205350334
2020-09-30,0.01496326654671984
2020-10-01,0.01473606323290561
2020-10-02,0.14683471894288946
2020-10-03,0.2769034778836123
2020-10-04,0.015470626082786121
2020-10-05,0.014680372908151178
2020-10-06,0.014655756566916837
2020-10-07,0.014847838339740885
2020-10-08,0.035069530379517364
2020-10-09,0.014584167317918163
2020-10-10,0.049197959753905646
2020-10-11,0.017884766333992986
2020-10-12,0.014544377274232799
2020-10-13,0.014524643212124572
2020-10-14,0.014497204542483658
2020-10-15,0.014465525558145611
2020-10-16,0.01443333639590355
2020-10-17,0.014403652142011432
2020-10-18,0.014378906736775469
2020-10-19,0.014359519483388641
2020-10-20,0.014343917891096652
2020-10-21,0.014331430583140263
2020-10-22,0.014321732935276022
2020-10-23,0.014311536617865772
2020-10-24,0.014297836767185176
2020-10-25,0.014282885139263108
2020-10-26,0.014269346738884284
2020-10-27,0.014720595254315943
2020-10-28,0.01444158627340156
2020-10-29,0.014451646609568736
2020-10-30,0.014224678951969211
2020-10-31,0.01421492801126668
2020-11-01,0.011148945182656357
2020-11-02,0.01113940797046344
2020-11-03,0.01112887396011983
2020-11-04,0.011118336365404656
2020-11-05,0.011109093317803237
2020-11-06,0.011101735547432412
2020-11-07,0.011095427602393028
2020-11-08,0.011088749752693923
2020-11-09,0.011081765769342364
2020-11-10,0.012385007482614164
2020-11-11,0.01218148332982007
2020-11-12,0.011066530652631131
2020-11-13,0.01106293149552358
2020-11-14,0.011059487589456636
2020-11-15,0.02285102915389129
2020-11-16,0.01282132709309592
2020-11-17,0.031505497495473975
2020-11-18,0.013618180344175087
2020-11-19,0.014247245605201287
2020-11-20,0.01709815943510277
2020-11-21,0.011629571760066442
2020-11-22,0.011033945825021051
2020-11-23,0.01103014029991225
2020-11-24,0.011026505162867012
2020-11-25,0.011023085920155093
2020-11-26,0.014270333197467228
2020-11-27,0.01101858128935704
2020-11-28,0.012929762899989908
2020-11-29,0.011545185454984397
2020-11-30,0.011010448117500049
2020-12-01,0.01084291177033803
2020-12-02,0.010695229397204976
2020-12-03,0.025137106257245644
2020-12-04,0.014162153916992028
2020-12-05,0.010688178538663662
2020-12-06,0.011003282138743634
2020-12-07,0.010683735528820203
2020-12-08,0.17544600446311986
2020-12-09,0.7222169525399792
2020-12-10,0.4156848917678733
2020-12-11,0.28792925038584233
2020-12-12,0.0598589257965569
2020-12-13,0.027219622426149573
2020-12-14,0.06656037991060049
2020-12-15,0.051365291027434305
2020-12-16,0.2032869776288475
2020-12-17,0.6795830319479992
2020-12-18,0.7267144696946614
2020-12-19,0.11891322462922502
2020-12-20,0.04997956586978881
2020-12-21,0.04042139399081263
2020-12-22,0.025750944281318546
2020-12-23,0.03649595586899046
2020-12-24,0.14558528773331714
2020-12-25,0.42731744905355934
2020-12-26,0.3018006217194981
2020-12-27,0.04816843587896998
2020-12-28,0.060906248764197625
2020-12-29,0.06316934572063987
2020-12-30,0.06294252112728665
2020-12-31,0.06833849487692989
2021-01-01,0.038066061369801056
2021-01-02,0.04256972468058042
2021-01-03,0.049854366054923535
2021-01-04,0.03299230671295281
2021-01-05,0.03741856876450334
2021-01-06,0.02907586024199954
2021-01-07,0.029873177086713984
2021-01-08,0.4173720574544912
2021-01-09,0.39449071704124716
2021-01-10,0.19399027327024523
2021-01-11,0.2699370477410922
2021-01-12,0.024081377511243427
2021-01-13,0.01582879420154258
2021-01-14,0.017355765633258326
2021-01-15,0.028522439546891674
2021-01-16,0.0356663165389204
2021-01-17,0.2327172119089232
2021-01-18,0.26423496522755685
2021-01-19,0.016945900853389057
2021-01-20,0.014081195297639234
2021-01-21,0.017788001123415255
2021-01-22,0.014440415314124103
2021-01-23,0.050141713283560915
2021-01-24,0.028528061672337263
2021-01-25,0.04034884933883846
2021-01-26,0.051203499015934
2021-01-27,0.030969750273071472
2021-01-28,0.03735573729359562
2021-01-29,0.09539464346173268
2021-01-30,0.0847459830254333
2021-01-31,0.017090716700676703
2021-02-01,0.01642449486046251
2021-02-02,0.014974393967394252
2021-02-03,0.042343544687714035
2021-02-04,0.06410733738471373
2021-02-05,0.10355701698588846
2021-02-06,0.31234510268245785
2021-02-07,0.05354330438077831
2021-02-08,0.04527073391143804
2021-02-09,0.04856794971167301
2021-02-10,0.04760636066131191
2021-02-11,0.05042604241873939
2021-02-12,0.052206924864846856
2021-02-13,0.053733446842573904
2021-02-14,0.05621613402553456
2021-02-15,0.10359794136637354
2021-02-16,0.2287177052329437
2021-02-17,0.35194048329084426
2021-02-18,0.575086147796315
2021-02-19,0.5029177708038062
2021-02-20,0.5152921563536461
2021-02-21,0.5648081093783592
2021-02-22,0.5946343195174987
2021-02-23,0.610393411008926
2021-02-24,0.6587751959864736
2021-02-25,0.608795319672805
2021-02-26,0.5816340774226227
2021-02-27,0.5681181731602349
2021-02-28,0.5522528392428581
2021-03-01,0.6340780875054758
2021-03-02,0.6185931829666583
2021-03-03,0.62975220384412
2021-03-04,0.6608691641979081
2021-03-05,0.6586350194139403
2021-03-06,0.6434540798060306
2021-03-07,0.5768665237887235
2021-03-08,0.5661261459096071
2021-03-09,0.551381686194196
2021-03-10,0.7700838639169691
2021-03-11,0.5683045770111764
2021-03-12,0.5496591216754239
2021-03-13,0.5432991856866559
2021-03-14,0.5350342253635268
2021-03-15,0.5094744412463782
2021-03-16,0.8630755805240657
2021-03-17,0.7541118776795527
2021-03-18,0.6565447698774661
2021-03-19,0.6746924392827238
2021-03-20,0.7101144831296731
2021-03-21,0.7714543930627608
2021-03-22,0.813623571183221
2021-03-23,0.7877944190065018
2021-03-24,0.7870798312457887
2021-03-25,0.7779393504863874
2021-03-26,0.7684124683674675
2021-03-27,0.85731052573577
2021-03-28,0.8231146594154586
2021-03-29,0.7448719086126737
2021-03-30,0.5434487630082603
2021-03-31,0.4172301456921766
2021-04-01,0.3713266618833845
2021-04-02,0.34740863191511545
2021-04-03,0.3514955175250145
2021-04-04,0.33403176578362787
2021-04-05,0.31605786416746656
2021-04-06,0.3028362921039396
2021-04-07,0.31720873555417106
2021-04-08,0.3093396271034818
2021-04-09,0.28706067598300705
2021-04-10,0.22980561967942675
2021-04-11,0.197706735257578
2021-04-12,0.18614281701744892
2021-04-13,0.18594154797726473
2021-04-14,0.17004622221976493
2021-04-15,0.20071495516044185
2021-04-16,0.24430433408853727
2021-04-17,0.22266172549071825
2021-04-18,0.28349395514050785
2021-04-19,0.3538582571209461
2021-04-20,0.3804801997281443
2021-04-21,0.41587941028215286
2021-04-22,0.4283046557256787
2021-04-23,0.44914316094499446
2021-04-24,0.48246445676123395
2021-04-25,0.44457615155537056
2021-04-26,0.28448881765210454
2021-04-27,0.30471677270582226
2021-04-28,0.3560310463247669
2021-04-29,0.40308909764068107
2021-04-30,0.45337817285443927
2021-05-01,0.49527949873749816
2021-05-02,0.4297971551495648
2021-05-03,0.42267321780255795
2021-05-04,0.4354291134030457
2021-05-05,0.4053392258606773
2021-05-06,0.4260029895997808
2021-05-07,0.4698223417082468
2021-05-08,0.5069996825219217
2021-05-09,0.4637076082193166
2021-05-10,0.44597297045501055
2021-05-11,0.45725638678558017
2021-05-12,0.5324554260523942
2021-05-13,0.6076417235293591
2021-05-14,0.7332106086169402
2021-05-15,0.8530615627845628
2021-05-16,1.0267041308870966
2021-05-17,1.0856178769680893
2021-05-18,0.7748534693434131
2021-05-19,0.7170623625301714
2021-05-20,0.7657071739788678
2021-05-21,0.9351681676761427
2021-05-22,0.9673387274424874
2021-05-23,1.047289487819544
2021-05-24,1.3063062499923428
2021-05-25,1.1171225367032285
2021-05-26,0.9280003843276042
2021-05-27,1.0849465356864048
2021-05-28,0.6412960370685457
2021-05-29,0.8844152057847446
2021-05-30,1.0189285867018396
2021-05-31,1.0739639437923774
2021-06-01,0.7196046994101609
2021-06-02,0.5678144119063473
2021-06-03,0.4777211103771137
2021-06-04,0.44228202833483343
2021-06-05,0.40769466882496647
2021-06-06,0.38450775883803956
2021-06-07,0.3801332306657365
2021-06-08,0.3439503902517483
2021-06-09,0.31608744760632385
2021-06-10,0.27488359357535924
2021-06-11,0.20821421967671402
2021-06-12,0.17619429306727094
2021-06-13,0.14921978856405727
2021-06-14,0.12020129902705999
2021-06-15,0.10139078053619943
2021-06-16,0.08355444275167397
2021-06-17,0.06900425642845584
2021-06-18,0.05740399577514721
2021-06-19,0.04746492698626675
2021-06-20,0.03899504854826363
2021-06-21,0.03206535115307289
2021-06-22,0.026718364014387236
2021-06-23,0.02291650847316674
2021-06-24,0.020279467940416677
2021-06-25,0.01837605987388593
2021-06-26,0.016976630440537863
2021-06-27,0.015882975668760825
2021-06-28,0.01496674936592646
2021-06-29,0.014153076332707048
2021-06-30,0.013407187504258915
2021-07-01,0.026186572292240733
2021-07-02,0.025032116574209232
2021-07-03,0.024134432988639803
2021-07-04,0.023526293834842556
2021-07-05,0.023083943234974678
2021-07-06,0.029133345530413357
2021-07-07,0.02240253241036839
2021-07-08,0.022092672582168623
2021-07-09,0.02177117517248251
2021-07-10,0.021467628759115096
2021-07-11,0.021194176581996106
2021-07-12,0.020940918779726984
2021-07-13,0.02520140722609214
2021-07-14,0.02044209655498925
2021-07-15,0.021777633108502503
2021-07-16,0.020015419334175104
2021-07-17,0.026364101280727307
2021-07-18,0.019639907645068108
2021-07-19,0.019445909919513147
2021-07-20,0.01923732143373494
2021-07-21,0.019022981665286855
2021-07-22,0.018806079218841705
2021-07-23,0.018591399669221766
2021-07-24,0.018371952533433832
2021-07-25,0.01815021990645604
2021-07-26,0.01793872445048888
2021-07-27,0.01774140081693189
2021-07-28,0.017556300093486472
2021-07-29,0.017385571249636637
2021-07-30,0.017234915785075987
2021-07-31,0.017116027833059738
2021-08-01,0.019310149168981085
2021-08-02,0.019187532337137842
2021-08-03,0.019067717177703846
2021-08-04,0.01895057225809399
2021-08-05,0.018839511783561226
2021-08-06,0.018733122867906175
2021-08-07,0.018633673231932758
2021-08-08,0.018544416165288086
2021-08-09,0.018464229875504105
2021-08-10,0.01839209110611051
2021-08-11,0.01832914106744253
2021-08-12,0.01827580413739438
2021-08-13,0.018229676204960726
2021-08-14,0.018188838906919
2021-08-15,0.018153323984061647
2021-08-16,0.01812167250419324
2021-08-17,0.018093283049065077
2021-08-18,0.018069250575433075
2021-08-19,0.018048478046879233
2021-08-20,0.01803028940284562
2021-08-21,0.018014376452293698
2021-08-22,0.018000319942804925
2021-08-23,0.017987429808457318
2021-08-24,0.01797553716993625
2021-08-25,0.017964957932122293
2021-08-26,0.017955885893113123
2021-08-27,0.017947568413892424
2021-08-28,0.017939409960258317
2021-08-29,0.01793178664221488
2021-08-30,0.01792516849924294
2021-08-31,0.017919195102732727
2021-09-01,0.013950827500810292
2021-09-02,0.013946608196011356
2021-09-03,0.013942627244683318
2021-09-04,0.03259479458954209
2021-09-05,0.013935194427635798
2021-09-06,0.029561053482355423
2021-09-07,0.013928071644436955
2021-09-08,0.013924523574530095
2021-09-09,0.013920952342970274
2021-09-10,0.013917327654992949
2021-09-11,0.013913653222849535
2021-09-12,0.013909974405858777
2021-09-13,0.013906317742625579
2021-09-14,0.01390270403872034
2021-09-15,0.013899146989556795
2021-09-16,0.013895711572503085
2021-09-17,0.01389238145864401
2021-09-18,0.01388905207625788
2021-09-19,0.013885723763639309
2021-09-20,0.0138823960807061
2021-09-21,0.013879069421635524
2021-09-22,0.013875743060942082
2021-09-23,0.013872417962614073
2021-09-24,0.013869093423119185
2021-09-25,0.013865769935429212
2021-09-26,0.013862446986613883
2021-09-27,0.013859125006776364
2021-09-28,0.013855803630678376
2021-09-29,0.013852483225553693
2021-09-30,0.01384916359181884
2021-10-01,0.013681393541169727
2021-10-02,0.013678114753677084
2021-10-03,0.013674837093255765
2021-10-04,0.013671559851912204
2021-10-05,0.013668283611423733
2021-10-06,0.013665007959616138
2021-10-07,0.013661733202168723
2021-10-08,0.013658459307527694
2021-10-09,0.013655186300344608
2021-10-10,0.03691222554194357
2021-10-11,0.013738501709234642
2021-10-12,0.01982138507323681
2021-10-13,0.013642101459036115
2021-10-14,0.013638832267922613
2021-10-15,0.013635563467290538
2021-10-16,0.01363405855153222
2021-10-17,0.014759391904152739
2021-10-18,0.01569528132660354
2021-10-19,0.013718666825982662
2021-10-20,0.016080480511072102
2021-10-21,0.024320387354434474
2021-10-22,0.019499993863724564
2021-10-23,0.014202134287732397
2021-10-24,0.013606182991253695
2021-10-25,0.013602922314806275
2021-10-26,0.14870015946817633
2021-10-27,0.02734085221316571
2021-10-28,0.025282504666885912
2021-10-29,0.01887627573733392
2021-10-30,0.014442358428903745
2021-10-31,0.014015792435406854
2021-11-01,0.011452023630193566
2021-11-02,0.01065694382488342
2021-11-03,0.010654391928861591
2021-11-04,0.153275126234648
2021-11-05,0.1251534693036067
2021-11-06,0.013940171819536036
2021-11-07,0.025707777927246028
2021-11-08,0.029582453524693818
2021-11-09,0.014799368915256414
2021-11-10,0.05149365508531441
2021-11-11,0.011993853076602192
2021-11-12,0.01243358691585526
2021-11-13,0.06381496374108449
2021-11-14,0.012410974550411425
2021-11-15,0.012299989156323148
2021-11-16,0.015585098415815147
2021-11-17,0.012488625942229038
2021-11-18,0.010756986038420718
2021-11-19,0.4098803967547779
2021-11-20,0.1686343885708216
2021-11-21,0.02057608344510331
2021-11-22,0.010723918155027927
2021-11-23,0.010784451124269534
2021-11-24,0.010840457502923014
2021-11-25,0.010890796702343126
2021-11-26,0.011206530338013965
2021-11-27,0.015606480578682703
2021-11-28,0.011214826518664744
2021-11-29,0.15880773826495181
2021-11-30,0.18651850343334375
2021-12-01,0.20865238400205824
2021-12-02,0.0721525568651317
2021-12-03,0.011158585775002654
2021-12-04,0.01962745138066853
2021-12-05,0.03406527531701476
2021-12-06,0.042528646624237235
2021-12-07,0.06347487209641132
2021-12-08,0.05916776953142466
2021-12-09,0.04346925967676229
2021-12-10,0.03739636406593529
2021-12-11,0.022623553955786375
2021-12-12,0.02424266901970635
2021-12-13,0.016446366002761746
2021-12-14,0.012678897258712483
2021-12-15,0.012107950597201537
2021-12-16,0.01244808570973251
2021-12-17,0.013095732817617351
2021-12-18,0.013946702085825956
2021-12-19,0.01376738814230283
2021-12-20,0.013672960878713242
2021-12-21,0.014473280924245355
2021-12-22,0.023984424857816874
2021-12-23,0.01998909681560427
2021-12-24,0.026263967096295474
2021-12-25,0.030910178682102704
2021-12-26,0.02681742314562998
2021-12-27,0.023846969202893194
2021-12-28,0.020486595279951936
2021-12-29,0.02469468264576261
2021-12-30,0.0477346350678438
2021-12-31,0.12893166770835282
2022-01-01,0.0517547479254171
2022-01-02,0.027419849160520926
2022-01-03,0.01661425740383743
2022-01-04,0.036541061572135686
2022-01-05,0.03800842676537008
2022-01-06,0.036751516018763274
2022-01-07,0.03797131710973257
2022-01-08,0.018771837303933215
2022-01-09,0.012930886450391501
2022-01-10,0.01170466782327334
2022-01-11,0.011523195696153484
2022-01-12,0.015576708943078447
2022-01-13,0.050158489796044786
2022-01-14,0.30419112965111106
2022-01-15,1.2227249856485867
2022-01-16,1.8176872882854043
2022-01-17,0.3841041997321425
2022-01-18,0.30710510287783666
2022-01-19,0.06368745001813453
2022-01-20,0.012248456771156374
2022-01-21,0.013188497864292922
2022-01-22,0.06259752009578491
2022-01-23,0.41221701506768804
2022-01-24,0.04441597945883684
2022-01-25,0.09860390439819781
2022-01-26,0.3125829669888776
2022-01-27,0.9166615168549594
2022-01-28,0.932535330945768
2022-01-29,0.3296324174918455
2022-01-30,0.325237554227743
2022-01-31,0.35808916399726376
2022-02-01,1.4277188341811318
2022-02-02,3.820267296769896
2022-02-03,2.5012331280452136
2022-02-04,1.6817371933251226
2022-02-05,0.9454163459845998
2022-02-06,2.2276961467864185
2022-02-07,5.719498053754295
2022-02-08,1.2939007815651689
2022-02-09,1.1550578293846023
2022-02-10,1.1897835138686506
2022-02-11,1.3357811750678497
2022-02-12,1.2605259087326217
2022-02-13,1.2812098425803884
2022-02-14,1.6203315077279656
2022-02-15,1.9874017602130378
2022-02-16,2.2313003336296533
2022-02-17,1.9234360304495424
2022-02-18,1.8958513830161672
2022-02-19,1.4060810052020538
2022-02-20,1.4156220812184201
2022-02-21,1.9332075362193504
2022-02-22,1.2980178605472221
2022-02-23,1.229428305452517
2022-02-24,1.1840991903429035
2022-02-25,1.14955575009156
2022-02-26,1.1139232609655916
2022-02-27,1.0690335926650139
2022-02-28,1.0154730671718077
2022-03-01,1.1023443281236205
2022-03-02,1.0528181504695815
2022-03-03,1.040330313121412
2022-03-04,1.034276865962711
2022-03-05,1.0524147092421696
2022-03-06,1.0426354138784795
2022-03-07,0.8842045922896781
2022-03-08,0.7956620515445987
2022-03-09,0.8021220797439009
2022-03-10,0.7784495413920165
2022-03-11,0.7826395782154631
2022-03-12,0.7986865710899896
2022-03-13,0.6755071316051622
2022-03-14,0.6345419025088733
2022-03-15,0.5782556276529803
2022-03-16,0.5299029254487765
2022-03-17,0.5487270956657534
2022-03-18,0.6203034976677774
2022-03-19,0.6369804580411731
2022-03-20,0.6042098152654526
2022-03-21,0.4824719977967373
2022-03-22,0.46397838276544984
2022-03-23,0.7432168852683012
2022-03-24,0.885317143204878
2022-03-25,0.9412314372480124
2022-03-26,0.8987037769771344
2022-03-27,0.9414409738806865
2022-03-28,1.0939192999906981
2022-03-29,0.8937089191871541
2022-03-30,0.9891987776280433
2022-03-31,1.0474678175453687
2022-04-01,0.9299573342675252
2022-04-02,0.7540331083104044
2022-04-03,0.9465353825247418
2022-04-04,0.6374700663263095
2022-04-05,0.6164381257986166
2022-04-06,0.622051257789042
2022-04-07,0.6880674330834131
2022-04-08,0.7604168869014923
2022-04-09,0.8311297987861145
2022-04-10,0.8890735578802849
2022-04-11,0.8564105536344377
2022-04-12,0.950804478756887
2022-04-13,0.9145278271346716
2022-04-14,0.8749469596006656
2022-04-15,0.5878353669011733
2022-04-16,0.6138389220990483
2022-04-17,0.5322923308473022
2022-04-18,0.5987556904111592
2022-04-19,0.6207664932548529
2022-04-20,0.5687165891439259
2022-04-21,0.5263534681335098
2022-04-22,0.4703732621040229
2022-04-23,0.5333599638718463
2022-04-24,0.5114477058250365
2022-04-25,0.531493792274302
2022-04-26,0.45685930860535795
2022-04-27,0.5353243019185594
2022-04-28,0.700157878421347
2022-04-29,0.86334989210711
2022-04-30,1.0697835898114243
2022-05-01,1.5629681178302286
2022-05-02,1.7626095719302148
2022-05-03,1.7975725345997768
2022-05-04,1.5295831530915256
2022-05-05,0.8434996130465942
2022-05-06,0.9465815867835687
2022-05-07,0.8229480554788102
2022-05-08,0.8348366000056733
2022-05-09,0.7756332625864986
2022-05-10,0.7305079226386035
2022-05-11,0.7909906023548039
2022-05-12,0.7673698906316744
2022-05-13,0.7983554178782072
2022-05-14,0.800396321557173
2022-05-15,0.7495044740511329
2022-05-16,0.8531726443575871
2022-05-17,0.7419231765077076
2022-05-18,0.9549451871829159
2022-05-19,0.7283408052734223
2022-05-20,0.6668194909226339
2022-05-21,0.7337301635007897
2022-05-22,0.7351127337997446
2022-05-23,0.8897849908267564
2022-05-24,1.1289889368865442
2022-05-25,1.0949230151363203
2022-05-26,0.8822858216439773
2022-05-27,0.7405265388922848
2022-05-28,0.5898197738192089
2022-05-29,0.6911543799959228
2022-05-30,0.7338653097264513
2022-05-31,0.6965778192205505
2022-06-01,0.7264498875767805
2022-06-02,0.8406943725922128
2022-06-03,0.6821378825374798
2022-06-04,0.8701709986415491
2022-06-05,0.8478572891814495
2022-06-06,0.6337435575301561
2022-06-07,0.547710575220255
2022-06-08,0.5616037253118101
2022-06-09,0.6293149566306806
2022-06-10,0.6104871214347853
2022-06-11,0.6414419444788009
2022-06-12,0.6303532605159381
2022-06-13,0.6623144676446842
2022-06-14,0.7891087031217144
2022-06-15,0.8642459875718507
2022-06-16,0.7630130919544857
2022-06-17,0.5161701596675737
2022-06-18,0.47748026218600487
2022-06-19,0.561161553963732
2022-06-20,0.6677600699606043
2022-06-21,0.7692617636959542
2022-06-22,0.5923451612735974
2022-06-23,0.658921542329863
2022-06-24,0.6151785738702256
2022-06-25,0.5785032358536397
2022-06-26,0.6704636649513132
2022-06-27,0.6889818308009832
2022-06-28,0.5356963697336097
2022-06-29,0.3825222363270063
2022-06-30,0.5108767828594414
2022-07-01,1.3053221469491012
2022-07-02,1.4124437743965466
2022-07-03,1.1933879432436316
2022-07-04,0.7440811111603444
2022-07-05,0.7338171625870211
2022-07-06,0.6782426731433021
2022-07-07,0.6649797837416566
2022-07-08,0.6531952830170875
2022-07-09,0.621803942774913
2022-07-10,0.5856108900895117
2022-07-11,0.5534877121728106
2022-07-12,0.5368821873750884
2022-07-13,0.5422121433194386
2022-07-14,0.3452171873387717
2022-07-15,0.18370765516383564
2022-07-16,0.16125139545546816
2022-07-17,0.1482475555490547
2022-07-18,0.13388019314286642
2022-07-19,0.11626922596380021
2022-07-20,0.10060340992933911
2022-07-21,0.08725448401806357
2022-07-22,0.07568815467024144
2022-07-23,0.06554417738943795
2022-07-24,0.05686811219693448
2022-07-25,0.049999462622992666
2022-07-26,0.04457151198043027
2022-07-27,0.040284943281185794
2022-07-28,0.03661428832295132
2022-07-29,0.03352950671214585
2022-07-30,0.03107679161684127
2022-07-31,0.02904419543500008
2022-08-01,0.030861967262864082
2022-08-02,0.029141934935807755
2022-08-03,0.02764692474262828
2022-08-04,0.026263113149157524
2022-08-05,0.025074203915963694
2022-08-06,0.024131512651870773
2022-08-07,0.023453351185324697
2022-08-08,0.02299796327934902
2022-08-09,0.02272109907977136
2022-08-10,0.022491907952769244
2022-08-11,0.07926042953929327
2022-08-12,0.022173068001039697
2022-08-13,0.06608659574679068
2022-08-14,0.0237138762753527
2022-08-15,0.02192032943190418
2022-08-16,0.02177128935831911
2022-08-17,0.02161153429612076
2022-08-18,0.02145263429789174
2022-08-19,0.021307484036588664
2022-08-20,0.02116839221882217
2022-08-21,0.021030928885284853
2022-08-22,0.020900629715539944
2022-08-23,0.020778680719147076
2022-08-24,0.020654438155455344
2022-08-25,0.020529681342488552
2022-08-26,0.020417786282826377
2022-08-27,0.020317935887152156
2022-08-28,0.02022657529561442
2022-08-29,0.02013178462778644
2022-08-30,0.020032435729203293
2022-08-31,0.019926502349212713
2022-09-01,0.0154282945745857
2022-09-02,0.015346113965964867
2022-09-03,0.015262491813362873
2022-09-04,0.015183016507805127
2022-09-05,0.015107097386216968
2022-09-06,0.015041076280921847
2022-09-07,0.014989144014172456
2022-09-08,0.014943594522284468
2022-09-09,0.014896849584719667
2022-09-10,0.01484918235131714
2022-09-11,0.014802714490394362
2022-09-12,0.014758136192276871
2022-09-13,0.01471592144358484
2022-09-14,0.014678468789694454
2022-09-15,0.01464523229516867
2022-09-16,0.014611889990506522
2022-09-17,0.014575251578002591
2022-09-18,0.01453744020388971
2022-09-19,0.014501503452767156
2022-09-20,0.014465998311719326
2022-09-21,0.014430722458067107
2022-09-22,0.014399317439594297
2022-09-23,0.01437148248412078
2022-09-24,0.014344150397978995
2022-09-25,0.014318959059329875
2022-09-26,0.014295406001002589
2022-09-27,0.014272821268432703
2022-09-28,0.01425103039180077
2022-09-29,0.014229907356145622
2022-09-30,0.014210636944400149
2022-10-01,0.014024179918196121
2022-10-02,0.01400608825880999
2022-10-03,0.0139877681667514
2022-10-04,0.013969061832269234
2022-10-05,0.013951970848817255
2022-10-06,0.015276222837206409
2022-10-07,0.013933602117158517
2022-10-08,0.013922765386398172
2022-10-09,0.013910546855940363
2022-10-10,0.013897792886579597
2022-10-11,0.01388445368995126
2022-10-12,0.013870845850914982
2022-10-13,0.013857663495722717
2022-10-14,0.013845744950716513
2022-10-15,0.013835642390284408
2022-10-16,0.01382613163712839
2022-10-17,0.013816455853270753
2022-10-18,0.013807338118773237
2022-10-19,0.013799921287242214
2022-10-20,0.013794696415806364
2022-10-21,0.01379001878153398
2022-10-22,0.013784355528531671
2022-10-23,0.013777802271522203
2022-10-24,0.01377092760878376
2022-10-25,0.013763776188327118
2022-10-26,0.013756678068597436
2022-10-27,0.013750326542621667
2022-10-28,0.014656474404073814
2022-10-29,0.013740046854449678
2022-10-30,0.013734997339782068
2022-10-31,0.01373048796064202
2022-11-01,0.01122343252802035
2022-11-02,0.017348079103302102
2022-11-03,0.01120457451654487
2022-11-04,0.010765724828964538
2022-11-05,0.010762704456906327
2022-11-06,0.01075955204282573
2022-11-07,0.010756445285944456
2022-11-08,0.0107534727878076
2022-11-09,0.01075048756519058
2022-11-10,0.011469942376898717
2022-11-11,0.010744427584199174
2022-11-12,0.010741333495296183
2022-11-13,0.01073826200705138
2022-11-14,0.010735058030962955
2022-11-15,0.010731864037863687
2022-11-16,0.010728737865314295
2022-11-17,0.01072564801248675
2022-11-18,0.010722568901163814
2022-11-19,0.010719533726448653
2022-11-20,0.010716576934221045
2022-11-21,0.010713664447796966
2022-11-22,0.010710773274103172
2022-11-23,0.010707883921619685
2022-11-24,0.010704957493995304
2022-11-25,0.010701991587975064
2022-11-26,0.010699047561249389
2022-11-27,0.010696109221065685
2022-11-28,0.01069315117960994
2022-11-29,0.010690217476431292
2022-11-30,0.010687325031837303
2022-12-01,0.04731645047865287
2022-12-02,0.01159641528707958
2022-12-03,0.01038127730233438
2022-12-04,0.010403039611685087
2022-12-05,0.01037306940889824
2022-12-06,0.010370099272171968
2022-12-07,0.010367291042910778
2022-12-08,0.010364565777732232
2022-12-09,0.010361820473745004
2022-12-10,0.010359138664474273
2022-12-11,0.010356515580745441
2022-12-12,0.010353900125439533
2022-12-13,0.010351289371607252
2022-12-14,0.010348681104666262
2022-12-15,0.010346097699117303
2022-12-16,0.010343543116986348
2022-12-17,0.010340984962487724
2022-12-18,0.010338409195140787
2022-12-19,0.010335836928699303
2022-12-20,0.010333287127026518
2022-12-21,0.010330748071793943
2022-12-22,0.010328221588677813
2022-12-23,0.010325696619812141
2022-12-24,0.010771240702339414
2022-12-25,0.027409603780692432
2022-12-26,0.034411851512234845
2022-12-27,0.013673152956850359
2022-12-28,0.011345561758095639
2022-12-29,0.01057933426965342
2022-12-30,0.309411659776038
2022-12-31,11.975664019908528
2023-01-01,11.71699669842964
2023-01-02,0.38555584352558214
2023-01-03,0.022801343406619195
2023-01-04,0.05778186461075296
2023-01-05,0.01660782116549722
2023-01-06,0.01238142476685387
2023-01-07,0.01637063659829601
2023-01-08,0.02314240597706449
2023-01-09,0.043036539003506825
2023-01-10,0.0893258578878094
2023-01-11,0.10862982948741266
2023-01-12,0.11168655138621043
2023-01-13,0.0470396226354965
2023-01-14,0.019797972337367426
2023-01-15,0.012615615447130801
2023-01-16,0.012243473875267174
2023-01-17,0.1742435312792688
2023-01-18,7.875957113991744
2023-01-19,23.911682597262754
2023-01-20,12.913279848909964
2023-01-21,0.36098639342578404
2023-01-22,0.056767372636230724
2023-01-23,0.057079774529732105
2023-01-24,0.0809584088494181
2023-01-25,0.10282182783304465
2023-01-26,0.11126349493014039
2023-01-27,0.0844659247938229
2023-01-28,0.08270461131691484
2023-01-29,0.3320535701922935
2023-01-30,0.4012941782723254
2023-01-31,0.18284632561567152
2023-02-01,0.1649434990968991
2023-02-02,0.3067159141531057
2023-02-03,0.4201404910015603
2023-02-04,0.3375735150718135
2023-02-05,0.2882490132862812
2023-02-06,0.3649965227281233
2023-02-07,0.5664584418490469
2023-02-08,0.43040377512691724
2023-02-09,0.41409075432134024
2023-02-10,0.46174348083379024
2023-02-11,0.942994323506664
2023-02-12,2.330655868392964
2023-02-13,1.6715685086934136
2023-02-14,1.2447662701167879
2023-02-15,1.1817160932468616
2023-02-16,1.4192849803880363
2023-02-17,1.6905767632284094
2023-02-18,1.2865182637203334
2023-02-19,1.2593771931954385
2023-02-20,1.2016798067901744
2023-02-21,1.1489963805194918
2023-02-22,1.1742229543936582
2023-02-23,1.418872092822481
2023-02-24,1.2522373604349841
2023-02-25,1.3285334265339168
2023-02-26,1.2818856156838823
2023-02-27,1.2601308092185672
2023-02-28,1.3128638218582782
2023-03-01,1.428964889349295
2023-03-02,1.313588612784525
2023-03-03,1.2031240034002464
2023-03-04,1.062963401204586
2023-03-05,0.989473366940403
2023-03-06,0.9290367390711572
2023-03-07,0.8993145755316932
2023-03-08,0.8430876941203805
2023-03-09,0.8255569363565332
2023-03-10,0.8204546276952907
2023-03-11,0.7820233802392194
2023-03-12,0.7100616605229213
2023-03-13,0.6829829782428943
2023-03-14,0.6589606699606222
2023-03-15,0.6105039306549523
2023-03-16,0.5057863691775457
2023-03-17,0.4728205783200163
2023-03-18,0.48377792418676074
2023-03-19,0.561901804430716
2023-03-20,0.6385155499362889
2023-03-21,0.6914436793581379
2023-03-22,0.7796891730384874
2023-03-23,0.8354104408827026
2023-03-24,0.9043486621496208
2023-03-25,0.8378897155938804
2023-03-26,0.8165191354405045
2023-03-27,0.9501871826838297
2023-03-28,1.179728344028759
2023-03-29,1.3017355982387828
2023-03-30,1.4467985601855697
2023-03-31,1.5292262507158225
2023-04-01,1.0831081021610256
2023-04-02,0.6618785240537223
2023-04-03,0.6402625609103272
2023-04-04,0.6629992589650684
2023-04-05,0.6531477673109982
2023-04-06,0.6236773199423107
2023-04-07,0.6730269122823705
2023-04-08,0.7994238345378768
2023-04-09,0.898605960592873
2023-04-10,1.9966943043487126
2023-04-11,3.443302982585261
2023-04-12,2.761273059282026
2023-04-13,1.0015769161025339
2023-04-14,1.0212127762635794
2023-04-15,1.0577404817420601
2023-04-16,1.186551386074342
2023-04-17,1.358416698319342
2023-04-18,1.2424553969096246
2023-04-19,1.1373437222019074
2023-04-20,1.1731135455899109
2023-04-21,1.1398007568010118
2023-04-22,1.2001742742416803
2023-04-23,1.1795867453800108
2023-04-24,1.2174569232005694
2023-04-25,1.3329720223169848
2023-04-26,1.3814955158523263
2023-04-27,1.132678947139223
2023-04-28,1.1337078631663442
2023-04-29,1.0267157197587196
2023-04-30,0.9289987524537668
2023-05-01,0.9773546926934508
2023-05-02,1.0772100597605876
2023-05-03,1.2247571102300066
2023-05-04,1.4217455202475564
2023-05-05,1.4614240059833272
2023-05-06,1.4070256174636504
2023-05-07,0.860259718712455
2023-05-08,0.7708615092626907
2023-05-09,0.7972990417521965
2023-05-10,0.7752673404048678
2023-05-11,0.7226707546400009
2023-05-12,0.8277646613253155
2023-05-13,0.826067261456472
2023-05-14,0.7314294477601561
2023-05-15,0.6833956545582168
2023-05-16,0.6744768319370917
2023-05-17,0.5744810359820128
2023-05-18,0.6625500353939192
2023-05-19,0.7948254787070533
2023-05-20,1.0856138116331087
2023-05-21,1.3442569455743252
2023-05-22,1.4852750423661563
2023-05-23,1.2480190684283723
2023-05-24,1.0965809266299475
2023-05-25,1.2744965529487498
2023-05-26,1.1634043224019046
2023-05-27,1.1817743896818058
2023-05-28,1.3948926926990803
2023-05-29,1.4664769156087978
2023-05-30,1.4035920050943531
2023-05-31,1.2984698783928328
2023-06-01,1.463884446098281
2023-06-02,1.349078801445605
2023-06-03,1.046970807665383
2023-06-04,0.9736088127130713
2023-06-05,0.7036499317066847
2023-06-06,0.4972237568985062
2023-06-07,0.4768061295909987
2023-06-08,0.4235371834711611
2023-06-09,0.3964864751068009
2023-06-10,0.35738717988710944
2023-06-11,0.31835203980300947
2023-06-12,0.3259160206254948
2023-06-13,0.32357664903439787
2023-06-14,0.3057219885696149
2023-06-15,0.2770281650355445
2023-06-16,0.24053750891924544
2023-06-17,0.18913984830229622
2023-06-18,0.15325990577016912
2023-06-19,0.16368780472595973
2023-06-20,0.16788459610757062
2023-06-21,0.18425395564317448
2023-06-22,0.1882915854487059
2023-06-23,0.10205441284337426
2023-06-24,0.08716718190997325
2023-06-25,0.08380519328510341
2023-06-26,0.07781185721895822
2023-06-27,0.061762013813882556
2023-06-28,0.0630862109816535
2023-06-29,0.0491244602068207
2023-06-30,0.04343881395300308
2023-07-01,0.07856285985765177
2023-07-02,0.06976626139543188
2023-07-03,0.06187772826301298
2023-07-04,0.05497831209137089
2023-07-05,0.04942993065322891
2023-07-06,0.04474769031766189
2023-07-07,0.04074246736599805
2023-07-08,0.03730328879990852
2023-07-09,0.08456317747423603
2023-07-10,0.033604183305582395
2023-07-11,0.1868101261091646
2023-07-12,0.029585129392924996
2023-07-13,0.02822017020222188
2023-07-14,0.026586677712809804
2023-07-15,0.02520437087473923
2023-07-16,0.023955948309757343
2023-07-17,0.022917263138080155
2023-07-18,0.022070081269723537
2023-07-19,0.0214303685817746
2023-07-20,0.02104287119344466
2023-07-21,0.02605058470508242
2023-07-22,0.0205754698996147
2023-07-23,0.0203540789077613
2023-07-24,0.02014236141752448
2023-07-25,0.019941757504234187
2023-07-26,0.0197566251629258
2023-07-27,0.019580505988153193
2023-07-28,0.019397229174917947
2023-07-29,0.019207386308227395
2023-07-30,0.0190175188729913
2023-07-31,0.01883604136069985
2023-08-01,0.029060247709269363
2023-08-02,0.02098794615389398
2023-08-03,0.02220580061809946
2023-08-04,0.020668548467067553
2023-08-05,0.020491205999692324
2023-08-06,0.02030702203390735
2023-08-07,0.020130784230940182
2023-08-08,0.01996922780348285
2023-08-09,0.01982180965864248
2023-08-10,0.019685255974114205
2023-08-11,0.01955729116148901
2023-08-12,0.019432556558491448
2023-08-13,0.019314035166628083
2023-08-14,0.0192064576991777
2023-08-15,0.01910465773125679
2023-08-16,0.01900615824324265
2023-08-17,0.01891806140373054
2023-08-18,0.01883195464566603
2023-08-19,0.018750951102550553
2023-08-20,0.018673375062735906
2023-08-21,0.01860094809294273
2023-08-22,0.01853502061391084
2023-08-23,0.018476324113097638
2023-08-24,0.018423443460627045
2023-08-25,0.01837800207291292
2023-08-26,0.018338372891890015
2023-08-27,0.018299618182452498
2023-08-28,0.01826119373947903
2023-08-29,0.018225290514391174
2023-08-30,0.018193307676332086
2023-08-31,0.018163394633689003
2023-09-01,0.014123275142785718
2023-09-02,0.01410341126481729
2023-09-03,0.014085165641970442
2023-09-04,0.014068668050355771
2023-09-05,0.014053363426589992
2023-09-06,0.01404014672558117
2023-09-07,0.02229295922055835
2023-09-08,0.02281485312496204
2023-09-09,0.03501962810507056
2023-09-10,0.026735006789500065
2023-09-11,0.03680834658263139
2023-09-12,0.019891075039544855
2023-09-13,0.05111140034401744
2023-09-14,0.0629808150651606
2023-09-15,0.028817224106809224
2023-09-16,0.013993717725541699
2023-09-17,0.013985126823832187
2023-09-18,0.013976527371969773
2023-09-19,0.025243422804776677
2023-09-20,0.01396218438691926
2023-09-21,0.01395621070613162
2023-09-22,0.03144852392717333
2023-09-23,0.22558949324894478
2023-09-24,0.4524737017871243
2023-09-25,0.1399728654573515
2023-09-26,0.019820831058903917
2023-09-27,0.013959540800032377
2023-09-28,0.01396656945970108
2023-09-29,0.013970700731256884
2023-09-30,0.18910426002893685
2023-10-01,0.059460842113230924
2023-10-02,0.22963428270897038
2023-10-03,0.6313944747999208
2023-10-04,0.013970697244780405
2023-10-05,0.014138737659414664
2023-10-06,0.014267060196474876
2023-10-07,0.014355458551561074
2023-10-08,0.014413961753294572
2023-10-09,0.01444869949865233
2023-10-10,0.014467677981987339
2023-10-11,0.014475135740122687
2023-10-12,0.01446950411415055
2023-10-13,0.014453086468739787
2023-10-14,0.01443178001941471
2023-10-15,0.014408826602875317
2023-10-16,0.014386158079085436
2023-10-17,0.014368284783667586
2023-10-18,0.014358879975246076
2023-10-19,0.9387419224176087
2023-10-20,2.0629400992924034
2023-10-21,0.747030340403208
2023-10-22,0.043829929464442564
2023-10-23,0.040934881054108745
2023-10-24,0.04705282872039744
2023-10-25,0.06422740495627585
2023-10-26,0.052128728610563384
2023-10-27,0.07052412320299048
2023-10-28,0.0819452523434758
2023-10-29,0.050413289938122066
2023-10-30,0.3367099833716589
2023-10-31,0.02477752450367155
2023-11-01,0.02138166035589476
2023-11-02,0.017330362826758965
2023-11-03,0.02206860347169766
2023-11-04,0.024554115329888996
2023-11-05,0.016344059012835064
2023-11-06,0.015526634933098657
2023-11-07,0.015273206900517169
2023-11-08,0.015242137464827665
2023-11-09,0.3472295328789693
2023-11-10,1.145037015930557
2023-11-11,0.016737934416552292
2023-11-12,0.0187024482503189
2023-11-13,0.020497760172875117
2023-11-14,0.027272026926048413
2023-11-15,0.07583768179990251
2023-11-16,0.05341639394411546
2023-11-17,0.029321250625050393
2023-11-18,0.021393415097436357
2023-11-19,0.025092283512272284
2023-11-20,0.024783866021514212
2023-11-21,0.025556113579423938
2023-11-22,0.03259685114763111
2023-11-23,0.04534890739967367
2023-11-24,0.04036320210390768
2023-11-25,0.030838963419351592
2023-11-26,0.023167618246913244
2023-11-27,0.021475855604286432
2023-11-28,0.022187259929264434
2023-11-29,0.024391063260505035
2023-11-30,0.02581707633856238
2023-12-01,0.10362379506179617
2023-12-02,0.02439533584619047
2023-12-03,0.029404477925585454
2023-12-04,0.10754906918493974
2023-12-05,0.021714274825994303
2023-12-06,0.0181605852281211
2023-12-07,0.08232953380953009
2023-12-08,0.2280030432811131
2023-12-09,0.33449213072298534
2023-12-10,0.5438467071975718
2023-12-11,0.10721638071453198
2023-12-12,0.2372702731185669
2023-12-13,0.4421034465570254
2023-12-14,0.13322673083167375
2023-12-15,0.03614489464855023
2023-12-16,0.10333695063880802
2023-12-17,0.02820131561623354
2023-12-18,0.020726922205920095
2023-12-19,0.02077516418538079
2023-12-20,0.0208991825444893
2023-12-21,0.025557050100223154
2023-12-22,0.24357714450020093
2023-12-23,0.15231934790157342
2023-12-24,0.021261495244895914
2023-12-25,0.02138621236032119
2023-12-26,0.02147333422909683
2023-12-27,0.026033398691730165
2023-12-28,0.038330967189480224
2023-12-29,0.022437818265042486
2023-12-30,0.10575438256923898
2023-12-31,0.5474636786924651
2024-01-01,0.6852198980884856
2024-01-02,0.30546075249311333
2024-01-03,0.04164078785278401
2024-01-04,0.019036087683230073
2024-01-05,0.04204625108228269
2024-01-06,0.045509505922348384
2024-01-07,0.04014114120990018
2024-01-08,0.03354697163739079
2024-01-09,0.018006374302423463
2024-01-10,0.025261590346441636
2024-01-11,0.023359682575185118
2024-01-12,0.11769059457811297
2024-01-13,0.1627750779071904
2024-01-14,0.39965415002836935
2024-01-15,0.871715285039952
2024-01-16,0.2688688702142787
2024-01-17,0.029854365784386248
2024-01-18,0.02834694932032152
2024-01-19,0.027145049960575297
2024-01-20,0.03719377832586221
2024-01-21,0.04075676051544752
2024-01-22,0.1548354831063241
2024-01-23,0.5112535566393481
2024-01-24,1.2166632259118006
2024-01-25,0.2830225843291908
2024-01-26,0.27948559070656653
2024-01-27,0.8804715815589035
2024-01-28,1.5599729844971915
2024-01-29,0.6756142980011235
2024-01-30,0.7024175371794229
2024-01-31,0.9170829790239483
2024-02-01,1.0859325305658192
2024-02-02,2.234653674828017
2024-02-03,1.7899548577915305
2024-02-04,1.7138028865642072
2024-02-05,1.6319683921932375
2024-02-06,1.7284153764240002
2024-02-07,3.67061161940788
2024-02-08,2.5308576932863276
2024-02-09,2.4003043034397384
2024-02-10,1.7588666682749983
2024-02-11,2.4202192602133876
2024-02-12,2.43100408812637
2024-02-13,1.439721686955531
2024-02-14,1.4179488560556939
2024-02-15,1.4735830666837364
2024-02-16,1.326802637597904
2024-02-17,1.456684087024247
2024-02-18,1.3517265147367739
2024-02-19,1.3275845117297425
2024-02-20,1.3143429129594268
2024-02-21,1.2722991306835882
2024-02-22,1.1570602786558157
2024-02-23,1.0591471628967861
2024-02-24,0.9826455149406029
2024-02-25,0.9235895730049125
2024-02-26,0.8722802234852353
2024-02-27,0.829550513962092
2024-02-28,0.8066871902614553
2024-02-29,0.789068718415518
2024-03-01,1.0075666033048898
2024-03-02,0.9544955047456869
2024-03-03,1.092406906599748
2024-03-04,0.8404383696692862
2024-03-05,0.7925161307134586
2024-03-06,1.0832242472311275
2024-03-07,1.1104771400286741
2024-03-08,0.9977980736501281
2024-03-09,0.9234411021133316
2024-03-10,1.1611716172231135
2024-03-11,1.0569322470941367
2024-03-12,1.017219633807361
2024-03-13,1.082462278446674
2024-03-14,1.0687727766790627
2024-03-15,1.0815859498097835
2024-03-16,1.0168465306118948
2024-03-17,1.0034450044180587
2024-03-18,0.9795572742578373
2024-03-19,0.9812834923856227
2024-03-20,0.9497564289564653
2024-03-21,0.9456745478201567
2024-03-22,0.8633979180061074
2024-03-23,0.9025829777985783
2024-03-24,0.750413652095653
2024-03-25,0.7122841803505499
2024-03-26,0.713974519395753
2024-03-27,0.7064508484600969
2024-03-28,0.6909503226731352
2024-03-29,0.6987976573671028
2024-03-30,0.7672392393213844
2024-03-31,0.8961495109657028
2024-04-01,0.7572895911886701
2024-04-02,0.7092828399583508
2024-04-03,0.7418642862210887
2024-04-04,0.7063784091745512
2024-04-05,0.7673147384156712
2024-04-06,0.6421135056322481
2024-04-07,0.659587295297154
2024-04-08,0.6887699252175721
2024-04-09,0.716149918671561
2024-04-10,0.7471413738443632
2024-04-11,0.8839141491226234
2024-04-12,0.7519066530912393
2024-04-13,0.6569285846656099
2024-04-14,0.6269700241210516
2024-04-15,0.6068446755241622
2024-04-16,0.6634336436013212
2024-04-17,0.604596110736251
2024-04-18,0.5315569387542893
2024-04-19,0.5108694376928185
2024-04-20,0.4864093114259612
2024-04-21,0.4453865235010011
2024-04-22,0.4810757567931723
2024-04-23,0.5186291663554627
2024-04-24,0.6760927445394436
2024-04-25,0.39304155883834857
2024-04-26,0.43201505734291795
2024-04-27,0.5225300911899006
2024-04-28,0.6501844070735208
2024-04-29,0.7157070031928123
2024-04-30,0.7576674374186563
2024-05-01,0.9874450810928477
2024-05-02,1.0628053128051436
2024-05-03,0.9750718259258027
2024-05-04,0.9185527661090602
2024-05-05,0.8129227165540874
2024-05-06,0.7708727468390167
2024-05-07,0.7268868113161367
2024-05-08,0.6941522152550699
2024-05-09,0.8223276120160303
2024-05-10,0.9796966074657101
2024-05-11,0.9420929004452919
2024-05-12,0.8230561067117267
2024-05-13,0.8677829732022865
2024-05-14,1.1055125245451156
2024-05-15,1.2543884207411788
2024-05-16,1.3383883598322444
2024-05-17,1.4663495567856588
2024-05-18,1.3063879199930228
2024-05-19,0.9160407261856137
2024-05-20,1.3402985079993206
2024-05-21,1.3027153966218694
2024-05-22,1.184283977638657
2024-05-23,1.3101710932428972
2024-05-24,1.411921342963803
2024-05-25,1.10891052698487
2024-05-26,0.6481035655834237
2024-05-27,0.8467731224017365
2024-05-28,0.9919000397180565
2024-05-29,0.9794925012362459
2024-05-30,0.8898773094768069
2024-05-31,0.9963349041002342
2024-06-01,0.8965625102930449
2024-06-02,0.5756154058772264
2024-06-03,0.568486386775125
2024-06-04,0.49641181205259843
2024-06-05,0.4261313564936456
2024-06-06,0.37906598541967146
2024-06-07,0.32835183830257103
2024-06-08,0.305507922098487
2024-06-09,0.27822951095566667
2024-06-10,0.24652196421283584
2024-06-11,0.19909621072865374
2024-06-12,0.21157468250018546
2024-06-13,0.145988866615502
2024-06-14,0.1306630031005037
2024-06-15,0.11736480289279652
2024-06-16,0.09740132445016139
2024-06-17,0.0863329198544649
2024-06-18,0.07476047067416956
2024-06-19,0.06457796072279558
2024-06-20,0.055431584361079395
2024-06-21,0.04721786376660928
2024-06-22,0.040629038908642674
2024-06-23,0.03564868507501954
2024-06-24,0.03162851619195712
2024-06-25,0.02795840892499182
2024-06-26,0.024359401328602696
2024-06-27,0.02124872168241188
2024-06-28,0.01897357130844535
2024-06-29,0.017312435649402567
2024-06-30,0.015938565712971465
2024-07-01,0.030284089557724363
2024-07-02,0.0282603259240211
2024-07-03,0.026677179192460636
2024-07-04,0.02538998570291311
2024-07-05,0.02429366701664851
2024-07-06,0.023428488501081767
2024-07-07,0.022832071628038794
2024-07-08,0.022424797582161815
2024-07-09,0.022081749368464715
2024-07-10,0.02177457440379175
2024-07-11,0.0214979944902317
2024-07-12,0.021258078449853918
2024-07-13,0.02476445175434788
2024-07-14,0.022066729250289872
2024-07-15,0.020854428696508727
2024-07-16,0.030936131312939222
2024-07-17,0.02022122069381592
2024-07-18,0.02001468931016636
2024-07-19,0.01979437424866275
2024-07-20,0.019575057942640747
2024-07-21,0.01936007200674599
2024-07-22,0.019150243299217325
2024-07-23,0.01894130854286841
2024-07-24,0.01873142774368903
2024-07-25,0.018523224988596775
2024-07-26,0.018323940446910922
2024-07-27,0.018139299115672428
2024-07-28,0.017963451967407843
2024-07-29,0.017791392110173228
2024-07-30,0.017625750952810465
2024-07-31,0.017466964329097414
2024-08-01,0.019617884279410122
2024-08-02,0.0194620943829632
2024-08-03,0.01931705221923415
2024-08-04,0.019183452851484144
2024-08-05,0.01906233827876804
2024-08-06,0.01895660899395742
2024-08-07,0.01885986046214404
2024-08-08,0.01876855003107886
2024-08-09,0.01869025218711267
2024-08-10,0.018619615087416864
2024-08-11,0.018550727767625126
2024-08-12,0.018485416243973374
2024-08-13,0.018423493859434262
2024-08-14,0.018365380372566
2024-08-15,0.01831548255117849
2024-08-16,0.02160830579840156
2024-08-17,0.0345533701598922
2024-08-18,0.018224841289469097
2024-08-19,0.018189061399995467
2024-08-20,0.018154358765164944
2024-08-21,0.018122714799244648
2024-08-22,0.018095153064951835
2024-08-23,0.018072534461610557
2024-08-24,0.018054019605364218
2024-08-25,0.018038225754220955
2024-08-26,0.018022893826366484
2024-08-27,0.01800684087983954
2024-08-28,0.017991035650138897
2024-08-29,0.017977161084803368
2024-08-30,0.01796559260061638
2024-08-31,0.01795523009612484
2024-09-01,0.01397620977490849
2024-09-02,0.013969800155081952
2024-09-03,0.01396354560457029
2024-09-04,0.013957491934748276
2024-09-05,0.013951662560740973
2024-09-06,0.013946275770901462
2024-09-07,0.013941562468253156
2024-09-08,0.01393717135208622
2024-09-09,0.029397757930688048
2024-09-10,0.013928911359650438
2024-09-11,0.013925060446885346
2024-09-12,0.013921174100083507
2024-09-13,0.013917422343344341
2024-09-14,0.013913782866237285
2024-09-15,0.013910195088215711
2024-09-16,0.013906624602099803
2024-09-17,0.013903053042224996
2024-09-18,0.013899509954917835
2024-09-19,0.013896004066962193
2024-09-20,0.013892501557953735
2024-09-21,0.013888965972986668
2024-09-22,0.013885406618634489
2024-09-23,0.013881838004610795
2024-09-24,0.013878282534151682
2024-09-25,0.03461819285828244
2024-09-26,0.486493333952061
2024-09-27,0.15791606543116743
2024-09-28,0.10724204658323462
2024-09-29,0.03713254416709771
2024-09-30,0.04016123308401595
2024-10-01,0.023419326990852057
2024-10-02,0.013850493900126654
2024-10-03,0.10273862051679226
2024-10-04,0.022250980784945324
2024-10-05,0.013690746913512011
2024-10-06,0.013690321635755665
2024-10-07,0.013689691966563782
2024-10-08,0.013855993354022373
2024-10-09,0.013687415384391305
2024-10-10,0.013685939283407876
2024-10-11,0.013684258256541926
2024-10-12,0.01368236162767438
2024-10-13,0.013680248614855946
2024-10-14,0.01367790043454476
2024-10-15,0.013675375064371912
2024-10-16,0.013672741978492822
2024-10-17,0.013670000858408402
2024-10-18,0.013667152425917903
2024-10-19,0.013664216218901988
2024-10-20,0.013661240119663683
2024-10-21,0.013699972262151531
2024-10-22,0.013728314654913544
2024-10-23,0.013652373955840274
2024-10-24,0.013649394828397998
2024-10-25,0.013646387324979475
2024-10-26,0.01364335237149938
2024-10-27,0.013640280665425835
2024-10-28,0.013637169092767364
2024-10-29,0.013634036430162652
2024-10-30,0.013630890323555597
2024-10-31,0.01362772479542354
2024-11-01,0.010694374937902599
2024-11-02,0.01069188846149785
2024-11-03,0.010689398774561378
2024-11-04,0.010686904134055947
2024-11-05,0.010684403919237485
2024-11-06,0.010681898389394373
2024-11-07,0.010679394915282529
2024-11-08,0.010676921712894433
2024-11-09,0.010674468940107915
2024-11-10,0.03976000854054563
2024-11-11,0.011893189975001885
2024-11-12,0.010667106356261242
2024-11-13,0.010664638749083922
2024-11-14,0.010662164744836696
2024-11-15,0.010659686019993274
2024-11-16,0.010657202539723834
2024-11-17,0.010654715874464152
2024-11-18,0.010652226935980896
2024-11-19,0.01064973535817429
2024-11-20,0.010647241511013966
2024-11-21,0.010644747180106523
2024-11-22,0.010642255114682765
2024-11-23,0.010639766158397656
2024-11-24,0.010637280754750253
2024-11-25,0.010634797584078624
2024-11-26,0.010632315121612676
2024-11-27,0.010629833077103962
2024-11-28,0.010893243253756549
2024-11-29,0.010624870323228586
2024-11-30,0.011491132441913366
2024-12-01,0.04925615959265757
2024-12-02,0.01114903382280679
2024-12-03,0.013885328959976075
2024-12-04,0.015672839355539887
2024-12-05,0.0160278306046598
2024-12-06,0.013452743110411728
2024-12-07,0.012298484580245399
2024-12-08,0.010304718746431853
2024-12-09,0.010302097707279878
2024-12-10,0.01443913213677955
2024-12-11,0.01663121254706833
2024-12-12,0.012674837012003051
2024-12-13,0.01586443956658557
2024-12-14,0.010856105056667347
2024-12-15,0.01060322829631275
2024-12-16,0.010285374750198537
2024-12-17,0.01036581863617993
2024-12-18,0.010491406690175367
2024-12-19,0.01027829201942782
2024-12-20,0.08260365369814682
2024-12-21,0.2515579731358627
2024-12-22,0.08707319935024377
2024-12-23,0.01993907560824101
2024-12-24,0.018682106584637117
2024-12-25,0.24549539332526094
2024-12-26,0.2808134432639358
2024-12-27,0.055045294546949224
2024-12-28,0.022189159887152317
2024-12-29,0.04798551170099757
2024-12-30,0.24721765609031976
2024-12-31,0.20706007427894418
2025-01-01,0.1447526150823007
2025-01-02,0.08252832184091748
2025-01-03,0.06459087768318794
2025-01-04,0.1073480906823457
2025-01-05,0.08501726245818439
2025-01-06,0.04130874928742918
2025-01-07,0.02619981159200885
2025-01-08,0.0221491396019101
2025-01-09,0.021670588087682807
2025-01-10,0.44544520803001947
2025-01-11,0.8889744064826304
2025-01-12,0.43845625542922995
2025-01-13,0.8007262921133209
2025-01-14,0.05443905348703055
2025-01-15,0.011835034168686049
2025-01-16,0.013546245735231553
2025-01-17,0.0341393206200054
2025-01-18,0.30483668722096086
2025-01-19,1.5373190422130456
2025-01-20,1.886956594312887
2025-01-21,0.41645039291632513
2025-01-22,0.06258563063143154
2025-01-23,0.10933980819306192
2025-01-24,0.08223417114163276
2025-01-25,0.09427364739596507
2025-01-26,0.10037014535280181
2025-01-27,0.12421011534580138
2025-01-28,0.14501289944446819
2025-01-29,0.22625329609417108
2025-01-30,0.21931439520393675
2025-01-31,0.13923965124279072
2025-02-01,0.18299486847393012
2025-02-02,0.2686488102545075
2025-02-03,0.2024527701146959
2025-02-04,0.2867640292857053
2025-02-05,0.3018508967973304
2025-02-06,0.34849125413381354
2025-02-07,0.41755031536972526
2025-02-08,0.47934729934350284
2025-02-09,0.46679617970770326
2025-02-10,0.7824668721859409
2025-02-11,0.9047621181411216
2025-02-12,0.8729895264776352
2025-02-13,0.7493032737432976
2025-02-14,0.7763750675579182
2025-02-15,0.7515646157367964
2025-02-16,0.7692308201767569
2025-02-17,0.7913277353524921
2025-02-18,0.7203674439009169
2025-02-19,0.7313382908470357
2025-02-20,0.7848074728141815
2025-02-21,0.8741790383137863
2025-02-22,0.8909261133031873
2025-02-23,1.0378672695669946
2025-02-24,1.1306277748928593
2025-02-25,1.2576325754388413
2025-02-26,1.2317345624322604
2025-02-27,1.0054774055958766
2025-02-28,1.0439227684544687
2025-03-01,1.8892087763507999
2025-03-02,1.6054665960379595
2025-03-03,1.4675243510100586
2025-03-04,1.1702720717330026
2025-03-05,1.162895314634329
2025-03-06,1.136814332449994
2025-03-07,1.0732338958302663
2025-03-08,1.0179912075243291
2025-03-09,0.9515741087116629
2025-03-10,0.9075940957998462
2025-03-11,0.8302280450770072
2025-03-12,0.7652331775745871
2025-03-13,0.7063710224706746
2025-03-14,0.948467425553712
2025-03-15,0.6739198132522528
2025-03-16,0.7096548161205904
2025-03-17,1.1326248429909525
2025-03-18,1.636317782870403
2025-03-19,0.9909958271885425
2025-03-20,1.0324019740140145
2025-03-21,1.1117648930507915
2025-03-22,1.2795065716232707
2025-03-23,1.2902601751257483
2025-03-24,1.2252106688638464
2025-03-25,0.8385511458916481
2025-03-26,0.765563752015766
2025-03-27,0.7295667877358202
2025-03-28,0.6355469314031905
2025-03-29,0.5496722734542752
2025-03-30,0.5648124269512466
2025-03-31,0.6280077774122833
2025-04-01,0.6141710516607902
2025-04-02,0.6329652647267742
2025-04-03,0.48946341379054004
2025-04-04,0.4285891183209238
2025-04-05,0.43578124065974594
2025-04-06,0.426137056158003
2025-04-07,0.42848436740706325
2025-04-08,0.48916302497324726
2025-04-09,0.5346826808445778
2025-04-10,0.5812799465537576
2025-04-11,0.6854306265379072
2025-04-12,0.8104086525544117
2025-04-13,0.8487978745498502
2025-04-14,0.7463450170009664
2025-04-15,0.4992199475392835
2025-04-16,0.6032492322108751
2025-04-17,0.6772453150885903
2025-04-18,0.6501709997901158
2025-04-19,0.605498709317342
2025-04-20,0.7098804137753858
2025-04-21,0.6191060329933396
2025-04-22,0.5832966822140483
2025-04-23,0.6388651042268038
2025-04-24,0.6641085742800359
2025-04-25,0.552148733134639
2025-04-26,0.5194239142512433
2025-04-27,0.5026196063832232
2025-04-28,0.48226002185073175
2025-04-29,0.46958655867648424
2025-04-30,0.4548286373841216
2025-05-01,0.5657257396642824
2025-05-02,0.5935484045950512
2025-05-03,0.6833971124156302
2025-05-04,0.7251692276840032
2025-05-05,0.7855230517156074
2025-05-06,0.6783420615781997
2025-05-07,0.6243547766608601
2025-05-08,0.6234797933799717
2025-05-09,0.6449110038724736
2025-05-10,0.6205056721265855
2025-05-11,0.6461304013290273
2025-05-12,0.7830133210512896
2025-05-13,0.9550040141204699
2025-05-14,0.9596262516993218
2025-05-15,1.0807216015471
2025-05-16,1.2336862192435558
2025-05-17,1.408649384272997
2025-05-18,1.4191304129436124
2025-05-19,0.9144658748681396
2025-05-20,0.6604236134956302
2025-05-21,0.7890223990631386
2025-05-22,0.9668288170757808
2025-05-23,1.1565153143348834
2025-05-24,1.1153483802911404
2025-05-25,1.091409148285753
2025-05-26,1.2598137490228476
2025-05-27,1.3432397252632187
2025-05-28,1.063661280639797
2025-05-29,1.0609868552392598
2025-05-30,0.8935390527875424
2025-05-31,0.860113835370607
2025-06-01,0.8415602850731326
2025-06-02,0.8073394178734808
2025-06-03,0.8193204816000929
2025-06-04,0.776695648141821
2025-06-05,0.5119047141235957
2025-06-06,0.5222331148038769
2025-06-07,0.4919943133722203
2025-06-08,0.4035670036391852
2025-06-09,0.37397243078932
2025-06-10,0.346394362760498
2025-06-11,0.33804026472606796
2025-06-12,0.2742675292217344
2025-06-13,0.18509427485299587
2025-06-14,0.16146137220593787
2025-06-15,0.13286191041965667
2025-06-16,0.11810440623608211
2025-06-17,0.103905114295697
2025-06-18,0.09086569485233961
2025-06-19,0.07908530740408763
2025-06-20,0.06813140862368411
2025-06-21,0.05905479816776673
2025-06-22,0.052667115934145504
2025-06-23,0.04549292679580479
2025-06-24,0.03874463809583685
2025-06-25,0.033145305062330016
2025-06-26,0.028200046084711893
2025-06-27,0.023982746233072064
2025-06-28,0.020785540529887344
2025-06-29,0.018446835993222846
2025-06-30,0.016763293700849807
2025-07-01,0.03187656688323539
2025-07-02,0.029773792686653883
2025-07-03,0.0280244915515438
2025-07-04,0.026598443416092982
2025-07-05,0.025415587774077986
2025-07-06,0.02447804444302495
2025-07-07,0.02380304811720534
2025-07-08,0.023375395378093158
2025-07-09,0.023050825300799226
2025-07-10,0.02274231596436156
2025-07-11,0.022420578864309006
2025-07-12,0.02221360751705861
2025-07-13,0.02185324790138571
2025-07-14,0.021606919374534277
2025-07-15,0.021352888472990203
2025-07-16,0.02108867480415435
2025-07-17,0.020834456298239233
2025-07-18,0.020587642367289813
2025-07-19,0.020342903550877527
2025-07-20,0.020111128434857063
2025-07-21,0.019888813466617594
2025-07-22,0.019662208043087954
2025-07-23,0.0194196630925747
2025-07-24,0.019173087154137628
2025-07-25,0.018939567657826627
2025-07-26,0.01871617345515268
2025-07-27,0.018502718596614665
2025-07-28,0.01830696684320304
2025-07-29,0.018127139380204667
2025-07-30,0.017957655098322364
2025-07-31,0.017794654249678073
2025-08-01,0.019985113376303733
2025-08-02,0.019825195780130228
2025-08-03,0.01967072929316384
2025-08-04,0.019521816373672795
2025-08-05,0.019383680507186044
2025-08-06,0.019262542696842185
2025-08-07,0.01915828336784549
2025-08-08,0.019062145926054236
2025-08-09,0.018969019294039373
2025-08-10,0.018881238610555517
2025-08-11,0.024531752770157005
2025-08-12,0.018736626777961826
2025-08-13,0.01867116726131158
2025-08-14,0.018604066223783522
2025-08-15,0.01853796383147036
2025-08-16,0.018476891322637076
2025-08-17,0.018420176624346054
2025-08-18,0.018368444848640718
2025-08-19,0.01832246648400842
2025-08-20,0.018281076731391833
2025-08-21,0.018243145965313755
2025-08-22,0.01821087029983156
2025-08-23,0.01818463261698458
2025-08-24,0.01815845787114149
2025-08-25,0.018128973329838576
2025-08-26,0.01810064786756187
2025-08-27,0.018074838996146477
2025-08-28,0.018051195803711416
2025-08-29,0.01803106673896879
2025-08-30,0.01801319255699354
2025-08-31,0.01799729124639788
2025-09-01,0.014005582651190188
2025-09-02,0.01399643844841823
2025-09-03,0.013988199925168275
2025-09-04,0.013980976736551461
2025-09-05,0.013974883800691828
2025-09-06,0.013969739032666245
2025-09-07,0.013964494662546135
2025-09-08,0.013959126140575278
2025-09-09,0.013953734068761447
2025-09-10,0.013948137790200205
2025-09-11,0.013942528349113813
2025-09-12,0.013937157182662821
2025-09-13,0.013931983316375829
2025-09-14,0.013927372653481462
2025-09-15,0.013923267644106981
2025-09-16,0.013919273699900028
2025-09-17,0.013915342843006696
2025-09-18,0.013911497733128948
2025-09-19,0.013907817068993971
2025-09-20,0.013904159646345553
2025-09-21,0.013900469724534648
2025-09-22,0.013896802885541615
2025-09-23,0.013893113466680835
2025-09-24,0.013889448233336424
2025-09-25,0.013885822118337639
2025-09-26,0.013882209139918254
2025-09-27,0.01387863332891738
2025-09-28,0.013875083981676807
2025-09-29,0.013871550826637427
2025-09-30,0.014151128764296587
2025-10-01,0.013959531520525151
2025-10-02,0.013697799642724006
2025-10-03,0.013693012987196275
2025-10-04,0.013689647138102718
2025-10-05,0.01368636627297217
2025-10-06,0.013683086490540588
2025-10-07,0.013679807271151452
2025-10-08,0.013676529112768053
2025-10-09,0.013673251561799809
2025-10-10,0.013669974996896362
2025-10-11,0.013666698984189226
2025-10-12,0.013663423755402767
2025-10-13,0.013660149495917952
2025-10-14,0.013656875893152107
2025-10-15,0.013653603369140718
2025-10-16,0.013650331153767495
2025-10-17,0.013647059921500303
2025-10-18,0.013643789539220845
2025-10-19,0.01364051999608203
2025-10-20,0.01363725110867645
2025-10-21,0.01363398288785015
2025-10-22,0.013630715606743258
2025-10-23,0.013627449333394302
2025-10-24,0.01362418348306683
2025-10-25,0.013623621299138565
2025-10-26,0.013617654434925323
2025-10-27,0.01586864843072876
2025-10-28,0.013675760046605433
2025-10-29,0.013607866442851835
2025-10-30,0.013604605527777036
2025-10-31,0.013601345246741463
2025-11-01,0.010673594899907789
2025-11-02,0.010671037150934823
2025-11-03,0.010668479915894718
2025-11-04,0.01066592323426104
2025-11-05,0.010663367227551334
2025-11-06,0.01066081184700342
2025-11-07,0.010658257156859328
2025-11-08,0.010655703012381869
2025-11-09,0.010655549161498369
2025-11-10,0.0106565552073432
2025-11-11,0.011768300329490208
2025-11-12,0.01252868069752307
2025-11-13,0.016236960161796633
2025-11-14,0.01251046370804593
2025-11-15,0.010826435276064921
2025-11-16,0.010716499641518641
2025-11-17,0.010935564745914289
2025-11-18,0.010925401048125841
2025-11-19,0.01062764754161835
2025-11-20,0.010625100680435127
2025-11-21,0.010622554579315211
2025-11-22,0.010620008872932442
2025-11-23,0.010617463840699757
2025-11-24,0.010614919504288523
2025-11-25,0.10336072286893967
2025-11-26,0.010978603610820536
2025-11-27,0.011305898572066158
2025-11-28,0.016068713115228308
2025-11-29,0.23771735953037773
2025-11-30,0.16488696837294894
2025-12-01,0.0747513318393985
2025-12-02,0.19197469661274777
2025-12-03,0.20295687018466857
2025-12-04,0.02396662663236414
2025-12-05,0.04453590616176922
2025-12-06,0.06056912088490046
2025-12-07,0.06573283623453824
2025-12-08,0.05751421157315453
2025-12-09,0.094862205158957
2025-12-10,0.1188932334988539
2025-12-11,0.0937678533958849
2025-12-12,0.026419664817588843
2025-12-13,0.05209340152752691
2025-12-14,0.02076369874248128
2025-12-15,0.012699499615246223
2025-12-16,0.013936589593865309
2025-12-17,0.012900164483919686
2025-12-18,0.01669965193198236
2025-12-19,0.017567957292609404
2025-12-20,0.27553605680037746
2025-12-21,0.1448650030653631
2025-12-22,0.16525751493170016
2025-12-23,0.20361994302582667
2025-12-24,0.0682709914658813
2025-12-25,0.031765050224500845
2025-12-26,0.03588487086232993
2025-12-27,0.048889431628624254
2025-12-28,0.03197085046533061
2025-12-29,0.03405046165015262
2025-12-30,0.11557043635366915
2025-12-31,0.10928512000883837
2026-01-01,0.04096768147190989
2026-01-02,0.015548477195490363
2026-01-03,0.018442959001362606
2026-01-04,0.0191056407250805
2026-01-05,0.019202650448123925
2026-01-06,0.02087940756029875
2026-01-07,0.057509951350210885
2026-01-08,0.08182230175001368
2026-01-09,0.39213230130674587
2026-01-10,1.2696170798205964
2026-01-11,1.4841515333733697
2026-01-12,0.2868071323954216
2026-01-13,0.029044643443389594
2026-01-14,0.20129614466142037
2026-01-15,0.8101989419136663
2026-01-16,0.9468253000110932
2026-01-17,0.06615821155415905
2026-01-18,0.11185874712713838
2026-01-19,0.10739390012017948
2026-01-20,0.07359201681495775
2026-01-21,0.060398375822910445
2026-01-22,0.041104856102260695
2026-01-23,0.03654272505955064
2026-01-24,0.04205604364933381
2026-01-25,0.04848335857091549
2026-01-26,0.0622379473577815
2026-01-27,0.05885116384212547
2026-01-28,0.05009738048490281
2026-01-29,0.051532247163344515
2026-01-30,0.13265632913996794
2026-01-31,0.20029470025600546
2026-02-01,0.308522657130726
2026-02-02,0.48463981352382696
2026-02-03,0.2946475214664739
2026-02-04,0.8213646135832731
2026-02-05,4.278203253348618
2026-02-06,3.7293338867293615
2026-02-07,1.5158163425143651
2026-02-08,1.4420773160756668
2026-02-09,1.3423858690547519
2026-02-10,1.2231041024869287
2026-02-11,1.2009591630940206
2026-02-12,1.2141987225959117
2026-02-13,1.2217340149428357
2026-02-14,1.107615901932118
2026-02-15,1.144214517804437
2026-02-16,1.0937406708734603
2026-02-17,1.098914539392026
2026-02-18,0.8543582227424498
2026-02-19,0.8243091695710786
2026-02-20,0.8303220848784612
2026-02-21,0.8513810718494876
2026-02-22,0.7820693046934244
2026-02-23,0.7145905997610956
2026-02-24,0.7524784291654804
2026-02-25,0.6950740732693373
2026-02-26,0.6030523615415242
2026-02-27,0.5618510117201183
2026-02-28,0.5746979158570642
2026-03-01,0.6276287805756243
2026-03-02,0.6971062044722363
2026-03-03,0.8551146333282331
2026-03-04,0.6011114077775898
2026-03-05,0.6544209543556274
2026-03-06,0.6230213507891007
2026-03-07,0.6250204313522673
2026-03-08,0.6187888501295239
2026-03-09,0.5842077237655172
2026-03-10,0.663678823019423
2026-03-11,0.5122986530402728
2026-03-12,0.4942132772234253
2026-03-13,0.48116000332756287
2026-03-14,0.47237556841233674
2026-03-15,0.48204886877042485
2026-03-16,0.5408244309132627
2026-03-17,0.5589581161207312
2026-03-18,0.5240461971451439
2026-03-19,0.5423328710705034
2026-03-20,0.5303289565858904
2026-03-21,0.5649943920387536
2026-03-22,0.6152659596709243
2026-03-23,0.7439721247759141
2026-03-24,0.8726043851477827
2026-03-25,0.8955201837358887
2026-03-26,0.9114966398028501
2026-03-27,1.028699646815687
2026-03-28,1.207029177159126
2026-03-29,1.1915204226889884
2026-03-30,0.634428426711395
2026-03-31,0.5260764189362308
2026-04-01,0.48816659711331745
2026-04-02,0.5929983952709257
2026-04-03,0.57434407079574
2026-04-04,0.5484320757611306
2026-04-05,0.5587013896902701
2026-04-06,0.48816467855736406
2026-04-07,0.508499112160445
2026-04-08,0.5968139044484909
2026-04-09,0.7104876557456498
2026-04-10,0.7791484021825127
2026-04-11,0.9491335575060701
2026-04-12,1.0681913723000573
2026-04-13,0.8747231708465308
2026-04-14,0.8102731195631374
2026-04-15,0.6997283504400162
2026-04-16,0.6083891313724794
2026-04-17,0.6042823090247261
2026-04-18,0.6772182231617258
2026-04-19,0.6665199602437561
2026-04-20,0.8156618904278702
2026-04-21,1.0639897190480423
2026-04-22,1.289678326028283
2026-04-23,1.2763709223043942
2026-04-24,0.9132070744217232
2026-04-25,0.7365572315656168
2026-04-26,0.6407419054256942
2026-04-27,0.5870525972404645
2026-04-28,0.6242427605332276
2026-04-29,0.5338080239725601
2026-04-30,0.5183216283460748
2026-05-01,0.5676335421781354
2026-05-02,0.5492113158774965
2026-05-03,0.6360633296861811
2026-05-04,0.5175427507815303
2026-05-05,0.4888465364283688
2026-05-06,0.45518276862902884
2026-05-07,0.41269033519007786
2026-05-08,0.38894536723954876
2026-05-09,0.38575220235636853
2026-05-10,0.3442251044757191
2026-05-11,0.31133504625907044
2026-05-12,0.34256977601031247
2026-05-13,0.453145474842332
2026-05-14,0.29547626141496586
2026-05-15,0.27935947718731413
2026-05-16,0.2983535558778142
2026-05-17,0.26931759931861576
2026-05-18,0.2688461041680219
2026-05-19,0.3182459059447088
2026-05-20,0.307076215892292
2026-05-21,0.3664230546628535
2026-05-22,0.4370535008355257
2026-05-23,0.4275683126670707
2026-05-24,0.4376517155607624
2026-05-25,0.475742838868859
2026-05-26,0.4762638630413064
2026-05-27,0.4889181835048073
2026-05-28,0.4994212639814427
2026-05-29,0.4932329472809813
2026-05-30,0.4311382840850811
2026-05-31,0.4099292152485817
2026-06-01,0.42956476733673105
2026-06-02,0.49656360039626934
2026-06-03,0.4003863413816606
2026-06-04,0.41538422047555235
2026-06-05,0.42746875633821146
2026-06-06,0.4466016309465904
2026-06-07,0.45992147664876276
2026-06-08,0.4979991880639334
2026-06-09,0.40903063032322967
2026-06-10,0.33850699971022974
2026-06-11,0.33277553081990413
2026-06-12,0.34201293951564576
2026-06-13,0.36582051627120793
2026-06-14,0.37325957562564854
2026-06-15,0.3301365998902363
2026-06-16,0.2881367597346774
2026-06-17,0.2701798112330447
2026-06-18,0.26238442897533715
2026-06-19,0.2590313986666622
2026-06-20,0.23120188371483583
2026-06-21,0.20662374104728187
2026-06-22,0.14283568100183994
2026-06-23,0.11843788861298822
2026-06-24,0.1107587634453052
2026-06-25,0.10402209717441235
2026-06-26,0.09814922028049393
2026-06-27,0.07532277873066433
2026-06-28,0.06261776201178075
2026-06-29,0.0541604782987437
2026-06-30,0.04719245352612379
2026-07-01,0.08416344944552726
2026-07-02,0.07293955878750764
2026-07-03,0.06407097231346526
2026-07-04,0.0569962531348033
2026-07-05,0.05102000089021727
2026-07-06,0.04591706204409261
2026-07-07,0.04144560625123834
2026-07-08,0.03771193126851346
2026-07-09,0.034655210076520275
2026-07-10,0.03210226751691991
2026-07-11,0.029996030492467202
2026-07-12,0.028275525658396573
2026-07-13,0.03488388258117053
2026-07-14,0.02587065197288115
2026-07-15,0.025162268198658598
2026-07-16,0.024510237731174504
2026-07-17,0.023880561717033996
2026-07-18,0.023288217363163385
2026-07-19,0.0236930304789811
2026-07-20,0.022372547336736853
2026-07-21,0.02196575266480543
2026-07-22,0.021577163629948503
2026-07-23,0.021195268559949947
2026-07-24,0.020828668914965
2026-07-25,0.020485204029146394
2026-07-26,0.020162823045436252
2026-07-27,0.019862771818704855
2026-07-28,0.019578690915606264
2026-07-29,0.01931180245725197
2026-07-30,0.019066127710476385
2026-07-31,0.018836839943619035
2026-08-01,0.021108390429649626
2026-08-02,0.020906698356211277
2026-08-03,0.02070510946245213
2026-08-04,0.020498405442137803
2026-08-05,0.020298838990801104
2026-08-06,0.02010881529067346
2026-08-07,0.03559692142698647
2026-08-08,0.019801958449807498
2026-08-09,0.020017611310623122
2026-08-10,0.01953243674087049
2026-08-11,0.019404986446607875
2026-08-12,0.019297918035044156
2026-08-13,0.019217351668137553
2026-08-14,0.04928046369974032
2026-08-15,0.019077951192914475
2026-08-16,0.018993811683582548
2026-08-17,0.018914832643330715
2026-08-18,0.01883875779141895
2026-08-19,0.018762764490958463
2026-08-20,0.01868953829028929
2026-08-21,0.01862211120840824
2026-08-22,0.018560841532757513
2026-08-23,0.018502571552288346
2026-08-24,0.018447324313703932
2026-08-25,0.018397020072809
2026-08-26,0.018352107135783276
2026-08-27,0.018310945930711833
2026-08-28,0.018272179308386073
2026-08-29,0.018235712620481903
2026-08-30,0.018203361800142443
2026-08-31,0.01817341139405955
2026-09-01,0.014131655516941979
2026-09-02,0.014112754184795243
2026-09-03,0.014095258604341113
2026-09-04,0.014079468519905559
2026-09-05,0.014067285465306414
2026-09-06,0.014059712004832253
2026-09-07,0.014053689670601896
2026-09-08,0.014046810175573143
2026-09-09,0.01403924986564926
2026-09-10,0.01403049341549857
2026-09-11,0.014020964066664263
2026-09-12,0.01401178180333807
2026-09-13,0.01400336098360655
2026-09-14,0.013996434817996246
2026-09-15,0.01399056044292193
2026-09-16,0.013984295856358898
2026-09-17,0.013977426329522953
2026-09-18,0.013970483729217765
2026-09-19,0.01396365100955208
2026-09-20,0.013957110213537427
2026-09-21,0.013950922778930593
2026-09-22,0.013944986032048703
2026-09-23,0.013939204946246439
2026-09-24,0.013933763203114253
2026-09-25,0.01392892032593451
2026-09-26,0.013924507115885474
2026-09-27,0.013920240552731486
2026-09-28,0.013916096597650753
2026-09-29,0.013912076041990995
2026-09-30,0.013908177994612837
2026-10-01,0.013739257448736395
2026-10-02,0.03167615092125957
2026-10-03,0.01373195989155891
2026-10-04,0.01372839372150411
2026-10-05,0.013724899836874532
2026-10-06,0.01372145543394408
2026-10-07,0.0137179895466418
2026-10-08,0.013714492301504613
2026-10-09,0.047959717104405365
2026-10-10,0.30640288531284837
2026-10-11,0.015106687663277696
2026-10-12,0.013773109867976967
2026-10-13,0.02356077017322041
2026-10-14,0.013694271410512023
2026-10-15,0.013690922862905106
2026-10-16,0.013687557691237919
2026-10-17,0.013684190975393732
2026-10-18,0.013680817395554852
2026-10-19,0.013677436689428854
2026-10-20,0.013674067118928232
2026-10-21,0.01367072429838333
2026-10-22,0.01366739511215138
2026-10-23,0.013664051474159318
2026-10-24,0.05425846226966656
2026-10-25,0.37475845898259025
2026-10-26,0.1515606041600165
2026-10-27,0.02207267467636565
2026-10-28,0.019214337356069068
2026-10-29,0.01694823600417408
2026-10-30,0.1205466586895304
2026-10-31,0.1345074119488158
2026-11-01,0.01644770449649013
2026-11-02,0.014398815428867406
2026-11-03,0.012383693484228318
2026-11-04,0.011334582868986347
2026-11-05,0.01324269452775459
2026-11-06,0.01493037298302935
2026-11-07,0.01847841348181942
2026-11-08,0.011095530033683377
2026-11-09,0.14127856095370062
2026-11-10,0.045767869854197875
2026-11-11,0.09405164298717994
2026-11-12,0.0387188810535596
2026-11-13,0.038545134002967316
2026-11-14,0.02949211816295953
2026-11-15,0.01888401134915885
2026-11-16,0.05212873198591761
2026-11-17,0.11464579958327799
2026-11-18,0.11066096781143193
2026-11-19,0.0770369076233095
2026-11-20,0.08215083874291461
2026-11-21,0.05685160844503809
2026-11-22,0.04904933190851227
2026-11-23,0.021193282630031417
2026-11-24,0.0189083728422182
2026-11-25,0.013406626015056895
2026-11-26,0.23581187840166598
2026-11-27,0.03451832407159632
2026-11-28,0.015259710912178466
2026-11-29,0.01289886279663433
2026-11-30,0.036969032305024595
2026-12-01,0.031416189822499475
2026-12-02,0.02447214451597178
2026-12-03,0.035832187012662775
2026-12-04,0.023511750261015863
2026-12-05,0.017568733083134284
2026-12-06,0.01695056479581879
2026-12-07,0.017586292845335673
2026-12-08,0.014484372519509339
2026-12-09,0.014572002135391431
2026-12-10,0.01673733616962751
2026-12-11,0.3275319608711992
2026-12-12,0.1311974705230422
2026-12-13,0.01454916997075764
2026-12-14,0.18524485653904316
2026-12-15,0.80967872109421
2026-12-16,0.21563424130896547
2026-12-17,0.016792798847420538
2026-12-18,0.020559512619069496
2026-12-19,0.021357525981767357
2026-12-20,0.022883910488232538
2026-12-21,0.03182367277620015
2026-12-22,0.06230993258790151
2026-12-23,0.08644446769213211
2026-12-24,0.10215150872333127
2026-12-25,0.10497067904619707
2026-12-26,0.05800717560769485
2026-12-27,0.06648804310417022
2026-12-28,0.06272114459093958
2026-12-29,0.016953618226107543
2026-12-30,0.02183787710093356
2026-12-31,0.018051851520467368
2027-01-01,0.01014398813821127
2027-01-02,0.010172578659624232
2027-01-03,0.010195176168905933
2027-01-04,0.011603914506833011
2027-01-05,0.010230592258483863
2027-01-06,0.010246615873887054
2027-01-07,0.010261632895960321
2027-01-08,0.010278206045887162
2027-01-09,0.01099369256764994
2027-01-10,0.010323550164845464
2027-01-11,0.010327501042476565
2027-01-12,0.010342289754419356
2027-01-13,0.010356118319005575
2027-01-14,0.01186104016925911
2027-01-15,0.017440457401622565
2027-01-16,0.39955690189314613
2027-01-17,2.4877425238218693
2027-01-18,1.4873785106855213
2027-01-19,0.05735128219354118
2027-01-20,0.027643515404018087
2027-01-21,0.042144229586776466
2027-01-22,0.05456090610532104
2027-01-23,0.0625241655600056
2027-01-24,0.13552860218666948
2027-01-25,0.16425071806898942
2027-01-26,0.19261910357946205
2027-01-27,0.025087191376125775
2027-01-28,0.02229664970909244
2027-01-29,0.031728744011971295
2027-01-30,0.03330842850145031
2027-01-31,0.024020313318797903
2027-02-01,0.03537554234134329
2027-02-02,0.024402868537197454
2027-02-03,0.02713480178942399
2027-02-04,0.21142796372966075
2027-02-05,0.2541900101087569
2027-02-06,0.23773186876838628
2027-02-07,0.12594951338409935
2027-02-08,0.03225214128821549
2027-02-09,0.021731293503931423
2027-02-10,0.026054191925105708
2027-02-11,0.026654641277806083
2027-02-12,0.030503228195237528
2027-02-13,0.035709066281612245
2027-02-14,0.24186090107312153
2027-02-15,0.5276436795721094
2027-02-16,0.717604849082265
2027-02-17,0.4248546605590715
2027-02-18,0.3612958407419924
2027-02-19,0.36660280769484943
2027-02-20,0.32826887375354935
2027-02-21,0.37154593455781426
2027-02-22,0.33805579907473027
2027-02-23,0.3310675338263432
2027-02-24,0.31441333502662966
2027-02-25,0.30020984358461106
2027-02-26,0.2881633149289281
2027-02-27,0.27347985796230545
2027-02-28,0.2606217185986445
2027-03-01,0.5584059959274819
2027-03-02,0.6904845993724364
2027-03-03,0.5935561857517955
2027-03-04,1.5356140138236645
2027-03-05,0.9507544361708283
2027-03-06,0.9296632011932758
2027-03-07,0.896222459361816
2027-03-08,0.8394310122439753
2027-03-09,0.7955318362777123
2027-03-10,0.7477417674036758
2027-03-11,0.8324475594718106
2027-03-12,0.8761405739459069
2027-03-13,0.9247490510909789
2027-03-14,0.7405049081619519
2027-03-15,0.7681568682012447
2027-03-16,0.7333838837244863
2027-03-17,0.7227090170978439
2027-03-18,0.6852953871913052
2027-03-19,1.8352819057757443
2027-03-20,2.3428272516315034
2027-03-21,1.768425065456265
2027-03-22,1.5425521344158832
2027-03-23,1.4713612874866946
2027-03-24,1.5680662782642343
2027-03-25,1.609750263325942
2027-03-26,1.62419401773737
2027-03-27,1.4321984572454718
2027-03-28,1.3960015317598007
2027-03-29,1.3907261973314105
2027-03-30,1.2031941639371244
2027-03-31,1.214315384058691
2027-04-01,1.0138274322894145
2027-04-02,0.8931264996315803
2027-04-03,0.842461481674722
2027-04-04,0.8606808493501099
2027-04-05,0.8512552360170867
2027-04-06,0.7796449202961226
2027-04-07,0.7644533740332761
2027-04-08,0.7813503977726515
2027-04-09,0.7477407093536312
2027-04-10,0.697130756216547
2027-04-11,0.7908404708077532
2027-04-12,0.8726902859003904
2027-04-13,0.794611028483129
2027-04-14,0.9157566541662316
2027-04-15,0.5776759016384034
2027-04-16,0.5495869839403509
2027-04-17,0.5404301780475868
2027-04-18,0.6494539417990779
2027-04-19,0.699479276094384
2027-04-20,0.6269402948544003
2027-04-21,0.8694751539223727
2027-04-22,0.6583558917680202
2027-04-23,0.5880946731266978
2027-04-24,0.5735381248231726
2027-04-25,0.5648380073006227
2027-04-26,0.5579574202113837
2027-04-27,0.5644990427052485
2027-04-28,0.5851341950221907
2027-04-29,0.6283956308044717
2027-04-30,0.7063573624942742
2027-05-01,0.8421463814644884
2027-05-02,0.9276304946567759
2027-05-03,0.9564927352588196
2027-05-04,1.0979403498296871
2027-05-05,1.3482327566777186
2027-05-06,1.5393760176032696
2027-05-07,1.8280998407050273
2027-05-08,1.7463166405931578
2027-05-09,1.902261634797119
2027-05-10,1.827450758499434
2027-05-11,1.8561237151377945
2027-05-12,1.8160854064078782
2027-05-13,1.767167390499561
2027-05-14,1.7056204011186682
2027-05-15,1.5185433525272787
2027-05-16,1.1973333730710845
2027-05-17,1.5961135017906118
2027-05-18,1.5833259968246094
2027-05-19,1.277198497503239
2027-05-20,0.7750618855780996
2027-05-21,0.6677567624619056
2027-05-22,0.7671383901933758
2027-05-23,1.0194146373328186
2027-05-24,0.9088419286265991
2027-05-25,0.8540808252095127
2027-05-26,0.8458169062111521
2027-05-27,0.7120386186470633
2027-05-28,0.7367157167886673
2027-05-29,0.7584577458346374
2027-05-30,0.8000937553731691
2027-05-31,0.7548534804494931
2027-06-01,0.7203894675323191
2027-06-02,0.47335506223649276
2027-06-03,0.37281590093052086
2027-06-04,0.374715722228307
2027-06-05,0.3505262613399605
2027-06-06,0.33492041615036766
2027-06-07,0.3191269305374096
2027-06-08,0.32089551039755776
2027-06-09,0.23577167343973537
2027-06-10,0.1483806441011161
2027-06-11,0.132752601361819
2027-06-12,0.11916966091958094
2027-06-13,0.10973267270314187
2027-06-14,0.09592997707116317
2027-06-15,0.08298530849334315
2027-06-16,0.07134345019337004
2027-06-17,0.061754518123584595
2027-06-18,0.054193468212808044
2027-06-19,0.04835252647463904
2027-06-20,0.04254943067409128
2027-06-21,0.037219748257792944
2027-06-22,0.03208068766249108
2027-06-23,0.02756519288903154
2027-06-24,0.023796711160864677
2027-06-25,0.021418382475441075
2027-06-26,0.036743463604848134
2027-06-27,0.10879767197823542
2027-06-28,0.03895220169248829
2027-06-29,0.01842148024867708
2027-06-30,0.017267468913360867
2027-07-01,0.03353520473129589
2027-07-02,0.031793623410925814
2027-07-03,0.030223806629803434
2027-07-04,0.028871151349624792
2027-07-05,0.027541290046372825
2027-07-06,0.026290852228363793
2027-07-07,0.025181310758931364
2027-07-08,0.024253915215534196
2027-07-09,0.023556834485631277
2027-07-10,0.02309560722199152
2027-07-11,0.023830889717603325
2027-07-12,0.022432228152051342
2027-07-13,0.022118066247141216
2027-07-14,0.021808906923368333
2027-07-15,0.021503580320942323
2027-07-16,0.021192706357035032
2027-07-17,0.0208829262159845
2027-07-18,0.020588466396526013
2027-07-19,0.02031494421149548
2027-07-20,0.02006205281197822
2027-07-21,0.019827724759411133
2027-07-22,0.019596026745865153
2027-07-23,0.019360621179340388
2027-07-24,0.019122880715321786
2027-07-25,0.018898781899889545
2027-07-26,0.01869590976917798
2027-07-27,0.018512767067170723
2027-07-28,0.01834077647581413
2027-07-29,0.018174815036017776
2027-07-30,0.018023602788495595
2027-07-31,0.01787538522041689
2027-08-01,0.02008217667770427
2027-08-02,0.019919748356776283
2027-08-03,0.0197595560824905
2027-08-04,0.019614954769936705
2027-08-05,0.01948503113870564
2027-08-06,0.01935797392618062
2027-08-07,0.019236611544379688
2027-08-08,0.01912132799397804
2027-08-09,0.019012390633908232
2027-08-10,0.01891006487029567
2027-08-11,0.018817458231933648
2027-08-12,0.018735738957074276
2027-08-13,0.018664556891124097
2027-08-14,0.018745002540253613
2027-08-15,0.02090754278353613
2027-08-16,0.01852404878256094
2027-08-17,0.03420840195295065
2027-08-18,0.018433770423785224
2027-08-19,0.018384306741761676
2027-08-20,0.01870629777345577
2027-08-21,0.018296005649461402
2027-08-22,0.01825636104203697
2027-08-23,0.01821927181507802
2027-08-24,0.018187615204607925
2027-08-25,0.018156214014554622
2027-08-26,0.018123875872080798
2027-08-27,0.01809388915584313
2027-08-28,0.018066812896402475
2027-08-29,0.018043122028069243
2027-08-30,0.018022819314756702
2027-08-31,0.018005478287375545
2027-09-01,0.01401179262075838
2027-09-02,0.014003387513229661
2027-09-03,0.013995313986573015
2027-09-04,0.013987550084618362
2027-09-05,0.013980308512374867
2027-09-06,0.01397355508719314
2027-09-07,0.013967351986287572
2027-09-08,0.013961487089429079
2027-09-09,0.01395575871060822
2027-09-10,0.013950149041996936
2027-09-11,0.013944676016163112
2027-09-12,0.013939377591873227
2027-09-13,0.013934348122178763
2027-09-14,0.013929502871952172
2027-09-15,0.013924765658214808
2027-09-16,0.013920219387910052
2027-09-17,0.013915798257393735
2027-09-18,0.013911694914540647
2027-09-19,0.01390797561205783
2027-09-20,0.013904354602402476
2027-09-21,0.013900767787370854
2027-09-22,0.02852545533478984
2027-09-23,0.01738576994803171
2027-09-24,0.014022159069265462
2027-09-25,0.03431224455801987
2027-09-26,0.013883554154391322
2027-09-27,0.013879992086702871
2027-09-28,0.013876390378757925
2027-09-29,0.013872841051475838
2027-09-30,0.013869432219929012
2027-10-01,0.013701416460992325
2027-10-02,0.013698133151408267
2027-10-03,0.02015972410443653
2027-10-04,0.013691568804132298
2027-10-05,0.013688287640224416
2027-10-06,0.013685007347997238
2027-10-07,0.013681727683893304
2027-10-08,0.013678448866818599
2027-10-09,0.013675171256686741
2027-10-10,0.013671894065632389
2027-10-11,0.013668617662443388
2027-10-12,0.013665341977109398
2027-10-13,0.040430318323522604
2027-10-14,0.013754722818199335
2027-10-15,0.013655519942147684
2027-10-16,0.01365224753547769
2027-10-17,0.013648975847648783
2027-10-18,0.013645705039389765
2027-10-19,0.013642434762619048
2027-10-20,0.01363916548275961
2027-10-21,0.013635897064720215
2027-10-22,0.013632629354675511
2027-10-23,0.013673685623418549
2027-10-24,0.013626096180840432
2027-10-25,0.013622830746632208
2027-10-26,0.013893575388427728
2027-10-27,0.015241900830417907
2027-10-28,0.026960841000616086
2027-10-29,0.013614363549408242
2027-10-30,0.20803228466984758
2027-10-31,0.013603255131273348
2027-11-01,0.010675094548766948
2027-11-02,0.12909486819206764
2027-11-03,0.028145974626038503
2027-11-04,0.012372703180531545
2027-11-05,0.017977329220683055
2027-11-06,0.019249184520940554
2027-11-07,0.013378032043369143
2027-11-08,0.010952918219977318
2027-11-09,0.011063531111104195
2027-11-10,0.010652413607354017
2027-11-11,0.011207232984731011
2027-11-12,0.6370442622036567
2027-11-13,0.012348209666347634
2027-11-14,0.016885523967905724
2027-11-15,0.030521821823058962
2027-11-16,0.01788224093825057
2027-11-17,0.21128865885391854
2027-11-18,0.21848291912994947
2027-11-19,0.013111130031001028
2027-11-20,0.0608704223889976
2027-11-21,0.011913848887401938
2027-11-22,0.011895247754850239
2027-11-23,0.04410105253458
2027-11-24,0.06792029406499181
2027-11-25,0.06392025426239295
2027-11-26,0.05988191240874854
2027-11-27,0.04458557884082084
2027-11-28,0.043441050595058095
2027-11-29,0.03847950395221997
2027-11-30,0.023815460272371757
2027-12-01,0.0185244626782169
2027-12-02,0.014388164886875096
2027-12-03,0.0135975315633461
2027-12-04,0.011961267101393357
2027-12-05,0.012352758760882713
2027-12-06,0.012426950919971319
2027-12-07,0.19637388804949635
2027-12-08,0.19772366050189094
2027-12-09,0.019929178852232287
2027-12-10,0.027162214234976653
2027-12-11,0.019472530800915162
2027-12-12,0.020211865049802675
2027-12-13,0.020427410571933403
2027-12-14,0.014169554711850413
2027-12-15,0.018838508438476197
2027-12-16,0.017108428203883353
2027-12-17,0.3238878099727218
2027-12-18,0.8081866430836939
2027-12-19,0.14216417926197986
2027-12-20,0.015086248571668378
2027-12-21,0.025493933670993677
2027-12-22,0.1769475587855161
2027-12-23,0.37080271877310633
2027-12-24,0.015913184176444925
2027-12-25,0.01679916494198226
2027-12-26,0.020775846139759555
2027-12-27,0.02093617189381401
2027-12-28,0.015580595733836489
2027-12-29,0.01954331979725408
2027-12-30,0.021635036287249915
2027-12-31,0.02122096251306557
2028-01-01,0.01737205554967949
2028-01-02,0.018441876599929987
2028-01-03,0.017492482040039625
2028-01-04,0.018077789083548068
2028-01-05,0.01848779607807559
2028-01-06,0.023100049430761046
2028-01-07,0.16260473434632655
2028-01-08,0.578836431923459
2028-01-09,1.3756053124839889
2028-01-10,0.4895193525633323
2028-01-11,0.022899539205715014
2028-01-12,0.019733371766872475
2028-01-13,0.0173590029106287
2028-01-14,0.01733729619749371
2028-01-15,0.022267291080272863
2028-01-16,0.01792424560016025
2028-01-17,0.01838534611411863
2028-01-18,0.36608790649723494
2028-01-19,0.7649718422720565
2028-01-20,0.5363251688041376
2028-01-21,0.04966591003573431
2028-01-22,0.04367382779632959
2028-01-23,0.02970233715712556
2028-01-24,0.01897068013589618
2028-01-25,0.019623622199795975
2028-01-26,0.048674616917344385
2028-01-27,0.05292562118661326
2028-01-28,0.21034712398591038
2028-01-29,0.5933045747124549
2028-01-30,0.06425409548356857
2028-01-31,0.044115874391759416
2028-02-01,0.05606340017762126
2028-02-02,0.05026367857514757
2028-02-03,0.060457520689702525
2028-02-04,0.10348929743768152
2028-02-05,0.10582349127106348
2028-02-06,0.11466739314066154
2028-02-07,0.11514138518805898
2028-02-08,0.0920547900840669
2028-02-09,0.1193633489515827
2028-02-10,0.11952674740745887
2028-02-11,0.14718538498558237
2028-02-12,0.1757444979632616
2028-02-13,0.14777762604296973
2028-02-14,0.2508210023783274
2028-02-15,0.18421002752531673
2028-02-16,0.26807894169266333
2028-02-17,0.2896612775916526
2028-02-18,0.18123033498195198
2028-02-19,0.12903739120993912
2028-02-20,0.12237260997593519
2028-02-21,0.12502816980218584
2028-02-22,0.13104503585319485
2028-02-23,0.21275068357922888
2028-02-24,0.13122647961340667
2028-02-25,0.15244687382872435
2028-02-26,0.15797699153380054
2028-02-27,0.2645380641421878
2028-02-28,0.24579344304665054
2028-02-29,0.6108635849637704
2028-03-01,1.6751046102906098
2028-03-02,1.4313110906621003
2028-03-03,0.7478872893269918
2028-03-04,0.8188718059555538
2028-03-05,0.8143481207049356
2028-03-06,0.7518970828510904
2028-03-07,0.7357057203383985
2028-03-08,0.7406288975197429
2028-03-09,0.9490210684263763
2028-03-10,1.067197733141564
2028-03-11,1.2731420925113732
2028-03-12,1.317706376900642
2028-03-13,1.1396343463999403
2028-03-14,1.089174053462406
2028-03-15,1.143604438688716
2028-03-16,1.0261625107599766
2028-03-17,1.0027282496402938
2028-03-18,0.9854287337670193
2028-03-19,0.9374775676015308
2028-03-20,0.8725496054979945
2028-03-21,0.7990094392212825
2028-03-22,0.7523956285675053
2028-03-23,0.709284888483476
2028-03-24,0.7149003120977463
2028-03-25,0.6618497856749768
2028-03-26,0.6741497105516956
2028-03-27,0.9824878298047105
2028-03-28,0.742202443273044
2028-03-29,0.7839187133841419
2028-03-30,0.7948231633214832
2028-03-31,0.7585973657013202
2028-04-01,0.7618647768994636
2028-04-02,0.7612608091577591
2028-04-03,0.7473949596037851
2028-04-04,0.6874310439798849
2028-04-05,0.6970391415939936
2028-04-06,0.6380215996241385
2028-04-07,0.6263879994451805
2028-04-08,0.6268488439020472
2028-04-09,0.6005244835962371
2028-04-10,0.5428910631766454
2028-04-11,0.6106670155562706
2028-04-12,0.5254416109420063
2028-04-13,0.5251186226614704
2028-04-14,0.4914099773803167
2028-04-15,0.5195562306590993
2028-04-16,0.5566588336711716
2028-04-17,0.6119473442899853
2028-04-18,0.6215996170935147
2028-04-19,0.6431785220700038
2028-04-20,0.6679837530121834
2028-04-21,0.697241641007316
2028-04-22,0.6614787847269987
2028-04-23,0.7234900680969599
2028-04-24,0.793442838363062
2028-04-25,0.7315319283663375
2028-04-26,0.6878669322077234
2028-04-27,0.6856029858749335
2028-04-28,0.5158000514789217
2028-04-29,0.5775472323608821
2028-04-30,0.6228078065978107
2028-05-01,0.5290870362522114
2028-05-02,0.5217869918817067
2028-05-03,0.5006178713063787
2028-05-04,0.49346710760211754
2028-05-05,0.46926698060551225
2028-05-06,0.4442416640367385
2028-05-07,0.4310201789263486
2028-05-08,0.46174408986492604
2028-05-09,0.47073330472975955
2028-05-10,0.3770728640358967
2028-05-11,0.3834406546994091
2028-05-12,0.39846471695381896
2028-05-13,0.44874068561774183
2028-05-14,0.4927894644702753
2028-05-15,0.4992085885387364
2028-05-16,0.4652359542417448
2028-05-17,0.3869092535610179
2028-05-18,0.38517548682430514
2028-05-19,0.3667886688639833
2028-05-20,0.36588650555857744
2028-05-21,0.3809133403573009
2028-05-22,0.3631411990516064
2028-05-23,0.33249615496138485
2028-05-24,0.32017156416477704
2028-05-25,0.3134183925859073
2028-05-26,0.30228234009802474
2028-05-27,0.29987890095998165
2028-05-28,0.2989142317768182
2028-05-29,0.2913863968824368
2028-05-30,0.279791684615279
2028-05-31,0.26635771327098384
2028-06-01,0.2940899060095048
2028-06-02,0.28087710165337537
2028-06-03,0.279179291658215
2028-06-04,0.2626340459230705
2028-06-05,0.24117820436247064
2028-06-06,0.25652274699865363
2028-06-07,0.25007392536923867
2028-06-08,0.20039524680780837
2028-06-09,0.1743484093491862
2028-06-10,0.15638314893902902
2028-06-11,0.15188148619420347
2028-06-12,0.14947712211726577
2028-06-13,0.14598469997170993
2028-06-14,0.13807989106964497
2028-06-15,0.13550621326624168
2028-06-16,0.15109654236115247
2028-06-17,0.17860737500132662
2028-06-18,0.15740454262921286
2028-06-19,0.1527031617444121
2028-06-20,0.13104119332768177
2028-06-21,0.08298890944936496
2028-06-22,0.08237980498924692
2028-06-23,0.07201923248027549
2028-06-24,0.063233476291333
2028-06-25,0.05821973845086145
2028-06-26,0.05202737079895789
2028-06-27,0.045971474577031005
2028-06-28,0.04050396405282482
2028-06-29,0.03602476040358134
2028-06-30,0.03212616153402556
2028-07-01,0.06293417305086414
2028-07-02,0.05353976433521452
2028-07-03,0.048896852236552664
2028-07-04,0.04485926506323231
2028-07-05,0.04123933233282297
2028-07-06,0.037975065972127894
2028-07-07,0.0351791500621458
2028-07-08,0.04034396928481724
2028-07-09,0.030981956827208838
2028-07-10,0.03266619950869828
2028-07-11,0.028179382119774537
2028-07-12,0.02696072923060384
2028-07-13,0.025690675768379828
2028-07-14,0.024448970812653622
2028-07-15,0.023444571400005054
2028-07-16,0.022684475905451654
2028-07-17,0.022141812416954378
2028-07-18,0.021683371142647727
2028-07-19,0.021269836630999208
2028-07-20,0.020888384854702523
2028-07-21,0.020530631258112355
2028-07-22,0.02018759401203143
2028-07-23,0.01986400541871265
2028-07-24,0.019561070814156346
2028-07-25,0.01927453600769302
2028-07-26,0.019011767525846122
2028-07-27,0.019952156476987577
2028-07-28,0.018569403278671508
2028-07-29,0.018355299447438748
2028-07-30,0.018151974145837097
2028-07-31,0.017958615704689825
2028-08-01,0.02014130937704141
2028-08-02,0.019971183340502328
2028-08-03,0.019823134777469165
2028-08-04,0.01968292627477148
2028-08-05,0.019549250684783887
2028-08-06,0.01943102538399044
2028-08-07,0.019326207039809067
2028-08-08,0.019225055425404043
2028-08-09,0.019127658795067354
2028-08-10,0.01903424823858148
2028-08-11,0.018949170300691338
2028-08-12,0.018872946191069193
2028-08-13,0.018800901633053466
2028-08-14,0.01873350142660676
2028-08-15,0.018667590614341895
2028-08-16,0.018602650494226398
2028-08-17,0.018540572634774002
2028-08-18,0.018483919060349262
2028-08-19,0.018432145636305755
2028-08-20,0.018384293879379246
2028-08-21,0.01834441320533596
2028-08-22,0.01830798757249589
2028-08-23,0.018270181423401408
2028-08-24,0.018241370310724588
2028-08-25,0.018210791218859625
2028-08-26,0.01818349818893626
2028-08-27,0.018157295716829804
2028-08-28,0.018131908268472597
2028-08-29,0.018108802439928864
2028-08-30,0.022515619824022413
2028-08-31,0.01950014103990186
2028-09-01,0.01468141263882631
2028-09-02,0.014053979889810319
2028-09-03,0.014044109266338598
2028-09-04,0.014034256062505863
2028-09-05,0.014025006320032828
2028-09-06,0.014016731731065189
2028-09-07,0.02092058354038519
2028-09-08,0.014002369776610676
2028-09-09,0.013995514908177553
2028-09-10,0.013988506716784367
2028-09-11,0.013981640687647574
2028-09-12,0.013974876818266839
2028-09-13,0.013968157070787754
2028-09-14,0.013961934242061064
2028-09-15,0.013956342317411819
2028-09-16,0.013951118742883606
2028-09-17,0.013946341565564697
2028-09-18,0.01394178252491615
2028-09-19,0.013937327622892971
2028-09-20,0.013932998777744038
2028-09-21,0.01392876628946381
2028-09-22,0.013924604813954517
2028-09-23,0.013920539339057446
2028-09-24,0.013916592748007163
2028-09-25,0.01391272354741536
2028-09-26,0.013908934746001496
2028-09-27,0.023687316761710087
2028-09-28,0.013901713375589134
2028-09-29,0.045446869094586076
2028-09-30,0.01923106706669385
2028-10-01,0.019249827360120722
2028-10-02,0.013722967787586453
2028-10-03,0.01972453132115931
2028-10-04,0.013716071841633178
2028-10-05,0.013712622758840939
2028-10-06,0.013709129701519268
2028-10-07,0.01370561939694484
2028-10-08,0.013702100300620043
2028-10-09,0.013698588535683868
2028-10-10,0.013695082349900602
2028-10-11,0.013691680819079476
2028-10-12,0.013688399679823327
2028-10-13,0.013685119334348688
2028-10-14,0.013681839572624248
2028-10-15,0.013678560886696273
2028-10-16,0.013675282941302526
2028-10-17,0.013672005581631142
2028-10-18,0.013668729381571654
2028-10-19,0.013665453701167642
2028-10-20,0.013662178853002476
2028-10-21,0.013658904786786165
2028-10-22,0.01365563147885358
2028-10-23,0.013652359046546112
2028-10-24,0.0136490874297139
2028-10-25,0.013645816560318588
2028-10-26,0.013642546138596577
2028-10-27,0.013639277177235705
2028-10-28,0.013636008585649385
2028-10-29,0.013632740727694877
2028-10-30,0.013629473955397238
2028-10-31,0.013626207475960696
2028-11-01,0.010693105332781968
2028-11-02,0.01069054280980707
2028-11-03,0.010687980943180138
2028-11-04,0.010685419787080456
2028-11-05,0.010682859143365949
2028-11-06,0.010680298936184423
2028-11-07,0.011275899524436875
2028-11-08,0.011801895687472665
2028-11-09,0.010672622516659508
2028-11-10,0.010670064857470053
2028-11-11,0.010667507762523053
2028-11-12,0.015778985730084433
2028-11-13,0.03978535851982288
2028-11-14,0.2910322872786353
2028-11-15,1.2169992638019602
2028-11-16,0.42831913613443867
2028-11-17,0.013610513708722773
2028-11-18,0.011752556211131127
2028-11-19,0.01192567377612263
2028-11-20,0.012068980810836481
2028-11-21,0.012066457446597572
2028-11-22,0.01216281308182468
2028-11-23,0.012243320926688422
2028-11-24,0.012597787099439282
2028-11-25,0.012729768625546731
2028-11-26,0.012552668128794988
2028-11-27,0.013691937698347995
2028-11-28,0.012939173469550369
2028-11-29,0.022210848680285437
2028-11-30,0.013940360753296696
2028-12-01,0.013830574376002262
2028-12-02,0.014989367110306406
2028-12-03,0.015771190485494795
2028-12-04,0.23575973034077946
2028-12-05,0.5142253438328971
2028-12-06,0.02617151403485336
2028-12-07,0.014090760769267673
2028-12-08,0.015314132535642577
2028-12-09,0.02977884612337925
2028-12-10,0.03290850663025757
2028-12-11,0.018044658368256215
2028-12-12,0.1249079629995988
2028-12-13,0.12132380001188707
2028-12-14,0.08524281838165708
2028-12-15,0.04364348535162875
2028-12-16,0.021143147013322875
2028-12-17,0.0681892771763053
2028-12-18,0.22944068189143116
2028-12-19,0.3010956341863513
2028-12-20,0.07474143138615243
2028-12-21,0.028756216839859225
2028-12-22,0.020993818905550313
2028-12-23,0.0656539746479064
2028-12-24,0.7772343543878175
2028-12-25,2.14223642323882
2028-12-26,2.29576701425072
2028-12-27,0.6798700907702148
2028-12-28,0.44470578393031973
2028-12-29,0.06205486490853102
2028-12-30,0.2564977072801531
2028-12-31,0.320674474007363
2029-01-01,0.03426871267208019
2029-01-02,0.023589800502144393
2029-01-03,0.11602712272440528
2029-01-04,0.19086199228966438
2029-01-05,0.01932877304508577
2029-01-06,0.06067648370008
2029-01-07,0.048625970513048844
2029-01-08,0.0463534514081136
2029-01-09,0.02335819293150523
2029-01-10,0.03959836449142522
2029-01-11,0.04347907109427148
2029-01-12,0.030258360618285313
2029-01-13,0.02895659971623939
2029-01-14,0.053730354920936294
2029-01-15,0.05617361914827513
2029-01-16,0.06598470093015445
2029-01-17,0.08684951052562676
2029-01-18,0.08683869526473083
2029-01-19,0.11383274552029432
2029-01-20,0.12125607287954775
2029-01-21,0.06899351607030983
2029-01-22,0.13709822018011433
2029-01-23,0.16405996347765878
2029-01-24,0.12727087865360268
2029-01-25,0.0936029702352695
2029-01-26,0.15975757613681973
2029-01-27,1.1644108565748799
2029-01-28,15.901145446673347
2029-01-29,16.357480361157172
2029-01-30,2.418232748461834
2029-01-31,1.240495613230202
2029-02-01,1.1398257750732597
2029-02-02,1.3361224442763429
2029-02-03,1.5642807232471947
2029-02-04,1.2810147191976327
2029-02-05,1.1866904092292572
2029-02-06,1.4212618853367482
2029-02-07,1.6930067581933894
2029-02-08,1.3801496404973042
2029-02-09,1.304121073625401
2029-02-10,1.24603026886618
2029-02-11,1.1828748609080642
2029-02-12,1.1055817485129487
2029-02-13,1.006601309440966
2029-02-14,0.9156891779401766
2029-02-15,0.8334346292693077
2029-02-16,0.7589061177513435
2029-02-17,0.6921362462152462
2029-02-18,0.6328248781434543
2029-02-19,0.5801022023394715
2029-02-20,0.5526525371506789
2029-02-21,0.5739866615195385
2029-02-22,0.5661728937323329
2029-02-23,0.5091347172595015
2029-02-24,0.4744992037276737
2029-02-25,0.4397360558912462
2029-02-26,0.4313005082179563
2029-02-27,0.4366416929251784
2029-02-28,0.4169814345080709
2029-03-01,0.5439490621884124
2029-03-02,0.6182731826047896
2029-03-03,0.5994217363023254
2029-03-04,0.5106252364701831
2029-03-05,0.4923966192641162
2029-03-06,0.4724826846049423
2029-03-07,0.5451001590543659
2029-03-08,0.6628462601526642
2029-03-09,0.5513928140341454
2029-03-10,0.5002878173829615
2029-03-11,0.4999800369949641
2029-03-12,0.5065904390391363
2029-03-13,0.4909625085585488
2029-03-14,0.5665171489442928
2029-03-15,0.6441102838530017
2029-03-16,0.7449120467274678
2029-03-17,0.855119858566978
2029-03-18,0.8553977881734505
2029-03-19,0.9883302849986054
2029-03-20,1.0232623039562725
2029-03-21,1.0429113169960387
2029-03-22,1.1409158911065294
2029-03-23,1.2723411141467051
2029-03-24,0.9968069247143962
2029-03-25,1.1140553475972663
2029-03-26,1.254052424444645
2029-03-27,1.306935514389623
2029-03-28,1.4379096787718806
2029-03-29,1.7536415564702996
2029-03-30,1.114024204002436
2029-03-31,0.9308474517440823
2029-04-01,1.0264911851147933
2029-04-02,1.171858119092594
2029-04-03,0.91369822910921
2029-04-04,1.0092450686276593
2029-04-05,1.057698937097208
2029-04-06,1.078076583343417
2029-04-07,1.1391931739973427
2029-04-08,1.241734972041792
2029-04-09,1.0166840048245653
2029-04-10,1.0820748742704345
2029-04-11,1.3162212649989216
2029-04-12,1.4254480047330662
2029-04-13,1.5763679083689208
2029-04-14,1.4944133719795738
2029-04-15,1.3939383431888295
2029-04-16,1.1206793471049274
2029-04-17,0.6336288200024393
2029-04-18,0.5859439061589574
2029-04-19,0.5802670901008256
2029-04-20,0.5599097804165735
2029-04-21,0.5640245465016428
2029-04-22,0.5552652696645054
2029-04-23,0.5689724999811786
2029-04-24,0.5043469174466744
2029-04-25,0.5500927496488376
2029-04-26,0.5913506572171509
2029-04-27,0.5805019389919649
2029-04-28,0.5362348397317876
2029-04-29,0.4975376943460269
2029-04-30,0.4935739163246423
2029-05-01,0.5044176458149171
2029-05-02,0.5174222350954873
2029-05-03,0.5436266457653459
2029-05-04,0.479896131633614
2029-05-05,0.4415314109567712
2029-05-06,0.4189197866037192
2029-05-07,0.420205651916871
2029-05-08,0.45543061802163176
2029-05-09,0.44278035293531176
2029-05-10,0.37243321289540965
2029-05-11,0.3652181976478836
2029-05-12,0.3340085566813125
2029-05-13,0.3437213905234783
2029-05-14,0.3392128837038816
2029-05-15,0.3510460893933827
2029-05-16,0.3172817190551806
2029-05-17,0.3168742697079794
2029-05-18,0.31710633959542694
2029-05-19,0.32523940596437456
2029-05-20,0.3472736013953384
2029-05-21,0.35800761312212
2029-05-22,0.36522914581225324
2029-05-23,0.35216985882029644
2029-05-24,0.26500057102924335
2029-05-25,0.25515430554748664
2029-05-26,0.2532212254905907
2029-05-27,0.2655355253336614
2029-05-28,0.2729625697559036
2029-05-29,0.24084578372368207
2029-05-30,0.2382609481897343
2029-05-31,0.23156734896296524
2029-06-01,0.2390913133195677
2029-06-02,0.21011137661678628
2029-06-03,0.15139640680110575
2029-06-04,0.13823361110596177
2029-06-05,0.12703975739009513
2029-06-06,0.12365526324447561
2029-06-07,0.12350009574998438
2029-06-08,0.12594879073508342
2029-06-09,0.12391744572981561
2029-06-10,0.14867959686313106
2029-06-11,0.16501401374271324
2029-06-12,0.16532252565044747
2029-06-13,0.13575041737519677
2029-06-14,0.0747598362348011
2029-06-15,0.07328426840646152
2029-06-16,0.07158474704710194
2029-06-17,0.06974448440772772
2029-06-18,0.06537319663792492
2029-06-19,0.052714693652473534
2029-06-20,0.047288446515958864
2029-06-21,0.04249481412789283
2029-06-22,0.038312653169714626
2029-06-23,0.03435794625170713
2029-06-24,0.03079321964661223
2029-06-25,0.027734725889615435
2029-06-26,0.025129155862846485
2029-06-27,0.022830327916660252
2029-06-28,0.020795994299910817
2029-06-29,0.019025497846461483
2029-06-30,0.017482194865541867
2029-07-01,0.033061396240242256
2029-07-02,0.030550529633340064
2029-07-03,0.028362530987672777
2029-07-04,0.026572491177550908
2029-07-05,0.025157522236656415
2029-07-06,0.02401890304435733
2029-07-07,0.02311828961225115
2029-07-08,0.022436345259965896
2029-07-09,0.021920468268222026
2029-07-10,0.02147586981273697
2029-07-11,0.021073677258047502
2029-07-12,0.020708759584497284
2029-07-13,0.0203697706657159
2029-07-14,0.020059811674251957
2029-07-15,0.019765196212154282
2029-07-16,0.019474557566147598
2029-07-17,0.020088747736605763
2029-07-18,0.018975118649430585
2029-07-19,0.019647591980204618
2029-07-20,0.09204180310568852
2029-07-21,0.018565070942608158
2029-07-22,0.018415919416889578
2029-07-23,0.0182445180023247
2029-07-24,0.018077521818426194
2029-07-25,0.017922085095505448
2029-07-26,0.0177773235299479
2029-07-27,0.017634173015077057
2029-07-28,0.01748332685132277
2029-07-29,0.017334298895659198
2029-07-30,0.01720467983967532
2029-07-31,0.017097183488462918
2029-08-01,0.019262257630671367
2029-08-02,0.019164308707212654
2029-08-03,0.01906443240225644
2029-08-04,0.018964675057039488
2029-08-05,0.01887022802419894
2029-08-06,0.01877925335282686
2029-08-07,0.018690570771335253
2029-08-08,0.018607084564165863
2029-08-09,0.018534022546593403
2029-08-10,0.018470688869877957
2029-08-11,0.01841591178866036
2029-08-12,0.018369546505675866
2029-08-13,0.018329890282641044
2029-08-14,0.018295266298242185
2029-08-15,0.01826235938808406
2029-08-16,0.01823245798796004
2029-08-17,0.01820734600319427
2029-08-18,0.01818498719998921
2029-08-19,0.018163327252897758
2029-08-20,0.01814118484088995
2029-08-21,0.018118848000350192
2029-08-22,0.018097051076189394
2029-08-23,0.01807730046379363
2029-08-24,0.018059593182698792
2029-08-25,0.018043375584094128
2029-08-26,0.018029123600476232
2029-08-27,0.01801641181860458
2029-08-28,0.01800477664940978
2029-08-29,0.034133090690635026
2029-08-30,0.017985356370109208
2029-08-31,0.039804337674289064
2029-09-01,0.015069302705259649
2029-09-02,0.04205132183948109
2029-09-03,0.014066682758371729
2029-09-04,0.01398264271206359
2029-09-05,0.013974388972575611
2029-09-06,0.013968907201994918
2029-09-07,0.013963385701345364
2029-09-08,0.01395797810992652
2029-09-09,0.013952658772290356
2029-09-10,0.013947766759673741
2029-09-11,0.013943231269866173
2029-09-12,0.013938769153901263
2029-09-13,0.013934193021928455
2029-09-14,0.01392954897871083
2029-09-15,0.013924984957458768
2029-09-16,0.013920627988015142
2029-09-17,0.013916451900007353
2029-09-18,0.013912393402546012
2029-09-19,0.013908494714505035
2029-09-20,0.015017400431902972
2029-09-21,0.014801775894580175
2029-09-22,0.016660918819084006
2029-09-23,0.013893456061562516
2029-09-24,0.013889712104542483
2029-09-25,0.013886014305174938
2029-09-26,0.013882338968918861
2029-09-27,0.013878685557896744
2029-09-28,0.013875066000210587
2029-09-29,0.013871479469585299
2029-09-30,0.013867906901814404
2029-10-01,0.013699668578958088
2029-10-02,0.013696161061001733
2029-10-03,0.013692670489548548
2029-10-04,0.013689200213273665
2029-10-05,0.013685738011880312
2029-10-06,0.013682359321269669
2029-10-07,0.01367908030895429
2029-10-08,0.013675802193957339
2029-10-09,0.013672524835272213
2029-10-10,0.013669248516884815
2029-10-11,0.01366597265898954
2029-10-12,0.013662697813782279
2029-10-13,0.013659423524715485
2029-10-14,0.013656150223685397
2029-10-15,0.020665453881719666
2029-10-16,0.015584190772320405
2029-10-17,0.022770379264119813
2029-10-18,0.017519649018251156
2029-10-19,0.02629945278623857
2029-10-20,0.032249981387660255
2029-10-21,0.025713148041737282
2029-10-22,0.013751417211726357
2029-10-23,0.01362672610739502
2029-10-24,0.146165917145074
2029-10-25,0.016417820421361497
2029-10-26,0.02643621595101697
2029-10-27,0.02709652609720717
2029-10-28,0.014713139433797281
2029-10-29,0.013607172332377201
2029-10-30,0.013603924700576297
2029-10-31,0.013600678657325185
2029-11-01,0.010673083432311409
2029-11-02,0.01067053721199604
2029-11-03,0.010667991786573803
2029-11-04,0.010730664567538272
2029-11-05,0.01066290341560943
2029-11-06,0.017245430357426324
2029-11-07,0.33821017039859474
2029-11-08,0.5908566785174839
2029-11-09,0.6959426717227919
2029-11-10,0.0673704698277672
2029-11-11,0.056040231870265626
2029-11-12,0.06252369014820328
2029-11-13,0.04482224620144062
2029-11-14,0.013256566189338875
2029-11-15,0.014950461081756128
2029-11-16,0.02148116772563476
2029-11-17,0.026853294800093214
2029-11-18,0.03235765090108418
2029-11-19,0.032269726687451795
2029-11-20,0.03398860881781068
2029-11-21,0.03603107483957728
2029-11-22,0.025785808699745835
2029-11-23,0.013975768475071948
2029-11-24,0.013493830970488523
2029-11-25,0.012836247015767473
2029-11-26,0.013835462442413876
2029-11-27,0.013750727840294229
2029-11-28,0.015324721176257858
2029-11-29,0.016724068599405367
2029-11-30,0.017296723164520657
2029-12-01,0.018038180428271367
2029-12-02,0.018264235531074594
2029-12-03,0.04329234895951663
2029-12-04,0.025412741742960664
2029-12-05,0.01492708275463421
2029-12-06,0.012324621200756029
2029-12-07,0.012336599947527619
2029-12-08,0.01234688633834377
2029-12-09,0.012363795458732707
2029-12-10,0.04015620169494592
2029-12-11,0.11546301474227953
2029-12-12,0.019532375549180123
2029-12-13,0.03143702735952754
2029-12-14,0.056025163531448555
2029-12-15,0.02872390400338649
2029-12-16,0.018850143977679257
2029-12-17,0.014679903141371548
2029-12-18,0.07380068155008349
2029-12-19,0.14794576432527773
2029-12-20,0.1102779167329184
2029-12-21,0.10475597342087482
2029-12-22,0.3548696306684708
2029-12-23,0.7051473368672158
2029-12-24,1.160176744293192
2029-12-25,2.1804946636651086
2029-12-26,0.024986278048430538
2029-12-27,0.12341884680608602
2029-12-28,0.026749438798662525
2029-12-29,0.05301082925877827
2029-12-30,0.021600784536008836
2029-12-31,0.03025714858410122
2030-01-01,0.01937004383634967
2030-01-02,0.01263271214974006
2030-01-03,0.012632545756901578
2030-01-04,0.016389032555484663
2030-01-05,0.01836866001560976
2030-01-06,0.013348254585969934
2030-01-07,0.013370021128457886
2030-01-08,0.1369610834266486
2030-01-09,0.18618016816219823
2030-01-10,0.23618001463400132
2030-01-11,0.015503075951700585
2030-01-12,0.7030346213654244
2030-01-13,6.3740588395758735
2030-01-14,1.1374905021283728
2030-01-15,0.2569912143348983
2030-01-16,0.35282434069858926
2030-01-17,0.06909798115945001
2030-01-18,0.025436386248348614
2030-01-19,0.037286618599362095
2030-01-20,0.04631949948489477
2030-01-21,0.0644331192206678
2030-01-22,0.12082736117334442
2030-01-23,0.07604354559542102
2030-01-24,0.10450026979520084
2030-01-25,0.06536994904495691
2030-01-26,0.06611198339186757
2030-01-27,0.07266017323288791
2030-01-28,0.06300481226877709
2030-01-29,0.07084708446620247
2030-01-30,0.08073886571524627
2030-01-31,0.10871848916437278
2030-02-01,0.09951540743746916
2030-02-02,0.0837813068779818
2030-02-03,0.08638212716506452
2030-02-04,0.2930034003111035
2030-02-05,0.25769937556302364
2030-02-06,0.0924778439690786
2030-02-07,0.10362965689620432
2030-02-08,0.12324586952022394
2030-02-09,0.15513057188035229
2030-02-10,0.17304153674089853
2030-02-11,0.1888064075812078
2030-02-12,0.19101954905298463
2030-02-13,0.1346012219459396
2030-02-14,0.15020050050403747
2030-02-15,0.2194596496871231
2030-02-16,0.22020738703796966
2030-02-17,0.14714426080703175
2030-02-18,0.19800177466569785
2030-02-19,0.15697454136379949
2030-02-20,0.16100515306482338
2030-02-21,0.17397236177268077
2030-02-22,0.25164551297633847
2030-02-23,0.24245780040535367
2030-02-24,0.24031802989197015
2030-02-25,0.28144442680317533
2030-02-26,0.3648276772738206
2030-02-27,0.2689076169867963
2030-02-28,0.2688501810116664
2030-03-01,0.3271618538453598
2030-03-02,0.2679306725355388
2030-03-03,0.266138743735866
2030-03-04,0.2859924173311391
2030-03-05,0.26814110798767016
2030-03-06,0.26070913773967425
2030-03-07,0.25451516522293144
2030-03-08,0.2526806453258148
2030-03-09,0.23437521380583215
2030-03-10,0.22764133479642254
2030-03-11,0.223140726267226
2030-03-12,0.2179206458160316
2030-03-13,0.20320289603141414
2030-03-14,0.22253809651345385
2030-03-15,0.19185947918669405
2030-03-16,0.1893785485359381
2030-03-17,0.5154105358153492
2030-03-18,0.33248679180802443
2030-03-19,0.2594721125362032
2030-03-20,0.4391782880423363
2030-03-21,0.6561713153187665
2030-03-22,0.476371236853428
2030-03-23,0.41854448012587314
2030-03-24,0.4477518285995613
2030-03-25,0.4824845497406232
2030-03-26,0.5122407846746494
2030-03-27,0.6055824151549491
2030-03-28,0.6865746524085243
2030-03-29,0.653458981628749
2030-03-30,0.6608007056285202
2030-03-31,0.6398266550392803
2030-04-01,0.6382186074952544
2030-04-02,0.668147245538286
2030-04-03,0.6872987504913941
2030-04-04,0.6927971761073423
2030-04-05,0.6706763034730973
2030-04-06,0.6376500138729789
2030-04-07,0.6119958501131005
2030-04-08,0.8645379280971207
2030-04-09,0.6923954203291417
2030-04-10,0.84580645619612
2030-04-11,0.7864257935654229
2030-04-12,0.834306790323008
2030-04-13,0.7048964000362933
2030-04-14,0.6346813149896993
2030-04-15,0.5701723697467382
2030-04-16,0.543004971983115
2030-04-17,0.4996187140669039
2030-04-18,0.4778132392134936
2030-04-19,0.7251239678893711
2030-04-20,0.872958968260465
2030-04-21,0.5902858931005263
2030-04-22,0.5840968690667915
2030-04-23,0.586755711778019
2030-04-24,0.5269182419224215
2030-04-25,0.5828998166096482
2030-04-26,0.5472535749320031
2030-04-27,1.170206057800025
2030-04-28,1.2383435201987605
2030-04-29,1.1487513079736584
2030-04-30,0.7751928368534708
2030-05-01,0.9465177653601813
2030-05-02,1.0158706668077828
2030-05-03,1.0029004048848815
2030-05-04,0.9607055798433572
2030-05-05,0.996596201633233
2030-05-06,1.0034728651070035
2030-05-07,0.8859763351653466
2030-05-08,0.8654379753142224
2030-05-09,0.8233830180864953
2030-05-10,0.7841170499527856
2030-05-11,0.7429561070403297
2030-05-12,0.6932852035402816
2030-05-13,0.6569281982598488
2030-05-14,0.6251471863235479
2030-05-15,0.5814981496653636
2030-05-16,0.5369331200107963
2030-05-17,0.5116247219986344
2030-05-18,0.5251010606200605
2030-05-19,0.5116353728875186
2030-05-20,0.46713920519942476
2030-05-21,0.5198963428647165
2030-05-22,0.420962845426332
2030-05-23,0.4103746377304499
2030-05-24,0.4107150272147918
2030-05-25,0.40542964342683446
2030-05-26,0.3866044419901181
2030-05-27,0.35806799268566325
2030-05-28,0.36630262323401785
2030-05-29,0.3595852797555134
2030-05-30,0.32665399942181444
2030-05-31,0.33963825797992053
2030-06-01,0.33505146361034527
2030-06-02,0.3136544664422161
2030-06-03,0.29406107244397683
2030-06-04,0.3081101935310966
2030-06-05,0.34564921503293694
2030-06-06,0.3471577441460355
2030-06-07,0.3669874162531168
2030-06-08,0.3173534084657987
2030-06-09,0.33001301937434396
2030-06-10,0.36777148130232434
2030-06-11,0.3084538307549052
2030-06-12,0.26806109672719325
2030-06-13,0.2774542074007032
2030-06-14,0.29629809120040734
2030-06-15,0.22254594894025345
2030-06-16,0.18838619532710926
2030-06-17,0.13663837733768153
2030-06-18,0.12746268918658887
2030-06-19,0.11950238946741669
2030-06-20,0.10857581816487841
2030-06-21,0.09069987685960713
2030-06-22,0.08006540721673122
2030-06-23,0.0705188661968385
2030-06-24,0.06233807128769733
2030-06-25,0.05451177352831863
2030-06-26,0.04719586679081739
2030-06-27,0.040684813229706164
2030-06-28,0.035539599135886564
2030-06-29,0.031705712706800795
2030-06-30,0.028591000807709033
2030-07-01,0.05310839706506703
2030-07-02,0.04846425172723438
2030-07-03,0.04486683683325842
2030-07-04,0.042060225758157474
2030-07-05,0.03953487643041782
2030-07-06,0.03716733063392314
2030-07-07,0.03575409712367231
2030-07-08,0.033404961121850305
2030-07-09,0.03184442013392847
2030-07-10,0.030495016548228646
2030-07-11,0.029404747171721
2030-07-12,0.028517488223533435
2030-07-13,0.027783193427557806
2030-07-14,0.027129263162241835
2030-07-15,0.026507719488172984
2030-07-16,0.02589274070586962
2030-07-17,0.025275964191525935
2030-07-18,0.02469453833446969
2030-07-19,0.024154836756043626
2030-07-20,0.02360787204598413
2030-07-21,0.023047116251310923
2030-07-22,0.022503913302259728
2030-07-23,0.022006516761248516
2030-07-24,0.02154823421309217
2030-07-25,0.021114740058004917
2030-07-26,0.02070903939217609
2030-07-27,0.020342818952281756
2030-07-28,0.02003129092211763
2030-07-29,0.019743796582746453
2030-07-30,0.01944819220955276
2030-07-31,0.019153027959450855
2030-08-01,0.021386210897005865
2030-08-02,0.021108234043683678
2030-08-03,0.020851517595052972
2030-08-04,0.02061146075455999
2030-08-05,0.020389122885091593
2030-08-06,0.0201760471367604
2030-08-07,0.019972155534415975
2030-08-08,0.01978729489045279
2030-08-09,0.019620641971390036
2030-08-10,0.019466834451518478
2030-08-11,0.01932507284112596
2030-08-12,0.01920171685539393
2030-08-13,0.01909651944252724
2030-08-14,0.01899981048323405
2030-08-15,0.01890760864601059
2030-08-16,0.018818007192215165
2030-08-17,0.018733865143209495
2030-08-18,0.018657798713736573
2030-08-19,0.018588011822902744
2030-08-20,0.0185249369660762
2030-08-21,0.01846626769563658
2030-08-22,0.01840994698629223
2030-08-23,0.01835845262648732
2030-08-24,0.019842044122395704
2030-08-25,0.018276957958963395
2030-08-26,0.018245669720309804
2030-08-27,0.018217043776992296
2030-08-28,0.0181914286549837
2030-08-29,0.01816625112306598
2030-08-30,0.0181403174539944
2030-08-31,0.018117567778132313
2030-09-01,0.014094910388193004
2030-09-02,0.014082020758469174
2030-09-03,0.014069937907708503
2030-09-04,0.01405874605012577
2030-09-05,0.014048506184394875
2030-09-06,0.014039085312131386
2030-09-07,0.014030405255520028
2030-09-08,0.014022554582687415
2030-09-09,0.014015427061378408
2030-09-10,0.014008683156325058
2030-09-11,0.014001961373095223
2030-09-12,0.013995267302020494
2030-09-13,0.013988782107944353
2030-09-14,0.013982696214384905
2030-09-15,0.013977283896831111
2030-09-16,0.013972765449450152
2030-09-17,0.013968805600074845
2030-09-18,0.013964934885642719
2030-09-19,0.013961135335665197
2030-09-20,0.013957367258991514
2030-09-21,0.013953633543593424
2030-09-22,0.013949930308571884
2030-09-23,0.01394623491218836
2030-09-24,0.013942576739106517
2030-09-25,0.013938987130905111
2030-09-26,0.01393544459644399
2030-09-27,0.01393190365865011
2030-09-28,0.013928348133305568
2030-09-29,0.013924791580106533
2030-09-30,0.01392125798199197
2030-10-01,0.013752421064760097
2030-10-02,0.01374890235793056
2030-10-03,0.0137453655341393
2030-10-04,0.013741919435177974
2030-10-05,0.01373859906041788
2030-10-06,0.01373530662184913
2030-10-07,0.013732015024393461
2030-10-08,0.013728724301576824
2030-10-09,0.01372543434493223
2030-10-10,0.01372214508839349
2030-10-11,0.013718856552667835
2030-10-12,0.013715568908344454
2030-10-13,0.013712282059774926
2030-10-14,0.01370899614303648
2030-10-15,0.01370571077454958
2030-10-16,0.01370341021917862
2030-10-17,0.013699142705866637
2030-10-18,0.013695859796624412
2030-10-19,0.013692577407038525
2030-10-20,0.013689296157342958
2030-10-21,0.01368601562254389
2030-10-22,0.013682735956467792
2030-10-23,0.013679456846532078
2030-10-24,0.013679398574068491
2030-10-25,0.2547173997560094
2030-10-26,0.25217953548809474
2030-10-27,0.017628220927320824
2030-10-28,0.013766022243917106
2030-10-29,0.019852001750641248
2030-10-30,0.02507343550259472
2030-10-31,0.040374780887072054
2030-11-01,0.04011532684246915
2030-11-02,0.027317984573054708
2030-11-03,0.01825761505556264
2030-11-04,0.011286759491222603
2030-11-05,0.010707269247190053
2030-11-06,0.010738332761042736
2030-11-07,0.01070277099488591
2030-11-08,0.011113411601532385
2030-11-09,0.010698190332223509
2030-11-10,0.010695862254697517
2030-11-11,0.010693511811033955
2030-11-12,0.0983897207036764
2030-11-13,0.01290180721190547
2030-11-14,0.01068644349394635
2030-11-15,0.010694932654030358
2030-11-16,0.010681775746769146
2030-11-17,0.04018488052069489
2030-11-18,0.044825613066353326
2030-11-19,0.03131410923735284
2030-11-20,0.016752702499954218
2030-11-21,0.021171539712674447
2030-11-22,0.015450951737384354
2030-11-23,0.013079733078495168
2030-11-24,0.01930168447716626
2030-11-25,0.03124865205532357
2030-11-26,0.014244497224322313
2030-11-27,0.010683263506289157
2030-11-28,0.10110412882168417
2030-11-29,0.09760289047676873
2030-11-30,0.012811445086967483
2030-12-01,0.01310765429667986
2030-12-02,0.013203109258003524
2030-12-03,0.2005715435059867
2030-12-04,0.0672416587010321
2030-12-05,0.03244375248406586
2030-12-06,0.04073043795793439
2030-12-07,0.1457973384132128
2030-12-08,0.5688492267819715
2030-12-09,1.082450451251261
2030-12-10,0.10125673146093254
2030-12-11,0.053648544594832884
2030-12-12,0.03577886565522025
2030-12-13,0.01627467757776193
2030-12-14,0.023456539787564994
2030-12-15,0.09792043415032466
2030-12-16,0.13250486733368
2030-12-17,0.14664446022866773
2030-12-18,0.10347976511601813
2030-12-19,0.14929814031229355
2030-12-20,0.11221651747115194
2030-12-21,0.3075709344899651
2030-12-22,0.09371999509051594
2030-12-23,0.020919121141723
2030-12-24,0.019915830436082086
2030-12-25,0.04587553398292998
2030-12-26,0.3404766140677648
2030-12-27,0.05271844871454319
2030-12-28,0.016141043394871345
2030-12-29,0.016244403367917198
2030-12-30,0.016418363757813362
2030-12-31,0.01741616215241789
2031-01-01,0.013711240490326793
2031-01-02,0.020102022048335732
2031-01-03,0.043762305393741804
2031-01-04,0.0819038270795833
2031-01-05,0.24366833555328518
2031-01-06,0.6358191549888307
2031-01-07,0.3032141054361063
2031-01-08,0.18201428407545694
2031-01-09,0.4535811079309636
2031-01-10,4.961026426318119
2031-01-11,8.473259124545176
2031-01-12,3.0802507995861244
2031-01-13,0.2562522770411257
2031-01-14,0.4208241087696333
2031-01-15,3.8726286903657368
2031-01-16,16.24453940210256
2031-01-17,3.0940615252017967
2031-01-18,3.9844045034500755
2031-01-19,1.3426424883726942
2031-01-20,1.4464445474807284
2031-01-21,4.9710926539624
2031-01-22,7.494556933159348
2031-01-23,3.4750573858320624
2031-01-24,1.8985771519437629
2031-01-25,1.42377211674718
2031-01-26,1.3944926147779382
2031-01-27,1.3848278958005678
2031-01-28,1.359666145548481
2031-01-29,1.4319846834946588
2031-01-30,1.503020273348854
2031-01-31,1.437020006674182
2031-02-01,1.595141798368565
2031-02-02,1.3075172336252103
2031-02-03,1.7868195554214619
2031-02-04,2.62267702807907
2031-02-05,1.1620528089569857
2031-02-06,1.2078053529505979
2031-02-07,1.1493013692281444
2031-02-08,1.1013515502080085
2031-02-09,1.0595193883396443
2031-02-10,1.0488953472632496
2031-02-11,1.027985111194991
2031-02-12,1.0577241339528558
2031-02-13,1.1369344184020889
2031-02-14,1.106469769855107
2031-02-15,1.0089406802132554
2031-02-16,1.0111505268676582
2031-02-17,1.070571102401042
2031-02-18,1.039871714514601
2031-02-19,0.9977942577836908
2031-02-20,1.0232039525868262
2031-02-21,1.0131413611116182
2031-02-22,1.0188545315954172
2031-02-23,1.037896647807096
2031-02-24,0.88437179221973
2031-02-25,0.847068672522379
2031-02-26,0.9190951297097185
2031-02-27,0.7947979939054403
2031-02-28,0.7802597981886826
2031-03-01,0.9663970872661286
2031-03-02,0.9965096984870986
2031-03-03,1.0697872994149593
2031-03-04,1.1634855653294238
2031-03-05,1.1711174017880794
2031-03-06,1.0516729972729653
2031-03-07,1.0530751213341676
2031-03-08,1.1370857604910445
2031-03-09,0.9504439535194213
2031-03-10,0.9274975516696091
2031-03-11,0.8689149219232858
2031-03-12,0.8779864320237686
2031-03-13,0.9120826774079482
2031-03-14,0.9794738960598384
2031-03-15,1.0116835750178785
2031-03-16,0.858907945857538
2031-03-17,0.6253195768349841
2031-03-18,0.560533670474563
2031-03-19,0.830682366783634
2031-03-20,0.5475498173268423
2031-03-21,0.599729335622998
2031-03-22,0.7197130758698295
2031-03-23,0.7963578590476733
2031-03-24,0.9027690753833714
2031-03-25,0.996381220247303
2031-03-26,0.8547647685088926
2031-03-27,0.7909881300788284
2031-03-28,0.9234265033619741
2031-03-29,0.917548902569304
2031-03-30,0.5888480100102115
2031-03-31,0.7865641981471058
2031-04-01,0.5351726867710324
2031-04-02,0.5326986574759917
2031-04-03,0.5350389064541561
2031-04-04,0.5082290395069786
2031-04-05,0.47749516655419677
2031-04-06,0.560249067236241
2031-04-07,0.5672356402806847
2031-04-08,0.4701259048862094
2031-04-09,0.43840918516185196
2031-04-10,0.43384807759937305
2031-04-11,0.4751424984906222
2031-04-12,0.5144596421579626
2031-04-13,0.6137950163350384
2031-04-14,0.6550609103066795
2031-04-15,0.6971481966952652
2031-04-16,0.7879433751047473
2031-04-17,0.8944738940509085
2031-04-18,1.0554594682015355
2031-04-19,1.253330664891964
2031-04-20,1.450230320762329
2031-04-21,1.377879298395074
2031-04-22,0.8173648925837784
2031-04-23,0.6700708580070278
2031-04-24,0.6801179428202027
2031-04-25,0.6179484076163306
2031-04-26,0.6873134225251363
2031-04-27,0.740320575638508
2031-04-28,0.7640757740994213
2031-04-29,0.9511259609739946
2031-04-30,1.024841611016692
2031-05-01,1.5719013470593208
2031-05-02,0.9126709626189227
2031-05-03,0.892778695439017
2031-05-04,0.8754705037522685
2031-05-05,1.325982603873119
2031-05-06,1.3818194783513653
2031-05-07,1.4109555317020157
2031-05-08,1.1824940333442788
2031-05-09,1.2642878187279216
2031-05-10,1.6468724062608768
2031-05-11,2.0104900232616116
2031-05-12,2.274974694699771
2031-05-13,2.2325349474179657
2031-05-14,2.3821163027437913
2031-05-15,1.364291203805047
2031-05-16,0.9322015336872682
2031-05-17,0.8320686433425029
2031-05-18,0.8610271144223843
2031-05-19,1.249968102061536
2031-05-20,1.811527678940524
2031-05-21,2.227013035494233
2031-05-22,2.530290883414124
2031-05-23,2.73785946105653
2031-05-24,2.805820919284196
2031-05-25,2.381944255412328
2031-05-26,2.204419316853174
2031-05-27,2.1901118035143887
2031-05-28,2.013197966012143
2031-05-29,2.0285471047154746
2031-05-30,1.787551432952138
2031-05-31,1.8155928449139034
2031-06-01,1.846888649871129
2031-06-02,1.862205030377902
2031-06-03,2.085290681755562
2031-06-04,2.0011714099126876
2031-06-05,2.021220312193241
2031-06-06,2.0263229106935734
2031-06-07,1.7445979178636344
2031-06-08,2.029761501601104
2031-06-09,1.9800249529095102
2031-06-10,2.1528145581324307
2031-06-11,1.4330942374976756
2031-06-12,1.4147638781883867
2031-06-13,1.2008772943101649
2031-06-14,1.1187787597831846
2031-06-15,1.0728327480632842
2031-06-16,0.9878782080584361
2031-06-17,0.9234204127428587
2031-06-18,0.7636160287265858
2031-06-19,0.4769938443266056
2031-06-20,0.43374726495260474
2031-06-21,0.4323284777470058
2031-06-22,0.4092469438560883
2031-06-23,0.3727881519690865
2031-06-24,0.34940532496956683
2031-06-25,0.3262798009595227
2031-06-26,0.29438523632283725
2031-06-27,0.29364127422193037
2031-06-28,0.28654595912669073
2031-06-29,0.2702977507767131
2031-06-30,0.14161346776983139
2031-07-01,0.2596989947979906
2031-07-02,0.21090891900676437
2031-07-03,0.17717198952183813
2031-07-04,0.15228042021020677
2031-07-05,0.131353142436574
2031-07-06,0.11819037893567186
2031-07-07,0.10411979893841031
2031-07-08,0.11497176677115273
2031-07-09,0.0835963520794726
2031-07-10,0.07353903169235891
2031-07-11,0.06332198167357163
2031-07-12,0.054640773446352535
2031-07-13,0.047611790587508834
2031-07-14,0.041944607493800454
2031-07-15,0.03766359775709641
2031-07-16,0.034545967549884385
2031-07-17,0.03205710197915815
2031-07-18,0.03003724630061971
2031-07-19,0.02836494404752692
2031-07-20,0.02688505156056905
2031-07-21,0.02558627411954766
2031-07-22,0.02453848104199271
2031-07-23,0.023660513907460535
2031-07-24,0.022929330434961797
2031-07-25,0.02240538613852934
2031-07-26,0.02207298074379163
2031-07-27,0.021796413312455225
2031-07-28,0.021548690562509683
2031-07-29,0.021326546475742492
2031-07-30,0.021112606506074112
2031-07-31,0.02089644591884527
2031-08-01,0.023424562413317147
2031-08-02,0.023177144899556672
2031-08-03,0.02292502909115275
2031-08-04,0.022660526374058822
2031-08-05,0.02239134744543604
2031-08-06,0.02212553793949972
2031-08-07,0.021865395978815243
2031-08-08,0.02161267861761933
2031-08-09,0.021364200300712666
2031-08-10,0.021624269462977446
2031-08-11,0.02093949958161361
2031-08-12,0.02074292824712697
2031-08-13,0.02055267819700171
2031-08-14,0.020365746500599892
2031-08-15,0.02018688310967593
2031-08-16,0.020012268934548865
2031-08-17,0.019844208379055865
2031-08-18,0.019682305871759023
2031-08-19,0.01952962481494581
2031-08-20,0.019389216970947715
2031-08-21,0.01926256555134063
2031-08-22,0.019156942267784294
2031-08-23,0.019069643630208934
2031-08-24,0.018987624840461043
2031-08-25,0.018899887072588994
2031-08-26,0.01880625149360419
2031-08-27,0.018714842372776465
2031-08-28,0.018629007551975954
2031-08-29,0.0185522030090858
2031-08-30,0.01848265805482255
2031-08-31,0.018418008649152676
2031-09-01,0.014298862499052536
2031-09-02,0.01425961891547427
2031-09-03,0.014223620170754353
2031-09-04,0.01419110128232758
2031-09-05,0.014161360047941145
2031-09-06,0.014133677794723442
2031-09-07,0.014108852028992805
2031-09-08,0.014087231810136892
2031-09-09,0.01406874845352557
2031-09-10,0.014059774030362794
2031-09-11,0.04499921433648056
2031-09-12,0.01830074457011959
2031-09-13,0.062256743103810075
2031-09-14,0.019306581893190577
2031-09-15,0.0324426105561541
2031-09-16,0.013993247879279426
2031-09-17,0.013984046169544944
2031-09-18,0.013975390728551838
2031-09-19,0.013967771377866882
2031-09-20,0.013960965142918428
2031-09-21,0.013954294636655387
2031-09-22,0.01394790241351559
2031-09-23,0.013941702651640233
2031-09-24,0.013935678273675934
2031-09-25,0.013929930666990664
2031-09-26,0.04116411062221856
2031-09-27,0.01392028986879118
2031-09-28,0.0386190150856232
2031-09-29,0.013912131906382118
2031-09-30,0.013906960042914605
2031-10-01,0.013736258177969867
2031-10-02,0.013730831169241826
2031-10-03,0.04543253448988153
2031-10-04,0.013721998494138856
2031-10-05,0.013717764310790592
2031-10-06,0.013713298232697763
2031-10-07,0.01370872776193592
2031-10-08,0.013704328787499678
2031-10-09,0.013700202763586888
2031-10-10,0.013696129947710708
2031-10-11,0.01369226695747107
2031-10-12,0.013688591811519542
2031-10-13,0.013684930351155995
2031-10-14,0.013681329386831656
2031-10-15,0.013677800230677514
2031-10-16,0.013674298528528934
2031-10-17,0.013670811411259623
2031-10-18,0.0136673679815748
2031-10-19,0.013716004151267972
2031-10-20,0.01366059126165794
2031-10-21,0.013657220913152449
2031-10-22,0.08971220667344199
2031-10-23,0.041223432441833394
2031-10-24,0.02182458248748196
2031-10-25,0.017214312782609712
2031-10-26,0.017715760990232518
2031-10-27,0.025658290133840765
2031-10-28,0.02315587223268049
2031-10-29,0.014978314135839485
2031-10-30,0.013627690122439903
2031-10-31,0.027500631658063292
2031-11-01,0.011689377413044119
2031-11-02,0.010689067784829111
2031-11-03,0.12819460777353275
2031-11-04,0.3540895790580389
2031-11-05,0.0205390300239089
2031-11-06,0.014203107699708672
2031-11-07,0.012003145257414555
2031-11-08,0.020998952669491748
2031-11-09,0.01097843133885293
2031-11-10,0.015653992013186457
2031-11-11,0.03368997805050936
2031-11-12,0.36442193215155466
2031-11-13,0.8233919787617715
2031-11-14,0.6437036838649414
2031-11-15,0.9269339413288379
2031-11-16,2.2599388138124077
2031-11-17,1.6484394314243
2031-11-18,0.03856960399543905
2031-11-19,0.01848106375262309
2031-11-20,0.5840516427114882
2031-11-21,0.3256188883374119
2031-11-22,0.021842125229962917
2031-11-23,0.43948799094260105
2031-11-24,0.7034211693815098
2031-11-25,0.02135772835815479
2031-11-26,0.026641604523373347
2031-11-27,0.09034954534079453
2031-11-28,0.023367100301436794
2031-11-29,0.02241790362706603
2031-11-30,0.022541932583020053
2031-12-01,0.022389537929080522
2031-12-02,0.6149078674269916
2031-12-03,0.9702342485486266
2031-12-04,1.1312861086133137
2031-12-05,1.6879969843991567
2031-12-06,0.6124086509902957
2031-12-07,0.0786516851513629
2031-12-08,0.06010555528776865
2031-12-09,0.05077741799902496
2031-12-10,0.06020549339447509
2031-12-11,0.052220598304656994
2031-12-12,0.05258337331863441
2031-12-13,0.04995589722500108
2031-12-14,0.1814389256552999
2031-12-15,0.47117799007371886
2031-12-16,1.1715795520589147
2031-12-17,1.3406696986228042
2031-12-18,0.34216813793911655
2031-12-19,0.3414888976030511
2031-12-20,0.3667974611525793
2031-12-21,0.8993487588765005
2031-12-22,1.9957457631776059
2031-12-23,2.5827308871995034
2031-12-24,2.3026519716980633
2031-12-25,2.0309199693315496
2031-12-26,2.0631406116202964
2031-12-27,2.1390803389943427
2031-12-28,2.4498629868018873
2031-12-29,2.391901587003298
2031-12-30,2.4325926374361573
2031-12-31,2.029103117315724
2032-01-01,1.2173343354233686
2032-01-02,1.164258830816591
2032-01-03,1.760496372594625
2032-01-04,1.4717561220289785
2032-01-05,1.2472764175592497
2032-01-06,1.17768922469297
2032-01-07,1.9565949756804246
2032-01-08,2.9158156764583896
2032-01-09,2.860868290075468
2032-01-10,3.8379052279532706
2032-01-11,1.6030920796007906
2032-01-12,1.6925935678287787
2032-01-13,1.3534533444197088
2032-01-14,1.3488576288995318
2032-01-15,1.357822297639662
2032-01-16,1.3293239164846589
2032-01-17,1.273004126894903
2032-01-18,1.2210626462272933
2032-01-19,1.1831958278417405
2032-01-20,1.4446858079331304
2032-01-21,1.698873033968208
2032-01-22,1.5337423218927457
2032-01-23,1.6843521245044895
2032-01-24,2.2958692505034453
2032-01-25,1.5648204837262722
2032-01-26,1.5392326189779821
2032-01-27,1.4925161204361015
2032-01-28,2.395496252623012
2032-01-29,4.00665869480112
2032-01-30,2.632836924024284
2032-01-31,2.0095128371983537
2032-02-01,2.645801640891988
2032-02-02,2.0294011951523196
2032-02-03,1.6188978902319129
2032-02-04,1.5838214602493808
2032-02-05,1.6247643363515465
2032-02-06,1.6908843609517363
2032-02-07,2.0706840060320424
2032-02-08,1.8934305061314873
2032-02-09,1.8673218051147735
2032-02-10,1.3946587332929223
2032-02-11,1.2420102344617412
2032-02-12,1.1610378338682386
2032-02-13,1.1301992201399904
2032-02-14,1.1020102146208686
2032-02-15,1.0813943349682245
2032-02-16,1.028917978743868
2032-02-17,0.9774587011576522
2032-02-18,0.8849043328385349
2032-02-19,1.1567354159951369
2032-02-20,1.3780497188334933
2032-02-21,2.294733868437865
2032-02-22,1.2386561811807746
2032-02-23,1.4022830737175587
2032-02-24,1.6757923435428215
2032-02-25,1.3569061940968004
2032-02-26,1.6946214986923172
2032-02-27,2.9565816481021336
2032-02-28,2.364572837082989
2032-02-29,1.5720241510151884
2032-03-01,1.8857033307997746
2032-03-02,1.9317881001466282
2032-03-03,1.9640428482982866
2032-03-04,2.10210472787832
2032-03-05,1.8349160960876862
2032-03-06,1.7293000331357569
2032-03-07,1.625156255837837
2032-03-08,1.5367079422163177
2032-03-09,1.6831625410222273
2032-03-10,1.6952056882891375
2032-03-11,1.8479312478107193
2032-03-12,1.5368689904171817
2032-03-13,1.606532901336164
2032-03-14,1.603060044135532
2032-03-15,1.6138236891164168
2032-03-16,1.5837842201442078
2032-03-17,1.4902167083901985
2032-03-18,1.3504084161674141
2032-03-19,1.2601589442345964
2032-03-20,1.1757941951408584
2032-03-21,1.1048378236698644
2032-03-22,1.0899212891702343
2032-03-23,1.0900268315095594
2032-03-24,1.1389482609528299
2032-03-25,1.1241809681345771
2032-03-26,0.9835506560884609
2032-03-27,0.8960119266977165
2032-03-28,0.9216378818015272
2032-03-29,0.9488943079541079
2032-03-30,0.9119972694400301
2032-03-31,1.0321964171773141
2032-04-01,0.8328454155167858
2032-04-02,0.7846191210251633
2032-04-03,0.7473668851272657
2032-04-04,0.7161842569814115
2032-04-05,0.6898541117429046
2032-04-06,0.7112329783109748
2032-04-07,0.7447802859407812
2032-04-08,0.7300137762076342
2032-04-09,0.7597340227176789
2032-04-10,0.6775427878267563
2032-04-11,0.7754930579976265
2032-04-12,0.7416175897446892
2032-04-13,1.0152471136378869
2032-04-14,0.8621081798254016
2032-04-15,0.7809692795329607
2032-04-16,0.8199383543770221
2032-04-17,0.7820875539866291
2032-04-18,1.0198072866220849
2032-04-19,1.2043757973948395
2032-04-20,1.0418108612608772
2032-04-21,1.1777515506127267
2032-04-22,1.1139500396970317
2032-04-23,1.0791216735003994
2032-04-24,1.0408421081020982
2032-04-25,0.9613406464585228
2032-04-26,0.9073810607959644
2032-04-27,0.8592901960066262
2032-04-28,0.8477498364177728
2032-04-29,0.7885345039073397
2032-04-30,0.777186235442057
2032-05-01,0.7812365750987236
2032-05-02,0.7288322585255023
2032-05-03,0.7092524178875722
2032-05-04,0.6619300376265277
2032-05-05,0.6350229970723774
2032-05-06,0.5952777356721206
2032-05-07,0.5953585027350872
2032-05-08,0.5510920210391397
2032-05-09,0.5001337807567996
2032-05-10,0.48369280083333704
2032-05-11,0.5011944768458491
2032-05-12,0.5741991379828858
2032-05-13,0.6987023945197754
2032-05-14,0.788944154753278
2032-05-15,0.897095337013682
2032-05-16,1.004858065510111
2032-05-17,1.1097696970859388
2032-05-18,1.2627988128334369
2032-05-19,1.3694229987800373
2032-05-20,1.439910147665791
2032-05-21,1.6515048212435925
2032-05-22,1.887928709993156
2032-05-23,1.9110168456200038
2032-05-24,1.5553040579649389
2032-05-25,1.1103391626232608
2032-05-26,1.2204710053584886
2032-05-27,1.7619977534578444
2032-05-28,2.2488635593679214
2032-05-29,2.684832389077764
2032-05-30,3.094472941760169
2032-05-31,3.068267694357001
2032-06-01,3.268771620901454
2032-06-02,2.8931553954564575
2032-06-03,3.0740251090263153
2032-06-04,3.15761821094285
2032-06-05,3.2959392734570865
2032-06-06,3.1182072016581186
2032-06-07,2.973016906335844
2032-06-08,3.0603701918787984
2032-06-09,3.098068161683325
2032-06-10,2.640330399120964
2032-06-11,2.389489777896267
2032-06-12,1.9852371578478762
2032-06-13,1.5349007488182336
2032-06-14,1.4603282569511253
2032-06-15,1.359731596145406
2032-06-16,1.8093250358303934
2032-06-17,1.7608946515831387
2032-06-18,1.5037536483521654
2032-06-19,1.7061131386050363
2032-06-20,1.7070660864356635
2032-06-21,1.785976126311865
2032-06-22,1.9546893660960694
2032-06-23,1.9523181947624522
2032-06-24,1.6240653067850237
2032-06-25,1.6008758092043311
2032-06-26,1.7746406744913361
2032-06-27,2.0017107017859432
2032-06-28,1.9430840294602014
2032-06-29,1.6928076731895736
2032-06-30,1.5857775850540348
2032-07-01,3.2964316902266977
2032-07-02,2.787164684657646
2032-07-03,2.8688155462502527
2032-07-04,2.990285726853151
2032-07-05,3.0373158471423847
2032-07-06,2.2952980819436806
2032-07-07,2.202988699716198
2032-07-08,2.070625597143238
2032-07-09,2.042756393837789
2032-07-10,1.8485934510683755
2032-07-11,1.9180821969852309
2032-07-12,2.0266371980667417
2032-07-13,2.0832657403129033
2032-07-14,1.8559758218493947
2032-07-15,1.0864549586455343
2032-07-16,0.9652027407903301
2032-07-17,0.766977447792229
2032-07-18,0.7510381187780212
2032-07-19,0.711708466416556
2032-07-20,0.6492150196974047
2032-07-21,0.5990214053859924
2032-07-22,0.5623247386887621
2032-07-23,0.5227406150572023
2032-07-24,0.4977814821939317
2032-07-25,0.4728210644183784
2032-07-26,0.41874236653759916
2032-07-27,0.20521009628137266
2032-07-28,0.14784181612667974
2032-07-29,0.1360770416228788
2032-07-30,0.127305582357943
2032-07-31,0.11555664972567985
2032-08-01,0.11834414765041738
2032-08-02,0.09954607015858176
2032-08-03,0.08610203688082939
2032-08-04,0.07407544105981173
2032-08-05,0.06846544932615561
2032-08-06,0.05855304576980192
2032-08-07,0.05298596157679983
2032-08-08,0.04786661722336938
2032-08-09,0.04338242186964402
2032-08-10,0.039597356905169995
2032-08-11,0.036507701354694624
2032-08-12,0.03381681745179904
2032-08-13,0.031308348436085
2032-08-14,0.02908139216031363
2032-08-15,0.027221888967307085
2032-08-16,0.02572917593822937
2032-08-17,0.024577446649078225
2032-08-18,0.023691082260278017
2032-08-19,0.023036032866386565
2032-08-20,0.022651156917762278
2032-08-21,0.022422217654096646
2032-08-22,0.02221441877441016
2032-08-23,0.022031685864245493
2032-08-24,0.02187985081084131
2032-08-25,0.021740756048488602
2032-08-26,0.021591813279505937
2032-08-27,0.021421478887234505
2032-08-28,0.021240540284548175
2032-08-29,0.02105873010104498
2032-08-30,0.020873849936705595
2032-08-31,0.02069253064183916
2032-09-01,0.015987071428058133
2032-09-02,0.01586971518359426
2032-09-03,0.01575840534810817
2032-09-04,0.01564958514187377
2032-09-05,0.015539410916961267
2032-09-06,0.015431448087075283
2032-09-07,0.01532861566718495
2032-09-08,0.015233676370518071
2032-09-09,0.015147912442568663
2032-09-10,0.015071732515375174
2032-09-11,0.01500244724855514
2032-09-12,0.014936992994039531
2032-09-13,0.01487703819219526
2032-09-14,0.01482083564505094
2032-09-15,0.01476936629003857
2032-09-16,0.019675404180910946
2032-09-17,0.01470699803194249
2032-09-18,0.022746322038896698
2032-09-19,0.022830839109483813
2032-09-20,0.014670460035833473
2032-09-21,0.014636180772939024
2032-09-22,0.014591988417221454
2032-09-23,0.014546687477516007
2032-09-24,0.014504161086333449
2032-09-25,0.014465414485374193
2032-09-26,0.014429544913025338
2032-09-27,0.014397025663352478
2032-09-28,0.01436782719901061
2032-09-29,0.01434100719896168
2032-09-30,0.014312619504253126
2032-10-01,0.014114951843766422
2032-10-02,0.014090517738085825
2032-10-03,0.014067301160670884
2032-10-04,0.014046389518725187
2032-10-05,0.0631117823632188
2032-10-06,0.748120558119029
2032-10-07,0.6737128796912386
2032-10-08,0.07462004453006567
2032-10-09,0.04458199097329604
2032-10-10,0.025591521935283173
2032-10-11,0.014340429808470117
2032-10-12,0.01437325042665269
2032-10-13,0.014579920161906164
2032-10-14,0.014593095708323445
2032-10-15,0.014422201467426317
2032-10-16,0.014426456800870771
2032-10-17,0.014427745883887996
2032-10-18,0.014423016413194732
2032-10-19,0.01440975112801171
2032-10-20,0.014392705676084899
2032-10-21,0.014375311247081204
2032-10-22,0.014358532656729515
2032-10-23,0.014499307928355238
2032-10-24,0.01432741275218909
2032-10-25,0.18750978314407843
2032-10-26,0.2437368269887967
2032-10-27,0.10477214039442385
2032-10-28,0.05888499748992959
2032-10-29,0.7363416286030552
2032-10-30,1.3111608923558267
2032-10-31,0.08759188162305276
2032-11-01,0.08464828049155441
2032-11-02,0.11965750998483256
2032-11-03,0.10303951054971341
2032-11-04,0.08402570706984668
2032-11-05,0.075247109598764
2032-11-06,0.03921820846647866
2032-11-07,0.02992730379084458
2032-11-08,0.023104298390534444
2032-11-09,0.018672472909386867
2032-11-10,0.018825965401988536
2032-11-11,0.01489051111815936
2032-11-12,1.2870371635525584
2032-11-13,1.4226519374388549
2032-11-14,0.08441332089625102
2032-11-15,0.08065216357262749
2032-11-16,0.5861572441713614
2032-11-17,2.5755043667613235
2032-11-18,2.361023712876612
2032-11-19,3.3451066172197823
2032-11-20,4.400352048318466
2032-11-21,1.2852509589134498
2032-11-22,2.943879277438823
2032-11-23,2.6894270573408448
2032-11-24,0.45085564169575787
2032-11-25,0.6253566744523573
2032-11-26,0.5723901651660019
2032-11-27,0.5804824506214328
2032-11-28,0.6760469089920327
2032-11-29,1.4798612747209103
2032-11-30,1.1495385028904257
2032-12-01,0.959623873830507
2032-12-02,0.9735793578506593
2032-12-03,0.9669124090251592
2032-12-04,0.9301390308254132
2032-12-05,0.8812280556135332
2032-12-06,0.8308058982580604
2032-12-07,0.780245800734111
2032-12-08,0.7302155540906173
2032-12-09,0.6799071143823713
2032-12-10,0.633119932006074
2032-12-11,0.5893893289876505
2032-12-12,0.5488046432839779
2032-12-13,0.511748542374635
2032-12-14,0.47852818264607067
2032-12-15,0.45799316591523787
2032-12-16,0.4441315219468857
2032-12-17,0.42311627458700574
2032-12-18,0.5424068969818909
2032-12-19,0.9568898381365172
2032-12-20,0.754453094363859
2032-12-21,1.036850924669933
2032-12-22,1.00113905906117
2032-12-23,0.9080168255737605
2032-12-24,2.1519970704599705
2032-12-25,2.159458929603446
2032-12-26,1.6568581508227758
2032-12-27,1.7034701325183532
2032-12-28,1.7339525077243652
2032-12-29,1.6242094680103902
2032-12-30,1.500940551743113
2032-12-31,1.4050992167645704
2033-01-01,0.8511230335774518
2033-01-02,0.7998197306922284
2033-01-03,0.7409861887790491
2033-01-04,0.6750119696022578
2033-01-05,0.7037509024828977
2033-01-06,1.601767626735456
2033-01-07,1.1530092151016929
2033-01-08,1.1462107746919104
2033-01-09,1.0574787697020116
2033-01-10,1.0111250543791623
2033-01-11,0.9488855938961579
2033-01-12,0.882559083002593
2033-01-13,0.8194455375041096
2033-01-14,0.7595183478620053
2033-01-15,0.7013147346678431
2033-01-16,0.6546708080668506
2033-01-17,0.6032894161565102
2033-01-18,0.570317449294407
2033-01-19,0.5209507747786538
2033-01-20,0.48384831092691866
2033-01-21,0.45849395458696607
2033-01-22,0.4238982587469683
2033-01-23,0.3905547142971957
2033-01-24,0.38958139861528696
2033-01-25,0.3899095490479101
2033-01-26,0.3709909233569304
2033-01-27,0.35377310549062196
2033-01-28,0.403811794915116
2033-01-29,0.38519994997600937
2033-01-30,0.5925132948915366
2033-01-31,0.5300852987968404
2033-02-01,0.3408847924578334
2033-02-02,0.341039676234473
2033-02-03,0.3396723348607704
2033-02-04,0.33005616202762617
2033-02-05,0.32024667463956724
2033-02-06,0.3081873271373329
2033-02-07,0.29722568205943756
2033-02-08,0.28536464568241643
2033-02-09,0.4788579764306578
2033-02-10,0.4261123638525113
2033-02-11,0.29776060380324243
2033-02-12,0.3031607449480096
2033-02-13,0.3194164220783135
2033-02-14,0.31465768630126983
2033-02-15,0.3181756373125448
2033-02-16,0.3427131053031373
2033-02-17,0.30523178219885827
2033-02-18,0.3029043197436782
2033-02-19,0.3525916235153752
2033-02-20,0.32739601525095857
2033-02-21,0.28833068755958374
2033-02-22,0.28273350507175066
2033-02-23,0.31693478457571805
2033-02-24,0.3540969892366131
2033-02-25,0.4075813398580344
2033-02-26,0.5404360205402379
2033-02-27,0.5860909373669666
2033-02-28,0.4700250420359763
2033-03-01,0.6870669020813445
2033-03-02,0.8646958091452465
2033-03-03,0.884547296596486
2033-03-04,0.8511960934836419
2033-03-05,0.8448430891711718
2033-03-06,0.8143917740660206
2033-03-07,0.7955536952816508
2033-03-08,0.8542622244878059
2033-03-09,0.9364554360258394
2033-03-10,0.9064592000973446
2033-03-11,0.9848618997567119
2033-03-12,0.9569163734821124
2033-03-13,1.3543202341418832
2033-03-14,0.7143777957027746
2033-03-15,0.9124851173243329
2033-03-16,0.9167543571587212
2033-03-17,0.8155587840027079
2033-03-18,0.7377918564637138
2033-03-19,0.7144705471277137
2033-03-20,0.8329720365214002
2033-03-21,0.762796853736755
2033-03-22,0.6960799280424365
2033-03-23,0.8071829051105648
2033-03-24,0.7902318428048117
2033-03-25,0.8224494433130822
2033-03-26,0.8280093627634473
2033-03-27,0.9039856289046193
2033-03-28,1.0425968120200981
2033-03-29,1.2108349808807097
2033-03-30,1.2725644448523803
2033-03-31,1.4391799193850652
2033-04-01,1.328323130354929
2033-04-02,1.3504780724020935
2033-04-03,1.018359025206552
2033-04-04,1.1202988534491227
2033-04-05,1.1933453382259394
2033-04-06,0.9301706760781785
2033-04-07,1.1679643726363873
2033-04-08,1.27752557094557
2033-04-09,1.1693966457507812
2033-04-10,0.7788351465180668
2033-04-11,0.6431829072679379
2033-04-12,0.5141962209020161
2033-04-13,0.548206398379288
2033-04-14,0.4974700425465854
2033-04-15,0.49471553145001546
2033-04-16,0.5220138465370273
2033-04-17,0.7057083903652798
2033-04-18,0.6240693744831646
2033-04-19,0.4806815865297593
2033-04-20,0.5540347060377075
2033-04-21,0.5769550596079477
2033-04-22,0.46143750599699496
2033-04-23,0.4739223420366426
2033-04-24,0.4736002789904806
2033-04-25,0.5584714510962531
2033-04-26,0.4774815508600245
2033-04-27,0.5493586484132551
2033-04-28,0.5668713666834435
2033-04-29,0.5876097650314488
2033-04-30,0.6153304931330881
2033-05-01,0.8381782723130111
2033-05-02,0.8821097407262852
2033-05-03,0.9573101678912315
2033-05-04,0.6959237484941164
2033-05-05,0.5181989701414663
2033-05-06,0.4967163907823393
2033-05-07,0.48827461126298394
2033-05-08,0.424481242648272
2033-05-09,0.3279134109334387
2033-05-10,0.3285524930981631
2033-05-11,0.2944804373891868
2033-05-12,0.2739115026475379
2033-05-13,0.22316750744908267
2033-05-14,0.22712884575910275
2033-05-15,0.22427970959763852
2033-05-16,0.1665964654462656
2033-05-17,0.16104503565993514
2033-05-18,0.12558342712460746
2033-05-19,0.11578400529483629
2033-05-20,0.10692144920332139
2033-05-21,0.09937417329341426
2033-05-22,0.0860849801115448
2033-05-23,0.07413728499009523
2033-05-24,0.06474640918671497
2033-05-25,0.057162726086258914
2033-05-26,0.05497964505232787
2033-05-27,0.057154902244406475
2033-05-28,0.055583739409258565
2033-05-29,0.0439649849318764
2033-05-30,0.03357081639096483
2033-05-31,0.03737246087656555
2033-06-01,0.032916212197903784
2033-06-02,0.039123793417188045
2033-06-03,0.027437848209430037
2033-06-04,0.02481831861303695
2033-06-05,0.023053006376350965
2033-06-06,0.021324787936703192
2033-06-07,0.01988625295989988
2033-06-08,0.018725376423184618
2033-06-09,0.017767049139774057
2033-06-10,0.016965751757024507
2033-06-11,0.01642480742804976
2033-06-12,0.015884346124803835
2033-06-13,0.015307597052260417
2033-06-14,0.014677031341453364
2033-06-15,0.014108566197713788
2033-06-16,0.013660293728447596
2033-06-17,0.013327045196725326
2033-06-18,0.013060266624629224
2033-06-19,0.012815576865117417
2033-06-20,0.012584398187969281
2033-06-21,0.012337775604267147
2033-06-22,0.012074138325585303
2033-06-23,0.011805443009091764
2033-06-24,0.01154331783751775
2033-06-25,0.011302946857817539
2033-06-26,0.011076219272472107
2033-06-27,0.0108559425801996
2033-06-28,0.01064239744948367
2033-06-29,0.010434984522035989
2033-06-30,0.010240649777054507
2033-07-01,0.02063926670979367
2033-07-02,0.020300365106626694
2033-07-03,0.019981464181572414
2033-07-04,0.019708814295277863
2033-07-05,0.035649580487939626
2033-07-06,0.03966502771212952
2033-07-07,0.022321894691511936
2033-07-08,0.02175612948469544
2033-07-09,0.019920245727108817
2033-07-10,0.018785020535688646
2033-07-11,0.021017518707932985
2033-07-12,0.018733370417704252
2033-07-13,0.02441332543010081
2033-07-14,0.01817109768389901
2033-07-15,0.018055340229457355
2033-07-16,0.017928284819733558
2033-07-17,0.017790965886633238
2033-07-18,0.017654328245402615
2033-07-19,0.01752117176004192
2033-07-20,0.017389608457746154
2033-07-21,0.01726291982405307
2033-07-22,0.01715089409410294
2033-07-23,0.017051942333424268
2033-07-24,0.01694634557530565
2033-07-25,0.016836325905538945
2033-07-26,0.016732964847715432
2033-07-27,0.016638483077085285
2033-07-28,0.01655487700400376
2033-07-29,0.01648254223973935
2033-07-30,0.016418255905819846
2033-07-31,0.01635425387250071
2033-08-01,0.018454286060910347
2033-08-02,0.018390712602886935
2033-08-03,0.018335612324518098
2033-08-04,0.018287921874015074
2033-08-05,0.018246767630621732
2033-08-06,0.018209953733992246
2033-08-07,0.018177596654164848
2033-08-08,0.018147794129601644
2033-08-09,0.01811989574762668
2033-08-10,0.01809510066080191
2033-08-11,0.018073602262312704
2033-08-12,0.01805485451596148
2033-08-13,0.018037336922332965
2033-08-14,0.018021475842881243
2033-08-15,0.018008073816977204
2033-08-16,0.017997242795271734
2033-08-17,0.01946375352138404
2033-08-18,0.017979393161764053
2033-08-19,0.017970874430721727
2033-08-20,0.017962262541586827
2033-08-21,0.01795426552379434
2033-08-22,0.01794703102949906
2033-08-23,0.017940517060548763
2033-08-24,0.017934312373081976
2033-08-25,0.01792820101541092
2033-08-26,0.20600457586817675
2033-08-27,0.03126526681503862
2033-08-28,0.0179133398176953
2033-08-29,0.1309232494663082
2033-08-30,0.10807995014186428
2033-08-31,0.4964747555486428
2033-09-01,0.350901488194683
2033-09-02,0.049040017011300965
2033-09-03,0.030758214707882262
2033-09-04,0.032202247288426133
2033-09-05,0.014076192549030798
2033-09-06,0.014090047457871256
2033-09-07,0.014098596167650437
2033-09-08,0.014105312582086827
2033-09-09,0.01411071715380891
2033-09-10,0.014112617171790588
2033-09-11,0.01410888358711967
2033-09-12,0.014102847227165963
2033-09-13,0.014097405079877558
2033-09-14,0.014090825573664654
2033-09-15,0.014082307068836883
2033-09-16,0.014073271701885475
2033-09-17,0.014065452815702807
2033-09-18,0.014059001245441797
2033-09-19,0.014052281840248234
2033-09-20,0.014044895772618127
2033-09-21,0.014037095042537157
2033-09-22,0.014028524594134275
2033-09-23,0.014019693491809383
2033-09-24,0.014009828319958118
2033-09-25,0.013999111626537445
2033-09-26,0.013988840660723579
2033-09-27,0.013979242769960997
2033-09-28,0.01397074566546291
2033-09-29,0.013963496492085494
2033-09-30,0.01395650978384927
2033-10-01,0.01378367773347888
2033-10-02,0.013776625292197997
2033-10-03,0.013769600611588932
2033-10-04,0.013763046334003059
2033-10-05,0.013756697846091735
2033-10-06,0.013750331519288795
2033-10-07,0.013744130351375866
2033-10-08,0.013738261746511124
2033-10-09,0.013732884786469508
2033-10-10,0.013727764233748167
2033-10-11,0.013722571778194368
2033-10-12,0.013717374252297266
2033-10-13,0.013712329265637573
2033-10-14,0.013707413840941575
2033-10-15,0.013702565298037853
2033-10-16,0.01369804793769193
2033-10-17,0.01369386015163347
2033-10-18,0.013689783373750503
2033-10-19,0.013685716080821262
2033-10-20,0.013681613083484966
2033-10-21,0.013677555520053503
2033-10-22,0.01367351503624394
2033-10-23,0.01366949702385674
2033-10-24,0.01366557803304575
2033-10-25,0.013661784598805137
2033-10-26,0.013658004317677764
2033-10-27,0.01365423120030842
2033-10-28,0.0146395066096512
2033-10-29,0.013646958116264351
2033-10-30,0.01364323984675687
2033-10-31,0.018035970216143702
2033-11-01,0.012255578941539629
2033-11-02,0.013894032876552578
2033-11-03,0.011005995433385606
2033-11-04,0.031284626192157175
2033-11-05,0.03575319331532642
2033-11-06,0.11538826523789388
2033-11-07,0.48633133940158463
2033-11-08,2.176797968670246
2033-11-09,36.603699839607636
2033-11-10,1.9261735923075727
2033-11-11,0.07567287536218094
2033-11-12,0.04897304212274738
2033-11-13,0.3214450813502837
2033-11-14,2.385123228789863
2033-11-15,1.2265610162753866
2033-11-16,0.03296762602097909
2033-11-17,0.26931891334709984
2033-11-18,1.6226682041056204
2033-11-19,0.602805639414081
2033-11-20,0.0733596681790401
2033-11-21,0.06716952948745933
2033-11-22,0.9618381111247287
2033-11-23,0.6921411423376121
2033-11-24,0.11199751834426908
2033-11-25,0.09985557445693893
2033-11-26,0.10506452216071134
2033-11-27,0.11587706810023882
2033-11-28,0.12466001405866381
2033-11-29,0.13242157265686694
2033-11-30,0.13941343818297247
2033-12-01,0.14035645742048267
2033-12-02,0.1454380941893138
2033-12-03,0.15390416095663048
2033-12-04,0.144857963325619
2033-12-05,0.13197242538163872
2033-12-06,0.13056530933782226
2033-12-07,0.12761858126019252
2033-12-08,0.1237189049167896
2033-12-09,0.11982161183532566
2033-12-10,0.11562496859480485
2033-12-11,0.11134873596224679
2033-12-12,0.19285087995952332
2033-12-13,0.25989919636851444
2033-12-14,0.162623228567847
2033-12-15,0.11497778906463592
2033-12-16,0.11135915885978381
2033-12-17,0.11182453851182919
2033-12-18,0.1113500582738712
2033-12-19,0.11106303581773959
2033-12-20,0.10977950424193719
2033-12-21,0.1083843196036868
2033-12-22,0.10830983235755098
2033-12-23,0.10438949821633373
2033-12-24,0.3565563354858134
2033-12-25,1.4907694898632349
2033-12-26,4.047186485604172
2033-12-27,1.3731598150281792
2033-12-28,1.0154922181639545
2033-12-29,1.090564574668543
2033-12-30,1.1621753409444626
2033-12-31,1.0761748547531271
2034-01-01,0.6447303302845436
2034-01-02,0.627220808647801
2034-01-03,0.6017242145482772
2034-01-04,0.5624747418848899
2034-01-05,0.5200449199993109
2034-01-06,0.49237745136538486
2034-01-07,0.47085104018602225
2034-01-08,0.46002490896926373
2034-01-09,0.4138988368202206
2034-01-10,0.3516015684313959
2034-01-11,0.3343035975034539
2034-01-12,0.44876092104941967
2034-01-13,0.54354760504178
2034-01-14,0.6990096771444207
2034-01-15,0.5125448290410323
2034-01-16,1.0527557901438587
2034-01-17,1.4786363339035833
2034-01-18,1.5699251178621505
2034-01-19,1.6794148587384186
2034-01-20,1.768947529101555
2034-01-21,1.9168241074629753
2034-01-22,1.9081813988214462
2034-01-23,1.6447666938782604
2034-01-24,1.570919316253759
2034-01-25,1.502345718330169
2034-01-26,1.4248392328130832
2034-01-27,1.3758600560329355
2034-01-28,1.3129337740944327
2034-01-29,1.2617481472947707
2034-01-30,1.1566719125303675
2034-01-31,1.1129399801972841
2034-02-01,0.9785379770306987
2034-02-02,0.9417569783477732
2034-02-03,0.886393178116871
2034-02-04,0.8860827337476365
2034-02-05,0.8139398289183161
2034-02-06,0.8027790765196899
2034-02-07,0.7523058283423505
2034-02-08,0.7030104994650336
2034-02-09,0.7703611808146967
2034-02-10,0.7255504222566311
2034-02-11,0.7427426455813846
2034-02-12,0.8066557643313869
2034-02-13,0.780948436418509
2034-02-14,0.777275828046129
2034-02-15,1.0298417409489542
2034-02-16,1.1193085236336366
2034-02-17,0.990042491909402
2034-02-18,0.9785878861401708
2034-02-19,0.9217383429447303
2034-02-20,0.9586671975810863
2034-02-21,0.8414913523822076
2034-02-22,0.7738519915591141
2034-02-23,0.7420459247010877
2034-02-24,0.7079570232231615
2034-02-25,0.7044257733792608
2034-02-26,0.6502226052389091
2034-02-27,0.623369403271389
2034-02-28,0.5696929728806348
2034-03-01,0.6537551019691681
2034-03-02,0.6194869660368507
2034-03-03,0.623330449828295
2034-03-04,0.6564428088533836
2034-03-05,0.7089754460713635
2034-03-06,0.7501594975623908
2034-03-07,0.7881788054054834
2034-03-08,0.7826322351338718
2034-03-09,0.6661151868577386
2034-03-10,1.0578039747684742
2034-03-11,2.4862193906679533
2034-03-12,2.104313011350399
2034-03-13,1.3592905479285524
2034-03-14,1.4113297292234055
2034-03-15,1.546901240489116
2034-03-16,1.32333142679947
2034-03-17,1.2652780221697049
2034-03-18,1.2535884348135065
2034-03-19,1.2933233183722839
2034-03-20,1.2804763299427844
2034-03-21,1.072116551654686
2034-03-22,1.0032019102004832
2034-03-23,1.068553737342242
2034-03-24,1.1892746967729062
2034-03-25,1.3051672894237538
2034-03-26,1.515072413966959
2034-03-27,1.8404606526271112
2034-03-28,1.883570367805664
2034-03-29,2.2238633774744296
2034-03-30,2.42750337091867
2034-03-31,2.5071431832872153
2034-04-01,1.8753419329423924
2034-04-02,1.4897395172911911
2034-04-03,1.5520097727773137
2034-04-04,1.6612636203488187
2034-04-05,1.380918117809327
2034-04-06,1.0678713863939193
2034-04-07,0.9636662744271388
2034-04-08,1.2724156531581092
2034-04-09,1.3804717964814575
2034-04-10,0.785878117487822
2034-04-11,0.6769224803472575
2034-04-12,0.9389309130290908
2034-04-13,1.0333795865302715
2034-04-14,0.7729909170190752
2034-04-15,0.776783802161125
2034-04-16,0.739141030544189
2034-04-17,0.7463250012315539
2034-04-18,0.9562662008247024
2034-04-19,0.768194113388146
2034-04-20,0.7316163744080662
2034-04-21,0.862815895837966
2034-04-22,1.0825451885258093
2034-04-23,1.0424834789735924
2034-04-24,0.887281223820961
2034-04-25,1.2353943670765373
2034-04-26,1.2491620340009992
2034-04-27,1.1087746334030388
2034-04-28,1.0861155320163323
2034-04-29,1.0317705112057654
2034-04-30,0.9837183868542202
2034-05-01,1.1812905831390481
2034-05-02,1.0277443314395163
2034-05-03,0.9860559959570255
2034-05-04,0.9863454792285131
2034-05-05,0.9446705487896141
2034-05-06,0.9396334069771566
2034-05-07,0.9770670182356762
2034-05-08,0.9295698569176397
2034-05-09,0.8779672173148273
2034-05-10,0.8527694576892053
2034-05-11,0.8877217913576871
2034-05-12,0.9860763936647204
2034-05-13,1.0571988266012882
2034-05-14,1.0929768642274234
2034-05-15,1.086750656582587
2034-05-16,0.9424701545740244
2034-05-17,0.7236595910531863
2034-05-18,0.6732191808519449
2034-05-19,0.7265879827415065
2034-05-20,0.8442241339660745
2034-05-21,1.13018933130677
2034-05-22,1.3755746594490568
2034-05-23,1.5218176156298526
2034-05-24,1.4599883133160563
2034-05-25,1.425940075295234
2034-05-26,1.1836112144915953
2034-05-27,1.2632814961817762
2034-05-28,1.34980186820002
2034-05-29,1.4538926287354261
2034-05-30,1.517930597783494
2034-05-31,1.455392460147702
2034-06-01,1.5441168235903344
2034-06-02,1.2101333280149493
2034-06-03,1.074167733468485
2034-06-04,1.0809685621428684
2034-06-05,1.4965962395695345
2034-06-06,1.3061129910880291
2034-06-07,0.9356277317566696
2034-06-08,0.9344249186094837
2034-06-09,0.791406373976819
2034-06-10,0.6148341715052469
2034-06-11,0.5468436256368064
2034-06-12,0.6644088889009035
2034-06-13,0.6383720052641987
2034-06-14,0.8240691135363782
2034-06-15,0.85123531257358
2034-06-16,0.66866854842478
2034-06-17,0.5059608241958717
2034-06-18,0.4393647684145542
2034-06-19,0.3739646350697159
2034-06-20,0.35325514736009916
2034-06-21,0.3365394196088918
2034-06-22,0.31128126175373333
2034-06-23,0.2898369858334147
2034-06-24,0.26199877232351576
2034-06-25,0.24782670543559046
2034-06-26,0.23980588365342936
2034-06-27,0.16949669536072165
2034-06-28,0.10835086449059166
2034-06-29,0.0987689073662398
2034-06-30,0.0772105665114149
2034-07-01,0.14405656082462007
2034-07-02,0.12647404877863597
2034-07-03,0.11048533439802882
2034-07-04,0.09571934907484936
2034-07-05,0.08276739212654706
2034-07-06,0.23097300618931055
2034-07-07,0.36307284875229107
2034-07-08,0.06702525467752646
2034-07-09,0.06453525401625441
2034-07-10,0.059793327101040364
2034-07-11,0.05505154559496679
2034-07-12,0.05073168279195602
2034-07-13,0.04710294257513527
2034-07-14,0.04374692573080066
2034-07-15,0.0406226982368614
2034-07-16,0.03776678358191925
2034-07-17,0.03503809433587781
2034-07-18,0.0323298253765313
2034-07-19,0.029750669754776297
2034-07-20,0.027395871947523853
2034-07-21,0.02546228128532495
2034-07-22,0.023975364957804144
2034-07-23,0.02282747706573768
2034-07-24,0.021950595338317436
2034-07-25,0.02131541590555247
2034-07-26,0.02091534498953715
2034-07-27,0.020684342389118777
2034-07-28,0.023975748598127733
2034-07-29,0.14523814355243014
2034-07-30,0.020323646122161802
2034-07-31,0.020167702225059054
2034-08-01,0.022618145709289383
2034-08-02,0.02237446098756717
2034-08-03,0.022135179705938472
2034-08-04,0.021910712033260997
2034-08-05,0.021697709110257573
2034-08-06,0.02149256768489453
2034-08-07,0.021294419414374283
2034-08-08,0.02110375421477424
2034-08-09,0.02092127073590736
2034-08-10,0.020747997985028202
2034-08-11,0.020578957291133255
2034-08-12,0.020412293944288954
2034-08-13,0.02025075623122636
2034-08-14,0.020097766232492778
2034-08-15,0.019951476367692216
2034-08-16,0.019808464786923285
2034-08-17,0.01967369183120555
2034-08-18,0.019552006504683417
2034-08-19,0.019441695429865874
2034-08-20,0.0193385649280534
2034-08-21,0.019248975966324296
2034-08-22,0.019169713835772536
2034-08-23,0.0190883777722649
2034-08-24,0.01900746799076621
2034-08-25,0.01893713453965538
2034-08-26,0.01887737140162299
2034-08-27,0.018826901839775402
2034-08-28,0.018778625255193526
2034-08-29,0.01872694521476343
2034-08-30,0.018670154718367932
2034-08-31,0.018611496506143178
2034-09-01,0.014452757666690429
2034-09-02,0.014414325669041357
2034-09-03,0.014377824758521498
2034-09-04,0.014344343063816259
2034-09-05,0.01431317294203009
2034-09-06,0.014283868652583237
2034-09-07,0.04844654939089051
2034-09-08,0.018828633104582573
2034-09-09,0.046032961383955386
2034-09-10,0.014227388865138788
2034-09-11,0.01420803722594428
2034-09-12,0.014188314400548567
2034-09-13,0.014168733765350746
2034-09-14,0.01414885756809698
2034-09-15,0.014129623404688464
2034-09-16,0.014111464909973904
2034-09-17,0.01409442848609524
2034-09-18,0.014078615249985672
2034-09-19,0.01406380346049816
2034-09-20,0.014050177350073372
2034-09-21,0.014038315340338312
2034-09-22,0.014029069076604204
2034-09-23,0.014022419298074755
2034-09-24,0.014017343858336332
2034-09-25,0.014013215851964833
2034-09-26,0.014009073665192901
2034-09-27,0.01400387922584931
2034-09-28,0.01399760888928869
2034-09-29,0.013991173191895334
2034-09-30,0.01398488595062089
2034-10-01,0.01381248223251823
2034-10-02,0.01380585525141571
2034-10-03,0.013798859099622683
2034-10-04,0.013791909795751008
2034-10-05,0.013785019276110165
2034-10-06,0.013777841560273604
2034-10-07,0.013770477160746482
2034-10-08,0.013763095003185179
2034-10-09,0.013755999750930748
2034-10-10,0.01374939137193365
2034-10-11,0.013743302466470026
2034-10-12,0.013737499731695465
2034-10-13,0.013731790287490674
2034-10-14,0.013726072078159075
2034-10-15,0.013720396832640806
2034-10-16,0.013714875050302285
2034-10-17,0.013709713339251476
2034-10-18,0.013705242062627031
2034-10-19,0.09941744725353446
2034-10-20,0.06419758012016363
2034-10-21,0.028982016625562178
2034-10-22,0.019530341541765937
2034-10-23,0.024420512850546243
2034-10-24,0.01851532103638345
2034-10-25,0.015788832251923384
2034-10-26,0.013677477805357344
2034-10-27,0.01367360363709118
2034-10-28,0.0161913043477455
2034-10-29,0.037365172424183954
2034-10-30,0.01431539826902983
2034-10-31,0.01365966893741734
2034-11-01,0.013253662960670737
2034-11-02,0.011910206470158259
2034-11-03,0.011765186789315473
2034-11-04,0.010778720718147321
2034-11-05,0.010708589832274197
2034-11-06,0.010705963110272814
2034-11-07,0.010703340169237468
2034-11-08,0.46521333311749113
2034-11-09,0.2588417723765474
2034-11-10,0.06383950040549742
2034-11-11,0.043394945283711475
2034-11-12,0.03771994432321238
2034-11-13,0.030400987128781278
2034-11-14,0.05710715533264997
2034-11-15,0.032604753464602274
2034-11-16,0.016997886732005623
2034-11-17,0.185715294003396
2034-11-18,1.5850072058247648
2034-11-19,2.5428408759884134
2034-11-20,2.028476971708134
2034-11-21,0.02425911814390286
2034-11-22,0.01766495591198793
2034-11-23,0.19192416529214998
2034-11-24,0.018693495056930572
2034-11-25,0.018417037525062394
2034-11-26,0.11866669119411753
2034-11-27,0.26445311652343423
2034-11-28,0.01939867056626193
2034-11-29,0.05698206295381733
2034-11-30,0.5498010381737863
2034-12-01,1.3318784073120788
2034-12-02,0.5318206411509904
2034-12-03,0.07128394073559899
2034-12-04,0.4171146698025334
2034-12-05,0.27851403382066686
2034-12-06,0.050384534033878076
2034-12-07,0.029867592430247534
2034-12-08,0.033153159576858285
2034-12-09,0.03249448303471253
2034-12-10,0.03097100522893162
2034-12-11,0.037412217992868944
2034-12-12,0.04868866427234078
2034-12-13,0.08152196982985477
2034-12-14,0.12399917222202105
2034-12-15,0.12203798661590975
2034-12-16,0.05457874582724518
2034-12-17,0.058310092942474606
2034-12-18,0.044018349845995765
2034-12-19,0.3852501418381128
2034-12-20,0.7277126182858544
2034-12-21,0.21786979540557516
2034-12-22,0.19979447952273066
2034-12-23,0.6633099434697947
2034-12-24,0.2692158488555694
2034-12-25,0.4526043846678784
2034-12-26,0.31135114072640213
2034-12-27,0.15934818075389282
2034-12-28,0.3678510480506367
2034-12-29,0.9122599396967559
2034-12-30,0.747993799248252
2034-12-31,1.8068879394872495
2035-01-01,0.9808037613237629
2035-01-02,0.6759281657753896
2035-01-03,0.7047633150543646
2035-01-04,0.7256535885046927
2035-01-05,0.7117824066158266
2035-01-06,0.6677745649637723
2035-01-07,0.6602868942396056
2035-01-08,0.6594710663007574
2035-01-09,0.6923214358945884
2035-01-10,0.7069541925610251
2035-01-11,0.7596373084240675
2035-01-12,0.8287385134944855
2035-01-13,0.8937440658188757
2035-01-14,0.9173766268694823
2035-01-15,1.0467193608511605
2035-01-16,0.981718828095482
2035-01-17,0.9256465576523089
2035-01-18,0.9343003374407894
2035-01-19,0.9753189434555675
2035-01-20,0.990583575093337
2035-01-21,1.435222647989879
2035-01-22,2.3596478308243123
2035-01-23,2.1983623618682357
2035-01-24,2.25695788774825
2035-01-25,7.097815384866997
2035-01-26,11.523516450578008
2035-01-27,4.580977244490925
2035-01-28,1.664279383522686
2035-01-29,3.892755823139442
2035-01-30,6.126111580179275
2035-01-31,1.4754252293357675
2035-02-01,1.3004364205194279
2035-02-02,1.3319133707227593
2035-02-03,1.4190880190947346
2035-02-04,1.363154596488461
2035-02-05,1.3174212748131937
2035-02-06,1.2610340744022
2035-02-07,1.189237780980579
2035-02-08,1.1071286733378214
2035-02-09,1.0360951544340748
2035-02-10,0.9650411043398354
2035-02-11,0.8932069107216981
2035-02-12,0.8249114077612466
2035-02-13,0.7625742067652239
2035-02-14,0.6965134434197805
2035-02-15,0.7606687326601987
2035-02-16,0.6701908092207425
2035-02-17,0.6017051978818259
2035-02-18,0.5831917832434586
2035-02-19,0.5668714361008684
2035-02-20,0.6489520740697595
2035-02-21,0.6181413387163537
2035-02-22,0.5898309606798607
2035-02-23,0.5852999250354465
2035-02-24,0.5416819273012677
2035-02-25,0.5316148929510093
2035-02-26,0.5165375470171446
2035-02-27,0.4997595355595873
2035-02-28,0.48453375800096843
2035-03-01,0.5681503893680995
2035-03-02,0.569745039949566
2035-03-03,0.5824350568984347
2035-03-04,0.5657458058963536
2035-03-05,0.5510365276177351
2035-03-06,0.4654957920761091
2035-03-07,0.45746900026672693
2035-03-08,0.43884807035519263
2035-03-09,0.40516005165111385
2035-03-10,0.3921219577482094
2035-03-11,0.45662687462569684
2035-03-12,0.5369199854310478
2035-03-13,0.6212751930362296
2035-03-14,0.6315378382345723
2035-03-15,0.5698821749832976
2035-03-16,0.5365824703698837
2035-03-17,0.5197387889080233
2035-03-18,0.539873347151234
2035-03-19,0.5707805919311693
2035-03-20,0.6007303839990433
2035-03-21,0.5543003844869208
2035-03-22,0.5645940536295576
2035-03-23,0.6347273536788723
2035-03-24,0.714697464223174
2035-03-25,0.8288606377233485
2035-03-26,0.9302174243669002
2035-03-27,0.976517583987096
2035-03-28,0.7967662448891002
2035-03-29,0.7085747465191602
2035-03-30,0.6327747461258532
2035-03-31,0.6342578107698473
2035-04-01,0.636008741987697
2035-04-02,0.7806807235673211
2035-04-03,0.9871892262530093
2035-04-04,1.3189013032764356
2035-04-05,1.5097722646080038
2035-04-06,1.6957022086575073
2035-04-07,1.9557502083212115
2035-04-08,2.2233315857228644
2035-04-09,2.3960777092317675
2035-04-10,2.677808586079941
2035-04-11,2.548258055947633
2035-04-12,2.5547896543277084
2035-04-13,2.4208949561163813
2035-04-14,2.2437482437886977
2035-04-15,2.1455005354293077
2035-04-16,1.676430114644117
2035-04-17,0.954684004327488
2035-04-18,1.2690948678575302
2035-04-19,1.3812250123652254
2035-04-20,1.4471890109115784
2035-04-21,1.1182477554801649
2035-04-22,1.3220584804664064
2035-04-23,1.458212302166806
2035-04-24,1.5130607622849677
2035-04-25,1.3122576520851195
2035-04-26,1.2965677595315221
2035-04-27,1.2624625079328644
2035-04-28,1.0763774526897216
2035-04-29,0.9505027126800635
2035-04-30,0.9572415441114874
2035-05-01,0.8201577082443181
2035-05-02,0.635143144781681
2035-05-03,0.6728188584908111
2035-05-04,0.7510322768186363
2035-05-05,0.7026308263398033
2035-05-06,0.5435253063879466
2035-05-07,0.5554768949970214
2035-05-08,0.48125128282499724
2035-05-09,0.465471055502735
2035-05-10,0.5155990200020295
2035-05-11,0.4272332116690169
2035-05-12,0.4445128710126729
2035-05-13,0.4618663336708906
2035-05-14,0.43723767346651443
2035-05-15,0.4075178754656235
2035-05-16,0.3324410774842787
2035-05-17,0.3158069934470066
2035-05-18,0.3082750401545983
2035-05-19,0.2930874683025914
2035-05-20,0.29271824710222405
2035-05-21,0.2761079623792727
2035-05-22,0.2631302910862629
2035-05-23,0.28768235816293425
2035-05-24,0.2766600633031336
2035-05-25,0.2568426563394366
2035-05-26,0.21184089043676774
2035-05-27,0.21096009290659506
2035-05-28,0.1825106108450435
2035-05-29,0.15273266016001535
2035-05-30,0.10373167566692612
2035-05-31,0.09483563342800455
2035-06-01,0.10453679050038336
2035-06-02,0.08819444188468022
2035-06-03,0.07577357818680651
2035-06-04,0.07368262018379121
2035-06-05,0.06358929971961608
2035-06-06,0.053071854323977326
2035-06-07,0.04733170119079523
2035-06-08,0.044587397836565734
2035-06-09,0.04059955595935636
2035-06-10,0.03616353972057318
2035-06-11,0.031743250940271424
2035-06-12,0.027973779992730922
2035-06-13,0.024831720915821715
2035-06-14,0.022283000224228685
2035-06-15,0.020079844397155325
2035-06-16,0.0182247205567824
2035-06-17,0.016694913269379195
2035-06-18,0.015409776179945288
2035-06-19,0.014272471352401403
2035-06-20,0.013266810529155015
2035-06-21,0.01244763029921766
2035-06-22,0.011781469503063188
2035-06-23,0.011285308629717265
2035-06-24,0.010970651771789788
2035-06-25,0.010760482804788118
2035-06-26,0.010578543461512012
2035-06-27,0.01041747645754296
2035-06-28,0.01028575714952359
2035-06-29,0.010165405402004344
2035-06-30,0.010036124072368157
2035-07-01,0.02031184346425753
2035-07-02,0.020056476485177048
2035-07-03,0.019810269162017943
2035-07-04,0.019571087509620107
2035-07-05,0.019351728839824646
2035-07-06,0.019127421328626288
2035-07-07,0.018905907453324856
2035-07-08,0.018690218113869964
2035-07-09,0.01847391600186553
2035-07-10,0.01826848192048514
2035-07-11,0.0180866489097134
2035-07-12,0.01791903858005088
2035-07-13,0.017756572186628093
2035-07-14,0.018016088623338845
2035-07-15,0.030158364682909923
2035-07-16,0.01733602660508347
2035-07-17,0.017215058737936138
2035-07-18,0.017095514520711168
2035-07-19,0.01698230750863346
2035-07-20,0.016877848688163045
2035-07-21,0.016779817588473907
2035-07-22,0.016686683994144528
2035-07-23,0.016599922623058063
2035-07-24,0.01651997236422346
2035-07-25,0.016446770616490247
2035-07-26,0.01637836059589623
2035-07-27,0.01631301701933091
2035-07-28,0.01625370875908488
2035-07-29,0.016201477207019897
2035-07-30,0.016154497353449575
2035-07-31,0.01611249555092959
2035-08-01,0.018210256015356235
2035-08-02,0.01817327269098579
2035-08-03,0.018139536317330323
2035-08-04,0.01810933387748885
2035-08-05,0.018082936627036444
2035-08-06,0.018060044368115667
2035-08-07,0.018852123339309083
2035-08-08,0.018024050537422443
2035-08-09,0.018005572498752894
2035-08-10,0.017988521008239534
2035-08-11,0.017973942489504114
2035-08-12,0.018646249535936812
2035-08-13,0.018010693863012843
2035-08-14,0.017946574856994097
2035-08-15,0.017936375445154713
2035-08-16,0.017926605030545283
2035-08-17,0.01791742737212983
2035-08-18,0.01790899263610929
2035-08-19,0.017901456889389177
2035-08-20,0.017894847799289664
2035-08-21,0.01788869102733677
2035-08-22,0.017882557974806455
2035-08-23,0.017876605136581125
2035-08-24,0.017870885583122303
2035-08-25,0.01787129273301031
2035-08-26,0.017860542564410064
2035-08-27,0.01785585495125943
2035-08-28,0.017851226474571436
2035-08-29,0.01784656611998447
2035-08-30,0.017841887093287784
2035-08-31,0.017837207196541544
2035-09-01,0.013887766605496347
2035-09-02,0.013884103401914823
2035-09-03,0.013880591359805117
2035-09-04,0.013877213519568153
2035-09-05,0.013873860781933018
2035-09-06,0.013870535927096452
2035-09-07,0.01386721213104989
2035-09-08,0.013863888877870167
2035-09-09,0.013860566537784566
2035-09-10,0.013857244918194959
2035-09-11,0.013853924143841003
2035-09-12,0.013850604146864303
2035-09-13,0.013847284970175601
2035-09-14,0.013843966478057856
2035-09-15,0.01384064896389869
2035-09-16,0.013837332200172855
2035-09-17,0.013834016140976898
2035-09-18,0.013830700847182993
2035-09-19,0.013827386391639468
2035-09-20,0.013824072830229581
2035-09-21,0.013820759935428011
2035-09-22,0.01381744775812902
2035-09-23,0.013814136723444797
2035-09-24,0.013810826242604534
2035-09-25,0.013807516445337661
2035-09-26,0.013804207711850133
2035-09-27,0.013800899640979325
2035-09-28,0.01379759228561526
2035-09-29,0.013794285858313852
2035-09-30,0.013790980091633502
2035-10-01,0.01362391485840821
2035-10-02,0.013620650065142055
2035-10-03,0.013617386061713338
2035-10-04,0.013614122645978976
2035-10-05,0.013610859984584093
2035-10-06,0.013607598526187474
2035-10-07,0.013604337469119458
2035-10-08,0.013601077313314293
2035-10-09,0.013597817901987514
2035-10-10,0.013606084208305037
2035-10-11,0.015016144331108304
2035-10-12,0.013588044421824347
2035-10-13,0.01358478801799422
2035-10-14,0.013581532662350487
2035-10-15,0.013578278164583155
2035-10-16,0.013575024236760684
2035-10-17,0.013571770868036756
2035-10-18,0.01356851866484114
2035-10-19,0.01356526691030491
2035-10-20,0.013562016132958475
2035-10-21,0.013558766186864276
2035-10-22,0.013558693199361036
2035-10-23,0.013573678505327884
2035-10-24,0.013549020750373451
2035-10-25,0.18137592214320272
2035-10-26,0.015756725967410793
2035-10-27,0.018805586878558628
2035-10-28,0.015187516136814214
2035-10-29,0.014834632890919509
2035-10-30,0.01740568428829348
2035-10-31,0.024089218663987062
2035-11-01,0.016809708293636053
2035-11-02,0.010767940326575827
2035-11-03,0.01060963023050263
2035-11-04,0.010607088981558068
2035-11-05,0.010604548363419303
2035-11-06,0.010602008317263226
2035-11-07,0.010599468814451693
2035-11-08,0.010596929994303927
2035-11-09,0.010594391530967856
2035-11-10,0.010591853946890285
2035-11-11,0.010589316749810064
2035-11-12,0.010586780007065281
2035-11-13,0.010584244006581773
2035-11-14,0.010581708520804839
2035-11-15,0.010579173580694622
2035-11-16,0.010576639219532747
2035-11-17,0.010574105493046954
2035-11-18,0.010571572324611504
2035-11-19,0.010569039811750051
2035-11-20,0.010566507760189692
2035-11-21,0.01056397627441973
2035-11-22,0.010561445402427937
2035-11-23,0.010558914913563899
2035-11-24,0.011334124146062507
2035-11-25,0.010553856378564097
2035-11-26,0.010551327896669242
2035-11-27,0.05192554432905703
2035-11-28,0.04625686055742143
2035-11-29,0.012552793797741435
2035-11-30,0.010562357486811141
2035-12-01,0.05422368074392812
2035-12-02,0.4518728583479125
2035-12-03,0.5317116253819972
2035-12-04,0.22697836132822788
2035-12-05,0.06002807535814475
2035-12-06,0.013306453728222905
2035-12-07,0.25793466379843255
2035-12-08,1.1576008669551352
2035-12-09,1.2077957639433141
2035-12-10,1.8036834596717644
2035-12-11,0.9322030706493859
2035-12-12,0.12021282593335729
2035-12-13,0.1341062477729306
2035-12-14,0.7103139969347869
2035-12-15,0.2802468921762848
2035-12-16,0.1919981738090203
2035-12-17,0.3222610515856103
2035-12-18,1.4745224557748824
2035-12-19,0.366506802069057
2035-12-20,0.39502337900889434
2035-12-21,0.5637577073028737
2035-12-22,0.21370461918386802
2035-12-23,0.31602838089793367
2035-12-24,0.32940304320181596
2035-12-25,0.18708234531117207
2035-12-26,0.42483488038045286
2035-12-27,0.2694748015009342
2035-12-28,0.14598457840999612
2035-12-29,0.15234293591496031
2035-12-30,0.16738378455920802
2035-12-31,0.17228802042914057
2036-01-01,0.12172486057421213
2036-01-02,0.11776470525882318
2036-01-03,0.12310972820239881
2036-01-04,0.12465136990256802
2036-01-05,0.12269744727622793
2036-01-06,0.17343371109134936
2036-01-07,0.19253712283805607
2036-01-08,0.12309207272720295
2036-01-09,0.1246781000265382
2036-01-10,0.7462909208913387
2036-01-11,0.7152854077343134
2036-01-12,1.060655148773885
2036-01-13,0.5787273295224395
2036-01-14,0.6224809877598526
2036-01-15,0.6450536472107902
2036-01-16,0.5971420157591707
2036-01-17,0.5760347596129123
2036-01-18,0.5413618578422345
2036-01-19,0.5099373355555955
2036-01-20,0.4793023203334914
2036-01-21,0.4479327211833472
2036-01-22,0.42449066460895163
2036-01-23,0.3906934174416292
2036-01-24,0.5437895899513646
2036-01-25,0.40835611877910566
2036-01-26,0.35110968116346547
2036-01-27,0.3479759461258719
2036-01-28,0.33849990508835726
2036-01-29,0.32844544834558326
2036-01-30,1.7834208935527673
2036-01-31,26.43212714169165
2036-02-01,16.3976328636408
2036-02-02,3.214477469029709
2036-02-03,1.830345956689634
2036-02-04,1.8327181118358242
2036-02-05,1.3439076894637692
2036-02-06,1.7494320618969383
2036-02-07,1.2823403646980593
2036-02-08,1.2577099890909975
2036-02-09,1.2486269161126513
2036-02-10,1.2258619810955427
2036-02-11,1.1807794977040629
2036-02-12,1.1265178479090538
2036-02-13,1.1255802723180517
2036-02-14,1.4113026094061403
2036-02-15,1.2526017851595717
2036-02-16,1.5629727337124284
2036-02-17,1.6165589683755428
2036-02-18,1.2840767753409046
2036-02-19,1.197216482699195
2036-02-20,1.5709693147748496
2036-02-21,1.7440005088752741
2036-02-22,1.693253828969868
2036-02-23,1.4158172500300454
2036-02-24,1.365589875932977
2036-02-25,1.4474493097243835
2036-02-26,1.4276485118134081
2036-02-27,1.3071503909145514
2036-02-28,1.2889107676888731
2036-02-29,1.1846195043819236
2036-03-01,1.3779417053789742
2036-03-02,1.3400217487206518
2036-03-03,1.3057529498348774
2036-03-04,1.267008172116961
2036-03-05,1.2222130302715621
2036-03-06,1.173618636515473
2036-03-07,1.1284195585079433
2036-03-08,1.0960426779331853
2036-03-09,1.0148764269876251
2036-03-10,0.9616551332094981
2036-03-11,0.8996639092406381
2036-03-12,0.8578052085011564
2036-03-13,0.7746774168075725
2036-03-14,0.7174113456408598
2036-03-15,0.7042151163825544
2036-03-16,0.6793177497748846
2036-03-17,0.6681534797540564
2036-03-18,0.6226243655001219
2036-03-19,0.6073932652688601
2036-03-20,0.639095322359214
2036-03-21,0.5842069316398827
2036-03-22,0.5440337328079373
2036-03-23,0.4892114014691109
2036-03-24,0.49114418405261623
2036-03-25,0.521937190430302
2036-03-26,0.5264310459321002
2036-03-27,0.42800642328207333
2036-03-28,0.5144894135768662
2036-03-29,0.4012574427779136
2036-03-30,0.4686213610734645
2036-03-31,0.6295261831032902
2036-04-01,0.5488395249631954
2036-04-02,0.3926834297100216
2036-04-03,0.3902299976393778
2036-04-04,0.39566310697204904
2036-04-05,0.39500725867073627
2036-04-06,0.5016390595043959
2036-04-07,0.38011031881116797
2036-04-08,0.46173358761718153
2036-04-09,0.537550043559114
2036-04-10,0.46058697201265225
2036-04-11,0.46376651850325945
2036-04-12,0.5286044525814907
2036-04-13,0.490526436591233
2036-04-14,0.4831100156237193
2036-04-15,0.47259837535640725
2036-04-16,0.45961409086267824
2036-04-17,0.5188291770057726
2036-04-18,0.5743543257899099
2036-04-19,0.5637737619808255
2036-04-20,0.5957339455302437
2036-04-21,0.5493086326287236
2036-04-22,0.6394285956626327
2036-04-23,0.6423916383833596
2036-04-24,0.6356787647820219
2036-04-25,0.766569017787849
2036-04-26,0.7620250109913451
2036-04-27,0.6913020598882563
2036-04-28,0.6107291114106137
2036-04-29,0.5954606011481711
2036-04-30,0.700442485785339
2036-05-01,0.8800642203034177
2036-05-02,1.1268711977470127
2036-05-03,1.0533590746274824
2036-05-04,0.89270842010004
2036-05-05,0.8304497395890459
2036-05-06,0.927995046879502
2036-05-07,1.1700951438497271
2036-05-08,1.215004827077695
2036-05-09,0.9483103487061764
2036-05-10,1.2976872958491552
2036-05-11,1.549409285991825
2036-05-12,1.5088630023757124
2036-05-13,1.1907492431708102
2036-05-14,0.7909632990753686
2036-05-15,0.8077787225453379
2036-05-16,0.9707306662742804
2036-05-17,1.0812076632809107
2036-05-18,1.549746455041143
2036-05-19,2.0097083692520643
2036-05-20,2.203497084022488
2036-05-21,1.9537846950750193
2036-05-22,1.7823291485815556
2036-05-23,1.9292710972362137
2036-05-24,1.9261144931360257
2036-05-25,1.972679265271737
2036-05-26,1.9336784566560714
2036-05-27,1.716158220725284
2036-05-28,1.936459884514548
2036-05-29,1.6910184463933942
2036-05-30,1.52197564145794
2036-05-31,0.8597525849923298
2036-06-01,0.6297330701789989
2036-06-02,0.7187002064152681
2036-06-03,0.7483161037956892
2036-06-04,1.1096303185775436
2036-06-05,1.4628332911664534
2036-06-06,1.5717592250507466
2036-06-07,1.395410763478654
2036-06-08,1.6533734270325466
2036-06-09,1.8750503067903561
2036-06-10,1.6315098698875106
2036-06-11,1.2750588107556682
2036-06-12,1.2558071385757383
2036-06-13,1.2529750634559045
2036-06-14,1.220941112022415
2036-06-15,0.8583516755144364
2036-06-16,0.7552414024863382
2036-06-17,0.7147084624195476
2036-06-18,0.7331328505344378
2036-06-19,0.6059463547997037
2036-06-20,0.46575745211311925
2036-06-21,0.3837924867789274
2036-06-22,0.3831761769735609
2036-06-23,0.4055556668293386
2036-06-24,0.3941366007398031
2036-06-25,0.3737646212744045
2036-06-26,0.32308489974100524
2036-06-27,0.3101534133983482
2036-06-28,0.2926629441868044
2036-06-29,0.26983427070327065
2036-06-30,0.22385936161041264
2036-07-01,0.416190979488156
2036-07-02,0.4007107485801778
2036-07-03,0.41155508759793724
2036-07-04,0.3723624007829525
2036-07-05,0.362744909166873
2036-07-06,0.3858031995353344
2036-07-07,0.19315994221193297
2036-07-08,0.16493242140862704
2036-07-09,0.14577657768009908
2036-07-10,0.13160081791016726
2036-07-11,0.12021842290428174
2036-07-12,0.10837613819522822
2036-07-13,0.09555424564398914
2036-07-14,0.08318908716422647
2036-07-15,0.07501455457643404
2036-07-16,0.06535345675717232
2036-07-17,0.058439415649916567
2036-07-18,0.05191738878339093
2036-07-19,0.04671443970212089
2036-07-20,0.04199409566123953
2036-07-21,0.039767318074558515
2036-07-22,0.03505347602340647
2036-07-23,0.0319590164180626
2036-07-24,0.029150314209100827
2036-07-25,0.026706110623891607
2036-07-26,0.02474605840318039
2036-07-27,0.023234795728635835
2036-07-28,0.02208293921904238
2036-07-29,0.021305986737665993
2036-07-30,0.020850823919681655
2036-07-31,0.020584064700699033
2036-08-01,0.023067274067263697
2036-08-02,0.022824879943004524
2036-08-03,0.02258045889793805
2036-08-04,0.02233404805973187
2036-08-05,0.02208811388055886
2036-08-06,0.02184584698086924
2036-08-07,0.021607433139953693
2036-08-08,0.021371623744405967
2036-08-09,0.021136877654517532
2036-08-10,0.02091153742846419
2036-08-11,0.02069908676654938
2036-08-12,0.02050285298054714
2036-08-13,0.020328669978415002
2036-08-14,0.020168281293319473
2036-08-15,0.02001842121530353
2036-08-16,0.019876806051297494
2036-08-17,0.01973963591806176
2036-08-18,0.019614723589178238
2036-08-19,0.01950138834887454
2036-08-20,0.019393606708080883
2036-08-21,0.01928434771284889
2036-08-22,0.01917480845786072
2036-08-23,0.019073564969295027
2036-08-24,0.018980616573151633
2036-08-25,0.01889677516920195
2036-08-26,0.018821863864449964
2036-08-27,0.01874704450305226
2036-08-28,0.018670394515052247
2036-08-29,0.018599336429245435
2036-08-30,0.01853437180679073
2036-08-31,0.018469544436900055
2036-09-01,0.014337541958161048
2036-09-02,0.014299828732177836
2036-09-03,0.014267152526129253
2036-09-04,0.014238427016561212
2036-09-05,0.27061709854930854
2036-09-06,0.054938076088473155
2036-09-07,0.06378377517766959
2036-09-08,0.014187680924839057
2036-09-09,0.014170037692587293
2036-09-10,0.014151369901955905
2036-09-11,0.014131143110517755
2036-09-12,0.014110685505869502
2036-09-13,0.014092023370433644
2036-09-14,0.014075822717002629
2036-09-15,0.023417907389610883
2036-09-16,0.014053028407893964
2036-09-17,0.015725058322300676
2036-09-18,0.014029677276074065
2036-09-19,0.01401575789680632
2036-09-20,0.014002773130666396
2036-09-21,0.013990769382789562
2036-09-22,0.013979441165837705
2036-09-23,0.013969176281330084
2036-09-24,0.013960089812047712
2036-09-25,0.01395206103198848
2036-09-26,0.013945286093712454
2036-09-27,0.013939245382840677
2036-09-28,0.013933361019615322
2036-09-29,0.01392767506025021
2036-09-30,0.013922199364988331
2036-10-01,0.013751737611669732
2036-10-02,0.013746928124806098
2036-10-03,0.02484591095130307
2036-10-04,0.0145958600285318
2036-10-05,0.013733992216697272
2036-10-06,0.01372933069471783
2036-10-07,0.013724266269769893
2036-10-08,0.013719155542194413
2036-10-09,0.01371453559269143
2036-10-10,0.013710420557480653
2036-10-11,0.013706168926708284
2036-10-12,0.01370162076959834
2036-10-13,0.013697106173191441
2036-10-14,0.013692669441361978
2036-10-15,0.013688259315523463
2036-10-16,0.013683949556252977
2036-10-17,0.013679992626612911
2036-10-18,0.01367645281899074
2036-10-19,0.013673039038291125
2036-10-20,0.013669563169058775
2036-10-21,0.01366609533920957
2036-10-22,0.013662602005790132
2036-10-23,0.013658946056540786
2036-10-24,0.01365519696364555
2036-10-25,0.013651447700160866
2036-10-26,0.013647744239369042
2036-10-27,0.013644112625203883
2036-10-28,0.013640529554004617
2036-10-29,0.013637021272834381
2036-10-30,0.013633589603940108
2036-10-31,0.013630204490105836
2036-11-01,0.011687775635526422
2036-11-02,0.021033918997320124
2036-11-03,0.11183167291869679
2036-11-04,0.015035334893092741
2036-11-05,0.010746466025779037
2036-11-06,0.010711955995947821
2036-11-07,0.010680394502911911
2036-11-08,0.013627997217064685
2036-11-09,0.010675066739121792
2036-11-10,0.010672421359967398
2036-11-11,0.021922368777933066
2036-11-12,0.04384887143602767
2036-11-13,0.011042294286721365
2036-11-14,0.01110684029690765
2036-11-15,0.01128600891640466
2036-11-16,0.012358606846735096
2036-11-17,0.016581738434015548
2036-11-18,0.018012552678983464
2036-11-19,0.010770770252486479
2036-11-20,0.010987674864009263
2036-11-21,0.04371586010242557
2036-11-22,0.012396880792470527
2036-11-23,0.010784395998787883
2036-11-24,0.010995935187013086
2036-11-25,0.0110662052944875
2036-11-26,0.013397637539100268
2036-11-27,0.020335471556040405
2036-11-28,0.03315817180784063
2036-11-29,0.01770948592728699
2036-11-30,0.012969070394713404
2036-12-01,0.011423709509092588
2036-12-02,0.010585820176567055
2036-12-03,0.010334776167946917
2036-12-04,0.010312744753020846
2036-12-05,0.01031025875222451
2036-12-06,0.010307772376814966
2036-12-07,0.02377594281599116
2036-12-08,0.010302842310861975
2036-12-09,0.04088813620060026
2036-12-10,0.01147177683069175
2036-12-11,0.021433924549158136
2036-12-12,0.02775503910581185
2036-12-13,0.014295756192298503
2036-12-14,0.01042619155099082
2036-12-15,0.010285858944803146
2036-12-16,0.01033649961079758
2036-12-17,0.010281181396874603
2036-12-18,0.010278857305048175
2036-12-19,0.010276538399134907
2036-12-20,0.010274226337062577
2036-12-21,0.010271926288948005
2036-12-22,0.010269631095762961
2036-12-23,0.010267343312852248
2036-12-24,0.010265066757060452
2036-12-25,0.1961933599312488
2036-12-26,0.1419060633788569
2036-12-27,0.5965626497423685
2036-12-28,2.302562917878699
2036-12-29,1.286412739607226
2036-12-30,0.053546383247045005
2036-12-31,0.05143580150848109
2037-01-01,0.10865048806091579
2037-01-02,0.06358520680478348
2037-01-03,0.1928648800119036
2037-01-04,0.20171106806814865
2037-01-05,0.19136668458035347
2037-01-06,0.6531039638937749
2037-01-07,0.3216992927152248
2037-01-08,0.02264958680765518
2037-01-09,0.025107008147769717
2037-01-10,0.1768944497105382
2037-01-11,0.04795160759448351
2037-01-12,0.014834676471625383
2037-01-13,0.018764816030282395
2037-01-14,0.013366153283276797
2037-01-15,0.01303866338747403
2037-01-16,0.013116299896417131
2037-01-17,0.014812956512883791
2037-01-18,0.023637380386732878
2037-01-19,0.04257349028029267
2037-01-20,0.10714249685764052
2037-01-21,0.10980398726317468
2037-01-22,0.25620321712203875
2037-01-23,0.4693909187949587
2037-01-24,0.6200965577118318
2037-01-25,0.49900809350818714
2037-01-26,0.29222082709055025
2037-01-27,0.4915330015802188
2037-01-28,1.3478818161365222
2037-01-29,0.6276788576639254
2037-01-30,0.5844932212930526
2037-01-31,0.5509517730842672
2037-02-01,0.48823302871948115
2037-02-02,0.4541722365149187
2037-02-03,0.46597575207677416
2037-02-04,0.4595669552505975
2037-02-05,0.483766815679448
2037-02-06,0.4661395672834098
2037-02-07,0.524270224661102
2037-02-08,0.5376642933725545
2037-02-09,0.5422341500990668
2037-02-10,0.5232849605247393
2037-02-11,0.5069365601361754
2037-02-12,0.502179171781176
2037-02-13,0.5024188101740504
2037-02-14,0.49111055865445224
2037-02-15,0.5469760166933371
2037-02-16,0.5694754053797088
2037-02-17,0.5355590588736125
2037-02-18,0.6152735892375941
2037-02-19,0.5538037294132984
2037-02-20,0.4468768787297177
2037-02-21,0.4610959153047619
2037-02-22,0.49386718290607834
2037-02-23,0.48209656826454905
2037-02-24,0.44565562170452105
2037-02-25,0.4423452623657507
2037-02-26,0.3947179678691283
2037-02-27,0.5519262736295355
2037-02-28,0.329979118634386
2037-03-01,0.3831547731816424
2037-03-02,0.3392360310268463
2037-03-03,0.45881544027504245
2037-03-04,1.0280514609045044
2037-03-05,0.7780929189747334
2037-03-06,0.6852450304320898
2037-03-07,0.9167857913671921
2037-03-08,1.0480480324630388
2037-03-09,1.1286135816503846
2037-03-10,1.0275354580440874
2037-03-11,1.1344774720233717
2037-03-12,1.0682601648132213
2037-03-13,0.9863353642825958
2037-03-14,1.1236027374200708
2037-03-15,1.1382811254634608
2037-03-16,0.9767477934797385
2037-03-17,1.5668266566566336
2037-03-18,1.2491710454311864
2037-03-19,1.1664051888666358
2037-03-20,1.4627650244258363
2037-03-21,1.1681193764077142
2037-03-22,1.1781039961159516
2037-03-23,1.1548924453964018
2037-03-24,1.1986784070354315
2037-03-25,0.9878896220940347
2037-03-26,0.9951072970994784
2037-03-27,1.007081948951021
2037-03-28,0.994289988401257
2037-03-29,1.0267176561179963
2037-03-30,1.075807317527326
2037-03-31,1.1561074071086217
2037-04-01,0.9859815149203325
2037-04-02,0.8827451802797847
2037-04-03,0.8952452628461367
2037-04-04,1.2281010348841774
2037-04-05,1.2608285082771802
2037-04-06,0.9124403518316909
2037-04-07,0.9444893615908821
2037-04-08,1.1940442619089766
2037-04-09,1.2830527865348327
2037-04-10,1.1384214568650923
2037-04-11,1.081372140866281
2037-04-12,1.0961449634985814
2037-04-13,1.3108477697739505
2037-04-14,1.292567157780526
2037-04-15,1.202830858629867
2037-04-16,1.1616689044173514
2037-04-17,1.0976402434028774
2037-04-18,1.0769062324266518
2037-04-19,1.0596585325199213
2037-04-20,1.1027426763258692
2037-04-21,1.0807779127682764
2037-04-22,1.1264501257415886
2037-04-23,1.1341919304709804
2037-04-24,1.0283351450606613
2037-04-25,0.9752575344584111
2037-04-26,0.973191388461768
2037-04-27,1.0599312414637296
2037-04-28,0.9036479726968148
2037-04-29,0.8631617461257138
2037-04-30,0.9077550778899014
2037-05-01,0.8984161990168763
2037-05-02,0.937733703978024
2037-05-03,0.9046677937279536
2037-05-04,0.8123369785550577
2037-05-05,0.8173755443060864
2037-05-06,0.8599539780496216
2037-05-07,0.9142505927540151
2037-05-08,0.9146539273960801
2037-05-09,0.8661790228603853
2037-05-10,0.7596121467922041
2037-05-11,0.8084488501789041
2037-05-12,0.7241820430917727
2037-05-13,0.6959613079389678
2037-05-14,0.6871920007681072
2037-05-15,0.645150215793201
2037-05-16,0.6184011516485576
2037-05-17,0.674182363428242
2037-05-18,0.5713479388658688
2037-05-19,0.6368288281682357
2037-05-20,0.6187307475428464
2037-05-21,0.6860780627539753
2037-05-22,0.7129886122605488
2037-05-23,0.8357731303905079
2037-05-24,1.0220914004556845
2037-05-25,1.2000323344771786
2037-05-26,1.336455434646461
2037-05-27,1.0237081532308991
2037-05-28,1.145332422099432
2037-05-29,1.2205043526880917
2037-05-30,0.8898677938028189
2037-05-31,0.6704404237497251
2037-06-01,0.5701001258197496
2037-06-02,0.5629223086070014
2037-06-03,0.5350634084700386
2037-06-04,0.46900454760812854
2037-06-05,0.4165979759769275
2037-06-06,0.3814888542645205
2037-06-07,0.33983133838458945
2037-06-08,0.31999330096929246
2037-06-09,0.28149329555742386
2037-06-10,0.1823175567681584
2037-06-11,0.16498707028625664
2037-06-12,0.1452867978838752
2037-06-13,0.11679904872162462
2037-06-14,0.09849450202927086
2037-06-15,0.08368553848190519
2037-06-16,0.07056735143309208
2037-06-17,0.05909213862529853
2037-06-18,0.0497622294398529
2037-06-19,0.04280040098123167
2037-06-20,0.03749977115091601
2037-06-21,0.03315392596315573
2037-06-22,0.029238665135014857
2037-06-23,0.025922346968726324
2037-06-24,0.023292535699105867
2037-06-25,0.021224938971728478
2037-06-26,0.01949579710641153
2037-06-27,0.017985131474105666
2037-06-28,0.016673418792077354
2037-06-29,0.015613743394162887
2037-06-30,0.014719096419315065
2037-07-01,0.028571458772753112
2037-07-02,0.027307112680883667
2037-07-03,0.0264381436867104
2037-07-04,0.02577210219862318
2037-07-05,0.02513700828407753
2037-07-06,0.024525925333289365
2037-07-07,0.02394775853222763
2037-07-08,0.023402605813467033
2037-07-09,0.022895621576370092
2037-07-10,0.02245321516789783
2037-07-11,0.022089710639293922
2037-07-12,0.02175525281520213
2037-07-13,0.021398821005218487
2037-07-14,0.021018350939126806
2037-07-15,0.02065566553622983
2037-07-16,0.02030883962477357
2037-07-17,0.019977460992753986
2037-07-18,0.019671372855915237
2037-07-19,0.020839496464047026
2037-07-20,0.019289875079202483
2037-07-21,0.030276226986388332
2037-07-22,0.059003282824624456
2037-07-23,0.24938482307539508
2037-07-24,0.11684761013653545
2037-07-25,0.01882735960257484
2037-07-26,0.0339010712393506
2037-07-27,0.018598695567964906
2037-07-28,0.018463469838728055
2037-07-29,0.018303515584718745
2037-07-30,0.01814066276156012
2037-07-31,0.017976266866346086
2037-08-01,0.02017719886457212
2037-08-02,0.0199988926667257
2037-08-03,0.019830141505854264
2037-08-04,0.019672784082466532
2037-08-05,0.019524259606156967
2037-08-06,0.019383335283301144
2037-08-07,0.019252049117267377
2037-08-08,0.019136891949575963
2037-08-09,0.01903980617296278
2037-08-10,0.0189557585839203
2037-08-11,0.01916558075045177
2037-08-12,0.018810467447623463
2037-08-13,0.019857180460797964
2037-08-14,0.019224160678716427
2037-08-15,0.018610851313765272
2037-08-16,0.018554649393737983
2037-08-17,0.018508972343036258
2037-08-18,0.018468265389697557
2037-08-19,0.018429676745687972
2037-08-20,0.01839033681066216
2037-08-21,0.018351894464400473
2037-08-22,0.018315692817431877
2037-08-23,0.01828045449986567
2037-08-24,0.01824468965238355
2037-08-25,0.018211130679146457
2037-08-26,0.019960027596816424
2037-08-27,0.018165522877471904
2037-08-28,0.01814611175483469
2037-08-29,0.018130524789692997
2037-08-30,0.018116115564154375
2037-08-31,0.018099842122205282
2037-09-01,0.01408488686487827
2037-09-02,0.014075013635845028
2037-09-03,0.014064252937278912
2037-09-04,0.014053677821335498
2037-09-05,0.014043439775805062
2037-09-06,0.014033019462732837
2037-09-07,0.033435812119583325
2037-09-08,0.052390857739946
2037-09-09,0.3520466011336392
2037-09-10,0.014011141597676812
2037-09-11,0.014006109554354534
2037-09-12,0.014000054628155125
2037-09-13,0.12453663574224721
2037-09-14,0.017349308323508048
2037-09-15,0.013985763851128005
2037-09-16,0.013978944355858329
2037-09-17,0.013971651720202137
2037-09-18,0.013964384014508302
2037-09-19,0.013957397515834588
2037-09-20,0.013950606827434724
2037-09-21,0.01394400997742449
2037-09-22,0.013937813126473046
2037-09-23,0.013932363375057228
2037-09-24,0.0139278094287749
2037-09-25,0.013923653416861102
2037-09-26,0.013919474903914889
2037-09-27,0.013915221708857213
2037-09-28,0.013911009332595927
2037-09-29,0.01390688017462829
2037-09-30,0.013902771296329804
2037-10-01,0.013733746669890605
2037-10-02,0.013729855052228427
2037-10-03,0.013725827183141137
2037-10-04,0.013721974051573757
2037-10-05,0.013726049681677654
2037-10-06,0.013903170750842488
2037-10-07,0.013711584582876529
2037-10-08,0.01370803442552182
2037-10-09,0.013704439150789203
2037-10-10,0.013700862797646903
2037-10-11,0.013697330955453101
2037-10-12,0.01369385639078394
2037-10-13,0.01369041827401423
2037-10-14,0.013686946002930876
2037-10-15,0.01368341179714057
2037-10-16,0.013679868398271552
2037-10-17,0.013676372435018248
2037-10-18,0.01367291264159428
2037-10-19,0.013669469091609552
2037-10-20,0.013769079973513402
2037-10-21,0.02735386817787372
2037-10-22,0.031071614496222852
2037-10-23,0.07176124397148906
2037-10-24,0.16085526508645318
2037-10-25,0.21239163915535325
2037-10-26,0.05400356596109433
2037-10-27,0.04294498203559864
2037-10-28,0.04206977020528111
2037-10-29,0.03893051663753904
2037-10-30,0.034023145823985315
2037-10-31,0.014715621479257344
2037-11-01,0.01070226248782087
2037-11-02,0.010701825231652418
2037-11-03,0.010701369401922345
2037-11-04,0.01079832811481038
2037-11-05,0.11430887949018434
2037-11-06,0.023970981689508963
2037-11-07,0.01171438793508168
2037-11-08,0.014144395799382911
2037-11-09,0.014376204578132209
2037-11-10,0.015461416660922236
2037-11-11,0.01281837526604709
2037-11-12,0.01121387386455242
2037-11-13,0.011691422405718828
2037-11-14,0.010712197408126725
2037-11-15,0.010714083975607048
2037-11-16,0.010715612861358576
2037-11-17,0.010716682163503853
2037-11-18,0.010717526550402316
2037-11-19,0.010718280244420533
2037-11-20,0.010719012258835143
2037-11-21,0.010719725642412884
2037-11-22,0.010720305186751296
2037-11-23,0.010720764220820975
2037-11-24,0.010721149974579285
2037-11-25,0.010721454043986778
2037-11-26,0.010721630401874583
2037-11-27,0.0526485384123207
2037-11-28,0.25159780967463363
2037-11-29,0.02263785752633141
2037-11-30,0.01576057094305396
2037-12-01,0.053292577795970776
2037-12-02,0.7552354417547603
2037-12-03,0.5500312474066941
2037-12-04,0.2147092159701427
2037-12-05,0.01726355711457988
2037-12-06,0.012267343494655546
2037-12-07,0.01419435791698516
2037-12-08,0.019102179433791572
2037-12-09,0.027033711450932477
2037-12-10,0.01879608661094782
2037-12-11,0.030872059880864576
2037-12-12,0.027145443737347317
2037-12-13,0.02371264845140946
2037-12-14,0.027399097180378168
2037-12-15,0.019269434867976346
2037-12-16,0.023291094410162468
2037-12-17,0.014848516376158466
2037-12-18,0.015406491263710466
2037-12-19,0.014794223600253084
2037-12-20,0.015305094498134301
2037-12-21,0.014442369903194571
2037-12-22,0.015168847962909916
2037-12-23,0.01575242561150617
2037-12-24,0.015082842553431869
2037-12-25,0.013419853263972029
2037-12-26,0.013344941021178182
2037-12-27,0.01955386414475928
2037-12-28,0.015726109007304777
2037-12-29,0.01509703305690151
2037-12-30,0.013140529184159224
2037-12-31,0.013141684203062198
2038-01-01,0.00889751747350826
2038-01-02,0.009107816382252172
2038-01-03,0.00847161461304768
2038-01-04,0.045569076750275224
2038-01-05,0.017322622218389462
2038-01-06,0.01805287941451296
2038-01-07,0.026671621560158017
2038-01-08,0.026956146675615984
2038-01-09,0.06728511408494378
2038-01-10,0.04912867824813999
2038-01-11,0.03381340887098442
2038-01-12,0.035777289905152096
2038-01-13,0.020550616182263493
2038-01-14,0.017911366565681812
2038-01-15,0.019102471519668884
2038-01-16,0.02672060513266685
2038-01-17,0.1712699455385984
2038-01-18,2.6979968619710815
2038-01-19,19.453295759651883
2038-01-20,3.0316430595771244
2038-01-21,0.06517322224812042
2038-01-22,0.01994166184238764
2038-01-23,0.02036080256553694
2038-01-24,0.04054800533014124
2038-01-25,0.026902248488261338
2038-01-26,0.019922682679260537
2038-01-27,0.1908659392339752
2038-01-28,0.4615923249592145
2038-01-29,0.6902060544594398
2038-01-30,0.2415799199939279
2038-01-31,0.021285880581496726
2038-02-01,0.01751165059308837
2038-02-02,0.023462045424790592
2038-02-03,0.020166218656849616
2038-02-04,0.03328844789366795
2038-02-05,0.041898520127464964
2038-02-06,0.04247642519202446
2038-02-07,0.06313336339449166
2038-02-08,0.10182912259682561
2038-02-09,0.10248075259659935
2038-02-10,0.12262774593750854
2038-02-11,0.06692214707969908
2038-02-12,0.057784794982908255
2038-02-13,0.058227729517149523
2038-02-14,0.07531384078570934
2038-02-15,0.05270660839297595
2038-02-16,0.04146665007863682
2038-02-17,0.042489971990375276
2038-02-18,0.054906794017447885
2038-02-19,0.04402722986196872
2038-02-20,0.04153592172553166
2038-02-21,0.04775787949846635
2038-02-22,0.040510342808408505
2038-02-23,0.051217436459884726
2038-02-24,0.05334480704928652
2038-02-25,0.09631330652683585
2038-02-26,0.1478543274723116
2038-02-27,0.24909929566133937
2038-02-28,0.44768848445265774
2038-03-01,0.7745674737387157
2038-03-02,2.306955282939838
2038-03-03,1.0119185957755987
2038-03-04,0.6816267848029784
2038-03-05,0.9817132367432938
2038-03-06,1.1379148145205062
2038-03-07,0.9228339947121237
2038-03-08,0.9282497571998727
2038-03-09,0.9040993212279341
2038-03-10,1.1509780647501016
2038-03-11,1.0454688923973061
2038-03-12,1.0924946313151942
2038-03-13,1.1811446311687575
2038-03-14,1.2028742772055114
2038-03-15,1.2751716292297373
2038-03-16,1.2784774848283296
2038-03-17,1.248804919922046
2038-03-18,1.2356275933570782
2038-03-19,1.0912454720509739
2038-03-20,1.2090850697415054
2038-03-21,1.416614563142303
2038-03-22,1.114656635959295
2038-03-23,1.153893038803462
2038-03-24,1.0920406458349237
2038-03-25,1.0786242148382332
2038-03-26,1.103044268884052
2038-03-27,1.059350304867578
2038-03-28,0.9102938476506913
2038-03-29,0.9372019687542117
2038-03-30,0.9947395605034139
2038-03-31,1.0712243631450125
2038-04-01,1.0131102565831356
2038-04-02,1.0272775610969884
2038-04-03,1.1247080670685354
2038-04-04,1.1960949534329204
2038-04-05,1.132893892991304
2038-04-06,0.9361589506856267
2038-04-07,0.851254269887659
2038-04-08,0.7279921007998592
2038-04-09,0.6944030584087
2038-04-10,0.6856487657204483
2038-04-11,0.7009693757926252
2038-04-12,0.7171267718185558
2038-04-13,0.7591865540576178
2038-04-14,0.8697694531647916
2038-04-15,0.9692309280152361
2038-04-16,0.5545945309245089
2038-04-17,0.5459034906738393
2038-04-18,0.5494037328852984
2038-04-19,0.52114530258652
2038-04-20,0.5580324934131431
2038-04-21,0.5586991747453797
2038-04-22,0.6192789059923678
2038-04-23,0.5911083164452128
2038-04-24,0.7469290013977183
2038-04-25,0.6044511951731532
2038-04-26,0.548179748704548
2038-04-27,1.0524440278053677
2038-04-28,1.084394704622924
2038-04-29,0.5992430356736484
2038-04-30,0.6058249675611395
2038-05-01,0.7027857392944271
2038-05-02,0.7010582645174153
2038-05-03,0.6647636781612669
2038-05-04,0.6869618295945428
2038-05-05,0.6868146665475587
2038-05-06,0.7196791023014651
2038-05-07,0.6585065248782062
2038-05-08,0.6750176544251983
2038-05-09,0.6297406053908406
2038-05-10,0.5811667810715085
2038-05-11,0.6629276818192976
2038-05-12,0.5451642280181304
2038-05-13,0.5273850384858272
2038-05-14,0.5077825967566784
2038-05-15,0.4701744651626041
2038-05-16,0.4471608980289517
2038-05-17,0.4916087267906261
2038-05-18,0.4491945383014072
2038-05-19,0.44239415874878996
2038-05-20,0.45428436569638375
2038-05-21,0.47727511822380503
2038-05-22,0.45174001388444784
2038-05-23,0.42498722225241736
2038-05-24,0.43672610518018445
2038-05-25,0.3973059221631797
2038-05-26,0.37967317782144483
2038-05-27,0.3536673282313696
2038-05-28,0.36932639469094275
2038-05-29,0.33452897929800485
2038-05-30,0.3519490314323109
2038-05-31,0.3973880787260083
2038-06-01,0.4614629043982787
2038-06-02,0.7259913257704527
2038-06-03,0.7976254272658863
2038-06-04,0.46631939286104385
2038-06-05,0.40642792177169573
2038-06-06,0.3718124713875387
2038-06-07,0.36153076888516816
2038-06-08,0.31780145607052984
2038-06-09,0.27231999851564703
2038-06-10,0.2382909750391156
2038-06-11,0.2173401955621898
2038-06-12,0.24362813818643123
2038-06-13,0.20787017155795787
2038-06-14,0.15134186957747559
2038-06-15,0.116391875312952
2038-06-16,0.1094764181845438
2038-06-17,0.09805429054104625
2038-06-18,0.08954531442192297
2038-06-19,0.0831359110305865
2038-06-20,0.07447911010219374
2038-06-21,0.065128276209482
2038-06-22,0.05575794157883431
2038-06-23,0.04722318303598736
2038-06-24,0.04014341805774808
2038-06-25,0.03446151576092275
2038-06-26,0.02980698979231694
2038-06-27,0.02606244370822164
2038-06-28,0.02330825817428542
2038-06-29,0.021368228675034847
2038-06-30,0.019776140849853623
2038-07-01,0.0376920712826492
2038-07-02,0.03502304997945218
2038-07-03,0.03240172573565913
2038-07-04,0.03007054158756679
2038-07-05,0.0281269186833996
2038-07-06,0.026646401696144198
2038-07-07,0.025613381052571854
2038-07-08,0.02489183097455785
2038-07-09,0.02431814573858702
2038-07-10,0.02382218060491388
2038-07-11,0.023338077183014862
2038-07-12,0.02283096472344971
2038-07-13,0.02230459829082694
2038-07-14,0.021792345442303223
2038-07-15,0.02191694769069555
2038-07-16,0.020922690345485877
2038-07-17,0.02053452532729798
2038-07-18,0.020183190737121333
2038-07-19,0.01985466296353862
2038-07-20,0.019539697988443478
2038-07-21,0.01924905050251177
2038-07-22,0.018986393821119725
2038-07-23,0.018724024609806298
2038-07-24,0.018465455496386018
2038-07-25,0.0182290338033321
2038-07-26,0.018017389655632973
2038-07-27,0.017827613837769225
2038-07-28,0.01766496685648908
2038-07-29,0.017516162972293373
2038-07-30,0.01737636775831757
2038-07-31,0.01725483392328338
2038-08-01,0.01942052575507229
2038-08-02,0.019305621584728937
2038-08-03,0.019196669628584236
2038-08-04,0.019091601354652158
2038-08-05,0.01898959321807952
2038-08-06,0.018889194715516196
2038-08-07,0.018794216878111874
2038-08-08,0.01870691977561689
2038-08-09,0.01863067363157278
2038-08-10,0.018566354739670964
2038-08-11,0.0185086600003622
2038-08-12,0.01845502658073847
2038-08-13,0.0184049637689914
2038-08-14,0.018360593427687266
2038-08-15,0.018323410314818215
2038-08-16,0.018292419586992185
2038-08-17,0.01826542324269481
2038-08-18,0.018239741898252337
2038-08-19,0.01821361184143566
2038-08-20,0.018188057312806233
2038-08-21,0.018164473601522114
2038-08-22,0.0181425779722226
2038-08-23,0.01812235663096972
2038-08-24,0.01810484721119428
2038-08-25,0.023094038468388187
2038-08-26,0.018080827548690073
2038-08-27,0.018066710653403647
2038-08-28,0.018051832084167795
2038-08-29,0.01803632354521796
2038-08-30,0.018021134037688905
2038-08-31,0.018006847507080346
2038-09-01,0.01401426962236849
2038-09-02,0.014006626815644786
2038-09-03,0.013999349129783272
2038-09-04,0.013992266063680418
2038-09-05,0.014050356251641716
2038-09-06,0.031923692572936035
2038-09-07,0.02220566345709826
2038-09-08,0.023458007240851824
2038-09-09,0.02152946789554582
2038-09-10,0.040098050853971036
2038-09-11,0.01395736600061811
2038-09-12,0.013952665723780252
2038-09-13,0.013948005290773708
2038-09-14,0.013943552615103574
2038-09-15,0.013939411275563213
2038-09-16,0.01393538695775663
2038-09-17,0.01393148231314914
2038-09-18,0.013927684882747222
2038-09-19,0.01392396053878751
2038-09-20,0.013920303439464307
2038-09-21,0.013916674955410876
2038-09-22,0.013913040278284418
2038-09-23,0.013909437515541398
2038-09-24,0.013905886894958707
2038-09-25,0.013902346498035918
2038-09-26,0.013898791732106076
2038-09-27,0.013895242334969847
2038-09-28,0.013891719592196471
2038-09-29,0.013888295268986045
2038-09-30,0.013884966918446259
2038-10-01,0.013716763270998394
2038-10-02,0.013713476052654838
2038-10-03,0.013710189709936397
2038-10-04,0.01370690408112889
2038-10-05,0.013703619354570144
2038-10-06,0.013700335266981046
2038-10-07,0.01369705200867219
2038-10-08,0.022350925476282847
2038-10-09,0.01369048810611119
2038-10-10,0.013687207137443808
2038-10-11,0.013683927254433813
2038-10-12,0.026576904774373952
2038-10-13,0.037771543109143754
2038-10-14,0.5923409731329238
2038-10-15,0.9509945338733501
2038-10-16,2.17485706276095
2038-10-17,1.32369258838123
2038-10-18,0.07358607932194293
2038-10-19,0.07505634705194641
2038-10-20,0.07148913480584457
2038-10-21,0.04222632232933186
2038-10-22,0.15967781114967072
2038-10-23,0.029923775829252527
2038-10-24,0.026040085945519764
2038-10-25,0.024068969583384673
2038-10-26,1.0339837113373662
2038-10-27,0.7642336003067791
2038-10-28,0.24834695316804692
2038-10-29,0.37224998279129173
2038-10-30,1.0304421345576809
2038-10-31,1.1096018744780423
2038-11-01,0.25997345152672324
2038-11-02,0.029590125106749007
2038-11-03,0.0606792351428319
2038-11-04,0.04244461789068104
2038-11-05,0.028808875310475053
2038-11-06,1.5373986145474636
2038-11-07,2.9078595474430005
2038-11-08,0.9272212518158726
2038-11-09,0.8311473591403855
2038-11-10,0.9878790135936645
2038-11-11,0.38041328953878195
2038-11-12,0.03769977983039194
2038-11-13,0.08066177662937749
2038-11-14,0.09181037873714142
2038-11-15,0.09974956839415432
2038-11-16,0.1311049684074995
2038-11-17,0.09284840936122667
2038-11-18,0.06957406370044418
2038-11-19,0.12851748457549056
2038-11-20,0.35657673649181076
2038-11-21,1.5816662724144959
2038-11-22,1.4630885807632616
2038-11-23,2.7632184332563243
2038-11-24,1.229383926136944
2038-11-25,1.1015847859153765
2038-11-26,1.1152287755050954
2038-11-27,1.0887340083467787
2038-11-28,1.125434345696735
2038-11-29,1.5734789234398368
2038-11-30,1.4008872387566622
2038-12-01,1.1440963560512332
2038-12-02,1.1526684480200966
2038-12-03,1.1162344493992924
2038-12-04,1.0598602154280798
2038-12-05,0.994430148364198
2038-12-06,0.9307941983200971
2038-12-07,0.8675050732077542
2038-12-08,0.8089067693984988
2038-12-09,0.7549500343367838
2038-12-10,0.7052248581118863
2038-12-11,0.6604111356855259
2038-12-12,0.6165795984844011
2038-12-13,0.5730796558328818
2038-12-14,0.539941611407695
2038-12-15,0.49804889542661124
2038-12-16,0.46690144978274956
2038-12-17,0.43885949757633125
2038-12-18,0.4163678147546179
2038-12-19,0.39279630728151194
2038-12-20,0.37053053480686615
2038-12-21,0.3478708402621583
2038-12-22,0.33118062605085574
2038-12-23,1.4683004206056838
2038-12-24,3.6593167692832878
2038-12-25,1.7821600257387629
2038-12-26,2.9859814779412495
2038-12-27,25.51158521884895
2038-12-28,8.19338171605093
2038-12-29,2.6278802037799576
2038-12-30,3.115235385965368
2038-12-31,5.612142644558851
2039-01-01,2.775818159292263
2039-01-02,3.5811109505771284
2039-01-03,9.409335169999622
2039-01-04,2.7219303958884677
2039-01-05,2.6152785286647267
2039-01-06,1.974957643760861
2039-01-07,1.7299037146333942
2039-01-08,1.7957169130063049
2039-01-09,1.8179859624253203
2039-01-10,1.876343681161135
2039-01-11,1.824352151385122
2039-01-12,1.7067554938122453
2039-01-13,1.6752040124111798
2039-01-14,1.5912165646022403
2039-01-15,1.532085218561978
2039-01-16,1.4388407249480786
2039-01-17,1.366625826664272
2039-01-18,1.309586492400463
2039-01-19,1.1822616420993564
2039-01-20,1.1002498717286853
2039-01-21,1.0139611108706812
2039-01-22,0.9289972737199527
2039-01-23,0.8521979240682803
2039-01-24,0.7866174541808122
2039-01-25,0.7270603430248881
2039-01-26,0.6787993075520116
2039-01-27,0.6322344738751297
2039-01-28,0.5879484182985961
2039-01-29,0.5467740904676707
2039-01-30,0.5386502550080543
2039-01-31,0.4956469394717964
2039-02-01,0.41362653653845116
2039-02-02,0.41086546037136373
2039-02-03,0.39903376180273287
2039-02-04,0.3640372348001939
2039-02-05,0.41485037101044564
2039-02-06,0.3580454743249329
2039-02-07,0.348901113784183
2039-02-08,0.3662004074770469
2039-02-09,0.35179937690897234
2039-02-10,0.6894273032560352
2039-02-11,1.3271044940729828
2039-02-12,0.9928234016331351
2039-02-13,0.7774401565881419
2039-02-14,0.8122706326380024
2039-02-15,0.7880046466126894
2039-02-16,0.7521356448665023
2039-02-17,0.7074213573900104
2039-02-18,0.6616189415712938
2039-02-19,0.6168235425865869
2039-02-20,0.6065558620260918
2039-02-21,0.6194534303879585
2039-02-22,0.5537800496179561
2039-02-23,0.5504475233323814
2039-02-24,0.5063973893643192
2039-02-25,0.5077013252380549
2039-02-26,0.6160161774355678
2039-02-27,0.7022870415166629
2039-02-28,0.6084962005029567
2039-03-01,0.6511795882957441
2039-03-02,0.7756250891422035
2039-03-03,0.7870205597104943
2039-03-04,0.6883112482808407
2039-03-05,0.6926242425283414
2039-03-06,0.6568615952635196
2039-03-07,0.6343544311059038
2039-03-08,0.6033581206594987
2039-03-09,0.5782969020580387
2039-03-10,0.547236176801444
2039-03-11,0.5479801027888989
2039-03-12,0.5237323234277302
2039-03-13,0.9293018286440909
2039-03-14,0.5908766100796446
2039-03-15,0.59836353326257
2039-03-16,0.6377204330475449
2039-03-17,0.8732080005574204
2039-03-18,1.929968986560284
2039-03-19,1.9150446602202424
2039-03-20,2.5151426885579906
2039-03-21,2.1835633896185183
2039-03-22,1.8472755756127683
2039-03-23,1.722401128884102
2039-03-24,1.684410310206092
2039-03-25,1.6154459223898725
2039-03-26,1.5274454875136179
2039-03-27,1.4058226801604246
2039-03-28,1.2733014406913137
2039-03-29,1.1913214528625415
2039-03-30,1.063743888709063
2039-03-31,0.9755887008410326
2039-04-01,0.8621245816422731
2039-04-02,0.8205395067124546
2039-04-03,0.8122763512607438
2039-04-04,0.7730238324798974
2039-04-05,0.7415608976830271
2039-04-06,0.8660915106935444
2039-04-07,0.7817570731806276
2039-04-08,0.8111309368301167
2039-04-09,0.6948494145072964
2039-04-10,0.6583827520986186
2039-04-11,0.6954558120100921
2039-04-12,0.7375641253341876
2039-04-13,0.7712898860737133
2039-04-14,0.6725353043234656
2039-04-15,0.6690242663854937
2039-04-16,0.688008057876936
2039-04-17,1.088916443145821
2039-04-18,1.091037714410906
2039-04-19,1.22908618105939
2039-04-20,1.2656549067394234
2039-04-21,1.2159331701088465
2039-04-22,1.1985497679522903
2039-04-23,1.1833504457582968
2039-04-24,1.3192533059902358
2039-04-25,1.16135022833009
2039-04-26,1.118875795100352
2039-04-27,1.104915807521257
2039-04-28,1.0721933585649592
2039-04-29,1.104627328428292
2039-04-30,1.1375443859138583
2039-05-01,1.2680053737780557
2039-05-02,1.3081764926509403
2039-05-03,1.2877043001352935
2039-05-04,1.4498465100791618
2039-05-05,1.4732049487402368
2039-05-06,1.4444655415446672
2039-05-07,1.4956339479894376
2039-05-08,1.6598376600946183
2039-05-09,1.703018227751646
2039-05-10,1.7013178267173306
2039-05-11,1.4599958818174015
2039-05-12,1.3847541053087118
2039-05-13,1.5260414937431186
2039-05-14,1.4727829164450277
2039-05-15,1.1055873946580985
2039-05-16,0.9928011523246588
2039-05-17,1.049402060485903
2039-05-18,1.057505043904246
2039-05-19,0.9653508683216064
2039-05-20,1.6120734019236578
2039-05-21,1.5794770727284186
2039-05-22,1.6357699581617031
2039-05-23,1.3478238271979943
2039-05-24,1.6903772344310024
2039-05-25,1.6224740576864582
2039-05-26,1.6201591458935731
2039-05-27,1.6042086601032042
2039-05-28,1.8117432383829841
2039-05-29,1.7448499343994828
2039-05-30,1.7641932139173746
2039-05-31,1.8334930240508833
2039-06-01,2.1230127624705526
2039-06-02,1.6832267587250984
2039-06-03,1.4561207718797118
2039-06-04,1.2508825339299312
2039-06-05,1.3228374092945703
2039-06-06,1.0372147014311541
2039-06-07,2.208044738113756
2039-06-08,1.79882685620261
2039-06-09,1.266968237450184
2039-06-10,1.6165568427322954
2039-06-11,1.7585881801846013
2039-06-12,1.7916768958193194
2039-06-13,1.7913773000630362
2039-06-14,1.474897446166271
2039-06-15,1.5105460533292774
2039-06-16,1.498476799966444
2039-06-17,1.1866391090972208
2039-06-18,1.0697610518875758
2039-06-19,0.7674461364219842
2039-06-20,0.6520067777707039
2039-06-21,0.8114664752772656
2039-06-22,0.967314997611484
2039-06-23,0.9071585005868006
2039-06-24,0.8853291623416839
2039-06-25,0.8519884364132843
2039-06-26,0.9081225822038689
2039-06-27,0.9461096942957595
2039-06-28,0.9117101548915546
2039-06-29,0.8840003027276822
2039-06-30,0.6942744905915187
2039-07-01,1.2583545641725769
2039-07-02,1.5856901766395712
2039-07-03,1.5449888361180413
2039-07-04,1.6638955413974958
2039-07-05,1.8533076973569247
2039-07-06,1.8998556788482042
2039-07-07,1.3599765252432203
2039-07-08,0.9000238341104151
2039-07-09,0.7420719070309694
2039-07-10,0.7102541778977135
2039-07-11,0.6739043909421624
2039-07-12,0.6352205881372197
2039-07-13,0.5978033323857367
2039-07-14,0.5748147431737624
2039-07-15,0.5303017648385596
2039-07-16,0.48477777001001937
2039-07-17,0.4843264830157942
2039-07-18,0.489093701958896
2039-07-19,0.479681449570294
2039-07-20,0.4934860028961792
2039-07-21,0.4438832790757168
2039-07-22,0.308107243098553
2039-07-23,0.1503051805212938
2039-07-24,0.141925270288517
2039-07-25,0.13397165056855123
2039-07-26,0.12551320851905
2039-07-27,0.11154274860728766
2039-07-28,0.09633714091034373
2039-07-29,0.0831016508368325
2039-07-30,0.07223182447689944
2039-07-31,0.06331270324253294
2039-08-01,0.06329647737028465
2039-08-02,0.05659752941754982
2039-08-03,0.05101133240206281
2039-08-04,0.04619321665152239
2039-08-05,0.0420499329184309
2039-08-06,0.038573650934674214
2039-08-07,0.035758220801562865
2039-08-08,0.03333558962427405
2039-08-09,0.031141877350977565
2039-08-10,0.029260031130981565
2039-08-11,0.027636316508713822
2039-08-12,0.02626840741110521
2039-08-13,0.02511499833683436
2039-08-14,0.024104088409757793
2039-08-15,0.023309691058834875
2039-08-16,0.022787136073571156
2039-08-17,0.022468694312397113
2039-08-18,0.02225652082598287
2039-08-19,0.022057811674604643
2039-08-20,0.021876745924230685
2039-08-21,0.02171071876558441
2039-08-22,0.021533274334548894
2039-08-23,0.021348770157202348
2039-08-24,0.021177730062463162
2039-08-25,0.021027851938926548
2039-08-26,0.02089526653131417
2039-08-27,0.02076679046525383
2039-08-28,0.02064843450454052
2039-08-29,0.02054184370150467
2039-08-30,0.02043221437908654
2039-08-31,0.020309495473385338
2039-09-01,0.01571509005265167
2039-09-02,0.015623596183143774
2039-09-03,0.015540361886946215
2039-09-04,0.015452773539214724
2039-09-05,0.01536481407613375
2039-09-06,0.015279837308099654
2039-09-07,0.015198464279769324
2039-09-08,0.015118266259775547
2039-09-09,0.015044949755592483
2039-09-10,0.014980898995480916
2039-09-11,0.014918596052049591
2039-09-12,0.014858331981759648
2039-09-13,0.014803527414530391
2039-09-14,0.0147554428522428
2039-09-15,0.014716266852592369
2039-09-16,0.014683148039423406
2039-09-17,0.014651382026475764
2039-09-18,0.014677245941217465
2039-09-19,0.014600283552301942
2039-09-20,0.01456923469738853
2039-09-21,0.014532803820683024
2039-09-22,0.014493881089370882
2039-09-23,0.014455461849092554
2039-09-24,0.014420059152207466
2039-09-25,0.014386357352939328
2039-09-26,0.014353332209248637
2039-09-27,0.014322328681720438
2039-09-28,0.014296181265747276
2039-09-29,0.01427416839549576
2039-09-30,0.01425218241212159
2039-10-01,0.014062011682293502
2039-10-02,0.01404267964062607
2039-10-03,0.014024401689017233
2039-10-04,0.01400729636227205
2039-10-05,0.013990538590698728
2039-10-06,0.013973641926033863
2039-10-07,0.013956776570886769
2039-10-08,0.013941058609186879
2039-10-09,0.013926785708148336
2039-10-10,0.013913034040768088
2039-10-11,0.013899585876131174
2039-10-12,0.0138882996863566
2039-10-13,0.01387978359709968
2039-10-14,0.013872206685896784
2039-10-15,0.013864515972997826
2039-10-16,0.013857644520884763
2039-10-17,0.013855608810587491
2039-10-18,0.02006511590505626
2039-10-19,0.016162068454392185
2039-10-20,0.016538396979569474
2039-10-21,0.01383344163646678
2039-10-22,0.013825550338341118
2039-10-23,0.013817143922128702
2039-10-24,0.013809779704037435
2039-10-25,0.013803944468579136
2039-10-26,0.013798634962247164
2039-10-27,0.013792982090531014
2039-10-28,0.015284167500153142
2039-10-29,0.013783029678129744
2039-10-30,0.013777519354845754
2039-10-31,0.013771598568437491
2039-11-01,0.010805338959663255
2039-11-02,0.010801189067864172
2039-11-03,0.010796921516420324
2039-11-04,0.010792570723347831
2039-11-05,0.010788320645618228
2039-11-06,0.010784232524049094
2039-11-07,0.010780399656014112
2039-11-08,0.010776872950269465
2039-11-09,0.010773650353405969
2039-11-10,0.010770486994260375
2039-11-11,0.01076717708377943
2039-11-12,0.010763706997326988
2039-11-13,0.010760104149036739
2039-11-14,0.010756526988097124
2039-11-15,0.01075299455324045
2039-11-16,0.010749501137800628
2039-11-17,0.010746246089643094
2039-11-18,0.010743217607663915
2039-11-19,0.010740103070583429
2039-11-20,0.010736903229950908
2039-11-21,0.010733651793254709
2039-11-22,0.010730370563163475
2039-11-23,0.010727135205442388
2039-11-24,0.010724025082456167
2039-11-25,0.010721036714322818
2039-11-26,0.01071803904896022
2039-11-27,0.01071502289981951
2039-11-28,0.01071204279021435
2039-11-29,0.05485050980388482
2039-11-30,0.011202048782332876
2039-12-01,0.01057726040529335
2039-12-02,0.010399986148298401
2039-12-03,0.010397117582206331
2039-12-04,0.010394140068303841
2039-12-05,0.010391132805733441
2039-12-06,0.010388164288570676
2039-12-07,0.0103852223072767
2039-12-08,0.010382333353338614
2039-12-09,0.0103797332714751
2039-12-10,0.010376707394078265
2039-12-11,0.010373903214854485
2039-12-12,0.010371093958791506
2039-12-13,0.010368285822807409
2039-12-14,0.036069367689219714
2039-12-15,0.058832757352078956
2039-12-16,0.01109931067156464
2039-12-17,0.021981310721587387
2039-12-18,0.027842462589536012
2039-12-19,0.010933259724059561
2039-12-20,0.015292148566483007
2039-12-21,0.02221545532343924
2039-12-22,0.02672629070929932
2039-12-23,0.028193107371503042
2039-12-24,0.0414823533755885
2039-12-25,0.11173985667096162
2039-12-26,0.024702808240092328
2039-12-27,0.05077808517949301
2039-12-28,0.046282886167965324
2039-12-29,0.08656948385286942
2039-12-30,0.10781819182542528
2039-12-31,0.0957604474419555
2040-01-01,0.048855093354600226
2040-01-02,0.14856091732613666
2040-01-03,0.018725992288663913
2040-01-04,0.007309622665900925
2040-01-05,0.007908887307082717
2040-01-06,0.00815055922032508
2040-01-07,0.009535257642488255
2040-01-08,0.037749311728686605
2040-01-09,0.11814220757710255
2040-01-10,0.068090206479574
2040-01-11,0.03397553024244834
2040-01-12,0.03555123483126289
2040-01-13,0.0798356865848083
2040-01-14,0.08265062218147333
2040-01-15,0.06739045559381879
2040-01-16,0.08632139975079402
2040-01-17,0.029742542933998237
2040-01-18,0.020515226348617577
2040-01-19,0.014683541867988252
2040-01-20,0.12370623697492907
2040-01-21,0.02807480871114791
2040-01-22,0.008157044903625807
2040-01-23,0.009184431693449319
2040-01-24,0.018006945164100577
2040-01-25,0.012923646706702312
2040-01-26,0.03832570924768224
2040-01-27,0.024403874850072893
2040-01-28,0.08100177376166522
2040-01-29,0.18253469926979743
2040-01-30,0.021064270803311063
2040-01-31,0.011872960291001464
2040-02-01,0.01245738873675332
2040-02-02,0.07693798917334464
2040-02-03,0.3897595252304361
2040-02-04,0.10556035569035974
2040-02-05,0.1317412191273238
2040-02-06,0.22890167498211092
2040-02-07,0.030319846463568535
2040-02-08,0.04777514107551193
2040-02-09,0.05768471331552807
2040-02-10,0.04255129798277893
2040-02-11,0.06889338344022092
2040-02-12,0.09375339506827969
2040-02-13,0.12357692241431702
2040-02-14,0.13361644067769882
2040-02-15,0.11485698831357954
2040-02-16,0.08628057658745385
2040-02-17,0.1346564027490417
2040-02-18,0.16733892633934377
2040-02-19,0.21772923910519826
2040-02-20,0.17779673169370022
2040-02-21,0.10856545830594261
2040-02-22,0.06467968154712839
2040-02-23,0.06495477862491142
2040-02-24,0.11221017316052373
2040-02-25,0.22950143218761898
2040-02-26,0.11476515115122192
2040-02-27,0.030553612147335884
2040-02-28,0.024874419871079047
2040-02-29,0.05875876102338081
2040-03-01,0.15602276741939164
2040-03-02,0.19626415682313803
2040-03-03,0.17742283202453588
2040-03-04,0.10750466227801739
2040-03-05,0.09803800578897762
2040-03-06,0.07996045609169504
2040-03-07,0.08121559589880685
2040-03-08,0.14971571297656877
2040-03-09,0.19464441042581854
2040-03-10,0.16400555593888552
2040-03-11,0.06933568593743838
2040-03-12,0.05478240154733997
2040-03-13,0.02062063253499336
2040-03-14,0.07136249422396247
2040-03-15,0.24246736157245968
2040-03-16,0.34578420179413105
2040-03-17,0.6711479838535959
2040-03-18,0.15004407389223917
2040-03-19,0.10137514742242447
2040-03-20,0.19087034338837525
2040-03-21,0.21081481867433266
2040-03-22,0.1489370750531044
2040-03-23,0.11114111046431059
2040-03-24,0.11173823242025444
2040-03-25,0.3131356168557976
2040-03-26,0.1551496698240958
2040-03-27,0.14172432980122485
2040-03-28,0.19092665816111895
2040-03-29,0.25356899849956993
2040-03-30,0.24777175880797606
2040-03-31,0.2685405173423887
2040-04-01,0.21855383473652384
2040-04-02,0.17483621633947294
2040-04-03,0.11611761934499426
2040-04-04,0.1585419623556356
2040-04-05,0.24215526876163254
2040-04-06,0.2484536766463152
2040-04-07,0.24969388282523744
2040-04-08,0.2130843043374932
2040-04-09,0.17808679755175968
2040-04-10,0.23389730874805564
2040-04-11,0.5950452587832239
2040-04-12,0.6066765320777945
2040-04-13,0.3920049206647149
2040-04-14,0.4648159019707859
2040-04-15,0.5669953980989245
2040-04-16,0.6727138149358867
2040-04-17,0.7600429431233161
2040-04-18,0.8022769908905261
2040-04-19,0.7523784023056242
2040-04-20,0.7639555238598313
2040-04-21,0.6984132262158291
2040-04-22,0.6779598592177484
2040-04-23,0.6441308684569635
2040-04-24,0.6517888607238536
2040-04-25,0.6096375734966781
2040-04-26,0.5874929912075421
2040-04-27,0.5857066622662126
2040-04-28,0.5688714839996584
2040-04-29,0.5176737486523109
2040-04-30,0.8623943157973822
2040-05-01,0.8545333866074617
2040-05-02,0.5897262951429119
2040-05-03,0.5832869974962641
2040-05-04,0.567689450468854
2040-05-05,0.5560400797048269
2040-05-06,0.5413345278148357
2040-05-07,0.49479494408607744
2040-05-08,0.4269279577577755
2040-05-09,0.38409581231034967
2040-05-10,0.3550162655416208
2040-05-11,0.3268228476167442
2040-05-12,0.29338728019614435
2040-05-13,0.2574935670627933
2040-05-14,0.2238939821734387
2040-05-15,0.19410617128093144
2040-05-16,0.16889933825010087
2040-05-17,0.15000202806824448
2040-05-18,0.1271531441554589
2040-05-19,0.09954055072168588
2040-05-20,0.08988381001999556
2040-05-21,0.07680437667543355
2040-05-22,0.08202831600627858
2040-05-23,0.06498123709431528
2040-05-24,0.05634171818342542
2040-05-25,0.04869619460688557
2040-05-26,0.04304703665619717
2040-05-27,0.03990060781083925
2040-05-28,0.035258838522765984
2040-05-29,0.031561098723533895
2040-05-30,0.02845730903955411
2040-05-31,0.02600865034185632
2040-06-01,0.02531693976362309
2040-06-02,0.035162110501611644
2040-06-03,0.029419529607551554
2040-06-04,0.02306173459711087
2040-06-05,0.021553742196182564
2040-06-06,0.02423437436917218
2040-06-07,0.040076562660634515
2040-06-08,0.019380423006562956
2040-06-09,0.018737784842022695
2040-06-10,0.018223748057967382
2040-06-11,0.017949615270178496
2040-06-12,0.017486550895770923
2040-06-13,0.01715515899560721
2040-06-14,0.01739195220374522
2040-06-15,0.016624628548182002
2040-06-16,0.016318320507308883
2040-06-17,0.015996429163076403
2040-06-18,0.015699457207660437
2040-06-19,0.015424779278498111
2040-06-20,0.015135150769283809
2040-06-21,0.014829436316501195
2040-06-22,0.01453853599603082
2040-06-23,0.014264630533280651
2040-06-24,0.01397468016021217
2040-06-25,0.013656361702946488
2040-06-26,0.013323770821518857
2040-06-27,0.012990335600974982
2040-06-28,0.012663310924031931
2040-06-29,0.012354328969106515
2040-06-30,0.012061394157804538
2040-07-01,0.024164272801312905
2040-07-02,0.02362189796155034
2040-07-03,0.0231208298482625
2040-07-04,0.022660797551384882
2040-07-05,0.022209441360282835
2040-07-06,0.021745218710231856
2040-07-07,0.02129789632361354
2040-07-08,0.020885427513339494
2040-07-09,0.02049330488369959
2040-07-10,0.020135956435090505
2040-07-11,0.019821793840179784
2040-07-12,0.01952450285218632
2040-07-13,0.019233777218598463
2040-07-14,0.018951352626830634
2040-07-15,0.01867736676480247
2040-07-16,0.018414331345484525
2040-07-17,0.01816884455826122
2040-07-18,0.017945276495801243
2040-07-19,0.017738552544300318
2040-07-20,0.01753819937722155
2040-07-21,0.0173486080870054
2040-07-22,0.017175750917131093
2040-07-23,0.017023038926196787
2040-07-24,0.016893220069798362
2040-07-25,0.01678035471094325
2040-07-26,0.0166778875929886
2040-07-27,0.0165823735294548
2040-07-28,0.01649984692495608
2040-07-29,0.016428547806319152
2040-07-30,0.0163616759372844
2040-07-31,0.016301178260822103
2040-08-01,0.01840515846020381
2040-08-02,0.018350633288451743
2040-08-03,0.01830077733964202
2040-08-04,0.018257597296639144
2040-08-05,0.018218622992581555
2040-08-06,0.018183209732263037
2040-08-07,0.01815209572776529
2040-08-08,0.018124764243957047
2040-08-09,0.018100080045528166
2040-08-10,0.018076672359753295
2040-08-11,0.018187771142094966
2040-08-12,0.0180402223642435
2040-08-13,0.018027135912626408
2040-08-14,0.018015549751953273
2040-08-15,0.018005299272432003
2040-08-16,0.018448397369300564
2040-08-17,0.017987296669088056
2040-08-18,0.017979617667871612
2040-08-19,0.017973481382447185
2040-08-20,0.01796777107662868
2040-08-21,0.017962459985180017
2040-08-22,0.017957513616208762
2040-08-23,0.017952649267670234
2040-08-24,0.01794783767693904
2040-08-25,0.017998224463627862
2040-08-26,0.01793837387215872
2040-08-27,0.04106126522713522
2040-08-28,0.017929261316260253
2040-08-29,0.01792490160032228
2040-08-30,0.017920542288015477
2040-08-31,0.017916184776032382
2040-09-01,0.013949554426173157
2040-09-02,0.013946194268027281
2040-09-03,0.0880169258554004
2040-09-04,0.09556199046583026
2040-09-05,0.3782444657303791
2040-09-06,0.10386924805438705
2040-09-07,0.013930577079695737
2040-09-08,0.0416376301901976
2040-09-09,0.013926262872991048
2040-09-10,0.013924018057724988
2040-09-11,0.01392166136299127
2040-09-12,0.013919118837153728
2040-09-13,0.013916382883070545
2040-09-14,0.013913531793316511
2040-09-15,0.013910621762593325
2040-09-16,0.013907672250282577
2040-09-17,0.01390468119967702
2040-09-18,0.01390164332979992
2040-09-19,0.01389856166234404
2040-09-20,0.013895440215921562
2040-09-21,0.013892283902279173
2040-09-22,0.013889096930630996
2040-09-23,0.01388588570361239
2040-09-24,0.013882653990356056
2040-09-25,0.03210719946529303
2040-09-26,0.022348216404014923
2040-09-27,0.0373458289822596
2040-09-28,0.014526389336011084
2040-09-29,0.013866388068164518
2040-09-30,0.013863122539493015
2040-10-01,0.01369523273853125
2040-10-02,0.01369199306131206
2040-10-03,0.013688747015102698
2040-10-04,0.013685495718100264
2040-10-05,0.013682240965928044
2040-10-06,0.013678983182593786
2040-10-07,0.013675722910432878
2040-10-08,0.013672460476818808
2040-10-09,0.013669196707087402
2040-10-10,0.01378847377239618
2040-10-11,0.013662665973762022
2040-10-12,0.013659400303884317
2040-10-13,0.013656134211971213
2040-10-14,0.013652868351783167
2040-10-15,0.013649602660212153
2040-10-16,0.01371013139310002
2040-10-17,0.013760278530029106
2040-10-18,0.013639807392955143
2040-10-19,0.013636543199216169
2040-10-20,0.013633279386097883
2040-10-21,0.013630015795830078
2040-10-22,0.013644248691248811
2040-10-23,0.013623489996771111
2040-10-24,0.013620227782063279
2040-10-25,0.013616966318736412
2040-10-26,0.01361370518574146
2040-10-27,0.013610444850472346
2040-10-28,0.013607185068385546
2040-10-29,0.013664477684732917
2040-10-30,0.01383098695528087
2040-10-31,0.018396064841128504
2040-11-01,0.011451837927088397
2040-11-02,0.010667952740841148
2040-11-03,0.010665397655185422
2040-11-04,0.010662843150800036
2040-11-05,0.010660289230781137
2040-11-06,0.010657735802249243
2040-11-07,0.010655183101272565
2040-11-08,0.010652630850761128
2040-11-09,0.3276088061683511
2040-11-10,0.018288374358367037
2040-11-11,0.01688538603810237
2040-11-12,0.5572363602196861
2040-11-13,0.013348200295562947
2040-11-14,0.026046293112861985
2040-11-15,0.01548013454444808
2040-11-16,0.03865432855187564
2040-11-17,0.045856007948228056
2040-11-18,0.03566101842334403
2040-11-19,0.9349288608121749
2040-11-20,0.5908261869094166
2040-11-21,0.05460805673983359
2040-11-22,0.05750138769595805
2040-11-23,0.8186692512812276
2040-11-24,1.7096470742436047
2040-11-25,1.0562656648934508
2040-11-26,0.8311503268683974
2040-11-27,0.3841214061877592
2040-11-28,0.11123734439996467
2040-11-29,0.026775523719215884
2040-11-30,0.019417924638014863
2040-12-01,0.05592107280648942
2040-12-02,0.425646759391351
2040-12-03,0.034320359400390486
2040-12-04,0.04943382456467093
2040-12-05,0.07347005189029542
2040-12-06,0.02304147756806151
2040-12-07,0.05512006176771416
2040-12-08,0.6499002086269005
2040-12-09,0.11708795424361794
2040-12-10,0.025926007642173017
2040-12-11,0.07470953154968274
2040-12-12,1.3887002256202974
2040-12-13,2.7155241298477497
2040-12-14,0.20666901302092802
2040-12-15,0.06837180220218422
2040-12-16,0.14621397596636287
2040-12-17,0.07214369825240312
2040-12-18,0.08641370148549378
2040-12-19,0.11170600477891633
2040-12-20,0.13277429421592235
2040-12-21,0.16787514497227546
2040-12-22,0.3369024816204416
2040-12-23,0.3336656816161616
2040-12-24,0.32987701328099733
2040-12-25,0.22996431685367455
2040-12-26,0.23316824596033328
2040-12-27,0.2403913306976519
2040-12-28,0.2363801999377087
2040-12-29,0.24418813926038746
2040-12-30,0.24254352316252106
2040-12-31,0.28384516998352194
2041-01-01,0.15419665749423542
2041-01-02,0.1481490755085102
2041-01-03,0.14768192699064464
2041-01-04,0.17169717597325287
2041-01-05,0.15196740485162488
2041-01-06,0.16502673444056581
2041-01-07,0.6352794192169261
2041-01-08,0.8832597518218954
2041-01-09,0.354497509931347
2041-01-10,0.40527992275335595
2041-01-11,0.4397218788756974
2041-01-12,0.45864046261578795
2041-01-13,0.4871909377381027
2041-01-14,0.4592879751307352
2041-01-15,0.4392774965594022
2041-01-16,0.4347172949961033
2041-01-17,0.4183230395171077
2041-01-18,0.40777323081588085
2041-01-19,0.396936116170844
2041-01-20,0.41114005503524614
2041-01-21,0.4080951621568083
2041-01-22,0.3857252477428017
2041-01-23,0.3683397999331091
2041-01-24,0.3459281583986479
2041-01-25,0.3381930459204022
2041-01-26,0.3323288658967998
2041-01-27,0.32182611987861826
2041-01-28,0.3047307776888207
2041-01-29,0.2905951943788315
2041-01-30,0.2789365465225705
2041-01-31,0.25650245984501896
2041-02-01,0.21529820542536748
2041-02-02,0.2244231173214052
2041-02-03,0.2701722045318532
2041-02-04,0.19824259325281693
2041-02-05,0.20156002590426136
2041-02-06,0.16583101590430396
2041-02-07,0.1606849964597209
2041-02-08,0.15728671356760313
2041-02-09,0.15926556464786737
2041-02-10,0.1501313882027164
2041-02-11,0.15758319220293573
2041-02-12,0.17050148534783002
2041-02-13,0.16056729104765327
2041-02-14,0.1512301274990162
2041-02-15,0.10953347088554122
2041-02-16,0.12099755350131841
2041-02-17,0.10743516931399084
2041-02-18,0.09617660331108627
2041-02-19,0.08614160159081069
2041-02-20,0.07672641483270386
2041-02-21,0.06897919117155907
2041-02-22,0.07953189628016587
2041-02-23,0.07280644249872276
2041-02-24,0.06983767653718845
2041-02-25,0.07073951698951604
2041-02-26,0.17192349576898905
2041-02-27,0.2056735355428368
2041-02-28,0.0674354271072644
2041-03-01,0.0660411586582019
2041-03-02,0.07164027309403354
2041-03-03,0.08983936004894756
2041-03-04,0.0668890570503356
2041-03-05,0.18331849423818983
2041-03-06,0.08593422457660585
2041-03-07,0.08551268763068708
2041-03-08,0.11171767803755847
2041-03-09,0.1438558276110264
2041-03-10,0.17892455505769614
2041-03-11,0.14786322269713056
2041-03-12,0.20794470542294083
2041-03-13,0.37254447708428884
2041-03-14,0.18339829608019795
2041-03-15,0.138150888789962
2041-03-16,0.5387571344198875
2041-03-17,0.5177345312070974
2041-03-18,0.3500968214083772
2041-03-19,0.35656452909107833
2041-03-20,0.35323667594368763
2041-03-21,0.35095830042977166
2041-03-22,0.4940685882220208
2041-03-23,0.3646443005036111
2041-03-24,0.3628784019303927
2041-03-25,0.3770279868986971
2041-03-26,0.38554478932049485
2041-03-27,0.361174678692743
2041-03-28,0.3240353288191007
2041-03-29,0.4138819055310145
2041-03-30,0.4668417888469787
2041-03-31,0.49210413135567155
2041-04-01,0.3926227862806459
2041-04-02,0.32541666891759996
2041-04-03,0.36111496264162163
2041-04-04,0.41275399061856105
2041-04-05,0.5443309860138104
2041-04-06,0.5721996163598344
2041-04-07,0.5579825444339944
2041-04-08,0.5438316758293427
2041-04-09,0.5882573126772633
2041-04-10,0.6269229429422885
2041-04-11,0.4054628196014254
2041-04-12,0.6456696588737862
2041-04-13,0.5439942359098259
2041-04-14,0.7244878946759249
2041-04-15,0.8003038936996065
2041-04-16,0.6189698040795095
2041-04-17,0.5709272769904141
2041-04-18,0.6437846781903681
2041-04-19,0.8160582436333802
2041-04-20,1.450614399906047
2041-04-21,1.5666457279035082
2041-04-22,1.2216928171255201
2041-04-23,1.1927929729304187
2041-04-24,1.173009602345086
2041-04-25,1.1297905441310996
2041-04-26,1.0489325578812172
2041-04-27,1.0219914242748
2041-04-28,1.0251479821562668
2041-04-29,1.0563987941983815
2041-04-30,1.1107390407026196
2041-05-01,1.288041636634007
2041-05-02,1.3336096780806999
2041-05-03,1.0349966191699036
2041-05-04,0.9779077065601959
2041-05-05,0.8567409228857764
2041-05-06,0.8280741007092515
2041-05-07,0.7880509402110905
2041-05-08,0.7544308551208644
2041-05-09,0.8275779696909428
2041-05-10,0.7025193184902931
2041-05-11,0.7491757313539358
2041-05-12,0.7399909123782299
2041-05-13,0.7362157589596091
2041-05-14,0.7828809084311722
2041-05-15,0.7897533245974748
2041-05-16,0.7233148396087612
2041-05-17,0.690267091605703
2041-05-18,0.7323011132485773
2041-05-19,0.9076661268057362
2041-05-20,1.0498223276251286
2041-05-21,1.122163459041888
2041-05-22,1.0030387403482157
2041-05-23,0.8335676562573954
2041-05-24,0.8191697708349677
2041-05-25,0.777971079020519
2041-05-26,0.6262157514160682
2041-05-27,0.788942074715182
2041-05-28,1.018617165519192
2041-05-29,1.1252365002957254
2041-05-30,1.0824454278719196
2041-05-31,1.0745110052087357
2041-06-01,1.16982526428502
2041-06-02,1.010739632762638
2041-06-03,0.765093496168509
2041-06-04,0.8619128597698271
2041-06-05,0.8399661854982283
2041-06-06,0.720587213134987
2041-06-07,0.5178988401354738
2041-06-08,0.5013172819709384
2041-06-09,0.5293390355812726
2041-06-10,0.4655613161010321
2041-06-11,0.41588930675831903
2041-06-12,0.3798304066207884
2041-06-13,0.348136624730993
2041-06-14,0.31735486792758044
2041-06-15,0.3077840867688023
2041-06-16,0.16633716548131872
2041-06-17,0.1295708522492546
2041-06-18,0.11533279281273216
2041-06-19,0.10456289893142985
2041-06-20,0.0927852985105249
2041-06-21,0.080408277084805
2041-06-22,0.06869253135460818
2041-06-23,0.058288539901048264
2041-06-24,0.04967182160064683
2041-06-25,0.042435546529173925
2041-06-26,0.03661754568923857
2041-06-27,0.03190369075180871
2041-06-28,0.027819705023111322
2041-06-29,0.024445550794201375
2041-06-30,0.021734878084153173
2041-07-01,0.040335556761526066
2041-07-02,0.03718066376854406
2041-07-03,0.03448174508400186
2041-07-04,0.031990675571105846
2041-07-05,0.02975169208565523
2041-07-06,0.027888277412309415
2041-07-07,0.02642316909273781
2041-07-08,0.025277084252503173
2041-07-09,0.02440320113979222
2041-07-10,0.02378844029134515
2041-07-11,0.023314406688167876
2041-07-12,0.0228923531476793
2041-07-13,0.02250420713052411
2041-07-14,0.022134308790708233
2041-07-15,0.021774890066615364
2041-07-16,0.021432175166183273
2041-07-17,0.021111666611035914
2041-07-18,0.020814302744276113
2041-07-19,0.020529845666433334
2041-07-20,0.02025252323080465
2041-07-21,0.0199908086241742
2041-07-22,0.019740601926429464
2041-07-23,0.019499820609485723
2041-07-24,0.019270743211363222
2041-07-25,0.019046525911519768
2041-07-26,0.018835615206160013
2041-07-27,0.018721714793268326
2041-07-28,0.018452344774968748
2041-07-29,0.018267208594542377
2041-07-30,0.01809781138507784
2041-07-31,0.017926866592537855
2041-08-01,0.020116393827431616
2041-08-02,0.019938448440042885
2041-08-03,0.01977007142868132
2041-08-04,0.019612158167904712
2041-08-05,0.019471067273479997
2041-08-06,0.019340750686085713
2041-08-07,0.01921671548250241
2041-08-08,0.019101427266636235
2041-08-09,0.018997052163383522
2041-08-10,0.018902831024372947
2041-08-11,0.018813275612729885
2041-08-12,0.01873092886938919
2041-08-13,0.018655274083565206
2041-08-14,0.018584742002313574
2041-08-15,0.018523020449306996
2041-08-16,0.0184676838134487
2041-08-17,0.01841791296932637
2041-08-18,0.01837662204486007
2041-08-19,0.018343726478661917
2041-08-20,0.018315436694824657
2041-08-21,0.01828635128972793
2041-08-22,0.01825429997658868
2041-08-23,0.018220087804979978
2041-08-24,0.018185722217618487
2041-08-25,0.01815336563880663
2041-08-26,0.01812499814506219
2041-08-27,0.018100752864222528
2041-08-28,0.018079162781215304
2041-08-29,0.018058203590507485
2041-08-30,0.018038193786625828
2041-08-31,0.018020410959856206
2041-09-01,0.014022558085375987
2041-09-02,0.014013176969127196
2041-09-03,0.014004838668149569
2041-09-04,0.013997032650106246
2041-09-05,0.013989336921848937
2041-09-06,0.01398188503161409
2041-09-07,0.013974998256781057
2041-09-08,0.013968885302706876
2041-09-09,0.013963412860654348
2041-09-10,0.013958226293877706
2041-09-11,0.013953457684674087
2041-09-12,0.013949209435292641
2041-09-13,0.021328822888575297
2041-09-14,0.01394123905134023
2041-09-15,0.013937013051516317
2041-09-16,0.013932875916200132
2041-09-17,0.013928925552025738
2041-09-18,0.013925069379240308
2041-09-19,0.013921242765753771
2041-09-20,0.013917470423982796
2041-09-21,0.013913775003649279
2041-09-22,0.013910142615744645
2041-09-23,0.013906540164351541
2041-09-24,0.013902972643046881
2041-09-25,0.01389943309734726
2041-09-26,0.013895893327116072
2041-09-27,0.013892355029810304
2041-09-28,0.013888841184464948
2041-09-29,0.06349220624551309
2041-09-30,0.013881966004429142
2041-10-01,0.013713650844408202
2041-10-02,0.027867729069082657
2041-10-03,0.013706905387664075
2041-10-04,0.013703620639411846
2041-10-05,0.013700336536045755
2041-10-06,0.06834963690711368
2041-10-07,0.013693771003520507
2041-10-08,0.013690489472796412
2041-10-09,0.01368720866485783
2041-10-10,0.013683928508707711
2041-10-11,0.013680649244945695
2041-10-12,0.013677370850892729
2041-10-13,0.013674093077074264
2041-10-14,0.013670816166062182
2041-10-15,0.01366754002319422
2041-10-16,0.013664264655373057
2041-10-17,0.013660990177967914
2041-10-18,0.01365771630304829
2041-10-19,0.013654443467440484
2041-10-20,0.013787668266222528
2041-10-21,0.013647899719050484
2041-10-22,0.013644629349589672
2041-10-23,0.013641359484994302
2041-10-24,0.013638090193301953
2041-10-25,0.013634822309709542
2041-10-26,0.013631554514863328
2041-10-27,0.013628287730732689
2041-10-28,0.013625022096353377
2041-10-29,0.013621756858372167
2041-10-30,0.013618492476294845
2041-10-31,0.013615228998438455
2041-11-01,0.01068449011984996
2041-11-02,0.010681929593782358
2041-11-03,0.010679369838614181
2041-11-04,0.01067681049908115
2041-11-05,0.010674251998558907
2041-11-06,0.010671693940762013
2041-11-07,0.010669136619808428
2041-11-08,0.08710611193071045
2041-11-09,0.22781119092081725
2041-11-10,0.07866943456749755
2041-11-11,0.017410969005382422
2041-11-12,0.012110639801856853
2041-11-13,0.014945088236619228
2041-11-14,0.013577081120369568
2041-11-15,0.02258875131200001
2041-11-16,0.038356441677492144
2041-11-17,0.035468188227763174
2041-11-18,0.014571528870100407
2041-11-19,0.014176744194698323
2041-11-20,0.01804455510234281
2041-11-21,0.07764385735875425
2041-11-22,0.7576164223778591
2041-11-23,0.6700673946032071
2041-11-24,0.05543683632126274
2041-11-25,0.0360862863886925
2041-11-26,0.0914935954951797
2041-11-27,1.5401749036230865
2041-11-28,1.1916950300527884
2041-11-29,0.3644775701642474
2041-11-30,0.04294716787956577
2041-12-01,0.49441736942737974
2041-12-02,0.23972069411232483
2041-12-03,0.01666116238231964
2041-12-04,0.04295834723289986
2041-12-05,1.1803752196185626
2041-12-06,0.5479827943711673
2041-12-07,0.08646951952021566
2041-12-08,0.049028793354950265
2041-12-09,0.30843763546033387
2041-12-10,1.1463106187418537
2041-12-11,1.1864871048172636
2041-12-12,0.26868020647734603
2041-12-13,0.3602408768683396
2041-12-14,0.21573160276444417
2041-12-15,0.033380977398246206
2041-12-16,0.031894778675926716
2041-12-17,0.03812641031388312
2041-12-18,0.06848551260538166
2041-12-19,0.06670049686057308
2041-12-20,0.07588286497577258
2041-12-21,0.0693710143020495
2041-12-22,0.08468264052352091
2041-12-23,0.06763330701211515
2041-12-24,0.058381191774194395
2041-12-25,0.06569382560138087
2041-12-26,0.06627479702686122
2041-12-27,0.06112309695707641
2041-12-28,0.050050316936143764
2041-12-29,0.21692405643950452
2041-12-30,0.04676132111395472
2041-12-31,0.048891168937436724
2042-01-01,0.03267279846470618
2042-01-02,0.03340777497380551
2042-01-03,0.1356390107585692
2042-01-04,0.04503651236630698
2042-01-05,0.038509553145605904
2042-01-06,0.039438650658851285
2042-01-07,0.04074354307182785
2042-01-08,0.04136244022256775
2042-01-09,0.04152559970389041
2042-01-10,0.04126993401254017
2042-01-11,0.040646972279776525
2042-01-12,0.04009332338271858
2042-01-13,0.03976416494507805
2042-01-14,0.039453730790631664
2042-01-15,0.039092059361368336
2042-01-16,0.03846741869461216
2042-01-17,0.03773006630383643
2042-01-18,0.03711690123880916
2042-01-19,0.03654410810336075
2042-01-20,0.20988532026045276
2042-01-21,0.5612756313744026
2042-01-22,0.4051828902298588
2042-01-23,0.4586770035331048
2042-01-24,0.1377158797582868
2042-01-25,0.17128726222674961
2042-01-26,0.1854708061859421
2042-01-27,0.19586526431282208
2042-01-28,0.1895851565464058
2042-01-29,0.5117904435657598
2042-01-30,1.1759817790332203
2042-01-31,1.1765447315571802
2042-02-01,1.7960033165225933
2042-02-02,2.0754827029904455
2042-02-03,1.4743622489647452
2042-02-04,1.3772528152151935
2042-02-05,1.330439505840487
2042-02-06,2.870312858821832
2042-02-07,2.8316656439168604
2042-02-08,1.4191411621857295
2042-02-09,1.2773863811572388
2042-02-10,1.3322865954718714
2042-02-11,1.6090603304133833
2042-02-12,1.3075649004212901
2042-02-13,1.2895834772803334
2042-02-14,1.328082412328617
2042-02-15,1.2427702431356793
2042-02-16,1.1817111276921888
2042-02-17,1.3049343385020518
2042-02-18,1.4447578245800314
2042-02-19,1.211945098357276
2042-02-20,1.139418562088503
2042-02-21,1.1033771863935167
2042-02-22,1.1655724138884807
2042-02-23,1.0734919890353454
2042-02-24,1.0206571681769674
2042-02-25,0.9986963153237569
2042-02-26,0.9905292902156717
2042-02-27,0.9533821753715676
2042-02-28,0.9339546885351407
2042-03-01,1.0522751589471255
2042-03-02,1.0379243630760278
2042-03-03,1.0161822473898077
2042-03-04,1.0210700105830313
2042-03-05,1.0048887213344757
2042-03-06,1.0150702350304925
2042-03-07,0.9572144674011869
2042-03-08,0.9949092239765809
2042-03-09,0.8630631626116324
2042-03-10,0.9074902320784108
2042-03-11,0.7678224764839581
2042-03-12,1.064726106932978
2042-03-13,2.1545052070530066
2042-03-14,1.5393294870478875
2042-03-15,1.2993586961727572
2042-03-16,1.3718748641501204
2042-03-17,1.4624784942707605
2042-03-18,1.4353052476420312
2042-03-19,1.4724666494254743
2042-03-20,1.3761655867972944
2042-03-21,1.3002900215565687
2042-03-22,1.2520320593184115
2042-03-23,1.1529554592312778
2042-03-24,1.1394590227448889
2042-03-25,1.2028792699255797
2042-03-26,1.0755685393922103
2042-03-27,1.0026282635823687
2042-03-28,0.9885709888052485
2042-03-29,1.1208946795019166
2042-03-30,0.9841676228641872
2042-03-31,1.0404495386845949
2042-04-01,0.924314276983254
2042-04-02,0.7847464121866965
2042-04-03,0.7085557791874526
2042-04-04,0.698831876425668
2042-04-05,0.6904672329769923
2042-04-06,0.6194027215834189
2042-04-07,0.5741036339641999
2042-04-08,0.5839666743390243
2042-04-09,0.6476030032989402
2042-04-10,0.6950460864774527
2042-04-11,0.6059564398126173
2042-04-12,0.6992061105921272
2042-04-13,0.4908796745975041
2042-04-14,0.4708626661073434
2042-04-15,0.48155533156297475
2042-04-16,0.47813371875197686
2042-04-17,0.5123894574338738
2042-04-18,0.5525715565297573
2042-04-19,0.49070077296892733
2042-04-20,0.5046952566698638
2042-04-21,0.6161455949724424
2042-04-22,0.5957443350834538
2042-04-23,0.4610326014040162
2042-04-24,0.4484883219357482
2042-04-25,0.44214029577058234
2042-04-26,0.5084158039466744
2042-04-27,0.5630203266239088
2042-04-28,0.600962918605166
2042-04-29,0.6161758353730075
2042-04-30,0.6659818750494381
2042-05-01,0.9836335466894764
2042-05-02,1.3683032368966457
2042-05-03,1.7758554044372064
2042-05-04,1.9501153565762332
2042-05-05,1.9997016171102204
2042-05-06,1.6203430027341794
2042-05-07,0.8007929497730439
2042-05-08,1.0135477672060322
2042-05-09,1.2336813945434075
2042-05-10,1.1921485637608156
2042-05-11,1.308119747245874
2042-05-12,1.6422518016271557
2042-05-13,1.9750343732416054
2042-05-14,1.8705341892406782
2042-05-15,2.008184052275787
2042-05-16,2.2128511219366147
2042-05-17,1.9067009101443533
2042-05-18,2.044040430626338
2042-05-19,2.2388202662976546
2042-05-20,1.7611570210083525
2042-05-21,1.0686347691370446
2042-05-22,1.0062795483491702
2042-05-23,1.0433843883315563
2042-05-24,1.3998805506398302
2042-05-25,1.544082637820348
2042-05-26,1.4457629017920959
2042-05-27,1.2270832385028507
2042-05-28,1.409702030152229
2042-05-29,1.3148529447983732
2042-05-30,1.3259624096721228
2042-05-31,1.5883607068807364
2042-06-01,1.6555138313890552
2042-06-02,1.5340048453862325
2042-06-03,1.4953367999737353
2042-06-04,1.4515345568813127
2042-06-05,1.4890893195144328
2042-06-06,1.219044123397417
2042-06-07,1.0142171131654254
2042-06-08,0.992592358826567
2042-06-09,0.9601653661482241
2042-06-10,1.0061516934126777
2042-06-11,0.841415971418987
2042-06-12,0.5262611113124683
2042-06-13,0.44165017817171487
2042-06-14,0.40083210457498314
2042-06-15,0.3725390886933972
2042-06-16,0.3695466997248065
2042-06-17,0.3402537064387702
2042-06-18,0.29130677366440294
2042-06-19,0.26927618707305534
2042-06-20,0.26020548601490967
2042-06-21,0.1391231291683856
2042-06-22,0.108905093141559
2042-06-23,0.0962185223747258
2042-06-24,0.08566744874466813
2042-06-25,0.0738952882434193
2042-06-26,0.06200332784696641
2042-06-27,0.05163024272915679
2042-06-28,0.04284872134446381
2042-06-29,0.03548651444803112
2042-06-30,0.029508461848942905
2042-07-01,0.05138956787365627
2042-07-02,0.04440040273586675
2042-07-03,0.03950212296246783
2042-07-04,0.05567796416386836
2042-07-05,0.045988103065184895
2042-07-06,0.032723438443625436
2042-07-07,0.03034121832783732
2042-07-08,0.02842536351638191
2042-07-09,0.026824750518436507
2042-07-10,0.025450879827693396
2042-07-11,0.024255811891395824
2042-07-12,0.023275910149685972
2042-07-13,0.02252132555856682
2042-07-14,0.02201214823945687
2042-07-15,0.02170996211246599
2042-07-16,0.02146399439936167
2042-07-17,0.02122192468505278
2042-07-18,0.020982847834694163
2042-07-19,0.02073515680215251
2042-07-20,0.02046895770075679
2042-07-21,0.0201904632267461
2042-07-22,0.01991195998180995
2042-07-23,0.02257613951812157
2042-07-24,0.01941818996282429
2042-07-25,0.01917237849186819
2042-07-26,0.018930217105891555
2042-07-27,0.018694923906526852
2042-07-28,0.01847504407024279
2042-07-29,0.018274777156630312
2042-07-30,0.01809106602196306
2042-07-31,0.017922394349241783
2042-08-01,0.020123062553727734
2042-08-02,0.019952540112861218
2042-08-03,0.019794797768775862
2042-08-04,0.01964727338562821
2042-08-05,0.019505703119511948
2042-08-06,0.019373563673174395
2042-08-07,0.019252124337474665
2042-08-08,0.01913854780000368
2042-08-09,0.019030163213569505
2042-08-10,0.018927483330807817
2042-08-11,0.01882870854706181
2042-08-12,0.0187332791295795
2042-08-13,0.018642787252435556
2042-08-14,0.01855896637473674
2042-08-15,0.018483122740743558
2042-08-16,0.01841413598543244
2042-08-17,0.01835252931997414
2042-08-18,0.018298935752208794
2042-08-19,0.018252985218912377
2042-08-20,0.01821428471138518
2042-08-21,0.018182362414169404
2042-08-22,0.01815478601460791
2042-08-23,0.018127786149108087
2042-08-24,0.018100729867492223
2042-08-25,0.018076641490291798
2042-08-26,0.018056232752660235
2042-08-27,0.018038201629885894
2042-08-28,0.018020555662299726
2042-08-29,0.018002980259706817
2042-08-30,0.01798714088536536
2042-08-31,0.017973789628584126
2042-09-01,0.013989074771051511
2042-09-02,0.013981399738594703
2042-09-03,0.013974159429713782
2042-09-04,0.013967207160590736
2042-09-05,0.013960360255535022
2042-09-06,0.013953809817646445
2042-09-07,0.013947871722578525
2042-09-08,0.013942539653517447
2042-09-09,0.013937696752387454
2042-09-10,0.013933142573590539
2042-09-11,0.01392875241741962
2042-09-12,0.013924465754222076
2042-09-13,0.01392029939490699
2042-09-14,0.013916297575138637
2042-09-15,0.05601878229535363
2042-09-16,0.013908783057629473
2042-09-17,0.013905181495380498
2042-09-18,0.013901522328373453
2042-09-19,0.013897880837469706
2042-09-20,0.013894239771678675
2042-09-21,0.013890638905975873
2042-09-22,0.013887243560278973
2042-09-23,0.013883547783689222
2042-09-24,0.013879991626663223
2042-09-25,0.013876409782255997
2042-09-26,0.013872819901623206
2042-09-27,0.013869232062728602
2042-09-28,0.013865650814078066
2042-09-29,0.04273449141077629
2042-09-30,0.013858609272298966
2042-10-01,0.014101405093393863
2042-10-02,0.013687384369706698
2042-10-03,0.013684104193835261
2042-10-04,0.01368082523871167
2042-10-05,0.013677546566588343
2042-10-06,0.013674268828268268
2042-10-07,0.013670991959656981
2042-10-08,0.013667715453917404
2042-10-09,0.013664440292183484
2042-10-10,0.013661165668840878
2042-10-11,0.01365789175349253
2042-10-12,0.013654618744337365
2042-10-13,0.013651346603904997
2042-10-14,0.01364807521090944
2042-10-15,0.013644804553517952
2042-10-16,0.01364153480823606
2042-10-17,0.014437761828420324
2042-10-18,0.013634997213874149
2042-10-19,0.013632109165259195
2042-10-20,0.013628462849859456
2042-10-21,0.013625196995587913
2042-10-22,0.013621931950875119
2042-10-23,0.013734562038680505
2042-10-24,0.013616577383370769
2042-10-25,0.08876969280111716
2042-10-26,0.12675995115026084
2042-10-27,0.031158527272274392
2042-10-28,0.01906131739073766
2042-10-29,0.028340258618029194
2042-10-30,0.028293143957586118
2042-10-31,0.014917254995935847
2042-11-01,0.01168319748989638
2042-11-02,0.01236395421659604
2042-11-03,0.010661622985392884
2042-11-04,0.01065907234866125
2042-11-05,0.015293424134914444
2042-11-06,0.3239349661649016
2042-11-07,0.29663340693118906
2042-11-08,0.034681471116375366
2042-11-09,0.03583484771401565
2042-11-10,0.07023700681219895
2042-11-11,0.031099113310994898
2042-11-12,0.055425713728638734
2042-11-13,0.0733990131567995
2042-11-14,0.05216461566826153
2042-11-15,0.02048209740682301
2042-11-16,0.012706543694809756
2042-11-17,0.010900378883653373
2042-11-18,0.010918207102339499
2042-11-19,0.010933545696782546
2042-11-20,0.010947090793564684
2042-11-21,0.010959629183510284
2042-11-22,0.010970603937644832
2042-11-23,0.010979339406201273
2042-11-24,0.010987099879275935
2042-11-25,0.010994617562460193
2042-11-26,0.011001220786644249
2042-11-27,0.011007862840616084
2042-11-28,0.08119886255758142
2042-11-29,0.027413973395733197
2042-11-30,0.02268421624910396
2042-12-01,0.019128640871210745
2042-12-02,0.11847163516446095
2042-12-03,0.12140039669260264
2042-12-04,0.03552433394533782
2042-12-05,0.1032637857005356
2042-12-06,0.02655228856053917
2042-12-07,0.01825231385567863
2042-12-08,0.035141569749280656
2042-12-09,0.048716160797457796
2042-12-10,0.13808212562578437
2042-12-11,0.016600818045697546
2042-12-12,0.011210028003871546
2042-12-13,0.015642456668783656
2042-12-14,0.016898510729219416
2042-12-15,0.016736817945381177
2042-12-16,0.02045876168851929
2042-12-17,0.13322890942981805
2042-12-18,0.15152459223728187
2042-12-19,0.03704476675640231
2042-12-20,0.013391011677364876
2042-12-21,0.018048924377776197
2042-12-22,0.1165852078019329
2042-12-23,0.6903876373666633
2042-12-24,2.824165468310023
2042-12-25,10.36207618452265
2042-12-26,2.1390454885130668
2042-12-27,0.729492919129715
2042-12-28,0.44789572370542896
2042-12-29,0.49550879138634374
2042-12-30,0.4874537581059896
2042-12-31,0.4980824559634571
2043-01-01,1.7744376293364617
2043-01-02,16.447977926093376
2043-01-03,5.497727119497081
2043-01-04,1.1091085121991888
2043-01-05,0.8904789210178627
2043-01-06,0.989761096599673
2043-01-07,1.1550953248679494
2043-01-08,0.9799488749786285
2043-01-09,0.974930792388074
2043-01-10,0.9225458434286469
2043-01-11,0.8642819666687213
2043-01-12,0.8208763045247135
2043-01-13,0.7742091658850353
2043-01-14,0.7547706803114748
2043-01-15,0.8279362844876798
2043-01-16,0.6975894288925135
2043-01-17,1.4093658530271045
2043-01-18,4.21276858073907
2043-01-19,1.6053493529010299
2043-01-20,1.4943946113081104
2043-01-21,1.4741906417585713
2043-01-22,1.2280829384721228
2043-01-23,1.4306931411676416
2043-01-24,1.279075047370606
2043-01-25,1.1770985511083405
2043-01-26,1.2206730275743596
2043-01-27,1.2787538015761688
2043-01-28,1.2440077862685495
2043-01-29,1.0913364497677451
2043-01-30,1.1767077630144636
2043-01-31,2.1593513268726854
2043-02-01,3.2460452898774714
2043-02-02,4.542750530710196
2043-02-03,1.2561090066153964
2043-02-04,1.268920354940067
2043-02-05,1.4260991517906856
2043-02-06,1.701403785300551
2043-02-07,1.908623547071833
2043-02-08,1.873697515737958
2043-02-09,1.4585378563518137
2043-02-10,1.1746948503730896
2043-02-11,1.1620895429717222
2043-02-12,1.0992529033884404
2043-02-13,1.0621087831132474
2043-02-14,1.0138670523580837
2043-02-15,0.9655677946679156
2043-02-16,0.9540775225490689
2043-02-17,0.9741097842817333
2043-02-18,0.9732529851365377
2043-02-19,0.8554546833888228
2043-02-20,0.893116642294175
2043-02-21,1.107586878017665
2043-02-22,1.1155948953703891
2043-02-23,0.894788155637522
2043-02-24,0.8953239042393034
2043-02-25,0.9088193134559751
2043-02-26,0.9722832230821595
2043-02-27,0.9062758669214535
2043-02-28,0.855503677949821
2043-03-01,0.9421127833124937
2043-03-02,1.0491003266379813
2043-03-03,1.0377604736292212
2043-03-04,1.1043172754107085
2043-03-05,1.1854758535073109
2043-03-06,1.1532804689181975
2043-03-07,1.1772261462197462
2043-03-08,1.184876616501887
2043-03-09,1.1128045443432133
2043-03-10,1.1574125463699851
2043-03-11,1.189934584356321
2043-03-12,1.152902118151512
2043-03-13,1.2299511183294327
2043-03-14,1.2109491059179653
2043-03-15,1.233084936715203
2043-03-16,1.1975913613473637
2043-03-17,1.0727400605523407
2043-03-18,1.0291087527281944
2043-03-19,1.033729998218303
2043-03-20,0.9398800153277628
2043-03-21,0.9450706795477777
2043-03-22,0.8999227897033019
2043-03-23,0.8122217614994787
2043-03-24,0.7703693423237267
2043-03-25,0.7382924948869679
2043-03-26,0.7730745608364149
2043-03-27,0.9124039337401699
2043-03-28,1.0973001763471624
2043-03-29,1.4631544886367573
2043-03-30,1.8167951766790051
2043-03-31,2.2966855650488793
2043-04-01,1.815001175328192
2043-04-02,2.0767294141455626
2043-04-03,1.7752376959216964
2043-04-04,1.2065959037663943
2043-04-05,1.33556340064481
2043-04-06,1.4696541013893583
2043-04-07,1.6054880705826535
2043-04-08,1.3930428100007521
2043-04-09,1.3890461014438646
2043-04-10,1.4462055023378773
2043-04-11,0.9635405160864039
2043-04-12,0.777493943519579
2043-04-13,0.750331167904237
2043-04-14,0.7822812725207632
2043-04-15,1.041216767433285
2043-04-16,0.9724754183783156
2043-04-17,1.1539443836815055
2043-04-18,1.0520675798296926
2043-04-19,0.7510984416874351
2043-04-20,0.766587556158971
2043-04-21,0.6290795124436243
2043-04-22,0.6642024536010672
2043-04-23,0.7766727251268367
2043-04-24,0.9762687623595111
2043-04-25,1.26106736862867
2043-04-26,1.351200492408099
2043-04-27,1.516817982433922
2043-04-28,1.5934597497454697
2043-04-29,1.6893677865787748
2043-04-30,1.9420296442449438
2043-05-01,2.11082379875462
2043-05-02,2.0532555527987637
2043-05-03,1.9858986829138376
2043-05-04,1.6939274768801624
2043-05-05,1.9834019707614912
2043-05-06,2.0834840991331873
2043-05-07,2.2429316704354765
2043-05-08,2.572796792939899
2043-05-09,2.9258463948250233
2043-05-10,2.920307398789142
2043-05-11,2.7998562661609077
2043-05-12,2.892558651259323
2043-05-13,2.7928121093028637
2043-05-14,2.4528698829155955
2043-05-15,2.087732931216607
2043-05-16,2.2301035168427945
2043-05-17,2.5453156664274306
2043-05-18,2.7410328003984454
2043-05-19,3.129994288320576
2043-05-20,3.442096305088615
2043-05-21,3.3052601447695094
2043-05-22,2.968500576499517
2043-05-23,2.927976901169841
2043-05-24,2.757642259342484
2043-05-25,2.297801505617519
2043-05-26,1.4754237867323423
2043-05-27,1.0412820714096604
2043-05-28,1.7025606936777915
2043-05-29,1.8177020102117638
2043-05-30,1.961512706933865
2043-05-31,1.821394899279723
2043-06-01,1.8386606560705778
2043-06-02,1.5190114793829064
2043-06-03,1.0076143203902364
2043-06-04,0.7312473078115057
2043-06-05,0.7715641041659276
2043-06-06,0.8406310218808214
2043-06-07,0.9942606391048359
2043-06-08,1.4964544869267917
2043-06-09,1.8328885604111982
2043-06-10,2.0053943835666743
2043-06-11,2.037967463471613
2043-06-12,2.0279643326158636
2043-06-13,1.8929384900731527
2043-06-14,2.169158897481653
2043-06-15,2.1293399700523183
2043-06-16,1.7246264348284102
2043-06-17,1.5975229228571866
2043-06-18,1.0675659665995259
2043-06-19,0.9143011429493357
2043-06-20,0.7789667001537759
2043-06-21,0.8514754744156001
2043-06-22,0.9612461024849924
2043-06-23,1.048011329582689
2043-06-24,0.648145010969229
2043-06-25,0.559868341495877
2043-06-26,0.41632612954709625
2043-06-27,0.40267928818109633
2043-06-28,0.3544310601089381
2043-06-29,0.32324287793421946
2043-06-30,0.3098691429319763
2043-07-01,0.628337220820326
2043-07-02,0.5787148997605691
2043-07-03,0.5434962959017745
2043-07-04,0.45944615832805646
2043-07-05,0.32322387713662976
2043-07-06,0.18690495534372933
2043-07-07,0.167803152558048
2043-07-08,0.15227141050159404
2043-07-09,0.1348604964502053
2043-07-10,0.11349857793960087
2043-07-11,0.09425935920108816
2043-07-12,0.07860090011232278
2043-07-13,0.06526675172180477
2043-07-14,0.05509719250654364
2043-07-15,0.047485285452116825
2043-07-16,0.04160825201200936
2043-07-17,0.03696457294829145
2043-07-18,0.033320775850969535
2043-07-19,0.030255167736530152
2043-07-20,0.027656884640315925
2043-07-21,0.02553990712336313
2043-07-22,0.02384075888302415
2043-07-23,0.022536127728181123
2043-07-24,0.021624011476227247
2043-07-25,0.021066857338672886
2043-07-26,0.020763668585410504
2043-07-27,0.02050616452182307
2043-07-28,0.020251690919299355
2043-07-29,0.020000456999589834
2043-07-30,0.035345820751278
2043-07-31,0.019552054128617862
2043-08-01,0.021906550885958095
2043-08-02,0.021662164441699633
2043-08-03,0.021424430387563462
2043-08-04,0.02118690923161268
2043-08-05,0.02095444913613172
2043-08-06,0.02073365445656177
2043-08-07,0.020523461331129353
2043-08-08,0.020322897451878583
2043-08-09,0.02013130825578038
2043-08-10,0.01995047928190348
2043-08-11,0.019783398002450662
2043-08-12,0.01962837804862774
2043-08-13,0.019486650340697357
2043-08-14,0.01935633487834512
2043-08-15,0.019231109951795135
2043-08-16,0.01911234639143327
2043-08-17,0.01900549580748158
2043-08-18,0.018908870457518323
2043-08-19,0.01881659057338777
2043-08-20,0.018726780602407855
2043-08-21,0.01866131245317418
2043-08-22,0.018573050402907267
2043-08-23,0.018511605311678756
2043-08-24,0.018451837226280583
2043-08-25,0.018394520840653336
2043-08-26,0.01834375144101235
2043-08-27,0.018299469437289908
2043-08-28,0.01826023973075476
2043-08-29,0.01822725425345371
2043-08-30,0.018197824192118264
2043-08-31,0.018168208851226348
2043-09-01,0.014126246460580897
2043-09-02,0.014104201867545975
2043-09-03,0.01408251547980847
2043-09-04,0.014062323898873326
2043-09-05,0.014044110028747229
2043-09-06,0.014027994856885682
2043-09-07,0.014014117135662712
2043-09-08,0.014001934955238807
2043-09-09,0.013990431513044823
2043-09-10,0.013979392526365864
2043-09-11,0.013969367164887671
2043-09-12,0.013960095630901517
2043-09-13,0.013951124442985364
2043-09-14,0.013942696718666188
2043-09-15,0.025805247734821048
2043-09-16,0.01537145517877281
2043-09-17,0.01639398952417484
2043-09-18,0.01391560691279832
2043-09-19,0.013910237687296023
2043-09-20,0.013932620612111262
2043-09-21,0.013899326460935559
2043-09-22,0.013894112344664592
2043-09-23,0.013889332757376143
2043-09-24,0.013884658632948674
2043-09-25,0.013880153395992587
2043-09-26,0.01387583275272342
2043-09-27,0.013933217439318845
2043-09-28,0.01406777358742062
2043-09-29,0.049546702437248874
2043-09-30,0.013860702150711956
2043-10-01,0.013692514800821702
2043-10-02,0.013688958814840137
2043-10-03,0.01368544060005679
2043-10-04,0.1749910890802856
2043-10-05,0.35632285281280507
2043-10-06,0.013675505742560967
2043-10-07,0.04576328196090593
2043-10-08,0.013669236957251436
2043-10-09,0.013666118118284018
2043-10-10,0.013662982818943115
2043-10-11,0.013659812322032333
2043-10-12,0.013656605807146177
2043-10-13,0.013653359944344837
2043-10-14,0.013650090341056156
2043-10-15,0.013646798990116445
2043-10-16,0.013643483470737842
2043-10-17,0.013640154226328104
2043-10-18,0.013636820490394838
2043-10-19,0.013633992903306615
2043-10-20,0.02035392961057157
2043-10-21,0.01797962061166839
2043-10-22,0.013623939300973307
2043-10-23,0.014876980166491633
2043-10-24,0.014057082256468609
2043-10-25,0.021076094321316144
2043-10-26,0.013611077321073294
2043-10-27,0.13052159639347855
2043-10-28,0.6131765122981387
2043-10-29,1.0504657827526955
2043-10-30,0.17826214755347047
2043-10-31,0.016270790833935848
2043-11-01,0.017806047162712155
2043-11-02,0.022026362791598152
2043-11-03,0.11110006138565434
2043-11-04,0.15316936797801717
2043-11-05,0.1147415678931934
2043-11-06,0.1270950995377184
2043-11-07,0.05426322902790198
2043-11-08,0.14553282246671145
2043-11-09,0.03505177430238188
2043-11-10,0.5988283425800903
2043-11-11,1.8190970138026916
2043-11-12,0.29098953126406135
2043-11-13,0.017052722232488007
2043-11-14,0.03809848722073229
2043-11-15,0.1128791990389588
2043-11-16,0.04882206670877044
2043-11-17,0.041564312585349726
2043-11-18,0.7331320184880755
2043-11-19,0.02218490987879042
2043-11-20,0.48195400245979886
2043-11-21,0.8197709032730507
2043-11-22,0.19250134624893717
2043-11-23,0.19837637283300366
2043-11-24,0.11239047033154013
2043-11-25,0.041561029154017014
2043-11-26,0.041008970786797244
2043-11-27,0.03707457206360409
2043-11-28,0.027469079276710728
2043-11-29,0.024423304088298153
2043-11-30,0.021521501199673748
2043-12-01,0.04807241230037458
2043-12-02,0.24498774200397977
2043-12-03,0.2038673109996763
2043-12-04,0.3755922002185925
2043-12-05,0.5373167563787893
2043-12-06,0.032718203611426744
2043-12-07,0.025424421185651958
2043-12-08,0.09797321968496613
2043-12-09,0.05604118566281251
2043-12-10,0.023356742925159962
2043-12-11,0.4140512691677085
2043-12-12,1.1537749452396788
2043-12-13,1.139461762093894
2043-12-14,0.026246439953293656
2043-12-15,0.026889637443695796
2043-12-16,0.2080536420010568
2043-12-17,0.18588973689218852
2043-12-18,0.03729303785323075
2043-12-19,0.0322206484570873
2043-12-20,0.034014030644816444
2043-12-21,0.03520770668193445
2043-12-22,0.04387660089269565
2043-12-23,0.056894974626612506
2043-12-24,0.15528337149978808
2043-12-25,0.047877355625409186
2043-12-26,0.04415795339280149
2043-12-27,0.04801860732228264
2043-12-28,0.13703418538099807
2043-12-29,0.3964530882756758
2043-12-30,2.157645270166445
2043-12-31,0.8364751677212379
2044-01-01,0.2803146259743625
2044-01-02,0.29621388540994303
2044-01-03,0.37404375608678114
2044-01-04,0.98385638193665
2044-01-05,1.003014671395061
2044-01-06,0.8402819360827221
2044-01-07,1.0988051900858524
2044-01-08,0.8799849379551428
2044-01-09,0.9208846473771917
2044-01-10,0.9550503686337782
2044-01-11,0.9818784369285753
2044-01-12,1.4201765954628538
2044-01-13,1.8777276164265035
2044-01-14,1.7941686626541717
2044-01-15,1.6446917897869824
2044-01-16,1.59976610955216
2044-01-17,2.709193115495506
2044-01-18,1.6374309190972964
2044-01-19,1.2165968557769733
2044-01-20,1.200917424129987
2044-01-21,1.1689586864389556
2044-01-22,1.2112830203586598
2044-01-23,1.2061600529643937
2044-01-24,1.1497644553919963
2044-01-25,1.2728240850293884
2044-01-26,1.6054607151119638
2044-01-27,1.430249899865472
2044-01-28,1.391424622903535
2044-01-29,1.3282604842352086
2044-01-30,1.3050168745401478
2044-01-31,1.3444354596525898
2044-02-01,1.160974060481117
2044-02-02,1.0710301284327053
2044-02-03,1.0687602529442506
2044-02-04,1.0659323056379848
2044-02-05,1.0495206866888813
2044-02-06,0.9850969028216651
2044-02-07,1.2304685380373916
2044-02-08,1.5990393083010048
2044-02-09,1.4829939061706623
2044-02-10,1.2451484550981773
2044-02-11,1.1293785153982887
2044-02-12,1.120599118677145
2044-02-13,1.0893508270360934
2044-02-14,1.0579699722748148
2044-02-15,0.9749676562372397
2044-02-16,0.9376028885016491
2044-02-17,0.9206573780008109
2044-02-18,0.9024688312046525
2044-02-19,0.8329028338478236
2044-02-20,0.7648865165621473
2044-02-21,0.8721758334155444
2044-02-22,1.1061621096625152
2044-02-23,0.8680046909364635
2044-02-24,0.7568195701761826
2044-02-25,0.676438576653803
2044-02-26,0.684023252954963
2044-02-27,0.7110915815696693
2044-02-28,0.7775824687871323
2044-02-29,0.8835325396428471
2044-03-01,0.7084659387611676
2044-03-02,0.7603803048086556
2044-03-03,0.7509075130186554
2044-03-04,0.6478870071167595
2044-03-05,0.5923056894745761
2044-03-06,0.6049759328338775
2044-03-07,0.5671376404155135
2044-03-08,0.5626857529388108
2044-03-09,0.6550735153991936
2044-03-10,0.6968931682637587
2044-03-11,1.0977969210334504
2044-03-12,0.767490415229958
2044-03-13,0.6796137091788134
2044-03-14,0.7504390681154018
2044-03-15,0.6808882057840038
2044-03-16,0.6822441066575606
2044-03-17,0.6694499926268981
2044-03-18,0.6620107660194704
2044-03-19,0.6753437970672473
2044-03-20,0.6134437621494706
2044-03-21,0.6161367817556703
2044-03-22,0.6982812996747212
2044-03-23,0.9030453127980395
2044-03-24,0.6723467727449017
2044-03-25,0.6550324768346225
2044-03-26,0.6515682375506979
2044-03-27,0.6961035600492163
2044-03-28,0.7303861398299427
2044-03-29,0.7849974871728528
2044-03-30,0.7692104097757593
2044-03-31,0.708429644423516
2044-04-01,0.6326856330897598
2044-04-02,0.7020370980584496
2044-04-03,0.693251887969136
2044-04-04,0.6798594357781056
2044-04-05,0.6812981168124304
2044-04-06,0.766601408786646
2044-04-07,0.5384632635707731
2044-04-08,0.7577862288503278
2044-04-09,0.7285789551333869
2044-04-10,0.5641856238840864
2044-04-11,0.6373263743748536
2044-04-12,0.5914036624452765
2044-04-13,0.6835386425442967
2044-04-14,0.6385935622783614
2044-04-15,0.7271699326173525
2044-04-16,0.8741120585003482
2044-04-17,1.0702485881211168
2044-04-18,1.323009201809719
2044-04-19,1.4315005118278255
2044-04-20,1.1886944836982172
2044-04-21,0.7376177489731609
2044-04-22,0.8226863457378466
2044-04-23,0.865192252910279
2044-04-24,0.8281068323081384
2044-04-25,0.6900300416412064
2044-04-26,0.7553464226348521
2044-04-27,0.7030836082571723
2044-04-28,0.6570335812346964
2044-04-29,0.6075304934550791
2044-04-30,0.6921796459425968
2044-05-01,0.7559475502707409
2044-05-02,0.6483086274757885
2044-05-03,0.6464676510111045
2044-05-04,0.7126002835847813
2044-05-05,0.7241701283300503
2044-05-06,0.6992474233812453
2044-05-07,0.7897671409776904
2044-05-08,0.7394793090712107
2044-05-09,0.8608196522741285
2044-05-10,0.8666399108429799
2044-05-11,1.062188933368176
2044-05-12,1.2398047643023893
2044-05-13,1.4494621418099485
2044-05-14,1.5003415553214008
2044-05-15,1.6062338650465442
2044-05-16,1.746732103006836
2044-05-17,1.9869657466511663
2044-05-18,1.7980420160639379
2044-05-19,1.5475732381917242
2044-05-20,1.2867439639396667
2044-05-21,0.8130935077436581
2044-05-22,0.8987515662909371
2044-05-23,1.2547857168097345
2044-05-24,1.335939371169437
2044-05-25,1.3640993850951102
2044-05-26,1.3370105020455447
2044-05-27,1.3725759860547726
2044-05-28,0.8839342343840805
2044-05-29,0.7040869300023599
2044-05-30,1.0985141786910106
2044-05-31,1.2563422276626202
2044-06-01,1.1170717200663094
2044-06-02,0.9362244656373062
2044-06-03,0.7976630389182857
2044-06-04,0.5876300302667435
2044-06-05,0.5668776583969026
2044-06-06,0.5868631168399976
2044-06-07,0.6465537753432913
2044-06-08,0.8510916446510326
2044-06-09,1.1612929327442958
2044-06-10,0.9018617717693894
2044-06-11,0.9400056577502314
2044-06-12,0.9153924611121589
2044-06-13,0.9882782799324683
2044-06-14,0.8470649338398917
2044-06-15,0.8090362631174612
2044-06-16,0.8532037842564199
2044-06-17,0.7511626665762143
2044-06-18,0.47476869000785893
2044-06-19,0.4349086736168641
2044-06-20,0.3653594783697854
2044-06-21,0.31782709474883974
2044-06-22,0.27073904655912223
2044-06-23,0.2428825903554684
2044-06-24,0.22518294057411264
2044-06-25,0.2162397345206832
2044-06-26,0.23077395212070298
2044-06-27,0.21204885430142897
2044-06-28,0.17244464701217416
2044-06-29,0.11437472155756552
2044-06-30,0.10496343239807529
2044-07-01,0.1888648166265719
2044-07-02,0.16497905783193967
2044-07-03,0.14553659194061416
2044-07-04,0.12587694333251906
2044-07-05,0.10806867813815109
2044-07-06,0.09152048733932534
2044-07-07,0.07663919794412127
2044-07-08,0.06370784414511213
2044-07-09,0.053431530380166556
2044-07-10,0.04567482363595324
2044-07-11,0.04003368890126256
2044-07-12,0.03582779397849576
2044-07-13,0.03253090102285873
2044-07-14,0.029915503060589196
2044-07-15,0.02786812623715101
2044-07-16,0.026239724560721638
2044-07-17,0.024844646074306153
2044-07-18,0.029096670552746434
2044-07-19,0.023065584918869377
2044-07-20,0.024778885913848653
2044-07-21,0.021532720000205348
2044-07-22,0.021176883320248426
2044-07-23,0.02088362561188565
2044-07-24,0.02062853215016731
2044-07-25,0.020388914325778554
2044-07-26,0.0201590860056779
2044-07-27,0.019933311438996622
2044-07-28,0.019709703725257415
2044-07-29,0.019487857555855963
2044-07-30,0.019271924113424547
2044-07-31,0.019061434311813622
2044-08-01,0.021365363268693847
2044-08-02,0.02114903213055118
2044-08-03,0.020938366572040658
2044-08-04,0.020740510812445462
2044-08-05,0.02055506764273906
2044-08-06,0.020378600638728598
2044-08-07,0.020212374140062446
2044-08-08,0.020050253855127074
2044-08-09,0.019885759106221357
2044-08-10,0.019729221354108865
2044-08-11,0.019591493995761412
2044-08-12,0.019466474253554883
2044-08-13,0.01934853904446204
2044-08-14,0.01923832166206749
2044-08-15,0.019132426728273744
2044-08-16,0.019033347973037528
2044-08-17,0.018942314342031905
2044-08-18,0.018855343256980985
2044-08-19,0.018774870809299803
2044-08-20,0.01870337716693445
2044-08-21,0.01863896260802014
2044-08-22,0.018577900632040473
2044-08-23,0.01851965179287889
2044-08-24,0.018463343634544233
2044-08-25,0.018409192425222192
2044-08-26,0.01835873226990452
2044-08-27,0.01831338230402745
2044-08-28,0.020296779709018695
2044-08-29,0.018237205807516425
2044-08-30,0.018201582570533996
2044-08-31,0.01816669459592214
2044-09-01,0.014123901400561642
2044-09-02,0.014103181169109505
2044-09-03,0.014084542745179058
2044-09-04,0.026248345843287082
2044-09-05,0.017481022231383387
2044-09-06,0.014050159950392613
2044-09-07,0.014038401662153912
2044-09-08,0.03296889985878692
2044-09-09,0.031899752784852284
2044-09-10,0.030048034768903557
2044-09-11,0.014011995371544662
2044-09-12,0.014260360361810026
2044-09-13,0.013998226074002928
2044-09-14,0.013991802085169772
2044-09-15,0.014183779785914076
2044-09-16,0.013979238151601318
2044-09-17,0.013972593170059057
2044-09-18,0.01396564328096787
2044-09-19,0.013958961354542651
2044-09-20,0.014433609570628437
2044-09-21,0.013946772259551803
2044-09-22,0.013940897951338214
2044-09-23,0.013935047038290262
2044-09-24,0.013929347093118424
2044-09-25,0.013923710289148234
2044-09-26,0.01391800242550513
2044-09-27,0.013912599490366752
2044-09-28,0.013907466520713821
2044-09-29,0.01390246262364004
2044-09-30,0.013897676804359941
2044-10-01,0.013727991904192658
2044-10-02,0.013723419474120471
2044-10-03,0.013718926943863431
2044-10-04,0.013714594388755259
2044-10-05,0.013710451654994427
2044-10-06,0.013706485348867892
2044-10-07,0.013702635343124641
2044-10-08,0.013698842746052592
2044-10-09,0.013695116845392548
2044-10-10,0.013691466735616971
2044-10-11,0.013687831875327698
2044-10-12,0.03402108590876424
2044-10-13,0.015701744064870144
2044-10-14,0.013772281449610397
2044-10-15,0.024964511477805127
2044-10-16,0.014312576833011532
2044-10-17,0.013667357666354745
2044-10-18,0.013663951149991825
2044-10-19,0.013660538663009003
2044-10-20,0.013657150015119936
2044-10-21,0.013653763323582358
2044-10-22,0.013672301514358031
2044-10-23,0.20614849003032307
2044-10-24,0.11311968788985831
2044-10-25,0.01573386687089234
2044-10-26,0.01962702385076468
2044-10-27,0.015692256222921214
2044-10-28,0.015074711271060364
2044-10-29,0.020813586450250263
2044-10-30,0.05194956618095289
2044-10-31,0.039243547455396655
2044-11-01,0.017870819103627093
2044-11-02,0.011805932538055872
2044-11-03,0.010683955372801996
2044-11-04,0.010681368417896544
2044-11-05,0.010678784334512977
2044-11-06,0.010676190097087345
2044-11-07,0.04346549798222833
2044-11-08,0.010684371989616193
2044-11-09,0.019374066556531948
2044-11-10,0.01368812413994354
2044-11-11,0.010663480801275466
2044-11-12,0.010662230031326582
2044-11-13,0.06543007102301567
2044-11-14,0.03377242710768367
2044-11-15,0.011459173109959237
2044-11-16,0.010650968910601516
2044-11-17,0.010648524762442886
2044-11-18,0.010646094837218805
2044-11-19,0.010643673331513757
2044-11-20,0.010641254900117443
2044-11-21,0.010638843228020795
2044-11-22,0.010636451596980087
2044-11-23,0.47361379661591047
2044-11-24,0.24511912412548406
2044-11-25,0.01393873182093378
2044-11-26,0.014890825987894915
2044-11-27,0.025615327026276523
2044-11-28,0.03494810436357626
2044-11-29,0.026359842963823977
2044-11-30,0.012028533488304856
2044-12-01,0.01081116216813839
2044-12-02,0.05315494446596788
2044-12-03,0.011355151601159252
2044-12-04,0.017709888169616373
2044-12-05,0.01082045818189391
2044-12-06,0.010739800128371845
2044-12-07,0.010768245318324146
2044-12-08,0.010795223832829635
2044-12-09,0.013118898027866487
2044-12-10,0.01527013178179033
2044-12-11,0.010937739428715688
2044-12-12,0.015242964410973054
2044-12-13,0.021180247377602202
2044-12-14,0.012471162914414939
2044-12-15,0.01493520042491208
2044-12-16,0.03814819063476707
2044-12-17,0.03401635234603755
2044-12-18,0.02262561034495752
2044-12-19,0.022468526251642314
2044-12-20,0.015488913999904791
2044-12-21,0.014241904880245114
2044-12-22,0.0137377369175705
2044-12-23,0.020607621937239168
2044-12-24,0.021829055132617608
2044-12-25,0.011991245342571562
2044-12-26,0.02104188407349849
2044-12-27,0.021152522526363102
2044-12-28,0.1720665186869137
2044-12-29,0.013576296512593096
2044-12-30,0.01471092210374135
2044-12-31,0.11384100440639253
2045-01-01,0.0113102017775259
2045-01-02,0.011982338090421783
2045-01-03,0.01625274193644884
2045-01-04,0.007484814327845062
2045-01-05,0.07020528481376735
2045-01-06,0.45375872112933546
2045-01-07,0.2645365976997406
2045-01-08,0.031427601413777775
2045-01-09,0.0289795248699391
2045-01-10,0.02701636167788594
2045-01-11,0.056034904039427465
2045-01-12,0.0678020957433993
2045-01-13,0.02848187325753884
2045-01-14,0.025046168166710122
2045-01-15,0.027582279081752478
2045-01-16,0.033186778887215614
2045-01-17,0.03828075805034764
2045-01-18,0.04438007061270909
2045-01-19,0.03357349146843702
2045-01-20,0.027388010285084627
2045-01-21,0.03788954148748792
2045-01-22,0.04077403820027277
2045-01-23,0.2519016061346024
2045-01-24,1.1064979076853918
2045-01-25,0.7704503193358551
2045-01-26,0.29710639569476477
2045-01-27,0.3893872545099176
2045-01-28,0.028786582992559276
2045-01-29,0.016435135206630404
2045-01-30,0.07433041069151516
2045-01-31,0.3853490175902253
2045-02-01,1.982636885495955
2045-02-02,1.4818154522205398
2045-02-03,0.36993830155532126
2045-02-04,0.20856501308760683
2045-02-05,0.021080475431248347
2045-02-06,0.02548132087967096
2045-02-07,0.05677234069639519
2045-02-08,0.102903610509538
2045-02-09,0.1655057243371225
2045-02-10,0.18471512802694176
2045-02-11,0.13208387830688303
2045-02-12,0.08416079028342503
2045-02-13,0.12261317404380799
2045-02-14,0.19960118775727345
2045-02-15,0.06776114136761423
2045-02-16,0.06327191995286856
2045-02-17,0.07297103198886214
2045-02-18,0.09693880599747053
2045-02-19,0.15402786916013222
2045-02-20,0.12504663236972707
2045-02-21,0.11319886576338711
2045-02-22,0.11443079001328273
2045-02-23,0.09238590195813765
2045-02-24,0.11656552384925455
2045-02-25,0.13374875576252362
2045-02-26,0.1988722143113933
2045-02-27,0.22411978636502533
2045-02-28,0.26833658408822736
2045-03-01,0.31452946811167104
2045-03-02,0.3161970098492129
2045-03-03,0.30358381613704044
2045-03-04,0.28680894520360445
2045-03-05,0.27938190892572773
2045-03-06,0.2314812936312104
2045-03-07,0.5063913041994335
2045-03-08,0.6644931604507354
2045-03-09,0.29597783725732496
2045-03-10,0.3106857173959086
2045-03-11,0.423585782457969
2045-03-12,0.4519179913157245
2045-03-13,0.30310137961701095
2045-03-14,0.3402976211925541
2045-03-15,0.40403052350393764
2045-03-16,0.4238806418340771
2045-03-17,0.41441726243903526
2045-03-18,0.4830349626796496
2045-03-19,0.4366485922801928
2045-03-20,0.4267968936219982
2045-03-21,0.411433165733428
2045-03-22,0.3930592044352622
2045-03-23,0.37455386408726865
2045-03-24,0.7428462989330168
2045-03-25,0.792896257945582
2045-03-26,0.753599545932441
2045-03-27,0.5458258291469086
2045-03-28,0.5318475511631259
2045-03-29,0.5544701747827097
2045-03-30,0.6076257732472466
2045-03-31,0.6883883582115347
2045-04-01,0.6643104809229928
2045-04-02,0.6752840074124057
2045-04-03,0.6667288247142259
2045-04-04,0.6599658859701768
2045-04-05,0.6736797617586803
2045-04-06,0.710224858473897
2045-04-07,0.574595713307001
2045-04-08,0.5497975831919784
2045-04-09,0.5144914172009056
2045-04-10,0.4877678793085862
2045-04-11,0.44477303980720084
2045-04-12,0.40604971806083695
2045-04-13,0.43909300129244666
2045-04-14,0.36810510412031705
2045-04-15,0.33786238509232164
2045-04-16,0.31492902744539164
2045-04-17,0.2928270031110826
2045-04-18,0.2711373935691839
2045-04-19,0.24856176211372658
2045-04-20,0.21203418224391465
2045-04-21,0.1838566466362872
2045-04-22,0.1658842544483738
2045-04-23,0.15297595894379
2045-04-24,0.13836872206243236
2045-04-25,0.1243474773806696
2045-04-26,0.10963003866468596
2045-04-27,0.09825182545690456
2045-04-28,0.07774018328677869
2045-04-29,0.06899114285533738
2045-04-30,0.0634323211200118
2045-05-01,0.09911499463942502
2045-05-02,0.3047039650526354
2045-05-03,0.21458384562967805
2045-05-04,0.13787798622457625
2045-05-05,0.11966402060555933
2045-05-06,0.11075946151867834
2045-05-07,0.1269135538718671
2045-05-08,0.10393979709926131
2045-05-09,0.1158024946086769
2045-05-10,0.11295952342649684
2045-05-11,0.07063329864673293
2045-05-12,0.06229260507960533
2045-05-13,0.06237419968005328
2045-05-14,0.05805737380498785
2045-05-15,0.05825338368952684
2045-05-16,0.04785920004878655
2045-05-17,0.04188003749184108
2045-05-18,0.03609734741846237
2045-05-19,0.03200225202694598
2045-05-20,0.02865600104098438
2045-05-21,0.028575409968686395
2045-05-22,0.02487883741097216
2045-05-23,0.023480817931899704
2045-05-24,0.022312849261364353
2045-05-25,0.02136288868901839
2045-05-26,0.020567102536266136
2045-05-27,0.019884338404356675
2045-05-28,0.01930527454916088
2045-05-29,0.018770097166569737
2045-05-30,0.018238852741844565
2045-05-31,0.017734760003667513
2045-06-01,0.018121641458088932
2045-06-02,0.017722351829595456
2045-06-03,0.017394716855031814
2045-06-04,0.01709442382022038
2045-06-05,0.016798500147087937
2045-06-06,0.01651440668748382
2045-06-07,0.016242720232842775
2045-06-08,0.04690652601394622
2045-06-09,0.021629878172587876
2045-06-10,0.08511030174804847
2045-06-11,0.09303735637853654
2045-06-12,0.01542915485262334
2045-06-13,0.015261158942380684
2045-06-14,0.015842865097443946
2045-06-15,0.02205274234241353
2045-06-16,0.020435161522059767
2045-06-17,0.014650851558254834
2045-06-18,0.014428013763036877
2045-06-19,0.014449628381646875
2045-06-20,0.014058598802692581
2045-06-21,0.013794821323216045
2045-06-22,0.02205273351727622
2045-06-23,0.013331039441540342
2045-06-24,0.013110389569037578
2045-06-25,0.012870086341732246
2045-06-26,0.012641249474666756
2045-06-27,0.012401532993268915
2045-06-28,0.01213225988724619
2045-06-29,0.011858069475788085
2045-06-30,0.011591845798816109
2045-07-01,0.023245325700827817
2045-07-02,0.02274395494536665
2045-07-03,0.022273992597868275
2045-07-04,0.021816861604126183
2045-07-05,0.02138489542817971
2045-07-06,0.020965887346652983
2045-07-07,0.02055791574412229
2045-07-08,0.020181289360206155
2045-07-09,0.019832392173330923
2045-07-10,0.019512057272100335
2045-07-11,0.019236920950609946
2045-07-12,0.019003758737731174
2045-07-13,0.01879118518639568
2045-07-14,0.01859096371328044
2045-07-15,0.018394732380054617
2045-07-16,0.018201932605230856
2045-07-17,0.018025810272291658
2045-07-18,0.017861672819623423
2045-07-19,0.017709964273912266
2045-07-20,0.01756558426170946
2045-07-21,0.01742539373848241
2045-07-22,0.017284477370839806
2045-07-23,0.017143714565654864
2045-07-24,0.01701034047786465
2045-07-25,0.016881879962267598
2045-07-26,0.016762911982626583
2045-07-27,0.01665734520899215
2045-07-28,0.01656206885065916
2045-07-29,0.016477530749676922
2045-07-30,0.016411434590608218
2045-07-31,0.016357917085589865
2045-08-01,0.018472564299549053
2045-08-02,0.01841678920098734
2045-08-03,0.018363179047180753
2045-08-04,0.018316630028689343
2045-08-05,0.018275467722921823
2045-08-06,0.01823816586942772
2045-08-07,0.01820581357807702
2045-08-08,0.018176313857676422
2045-08-09,0.01815057843817913
2045-08-10,0.018127718906704848
2045-08-11,0.018107353321738795
2045-08-12,0.0180919503432523
2045-08-13,0.018085386627711964
2045-08-14,0.023315966375363196
2045-08-15,0.01805972996628173
2045-08-16,0.018046643723527305
2045-08-17,0.018033188957754822
2045-08-18,0.018020505112291123
2045-08-19,0.01800865074826374
2045-08-20,0.017997725630503586
2045-08-21,0.01798809553477397
2045-08-22,0.017980050284969445
2045-08-23,0.01797301160308426
2045-08-24,0.017966002734812997
2045-08-25,0.01795854092308635
2045-08-26,0.01795077702348264
2045-08-27,0.01794326992304878
2045-08-28,0.017936397644873012
2045-08-29,0.01792995087988538
2045-08-30,0.017923683377145488
2045-08-31,0.017917582785536856
2045-09-01,0.013949510414042274
2045-09-02,0.013945409790513064
2045-09-03,0.013941692463905628
2045-09-04,0.013938226212215061
2045-09-05,0.013934838374845689
2045-09-06,0.013931452114185084
2045-09-07,0.013928068951059082
2045-09-08,0.013924683484740116
2045-09-09,0.013921293351163912
2045-09-10,0.013917909368748012
2045-09-11,0.033832591343159996
2045-09-12,0.01917047629035651
2045-09-13,0.013907885206766026
2045-09-14,0.013904552241858154
2045-09-15,0.013901220186052637
2045-09-16,0.013897888843757675
2045-09-17,0.013894558341709018
2045-09-18,0.013891228610052183
2045-09-19,0.013887899860345604
2045-09-20,0.013884571712382882
2045-09-21,0.013881244384708157
2045-09-22,0.013877917872331565
2045-09-23,0.013874592307976039
2045-09-24,0.013871267244574879
2045-09-25,0.013867943239963727
2045-09-26,0.013864619864040192
2045-09-27,0.013861297265494005
2045-09-28,0.013857975655883426
2045-09-29,0.013854654704898231
2045-09-30,0.013851334562225644
2045-10-01,0.013683538173130274
2045-10-02,0.013680259062208476
2045-10-03,0.013676980692807074
2045-10-04,0.016317777168939545
2045-10-05,0.013686805091365372
2045-10-06,0.01366715038673664
2045-10-07,0.013663875055399777
2045-10-08,0.01366060055432907
2045-10-09,0.013657327010727091
2045-10-10,0.013654054155398056
2045-10-11,0.013650782070185222
2045-10-12,0.01364751080340598
2045-10-13,0.013644240195317703
2045-10-14,0.01364097040960726
2045-10-15,0.013637701556713558
2045-10-16,0.013634433581417223
2045-10-17,0.013631166145498377
2045-10-18,0.013627899603939715
2045-10-19,0.013624633752626503
2045-10-20,0.014758030939996714
2045-10-21,0.15194267254554078
2045-10-22,0.014945153638996482
2045-10-23,0.020664137252992522
2045-10-24,0.022943759906909545
2045-10-25,0.021275835896877645
2045-10-26,0.01998998453414186
2045-10-27,0.01371894274949011
2045-10-28,0.013595278504062037
2045-10-29,0.013592021384349246
2045-10-30,0.013588764633424483
2045-10-31,0.013585508683183903
2045-11-01,0.01066116781588081
2045-11-02,0.010658613457006503
2045-11-03,0.2003310021730219
2045-11-04,0.01220934510365642
2045-11-05,0.01116960207957311
2045-11-06,0.01112536455858438
2045-11-07,1.4138921806796765
2045-11-08,4.192086190384406
2045-11-09,1.1639833072325885
2045-11-10,0.02325182904472801
2045-11-11,0.024658296737064798
2045-11-12,0.035457562154567863
2045-11-13,0.05541573335469505
2045-11-14,0.02297290466806782
2045-11-15,0.03800770738996807
2045-11-16,0.09060397495249421
2045-11-17,0.10901903219551959
2045-11-18,0.08242143238855514
2045-11-19,0.03768443305791543
2045-11-20,0.04297688280596437
2045-11-21,0.04958362686752839
2045-11-22,0.0627476710543821
2045-11-23,0.05040544904150164
2045-11-24,0.03511883778206046
2045-11-25,0.032984978304637785
2045-11-26,0.6040186365567931
2045-11-27,0.38035239673920346
2045-11-28,0.6683043151462025
2045-11-29,0.48562258203006275
2045-11-30,0.09326844802038384
2045-12-01,0.029783035521447437
2045-12-02,0.021173419533646456
2045-12-03,0.02301278897943939
2045-12-04,0.036410655380400926
2045-12-05,0.03186148103495583
2045-12-06,0.02877478483945562
2045-12-07,0.024559939569561696
2045-12-08,0.1152101693463938
2045-12-09,0.1736295739166952
2045-12-10,0.03855322277650858
2045-12-11,0.032995599518398144
2045-12-12,0.030466841597630443
2045-12-13,0.025486967936204006
2045-12-14,0.020745200274293864
2045-12-15,0.02078792223937932
2045-12-16,0.02082000945928297
2045-12-17,0.020832645135053666
2045-12-18,0.020837623792428
2045-12-19,0.02084967306280734
2045-12-20,0.0208607650484813
2045-12-21,0.020861576149705546
2045-12-22,0.021142258640936783
2045-12-23,0.021353442239726184
2045-12-24,0.02242920666547694
2045-12-25,0.030372223205977485
2045-12-26,0.023593683162341693
2045-12-27,0.029745276559710276
2045-12-28,0.03569094179630003
2045-12-29,0.03765399045570631
2045-12-30,0.030712641117031182
2045-12-31,0.03044093184164774
2046-01-01,0.018455849336132382
2046-01-02,0.015289788491822765
2046-01-03,0.017878127814366335
2046-01-04,0.018572018257573
2046-01-05,0.02356676664074695
2046-01-06,0.014838664953506229
2046-01-07,0.02046220654377733
2046-01-08,0.015654796374110744
2046-01-09,0.06350744807572213
2046-01-10,0.048374815543538806
2046-01-11,0.23334155027032494
2046-01-12,1.8911286739098259
2046-01-13,17.324962264114475
2046-01-14,8.430744111379525
2046-01-15,0.2861206879458689
2046-01-16,0.09044947730309989
2046-01-17,0.13651361510136106
2046-01-18,0.15661662682121166
2046-01-19,0.18927772274402496
2046-01-20,0.31127817239662353
2046-01-21,0.17080161363853028
2046-01-22,0.1748980210513481
2046-01-23,0.17304933031998854
2046-01-24,0.18431965912087414
2046-01-25,0.1922696908891969
2046-01-26,0.17916432127273327
2046-01-27,0.17336794380335482
2046-01-28,0.17222613321336624
2046-01-29,0.21560588927564775
2046-01-30,0.7331898975355909
2046-01-31,0.8709025475460068
2046-02-01,0.4640462270986272
2046-02-02,0.41176701370821545
2046-02-03,0.4975137104543043
2046-02-04,0.5272256787729789
2046-02-05,0.6176642357336798
2046-02-06,0.6052652099372503
2046-02-07,0.7365678593802717
2046-02-08,0.6997967558077547
2046-02-09,0.7016534672552647
2046-02-10,0.7120622936226435
2046-02-11,0.7011829133968918
2046-02-12,0.6692415565764313
2046-02-13,0.7570988035131102
2046-02-14,0.6047621868081604
2046-02-15,0.5765672268084702
2046-02-16,0.6028835314863937
2046-02-17,0.5858675229356237
2046-02-18,0.6225096921718353
2046-02-19,0.8924043352968605
2046-02-20,1.0830799533513573
2046-02-21,0.932954976853226
2046-02-22,0.9460870220457276
2046-02-23,1.4673302109310666
2046-02-24,1.753292327444813
2046-02-25,1.385102663139816
2046-02-26,1.2983731269899876
2046-02-27,1.2426890014910104
2046-02-28,1.2063404078671394
2046-03-01,1.4159990157515137
2046-03-02,1.3859737863138144
2046-03-03,1.3198047669412676
2046-03-04,1.332221038819966
2046-03-05,1.141243457561309
2046-03-06,1.1840631494036602
2046-03-07,1.1442317426738842
2046-03-08,0.9395771824093393
2046-03-09,0.8698034167045864
2046-03-10,0.8103086762772992
2046-03-11,0.7731428505749236
2046-03-12,0.7352881264179384
2046-03-13,0.6643468665183463
2046-03-14,0.6318310847159045
2046-03-15,0.6070733179202963
2046-03-16,0.5605706276993833
2046-03-17,0.5633296404865321
2046-03-18,0.5925979049842431
2046-03-19,0.6151702847454044
2046-03-20,0.6290495674200378
2046-03-21,0.6607188800144229
2046-03-22,0.6742170091231438
2046-03-23,0.8041404406738675
2046-03-24,0.913966233888888
2046-03-25,0.8680220191261152
2046-03-26,0.8072005307263378
2046-03-27,0.6291885591813721
2046-03-28,0.5873920309759587
2046-03-29,0.5570297782603598
2046-03-30,0.6006854732484836
2046-03-31,0.5528040938935822
2046-04-01,0.5126520418758947
2046-04-02,0.5520592391370933
2046-04-03,0.5240989324005227
2046-04-04,0.5007117196210448
2046-04-05,0.7945910517534892
2046-04-06,2.041208648120719
2046-04-07,1.4088597579574245
2046-04-08,1.4012411442801698
2046-04-09,1.220787313315943
2046-04-10,1.2412680650710388
2046-04-11,1.2811432647778822
2046-04-12,1.1663493819242687
2046-04-13,1.0896849320157014
2046-04-14,1.0401219105314892
2046-04-15,1.0606823421627802
2046-04-16,1.2044694861027532
2046-04-17,1.2140597387926972
2046-04-18,1.0623329307983664
2046-04-19,1.0505559730059821
2046-04-20,1.0168688425712749
2046-04-21,1.0295659206701337
2046-04-22,0.9314485985623652
2046-04-23,0.9113572411339393
2046-04-24,0.868835899188599
2046-04-25,0.838270364330082
2046-04-26,0.788140158216055
2046-04-27,0.7403444770159608
2046-04-28,0.6960628673420646
2046-04-29,0.6571187260344092
2046-04-30,0.6226755050360174
2046-05-01,0.662475917235092
2046-05-02,0.6019781711154097
2046-05-03,0.5661613963652063
2046-05-04,0.5427125367197809
2046-05-05,0.48362966942617097
2046-05-06,0.4674731627465125
2046-05-07,0.4525151632106731
2046-05-08,0.5666584717815558
2046-05-09,0.6106367950843363
2046-05-10,0.43637941021912424
2046-05-11,0.5087913868449562
2046-05-12,0.5353154938997626
2046-05-13,0.45981397774083144
2046-05-14,0.5064937530309427
2046-05-15,0.45386151084364146
2046-05-16,0.4595947911678154
2046-05-17,0.5373270332612222
2046-05-18,0.6258476347142239
2046-05-19,0.7626750127806815
2046-05-20,0.862337335787066
2046-05-21,0.9576280600404049
2046-05-22,1.0257977351740781
2046-05-23,1.1106013103676922
2046-05-24,1.3332747300383607
2046-05-25,1.4586273384879973
2046-05-26,1.3638102203828506
2046-05-27,1.2416558548143628
2046-05-28,1.4400999757326443
2046-05-29,1.2875729188119178
2046-05-30,1.1336759618820653
2046-05-31,0.961310274554209
2046-06-01,1.0181294890118209
2046-06-02,0.9972439261551879
2046-06-03,0.9792992039417252
2046-06-04,0.9533811791187419
2046-06-05,0.9215575104476937
2046-06-06,0.4802706552137973
2046-06-07,0.4715999648867581
2046-06-08,0.38996480162882735
2046-06-09,0.4603717083702016
2046-06-10,0.3118559406621247
2046-06-11,0.29854928260909414
2046-06-12,0.28258022928016024
2046-06-13,0.34965141141128486
2046-06-14,0.41142462831354215
2046-06-15,0.41157940730238
2046-06-16,0.35984985041906126
2046-06-17,0.3024026153551737
2046-06-18,0.2875080072510121
2046-06-19,0.28763475879470374
2046-06-20,0.20813268683986416
2046-06-21,0.15128069202029754
2046-06-22,0.12410639408551681
2046-06-23,0.11067756753636288
2046-06-24,0.10094268413294526
2046-06-25,0.08971209816392822
2046-06-26,0.07839839622304588
2046-06-27,0.06760305363548
2046-06-28,0.0577743928865945
2046-06-29,0.04937397767379423
2046-06-30,0.042393899385863715
2046-07-01,0.0748655177288126
2046-07-02,0.06423951253655039
2046-07-03,0.05538555121077528
2046-07-04,0.04839563028933136
2046-07-05,0.04283989926135275
2046-07-06,0.0386518114256686
2046-07-07,0.035790475015367175
2046-07-08,0.03352311153224428
2046-07-09,0.0313540448239201
2046-07-10,0.036655724815912546
2046-07-11,0.027909016703242216
2046-07-12,0.026510309580684933
2046-07-13,0.0253105344672046
2046-07-14,0.02436760851400543
2046-07-15,0.023662216143421004
2046-07-16,0.023148218247228777
2046-07-17,0.02270011551293641
2046-07-18,0.02228591417002056
2046-07-19,0.021908022640628057
2046-07-20,0.021556425557262702
2046-07-21,0.02122972344830186
2046-07-22,0.0209163545169461
2046-07-23,0.020620155261446928
2046-07-24,0.0203387488379314
2046-07-25,0.020081544205186458
2046-07-26,0.01984174349897117
2046-07-27,0.01961007183213595
2046-07-28,0.019391683168552318
2046-07-29,0.019194316024237778
2046-07-30,0.019012631096639865
2046-07-31,0.019874923981133816
2046-08-01,0.021231322772992677
2046-08-02,0.020993152903461446
2046-08-03,0.020865082526528887
2046-08-04,0.20233948881237926
2046-08-05,0.020659728741155424
2046-08-06,0.02053727062865139
2046-08-07,0.020388341777899163
2046-08-08,0.020239182290969913
2046-08-09,0.02009268894989083
2046-08-10,0.019965433809414818
2046-08-11,0.019848504463488435
2046-08-12,0.019721545820277093
2046-08-13,0.019596983880476884
2046-08-14,0.019478911188173815
2046-08-15,0.01936254397500297
2046-08-16,0.01925081642487128
2046-08-17,0.019145996795477117
2046-08-18,0.01905065629475527
2046-08-19,0.018963126279090664
2046-08-20,0.018880658857694594
2046-08-21,0.018802570368928347
2046-08-22,0.018733414845781757
2046-08-23,0.01867225915303295
2046-08-24,0.018613200501449913
2046-08-25,0.018559959037239546
2046-08-26,0.01851221538685676
2046-08-27,0.018463836798892196
2046-08-28,0.01841399406227854
2046-08-29,0.01836458933348206
2046-08-30,0.018315484309217
2046-08-31,0.018270362908824483
2046-09-01,0.03683037567402334
2046-09-02,0.014566171623122105
2046-09-03,0.014176246178252937
2046-09-04,0.014152606700314405
2046-09-05,0.01412962267221743
2046-09-06,0.014108800346872044
2046-09-07,0.01409007634856617
2046-09-08,0.01407305532554038
2046-09-09,0.014057596997610307
2046-09-10,0.014044168411880832
2046-09-11,0.01403248912374004
2046-09-12,0.014021153714800597
2046-09-13,0.01401037893363004
2046-09-14,0.014000843746981441
2046-09-15,0.01399244143162441
2046-09-16,0.013984789654625041
2046-09-17,0.013977493718857517
2046-09-18,0.01397057513741614
2046-09-19,0.013964249888477397
2046-09-20,0.01395845357446181
2046-09-21,0.013952708059410374
2046-09-22,0.013947171437324593
2046-09-23,0.013942192995117621
2046-09-24,0.026362310640916348
2046-09-25,0.013933468223841772
2046-09-26,0.013928704535366813
2046-09-27,0.013924129020106495
2046-09-28,0.013919671039509706
2046-09-29,0.013915054644580137
2046-09-30,0.0139105653244001
2046-10-01,0.013741194085196171
2046-10-02,0.013737129069089667
2046-10-03,0.01373322981435834
2046-10-04,0.013729493176442668
2046-10-05,0.013725810849969962
2046-10-06,0.013722789692517265
2046-10-07,0.013718550206114642
2046-10-08,0.013715027448532388
2046-10-09,0.013711530426245512
2046-10-10,0.013723701573349414
2046-10-11,0.04404077262668483
2046-10-12,0.01370112074125543
2046-10-13,0.013697671652546949
2046-10-14,0.36931315298508033
2046-10-15,0.2792981268358592
2046-10-16,0.043174386658750785
2046-10-17,0.026591229036550253
2046-10-18,0.025634175059446162
2046-10-19,0.013816454368257706
2046-10-20,0.013679753855055264
2046-10-21,0.014561459137574926
2046-10-22,0.013677078074558112
2046-10-23,0.022849936530015113
2046-10-24,0.017735057082949018
2046-10-25,0.013673353155032361
2046-10-26,0.013671946319158686
2046-10-27,0.013670429524282253
2046-10-28,0.01366878327295078
2046-10-29,0.01366701828171267
2046-10-30,0.01366515620454269
2046-10-31,0.01366318173476275
2046-11-01,0.010723032206138593
2046-11-02,0.01072126664970218
2046-11-03,0.01071939680283888
2046-11-04,0.010717441479822875
2046-11-05,0.010715421332392129
2046-11-06,0.01071336806261332
2046-11-07,0.010711296400388285
2046-11-08,0.010709218242021744
2046-11-09,0.44656590031301285
2046-11-10,0.5537397405452351
2046-11-11,0.03285972310664097
2046-11-12,0.011117093674416854
2046-11-13,0.010953076046099674
2046-11-14,1.0308143060619697
2046-11-15,2.1608918389742313
2046-11-16,2.2792030374961354
2046-11-17,9.57474843997199
2046-11-18,4.811137313560027
2046-11-19,0.9983469786165677
2046-11-20,0.34152707412984645
2046-11-21,0.04771757939629612
2046-11-22,0.03966151276155148
2046-11-23,0.03731970072280475
2046-11-24,0.03531982123699425
2046-11-25,0.03242897054054553
2046-11-26,0.0680757140415511
2046-11-27,0.059185039128840294
2046-11-28,0.030737143221337585
2046-11-29,0.029029618831838286
2046-11-30,0.02845908894838934
2046-12-01,0.11198328477839195
2046-12-02,0.3427085292735041
2046-12-03,0.10641420945439056
2046-12-04,0.2597586372731624
2046-12-05,0.5193886887004087
2046-12-06,0.8459047531111231
2046-12-07,1.0510169424745162
2046-12-08,0.3727097501169986
2046-12-09,0.08541125840212443
2046-12-10,0.40530573909076206
2046-12-11,0.05120490883839561
2046-12-12,0.0636048836728307
2046-12-13,0.07127966462731401
2046-12-14,0.07593250957253718
2046-12-15,0.07971718415110716
2046-12-16,0.08173988080248744
2046-12-17,0.08398540284293862
2046-12-18,0.08491599521086916
2046-12-19,0.10897557658951333
2046-12-20,0.3456744327781062
2046-12-21,1.4310674992895331
2046-12-22,2.2185398193129764
2046-12-23,1.3174723867304508
2046-12-24,1.3831152896819836
2046-12-25,1.5599851902783102
2046-12-26,1.2777579846884564
2046-12-27,1.3025438254293409
2046-12-28,1.2798554283841537
2046-12-29,1.2181086459966672
2046-12-30,1.1805243518877755
2046-12-31,1.0963369827593943
2047-01-01,0.6775035078287935
2047-01-02,0.636600525461221
2047-01-03,0.6400481986420583
2047-01-04,0.6305746999304777
2047-01-05,0.6282446183243862
2047-01-06,0.5935315003337489
2047-01-07,0.5591163904051971
2047-01-08,0.5549217997378998
2047-01-09,0.5905080990389174
2047-01-10,1.0790175120171495
2047-01-11,2.154627713538668
2047-01-12,1.2467885934199308
2047-01-13,1.199869241316817
2047-01-14,1.1701618342931666
2047-01-15,1.336362020819041
2047-01-16,3.035209531528023
2047-01-17,7.345771599021199
2047-01-18,4.113813611494109
2047-01-19,3.14211198215571
2047-01-20,1.801116166971897
2047-01-21,1.790517120314023
2047-01-22,1.8069519192557273
2047-01-23,1.7913494117074036
2047-01-24,1.810986112888995
2047-01-25,1.7979928665014189
2047-01-26,1.6439063055844954
2047-01-27,1.489855531378029
2047-01-28,1.3618558660671158
2047-01-29,1.2461833292544202
2047-01-30,1.1476806553521446
2047-01-31,1.0599658914521204
2047-02-01,0.8573837782633204
2047-02-02,0.7817660243993908
2047-02-03,0.721205009203943
2047-02-04,0.6671412862645044
2047-02-05,0.6189700787562759
2047-02-06,0.5753422009178816
2047-02-07,0.6181895277903964
2047-02-08,0.5193230372511829
2047-02-09,0.4808421964028854
2047-02-10,0.4517549380989504
2047-02-11,0.43431827104822
2047-02-12,0.4008225396300752
2047-02-13,0.3843438841274553
2047-02-14,0.36995738457039323
2047-02-15,0.35401423186698433
2047-02-16,0.3388090843410013
2047-02-17,0.3424992009577379
2047-02-18,0.3561227729677126
2047-02-19,0.3725054336172246
2047-02-20,0.3978534003384485
2047-02-21,0.4634939062948818
2047-02-22,0.46294435479143264
2047-02-23,0.5946825562104019
2047-02-24,0.5268932314395746
2047-02-25,0.528518036630296
2047-02-26,0.7841478535059595
2047-02-27,0.6445887148024142
2047-02-28,0.5393178111399325
2047-03-01,0.612644521561754
2047-03-02,0.6061763957102733
2047-03-03,0.612146639116093
2047-03-04,0.6636644271189541
2047-03-05,0.7033204963718381
2047-03-06,0.6740961069702505
2047-03-07,0.6760186181194614
2047-03-08,0.6400462382677188
2047-03-09,0.6494306456197928
2047-03-10,0.6022575430481221
2047-03-11,0.6257321984783825
2047-03-12,0.6507334141174687
2047-03-13,0.6848869852590929
2047-03-14,0.7063595377262071
2047-03-15,0.6124199461641475
2047-03-16,1.187554443554258
2047-03-17,2.2181227318663
2047-03-18,1.4860604678895735
2047-03-19,1.1718970034022518
2047-03-20,1.2097391718935782
2047-03-21,1.2122769199951815
2047-03-22,1.1676781228735298
2047-03-23,1.127056335995618
2047-03-24,1.143645886960442
2047-03-25,1.1012303770024436
2047-03-26,1.0727983659453753
2047-03-27,0.9747755591028712
2047-03-28,1.0229870506692096
2047-03-29,1.065026561909449
2047-03-30,1.268947978265782
2047-03-31,1.4898184677909247
2047-04-01,1.2511030996543824
2047-04-02,0.7770554423237044
2047-04-03,0.8483931974489942
2047-04-04,0.9951788111891933
2047-04-05,0.8272143716356359
2047-04-06,0.80626627443196
2047-04-07,0.8921806652181284
2047-04-08,0.8083249514034668
2047-04-09,0.8249909984566797
2047-04-10,0.8237939300477998
2047-04-11,0.7719295872311859
2047-04-12,0.7427945405719094
2047-04-13,0.7576837333154125
2047-04-14,0.9221997631969957
2047-04-15,1.0370927672538481
2047-04-16,1.1765407780367858
2047-04-17,1.0922926557970971
2047-04-18,1.0176432447111292
2047-04-19,0.9472657123368807
2047-04-20,0.8731024732138177
2047-04-21,0.8421814964234285
2047-04-22,0.6176128447696975
2047-04-23,0.45721260786800993
2047-04-24,0.6565284821070957
2047-04-25,0.5394558850678521
2047-04-26,0.4415428979398627
2047-04-27,0.5049815215656701
2047-04-28,0.6992410600228577
2047-04-29,0.8054217416676376
2047-04-30,0.735310113174917
2047-05-01,0.7320634818087665
2047-05-02,0.4427917924523731
2047-05-03,0.33894373432047237
2047-05-04,0.319574200891754
2047-05-05,0.298905136370138
2047-05-06,0.28761418103700015
2047-05-07,0.2730989003687718
2047-05-08,0.25754396933836254
2047-05-09,0.2368983446303596
2047-05-10,0.22312405406412228
2047-05-11,0.19581447742865427
2047-05-12,0.18102991759931863
2047-05-13,0.18234853762749928
2047-05-14,0.1642782419395341
2047-05-15,0.1572353692908993
2047-05-16,0.14736767130230774
2047-05-17,0.141645026986092
2047-05-18,0.14117739005616134
2047-05-19,0.14929511750909683
2047-05-20,0.15548776128682243
2047-05-21,0.14964388584656516
2047-05-22,0.15410010461911922
2047-05-23,0.15218402686716873
2047-05-24,0.16874411470083794
2047-05-25,0.16500827933921233
2047-05-26,0.08803526561701172
2047-05-27,0.07894683068947941
2047-05-28,0.07798700695136229
2047-05-29,0.08539802886834896
2047-05-30,0.06336467984018773
2047-05-31,0.053414068848231425
2047-06-01,0.05022524687847212
2047-06-02,0.04553754031570654
2047-06-03,0.04194649322701897
2047-06-04,0.038571132767702986
2047-06-05,0.035361184774918925
2047-06-06,0.03228238638849676
2047-06-07,0.0294466043712882
2047-06-08,0.026947317825000202
2047-06-09,0.024763967108806982
2047-06-10,0.022834469197836462
2047-06-11,0.021288734183535437
2047-06-12,0.025351548041566137
2047-06-13,0.0194369567338946
2047-06-14,0.018351568782153594
2047-06-15,0.01729947379012105
2047-06-16,0.01631062419567679
2047-06-17,0.015346793755348507
2047-06-18,0.014490935364548853
2047-06-19,0.013687568009548503
2047-06-20,0.012953670173809228
2047-06-21,0.01238424689939829
2047-06-22,0.011980667900130077
2047-06-23,0.011659204466978546
2047-06-24,0.01281577619830297
2047-06-25,0.011142403869814965
2047-06-26,0.010879852043324853
2047-06-27,0.010625058833804034
2047-06-28,0.010389165179790988
2047-06-29,0.010184608765788307
2047-06-30,0.02663925896819309
2047-07-01,0.020327581266742747
2047-07-02,0.020028822783249224
2047-07-03,0.02439703712365992
2047-07-04,0.019472078476630943
2047-07-05,0.019201302600244156
2047-07-06,0.02995674154034985
2047-07-07,0.018718093511853436
2047-07-08,0.03659776468559035
2047-07-09,0.01833869030090714
2047-07-10,0.018169470627461107
2047-07-11,0.017981373654538186
2047-07-12,0.017811116179495576
2047-07-13,0.11205223022570315
2047-07-14,0.017539568598540126
2047-07-15,0.017418811546931326
2047-07-16,0.017284716749009003
2047-07-17,0.017157090997247156
2047-07-18,0.01704378259128062
2047-07-19,0.016941369630453437
2047-07-20,0.03582036563244348
2047-07-21,0.01676102004288351
2047-07-22,0.01668308054528589
2047-07-23,0.0385009077916527
2047-07-24,0.016552360261947112
2047-07-25,0.022412001065517793
2047-07-26,0.01643033900032131
2047-07-27,0.016375142754428255
2047-07-28,0.01632113146463305
2047-07-29,0.016272406897083046
2047-07-30,0.016226702406653876
2047-07-31,0.016182474215453192
2047-08-01,0.0182850632716606
2047-08-02,0.01824335229648243
2047-08-03,0.018206092913965605
2047-08-04,0.01817427838757452
2047-08-05,0.018146904931242262
2047-08-06,0.018122492029392263
2047-08-07,0.01810042820502932
2047-08-08,0.018080702634428614
2047-08-09,0.018063338323290653
2047-08-10,0.018047427419085067
2047-08-11,0.018039502148989507
2047-08-12,0.018021449506903174
2047-08-13,0.018010275062917566
2047-08-14,0.01799959603720769
2047-08-15,0.017990086668225463
2047-08-16,0.01798125337261515
2047-08-17,0.017972925915373632
2047-08-18,0.017965411144664777
2047-08-19,0.017958021664939344
2047-08-20,0.017950624461121653
2047-08-21,0.017943517727008012
2047-08-22,0.01793682458422474
2047-08-23,0.017930581910572608
2047-08-24,0.017924696134077576
2047-08-25,0.017919158854084127
2047-08-26,0.017913847288528423
2047-08-27,0.017908692019243548
2047-08-28,0.017903704245394635
2047-08-29,0.017898836219326603
2047-08-30,0.017894042375556987
2047-08-31,0.017889301033320818
2047-09-01,0.013928319910217233
2047-09-02,0.013924634249511679
2047-09-03,0.01392112361646095
2047-09-04,0.013917780927850149
2047-09-05,0.013914445610851835
2047-09-06,0.013911111139089428
2047-09-07,0.013907777325952062
2047-09-08,0.013904444450856555
2047-09-09,0.013901112205446844
2047-09-10,0.013897781073712399
2047-09-11,0.013894450522765662
2047-09-12,0.0341438708143584
2047-09-13,0.34844210149603627
2047-09-14,0.05851298659819125
2047-09-15,0.06250381449328497
2047-09-16,0.013878232689195935
2047-09-17,0.013875258004429047
2047-09-18,0.013872276335241074
2047-09-19,0.013869253854242067
2047-09-20,0.013866186264401377
2047-09-21,0.01386307702250326
2047-09-22,0.013859928632321739
2047-09-23,0.013856745424816741
2047-09-24,0.01385353381958758
2047-09-25,0.013850299579605409
2047-09-26,0.01384704738809427
2047-09-27,0.013843782330439798
2047-09-28,0.013840507640890428
2047-09-29,0.013837225293325874
2047-09-30,0.01383393727958884
2047-10-01,0.013666373722947862
2047-10-02,0.01366311720572015
2047-10-03,0.013659859474647524
2047-10-04,0.02988747044260563
2047-10-05,0.013987138737173244
2047-10-06,0.01365008902071581
2047-10-07,0.013646833042865588
2047-10-08,0.013760608891195415
2047-10-09,0.01364031986050097
2047-10-10,0.013798892366478462
2047-10-11,0.013734526075924668
2047-10-12,0.01363055179481741
2047-10-13,0.013627295519175764
2047-10-14,0.013624039329321628
2047-10-15,0.0136207828042056
2047-10-16,0.013617526712957798
2047-10-17,0.013614270842588571
2047-10-18,0.013611015009689732
2047-10-19,0.01360775954656509
2047-10-20,0.013604504400953107
2047-10-21,0.01360124935098947
2047-10-22,0.01359799474081055
2047-10-23,0.013594740394896838
2047-10-24,0.013591486459186043
2047-10-25,0.013588232882402795
2047-10-26,0.013584979597494384
2047-10-27,0.013581726931834388
2047-10-28,0.013578474705959463
2047-10-29,0.013575223290629119
2047-10-30,0.013571972059693132
2047-10-31,0.013568721528862657
2047-11-01,0.010647994912461909
2047-11-02,0.010645444589198458
2047-11-03,0.010825214011584277
2047-11-04,0.01064034567409853
2047-11-05,0.01063779680594569
2047-11-06,0.0106352486846983
2047-11-07,0.01063270098837432
2047-11-08,0.010630153925952191
2047-11-09,0.10186462459162024
2047-11-10,0.015485164957882313
2047-11-11,0.022659345478080142
2047-11-12,0.014769315384561532
2047-11-13,0.012930985457042113
2047-11-14,0.011064525002129205
2047-11-15,0.010612348196468774
2047-11-16,0.010609810374000557
2047-11-17,0.013854661258654023
2047-11-18,0.010604738660185757
2047-11-19,0.010930940053764625
2047-11-20,0.011369838167898941
2047-11-21,0.010597142298073738
2047-11-22,0.14439771923016326
2047-11-23,0.28266012613221525
2047-11-24,0.07799018945484787
2047-11-25,0.037528040382316906
2047-11-26,0.4446061022984849
2047-11-27,0.015160813387138861
2047-11-28,1.1081889261226197
2047-11-29,1.786235699197961
2047-11-30,2.9438495370487754
2047-12-01,1.5251163357858455
2047-12-02,1.3156127649840326
2047-12-03,0.34589718353034776
2047-12-04,0.02560385168961132
2047-12-05,0.02852851895945606
2047-12-06,0.034156686394261185
2047-12-07,0.049911684814571006
2047-12-08,0.030992743186154015
2047-12-09,0.03260379547796195
2047-12-10,0.032010092231953675
2047-12-11,0.1807436900472002
2047-12-12,0.22989244696374328
2047-12-13,0.09464776649759492
2047-12-14,0.0668831131777842
2047-12-15,0.08584174710412575
2047-12-16,0.029599898574339936
2047-12-17,0.02278752572664225
2047-12-18,0.021825392343215472
2047-12-19,0.022530126927306816
2047-12-20,0.03378433011872631
2047-12-21,0.04701470780966971
2047-12-22,0.11714608177152509
2047-12-23,0.04251577107703015
2047-12-24,0.02527996874966418
2047-12-25,0.07721364999544648
2047-12-26,0.027257160797005627
2047-12-27,0.036250910820248027
2047-12-28,0.3604037286300967
2047-12-29,0.02628161948655265
2047-12-30,0.029364310524577945
2047-12-31,0.030534780687085417
2048-01-01,0.024371328824477827
2048-01-02,0.05585541559178798
2048-01-03,0.09224568316457857
2048-01-04,0.18670673892958187
2048-01-05,0.094805017483591
2048-01-06,0.029717774837813057
2048-01-07,0.030927817506618462
2048-01-08,0.0319491422396945
2048-01-09,0.03198970013751196
2048-01-10,0.1419872207547479
2048-01-11,0.059820193913472354
2048-01-12,0.04499670455965884
2048-01-13,0.0471458228428205
2048-01-14,0.04553557794478022
2048-01-15,0.061726135399793075
2048-01-16,0.0722182569774469
2048-01-17,0.05342239069566014
2048-01-18,0.054732294027735176
2048-01-19,0.05507394911397942
2048-01-20,0.06644701093428859
2048-01-21,0.2350589999160073
2048-01-22,0.2727309346466006
2048-01-23,0.09898015656145506
2048-01-24,0.11983624633701333
2048-01-25,0.16243847146557389
2048-01-26,0.24007027613248338
2048-01-27,0.13643323402648236
2048-01-28,0.15638672380547666
2048-01-29,0.17278381529380224
2048-01-30,0.22642464749802224
2048-01-31,0.2893751329280619
2048-02-01,0.28755721143937446
2048-02-02,0.3148492524980455
2048-02-03,0.3190853223876839
2048-02-04,0.2676155824057583
2048-02-05,0.1916296661397387
2048-02-06,0.2230081617607419
2048-02-07,0.2613476919357308
2048-02-08,0.2511713228049671
2048-02-09,0.20741232816159066
2048-02-10,0.20809646099345377
2048-02-11,0.2198023311621678
2048-02-12,0.24057764035360268
2048-02-13,0.26340341895377767
2048-02-14,0.2460674766124996
2048-02-15,0.27010962790240234
2048-02-16,0.32728372897337454
2048-02-17,0.4430250638761519
2048-02-18,0.5552694086489013
2048-02-19,0.4699132330524198
2048-02-20,0.5233749422592198
2048-02-21,0.4343353041859379
2048-02-22,0.43470114160120327
2048-02-23,0.3956037204353403
2048-02-24,0.39477276105525877
2048-02-25,0.4232199868000949
2048-02-26,0.6434867382638219
2048-02-27,0.4819248110203664
2048-02-28,0.49121087763148213
2048-02-29,0.5399505403941217
2048-03-01,0.6590096734773044
2048-03-02,0.5395508892473952
2048-03-03,0.5375861362633422
2048-03-04,0.581292561077924
2048-03-05,0.4976851715739956
2048-03-06,0.46306681403974825
2048-03-07,0.4560850636717272
2048-03-08,0.4521972993639685
2048-03-09,0.44746294534269415
2048-03-10,0.46404734685422194
2048-03-11,0.46766036440430675
2048-03-12,0.4292417967614845
2048-03-13,0.38686287417067067
2048-03-14,0.3982451375778788
2048-03-15,0.4155368941065401
2048-03-16,0.3661994667265454
2048-03-17,0.34380599384753535
2048-03-18,0.3349696792957563
2048-03-19,0.2798473734556488
2048-03-20,0.2993992280717291
2048-03-21,0.3366355964581167
2048-03-22,0.28610010900011346
2048-03-23,0.27523340637280963
2048-03-24,0.2652854428940679
2048-03-25,0.26438396969659195
2048-03-26,0.3093315646789299
2048-03-27,0.24515808437218403
2048-03-28,0.23401988253481826
2048-03-29,0.28952429980000177
2048-03-30,0.24074658177621988
2048-03-31,0.432938600780246
2048-04-01,0.20734891820261828
2048-04-02,0.2820104979081622
2048-04-03,0.3229422672417483
2048-04-04,0.2832086409752324
2048-04-05,0.5201619372673628
2048-04-06,0.300636965895749
2048-04-07,0.27313112398646966
2048-04-08,0.27872855557160087
2048-04-09,0.301799778131588
2048-04-10,0.3959951660328208
2048-04-11,0.36839277462035547
2048-04-12,0.42551597972691796
2048-04-13,0.4446496668355687
2048-04-14,0.5260200990439926
2048-04-15,0.505839473168663
2048-04-16,0.532021636855752
2048-04-17,0.5131465572334144
2048-04-18,0.48488323779529957
2048-04-19,0.40278035676140206
2048-04-20,0.4144605151225974
2048-04-21,0.3438728572287698
2048-04-22,0.535762419107149
2048-04-23,0.6992451656418874
2048-04-24,0.6337448258248995
2048-04-25,0.5808476297960952
2048-04-26,0.6154336598271491
2048-04-27,0.6696916999042557
2048-04-28,0.759184721392155
2048-04-29,0.8006858531796728
2048-04-30,0.8363020134737504
2048-05-01,0.9185358033574964
2048-05-02,0.9645155964530555
2048-05-03,0.9724288961432362
2048-05-04,1.282867612665071
2048-05-05,1.186213528688596
2048-05-06,1.247408412139708
2048-05-07,1.29510391212343
2048-05-08,1.188137179930225
2048-05-09,1.1668888098983117
2048-05-10,1.335778449687366
2048-05-11,1.500354712840631
2048-05-12,1.4105834362629217
2048-05-13,0.9307121123159714
2048-05-14,0.8484561826562718
2048-05-15,0.7203995008353631
2048-05-16,0.7202184752566214
2048-05-17,0.7424519757843295
2048-05-18,0.7659483193700073
2048-05-19,0.7882301015588767
2048-05-20,0.9067503018922992
2048-05-21,1.3063043559511212
2048-05-22,1.8256272672079557
2048-05-23,1.7612360505850555
2048-05-24,1.7770161814159364
2048-05-25,1.3798536855701733
2048-05-26,1.38024313986926
2048-05-27,1.2995798260365303
2048-05-28,0.7012307997476115
2048-05-29,0.6433570531181184
2048-05-30,0.5848575550491157
2048-05-31,0.5664895151115982
2048-06-01,0.5449172100379549
2048-06-02,0.4989843767273827
2048-06-03,0.4582966281292803
2048-06-04,0.4004839792052729
2048-06-05,0.36793794644275357
2048-06-06,0.3351236275569767
2048-06-07,0.2941831290300276
2048-06-08,0.22001187946609063
2048-06-09,0.19743926464200323
2048-06-10,0.17698002276655816
2048-06-11,0.15456532061162534
2048-06-12,0.13620969320262022
2048-06-13,0.1208877970632984
2048-06-14,0.10765301454628531
2048-06-15,0.09507637380735043
2048-06-16,0.08293025819748906
2048-06-17,0.07140731378179449
2048-06-18,0.06104575718067527
2048-06-19,0.05250217710905156
2048-06-20,0.046025459980331536
2048-06-21,0.04132430617131792
2048-06-22,0.03680182903785423
2048-06-23,0.03212082314645861
2048-06-24,0.02786721685840377
2048-06-25,0.024421105630239377
2048-06-26,0.022005741824683175
2048-06-27,0.0202662358314313
2048-06-28,0.018819026228765783
2048-06-29,0.017560486451778195
2048-06-30,0.016487075768676022
2048-07-01,0.03206230594092429
2048-07-02,0.03225304366597559
2048-07-03,0.03445873986735498
2048-07-04,0.02877303932757254
2048-07-05,0.02790207767053809
2048-07-06,0.027184050882544605
2048-07-07,0.026546516275317265
2048-07-08,0.025962644578854437
2048-07-09,0.02540659321493522
2048-07-10,0.024864980461586177
2048-07-11,0.02435506286913003
2048-07-12,0.023865221056260818
2048-07-13,0.023385155901226244
2048-07-14,0.022915735199660302
2048-07-15,0.022454346379737
2048-07-16,0.02201765388305075
2048-07-17,0.021609249628663244
2048-07-18,0.02123802673092697
2048-07-19,0.022958749416279865
2048-07-20,0.020640260644320382
2048-07-21,0.02035874696077999
2048-07-22,0.020064007178675656
2048-07-23,0.019802996047999125
2048-07-24,0.019554013977992064
2048-07-25,0.01929716505185844
2048-07-26,0.01903417360706958
2048-07-27,0.018774455965058074
2048-07-28,0.019365909151504927
2048-07-29,0.018380442351495222
2048-07-30,0.01814428399207297
2048-07-31,0.01797454675597755
2048-08-01,0.02018592848205032
2048-08-02,0.01999694157861951
2048-08-03,0.01980915344077637
2048-08-04,0.019627764849471974
2048-08-05,0.019456612022446935
2048-08-06,0.019297386218199226
2048-08-07,0.01915522177485116
2048-08-08,0.01903323120443951
2048-08-09,0.018925086267331862
2048-08-10,0.018826269120243624
2048-08-11,0.018735629492279696
2048-08-12,0.018651953956426992
2048-08-13,0.018575486525074843
2048-08-14,0.018503447419284107
2048-08-15,0.01843440391341956
2048-08-16,0.0183726962337956
2048-08-17,0.018318654817298784
2048-08-18,0.018272349378092505
2048-08-19,0.018232127174351145
2048-08-20,0.01819513304163317
2048-08-21,0.0181610000317226
2048-08-22,0.018136480518686854
2048-08-23,0.018109537375550634
2048-08-24,0.018090813712530848
2048-08-25,0.018070730536176232
2048-08-26,0.018051141260956808
2048-08-27,0.018033175159972905
2048-08-28,0.018017036860172805
2048-08-29,0.018002283374338676
2048-08-30,0.017989528041295947
2048-08-31,0.017979110149627785
2048-09-01,0.013995215258653384
2048-09-02,0.013989279986693021
2048-09-03,0.013983612737273398
2048-09-04,0.013978147072075115
2048-09-05,0.013973003555437671
2048-09-06,0.013968409139629663
2048-09-07,0.013964174155559117
2048-09-08,0.013960074279469565
2048-09-09,0.013956262702596232
2048-09-10,0.013952662964539574
2048-09-11,0.013949091590277542
2048-09-12,0.01394551229953991
2048-09-13,0.013941904662970128
2048-09-14,0.013938266737623918
2048-09-15,0.013934627032991963
2048-09-16,0.01393098397036897
2048-09-17,0.013927318663178478
2048-09-18,0.013923742058833536
2048-09-19,0.013920335052476774
2048-09-20,0.013916998912196794
2048-09-21,0.01391366413207806
2048-09-22,0.01391032960443213
2048-09-23,0.013906996285263781
2048-09-24,0.013903663226551606
2048-09-25,0.13251913659448764
2048-09-26,0.034151019120282185
2048-09-27,0.017975311596352888
2048-09-28,0.013890340977858606
2048-09-29,0.013887012847858619
2048-09-30,0.01388368536450846
2048-10-01,0.013715497466004296
2048-10-02,0.013712211183435812
2048-10-03,0.013708925781422774
2048-10-04,0.013705640903996324
2048-10-05,0.013702356685260575
2048-10-06,0.03763937220222174
2048-10-07,0.013695790894386278
2048-10-08,0.013692508908100646
2048-10-09,0.013689227707708205
2048-10-10,0.013685947526906439
2048-10-11,0.01368266798606049
2048-10-12,0.013679389255759462
2048-10-13,0.013676111256132434
2048-10-14,0.013672833905335535
2048-10-15,0.013669557464676243
2048-10-16,0.013666281779341987
2048-10-17,0.01366300687299895
2048-10-18,0.013659732658873094
2048-10-19,0.01365645909949396
2048-10-20,0.013653186464057158
2048-10-21,0.013649914676636005
2048-10-22,0.013646643835836499
2048-10-23,0.013644071166125003
2048-10-24,0.4034429751926776
2048-10-25,1.3698201526299072
2048-10-26,1.2269586252333256
2048-10-27,0.035388766378570406
2048-10-28,0.05687282507401302
2048-10-29,0.10440754837394055
2048-10-30,0.7187397192106116
2048-10-31,0.5176158933755929
2048-11-01,0.24063109465001387
2048-11-02,0.025060021554411702
2048-11-03,0.34855500307080645
2048-11-04,0.10853601080904575
2048-11-05,1.0145535013298335
2048-11-06,1.2436093147835579
2048-11-07,0.07754336191998022
2048-11-08,0.27308329857100516
2048-11-09,0.17265761487684778
2048-11-10,0.053656075756504835
2048-11-11,0.08528154333099526
2048-11-12,0.03452742005315504
2048-11-13,0.02778589173234548
2048-11-14,0.02492822721515809
2048-11-15,0.022861753415335848
2048-11-16,0.022478373170502223
2048-11-17,0.022822889483293148
2048-11-18,0.029651903248407063
2048-11-19,0.03053249612389143
2048-11-20,0.02194485041405036
2048-11-21,0.03763900511305747
2048-11-22,0.11647057664387839
2048-11-23,0.03316500206414795
2048-11-24,0.02113738163158971
2048-11-25,0.025154600705939088
2048-11-26,0.024106870820621493
2048-11-27,0.03870917805547844
2048-11-28,0.03229456299556795
2048-11-29,0.043247451843203874
2048-11-30,0.09447226632845741
2048-12-01,0.3092755465610597
2048-12-02,0.6599848403879933
2048-12-03,0.3184068267857895
2048-12-04,0.06675757357529437
2048-12-05,0.041964619471876165
2048-12-06,0.10190163493554655
2048-12-07,0.05722208232155223
2048-12-08,0.040415917591067614
2048-12-09,0.0933259109768332
2048-12-10,0.260446561608477
2048-12-11,0.03157165216621271
2048-12-12,0.036945644146985465
2048-12-13,0.21396678118145165
2048-12-14,0.05386841716063643
2048-12-15,0.08511282998463152
2048-12-16,0.2958544762819197
2048-12-17,0.3052741967045447
2048-12-18,0.043441682451792654
2048-12-19,0.03696481431582601
2048-12-20,0.07632215484225849
2048-12-21,0.079981553460426
2048-12-22,0.06465892280449607
2048-12-23,0.129871093946472
2048-12-24,0.16736315864264986
2048-12-25,0.10398227375641882
2048-12-26,0.06115695187987907
2048-12-27,0.052034122043066997
2048-12-28,0.04973024082972128
2048-12-29,0.03282490421687218
2048-12-30,0.026534049091639457
2048-12-31,0.02688024459763915
2049-01-01,0.02613170515531896
2049-01-02,0.3471923185349904
2049-01-03,0.35323900237020844
2049-01-04,0.024604976606617614
2049-01-05,0.12328740929954218
2049-01-06,0.03902105912348592
2049-01-07,0.029360057846931936
2049-01-08,0.023117141687767517
2049-01-09,0.02450210632653836
2049-01-10,0.032456467741344946
2049-01-11,0.03521037371201732
2049-01-12,0.03289896414212702
2049-01-13,0.07751306157069929
2049-01-14,0.07017530518216873
2049-01-15,0.06669247221210518
2049-01-16,0.05204261032053768
2049-01-17,0.05142446668491572
2049-01-18,0.03670730746606797
2049-01-19,0.02412554587790233
2049-01-20,0.02426173834342326
2049-01-21,0.024637518248219827
2049-01-22,0.02574350680940545
2049-01-23,0.027543904348440295
2049-01-24,0.03406149528888681
2049-01-25,0.5665520038426509
2049-01-26,1.9335854466325817
2049-01-27,2.262471177124351
2049-01-28,3.2229201190943635
2049-01-29,1.1855988729083433
2049-01-30,1.0839166457097542
2049-01-31,1.0654279582165287
2049-02-01,0.9050364077721955
2049-02-02,0.8469318794417364
2049-02-03,0.7856069841868473
2049-02-04,0.7268571254795893
2049-02-05,0.6795767063147518
2049-02-06,0.6355820012990363
2049-02-07,0.8153703777805364
2049-02-08,0.7288788342418336
2049-02-09,0.7129424295570973
2049-02-10,0.7066665163072713
2049-02-11,0.6767480039553512
2049-02-12,0.9166452363011808
2049-02-13,0.6819782141084777
2049-02-14,0.6868494120729602
2049-02-15,0.7111802151290103
2049-02-16,0.7511943350578211
2049-02-17,0.8041753460594019
2049-02-18,0.8352043294725886
2049-02-19,0.8561828302736297
2049-02-20,0.8240356971663417
2049-02-21,0.772210332475713
2049-02-22,0.763220391624173
2049-02-23,0.8760557269172448
2049-02-24,1.0813524888270214
2049-02-25,1.0486774378546646
2049-02-26,0.8539097040419561
2049-02-27,0.8499332064302264
2049-02-28,0.8089102122442846
2049-03-01,1.2560059507235244
2049-03-02,1.2540371162783184
2049-03-03,1.0911137393138806
2049-03-04,1.234292825624616
2049-03-05,1.1817466478523477
2049-03-06,1.2007323236294207
2049-03-07,1.1027247944121477
2049-03-08,1.3234987712132784
2049-03-09,2.009512039900994
2049-03-10,2.5212177851740734
2049-03-11,1.8677012887302744
2049-03-12,1.8628288523610166
2049-03-13,1.881723260579628
2049-03-14,1.8455007311979987
2049-03-15,1.6243256695838633
2049-03-16,1.6172793671339956
2049-03-17,1.4189792040005214
2049-03-18,1.3419941000465205
2049-03-19,1.284936733198639
2049-03-20,1.2515454452831847
2049-03-21,1.242941562222408
2049-03-22,1.3020286085327721
2049-03-23,1.306817002766022
2049-03-24,1.2327759234166955
2049-03-25,1.3637554967371883
2049-03-26,1.0976712378382685
2049-03-27,1.2422051356131132
2049-03-28,1.7293594457990935
2049-03-29,1.7300086111020385
2049-03-30,1.4339252214011953
2049-03-31,1.5164972536015127
2049-04-01,1.3804775107520315
2049-04-02,1.4678253082152575
2049-04-03,1.5364081437768922
2049-04-04,1.4735014821710786
2049-04-05,1.1952861670920096
2049-04-06,1.0067323536577297
2049-04-07,0.9391993958125441
2049-04-08,0.9842113554069082
2049-04-09,0.9626372241445701
2049-04-10,0.958377035996954
2049-04-11,0.9460442789757303
2049-04-12,1.0906986312569806
2049-04-13,1.075242357315075
2049-04-14,0.8289896833645835
2049-04-15,0.8322158592205425
2049-04-16,0.783626245278546
2049-04-17,0.9947180322558749
2049-04-18,1.0315466993898461
2049-04-19,0.7543774820281923
2049-04-20,0.5358194941229006
2049-04-21,0.4940866716366673
2049-04-22,0.4969445382188384
2049-04-23,0.505358881989226
2049-04-24,0.5465745897371551
2049-04-25,0.5471296341633084
2049-04-26,0.605898228756736
2049-04-27,0.6065143535983485
2049-04-28,0.4079143123031445
2049-04-29,0.3673309139200469
2049-04-30,0.3330658945423005
2049-05-01,0.36776910349646325
2049-05-02,0.3614863597456827
2049-05-03,0.3476143074919507
2049-05-04,0.3456326104204919
2049-05-05,0.35538786828727315
2049-05-06,0.3065931475088587
2049-05-07,0.2510965433201953
2049-05-08,0.20733290172500773
2049-05-09,0.2001161082801799
2049-05-10,0.22535788346992627
2049-05-11,0.21577767872644918
2049-05-12,0.2109082849894552
2049-05-13,0.19625515389828346
2049-05-14,0.12410586037671292
2049-05-15,0.10674315141245597
2049-05-16,0.101114319277944
2049-05-17,0.09602903865493068
2049-05-18,0.07957955967537392
2049-05-19,0.0653743615292372
2049-05-20,0.05858017848790422
2049-05-21,0.05161570165466851
2049-05-22,0.04925978382126252
2049-05-23,0.044240242082979
2049-05-24,0.03770468051220242
2049-05-25,0.03329710396970547
2049-05-26,0.02978689340117364
2049-05-27,0.02700569944902606
2049-05-28,0.02461686116976907
2049-05-29,0.022494065311778024
2049-05-30,0.020711671820546947
2049-05-31,0.019265523972823415
2049-06-01,0.01894969972767986
2049-06-02,0.018041925505491763
2049-06-03,0.017518903475443433
2049-06-04,0.02189943845290313
2049-06-05,0.015286081365182537
2049-06-06,0.01460686247582599
2049-06-07,0.013998675428553254
2049-06-08,0.013511062965172203
2049-06-09,0.013126424009845046
2049-06-10,0.012793236604495864
2049-06-11,0.012504613097776753
2049-06-12,0.01224412058543622
2049-06-13,0.011977341049434674
2049-06-14,0.011690280162209377
2049-06-15,0.011390560701771196
2049-06-16,0.011095701893622086
2049-06-17,0.010814683295168957
2049-06-18,0.010559657458027153
2049-06-19,0.010345794041707258
2049-06-20,0.01018474513798248
2049-06-21,0.010041131100952656
2049-06-22,0.009895408023730609
2049-06-23,0.00979624235455557
2049-06-24,0.009925171613928
2049-06-25,0.009515183251126061
2049-06-26,0.009372623630522976
2049-06-27,0.009221215931839557
2049-06-28,0.009087283513289435
2049-06-29,0.008960895739073636
2049-06-30,0.008843628896510199
2049-07-01,0.017923736231832268
2049-07-02,0.017737258846373366
2049-07-03,0.017577685879898747
2049-07-04,0.01742678287367017
2049-07-05,0.017271162758775053
2049-07-06,0.017116168146374792
2049-07-07,0.01697923167380977
2049-07-08,0.01686424448172292
2049-07-09,0.016759095071342257
2049-07-10,0.016656311849415784
2049-07-11,0.016560692310810008
2049-07-12,0.016477830798126827
2049-07-13,0.016406952026713086
2049-07-14,0.01634094746578702
2049-07-15,0.016279080157399393
2049-07-16,0.01622620694890786
2049-07-17,0.01618057679077089
2049-07-18,0.01613826702967994
2049-07-19,0.01610131212895729
2049-07-20,0.016069008126255207
2049-07-21,0.01604028769926411
2049-07-22,0.017568217017749375
2049-07-23,0.015995947847870937
2049-07-24,0.01670401963550192
2049-07-25,0.015963365579245516
2049-07-26,0.016449801385226257
2049-07-27,0.01593606009911973
2049-07-28,0.015924068323367242
2049-07-29,0.015913089796502303
2049-07-30,0.015903399162510237
2049-07-31,0.01589410500624576
2049-08-01,0.0179950333203792
2049-08-02,0.017986416127657893
2049-08-03,0.01797885423203956
2049-08-04,0.01797207453405873
2049-08-05,0.017965880603685272
2049-08-06,0.017960084160395674
2049-08-07,0.01795459801343371
2049-08-08,0.017949354756380785
2049-08-09,0.017944302132444412
2049-08-10,0.01793939377784858
2049-08-11,0.017934566226384816
2049-08-12,0.017929756320653897
2049-08-13,0.0179249159888153
2049-08-14,0.017920288078492348
2049-08-15,0.017915925407717494
2049-08-16,0.017911605312991817
2049-08-17,0.017907313180301282
2049-08-18,0.017903021358983473
2049-08-19,0.017936394272309926
2049-08-20,0.027209483827298812
2049-08-21,0.09052528265642276
2049-08-22,0.05203406923470945
2049-08-23,0.020350632865494357
2049-08-24,0.027794467943961523
2049-08-25,0.021014205421402282
2049-08-26,0.017868727188725644
2049-08-27,0.017864445173725065
2049-08-28,0.01786016428504793
2049-08-29,0.017855884161348104
2049-08-30,0.017851604993549625
2049-08-31,0.017847327028956767
2049-09-01,0.013895983193532455
2049-09-02,0.01389265320640896
2049-09-03,0.013889324014625289
2049-09-04,0.013885995408618672
2049-09-05,0.01388266782048769
2049-09-06,0.013879340635515006
2049-09-07,0.013876014712907232
2049-09-08,0.013872689370089338
2049-09-09,0.05075105741683348
2049-09-10,0.0138660413718439
2049-09-11,0.043036660525553425
2049-09-12,0.013859396131841136
2049-09-13,0.013856074889464082
2049-09-14,0.16014560332264793
2049-09-15,1.1939503854765254
2049-09-16,0.1948895969356731
2049-09-17,0.01417069552944623
2049-09-18,0.014290515902390917
2049-09-19,0.014356562842758816
2049-09-20,0.01439341143055154
2049-09-21,0.0144073719269928
2049-09-22,0.014403776953989542
2049-09-23,0.014389546899213332
2049-09-24,0.014369694135046244
2049-09-25,0.07164286416569457
2049-09-26,0.014337064911927228
2049-09-27,0.014322566187959676
2049-09-28,0.014298440493928522
2049-09-29,0.014276672160241479
2049-09-30,0.016930808905759546
2049-10-01,0.038387113200743506
2049-10-02,0.277910374937777
2049-10-03,0.20596218109184392
2049-10-04,0.014864489347159756
2049-10-05,0.014126454967716204
2049-10-06,0.014135778305522352
2049-10-07,0.014136348645189244
2049-10-08,0.014131820497299004
2049-10-09,0.014127809649655826
2049-10-10,0.014123587996228407
2049-10-11,0.014117963604025075
2049-10-12,0.01411337696180642
2049-10-13,0.5887489041115315
2049-10-14,1.419507939079607
2049-10-15,0.04013187179796283
2049-10-16,0.02256924918953877
2049-10-17,0.018936203623693287
2049-10-18,0.01612684500327766
2049-10-19,0.04422020052160455
2049-10-20,0.5444769007009398
2049-10-21,0.061970677653508575
2049-10-22,0.030388083285038427
2049-10-23,0.016964639178103154
2049-10-24,0.018476120867287997
2049-10-25,0.017123867582586428
2049-10-26,0.01718114274855153
2049-10-27,0.01721728736429527
2049-10-28,0.01725965884873483
2049-10-29,0.017293427064975688
2049-10-30,0.017287924385663078
2049-10-31,0.017250618156437608
2049-11-01,0.01566255007509163
2049-11-02,0.5397178753161115
2049-11-03,0.13664409171832886
2049-11-04,0.09332472734145793
2049-11-05,0.05289054923644816
2049-11-06,0.3922330387677408
2049-11-07,0.22796265073500638
2049-11-08,0.019773594397197246
2049-11-09,0.02166693768928155
2049-11-10,0.03511763938062193
2049-11-11,0.03342228836496207
2049-11-12,0.024056706345959668
2049-11-13,0.02970735308817944
2049-11-14,0.015841132798072293
2049-11-15,0.028852722995654796
2049-11-16,0.12200026388278087
2049-11-17,0.595154401437149
2049-11-18,0.02661954631522796
2049-11-19,0.016779556003483555
2049-11-20,0.03428955033520896
2049-11-21,0.020879159491707294
2049-11-22,0.017663100280319546
2049-11-23,0.018887975533208593
2049-11-24,0.03054499484813427
2049-11-25,0.02269019035146494
2049-11-26,0.020795541953424826
2049-11-27,0.03622377756435126
2049-11-28,0.022183690319421034
2049-11-29,0.017297831783296802
2049-11-30,0.01744037597227366
2049-12-01,0.01887916754140203
2049-12-02,0.019661477353609822
2049-12-03,0.020450413446695397
2049-12-04,0.026590539298665228
2049-12-05,0.029936860291526805
2049-12-06,0.05410505227594661
2049-12-07,0.01748194891029553
2049-12-08,0.01696828842280322
2049-12-09,0.01768214701893286
2049-12-10,0.018600272120131864
2049-12-11,0.018201215079606873
2049-12-12,0.021240247662647253
2049-12-13,0.4075705618340265
2049-12-14,0.3625056127855328
2049-12-15,0.023371205349823544
2049-12-16,0.017054450052091722
2049-12-17,0.3583741635666919
2049-12-18,7.781074506139309
2049-12-19,4.391921663360549
2049-12-20,1.595191323647108
2049-12-21,0.5693973104492197
2049-12-22,0.3100142431788048
2049-12-23,0.20095522606456445
2049-12-24,0.02868415050656892
2049-12-25,0.11034979690440642
2049-12-26,0.3731931949772629
2049-12-27,0.2900537717534885
2049-12-28,0.04100467635377202
2049-12-29,0.02924628731602566
2049-12-30,0.0295346193123223
2049-12-31,0.029941575536998773
2050-01-01,0.019379924468929357
2050-01-02,0.019400082370729863
2050-01-03,0.019525888293686726
2050-01-04,0.022267588501965516
2050-01-05,0.02419693110673215
2050-01-06,0.02476493114500518
2050-01-07,0.022133508607843518
2050-01-08,0.020702183886284458
2050-01-09,0.025812783440906373
2050-01-10,0.03011090492607699
2050-01-11,0.023444651839102736
2050-01-12,0.02535844784882458
2050-01-13,0.03081228480701528
2050-01-14,0.0326312933546651
2050-01-15,0.029922440139386608
2050-01-16,0.02927187318194856
2050-01-17,0.031747350476019634
2050-01-18,0.03371820023801632
2050-01-19,0.03569324782884149
2050-01-20,0.04059569030540334
2050-01-21,0.03975820796930187
2050-01-22,0.0414510017848236
2050-01-23,0.045741163760705576
2050-01-24,0.04636565918664895
2050-01-25,0.3179864912285886
2050-01-26,1.4848152151365015
2050-01-27,1.4123735084237878
2050-01-28,0.2832389243337929
2050-01-29,0.31312481183449226
2050-01-30,0.33467521675288786
2050-01-31,0.3247150447833705
2050-02-01,0.2928438952245726
2050-02-02,0.34012524556274976
2050-02-03,0.3254735875576505
2050-02-04,0.31702039835704504
2050-02-05,0.3543909228404666
2050-02-06,0.3542128054828356
2050-02-07,0.33151933481020274
2050-02-08,0.3015884610002186
2050-02-09,0.29043564183416565
2050-02-10,0.287931681035058
2050-02-11,0.5386245265304539
2050-02-12,0.6284115048842949
2050-02-13,0.5192208288858476
2050-02-14,0.49986496699632693
2050-02-15,0.5916362988511987
2050-02-16,0.8300748480860366
2050-02-17,0.7565478615339748
2050-02-18,0.6997166751667809
2050-02-19,0.7008468395093421
2050-02-20,0.70885237160519
2050-02-21,0.7390632550905561
2050-02-22,0.7079157872408544
2050-02-23,0.7170166488922014
2050-02-24,0.7189842553928408
2050-02-25,0.8235489441946038
2050-02-26,0.9101585160598292
2050-02-27,0.8469438824772094
2050-02-28,1.0444326048033148
2050-03-01,1.0075691282941384
2050-03-02,1.0094665707325268
2050-03-03,0.9824573219410367
2050-03-04,0.9426387623230341
2050-03-05,0.9197526447449339
2050-03-06,0.8791093512975284
2050-03-07,0.8387841110517399
2050-03-08,0.7899194302439229
2050-03-09,0.7225208546518803
2050-03-10,0.7470024635094163
2050-03-11,0.7266289929405169
2050-03-12,0.6326118054470852
2050-03-13,0.6342651624783552
2050-03-14,0.6156133159631608
2050-03-15,0.5905909221814233
2050-03-16,0.5647539323975435
2050-03-17,0.7648637422389841
2050-03-18,0.5518048067552981
2050-03-19,0.5274772688407547
2050-03-20,0.5338597554992842
2050-03-21,0.5528249227889459
2050-03-22,0.5488229452475722
2050-03-23,0.6284971593207729
2050-03-24,0.7172537561114067
2050-03-25,0.5706749646122222
2050-03-26,0.5880746241866707
2050-03-27,0.6305949035056893
2050-03-28,0.6436098994871462
2050-03-29,0.5505614212572757
2050-03-30,0.5567305396383522
2050-03-31,0.6068930447899461
2050-04-01,0.5469995881378643
2050-04-02,0.5417834110380741
2050-04-03,0.5261138122642119
2050-04-04,0.5125686570817909
2050-04-05,0.5586912944908068
2050-04-06,0.6715355279334743
2050-04-07,0.7621586562394523
2050-04-08,0.8217980278463869
2050-04-09,0.8653494950848196
2050-04-10,0.9734538254401959
2050-04-11,1.0067056081001482
2050-04-12,1.1676721652713788
2050-04-13,1.276845179722972
2050-04-14,1.1588799372619565
2050-04-15,1.0265131807096608
2050-04-16,0.9555978892614971
2050-04-17,1.1136400521161733
2050-04-18,1.0379077124787044
2050-04-19,0.9932903217687253
2050-04-20,0.6264260479108473
2050-04-21,0.5963365713172527
2050-04-22,0.6769774179579303
2050-04-23,0.995104872618313
2050-04-24,0.6372628817766943
2050-04-25,0.7242909174826766
2050-04-26,0.9130594380739372
2050-04-27,0.7643395179132525
2050-04-28,0.6283889600144944
2050-04-29,0.479755033453745
2050-04-30,0.4800464788498035
2050-05-01,0.5589769024978978
2050-05-02,0.464220692117691
2050-05-03,0.4408522806939636
2050-05-04,0.4581070601816011
2050-05-05,0.49209658706879883
2050-05-06,0.4155770538986674
2050-05-07,0.381922668442711
2050-05-08,0.3768108547661873
2050-05-09,0.40920697301603504
2050-05-10,0.3954253229781661
2050-05-11,0.36951807589855923
2050-05-12,0.3189253188315067
2050-05-13,0.266826289720026
2050-05-14,0.22008101978185404
2050-05-15,0.23064965233599513
2050-05-16,0.18893278817276
2050-05-17,0.15259865362932068
2050-05-18,0.17488439591112004
2050-05-19,0.1411543523033568
2050-05-20,0.13042269544668714
2050-05-21,0.12154937438617922
2050-05-22,0.33511322977036245
2050-05-23,0.18626733843898002
2050-05-24,0.11307230510455642
2050-05-25,0.1131060793368482
2050-05-26,0.09524728363714502
2050-05-27,0.08334582717374557
2050-05-28,0.07465482271777389
2050-05-29,0.06547195616515537
2050-05-30,0.05826418776357697
2050-05-31,0.05140912196862366
2050-06-01,0.08502903455312694
2050-06-02,0.04298783473404015
2050-06-03,0.04139366846438828
2050-06-04,0.03676022301271321
2050-06-05,0.5054258024990701
2050-06-06,0.6606275184357132
2050-06-07,0.28655941388014855
2050-06-08,0.18875065857919773
2050-06-09,0.15553250248664335
2050-06-10,0.13503582789337412
2050-06-11,0.12446002391353028
2050-06-12,0.11001660527548743
2050-06-13,0.09596355975499105
2050-06-14,0.0829135693201387
2050-06-15,0.07167585091966715
2050-06-16,0.06253666427118709
2050-06-17,0.09163012264197495
2050-06-18,0.049914698857593705
2050-06-19,0.0795652869563198
2050-06-20,0.04981827705232775
2050-06-21,0.12704419109961965
2050-06-22,0.04811939925635011
2050-06-23,0.04090973370771048
2050-06-24,0.036712645235933074
2050-06-25,0.03313599301164171
2050-06-26,0.029485415703060496
2050-06-27,0.025894525070317077
2050-06-28,0.022989013750346
2050-06-29,0.020621035349677817
2050-06-30,0.018771128306397215
2050-07-01,0.035558508113119065
2050-07-02,0.03285020072639693
2050-07-03,0.03044729752418264
2050-07-04,0.028781618170413224
2050-07-05,0.027806851108754988
2050-07-06,0.02711280269160593
2050-07-07,0.026525483700203002
2050-07-08,0.026042630799161838
2050-07-09,0.02561399489745012
2050-07-10,0.02522141715247526
2050-07-11,0.02486423527226911
2050-07-12,0.024527154620227823
2050-07-13,0.02420702202151241
2050-07-14,0.02389446407159421
2050-07-15,0.02358524134016113
2050-07-16,0.02328075150257203
2050-07-17,0.022961730753826876
2050-07-18,0.02263990013607295
2050-07-19,0.022325790797895602
2050-07-20,0.02202294805390863
2050-07-21,0.021737077287038352
2050-07-22,0.021467980355133143
2050-07-23,0.021208161355429304
2050-07-24,0.020950214097680928
2050-07-25,0.020691703684080923
2050-07-26,0.020430065722941534
2050-07-27,0.020167320085769574
2050-07-28,0.019911498925683484
2050-07-29,0.019679880597024788
2050-07-30,0.0194636731689358
2050-07-31,0.01925899975324639
2050-08-01,0.021612602788761974
2050-08-02,0.021419483085755767
2050-08-03,0.021216101696374234
2050-08-04,0.020999243851486472
2050-08-05,0.020789373955239304
2050-08-06,0.02058812514963821
2050-08-07,0.0203964334004495
2050-08-08,0.020219469839025957
2050-08-09,0.020055805078978656
2050-08-10,0.019906352724903813
2050-08-11,0.01976957290308531
2050-08-12,0.019638605763346466
2050-08-13,0.01950619438487068
2050-08-14,0.019366415233061474
2050-08-15,0.019234431693458183
2050-08-16,0.019121027748709447
2050-08-17,0.019013634870158044
2050-08-18,0.01890901470123141
2050-08-19,0.018814448599735505
2050-08-20,0.018729777473451965
2050-08-21,0.018650580245523792
2050-08-22,0.021105420143169254
2050-08-23,0.018525217059254043
2050-08-24,0.0184688178827135
2050-08-25,0.018419200865663354
2050-08-26,0.01837288819569197
2050-08-27,0.1400011041585649
2050-08-28,0.018317338504040076
2050-08-29,0.018708877160370348
2050-08-30,0.01825577479904193
2050-08-31,0.018219299801459383
2050-09-01,0.014158935927948443
2050-09-02,0.014131899717208532
2050-09-03,0.014107210496459284
2050-09-04,0.014085655250980872
2050-09-05,0.014066899515920965
2050-09-06,0.014050765675028217
2050-09-07,0.014038568832209991
2050-09-08,0.016823204935803995
2050-09-09,0.027804547000816388
2050-09-10,0.06386125032427604
2050-09-11,0.021191474420047356
2050-09-12,0.026196995775280237
2050-09-13,0.014004680491321144
2050-09-14,0.013994645067846088
2050-09-15,0.013984697910128832
2050-09-16,0.013975383586459996
2050-09-17,0.01396695471752978
2050-09-18,0.014045111227885824
2050-09-19,0.04681302734875476
2050-09-20,0.019156917104236858
2050-09-21,0.01611696378616076
2050-09-22,0.013941282746133505
2050-09-23,0.013935139397503633
2050-09-24,0.013929086406265402
2050-09-25,0.034318648798076015
2050-09-26,0.013918183912676333
2050-09-27,0.013912826334860937
2050-09-28,0.013907478250230164
2050-09-29,0.013902274632046149
2050-09-30,0.013897356509929277
2050-10-01,0.013727851259850345
2050-10-02,0.01372380649454926
2050-10-03,0.013719921701438795
2050-10-04,0.013716109344621688
2050-10-05,0.01371234820793521
2050-10-06,0.013708632962687355
2050-10-07,0.01370492676063651
2050-10-08,0.013701300676320702
2050-10-09,0.013697784432680169
2050-10-10,0.013694283963112263
2050-10-11,0.01369080519485043
2050-10-12,0.013688086794676676
2050-10-13,0.013684089571485782
2050-10-14,0.013680810429010102
2050-10-15,0.013677531849576692
2050-10-16,0.01367425408266072
2050-10-17,0.9736079944133925
2050-10-18,0.8798049768071606
2050-10-19,0.9176760348146901
2050-10-20,0.8821906935933571
2050-10-21,0.2282484067314163
2050-10-22,0.026927715966593904
2050-10-23,0.04099681316375617
2050-10-24,0.3156172922025133
2050-10-25,0.4905617839009108
2050-10-26,0.04692009587310461
2050-10-27,0.24520844846299078
2050-10-28,0.24980984226073613
2050-10-29,1.149156607557528
2050-10-30,0.07856967292196475
2050-10-31,0.024614708534493497
2050-11-01,0.016916099949961832
2050-11-02,0.042633137290162375
2050-11-03,0.0569118525639387
2050-11-04,0.05989784738656747
2050-11-05,0.259143675743118
2050-11-06,0.5089153823076658
2050-11-07,0.022452214065223797
2050-11-08,1.0218707250243841
2050-11-09,0.9761012967185971
2050-11-10,0.054600463986087464
2050-11-11,0.2961995337095835
2050-11-12,0.04765601708473003
2050-11-13,0.02205534042416137
2050-11-14,0.02479966221581372
2050-11-15,0.02688590623997811
2050-11-16,0.024309570626799174
2050-11-17,0.026188214659903356
2050-11-18,0.12376887758767786
2050-11-19,0.1295484154722167
2050-11-20,0.4239152783947993
2050-11-21,0.09736289328458189
2050-11-22,0.08391894303981658
2050-11-23,0.9159366900536524
2050-11-24,0.9157281626368454
2050-11-25,0.28287831723124207
2050-11-26,0.02734609470025925
2050-11-27,0.07376096829055029
2050-11-28,0.22109457677435573
2050-11-29,0.03765848165732799
2050-11-30,0.49423583293092027
2050-12-01,0.17661576752175256
2050-12-02,0.11996830353877806
2050-12-03,0.2416134062737901
2050-12-04,0.6941057540524236
2050-12-05,1.0621521695190874
2050-12-06,0.3252464239320072
2050-12-07,0.3953240046897636
2050-12-08,1.9892782159077835
2050-12-09,5.329763102999863
2050-12-10,2.1863073067558676
2050-12-11,1.3499749787613984
2050-12-12,1.3947470738204977
2050-12-13,1.5472463129899952
2050-12-14,2.2783183784729193
2050-12-15,2.0757103795562806
2050-12-16,1.9131901035536072
2050-12-17,1.908306505171875
2050-12-18,1.8458413144166017
2050-12-19,1.7214879872428128
2050-12-20,1.6800165883442189
2050-12-21,1.5510656913578438
2050-12-22,1.5529821293392791
2050-12-23,1.5848237936903502
2050-12-24,1.796961994326864
2050-12-25,2.5427735388036923
2050-12-26,2.33801345385155
2050-12-27,3.6487033414463035
2050-12-28,3.9100257249258963
2050-12-29,7.0719102482014025
2050-12-30,20.24827710923886
2050-12-31,21.88755925146317
2051-01-01,7.594697466020238
2051-01-02,9.493035900533828
2051-01-03,2.964197684820384
2051-01-04,1.987642128326547
2051-01-05,2.026882306028152
2051-01-06,2.358373455170139
2051-01-07,1.9500267539484089
2051-01-08,1.9495204704632767
2051-01-09,2.167854939941023
2051-01-10,2.4390978108958774
2051-01-11,3.895790628447452
2051-01-12,8.687594596962356
2051-01-13,2.3532116646702645
2051-01-14,2.7839065614543332
2051-01-15,12.884676340593083
2051-01-16,24.904752824582985
2051-01-17,8.93511828512401
2051-01-18,2.2835682091012295
2051-01-19,2.0996616288689283
2051-01-20,6.232558875411578
2051-01-21,21.066652942226842
2051-01-22,7.75549467066226
2051-01-23,2.072044657860276
2051-01-24,2.0833775797548237
2051-01-25,2.061053872101729
2051-01-26,2.952752629509521
2051-01-27,2.8912776886550136
2051-01-28,2.0449881439904565
2051-01-29,2.420182193754442
2051-01-30,3.2573930384655685
2051-01-31,4.217375070328973
2051-02-01,8.294530110517703
2051-02-02,9.596622113834258
2051-02-03,4.351705487037965
2051-02-04,1.7687921334145749
2051-02-05,1.9502937020498228
2051-02-06,1.8233367961679452
2051-02-07,1.9687776301526432
2051-02-08,1.9609109535375562
2051-02-09,1.6941202617328965
2051-02-10,1.8574276065605742
2051-02-11,1.6858118809354898
2051-02-12,1.8995114706628065
2051-02-13,2.0436483243646135
2051-02-14,1.8436486602300395
2051-02-15,1.5471387024663343
2051-02-16,1.506429904924774
2051-02-17,1.494204360154298
2051-02-18,1.5045204072438232
2051-02-19,1.4631891944593767
2051-02-20,1.3858879402667577
2051-02-21,1.2789393872362533
2051-02-22,1.2643857658439022
2051-02-23,1.1071226976342652
2051-02-24,1.0422730808782446
2051-02-25,1.0029839504331053
2051-02-26,0.9477877410623174
2051-02-27,0.9096029649741485
2051-02-28,1.064135890276926
2051-03-01,2.332110353024655
2051-03-02,1.8490656005285933
2051-03-03,2.005403718088348
2051-03-04,2.3285177640793644
2051-03-05,1.8934089850806715
2051-03-06,1.863567822090764
2051-03-07,1.811743033289213
2051-03-08,1.7864456223383913
2051-03-09,1.7884966001163698
2051-03-10,1.7930307594807506
2051-03-11,1.7297398118425653
2051-03-12,2.024787899091531
2051-03-13,1.49763737707903
2051-03-14,1.52092572345483
2051-03-15,1.8010870247848205
2051-03-16,1.818635119044408
2051-03-17,1.681540008712229
2051-03-18,1.7138195131693565
2051-03-19,1.601448949672894
2051-03-20,1.553178325577239
2051-03-21,1.4659213110833693
2051-03-22,1.3971862972710403
2051-03-23,1.3671097064504785
2051-03-24,1.3455526148732968
2051-03-25,1.3600552646309472
2051-03-26,1.4384655904482202
2051-03-27,1.3764996536217726
2051-03-28,1.4660917668189017
2051-03-29,1.5334067699808223
2051-03-30,1.1765147072348043
2051-03-31,1.0858511307490677
2051-04-01,0.9159259235442365
2051-04-02,0.9390174945493911
2051-04-03,1.0062688341668602
2051-04-04,0.8883050814089684
2051-04-05,0.7814623552051628
2051-04-06,0.7565135563085392
2051-04-07,0.7275816077248872
2051-04-08,0.8103118521037552
2051-04-09,0.8285050693232352
2051-04-10,0.8268762028729245
2051-04-11,0.8977092323271323
2051-04-12,1.151417630528784
2051-04-13,1.5904281654437848
2051-04-14,1.390036752331972
2051-04-15,1.2744350132105349
2051-04-16,1.1213778140496145
2051-04-17,1.4291423189243135
2051-04-18,3.00762401505065
2051-04-19,2.07734272605085
2051-04-20,0.846856731041807
2051-04-21,0.9620421260323221
2051-04-22,1.0375432558263014
2051-04-23,0.9629394668862796
2051-04-24,1.0909519993366847
2051-04-25,1.2114281623773515
2051-04-26,1.4588703992204928
2051-04-27,2.2274415152107148
2051-04-28,2.2299078659829408
2051-04-29,2.3214821640855035
2051-04-30,2.3609172303546484
2051-05-01,2.23149924137535
2051-05-02,1.912057690882847
2051-05-03,1.6580567680627825
2051-05-04,1.374199554065832
2051-05-05,1.4973874158906029
2051-05-06,1.6437475629622744
2051-05-07,2.1518492140139474
2051-05-08,2.1063260705262943
2051-05-09,2.2166058549662013
2051-05-10,2.218014727552711
2051-05-11,2.205937659871227
2051-05-12,2.0585346466770953
2051-05-13,1.6717790433155013
2051-05-14,1.646136216975888
2051-05-15,1.557348982605556
2051-05-16,1.453801150653696
2051-05-17,1.4649082496366514
2051-05-18,0.876741923375542
2051-05-19,0.651846307575513
2051-05-20,0.609555400448694
2051-05-21,0.6154008099422033
2051-05-22,0.6515965719904753
2051-05-23,0.6985924861532878
2051-05-24,0.754313111019346
2051-05-25,1.018161702245477
2051-05-26,1.1187014013123842
2051-05-27,1.0197280706800897
2051-05-28,0.9551815786688257
2051-05-29,1.051483615843516
2051-05-30,1.3604478849189823
2051-05-31,1.372359221715937
2051-06-01,1.6125910992995731
2051-06-02,1.5282168072706341
2051-06-03,1.5414996325207997
2051-06-04,1.7473428030868474
2051-06-05,1.7717060675459924
2051-06-06,1.8736949054974232
2051-06-07,1.8928253846026568
2051-06-08,1.674895033022625
2051-06-09,1.7953783547871143
2051-06-10,1.542592361714103
2051-06-11,1.1735843864664441
2051-06-12,0.8218137464767996
2051-06-13,1.507622243957156
2051-06-14,1.0866612517650374
2051-06-15,1.2431929427857153
2051-06-16,1.1333756755869842
2051-06-17,0.9777754864418948
2051-06-18,0.8854276411472891
2051-06-19,0.8569305457543199
2051-06-20,0.8405519124010816
2051-06-21,0.6983450113806842
2051-06-22,0.8560072887417978
2051-06-23,0.8468971749455849
2051-06-24,0.8162234347353754
2051-06-25,0.711660303806054
2051-06-26,0.7775669837501665
2051-06-27,0.7164653571008326
2051-06-28,0.9078081961867921
2051-06-29,0.8531701539662604
2051-06-30,0.8745376261046919
2051-07-01,1.927548277321412
2051-07-02,2.0389728927954986
2051-07-03,2.1758290068631827
2051-07-04,2.05805015867179
2051-07-05,1.8329440454512185
2051-07-06,1.7275850756452857
2051-07-07,1.529953751210403
2051-07-08,0.7684887938991564
2051-07-09,0.6935941440471528
2051-07-10,0.6423698821670377
2051-07-11,0.6218891281948394
2051-07-12,0.6487566960444576
2051-07-13,0.6051542130740621
2051-07-14,0.5474914344508277
2051-07-15,0.5200875826816335
2051-07-16,0.5258634545629355
2051-07-17,0.5345157661483209
2051-07-18,0.5037504700388731
2051-07-19,0.501972946269203
2051-07-20,0.4685526429527491
2051-07-21,0.4148260172524063
2051-07-22,0.3807667182649272
2051-07-23,0.39140817020498503
2051-07-24,0.3434148489571367
2051-07-25,0.35306452919086245
2051-07-26,0.16035968712902257
2051-07-27,0.11809234468460449
2051-07-28,0.11373023542749061
2051-07-29,0.11009883189439096
2051-07-30,0.1049768247181683
2051-07-31,0.09390821821602366
2051-08-01,0.09418564492270705
2051-08-02,0.08357259893600336
2051-08-03,0.07418512061830276
2051-08-04,0.06596507517485607
2051-08-05,0.0587758645806374
2051-08-06,0.05247823645337279
2051-08-07,0.04710385198185831
2051-08-08,0.0423545082343048
2051-08-09,0.03810651487350748
2051-08-10,0.03454332877673401
2051-08-11,0.03168844500247025
2051-08-12,0.029361715675742108
2051-08-13,0.027533848627179742
2051-08-14,0.026017744917374696
2051-08-15,0.02467491376880722
2051-08-16,0.023582725444954857
2051-08-17,0.022690208893285876
2051-08-18,0.022008423839377938
2051-08-19,0.02156220534108254
2051-08-20,0.021311599931062387
2051-08-21,0.021160676192447322
2051-08-22,0.02101669688077315
2051-08-23,0.02087497994787498
2051-08-24,0.020737609873657775
2051-08-25,0.020601862029307413
2051-08-26,0.020474048493829902
2051-08-27,0.02035588819048094
2051-08-28,0.02024458410462843
2051-08-29,0.020138683441833765
2051-08-30,0.020032619717139898
2051-08-31,0.0199256691184903
2051-09-01,0.015483151479567341
2051-09-02,0.015359643625716632
2051-09-03,0.015278988150595642
2051-09-04,0.015206261960216103
2051-09-05,0.01514073459630577
2051-09-06,0.01507723320247001
2051-09-07,0.015015377301900163
2051-09-08,0.014960559323664547
2051-09-09,0.014912947744092376
2051-09-10,0.017483098122255368
2051-09-11,0.02558482923721124
2051-09-12,0.023047350562495614
2051-09-13,0.014774556620957963
2051-09-14,0.01472654616598198
2051-09-15,0.014678155393863669
2051-09-16,0.014630850928234887
2051-09-17,0.014584638737636409
2051-09-18,0.014540230715092963
2051-09-19,0.014499405435081717
2051-09-20,0.014462126090432844
2051-09-21,0.01443090247131479
2051-09-22,0.014407785959758215
2051-09-23,0.014387051531938927
2051-09-24,0.014364588338672832
2051-09-25,0.01464143459233519
2051-09-26,0.014321240884343434
2051-09-27,0.02811736048897152
2051-09-28,0.01745034923890996
2051-09-29,0.014286217131466128
2051-09-30,0.014267547443794522
2051-10-01,0.014075681446175903
2051-10-02,0.014052379920296341
2051-10-03,0.014031043518277787
2051-10-04,0.01401368041851336
2051-10-05,0.014000744887081144
2051-10-06,0.013989442550501234
2051-10-07,0.013976148444627082
2051-10-08,0.013959798128681644
2051-10-09,0.013942800011791873
2051-10-10,0.013926268058834132
2051-10-11,0.013910230673394221
2051-10-12,0.013894659347363857
2051-10-13,0.0138805707565582
2051-10-14,0.013869020722565377
2051-10-15,0.013858936207112565
2051-10-16,0.013848376283373286
2051-10-17,0.013837469851662624
2051-10-18,0.013827023610305762
2051-10-19,0.013816632138911655
2051-10-20,0.013806382759402176
2051-10-21,0.013796681431545246
2051-10-22,0.013787553256597612
2051-10-23,0.013779371100032871
2051-10-24,0.01377212593147249
2051-10-25,0.013765425417573092
2051-10-26,0.013758775061813194
2051-10-27,0.013751962124735952
2051-10-28,0.013745501463120998
2051-10-29,0.013740015166283032
2051-10-30,0.013735421094068986
2051-10-31,0.013730992794076781
2051-11-01,0.010774194682513737
2051-11-02,0.010770449190789946
2051-11-03,0.010766568341248417
2051-11-04,0.010762454706477437
2051-11-05,0.010758199029667202
2051-11-06,0.010754018463666902
2051-11-07,0.010750204553094837
2051-11-08,0.010746821027162535
2051-11-09,0.01074363207586753
2051-11-10,0.010740488439665952
2051-11-11,0.010737355419581674
2051-11-12,0.010734157145515509
2051-11-13,0.010730983595175764
2051-11-14,0.010727676336402231
2051-11-15,0.010724099876702123
2051-11-16,0.010720453973384421
2051-11-17,0.01071693646347603
2051-11-18,0.010760707807967751
2051-11-19,0.010710734381621567
2051-11-20,0.014275025665275052
2051-11-21,0.02813167311077529
2051-11-22,0.010739205117803404
2051-11-23,0.010699015230698316
2051-11-24,0.010696097800767515
2051-11-25,0.01069315479803719
2051-11-26,0.010690196888160605
2051-11-27,0.010687275303423754
2051-11-28,0.010684407136735382
2051-11-29,0.01068156374021326
2051-11-30,0.05729088783072508
2051-12-01,0.025909895198887145
2051-12-02,0.012488504362752182
2051-12-03,0.056851332009199715
2051-12-04,0.01064295958186518
2051-12-05,0.01062089271782859
2051-12-06,0.010808912127905166
2051-12-07,0.010452024194532797
2051-12-08,0.010435322521210178
2051-12-09,0.010409109951967633
2051-12-10,0.010350530919364522
2051-12-11,0.010347738969989723
2051-12-12,0.010344947808205872
2051-12-13,0.16082733885785455
2051-12-14,0.12300236885555021
2051-12-15,0.049425503114475994
2051-12-16,0.012762934494460155
2051-12-17,0.04369392661195711
2051-12-18,0.02139617789023683
2051-12-19,0.018420837183246844
2051-12-20,0.015487008607771146
2051-12-21,0.20443532619539695
2051-12-22,0.0748837648981049
2051-12-23,0.4509051369269316
2051-12-24,0.8855155288148717
2051-12-25,0.19042682344149775
2051-12-26,0.047170345146741184
2051-12-27,0.016398221828995467
2051-12-28,0.0546600438227783
2051-12-29,0.106910550834948
2051-12-30,0.027495328375293608
2051-12-31,0.03463950991079213
2052-01-01,0.028001337368659635
2052-01-02,0.023873947281476297
2052-01-03,0.01037746422373945
2052-01-04,0.05257545589664399
2052-01-05,0.061064055958714336
2052-01-06,0.05778166173331291
2052-01-07,0.0772816227699659
2052-01-08,0.10475830976734514
2052-01-09,0.06467794252295192
2052-01-10,0.06678474906948725
2052-01-11,0.07928553231574946
2052-01-12,0.05843685039984852
2052-01-13,0.06148656018107358
2052-01-14,0.04997077006065404
2052-01-15,0.055453850500537104
2052-01-16,0.053995062497781916
2052-01-17,0.046784658136595714
2052-01-18,0.03581672834837889
2052-01-19,0.012081800000488925
2052-01-20,0.015803769693913863
2052-01-21,0.00989046889148278
2052-01-22,0.011041522613447905
2052-01-23,0.01986721016686716
2052-01-24,0.03180807200485676
2052-01-25,0.03999578942734537
2052-01-26,0.03936315374954306
2052-01-27,0.03643579771722982
2052-01-28,0.02537248517433807
2052-01-29,0.1595463190881287
2052-01-30,0.07748633933277428
2052-01-31,0.025449310354951928
2052-02-01,0.025458860178599645
2052-02-02,0.027970521558905496
2052-02-03,0.038805169876806815
2052-02-04,0.04141404881017719
2052-02-05,0.06615448020432764
2052-02-06,0.10981666076479836
2052-02-07,0.06974530524017412
2052-02-08,0.09040898928906001
2052-02-09,0.317477286285076
2052-02-10,0.23649120905364374
2052-02-11,0.07973415862508595
2052-02-12,0.0964873275073756
2052-02-13,0.03278143194329428
2052-02-14,0.038064053606572626
2052-02-15,0.03370353768802262
2052-02-16,0.04915935839239685
2052-02-17,0.13449563950981738
2052-02-18,0.19142706687914363
2052-02-19,0.1578809545203603
2052-02-20,0.17934798329818216
2052-02-21,0.20357755254568544
2052-02-22,0.161869938926832
2052-02-23,0.19216638135894357
2052-02-24,0.036456686471457646
2052-02-25,0.036441165100253074
2052-02-26,0.1268098598109868
2052-02-27,0.02778940841576348
2052-02-28,0.01793926707375488
2052-02-29,0.022428123788520233
2052-03-01,0.11814510464307823
2052-03-02,0.4394899825939774
2052-03-03,0.4683680075437407
2052-03-04,0.1262101976705477
2052-03-05,0.01949806125979436
2052-03-06,0.01986494951855909
2052-03-07,0.02742954491414068
2052-03-08,0.07140581486823208
2052-03-09,0.14974439239905182
2052-03-10,0.2946391198108756
2052-03-11,0.3847121811501725
2052-03-12,0.22962930362114
2052-03-13,0.12914053013979387
2052-03-14,0.12962601327658205
2052-03-15,0.19896595036917006
2052-03-16,0.21363586869599682
2052-03-17,0.3717352430518326
2052-03-18,0.18280423400377654
2052-03-19,0.11642199306850455
2052-03-20,0.1714132031575257
2052-03-21,0.20895325612553547
2052-03-22,0.24439228186884998
2052-03-23,0.23641232062960948
2052-03-24,0.23095276724797228
2052-03-25,0.26073225321081145
2052-03-26,0.32615651897094905
2052-03-27,0.260712382462319
2052-03-28,0.3076806589755215
2052-03-29,0.3366768795584409
2052-03-30,0.3581093556070975
2052-03-31,0.3910408983733349
2052-04-01,0.2613188110641881
2052-04-02,0.21772599354394734
2052-04-03,0.22084798034805467
2052-04-04,0.21257424507109596
2052-04-05,0.23048652546730425
2052-04-06,0.27263981335351306
2052-04-07,0.3143242260999674
2052-04-08,0.35482202320924827
2052-04-09,0.40369220827085633
2052-04-10,0.4533748053123577
2052-04-11,0.5378626795796182
2052-04-12,0.4423101033041329
2052-04-13,0.39491383181152157
2052-04-14,0.3729981909099384
2052-04-15,0.34675720932450066
2052-04-16,0.3305337041998334
2052-04-17,0.29137979961304217
2052-04-18,0.2554392386296152
2052-04-19,0.22458460567324293
2052-04-20,0.20083647488228812
2052-04-21,0.17990839525459854
2052-04-22,0.16028334694606147
2052-04-23,0.14411210240971759
2052-04-24,0.13813080124230318
2052-04-25,0.12764920140729738
2052-04-26,0.11418442903436372
2052-04-27,0.10375301693354487
2052-04-28,0.09167320378027412
2052-04-29,0.09974727472093173
2052-04-30,0.12623072901744328
2052-05-01,0.14801615416848643
2052-05-02,0.12144755574921715
2052-05-03,0.10285790023963787
2052-05-04,0.08475602566047513
2052-05-05,0.0751392450447031
2052-05-06,0.07067712995150438
2052-05-07,0.07308201094944958
2052-05-08,0.059727354686236286
2052-05-09,0.052847649900044306
2052-05-10,0.04594626064469151
2052-05-11,0.03933497622479353
2052-05-12,0.03348924281219667
2052-05-13,0.028518792149189464
2052-05-14,0.02505823494455716
2052-05-15,0.02184426523820664
2052-05-16,0.019726737373119196
2052-05-17,0.01816897843232623
2052-05-18,0.01707644574786312
2052-05-19,0.016233182665945287
2052-05-20,0.01555155711871531
2052-05-21,0.015068778537686232
2052-05-22,0.014703273377766519
2052-05-23,0.015474328229112795
2052-05-24,0.014164606784705961
2052-05-25,0.013846606926641684
2052-05-26,0.013589052463918713
2052-05-27,0.01334515324958888
2052-05-28,0.013093844250508128
2052-05-29,0.012835454921384862
2052-05-30,0.012590971537996081
2052-05-31,0.012341982952421164
2052-06-01,0.012653420232401628
2052-06-02,0.012362366321234613
2052-06-03,0.012081921251385715
2052-06-04,0.011820156258349125
2052-06-05,0.011567354496987831
2052-06-06,0.011321248415422955
2052-06-07,0.011088050452111843
2052-06-08,0.01086544607196145
2052-06-09,0.017304657442216417
2052-06-10,0.010488775328409916
2052-06-11,0.010676661005562365
2052-06-12,0.010222558105412278
2052-06-13,0.016210603408520423
2052-06-14,0.010100253516676587
2052-06-15,0.010505833907548464
2052-06-16,0.009820560146816074
2052-06-17,0.010039225615718687
2052-06-18,0.00955470503237253
2052-06-19,0.00940909099445375
2052-06-20,0.009266330249058556
2052-06-21,0.009135743158628267
2052-06-22,0.009014677081750397
2052-06-23,0.008899021490128474
2052-06-24,0.008788485852895623
2052-06-25,0.008687754865512404
2052-06-26,0.008597604260530037
2052-06-27,0.008514033059582494
2052-06-28,0.008442269256613871
2052-06-29,0.008381593242292337
2052-06-30,0.008322018774292308
2052-07-01,0.016946050957499837
2052-07-02,0.016825264172521635
2052-07-03,0.016713235666733044
2052-07-04,0.01661231392158986
2052-07-05,0.016521565996354293
2052-07-06,0.016439337232303192
2052-07-07,0.016366685215951613
2052-07-08,0.016304409368399494
2052-07-09,0.016250789230884806
2052-07-10,0.016202036087130528
2052-07-11,0.01615574063495702
2052-07-12,0.01611259195984704
2052-07-13,0.0160725905504568
2052-07-14,0.0160374296998866
2052-07-15,0.016006402622441636
2052-07-16,0.01597880889740065
2052-07-17,0.015955268270843207
2052-07-18,0.021855545147470436
2052-07-19,0.0159233324648942
2052-07-20,0.015910844742740102
2052-07-21,0.015899343693139244
2052-07-22,0.01588946928710688
2052-07-23,0.015880353070681207
2052-07-24,0.015871707193717784
2052-07-25,0.015864101236991952
2052-07-26,0.015857391377234794
2052-07-27,0.015851532487277546
2052-07-28,0.015846535577719093
2052-07-29,0.01584185016948903
2052-07-30,0.015837458894933445
2052-07-31,0.015833205636330044
2052-08-01,0.017931104918005623
2052-08-02,0.01792630358975929
2052-08-03,0.017921664030510463
2052-08-04,0.017917258617108262
2052-08-05,0.01791292743213353
2052-08-06,0.017908634702325083
2052-08-07,0.017904342874600455
2052-08-08,0.01790005227314576
2052-08-09,0.017895762698067766
2052-08-10,0.017891474377450204
2052-08-11,0.017887186422022985
2052-08-12,0.017882899886352527
2052-08-13,0.017878614516727922
2052-08-14,0.017874330196544237
2052-08-15,0.017870046570863107
2052-08-16,0.017865763870329936
2052-08-17,0.017861482414006445
2052-08-18,0.017857202205736226
2052-08-19,0.017852922912363553
2052-08-20,0.017848644537732453
2052-08-21,0.017844367147192685
2052-08-22,0.01784009101623878
2052-08-23,0.017835815561848184
2052-08-24,0.01783154134525942
2052-08-25,0.017827268415165274
2052-08-26,0.01782299612447476
2052-08-27,0.0178187247525253
2052-08-28,0.017814454615815725
2052-08-29,0.01781018543116374
2052-08-30,0.051214548132209964
2052-08-31,0.017801650210182714
2052-09-01,0.04908733429118107
2052-09-02,0.013857097703484816
2052-09-03,0.013854096643771815
2052-09-04,0.013850456964087429
2052-09-05,0.013847138077792493
2052-09-06,0.01384381956072675
2052-09-07,0.013840501960746807
2052-09-08,0.013837185174069074
2052-09-09,0.01383386924360428
2052-09-10,0.013830554088520904
2052-09-11,0.013827239692852319
2052-09-12,0.013823926203292675
2052-09-13,0.013820613265580544
2052-09-14,0.013817301454517069
2052-09-15,0.013813990007693271
2052-09-16,0.013810679642611469
2052-09-17,0.013807370108794608
2052-09-18,0.013804061387281862
2052-09-19,0.013800753340361138
2052-09-20,0.013797446044872099
2052-09-21,0.013858905888155405
2052-09-22,0.031013275684225135
2052-09-23,0.013787529144995925
2052-09-24,0.013784224927082573
2052-09-25,0.014285935264822792
2052-09-26,0.013777619190621697
2052-09-27,0.013774317426586455
2052-09-28,0.013771016618555638
2052-09-29,0.013767716500085377
2052-09-30,0.013764417256788538
2052-10-01,0.013597673775851866
2052-10-02,0.013594415246067052
2052-10-03,0.013591157338488645
2052-10-04,0.013587900305549617
2052-10-05,0.013584643982576583
2052-10-06,0.013581388865560493
2052-10-07,0.01357813430764295
2052-10-08,0.013574880113583371
2052-10-09,0.01357162690361599
2052-10-10,0.013568374869037314
2052-10-11,0.026935810537958006
2052-10-12,0.1611762282463807
2052-10-13,0.025488096664283536
2052-10-14,0.23190164285986947
2052-10-15,0.046746571745121736
2052-10-16,0.2930210267960166
2052-10-17,0.5669643135239937
2052-10-18,1.6810506666013565
2052-10-19,2.512244512659986
2052-10-20,0.041444773985561074
2052-10-21,0.18239225376718365
2052-10-22,0.23399794798418158
2052-10-23,0.13145966235594722
2052-10-24,0.09163127307236747
2052-10-25,0.26022756261901336
2052-10-26,0.18819849429864893
2052-10-27,0.08582238155006411
2052-10-28,0.05004043410803596
2052-10-29,0.03845707317646828
2052-10-30,0.05571416779028643
2052-10-31,0.07438179633283944
2052-11-01,0.06628516673243835
2052-11-02,0.06444434812495001
2052-11-03,0.06027535660429551
2052-11-04,0.05543364108977118
2052-11-05,0.03336894258452966
2052-11-06,0.027867731077172622
2052-11-07,0.022575671402549274
2052-11-08,0.0210964891124738
2052-11-09,0.019510725919616983
2052-11-10,0.021160860851463095
2052-11-11,0.02555913590194945
2052-11-12,0.03681477312689645
2052-11-13,0.05559014972532162
2052-11-14,0.0188839323699211
2052-11-15,0.015988659486314574
2052-11-16,0.01609684839495193
2052-11-17,0.015783398601436918
2052-11-18,0.01576562729383964
2052-11-19,0.019808311823669666
2052-11-20,0.015885543682361378
2052-11-21,0.01575035593635387
2052-11-22,0.015743125685551654
2052-11-23,0.9312639121057191
2052-11-24,1.0761842438460347
2052-11-25,0.7511849247672974
2052-11-26,0.041951369678600484
2052-11-27,0.22934254960541667
2052-11-28,0.027654400701661565
2052-11-29,0.019450377007967236
2052-11-30,0.10306062947761
2052-12-01,0.10371662367694444
2052-12-02,0.03180272950942609
2052-12-03,0.02017977933587495
2052-12-04,0.01967167106145677
2052-12-05,0.019762894321229754
2052-12-06,0.019832013014156727
2052-12-07,0.01989776546557007
2052-12-08,0.019961221584913317
2052-12-09,0.020018220241633834
2052-12-10,0.020061283387764414
2052-12-11,0.020090670801909353
2052-12-12,0.020117278343824506
2052-12-13,0.020129509106127045
2052-12-14,0.020125552388121273
2052-12-15,0.020115700756479792
2052-12-16,0.02009970493982741
2052-12-17,0.020082637500137918
2052-12-18,0.020067525924593068
2052-12-19,0.020057523170290303
2052-12-20,0.020053658536473833
2052-12-21,0.02005411585971266
2052-12-22,0.026350888524329145
2052-12-23,0.020043586198858668
2052-12-24,0.05516729159138347
2052-12-25,0.02244261998001557
2052-12-26,0.020220625892944686
2052-12-27,0.02632717563228081
2052-12-28,0.021836041317689042
2052-12-29,0.020043243624672635
2052-12-30,0.02003340655782
2052-12-31,0.020008068612350664
2053-01-01,0.012889524354479973
2053-01-02,0.2634678239974131
2053-01-03,0.1317677034028709
2053-01-04,0.030344031761577035
2053-01-05,0.0191453010807278
2053-01-06,0.022953983325122423
2053-01-07,0.03146311191468606
2053-01-08,0.038320885274816016
2053-01-09,0.05056000644506925
2053-01-10,0.04123304204396305
2053-01-11,0.05257445513780401
2053-01-12,0.0383853386058207
2053-01-13,0.022872893787845457
2053-01-14,0.028997101750041308
2053-01-15,0.022074147731318633
2053-01-16,0.013726879630945864
2053-01-17,0.021325554237083787
2053-01-18,0.03507517430509032
2053-01-19,0.04321633994199637
2053-01-20,0.04194563438129245
2053-01-21,0.05067850855215971
2053-01-22,0.05185300425874016
2053-01-23,0.03632565877957912
2053-01-24,0.03068458998993288
2053-01-25,0.17325201659968023
2053-01-26,0.3630280175149162
2053-01-27,0.08030492219238657
2053-01-28,0.02690929408465688
2053-01-29,0.4928006081541099
2053-01-30,0.3357593785318225
2053-01-31,0.5789515220469105
2053-02-01,0.1804661089491246
2053-02-02,0.1844653048321294
2053-02-03,0.6019723165786229
2053-02-04,1.2752566750776901
2053-02-05,0.2612799413961342
2053-02-06,0.04621856305015967
2053-02-07,0.1617430775432783
2053-02-08,0.40626585378335256
2053-02-09,0.13996015256422858
2053-02-10,0.15134282567735186
2053-02-11,0.15524826965861616
2053-02-12,0.1549692431484987
2053-02-13,0.22796291251132736
2053-02-14,0.2678878564575054
2053-02-15,0.19998459922652528
2053-02-16,0.2050951794416231
2053-02-17,0.22642061088684096
2053-02-18,0.24941272589925062
2053-02-19,0.20975209785223747
2053-02-20,0.24452858791771
2053-02-21,0.2723628394560269
2053-02-22,0.23767015526851593
2053-02-23,0.25669280132857614
2053-02-24,0.23271885493453787
2053-02-25,0.22230608189189763
2053-02-26,0.19552669376971937
2053-02-27,0.21154512842195503
2053-02-28,0.3254077290750348
2053-03-01,0.5155491525628819
2053-03-02,0.5547937551570032
2053-03-03,0.5385501620954649
2053-03-04,0.5026911066253519
2053-03-05,0.8204305991931253
2053-03-06,1.7564197371896997
2053-03-07,1.4336675947256428
2053-03-08,1.1844876934239206
2053-03-09,1.140566714200175
2053-03-10,1.1258500275790102
2053-03-11,1.10322830803913
2053-03-12,1.1173528256432546
2053-03-13,1.0402246631486562
2053-03-14,1.0486493862492645
2053-03-15,1.036365762368883
2053-03-16,0.967019185903637
2053-03-17,0.9764377896528288
2053-03-18,0.9415556596094027
2053-03-19,0.8805884186387204
2053-03-20,0.9255414970103069
2053-03-21,0.8675490666750365
2053-03-22,0.8717268189931172
2053-03-23,0.9427957312817061
2053-03-24,1.0528691729225674
2053-03-25,1.0894106093746867
2053-03-26,1.1472032824590184
2053-03-27,1.2363273883954684
2053-03-28,1.3137648956148011
2053-03-29,1.3550105584740817
2053-03-30,1.5592447874288333
2053-03-31,1.7386615861360013
2053-04-01,1.3518175434491924
2053-04-02,1.3045661706815397
2053-04-03,1.2292906245529307
2053-04-04,1.2565543270771729
2053-04-05,1.3192407436615285
2053-04-06,1.236586223098567
2053-04-07,1.193314546613451
2053-04-08,0.805893113139621
2053-04-09,0.7696626981237402
2053-04-10,0.6074032105655062
2053-04-11,0.920011953586798
2053-04-12,1.162072977278763
2053-04-13,0.8283268943981222
2053-04-14,0.9596772097385589
2053-04-15,0.9746313338172875
2053-04-16,0.9585581688707185
2053-04-17,0.8348021276296589
2053-04-18,0.5801763424603295
2053-04-19,1.078734301026169
2053-04-20,0.845092527604931
2053-04-21,0.7725215261427871
2053-04-22,0.7720709739058129
2053-04-23,1.0019066621092358
2053-04-24,0.7868031058957762
2053-04-25,0.8057121292961286
2053-04-26,0.7992411240389998
2053-04-27,0.7597366888313077
2053-04-28,0.7134914677204752
2053-04-29,0.6719517322093533
2053-04-30,0.6206185526209946
2053-05-01,0.6195907210751419
2053-05-02,0.5444701647287211
2053-05-03,0.4976323054402104
2053-05-04,0.44574019063150006
2053-05-05,0.39399460248379997
2053-05-06,0.35770660261607756
2053-05-07,0.31443839961717773
2053-05-08,0.27865798283153953
2053-05-09,0.2503280344262982
2053-05-10,0.22849794977746177
2053-05-11,0.21218052190617795
2053-05-12,0.2148972615829123
2053-05-13,0.49511262618895474
2053-05-14,0.4833235025078774
2053-05-15,0.3331342947970987
2053-05-16,0.25510643361070157
2053-05-17,0.23360090756921714
2053-05-18,0.22180122970424496
2053-05-19,0.2121159010443472
2053-05-20,0.20142471783191296
2053-05-21,0.17729670286393548
2053-05-22,0.1632003709983264
2053-05-23,0.1325345143382329
2053-05-24,0.1614770646220005
2053-05-25,0.12086733321587752
2053-05-26,0.11466870063684856
2053-05-27,0.143302997515119
2053-05-28,0.10485251463487334
2053-05-29,0.09857401475234227
2053-05-30,0.09012595146094052
2053-05-31,0.08077237640051413
2053-06-01,0.07412614441043444
2053-06-02,0.06629657061493091
2053-06-03,0.06385756994947067
2053-06-04,0.06103170500886887
2053-06-05,0.04995926093097937
2053-06-06,0.039873084876490786
2053-06-07,0.036002125512187746
2053-06-08,0.03296306310628493
2053-06-09,0.0305154210035236
2053-06-10,0.028121139291996555
2053-06-11,0.027240424490466777
2053-06-12,0.02477303270744334
2053-06-13,0.028410476844086208
2053-06-14,0.023109666296970182
2053-06-15,0.022402949498282046
2053-06-16,0.020930592994274248
2053-06-17,0.020174578025442882
2053-06-18,0.019542200538861472
2053-06-19,0.01899016440735744
2053-06-20,0.018506390292000838
2053-06-21,0.018052045116905637
2053-06-22,0.0175975641271152
2053-06-23,0.01714500418179897
2053-06-24,0.01668882475340833
2053-06-25,0.016228374888253967
2053-06-26,0.015779417493703193
2053-06-27,0.015350446455657177
2053-06-28,0.014955808883291254
2053-06-29,0.021444177386921878
2053-06-30,0.014350628098876292
2053-07-01,0.02883570241815553
2053-07-02,0.028172961012818222
2053-07-03,0.027464573691314408
2053-07-04,0.026751040284389096
2053-07-05,0.026047899519179067
2053-07-06,0.025359147342889778
2053-07-07,0.024703421336354683
2053-07-08,0.02408505752883572
2053-07-09,0.02351780186307411
2053-07-10,0.022975729279763733
2053-07-11,0.022417269404337362
2053-07-12,0.02185324115860918
2053-07-13,0.02130269937920513
2053-07-14,0.02080776293459686
2053-07-15,0.020371700097375496
2053-07-16,0.01995460856825236
2053-07-17,0.019569762413273063
2053-07-18,0.024748224275416696
2053-07-19,0.019000412831024324
2053-07-20,0.023332134348266028
2053-07-21,0.018525993772029986
2053-07-22,0.018323527059643966
2053-07-23,0.01812122056539343
2053-07-24,0.01791355193409591
2053-07-25,0.017715743741409436
2053-07-26,0.017549081728185773
2053-07-27,0.017394665776289855
2053-07-28,0.017235173244653568
2053-07-29,0.017076054072332276
2053-07-30,0.016921131216598828
2053-07-31,0.01678088560644017
2053-08-01,0.01887120981941109
2053-08-02,0.01875106378614404
2053-08-03,0.018650931707113114
2053-08-04,0.018571395354616802
2053-08-05,0.018502389699112397
2053-08-06,0.01844068783434123
2053-08-07,0.018384617736435366
2053-08-08,0.018331699937076118
2053-08-09,0.018283753297334792
2053-08-10,0.018241357625171078
2053-08-11,0.018205607732547025
2053-08-12,0.018175171190425173
2053-08-13,0.018147822428636787
2053-08-14,0.018122682586908214
2053-08-15,0.018100220554050278
2053-08-16,0.01808147401090468
2053-08-17,0.018066007646935663
2053-08-18,0.018052296148624494
2053-08-19,0.01803958167331492
2053-08-20,0.01802811104215641
2053-08-21,0.018017587499047864
2053-08-22,0.01800827229847916
2053-08-23,0.018000477385900444
2053-08-24,0.017993433065991642
2053-08-25,0.017986923581833354
2053-08-26,0.017981069939511093
2053-08-27,0.017975629598929635
2053-08-28,0.01797038389574306
2053-08-29,0.0179653249610642
2053-08-30,0.01796043616144137
2053-08-31,0.017955641406618233
2053-09-01,0.013979935941064505
2053-09-02,0.013976192207577946
2053-09-03,0.013972564069801546
2053-09-04,0.013969101178097512
2053-09-05,0.013965699004652533
2053-09-06,0.013962301047407031
2053-09-07,0.013958912607295799
2053-09-08,0.016730776037037112
2053-09-09,0.013952152290499373
2053-09-10,0.013948774478204083
2053-09-11,0.013945418563201344
2053-09-12,0.013942076590096764
2053-09-13,0.013938735569004837
2053-09-14,0.022372570492305958
2053-09-15,0.013932055493715772
2053-09-16,0.013928716662053931
2053-09-17,0.013925378882196748
2053-09-18,0.013922041610279117
2053-09-19,0.0139187052783991
2053-09-20,0.013915369711921656
2053-09-21,0.01391203488090891
2053-09-22,0.013908700825277847
2053-09-23,0.01390536799608675
2053-09-24,0.013902035350512243
2053-09-25,0.014432978613661662
2053-09-26,0.4174809343442272
2053-09-27,0.04280372341776809
2053-09-28,0.0452816059799272
2053-09-29,0.017469844349628186
2053-09-30,0.013882261242162125
2053-10-01,0.013714178906562798
2053-10-02,0.013710979271448232
2053-10-03,0.014812362253002271
2053-10-04,0.10409505689782829
2053-10-05,0.2953441404971367
2053-10-06,0.04402401320937019
2053-10-07,0.020226800851429104
2053-10-08,0.015621649894780503
2053-10-09,0.014160519778332818
2053-10-10,0.15999690951187776
2053-10-11,0.026319876749312347
2053-10-12,0.036495072689112174
2053-10-13,0.1401158092611721
2053-10-14,0.016232755114243755
2053-10-15,0.01372713153733823
2053-10-16,0.013741560706909824
2053-10-17,0.013978658742805069
2053-10-18,0.013765654637124827
2053-10-19,0.013774407586946527
2053-10-20,0.01378107093903572
2053-10-21,0.013786093219590002
2053-10-22,0.013789888580600554
2053-10-23,0.01379221610286174
2053-10-24,0.013793580384138575
2053-10-25,0.01379358481551215
2053-10-26,0.013792096797939964
2053-10-27,0.013789785554616673
2053-10-28,0.013787069857245388
2053-10-29,0.013785029890107813
2053-10-30,0.01378401094239964
2053-10-31,0.013783261007859437
2053-11-01,0.010818203714720122
2053-11-02,0.010817433381354453
2053-11-03,0.010816318147241781
2053-11-04,0.010814656174574255
2053-11-05,0.010812619797239522
2053-11-06,0.010810394351468727
2053-11-07,0.010808089864540333
2053-11-08,0.010805933613934773
2053-11-09,0.010803986663224005
2053-11-10,0.0108019685823603
2053-11-11,0.16942393046492268
2053-11-12,1.4481881713943596
2053-11-13,0.01723985290667494
2053-11-14,0.06168505828283398
2053-11-15,0.07887641526802132
2053-11-16,0.08811109524651495
2053-11-17,0.05613919739387289
2053-11-18,0.047753591992948624
2053-11-19,0.027689491523512168
2053-11-20,0.020563284178548774
2053-11-21,0.018774010223014347
2053-11-22,0.013599198342548526
2053-11-23,0.03110742312634397
2053-11-24,0.015854844457833788
2053-11-25,0.013003167458665497
2053-11-26,0.013043137640284972
2053-11-27,0.013078463501238279
2053-11-28,0.013424352834962133
2053-11-29,0.01490777472209884
2053-11-30,0.013203293619558097
2053-12-01,0.01281696499057775
2053-12-02,0.013033590711233126
2053-12-03,0.01912564940634363
2053-12-04,0.013095684635412068
2053-12-05,0.012795662767427541
2053-12-06,0.012799875999333512
2053-12-07,0.012796413373850948
2053-12-08,0.012788218743084027
2053-12-09,0.02267533344655224
2053-12-10,0.13922381368924244
2053-12-11,0.07630839202694596
2053-12-12,0.02289204839891863
2053-12-13,0.015234420691658562
2053-12-14,0.013004165414495145
2053-12-15,0.012894753172126176
2053-12-16,0.012950898218779682
2053-12-17,0.012907927963234917
2053-12-18,0.02605131785788805
2053-12-19,0.06450627265056579
2053-12-20,0.3432768280493236
2053-12-21,0.2599227574789433
2053-12-22,0.031146102824788083
2053-12-23,0.022969719470898604
2053-12-24,0.039423465012592654
2053-12-25,0.02488529508774921
2053-12-26,0.0224564543359575
2053-12-27,0.02559442455213486
2053-12-28,0.020012506431767597
2053-12-29,0.018293895093588364
2053-12-30,0.02440468644668674
2053-12-31,0.03035239999418745
2054-01-01,0.011630540847031865
2054-01-02,0.009548856107836215
2054-01-03,0.016075620737847823
2054-01-04,0.012515362830529432
2054-01-05,0.30076550734796265
2054-01-06,1.0129318998429861
2054-01-07,0.20078707735183762
2054-01-08,0.07126572008465885
2054-01-09,0.07238155035562989
2054-01-10,0.049705471422872474
2054-01-11,0.024519304623105247
2054-01-12,0.025893126704876313
2054-01-13,0.012912465660601105
2054-01-14,0.011242027531810254
2054-01-15,0.09346988217821961
2054-01-16,0.08065506997985682
2054-01-17,0.029122815035251756
2054-01-18,0.02172600754391247
2054-01-19,0.018046998358416347
2054-01-20,0.015588518368632249
2054-01-21,0.013045620136819654
2054-01-22,0.024227566327938238
2054-01-23,0.03158470387579744
2054-01-24,0.019380961885557862
2054-01-25,0.01555899707751607
2054-01-26,0.0207680907178887
2054-01-27,0.11608261320015821
2054-01-28,0.0505319215057029
2054-01-29,0.02478035601669076
2054-01-30,0.022236714893799792
2054-01-31,0.01604241942099149
2054-02-01,0.011814826911075015
2054-02-02,0.010624308655946485
2054-02-03,0.19720956209329873
2054-02-04,0.0449514346095
2054-02-05,0.010598249833829511
2054-02-06,0.01060721631059204
2054-02-07,0.010604339816774055
2054-02-08,0.05293657450561914
2054-02-09,0.13175002372573988
2054-02-10,0.41773104982464854
2054-02-11,0.6622147855915111
2054-02-12,0.3050888594168117
2054-02-13,0.06680803195361996
2054-02-14,0.05005692851058913
2054-02-15,0.018463447051836737
2054-02-16,0.017062091190330426
2054-02-17,0.015861945140332703
2054-02-18,0.0160404973788958
2054-02-19,0.016059255426286504
2054-02-20,0.016025954773932087
2054-02-21,0.015947378881111498
2054-02-22,0.015817413085511704
2054-02-23,0.015617629512322588
2054-02-24,0.015356709097374873
2054-02-25,0.07971929438330817
2054-02-26,0.20884520343975815
2054-02-27,0.25038029288427754
2054-02-28,0.46333090423064793
2054-03-01,2.364847734864672
2054-03-02,3.3050178260022154
2054-03-03,0.32246042089027704
2054-03-04,0.09609097127127235
2054-03-05,0.7778654451166459
2054-03-06,2.4951093891123026
2054-03-07,0.612325965738175
2054-03-08,0.3546460842253134
2054-03-09,0.4696059918102244
2054-03-10,0.5577610687281113
2054-03-11,0.7071389708553466
2054-03-12,0.8103745497628541
2054-03-13,0.7304606080223504
2054-03-14,0.6971355403627064
2054-03-15,0.7091854050556794
2054-03-16,0.7395562368280898
2054-03-17,0.7010108281386505
2054-03-18,0.7967715349644028
2054-03-19,0.6520252576531033
2054-03-20,0.6278730184473711
2054-03-21,0.6067567501562731
2054-03-22,0.6467873890866668
2054-03-23,0.6578620960588557
2054-03-24,0.5987371594149035
2054-03-25,0.610869694600751
2054-03-26,0.6365713067751149
2054-03-27,0.7100425162269568
2054-03-28,0.6916810553866372
2054-03-29,0.6842456412888779
2054-03-30,0.6803248627266748
2054-03-31,0.9353119844937082
2054-04-01,0.5976412449286154
2054-04-02,0.740463774405493
2054-04-03,0.8872035283166257
2054-04-04,0.9125587583228132
2054-04-05,0.9352299365522468
2054-04-06,0.9075786119405799
2054-04-07,0.9206915890734693
2054-04-08,0.90104029470919
2054-04-09,0.9038146792276743
2054-04-10,0.8290176078813067
2054-04-11,0.7568842337028441
2054-04-12,0.733097614251784
2054-04-13,0.7004774118993938
2054-04-14,0.6330777774640736
2054-04-15,0.5511406690049437
2054-04-16,0.5178732799184977
2054-04-17,0.5176047883121064
2054-04-18,0.5253502733046933
2054-04-19,0.4285956648590266
2054-04-20,0.4054634974152297
2054-04-21,0.3828144434402678
2054-04-22,0.35203489758157425
2054-04-23,0.3255590072428946
2054-04-24,0.2835081174683365
2054-04-25,0.23835012767401823
2054-04-26,0.21548392256646173
2054-04-27,0.19631509746416437
2054-04-28,0.16951766140315555
2054-04-29,0.15166495788517242
2054-04-30,0.13372548166780937
2054-05-01,0.13279076620823635
2054-05-02,0.17682002121930365
2054-05-03,0.11574957864959282
2054-05-04,0.10448071712796873
2054-05-05,0.0927731235057869
2054-05-06,0.0825340195639317
2054-05-07,0.07269628470394185
2054-05-08,0.06497075908730066
2054-05-09,0.1946035103212391
2054-05-10,0.15738684643273107
2054-05-11,0.08730144913816484
2054-05-12,0.057798245268367875
2054-05-13,0.05458158712862416
2054-05-14,0.055362663793912664
2054-05-15,0.04767338984317439
2054-05-16,0.04330927415346564
2054-05-17,0.03881307180332774
2054-05-18,0.03852478609088305
2054-05-19,0.03258417696798295
2054-05-20,0.031138577235164534
2054-05-21,0.031670072799239196
2054-05-22,0.029408064953332754
2054-05-23,0.03218196412273464
2054-05-24,0.05029494578806715
2054-05-25,0.1006145176060204
2054-05-26,0.024690742839691728
2054-05-27,0.023401752601000636
2054-05-28,0.02208804560401121
2054-05-29,0.02090011662511085
2054-05-30,0.03309596299891112
2054-05-31,0.01950964545918482
2054-06-01,0.020027986970816362
2054-06-02,0.019537694076545684
2054-06-03,0.019039861668474895
2054-06-04,0.018555536151875288
2054-06-05,0.018104685812784953
2054-06-06,0.017680697289359542
2054-06-07,0.017316681080875057
2054-06-08,0.016971644477254265
2054-06-09,0.016594512541972504
2054-06-10,0.01621976527306097
2054-06-11,0.015881174123175794
2054-06-12,0.01557829113663836
2054-06-13,0.015312237213973508
2054-06-14,0.015065661961991092
2054-06-15,0.014832043096866686
2054-06-16,0.043579240723077214
2054-06-17,0.017088553302898376
2054-06-18,0.014415539488734412
2054-06-19,0.014189354108931542
2054-06-20,0.013973278569146296
2054-06-21,0.013747956505482847
2054-06-22,0.013490939521264175
2054-06-23,0.013196976942097672
2054-06-24,0.012879063526873798
2054-06-25,0.012569067585503253
2054-06-26,0.012276168575451924
2054-06-27,0.01198690711783897
2054-06-28,0.011699437501688947
2054-06-29,0.011414028520922485
2054-06-30,0.011139667855558588
2054-07-01,0.02232583133486452
2054-07-02,0.021819325867680008
2054-07-03,0.021312691537796122
2054-07-04,0.020816876783528695
2054-07-05,0.020417031032801448
2054-07-06,0.019948931914235416
2054-07-07,0.019555796601282358
2054-07-08,0.019185975332269144
2054-07-09,0.01884964097807041
2054-07-10,0.018548853369144247
2054-07-11,0.01828120080188367
2054-07-12,0.01803867159469527
2054-07-13,0.01782344845469897
2054-07-14,0.017631582738187684
2054-07-15,0.01745790169517614
2054-07-16,0.017294208677538482
2054-07-17,0.017132299706175785
2054-07-18,0.016975423107007972
2054-07-19,0.016829792964193305
2054-07-20,0.016698976917822867
2054-07-21,0.01658625228967689
2054-07-22,0.01648817151673257
2054-07-23,0.01639820062151326
2054-07-24,0.01631770206559344
2054-07-25,0.0162484701717325
2054-07-26,0.016190071106023555
2054-07-27,0.01614114524607434
2054-07-28,0.016099859715060297
2054-07-29,0.01606514017076378
2054-07-30,0.01603651158171887
2054-07-31,0.016011587976814772
2054-08-01,0.018111953182893062
2054-08-02,0.018087945888163162
2054-08-03,0.018067787649210153
2054-08-04,0.022562896020727655
2054-08-05,0.025156914666778166
2054-08-06,0.02147079155991607
2054-08-07,0.018022620175911965
2054-08-08,0.01801323387601949
2054-08-09,0.018004574656956557
2054-08-10,0.017996757802214138
2054-08-11,0.017989954683369898
2054-08-12,0.017984129926950115
2054-08-13,0.017978517803471875
2054-08-14,0.017973256425297925
2054-08-15,0.017968341225628567
2054-08-16,0.017963463406057287
2054-08-17,0.017958619209609592
2054-08-18,0.017953925635530117
2054-08-19,0.01794946408278745
2054-08-20,0.017945109963869384
2054-08-21,0.017940796132475494
2054-08-22,0.01793649672289037
2054-08-23,0.01793219805265502
2054-08-24,0.017927900718887696
2054-08-25,0.017923604262857884
2054-08-26,0.017919309163798223
2054-08-27,0.017915014699016085
2054-08-28,0.017910721753937455
2054-08-29,0.01790642922914834
2054-08-30,0.01790213826506619
2054-08-31,0.04286641050292804
2054-09-01,0.014952919944785762
2054-09-02,0.013931979410528698
2054-09-03,0.013928640594833666
2054-09-04,0.013925302728157441
2054-09-05,0.013921965590958575
2054-09-06,0.013918629315959915
2054-09-07,0.013915293569857467
2054-09-08,0.013911958849613677
2054-09-09,0.01390862505743254
2054-09-10,0.013905291873980968
2054-09-11,0.013901959451939677
2054-09-12,0.013898627941994842
2054-09-13,0.013895297362108686
2054-09-14,0.01389196735502662
2054-09-15,0.013888638073430411
2054-09-16,0.013885309908503398
2054-09-17,0.013881982286442789
2054-09-18,0.025531558250849053
2054-09-19,0.013875329531127313
2054-09-20,0.028331388260317204
2054-09-21,0.013868680018043722
2054-09-22,0.013865356349730407
2054-09-23,0.01386203373222382
2054-09-24,0.013858711970930094
2054-09-25,0.013855390620778198
2054-09-26,0.01385207031145349
2054-09-27,0.013848750747572774
2054-09-28,0.013845431828346567
2054-09-29,0.013842113996849705
2054-09-30,0.01383879670722193
2054-10-01,0.013671152338106276
2054-10-02,0.03750027059944823
2054-10-03,0.023556255807552738
2054-10-04,0.04393308037484769
2054-10-05,0.01888495324435178
2054-10-06,0.01678701008065464
2054-10-07,0.013651506759503896
2054-10-08,0.013648235313260796
2054-10-09,0.0136449648540684
2054-10-10,0.013641695063427457
2054-10-11,0.01363842619968718
2054-10-12,0.013635158205655874
2054-10-13,0.013631890824956477
2054-10-14,0.013628624125627611
2054-10-15,0.013625358333478013
2054-10-16,0.013622093346943096
2054-10-17,0.013618828761736437
2054-10-18,0.013615565408124024
2054-10-19,0.042288704084360654
2054-10-20,0.07634952608035024
2054-10-21,0.01671487922393427
2054-10-22,0.013637299913935546
2054-10-23,0.013599263485262938
2054-10-24,0.013596007781538489
2054-10-25,0.013592753185164567
2054-10-26,0.013589499626130297
2054-10-27,0.013586247311509356
2054-10-28,0.013582995797572764
2054-10-29,0.02466196244991348
2054-10-30,0.09625521050982952
2054-10-31,0.040604845322419376
2054-11-01,0.012248744389559163
2054-11-02,0.0120909159870372
2054-11-03,0.024337585162507683
2054-11-04,0.02714544731943136
2054-11-05,0.02353233293029198
2054-11-06,0.014946984403961128
2054-11-07,0.011638111407079363
2054-11-08,0.010691871545834125
2054-11-09,0.08606389553473494
2054-11-10,0.025505548667541966
2054-11-11,0.11591803092752467
2054-11-12,0.9291373837740117
2054-11-13,0.590659286277697
2054-11-14,0.023007011527702514
2054-11-15,0.04007400996194277
2054-11-16,0.038412451324727606
2054-11-17,0.04034315520107277
2054-11-18,0.02838983906480276
2054-11-19,0.11777945749763528
2054-11-20,0.2173283422500629
2054-11-21,0.016554885804326302
2054-11-22,0.013898926495634631
2054-11-23,0.01452610170078457
2054-11-24,0.015240238716985948
2054-11-25,0.015317261057414017
2054-11-26,0.22665395118806123
2054-11-27,0.8750587116434314
2054-11-28,0.3022833467263741
2054-11-29,0.015832992654067075
2054-11-30,0.015279483524295456
2054-12-01,0.04098704828480208
2054-12-02,0.016469402506223155
2054-12-03,0.01867304579124476
2054-12-04,0.025314418065097814
2054-12-05,0.015638976173940427
2054-12-06,0.01942623381880164
2054-12-07,0.016040629047701035
2054-12-08,0.0176765949984306
2054-12-09,0.015550879255660194
2054-12-10,0.015687073972371488
2054-12-11,0.015652415085558022
2054-12-12,0.01589953888894493
2054-12-13,0.01737569857512629
2054-12-14,0.02452364539591104
2054-12-15,0.02645807638146503
2054-12-16,0.01734310926041524
2054-12-17,0.0322101352957726
2054-12-18,0.3510310299236173
2054-12-19,0.23568132034760658
2054-12-20,0.08437754747918134
2054-12-21,0.27044213939826794
2054-12-22,0.7772668534914092
2054-12-23,1.1683532353943147
2054-12-24,0.8837640865573948
2054-12-25,0.34294784135820083
2054-12-26,0.2746415736937555
2054-12-27,0.0792786901681156
2054-12-28,0.02717521090116932
2054-12-29,0.3974366416191852
2054-12-30,0.20186831785996542
2054-12-31,0.29327033890245485
2055-01-01,0.11642545615495913
2055-01-02,0.4386306628982897
2055-01-03,0.025600173750138615
2055-01-04,0.07764191047286136
2055-01-05,0.052289449654687396
2055-01-06,0.05570155077340038
2055-01-07,0.0881672870376913
2055-01-08,0.13567870574276486
2055-01-09,0.1077206725449812
2055-01-10,0.14060843506917967
2055-01-11,0.2412510374921927
2055-01-12,0.13543275483060455
2055-01-13,0.09318649929160608
2055-01-14,0.1135282957118666
2055-01-15,0.04780049356315924
2055-01-16,0.07125725734904785
2055-01-17,0.07325517476997656
2055-01-18,0.07556782661708973
2055-01-19,0.058904541100304755
2055-01-20,0.05165179910894295
2055-01-21,0.0346698543022016
2055-01-22,0.024541479497410392
2055-01-23,0.03754466957684713
2055-01-24,0.057758349680219416
2055-01-25,0.03248237063876475
2055-01-26,0.023917961291023897
2055-01-27,0.01946663728622764
2055-01-28,0.01872450713764345
2055-01-29,0.018803853550382256
2055-01-30,0.023293962251267904
2055-01-31,0.05397230808258919
2055-02-01,0.06975771776525358
2055-02-02,0.7901686625447398
2055-02-03,1.6166134291073446
2055-02-04,2.862376921031141
2055-02-05,3.1084245918877333
2055-02-06,2.8299510082472343
2055-02-07,3.135370131972222
2055-02-08,5.606243234007173
2055-02-09,2.0446820042381337
2055-02-10,1.604597797336418
2055-02-11,1.5912509515022593
2055-02-12,1.5902703642426597
2055-02-13,1.757317520516841
2055-02-14,1.9270275894090378
2055-02-15,1.666680507067536
2055-02-16,1.6702895350143045
2055-02-17,1.5167931330333515
2055-02-18,1.5066411462389175
2055-02-19,1.4418005378516554
2055-02-20,1.642900955300306
2055-02-21,1.4287403038876532
2055-02-22,1.2746421061551245
2055-02-23,1.2229717464678989
2055-02-24,1.3432694352483803
2055-02-25,1.5559195558043348
2055-02-26,1.838941414800996
2055-02-27,2.3621030609849742
2055-02-28,2.6716653698845163
2055-03-01,2.1588833433099803
2055-03-02,1.9898154990125827
2055-03-03,2.1092828774596417
2055-03-04,1.9439066907822011
2055-03-05,1.9538245314275042
2055-03-06,1.9121281425975833
2055-03-07,1.8620089915644487
2055-03-08,2.6083584749392874
2055-03-09,3.7443138211367257
2055-03-10,2.184410073875141
2055-03-11,2.1807051408255025
2055-03-12,2.0760307402628277
2055-03-13,1.9883426421375188
2055-03-14,1.984663713766179
2055-03-15,1.9187143882294264
2055-03-16,1.905880594200189
2055-03-17,1.8996135597764354
2055-03-18,1.8702504394451545
2055-03-19,1.9388599411967684
2055-03-20,1.9381618456528842
2055-03-21,1.7712209004430983
2055-03-22,1.872415846347944
2055-03-23,1.929100066731144
2055-03-24,1.5507646044986712
2055-03-25,1.2247697689924666
2055-03-26,1.200477131164607
2055-03-27,1.151471091596325
2055-03-28,1.364791314747361
2055-03-29,1.6366483379928443
2055-03-30,1.444128887918281
2055-03-31,1.3102886174253408
2055-04-01,1.2227970775751253
2055-04-02,1.1606157629519271
2055-04-03,1.130400690591482
2055-04-04,1.0660740248994396
2055-04-05,1.016008258277969
2055-04-06,0.9859992218259985
2055-04-07,1.0002553994228833
2055-04-08,1.035652452081195
2055-04-09,1.007719498417438
2055-04-10,1.0177576669828052
2055-04-11,0.7717513737573028
2055-04-12,0.7681951758276735
2055-04-13,0.8126610377716297
2055-04-14,0.9202739039698437
2055-04-15,1.0257736012299878
2055-04-16,1.0846752614605788
2055-04-17,1.223348131462631
2055-04-18,1.2869162321455325
2055-04-19,1.2552682133470348
2055-04-20,1.1873944038192479
2055-04-21,0.6064990761838859
2055-04-22,0.556805654411531
2055-04-23,0.6940174511423731
2055-04-24,0.9925700033906987
2055-04-25,1.044368778802274
2055-04-26,0.7400990858082604
2055-04-27,0.8875680682771094
2055-04-28,0.8129657639428876
2055-04-29,0.561975977349312
2055-04-30,0.6476477829676726
2055-05-01,0.7690040707275939
2055-05-02,0.6774648711735459
2055-05-03,0.4458047321950264
2055-05-04,0.43961374020669036
2055-05-05,0.6288318706421128
2055-05-06,0.8703371277364811
2055-05-07,0.6914755575636962
2055-05-08,0.44381834525684194
2055-05-09,0.4657049332588385
2055-05-10,0.47690695619931844
2055-05-11,0.4594705471756103
2055-05-12,0.47115768389263546
2055-05-13,0.4750951477354281
2055-05-14,0.49650517289607093
2055-05-15,0.6201863474701667
2055-05-16,0.7048480817630551
2055-05-17,0.4078409016362115
2055-05-18,0.3766353046514389
2055-05-19,0.37358485061609237
2055-05-20,0.3756458239550899
2055-05-21,0.31212337140363716
2055-05-22,0.2597894160578125
2055-05-23,0.2531035952418626
2055-05-24,0.24889516688333954
2055-05-25,0.2525752535316883
2055-05-26,0.26348581900240503
2055-05-27,0.24235128504756173
2055-05-28,0.2353410620318739
2055-05-29,0.21986655402031027
2055-05-30,0.19862062858396545
2055-05-31,0.1779973800146767
2055-06-01,0.19914946027299016
2055-06-02,0.12700510986885294
2055-06-03,0.10180803972255179
2055-06-04,0.09617414041707782
2055-06-05,0.09075894448327142
2055-06-06,0.08195931556330491
2055-06-07,0.06130212616026886
2055-06-08,0.05421630484053441
2055-06-09,0.047792909578820604
2055-06-10,0.04234381129865295
2055-06-11,0.03772759219636565
2055-06-12,0.03372857017426797
2055-06-13,0.030245731688935844
2055-06-14,0.02734943940941112
2055-06-15,0.024977679484809112
2055-06-16,0.02279917681734738
2055-06-17,0.020788535506009682
2055-06-18,0.019087798480120568
2055-06-19,0.01760471396180266
2055-06-20,0.016309530531541754
2055-06-21,0.015213751935647847
2055-06-22,0.01601361977076956
2055-06-23,0.033594343557268355
2055-06-24,0.024340540766041495
2055-06-25,0.02194835029554548
2055-06-26,0.04338747825363064
2055-06-27,0.014626923118106571
2055-06-28,0.01632150262553098
2055-06-29,0.0141994827484105
2055-06-30,0.012088323745715694
2055-07-01,0.02417132157351973
2055-07-02,0.023637114343038557
2055-07-03,0.023203461365653103
2055-07-04,0.022784200624011864
2055-07-05,0.022358260639409905
2055-07-06,0.021932829921614373
2055-07-07,0.021511333849562983
2055-07-08,0.021104618148764038
2055-07-09,0.0207247942659545
2055-07-10,0.020378464064489753
2055-07-11,0.02005291717147037
2055-07-12,0.01974267297335647
2055-07-13,0.019459454400181386
2055-07-14,0.01920315258116513
2055-07-15,0.01896074143307652
2055-07-16,0.018723551177784188
2055-07-17,0.018496402064336732
2055-07-18,0.018280269707180198
2055-07-19,0.018078793022334158
2055-07-20,0.01788929218893194
2055-07-21,0.017705334354171723
2055-07-22,0.01753562779482321
2055-07-23,0.01738704532163383
2055-07-24,0.01725303569806175
2055-07-25,0.01712617646455279
2055-07-26,0.023784080752291308
2055-07-27,0.016928439300073556
2055-07-28,0.01718231520938832
2055-07-29,0.01677073633697938
2055-07-30,0.016690740061892976
2055-07-31,0.016616009936854425
2055-08-01,0.01874522534470272
2055-08-02,0.018671853206350657
2055-08-03,0.018601004288663684
2055-08-04,0.01853549186684798
2055-08-05,0.018474765269995152
2055-08-06,0.018417711773884467
2055-08-07,0.018365545623043208
2055-08-08,0.01831873904553007
2055-08-09,0.018276550907740646
2055-08-10,0.018238285808133147
2055-08-11,0.018204862351204918
2055-08-12,0.018177342927717947
2055-08-13,0.018152828522219323
2055-08-14,0.018128272374842776
2055-08-15,0.01810529412452652
2055-08-16,0.018084582293143046
2055-08-17,0.01806550687509993
2055-08-18,0.01804801138893153
2055-08-19,0.01803201391799597
2055-08-20,0.018017672578108157
2055-08-21,0.018004873659297295
2055-08-22,0.017993191183238763
2055-08-23,0.01798246328483235
2055-08-24,0.017972358098465435
2055-08-25,0.0179626637151699
2055-08-26,0.01795407761614945
2055-08-27,0.017946850057904827
2055-08-28,0.01794028457407539
2055-08-29,0.01793409163804394
2055-08-30,0.017928264531593147
2055-08-31,0.017922799556691727
2055-09-01,0.013954094158125688
2055-09-02,0.013950301431904389
2055-09-03,0.013946564327580346
2055-09-04,0.013942836581721987
2055-09-05,0.013939138335287317
2055-09-06,0.013935496587919174
2055-09-07,0.013931905954857118
2055-09-08,0.013928326855719523
2055-09-09,0.013924720968498405
2055-09-10,0.013921058447491995
2055-09-11,0.01391736311996495
2055-09-12,0.013913826905311922
2055-09-13,0.013910479932643344
2055-09-14,0.013907146362997768
2055-09-15,0.013903813660541903
2055-09-16,0.013900481999911497
2055-09-17,0.013897150405143813
2055-09-18,0.013893820490868134
2055-09-19,0.02931914626540356
2055-09-20,0.013887161730087985
2055-09-21,0.013883833912436007
2055-09-22,0.013880506730457168
2055-09-23,0.013877180339826125
2055-09-24,0.01387385486927499
2055-09-25,0.013870530001465634
2055-09-26,0.013867205830202104
2055-09-27,0.013863882930284852
2055-09-28,0.013860560420553369
2055-09-29,0.013857238911732453
2055-09-30,0.013853918285070396
2055-10-01,0.013686090239025561
2055-10-02,0.013682810567033134
2055-10-03,0.01367953182884353
2055-10-04,0.013676253301671841
2055-10-05,0.013672976058356113
2055-10-06,0.013669699507257398
2055-10-07,0.013666423510326904
2055-10-08,0.013663148326899754
2055-10-09,0.01365987426758611
2055-10-10,0.013656600743705283
2055-10-11,0.013653328054035026
2055-10-12,0.013650056177867943
2055-10-13,0.013646784814454103
2055-10-14,0.013643514489366605
2055-10-15,0.013640245116817074
2055-10-16,0.013636976278714444
2055-10-17,0.013633708216644518
2055-10-18,0.013630440938495875
2055-10-19,0.013627174673035326
2055-10-20,0.013623908850317749
2055-10-21,0.031109400860927797
2055-10-22,0.06319766293294
2055-10-23,0.047664897938142686
2055-10-24,0.18498440356809293
2055-10-25,0.01537233796391636
2055-10-26,0.03712451701195662
2055-10-27,0.022300405859431095
2055-10-28,0.01824250645207783
2055-10-29,0.01526449500593574
2055-10-30,0.013591353548547475
2055-10-31,0.013593673173418646
2055-11-01,0.01066322949589057
2055-11-02,0.014999699444921053
2055-11-03,0.023302797724330675
2055-11-04,0.010806213510700102
2055-11-05,0.010653080295805084
2055-11-06,0.010650546409102244
2055-11-07,0.010648012750727905
2055-11-08,0.010645479262632585
2055-11-09,0.010642945926240288
2055-11-10,0.010640411997741793
2055-11-11,0.010637878066920951
2055-11-12,0.010635343718917103
2055-11-13,0.01063280915729064
2055-11-14,0.010630274361143386
2055-11-15,0.010627739297967861
2055-11-16,0.010625204152748967
2055-11-17,0.010622669121307382
2055-11-18,0.01573161945836849
2055-11-19,0.011279249251549718
2055-11-20,0.06454636532639818
2055-11-21,0.6501731964943331
2055-11-22,2.6544905045853153
2055-11-23,6.595042207109681
2055-11-24,0.7366448714535464
2055-11-25,0.7903435160834444
2055-11-26,1.733343016731837
2055-11-27,0.30809559167635137
2055-11-28,0.030989362439150445
2055-11-29,0.021530932166328485
2055-11-30,0.02177502920920688
2055-12-01,0.06398328752674592
2055-12-02,0.09297600850112055
2055-12-03,0.02160867843495248
2055-12-04,0.021679676364775538
2055-12-05,0.021748094028129168
2055-12-06,0.02257994546354909
2055-12-07,0.02874937122809505
2055-12-08,0.027151520407693547
2055-12-09,0.26950515663705843
2055-12-10,0.18947342439016823
2055-12-11,0.09558906021967968
2055-12-12,0.061582133705988286
2055-12-13,0.0566238569229759
2055-12-14,0.03911154431235497
2055-12-15,0.026182342378441095
2055-12-16,0.03572600767275327
2055-12-17,0.023833390983229643
2055-12-18,0.02340061845733299
2055-12-19,0.02381923339910133
2055-12-20,0.027312248687620153
2055-12-21,0.02590330231125953
2055-12-22,0.02513947274432744
2055-12-23,0.02803430968661739
2055-12-24,0.029392788636128424
2055-12-25,0.025372642849568354
2055-12-26,0.02392129575191045
2055-12-27,0.029636709028459576
2055-12-28,0.02631544365344354
2055-12-29,0.04298962170568795
2055-12-30,0.10471531420511569
2055-12-31,0.13772147648725325
2056-01-01,0.1598530507326792
2056-01-02,0.14317562325377464
2056-01-03,0.16640387096467912
2056-01-04,0.28249967876725585
2056-01-05,0.2030933896316107
2056-01-06,0.27292856778948876
2056-01-07,0.10803764646345715
2056-01-08,0.03057831769825642
2056-01-09,0.022828570704119637
2056-01-10,0.022380914392510755
2056-01-11,0.09963739318824837
2056-01-12,0.2101963575828727
2056-01-13,0.4578316731246752
2056-01-14,1.646845907280489
2056-01-15,1.8345360734727496
2056-01-16,2.057751133132594
2056-01-17,3.862414744494203
2056-01-18,6.483370408308929
2056-01-19,1.5974812453867113
2056-01-20,1.429010025442969
2056-01-21,1.4255290870778132
2056-01-22,1.4245939852385532
2056-01-23,1.427779171266892
2056-01-24,2.3458160184534202
2056-01-25,6.278821559626206
2056-01-26,1.5370990538651226
2056-01-27,1.466501897153114
2056-01-28,1.446459457421212
2056-01-29,2.04309834734713
2056-01-30,4.116037401578524
2056-01-31,1.9447693656079885
2056-02-01,1.3376605717540022
2056-02-02,1.3812108280314077
2056-02-03,1.7017665482685285
2056-02-04,1.5147895149298654
2056-02-05,1.889769526979737
2056-02-06,1.9447504940753453
2056-02-07,2.354224673917057
2056-02-08,3.2271558365874644
2056-02-09,2.941509544533334
2056-02-10,2.0950245029393018
2056-02-11,1.5373369587615813
2056-02-12,1.5729912991737245
2056-02-13,1.5942207816050056
2056-02-14,1.5690280446546223
2056-02-15,1.5364681868114154
2056-02-16,1.4742847491135467
2056-02-17,1.403293866575564
2056-02-18,1.3710566846820011
2056-02-19,1.2494824326171015
2056-02-20,1.1722799473941112
2056-02-21,1.1281616584732284
2056-02-22,1.1022014216644762
2056-02-23,1.06718884483663
2056-02-24,1.0399244657030324
2056-02-25,0.9173459981007505
2056-02-26,0.9223232001471274
2056-02-27,0.9140190595858109
2056-02-28,0.9851539630135707
2056-02-29,1.0824130692007028
2056-03-01,1.392457050258149
2056-03-02,1.4951089545033227
2056-03-03,1.4509126555399499
2056-03-04,1.3364403591010752
2056-03-05,1.1138205112123418
2056-03-06,1.1107974514788403
2056-03-07,1.5976132881262617
2056-03-08,0.9234682902544551
2056-03-09,1.966465743025781
2056-03-10,3.3032610776436453
2056-03-11,2.5073980944671868
2056-03-12,2.749470555851804
2056-03-13,5.750427273287973
2056-03-14,7.1492601866341
2056-03-15,4.052954447421657
2056-03-16,5.3084163017376405
2056-03-17,5.1771294631956755
2056-03-18,4.595331629765861
2056-03-19,4.791614308910372
2056-03-20,2.1098958868881534
2056-03-21,2.5502423282805653
2056-03-22,3.8834587678494707
2056-03-23,2.2991725753296484
2056-03-24,2.390960110636699
2056-03-25,2.227588094844216
2056-03-26,2.396334322190799
2056-03-27,2.533285662412718
2056-03-28,2.8046488396629434
2056-03-29,2.2531507848153165
2056-03-30,2.4902874758214146
2056-03-31,2.5264733671353947
2056-04-01,2.0899009126023413
2056-04-02,2.0747262014168455
2056-04-03,1.9901859537634992
2056-04-04,1.476751836794544
2056-04-05,1.4500738343443478
2056-04-06,1.3136402043553133
2056-04-07,1.3157689313174716
2056-04-08,1.340576787549433
2056-04-09,1.1957627993588755
2056-04-10,1.3308484107044793
2056-04-11,1.2071697486803625
2056-04-12,1.1901699512102188
2056-04-13,1.2451202027980879
2056-04-14,1.1587492619450526
2056-04-15,1.2463807289332005
2056-04-16,1.6254169249498103
2056-04-17,1.8280317860818014
2056-04-18,1.6432222013844944
2056-04-19,2.1530229811012975
2056-04-20,3.2697929447169085
2056-04-21,2.702883484499271
2056-04-22,4.718382024243721
2056-04-23,1.8923003596925598
2056-04-24,2.2224024314402087
2056-04-25,2.085791185417732
2056-04-26,1.5450271140884921
2056-04-27,1.2929343089118481
2056-04-28,1.1881451015870603
2056-04-29,1.206374085250203
2056-04-30,1.126642816224631
2056-05-01,1.2962078379036117
2056-05-02,1.2276360586165163
2056-05-03,1.1148241329789956
2056-05-04,1.0094589711873334
2056-05-05,1.0209925878678088
2056-05-06,1.0847404556880365
2056-05-07,1.257395932222056
2056-05-08,1.4848183294375132
2056-05-09,1.5876133105515928
2056-05-10,1.2763635533897357
2056-05-11,1.4010469578673546
2056-05-12,1.3561669608354059
2056-05-13,0.9105572235971807
2056-05-14,0.7378966401557809
2056-05-15,0.6875152839914763
2056-05-16,0.7550184681863601
2056-05-17,0.7692447564832606
2056-05-18,0.9265229980557035
2056-05-19,1.149184785723342
2056-05-20,1.2818877531794295
2056-05-21,1.2547026093892408
2056-05-22,1.3208875330998124
2056-05-23,1.2868724827406335
2056-05-24,1.244278684554126
2056-05-25,0.9521631069778022
2056-05-26,0.9169649334798251
2056-05-27,0.9562509024445411
2056-05-28,0.9011244093578843
2056-05-29,0.6611852352326646
2056-05-30,0.6484618922507336
2056-05-31,0.8457284754783826
2056-06-01,0.6341448237059785
2056-06-02,0.4783932334976142
2056-06-03,0.4814378848689464
2056-06-04,0.42920566808407634
2056-06-05,0.38980513079423684
2056-06-06,0.36041223190881344
2056-06-07,0.33867689646814964
2056-06-08,0.32401171049030036
2056-06-09,0.31193774651577233
2056-06-10,0.31575584307792043
2056-06-11,0.28481347239645055
2056-06-12,0.24775030020647235
2056-06-13,0.23515408826966705
2056-06-14,0.12594625044102517
2056-06-15,0.10548989447151831
2056-06-16,0.08133106849797292
2056-06-17,0.07258220768936506
2056-06-18,0.06535623829390656
2056-06-19,0.060034201909558646
2056-06-20,0.05052705302179184
2056-06-21,0.0441358550881378
2056-06-22,0.037956159267005775
2056-06-23,0.03292065681918923
2056-06-24,0.02911339857012691
2056-06-25,0.026254561923786533
2056-06-26,0.024035133974399225
2056-06-27,0.0220161626289254
2056-06-28,0.02008405647298342
2056-06-29,0.018316275439964693
2056-06-30,0.016760379936504328
2056-07-01,0.03167976895320373
2056-07-02,0.029315033051734597
2056-07-03,0.027238042217749364
2056-07-04,0.025613760824367927
2056-07-05,0.02433165044581195
2056-07-06,0.02333009020683704
2056-07-07,0.02254801684202741
2056-07-08,0.021902420125477124
2056-07-09,0.021435314172256973
2056-07-10,0.02105125340874336
2056-07-11,0.020703775092687417
2056-07-12,0.020370607764241624
2056-07-13,0.02005797652834352
2056-07-14,0.019776371912906775
2056-07-15,0.019540905570904467
2056-07-16,0.019346077418337417
2056-07-17,0.22718964178294418
2056-07-18,0.1059756933757274
2056-07-19,0.019020072123997204
2056-07-20,0.018886432151835473
2056-07-21,0.018717481363698028
2056-07-22,0.018543783432639314
2056-07-23,0.018371028140785357
2056-07-24,0.018210359513337528
2056-07-25,0.018058973400373737
2056-07-26,0.017915228586870537
2056-07-27,0.017777340898732976
2056-07-28,0.01764206943716258
2056-07-29,0.017509834447579153
2056-07-30,0.017381444685320276
2056-07-31,0.01726239062641015
2056-08-01,0.0206647721533296
2056-08-02,0.01933707502644912
2056-08-03,0.019242792121606445
2056-08-04,0.01916092165288795
2056-08-05,0.019073601936792146
2056-08-06,0.018984029080590777
2056-08-07,0.018903716013435268
2056-08-08,0.018830447073982688
2056-08-09,0.04861997274284126
2056-08-10,0.018717661861341002
2056-08-11,0.018662506171449413
2056-08-12,0.018606090711271162
2056-08-13,0.018556579121421946
2056-08-14,0.018510104318544378
2056-08-15,0.018461207784554613
2056-08-16,0.01841284325192717
2056-08-17,0.01836586498633814
2056-08-18,0.01832042695709232
2056-08-19,0.018277717695482764
2056-08-20,0.018238336194126646
2056-08-21,0.01820253336814748
2056-08-22,0.018172599496850246
2056-08-23,0.018142735560112946
2056-08-24,0.018115120569559797
2056-08-25,0.01809139295156276
2056-08-26,0.018071769008903817
2056-08-27,0.01805458863572905
2056-08-28,0.018039448039337543
2056-08-29,0.01802549996826673
2056-08-30,0.01801255436985998
2056-08-31,0.01800114438846096
2056-09-01,0.014010433315116453
2056-09-02,0.014001927598594598
2056-09-03,0.013993948263326748
2056-09-04,0.013986059607777745
2056-09-05,0.013978042378607869
2056-09-06,0.013970511618003934
2056-09-07,0.013984092482872346
2056-09-08,0.024734805366630214
2056-09-09,0.013953090545025956
2056-09-10,0.013947676898246698
2056-09-11,0.03929216387587909
2056-09-12,0.013937147870101372
2056-09-13,0.05130431661463019
2056-09-14,0.01392727784837377
2056-09-15,0.013922754532155648
2056-09-16,0.013918410765153964
2056-09-17,0.013914242685429814
2056-09-18,0.013910263282869118
2056-09-19,0.013906442677840676
2056-09-20,0.04983666055874548
2056-09-21,0.01389918830431787
2056-09-22,0.013895506391788773
2056-09-23,0.013891693611427633
2056-09-24,0.013887927756117045
2056-09-25,0.01388421157911025
2056-09-26,0.013880553253346995
2056-09-27,0.02905451507552576
2056-09-28,0.013873450575181481
2056-09-29,0.0378291008447051
2056-09-30,0.013866474433888339
2056-10-01,0.013698323928251913
2056-10-02,0.013694876336389222
2056-10-03,0.013691423504580106
2056-10-04,0.013687950256306966
2056-10-05,0.013684459145476549
2056-10-06,0.01368095959886498
2056-10-07,0.013677474364978638
2056-10-08,0.01367409757845845
2056-10-09,0.013670820706889089
2056-10-10,0.013667544552188302
2056-10-11,0.01366426943581343
2056-10-12,0.01366099487755102
2056-10-13,0.013657721115042548
2056-10-14,0.013654448128567124
2056-10-15,0.013651175921082136
2056-10-16,0.013647904500476938
2056-10-17,0.11178695536180648
2056-10-18,0.3411438286983699
2056-10-19,0.378267555399404
2056-10-20,0.029949805882187975
2056-10-21,0.029346662919032936
2056-10-22,0.037466059161051106
2056-10-23,0.02673488738308205
2056-10-24,0.01748651591230612
2056-10-25,0.01620364317017553
2056-10-26,0.013651993430617968
2056-10-27,0.013655701231079271
2056-10-28,0.013658963129260359
2056-10-29,0.013661578910694989
2056-10-30,0.01366361424037158
2056-10-31,0.013665157353307755
2056-11-01,0.010727119563774565
2056-11-02,0.01072785672680475
2056-11-03,0.52936127348128
2056-11-04,0.02253242269440343
2056-11-05,0.012588967016186428
2056-11-06,0.010807487917686577
2056-11-07,0.010841463268581543
2056-11-08,0.01087269636554286
2056-11-09,0.0108996252507807
2056-11-10,0.010921763866185274
2056-11-11,0.010940789109372134
2056-11-12,0.010957448136422507
2056-11-13,0.12100283585781092
2056-11-14,0.0733477996648579
2056-11-15,0.013673829769429305
2056-11-16,0.30504441193995974
2056-11-17,0.011387621971647966
2056-11-18,0.011146599035439983
2056-11-19,0.011210778134005882
2056-11-20,0.08141611398935775
2056-11-21,0.01132577274395497
2056-11-22,0.05251236675440784
2056-11-23,1.2004495453354724
2056-11-24,3.0510554987277767
2056-11-25,9.225638505474596
2056-11-26,4.360338540717361
2056-11-27,0.027972738282205412
2056-11-28,0.024959557677611613
2056-11-29,0.14565505737314507
2056-11-30,0.23503076440438986
2056-12-01,0.026741905341008804
2056-12-02,0.19053873107181274
2056-12-03,0.10281556331039635
2056-12-04,0.11374346566247961
2056-12-05,0.184785877112002
2056-12-06,0.03458069127680455
2056-12-07,0.024160631811864914
2056-12-08,0.028525302489587564
2056-12-09,0.03813596898279192
2056-12-10,0.025856620046021895
2056-12-11,0.02981090893774591
2056-12-12,0.03306635409995102
2056-12-13,0.033749168985154114
2056-12-14,0.2131416417246175
2056-12-15,0.08291627379259643
2056-12-16,0.09542647826834198
2056-12-17,0.050199858393024176
2056-12-18,0.03445329794122086
2056-12-19,0.5132066620810841
2056-12-20,1.8619904859927612
2056-12-21,4.446474370375248
2056-12-22,0.15920802585588043
2056-12-23,1.4390754878217917
2056-12-24,0.5178744168537226
2056-12-25,0.4590497485877155
2056-12-26,0.23060983840957294
2056-12-27,0.2684464694105037
2056-12-28,0.2910452596858783
2056-12-29,0.3003418855565917
2056-12-30,0.3108663605032206
2056-12-31,0.40003231242636933
2057-01-01,0.9760784937364917
2057-01-02,1.3475629219446519
2057-01-03,0.7269363796519507
2057-01-04,0.8276578727251157
2057-01-05,0.8446282526445505
2057-01-06,0.8181323080413048
2057-01-07,0.7794510140067913
2057-01-08,0.7560326457918873
2057-01-09,0.7312033904498749
2057-01-10,0.7450370988645483
2057-01-11,0.7358861519630439
2057-01-12,1.1830363575538636
2057-01-13,2.049310622382189
2057-01-14,2.5354468958423815
2057-01-15,5.77260001016973
2057-01-16,6.6852917352700025
2057-01-17,3.0104302823441658
2057-01-18,2.034231055905321
2057-01-19,2.0580628697429098
2057-01-20,2.003903470815204
2057-01-21,2.7788692675784548
2057-01-22,4.007496282116274
2057-01-23,7.963298344793809
2057-01-24,15.816955847285204
2057-01-25,14.095583585655552
2057-01-26,9.865612208743
2057-01-27,4.119286326094224
2057-01-28,3.3749860883396146
2057-01-29,2.231194370778115
2057-01-30,2.0821627353508734
2057-01-31,2.260061489593685
2057-02-01,2.005098216817251
2057-02-02,2.1470633280877567
2057-02-03,1.8575084449380728
2057-02-04,1.8009477653310118
2057-02-05,1.7464247123806196
2057-02-06,1.9338178756195297
2057-02-07,1.9924512885337535
2057-02-08,2.1913948160110746
2057-02-09,1.6691014646364675
2057-02-10,1.5787589818117016
2057-02-11,1.5992279470074817
2057-02-12,1.5688378036302681
2057-02-13,1.6154607875803402
2057-02-14,1.5236941377128026
2057-02-15,1.9849423622524038
2057-02-16,1.5359624071549662
2057-02-17,1.4403370393786203
2057-02-18,1.3929915814729836
2057-02-19,1.3507683337093996
2057-02-20,1.3155527395977467
2057-02-21,1.2922952585020215
2057-02-22,1.168705032933102
2057-02-23,1.1243399852089038
2057-02-24,1.0898298790405747
2057-02-25,0.9908690164914097
2057-02-26,0.925675482520852
2057-02-27,0.8884792727899804
2057-02-28,0.8366638985808064
2057-03-01,0.9756923939880364
2057-03-02,1.0070880954294212
2057-03-03,1.0482013554678373
2057-03-04,1.0718085224654326
2057-03-05,1.066501882344718
2057-03-06,1.0353625868497622
2057-03-07,1.012580285011462
2057-03-08,0.9230021224451195
2057-03-09,0.8878709433138309
2057-03-10,0.8738952378897543
2057-03-11,0.8524351013028126
2057-03-12,0.8455458189936756
2057-03-13,1.1283275154328791
2057-03-14,1.2614723144011701
2057-03-15,1.1231670675538656
2057-03-16,1.0719137314809275
2057-03-17,1.2104140280737707
2057-03-18,1.2314686599279994
2057-03-19,1.2150504382617966
2057-03-20,1.2721786769387375
2057-03-21,1.2206441534514307
2057-03-22,1.3674025959145777
2057-03-23,1.430511619518605
2057-03-24,1.3963986746675596
2057-03-25,1.4108542829975232
2057-03-26,1.4950808254650931
2057-03-27,1.7978302935858703
2057-03-28,2.6074446543005045
2057-03-29,2.245651747506567
2057-03-30,2.1511421603731873
2057-03-31,2.1497713790737194
2057-04-01,1.7483356607675271
2057-04-02,1.6999537462871241
2057-04-03,1.5652959644940885
2057-04-04,1.5097345866434853
2057-04-05,1.4497151235399046
2057-04-06,1.3791139845034177
2057-04-07,1.335440809746694
2057-04-08,1.252281274717297
2057-04-09,1.297126162944818
2057-04-10,1.323018308144016
2057-04-11,1.3777606955506725
2057-04-12,1.0979293883908292
2057-04-13,1.1012491448157227
2057-04-14,1.1834926176361047
2057-04-15,1.1514540555737252
2057-04-16,1.0401037288218116
2057-04-17,1.2359783524215544
2057-04-18,0.9531750003202022
2057-04-19,1.1030016861474767
2057-04-20,1.1293107201978798
2057-04-21,1.0940998391601668
2057-04-22,1.1124333112756697
2057-04-23,0.93949620309051
2057-04-24,1.4586114618413453
2057-04-25,1.194695272906589
2057-04-26,1.33248905595195
2057-04-27,1.2308021948368282
2057-04-28,1.2093506330786699
2057-04-29,1.212857339280984
2057-04-30,1.1576202736374461
2057-05-01,1.2308350299306912
2057-05-02,1.2161670731724068
2057-05-03,1.2052254468909773
2057-05-04,1.1863742475080017
2057-05-05,1.10473894221859
2057-05-06,0.980906124143546
2057-05-07,0.9217100313623866
2057-05-08,0.9221336211414671
2057-05-09,0.8746511041052554
2057-05-10,0.7807262208930623
2057-05-11,0.79334836509923
2057-05-12,0.7910101681554452
2057-05-13,0.7716965008141081
2057-05-14,0.8299052885117372
2057-05-15,0.8533796532689503
2057-05-16,1.0120079297327416
2057-05-17,1.0182225851969415
2057-05-18,1.115721631203797
2057-05-19,1.306575449274243
2057-05-20,1.3025805024269548
2057-05-21,1.0633966107316475
2057-05-22,1.235815984082474
2057-05-23,1.0922437827580551
2057-05-24,0.9792760758479541
2057-05-25,1.0052890244344859
2057-05-26,0.9366754897837211
2057-05-27,0.8314233689455532
2057-05-28,0.8655459287897493
2057-05-29,0.9312681560155373
2057-05-30,1.0325541879661306
2057-05-31,1.0864388639807858
2057-06-01,1.0649232782965095
2057-06-02,0.9531396237873082
2057-06-03,0.9880918825322362
2057-06-04,0.9128162667957956
2057-06-05,0.8278658960286802
2057-06-06,0.8171818732792462
2057-06-07,0.42548495008810183
2057-06-08,0.35960411312170615
2057-06-09,0.35175557086139525
2057-06-10,0.3414760677747107
2057-06-11,0.3196281262790054
2057-06-12,0.2829327836755291
2057-06-13,0.26908914958567404
2057-06-14,0.2371697706589364
2057-06-15,0.22194190703529446
2057-06-16,0.2179595467346622
2057-06-17,0.2297378811716522
2057-06-18,0.09483405931999267
2057-06-19,0.08344049082568816
2057-06-20,0.07682994485191429
2057-06-21,0.07037403965574768
2057-06-22,0.06164762735520613
2057-06-23,0.05306189413962908
2057-06-24,0.045588116027598886
2057-06-25,0.039175219860411635
2057-06-26,0.03358733603095412
2057-06-27,0.028857827216636874
2057-06-28,0.025162904962605658
2057-06-29,0.02225879164717822
2057-06-30,0.020026472016107865
2057-07-01,0.03746068773856606
2057-07-02,0.03413367149200134
2057-07-03,0.03113238867954759
2057-07-04,0.034822767756875726
2057-07-05,0.026962877935399476
2057-07-06,0.025222984817961314
2057-07-07,0.023663241006940974
2057-07-08,0.022402050889503543
2057-07-09,0.02145590430881777
2057-07-10,0.02081908778745871
2057-07-11,0.020453758545529152
2057-07-12,0.02017829424753285
2057-07-13,0.019938714394667788
2057-07-14,0.019732650529395976
2057-07-15,0.01953570196092603
2057-07-16,0.01933958129813767
2057-07-17,0.01915072732670757
2057-07-18,0.01896815292388416
2057-07-19,0.018787591717660566
2057-07-20,0.01860481911726029
2057-07-21,0.018429152314786795
2057-07-22,0.01826546698104103
2057-07-23,0.01811166517038436
2057-07-24,0.017960795950430215
2057-07-25,0.017808993687935062
2057-07-26,0.01765910819163027
2057-07-27,0.017515770110847272
2057-07-28,0.017382237598923496
2057-07-29,0.017258182062877353
2057-07-30,0.01714117389302033
2057-07-31,0.017034635738829226
2057-08-01,0.019190076567130024
2057-08-02,0.019094818167567106
2057-08-03,0.019009149642840874
2057-08-04,0.018928195311984655
2057-08-05,0.018851360082868827
2057-08-06,0.018777652288614263
2057-08-07,0.018706103259072022
2057-08-08,0.018639055162587456
2057-08-09,0.018576020735516938
2057-08-10,0.018516568645975853
2057-08-11,0.018461320596285177
2057-08-12,0.018410448392405566
2057-08-13,0.018363855062891118
2057-08-14,0.018322829538143563
2057-08-15,0.018286818177040677
2057-08-16,0.01825338922816487
2057-08-17,0.018222525300774846
2057-08-18,0.018193828450338578
2057-08-19,0.018171433704731874
2057-08-20,0.0181444390095564
2057-08-21,0.018117790225079734
2057-08-22,0.018091671722367437
2057-08-23,0.018067668267900155
2057-08-24,0.018046111620937194
2057-08-25,0.018027068243527095
2057-08-26,0.018010640619566236
2057-08-27,0.01799687635191542
2057-08-28,0.01798519895007826
2057-08-29,0.01797448696627545
2057-08-30,0.017964033983034654
2057-08-31,0.01795383897269769
2057-09-01,0.013974713181834597
2057-09-02,0.01396753844807494
2057-09-03,0.013960700321695114
2057-09-04,0.013954292098952428
2057-09-05,0.013948773985233073
2057-09-06,0.013944106119740918
2057-09-07,0.013939657391830467
2057-09-08,0.01393539386234429
2057-09-09,0.013931275557721738
2057-09-10,0.013927302150646347
2057-09-11,0.013923420574885777
2057-09-12,0.013919578169362934
2057-09-13,0.013915798719429228
2057-09-14,0.013912100797317957
2057-09-15,0.013908445019236599
2057-09-16,0.013904805543127634
2057-09-17,0.01390118273422805
2057-09-18,0.01389757884882814
2057-09-19,0.013893990752471212
2057-09-20,0.013890393592033968
2057-09-21,0.013886812594858236
2057-09-22,0.013883366563959542
2057-09-23,0.013880039480774438
2057-09-24,0.013876713187939727
2057-09-25,0.013873387774269687
2057-09-26,0.013870063300637173
2057-09-27,0.013866739404798961
2057-09-28,0.01386341625141098
2057-09-29,0.013860093982177354
2057-09-30,0.013856772478346121
2057-10-01,0.013688910241306359
2057-10-02,0.013685629645371514
2057-10-03,0.013682349930978116
2057-10-04,0.01367907129435335
2057-10-05,0.013675793112304043
2057-10-06,0.013672515847294828
2057-10-07,0.013669239299154538
2057-10-08,0.013665963515214038
2057-10-09,0.013662688869192037
2057-10-10,0.013659414517016955
2057-10-11,0.013656141129213102
2057-10-12,0.013652868481943643
2057-10-13,0.013649596796086993
2057-10-14,0.013646325608192764
2057-10-15,0.013643055414251568
2057-10-16,0.013639785973663766
2057-10-17,0.013636517384049265
2057-10-18,0.01363324944622349
2057-10-19,0.013629982247946029
2057-10-20,0.013626716110673962
2057-10-21,0.013623450576873239
2057-10-22,0.013620185541035107
2057-10-23,0.013616921795955179
2057-10-24,0.013613658482771655
2057-10-25,0.013610396101418955
2057-10-26,0.013607134697256048
2057-10-27,0.013603873738794453
2057-10-28,0.013600613489313025
2057-10-29,0.013597354286046
2057-10-30,0.013594095811480465
2057-10-31,0.013590838163237098
2057-11-01,0.013906052700592466
2057-11-02,0.25597354859200805
2057-11-03,0.011785539351344314
2057-11-04,0.018587473132663495
2057-11-05,0.02712420369163138
2057-11-06,0.011557734652998029
2057-11-07,0.01065022768254888
2057-11-08,0.010647727787390458
2057-11-09,0.01064522498665438
2057-11-10,0.010642718797367329
2057-11-11,0.010640209426960492
2057-11-12,0.010637696907941445
2057-11-13,0.010635181642013589
2057-11-14,0.010632664187227442
2057-11-15,0.010630144473923606
2057-11-16,0.010627623355818412
2057-11-17,0.010625101149476188
2057-11-18,0.010622577951646272
2057-11-19,0.010620053760780549
2057-11-20,0.01061752866821038
2057-11-21,0.010615002635236263
2057-11-22,0.010612475383993718
2057-11-23,0.010609947540644976
2057-11-24,0.01176394001163333
2057-11-25,0.010604890198371686
2057-11-26,0.010602361100376576
2057-11-27,0.010599831781793108
2057-11-28,0.22911409568381763
2057-11-29,0.03193410374519074
2057-11-30,0.01198154458178807
2057-12-01,0.01646303525321809
2057-12-02,0.019139040075576787
2057-12-03,0.01880004673507677
2057-12-04,0.016895769716737126
2057-12-05,0.017858827669383386
2057-12-06,0.015202109069294081
2057-12-07,0.011994745020931298
2057-12-08,0.047658148466301474
2057-12-09,0.010669427710421413
2057-12-10,0.010690992984401309
2057-12-11,0.011099747815326433
2057-12-12,0.011433103406774957
2057-12-13,0.010792368952915306
2057-12-14,0.010381936995047605
2057-12-15,0.01026070207075728
2057-12-16,0.01061994410715436
2057-12-17,0.0102563348832701
2057-12-18,0.010254155754046061
2057-12-19,0.01808118283512531
2057-12-20,0.010550337918059751
2057-12-21,0.01024763359012056
2057-12-22,0.025360760194145744
2057-12-23,0.16884871483977967
2057-12-24,0.8867169594368726
2057-12-25,0.9736001466322897
2057-12-26,1.1125721007501725
2057-12-27,0.413688250697138
2057-12-28,0.14958236149057672
2057-12-29,0.2993185335640689
2057-12-30,0.045108092683846655
2057-12-31,0.28343772895793934
2058-01-01,0.7987681012862717
2058-01-02,0.40591504479799845
2058-01-03,0.10032773755981826
2058-01-04,0.04854692843587567
2058-01-05,0.05438072517645984
2058-01-06,0.019588525640586378
2058-01-07,0.02749347441235838
2058-01-08,0.06308846877200155
2058-01-09,0.049395971975330216
2058-01-10,0.017191136805023235
2058-01-11,0.016684790951421214
2058-01-12,0.019819241059664566
2058-01-13,0.01789593577946263
2058-01-14,0.028238571620468726
2058-01-15,0.029682713254494876
2058-01-16,0.02084173932029884
2058-01-17,0.13667808293755318
2058-01-18,0.07316995304394369
2058-01-19,0.19464440721073029
2058-01-20,1.5305389662104238
2058-01-21,4.970456057513515
2058-01-22,0.46873775372033094
2058-01-23,0.28168203214609255
2058-01-24,0.11682346250479825
2058-01-25,0.06827452696852816
2058-01-26,0.04311623043751804
2058-01-27,0.042639140796991375
2058-01-28,0.03364805443586835
2058-01-29,0.20050229329311686
2058-01-30,0.5017043367110212
2058-01-31,0.5599446674629243
2058-02-01,0.37294277071803844
2058-02-02,0.4341237391583816
2058-02-03,0.40803959189186667
2058-02-04,0.7588185630225968
2058-02-05,0.450949146111199
2058-02-06,0.47168732293131516
2058-02-07,0.548371992874803
2058-02-08,0.5628909186128054
2058-02-09,0.5679366392706819
2058-02-10,0.5080260743464583
2058-02-11,0.5005460672218534
2058-02-12,1.3655489567262336
2058-02-13,3.2663264378632277
2058-02-14,2.1061607050380355
2058-02-15,2.5139566848859083
2058-02-16,2.469942575141302
2058-02-17,2.0632844159568635
2058-02-18,1.5789291077937975
2058-02-19,1.6679898078107502
2058-02-20,1.7022936144456633
2058-02-21,1.6306222381690985
2058-02-22,1.4937217166424415
2058-02-23,1.4371538651420113
2058-02-24,1.345189900925353
2058-02-25,1.7513552656395561
2058-02-26,1.8523462030640612
2058-02-27,1.4413993189628975
2058-02-28,1.5607807633306658
2058-03-01,1.8143987124930598
2058-03-02,1.6980892738599402
2058-03-03,1.5853202213016673
2058-03-04,1.46565698784715
2058-03-05,1.3549245776282592
2058-03-06,1.262452439663182
2058-03-07,1.2773074391391255
2058-03-08,1.2637659662936236
2058-03-09,1.204480687631737
2058-03-10,1.0321437898943453
2058-03-11,0.9186308421712762
2058-03-12,1.1082780737114286
2058-03-13,1.2433529360908253
2058-03-14,0.9779102537134293
2058-03-15,0.9552502763511898
2058-03-16,0.9454629387032957
2058-03-17,0.9691295418780913
2058-03-18,0.8497975069450505
2058-03-19,0.8471103589556956
2058-03-20,0.8464718940007019
2058-03-21,0.797608749934933
2058-03-22,0.8282517144254972
2058-03-23,0.8693112999246394
2058-03-24,0.9778221926339012
2058-03-25,1.0547743650747494
2058-03-26,1.142586068556983
2058-03-27,0.8812952858228891
2058-03-28,0.8264573608704245
2058-03-29,0.8491272599054487
2058-03-30,1.111763746658405
2058-03-31,0.8937967076087759
2058-04-01,0.9381406944478321
2058-04-02,0.9288006120694282
2058-04-03,1.0461714119685448
2058-04-04,1.229687736610896
2058-04-05,1.4103430219923814
2058-04-06,1.5900833202502807
2058-04-07,1.4550154311849037
2058-04-08,1.4406523212443962
2058-04-09,1.5309290157237243
2058-04-10,1.6290148294029168
2058-04-11,1.5768110984303951
2058-04-12,1.4019322488975678
2058-04-13,1.1659597230859085
2058-04-14,0.6363043982501356
2058-04-15,0.5891031185369648
2058-04-16,0.677486761127848
2058-04-17,0.881362875604438
2058-04-18,1.0222117844103562
2058-04-19,0.6236350575724486
2058-04-20,0.6242334781376344
2058-04-21,0.6154390875905451
2058-04-22,0.5931385107785344
2058-04-23,0.6748359187421227
2058-04-24,0.6641296743007984
2058-04-25,0.5259574067236906
2058-04-26,0.5239815031705582
2058-04-27,0.5426969979321415
2058-04-28,0.6930672665453472
2058-04-29,0.4882580310345
2058-04-30,0.5120494057948458
2058-05-01,0.5968276958792108
2058-05-02,0.5896514515903929
2058-05-03,0.5768348166951659
2058-05-04,0.57501350099964
2058-05-05,0.6476300927553126
2058-05-06,0.6862328219530184
2058-05-07,0.7731371314449503
2058-05-08,0.7758235088032279
2058-05-09,0.6695463272652099
2058-05-10,0.4801616795670952
2058-05-11,0.3923410147860445
2058-05-12,0.4099574707243283
2058-05-13,0.36425207742053267
2058-05-14,0.33238839127768044
2058-05-15,0.30699264690202555
2058-05-16,0.2899248369600952
2058-05-17,0.2898983893361677
2058-05-18,0.2768465645552851
2058-05-19,0.26867496219686354
2058-05-20,0.26829934938614564
2058-05-21,0.24850840862965018
2058-05-22,0.22344752125954886
2058-05-23,0.1942893557193332
2058-05-24,0.12133708941841115
2058-05-25,0.11086361244442627
2058-05-26,0.09425628961560664
2058-05-27,0.0788311988821098
2058-05-28,0.0695877309085617
2058-05-29,0.060756599465419295
2058-05-30,0.053004454373275146
2058-05-31,0.0461317632970809
2058-06-01,0.044528625302465694
2058-06-02,0.03751218672294591
2058-06-03,0.03378692918417901
2058-06-04,0.03048287762464609
2058-06-05,0.027701941139592023
2058-06-06,0.072084601669999
2058-06-07,0.024040284724679672
2058-06-08,0.02225132737533953
2058-06-09,0.020384737738843417
2058-06-10,0.018694343927232605
2058-06-11,0.017222476420975706
2058-06-12,0.01594230429128521
2058-06-13,0.014893345361771858
2058-06-14,0.01404774916537297
2058-06-15,0.013347371004495814
2058-06-16,0.012763455417512611
2058-06-17,0.019860486381057946
2058-06-18,0.011976832057818038
2058-06-19,0.011704875696464459
2058-06-20,0.011433767344566683
2058-06-21,0.011185865843839978
2058-06-22,0.010961949152971526
2058-06-23,0.010739233704243574
2058-06-24,0.010540767604435605
2058-06-25,0.010356780778009892
2058-06-26,0.010181863266329031
2058-06-27,0.010016445447586656
2058-06-28,0.009862209116473595
2058-06-29,0.00971428664727677
2058-06-30,0.00956757211572243
2058-07-01,0.019330225826838104
2058-07-02,0.019055897401012902
2058-07-03,0.018797014045491816
2058-07-04,0.018553322678241457
2058-07-05,0.018336578232880225
2058-07-06,0.01813472254768176
2058-07-07,0.01794322128155976
2058-07-08,0.01776363319107458
2058-07-09,0.017596432143740792
2058-07-10,0.017441502774854456
2058-07-11,0.017294500166587574
2058-07-12,0.01715627291558996
2058-07-13,0.018402575388176908
2058-07-14,0.01693322448012542
2058-07-15,0.016835629572787798
2058-07-16,0.016740423113775896
2058-07-17,0.016659047862346264
2058-07-18,0.016588180667106316
2058-07-19,0.016528215576076647
2058-07-20,0.016476740808732144
2058-07-21,0.016425625340526512
2058-07-22,0.016372197474501773
2058-07-23,0.016318136833828965
2058-07-24,0.016264547541602524
2058-07-25,0.016213149582634083
2058-07-26,0.016165320850757378
2058-07-27,0.016121031456505508
2058-07-28,0.01608279386053709
2058-07-29,0.021782328443691584
2058-07-30,0.07834407403312621
2058-07-31,0.016017840885383165
2058-08-01,0.0181218080499734
2058-08-02,0.01809781803834889
2058-08-03,0.018075016666934295
2058-08-04,0.01831204785811574
2058-08-05,0.018037593649746143
2058-08-06,0.01802140320335158
2058-08-07,0.018007260506418127
2058-08-08,0.01799475629608037
2058-08-09,0.017983461229138315
2058-08-10,0.01797296264966143
2058-08-11,0.01796312458261086
2058-08-12,0.017954289910809936
2058-08-13,0.017946694912303673
2058-08-14,0.01794016535421796
2058-08-15,0.017953157142134527
2058-08-16,0.017928921741931468
2058-08-17,0.0179236556867605
2058-08-18,0.01791856962037348
2058-08-19,0.017913612271350843
2058-08-20,0.017908723676747177
2058-08-21,0.01790392950366552
2058-08-22,0.017899202243675406
2058-08-23,0.01789449330726233
2058-08-24,0.01788977486821663
2058-08-25,0.017885033789942825
2058-08-26,0.017880501672206728
2058-08-27,0.017876216598578323
2058-08-28,0.01787193247060034
2058-08-29,0.01786764983285457
2058-08-30,0.017863367875515533
2058-08-31,0.017859086949678794
2058-09-01,0.013905139356339925
2058-09-02,0.013901807141865561
2058-09-03,0.09403949640451248
2058-09-04,0.014104278792975112
2058-09-05,0.013907713824502156
2058-09-06,0.01388848590506016
2058-09-07,0.013885157634353884
2058-09-08,0.013881830239818605
2058-09-09,0.013878503477962703
2058-09-10,0.013875177444586329
2058-09-11,0.013871852492951869
2058-09-12,0.013868528136075909
2058-09-13,0.01386520462643161
2058-09-14,0.01386188190114984
2058-09-15,0.013858559902351757
2058-09-16,0.013855239017229112
2058-09-17,0.015592764738417033
2058-09-18,0.013848599050219556
2058-09-19,0.013845280358518244
2058-09-20,0.01384196236635695
2058-09-21,0.013838645252362582
2058-09-22,0.013835328812959968
2058-09-23,0.013832013162909919
2058-09-24,0.013828698509778747
2058-09-25,0.013825384443422725
2058-09-26,0.013822071445835913
2058-09-27,0.013818758868372041
2058-09-28,0.013815447598179561
2058-09-29,0.013812136684243316
2058-09-30,0.013808826635501205
2058-10-01,0.013641545395610149
2058-10-02,0.013638276034893102
2058-10-03,0.013635007729265377
2058-10-04,0.013631740231224326
2058-10-05,0.013628473387930082
2058-10-06,0.013625207458717335
2058-10-07,0.01362194249387616
2058-10-08,0.013618677946139884
2058-10-09,0.013615414172464148
2058-10-10,0.013612861514930083
2058-10-11,0.014972598160930082
2058-10-12,0.013605628211683343
2058-10-13,0.013602367821194613
2058-10-14,0.013599107825131726
2058-10-15,0.013595848961070758
2058-10-16,0.01359259090656889
2058-10-17,0.013589333374681179
2058-10-18,0.013586076863370058
2058-10-19,0.01358282108569058
2058-10-20,0.013579565959800087
2058-10-21,0.013576311830820703
2058-10-22,0.01357305827573068
2058-10-23,0.013569805609084773
2058-10-24,0.013566553663251862
2058-10-25,0.013563302402733986
2058-10-26,0.013560052170680929
2058-10-27,0.013556802633803655
2058-10-28,0.01355355375857551
2058-10-29,0.013550305946324748
2058-10-30,0.013547058835165748
2058-10-31,0.015240492255126817
2058-11-01,0.014057614991737931
2058-11-02,0.01062589903474683
2058-11-03,0.010623352776505661
2058-11-04,0.010620806947058017
2058-11-05,0.01061826173912834
2058-11-06,0.01061571703893941
2058-11-07,0.011847071088554486
2058-11-08,0.01175598467754313
2058-11-09,0.010608087006491127
2058-11-10,0.10062910704646713
2058-11-11,0.3399586282113023
2058-11-12,0.8634748548534855
2058-11-13,0.7994307779744924
2058-11-14,0.06017381898106968
2058-11-15,0.08757470234194761
2058-11-16,0.026390684886739228
2058-11-17,0.016421533113326572
2058-11-18,0.015192321802683985
2058-11-19,0.03140106108089498
2058-11-20,0.040756417337760864
2058-11-21,0.039461649342596036
2058-11-22,0.047803201569598414
2058-11-23,0.043013694749964144
2058-11-24,0.02547698762160746
2058-11-25,0.23718856584241788
2058-11-26,0.013758993655567634
2058-11-27,0.013025333193311665
2058-11-28,0.016278358494474777
2058-11-29,0.15003590177606255
2058-11-30,0.3722298724408395
2058-12-01,0.17670853449419097
2058-12-02,1.0580029246587255
2058-12-03,0.3271445979419647
2058-12-04,0.6769897112246505
2058-12-05,2.0337671032397227
2058-12-06,0.7969352061174401
2058-12-07,0.1436545977741985
2058-12-08,0.2317348308394129
2058-12-09,0.11246642880904109
2058-12-10,0.0734832998062421
2058-12-11,0.040078292386889744
2058-12-12,0.035834737461258065
2058-12-13,0.06441172009609059
2058-12-14,0.3663089138891497
2058-12-15,0.4757069995027771
2058-12-16,0.028815322542059835
2058-12-17,0.16821067011473234
2058-12-18,1.077978700212391
2058-12-19,0.9895755937632855
2058-12-20,0.14981998367912833
2058-12-21,0.29683338240614693
2058-12-22,0.32044304320209793
2058-12-23,0.6259721772656768
2058-12-24,0.1059762527332275
2058-12-25,0.20419892361196015
2058-12-26,1.3448178211985655
2058-12-27,3.1462464081857617
2058-12-28,2.2887366785727523
2058-12-29,2.3596382462808934
2058-12-30,4.719775006311221
2058-12-31,3.593741285065133
2059-01-01,1.7393611906241337
2059-01-02,1.5052100318336104
2059-01-03,1.4764531271603414
2059-01-04,1.42400783705635
2059-01-05,1.3563297020914704
2059-01-06,1.7027849909115476
2059-01-07,4.581451039654573
2059-01-08,12.39082920719548
2059-01-09,4.561500570219265
2059-01-10,2.8627354323345453
2059-01-11,1.9158056249108633
2059-01-12,1.8154143373069471
2059-01-13,1.8530058782594276
2059-01-14,1.8007018805190618
2059-01-15,1.7417331423958609
2059-01-16,1.7172400483462378
2059-01-17,1.8194064482550185
2059-01-18,1.5668380540995437
2059-01-19,1.4980759327891988
2059-01-20,1.428191078745934
2059-01-21,1.3999860538332423
2059-01-22,1.751122135449441
2059-01-23,2.2896997066799396
2059-01-24,1.6702382670522538
2059-01-25,1.5528045519945561
2059-01-26,1.504764965323345
2059-01-27,1.4402042907583796
2059-01-28,1.3491932293629245
2059-01-29,1.411647873479597
2059-01-30,1.4288059491856904
2059-01-31,1.2069142183512778
2059-02-01,1.061018267494994
2059-02-02,1.0326649843783702
2059-02-03,1.0125167784080056
2059-02-04,0.9160873409809959
2059-02-05,0.8620512510959705
2059-02-06,0.8019677639732198
2059-02-07,0.7485028515261121
2059-02-08,0.9774399113519444
2059-02-09,0.8885698136228448
2059-02-10,0.7699176121216866
2059-02-11,0.8577186703820682
2059-02-12,1.0763995707777572
2059-02-13,0.8675540041182165
2059-02-14,1.090018724191272
2059-02-15,1.5103506783025469
2059-02-16,1.1244535773463296
2059-02-17,1.2287399256536053
2059-02-18,1.5175617233162604
2059-02-19,1.5227084847207975
2059-02-20,2.1788273461482777
2059-02-21,2.119371114346983
2059-02-22,1.5568249319530474
2059-02-23,1.4831088913996908
2059-02-24,1.4392742828543426
2059-02-25,1.44443796815505
2059-02-26,1.4781547796864487
2059-02-27,1.3746677765411088
2059-02-28,1.3486068983264747
2059-03-01,1.5951406202215517
2059-03-02,1.5841350296068752
2059-03-03,1.4998723252252446
2059-03-04,1.4233883050458318
2059-03-05,1.2627994547024843
2059-03-06,1.2339010651622084
2059-03-07,1.2555396248343034
2059-03-08,1.5518542738060543
2059-03-09,1.6186465678140263
2059-03-10,1.5545594045386135
2059-03-11,1.4307684374023315
2059-03-12,1.559718616932092
2059-03-13,1.6619174308518856
2059-03-14,1.5805297612156035
2059-03-15,1.5894223869601847
2059-03-16,1.9483486554516483
2059-03-17,1.5652221982111585
2059-03-18,1.5504094833444952
2059-03-19,1.5928178226612857
2059-03-20,1.5486732913375842
2059-03-21,1.5056742909268397
2059-03-22,1.5573205185105803
2059-03-23,1.672690451361293
2059-03-24,1.7048536420590577
2059-03-25,1.4376447411065454
2059-03-26,1.6959898614113078
2059-03-27,1.7308968342986595
2059-03-28,1.2140913271739155
2059-03-29,1.2445708293306634
2059-03-30,1.46039113250907
2059-03-31,1.2428801111499899
2059-04-01,1.070872142374633
2059-04-02,1.1429737913255933
2059-04-03,1.1952996075082285
2059-04-04,1.078934311766431
2059-04-05,0.976594440259607
2059-04-06,0.9519914087436989
2059-04-07,0.8865777753922666
2059-04-08,0.9025940217707857
2059-04-09,0.8667171545943831
2059-04-10,0.8804549892255755
2059-04-11,0.8031961036965057
2059-04-12,0.9883028432516833
2059-04-13,1.3211944265001627
2059-04-14,1.5410054351143125
2059-04-15,1.7046881166710275
2059-04-16,1.6498382826796907
2059-04-17,1.7339954765062842
2059-04-18,1.4124110335399325
2059-04-19,1.6561002149169353
2059-04-20,1.6658729888063273
2059-04-21,1.8515577903055545
2059-04-22,1.9459405743854021
2059-04-23,1.9902147841071245
2059-04-24,1.760378365202936
2059-04-25,1.727176703188781
2059-04-26,1.5694569960268034
2059-04-27,1.6387598849281488
2059-04-28,1.4735123298362998
2059-04-29,1.149572131649021
2059-04-30,1.1774848289723914
2059-05-01,1.3031653315190777
2059-05-02,2.113513840275293
2059-05-03,2.109431066338987
2059-05-04,1.1696139525428324
2059-05-05,0.764555477151221
2059-05-06,0.7587600569148929
2059-05-07,0.7350059436150267
2059-05-08,0.7971435351811481
2059-05-09,0.776572703619935
2059-05-10,0.6988710254805176
2059-05-11,0.7005546858932153
2059-05-12,0.6941980827013047
2059-05-13,0.7413567903354473
2059-05-14,0.6892941709497514
2059-05-15,0.6411212187544956
2059-05-16,0.7074376368919045
2059-05-17,0.792874258265674
2059-05-18,0.9891815663794609
2059-05-19,1.1686262875071036
2059-05-20,1.3700128834813796
2059-05-21,1.3915952474734108
2059-05-22,1.539112708445527
2059-05-23,1.1086562247817422
2059-05-24,0.856087517860964
2059-05-25,0.6475431228266851
2059-05-26,1.0206882704531837
2059-05-27,1.0562963477001985
2059-05-28,1.1899891315070612
2059-05-29,0.9681169793455036
2059-05-30,0.9220669014246364
2059-05-31,0.9827548472849963
2059-06-01,1.0910382311473692
2059-06-02,1.067846826051046
2059-06-03,0.9600565455334054
2059-06-04,0.5807480785740791
2059-06-05,0.507874241947803
2059-06-06,0.4268820391428842
2059-06-07,0.42124966500135663
2059-06-08,0.40302763749335807
2059-06-09,0.36091702570037276
2059-06-10,0.32855379768554716
2059-06-11,0.30435638799091513
2059-06-12,0.28890825316947677
2059-06-13,0.27120958001828493
2059-06-14,0.17477524820118184
2059-06-15,0.11585581174813969
2059-06-16,0.08672043620270303
2059-06-17,0.07891375128542938
2059-06-18,0.0712891028160668
2059-06-19,0.062469239628450274
2059-06-20,0.05419635058185446
2059-06-21,0.0471165569235733
2059-06-22,0.04079594085366782
2059-06-23,0.035109951242230514
2059-06-24,0.030419103624269393
2059-06-25,0.02657952738583805
2059-06-26,0.023473446458947146
2059-06-27,0.02105470548331134
2059-06-28,0.019098199348948745
2059-06-29,0.017514060939941904
2059-06-30,0.01731595788612415
2059-07-01,0.0314849063006077
2059-07-02,0.029623972358076477
2059-07-03,0.028632891062921762
2059-07-04,0.02681949425802036
2059-07-05,0.025434931032079545
2059-07-06,0.02420856718958569
2059-07-07,0.02323603307953149
2059-07-08,0.022476988230766187
2059-07-09,0.02190915546661604
2059-07-10,0.021538014873506813
2059-07-11,0.021261756397283282
2059-07-12,0.020981927937229635
2059-07-13,0.020685608492678614
2059-07-14,0.020396473939350318
2059-07-15,0.020117731197474432
2059-07-16,0.019860943210835272
2059-07-17,0.026381078233765575
2059-07-18,0.0194343045011028
2059-07-19,0.019225608150135194
2059-07-20,0.021671855022755464
2059-07-21,0.018821401651156897
2059-07-22,0.01862486837933247
2059-07-23,0.0184212189199817
2059-07-24,0.018232421543304046
2059-07-25,0.018055163305390177
2059-07-26,0.017885430211560454
2059-07-27,0.017728176913927255
2059-07-28,0.017584282496986587
2059-07-29,0.01744712728292572
2059-07-30,0.017320005827703593
2059-07-31,0.017205613924003948
2059-08-01,0.019370005752132116
2059-08-02,0.019254236779414513
2059-08-03,0.0191398334372873
2059-08-04,0.019028724022145265
2059-08-05,0.018924923027322776
2059-08-06,0.01883019000059989
2059-08-07,0.018743563514126045
2059-08-08,0.01866248933426012
2059-08-09,0.01858610721261453
2059-08-10,0.018516422744171254
2059-08-11,0.018452943073392333
2059-08-12,0.018392874203269297
2059-08-13,0.01833654750608716
2059-08-14,0.018285127791154706
2059-08-15,0.018239347116138387
2059-08-16,0.018199261515306583
2059-08-17,0.018163754650979483
2059-08-18,0.018132249390695136
2059-08-19,0.018104948891671996
2059-08-20,0.018080942541310686
2059-08-21,0.018058611701422426
2059-08-22,0.018038371237017785
2059-08-23,0.018020780930821628
2059-08-24,0.018005009754784494
2059-08-25,0.01799078190190874
2059-08-26,0.017978084945476674
2059-08-27,0.017966627848137975
2059-08-28,0.01795606660074508
2059-08-29,0.01794627400435641
2059-08-30,0.01793747575290802
2059-08-31,0.01792960036779024
2059-09-01,0.013958180145206583
2059-09-02,0.013953862301094461
2059-09-03,0.01394975227119967
2059-09-04,0.013945741587932919
2059-09-05,0.013941830567633645
2059-09-06,0.013937983910984652
2059-09-07,0.013934194031820647
2059-09-08,0.013930468488364637
2059-09-09,0.013926805206945697
2059-09-10,0.013923179232653377
2059-09-11,0.013919560235796791
2059-09-12,0.013915931823593254
2059-09-13,0.01391228646576126
2059-09-14,0.013908627054264499
2059-09-15,0.013905122777944822
2059-09-16,0.01390179063532061
2059-09-17,0.013898458891863013
2059-09-18,0.013895128341914198
2059-09-19,0.01389179855836587
2059-09-20,0.01388846940849458
2059-09-21,0.013885141272506986
2059-09-22,0.013881813520717469
2059-09-23,0.01387848703129278
2059-09-24,0.01387516097197057
2059-09-25,0.013871835957467405
2059-09-26,0.013868511603585208
2059-09-27,0.013865188190738544
2059-09-28,0.013861865488408934
2059-09-29,0.013858543442708697
2059-09-30,0.013855222454800725
2059-10-01,0.01368737888028598
2059-10-02,0.01368409891839054
2059-10-03,0.013680819520523885
2059-10-04,0.10355603447134627
2059-10-05,0.019405873764265884
2059-10-06,0.318141135994985
2059-10-07,0.013682549235307019
2059-10-08,0.013664473493958981
2059-10-09,0.013661236393326117
2059-10-10,0.013658000995626625
2059-10-11,0.013654765010232604
2059-10-12,0.013651526651381769
2059-10-13,0.013648285670585125
2059-10-14,0.01364504150677291
2059-10-15,0.013641794542537805
2059-10-16,0.01363854527781388
2059-10-17,0.01363529358046927
2059-10-18,0.01363251346942513
2059-10-19,0.01362878578103046
2059-10-20,0.013625530363264608
2059-10-21,0.0136222742286301
2059-10-22,0.013619017660127356
2059-10-23,0.013615760974282878
2059-10-24,0.013612504089253222
2059-10-25,0.013609247431018379
2059-10-26,0.290445671549842
2059-10-27,0.018000443607408056
2059-10-28,0.020621037629980656
2059-10-29,0.013659506281159228
2059-10-30,0.013593112793001995
2059-10-31,0.01358991533018742
2059-11-01,0.010664670496042396
2059-11-02,0.010662157470056487
2059-11-03,0.010659642324871854
2059-11-04,0.08532120417307455
2059-11-05,0.06760802991979599
2059-11-06,0.011037156431925859
2059-11-07,0.011329279563442667
2059-11-08,0.010647323151246866
2059-11-09,0.010644938667277316
2059-11-10,0.3768451430263791
2059-11-11,0.5204154105450354
2059-11-12,0.20730105645425428
2059-11-13,0.01526644380531577
2059-11-14,0.010942681532899479
2059-11-15,0.011056909266919124
2059-11-16,0.047832815856505534
2059-11-17,0.23684891010453418
2059-11-18,0.017980657641257475
2059-11-19,0.01646833688562473
2059-11-20,0.021816539668238433
2059-11-21,0.027985217365547595
2059-11-22,0.016944827811198163
2059-11-23,0.013863612051883526
2059-11-24,0.5812055452435787
2059-11-25,0.4795392963237725
2059-11-26,0.013233246057974189
2059-11-27,0.23002816163689094
2059-11-28,0.7428683080784457
2059-11-29,0.38523840927713976
2059-11-30,0.10488474374218014
2059-12-01,0.08442789247364238
2059-12-02,0.42616186629733355
2059-12-03,0.3696957533273815
2059-12-04,0.09694121698563954
2059-12-05,0.20386939363209736
2059-12-06,0.11415866087275259
2059-12-07,0.2951527776326193
2059-12-08,0.21567191726750257
2059-12-09,0.18734698421877946
2059-12-10,0.08392583628951537
2059-12-11,0.1862483681327003
2059-12-12,0.36385809249232715
2059-12-13,0.5282189846482205
2059-12-14,0.6011047646740959
2059-12-15,0.05371461054501492
2059-12-16,0.37367785730704234
2059-12-17,0.3229269186373655
2059-12-18,0.7605500864317505
2059-12-19,1.654905646205476
2059-12-20,0.11901549424254566
2059-12-21,0.04135114094052376
2059-12-22,0.6098932084504933
2059-12-23,3.047868936372649
2059-12-24,2.2813400150863345
2059-12-25,2.192445751666303
2059-12-26,3.7740657326614877
2059-12-27,2.2338830611236187
2059-12-28,2.4608440386729478
2059-12-29,15.464082424192071
2059-12-30,17.651344115115993
2059-12-31,8.59393857199139
2060-01-01,3.2368359329917347
2060-01-02,1.6203897160005314
2060-01-03,1.6859511182765836
2060-01-04,1.7366781746196172
2060-01-05,1.7348621454718791
2060-01-06,1.6991352456214321
2060-01-07,1.6860259813581018
2060-01-08,1.599465559835575
2060-01-09,1.4639010290051788
2060-01-10,1.648738639374149
2060-01-11,1.8626572298709938
2060-01-12,1.764326550530569
2060-01-13,1.5098268957595633
2060-01-14,1.4846795342762484
2060-01-15,1.4165948490650269
2060-01-16,1.511560606171539
2060-01-17,1.3558144029200092
2060-01-18,1.2113307943934517
2060-01-19,1.146717212913533
2060-01-20,1.08163052837136
2060-01-21,1.0375610443646832
2060-01-22,0.9834294148103404
2060-01-23,1.0093448824155964
2060-01-24,1.0009411799997916
2060-01-25,0.9684024882134228
2060-01-26,0.9442263751659622
2060-01-27,0.8493373958316214
2060-01-28,2.466092251468014
2060-01-29,4.2501854990284444
2060-01-30,3.5260119696205354
2060-01-31,3.4464409745916065
2060-02-01,2.4376770183459113
2060-02-02,2.5795484247206852
2060-02-03,2.581341436070421
2060-02-04,1.7230676544876817
2060-02-05,1.673387451255528
2060-02-06,1.7862810710141204
2060-02-07,1.7067031247252307
2060-02-08,1.4993124113205014
2060-02-09,1.5513786069046014
2060-02-10,2.879986163057934
2060-02-11,5.123062545023152
2060-02-12,5.311846365529173
2060-02-13,1.6156007314913203
2060-02-14,1.5008268283585575
2060-02-15,1.48541559318629
2060-02-16,1.4394537933883778
2060-02-17,1.4346091628707105
2060-02-18,1.4037434222856364
2060-02-19,1.3907843811063705
2060-02-20,1.393604253202922
2060-02-21,1.4316892345543621
2060-02-22,1.468717410527807
2060-02-23,1.5707228530319801
2060-02-24,1.4278261187441088
2060-02-25,1.4542972422831992
2060-02-26,1.2610139610998476
2060-02-27,1.3015321953752075
2060-02-28,1.2885522726676695
2060-02-29,1.346500525814404
2060-03-01,3.228241567156396
2060-03-02,8.666254150857101
2060-03-03,4.097819360562274
2060-03-04,4.431600043811189
2060-03-05,2.0097123143098807
2060-03-06,1.9557596348720696
2060-03-07,2.024630031962221
2060-03-08,1.9782089900138966
2060-03-09,2.200164945334212
2060-03-10,1.9117883473206365
2060-03-11,1.819788590050992
2060-03-12,1.720133920581653
2060-03-13,1.7078103042401864
2060-03-14,1.7691207121840609
2060-03-15,1.7909571530954362
2060-03-16,1.532964394800507
2060-03-17,1.5022211743364056
2060-03-18,1.590890596497936
2060-03-19,1.3666576975911333
2060-03-20,1.3239771560756237
2060-03-21,1.2740583025000454
2060-03-22,1.2513785245432245
2060-03-23,1.1768818716304013
2060-03-24,1.2929860722881117
2060-03-25,1.2250170318759324
2060-03-26,1.1973022486283693
2060-03-27,1.1129823680443085
2060-03-28,1.1693192521966993
2060-03-29,1.2671759225733148
2060-03-30,1.425695294445814
2060-03-31,1.689902382300437
2060-04-01,1.5485578759270946
2060-04-02,1.4834845097561464
2060-04-03,1.4487599755020184
2060-04-04,1.5359941274074158
2060-04-05,1.5481824000589786
2060-04-06,1.549573715639356
2060-04-07,1.9251548616094676
2060-04-08,2.0268605682903083
2060-04-09,2.1295340726749665
2060-04-10,2.120920242135353
2060-04-11,1.837147910702383
2060-04-12,1.4244458754846643
2060-04-13,1.3574331911699193
2060-04-14,1.4333181821149394
2060-04-15,1.4326262448870672
2060-04-16,0.7600626188201869
2060-04-17,0.7554812715867953
2060-04-18,0.9473885155474704
2060-04-19,1.1594880231412292
2060-04-20,1.5210786665152396
2060-04-21,1.478328586415136
2060-04-22,1.1918263817414652
2060-04-23,0.8337450199260882
2060-04-24,1.124713416847948
2060-04-25,0.9540528743191133
2060-04-26,1.3454229589237756
2060-04-27,1.42351050052944
2060-04-28,1.4972006477506752
2060-04-29,1.7545902740593633
2060-04-30,1.6444972314435689
2060-05-01,1.5083316812005374
2060-05-02,1.3677154256538144
2060-05-03,1.3815005220326593
2060-05-04,1.5552767217159333
2060-05-05,1.4278277066998695
2060-05-06,1.4506836850964275
2060-05-07,1.1628329169576874
2060-05-08,1.1676684459549889
2060-05-09,1.1049218538066232
2060-05-10,1.0377050746168426
2060-05-11,0.7957887986319988
2060-05-12,0.465988453851679
2060-05-13,0.4185149025728664
2060-05-14,0.44454919047625235
2060-05-15,0.4158776039883598
2060-05-16,0.4346570076203224
2060-05-17,0.4538580693415978
2060-05-18,0.5261890595675743
2060-05-19,0.7357235320129075
2060-05-20,0.7857444823705495
2060-05-21,0.5069890212626961
2060-05-22,0.4047400503378634
2060-05-23,0.41061502311237713
2060-05-24,0.41857950486719897
2060-05-25,0.35991083566186355
2060-05-26,0.3298808522710527
2060-05-27,0.2997471513862601
2060-05-28,0.2802982182972262
2060-05-29,0.2599409407996688
2060-05-30,0.23260739991257373
2060-05-31,0.22940649149508868
2060-06-01,0.24040788270893107
2060-06-02,0.25235134492401107
2060-06-03,0.2512102695438496
2060-06-04,0.21870218113103637
2060-06-05,0.20753004572970019
2060-06-06,0.1306963081476291
2060-06-07,0.08573831412670792
2060-06-08,0.07321534772096973
2060-06-09,0.06752871373333971
2060-06-10,0.05861349572073875
2060-06-11,0.05315108880257871
2060-06-12,0.046469352373571464
2060-06-13,0.04055693114754432
2060-06-14,0.03521206921045698
2060-06-15,0.030643098564616042
2060-06-16,0.026945583141244466
2060-06-17,0.024078336874065912
2060-06-18,0.02176599895224264
2060-06-19,0.019577256481326185
2060-06-20,0.01749748930060536
2060-06-21,0.01566527731944215
2060-06-22,0.014106838455400235
2060-06-23,0.012779372830403694
2060-06-24,0.011686473387596909
2060-06-25,0.010846203347425077
2060-06-26,0.010258221735564049
2060-06-27,0.009909133926833376
2060-06-28,0.009724047903191405
2060-06-29,0.009582136265155392
2060-06-30,0.009452836434934655
2060-07-01,0.019136611777803236
2060-07-02,0.018893589488280866
2060-07-03,0.01866307622722629
2060-07-04,0.018449315028790648
2060-07-05,0.01825188410466804
2060-07-06,0.018064373127747266
2060-07-07,0.017885927155635216
2060-07-08,0.017718753261521118
2060-07-09,0.017571658013323548
2060-07-10,0.01744109357396852
2060-07-11,0.017309841551295814
2060-07-12,0.017180113975187476
2060-07-13,0.017058220863637306
2060-07-14,0.016945823455258868
2060-07-15,0.01684490966322048
2060-07-16,0.016753070813130606
2060-07-17,0.016668135731059547
2060-07-18,0.016589202966312742
2060-07-19,0.016516586854876524
2060-07-20,0.01645093822792277
2060-07-21,0.016390831363265548
2060-07-22,0.016334204651149882
2060-07-23,0.016280324609645753
2060-07-24,0.01707138598198559
2060-07-25,0.016193278923253545
2060-07-26,0.01615802643834368
2060-07-27,0.016124369839943586
2060-07-28,0.01608888841510306
2060-07-29,0.01605577978688636
2060-07-30,0.01602639487802313
2060-07-31,0.015999782782875407
2060-08-01,0.01809810836069593
2060-08-02,0.01807548689990137
2060-08-03,0.018055574715838955
2060-08-04,0.01803756450885152
2060-08-05,0.01802152340730017
2060-08-06,0.018007382510690166
2060-08-07,0.017994340890331518
2060-08-08,0.017981697976920435
2060-08-09,0.017969767978803577
2060-08-10,0.017959273476643094
2060-08-11,0.01795006273840445
2060-08-12,0.01794145377463514
2060-08-13,0.01793356474165612
2060-08-14,0.017926500779641207
2060-08-15,0.01791998566642875
2060-08-16,0.01791386581712481
2060-08-17,0.017908008413984298
2060-08-18,0.017902365271124574
2060-08-19,0.017896991496383376
2060-08-20,0.01789187863016287
2060-08-21,0.01788689380986962
2060-08-22,0.01788202104145497
2060-08-23,0.01787724514582131
2060-08-24,0.017872484654806016
2060-08-25,0.01786772180607244
2060-08-26,0.01786296179300786
2060-08-27,0.017858427522571965
2060-08-28,0.017854145197480225
2060-08-29,0.017849866384620983
2060-08-30,0.017845588772404473
2060-08-31,0.017841312392865065
2060-09-01,0.01389130015471275
2060-09-02,0.013887971302220928
2060-09-03,0.013884643023531035
2060-09-04,0.01388131570284175
2060-09-05,0.013877989158531718
2060-09-06,0.01387466346943662
2060-09-07,0.013871338260339662
2060-09-08,0.01386801416691363
2060-09-09,0.013864690603381738
2060-09-10,0.04423794349552209
2060-09-11,0.017695282482460745
2060-09-12,0.01385472530952127
2060-09-13,0.030193934944953888
2060-09-14,0.017292473960190513
2060-09-15,0.013844767685650418
2060-09-16,0.013841450254318264
2060-09-17,0.01383813329799473
2060-09-18,0.03413320610143588
2060-09-19,0.013831502368121567
2060-09-20,0.013828187832744704
2060-09-21,0.013868102182194203
2060-09-22,0.03076461059237966
2060-09-23,0.013818249098444592
2060-09-24,0.013814937930039612
2060-09-25,0.013811627282547227
2060-09-26,0.013808317619999032
2060-09-27,0.013805008525265413
2060-09-28,0.013801700373563519
2060-09-29,0.013798392940361781
2060-09-30,0.027800786598124006
2060-10-01,0.014288333230048725
2060-10-02,0.013624705561782443
2060-10-03,0.04359543528846373
2060-10-04,0.013618176421936926
2060-10-05,0.013614913073255012
2060-10-06,0.013611650216619541
2060-10-07,0.013608388501846301
2060-10-08,0.013605127255453764
2060-10-09,0.013601866861020787
2060-10-10,0.013598607432931202
2060-10-11,0.013595348576758724
2060-10-12,0.013592090613960866
2060-10-13,0.013588833549467435
2060-10-14,0.013585576979978439
2060-10-15,0.013582321401484397
2060-10-16,0.013579066357437082
2060-10-17,0.013575812252123348
2060-10-18,0.01357255906187711
2060-10-19,0.013569306594416209
2060-10-20,0.013566054665346364
2060-10-21,0.013562803700647661
2060-10-22,0.013559553500148923
2060-10-23,0.013556304191052373
2060-10-24,0.013553055314838143
2060-10-25,0.013549807584430822
2060-10-26,0.01354656064386102
2060-10-27,0.013543314342260948
2060-10-28,0.01354006860863383
2060-10-29,0.01353682397742725
2060-10-30,0.013533579869820483
2060-10-31,0.013530336780818303
2060-11-01,0.010617871287219523
2060-11-02,0.010615326869538807
2060-11-03,0.010612782934831238
2060-11-04,0.010610239534180043
2060-11-05,0.08834541858453514
2060-11-06,0.010876661157952886
2060-11-07,0.010602613572946245
2060-11-08,0.010600072940101766
2060-11-09,0.010597532617629331
2060-11-10,0.010594993048254462
2060-11-11,0.010592454071759416
2060-11-12,0.010589915659506998
2060-11-13,0.010587377892766522
2060-11-14,0.01058484054475751
2060-11-15,0.010582304275697616
2060-11-16,0.010579768319331677
2060-11-17,0.014696341200463824
2060-11-18,0.015217492541714986
2060-11-19,0.010602147084529334
2060-11-20,0.01056963057282625
2060-11-21,0.2156305656141412
2060-11-22,0.3567799831812794
2060-11-23,0.285788659354338
2060-11-24,0.8915856050305038
2060-11-25,5.332379716236851
2060-11-26,2.5151610412756025
2060-11-27,0.9478517971516732
2060-11-28,1.504438305587041
2060-11-29,0.031304970199217866
2060-11-30,0.02088198181234175
2060-12-01,0.03262193313400714
2060-12-02,0.2879949038543113
2060-12-03,0.049958340054986713
2060-12-04,0.022240283265094783
2060-12-05,0.13284715337712547
2060-12-06,0.022227890698383435
2060-12-07,0.021545379432085104
2060-12-08,0.10540943020505779
2060-12-09,0.8760800289171025
2060-12-10,0.8945917932658234
2060-12-11,0.03154013765198265
2060-12-12,0.02400932772666826
2060-12-13,0.07670272110921504
2060-12-14,0.02754131710698743
2060-12-15,0.03799882147523245
2060-12-16,0.03772608542661298
2060-12-17,0.030752559991377684
2060-12-18,0.024770645376777308
2060-12-19,0.031087528942743074
2060-12-20,0.024851111981030787
2060-12-21,0.025406489035904457
2060-12-22,0.03412034594306646
2060-12-23,0.07797718538553722
2060-12-24,0.09011746938383339
2060-12-25,0.18350107564337312
2060-12-26,0.7647779899744446
2060-12-27,1.9530063277534917
2060-12-28,8.227161128482628
2060-12-29,3.6354161481341154
2060-12-30,0.37095084873780393
2060-12-31,0.6305769656560538
2061-01-01,0.5277005411044056
2061-01-02,0.3814041844751242
2061-01-03,0.3951790186758008
2061-01-04,0.3960351097113675
2061-01-05,0.3908392149686323
2061-01-06,0.38233810008162983
2061-01-07,0.4559450641415219
2061-01-08,1.7691678092704897
2061-01-09,18.011684959460784
2061-01-10,4.981767159438795
2061-01-11,6.095920547184736
2061-01-12,7.489996975133969
2061-01-13,13.936150858096857
2061-01-14,2.2397817732162104
2061-01-15,1.9827523113987402
2061-01-16,1.9376628037274188
2061-01-17,2.0470871845191256
2061-01-18,2.0009705641135658
2061-01-19,1.9578312403375133
2061-01-20,2.2845465841662866
2061-01-21,1.8402142617804356
2061-01-22,1.7897789839583695
2061-01-23,1.6870195004088098
2061-01-24,1.5633739237085684
2061-01-25,1.4468761563538637
2061-01-26,1.327654877507945
2061-01-27,1.2145721062636108
2061-01-28,1.1119175463911013
2061-01-29,1.0194180306846192
2061-01-30,0.9384952228160487
2061-01-31,0.8605124592652229
2061-02-01,0.8745172960939547
2061-02-02,0.7182764670840532
2061-02-03,0.673074589716871
2061-02-04,0.6307117404078738
2061-02-05,0.5892416054908362
2061-02-06,0.5752955135035095
2061-02-07,0.5794424878004526
2061-02-08,0.5962783047043587
2061-02-09,0.5629882034202072
2061-02-10,0.5525017447392496
2061-02-11,0.5088601152181279
2061-02-12,0.75727791141792
2061-02-13,0.5982528477670718
2061-02-14,0.5721657816975197
2061-02-15,0.5939383125981508
2061-02-16,0.6298191672278739
2061-02-17,0.6866965321665665
2061-02-18,0.7694333991678216
2061-02-19,0.7727471130933881
2061-02-20,0.7972601442896126
2061-02-21,1.0599083534338618
2061-02-22,0.7845108312020483
2061-02-23,0.7562995973852351
2061-02-24,0.8494245629005329
2061-02-25,1.0721923337428245
2061-02-26,0.7271109937970612
2061-02-27,0.7466241802027053
2061-02-28,0.7730815303842306
2061-03-01,0.8922024704357713
2061-03-02,0.8128868880679972
2061-03-03,1.0998347283086198
2061-03-04,1.4258314990518421
2061-03-05,1.0288062139543892
2061-03-06,1.0101716548096522
2061-03-07,1.4025016262723817
2061-03-08,1.3125703222212048
2061-03-09,1.2398737757520384
2061-03-10,1.2382156787114305
2061-03-11,1.3154650667418268
2061-03-12,1.3344375781863216
2061-03-13,1.4501574376608557
2061-03-14,1.513479817246735
2061-03-15,1.467228987554095
2061-03-16,1.3642761409238533
2061-03-17,1.306822814941205
2061-03-18,1.3055929899569165
2061-03-19,1.252009278291289
2061-03-20,1.1600239751966335
2061-03-21,0.931675270296191
2061-03-22,0.9738840766782069
2061-03-23,0.8895277336009652
2061-03-24,0.8504955865573018
2061-03-25,0.8727805290822394
2061-03-26,0.8115628530038078
2061-03-27,0.8339517754575092
2061-03-28,0.8366896584519227
2061-03-29,0.8171316408595591
2061-03-30,0.7466018807838172
2061-03-31,0.6948361244327769
2061-04-01,0.5857349945604075
2061-04-02,0.5664129583256254
2061-04-03,0.5455500989109808
2061-04-04,0.5598040744862649
2061-04-05,0.5974162261255559
2061-04-06,0.6574379679734864
2061-04-07,0.6346003879752854
2061-04-08,0.5627173847306844
2061-04-09,0.5657837497367307
2061-04-10,0.5447256999330424
2061-04-11,0.687166888404395
2061-04-12,0.4865819194728731
2061-04-13,0.4902711362301796
2061-04-14,0.5646029468203624
2061-04-15,0.6460884467891536
2061-04-16,0.7053465052330227
2061-04-17,0.7283876450507488
2061-04-18,0.6239856119785145
2061-04-19,0.5343993169681941
2061-04-20,0.5301310907615159
2061-04-21,0.5653279515078032
2061-04-22,0.7368581646309134
2061-04-23,0.9476681098875609
2061-04-24,1.067904680084398
2061-04-25,1.0693151033546677
2061-04-26,0.9703250588282286
2061-04-27,1.0988834640567986
2061-04-28,1.2475884896465357
2061-04-29,1.1263185878222564
2061-04-30,0.8630834754106584
2061-05-01,0.7907922731649457
2061-05-02,0.7723881575100706
2061-05-03,0.6187981444471748
2061-05-04,0.663798209524954
2061-05-05,0.46533951009767843
2061-05-06,0.43086594071977724
2061-05-07,0.40134999077475925
2061-05-08,0.42684212213898715
2061-05-09,0.41720240820632293
2061-05-10,0.4036835521619384
2061-05-11,0.4038880929187133
2061-05-12,0.43454842319131093
2061-05-13,0.4485772675346895
2061-05-14,0.38830181731490254
2061-05-15,0.33491411652605013
2061-05-16,0.3180043268239544
2061-05-17,0.342834253828225
2061-05-18,0.3547184619493567
2061-05-19,0.49129801903169307
2061-05-20,0.42966063542892907
2061-05-21,0.3319989189341478
2061-05-22,0.4725213442631479
2061-05-23,0.33393724442787204
2061-05-24,0.3176142218031171
2061-05-25,0.29860263997916947
2061-05-26,0.290664308721166
2061-05-27,0.3087686646067778
2061-05-28,0.25201080389865516
2061-05-29,0.2679405962360435
2061-05-30,0.2509850541612845
2061-05-31,0.2722059283099554
2061-06-01,0.2565597710460027
2061-06-02,0.22540586669790683
2061-06-03,0.22919570283326773
2061-06-04,0.23425815995148763
2061-06-05,0.2255526070277104
2061-06-06,0.2133323033682865
2061-06-07,0.21368257348790506
2061-06-08,0.20313490393236042
2061-06-09,0.1924739722033511
2061-06-10,0.14888748884488445
2061-06-11,0.10721909861901129
2061-06-12,0.11910470434969306
2061-06-13,0.11227742459580903
2061-06-14,0.09650099421809887
2061-06-15,0.09341646809034154
2061-06-16,0.12270602609627733
2061-06-17,0.1278895322636672
2061-06-18,0.1177691302465079
2061-06-19,0.08535800922588949
2061-06-20,0.07258375901329898
2061-06-21,0.06932417817451907
2061-06-22,0.06797562464779797
2061-06-23,0.062806885139834
2061-06-24,0.0513161479471162
2061-06-25,0.04614946486709996
2061-06-26,0.04125295468765593
2061-06-27,0.03680593326051221
2061-06-28,0.032505896595876334
2061-06-29,0.028640078155313393
2061-06-30,0.025356721122686738
2061-07-01,0.046440364564198484
2061-07-02,0.04170158725505087
2061-07-03,0.03773196418209627
2061-07-04,0.034456107028740864
2061-07-05,0.03170539496512699
2061-07-06,0.02930349332590442
2061-07-07,0.02718101125012833
2061-07-08,0.025355616799945305
2061-07-09,0.02383631576227705
2061-07-10,0.022576639707460947
2061-07-11,0.021612630836252505
2061-07-12,0.020980960339233516
2061-07-13,0.020557620719102738
2061-07-14,0.020221549700798477
2061-07-15,0.01995601872357248
2061-07-16,0.019737345093142004
2061-07-17,0.01952110574517393
2061-07-18,0.019289545513432586
2061-07-19,0.01906197686379573
2061-07-20,0.018850638669141256
2061-07-21,0.018653998127111195
2061-07-22,0.018465969377147354
2061-07-23,0.018280371702840106
2061-07-24,0.018095721918528873
2061-07-25,0.017913478806476927
2061-07-26,0.017737250237202185
2061-07-27,0.017577956336372755
2061-07-28,0.01743897295898326
2061-07-29,0.017312807860403935
2061-07-30,0.017190448067525704
2061-07-31,0.03406385222666156
2061-08-01,0.01940310439097763
2061-08-02,0.019150500949896156
2061-08-03,0.019053067755694035
2061-08-04,0.018956086109536148
2061-08-05,0.0188637737350121
2061-08-06,0.018784703412592876
2061-08-07,0.018718813258559803
2061-08-08,0.01865736063159984
2061-08-09,0.018595200605639014
2061-08-10,0.01853339936429157
2061-08-11,0.0184741329861288
2061-08-12,0.01841987627528636
2061-08-13,0.018369839294657974
2061-08-14,0.018323252853783643
2061-08-15,0.018279998313265756
2061-08-16,0.018240150437144585
2061-08-17,0.01820507058905086
2061-08-18,0.018173616645034172
2061-08-19,0.018144983587555785
2061-08-20,0.018119571467719017
2061-08-21,0.018096988732460097
2061-08-22,0.018076362196688064
2061-08-23,0.018057309806128376
2061-08-24,0.023949910915076453
2061-08-25,0.018026218709946265
2061-08-26,0.018013715860422583
2061-08-27,0.018000437623737698
2061-08-28,0.017987729413041473
2061-08-29,0.017976015594696155
2061-08-30,0.017964825940859817
2061-08-31,0.017954114396566637
2061-09-01,0.013975388524153297
2061-09-02,0.013969355875452838
2061-09-03,0.013963721184072894
2061-09-04,0.013958748221427878
2061-09-05,0.013954211178861541
2061-09-06,0.01394954655260812
2061-09-07,0.050123594895961535
2061-09-08,0.015339865419919529
2061-09-09,0.013937073494350319
2061-09-10,0.013932556469000955
2061-09-11,0.013927840693514238
2061-09-12,0.013923258334539468
2061-09-13,0.013918811329033574
2061-09-14,0.013914512666881632
2061-09-15,0.013910341502596436
2061-09-16,0.013906286843123752
2061-09-17,0.01390235216121481
2061-09-18,0.013898585506572806
2061-09-19,0.013894942076716548
2061-09-20,0.013891309711763902
2061-09-21,0.013887674988733383
2061-09-22,0.013884029873395085
2061-09-23,0.013880384486623583
2061-09-24,0.013876770382553897
2061-09-25,0.013873176621022061
2061-09-26,0.013869578508572246
2061-09-27,0.013865968720493426
2061-09-28,0.013862378173252235
2061-09-29,0.013858931930795107
2061-09-30,0.013855610384053316
2061-10-01,0.013696940219533575
2061-10-02,0.013692372888400762
2061-10-03,0.013681202775172475
2061-10-04,0.013677924223349224
2061-10-05,0.013674646367687579
2061-10-06,0.01367136913324634
2061-10-07,0.013668093100817541
2061-10-08,0.013664817549588355
2061-10-09,0.14119422808991702
2061-10-10,0.013730434953762326
2061-10-11,0.013654996008644477
2061-10-12,0.013651723955971957
2061-10-13,0.01364845222870059
2061-10-14,0.01364518174485646
2061-10-15,0.013641911921675463
2061-10-16,0.013638642782823158
2061-10-17,0.013635374651728791
2061-10-18,0.02014973507847704
2061-10-19,0.01362884003626764
2061-10-20,0.013625574090291907
2061-10-21,0.013622308934153877
2061-10-22,0.013619044453470048
2061-10-23,0.013615780891798313
2061-10-24,0.013612517741315232
2061-10-25,0.01360925577410953
2061-10-26,0.013605994391640279
2061-10-27,0.013602733839436927
2061-10-28,0.013599474011991245
2061-10-29,0.013596215149902528
2061-10-30,0.013592956590535481
2061-10-31,0.013589699427435802
2061-11-01,0.010664455799853301
2061-11-02,0.010661900073329723
2061-11-03,0.010659345091389506
2061-11-04,0.010656790767345025
2061-11-05,0.012822619968380303
2061-11-06,0.010770302571343144
2061-11-07,0.013040293517755402
2061-11-08,0.010814798539369874
2061-11-09,0.01064402774620894
2061-11-10,0.010641477071551594
2061-11-11,0.010638926814077685
2061-11-12,0.010636377466047753
2061-11-13,0.33149456379875375
2061-11-14,0.5624156730614467
2061-11-15,0.01701415203005186
2061-11-16,0.0398843737633307
2061-11-17,1.2178078091900066
2061-11-18,0.6723748324289155
2061-11-19,0.8528454034573753
2061-11-20,1.101723166614217
2061-11-21,1.5005311265885932
2061-11-22,0.4093184105779502
2061-11-23,0.479679647214867
2061-11-24,0.06441702002076001
2061-11-25,0.042673153721087285
2061-11-26,0.03463982304797457
2061-11-27,0.07622521275000281
2061-11-28,1.0189883653796736
2061-11-29,0.1976781382937931
2061-11-30,0.04011250570914288
2061-12-01,0.028618026862911986
2061-12-02,0.028983884188517772
2061-12-03,0.029909079499523216
2061-12-04,0.02224742432347449
2061-12-05,0.021781029083938506
2061-12-06,0.02631231144752124
2061-12-07,0.0429040542433595
2061-12-08,0.12194669520959443
2061-12-09,0.06287646429570652
2061-12-10,0.02875863446693816
2061-12-11,0.021648059737549373
2061-12-12,0.02170904796541973
2061-12-13,0.026654588437056915
2061-12-14,0.021964259703957035
2061-12-15,0.021816117386043873
2061-12-16,0.02184390010678041
2061-12-17,0.021860832986535943
2061-12-18,0.02186937784774472
2061-12-19,0.02207941416964172
2061-12-20,0.021851727810481208
2061-12-21,0.02184165912722714
2061-12-22,0.021827869211869546
2061-12-23,0.026962256276103456
2061-12-24,0.04655851643015468
2061-12-25,0.03561102255790627
2061-12-26,0.038447775317616825
2061-12-27,0.038017396114061096
2061-12-28,0.03215063567177309
2061-12-29,0.061835228359707534
2061-12-30,0.12558628111868755
2061-12-31,0.38673501413859307
2062-01-01,0.36129064258733445
2062-01-02,0.17428813303592391
2062-01-03,0.030443129981654632
2062-01-04,0.014782834817012851
2062-01-05,0.024391998134567595
2062-01-06,0.04318607130449666
2062-01-07,0.061552924404759825
2062-01-08,0.041333656433861124
2062-01-09,0.03266120611690788
2062-01-10,0.028046841721909084
2062-01-11,0.024876184792812946
2062-01-12,0.02049220733128333
2062-01-13,0.022496281489043857
2062-01-14,0.029071900341211657
2062-01-15,0.04716491170716343
2062-01-16,0.04196577930429992
2062-01-17,0.03974653278601065
2062-01-18,0.3229594009315537
2062-01-19,1.2117698696865313
2062-01-20,0.13083623177571074
2062-01-21,0.043722046657244024
2062-01-22,0.07440478335280166
2062-01-23,0.06601251210887578
2062-01-24,0.0753081197360084
2062-01-25,0.3087665035841975
2062-01-26,1.0005338177003607
2062-01-27,1.0605169480757155
2062-01-28,1.0986149783538461
2062-01-29,0.22901315418460885
2062-01-30,0.2809396136979363
2062-01-31,0.3021921317866715
2062-02-01,0.26563047451898175
2062-02-02,0.264112239641148
2062-02-03,0.26171081438841276
2062-02-04,0.2626667816562078
2062-02-05,0.2591427307888529
2062-02-06,0.2717340307374382
2062-02-07,0.2813330972248719
2062-02-08,0.28104350024779456
2062-02-09,0.25360638970880456
2062-02-10,0.22154978984819212
2062-02-11,0.24344204806782435
2062-02-12,0.22502356330515758
2062-02-13,0.20402806007992869
2062-02-14,0.19913933280216878
2062-02-15,0.18977825730367295
2062-02-16,0.28099317883851965
2062-02-17,0.18085191638511747
2062-02-18,0.17567967763110298
2062-02-19,0.17362139115620362
2062-02-20,0.17761492447305838
2062-02-21,0.1781825066433968
2062-02-22,0.1830743664014336
2062-02-23,0.19327541846152466
2062-02-24,0.20990363309787227
2062-02-25,0.2210649341937221
2062-02-26,0.2148479335193268
2062-02-27,0.18613154655976002
2062-02-28,0.18914203348855632
2062-03-01,0.23094819576752199
2062-03-02,0.25172934014502
2062-03-03,0.2577166409449904
2062-03-04,0.2759413376396402
2062-03-05,0.28329480068408586
2062-03-06,0.29006722614619185
2062-03-07,0.30117617564339266
2062-03-08,0.296781828499296
2062-03-09,0.30192407973325497
2062-03-10,0.280513923510357
2062-03-11,0.26286812974823615
2062-03-12,0.27650181928448736
2062-03-13,0.23280823240384896
2062-03-14,0.22780382261712798
2062-03-15,0.22333467894563058
2062-03-16,0.21773285482944643
2062-03-17,0.20589994290814131
2062-03-18,0.1913766906566209
2062-03-19,0.18495004710297056
2062-03-20,0.17998687379796682
2062-03-21,0.17052803026570887
2062-03-22,0.1474371415512386
2062-03-23,0.14025922413355987
2062-03-24,0.12953809122039187
2062-03-25,0.12087611422705122
2062-03-26,0.1107878157792654
2062-03-27,0.10282038659792353
2062-03-28,0.12703099955398475
2062-03-29,0.267365501394095
2062-03-30,0.41285816103402784
2062-03-31,0.09664778659065121
2062-04-01,0.09124178242524451
2062-04-02,0.08378245705114293
2062-04-03,0.08019076598061611
2062-04-04,0.07493941163564588
2062-04-05,0.06912537494626393
2062-04-06,0.06276653211606469
2062-04-07,0.05449480093886277
2062-04-08,0.04826189354326057
2062-04-09,0.044064540496346304
2062-04-10,0.2510666926819249
2062-04-11,0.07593261413607723
2062-04-12,0.047083180778318856
2062-04-13,0.04341009734575028
2062-04-14,0.03908910362214945
2062-04-15,0.14916825481413715
2062-04-16,0.11063734833464958
2062-04-17,0.44247328951457726
2062-04-18,0.19562474478779024
2062-04-19,0.1849826705504207
2062-04-20,0.11927248455099139
2062-04-21,0.11066282711043782
2062-04-22,0.12534219660775478
2062-04-23,0.10645941910759833
2062-04-24,0.1148175164997864
2062-04-25,0.10551292726789699
2062-04-26,0.09814564746806112
2062-04-27,0.08942207547714077
2062-04-28,0.08300729352610356
2062-04-29,0.0862084873973155
2062-04-30,0.08159246770907355
2062-05-01,0.07941037353076473
2062-05-02,0.07211349638068788
2062-05-03,0.06353586159309599
2062-05-04,0.055885288677535595
2062-05-05,0.12978797634496514
2062-05-06,0.07100218099024952
2062-05-07,0.06260452893033909
2062-05-08,0.05777390776011181
2062-05-09,0.04574585950546686
2062-05-10,0.04089426886523051
2062-05-11,0.036814793081507535
2062-05-12,0.032521918636687915
2062-05-13,0.03205697900766947
2062-05-14,0.030498934999220725
2062-05-15,0.03165068819443072
2062-05-16,0.02457352234796158
2062-05-17,0.025169248556766895
2062-05-18,0.02422523007918055
2062-05-19,0.022730295826880444
2062-05-20,0.019217154578382172
2062-05-21,0.01783353546126622
2062-05-22,0.01676302821287113
2062-05-23,0.016093741734838397
2062-05-24,0.015650208448952832
2062-05-25,0.015310714078780043
2062-05-26,0.015041142936810865
2062-05-27,0.014796207414192153
2062-05-28,0.014530625049357156
2062-05-29,0.01423253288178919
2062-05-30,0.013919836156246888
2062-05-31,0.013599060412497638
2062-06-01,0.013905510561071425
2062-06-02,0.013559377739076808
2062-06-03,0.013223658333222406
2062-06-04,0.012895486570395936
2062-06-05,0.01257915985354927
2062-06-06,0.012276083140799211
2062-06-07,0.011989374138555813
2062-06-08,0.011720850034358679
2062-06-09,0.011477632966610458
2062-06-10,0.01125357898100017
2062-06-11,0.011425877570307457
2062-06-12,0.01091646719852878
2062-06-13,0.010786457750946221
2062-06-14,0.010657254149131998
2062-06-15,0.010651995485023538
2062-06-16,0.010463547577581965
2062-06-17,0.010277263070620272
2062-06-18,0.010115988065486756
2062-06-19,0.009941226173225511
2062-06-20,0.00976690641571373
2062-06-21,0.009599587598198046
2062-06-22,0.009442756183169951
2062-06-23,0.009298795588003093
2062-06-24,0.009161830695319893
2062-06-25,0.009033568960205001
2062-06-26,0.008918418262499396
2062-06-27,0.008813284283730875
2062-06-28,0.008715198378713387
2062-06-29,0.00862416938140739
2062-06-30,0.00854311045399322
2062-07-01,0.017369284350344086
2062-07-02,0.017217028723532056
2062-07-03,0.017064049083634285
2062-07-04,0.016915840503661614
2062-07-05,0.016777093665258605
2062-07-06,0.016651321132895372
2062-07-07,0.016541018411316392
2062-07-08,0.01644755496390576
2062-07-09,0.016367921624600757
2062-07-10,0.01629842666745246
2062-07-11,0.016237198336931456
2062-07-12,0.016182353168990297
2062-07-13,0.0161326829511182
2062-07-14,0.016089885586976778
2062-07-15,0.016052946634316823
2062-07-16,0.016020018630154082
2062-07-17,0.015991342504593643
2062-07-18,0.01596717107497953
2062-07-19,0.015947430886790927
2062-07-20,0.01593067339013438
2062-07-21,0.015916646189583473
2062-07-22,0.015904926759322972
2062-07-23,0.015894854741648565
2062-07-24,0.015886142280760233
2062-07-25,0.015878976015028034
2062-07-26,0.0158727427884434
2062-07-27,0.015866700918249863
2062-07-28,0.015861080441591974
2062-07-29,0.015856121624590314
2062-07-30,0.015851544630156547
2062-07-31,0.01584716568964402
2062-08-01,0.01794687622986744
2062-08-02,0.017942249038392838
2062-08-03,0.017937869129359893
2062-08-04,0.017933492432719557
2062-08-05,0.017929113952413256
2062-08-06,0.01792475960413023
2062-08-07,0.017920448452079223
2062-08-08,0.019143711039403963
2062-08-09,0.017911860497636746
2062-08-10,0.017907567747326526
2062-08-11,0.0179032764154915
2062-08-12,0.01789898595626909
2062-08-13,0.01789469690783374
2062-08-14,0.017890408274562057
2062-08-15,0.017886121016199498
2062-08-16,0.017881834658639354
2062-08-17,0.01787754972980552
2062-08-18,0.017873265205884673
2062-08-19,0.017868982005617616
2062-08-20,0.0178646997292179
2062-08-21,0.017860418735468425
2062-08-22,0.017856138081282103
2062-08-23,0.01785185930301958
2062-08-24,0.017847581091122104
2062-08-25,0.01784330412471596
2062-08-26,0.017839027868187862
2062-08-27,0.01938055981104475
2062-08-28,0.017830478982687498
2062-08-29,0.017826205964179106
2062-08-30,0.017821934209100422
2062-08-31,0.017817663151086568
2062-09-01,0.013872886939690878
2062-09-02,0.013869562460071191
2062-09-03,0.01386623857720559
2062-09-04,0.013862915558536379
2062-09-05,0.013859593490881988
2062-09-06,0.013856272093828023
2062-09-07,0.013852951591905447
2062-09-08,0.013849631840416293
2062-09-09,0.013846312785473486
2062-09-10,0.013842994691524437
2062-09-11,0.053851385464213856
2062-09-12,0.013836360649148208
2062-09-13,0.013833044909285446
2062-09-14,0.013829729912870747
2062-09-15,0.013826415754706427
2062-09-16,0.013823102259159179
2062-09-17,0.013819789651757704
2062-09-18,0.013816477920527568
2062-09-19,0.013813166829960002
2062-09-20,0.01380985678421182
2062-09-21,0.013806547170561533
2062-09-22,0.013803238836240624
2062-09-23,0.013799930761378225
2062-09-24,0.01379662371736416
2062-09-25,0.013793317446735853
2062-09-26,0.01379001193951392
2062-09-27,0.013786707324429623
2062-09-28,0.013783403522647958
2062-09-29,0.013780100350551659
2062-09-30,0.013776798033670637
2062-10-01,0.02109246451632072
2062-10-02,0.014806300908039641
2062-10-03,0.01360338224878328
2062-10-04,0.013600122367104058
2062-10-05,0.013596863165809115
2062-10-06,0.013593604848028044
2062-10-07,0.013590347157383787
2062-10-08,0.013587090494218704
2062-10-09,0.013583834407901403
2062-10-10,0.025766498909892268
2062-10-11,0.5611718396411925
2062-10-12,1.6331853848283935
2062-10-13,0.07796215605210477
2062-10-14,0.10291173741101088
2062-10-15,0.06844883719671879
2062-10-16,0.04020434728223029
2062-10-17,0.031768714290232807
2062-10-18,0.016759432323667327
2062-10-19,0.015150613826203491
2062-10-20,0.015156661678846649
2062-10-21,0.015140228424035788
2062-10-22,0.015104528186116928
2062-10-23,0.015052834997779712
2062-10-24,0.014997311551611648
2062-10-25,0.014950883675184743
2062-10-26,0.014916227340292645
2062-10-27,0.014884409022092326
2062-10-28,0.014853919912829108
2062-10-29,0.014826615217790313
2062-10-30,0.014803571046838666
2062-10-31,0.014777510956408915
2062-11-01,0.011572825326737042
2062-11-02,0.011543720134357498
2062-11-03,0.01738094491049665
2062-11-04,0.05969653858897033
2062-11-05,0.015253989493687949
2062-11-06,0.016942279962397448
2062-11-07,0.01151607554123452
2062-11-08,0.04085697329057007
2062-11-09,0.01610208102080782
2062-11-10,0.011484186863426438
2062-11-11,0.011469467091253162
2062-11-12,0.01145104038856757
2062-11-13,0.011431553245980913
2062-11-14,0.011417005278282124
2062-11-15,0.016550850980836314
2062-11-16,0.011409460334989201
2062-11-17,0.01139517167655911
2062-11-18,0.011387044983815485
2062-11-19,0.011376354316856028
2062-11-20,0.011364020407137514
2062-11-21,0.011353495970339857
2062-11-22,0.011526632272979452
2062-11-23,0.011334075293811573
2062-11-24,0.01132705052401222
2062-11-25,0.01132109954475598
2062-11-26,0.011314684572443223
2062-11-27,0.011308641437456064
2062-11-28,0.011303478311719479
2062-11-29,0.011299062921012636
2062-11-30,0.09556822533062362
2062-12-01,0.430279795466911
2062-12-02,0.3157786315457384
2062-12-03,0.6300206350310155
2062-12-04,0.6771891521846569
2062-12-05,0.08186926385433022
2062-12-06,0.6921386795911897
2062-12-07,0.609844401886494
2062-12-08,0.021759864997603278
2062-12-09,0.017720624528309924
2062-12-10,0.23602313114203394
2062-12-11,0.18691676159986828
2062-12-12,0.11758396072730802
2062-12-13,0.08594951092336592
2062-12-14,0.05933202505764748
2062-12-15,0.09091681837272865
2062-12-16,0.09380177377523512
2062-12-17,0.050128451526776426
2062-12-18,0.0471462120806182
2062-12-19,0.052651171327775616
2062-12-20,0.026701323798103863
2062-12-21,0.017109044930394376
2062-12-22,0.017138282980605407
2062-12-23,0.017161705816559628
2062-12-24,0.028352682031685766
2062-12-25,0.04101977492616992
2062-12-26,0.04977029822677972
2062-12-27,0.04845776918682667
2062-12-28,0.027216593727116743
2062-12-29,0.043902171206801885
2062-12-30,0.07341816879936297
2062-12-31,0.10629976158331834
2063-01-01,0.06475642534533343
2063-01-02,0.016748718163480746
2063-01-03,0.020777447905481666
2063-01-04,0.05224793142031931
2063-01-05,0.1116504357312626
2063-01-06,0.1552711106219648
2063-01-07,0.02169246392825498
2063-01-08,0.024391405285008827
2063-01-09,0.04846973870322057
2063-01-10,0.07037663152945973
2063-01-11,0.07031382434927982
2063-01-12,0.04209586853934108
2063-01-13,0.023624795373284647
2063-01-14,0.05382202040557679
2063-01-15,0.028728897371877397
2063-01-16,0.014240946500151466
2063-01-17,0.02083607251276113
2063-01-18,0.04424481459953948
2063-01-19,0.023062052037147236
2063-01-20,0.14725538553321965
2063-01-21,0.39319816376554007
2063-01-22,2.3748059569751803
2063-01-23,13.489589181606597
2063-01-24,4.547672928622259
2063-01-25,1.2799826470267228
2063-01-26,0.5315236728996753
2063-01-27,0.37664178185483427
2063-01-28,1.6475087063712068
2063-01-29,3.0170377611510193
2063-01-30,1.5048689777158522
2063-01-31,1.1364158619787164
2063-02-01,1.456668789274391
2063-02-02,1.5323889124653265
2063-02-03,1.27760124896318
2063-02-04,1.2235595540178472
2063-02-05,1.2747690574390456
2063-02-06,1.3404082816662133
2063-02-07,1.5795444132680085
2063-02-08,1.5448252156026139
2063-02-09,1.4042731406704045
2063-02-10,1.5487969724245065
2063-02-11,1.8691203570975388
2063-02-12,1.6040235708334631
2063-02-13,1.459036650628466
2063-02-14,1.895465680619187
2063-02-15,2.2389131039218504
2063-02-16,1.4978549411869653
2063-02-17,1.5242220823632595
2063-02-18,1.4299364686484186
2063-02-19,1.5838060827319604
2063-02-20,2.2149864103543084
2063-02-21,2.154182008898549
2063-02-22,2.047668535903749
2063-02-23,1.7575031967226302
2063-02-24,1.5987453508894378
2063-02-25,1.5312521579010825
2063-02-26,1.564095579134535
2063-02-27,1.5284951691416209
2063-02-28,1.524273871384365
2063-03-01,1.8141896934223662
2063-03-02,1.8228970047462627
2063-03-03,1.6244377312933354
2063-03-04,1.413105530026231
2063-03-05,1.2797299323313718
2063-03-06,1.2314457233633722
2063-03-07,1.1583259575505285
2063-03-08,1.2224611522637512
2063-03-09,1.0911998584719418
2063-03-10,1.2306180589041689
2063-03-11,1.2602596160263047
2063-03-12,1.1119070275563745
2063-03-13,1.1851973729667014
2063-03-14,1.372689029102279
2063-03-15,1.56131682510276
2063-03-16,1.3044507724330272
2063-03-17,1.0019082780078536
2063-03-18,0.9368318702600612
2063-03-19,0.9208104409402446
2063-03-20,0.9282748238335787
2063-03-21,0.8739277020476468
2063-03-22,0.8425709163758941
2063-03-23,0.7745207934724118
2063-03-24,0.9819717663558961
2063-03-25,0.9796094000655293
2063-03-26,1.2747845786314667
2063-03-27,1.0484803181986388
2063-03-28,1.0147307717388758
2063-03-29,1.1262006153658457
2063-03-30,1.0681827029296214
2063-03-31,1.1780110347434987
2063-04-01,0.9746108427228998
2063-04-02,0.9881715719260916
2063-04-03,1.0070602828907471
2063-04-04,0.9940323448173456
2063-04-05,1.1318042555751802
2063-04-06,1.0696465410042846
2063-04-07,0.9904188108347108
2063-04-08,1.0758903846785772
2063-04-09,1.1349785106773653
2063-04-10,1.2343049562530104
2063-04-11,1.5102938999016144
2063-04-12,1.5812108926326953
2063-04-13,1.3881023391143175
2063-04-14,1.3090494685363403
2063-04-15,1.0395709195514171
2063-04-16,1.3246414893824516
2063-04-17,1.1154279093693984
2063-04-18,0.5884302228513864
2063-04-19,0.5740419022055896
2063-04-20,0.60723526785388
2063-04-21,0.6325901961188962
2063-04-22,0.6246858848837507
2063-04-23,0.7839764384261749
2063-04-24,0.6518385415781681
2063-04-25,0.5752206662720752
2063-04-26,0.5914816749603669
2063-04-27,0.5848831778181953
2063-04-28,0.5484641405027146
2063-04-29,0.5919163593775523
2063-04-30,0.6128780643445018
2063-05-01,0.7187838855061294
2063-05-02,0.616421243407843
2063-05-03,0.5898623870863078
2063-05-04,0.6969792704632377
2063-05-05,0.9732620555113798
2063-05-06,1.146030972700228
2063-05-07,0.8545993903243061
2063-05-08,0.7466084910278523
2063-05-09,0.7511427435019904
2063-05-10,0.7118087779101069
2063-05-11,0.7704236957384943
2063-05-12,0.8048278712125005
2063-05-13,0.687486270289283
2063-05-14,0.6265349661409286
2063-05-15,0.6278759402369193
2063-05-16,0.3884400432129261
2063-05-17,0.36023193599297215
2063-05-18,0.37352976594583187
2063-05-19,0.36899782036923023
2063-05-20,0.3430006518119578
2063-05-21,0.31137730513485096
2063-05-22,0.29312598793671907
2063-05-23,0.2715990909306126
2063-05-24,0.24575163054742138
2063-05-25,0.20743304101866203
2063-05-26,0.1960955618598363
2063-05-27,0.18887010816077915
2063-05-28,0.16355856131466423
2063-05-29,0.12168882888377014
2063-05-30,0.11205838770498519
2063-05-31,0.0914346465706486
2063-06-01,0.09010963762828214
2063-06-02,0.090701409100644
2063-06-03,0.08281217432168014
2063-06-04,0.08208587399176684
2063-06-05,0.08195875858045482
2063-06-06,0.06169501845639821
2063-06-07,0.057625305990042036
2063-06-08,0.04803891513410808
2063-06-09,0.04257549761750862
2063-06-10,0.037799721263741336
2063-06-11,0.03412441756466404
2063-06-12,0.030962340068165048
2063-06-13,0.02794277251861315
2063-06-14,0.025254170080862087
2063-06-15,0.022951520872257977
2063-06-16,0.021007042095419884
2063-06-17,0.019402642202225533
2063-06-18,0.018083436867193017
2063-06-19,0.016983458892221012
2063-06-20,0.015956448007623757
2063-06-21,0.015031695314104443
2063-06-22,0.01422499835675713
2063-06-23,0.01350222316079613
2063-06-24,0.012831708535734012
2063-06-25,0.012274581538494981
2063-06-26,0.011874906392004086
2063-06-27,0.01155782037697056
2063-06-28,0.011260273348385596
2063-06-29,0.010993035140152216
2063-06-30,0.010760068273131649
2063-07-01,0.021611818078911247
2063-07-02,0.0211590090802726
2063-07-03,0.020741262193120953
2063-07-04,0.02037224603036068
2063-07-05,0.02003682964049361
2063-07-06,0.01971612738069094
2063-07-07,0.019418082025241378
2063-07-08,0.0191393930796571
2063-07-09,0.018878661084756818
2063-07-10,0.018642122657178194
2063-07-11,0.01842823731067085
2063-07-12,0.01823047676195887
2063-07-13,0.018038733532993442
2063-07-14,0.017854123015371023
2063-07-15,0.01767562480342829
2063-07-16,0.017506696132637542
2063-07-17,0.017361143816233018
2063-07-18,0.018586037024289508
2063-07-19,0.017107961972847727
2063-07-20,0.017014119368985964
2063-07-21,0.016916749397313465
2063-07-22,0.016819402114217463
2063-07-23,0.016725100881673872
2063-07-24,0.016631248350853008
2063-07-25,0.016542410514638166
2063-07-26,0.016461628841299192
2063-07-27,0.016390958131077434
2063-07-28,0.016328641332556543
2063-07-29,0.01627101336738332
2063-07-30,0.01621782597561054
2063-07-31,0.01617015106183104
2063-08-01,0.018270463411723854
2063-08-02,0.01822873385925746
2063-08-03,0.018191500347581626
2063-08-04,0.018159355962201945
2063-08-05,0.018131757082301782
2063-08-06,0.01810785290958945
2063-08-07,0.018087654946914864
2063-08-08,0.01807025125546207
2063-08-09,0.018053841828223182
2063-08-10,0.01803831587162424
2063-08-11,0.018024683952737403
2063-08-12,0.018012735942416237
2063-08-13,0.018001681200082626
2063-08-14,0.01799110365111288
2063-08-15,0.01798117555507301
2063-08-16,0.017972142743895813
2063-08-17,0.01796432980629871
2063-08-18,0.017957610890058297
2063-08-19,0.01795158128245104
2063-08-20,0.017945916120545448
2063-08-21,0.01794037889949477
2063-08-22,0.01793498420768527
2063-08-23,0.03459462985611357
2063-08-24,0.017924817792379998
2063-08-25,0.020104215992039952
2063-08-26,0.017915276946566996
2063-08-27,0.04577863906692629
2063-08-28,0.017905837542897225
2063-08-29,0.03291534775935415
2063-08-30,0.01789640643609193
2063-08-31,0.017891894200078425
2063-09-01,0.013930605096215158
2063-09-02,0.013927243783479292
2063-09-03,0.01392390590881971
2063-09-04,0.013920569310496263
2063-09-05,0.013917233226099888
2063-09-06,0.013913898134630719
2063-09-07,0.013910563639916235
2063-09-08,0.013907230215966461
2063-09-09,0.025475190207155395
2063-09-10,0.013900565352923831
2063-09-11,0.01389723410443343
2063-09-12,0.013893903611365796
2063-09-13,0.013890574237961289
2063-09-14,0.013887245330583699
2063-09-15,0.013883917371227511
2063-09-16,0.013880590313988327
2063-09-17,0.013877263712796855
2063-09-18,0.013873938019710251
2063-09-19,0.01387061334948819
2063-09-20,0.013867289396768621
2063-09-21,0.013863966160553626
2063-09-22,0.013860643762588668
2063-09-23,0.013857322007282373
2063-09-24,0.013854001365651429
2063-09-25,0.013850681086264234
2063-09-26,0.013847362212942088
2063-09-27,0.013844043616043175
2063-09-28,0.013840726093900649
2063-09-29,0.013837409263314691
2063-09-30,0.013834093004534996
2063-10-01,0.013666505530180494
2063-10-02,0.013663230488746476
2063-10-03,0.01365995626870412
2063-10-04,0.013656682557471026
2063-10-05,0.013653409951616284
2063-10-06,0.013650137738215228
2063-10-07,0.01364686683430752
2063-10-08,0.013643596438223155
2063-10-09,0.013640326790561772
2063-10-10,0.013637058048107397
2063-10-11,0.013633789845030253
2063-10-12,0.01363052282818873
2063-10-13,0.013627256408902139
2063-10-14,0.013623990580268149
2063-10-15,0.013620725707130724
2063-10-16,0.013617461610025918
2063-10-17,0.01361419820809638
2063-10-18,0.013610935629531015
2063-10-19,0.013607673926590427
2063-10-20,0.013604412688086385
2063-10-21,0.013601152691037502
2063-10-22,0.0135978932373101
2063-10-23,0.013594634605960531
2063-10-24,0.01359137684826392
2063-10-25,0.018418675910888305
2063-10-26,0.013768806029037265
2063-10-27,0.013581607996686989
2063-10-28,0.013578353323400046
2063-10-29,0.013575099253584357
2063-10-30,0.013571846031784237
2063-10-31,0.01356859375068943
2063-11-01,0.01064789333953223
2063-11-02,0.010645341641653249
2063-11-03,0.010642790519626725
2063-11-04,0.010640240094969765
2063-11-05,0.010637690290282917
2063-11-06,0.22191696833165972
2063-11-07,0.5564929723676633
2063-11-08,0.6529438541299545
2063-11-09,0.02837495935504838
2063-11-10,0.026566524196341264
2063-11-11,0.17972032799206517
2063-11-12,0.013714977337745014
2063-11-13,0.011894274675780508
2063-11-14,0.017806007918836828
2063-11-15,0.025493574340484354
2063-11-16,0.01444237781247435
2063-11-17,0.012001181363950203
2063-11-18,0.03275870460582395
2063-11-19,0.11812235488504705
2063-11-20,0.15523619761358987
2063-11-21,0.12328343627290217
2063-11-22,0.4017365273547576
2063-11-23,0.08405172979563393
2063-11-24,0.02718920547736802
2063-11-25,0.016592507136712745
2063-11-26,0.026320715556096698
2063-11-27,0.022567962409438723
2063-11-28,0.023673124185918826
2063-11-29,0.01651563285845829
2063-11-30,0.014978820409078062
2063-12-01,0.014760369589160076
2063-12-02,0.014632035805412122
2063-12-03,0.013154170022936784
2063-12-04,0.013199672565849025
2063-12-05,0.013242964325455903
2063-12-06,0.013282510972482836
2063-12-07,0.016074476566999576
2063-12-08,0.013669628480286454
2063-12-09,0.016009837513284098
2063-12-10,0.042887102416289
2063-12-11,0.019114243909864676
2063-12-12,0.02460087376811588
2063-12-13,0.030334862334929873
2063-12-14,0.014969016970902894
2063-12-15,0.014277234774902428
2063-12-16,0.01446050620371119
2063-12-17,0.014262086976196204
2063-12-18,0.0145929915947069
2063-12-19,0.013586401261038673
2063-12-20,0.016195989158060347
2063-12-21,0.015049694532154696
2063-12-22,0.013717896568345815
2063-12-23,0.01882362803852241
2063-12-24,0.16657443842768957
2063-12-25,0.2684020672937374
2063-12-26,0.41336594056633225
2063-12-27,0.23713837842070515
2063-12-28,0.21413043935499426
2063-12-29,0.1672375721367551
2063-12-30,0.1955906049119072
2063-12-31,0.09976354733511533
2064-01-01,0.4523035198601483
2064-01-02,0.10457066737059868
2064-01-03,0.039525963878963614
2064-01-04,0.02077327406369788
2064-01-05,0.035918425804318505
2064-01-06,0.04657933293758551
2064-01-07,0.05393914785990789
2064-01-08,0.06719414174079769
2064-01-09,0.05647646538062545
2064-01-10,0.04912646207537404
2064-01-11,0.08604090653606643
2064-01-12,0.07660790799544778
2064-01-13,0.04672093341873554
2064-01-14,0.05572559382252811
2064-01-15,0.05207615406523599
2064-01-16,0.02760215155198638
2064-01-17,0.02192451595438761
2064-01-18,0.02129243657847716
2064-01-19,0.03553505868084414
2064-01-20,0.054037926682538207
2064-01-21,0.05035447540552962
2064-01-22,0.08459056556135301
2064-01-23,0.11055897344785998
2064-01-24,0.09229168599146928
2064-01-25,0.07245639387436038
2064-01-26,0.09691910739447294
2064-01-27,0.02344664611206101
2064-01-28,0.031001154273570062
2064-01-29,0.05147428462197149
2064-01-30,0.053199411689765747
2064-01-31,0.07037457932589314
2064-02-01,0.05817011458521801
2064-02-02,0.0757011252392234
2064-02-03,0.10202726123998733
2064-02-04,0.09086861521438705
2064-02-05,0.3644925078313596
2064-02-06,0.1376731426323911
2064-02-07,0.10758558449142173
2064-02-08,0.03500559258630342
2064-02-09,0.016072723582357337
2064-02-10,0.015529052634762645
2064-02-11,0.061433970078379536
2064-02-12,0.05217391775035061
2064-02-13,0.06904509237023651
2064-02-14,0.07254921281153347
2064-02-15,0.07753920802532774
2064-02-16,0.11125346094297418
2064-02-17,0.11489226231827981
2064-02-18,0.10343908647487873
2064-02-19,0.11539082245989629
2064-02-20,0.04989099082800629
2064-02-21,0.03916376637245237
2064-02-22,0.04633863271998959
2064-02-23,0.04674211672054249
2064-02-24,0.024890472103640284
2064-02-25,0.030810011253566798
2064-02-26,0.03559034496522902
2064-02-27,0.036449988800058286
2064-02-28,0.03615915622372036
2064-02-29,0.16646375505327438
2064-03-01,0.036810371306011426
2064-03-02,0.03876399736065277
2064-03-03,0.056449302214965295
2064-03-04,0.08961218475606174
2064-03-05,0.056563808038386426
2064-03-06,0.05921911564818757
2064-03-07,0.09858593966873186
2064-03-08,0.11974194104210296
2064-03-09,0.0448033994964955
2064-03-10,0.041045271524806186
2064-03-11,0.04804020995859875
2064-03-12,0.0469263046561855
2064-03-13,0.041948070603725574
2064-03-14,0.03969098852873152
2064-03-15,0.03551260037647686
2064-03-16,0.5370574830136203
2064-03-17,0.439224654983019
2064-03-18,0.061761859922253165
2064-03-19,0.07353200975520215
2064-03-20,0.3151784567566535
2064-03-21,0.7948686213303469
2064-03-22,0.2861559605351644
2064-03-23,0.25685804272827256
2064-03-24,0.2789914187789052
2064-03-25,0.30589238310592237
2064-03-26,0.3808023985914731
2064-03-27,0.5363478756773993
2064-03-28,0.15244095904746394
2064-03-29,0.11593186442974569
2064-03-30,0.31167855486495594
2064-03-31,0.2319316445533991
2064-04-01,0.1732247089919349
2064-04-02,0.17881018134089877
2064-04-03,0.15772204636247406
2064-04-04,0.16077342913238132
2064-04-05,0.17246149610221123
2064-04-06,0.20215619494902803
2064-04-07,0.25679020226091553
2064-04-08,0.27749425783139453
2064-04-09,0.29893332579036397
2064-04-10,0.30860462003348765
2064-04-11,0.3947348834390336
2064-04-12,0.45622120326980165
2064-04-13,0.5536840282174539
2064-04-14,0.5829614615819882
2064-04-15,0.6251043625667335
2064-04-16,0.671792865034252
2064-04-17,0.7562972152756018
2064-04-18,0.8395108839572367
2064-04-19,0.8777158796472712
2064-04-20,0.9029098182025612
2064-04-21,1.0549356606946283
2064-04-22,0.7957975897865921
2064-04-23,0.6700864411805617
2064-04-24,0.5983607664901175
2064-04-25,0.5740555664652226
2064-04-26,0.556359900311031
2064-04-27,0.4985986347837657
2064-04-28,0.4582356473805178
2064-04-29,0.4149958016888237
2064-04-30,0.37009418290709095
2064-05-01,0.36970680002994977
2064-05-02,0.32675832336308375
2064-05-03,0.2870021297002087
2064-05-04,0.26908920114769763
2064-05-05,0.23451451078528826
2064-05-06,0.20846873898093893
2064-05-07,0.18329090566592682
2064-05-08,0.16241817890325255
2064-05-09,0.14262977199845636
2064-05-10,0.10996923012295422
2064-05-11,0.09232989914755757
2064-05-12,0.07803260191979518
2064-05-13,0.0658643686539368
2064-05-14,0.06214717831075482
2064-05-15,0.061460811993292355
2064-05-16,0.05409125432101588
2064-05-17,0.044031131333042435
2064-05-18,0.03810248709344467
2064-05-19,0.03241441106491954
2064-05-20,0.027479256070235127
2064-05-21,0.023859817693536876
2064-05-22,0.021522074158183132
2064-05-23,0.019955918609226
2064-05-24,0.01877598401351377
2064-05-25,0.017963098366719197
2064-05-26,0.017600842612262274
2064-05-27,0.0179904877387412
2064-05-28,0.01900969809939389
2064-05-29,0.017202849677382902
2064-05-30,0.016660456727207045
2064-05-31,0.017264526327492136
2064-06-01,0.021720117766210013
2064-06-02,0.019014507745865106
2064-06-03,0.01583196988416849
2064-06-04,0.01638349240194291
2064-06-05,0.017365667445305974
2064-06-06,0.04399157468872057
2064-06-07,0.016166287482795274
2064-06-08,0.015707727103591244
2064-06-09,0.014242896351815587
2064-06-10,0.013985692154913801
2064-06-11,0.01372230280061067
2064-06-12,0.01347094000535668
2064-06-13,0.013227128776026807
2064-06-14,0.01299163791200285
2064-06-15,0.012773805827995153
2064-06-16,0.012567008834918321
2064-06-17,0.012373069240921075
2064-06-18,0.012184057016016164
2064-06-19,0.011970761360308906
2064-06-20,0.011730466669189825
2064-06-21,0.01148427690101565
2064-06-22,0.011245521229702822
2064-06-23,0.01101641355984577
2064-06-24,0.010794517080996987
2064-06-25,0.010580309396642304
2064-06-26,0.010373279339209509
2064-06-27,0.010174638803426093
2064-06-28,0.009982385100166294
2064-06-29,0.009796017808740039
2064-06-30,0.00962003514974207
2064-07-01,0.019395396957553056
2064-07-02,0.019077747815718776
2064-07-03,0.01877610987948557
2064-07-04,0.018491791230464887
2064-07-05,0.018234479729072477
2064-07-06,0.01800880152493104
2064-07-07,0.01781062672362388
2064-07-08,0.025087802230728286
2064-07-09,0.017452067454075314
2064-07-10,0.021953354425546148
2064-07-11,0.017128662779846246
2064-07-12,0.01701682006067343
2064-07-13,0.016844246491218656
2064-07-14,0.0167140339928818
2064-07-15,0.016596712350104632
2064-07-16,0.01649206645237809
2064-07-17,0.016400080214770293
2064-07-18,0.016320265726558637
2064-07-19,0.016251154486651875
2064-07-20,0.016190906876581018
2064-07-21,0.0161391630418128
2064-07-22,0.01609323855091917
2064-07-23,0.01605364084277105
2064-07-24,0.016021457712334857
2064-07-25,0.015996654454843787
2064-07-26,0.015975722355125618
2064-07-27,0.015956514210549545
2064-07-28,0.015939410574535462
2064-07-29,0.015924377974136632
2064-07-30,0.01591193846944921
2064-07-31,0.01590190507823383
2064-08-01,0.018003768313200826
2064-08-02,0.01799451527056315
2064-08-03,0.01798633442884925
2064-08-04,0.01797923886058535
2064-08-05,0.017972978885888516
2064-08-06,0.017967335468815755
2064-08-07,0.01796198939214794
2064-08-08,0.01795695628089937
2064-08-09,0.01795200716082908
2064-08-10,0.017947312316912475
2064-08-11,0.01794289784166876
2064-08-12,0.019993274833466912
2064-08-13,0.017934188560798345
2064-08-14,0.017929830927085177
2064-08-15,0.017925476140574093
2064-08-16,0.01792115018871034
2064-08-17,0.017916855616292977
2064-08-18,0.01791256170634382
2064-08-19,0.017908269164896694
2064-08-20,0.01790397740380306
2064-08-21,0.017899686902295275
2064-08-22,0.017895397259305067
2064-08-23,0.01789110873879394
2064-08-24,0.017886821149837927
2064-08-25,0.023020784708033638
2064-08-26,0.017878249263763243
2064-08-27,0.01787396461042392
2064-08-28,0.017869681182073223
2064-08-29,0.017865398979992883
2064-08-30,0.01786111730839939
2064-08-31,0.01785683710012925
2064-09-01,0.013903387876306341
2064-09-02,0.013900056097921719
2064-09-03,0.013896724998120539
2064-09-04,0.013893394695655191
2064-09-05,0.013890065171565113
2064-09-06,0.013886736500694039
2064-09-07,0.013883408644123268
2064-09-08,0.013880081451167222
2064-09-09,0.013876755248144796
2064-09-10,0.013873429848445718
2064-09-11,0.013870105129325835
2064-09-12,0.013866781029912548
2064-09-13,0.01386345798230374
2064-09-14,0.013860135521470082
2064-09-15,0.01385681416832425
2064-09-16,0.013853493382993258
2064-09-17,0.013850173473833261
2064-09-18,0.013846854392944532
2064-09-19,0.013843535996626676
2064-09-20,0.013840218476480075
2064-09-21,0.013836901798575189
2064-09-22,0.01383358591700839
2064-09-23,0.013830270757933421
2064-09-24,0.013826956386214829
2064-09-25,0.013823642841769413
2064-09-26,0.013820330129586856
2064-09-27,0.013817018198773326
2064-09-28,0.013813707035357684
2064-09-29,0.013810396442750901
2064-09-30,0.013807086998746582
2064-10-01,0.013639826726720641
2064-10-02,0.013636557894534334
2064-10-03,0.013633290118423097
2064-10-04,0.01363002298818408
2064-10-05,0.013626756411127374
2064-10-06,0.013623491043971423
2064-10-07,0.013620226007147124
2064-10-08,0.013616962199945338
2064-10-09,0.01361369887690107
2064-10-10,0.013610436584294302
2064-10-11,0.013607174843883331
2064-10-12,0.013603914036289612
2064-10-13,0.046386028436168625
2064-10-14,0.01359739457861066
2064-10-15,0.013594135861473408
2064-10-16,0.013590878243798106
2064-10-17,0.013587621230580221
2064-10-18,0.013584365080168378
2064-10-19,0.032285232969220805
2064-10-20,0.01357785511040166
2064-10-21,0.013574601428109581
2064-10-22,0.013571348052483244
2064-10-23,0.013568095849287542
2064-10-24,0.013564844428040955
2064-10-25,0.013561593737468111
2064-10-26,0.013558343745029042
2064-10-27,0.013555094694281193
2064-10-28,0.013552387745273656
2064-10-29,0.013548598644786193
2064-10-30,0.013545352019756967
2064-10-31,0.013542105813805239
2064-11-01,0.010627106935427223
2064-11-02,0.010624560328888474
2064-11-03,0.010622014192164412
2064-11-04,0.010619468670766725
2064-11-05,0.010616923946583909
2064-11-06,0.010614379607850931
2064-11-07,0.012825040453185714
2064-11-08,0.15355455213848457
2064-11-09,0.010856645711053691
2064-11-10,0.010685518686631094
2064-11-11,0.010601668277979927
2064-11-12,0.010599128364176987
2064-11-13,0.06700484587193026
2064-11-14,0.010594050680537509
2064-11-15,0.010591513690888137
2064-11-16,0.010620183251714717
2064-11-17,0.010586442666702844
2064-11-18,0.01058390851219759
2064-11-19,0.010581375384783995
2064-11-20,0.010578842868826743
2064-11-21,0.010576311291725156
2064-11-22,0.051185539891513955
2064-11-23,0.34237166134445285
2064-11-24,0.6118393394299032
2064-11-25,1.7507708816965546
2064-11-26,0.7252909898943131
2064-11-27,0.020148513624409916
2064-11-28,0.5308984124420538
2064-11-29,1.3236559230349236
2064-11-30,1.4579977025377209
2064-12-01,2.1058580782937546
2064-12-02,0.7444424745276758
2064-12-03,0.0381986680881674
2064-12-04,0.04009131330215472
2064-12-05,0.044613632908975735
2064-12-06,0.055460170278179
2064-12-07,0.19126659367712306
2064-12-08,0.0404537109841404
2064-12-09,0.03255927393473939
2064-12-10,0.0235861412661072
2064-12-11,0.023458546906045687
2064-12-12,0.022958339302197848
2064-12-13,0.022832152328616306
2064-12-14,0.0222901845878918
2064-12-15,0.02348672592865516
2064-12-16,0.025027264524361395
2064-12-17,0.02470610686839863
2064-12-18,0.4027151674009858
2064-12-19,1.5894271776414903
2064-12-20,3.5386600638447563
2064-12-21,1.2190863585965501
2064-12-22,0.03398791165896849
2064-12-23,0.032998584042385634
2064-12-24,0.5920931773760844
2064-12-25,0.4727525903743193
2064-12-26,0.09006524815088793
2064-12-27,0.06585933613895095
2064-12-28,0.08770248743414198
2064-12-29,0.10517623872428479
2064-12-30,0.12276903979762763
2064-12-31,0.8578892115426497
2065-01-01,0.5485393675041196
2065-01-02,0.3015492290620148
2065-01-03,0.14368090696438954
2065-01-04,0.16809451123008587
2065-01-05,0.6626294832629137
2065-01-06,0.8865135642303245
2065-01-07,0.37708163105730774
2065-01-08,0.4772074075596176
2065-01-09,0.5377270154263978
2065-01-10,0.47917023452409574
2065-01-11,0.5112189964495827
2065-01-12,0.5236680444261964
2065-01-13,0.5281363987745875
2065-01-14,0.5081234521262518
2065-01-15,0.5112562512451265
2065-01-16,0.500121184358364
2065-01-17,0.4922769732891961
2065-01-18,0.471076169975896
2065-01-19,0.4614794583890872
2065-01-20,0.4560460479938033
2065-01-21,0.44384261634583544
2065-01-22,0.43106702115951395
2065-01-23,0.4125170664935485
2065-01-24,0.39865196322038426
2065-01-25,0.38751216127572075
2065-01-26,0.3697515200111437
2065-01-27,0.35197864554988834
2065-01-28,0.34125698488662803
2065-01-29,0.32735519868038837
2065-01-30,0.3398598402955716
2065-01-31,1.0018362571593553
2065-02-01,2.676610172017941
2065-02-02,5.681339720068942
2065-02-03,12.769725064972492
2065-02-04,8.527300980040485
2065-02-05,4.178749664888871
2065-02-06,1.9569161084842255
2065-02-07,1.9031423958777172
2065-02-08,1.838599818581108
2065-02-09,1.775164859526361
2065-02-10,1.786926760466164
2065-02-11,1.9794992037459525
2065-02-12,1.9300707497658038
2065-02-13,1.7891082083512917
2065-02-14,1.6612758993646684
2065-02-15,1.6928891122408505
2065-02-16,2.214337903657629
2065-02-17,3.5099793570745383
2065-02-18,5.795801681821081
2065-02-19,2.923195412124064
2065-02-20,1.8873467440844975
2065-02-21,1.6474790684785339
2065-02-22,1.5635699687467701
2065-02-23,1.5398312120501934
2065-02-24,1.528815877683941
2065-02-25,1.5235746104775056
2065-02-26,1.5027812141512031
2065-02-27,1.3712909445391825
2065-02-28,1.264740698032776
2065-03-01,1.3608399841503553
2065-03-02,1.267700493386569
2065-03-03,1.2034703486863787
2065-03-04,1.415910822705455
2065-03-05,1.2101751217265242
2065-03-06,1.1021038845232092
2065-03-07,1.1854146517227908
2065-03-08,1.0219431670058277
2065-03-09,0.9891259408207268
2065-03-10,0.9257057235404237
2065-03-11,0.8705024870615251
2065-03-12,0.8742343280611133
2065-03-13,0.8997295137206284
2065-03-14,0.967468314727535
2065-03-15,0.9701365287152938
2065-03-16,0.9034008526249805
2065-03-17,0.8229290767196624
2065-03-18,0.9093580287245223
2065-03-19,1.0313849197850316
2065-03-20,1.1680282751846747
2065-03-21,1.1282800170479472
2065-03-22,1.167461681703768
2065-03-23,0.9105985393330608
2065-03-24,1.0891809774610848
2065-03-25,1.2267948710470236
2065-03-26,1.3158585351215568
2065-03-27,1.4645709704843137
2065-03-28,1.7899960275040492
2065-03-29,2.099563591536703
2065-03-30,2.376658835485137
2065-03-31,2.4397169217637824
2065-04-01,2.20288336927613
2065-04-02,2.352880042744265
2065-04-03,2.311026748733137
2065-04-04,1.9617367916268522
2065-04-05,1.726798829965281
2065-04-06,1.5320090971022602
2065-04-07,1.809248637331927
2065-04-08,1.6886338763348678
2065-04-09,1.4920195302932688
2065-04-10,1.127786490010247
2065-04-11,0.8883571545812882
2065-04-12,0.77387564798712
2065-04-13,0.5383590618448588
2065-04-14,0.5597213551748718
2065-04-15,0.4852589872885278
2065-04-16,0.47323874948521477
2065-04-17,0.48676295033201145
2065-04-18,0.5086851404084518
2065-04-19,0.4851265136777416
2065-04-20,0.4824090225478607
2065-04-21,0.568817862933733
2065-04-22,0.5375748903054921
2065-04-23,0.42249627591472716
2065-04-24,0.3861496310193528
2065-04-25,0.35068882721622313
2065-04-26,0.3201887549258234
2065-04-27,0.3052397400274172
2065-04-28,0.38031240742234157
2065-04-29,0.3020880794747645
2065-04-30,0.3658231835815986
2065-05-01,0.8796236262998315
2065-05-02,0.48104614245415517
2065-05-03,0.379215885005956
2065-05-04,0.35736589218357795
2065-05-05,0.3453020419301744
2065-05-06,0.3215452478867868
2065-05-07,0.296195382083334
2065-05-08,0.36878578062422485
2065-05-09,0.35770615377191106
2065-05-10,0.2688603381087834
2065-05-11,0.25227129842454066
2065-05-12,0.23256644278549427
2065-05-13,0.22346900441205583
2065-05-14,0.20923490842658066
2065-05-15,0.20285387962584017
2065-05-16,0.2004576501040589
2065-05-17,0.22926281765542358
2065-05-18,0.22147399818534413
2065-05-19,0.17325564487469913
2065-05-20,0.1619936508468963
2065-05-21,0.1555460848890622
2065-05-22,0.1496005127344253
2065-05-23,0.13949034003522806
2065-05-24,0.13657870092799382
2065-05-25,0.16189530655736478
2065-05-26,0.17061136889850548
2065-05-27,0.15587959003487137
2065-05-28,0.14766882896116254
2065-05-29,0.12886845190006208
2065-05-30,0.07477462904657768
2065-05-31,0.07053046596183325
2065-06-01,0.07412339103154701
2065-06-02,0.07819095698451568
2065-06-03,0.06455558408412301
2065-06-04,0.050916295419997454
2065-06-05,0.04519471243155362
2065-06-06,0.040270466005617
2065-06-07,0.035898336759737845
2065-06-08,0.03180431060543704
2065-06-09,0.028206621423029574
2065-06-10,0.025190299194770133
2065-06-11,0.02267547798594453
2065-06-12,0.020610750919283626
2065-06-13,0.018903556079834
2065-06-14,0.017442650894071075
2065-06-15,0.016176392289329995
2065-06-16,0.01506014128052499
2065-06-17,0.014106292589995227
2065-06-18,0.013303606685147224
2065-06-19,0.012637428934627007
2065-06-20,0.012135210746505035
2065-06-21,0.011759863843588523
2065-06-22,0.01143612936467715
2065-06-23,0.011163254521804531
2065-06-24,0.01091886387842356
2065-06-25,0.010680427193034902
2065-06-26,0.02673885356804892
2065-06-27,0.010291902047887797
2065-06-28,0.010140120918623463
2065-06-29,0.010001115777042865
2065-06-30,0.016661641240421944
2065-07-01,0.019954333264807035
2065-07-02,0.01967903135448866
2065-07-03,0.019432152648321002
2065-07-04,0.019205107008944344
2065-07-05,0.018989011760245398
2065-07-06,0.018784778062697283
2065-07-07,0.018583974132943194
2065-07-08,0.018382974086925335
2065-07-09,0.018179026402536522
2065-07-10,0.01798313751659958
2065-07-11,0.017806705560038303
2065-07-12,0.017655042165250292
2065-07-13,0.017517861170053228
2065-07-14,0.01738868310475269
2065-07-15,0.01726688432872449
2065-07-16,0.017143776099001848
2065-07-17,0.017020671540987166
2065-07-18,0.01689518002663161
2065-07-19,0.01677246050251541
2065-07-20,0.016660026271859932
2065-07-21,0.016558969526406144
2065-07-22,0.016470464679947495
2065-07-23,0.01639401623514818
2065-07-24,0.01632738956969765
2065-07-25,0.01627316450527934
2065-07-26,0.0162285855132583
2065-07-27,0.01618650050797964
2065-07-28,0.016147333857900185
2065-07-29,0.016111693470499
2065-07-30,0.016080026567957133
2065-07-31,0.01605148704554481
2065-08-01,0.018154484317548118
2065-08-02,0.018130061048141004
2065-08-03,0.018108667122232608
2065-08-04,0.01808932921445964
2065-08-05,0.0180715587836544
2065-08-06,0.018055277991772305
2065-08-07,0.01804018081969662
2065-08-08,0.018026466868844983
2065-08-09,0.018014276463223077
2065-08-10,0.01800301216707752
2065-08-11,0.01799264200128051
2065-08-12,0.017983267879519354
2065-08-13,0.018003665461551497
2065-08-14,0.0192869909080977
2065-08-15,0.01796139470877466
2065-08-16,0.017955328427104122
2065-08-17,0.04413288945366196
2065-08-18,0.01794335779421225
2065-08-19,0.01793738083933999
2065-08-20,0.017931512504840454
2065-08-21,0.01792597375767911
2065-08-22,0.017920677763320538
2065-08-23,0.017915486736151152
2065-08-24,0.01791038855954503
2065-08-25,0.01790542645536223
2065-08-26,0.01790059229844091
2065-08-27,0.017895817156252495
2065-08-28,0.01789102427222791
2065-08-29,0.01788621840024696
2065-08-30,0.017881576865126984
2065-08-31,0.01787716376863615
2065-09-01,0.013919179815869556
2065-09-02,0.013915836297989483
2065-09-03,0.013912501370178675
2065-09-04,0.013909167124943415
2065-09-05,0.013905833770847953
2065-09-06,0.013902501385729786
2065-09-07,0.01389916978796808
2065-09-08,0.013895838847833925
2065-09-09,0.013892508842747788
2065-09-10,0.013889179472336784
2065-09-11,0.013885851174686669
2065-09-12,0.0138825235765764
2065-09-13,0.013879196316759804
2065-09-14,0.013875870444048116
2065-09-15,0.013872545047342628
2065-09-16,0.013869220774291776
2065-09-17,0.013865897088016154
2065-09-18,0.013862574082319733
2065-09-19,0.03374028145597341
2065-09-20,0.013855930742350774
2065-09-21,0.041972577015147755
2065-09-22,0.013849290326278772
2065-09-23,0.013845971612623392
2065-09-24,0.013842653476762053
2065-09-25,0.013839336201104899
2065-09-26,0.013836019620996001
2065-09-27,0.013832703918056103
2065-09-28,0.018981933665378054
2065-09-29,0.02174774412583564
2065-09-30,0.013822761503438353
2065-10-01,0.013655311289927597
2065-10-02,0.013652039002571684
2065-10-03,0.01364876716880549
2065-10-04,0.013645496497608923
2065-10-05,0.013642226420023471
2065-10-06,0.013638956971546828
2065-10-07,0.013635688570270935
2065-10-08,0.01363242099827503
2065-10-09,0.013629154021862055
2065-10-10,0.01362588791318571
2065-10-11,0.013622622451367932
2065-10-12,0.013619357859258604
2065-10-13,0.01361609399979527
2065-10-14,0.013612830953835111
2065-10-15,0.013609568928451884
2065-10-16,0.01360630745329228
2065-10-17,0.013603046670350121
2065-10-18,0.013599786958273755
2065-10-19,0.013596527850654903
2065-10-20,0.01359326939876911
2065-10-21,0.013590011876741885
2065-10-22,0.01358675520963247
2065-10-23,0.013583499147966731
2065-10-24,0.01358024400728499
2065-10-25,0.013576989651510787
2065-10-26,0.013573736015563671
2065-10-27,0.013570483205938205
2065-10-28,0.013567230989923941
2065-10-29,0.013563979763918198
2065-10-30,0.019395442375997215
2065-10-31,0.013557479530551496
2065-11-01,0.010685186156648535
2065-11-02,0.011321289303595692
2065-11-03,0.01063407283980048
2065-11-04,0.01063152456452807
2065-11-05,0.010628976730432897
2065-11-06,0.010626429517855605
2065-11-07,0.010623883045991905
2065-11-08,0.010621337103540922
2065-11-09,0.010618791856137419
2065-11-10,0.01061624714511263
2065-11-11,0.011743431542990065
2065-11-12,0.010932735210871104
2065-11-13,0.010608616699350941
2065-11-14,0.010606074356751207
2065-11-15,0.01060353262483367
2065-11-16,0.01060099167387718
2065-11-17,0.010598451233757494
2065-11-18,0.01059591133311241
2065-11-19,0.010593372060951206
2065-11-20,0.010590833637863022
2065-11-21,0.020115793175823935
2065-11-22,0.10749170598533597
2065-11-23,0.19280373789498512
2065-11-24,0.01392476531321166
2065-11-25,0.5015785937869579
2065-11-26,1.0333586639654728
2065-11-27,0.27711450550837585
2065-11-28,0.5567466191993917
2065-11-29,0.4257120313043467
2065-11-30,0.06939706477352708
2065-12-01,0.05580540498728575
2065-12-02,0.030972033772178255
2065-12-03,0.04237787175194736
2065-12-04,0.03938862335731163
2065-12-05,0.03767435659366088
2065-12-06,0.018859839595622842
2065-12-07,0.013839756822467424
2065-12-08,0.013882306756498878
2065-12-09,0.015162015451331206
2065-12-10,0.014538031667670759
2065-12-11,0.020113832402930854
2065-12-12,0.035615907107577484
2065-12-13,0.048731014378702454
2065-12-14,0.19181622824991104
2065-12-15,0.02178614628358281
2065-12-16,0.01966681698636148
2065-12-17,0.04974510633089311
2065-12-18,0.06334395723979767
2065-12-19,0.08506106944945498
2065-12-20,0.10257571246541701
2065-12-21,0.10195562567675494
2065-12-22,0.14053485887042805
2065-12-23,0.13012167883777373
2065-12-24,0.09542748777024386
2065-12-25,0.10032426425593297
2065-12-26,0.0664090397865412
2065-12-27,0.08817970642561987
2065-12-28,0.09875474844024529
2065-12-29,0.06612586588593894
2065-12-30,0.04438189911368001
2065-12-31,0.05192566304589642
2066-01-01,0.030237134210714074
2066-01-02,0.04020420275093938
2066-01-03,0.03041093833085255
2066-01-04,0.028733330755558166
2066-01-05,0.028490933473141397
2066-01-06,0.031457265563786196
2066-01-07,0.0298405054573166
2066-01-08,0.033237092932002006
2066-01-09,0.04145332701360136
2066-01-10,0.03127718812471549
2066-01-11,0.031650152409610076
2066-01-12,0.03111753682844211
2066-01-13,0.041672305552338834
2066-01-14,0.02318305735721471
2066-01-15,0.015222464464728585
2066-01-16,0.01741907527667458
2066-01-17,0.017298647720999767
2066-01-18,0.01998981795646129
2066-01-19,0.016322629300824006
2066-01-20,0.01188495596761606
2066-01-21,0.012922726105030088
2066-01-22,0.010991019944413124
2066-01-23,0.011201848139910325
2066-01-24,0.150195589752941
2066-01-25,0.01403626310666286
2066-01-26,0.016646999214962762
2066-01-27,0.010351914661994343
2066-01-28,0.009757497117216844
2066-01-29,0.009749750580631874
2066-01-30,0.025957176797781853
2066-01-31,0.037146684658460515
2066-02-01,0.0140128906975543
2066-02-02,0.05554402349673009
2066-02-03,0.025940261585705095
2066-02-04,0.009372751554618117
2066-02-05,0.00870037684464214
2066-02-06,0.008708964099107328
2066-02-07,0.008818810948602433
2066-02-08,0.31526173524611895
2066-02-09,1.5734541154409367
2066-02-10,9.668956956866179
2066-02-11,11.726674470666808
2066-02-12,3.0385381466908976
2066-02-13,0.0965424376629602
2066-02-14,0.10833653535390059
2066-02-15,0.1388602163380067
2066-02-16,0.1499892495366234
2066-02-17,0.14464557192314853
2066-02-18,0.1715743259371083
2066-02-19,0.25500329418806095
2066-02-20,0.567725236119737
2066-02-21,0.34004697175870535
2066-02-22,0.284264835071595
2066-02-23,0.2796026551832667
2066-02-24,0.35426268615187273
2066-02-25,0.2399694243486604
2066-02-26,0.2882133773143295
2066-02-27,0.2874090052736525
2066-02-28,0.27780295050055787
2066-03-01,0.3175198098278095
2066-03-02,0.30688155807938355
2066-03-03,0.298136492573307
2066-03-04,0.2848443872974474
2066-03-05,0.2752452619512604
2066-03-06,0.2627248965411165
2066-03-07,0.24223160654637413
2066-03-08,0.20933676871455054
2066-03-09,0.19295344293582467
2066-03-10,0.17820482498724155
2066-03-11,0.17169068908989707
2066-03-12,0.15419849111904413
2066-03-13,0.16330664342310164
2066-03-14,0.9722070992746599
2066-03-15,5.063294561549723
2066-03-16,4.864300526976598
2066-03-17,2.8498101605480106
2066-03-18,1.5205513520168408
2066-03-19,1.4559208033200337
2066-03-20,1.5250437872359202
2066-03-21,1.4580043786017245
2066-03-22,1.4481809594243857
2066-03-23,1.3316313793625079
2066-03-24,1.259964481409113
2066-03-25,1.6420184750956408
2066-03-26,1.7021527450982268
2066-03-27,1.4821984031778028
2066-03-28,1.2876487032032902
2066-03-29,1.1613536395159911
2066-03-30,2.049777167731894
2066-03-31,2.1876055172356987
2066-04-01,1.191522483654941
2066-04-02,1.1890253345199926
2066-04-03,1.3154327196557185
2066-04-04,1.0976483531210546
2066-04-05,1.2807618544145605
2066-04-06,1.1107395467804075
2066-04-07,1.1421189881569527
2066-04-08,1.0228804301822831
2066-04-09,0.9656746547683767
2066-04-10,0.8919678453845126
2066-04-11,0.8089565311188304
2066-04-12,0.7193948045784566
2066-04-13,0.6527231509835784
2066-04-14,0.6902281939181256
2066-04-15,1.101903907169687
2066-04-16,1.6933963325800088
2066-04-17,2.9401118183886794
2066-04-18,8.47918125075906
2066-04-19,3.9317390417896134
2066-04-20,2.074380407020155
2066-04-21,2.9836245242677197
2066-04-22,2.0632313037632515
2066-04-23,2.070065877907743
2066-04-24,2.0389509619950155
2066-04-25,1.9242916611716563
2066-04-26,1.8035835308930566
2066-04-27,1.6218830702136873
2066-04-28,1.4421994288981401
2066-04-29,1.4315514057411638
2066-04-30,1.159517081201878
2066-05-01,1.151484924498575
2066-05-02,1.0755344094444519
2066-05-03,0.9128881475681386
2066-05-04,0.800006436866687
2066-05-05,0.686591629253283
2066-05-06,0.5859879188679801
2066-05-07,0.5008406428319029
2066-05-08,0.4301993906277115
2066-05-09,0.3705235743591141
2066-05-10,0.32136937007378485
2066-05-11,0.27340503825557233
2066-05-12,0.22470940368938105
2066-05-13,0.18387879590607667
2066-05-14,0.15372799416018088
2066-05-15,0.13222891225115596
2066-05-16,0.11596404424064688
2066-05-17,0.10218697908423206
2066-05-18,0.0814146777415841
2066-05-19,0.06458762263062527
2066-05-20,0.05132918075510615
2066-05-21,0.04200968315167413
2066-05-22,0.035193813813162146
2066-05-23,0.030112133400350873
2066-05-24,0.02670610528850584
2066-05-25,0.02809318574013414
2066-05-26,0.023309336105170445
2066-05-27,0.023153959614898773
2066-05-28,0.021970493044464644
2066-05-29,0.05455830793012045
2066-05-30,0.0562204100111095
2066-05-31,0.03917630321629166
2066-06-01,0.027489543017558685
2066-06-02,0.03774921168854295
2066-06-03,0.11026012683804712
2066-06-04,0.12293406509791478
2066-06-05,0.021966565842250357
2066-06-06,0.021627224475180597
2066-06-07,0.021323646135756057
2066-06-08,0.02104257913359742
2066-06-09,0.02073112246104996
2066-06-10,0.020403033428647875
2066-06-11,0.02010767928567722
2066-06-12,0.019856587099661684
2066-06-13,0.019602154331160797
2066-06-14,0.019331374946679736
2066-06-15,0.019073653503205768
2066-06-16,0.01881715172415339
2066-06-17,0.018522926917533388
2066-06-18,0.018234861300220607
2066-06-19,0.01795830336203962
2066-06-20,0.019646053383292762
2066-06-21,0.017446944612345295
2066-06-22,0.01715141049700971
2066-06-23,0.016834822567346478
2066-06-24,0.01651811399181343
2066-06-25,0.016184543321623564
2066-06-26,0.0158258756305345
2066-06-27,0.015461459299895673
2066-06-28,0.015101903317153966
2066-06-29,0.014744769962549042
2066-06-30,0.014393958195439729
2066-07-01,0.028833851121709022
2066-07-02,0.02816413279924251
2066-07-03,0.027488080766877067
2066-07-04,0.02680767706825083
2066-07-05,0.026149684649607506
2066-07-06,0.025506859120181025
2066-07-07,0.024891330733185373
2066-07-08,0.024307660177547562
2066-07-09,0.023748031658316474
2066-07-10,0.023182687893675547
2066-07-11,0.022612274007020927
2066-07-12,0.02207791049480124
2066-07-13,0.021591809638857217
2066-07-14,0.021122063140508584
2066-07-15,0.020651632627615435
2066-07-16,0.020192850095988528
2066-07-17,0.019747066574684707
2066-07-18,0.019321434395948793
2066-07-19,0.01893520114411127
2066-07-20,0.01858452294243891
2066-07-21,0.01826918835439248
2066-07-22,0.017982764264743545
2066-07-23,0.01771966102741779
2066-07-24,0.01748248305639814
2066-07-25,0.01727027598812547
2066-07-26,0.01707845559899671
2066-07-27,0.016905234387077913
2066-07-28,0.016751759314319655
2066-07-29,0.01661678812855982
2066-07-30,0.016500900446123127
2066-07-31,0.01640300609323809
2066-08-01,0.018485323456196998
2066-08-02,0.018403650560489905
2066-08-03,0.018338371577205498
2066-08-04,0.01828477685236401
2066-08-05,0.018238270887871978
2066-08-06,0.018198171965927837
2066-08-07,0.018163767754259107
2066-08-08,0.018133873595151465
2066-08-09,0.018108867387400272
2066-08-10,0.018088065680792024
2066-08-11,0.018070904209092277
2066-08-12,0.018057672011997216
2066-08-13,0.01804706653430782
2066-08-14,0.01803829342460141
2066-08-15,0.018031095395506312
2066-08-16,0.018025040128483355
2066-08-17,0.018018623930554367
2066-08-18,0.01801185700526015
2066-08-19,0.018005317886879913
2066-08-20,0.017999396665154325
2066-08-21,0.017994290258314973
2066-08-22,0.017989438102002892
2066-08-23,0.017984678001805296
2066-08-24,0.01798011692897328
2066-08-25,0.017975707258863053
2066-08-26,0.017971319014524895
2066-08-27,0.017966928540604495
2066-08-28,0.01796253954922809
2066-08-29,0.01795816851751996
2066-08-30,0.19738461859831358
2066-08-31,0.09805096038764795
2066-09-01,0.01588209972162552
2066-09-02,0.013972219620790118
2066-09-03,0.013968874892436624
2066-09-04,0.013969870446358888
2066-09-05,0.013962187937507819
2066-09-06,0.013958845239915649
2066-09-07,0.013955502655087835
2066-09-08,0.013952160562233282
2066-09-09,0.013948818749793476
2066-09-10,0.013945477611945256
2066-09-11,0.013942136776466276
2066-09-12,0.013938796540735057
2066-09-13,0.013935457067412647
2066-09-14,0.013932118402402752
2066-09-15,0.013928780131570485
2066-09-16,0.0344753867068941
2066-09-17,0.013922105911060264
2066-09-18,0.013918769957390805
2066-09-19,0.013915434707253128
2066-09-20,0.013912100274409344
2066-09-21,0.013908766467259496
2066-09-22,0.013905433507341141
2066-09-23,0.013902101476483799
2066-09-24,0.013898770058347172
2066-09-25,0.01389543924494808
2066-09-26,0.013892109524268538
2066-09-27,0.013888780449240988
2066-09-28,0.013885452288305396
2066-09-29,0.013882124582420026
2066-09-30,0.013878797966260186
2066-10-01,0.013710668845546168
2066-10-02,0.013707383408034998
2066-10-03,0.013797244147948416
2066-10-04,0.013700814200447388
2066-10-05,0.01369753095890186
2066-10-06,0.013694248473667289
2066-10-07,0.013690966658956851
2066-10-08,0.013687685627181524
2066-10-09,0.3386720162601115
2066-10-10,0.2696933837535557
2066-10-11,0.13582137447417716
2066-10-12,0.021261291242397843
2066-10-13,0.013673508062796347
2066-10-14,0.013671864970815312
2066-10-15,0.013670285175296297
2066-10-16,0.013668691594596362
2066-10-17,0.013667084813451975
2066-10-18,0.013762980968777972
2066-10-19,0.013663821622540264
2066-10-20,0.013662127000804263
2066-10-21,0.013660356340681662
2066-10-22,0.013658483174231174
2066-10-23,0.013703737396343098
2066-10-24,0.013654450403417607
2066-10-25,0.013652325822091046
2066-10-26,0.013650134959485648
2066-10-27,0.013647868324731015
2066-10-28,0.013645529373983185
2066-10-29,0.01364311092474881
2066-10-30,0.013640619592534035
2066-10-31,0.013638068568908899
2066-11-01,0.010702946547044729
2066-11-02,0.010700895817518107
2066-11-03,0.010698821995072405
2066-11-04,0.010696710854451515
2066-11-05,0.01069455821066303
2066-11-06,0.010692368671300675
2066-11-07,0.01069015081455216
2066-11-08,0.010687912648171143
2066-11-09,0.010685655597856723
2066-11-10,0.01068338299643231
2066-11-11,0.23965930108081468
2066-11-12,0.5692598056280466
2066-11-13,0.018307376144857036
2066-11-14,0.031297677668897274
2066-11-15,0.3383664574037351
2066-11-16,0.091724378953284
2066-11-17,0.03059984151194861
2066-11-18,0.021689532619711172
2066-11-19,0.019689766637191866
2066-11-20,0.038604379112413344
2066-11-21,0.05859276737525007
2066-11-22,0.46807414268497605
2066-11-23,0.31142307802329794
2066-11-24,0.3185642764621089
2066-11-25,0.029534467520489903
2066-11-26,0.18500379835008615
2066-11-27,0.7549556811414544
2066-11-28,0.09998886616873172
2066-11-29,0.01515489313548931
2066-11-30,0.014866779541815879
2066-12-01,0.10506534436833494
2066-12-02,0.022319865771166025
2066-12-03,0.014930771105007533
2066-12-04,0.014941887335240692
2066-12-05,0.014984414614187397
2066-12-06,0.01500657542570091
2066-12-07,0.015008769049003948
2066-12-08,0.020695923729939402
2066-12-09,0.026852663739370664
2066-12-10,0.041460938144059344
2066-12-11,0.026857678142988662
2066-12-12,0.022815717487612564
2066-12-13,0.018888654848712598
2066-12-14,0.6573985348137996
2066-12-15,0.03931201327852501
2066-12-16,0.016983864284280628
2066-12-17,0.44240354263307435
2066-12-18,0.507652880718208
2066-12-19,1.0773106095298868
2066-12-20,0.67269341150848
2066-12-21,0.028271893336626216
2066-12-22,0.1021110240247635
2066-12-23,0.3491949419483855
2066-12-24,0.019951026596760676
2066-12-25,0.04345345277509576
2066-12-26,0.07164367678177286
2066-12-27,0.07085640728357563
2066-12-28,0.06034257898099523
2066-12-29,0.058324882206057305
2066-12-30,0.06856358260604141
2066-12-31,0.10906498366328765
2067-01-01,0.12428433990312163
2067-01-02,0.10832930544798373
2067-01-03,0.07134780101949328
2067-01-04,0.07574116494827521
2067-01-05,0.08658399444770708
2067-01-06,0.01857836036109914
2067-01-07,0.06384403371750692
2067-01-08,0.02953101120730745
2067-01-09,0.027257359993045946
2067-01-10,0.024298473107258012
2067-01-11,0.02328407938715446
2067-01-12,0.022893304175046033
2067-01-13,0.02666377405444467
2067-01-14,0.022953965957970394
2067-01-15,0.022129652205577964
2067-01-16,0.021440281303618934
2067-01-17,0.017397501290299874
2067-01-18,0.020248115459212252
2067-01-19,0.049764464473793193
2067-01-20,0.15777336901114025
2067-01-21,0.11036313427742239
2067-01-22,0.05698005455106493
2067-01-23,0.040172420330389556
2067-01-24,0.050072934870046854
2067-01-25,0.04645883908305083
2067-01-26,0.022547298296115417
2067-01-27,0.3362210407353761
2067-01-28,0.16191819807887609
2067-01-29,0.024848989076847284
2067-01-30,0.03223151653623981
2067-01-31,1.7271382619788875
2067-02-01,0.5800753852735798
2067-02-02,0.04055778263062374
2067-02-03,0.05011567213391568
2067-02-04,0.2502145242308284
2067-02-05,0.5796324232025841
2067-02-06,0.27589731967015346
2067-02-07,0.1480370717818662
2067-02-08,0.16062788083857496
2067-02-09,0.15809961845317794
2067-02-10,0.39619587453022137
2067-02-11,0.17201935196716436
2067-02-12,0.3714220880261093
2067-02-13,0.2833507628830561
2067-02-14,0.21014451187336025
2067-02-15,0.19619006681074466
2067-02-16,0.21790356660469556
2067-02-17,0.23068528285124937
2067-02-18,0.24840952012212333
2067-02-19,0.4711815747302101
2067-02-20,0.8277943995458926
2067-02-21,0.3831042802112001
2067-02-22,0.3714610136590167
2067-02-23,0.36588822425404477
2067-02-24,0.3647597062853342
2067-02-25,0.362245563864536
2067-02-26,0.3312524257118957
2067-02-27,0.3243011118663451
2067-02-28,0.32347884332985033
2067-03-01,0.3738592646770024
2067-03-02,0.37471130593892843
2067-03-03,0.36389440645251786
2067-03-04,0.35337587729952297
2067-03-05,0.33540413828805826
2067-03-06,1.3470602311885391
2067-03-07,0.9184183232615597
2067-03-08,0.7828919853858529
2067-03-09,1.0741939806212382
2067-03-10,2.4404371298588883
2067-03-11,2.2846325434184678
2067-03-12,1.7244491016628656
2067-03-13,1.6421986172674425
2067-03-14,1.6142309611755148
2067-03-15,1.6475305701501561
2067-03-16,1.5343254555804604
2067-03-17,1.5666222335902649
2067-03-18,1.558131268564567
2067-03-19,1.5275683770119568
2067-03-20,1.35323667413638
2067-03-21,1.3931369908836568
2067-03-22,1.42767467903105
2067-03-23,1.375228428021959
2067-03-24,1.3914380150865995
2067-03-25,1.3839074670861131
2067-03-26,1.5147642020209429
2067-03-27,1.3379107372678283
2067-03-28,1.9533714840734486
2067-03-29,2.542408359741709
2067-03-30,1.3930136747120594
2067-03-31,1.3048365208565493
2067-04-01,1.2014670465693447
2067-04-02,1.1934615929419354
2067-04-03,1.2017555158273892
2067-04-04,1.1633541375828875
2067-04-05,1.1365278332310174
2067-04-06,1.0439500518115976
2067-04-07,1.0266514779237494
2067-04-08,0.9726515399785451
2067-04-09,0.9108918328916707
2067-04-10,0.8807613649059456
2067-04-11,0.9852605965531785
2067-04-12,1.107457006892806
2067-04-13,0.681525000514256
2067-04-14,0.5513936151357749
2067-04-15,0.5019461582751099
2067-04-16,0.4787954175920011
2067-04-17,0.46252499128942237
2067-04-18,0.46741690244816014
2067-04-19,0.417409113232381
2067-04-20,0.3807648458995274
2067-04-21,0.349429856596429
2067-04-22,0.28591707885454654
2067-04-23,0.29149665288079935
2067-04-24,0.24732909530537878
2067-04-25,0.23298588162746897
2067-04-26,0.2074620829577233
2067-04-27,0.2380218052303515
2067-04-28,0.29951559536435135
2067-04-29,0.44784521871095095
2067-04-30,0.49333739846822483
2067-05-01,0.31837265424143746
2067-05-02,0.30635166113817786
2067-05-03,0.30741380038263083
2067-05-04,0.29686624088828173
2067-05-05,0.27763199237462866
2067-05-06,0.2663732810249534
2067-05-07,0.2563423113673353
2067-05-08,0.23953977346605124
2067-05-09,0.22280073844369078
2067-05-10,0.21358137255663281
2067-05-11,0.21422488452544197
2067-05-12,0.25015181072326015
2067-05-13,0.17667291896102766
2067-05-14,0.17085121230101127
2067-05-15,0.1545624042756365
2067-05-16,0.14402349513243762
2067-05-17,0.12703311737422446
2067-05-18,0.11212614361223541
2067-05-19,0.09877872575367648
2067-05-20,0.08775125985432673
2067-05-21,0.08002127662710945
2067-05-22,0.07074346466797928
2067-05-23,0.054127964962534816
2067-05-24,0.04556461592217851
2067-05-25,0.0390638349491101
2067-05-26,0.034316986696806766
2067-05-27,0.038891713109849166
2067-05-28,0.027814823058154265
2067-05-29,0.030123482600490713
2067-05-30,0.024149371401068428
2067-05-31,0.023455571266259766
2067-06-01,0.02312762915711929
2067-06-02,0.022382836992603388
2067-06-03,0.037669879908445336
2067-06-04,0.0212161139325286
2067-06-05,0.02065823392013257
2067-06-06,0.020242164115696466
2067-06-07,0.019707225836404753
2067-06-08,0.019357307594049543
2067-06-09,0.03255422929687521
2067-06-10,0.0226306681105985
2067-06-11,0.019750929415383485
2067-06-12,0.018427298383151425
2067-06-13,0.01809148987781914
2067-06-14,0.02590813631060004
2067-06-15,0.035982871434744164
2067-06-16,0.0192674141471952
2067-06-17,0.017315052211090455
2067-06-18,0.016946855908250836
2067-06-19,0.01658606346553467
2067-06-20,0.01620798185305319
2067-06-21,0.015863227338407993
2067-06-22,0.015516800319067115
2067-06-23,0.01516282880097004
2067-06-24,0.01481482470907051
2067-06-25,0.014478543229533986
2067-06-26,0.014152133924499946
2067-06-27,0.013832894150245297
2067-06-28,0.013519103908233255
2067-06-29,0.013202241771781151
2067-06-30,0.012871908054333015
2067-07-01,0.025705305694619394
2067-07-02,0.025005579794322195
2067-07-03,0.024299093892716613
2067-07-04,0.02360600737483784
2067-07-05,0.02295311775482575
2067-07-06,0.022342277609586604
2067-07-07,0.021753557973559726
2067-07-08,0.02119117835640174
2067-07-09,0.02066520615165291
2067-07-10,0.020174153064253374
2067-07-11,0.019724977186760827
2067-07-12,0.019338072835832668
2067-07-13,0.01900125748335966
2067-07-14,0.018688088189532763
2067-07-15,0.018392067026577474
2067-07-16,0.01812001637750904
2067-07-17,0.01787343677867549
2067-07-18,0.01765161664944356
2067-07-19,0.01746168865704173
2067-07-20,0.01728766389872376
2067-07-21,0.017117379021609074
2067-07-22,0.016960862927384586
2067-07-23,0.01682627035851789
2067-07-24,0.01671162000435406
2067-07-25,0.01660746138390723
2067-07-26,0.016511862980810827
2067-07-27,0.016425751381009976
2067-07-28,0.016350208326695377
2067-07-29,0.01628624414499834
2067-07-30,0.016231925496140442
2067-07-31,0.016182527636202967
2067-08-01,0.018281358765843667
2067-08-02,0.018238376561095702
2067-08-03,0.01820021697966609
2067-08-04,0.01816594020527438
2067-08-05,0.01813585022222397
2067-08-06,0.018110399462703878
2067-08-07,0.01808904839218295
2067-08-08,0.018071076639080304
2067-08-09,0.01805554460110375
2067-08-10,0.018042435979239484
2067-08-11,0.018031733358399908
2067-08-12,0.01802248307070598
2067-08-13,0.018013939556704675
2067-08-14,0.018005861205293617
2067-08-15,0.017998311737673675
2067-08-16,0.8481957694653538
2067-08-17,1.6023199273842672
2067-08-18,0.6878240717868885
2067-08-19,0.03235164984262296
2067-08-20,0.019356319111098964
2067-08-21,0.0195823668386628
2067-08-22,0.01967334528879193
2067-08-23,0.01967277880578871
2067-08-24,0.01962642709506519
2067-08-25,0.019563864351471737
2067-08-26,0.01949881804558517
2067-08-27,0.019441910684488927
2067-08-28,0.019373298847508998
2067-08-29,0.019287839403769422
2067-08-30,0.019206831912755587
2067-08-31,0.01912701427284551
2067-09-01,0.014824532789785124
2067-09-02,0.014754945621142138
2067-09-03,0.014691078148444356
2067-09-04,0.014636039607601774
2067-09-05,0.014584512076024724
2067-09-06,0.014531653145554303
2067-09-07,0.014480613807941436
2067-09-08,0.014434440578018182
2067-09-09,0.014393997540130812
2067-09-10,0.014357382345163526
2067-09-11,0.014323006231431352
2067-09-12,0.01868612244838972
2067-09-13,0.014266013357981404
2067-09-14,0.014240824101984932
2067-09-15,0.01421510572146119
2067-09-16,0.01418959967472072
2067-09-17,0.014168156093159676
2067-09-18,0.014149233041349627
2067-09-19,0.0141329066114592
2067-09-20,0.01411985063695663
2067-09-21,0.014110020565837688
2067-09-22,0.014103544784114564
2067-09-23,0.01841332400449808
2067-09-24,0.014092645275295315
2067-09-25,0.014087642379132443
2067-09-26,0.014135737131150393
2067-09-27,0.014077759990219344
2067-09-28,0.01407146668160953
2067-09-29,0.014064608865329712
2067-09-30,0.014057717303488778
2067-10-01,0.013884430123011372
2067-10-02,0.01387866853078903
2067-10-03,0.013873186016494246
2067-10-04,0.01386775547272541
2067-10-05,0.013862574870652341
2067-10-06,0.013857658037856059
2067-10-07,0.013852800786031315
2067-10-08,0.013847974361539
2067-10-09,0.013843223699334826
2067-10-10,0.013838559571187164
2067-10-11,0.013834052813992494
2067-10-12,0.013829812688619963
2067-10-13,0.01382578635779309
2067-10-14,0.013821884741437689
2067-10-15,0.01381813080893787
2067-10-16,0.01381445823661442
2067-10-17,0.013810815195934608
2067-10-18,0.013807198799701863
2067-10-19,0.013803554649699448
2067-10-20,0.013799866961008427
2067-10-21,0.013796168758898171
2067-10-22,0.013792480023006749
2067-10-23,0.013788906319419553
2067-10-24,0.013785463019895382
2067-10-25,0.013782039370663019
2067-10-26,0.013778630862450132
2067-10-27,0.014034171593710799
2067-10-28,0.013771881545263804
2067-10-29,0.01376855533300228
2067-10-30,0.013765257486856166
2067-10-31,0.013761960830889926
2067-11-01,0.010799638218452621
2067-11-02,0.01079705155766547
2067-11-03,0.010794465218086042
2067-11-04,0.12183668046883413
2067-11-05,0.0723897274721551
2067-11-06,0.015264649841709773
2067-11-07,0.013039332347374878
2067-11-08,0.013297495347062956
2067-11-09,0.010975423683534912
2067-11-10,0.010776405533058345
2067-11-11,0.010773836435768602
2067-11-12,0.010771268687552736
2067-11-13,0.010768702075561326
2067-11-14,0.010766136505367549
2067-11-15,0.010763571641057453
2067-11-16,0.010761007270556277
2067-11-17,0.010838016390373259
2067-11-18,0.010755881499372913
2067-11-19,0.010753320081663015
2067-11-20,0.1135671066564169
2067-11-21,0.4696706202491667
2067-11-22,0.587749803933162
2067-11-23,0.18224424976139827
2067-11-24,0.024056262811142693
2067-11-25,0.013775654456614772
2067-11-26,0.03698058948972575
2067-11-27,0.025816783064838682
2067-11-28,0.02244016311574349
2067-11-29,0.018627161787484012
2067-11-30,0.022028907799063066
2067-12-01,0.022615795985845594
2067-12-02,0.033235753782186836
2067-12-03,0.0603830830195449
2067-12-04,0.039013021549278895
2067-12-05,0.01883508119816409
2067-12-06,0.02233635056137705
2067-12-07,0.11921828160987794
2067-12-08,0.05930052661944856
2067-12-09,0.013638271289396773
2067-12-10,0.0152816059476157
2067-12-11,0.01246701853163926
2067-12-12,0.012837775688585858
2067-12-13,0.02408731128039476
2067-12-14,0.012411334139876669
2067-12-15,0.012020822232117812
2067-12-16,0.01309267805135832
2067-12-17,0.014410042978850615
2067-12-18,0.01625822912580451
2067-12-19,0.017333010574237757
2067-12-20,0.01996497978714786
2067-12-21,0.021660807060904553
2067-12-22,0.020930627197079107
2067-12-23,0.013064993820098411
2067-12-24,0.01584981495161614
2067-12-25,0.017095205558544248
2067-12-26,0.07022643067376788
2067-12-27,0.08973130400491104
2067-12-28,0.14162887752770564
2067-12-29,0.077644467603511
2067-12-30,0.01849766774609782
2067-12-31,0.044009960633650515
2068-01-01,0.032889748697174766
2068-01-02,0.024777113749902345
2068-01-03,0.02263446748432521
2068-01-04,0.02480807778465643
2068-01-05,0.02774014890749594
2068-01-06,0.03642056039477567
2068-01-07,0.6450458695879787
2068-01-08,0.16951813002023502
2068-01-09,0.10200961773001381
2068-01-10,0.020845526375235714
2068-01-11,0.13688053714358409
2068-01-12,0.1207622405303905
2068-01-13,0.01300192933481902
2068-01-14,0.24324968612066716
2068-01-15,0.09981907381918369
2068-01-16,0.037437343038899305
2068-01-17,0.018939557787425565
2068-01-18,0.014061896150560822
2068-01-19,0.021946099039597555
2068-01-20,0.025031945662726873
2068-01-21,0.012824279999189425
2068-01-22,0.016241019738628036
2068-01-23,0.026783900045536897
2068-01-24,0.01446010230996815
2068-01-25,0.14679732160560616
2068-01-26,0.21136012674365606
2068-01-27,0.025751199986144013
2068-01-28,0.012508209436513365
2068-01-29,0.012397421943436376
2068-01-30,0.015671330353833467
2068-01-31,0.03186963181021527
2068-02-01,0.054690439238610826
2068-02-02,0.06659137466099461
2068-02-03,0.052418389184461005
2068-02-04,0.04163326307275663
2068-02-05,0.04196735345609171
2068-02-06,0.0421707551445888
2068-02-07,0.03606474727478451
2068-02-08,0.056047473814949546
2068-02-09,0.22343768172874484
2068-02-10,0.18269507564498821
2068-02-11,0.23358346196871918
2068-02-12,0.5945968484032044
2068-02-13,0.3581397009957232
2068-02-14,0.03750108042158831
2068-02-15,0.06378651786359071
2068-02-16,0.07909294528918862
2068-02-17,0.08955836756885752
2068-02-18,0.09053090756404243
2068-02-19,0.045908280091834196
2068-02-20,0.02867163402651403
2068-02-21,0.030422721614192384
2068-02-22,0.028106032289199008
2068-02-23,0.02777683454166024
2068-02-24,0.02205724205252301
2068-02-25,0.019504909201813372
2068-02-26,0.01885008733408489
2068-02-27,0.02991941298486153
2068-02-28,0.020487979347365754
2068-02-29,0.022270717610009597
2068-03-01,0.017041322498236904
2068-03-02,0.017094419237095145
2068-03-03,0.017019791923158233
2068-03-04,0.015895427556113253
2068-03-05,0.04173030966357602
2068-03-06,0.04294823892302857
2068-03-07,0.015234017345306525
2068-03-08,0.015710566237286314
2068-03-09,0.015146744122851639
2068-03-10,0.015028017484382554
2068-03-11,0.014880013992083318
2068-03-12,0.1408368109715424
2068-03-13,0.026283218288476122
2068-03-14,0.014793886472361552
2068-03-15,0.01464973399970041
2068-03-16,0.014508245729380349
2068-03-17,0.014355213785080418
2068-03-18,0.014204799378601229
2068-03-19,0.017461162300235214
2068-03-20,0.01682714413124738
2068-03-21,0.014972348173570274
2068-03-22,0.013874121340966224
2068-03-23,0.013704365171284013
2068-03-24,0.013503032605090339
2068-03-25,0.013273879589439869
2068-03-26,0.013054749659786044
2068-03-27,0.22377669809216866
2068-03-28,0.1561676017133379
2068-03-29,0.015791389797638708
2068-03-30,0.013159531822442113
2068-03-31,0.013126998069730656
2068-04-01,0.011911185861651562
2068-04-02,0.011696370803690834
2068-04-03,0.011497026529994228
2068-04-04,0.01132543310862718
2068-04-05,0.011158368300890613
2068-04-06,0.011128298008748833
2068-04-07,0.010854793747639611
2068-04-08,0.010690764929705693
2068-04-09,0.010538732077036851
2068-04-10,0.010389591010448668
2068-04-11,0.010252200369157116
2068-04-12,0.01468456381290646
2068-04-13,0.011000655823766171
2068-04-14,0.010025834693937552
2068-04-15,0.009907125249153314
2068-04-16,0.009781493812984599
2068-04-17,0.0096704125818012
2068-04-18,0.009571683341574749
2068-04-19,0.009851143925651387
2068-04-20,0.012931576800967353
2068-04-21,0.01653067879470697
2068-04-22,0.009755596821381494
2068-04-23,0.009146426431679627
2068-04-24,0.23437939031653368
2068-04-25,0.19353761831095084
2068-04-26,0.08214705465568996
2068-04-27,0.07139111557657107
2068-04-28,0.01204145656255777
2068-04-29,0.012791058430530097
2068-04-30,0.009472167473448069
2068-05-01,0.014295255570146189
2068-05-02,0.014834345412492747
2068-05-03,0.011090316718921621
2068-05-04,0.01184032433267257
2068-05-05,0.011188009012775675
2068-05-06,0.014376019185443234
2068-05-07,0.018671342190769782
2068-05-08,0.01412920043395209
2068-05-09,0.01996818436511839
2068-05-10,0.011777636949687071
2068-05-11,0.011715189281201781
2068-05-12,0.009749321308170748
2068-05-13,0.01493230930381567
2068-05-14,0.015336005839737463
2068-05-15,0.016260503035817234
2068-05-16,0.05869575895975541
2068-05-17,0.061911851764706524
2068-05-18,0.009822571168489
2068-05-19,0.009545587985424356
2068-05-20,0.009476747549468381
2068-05-21,0.1191341611059224
2068-05-22,0.05976355439833321
2068-05-23,0.0785349522990839
2068-05-24,0.01937550472493155
2068-05-25,0.016693718107340706
2068-05-26,0.010016946358289655
2068-05-27,0.011292062448970427
2068-05-28,0.009443276781303628
2068-05-29,0.00939871374475487
2068-05-30,0.009344875285439857
2068-05-31,0.00928056461625265
2068-06-01,0.009649967502770036
2068-06-02,0.009579424033111336
2068-06-03,0.00951980997937441
2068-06-04,0.009466993298543733
2068-06-05,0.009416585658534855
2068-06-06,0.009362779939752394
2068-06-07,0.00931433638523498
2068-06-08,0.009465066115515244
2068-06-09,0.009205089337716998
2068-06-10,0.009131493581480908
2068-06-11,0.009050387138719862
2068-06-12,0.008971040364050333
2068-06-13,0.00889495585731942
2068-06-14,0.008819777153003788
2068-06-15,0.00874399579724059
2068-06-16,0.008674726177486741
2068-06-17,0.00861278910871702
2068-06-18,0.008548492068962516
2068-06-19,0.008574541353834094
2068-06-20,0.008433348496877099
2068-06-21,0.008380242037886084
2068-06-22,0.008330215036793202
2068-06-23,0.008282390672308479
2068-06-24,0.00823574327642484
2068-06-25,0.008193428464380923
2068-06-26,0.008156989250564779
2068-06-27,0.00812198827000117
2068-06-28,0.008087409988922925
2068-06-29,0.008053580377707478
2068-06-30,0.012103799762777848
2068-07-01,0.016393213927356768
2068-07-02,0.016337882588398994
2068-07-03,0.016288977667139597
2068-07-04,0.01624029690897104
2068-07-05,0.016192187889809043
2068-07-06,0.016783661409781016
2068-07-07,0.01610864731588116
2068-07-08,0.03442529179957354
2068-07-09,0.016051039516823212
2068-07-10,0.016028084869300855
2068-07-11,0.01600055991582595
2068-07-12,0.015975238550471598
2068-07-13,0.015952254309842203
2068-07-14,0.015931459472731547
2068-07-15,0.015912246553577945
2068-07-16,0.01656854277206959
2068-07-17,0.015879767219466025
2068-07-18,0.01586650793413634
2068-07-19,0.015853865747999157
2068-07-20,0.015842105815835953
2068-07-21,0.015831233874831197
2068-07-22,0.015821632035995816
2068-07-23,0.01581340348495817
2068-07-24,0.0158060866113288
2068-07-25,0.0157994822255129
2068-07-26,0.015793460304254152
2068-07-27,0.015788065280196384
2068-07-28,0.015783158137451445
2068-07-29,0.015778493581943897
2068-07-30,0.015774038176924025
2068-07-31,0.01576974114061177
2068-08-01,0.01785927681525534
2068-08-02,0.017854598361330867
2068-08-03,0.017849931251366104
2068-08-04,0.017845381204714343
2068-08-05,0.01784102547767861
2068-08-06,0.01783674980929872
2068-08-07,0.017832475278774865
2068-08-08,0.017828201820756846
2068-08-09,0.017823929273792265
2068-08-10,0.017819658006914967
2068-08-11,0.017815387652373026
2068-08-12,0.017811118167880204
2068-08-13,0.017806849898125334
2068-08-14,0.017802582534298828
2068-08-15,0.01779831629551385
2068-08-16,0.01779405107285439
2068-08-17,0.01778978675484199
2068-08-18,0.017785523322255224
2068-08-19,0.017781261277391228
2068-08-20,0.017777000010318334
2068-08-21,0.017772739869568635
2068-08-22,0.017768480793636902
2068-08-23,0.017764222518560593
2068-08-24,0.017759965417218262
2068-08-25,0.017755709388382026
2068-08-26,0.017751454348762713
2068-08-27,0.017747200525162408
2068-08-28,0.01774294749729254
2068-08-29,0.01773869529206117
2068-08-30,0.017734444273377933
2068-08-31,0.01773019443611664
2068-09-01,0.013804783575815783
2068-09-02,0.013801475218542884
2068-09-03,0.013798167681557637
2068-09-04,0.013794860973841836
2068-09-05,0.013791555178221716
2068-09-06,0.013788250216860384
2068-09-07,0.013784945840278447
2068-09-08,0.013781642441655084
2068-09-09,0.013778339683694633
2068-09-10,0.013775037979534244
2068-09-11,0.013771736758365842
2068-09-12,0.013768436296612311
2068-09-13,0.013765137029365132
2068-09-14,0.013761838282032892
2068-09-15,0.013758540058607013
2068-09-16,0.07626904171937578
2068-09-17,0.013751946610496122
2068-09-18,0.013936972077044668
2068-09-19,0.013745356326779874
2068-09-20,0.0137420624462887
2068-09-21,0.013738769179516597
2068-09-22,0.013735476691119677
2068-09-23,0.013732185144756557
2068-09-24,0.04078008761983687
2068-09-25,0.013725604361210026
2068-09-26,0.04343513790746503
2068-09-27,0.0387498767464438
2068-09-28,0.022801083220686587
2068-09-29,0.03336281317553798
2068-09-30,0.051901057449668914
2068-10-01,0.025334353050917795
2068-10-02,0.06657270927026882
2068-10-03,0.02586870772546447
2068-10-04,0.053697938582040854
2068-10-05,0.013530199073962293
2068-10-06,0.013539912931739723
2068-10-07,0.013523791741670104
2068-10-08,0.013520589504331219
2068-10-09,0.013517386045258668
2068-10-10,0.013514180992706074
2068-10-11,0.013510973512462521
2068-10-12,0.01350776304148582
2068-10-13,0.013504551189032824
2068-10-14,0.013501337758876684
2068-10-15,0.013498122993589299
2068-10-16,0.013494906792592071
2068-10-17,0.01349168905234826
2068-10-18,0.013488470187005032
2068-10-19,0.01348524980903886
2068-10-20,0.013482028408524192
2068-10-21,0.20265987827377013
2068-10-22,0.02574343746210615
2068-10-23,0.013472374049874346
2068-10-24,0.013469166775718557
2068-10-25,0.013465963099711755
2068-10-26,0.013462761160164299
2068-10-27,0.01345955956278149
2068-10-28,0.013456357967370587
2068-10-29,0.013453155236999607
2068-10-30,0.013449951550146154
2068-10-31,0.013446747077399339
2068-11-01,0.010552288178503441
2068-11-02,0.010549772138580537
2068-11-03,0.010547255775901538
2068-11-04,0.01054473966012721
2068-11-05,0.010542224220824277
2068-11-06,0.02493111299410596
2068-11-07,0.12521067756125848
2068-11-08,0.03752700960036177
2068-11-09,0.11722892632344029
2068-11-10,0.403169529093416
2068-11-11,0.29949982396958996
2068-11-12,0.43972406206303394
2068-11-13,0.046414991568821874
2068-11-14,0.04157339483855756
2068-11-15,0.08732938054774034
2068-11-16,0.021131477903188745
2068-11-17,0.11459611963498925
2068-11-18,1.4793870470956705
2068-11-19,37.863790868084635
2068-11-20,41.02744141097623
2068-11-21,40.26750284462446
2068-11-22,16.527343486772104
2068-11-23,1.4826247260655276
2068-11-24,0.09447090663572008
2068-11-25,0.28624576831861626
2068-11-26,0.46346594440878636
2068-11-27,0.050053041371510884
2068-11-28,0.0314015801762128
2068-11-29,0.031184051833743873
2068-11-30,0.03164205953950655
2068-12-01,0.03658626233314816
2068-12-02,0.03214811552549103
2068-12-03,0.040024389178843114
2068-12-04,0.03743718267594214
2068-12-05,0.03244956435313025
2068-12-06,0.17297237342360536
2068-12-07,0.6800849026217614
2068-12-08,0.4119215083222378
2068-12-09,0.24693702954060498
2068-12-10,0.07059367003851784
2068-12-11,0.13007588534962447
2068-12-12,0.09959615933141319
2068-12-13,0.08261992344446119
2068-12-14,0.09432171642357445
2068-12-15,0.09342995472466935
2068-12-16,0.10410424890928935
2068-12-17,0.1064309242203772
2068-12-18,0.10660376120483031
2068-12-19,0.1339239882915415
2068-12-20,0.1407899678716132
2068-12-21,0.143553217607456
2068-12-22,0.3248948186262043
2068-12-23,0.5208886080391191
2068-12-24,0.9646641034776778
2068-12-25,0.23760825076024478
2068-12-26,0.5239431359718417
2068-12-27,0.8888475317942708
2068-12-28,0.5534142591594223
2068-12-29,0.5658799284674411
2068-12-30,0.5929371423965373
2068-12-31,0.6035508036974296
2069-01-01,0.3874796302756234
2069-01-02,0.596872337723846
2069-01-03,1.3181554178499773
2069-01-04,0.6309481751094411
2069-01-05,0.7301916027931473
2069-01-06,0.7942972127395747
2069-01-07,0.7246583060292674
2069-01-08,0.80774089669792
2069-01-09,1.6382822441846978
2069-01-10,2.149870917774321
2069-01-11,2.222636057007679
2069-01-12,1.850630952431817
2069-01-13,1.7256871731591161
2069-01-14,1.607635786074175
2069-01-15,1.5615951335959393
2069-01-16,1.532709283563919
2069-01-17,1.4634742471989897
2069-01-18,1.354116340459754
2069-01-19,1.252658901088947
2069-01-20,1.1969160337147537
2069-01-21,1.1161780252072129
2069-01-22,1.0185093411979969
2069-01-23,0.977787821144618
2069-01-24,0.8877949015674701
2069-01-25,0.8316059346499074
2069-01-26,0.7976988694025843
2069-01-27,0.744461855646995
2069-01-28,0.7324732554578848
2069-01-29,0.7725245282603456
2069-01-30,0.8052073004533257
2069-01-31,0.8206508791730722
2069-02-01,0.7001793946797136
2069-02-02,1.0881709858476405
2069-02-03,4.238859429831035
2069-02-04,3.8865466398677295
2069-02-05,1.8194560895826721
2069-02-06,1.653665825504117
2069-02-07,1.628049934476236
2069-02-08,1.5603763779553392
2069-02-09,1.4332325163318318
2069-02-10,1.4728304920207393
2069-02-11,1.818455009847823
2069-02-12,2.6792654961978117
2069-02-13,2.633795246291043
2069-02-14,2.3433285047539276
2069-02-15,2.216133687060308
2069-02-16,1.9816610817284297
2069-02-17,2.1098770614998843
2069-02-18,2.188079833920322
2069-02-19,1.9614273222161782
2069-02-20,1.8367541736809128
2069-02-21,1.8422984703487422
2069-02-22,1.6522062471719685
2069-02-23,1.4625395167811557
2069-02-24,1.387720422264338
2069-02-25,1.3966199602194844
2069-02-26,1.2696723066279687
2069-02-27,1.1781750422145627
2069-02-28,1.0619787308450688
2069-03-01,1.1873360412258884
2069-03-02,1.1528486812554424
2069-03-03,1.2666986930159654
2069-03-04,1.1526588755001361
2069-03-05,1.2191699171184682
2069-03-06,1.5575254830241319
2069-03-07,1.4935398002425095
2069-03-08,1.345035690920131
2069-03-09,1.3023957154700017
2069-03-10,1.248723971413206
2069-03-11,1.1918147683472928
2069-03-12,1.1353505719243508
2069-03-13,1.417882278949926
2069-03-14,2.766734823268512
2069-03-15,6.714189408772307
2069-03-16,3.2356287768984804
2069-03-17,2.237215710983731
2069-03-18,1.9421827913077117
2069-03-19,1.9234937682893491
2069-03-20,1.9203688681351403
2069-03-21,1.9640244788863543
2069-03-22,1.8646507241653654
2069-03-23,1.8513466707359323
2069-03-24,1.8197666963230898
2069-03-25,2.075521907623239
2069-03-26,2.4132984850699204
2069-03-27,2.811964839289814
2069-03-28,2.224502244703287
2069-03-29,2.3582292560674105
2069-03-30,2.131990924737983
2069-03-31,1.8754888925443627
2069-04-01,1.6412486898420058
2069-04-02,1.535506706250484
2069-04-03,1.5088410890632284
2069-04-04,1.4437089123832196
2069-04-05,1.7819856066283375
2069-04-06,1.7549851444113023
2069-04-07,1.5732395032608864
2069-04-08,1.4404612250578206
2069-04-09,1.3865103259845608
2069-04-10,1.3253252031535885
2069-04-11,1.2735473295504645
2069-04-12,1.197712787729207
2069-04-13,1.1270005648276034
2069-04-14,1.15622156853576
2069-04-15,1.4487731834187139
2069-04-16,1.5241146869734044
2069-04-17,1.6971570960100102
2069-04-18,1.4108175600992698
2069-04-19,1.4108997075769527
2069-04-20,1.4122070363426544
2069-04-21,1.4414331912618557
2069-04-22,1.5718585878819704
2069-04-23,1.5255356688530468
2069-04-24,1.4814495358185975
2069-04-25,1.4121965034599357
2069-04-26,1.3566179039422495
2069-04-27,1.4993953106381628
2069-04-28,1.5728215310410323
2069-04-29,1.2389212290457756
2069-04-30,1.15558909859664
2069-05-01,1.2641962585106188
2069-05-02,1.4255538714392717
2069-05-03,1.2868111939565836
2069-05-04,0.9856760737598756
2069-05-05,0.8681072484447706
2069-05-06,0.9609517718709841
2069-05-07,1.0003462117549862
2069-05-08,0.9337288082428368
2069-05-09,0.8522509572001751
2069-05-10,0.766443298833869
2069-05-11,0.6586658084857312
2069-05-12,0.4594120263558199
2069-05-13,0.35708138117968297
2069-05-14,0.39478175366200935
2069-05-15,0.377013266653532
2069-05-16,0.36456009409298046
2069-05-17,0.3540683445384007
2069-05-18,0.29476907262454205
2069-05-19,0.246530832059952
2069-05-20,0.26397161684071024
2069-05-21,0.2614383318827612
2069-05-22,0.25000426862935865
2069-05-23,0.2348620851018836
2069-05-24,0.24408503893447603
2069-05-25,0.23118038258884965
2069-05-26,0.2015643814886379
2069-05-27,0.1807053786297484
2069-05-28,0.1895956682489568
2069-05-29,0.12033387939316002
2069-05-30,0.10505561328443666
2069-05-31,0.10755996505926306
2069-06-01,0.10598066858502114
2069-06-02,0.10544680011486586
2069-06-03,0.10681885816854221
2069-06-04,0.13595163907947955
2069-06-05,0.1399745819286409
2069-06-06,0.08197182936213443
2069-06-07,0.0779838381948583
2069-06-08,0.07304753661033853
2069-06-09,0.06752794336678633
2069-06-10,0.06413603941659361
2069-06-11,0.058123116691494635
2069-06-12,0.05217988007318899
2069-06-13,0.04678285849181845
2069-06-14,0.04183859063491569
2069-06-15,0.03728134687284077
2069-06-16,0.033211185006049665
2069-06-17,0.02972947349362591
2069-06-18,0.026744434306107755
2069-06-19,0.024214890826025594
2069-06-20,0.02204724171105887
2069-06-21,0.020129267452035575
2069-06-22,0.018450247034537192
2069-06-23,0.017023911534110855
2069-06-24,0.01581841804427234
2069-06-25,0.014789762827702847
2069-06-26,0.013912496411648803
2069-06-27,0.01315828641169973
2069-06-28,0.012551852591227094
2069-06-29,0.012102965835272438
2069-06-30,0.011761695872402516
2069-07-01,0.02349525182510635
2069-07-02,0.022889058679950308
2069-07-03,0.022305026161318898
2069-07-04,0.021759387458180717
2069-07-05,0.021255211749682253
2069-07-06,0.0207865777426649
2069-07-07,0.020352715393086692
2069-07-08,0.019947191830046642
2069-07-09,0.01956858309934396
2069-07-10,0.019214268202096676
2069-07-11,0.0188858109895571
2069-07-12,0.018588545348339033
2069-07-13,0.01832708949871392
2069-07-14,0.01810333477752287
2069-07-15,0.01791223013278437
2069-07-16,0.02054817747407342
2069-07-17,0.017576141914235954
2069-07-18,0.0174052552887449
2069-07-19,0.01723942259287644
2069-07-20,0.01708733067492404
2069-07-21,0.016953326463897765
2069-07-22,0.016833297594788153
2069-07-23,0.016724633974116138
2069-07-24,0.016628765343037692
2069-07-25,0.01654279871688357
2069-07-26,0.016462134352692635
2069-07-27,0.016388714326103337
2069-07-28,0.016323868511433273
2069-07-29,0.016266281920278222
2069-07-30,0.01621492638842756
2069-07-31,0.016168801175233633
2069-08-01,0.01827089897340782
2069-08-02,0.018232196306773654
2069-08-03,0.018197707199280627
2069-08-04,0.018166881322144397
2069-08-05,0.018139779462231675
2069-08-06,0.018115810718770685
2069-08-07,0.01809456399397515
2069-08-08,0.018075879242288838
2069-08-09,0.018059710971266782
2069-08-10,0.018045341853860707
2069-08-11,0.01803246640912774
2069-08-12,0.018021026575673973
2069-08-13,0.018010336932540522
2069-08-14,0.01800011056069613
2069-08-15,0.017990946384845847
2069-08-16,0.01798324415497178
2069-08-17,0.017976383766619086
2069-08-18,0.017969967208625356
2069-08-19,0.01796399477442314
2069-08-20,0.017958381340104232
2069-08-21,0.01795304930339736
2069-08-22,0.01794796268602173
2069-08-23,0.017943043730659806
2069-08-24,0.017938229427270407
2069-08-25,0.017933506800710635
2069-08-26,0.01792879636894018
2069-08-27,0.017924058128898433
2069-08-28,0.01791930109886116
2069-08-29,0.017914631296740306
2069-08-30,0.01791019921676694
2069-08-31,0.017905907160958925
2069-09-01,0.0139415939196031
2069-09-02,0.013938253081130017
2069-09-03,0.013934912585940462
2069-09-04,0.013931573443926712
2069-09-05,0.013928234818833622
2069-09-06,0.013924896694694813
2069-09-07,0.013921559748098066
2069-09-08,0.013918223606820252
2069-09-09,0.05089104420923393
2069-09-10,0.2075840596649739
2069-09-11,1.24771107964299
2069-09-12,1.3073239939049799
2069-09-13,0.02562503696128279
2069-09-14,0.22018198160349362
2069-09-15,0.015589320265266797
2069-09-16,0.015675693813719655
2069-09-17,0.015663572309642257
2069-09-18,0.015595964413548453
2069-09-19,0.015502456702648945
2069-09-20,0.015404093031877893
2069-09-21,0.015310472332825153
2069-09-22,0.015229779653362955
2069-09-23,0.015145027380726537
2069-09-24,0.015048392870577488
2069-09-25,0.014963008120148794
2069-09-26,0.014894304520181503
2069-09-27,0.014830212811544296
2069-09-28,0.014764205517420413
2069-09-29,0.014697326752368713
2069-09-30,0.014629509993246683
2069-10-01,0.01439675227053559
2069-10-02,0.01435048965061894
2069-10-03,0.01431300365001455
2069-10-04,0.014276644385793524
2069-10-05,0.014239649418652429
2069-10-06,0.0142073610267744
2069-10-07,0.01418209815661851
2069-10-08,0.014163347323020586
2069-10-09,0.014147173996766236
2069-10-10,0.014130199917168886
2069-10-11,0.0141112966952016
2069-10-12,0.014089671672124063
2069-10-13,0.014067242375453887
2069-10-14,0.014046204843648347
2069-10-15,0.014027126854579172
2069-10-16,0.014009817628444636
2069-10-17,0.013993402040950467
2069-10-18,0.013978145121563923
2069-10-19,0.04534468908817545
2069-10-20,0.11651374607401353
2069-10-21,0.021649930862859736
2069-10-22,0.01437641043775439
2069-10-23,0.014134800311042056
2069-10-24,0.04690619155802013
2069-10-25,0.02242974670621592
2069-10-26,0.019556830352303597
2069-10-27,0.013923686868539788
2069-10-28,0.013918013547819205
2069-10-29,0.013912167570175037
2069-10-30,0.013905956342432678
2069-10-31,0.013899665807500291
2069-11-01,0.01090569695160646
2069-11-02,0.010901765454919228
2069-11-03,0.010898366034222838
2069-11-04,0.010895124662559158
2069-11-05,0.010891917140799111
2069-11-06,0.010888846808902791
2069-11-07,0.014414059461228684
2069-11-08,0.010944166523064739
2069-11-09,0.01088078844522384
2069-11-10,0.010878216125018488
2069-11-11,0.010875618232787836
2069-11-12,0.010872984719753108
2069-11-13,0.010870338443538357
2069-11-14,0.010867692904166996
2069-11-15,0.010865050237865636
2069-11-16,0.0108624031125783
2069-11-17,0.010859739861876277
2069-11-18,0.010857056789932878
2069-11-19,0.01085440229775991
2069-11-20,0.010851772313368828
2069-11-21,0.010849150013201424
2069-11-22,0.36652104062195245
2069-11-23,0.017283396534831765
2069-11-24,0.014529113653323314
2069-11-25,0.01097930996033037
2069-11-26,0.010843007700799325
2069-11-27,0.3364470746907817
2069-11-28,0.43670913830219893
2069-11-29,0.48711724586529176
2069-11-30,0.013851941968381938
2069-12-01,0.5380426961506222
2069-12-02,0.3165296333256588
2069-12-03,0.050418946285902974
2069-12-04,0.04727883272360505
2069-12-05,0.07825873765388726
2069-12-06,0.03704002851433153
2069-12-07,0.04402379923822017
2069-12-08,0.031305911494985655
2069-12-09,0.050977842392216824
2069-12-10,0.10741842219045515
2069-12-11,0.061815525669627926
2069-12-12,0.06350376699471909
2069-12-13,0.057411873928384906
2069-12-14,0.06330259981835588
2069-12-15,0.0554880570376359
2069-12-16,0.03074412401328758
2069-12-17,0.0344352874340825
2069-12-18,0.02944517241067261
2069-12-19,0.02559491384238458
2069-12-20,0.06930726701631314
2069-12-21,0.028087243653923715
2069-12-22,0.05381591374750646
2069-12-23,0.040501541504176564
2069-12-24,0.039637489347007525
2069-12-25,0.03815280305788381
2069-12-26,0.035338680032401815
2069-12-27,0.046023095004637166
2069-12-28,0.04586046113248272
2069-12-29,0.037964815747212124
2069-12-30,0.038257763635184516
2069-12-31,0.026239769332630704
2070-01-01,0.02263050258684293
2070-01-02,0.02249994060919662
2070-01-03,0.01725674102807481
2070-01-04,0.023446508957162153
2070-01-05,0.05217887319773152
2070-01-06,0.024294075888973657
2070-01-07,0.024451743553792444
2070-01-08,0.9674780317784957
2070-01-09,0.42738896346884675
2070-01-10,0.027573861637537892
2070-01-11,0.020856353663126045
2070-01-12,0.019451774090548483
2070-01-13,0.01684601072660079
2070-01-14,0.018838734486214374
2070-01-15,0.01315086824874194
2070-01-16,0.02079456066931041
2070-01-17,0.015061028283193913
2070-01-18,0.022632994305482056
2070-01-19,0.03939023052428939
2070-01-20,0.031056625638663984
2070-01-21,0.4721118123471074
2070-01-22,0.8457651340856203
2070-01-23,0.5363555019727361
2070-01-24,0.22678683675075043
2070-01-25,2.3282863547199497
2070-01-26,4.792736272449735
2070-01-27,16.34650913900036
2070-01-28,4.089015482776347
2070-01-29,0.8018259800731473
2070-01-30,5.48096637483904
2070-01-31,16.20874240602984
2070-02-01,6.768341421546146
2070-02-02,2.644240061715604
2070-02-03,1.895438612107823
2070-02-04,1.7499248911022807
2070-02-05,1.794625017940944
2070-02-06,1.8512490868057125
2070-02-07,1.8816853664884552
2070-02-08,2.9831482743715267
2070-02-09,4.410836251831342
2070-02-10,3.0687407874834016
2070-02-11,7.139816706904034
2070-02-12,11.117704493161384
2070-02-13,3.0892069716516377
2070-02-14,2.611565002267191
2070-02-15,3.1479549779701643
2070-02-16,1.8771664713589555
2070-02-17,1.785643449090356
2070-02-18,1.766894109577497
2070-02-19,1.795276077656959
2070-02-20,2.15714351772502
2070-02-21,2.040452481162447
2070-02-22,1.9025761691363243
2070-02-23,2.0311874656610343
2070-02-24,2.1061804587180655
2070-02-25,1.7776934228631258
2070-02-26,1.7101346062213756
2070-02-27,1.6170723361611017
2070-02-28,1.511956237040902
2070-03-01,1.6677239226038638
2070-03-02,1.6008409340948393
2070-03-03,1.5800940463906745
2070-03-04,1.6149418884790157
2070-03-05,1.7206738119506737
2070-03-06,1.4512528179954605
2070-03-07,1.332902661049538
2070-03-08,1.4794816900827197
2070-03-09,1.1588176403361479
2070-03-10,1.2160551402147286
2070-03-11,1.2928160540849876
2070-03-12,1.1810856852689702
2070-03-13,1.1821556751421767
2070-03-14,1.1257927153373606
2070-03-15,1.0842328562103072
2070-03-16,1.314079998418944
2070-03-17,1.3521298295513349
2070-03-18,1.3199998614129764
2070-03-19,1.2556893299084642
2070-03-20,1.1987767839407386
2070-03-21,1.1315819704316314
2070-03-22,1.0654291178852255
2070-03-23,0.9978129238961175
2070-03-24,0.9437212257633417
2070-03-25,0.9380302024103769
2070-03-26,1.2287377603617005
2070-03-27,1.032103904090354
2070-03-28,0.9538973299579853
2070-03-29,0.9561336370272893
2070-03-30,1.0145362304345702
2070-03-31,0.9105576398785499
2070-04-01,0.8640333814932346
2070-04-02,0.9408505797596995
2070-04-03,1.0015104420591092
2070-04-04,1.0301449595380128
2070-04-05,1.1079637901578396
2070-04-06,1.1392552222138572
2070-04-07,1.098596852823557
2070-04-08,1.1344598171333138
2070-04-09,1.0162278247659695
2070-04-10,0.7984695804868127
2070-04-11,0.7928953615959481
2070-04-12,0.8068306642248371
2070-04-13,0.7505459212148199
2070-04-14,0.7067333335708215
2070-04-15,0.6735168073412695
2070-04-16,0.6402599162505821
2070-04-17,0.6102289202413496
2070-04-18,0.596450144642538
2070-04-19,0.5568732298030574
2070-04-20,0.5450465046586772
2070-04-21,0.5542426910450958
2070-04-22,0.533570940223094
2070-04-23,0.5128973513009623
2070-04-24,0.4807019191262706
2070-04-25,0.48621396750896706
2070-04-26,0.5081285430325423
2070-04-27,0.4893297183184498
2070-04-28,0.47750026724142774
2070-04-29,0.4593514414368275
2070-04-30,0.4707013914383769
2070-05-01,0.5810196141180193
2070-05-02,0.45243282562250575
2070-05-03,0.4600104723837286
2070-05-04,0.5289116634078397
2070-05-05,0.6383432592700483
2070-05-06,0.7036492649233141
2070-05-07,0.6629707465994312
2070-05-08,0.6919014358548902
2070-05-09,0.7730781827826693
2070-05-10,0.7823124927170466
2070-05-11,0.7456224226505067
2070-05-12,0.5624407411483021
2070-05-13,0.5878022628568784
2070-05-14,0.5796497844681163
2070-05-15,0.5604085309878067
2070-05-16,0.5588625846007492
2070-05-17,0.5462390574385483
2070-05-18,0.5356137088097329
2070-05-19,0.530067742780512
2070-05-20,0.5682224688149822
2070-05-21,0.6227785325895235
2070-05-22,0.7499076487095196
2070-05-23,1.0923132411235068
2070-05-24,1.4865224232447996
2070-05-25,1.699737771391785
2070-05-26,1.4649903606810613
2070-05-27,1.5549431830554412
2070-05-28,1.3933065901366972
2070-05-29,1.4186048834132006
2070-05-30,1.4183289766653815
2070-05-31,1.3497918122662187
2070-06-01,1.2508644640608635
2070-06-02,1.1583783299987453
2070-06-03,1.1365152560503748
2070-06-04,0.9775104392090994
2070-06-05,0.913103638993538
2070-06-06,0.9549286485405349
2070-06-07,0.9250000939479628
2070-06-08,1.0239513682162003
2070-06-09,1.1223946849969382
2070-06-10,0.8046250673530586
2070-06-11,0.5107649047712555
2070-06-12,0.4418345280904517
2070-06-13,0.38634189533661023
2070-06-14,0.39714430288335495
2070-06-15,0.3601151097054941
2070-06-16,0.3178616580132875
2070-06-17,0.270218710922059
2070-06-18,0.24953269899319694
2070-06-19,0.24459876384355872
2070-06-20,0.2544718678716744
2070-06-21,0.2518724404382789
2070-06-22,0.24064624312779684
2070-06-23,0.2106363254604005
2070-06-24,0.20678450987697064
2070-06-25,0.20385264071049522
2070-06-26,0.09864723403730764
2070-06-27,0.07182056242296311
2070-06-28,0.09569992706974975
2070-06-29,0.06395951296668316
2070-06-30,0.0601178707649192
2070-07-01,0.10789337647719793
2070-07-02,0.09199201577435626
2070-07-03,0.07806690674808699
2070-07-04,0.06651202083368507
2070-07-05,0.057664271205344064
2070-07-06,0.05802910484134694
2070-07-07,0.045999997786133714
2070-07-08,0.062180184543329735
2070-07-09,0.03850753044551611
2070-07-10,0.03536409008219317
2070-07-11,0.03237543965560599
2070-07-12,0.030024228747378937
2070-07-13,0.16743067140126958
2070-07-14,0.026829255730186945
2070-07-15,0.025711125067904024
2070-07-16,0.02440017446128923
2070-07-17,0.023381666993595403
2070-07-18,0.022545009370425168
2070-07-19,0.021711185541186454
2070-07-20,0.020984820522603607
2070-07-21,0.020435078940267744
2070-07-22,0.020065901536814
2070-07-23,0.019853635982508517
2070-07-24,0.01966968870475738
2070-07-25,0.019481369797105803
2070-07-26,0.01929161797203286
2070-07-27,0.01910649389376447
2070-07-28,0.018934801459577422
2070-07-29,0.018773660905666276
2070-07-30,0.019183520784149945
2070-07-31,0.024272709117695163
2070-08-01,0.20932638963511827
2070-08-02,0.021814055279504956
2070-08-03,0.02057887298601971
2070-08-04,0.020432999989009958
2070-08-05,0.020288128904706042
2070-08-06,0.020148378315893736
2070-08-07,0.02001457024900491
2070-08-08,0.01989136097234041
2070-08-09,0.019775448987305155
2070-08-10,0.019658584442774303
2070-08-11,0.019540203987410094
2070-08-12,0.019424267888291224
2070-08-13,0.019318863194761077
2070-08-14,0.01922388229616639
2070-08-15,0.019134749827284768
2070-08-16,0.01905036370822918
2070-08-17,0.018969544192772882
2070-08-18,0.01889080754782196
2070-08-19,0.018814419984201955
2070-08-20,0.018739852507924072
2070-08-21,0.03957530683374116
2070-08-22,0.5620336903633341
2070-08-23,0.9920720599192367
2070-08-24,0.9559135590757749
2070-08-25,0.022512132415437435
2070-08-26,0.05952221614460794
2070-08-27,0.020157804643192473
2070-08-28,0.02012303245821316
2070-08-29,0.020601603150475396
2070-08-30,0.019813633843739156
2070-08-31,0.01978729759029744
2070-09-01,0.015371746211283784
2070-09-02,0.015320053934588998
2070-09-03,0.01525896589721348
2070-09-04,0.015190992392276078
2070-09-05,0.04055539533714832
2070-09-06,0.01508451535001863
2070-09-07,0.015050021062956455
2070-09-08,0.01500154437317962
2070-09-09,0.01496061903801937
2070-09-10,0.014922151556437899
2070-09-11,0.014882494201548652
2070-09-12,0.02025254452320164
2070-09-13,0.018789280743063113
2070-09-14,0.053671902312867587
2070-09-15,0.014807796510397306
2070-09-16,0.014789970530605009
2070-09-17,0.014768154589292209
2070-09-18,0.014740879759635717
2070-09-19,0.014710143389454288
2070-09-20,0.014676681540324383
2070-09-21,0.014639700733519995
2070-09-22,0.014604234318636883
2070-09-23,0.0804674829660084
2070-09-24,0.01455596678028577
2070-09-25,0.01453595892085823
2070-09-26,0.014518338618742934
2070-09-27,0.014502332332597683
2070-09-28,0.014486661523192522
2070-09-29,0.014472056350421798
2070-09-30,0.014456018956210388
2070-10-01,0.014268044049163835
2070-10-02,0.014252101513261605
2070-10-03,0.014233933872680661
2070-10-04,0.014215134792922359
2070-10-05,0.014197460521791052
2070-10-06,0.01418209360888945
2070-10-07,0.014166410533163108
2070-10-08,0.014150390091268204
2070-10-09,0.014134160251689351
2070-10-10,0.014117180365158537
2070-10-11,0.014100931163218294
2070-10-12,0.014084278984354872
2070-10-13,0.014066893826328645
2070-10-14,0.01405101773736455
2070-10-15,0.014036805396458813
2070-10-16,0.014025113669937543
2070-10-17,0.058209294536785625
2070-10-18,0.020381065943983465
2070-10-19,0.01843757550413879
2070-10-20,0.015130545284137624
2070-10-21,0.17797519133597753
2070-10-22,0.028119035576566684
2070-10-23,0.013989593842366812
2070-10-24,0.013984512032117062
2070-10-25,0.013980607895380697
2070-10-26,0.013975524187942637
2070-10-27,0.013968405276058481
2070-10-28,0.0139602015749717
2070-10-29,0.013952278636010697
2070-10-30,0.013946272061996652
2070-10-31,0.013941214491182487
2070-11-01,0.010938613620343393
2070-11-02,0.010934330705096197
2070-11-03,0.01093026361220093
2070-11-04,0.010926814080737292
2070-11-05,0.010923942451194634
2070-11-06,0.011467547349567495
2070-11-07,0.010917169211238914
2070-11-08,0.010913689287308305
2070-11-09,0.010910876040218766
2070-11-10,0.010907745066577584
2070-11-11,0.010904022254459116
2070-11-12,0.010900075863783398
2070-11-13,0.010896021110692596
2070-11-14,0.010892037801222837
2070-11-15,0.010888417852284213
2070-11-16,0.010884720724420148
2070-11-17,0.010880709560413517
2070-11-18,0.010876559920162935
2070-11-19,0.010872512702688845
2070-11-20,0.20249225022996953
2070-11-21,0.5261712051689954
2070-11-22,0.5983750594737697
2070-11-23,0.013713851735967486
2070-11-24,0.022469439333184245
2070-11-25,0.04022777107961882
2070-11-26,0.03451739293145301
2070-11-27,0.027919141596543226
2070-11-28,0.023285512944658138
2070-11-29,0.02198226365242629
2070-11-30,0.013559264632353744
2070-12-01,0.012261444647578619
2070-12-02,0.012469390983951148
2070-12-03,0.04915429706977604
2070-12-04,0.011739512801270882
2070-12-05,0.011729079921566188
2070-12-06,0.011765113953282665
2070-12-07,0.020893119677668857
2070-12-08,0.012518172336014094
2070-12-09,0.011852025324675842
2070-12-10,0.0216127658629495
2070-12-11,0.01191314721807245
2070-12-12,0.011904782123910412
2070-12-13,0.01425614399619912
2070-12-14,0.09280465106512378
2070-12-15,0.08800074688142709
2070-12-16,0.027965753864633465
2070-12-17,0.03932714282197317
2070-12-18,0.0457425341393983
2070-12-19,0.016662939798086238
2070-12-20,0.012185008190824837
2070-12-21,0.012646330952637138
2070-12-22,0.013002259692130072
2070-12-23,0.012561151309219329
2070-12-24,0.014211443123731066
2070-12-25,0.012223084812699257
2070-12-26,0.012251997309563134
2070-12-27,0.0970719793384873
2070-12-28,0.019781439297897628
2070-12-29,0.012206316600362017
2070-12-30,0.014201265260977891
2070-12-31,0.01739406150020727
2071-01-01,0.030660662202419718
2071-01-02,0.007879624566286617
2071-01-03,0.11858463660885811
2071-01-04,0.12162508772372409
2071-01-05,0.09566363325187614
2071-01-06,0.02648023076542585
2071-01-07,0.04515866105912275
2071-01-08,0.022126558588026715
2071-01-09,0.03709446084500775
2071-01-10,0.043698695340804165
2071-01-11,0.06782501655822157
2071-01-12,0.4405597986185582
2071-01-13,0.9665695932656603
2071-01-14,0.34795409288540174
2071-01-15,0.08064919911216616
2071-01-16,0.1052072417205118
2071-01-17,0.1449440951990138
2071-01-18,0.08619428502083996
2071-01-19,0.13412798233150608
2071-01-20,0.26431698230657197
2071-01-21,0.025862980749325228
2071-01-22,0.0277872570085534
2071-01-23,0.034457496756282686
2071-01-24,0.05714788814613775
2071-01-25,0.06180346704633463
2071-01-26,0.05731533575286608
2071-01-27,0.08870464400558313
2071-01-28,0.10005663250345795
2071-01-29,0.12550572369271615
2071-01-30,0.11863713079878827
2071-01-31,0.10841945392840407
2071-02-01,0.09345072527549712
2071-02-02,0.11745384652882254
2071-02-03,0.098367337923948
2071-02-04,0.08580441800073269
2071-02-05,0.07383922016214327
2071-02-06,0.05371446764688082
2071-02-07,0.028106206585566392
2071-02-08,0.023038687544068803
2071-02-09,0.04010105849739333
2071-02-10,0.04343566584646938
2071-02-11,0.03649366584990561
2071-02-12,0.038295507104998794
2071-02-13,0.0369769123819811
2071-02-14,0.03574741865305769
2071-02-15,0.0381819451305661
2071-02-16,0.035464248561614835
2071-02-17,0.05309702390976039
2071-02-18,0.04916277257895518
2071-02-19,0.028406409305752542
2071-02-20,0.016866381303163123
2071-02-21,0.018817688062555085
2071-02-22,0.0197414584052362
2071-02-23,0.02109053917088588
2071-02-24,0.19477057239980497
2071-02-25,0.09999437148918865
2071-02-26,0.04375575660125794
2071-02-27,0.03541992772310205
2071-02-28,0.1992044441623533
2071-03-01,0.16063684178879495
2071-03-02,0.025059795536614235
2071-03-03,0.027098057241977332
2071-03-04,0.018969287459720974
2071-03-05,0.017784291422290294
2071-03-06,0.016720536921649
2071-03-07,0.017231471919270408
2071-03-08,0.01740674398012796
2071-03-09,0.017297249215103973
2071-03-10,0.017447730433260193
2071-03-11,0.017261851996224695
2071-03-12,0.01695978741107146
2071-03-13,0.0162724062481634
2071-03-14,0.015349597008711784
2071-03-15,0.015283998474514938
2071-03-16,0.018611871550732944
2071-03-17,0.01537889024307404
2071-03-18,0.0149932250291173
2071-03-19,0.014796599001148828
2071-03-20,0.014590040140283556
2071-03-21,0.01436423015903639
2071-03-22,0.014122925652296362
2071-03-23,0.013848718989005684
2071-03-24,0.013543295930573185
2071-03-25,0.013462463016912242
2071-03-26,0.01646052211326125
2071-03-27,0.012813305411477521
2071-03-28,0.012606145170023062
2071-03-29,0.012330450307436113
2071-03-30,0.012127995215697513
2071-03-31,0.011937391013511996
2071-04-01,0.01078320304090351
2071-04-02,0.019210532652746266
2071-04-03,0.010579101094756339
2071-04-04,0.010381431000819862
2071-04-05,0.01024267287024046
2071-04-06,0.010116559043071285
2071-04-07,0.010009587301738013
2071-04-08,0.009884451010274641
2071-04-09,0.00973210495394572
2071-04-10,0.009578250204926976
2071-04-11,0.009423654774514532
2071-04-12,0.009273385989876645
2071-04-13,0.00913490222136342
2071-04-14,0.010563693633933408
2071-04-15,0.008913693247162012
2071-04-16,0.008828168164804428
2071-04-17,0.011578454230603392
2071-04-18,0.008636324368547763
2071-04-19,0.008536384264288932
2071-04-20,0.008447877254118077
2071-04-21,0.08754289231427856
2071-04-22,0.10603871853571874
2071-04-23,0.008867962544787071
2071-04-24,0.12463563683549118
2071-04-25,0.18492917635438072
2071-04-26,0.03633508598272581
2071-04-27,0.009088504921710058
2071-04-28,0.008295551349691848
2071-04-29,0.00824485153191918
2071-04-30,0.013228698936881549
2071-05-01,0.009179505313398865
2071-05-02,0.009102522359556374
2071-05-03,0.009008350702398549
2071-05-04,0.00891670038232853
2071-05-05,0.008824852773138155
2071-05-06,0.013113207449510543
2071-05-07,0.012273399145656
2071-05-08,0.011637044496227664
2071-05-09,0.019544178218921193
2071-05-10,0.01029372134674438
2071-05-11,0.014370822154784189
2071-05-12,0.011996337564618684
2071-05-13,0.01059153865914099
2071-05-14,0.008404037021207938
2071-05-15,0.008347448878850193
2071-05-16,0.009048253557783197
2071-05-17,0.008263525356773027
2071-05-18,0.008213110405575898
2071-05-19,0.012536726668839477
2071-05-20,0.008123097106572993
2071-05-21,0.015695812587996263
2071-05-22,0.008049715468475601
2071-05-23,0.008012676306252459
2071-05-24,0.011884712731947621
2071-05-25,0.011335197721985251
2071-05-26,0.008920945774446508
2071-05-27,0.012431800013650848
2071-05-28,0.012246450784791725
2071-05-29,0.010752606625760523
2071-05-30,0.009764519385773088
2071-05-31,0.009161654381924804
2071-06-01,0.008399100625213818
2071-06-02,0.0169723239808477
2071-06-03,0.00821554933453605
2071-06-04,0.00813711706334639
2071-06-05,0.008112353395964743
2071-06-06,0.008086135386863227
2071-06-07,0.008058895195364372
2071-06-08,0.008034672815940598
2071-06-09,0.008011269383235656
2071-06-10,0.00798729027188828
2071-06-11,0.007962878327918603
2071-06-12,0.007940461099901703
2071-06-13,0.007921793819097465
2071-06-14,0.00790419628401217
2071-06-15,0.007887249248235247
2071-06-16,0.007869899107601145
2071-06-17,0.007852453127872338
2071-06-18,0.007835615912228132
2071-06-19,0.007820057672060484
2071-06-20,0.007806185794105561
2071-06-21,0.0077937576808298804
2071-06-22,0.007782651769329769
2071-06-23,0.007772504549308362
2071-06-24,0.007763113462798412
2071-06-25,0.007754438467476219
2071-06-26,0.007746671945160257
2071-06-27,0.00773983823004716
2071-06-28,0.0077337881241575975
2071-06-29,0.007728376292853173
2071-06-30,0.007723529468855385
2071-07-01,0.015834041791477835
2071-07-02,0.01582571660416209
2071-07-03,0.015817780754764272
2071-07-04,0.015810409306613434
2071-07-05,0.01580399050267581
2071-07-06,0.01579808447662954
2071-07-07,0.015792421443902728
2071-07-08,0.01578853579046184
2071-07-09,0.015782163837563666
2071-07-10,0.015777508523539308
2071-07-11,0.015773063098642792
2071-07-12,0.015768758903291512
2071-07-13,0.015764553818040414
2071-07-14,0.015760408685921767
2071-07-15,0.015756287572610012
2071-07-16,0.01575223866729403
2071-07-17,0.015748362280221608
2071-07-18,0.015744588258694663
2071-07-19,0.015740815064037066
2071-07-20,0.015737043138528414
2071-07-21,0.01573327187926589
2071-07-22,0.01572950159392239
2071-07-23,0.015725732368465063
2071-07-24,0.015721963650893206
2071-07-25,0.01571819594117492
2071-07-26,0.01571442908547355
2071-07-27,0.01571066322970746
2071-07-28,0.01570689854807357
2071-07-29,0.01570313425555486
2071-07-30,0.015699371088528695
2071-07-31,0.015695609153323565
2071-08-01,0.017775781060605237
2071-08-02,0.017771521229946775
2071-08-03,0.017767262448729594
2071-08-04,0.017763004428646034
2071-08-05,0.017758747683524593
2071-08-06,0.01775449218133083
2071-08-07,0.019824492065065345
2071-08-08,0.01774598366920634
2071-08-09,0.021840475102554126
2071-08-10,0.017737479322812662
2071-08-11,0.01773322874363889
2071-08-12,0.017728979061423338
2071-08-13,0.017724730341515876
2071-08-14,0.017720482942700264
2071-08-15,0.017716236565135685
2071-08-16,0.017711990806472008
2071-08-17,0.017707746139535147
2071-08-18,0.01770350301536645
2071-08-19,0.017699260314049718
2071-08-20,0.017695018845409565
2071-08-21,0.01769077838905134
2071-08-22,0.017686538938567788
2071-08-23,0.017682300452955112
2071-08-24,0.01767806336275315
2071-08-25,0.01767382672615586
2071-08-26,0.017669591121060608
2071-08-27,0.01766535709076796
2071-08-28,0.017661123790855895
2071-08-29,0.03190550627622634
2071-08-30,0.017652659919066144
2071-08-31,0.017648429649591745
2071-09-01,0.013741242178481423
2071-09-02,0.013737828384293297
2071-09-03,0.01373453623419031
2071-09-04,0.013731244759677255
2071-09-05,0.013727954323995551
2071-09-06,0.013724664434174449
2071-09-07,0.013721375471418173
2071-09-08,0.013718087414770753
2071-09-09,0.01371479999479439
2071-09-10,0.013711513452984778
2071-09-11,0.013708227427098423
2071-09-12,0.013704942550812192
2071-09-13,0.01370165828026176
2071-09-14,0.013698374734198914
2071-09-15,0.013695091981480311
2071-09-16,0.013691810347426742
2071-09-17,0.01368852927420214
2071-09-18,0.013685248833657179
2071-09-19,0.013681969261299852
2071-09-20,0.013678690579084397
2071-09-21,0.013675412670254955
2071-09-22,0.013672135572731711
2071-09-23,0.013668859085933693
2071-09-24,0.013665583437386056
2071-09-25,0.013662308700934532
2071-09-26,0.013659034591174955
2071-09-27,0.013655761409478126
2071-09-28,0.03175127197351269
2071-09-29,0.013649217308362022
2071-09-30,0.01790035337103002
2071-10-01,0.013983847751077574
2071-10-02,0.04826111747964592
2071-10-03,0.013474177971922225
2071-10-04,0.01347094916409148
2071-10-05,0.013467720981425473
2071-10-06,0.013464493517600297
2071-10-07,0.013461266863334046
2071-10-08,0.013458040984114246
2071-10-09,0.013454816157025519
2071-10-10,0.013451591702668983
2071-10-11,0.01344836830044335
2071-10-12,0.013445145432664792
2071-10-13,0.01344192352334044
2071-10-14,0.013438702166212312
2071-10-15,0.013435482004194473
2071-10-16,0.013432262243504543
2071-10-17,0.08873579075621156
2071-10-18,0.01539120707199873
2071-10-19,0.013422607845412493
2071-10-20,0.013419391421564614
2071-10-21,0.013416175636686463
2071-10-22,0.013412960566705413
2071-10-23,0.013409746411791773
2071-10-24,0.01340653281893493
2071-10-25,0.013403320152978931
2071-10-26,0.013400108013580906
2071-10-27,0.013396896911522797
2071-10-28,0.013393686721574535
2071-10-29,0.01339047690041448
2071-10-30,0.020604978080770636
2071-10-31,0.033357906383116954
2071-11-01,0.01100555993108998
2071-11-02,0.010500564571907988
2071-11-03,0.011466850787226058
2071-11-04,0.03926491876648028
2071-11-05,0.1572606648165315
2071-11-06,0.2700116984744787
2071-11-07,0.3235206273359613
2071-11-08,0.8769532383137003
2071-11-09,0.9610135117586871
2071-11-10,1.0933492500220812
2071-11-11,0.033498017519734226
2071-11-12,0.024258253339012808
2071-11-13,0.034017056929341045
2071-11-14,0.03428018223863156
2071-11-15,0.023657065142870595
2071-11-16,0.019169605241138622
2071-11-17,0.020443259387363646
2071-11-18,0.01858237853181244
2071-11-19,0.015372536978157176
2071-11-20,0.11679339395966516
2071-11-21,0.6484370370309044
2071-11-22,1.1367018741913315
2071-11-23,0.6477565179183843
2071-11-24,0.17335263569846746
2071-11-25,0.024184624441716582
2071-11-26,0.022336222280962093
2071-11-27,0.026198188817892768
2071-11-28,0.022481144585476735
2071-11-29,0.2142910811598575
2071-11-30,0.3524797995019753
2071-12-01,2.3029642785796125
2071-12-02,0.6164003417213262
2071-12-03,0.057001094999512586
2071-12-04,0.054650550531431634
2071-12-05,0.10802297158847943
2071-12-06,0.027022261855384026
2071-12-07,0.023127266426915982
2071-12-08,0.02322519664033918
2071-12-09,0.023309407534227295
2071-12-10,0.023375174761055405
2071-12-11,0.023420798859249307
2071-12-12,0.07461155234314376
2071-12-13,0.05639374301324285
2071-12-14,0.024693272918324842
2071-12-15,0.02809264402670472
2071-12-16,0.0295965282120787
2071-12-17,0.024255494952451634
2071-12-18,1.7889472133884745
2071-12-19,2.3964237929623335
2071-12-20,8.522581283075327
2071-12-21,2.7822199694917993
2071-12-22,0.925484382307682
2071-12-23,0.9542892481286804
2071-12-24,2.145681846666135
2071-12-25,3.3251828345346643
2071-12-26,1.9886627710260922
2071-12-27,3.296656246022778
2071-12-28,3.3601735840578573
2071-12-29,2.6402600549927087
2071-12-30,2.767531629916489
2071-12-31,2.7227018501330718
2072-01-01,1.6229637570119357
2072-01-02,1.5050434423446664
2072-01-03,1.4445942539281345
2072-01-04,1.3707379070603798
2072-01-05,1.3382383714757857
2072-01-06,1.2482708304031576
2072-01-07,1.1462003697537333
2072-01-08,1.1042739881681358
2072-01-09,1.0281447476257652
2072-01-10,1.0025225171804217
2072-01-11,0.936618109882992
2072-01-12,0.9173990265426346
2072-01-13,0.8460732076540931
2072-01-14,0.8625165166321571
2072-01-15,1.0639095942644727
2072-01-16,0.7867834811254139
2072-01-17,0.7540115154008654
2072-01-18,0.854905255272945
2072-01-19,0.835308763378981
2072-01-20,0.7588801670680129
2072-01-21,0.7378965620361952
2072-01-22,0.7229671500836402
2072-01-23,0.6942124775803103
2072-01-24,0.6974073862447565
2072-01-25,0.6610449598715997
2072-01-26,0.6356869489512136
2072-01-27,1.4428414668583125
2072-01-28,2.547409231449075
2072-01-29,2.8411857573837525
2072-01-30,2.387834627788596
2072-01-31,3.1920421231903773
2072-02-01,3.0246117742110763
2072-02-02,3.3470692814255245
2072-02-03,1.7681144853022503
2072-02-04,1.8390807269422849
2072-02-05,2.540956991325238
2072-02-06,1.4506822296427049
2072-02-07,1.4815912044036614
2072-02-08,1.683768286980343
2072-02-09,1.469991225913223
2072-02-10,2.1054436019194123
2072-02-11,3.457806191868819
2072-02-12,1.8748936858308651
2072-02-13,1.7248325962392346
2072-02-14,1.6582709980251822
2072-02-15,1.5343980615312713
2072-02-16,1.5915123763619012
2072-02-17,1.598623001603669
2072-02-18,1.549210609553495
2072-02-19,1.4376867090821943
2072-02-20,1.3450653293381682
2072-02-21,1.2733574516316315
2072-02-22,1.187382573765334
2072-02-23,1.1597033398302317
2072-02-24,1.0190266768590683
2072-02-25,1.0883133352366416
2072-02-26,1.1805551515297958
2072-02-27,0.9840990154394881
2072-02-28,0.9837785285484019
2072-02-29,0.9856020695977528
2072-03-01,1.0839039839651377
2072-03-02,1.0622626754610327
2072-03-03,1.026578224767482
2072-03-04,0.9759784590302688
2072-03-05,0.9500983530333177
2072-03-06,0.9486437323345086
2072-03-07,0.9909903193468359
2072-03-08,0.9835037663378313
2072-03-09,0.9245505652166189
2072-03-10,0.99733212343171
2072-03-11,0.967102223138447
2072-03-12,0.8570033037059894
2072-03-13,0.8124828018387604
2072-03-14,0.768165434566588
2072-03-15,0.7332011898216437
2072-03-16,0.7131525102928051
2072-03-17,0.6863404148312211
2072-03-18,0.6571645777022459
2072-03-19,0.6428223302774928
2072-03-20,0.669821081747392
2072-03-21,0.667528027470938
2072-03-22,0.6480315049589054
2072-03-23,0.6868896639240629
2072-03-24,0.8107143833426548
2072-03-25,0.9198713242138493
2072-03-26,1.0115121884975915
2072-03-27,1.0977918194689607
2072-03-28,0.8615759003440511
2072-03-29,1.006518796108229
2072-03-30,0.8499276397848725
2072-03-31,0.8774630678280904
2072-04-01,1.1148928173742494
2072-04-02,0.8916395123807078
2072-04-03,0.9960580847991831
2072-04-04,0.7745781267950785
2072-04-05,0.8830033054997184
2072-04-06,0.8696660461246396
2072-04-07,0.859547774594793
2072-04-08,0.7523121579657073
2072-04-09,0.8087708848635368
2072-04-10,0.8507268571986732
2072-04-11,1.0198095181034228
2072-04-12,1.2073850028626805
2072-04-13,1.3689145604479047
2072-04-14,1.2795772348656662
2072-04-15,1.3220050710682945
2072-04-16,1.152492657403683
2072-04-17,1.0471508736552548
2072-04-18,1.1059767810356314
2072-04-19,1.0567147107966424
2072-04-20,0.8749651864219691
2072-04-21,0.7506776333588882
2072-04-22,0.5389047524617796
2072-04-23,0.5605625625852433
2072-04-24,0.46701996543950897
2072-04-25,0.4171872715269507
2072-04-26,0.5500167368651419
2072-04-27,1.1196308616046502
2072-04-28,0.9364693653782928
2072-04-29,0.6421559579593169
2072-04-30,0.5464415691647667
2072-05-01,0.6094896625384862
2072-05-02,0.5799351065731283
2072-05-03,0.5575209926473563
2072-05-04,0.5707656384308052
2072-05-05,0.5224378694071179
2072-05-06,0.8499208892972558
2072-05-07,0.7285157920850408
2072-05-08,0.5312911720257637
2072-05-09,0.5927180217387664
2072-05-10,0.9058243859054208
2072-05-11,0.741820688045835
2072-05-12,0.5939579979388806
2072-05-13,0.6175865101353294
2072-05-14,0.5967862732316426
2072-05-15,0.5705502779613355
2072-05-16,0.5185608987849024
2072-05-17,0.4664528900369942
2072-05-18,0.4180008873009427
2072-05-19,0.35646267487904937
2072-05-20,0.3645886686162463
2072-05-21,0.3138869764691001
2072-05-22,0.3069607691809423
2072-05-23,0.26100370822557917
2072-05-24,0.2656649257381167
2072-05-25,0.24716661262652045
2072-05-26,0.24900617546824202
2072-05-27,0.23940071222594253
2072-05-28,0.2388167123867295
2072-05-29,0.24002547872056335
2072-05-30,0.2248715300425788
2072-05-31,0.13248842686473253
2072-06-01,0.10094705039998107
2072-06-02,0.09339282804094848
2072-06-03,0.08866275967961397
2072-06-04,0.08423398482280851
2072-06-05,0.07599108661700545
2072-06-06,0.07125020898657618
2072-06-07,0.05302237142811416
2072-06-08,0.047750131679769645
2072-06-09,0.04329231855218911
2072-06-10,0.03955759656754499
2072-06-11,0.0374033100218424
2072-06-12,0.033206687932436016
2072-06-13,0.03054702853845536
2072-06-14,0.028100992900746358
2072-06-15,0.026026580372666634
2072-06-16,0.024383724367751256
2072-06-17,0.023138772997299814
2072-06-18,0.022057393767701505
2072-06-19,0.024875301756242363
2072-06-20,0.03566499062687026
2072-06-21,0.02356414107982825
2072-06-22,0.01955941773997352
2072-06-23,0.018850705362890668
2072-06-24,0.01810011557942214
2072-06-25,0.01727859702776809
2072-06-26,0.016508949501347913
2072-06-27,0.015865847414931168
2072-06-28,0.015347624879918592
2072-06-29,0.014900139537468394
2072-06-30,0.014489668974984363
2072-07-01,0.028931808714844496
2072-07-02,0.028168185367217265
2072-07-03,0.027425671743556746
2072-07-04,0.026708799767684952
2072-07-05,0.026765933245637565
2072-07-06,0.02538492204993794
2072-07-07,0.02471978131575762
2072-07-08,0.024082303937857808
2072-07-09,0.02350499404965022
2072-07-10,0.022976641648303313
2072-07-11,0.02247657894956834
2072-07-12,0.02198705497811404
2072-07-13,0.021480831078675437
2072-07-14,0.020977832852775994
2072-07-15,0.020492862699654436
2072-07-16,0.02002670648698913
2072-07-17,0.01959754925024764
2072-07-18,0.019211858941769886
2072-07-19,0.018870913291059273
2072-07-20,0.01857852781695674
2072-07-21,0.018317383148544822
2072-07-22,0.02436770429739778
2072-07-23,0.01790105845552704
2072-07-24,0.01773359863308988
2072-07-25,0.017544859125968936
2072-07-26,0.017370049425251357
2072-07-27,0.017201013264812538
2072-07-28,0.01704463492863874
2072-07-29,0.016904096413232948
2072-07-30,0.016784539595013366
2072-07-31,0.016684602971619025
2072-08-01,0.018804153173632016
2072-08-02,0.018720435883088016
2072-08-03,0.01864373793088193
2072-08-04,0.018572708642563097
2072-08-05,0.018505816070964538
2072-08-06,0.0184418169677725
2072-08-07,0.018382100372908012
2072-08-08,0.018329083804341416
2072-08-09,0.018282572795099837
2072-08-10,0.018243888717286397
2072-08-11,0.018211996275969485
2072-08-12,0.018184245755012783
2072-08-13,0.01816028991237531
2072-08-14,0.01813807220199699
2072-08-15,0.018117614322581355
2072-08-16,0.018098686595134313
2072-08-17,0.018081537556558207
2072-08-18,0.018066685450155842
2072-08-19,0.01805330341360892
2072-08-20,0.01804109503934912
2072-08-21,0.0180296121006409
2072-08-22,0.018018744020461008
2072-08-23,0.01800893476755608
2072-08-24,0.018000171306558347
2072-08-25,0.01799183832533516
2072-08-26,0.017984098670514856
2072-08-27,0.017976953820798086
2072-08-28,0.017970254091777542
2072-08-29,0.017964029573843503
2072-08-30,0.01795822652894072
2072-08-31,0.01795268842502668
2072-09-01,0.013977291095804305
2072-09-02,0.013973423031840099
2072-09-03,0.01396966799195381
2072-09-04,0.013965994220431535
2072-09-05,0.013962334047523978
2072-09-06,0.013958641670837041
2072-09-07,0.013954908794687425
2072-09-08,0.013951161017641212
2072-09-09,0.015274322072373113
2072-09-10,0.013944017865958502
2072-09-11,0.013940667566234497
2072-09-12,0.01664504416417726
2072-09-13,0.013933986534940927
2072-09-14,0.013930647456793534
2072-09-15,0.013927309055233919
2072-09-16,0.013923971409097412
2072-09-17,0.013920634749900844
2072-09-18,0.013917298469912581
2072-09-19,0.013913963460272764
2072-09-20,0.013910628998489388
2072-09-21,0.01391739785645743
2072-09-22,0.01720152527967775
2072-09-23,0.08657829996715266
2072-09-24,0.051253460875781025
2072-09-25,0.013895273549813273
2072-09-26,0.013890641777980993
2072-09-27,0.013887315513087696
2072-09-28,0.013883990228148988
2072-09-29,0.013880665313437481
2072-09-30,0.013877341062340781
2072-10-01,0.013709231286863242
2072-10-02,0.01370594759074174
2072-10-03,0.013702664271296855
2072-10-04,0.013699381677595462
2072-10-05,0.013696099490152658
2072-10-06,0.013692817978163798
2072-10-07,0.013689537532110748
2072-10-08,0.013686257335531912
2072-10-09,0.01368297783511468
2072-10-10,0.013679699373023014
2072-10-11,0.013676421417769036
2072-10-12,0.013673144370679978
2072-10-13,0.013669867962560736
2072-10-14,0.016658629923905398
2072-10-15,0.01371302073641759
2072-10-16,0.013660043288890318
2072-10-17,0.01365677011309038
2072-10-18,0.013653497366228421
2072-10-19,0.013650225727702636
2072-10-20,0.013646954618693597
2072-10-21,0.05235935220163508
2072-10-22,0.031138158258627237
2072-10-23,0.02711582740521844
2072-10-24,0.013633878550400325
2072-10-25,0.013630611363955865
2072-10-26,0.013627345281903331
2072-10-27,0.24104305848356147
2072-10-28,0.4295240961759878
2072-10-29,0.01995545862204794
2072-10-30,0.3083073886780408
2072-10-31,0.39809675677465617
2072-11-01,0.6248975146083968
2072-11-02,0.6733963429867201
2072-11-03,1.0263581729137095
2072-11-04,0.9065374887292561
2072-11-05,0.23147845135569278
2072-11-06,0.04677809563952865
2072-11-07,0.02221594356364436
2072-11-08,0.016037333035816375
2072-11-09,0.020421528418169885
2072-11-10,0.029267781019327616
2072-11-11,0.04231640433621208
2072-11-12,0.048167981446588244
2072-11-13,0.05025882004210682
2072-11-14,0.04923276000668321
2072-11-15,0.04048285097494256
2072-11-16,0.045486966305408626
2072-11-17,0.02780782087061007
2072-11-18,0.022249992891446725
2072-11-19,0.022522182415987854
2072-11-20,0.026789818372238424
2072-11-21,0.025317999353317563
2072-11-22,0.02272832759650113
2072-11-23,0.016339017265789856
2072-11-24,1.0036151020689812
2072-11-25,2.1129584641053065
2072-11-26,0.40864274837469916
2072-11-27,0.1633618661387167
2072-11-28,1.113986826503067
2072-11-29,0.022589870377388663
2072-11-30,0.02949079815140567
2072-12-01,0.07871641585597901
2072-12-02,0.045904758498915725
2072-12-03,0.03555691120622322
2072-12-04,0.9476691732501265
2072-12-05,0.31659834423835215
2072-12-06,0.10057507686404324
2072-12-07,0.0917452463049429
2072-12-08,0.058972318021446306
2072-12-09,0.06079295675754165
2072-12-10,0.04866673430543496
2072-12-11,0.025510118780254522
2072-12-12,0.04685311936469333
2072-12-13,0.05425012440827251
2072-12-14,0.07196795713991186
2072-12-15,0.13380242539998008
2072-12-16,0.0897189365839369
2072-12-17,0.2331717286013067
2072-12-18,0.5128150290253459
2072-12-19,0.45132914970193655
2072-12-20,0.04199727119206643
2072-12-21,0.02674512212079799
2072-12-22,0.027105834188365173
2072-12-23,0.02738758054106474
2072-12-24,0.6571207075643107
2072-12-25,0.418475789699871
2072-12-26,0.9914065516560788
2072-12-27,1.0279010818765613
2072-12-28,1.6389723003743233
2072-12-29,1.5050643153871883
2072-12-30,2.000508204005505
2072-12-31,1.186278206904893
2073-01-01,1.0970035456959215
2073-01-02,2.2920003970535263
2073-01-03,1.9706943257705145
2073-01-04,1.4458930144616076
2073-01-05,1.4140096883455853
2073-01-06,1.3546329729162192
2073-01-07,1.3642602016741632
2073-01-08,1.2441040672727028
2073-01-09,1.1777720097144646
2073-01-10,1.1179398994190066
2073-01-11,1.0551854997438421
2073-01-12,0.9779797171468801
2073-01-13,0.8949244606909287
2073-01-14,0.8347562248580651
2073-01-15,0.7771755081766925
2073-01-16,0.7243464468660576
2073-01-17,0.6814294294525071
2073-01-18,0.6197304659650043
2073-01-19,0.5774001624681515
2073-01-20,0.5387423397532088
2073-01-21,0.5075609152331604
2073-01-22,0.47107795248991047
2073-01-23,0.44910440539642194
2073-01-24,0.4107613703423507
2073-01-25,0.4191416593109945
2073-01-26,0.3884207930296584
2073-01-27,0.39686234529591824
2073-01-28,0.37776766107131426
2073-01-29,0.35391076088157536
2073-01-30,0.329081159675154
2073-01-31,0.335430925088004
2073-02-01,0.3252673085079995
2073-02-02,0.3701646254013071
2073-02-03,0.41404460275162314
2073-02-04,0.445332000049696
2073-02-05,0.4519881312907813
2073-02-06,0.4345699106657135
2073-02-07,0.437135724301727
2073-02-08,0.4169362541253368
2073-02-09,0.45122609471123354
2073-02-10,0.48950076451014
2073-02-11,0.5126002914390688
2073-02-12,0.5030735148963646
2073-02-13,0.5128449425337168
2073-02-14,0.5247357616142989
2073-02-15,0.538804228994155
2073-02-16,0.8266794560663536
2073-02-17,1.6053680022703463
2073-02-18,1.6678076369323105
2073-02-19,1.3395327236227326
2073-02-20,0.8590252236244733
2073-02-21,0.9339892680680468
2073-02-22,0.9442391517140948
2073-02-23,0.9165637240750137
2073-02-24,0.9215201942256587
2073-02-25,0.9715240174922383
2073-02-26,0.9306037355597596
2073-02-27,0.9464104564105451
2073-02-28,0.8394480800525935
2073-03-01,0.8207965666427539
2073-03-02,0.8543249492955644
2073-03-03,0.9043155553312917
2073-03-04,0.7956660619367375
2073-03-05,0.6730089424478136
2073-03-06,0.6514323653829421
2073-03-07,0.619964924042271
2073-03-08,0.5441854629753495
2073-03-09,0.526745283522586
2073-03-10,0.4999962765092196
2073-03-11,0.5098087198649518
2073-03-12,0.5301261801914722
2073-03-13,0.45821664396978945
2073-03-14,0.4194249276830688
2073-03-15,0.3815137028512472
2073-03-16,0.37029488216529033
2073-03-17,0.3576170303487769
2073-03-18,0.3544290174775398
2073-03-19,0.29918595436696255
2073-03-20,0.2954534295842286
2073-03-21,0.27122059543451305
2073-03-22,0.2701287608464472
2073-03-23,0.27722202177047384
2073-03-24,0.47938032847790213
2073-03-25,0.35133374560060426
2073-03-26,0.2175166055718461
2073-03-27,0.20239558522400622
2073-03-28,0.20139841449413134
2073-03-29,0.6359416884827502
2073-03-30,2.021903310729315
2073-03-31,1.4639748086819924
2073-04-01,0.7693184618397471
2073-04-02,0.9608348192781514
2073-04-03,1.0600787745037785
2073-04-04,1.061132136984697
2073-04-05,1.0106118482806021
2073-04-06,0.8929991855356734
2073-04-07,0.7186775465797873
2073-04-08,0.6594090268617565
2073-04-09,0.6066216312730439
2073-04-10,0.5503248571316043
2073-04-11,0.49727044604918913
2073-04-12,0.4405382621176473
2073-04-13,0.5331817329020254
2073-04-14,0.9333265048799068
2073-04-15,0.7496632443981003
2073-04-16,0.5523096691290795
2073-04-17,0.5487825061008617
2073-04-18,0.5306334456828226
2073-04-19,0.49358615992972676
2073-04-20,0.4479503316047637
2073-04-21,0.3974033352734461
2073-04-22,0.35341767944469016
2073-04-23,0.7888509680706391
2073-04-24,1.508566543031281
2073-04-25,2.1539497505227256
2073-04-26,1.1573146848693716
2073-04-27,1.149603949562233
2073-04-28,1.0831478702638262
2073-04-29,1.0030966930293639
2073-04-30,0.9007169679415413
2073-05-01,1.38381416662085
2073-05-02,1.8639835509791838
2073-05-03,2.1028613831620038
2073-05-04,1.6418854210855625
2073-05-05,1.6917279047822162
2073-05-06,1.681908928084143
2073-05-07,1.563501939285557
2073-05-08,1.6501870637767584
2073-05-09,1.4071840867076055
2073-05-10,1.3859963024211188
2073-05-11,1.2741837762440016
2073-05-12,1.1686789091458456
2073-05-13,1.0573059640672886
2073-05-14,0.936936651739248
2073-05-15,0.8169799599547503
2073-05-16,0.7029920157210259
2073-05-17,0.6023852040070916
2073-05-18,0.5101741271422114
2073-05-19,0.42248406878172323
2073-05-20,0.3502636952039309
2073-05-21,0.3042825914584751
2073-05-22,0.2678011418426441
2073-05-23,0.2292847885277372
2073-05-24,0.18861307582290132
2073-05-25,0.1499106988021032
2073-05-26,0.11482301844481653
2073-05-27,0.08595646672620345
2073-05-28,0.06416073743728438
2073-05-29,0.04788857473874524
2073-05-30,0.037514913388744145
2073-05-31,0.03134236906027152
2073-06-01,0.028678755961941034
2073-06-02,0.025852606558995225
2073-06-03,0.02411208544665427
2073-06-04,0.023090677497508868
2073-06-05,0.022430426264560425
2073-06-06,0.03177464194722712
2073-06-07,0.021628742262050162
2073-06-08,0.021323638823751708
2073-06-09,0.02096906177572583
2073-06-10,0.020598507730794413
2073-06-11,0.02022995341875574
2073-06-12,0.019883641913647058
2073-06-13,0.019581251462856202
2073-06-14,0.019310985182580884
2073-06-15,0.01901276645208005
2073-06-16,0.01865512280227015
2073-06-17,0.018255395976560156
2073-06-18,0.01784859245385454
2073-06-19,0.017453353392462935
2073-06-20,0.017069947993262998
2073-06-21,0.01667935806871176
2073-06-22,0.01626228759053079
2073-06-23,0.015828044992007673
2073-06-24,0.015395122133110485
2073-06-25,0.014965624163119336
2073-06-26,0.014550273704429828
2073-06-27,0.014153525714391726
2073-06-28,0.013782224943951149
2073-06-29,0.013451794392623099
2073-06-30,0.013153366758261571
2073-07-01,0.026400460277717367
2073-07-02,0.02581512642930004
2073-07-03,0.025207113015100945
2073-07-04,0.024586649596893773
2073-07-05,0.02395686194518375
2073-07-06,0.023336375091842044
2073-07-07,0.022694844302130476
2073-07-08,0.02204805634142772
2073-07-09,0.021426881552981225
2073-07-10,0.020841733683474712
2073-07-11,0.020307810755856213
2073-07-12,0.019834730756106336
2073-07-13,0.019436749729689368
2073-07-14,0.023437099961720612
2073-07-15,0.0187845095665038
2073-07-16,0.021916927636564006
2073-07-17,0.018214939617298472
2073-07-18,0.020600970445677658
2073-07-19,0.017743082950120895
2073-07-20,0.017529914359251015
2073-07-21,0.017323659161341976
2073-07-22,0.017130174230645685
2073-07-23,0.016960537224486982
2073-07-24,0.016814590374798866
2073-07-25,0.01668472922023361
2073-07-26,0.016566073551823452
2073-07-27,0.016461509715526436
2073-07-28,0.0163695264584953
2073-07-29,0.020924531990973418
2073-07-30,0.01622578672837325
2073-07-31,0.016167556924331847
2073-08-01,0.01826112371650494
2073-08-02,0.018218652510198847
2073-08-03,0.018181648058615944
2073-08-04,0.018149638823073303
2073-08-05,0.018123113808595326
2073-08-06,0.01810128693883977
2073-08-07,0.01808432872814854
2073-08-08,0.018070093636818597
2073-08-09,0.018057297557521612
2073-08-10,0.01804642797045185
2073-08-11,0.01803689384926378
2073-08-12,0.018028473714443636
2073-08-13,0.01802089181537306
2073-08-14,0.018013940759910124
2073-08-15,0.018007933345614603
2073-08-16,0.018002470874508462
2073-08-17,0.0179972724192425
2073-08-18,0.01799250825069821
2073-08-19,0.017988018375855657
2073-08-20,0.017983618576131455
2073-08-21,0.01797922151341151
2073-08-22,0.02203215878296227
2073-08-23,0.017970441894350094
2073-08-24,0.017966112868481994
2073-08-25,0.01796180752872081
2073-08-26,0.017970076377423563
2073-08-27,0.01795319962720658
2073-08-28,0.01794889715899329
2073-08-29,0.017944595572362308
2073-08-30,0.01794029542342681
2073-08-31,0.01793599615991756
2073-09-01,0.013965021139599852
2073-09-02,0.013961674516202149
2073-09-03,0.013958328523487903
2073-09-04,0.01395498369833643
2073-09-05,0.013951639250397935
2073-09-06,0.013948295849274156
2073-09-07,0.013944953335298662
2073-09-08,0.013941611284356663
2073-09-09,0.01393827033012529
2073-09-10,0.013934930154269097
2073-09-11,0.013931590777744668
2073-09-12,0.03153171383003578
2073-09-13,0.01392491413628787
2073-09-14,0.013921577047986912
2073-09-15,0.013918240837853136
2073-09-16,0.025958557281859085
2073-09-17,0.07282080924819713
2073-09-18,0.1702157847055111
2073-09-19,0.013904904441690808
2073-09-20,0.01390157379793794
2073-09-21,0.013898245006318897
2073-09-22,0.013894916574947933
2073-09-23,0.013891589508727297
2073-09-24,0.013888262580219189
2073-09-25,0.013884936314328229
2073-09-26,0.013881610671137109
2073-09-27,0.013878285789356955
2073-09-28,0.013874961287783032
2073-09-29,0.013871637407911365
2073-09-30,0.013868314012029601
2073-10-01,0.01370031272554798
2073-10-02,0.013697030077613137
2073-10-03,0.013693748457157288
2073-10-04,0.013690467435242533
2073-10-05,0.013687187256413021
2073-10-06,0.013683907444399287
2073-10-07,0.013680628593798356
2073-10-08,0.013677350521202381
2073-10-09,0.013674072975164814
2073-10-10,0.013670796560142988
2073-10-11,0.01368240446921573
2073-10-12,0.013664245455712456
2073-10-13,0.013660970984223813
2073-10-14,0.013657697302572604
2073-10-15,0.013654424647414742
2073-10-16,0.013651152499093884
2073-10-17,0.013647881430513476
2073-10-18,0.013644610800731798
2073-10-19,0.013641341076157222
2073-10-20,0.01363807230017662
2073-10-21,0.02305174452685022
2073-10-22,0.2830506548090167
2073-10-23,0.020079589339060042
2073-10-24,0.1768265889976057
2073-10-25,0.4316982395699304
2073-10-26,0.03249596272616442
2073-10-27,0.02096820260836623
2073-10-28,0.021535098191101124
2073-10-29,0.013647558445108848
2073-10-30,0.013657241520912989
2073-10-31,0.013665282217660684
2073-11-01,0.010731107223870969
2073-11-02,0.010734943482004522
2073-11-03,0.010738097160793113
2073-11-04,0.010740705182298145
2073-11-05,0.010742735774019399
2073-11-06,0.011267231508008697
2073-11-07,0.01074547055425585
2073-11-08,0.010745993560571713
2073-11-09,0.010746037590058974
2073-11-10,0.010745798882218905
2073-11-11,0.010745528690578609
2073-11-12,0.010745326893018558
2073-11-13,0.4244892205317811
2073-11-14,0.09597157234657602
2073-11-15,0.02451171465183698
2073-11-16,0.02009015997469906
2073-11-17,0.4418475736991651
2073-11-18,0.8490039962157988
2073-11-19,0.9863708578993526
2073-11-20,0.373278898368629
2073-11-21,0.20419717873885143
2073-11-22,1.7033309180524108
2073-11-23,0.9257981455338337
2073-11-24,0.036572726921903914
2073-11-25,0.029833519298575997
2073-11-26,0.03502876677604295
2073-11-27,0.02010470165910533
2073-11-28,0.018478321641104373
2073-11-29,0.8138187517299537
2073-11-30,1.3742486220867178
2073-12-01,0.8480353173323618
2073-12-02,1.4085267092682825
2073-12-03,1.8302500165733886
2073-12-04,1.5529333892277863
2073-12-05,0.03732879714211703
2073-12-06,0.04864864168424012
2073-12-07,0.06158518730778707
2073-12-08,0.2731299887444706
2073-12-09,0.10361962781857555
2073-12-10,0.1192088358184608
2073-12-11,0.32312466858868016
2073-12-12,0.1580854975443049
2073-12-13,0.27362403574651006
2073-12-14,0.4667474042435092
2073-12-15,0.6834065923104008
2073-12-16,0.6037885417558712
2073-12-17,0.6976312362714073
2073-12-18,0.652828354325206
2073-12-19,3.2182454632366744
2073-12-20,39.3163430910995
2073-12-21,23.01306247885997
2073-12-22,2.709934027002052
2073-12-23,2.3500728365150105
2073-12-24,5.528967238257564
2073-12-25,11.297697198554246
2073-12-26,2.32154103149782
2073-12-27,2.2034995973593574
2073-12-28,2.1936527941326194
2073-12-29,2.190171885174567
2073-12-30,2.188582984011511
2073-12-31,2.181732357581496
2074-01-01,1.3543537751328614
2074-01-02,1.8100086662330812
2074-01-03,6.701006867822093
2074-01-04,10.844408539881591
2074-01-05,4.275066909951412
2074-01-06,1.4801055611533545
2074-01-07,1.4471296549826718
2074-01-08,1.4604809775827445
2074-01-09,2.2025723180591203
2074-01-10,8.090186149581397
2074-01-11,7.730524893161693
2074-01-12,1.5319029068232939
2074-01-13,1.4807865689693194
2074-01-14,1.4772752524536654
2074-01-15,1.4266629156782362
2074-01-16,1.4195941428980132
2074-01-17,1.4547457568426605
2074-01-18,1.389200323503623
2074-01-19,1.336367970644233
2074-01-20,1.2830551508154069
2074-01-21,1.2484171731578229
2074-01-22,1.183953360352634
2074-01-23,1.1424777818532625
2074-01-24,1.1351198814954566
2074-01-25,1.159476788378952
2074-01-26,1.2423492403678196
2074-01-27,1.3037915328707463
2074-01-28,1.2678560805843504
2074-01-29,1.2887866565567685
2074-01-30,1.1681437630628708
2074-01-31,1.0728360096541083
2074-02-01,0.8787646468166458
2074-02-02,0.7648374879117339
2074-02-03,0.7120729111562115
2074-02-04,0.719527944197944
2074-02-05,0.7484127146658992
2074-02-06,0.7025815067011855
2074-02-07,0.7476316885847226
2074-02-08,0.8505391692358706
2074-02-09,1.132394528296728
2074-02-10,0.940618229445386
2074-02-11,0.9575184522055077
2074-02-12,0.8284810046721358
2074-02-13,0.7897294152922649
2074-02-14,0.9143881357512614
2074-02-15,1.1007354945566303
2074-02-16,1.021595437234777
2074-02-17,1.0730339880531434
2074-02-18,1.0400864090793667
2074-02-19,0.9179644555729756
2074-02-20,0.8297273953032331
2074-02-21,0.901228663242193
2074-02-22,0.9770027393166423
2074-02-23,0.9463470439822417
2074-02-24,1.0625004157320805
2074-02-25,0.9982214512491948
2074-02-26,0.8943045262579729
2074-02-27,0.9051249439696091
2074-02-28,0.9273443847608218
2074-03-01,1.2042347997254141
2074-03-02,0.8622489343104044
2074-03-03,0.8441281270536866
2074-03-04,1.1119754091527627
2074-03-05,1.0871617904191382
2074-03-06,0.7875099001657085
2074-03-07,1.2027755351253342
2074-03-08,0.8909952523324071
2074-03-09,0.8819306356201719
2074-03-10,0.9559037187033035
2074-03-11,0.9006197196227559
2074-03-12,0.8742808504699345
2074-03-13,0.8459816830634349
2074-03-14,0.8279600148067024
2074-03-15,0.8237008906324073
2074-03-16,0.8332055800114064
2074-03-17,0.8803102631653756
2074-03-18,1.039412258065129
2074-03-19,1.2523576028713115
2074-03-20,1.4826900723007392
2074-03-21,1.8966815033092561
2074-03-22,2.12975966630052
2074-03-23,2.2289341697960086
2074-03-24,2.393511367445669
2074-03-25,2.0745749940655367
2074-03-26,2.315654885627767
2074-03-27,2.303845191415132
2074-03-28,2.5659403683527118
2074-03-29,2.825061890127155
2074-03-30,2.5130984985395255
2074-03-31,2.2977356066048187
2074-04-01,0.9896744149205271
2074-04-02,0.7832590471109673
2074-04-03,0.9997774720576705
2074-04-04,1.0252154405315637
2074-04-05,1.1896210356498171
2074-04-06,1.0487089412098156
2074-04-07,1.3712216826591073
2074-04-08,1.6785002284924089
2074-04-09,1.1008847030356197
2074-04-10,0.858883439790515
2074-04-11,0.7388522028368514
2074-04-12,0.7221559285200198
2074-04-13,1.1408421003991576
2074-04-14,1.4839701531941547
2074-04-15,0.9546954795881655
2074-04-16,0.8043004771350666
2074-04-17,0.8277174331989416
2074-04-18,0.8650419724762013
2074-04-19,0.8875427350815188
2074-04-20,0.8733734863599947
2074-04-21,0.8516085980953191
2074-04-22,0.9010536058624119
2074-04-23,0.8685464850525947
2074-04-24,0.8461265652559304
2074-04-25,1.0398385996357824
2074-04-26,1.0091126395194394
2074-04-27,1.2888618607897229
2074-04-28,1.5050925235082795
2074-04-29,1.3722658121306965
2074-04-30,1.5802781303775368
2074-05-01,1.456058031040967
2074-05-02,1.4363855305777269
2074-05-03,1.4365492834248201
2074-05-04,1.250823882613294
2074-05-05,1.185116902681637
2074-05-06,1.1261292053355476
2074-05-07,1.0907285742213495
2074-05-08,0.5376884419498602
2074-05-09,0.5060858672347334
2074-05-10,0.5646651392341333
2074-05-11,0.5102521932345276
2074-05-12,0.523017277785283
2074-05-13,0.49746856773292425
2074-05-14,0.5301985258421198
2074-05-15,0.5950510004544569
2074-05-16,0.4816014257950952
2074-05-17,0.5232376631465475
2074-05-18,0.7470080537207443
2074-05-19,0.8504647046474272
2074-05-20,0.9063932439367296
2074-05-21,0.818710792018689
2074-05-22,0.8876998535349226
2074-05-23,0.6643908269414845
2074-05-24,0.6431636569434555
2074-05-25,0.4912818349546982
2074-05-26,0.5743917394254672
2074-05-27,0.506953595284169
2074-05-28,0.3707231693161349
2074-05-29,0.39355832770865395
2074-05-30,0.3515448947418833
2074-05-31,0.3918509902294067
2074-06-01,0.4205433834654494
2074-06-02,0.400729218759152
2074-06-03,0.39098104622193625
2074-06-04,0.3735731498767793
2074-06-05,0.31754437735224733
2074-06-06,0.28905306134454056
2074-06-07,0.25538582090868106
2074-06-08,0.2326412681921684
2074-06-09,0.22714495589917497
2074-06-10,0.21720980766929388
2074-06-11,0.11685823862560707
2074-06-12,0.09891287592024126
2074-06-13,0.0943522490778238
2074-06-14,0.08820223167747687
2074-06-15,0.08213446917718888
2074-06-16,0.05407746581766143
2074-06-17,0.04675808978874888
2074-06-18,0.041001643467951404
2074-06-19,0.036315266785669875
2074-06-20,0.032012887795913006
2074-06-21,0.028233195404887706
2074-06-22,0.025219212799727407
2074-06-23,0.022757397374177226
2074-06-24,0.020503745602783865
2074-06-25,0.01847620728334544
2074-06-26,0.016778552640156378
2074-06-27,0.01534627032941549
2074-06-28,0.014119116961533035
2074-06-29,0.013084746404260033
2074-06-30,0.012249947685111869
2074-07-01,0.023799382965327312
2074-07-02,0.022802712871328984
2074-07-03,0.02205904304649632
2074-07-04,0.021509576940671543
2074-07-05,0.021051080962893157
2074-07-06,0.020657044247884247
2074-07-07,0.020324330439853853
2074-07-08,0.02002001090798212
2074-07-09,0.019729697837053223
2074-07-10,0.01945977109348113
2074-07-11,0.019212552414977473
2074-07-12,0.01898085398743129
2074-07-13,0.018762878273359422
2074-07-14,0.018561415562722026
2074-07-15,0.018379189421290944
2074-07-16,0.018211107101820594
2074-07-17,0.018051203445214607
2074-07-18,0.017898273003489437
2074-07-19,0.01774152721598945
2074-07-20,0.017583750927325243
2074-07-21,0.017449258829329874
2074-07-22,0.017334281937481058
2074-07-23,0.017222013731145774
2074-07-24,0.01711070315286428
2074-07-25,0.01701110476888641
2074-07-26,0.016922276589286196
2074-07-27,0.016836443931835327
2074-07-28,0.016749644105093213
2074-07-29,0.016661482787301438
2074-07-30,0.016580884167723343
2074-07-31,0.037352596814983305
2074-08-01,0.672921939173781
2074-08-02,1.0138165761067344
2074-08-03,0.028802426199006415
2074-08-04,0.019473802770866775
2074-08-05,0.019501691966706647
2074-08-06,0.019476122044990843
2074-08-07,0.019426420128272375
2074-08-08,0.01936284230078064
2074-08-09,0.01929274181537564
2074-08-10,0.019223463302584277
2074-08-11,0.01915233601003549
2074-08-12,0.01907603701079959
2074-08-13,0.019002120131713915
2074-08-14,0.01893256568635035
2074-08-15,0.018865023328666027
2074-08-16,0.018799818323941675
2074-08-17,0.0187373093773464
2074-08-18,0.018677819612992783
2074-08-19,0.018622303334319978
2074-08-20,0.018568958099719396
2074-08-21,0.01851898011716555
2074-08-22,0.018476133503045642
2074-08-23,0.018438489807199778
2074-08-24,0.018398526105567862
2074-08-25,0.01835499186012721
2074-08-26,0.01831125163461293
2074-08-27,0.018268275392074946
2074-08-28,0.01823084028260744
2074-08-29,0.01820211720639077
2074-08-30,0.047513595091754936
2074-08-31,0.018165821318572927
2074-09-01,0.014180180058834455
2074-09-02,0.014129481677523726
2074-09-03,0.01411934549337222
2074-09-04,0.014107500739617869
2074-09-05,0.014094980414023997
2074-09-06,0.014083894382544346
2074-09-07,0.015366617177415495
2074-09-08,0.014066179133617067
2074-09-09,0.07913463541047613
2074-09-10,0.046085842247643304
2074-09-11,0.024487892445376806
2074-09-12,0.01404041361947784
2074-09-13,0.014029471319978075
2074-09-14,0.014017788862453213
2074-09-15,0.06213347934544493
2074-09-16,0.022134400913563085
2074-09-17,0.02570021033850697
2074-09-18,0.013991853940928008
2074-09-19,0.013982551677086341
2074-09-20,0.013973329028059749
2074-09-21,0.013963779487372983
2074-09-22,0.01395453420059953
2074-09-23,0.013945928581610093
2074-09-24,0.013937540490561888
2074-09-25,0.01392952383519437
2074-09-26,0.013922054372639377
2074-09-27,0.013915719093637037
2074-09-28,0.013910441364149647
2074-09-29,0.013905279088668461
2074-09-30,0.013899686248929084
2074-10-01,0.013728646987223099
2074-10-02,0.013722503224036781
2074-10-03,0.013716695782776702
2074-10-04,0.013711402511995653
2074-10-05,0.013706279233792014
2074-10-06,0.013701325240171872
2074-10-07,0.013696705319264698
2074-10-08,0.013692291004624319
2074-10-09,0.013687831923644651
2074-10-10,0.01368335935823417
2074-10-11,0.01367899862239086
2074-10-12,0.013674730217676423
2074-10-13,0.013670487650808201
2074-10-14,0.01366633778089925
2074-10-15,0.01366225732400993
2074-10-16,0.013658235029144785
2074-10-17,0.013654329605594295
2074-10-18,0.01365052118416033
2074-10-19,0.01364673515526337
2074-10-20,0.013642968723411026
2074-10-21,0.01363924324182839
2074-10-22,0.01363565830598139
2074-10-23,0.013632198618066164
2074-10-24,0.013628782240073255
2074-10-25,0.013625357898623531
2074-10-26,0.013621904874531821
2074-10-27,0.013618446660783073
2074-10-28,0.013614987242063548
2074-10-29,0.01361153860497262
2074-10-30,0.01360812049150611
2074-10-31,0.013604707804352028
2074-11-01,0.010676106699885389
2074-11-02,0.010673410012593669
2074-11-03,0.010670708703776574
2074-11-04,0.010707111088249708
2074-11-05,0.010665374089355511
2074-11-06,0.16824231239929663
2074-11-07,0.2000780700360299
2074-11-08,0.017869269234867553
2074-11-09,0.013359382903769326
2074-11-10,0.013358869043753836
2074-11-11,0.09029892656039963
2074-11-12,0.3162437549552635
2074-11-13,0.01898815690255764
2074-11-14,0.01151030210485271
2074-11-15,0.01776616998125236
2074-11-16,0.01275500600633284
2074-11-17,0.011004256022504861
2074-11-18,0.010997706957856589
2074-11-19,1.2348703901592317
2074-11-20,4.9943034840991425
2074-11-21,11.009410056083377
2074-11-22,2.208131266992411
2074-11-23,0.02215828366435066
2074-11-24,1.7975912681037371
2074-11-25,0.8446586121245291
2074-11-26,0.4169089791844768
2074-11-27,0.04344670474872699
2074-11-28,0.03732622895692132
2074-11-29,0.593800376400632
2074-11-30,0.14569418245888685
2074-12-01,1.5580167267204663
2074-12-02,3.1518145620871314
2074-12-03,1.1835249808821322
2074-12-04,0.39926475348513174
2074-12-05,0.24443246361987334
2074-12-06,0.8552362033575238
2074-12-07,0.3887453263594427
2074-12-08,0.3699277265352508
2074-12-09,0.7617819035934582
2074-12-10,1.2857976722192748
2074-12-11,1.5328308285602785
2074-12-12,2.1779074572374277
2074-12-13,3.2418406124599217
2074-12-14,4.930350143638988
2074-12-15,3.193657419358066
2074-12-16,2.616882024090263
2074-12-17,2.6798443983472553
2074-12-18,2.5414010037376618
2074-12-19,2.4297307776162005
2074-12-20,2.2848818166600715
2074-12-21,2.120306083428289
2074-12-22,1.954963042562189
2074-12-23,1.8128816098994505
2074-12-24,1.6541965818515953
2074-12-25,1.5387191934123627
2074-12-26,1.4192758645331243
2074-12-27,1.5414490352956693
2074-12-28,1.2643330779437472
2074-12-29,1.19890811631905
2074-12-30,1.1272399246295164
2074-12-31,1.0702648627526592
2075-01-01,0.6857301490577652
2075-01-02,1.1105980102033028
2075-01-03,1.3228415666602213
2075-01-04,3.4132142970753523
2075-01-05,8.086438081241928
2075-01-06,3.957794730949562
2075-01-07,2.105372761468344
2075-01-08,2.1391830988556833
2075-01-09,2.1047957674789104
2075-01-10,2.0616235605085076
2075-01-11,2.0600013567857274
2075-01-12,1.957000077401504
2075-01-13,1.7943187533547047
2075-01-14,1.6375559028030027
2075-01-15,1.7016498515743517
2075-01-16,1.9506628621057507
2075-01-17,1.4720447573516333
2075-01-18,1.4652635524914355
2075-01-19,1.3989331427673544
2075-01-20,1.3275538895263652
2075-01-21,1.2522906233765425
2075-01-22,1.1917015583122772
2075-01-23,1.1091975911027108
2075-01-24,1.0462065239556462
2075-01-25,0.9564660206980502
2075-01-26,0.9215422785973211
2075-01-27,1.00746438295392
2075-01-28,2.4829133667171384
2075-01-29,8.173645563350155
2075-01-30,5.146651548763578
2075-01-31,2.51524769176459
2075-02-01,1.8461828382509493
2075-02-02,1.8426712285365237
2075-02-03,1.8508260624864221
2075-02-04,1.8305347495532456
2075-02-05,1.9351886241639977
2075-02-06,1.72788926391396
2075-02-07,1.6942144205676444
2075-02-08,1.5093579280810983
2075-02-09,1.552605168919951
2075-02-10,1.3265450996293702
2075-02-11,1.2530016630118455
2075-02-12,1.898008725021333
2075-02-13,3.3915089997953536
2075-02-14,1.9559501473660532
2075-02-15,2.415443566390197
2075-02-16,1.744115796041544
2075-02-17,1.6898349174093101
2075-02-18,1.6502748310604478
2075-02-19,1.7138209361533028
2075-02-20,1.5960362044360177
2075-02-21,1.487335865243921
2075-02-22,1.4064183015766158
2075-02-23,1.2752842910692377
2075-02-24,1.189130132820413
2075-02-25,1.1000471023708704
2075-02-26,1.0279032772645067
2075-02-27,1.0157297174335296
2075-02-28,0.9958976827271193
2075-03-01,1.7257135114595492
2075-03-02,1.305589078380534
2075-03-03,1.2160455652999154
2075-03-04,1.3220088155764964
2075-03-05,1.5824556375806622
2075-03-06,1.334343288546173
2075-03-07,1.3203104983306935
2075-03-08,1.3066299408437165
2075-03-09,1.3024876146461337
2075-03-10,1.2070750453505426
2075-03-11,1.1081826300272832
2075-03-12,1.0565518183932903
2075-03-13,1.0243989339639612
2075-03-14,1.0143606606430609
2075-03-15,0.9888018022963326
2075-03-16,0.9914607383245835
2075-03-17,1.0347777737118664
2075-03-18,1.089021742332935
2075-03-19,1.1331187097495818
2075-03-20,1.030871480747207
2075-03-21,1.2003327757298565
2075-03-22,1.4277295860523402
2075-03-23,1.6514048321309693
2075-03-24,1.5985595658711862
2075-03-25,1.1636344753519507
2075-03-26,2.0471794966240218
2075-03-27,0.8416868999643328
2075-03-28,0.6229288802613203
2075-03-29,0.9497091737249108
2075-03-30,0.9798218550610012
2075-03-31,0.7987160000585302
2075-04-01,0.7417956893225783
2075-04-02,1.2309253064901131
2075-04-03,0.7542681546979763
2075-04-04,0.8613416398707565
2075-04-05,0.8640513750204027
2075-04-06,0.8992028784229115
2075-04-07,0.9521740317029329
2075-04-08,1.0511258856523402
2075-04-09,1.0192014666500573
2075-04-10,0.9491664741812581
2075-04-11,0.6214707108000453
2075-04-12,0.6024262302878446
2075-04-13,0.5793824073834014
2075-04-14,0.507858572060137
2075-04-15,0.43286768250752994
2075-04-16,0.49585612208495966
2075-04-17,0.4104351950524321
2075-04-18,0.3881670171701104
2075-04-19,0.36581358161158023
2075-04-20,0.3753332491931292
2075-04-21,0.31123209480272557
2075-04-22,0.31172722122113744
2075-04-23,0.2679061876094258
2075-04-24,0.2790759755554315
2075-04-25,0.2324428892394025
2075-04-26,0.2145818121249554
2075-04-27,0.205426516403486
2075-04-28,0.20053729961686226
2075-04-29,0.18348851574570788
2075-04-30,0.1727757111570834
2075-05-01,0.1969328585976071
2075-05-02,0.17292778679503468
2075-05-03,0.16576708824397843
2075-05-04,0.15305977683161512
2075-05-05,0.14039809001588824
2075-05-06,0.1495066097874747
2075-05-07,0.1586886281282163
2075-05-08,0.13591266794083962
2075-05-09,0.12356322633023502
2075-05-10,0.11585925363808483
2075-05-11,0.11040814279210753
2075-05-12,0.10956218970661777
2075-05-13,0.11174411504385388
2075-05-14,0.11955072132796982
2075-05-15,0.2149784906345093
2075-05-16,0.09873372288307826
2075-05-17,0.09112803739620595
2075-05-18,0.10028819425524799
2075-05-19,0.09318150324989943
2075-05-20,0.07214380388807586
2075-05-21,0.06890803801088236
2075-05-22,0.06987214308056228
2075-05-23,0.11090682690629068
2075-05-24,0.12046989704136538
2075-05-25,0.06102874863039496
2075-05-26,0.06633891765733166
2075-05-27,0.056495252993554776
2075-05-28,0.07095326168656145
2075-05-29,0.05273024446594466
2075-05-30,0.05098656306113859
2075-05-31,0.05060992660670448
2075-06-01,0.059545430068848396
2075-06-02,0.04104827647308225
2075-06-03,0.03936206468915245
2075-06-04,0.036810553315866336
2075-06-05,0.03483476791569302
2075-06-06,0.03319690247632245
2075-06-07,0.030975241976728993
2075-06-08,0.02915144285166372
2075-06-09,0.02737172457082431
2075-06-10,0.0256365719609216
2075-06-11,0.024046665915489436
2075-06-12,0.04365428137994553
2075-06-13,0.022190435228970636
2075-06-14,0.021158572158790363
2075-06-15,0.03954254253751667
2075-06-16,0.0198483981530254
2075-06-17,0.019105699254402645
2075-06-18,0.01835095873267846
2075-06-19,0.017604959420171838
2075-06-20,0.016903693794791667
2075-06-21,0.016266510670208886
2075-06-22,0.015677706388351795
2075-06-23,0.015160190658391413
2075-06-24,0.01471478463277969
2075-06-25,0.014299178385170825
2075-06-26,0.013932052953525361
2075-06-27,0.013595165170950756
2075-06-28,0.013250517755666862
2075-06-29,0.01291333923764358
2075-06-30,0.012608185824054461
2075-07-01,0.02528197948538551
2075-07-02,0.024725527274111904
2075-07-03,0.024149166826704743
2075-07-04,0.02354598944786215
2075-07-05,0.022963366985010024
2075-07-06,0.022423061149320328
2075-07-07,0.021930110906452246
2075-07-08,0.026789968653513695
2075-07-09,0.022261256655357227
2075-07-10,0.030032341619253528
2075-07-11,0.020564155599236984
2075-07-12,0.020191208128751033
2075-07-13,0.021490432146067075
2075-07-14,0.019539056868181373
2075-07-15,0.019249704302948124
2075-07-16,0.01892780074760777
2075-07-17,0.018637214340301397
2075-07-18,0.018381249177093474
2075-07-19,0.01976584709648998
2075-07-20,0.02546960018597254
2075-07-21,0.017917856827365835
2075-07-22,0.017756983129482838
2075-07-23,0.03299542390234377
2075-07-24,0.017751155239781134
2075-07-25,0.017344947906525222
2075-07-26,0.017209213530351146
2075-07-27,0.017082856937380753
2075-07-28,0.016961187529674664
2075-07-29,0.0168419322032506
2075-07-30,0.0167288018604179
2075-07-31,0.016633072378702568
2075-08-01,0.018750844186398722
2075-08-02,0.018668284796021013
2075-08-03,0.01859221972992453
2075-08-04,0.0185225426716386
2075-08-05,0.018458500682305874
2075-08-06,0.018399097984416107
2075-08-07,0.018346538428932385
2075-08-08,0.01829988392814104
2075-08-09,0.01825792218263451
2075-08-10,0.0182205788025325
2075-08-11,0.01818734832106353
2075-08-12,0.018158609526293147
2075-08-13,0.01813259125611173
2075-08-14,0.018108459449470225
2075-08-15,0.018087544549283505
2075-08-16,0.01807027414071313
2075-08-17,0.018055195609993864
2075-08-18,0.018041164462642666
2075-08-19,0.018027665106508772
2075-08-20,0.01801445590101842
2075-08-21,0.018002947341335847
2075-08-22,0.017993620867282616
2075-08-23,0.017985149710909806
2075-08-24,0.01797731229403849
2075-08-25,0.01797002059174102
2075-08-26,0.01796310758396909
2075-08-27,0.01795665709660412
2075-08-28,0.01795081173961418
2075-08-29,0.017945454944294382
2075-08-30,0.017940367429960438
2075-08-31,0.01793546925712301
2075-09-01,0.013964215354561988
2075-09-02,0.013997228729817802
2075-09-03,0.013956792825040906
2075-09-04,0.013953119846862443
2075-09-05,0.013949601048854985
2075-09-06,0.013946214007823357
2075-09-07,0.013942833814498033
2075-09-08,0.013939474137348215
2075-09-09,0.013936133430600395
2075-09-10,0.013957359421351422
2075-09-11,0.05074113965675251
2075-09-12,0.013926116614285415
2075-09-13,0.013922779392263607
2075-09-14,0.013919442968575382
2075-09-15,0.013916107577731334
2075-09-16,0.013912772733745717
2075-09-17,0.013909438658156258
2075-09-18,0.013906105395869091
2075-09-19,0.013902773037694589
2075-09-20,0.013899441504797857
2075-09-21,0.013896110784205152
2075-09-22,0.013892780491719003
2075-09-23,0.013889451407710347
2075-09-24,0.013886122667983058
2075-09-25,0.013882795112783003
2075-09-26,0.013879468188266571
2075-09-27,0.013876142179838286
2075-09-28,0.013872816659390889
2075-09-29,0.013869492286548385
2075-09-30,0.013866168741976888
2075-10-01,0.01369819239613131
2075-10-02,0.015950010897597573
2075-10-03,0.013691627950248838
2075-10-04,0.013688346919459507
2075-10-05,0.013685066509891103
2075-10-06,0.013681787024264603
2075-10-07,0.013678508104639402
2075-10-08,0.01367523019277188
2075-10-09,0.013671953043131978
2075-10-10,0.01366867669516295
2075-10-11,0.013665400844170006
2075-10-12,0.013662126153775123
2075-10-13,0.01365885193669085
2075-10-14,0.013655578823012937
2075-10-15,0.01365230631280637
2075-10-16,0.013649034628921796
2075-10-17,0.013645763780233884
2075-10-18,0.013642493691801512
2075-10-19,0.013639224131899717
2075-10-20,0.013635955695125435
2075-10-21,0.013632687921972444
2075-10-22,0.013629420913019157
2075-10-23,0.013626154809273228
2075-10-24,0.013622889295193992
2075-10-25,0.013619624517704564
2075-10-26,0.013616360653311073
2075-10-27,0.013613097686236189
2075-10-28,0.013609835463639771
2075-10-29,0.01360657402496473
2075-10-30,0.013603313186802867
2075-10-31,0.013600053248917767
2075-11-01,0.010672580963956724
2075-11-02,0.01067002336049475
2075-11-03,0.01066746627096581
2075-11-04,0.01066490992989
2075-11-05,0.010662354144542795
2075-11-06,0.010659799115388778
2075-11-07,0.010657244395832747
2075-11-08,0.010654690440210049
2075-11-09,0.010652137179634917
2075-11-10,0.010649584423704644
2075-11-11,0.010647032324122252
2075-11-12,0.010644480758596492
2075-11-13,0.010641929910564155
2075-11-14,0.010639379713461813
2075-11-15,0.4503509219190894
2075-11-16,1.1745514415822715
2075-11-17,1.43300529074177
2075-11-18,2.223104380266283
2075-11-19,0.24344792695546358
2075-11-20,0.09077483300896368
2075-11-21,0.1294173824423213
2075-11-22,0.09584829336714248
2075-11-23,0.06516763514060536
2075-11-24,0.4312897277231961
2075-11-25,0.3230929919764584
2075-11-26,0.023523710910846426
2075-11-27,0.017497660061324825
2075-11-28,0.017718488336704034
2075-11-29,0.017871515717052186
2075-11-30,0.01798167937366149
2075-12-01,0.017552105035639746
2075-12-02,0.017598841979390496
2075-12-03,0.020897089221294376
2075-12-04,0.03096081644973275
2075-12-05,0.034052435091037475
2075-12-06,0.03098457984237659
2075-12-07,0.030936022829586095
2075-12-08,0.0441363248226949
2075-12-09,0.05355960792567713
2075-12-10,0.0732551409437252
2075-12-11,0.08407266466217005
2075-12-12,0.08364978749086574
2075-12-13,0.07908554941357573
2075-12-14,0.09056706420180126
2075-12-15,0.08168985008009444
2075-12-16,0.07882185045916067
2075-12-17,0.08571418997823142
2075-12-18,0.07732995378560906
2075-12-19,0.04991569221370913
2075-12-20,0.0448611313618809
2075-12-21,0.04937374850541256
2075-12-22,0.03600655361814784
2075-12-23,0.07807662169381781
2075-12-24,0.30233822796039284
2075-12-25,0.2700467312503435
2075-12-26,1.6318773306134038
2075-12-27,1.8357657591939753
2075-12-28,0.5829877964241864
2075-12-29,0.03857525449383309
2075-12-30,0.04891905890893985
2075-12-31,0.07416812292925291
2076-01-01,0.07737017134372698
2076-01-02,0.04560508259049067
2076-01-03,0.027199352199083846
2076-01-04,0.11578954377974746
2076-01-05,0.9364975956497088
2076-01-06,3.4895677234786038
2076-01-07,2.451253521646705
2076-01-08,4.6859316818922405
2076-01-09,2.424685325050201
2076-01-10,0.8235622336215312
2076-01-11,0.9687159664143208
2076-01-12,0.9959933027002004
2076-01-13,0.9733374611176522
2076-01-14,0.8875738492646661
2076-01-15,0.8644383600522453
2076-01-16,0.8162037004803845
2076-01-17,0.8238508284932483
2076-01-18,0.8606616366650626
2076-01-19,0.7071580797734377
2076-01-20,0.6709993102126915
2076-01-21,0.6938353038771709
2076-01-22,1.2331751714884485
2076-01-23,0.9765513358393221
2076-01-24,0.8385310878099342
2076-01-25,0.8472750042798567
2076-01-26,0.8320151542313465
2076-01-27,0.990115516114655
2076-01-28,1.4269286457805854
2076-01-29,2.006148658204838
2076-01-30,1.5626734081898142
2076-01-31,1.4518774452985894
2076-02-01,1.2573987266453848
2076-02-02,1.1997221686148796
2076-02-03,1.108224420475081
2076-02-04,1.0240995707366805
2076-02-05,0.9729705427778852
2076-02-06,0.9288439953684884
2076-02-07,0.89105774285753
2076-02-08,0.8739518055492587
2076-02-09,1.1732231864090965
2076-02-10,2.5713255376966266
2076-02-11,1.2580672450063595
2076-02-12,1.290377594461032
2076-02-13,1.223443930075246
2076-02-14,1.1726390409863243
2076-02-15,1.1285663409185125
2076-02-16,1.0980373376217054
2076-02-17,1.0664646685265549
2076-02-18,1.0061386770844485
2076-02-19,0.8446962689568742
2076-02-20,0.7927719681579494
2076-02-21,0.7636647788886902
2076-02-22,0.7057280770889574
2076-02-23,0.6907429180813496
2076-02-24,0.6551032002581509
2076-02-25,0.6356318007860873
2076-02-26,0.6245199648463282
2076-02-27,0.615487226722755
2076-02-28,0.6709261019389293
2076-02-29,0.6778821624050768
2076-03-01,0.9031550000179996
2076-03-02,0.9994645144947053
2076-03-03,1.0473754813918101
2076-03-04,1.1765666204302148
2076-03-05,1.0385779244930353
2076-03-06,0.8978229703581899
2076-03-07,0.5160201672998413
2076-03-08,0.49382960492829403
2076-03-09,0.48332442581714374
2076-03-10,0.4670421567155243
2076-03-11,0.44146481956969014
2076-03-12,0.42516515286162027
2076-03-13,0.42227673012865063
2076-03-14,0.42691852955253917
2076-03-15,0.40284993190246704
2076-03-16,0.35698046170767295
2076-03-17,0.34354065895634106
2076-03-18,0.3211398617472579
2076-03-19,0.3078075421099936
2076-03-20,0.2982170845709268
2076-03-21,0.2942452311831432
2076-03-22,0.2685298585884987
2076-03-23,0.25343551012161136
2076-03-24,0.25755188433896853
2076-03-25,0.2865642700953016
2076-03-26,0.31564631625585093
2076-03-27,0.3539953665935453
2076-03-28,0.273243262109163
2076-03-29,0.24704971094936246
2076-03-30,0.24231044089738832
2076-03-31,0.2610970999957763
2076-04-01,0.23237132962280777
2076-04-02,0.20468515593656364
2076-04-03,0.17771572472233826
2076-04-04,0.17130929583121574
2076-04-05,0.22455269612187007
2076-04-06,0.21689692737917615
2076-04-07,0.14665440225798376
2076-04-08,0.14026228556454115
2076-04-09,0.14128698851580845
2076-04-10,0.14006078735871888
2076-04-11,0.13595355699548373
2076-04-12,0.140629559529111
2076-04-13,0.16538456920510367
2076-04-14,0.14186421606529298
2076-04-15,0.10164270304683475
2076-04-16,0.10039167262430497
2076-04-17,0.09513229493139784
2076-04-18,0.09249426925318109
2076-04-19,0.08457564731771097
2076-04-20,0.07450431830532868
2076-04-21,0.06697228549434253
2076-04-22,0.06097284551377595
2076-04-23,0.05881381220024353
2076-04-24,0.054934920193892026
2076-04-25,0.04596060561356328
2076-04-26,0.04225528276397214
2076-04-27,0.06149372156514901
2076-04-28,0.047786785954542374
2076-04-29,0.05087829556889479
2076-04-30,0.04949828086331301
2076-05-01,0.07202895443868382
2076-05-02,0.08957664269075548
2076-05-03,0.05983211228028909
2076-05-04,0.05293718378004436
2076-05-05,0.04472065609392395
2076-05-06,0.03449243268083684
2076-05-07,0.03305582076263671
2076-05-08,0.030912784883232916
2076-05-09,0.028943676444872564
2076-05-10,0.02661347306867397
2076-05-11,0.02438421056618449
2076-05-12,0.022511769676629035
2076-05-13,0.021016127680419168
2076-05-14,0.01974790809663788
2076-05-15,0.018575184215896275
2076-05-16,0.0174529483013016
2076-05-17,0.0164741560287173
2076-05-18,0.015614959929179589
2076-05-19,0.014821608746773353
2076-05-20,0.014148061569472205
2076-05-21,0.013600523040447628
2076-05-22,0.01313365913371561
2076-05-23,0.012742031251892966
2076-05-24,0.012399373245762717
2076-05-25,0.013581434798699213
2076-05-26,0.012021699276990348
2076-05-27,0.02073358743767689
2076-05-28,0.011408201437116182
2076-05-29,0.011169242386938404
2076-05-30,0.010940578282043712
2076-05-31,0.01071822242168191
2076-06-01,0.010995192822269172
2076-06-02,0.010769061945023828
2076-06-03,0.010573504388591299
2076-06-04,0.01040113436772701
2076-06-05,0.010227936555706321
2076-06-06,0.01004623872033194
2076-06-07,0.00986636870688721
2076-06-08,0.009702887081040664
2076-06-09,0.00955501174284166
2076-06-10,0.009415904849699301
2076-06-11,0.009282850862073063
2076-06-12,0.009153553811626918
2076-06-13,0.009032275875757969
2076-06-14,0.008924374164845261
2076-06-15,0.008819009566224134
2076-06-16,0.008710237050709047
2076-06-17,0.008608778839252625
2076-06-18,0.008518410857086668
2076-06-19,0.008438728448723908
2076-06-20,0.008828144308521389
2076-06-21,0.008313021112229252
2076-06-22,0.008254751780249618
2076-06-23,0.008201293849300122
2076-06-24,0.008154433927742406
2076-06-25,0.008112109044873519
2076-06-26,0.008073034671181058
2076-06-27,0.008034943604394978
2076-06-28,0.007998271177335913
2076-06-29,0.007963999037647692
2076-06-30,0.00793278298391197
2076-07-01,0.016216312324727374
2076-07-02,0.01616701648081058
2076-07-03,0.016122378083132594
2076-07-04,0.016082946110862143
2076-07-05,0.01604778005361531
2076-07-06,0.016017544878526892
2076-07-07,0.015992461582603
2076-07-08,0.01597106774920023
2076-07-09,0.015952329255217047
2076-07-10,0.01593561603510579
2076-07-11,0.01592100898634474
2076-07-12,0.015908913353062198
2076-07-13,0.015898722453943255
2076-07-14,0.015889810784230855
2076-07-15,0.015881614804614187
2076-07-16,0.01587420466552901
2076-07-17,0.01586775314085843
2076-07-18,0.01586196297948361
2076-07-19,0.01585667417592505
2076-07-20,0.015851772093938545
2076-07-21,0.015847137223161004
2076-07-22,0.015842676711005945
2076-07-23,0.01583833256914568
2076-07-24,0.015834058153540907
2076-07-25,0.015829854551225285
2076-07-26,0.015825835403032583
2076-07-27,0.015821971860151326
2076-07-28,0.015818142979053592
2076-07-29,0.01581435201065973
2076-07-30,0.015810562542168748
2076-07-31,0.01580677327502251
2076-08-01,0.017901678098533998
2076-08-02,0.017897387990406452
2076-08-03,0.01789309909958
2076-08-04,0.017888810802027005
2076-08-05,0.01788452392038676
2076-08-06,0.017880237951081266
2076-08-07,0.01787595306965839
2076-08-08,0.01787166941322404
2076-08-09,0.01786738639747447
2076-08-10,0.017863104376066898
2076-08-11,0.01785882374366374
2076-08-12,0.017854544078694003
2076-08-13,0.017850265188952406
2076-08-14,0.017845987595956445
2076-08-15,0.017841710917858036
2076-08-16,0.01783743515593831
2076-08-17,0.01783316057544121
2076-08-18,0.017828886964940324
2076-08-19,0.017824614510234097
2076-08-20,0.017820342702619372
2076-08-21,0.017816072430084595
2076-08-22,0.017811802457390474
2076-08-23,0.01780753382500833
2076-08-24,0.017803266395831543
2076-08-25,0.01779900002890975
2076-08-26,0.01779473469477148
2076-08-27,0.017790470374196104
2076-08-28,0.017786206896761608
2076-08-29,0.0177819446071563
2076-08-30,0.017777683006927256
2076-08-31,0.06188156655931579
2076-09-01,0.020990991786145805
2076-09-02,0.12369051636858201
2076-09-03,0.015251449471686721
2076-09-04,0.1811729035400858
2076-09-05,0.013825183472920284
2076-09-06,0.013821877810023092
2076-09-07,0.0138185744463271
2076-09-08,0.01381527195580809
2076-09-09,0.013811969126995316
2076-09-10,0.051683182901923995
2076-09-11,0.018770415987567717
2076-09-12,0.07823846281382228
2076-09-13,0.03389542174459754
2076-09-14,0.08677289542869246
2076-09-15,0.027589163691962938
2076-09-16,0.3976229715884758
2076-09-17,0.013786123952137049
2076-09-18,0.013783794658208006
2076-09-19,0.013781591761442889
2076-09-20,0.013779332608105556
2076-09-21,0.01377694485120966
2076-09-22,0.013774413906198895
2076-09-23,0.013771749153492746
2076-09-24,0.01380708438121011
2076-09-25,0.013766107056570949
2076-09-26,0.013763164059659837
2076-09-27,0.013760157119222075
2076-09-28,0.013757101371662429
2076-09-29,0.013754008896765523
2076-09-30,0.013750886551219635
2076-10-01,0.06352043802767604
2076-10-02,0.0151713909236016
2076-10-03,0.021654451574838175
2076-10-04,0.013575087873414748
2076-10-05,0.013571953760309384
2076-10-06,0.013568811725162448
2076-10-07,0.013565659893465197
2076-10-08,0.013562497740631565
2076-10-09,0.013559325851397833
2076-10-10,0.01355614363412522
2076-10-11,0.013552952909088934
2076-10-12,0.013549755040015333
2076-10-13,0.013546551072133354
2076-10-14,0.33031414751782956
2076-10-15,0.013540206036433824
2076-10-16,0.22048259568596212
2076-10-17,0.34955172700122705
2076-10-18,0.04582722225782097
2076-10-19,0.019638363789925777
2076-10-20,0.01358454817951468
2076-10-21,0.013607706617584503
2076-10-22,0.013628169195927553
2076-10-23,0.013646086602937717
2076-10-24,0.013661664895513442
2076-10-25,0.013674767521480013
2076-10-26,0.01368539628237697
2076-10-27,0.015444561699031767
2076-10-28,0.0137023226246232
2076-10-29,0.01370856139610331
2076-10-30,0.013713556223637504
2076-10-31,0.013717850039232251
2076-11-01,0.01077077021378671
2076-11-02,0.010773829626159429
2076-11-03,0.010776543854503221
2076-11-04,0.0559557276903674
2076-11-05,0.09921444996778071
2076-11-06,0.24938426551552476
2076-11-07,0.3215251859165925
2076-11-08,0.01945018086753747
2076-11-09,0.027619774427048834
2076-11-10,0.025196745518226895
2076-11-11,0.014384822660264104
2076-11-12,0.014861252780779911
2076-11-13,0.11654022611948228
2076-11-14,0.029682048429413424
2076-11-15,0.04188087396315386
2076-11-16,0.016786368597996027
2076-11-17,0.011494049088561206
2076-11-18,0.011525451604544075
2076-11-19,0.011545973080949436
2076-11-20,0.011559658212027937
2076-11-21,0.011570733557666265
2076-11-22,0.01158054107295479
2076-11-23,0.02005261073841168
2076-11-24,0.02314283666954124
2076-11-25,0.013759930038754023
2076-11-26,0.011626165808399234
2076-11-27,0.011631375601398404
2076-11-28,0.011636498677530674
2076-11-29,0.011643866235844043
2076-11-30,0.01165268686089358
2076-12-01,0.1178809165974004
2076-12-02,0.11056530276866794
2076-12-03,0.021548426391641208
2076-12-04,0.01577860284597814
2076-12-05,0.013891483522079284
2076-12-06,0.013334121187634218
2076-12-07,0.013824877802114189
2076-12-08,0.012562373905974231
2076-12-09,0.011703248012206227
2076-12-10,0.011525617660339873
2076-12-11,0.011497190474398405
2076-12-12,0.01150574958972262
2076-12-13,0.011508686514487611
2076-12-14,0.011510271843842736
2076-12-15,0.012264178087303429
2076-12-16,0.011515765264426799
2076-12-17,0.011518580852058213
2076-12-18,0.011522785898134857
2076-12-19,0.011526727587974153
2076-12-20,0.011530462877107114
2076-12-21,0.011532412542828671
2076-12-22,0.011530623547144398
2076-12-23,0.011526964208247831
2076-12-24,0.011523820352450198
2076-12-25,0.25079296723467415
2076-12-26,1.1358305022386852
2076-12-27,1.0080826628037987
2076-12-28,0.32942515414761964
2076-12-29,0.030281094333739704
2076-12-30,0.022029440787171624
2076-12-31,0.031866894620006005
2077-01-01,0.8963877217069729
2077-01-02,0.7522511673115302
2077-01-03,0.02904917258605271
2077-01-04,0.03023141479720027
2077-01-05,0.020246366481265037
2077-01-06,0.01470173991241297
2077-01-07,0.024340375157623256
2077-01-08,0.03711976246640422
2077-01-09,0.029724465164376417
2077-01-10,0.015274457140794739
2077-01-11,0.012565398051999563
2077-01-12,0.014791450910397408
2077-01-13,0.017040891069196967
2077-01-14,0.024165080772856562
2077-01-15,0.020075592960172455
2077-01-16,0.019992167998921097
2077-01-17,0.022869414774760236
2077-01-18,0.022833143769183006
2077-01-19,0.03648349316808628
2077-01-20,0.029541990514050147
2077-01-21,0.10498769142408837
2077-01-22,0.027466874745776526
2077-01-23,0.3542351598308728
2077-01-24,0.9571864951958486
2077-01-25,1.1133253766355957
2077-01-26,1.5431560603007761
2077-01-27,1.0198462979586125
2077-01-28,0.07750104431272999
2077-01-29,0.2916214012336862
2077-01-30,0.18046948525363066
2077-01-31,0.04161795365735934
2077-02-01,0.059027843642576266
2077-02-02,0.06741418686379433
2077-02-03,0.06220958270692108
2077-02-04,0.24738113489299896
2077-02-05,0.3264713081976364
2077-02-06,0.21035656286401766
2077-02-07,1.3623082966831537
2077-02-08,2.534425515628436
2077-02-09,0.9556005839639674
2077-02-10,0.6263866576552232
2077-02-11,1.285965307862764
2077-02-12,1.13825176081179
2077-02-13,0.9305496440888401
2077-02-14,0.9691991817923895
2077-02-15,0.9633154287447189
2077-02-16,0.9359544640250995
2077-02-17,0.9097408290282741
2077-02-18,0.8861629999404789
2077-02-19,0.8570196346131332
2077-02-20,0.8148682270655493
2077-02-21,0.7967007012195708
2077-02-22,1.1520628760416263
2077-02-23,1.3324872945309958
2077-02-24,1.1351162789820175
2077-02-25,0.9408348726562945
2077-02-26,0.9816516056448893
2077-02-27,0.9580220848858321
2077-02-28,1.2455480339735587
2077-03-01,2.210808834823916
2077-03-02,2.3870399392560415
2077-03-03,2.8960597196924573
2077-03-04,2.1245081883685057
2077-03-05,2.1324934441392918
2077-03-06,1.9959216809529947
2077-03-07,1.928124622383696
2077-03-08,1.8129036462404287
2077-03-09,1.7167123027995437
2077-03-10,1.6353262073470953
2077-03-11,1.5133219365363724
2077-03-12,1.4063599581490225
2077-03-13,1.2704158525535107
2077-03-14,1.469748466245001
2077-03-15,1.7279697366682418
2077-03-16,1.3637837052050805
2077-03-17,1.180728939381483
2077-03-18,1.1497877643901047
2077-03-19,1.0894508899764366
2077-03-20,1.0214072427453984
2077-03-21,0.9606334118020994
2077-03-22,0.8936168178946897
2077-03-23,0.8220535617144994
2077-03-24,0.7397933534695867
2077-03-25,0.7511575343445456
2077-03-26,0.6164876335979544
2077-03-27,0.5703923658766847
2077-03-28,0.5236222501369187
2077-03-29,0.48969614406729833
2077-03-30,0.462388859798588
2077-03-31,0.43741998703454293
2077-04-01,0.34198175570043343
2077-04-02,0.4330256274954349
2077-04-03,0.3210237739381657
2077-04-04,0.2835691124299526
2077-04-05,0.26348784781722945
2077-04-06,0.24285959053282458
2077-04-07,0.2514168490011279
2077-04-08,0.19039386108967774
2077-04-09,0.15861511772481168
2077-04-10,0.1447588395267218
2077-04-11,0.15713493996830027
2077-04-12,0.14699570846574153
2077-04-13,0.16177975078987958
2077-04-14,0.2091892652435356
2077-04-15,0.12775698518414688
2077-04-16,0.11586187420189113
2077-04-17,0.1660397449230167
2077-04-18,0.10588921135975585
2077-04-19,0.09003085573100947
2077-04-20,0.08063828709558825
2077-04-21,0.0740368410038243
2077-04-22,0.06472747236075012
2077-04-23,0.060616709012404485
2077-04-24,0.18944083758603975
2077-04-25,0.3846356734754779
2077-04-26,0.4089824088987523
2077-04-27,0.11154686702840755
2077-04-28,0.10318729282076276
2077-04-29,0.10444566069285754
2077-04-30,0.10059802997562953
2077-05-01,0.1067036683707988
2077-05-02,0.09787495547636323
2077-05-03,0.08903471762896849
2077-05-04,0.08071457979783586
2077-05-05,0.21669264531762053
2077-05-06,0.12834293234852967
2077-05-07,0.15378580381892748
2077-05-08,0.10463614230013518
2077-05-09,0.07917893514509314
2077-05-10,0.07346449395866077
2077-05-11,0.06938660145733073
2077-05-12,0.062135971729687274
2077-05-13,0.05643763501884864
2077-05-14,0.050516778181771645
2077-05-15,0.0448732937903303
2077-05-16,0.040689581044046984
2077-05-17,0.04120864214206829
2077-05-18,0.0369326684845889
2077-05-19,0.0326139235759162
2077-05-20,0.030666272355784337
2077-05-21,0.027516963069906367
2077-05-22,0.0248171445118152
2077-05-23,0.02241578832701236
2077-05-24,0.020723549783017912
2077-05-25,0.019655694624452862
2077-05-26,0.018989197448093628
2077-05-27,0.018513618701276994
2077-05-28,0.018133931150276023
2077-05-29,0.030771301055309775
2077-05-30,0.017583955018854104
2077-05-31,0.017333078826424927
2077-06-01,0.017910140793631346
2077-06-02,0.01774153842484617
2077-06-03,0.01743017554337089
2077-06-04,0.01713253653351795
2077-06-05,0.0168282661023826
2077-06-06,0.0165335248123738
2077-06-07,0.016253033443639774
2077-06-08,0.015981335253397067
2077-06-09,0.01570495578768262
2077-06-10,0.01539293272703983
2077-06-11,0.015027664488312296
2077-06-12,0.014635621257081033
2077-06-13,0.014247798554598193
2077-06-14,0.013877015533636638
2077-06-15,0.013504973420778422
2077-06-16,0.013124134776714654
2077-06-17,0.01275302270341564
2077-06-18,0.012402852191387941
2077-06-19,0.012071389364780027
2077-06-20,0.011756831298320593
2077-06-21,0.011450784899278744
2077-06-22,0.01116455316580152
2077-06-23,0.010910088891714556
2077-06-24,0.010671203270198939
2077-06-25,0.010434428597937456
2077-06-26,0.010197698301713205
2077-06-27,0.00996874254950449
2077-06-28,0.009756191433425099
2077-06-29,0.009566421687051093
2077-06-30,0.009401120337623184
2077-07-01,0.018984676117834973
2077-07-02,0.01870598199837721
2077-07-03,0.01844362125257933
2077-07-04,0.018187893886194836
2077-07-05,0.01794324191257719
2077-07-06,0.018281485594533773
2077-07-07,0.017549904575371564
2077-07-08,0.017400580649048564
2077-07-09,0.017190280726548483
2077-07-10,0.017031000096353232
2077-07-11,0.016895226790572683
2077-07-12,0.016767051853773626
2077-07-13,0.01664934323152274
2077-07-14,0.016551112645878423
2077-07-15,0.016467660106975673
2077-07-16,0.016393909970533995
2077-07-17,0.016328902397104484
2077-07-18,0.016273354504291862
2077-07-19,0.016223047308423708
2077-07-20,0.01617527582510354
2077-07-21,0.016131664750062846
2077-07-22,0.01609330792312509
2077-07-23,0.018599496781935603
2077-07-24,0.08705204545091474
2077-07-25,0.016027612067328365
2077-07-26,0.016005604886752376
2077-07-27,0.015983229910981393
2077-07-28,0.015961423528493023
2077-07-29,0.015942811956158043
2077-07-30,0.015928349148059472
2077-07-31,0.015916909186133137
2077-08-01,0.01802014610471925
2077-08-02,0.01801137535145041
2077-08-03,0.01800342978831323
2077-08-04,0.017995929402253103
2077-08-05,0.01798896543187153
2077-08-06,0.01798284532116845
2077-08-07,0.017977335322803066
2077-08-08,0.017972049717784686
2077-08-09,0.017967009688424615
2077-08-10,0.017962112222903035
2077-08-11,0.01795750856377073
2077-08-12,0.02695417149389625
2077-08-13,0.017948757838300015
2077-08-14,0.017944389651231445
2077-08-15,0.017940034666108027
2077-08-16,0.01793571414468653
2077-08-17,0.01793141588577047
2077-08-18,0.0179271189146306
2077-08-19,0.01792282273665794
2077-08-20,0.01791852764144213
2077-08-21,0.01791423315872084
2077-08-22,0.017909940710813647
2077-08-23,0.01790564827572009
2077-08-24,0.01790135741927307
2077-08-25,0.017897067330366244
2077-08-26,0.01789277808075592
2077-08-27,0.017888490359819164
2077-08-28,0.017884203457677238
2077-08-29,0.017879917849717885
2077-08-30,0.017913442562990725
2077-08-31,0.017871349077369765
2077-09-01,0.0139146867694673
2077-09-02,0.013911352126063085
2077-09-03,0.013908018277998691
2077-09-04,0.013904685422861676
2077-09-05,0.013901353373043504
2077-09-06,0.013898021939938427
2077-09-07,0.01389469129219345
2077-09-08,0.013891361498666007
2077-09-09,0.013888032408670006
2077-09-10,0.013884704308607184
2077-09-11,0.013881376839228163
2077-09-12,0.013878050242028542
2077-09-13,0.013874724358339653
2077-09-14,0.013871399333857287
2077-09-15,0.013868075278352302
2077-09-16,0.013864751765714249
2077-09-17,0.0493231898082005
2077-09-18,0.014051265515681819
2077-09-19,0.026483422388299486
2077-09-20,0.015983477691474297
2077-09-21,0.013848146684468958
2077-09-22,0.0138448280696074
2077-09-23,0.013841510216156643
2077-09-24,0.04633936122768541
2077-09-25,0.01533992780569798
2077-09-26,0.2683090800829115
2077-09-27,0.2628015588453226
2077-09-28,0.013825041120061691
2077-09-29,0.013821992649312482
2077-09-30,0.013818991788185042
2077-10-01,0.013651887107234504
2077-10-02,0.013648888413315763
2077-10-03,0.013645856982057815
2077-10-04,0.013642792170546758
2077-10-05,0.01363969643309686
2077-10-06,0.013636573770171544
2077-10-07,0.013633428541161861
2077-10-08,0.013630264686381113
2077-10-09,0.013627084951032653
2077-10-10,0.013623891974811102
2077-10-11,0.013620688003971046
2077-10-12,0.013617474887383489
2077-10-13,0.013614254349674948
2077-10-14,0.013611028052364077
2077-10-15,0.01360779735227527
2077-10-16,0.01360456325420881
2077-10-17,0.013601325844937952
2077-10-18,0.01359808647931509
2077-10-19,0.013594845423577766
2077-10-20,0.03500620752262372
2077-10-21,0.014571109140777963
2077-10-22,0.013585122232700314
2077-10-23,0.013581882429265066
2077-10-24,0.013578643058711964
2077-10-25,0.013575404085542699
2077-10-26,0.013572165069972806
2077-10-27,0.013568925984392218
2077-10-28,0.013565686546786752
2077-10-29,0.013562446469225645
2077-10-30,0.013559206049499803
2077-10-31,0.013555965478906253
2077-11-01,0.010637989346523945
2077-11-02,0.010635445609184823
2077-11-03,0.010632901950019556
2077-11-04,0.010630358440235136
2077-11-05,0.01062781501713817
2077-11-06,0.010625271819273821
2077-11-07,0.010622728859800035
2077-11-08,0.01062018648314453
2077-11-09,0.010617644083269285
2077-11-10,0.010615102392373515
2077-11-11,0.010612561029651477
2077-11-12,0.018372580561746895
2077-11-13,0.010607480002353082
2077-11-14,0.0106049403818943
2077-11-15,0.023898106940566464
2077-11-16,0.012831029988235718
2077-11-17,0.01059732464823216
2077-11-18,0.010594787232885495
2077-11-19,0.010732503538961453
2077-11-20,0.01411404711647852
2077-11-21,0.013336543302641222
2077-11-22,0.055248673889886364
2077-11-23,0.1541132232353237
2077-11-24,0.5445882113464855
2077-11-25,0.7852784439695397
2077-11-26,0.27724244697336586
2077-11-27,0.01427576021452371
2077-11-28,0.014835784606254027
2077-11-29,0.13503242766367124
2077-11-30,0.11542463950776854
2077-12-01,0.134402941048049
2077-12-02,0.2058108469040203
2077-12-03,0.3099927507558509
2077-12-04,0.24159118040667335
2077-12-05,0.2262597431062208
2077-12-06,0.24575361522322897
2077-12-07,0.1641431229127514
2077-12-08,0.05526183652194825
2077-12-09,0.10209363387066374
2077-12-10,0.16571035770662335
2077-12-11,0.12386502141488928
2077-12-12,0.05645524762539111
2077-12-13,0.03616532245027881
2077-12-14,0.023764726924298294
2077-12-15,0.01872962707446377
2077-12-16,0.016549139207086276
2077-12-17,0.015658322311789288
2077-12-18,0.01571707294817662
2077-12-19,0.01733352503655275
2077-12-20,0.020197004769146508
2077-12-21,0.021263879927056698
2077-12-22,0.05324189278041285
2077-12-23,0.016190744474011712
2077-12-24,0.016219348925063787
2077-12-25,0.015728172203457163
2077-12-26,0.015754023372309297
2077-12-27,0.01713764185156636
2077-12-28,0.14489539312102098
2077-12-29,0.1508237984614084
2077-12-30,0.015943139328498307
2077-12-31,0.016214197010490632
2078-01-01,0.012456822846880313
2078-01-02,0.015299839955081808
2078-01-03,0.02436461539281066
2078-01-04,0.10669457556986488
2078-01-05,0.14534787378276318
2078-01-06,0.16302450967345208
2078-01-07,0.1676907772964084
2078-01-08,0.17419830743705297
2078-01-09,0.18193455289444035
2078-01-10,0.13986857692584345
2078-01-11,0.0719345305166633
2078-01-12,0.1642831236258555
2078-01-13,0.6106610245445475
2078-01-14,0.3478589784789296
2078-01-15,0.10197220924002587
2078-01-16,0.0923439868558923
2078-01-17,0.032089810587966346
2078-01-18,0.038223780724697794
2078-01-19,0.23301411183950488
2078-01-20,0.44574319285795355
2078-01-21,0.16770127349846767
2078-01-22,0.17908223879329088
2078-01-23,0.13190818983847374
2078-01-24,0.1057436521859042
2078-01-25,0.0933537710859984
2078-01-26,0.0704421731788577
2078-01-27,0.08314858138941793
2078-01-28,0.07521941943349456
2078-01-29,0.08119585279406279
2078-01-30,0.10968794156119248
2078-01-31,0.2821870146287909
2078-02-01,0.2214540267600767
2078-02-02,0.19310381828896403
2078-02-03,0.16514817200272022
2078-02-04,0.1515648173111695
2078-02-05,0.3859390870040238
2078-02-06,0.7443987727200742
2078-02-07,0.716142237449559
2078-02-08,0.3700710912789228
2078-02-09,0.3835921488166368
2078-02-10,0.406381356791763
2078-02-11,0.4410447353672043
2078-02-12,0.4788461220652017
2078-02-13,0.5642305050266915
2078-02-14,0.5464100810734379
2078-02-15,0.8277938146160247
2078-02-16,1.2810766062018384
2078-02-17,2.1151127642690275
2078-02-18,1.7772330640243277
2078-02-19,1.3409221681928796
2078-02-20,1.580020114724614
2078-02-21,1.8894265158982468
2078-02-22,1.492392183535895
2078-02-23,1.6598728392131548
2078-02-24,1.5899295260466837
2078-02-25,1.7651804910249052
2078-02-26,1.4906485787474653
2078-02-27,1.4568331294726677
2078-02-28,1.3239739432349713
2078-03-01,1.6034778996752275
2078-03-02,1.6390999633125458
2078-03-03,1.454093585340967
2078-03-04,1.4089553309221314
2078-03-05,1.1679571954771286
2078-03-06,1.112637894591047
2078-03-07,1.0240261169380906
2078-03-08,0.9682150459239649
2078-03-09,1.530920460896188
2078-03-10,0.9345154912362692
2078-03-11,1.1253969173308955
2078-03-12,1.186568310746376
2078-03-13,1.549373577755187
2078-03-14,1.6767881245507394
2078-03-15,1.4326690889395612
2078-03-16,1.4268532018261133
2078-03-17,1.3825369850271867
2078-03-18,1.3659258201175757
2078-03-19,1.3618156370455787
2078-03-20,1.4272682224482174
2078-03-21,1.5387656601955682
2078-03-22,1.6068432449509804
2078-03-23,1.5388887347808335
2078-03-24,1.7004333794155084
2078-03-25,1.7656254168415748
2078-03-26,1.8937074951485422
2078-03-27,2.192004349997089
2078-03-28,2.226548598682251
2078-03-29,2.163920396208025
2078-03-30,2.2243948785177983
2078-03-31,2.2735684926435513
2078-04-01,1.6070009555128983
2078-04-02,1.0073650933820593
2078-04-03,0.8945800751937485
2078-04-04,0.9945863576317584
2078-04-05,0.9682060943616767
2078-04-06,1.264622896982716
2078-04-07,1.5451043418051698
2078-04-08,1.4842095352602858
2078-04-09,1.5445285942420253
2078-04-10,1.2444902901776966
2078-04-11,1.3198187281219431
2078-04-12,0.8858229895519403
2078-04-13,0.5567957546226964
2078-04-14,0.5369275615481635
2078-04-15,0.5119159078566703
2078-04-16,0.5857523822889662
2078-04-17,0.41011005863614725
2078-04-18,0.395430742441832
2078-04-19,0.3715455559679113
2078-04-20,0.3415180835886374
2078-04-21,0.326683443987504
2078-04-22,0.7765650125405986
2078-04-23,0.9753651967963075
2078-04-24,0.4584800922785108
2078-04-25,0.4503944328923851
2078-04-26,0.4380166786258106
2078-04-27,0.42557731817556077
2078-04-28,0.3928312943688813
2078-04-29,0.3019892029991116
2078-04-30,0.2643205020598144
2078-05-01,0.26883597399376263
2078-05-02,0.2382911664494371
2078-05-03,0.21255049959127947
2078-05-04,0.18728558426498948
2078-05-05,0.1655953037471595
2078-05-06,0.14793316609851964
2078-05-07,0.12280552189977313
2078-05-08,0.11260409118398901
2078-05-09,0.10059575610168663
2078-05-10,0.08909107780318416
2078-05-11,0.07861668603305723
2078-05-12,0.07166790618844447
2078-05-13,0.06955497788894165
2078-05-14,0.06786000894922953
2078-05-15,0.056600198734534764
2078-05-16,0.05083888743878936
2078-05-17,0.046094099311081056
2078-05-18,0.04176406155826028
2078-05-19,0.037017240996692624
2078-05-20,0.03569131469777634
2078-05-21,0.02952615820521116
2078-05-22,0.026860394149175577
2078-05-23,0.024494506922898462
2078-05-24,0.022746017449017504
2078-05-25,0.02136942185552493
2078-05-26,0.020309924981996325
2078-05-27,0.0194565382738537
2078-05-28,0.01867132435680824
2078-05-29,0.018031401113365497
2078-05-30,0.01758522253509835
2078-05-31,0.017263330705918137
2078-06-01,0.01781084165169796
2078-06-02,0.0175040290031023
2078-06-03,0.017138940765413876
2078-06-04,0.016745206302815015
2078-06-05,0.01632228711208479
2078-06-06,0.015893986804329366
2078-06-07,0.015468454967087262
2078-06-08,0.015277264325072556
2078-06-09,0.01584682813224124
2078-06-10,0.020206067934153193
2078-06-11,0.014029646031639852
2078-06-12,0.013694185508244971
2078-06-13,0.01338535011985975
2078-06-14,0.01310032467193087
2078-06-15,0.012828012106770434
2078-06-16,0.01252968354951958
2078-06-17,0.012203295185713968
2078-06-18,0.011872220051955628
2078-06-19,0.011554310322511691
2078-06-20,0.011251591323392677
2078-06-21,0.010963083568022006
2078-06-22,0.01069345370675929
2078-06-23,0.010446545599755523
2078-06-24,0.010221824556951324
2078-06-25,0.016589688931659255
2078-06-26,0.009818332033441736
2078-06-27,0.009631375284159216
2078-06-28,0.009437078286436579
2078-06-29,0.009263634502110827
2078-06-30,0.00910776802354249
2078-07-01,0.018385373208768024
2078-07-02,0.018110709084086123
2078-07-03,0.017856952646675386
2078-07-04,0.01762611595067569
2078-07-05,0.0174298912177013
2078-07-06,0.017258299068877436
2078-07-07,0.017101401158872195
2078-07-08,0.016961587200634638
2078-07-09,0.016836602635362557
2078-07-10,0.01672738914757061
2078-07-11,0.01662591182979519
2078-07-12,0.016530742148945357
2078-07-13,0.01645181536458027
2078-07-14,0.13222603702051836
2078-07-15,0.5671773622514106
2078-07-16,0.031008946142280933
2078-07-17,0.016333124156615638
2078-07-18,0.06802490907381255
2078-07-19,0.016234129169097236
2078-07-20,0.016743172924455464
2078-07-21,0.016148460482932003
2078-07-22,0.016106606617668252
2078-07-23,0.016069154077214494
2078-07-24,0.01603667605975917
2078-07-25,0.016008529420284426
2078-07-26,0.015984034392840192
2078-07-27,0.015962074387943444
2078-07-28,0.015943263245948358
2078-07-29,0.015928377113443564
2078-07-30,0.015916483722725135
2078-07-31,0.015906222572497748
2078-08-01,0.020641523627685312
2078-08-02,0.01800134422821429
2078-08-03,0.01799372867398577
2078-08-04,0.017986640778560103
2078-08-05,0.017980571498485566
2078-08-06,0.017975240315170157
2078-08-07,0.017970096815259844
2078-08-08,0.017965025649913535
2078-08-09,0.01796010035305617
2078-08-10,0.017955439698628888
2078-08-11,0.017950992017987607
2078-08-12,0.017946579587808643
2078-08-13,0.017942223166270362
2078-08-14,0.01793791125564869
2078-08-15,0.017933618136304112
2078-08-16,0.017929324879853183
2078-08-17,0.0179250313953181
2078-08-18,0.01792073856171879
2078-08-19,0.01791644659432494
2078-08-20,0.017912154767881536
2078-08-21,0.017907863525742845
2078-08-22,0.017903573435554362
2078-08-23,0.017899283842537222
2078-08-24,0.017894995052938904
2078-08-25,0.017890707347378236
2078-08-26,0.017886420096703975
2078-08-27,0.017882134534873844
2078-08-28,0.017877849544534176
2078-08-29,0.017873565598510877
2078-08-30,0.017869282236791337
2078-08-31,0.017865000317893478
2078-09-01,0.013909743983832362
2078-09-02,0.013906410587824264
2078-09-03,0.013903078323454074
2078-09-04,0.013899746582990325
2078-09-05,0.013896415607928885
2078-09-06,0.013893085505046844
2078-09-07,0.013889755980956594
2078-09-08,0.01388642768630041
2078-09-09,0.013883099817754598
2078-09-10,0.042122863240939785
2078-09-11,0.01974850675165008
2078-09-12,0.03498885659823203
2078-09-13,0.02083780857140732
2078-09-14,0.026425190499119195
2078-09-15,0.019217922838408598
2078-09-16,0.051624440439493255
2078-09-17,0.016865255342536762
2078-09-18,0.013853188351702858
2078-09-19,0.013849870139001852
2078-09-20,0.013846552663761304
2078-09-21,0.013843235892052629
2078-09-22,0.013839919662212695
2078-09-23,0.0138366045430541
2078-09-24,0.013833290023643953
2078-09-25,0.01382997607504206
2078-09-26,0.01382666267828854
2078-09-27,0.013823350197622646
2078-09-28,0.01382003832468839
2078-09-29,0.013816727258070904
2078-09-30,0.02097296483086129
2078-10-01,0.020950042638380312
2078-10-02,0.042440037594541
2078-10-03,0.013639542327989312
2078-10-04,0.013636274376358714
2078-10-05,0.01363300704200428
2078-10-06,0.013629740496501458
2078-10-07,0.01362647480295836
2078-10-08,0.013623209742468587
2078-10-09,0.01361994541265255
2078-10-10,0.013616682149758405
2078-10-11,0.013613419386798768
2078-10-12,0.013610157199700662
2078-10-13,0.01360689598584818
2078-10-14,0.013603635637760247
2078-10-15,0.01360037575608094
2078-10-16,0.013597117024152788
2078-10-17,0.013593858597904466
2078-10-18,0.013590973643559495
2078-10-19,0.050794628203085876
2078-10-20,0.013584088697155229
2078-10-21,0.0135808337211461
2078-10-22,0.013577579326915605
2078-10-23,0.013574325955233599
2078-10-24,0.013571073028266654
2078-10-25,0.013567821177096
2078-10-26,0.013564569932354855
2078-10-27,0.013561319522810363
2078-10-28,0.013558069593479405
2078-10-29,0.029864042033899797
2078-10-30,0.022883015265353482
2078-10-31,0.014120522852413709
2078-11-01,0.010631988044425873
2078-11-02,0.024205011072689638
2078-11-03,0.01079117119153342
2078-11-04,0.018567283253576632
2078-11-05,0.19068124159496594
2078-11-06,0.37162943314380953
2078-11-07,0.018382350662110195
2078-11-08,0.010626681385161131
2078-11-09,0.27616935268614845
2078-11-10,0.6930228784255771
2078-11-11,0.10842804327075611
2078-11-12,0.0498491748884077
2078-11-13,0.46812369050996744
2078-11-14,0.8575671571823749
2078-11-15,0.0185596046297134
2078-11-16,0.01832597854676073
2078-11-17,0.013546787760315449
2078-11-18,0.013643309682979946
2078-11-19,1.3935732491543644
2078-11-20,1.1946478435862573
2078-11-21,2.978926096885203
2078-11-22,6.248944716174115
2078-11-23,3.3680232235450456
2078-11-24,0.2255585649546796
2078-11-25,0.030862292665282703
2078-11-26,0.04022080483933144
2078-11-27,0.04389981574329789
2078-11-28,0.5989931889807274
2078-11-29,2.513027707384219
2078-11-30,3.606754403998515
2078-12-01,0.2687286990806988
2078-12-02,0.20195886714206718
2078-12-03,0.2137276961711588
2078-12-04,0.24480723290676737
2078-12-05,0.4537704138937005
2078-12-06,0.7203692535198508
2078-12-07,0.2988127629510509
2078-12-08,0.32401838061979377
2078-12-09,0.3359732507360574
2078-12-10,0.3375494163580464
2078-12-11,0.47892757200178643
2078-12-12,0.48905259584918
2078-12-13,0.3314334101049248
2078-12-14,0.68130883238685
2078-12-15,1.087565965562615
2078-12-16,0.5909190698587721
2078-12-17,0.5705733831253027
2078-12-18,0.6071038078039105
2078-12-19,0.6198382808119876
2078-12-20,0.6257555623290767
2078-12-21,0.9057375685454602
2078-12-22,0.9878052857697849
2078-12-23,0.6784988977348894
2078-12-24,0.7154702916613788
2078-12-25,0.7036512761489544
2078-12-26,0.6836473389102106
2078-12-27,0.6601244534204925
2078-12-28,0.630291380915039
2078-12-29,0.5983252955586372
2078-12-30,0.5706102662438881
2078-12-31,0.5429994485429054
2079-01-01,0.3328500046857627
2079-01-02,0.312582509117011
2079-01-03,0.29566781786844804
2079-01-04,0.2844230646921659
2079-01-05,0.27518491244288246
2079-01-06,0.26393128619273165
2079-01-07,0.2518250684637926
2079-01-08,0.23835853352500702
2079-01-09,0.22351189889029766
2079-01-10,0.21166163055338602
2079-01-11,0.2031029741785084
2079-01-12,0.19474906859913574
2079-01-13,0.20027245226647364
2079-01-14,0.4754569009850551
2079-01-15,0.8583018840698025
2079-01-16,0.2871968398177893
2079-01-17,0.3613970925090728
2079-01-18,0.5769851372496453
2079-01-19,1.161069547099029
2079-01-20,2.752056020570199
2079-01-21,7.725745148834714
2079-01-22,4.995974538052929
2079-01-23,2.117213843230063
2079-01-24,2.0878641530876765
2079-01-25,3.0621893675479317
2079-01-26,8.021461303115505
2079-01-27,10.943807487578843
2079-01-28,5.0328199835188565
2079-01-29,5.458948368302445
2079-01-30,2.3919679468414223
2079-01-31,2.071840087139832
2079-02-01,1.8510682563049912
2079-02-02,4.776273173135517
2079-02-03,10.665083439440238
2079-02-04,5.483817292138793
2079-02-05,5.5396678415639595
2079-02-06,2.0018343439193043
2079-02-07,3.4608520902635482
2079-02-08,1.9438919806787047
2079-02-09,1.8666484072691731
2079-02-10,1.8051616062226856
2079-02-11,1.777765619446753
2079-02-12,1.662685472383589
2079-02-13,1.6288670824768685
2079-02-14,1.770010556658529
2079-02-15,1.691144586832582
2079-02-16,1.6273252628440589
2079-02-17,1.63633389275484
2079-02-18,1.623559998818324
2079-02-19,1.5748685735397725
2079-02-20,1.4549631165109067
2079-02-21,1.34185062323484
2079-02-22,1.3192070080489517
2079-02-23,1.2376470028595674
2079-02-24,1.2090456359697601
2079-02-25,1.161568930681181
2079-02-26,1.0995391554968852
2079-02-27,1.1922813896135844
2079-02-28,1.1284901012637072
2079-03-01,1.190178776455223
2079-03-02,1.1341199765082124
2079-03-03,1.1088878645123195
2079-03-04,1.122070094055386
2079-03-05,1.0578765810240864
2079-03-06,1.001412762716376
2079-03-07,0.9999373691196431
2079-03-08,1.0493835373112774
2079-03-09,1.112117098682448
2079-03-10,1.2861439262782215
2079-03-11,1.3888873297762356
2079-03-12,1.334022990134328
2079-03-13,1.4791817890653352
2079-03-14,1.4696885102654331
2079-03-15,1.619197662177478
2079-03-16,1.5419286798639322
2079-03-17,1.4020366240191255
2079-03-18,1.198083211415185
2079-03-19,1.2822259535942486
2079-03-20,1.1725268919774539
2079-03-21,1.20312335759758
2079-03-22,1.2388124470423132
2079-03-23,1.1301797339725823
2079-03-24,1.1573164456465508
2079-03-25,1.262635690806101
2079-03-26,1.1528534200691003
2079-03-27,0.9609882982257484
2079-03-28,0.9520304199336749
2079-03-29,0.9534419089203573
2079-03-30,0.9479645955711447
2079-03-31,1.0185098938752442
2079-04-01,1.020341113969997
2079-04-02,1.0525923549989653
2079-04-03,1.293839058747099
2079-04-04,1.2761276631757776
2079-04-05,1.2598759135589042
2079-04-06,1.3746382372352333
2079-04-07,1.243114130331098
2079-04-08,0.9531546841364199
2079-04-09,0.8908028586322244
2079-04-10,0.80136669180798
2079-04-11,0.6525206150210531
2079-04-12,0.49184430184337247
2079-04-13,0.5107582578792711
2079-04-14,0.4832250436865344
2079-04-15,0.5043126852780763
2079-04-16,0.5077099103392607
2079-04-17,0.47551348382725817
2079-04-18,0.4068391665229906
2079-04-19,0.36504369536446085
2079-04-20,0.3360104537203561
2079-04-21,0.3234206763317656
2079-04-22,0.21160115345267108
2079-04-23,0.18658813208354613
2079-04-24,0.1694236451861687
2079-04-25,0.15608455535323873
2079-04-26,0.1421625689599323
2079-04-27,0.12862904401664293
2079-04-28,0.10543946483344148
2079-04-29,0.09268670881685202
2079-04-30,0.0850293739593455
2079-05-01,0.10663786500766098
2079-05-02,0.21056831529253117
2079-05-03,0.07391556844242078
2079-05-04,0.11345383975450407
2079-05-05,0.08756551899552527
2079-05-06,0.06586864184413418
2079-05-07,0.07345960419918292
2079-05-08,0.059375416836209616
2079-05-09,0.05394275472775925
2079-05-10,0.04540358520313283
2079-05-11,0.04463009889540293
2079-05-12,0.03449119759743998
2079-05-13,0.036401452543055726
2079-05-14,0.027846879766078664
2079-05-15,0.02901935447230087
2079-05-16,0.026823407703220743
2079-05-17,0.023140054391111022
2079-05-18,0.032879053224806554
2079-05-19,0.02033863973539534
2079-05-20,0.027793258583580692
2079-05-21,0.01854146825601823
2079-05-22,0.032656697331820625
2079-05-23,0.01731138825545127
2079-05-24,0.02261043111516414
2079-05-25,0.018104791330623198
2079-05-26,0.016250715627546385
2079-05-27,0.018707416485263913
2079-05-28,0.015365288760461048
2079-05-29,0.014924231793697305
2079-05-30,0.014548102067506813
2079-05-31,0.014800781287549209
2079-06-01,0.01459276176576473
2079-06-02,0.014282389863837765
2079-06-03,0.013993292651714066
2079-06-04,0.013693901279708248
2079-06-05,0.013374280452962852
2079-06-06,0.01304858637446927
2079-06-07,0.012736005512649322
2079-06-08,0.012435350426632918
2079-06-09,0.012130985040901893
2079-06-10,0.011826324336208838
2079-06-11,0.011531854668973046
2079-06-12,0.011250407614622948
2079-06-13,0.010983695092095916
2079-06-14,0.01073038254806284
2079-06-15,0.010486452539464647
2079-06-16,0.01025759184607247
2079-06-17,0.010047706238548627
2079-06-18,0.009850424889719031
2079-06-19,0.009662439332017556
2079-06-20,0.00956416805665534
2079-06-21,0.009336969846762999
2079-06-22,0.028363113301871638
2079-06-23,0.00909427842832608
2079-06-24,0.00897446348892118
2079-06-25,0.008853696294366413
2079-06-26,0.008741941861770693
2079-06-27,0.008640216568042416
2079-06-28,0.008546101147685212
2079-06-29,0.008464073374149422
2079-06-30,0.008397354013406678
2079-07-01,0.017104786991727607
2079-07-02,0.01698492337549531
2079-07-03,0.016861358254534702
2079-07-04,0.016742383234625544
2079-07-05,0.01663060312791542
2079-07-06,0.016528496999035507
2079-07-07,0.016436476083808455
2079-07-08,0.016357052199270326
2079-07-09,0.01764734288764254
2079-07-10,0.0193794077301673
2079-07-11,0.01694349793272361
2079-07-12,0.07572455062977056
2079-07-13,0.1699486437246584
2079-07-14,0.016100577968338168
2079-07-15,0.016075507237211694
2079-07-16,0.1340400595926013
2079-07-17,0.01604011855184286
2079-07-18,0.016019337209333503
2079-07-19,0.01599687874122958
2079-07-20,0.015976622679196233
2079-07-21,0.015957854868106396
2079-07-22,0.01594241447736401
2079-07-23,0.01690246501318495
2079-07-24,0.015921020560255975
2079-07-25,0.015909807820045967
2079-07-26,0.13987096859209106
2079-07-27,0.01589058681770503
2079-07-28,0.015883380693693532
2079-07-29,0.015876345280350583
2079-07-30,0.015869239041275338
2079-07-31,0.015862891719135717
2079-08-01,0.017963439602064483
2079-08-02,0.01795770192364053
2079-08-03,0.01795234755395252
2079-08-04,0.017947381084145165
2079-08-05,0.017942525082444354
2079-08-06,0.01793771602626122
2079-08-07,0.01793308614134878
2079-08-08,0.017928705958103062
2079-08-09,0.017924410942332308
2079-08-10,0.017920116120048308
2079-08-11,0.017915822863597122
2079-08-12,0.017911529937739208
2079-08-13,0.01790723811898394
2079-08-14,0.017902947331730885
2079-08-15,0.017898657119812828
2079-08-16,0.01804349089321289
2079-08-17,0.017890080356847544
2079-08-18,0.017885793367572508
2079-08-19,0.017881507208624373
2079-08-20,0.01787722220290853
2079-08-21,0.017872938167189156
2079-08-22,0.01786865497461049
2079-08-23,0.017864373106967358
2079-08-24,0.017860092208039125
2079-08-25,0.017855812258605677
2079-08-26,0.017851533212537022
2079-08-27,0.017847255009609594
2079-08-28,0.0178429781277735
2079-08-29,0.017838702119831067
2079-08-30,0.017834427320219767
2079-08-31,0.0178301533176197
2079-09-01,0.01388261183734443
2079-09-02,0.01387928497569679
2079-09-03,0.013875958625980725
2079-09-04,0.01387263345181088
2079-09-05,0.01386930899713919
2079-09-06,0.013865985365748741
2079-09-07,0.013882629982469271
2079-09-08,0.037753531460090466
2079-09-09,0.013856019013098261
2079-09-10,0.013852698472256803
2079-09-11,0.013849378692825974
2079-09-12,0.013846059887362303
2079-09-13,0.013842741650711388
2079-09-14,0.01383942449081278
2079-09-15,0.013836107786962235
2079-09-16,0.013832792158866252
2079-09-17,0.013829477009770313
2079-09-18,0.013826162962374855
2079-09-19,0.013822849706327283
2079-09-20,0.013819537070984388
2079-09-21,0.013816225289858429
2079-09-22,0.040097853235471596
2079-09-23,0.013809603954957035
2079-09-24,0.07017464311715083
2079-09-25,0.013923743147560973
2079-09-26,0.013799678389169675
2079-09-27,0.013796371323201282
2079-09-28,0.013793065310035298
2079-09-29,0.013789759706015559
2079-09-30,0.013786455262573325
2079-10-01,0.013619444645747492
2079-10-02,0.013616180910528308
2079-10-03,0.013612917854707491
2079-10-04,0.013609655663665222
2079-10-05,0.013606394114551019
2079-10-06,0.013603133555445256
2079-10-07,0.01359987373588798
2079-10-08,0.013596614538537371
2079-10-09,0.01359335613201028
2079-10-10,0.013590098535042115
2079-10-11,0.013586841871877288
2079-10-12,0.013583585950232601
2079-10-13,0.013580330709958358
2079-10-14,0.013577076442930006
2079-10-15,0.013573822588076389
2079-10-16,0.013570569716329068
2079-10-17,0.013567317594976971
2079-10-18,0.013564066241768745
2079-10-19,0.013560815770102139
2079-10-20,0.013557566114896953
2079-10-21,0.013554317070065868
2079-10-22,0.013551068889027074
2079-10-23,0.013547821565864248
2079-10-24,0.013544574953653755
2079-10-25,0.013541329297926086
2079-10-26,0.013538083938017588
2079-10-27,0.013534839616434998
2079-10-28,0.013531596324303487
2079-10-29,0.5158229912366087
2079-10-30,0.043314460051686335
2079-10-31,0.02488883172194854
2079-11-01,0.020078118705575927
2079-11-02,0.01060932534298226
2079-11-03,0.0106070072414796
2079-11-04,0.04065861028131124
2079-11-05,0.39160408970041405
2079-11-06,0.21088522926971365
2079-11-07,0.405325255075871
2079-11-08,0.38759085962826717
2079-11-09,1.9693514896505768
2079-11-10,2.618545064004991
2079-11-11,1.337827476873957
2079-11-12,0.07259166871975453
2079-11-13,0.11103200837873481
2079-11-14,1.897219510367017
2079-11-15,2.924390059337889
2079-11-16,2.200051905902813
2079-11-17,1.6293111639925304
2079-11-18,0.048898725340369355
2079-11-19,0.02933604100802647
2079-11-20,0.03797151490059241
2079-11-21,0.033782496514288565
2079-11-22,0.0348903071095576
2079-11-23,0.03308737485658251
2079-11-24,0.03837844029884858
2079-11-25,0.04020264426945546
2079-11-26,0.04351699041737362
2079-11-27,0.08130123882311224
2079-11-28,0.1830475672209415
2079-11-29,1.129722039645641
2079-11-30,1.2722750066934345
2079-12-01,0.7404509608639103
2079-12-02,0.33165888293060647
2079-12-03,0.33522278016622614
2079-12-04,0.7257430922370977
2079-12-05,2.497606832446085
2079-12-06,5.653733384223552
2079-12-07,2.0781244870439446
2079-12-08,1.84819776496452
2079-12-09,1.9559247528445807
2079-12-10,2.266060122591103
2079-12-11,2.9098244912233193
2079-12-12,2.289256208628014
2079-12-13,2.2798092787214284
2079-12-14,2.213888457060579
2079-12-15,2.624690933270502
2079-12-16,3.4391936827552785
2079-12-17,4.890377149407169
2079-12-18,4.946121642442594
2079-12-19,8.007332245864056
2079-12-20,5.887915658530013
2079-12-21,9.247446662383613
2079-12-22,22.6196019152371
2079-12-23,59.411178672903944
2079-12-24,15.161728147307166
2079-12-25,7.671674501852021
2079-12-26,13.682269719845713
2079-12-27,6.007402636389124
2079-12-28,5.295138990059869
2079-12-29,3.4423810386682523
2079-12-30,3.092151503529677
2079-12-31,3.084415500702888
2080-01-01,2.0265787845648173
2080-01-02,2.0895637336931148
2080-01-03,2.1404327102873224
2080-01-04,1.9581898213305882
2080-01-05,1.848738924425762
2080-01-06,1.7447709269174805
2080-01-07,1.6162334668195921
2080-01-08,1.4896052201435617
2080-01-09,1.3741673028720855
2080-01-10,1.2869443663504647
2080-01-11,1.474632340433695
2080-01-12,1.4159981945088518
2080-01-13,1.1753798029110087
2080-01-14,1.1674630673918671
2080-01-15,1.5813191373037578
2080-01-16,1.7415786138175442
2080-01-17,1.9603636799375377
2080-01-18,1.6962069465357785
2080-01-19,1.6018352005070333
2080-01-20,1.5156291041366488
2080-01-21,1.4042604412386692
2080-01-22,1.2895575811908597
2080-01-23,1.1796114990745585
2080-01-24,1.0826557090594273
2080-01-25,0.99691676214029
2080-01-26,0.9324839657759414
2080-01-27,0.8668812700013127
2080-01-28,0.8599652590342035
2080-01-29,2.2425777494531163
2080-01-30,15.056717282902339
2080-01-31,8.192342487975393
2080-02-01,13.564859023995497
2080-02-02,20.204975712070542
2080-02-03,9.906449214562041
2080-02-04,2.378699922831737
2080-02-05,1.857407521336831
2080-02-06,2.09229367211591
2080-02-07,5.17597503604815
2080-02-08,5.0830123314283
2080-02-09,2.1085686046489798
2080-02-10,1.8504269471375454
2080-02-11,1.8401977790722657
2080-02-12,1.8035301685858907
2080-02-13,1.7708819892093361
2080-02-14,1.725064112075331
2080-02-15,1.6247297274883634
2080-02-16,1.4980252014093975
2080-02-17,1.3881467279745334
2080-02-18,1.4177034604891094
2080-02-19,1.187117829912695
2080-02-20,1.198058955993049
2080-02-21,1.2221662580084305
2080-02-22,1.0732933192893266
2080-02-23,1.1492239359569587
2080-02-24,1.2077500675750332
2080-02-25,1.0392245005646676
2080-02-26,1.0637001079105595
2080-02-27,1.0197072222813708
2080-02-28,0.9951572519202699
2080-02-29,0.9856768980195734
2080-03-01,1.0792937500469857
2080-03-02,1.1911687112809353
2080-03-03,0.9571559360627003
2080-03-04,0.9589173097547061
2080-03-05,1.034338160222352
2080-03-06,1.0398537010813305
2080-03-07,1.1315190531260881
2080-03-08,1.2179012820422428
2080-03-09,1.2867809726644475
2080-03-10,1.2979277772673132
2080-03-11,1.4483929725127238
2080-03-12,1.5896522882099062
2080-03-13,1.7684960259417726
2080-03-14,1.8861385497443108
2080-03-15,1.321828818095327
2080-03-16,2.012698048662654
2080-03-17,2.0160713734040736
2080-03-18,1.40603091137403
2080-03-19,1.4358026559051504
2080-03-20,1.4736385187323056
2080-03-21,1.4107764743763294
2080-03-22,1.4723190869322702
2080-03-23,1.5444191945094075
2080-03-24,1.5674147925205768
2080-03-25,1.5898785359561656
2080-03-26,1.745894099928436
2080-03-27,2.108360029588819
2080-03-28,2.4139312278896075
2080-03-29,1.9451084313890683
2080-03-30,1.6029579923595074
2080-03-31,1.0998472416313418
2080-04-01,2.288774311963762
2080-04-02,2.309140098364801
2080-04-03,1.8522643532430443
2080-04-04,1.5148258123632077
2080-04-05,1.225752939031614
2080-04-06,1.1820860723165818
2080-04-07,1.1034816057311474
2080-04-08,1.1824149077400674
2080-04-09,1.1701238324227115
2080-04-10,1.1825298016711403
2080-04-11,1.1098998937421771
2080-04-12,1.0790907313321785
2080-04-13,1.4743314426712293
2080-04-14,1.432982141147255
2080-04-15,1.2539522244233579
2080-04-16,1.3397411284418363
2080-04-17,1.3430160794413815
2080-04-18,1.369198475815395
2080-04-19,1.3037044942940574
2080-04-20,1.1960322273425952
2080-04-21,1.1783232183997094
2080-04-22,1.0741366906540357
2080-04-23,1.1281267031718356
2080-04-24,1.183784528960741
2080-04-25,1.4505554192651484
2080-04-26,0.9728443632027975
2080-04-27,1.0804913362495527
2080-04-28,1.136224901596231
2080-04-29,1.1392739807946568
2080-04-30,1.1468160833239414
2080-05-01,1.5048418150019895
2080-05-02,1.6051300155358328
2080-05-03,1.3118052631368557
2080-05-04,0.8066205869187884
2080-05-05,0.8358843003082429
2080-05-06,0.7817856727765271
2080-05-07,0.7974109591156202
2080-05-08,0.8266607953129967
2080-05-09,0.8486645450901998
2080-05-10,0.8462976038332405
2080-05-11,0.7177561077402427
2080-05-12,0.8013400128321836
2080-05-13,1.096196608863288
2080-05-14,1.5367173113380292
2080-05-15,1.61359396089086
2080-05-16,1.3492581302159596
2080-05-17,1.1795276860416635
2080-05-18,1.0250274847211225
2080-05-19,1.0574044297847884
2080-05-20,0.955997204508118
2080-05-21,1.3083075049040842
2080-05-22,1.6935680717370056
2080-05-23,1.5503612419598776
2080-05-24,1.5383529758076135
2080-05-25,1.4233972359392437
2080-05-26,1.2794974579930638
2080-05-27,1.3312352408916586
2080-05-28,1.366933963871333
2080-05-29,1.1068589911034392
2080-05-30,0.9854895170031293
2080-05-31,0.9127853968378005
2080-06-01,0.8950018063690598
2080-06-02,0.9003222387984874
2080-06-03,0.9694108293192086
2080-06-04,0.9313335296327577
2080-06-05,0.9346967716763692
2080-06-06,0.9091941246179597
2080-06-07,0.9295819954460006
2080-06-08,0.9234839176460237
2080-06-09,0.852703590545102
2080-06-10,0.8451316567309388
2080-06-11,0.7694242804531698
2080-06-12,0.6674993854767199
2080-06-13,0.5309771872442726
2080-06-14,0.5673498148817459
2080-06-15,0.31892237753016534
2080-06-16,0.3473519176425715
2080-06-17,0.3380651531662444
2080-06-18,0.30063232271916523
2080-06-19,0.29741992953690416
2080-06-20,0.2798506262534553
2080-06-21,0.26875104818018053
2080-06-22,0.25987093573903547
2080-06-23,0.23639983720887403
2080-06-24,0.2358251922665604
2080-06-25,0.22224202712299987
2080-06-26,0.23096845589154913
2080-06-27,0.23343111309315254
2080-06-28,0.2130586561582583
2080-06-29,0.20307657772279064
2080-06-30,0.2244048115679355
2080-07-01,0.49872213163160356
2080-07-02,0.4974897365234471
2080-07-03,0.4896175664426254
2080-07-04,0.2219215576953168
2080-07-05,0.12732124428864172
2080-07-06,0.10972006405520976
2080-07-07,0.1066896937399804
2080-07-08,0.0999756563439188
2080-07-09,0.08847733706633493
2080-07-10,0.07720066014668539
2080-07-11,0.06762710466266009
2080-07-12,0.05956220434098062
2080-07-13,0.05241123896008312
2080-07-14,0.04602146249843277
2080-07-15,0.040579934679354904
2080-07-16,0.03626466066300067
2080-07-17,0.032681640828114
2080-07-18,0.029547846741926453
2080-07-19,0.02692244853335278
2080-07-20,0.024695755505676376
2080-07-21,0.022787025303147895
2080-07-22,0.021189072259707956
2080-07-23,0.019924477490497448
2080-07-24,0.01906741540200502
2080-07-25,0.018634051742994893
2080-07-26,0.01844963792870239
2080-07-27,0.018287837772693726
2080-07-28,0.018130620495353588
2080-07-29,0.017978811591885725
2080-07-30,0.01783972199399694
2080-07-31,0.01771173997004921
2080-08-01,0.019921218840513993
2080-08-02,0.019780130831732468
2080-08-03,0.019642850231671585
2080-08-04,0.01951317473883705
2080-08-05,0.019394376038210356
2080-08-06,0.019286990373766664
2080-08-07,0.01918750284642931
2080-08-08,0.019094762096139195
2080-08-09,0.01900685890096111
2080-08-10,0.018924243956828613
2080-08-11,0.018847867993442298
2080-08-12,0.018775103482853283
2080-08-13,0.018705821175928252
2080-08-14,0.01864246856570361
2080-08-15,0.018585098379234406
2080-08-16,0.018531135974515132
2080-08-17,0.01847932153384913
2080-08-18,0.018430773889741115
2080-08-19,0.018386166592547857
2080-08-20,0.01834437612636003
2080-08-21,0.01830508825464003
2080-08-22,0.01826797023659984
2080-08-23,0.034154397679497954
2080-08-24,0.039806309280957464
2080-08-25,0.01820413181067901
2080-08-26,0.018182098386796554
2080-08-27,0.018158848071079824
2080-08-28,0.01813480688926388
2080-08-29,0.018128256556341718
2080-08-30,0.018090381590041307
2080-08-31,0.018069720766115214
2080-09-01,0.014058571300890105
2080-09-02,0.014046207522526138
2080-09-03,0.014033925887699089
2080-09-04,0.014022122879806044
2080-09-05,0.014010932431282033
2080-09-06,0.01400048953534803
2080-09-07,0.013990734511578142
2080-09-08,0.013981559299533763
2080-09-09,0.02767062044852257
2080-09-10,0.014828151046187319
2080-09-11,0.01395812166727084
2080-09-12,0.013950238550161163
2080-09-13,0.013943087111776005
2080-09-14,0.01393680693375798
2080-09-15,0.013930974738639046
2080-09-16,0.01452033595957686
2080-09-17,0.031928377859064924
2080-09-18,0.013916125231880917
2080-09-19,0.013911752228905125
2080-09-20,0.16221021524971227
2080-09-21,0.05611003968148777
2080-09-22,0.1916890237009227
2080-09-23,0.02142126608849084
2080-09-24,0.013893938923656384
2080-09-25,0.013890296758161051
2080-09-26,0.013886565924747196
2080-09-27,0.013882815225800036
2080-09-28,0.013879015551082428
2080-09-29,0.017943373646299415
2080-09-30,0.013871639027530686
2080-10-01,0.013703274036778379
2080-10-02,0.013699720436086712
2080-10-03,0.01866412124153098
2080-10-04,0.02402885765375663
2080-10-05,0.03321440661053667
2080-10-06,0.014126438228286527
2080-10-07,0.013683460126130554
2080-10-08,0.013680158193733508
2080-10-09,0.01367682262076232
2080-10-10,0.01367342572247211
2080-10-11,0.013669995037669865
2080-10-12,0.013666553371068363
2080-10-13,0.013663118020209409
2080-10-14,0.013659693146285212
2080-10-15,0.013656229547638581
2080-10-16,0.01365276049802761
2080-10-17,0.013649329748145514
2080-10-18,0.013645910997681265
2080-10-19,0.013642504404405408
2080-10-20,0.013639117935718741
2080-10-21,0.01363576241959439
2080-10-22,0.03054132346123636
2080-10-23,0.04384027656392339
2080-10-24,0.021264065148138767
2080-10-25,0.018898498385467144
2080-10-26,0.026592637771584313
2080-10-27,0.04592105309034783
2080-10-28,0.05466880523137359
2080-10-29,0.022022812248778226
2080-10-30,0.014130475423571001
2080-10-31,0.013603372761857557
2080-11-01,0.010675239737096852
2080-11-02,0.04759639497773369
2080-11-03,0.010670243200655414
2080-11-04,0.010667751855047253
2080-11-05,0.010665260026466283
2080-11-06,0.010662764354999252
2080-11-07,0.010660266521763781
2080-11-08,0.010657767843325843
2080-11-09,0.010655267832842085
2080-11-10,0.010652767770500785
2080-11-11,0.010662036124646997
2080-11-12,0.010647769607895572
2080-11-13,0.010645272643082834
2080-11-14,0.010642776909696203
2080-11-15,0.010640282052472187
2080-11-16,0.010637786826826388
2080-11-17,0.0106352916483943
2080-11-18,0.15118515082017792
2080-11-19,0.07218790590897074
2080-11-20,0.01386871302658467
2080-11-21,0.01223002813838887
2080-11-22,0.011822798603387464
2080-11-23,0.01063509172622453
2080-11-24,0.011249994451328295
2080-11-25,0.03047095499966816
2080-11-26,0.34175385759656884
2080-11-27,0.020126773075477913
2080-11-28,0.01262834129972422
2080-11-29,0.09104769584271073
2080-11-30,0.014091190890708845
2080-12-01,0.06517061214090884
2080-12-02,0.037002141667247995
2080-12-03,0.06751806229468778
2080-12-04,0.03199826677879535
2080-12-05,0.04803546514846694
2080-12-06,0.026957151102452347
2080-12-07,0.02210142914520748
2080-12-08,0.04926444600972845
2080-12-09,0.04255491727962124
2080-12-10,0.03279674291167152
2080-12-11,0.039564085237629554
2080-12-12,0.016989880734393295
2080-12-13,0.08247631368705129
2080-12-14,0.0982943341836581
2080-12-15,0.12763993688907294
2080-12-16,0.30244375478767627
2080-12-17,0.049471372783797034
2080-12-18,0.03273083876063247
2080-12-19,0.01584999623742696
2080-12-20,0.014527459845506421
2080-12-21,0.017084691226750694
2080-12-22,0.022110541814282948
2080-12-23,0.018917894893852715
2080-12-24,0.012258756382620846
2080-12-25,0.027043786110699446
2080-12-26,0.013020017096004683
2080-12-27,0.011808635336618314
2080-12-28,0.041168199362585006
2080-12-29,0.012294347533273124
2080-12-30,0.014886498816610675
2080-12-31,1.2348767756121437
2081-01-01,0.32692062964898766
2081-01-02,0.2786156299278314
2081-01-03,0.4422926313024328
2081-01-04,2.026473710649322
2081-01-05,3.8726601985444176
2081-01-06,1.6619877706682968
2081-01-07,0.6080198230362079
2081-01-08,0.03253365062028193
2081-01-09,0.030641919940827593
2081-01-10,0.029511493168624937
2081-01-11,0.021028614393585946
2081-01-12,0.03216276668344326
2081-01-13,0.042577422634255825
2081-01-14,0.049222983118782204
2081-01-15,0.05289550880787969
2081-01-16,0.04132264041160172
2081-01-17,0.039527710575894756
2081-01-18,0.10197654514644211
2081-01-19,0.1164345315328604
2081-01-20,0.23587174307417072
2081-01-21,0.6378568304144043
2081-01-22,0.27347800514251763
2081-01-23,0.11159094288766808
2081-01-24,0.1336479257682544
2081-01-25,0.13335725177484395
2081-01-26,0.134712993691008
2081-01-27,0.13476302680804303
2081-01-28,0.132093716488253
2081-01-29,0.1242082946502507
2081-01-30,0.11938715177200328
2081-01-31,0.11286585031724582
2081-02-01,0.09457667105338972
2081-02-02,0.08897098582998837
2081-02-03,0.08362891811362441
2081-02-04,0.0784550709807799
2081-02-05,0.5014974910135575
2081-02-06,1.1129651423953604
2081-02-07,1.8274339729531557
2081-02-08,0.6979410444222046
2081-02-09,0.39823664599862235
2081-02-10,0.4059225813970821
2081-02-11,1.1916134366508837
2081-02-12,7.9356267984349325
2081-02-13,13.037020444585874
2081-02-14,2.71119598675899
2081-02-15,1.479493783493735
2081-02-16,1.583629036184186
2081-02-17,1.8479284350750145
2081-02-18,1.4410586412438797
2081-02-19,1.4010205522644403
2081-02-20,1.4309651277145872
2081-02-21,1.2819615074575028
2081-02-22,1.2262712416144301
2081-02-23,1.104948979620817
2081-02-24,1.004626298173974
2081-02-25,0.906627171464666
2081-02-26,0.8173374459054794
2081-02-27,0.7344709880885704
2081-02-28,0.6652557155863267
2081-03-01,0.710347155584663
2081-03-02,0.6346005716984712
2081-03-03,0.5614718026162971
2081-03-04,0.4983774384703522
2081-03-05,0.4462678615735022
2081-03-06,0.40216860617113764
2081-03-07,0.371457715817175
2081-03-08,0.5215290547898672
2081-03-09,0.5504158262112638
2081-03-10,0.35126856056670336
2081-03-11,1.9786973335215265
2081-03-12,1.1470645899055987
2081-03-13,1.020026958811128
2081-03-14,1.108703345514581
2081-03-15,1.1140137490931339
2081-03-16,1.129367501394768
2081-03-17,1.0479328909033536
2081-03-18,1.0593628654628593
2081-03-19,0.9356301777745728
2081-03-20,0.8720617688319284
2081-03-21,0.7923100086096512
2081-03-22,0.7175007744989019
2081-03-23,0.6476873384059779
2081-03-24,0.5775749669879939
2081-03-25,0.510793040110229
2081-03-26,0.45460272024246384
2081-03-27,0.4367218957020994
2081-03-28,0.677041850918663
2081-03-29,0.3659347308021103
2081-03-30,0.33881944641488065
2081-03-31,0.3116776958541809
2081-04-01,0.8505392746516095
2081-04-02,0.5506907002356618
2081-04-03,0.41179067149929466
2081-04-04,0.6435547759000354
2081-04-05,0.6367512626322478
2081-04-06,0.5009336937191243
2081-04-07,0.5016053173119301
2081-04-08,0.46933924784089165
2081-04-09,0.443796143291428
2081-04-10,0.39528447354492624
2081-04-11,0.3567445901628117
2081-04-12,0.3495020851607996
2081-04-13,0.30605240305786297
2081-04-14,0.27102327405813476
2081-04-15,0.23781944124935137
2081-04-16,0.20628768524768643
2081-04-17,0.17517390893201606
2081-04-18,0.14586572012752916
2081-04-19,0.12015251104277493
2081-04-20,0.10109970177587628
2081-04-21,0.08546026662361325
2081-04-22,0.07131341273260039
2081-04-23,0.05995893432544716
2081-04-24,0.05108595733062663
2081-04-25,0.13259963993927848
2081-04-26,0.04399346339350103
2081-04-27,0.03946404677690079
2081-04-28,0.035039729913425605
2081-04-29,0.03179527914482836
2081-04-30,0.08572868531153836
2081-05-01,0.03271114290092438
2081-05-02,0.030035298398614275
2081-05-03,0.027391213790743277
2081-05-04,0.0251788853461511
2081-05-05,0.02344290731187267
2081-05-06,0.02206706576260516
2081-05-07,0.02116280892733678
2081-05-08,0.04052465129018071
2081-05-09,0.027221437219505873
2081-05-10,0.025368762800013323
2081-05-11,0.02035466272054164
2081-05-12,0.020096842402767514
2081-05-13,0.019894029159733147
2081-05-14,0.019767444978388064
2081-05-15,0.019446037516066928
2081-05-16,0.019230315882028677
2081-05-17,0.018983907944144698
2081-05-18,0.018713952791077997
2081-05-19,0.024709995743019433
2081-05-20,0.018714341075969494
2081-05-21,0.018165711031884774
2081-05-22,0.017890909599223008
2081-05-23,0.017597220324826437
2081-05-24,0.01727245884853472
2081-05-25,0.016925402245127646
2081-05-26,0.019020429117976377
2081-05-27,0.034149496430809036
2081-05-28,0.06670047754104992
2081-05-29,0.016352397444159793
2081-05-30,0.01780133736031491
2081-05-31,0.01580568609480961
2081-06-01,0.01629287659300193
2081-06-02,0.015963866930696777
2081-06-03,0.015633158532017355
2081-06-04,0.015320141406005931
2081-06-05,0.015006416987475332
2081-06-06,0.014670126755590724
2081-06-07,0.014313870216210327
2081-06-08,0.013930866119232433
2081-06-09,0.013540202515481676
2081-06-10,0.013150468408680404
2081-06-11,0.012774946691505744
2081-06-12,0.012442704552993629
2081-06-13,0.012136958398314981
2081-06-14,0.01184109128348239
2081-06-15,0.011572119470648795
2081-06-16,0.011309208467024044
2081-06-17,0.011066733643838545
2081-06-18,0.010854281855220482
2081-06-19,0.010653110538701905
2081-06-20,0.010441765429146202
2081-06-21,0.01022390243068896
2081-06-22,0.0100132364685007
2081-06-23,0.00981326415861222
2081-06-24,0.00962400518332972
2081-06-25,0.009451455636209962
2081-06-26,0.009289156991792459
2081-06-27,0.009130546047702155
2081-06-28,0.00898932499045013
2081-06-29,0.008860743871276321
2081-06-30,0.008739139164900135
2081-07-01,0.017699062886849894
2081-07-02,0.0175025282327619
2081-07-03,0.01732528691682958
2081-07-04,0.017158268712863176
2081-07-05,0.017005034424291552
2081-07-06,0.016859174080315655
2081-07-07,0.016729433244884708
2081-07-08,0.016612996439624515
2081-07-09,0.016505140179583783
2081-07-10,0.016408930730070295
2081-07-11,0.01632486123336865
2081-07-12,0.016255245535167714
2081-07-13,0.016199277881066815
2081-07-14,0.016151683049207225
2081-07-15,0.016110948277788653
2081-07-16,0.016075475027758343
2081-07-17,0.01604421490996944
2081-07-18,0.016017758081919763
2081-07-19,0.01599555584609758
2081-07-20,0.015976501637258188
2081-07-21,0.01596025399221164
2081-07-22,0.015946191526975257
2081-07-23,0.015933683012049532
2081-07-24,0.015922963080435403
2081-07-25,0.015913388210442456
2081-07-26,0.01590479505631025
2081-07-27,0.015897578623011274
2081-07-28,0.01589135144128436
2081-07-29,0.015886033545717593
2081-07-30,0.015881191239273354
2081-07-31,0.015876576264266525
2081-08-01,0.017980161783296634
2081-08-02,0.017975568686489595
2081-08-03,0.017971171207324242
2081-08-04,0.01796678635092578
2081-08-05,0.017962446101546303
2081-08-06,0.01795814115003985
2081-08-07,0.017953837718237255
2081-08-08,0.019189901682039084
2081-08-09,0.01928997111621865
2081-08-10,0.018729831425495384
2081-08-11,0.017936633693553066
2081-08-12,0.017932335084823364
2081-08-13,0.0179280376792992
2081-08-14,0.017923741183546994
2081-08-15,0.03840274792463898
2081-08-16,0.23432261315988817
2081-08-17,0.017917729586862826
2081-08-18,0.01790658315488586
2081-08-19,0.01790230870893223
2081-08-20,0.017898034457746747
2081-08-21,0.01789376010789574
2081-08-22,0.017889483638660598
2081-08-23,0.017885205121797476
2081-08-24,0.017880925873272627
2081-08-25,0.01787664607888502
2081-08-26,0.017872365720694464
2081-08-27,0.01786808576485394
2081-08-28,0.017863806632933667
2081-08-29,0.017859527675279856
2081-08-30,0.017855249405720832
2081-08-31,0.01785097190754645
2081-09-01,0.0138988218672036
2081-09-02,0.013895491850142338
2081-09-03,0.013892162194327333
2081-09-04,0.01388883372603333
2081-09-05,0.013885505577072865
2081-09-06,0.013882178438004324
2081-09-07,0.013878851810867282
2081-09-08,0.013875525971086607
2081-09-09,0.013872201110262604
2081-09-10,0.01386887689209701
2081-09-11,0.015067221001521379
2081-09-12,0.013862230576339764
2081-09-13,0.013858908675337586
2081-09-14,0.013855587628552156
2081-09-15,0.013852267379102737
2081-09-16,0.013848947839172017
2081-09-17,0.01384562909458129
2081-09-18,0.013842311234145005
2081-09-19,0.013839514976935672
2081-09-20,0.01383567748814981
2081-09-21,0.01383236176724761
2081-09-22,0.013829046888587389
2081-09-23,0.013825732985889813
2081-09-24,0.027600135943941652
2081-09-25,0.013819107358947456
2081-09-26,0.013815795551875402
2081-09-27,0.013812484936316458
2081-09-28,0.01380917480275149
2081-09-29,0.013805865273924144
2081-09-30,0.013802557088293059
2081-10-01,0.013635351537392362
2081-10-02,0.013632083652814127
2081-10-03,0.013628816932777949
2081-10-04,0.013625550937499273
2081-10-05,0.044379644144510295
2081-10-06,0.013619021151781614
2081-10-07,0.013615757329788663
2081-10-08,0.013612494413002899
2081-10-09,0.013609232365926097
2081-10-10,0.01360597108699342
2081-10-11,0.013602710485487205
2081-10-12,0.013599450530838867
2081-10-13,0.013596191594795205
2081-10-14,0.013592933478171216
2081-10-15,0.013589675866412323
2081-10-16,0.01358641917366535
2081-10-17,0.013583163195814953
2081-10-18,0.013579908168530795
2081-10-19,0.013576653688512444
2081-10-20,0.013573400234000919
2081-10-21,0.013570147446069112
2081-10-22,0.013566895412476609
2081-10-23,0.013563644250565068
2081-10-24,0.013560393703957604
2081-10-25,0.013557144110874454
2081-10-26,0.17973270346474773
2081-10-27,0.25939258796526565
2081-10-28,0.20292048923395453
2081-10-29,0.015710351764443034
2081-10-30,0.013542077043403229
2081-10-31,0.11192688193566501
2081-11-01,0.33401434821113435
2081-11-02,0.191158660742722
2081-11-03,0.07991738260612528
2081-11-04,0.05153559025327857
2081-11-05,0.033644880569839684
2081-11-06,0.011081422027266278
2081-11-07,0.022137107901218298
2081-11-08,0.012464291391939964
2081-11-09,0.01125020414596058
2081-11-10,0.011018023282981093
2081-11-11,0.011044529354025794
2081-11-12,0.011066906164885605
2081-11-13,0.011086300568148914
2081-11-14,0.011102079904060725
2081-11-15,0.21424041432365473
2081-11-16,1.1127424669179695
2081-11-17,0.04381827108396111
2081-11-18,0.3239726262295487
2081-11-19,2.5065966230561063
2081-11-20,1.2744126462268917
2081-11-21,0.07649028379328368
2081-11-22,0.020819851916210122
2081-11-23,0.031667824187451746
2081-11-24,0.020394146431534955
2081-11-25,0.018274876661820844
2081-11-26,0.018464084500564457
2081-11-27,0.019873978972003756
2081-11-28,0.3403051416234976
2081-11-29,1.7875368694688114
2081-11-30,0.9042275700548468
2081-12-01,0.03334652153986611
2081-12-02,0.04510296846433791
2081-12-03,0.1087572088879102
2081-12-04,0.07742027968979621
2081-12-05,0.07235377587053893
2081-12-06,0.10150495751613947
2081-12-07,0.041805232231234925
2081-12-08,0.04353780630642533
2081-12-09,0.036489818254758735
2081-12-10,0.036860807787111594
2081-12-11,0.03800499179140944
2081-12-12,0.2547198796460737
2081-12-13,0.041121583659681445
2081-12-14,0.11005700093947296
2081-12-15,0.2879547034090928
2081-12-16,0.49213459723144115
2081-12-17,0.16287670357303308
2081-12-18,0.0253059663381995
2081-12-19,0.06192820962154616
2081-12-20,0.1970533772281604
2081-12-21,0.45960912011230104
2081-12-22,0.09186978069327457
2081-12-23,0.06727661809098981
2081-12-24,0.038858327148014904
2081-12-25,0.03184917962868844
2081-12-26,0.106917527192059
2081-12-27,0.03259207299986214
2081-12-28,0.2545997228998044
2081-12-29,0.6976460078348867
2081-12-30,0.29935548941181644
2081-12-31,0.38841348254599467
2082-01-01,0.4431763229686232
2082-01-02,0.057111379836379955
2082-01-03,0.061117577723725204
2082-01-04,0.06456762087267649
2082-01-05,0.07092240192674565
2082-01-06,0.07608821761821463
2082-01-07,0.06990681390641779
2082-01-08,0.07593672513239638
2082-01-09,0.06725710892774989
2082-01-10,0.06548191647785391
2082-01-11,0.05829306994383066
2082-01-12,0.11128399528500867
2082-01-13,0.16283797406443384
2082-01-14,0.06466832805361773
2082-01-15,0.5296897078442867
2082-01-16,0.21681652060066814
2082-01-17,0.06513777066357733
2082-01-18,0.07628199428122233
2082-01-19,0.08692981722737424
2082-01-20,0.08929462661139745
2082-01-21,0.1125000551082266
2082-01-22,0.14575873954026355
2082-01-23,0.1652616668272689
2082-01-24,1.0026382466954677
2082-01-25,2.094083347320228
2082-01-26,1.2961174878487989
2082-01-27,0.8157809316098008
2082-01-28,0.79406085157378
2082-01-29,0.7920621395988647
2082-01-30,0.9160236003686342
2082-01-31,1.5836053339916265
2082-02-01,2.64587301434761
2082-02-02,2.8155219619322307
2082-02-03,2.111259573195471
2082-02-04,2.039846481627322
2082-02-05,2.186743395444742
2082-02-06,1.928178177795346
2082-02-07,1.6614290366476991
2082-02-08,1.677029472022539
2082-02-09,1.8850611477695276
2082-02-10,1.5753481016913273
2082-02-11,1.5937159178768057
2082-02-12,1.5586005138842047
2082-02-13,1.6718407077912536
2082-02-14,1.7804385427114053
2082-02-15,1.6188170043878698
2082-02-16,1.5774384938588009
2082-02-17,1.5343940500928783
2082-02-18,1.6095866643115255
2082-02-19,1.5731849932980453
2082-02-20,1.7736040926751824
2082-02-21,2.4994872917885864
2082-02-22,1.7106549728210236
2082-02-23,1.6965117744799336
2082-02-24,1.555318610426684
2082-02-25,1.419338429809324
2082-02-26,1.3386592562682902
2082-02-27,1.323143778266404
2082-02-28,1.316676122498788
2082-03-01,1.4532230197539648
2082-03-02,1.4200467494772155
2082-03-03,1.368783758113056
2082-03-04,1.1848751330496308
2082-03-05,1.0218024732688533
2082-03-06,0.9798177666368737
2082-03-07,0.9931316270345509
2082-03-08,0.9458562935374935
2082-03-09,2.5056102850285162
2082-03-10,3.8012058251499607
2082-03-11,4.294775092543016
2082-03-12,2.3575324643061264
2082-03-13,2.274915158502414
2082-03-14,2.324606262383025
2082-03-15,2.0977445598571007
2082-03-16,2.0217518333624014
2082-03-17,1.9165188401027973
2082-03-18,1.8492237983046556
2082-03-19,1.8275940668130137
2082-03-20,1.7479878566372067
2082-03-21,1.5086904028009374
2082-03-22,1.4431492069955627
2082-03-23,1.3796720896067858
2082-03-24,1.3082103329493775
2082-03-25,1.5534962068199933
2082-03-26,1.1888289352053045
2082-03-27,1.2046193442083866
2082-03-28,1.1967591548041057
2082-03-29,1.1632816701944615
2082-03-30,1.086641783759186
2082-03-31,1.0849368943859616
2082-04-01,0.8956096128288145
2082-04-02,0.8603896333951808
2082-04-03,0.8033434922114405
2082-04-04,0.7650908241670553
2082-04-05,0.7330643804159326
2082-04-06,0.712944584192243
2082-04-07,0.751621486172178
2082-04-08,0.8960794546489546
2082-04-09,0.8151157604036033
2082-04-10,0.6928890941801704
2082-04-11,1.367799256480159
2082-04-12,0.49305823163538337
2082-04-13,0.6440289342836863
2082-04-14,0.5959148980474651
2082-04-15,0.45361274597471524
2082-04-16,1.8362917152201546
2082-04-17,1.9165232018125613
2082-04-18,1.1171250053410668
2082-04-19,1.248565740812954
2082-04-20,1.099749651434548
2082-04-21,1.1205463580068407
2082-04-22,0.9962442787282358
2082-04-23,0.9119176122739537
2082-04-24,0.8461948279401127
2082-04-25,0.8175842505373506
2082-04-26,0.7521407883109015
2082-04-27,0.7026052913356529
2082-04-28,0.6467498506851135
2082-04-29,0.5907674244184875
2082-04-30,0.5330110431749392
2082-05-01,0.5567275323574381
2082-05-02,0.5377982571747886
2082-05-03,0.4803176766215564
2082-05-04,0.37240429886596255
2082-05-05,0.31895503794655805
2082-05-06,0.29344428223090213
2082-05-07,0.26434929603780405
2082-05-08,0.2540260279737728
2082-05-09,0.25659344937780665
2082-05-10,0.2382347397341042
2082-05-11,0.22205666430607565
2082-05-12,0.20535177911211017
2082-05-13,0.10677439103005873
2082-05-14,0.0925443222490322
2082-05-15,0.08742852301571971
2082-05-16,0.07325771777910928
2082-05-17,0.0643881764113235
2082-05-18,0.06027919765014707
2082-05-19,0.05674905851467012
2082-05-20,0.051313986238823855
2082-05-21,0.049375153221243376
2082-05-22,0.059131990352357056
2082-05-23,0.0422132154971661
2082-05-24,0.04452438296639044
2082-05-25,0.03789337899345062
2082-05-26,0.03352335404279362
2082-05-27,0.033384996984222606
2082-05-28,0.02940147925841114
2082-05-29,0.02762851229977772
2082-05-30,0.025834053626313642
2082-05-31,0.03641204505744809
2082-06-01,0.024446367863841197
2082-06-02,0.023318480880552616
2082-06-03,0.022212957315875703
2082-06-04,0.022543574659695073
2082-06-05,0.02082638961918124
2082-06-06,0.020037386557118106
2082-06-07,0.01923048276047577
2082-06-08,0.018456335434155775
2082-06-09,0.017796315013510318
2082-06-10,0.017202925497100608
2082-06-11,0.01661281415416993
2082-06-12,0.016023895245887817
2082-06-13,0.015472928540822632
2082-06-14,0.014994199553123951
2082-06-15,0.014551035898743906
2082-06-16,0.014132173404847277
2082-06-17,0.013749087014180499
2082-06-18,0.013401356973565653
2082-06-19,0.013079625288001084
2082-06-20,0.012767097538023698
2082-06-21,0.012452498872844487
2082-06-22,0.012129133235486717
2082-06-23,0.011790995873237798
2082-06-24,0.011451965954551805
2082-06-25,0.011133220889793256
2082-06-26,0.010842852320794197
2082-06-27,0.010570976198489635
2082-06-28,0.010374906013186838
2082-06-29,0.010106817173984189
2082-06-30,0.009893838189284526
2082-07-01,0.019922918220395623
2082-07-02,0.019586963322402454
2082-07-03,0.01925921096242462
2082-07-04,0.0189455565438934
2082-07-05,0.018638392105688056
2082-07-06,0.018331366699206344
2082-07-07,0.018040324726368056
2082-07-08,0.01777607595233836
2082-07-09,0.017538804752060017
2082-07-10,0.017334802541788704
2082-07-11,0.01715704932008042
2082-07-12,0.01699473286717779
2082-07-13,0.01684774942961541
2082-07-14,0.016724887086690433
2082-07-15,0.016618917140060023
2082-07-16,0.016526007890936445
2082-07-17,0.016445631832742825
2082-07-18,0.0163708265722966
2082-07-19,0.016305062328392888
2082-07-20,0.016250538907723194
2082-07-21,0.016201624930488746
2082-07-22,0.01615700171395492
2082-07-23,0.01611798470690323
2082-07-24,0.016083049639228072
2082-07-25,0.01646142961663939
2082-07-26,0.016026518048782606
2082-07-27,0.027253770937111964
2082-07-28,0.015987770151007132
2082-07-29,0.028529218956228942
2082-07-30,0.015961447828956216
2082-07-31,0.016367610722781225
2082-08-01,0.018115250022430446
2082-08-02,0.018045759493035822
2082-08-03,0.01803513056629268
2082-08-04,0.01802566106838956
2082-08-05,0.018016621007226195
2082-08-06,0.018007915556367993
2082-08-07,0.018000034735683054
2082-08-08,0.017992854634222313
2082-08-09,0.0179862424970273
2082-08-10,0.017979995368054887
2082-08-11,0.01797411671340895
2082-08-12,0.017968632204036647
2082-08-13,0.01796335549556337
2082-08-14,0.017958190801809083
2082-08-15,0.01795318335253832
2082-08-16,0.01794835241954168
2082-08-17,0.01794357869710977
2082-08-18,0.017938786515275695
2082-08-19,0.017933967010809244
2082-08-20,0.01792929915380667
2082-08-21,0.01792489824569817
2082-08-22,0.01792060250851662
2082-08-23,0.017916307914316174
2082-08-24,0.017912014455408624
2082-08-25,0.01790772152442529
2082-08-26,0.02809529683403052
2082-08-27,0.017899139955044854
2082-08-28,0.017894850314617006
2082-08-29,0.017890562037566046
2082-08-30,0.01788627494065579
2082-08-31,0.017881988312726728
2082-09-01,0.013922970522306566
2082-09-02,0.01391963387608296
2082-09-03,0.013916298299626395
2082-09-04,0.023382928999046072
2082-09-05,0.013909629169490978
2082-09-06,0.6935362885691746
2082-09-07,0.09990414495841853
2082-09-08,0.013940209537304835
2082-09-09,0.013968322086341117
2082-09-10,0.013980355343621022
2082-09-11,0.013984085154170076
2082-09-12,0.013982851368522807
2082-09-13,0.013978566063489892
2082-09-14,0.013972502214914978
2082-09-15,0.013965571173481892
2082-09-16,0.01395826461588603
2082-09-17,0.013950647136295633
2082-09-18,0.013942906259279847
2082-09-19,0.01393515540509014
2082-09-20,0.013927248436766258
2082-09-21,0.013919355021153284
2082-09-22,0.013912031237514133
2082-09-23,0.013905795086595882
2082-09-24,0.013900462024607254
2082-09-25,0.013895178222795148
2082-09-26,0.013889574991746262
2082-09-27,0.013883861965878373
2082-09-28,0.013878356528698505
2082-09-29,0.013872921926660498
2082-09-30,0.013867464564131647
2082-10-01,0.013697587753254636
2082-10-02,0.013692710180614033
2082-10-03,0.013688000237940768
2082-10-04,0.013683718990723421
2082-10-05,0.05329290589579705
2082-10-06,0.013676483249925236
2082-10-07,0.013672836012555157
2082-10-08,0.013669150760429157
2082-10-09,0.01366543780285078
2082-10-10,0.015307793981593976
2082-10-11,0.013658069634585726
2082-10-12,0.013654445724541815
2082-10-13,0.013650784104436155
2082-10-14,0.01364713088855743
2082-10-15,0.013643434299648788
2082-10-16,0.013639662828020939
2082-10-17,0.13932264325121943
2082-10-18,0.026642348464563016
2082-10-19,0.013629051821214001
2082-10-20,0.01362533486514454
2082-10-21,0.013723967669738664
2082-10-22,0.013618297114251322
2082-10-23,0.015348996195761178
2082-10-24,0.013611790903362134
2082-10-25,0.013608539038386923
2082-10-26,0.15065574626411107
2082-10-27,0.21091008820165574
2082-10-28,0.03456281263667035
2082-10-29,0.07055652879454223
2082-10-30,0.023817152832916605
2082-10-31,0.026526091784618136
2082-11-01,0.023638471775037907
2082-11-02,0.07629096015698844
2082-11-03,0.015093818731881908
2082-11-04,0.013809698182240275
2082-11-05,0.01066873426927255
2082-11-06,0.01067060890329555
2082-11-07,0.010672521854721926
2082-11-08,0.07724881183228453
2082-11-09,0.019218344094158023
2082-11-10,0.013854898135221639
2082-11-11,0.011040651745201815
2082-11-12,0.01091987889932716
2082-11-13,0.01126696260661831
2082-11-14,0.010696426010309174
2082-11-15,0.01070027903627355
2082-11-16,0.010703749844863414
2082-11-17,0.010706550768402394
2082-11-18,0.010708878575030086
2082-11-19,0.010711039328739359
2082-11-20,0.010713035377057537
2082-11-21,0.06222530141150347
2082-11-22,0.1113694872676802
2082-11-23,0.2074221207239999
2082-11-24,0.22212952140242936
2082-11-25,0.014935813618530296
2082-11-26,0.013434375729877315
2082-11-27,0.03277697138021626
2082-11-28,0.020913625346540083
2082-11-29,0.024055793434175764
2082-11-30,0.06746214295882628
2082-12-01,0.04628512157495593
2082-12-02,0.03403271508148256
2082-12-03,0.03720796666415701
2082-12-04,0.015382699869842698
2082-12-05,0.01138601264742697
2082-12-06,0.011089766543372785
2082-12-07,0.01111648244635466
2082-12-08,0.018506496826802766
2082-12-09,0.011153408467959388
2082-12-10,0.011166702286837795
2082-12-11,0.011177126669287296
2082-12-12,0.011186337387781296
2082-12-13,0.27920904334581054
2082-12-14,0.052180604143545924
2082-12-15,0.013575279717764526
2082-12-16,0.015704610545401086
2082-12-17,0.011478465072477448
2082-12-18,0.011893484048203352
2082-12-19,0.01183836090029815
2082-12-20,0.011481183353899067
2082-12-21,0.01176860788531327
2082-12-22,0.013048758270420626
2082-12-23,0.012767820369570693
2082-12-24,0.2145053407314819
2082-12-25,0.6243176085771097
2082-12-26,0.054833012383046914
2082-12-27,0.018865058225233683
2082-12-28,0.03050219482664127
2082-12-29,0.0961856487291577
2082-12-30,0.19082351169385256
2082-12-31,0.16653817724409214
2083-01-01,0.08345021645794252
2083-01-02,0.0502010270068132
2083-01-03,0.023667044528009468
2083-01-04,0.04276573043644676
2083-01-05,0.05932167672853006
2083-01-06,0.14140634677086183
2083-01-07,0.5360093881457981
2083-01-08,0.8782558994506177
2083-01-09,0.03338912332120441
2083-01-10,0.0412772714673182
2083-01-11,0.08295202562312852
2083-01-12,0.12828494750318006
2083-01-13,0.15428728863497176
2083-01-14,0.10143865810882367
2083-01-15,0.08070842935666213
2083-01-16,0.0959525335991929
2083-01-17,0.08854672370885769
2083-01-18,0.07960841169796094
2083-01-19,0.06035785771042501
2083-01-20,0.04349118108312864
2083-01-21,0.021763963463021195
2083-01-22,0.022308646923039514
2083-01-23,0.020547466572626755
2083-01-24,0.019887041299883675
2083-01-25,0.013086194592614862
2083-01-26,0.013922658891500428
2083-01-27,0.019534237847861128
2083-01-28,0.030478706312800325
2083-01-29,0.014631541245237082
2083-01-30,0.012728719120602038
2083-01-31,0.014590501553520749
2083-02-01,0.010985762569126032
2083-02-02,0.010947045192139845
2083-02-03,0.011227816212770188
2083-02-04,0.010898229678823786
2083-02-05,0.010866143888342986
2083-02-06,0.010823023143553911
2083-02-07,0.010772216978703177
2083-02-08,0.010730165232934918
2083-02-09,0.011423572302666588
2083-02-10,0.010664503478065095
2083-02-11,0.010616654547547573
2083-02-12,0.010556727006992372
2083-02-13,0.011467936594735028
2083-02-14,0.012239627862743052
2083-02-15,0.012139602274253838
2083-02-16,0.010373320422832436
2083-02-17,0.010301429714141205
2083-02-18,0.010214953925068196
2083-02-19,0.010148987354757638
2083-02-20,0.010052593815279167
2083-02-21,0.23426758563897773
2083-02-22,0.6932358562056841
2083-02-23,0.3067034337223278
2083-02-24,0.043669545944660965
2083-02-25,0.1754447052498797
2083-02-26,0.07006754218555668
2083-02-27,0.05081611782791904
2083-02-28,0.02182807473049469
2083-03-01,0.018066443918920247
2083-03-02,0.015199643620964104
2083-03-03,0.014271444563098607
2083-03-04,0.1387561308896952
2083-03-05,0.06502110210498507
2083-03-06,0.04602703458212761
2083-03-07,0.03395020233225865
2083-03-08,0.02367877672185374
2083-03-09,0.03332837062622433
2083-03-10,0.06398612054256611
2083-03-11,0.049794298244687264
2083-03-12,0.016020264932906057
2083-03-13,0.01590175237787113
2083-03-14,0.02575197674226475
2083-03-15,0.01645959306591801
2083-03-16,0.015872923266746948
2083-03-17,0.017244957848326938
2083-03-18,0.01564567865858304
2083-03-19,0.015429327159363841
2083-03-20,0.015164123859258855
2083-03-21,0.0148764007135874
2083-03-22,0.014589104831896148
2083-03-23,0.014312969711902742
2083-03-24,0.014039830671420844
2083-03-25,0.013763172124255622
2083-03-26,0.013493114520385653
2083-03-27,0.02109635880309835
2083-03-28,0.020807673687825812
2083-03-29,0.013097136657595479
2083-03-30,0.03782589899713441
2083-03-31,0.05153271151438682
2083-04-01,0.1806795053045145
2083-04-02,0.026537327822263715
2083-04-03,0.011900046425101058
2083-04-04,0.011745238040805628
2083-04-05,0.011548083596262856
2083-04-06,0.01246886740645465
2083-04-07,0.011293036048282462
2083-04-08,0.0111285826924983
2083-04-09,0.010948139018194265
2083-04-10,0.10367565594151394
2083-04-11,0.016668339118145626
2083-04-12,0.01379998546016164
2083-04-13,0.22689444778646428
2083-04-14,0.1985870367818608
2083-04-15,0.07381965647041502
2083-04-16,0.11675943869311901
2083-04-17,0.030374201183727287
2083-04-18,0.013383624128469064
2083-04-19,0.01214205838178063
2083-04-20,0.0120076429011838
2083-04-21,0.011717331398569468
2083-04-22,0.011356232939654315
2083-04-23,0.010992882935124518
2083-04-24,0.010668216035258438
2083-04-25,0.010397141360954354
2083-04-26,0.013497964833975811
2083-04-27,0.010001585152349713
2083-04-28,0.00986835579579098
2083-04-29,0.01030287560107444
2083-04-30,0.013316744848769452
2083-05-01,0.01196081200331404
2083-05-02,0.010705290411150174
2083-05-03,0.010597283598434919
2083-05-04,0.010469467751360055
2083-05-05,0.010331610522027121
2083-05-06,0.010205272846842424
2083-05-07,0.010082488107546316
2083-05-08,0.010293862848168384
2083-05-09,0.014679384212209913
2083-05-10,0.03368308007116138
2083-05-11,0.03871647140708166
2083-05-12,0.01259971940658574
2083-05-13,0.020651291656082354
2083-05-14,0.009876951717195773
2083-05-15,0.009692668276439702
2083-05-16,0.00960439526836007
2083-05-17,0.009491057821293494
2083-05-18,0.009788981205033447
2083-05-19,0.009344935025948563
2083-05-20,0.009270463721330361
2083-05-21,0.013690766933330835
2083-05-22,0.009976265731281254
2083-05-23,0.01000767842492449
2083-05-24,0.009087857548554932
2083-05-25,0.009024015406035889
2083-05-26,0.008954700204261083
2083-05-27,0.05824196617813652
2083-05-28,0.009700350343245304
2083-05-29,0.00884927479801729
2083-05-30,0.008786477871822471
2083-05-31,0.008727398560986654
2083-06-01,0.009089852270679419
2083-06-02,0.009037373332222685
2083-06-03,0.008975021177054737
2083-06-04,0.008898820948201392
2083-06-05,0.008821328466462134
2083-06-06,0.008753575384030378
2083-06-07,0.008696019537716485
2083-06-08,0.00864051827039499
2083-06-09,0.008583373953735152
2083-06-10,0.008523685368834744
2083-06-11,0.008464576509545284
2083-06-12,0.008407931606106861
2083-06-13,0.008352237419871253
2083-06-14,0.008296757690428811
2083-06-15,0.008244537005797964
2083-06-16,0.008198557854343943
2083-06-17,0.00815824719548102
2083-06-18,0.008121393065108123
2083-06-19,0.008084572998971395
2083-06-20,0.008046430936192053
2083-06-21,0.008009596482610952
2083-06-22,0.007975620668801277
2083-06-23,0.0079464226334837
2083-06-24,0.009492664217506877
2083-06-25,0.007902235884300411
2083-06-26,0.007884434342081564
2083-06-27,0.007869386306683697
2083-06-28,0.01158715132754737
2083-06-29,0.025565898980001486
2083-06-30,0.022377066796425142
2083-07-01,0.01609052954755239
2083-07-02,0.016062190376423816
2083-07-03,0.01603587745987249
2083-07-04,0.01600840451886771
2083-07-05,0.015980808342627793
2083-07-06,0.015955756065057745
2083-07-07,0.015933070674992018
2083-07-08,0.0159121463496573
2083-07-09,0.015893373500432177
2083-07-10,0.015876384873941406
2083-07-11,0.015860956569520322
2083-07-12,0.015846956549336596
2083-07-13,0.015834522356522468
2083-07-14,0.01582376296253086
2083-07-15,0.015814240876451263
2083-07-16,0.015805848863144508
2083-07-17,0.015798173313638735
2083-07-18,0.01579137509987283
2083-07-19,0.01578587519120164
2083-07-20,0.01578079376675251
2083-07-21,0.015775866603810317
2083-07-22,0.015771310037918353
2083-07-23,0.015767062087794968
2083-07-24,0.01576290317715651
2083-07-25,0.01575878265091123
2083-07-26,0.015754666829112175
2083-07-27,0.015750699131208815
2083-07-28,0.015746905832649212
2083-07-29,0.015743132119925625
2083-07-30,0.015739359159416
2083-07-31,0.01573558761057955
2083-08-01,0.017821057860309745
2083-08-02,0.017816787120075523
2083-08-03,0.01781251741006177
2083-08-04,0.017808249086489546
2083-08-05,0.017803981274183624
2083-08-06,0.017799714672771284
2083-08-07,0.01779544903110431
2083-08-08,0.017791184746407313
2083-08-09,0.01778692109598801
2083-08-10,0.017782658575735914
2083-08-11,0.03309917409503881
2083-08-12,0.01777413651954068
2083-08-13,0.01776987728471909
2083-08-14,0.01776561891994688
2083-08-15,0.017761361254802294
2083-08-16,0.01775710499019411
2083-08-17,0.017752849466217177
2083-08-18,0.017748595271020063
2083-08-19,0.017744341994564514
2083-08-20,0.017740089735515975
2083-08-21,0.01773583850796921
2083-08-22,0.017731588465689268
2083-08-23,0.017727338960302638
2083-08-24,0.017723090735003895
2083-08-25,0.017718843721880134
2083-08-26,0.017714597322532118
2083-08-27,0.017710352554367204
2083-08-28,0.017706108278247697
2083-08-29,0.017701865087447668
2083-08-30,0.01769762291149227
2083-08-31,0.017693381751662303
2083-09-01,0.013776121163541167
2083-09-02,0.013772819752768482
2083-09-03,0.013769519371845956
2083-09-04,0.01376621956871764
2083-09-05,0.013762920687664467
2083-09-06,0.01375962232652623
2083-09-07,0.013756324983263195
2083-09-08,0.013753028487231733
2083-09-09,0.01626607904118889
2083-09-10,0.013746437577821546
2083-09-11,0.013743143326105173
2083-09-12,0.01373985000843941
2083-09-13,0.013736557378338192
2083-09-14,0.013733265470728982
2083-09-15,0.013729974532097329
2083-09-16,0.013726684282028057
2083-09-17,0.013723394757444808
2083-09-18,0.013720106130986794
2083-09-19,0.013716818184109969
2083-09-20,0.01371353112438169
2083-09-21,0.013710244914878312
2083-09-22,0.013706959446827685
2083-09-23,0.01370367450767258
2083-09-24,0.013700390602359917
2083-09-25,0.013697107404570204
2083-09-26,0.01369382500012438
2083-09-27,0.013690543622535304
2083-09-28,0.013687262570267195
2083-09-29,0.013683982542859815
2083-09-30,0.013680703536321311
2083-10-01,0.01351497417110188
2083-10-02,0.013511735503612619
2083-10-03,0.013508497455371941
2083-10-04,0.013505260286700894
2083-10-05,0.013502023914769517
2083-10-06,0.01349878841944969
2083-10-07,0.0134955533865939
2083-10-08,0.013492319379245282
2083-10-09,0.013489085900426976
2083-10-10,0.013485853431338861
2083-10-11,0.2724727702612496
2083-10-12,0.4732790263784822
2083-10-13,0.19206901448727265
2083-10-14,0.5623046220982401
2083-10-15,0.1902991088578153
2083-10-16,0.028697677980200842
2083-10-17,0.01390100644886855
2083-10-18,0.013936453335281004
2083-10-19,0.014002520666850262
2083-10-20,0.01404539686442503
2083-10-21,0.01407104348719228
2083-10-22,0.014085541371649737
2083-10-23,0.014091181842619786
2083-10-24,0.014116029962242871
2083-10-25,0.014091735647958336
2083-10-26,0.014089676952499113
2083-10-27,0.014085531014029058
2083-10-28,0.014077896627102252
2083-10-29,0.01406725052133194
2083-10-30,0.014055918863140055
2083-10-31,0.014047665073924636
2083-11-01,0.6347223052268616
2083-11-02,1.8020369708440245
2083-11-03,0.790623269232422
2083-11-04,0.04949411561943722
2083-11-05,0.025422361767769592
2083-11-06,0.09699021161384314
2083-11-07,0.02137645186243315
2083-11-08,0.015022045275851522
2083-11-09,0.015045711969730782
2083-11-10,0.015105449109432673
2083-11-11,0.01642166481479109
2083-11-12,0.06413061125973425
2083-11-13,0.015338037497879577
2083-11-14,0.030638102814473527
2083-11-15,0.015216022994300556
2083-11-16,0.01979192658501504
2083-11-17,0.017443425276270262
2083-11-18,0.01524567581765113
2083-11-19,0.015231174758701721
2083-11-20,0.015226195846129605
2083-11-21,0.08860812897360816
2083-11-22,0.25478975474555504
2083-11-23,0.04375021153600941
2083-11-24,0.5732179098965805
2083-11-25,2.553601546349741
2083-11-26,2.4885474804923353
2083-11-27,3.1137186583878567
2083-11-28,0.04049712322390181
2083-11-29,0.03613645952590792
2083-11-30,0.03853909711489456
2083-12-01,0.023642757159693786
2083-12-02,0.12635416283827308
2083-12-03,0.3443070358208316
2083-12-04,0.02418894680560295
2083-12-05,0.02547874921282984
2083-12-06,0.03962786703895287
2083-12-07,0.02467973982227599
2083-12-08,0.024755410992725713
2083-12-09,0.15374906645921482
2083-12-10,0.4634162939693635
2083-12-11,0.15444048256914758
2083-12-12,0.03941120975298017
2083-12-13,0.13475465148932642
2083-12-14,0.07718590876803452
2083-12-15,0.04649507378184964
2083-12-16,0.30780902711172325
2083-12-17,0.046146082970751325
2083-12-18,0.031205430662209488
2083-12-19,0.037013184167844236
2083-12-20,0.07317172200816588
2083-12-21,0.05001123320297142
2083-12-22,0.05291313488180019
2083-12-23,0.051034892850900786
2083-12-24,0.05294692521914388
2083-12-25,0.09573376030672522
2083-12-26,0.03182518845754949
2083-12-27,0.032137374755687044
2083-12-28,0.04073419232150973
2083-12-29,0.05197333531959932
2083-12-30,0.09589037726313389
2083-12-31,0.054904619724639406
2084-01-01,0.030187697914394813
2084-01-02,0.030746543448469773
2084-01-03,0.04445362439241031
2084-01-04,0.03236816815432785
2084-01-05,0.024066579979892682
2084-01-06,0.03529455925652663
2084-01-07,0.03721593006498658
2084-01-08,0.04939171563666462
2084-01-09,0.06420713617291664
2084-01-10,0.05051760767766761
2084-01-11,0.03782174897031469
2084-01-12,0.03726163775702209
2084-01-13,0.035043823767768226
2084-01-14,0.09176028256667464
2084-01-15,0.36646960241946036
2084-01-16,0.4647162254085317
2084-01-17,0.20592189583826717
2084-01-18,0.13232993224538075
2084-01-19,0.14690798813889794
2084-01-20,0.1669764384503715
2084-01-21,0.16310007151359351
2084-01-22,0.1756438455171891
2084-01-23,0.17400315097905958
2084-01-24,0.19435663461736746
2084-01-25,0.17203539569229623
2084-01-26,0.1678497504995134
2084-01-27,0.19349387527950404
2084-01-28,0.1681669771789352
2084-01-29,0.16260073392768282
2084-01-30,0.5474977224844297
2084-01-31,0.896667043891513
2084-02-01,0.464229792093503
2084-02-02,0.40763030467413397
2084-02-03,0.4721659599275107
2084-02-04,0.4817246158770823
2084-02-05,0.5767747446350373
2084-02-06,0.6750887117540175
2084-02-07,0.6749469051484026
2084-02-08,0.6630558774656573
2084-02-09,0.6643908950307317
2084-02-10,0.6841150087855932
2084-02-11,0.7009012006624006
2084-02-12,0.7100303266808067
2084-02-13,0.6878485654407277
2084-02-14,0.6267609894053235
2084-02-15,0.555991495992498
2084-02-16,0.5105457548329125
2084-02-17,0.48726105041344114
2084-02-18,0.36232478326469725
2084-02-19,0.420077905182805
2084-02-20,0.4571552406797347
2084-02-21,0.4423195091640872
2084-02-22,0.641792337901494
2084-02-23,1.0091525882884762
2084-02-24,0.9999787524321947
2084-02-25,1.9010458733726592
2084-02-26,1.7011317292705268
2084-02-27,1.6374538379290924
2084-02-28,1.3938703429731698
2084-02-29,1.4462801345132872
2084-03-01,1.7717540640248073
2084-03-02,1.7746873650043344
2084-03-03,1.693591518803956
2084-03-04,1.6940507382314876
2084-03-05,1.5691680262552699
2084-03-06,1.3108742195384449
2084-03-07,1.2238278990063207
2084-03-08,1.2041804624969088
2084-03-09,1.0757759533870348
2084-03-10,1.0366130572461996
2084-03-11,0.979828004575558
2084-03-12,0.9654253154031772
2084-03-13,1.2438140602388084
2084-03-14,0.9123553099894235
2084-03-15,0.9479780429188293
2084-03-16,0.9867262477458213
2084-03-17,1.0880346456894903
2084-03-18,1.1008140180247528
2084-03-19,0.8125913821913681
2084-03-20,0.7716766649266124
2084-03-21,0.7351047046138629
2084-03-22,0.674936377550695
2084-03-23,0.5886964029212297
2084-03-24,0.5602477686357368
2084-03-25,0.5334425088673228
2084-03-26,0.5509584238776334
2084-03-27,0.53037808615188
2084-03-28,0.5443557426956509
2084-03-29,0.4497162372690313
2084-03-30,0.41819257167396134
2084-03-31,0.5694322144331898
2084-04-01,0.35671098502183624
2084-04-02,0.3394352792880084
2084-04-03,0.32242959198075344
2084-04-04,0.2962448751465003
2084-04-05,0.27437242289297675
2084-04-06,0.2517818239087615
2084-04-07,0.22508034289394227
2084-04-08,0.1991439550833696
2084-04-09,0.17226543960255025
2084-04-10,0.1482178110295228
2084-04-11,0.13214239542095846
2084-04-12,0.11620434941021375
2084-04-13,0.10486755061351026
2084-04-14,0.09514818942238107
2084-04-15,0.08419452064489513
2084-04-16,0.07406407048816066
2084-04-17,0.06775322124710675
2084-04-18,0.06185463883263007
2084-04-19,0.05549716272992544
2084-04-20,0.05064752684748528
2084-04-21,0.04774473498827612
2084-04-22,0.04326399914477646
2084-04-23,0.03931884428871545
2084-04-24,0.03651821558664331
2084-04-25,0.03352118951964468
2084-04-26,0.030407867389938014
2084-04-27,0.028218132897077208
2084-04-28,0.03216477613697546
2084-04-29,0.024731320888396108
2084-04-30,0.02300954253394409
2084-05-01,0.02402017485692106
2084-05-02,0.02244803439422727
2084-05-03,0.02133626923561484
2084-05-04,0.020600545182738052
2084-05-05,0.0200024947917841
2084-05-06,0.024206133941278678
2084-05-07,0.019502424629602937
2084-05-08,0.02162922344054914
2084-05-09,0.018447832117596184
2084-05-10,0.01809517146171814
2084-05-11,0.024392637726557906
2084-05-12,0.017661732526408725
2084-05-13,0.027485853819339916
2084-05-14,0.017203073893196315
2084-05-15,0.032085657741644444
2084-05-16,0.018866395196870202
2084-05-17,0.023633469328442142
2084-05-18,0.017423298160513946
2084-05-19,0.022210823311173994
2084-05-20,0.01732693076340679
2084-05-21,0.01746564059785922
2084-05-22,0.0194681170844066
2084-05-23,0.021911610925402298
2084-05-24,0.01682894910377324
2084-05-25,0.024640808567219626
2084-05-26,0.02192640689695061
2084-05-27,0.021687775947043113
2084-05-28,0.01896179456220961
2084-05-29,0.01467523062773885
2084-05-30,0.015615743043835327
2084-05-31,0.016240070671035438
2084-06-01,0.015070788304733952
2084-06-02,0.01464889560254329
2084-06-03,0.014215171098696308
2084-06-04,0.013891646679449704
2084-06-05,0.013564687924143245
2084-06-06,0.013221190598950598
2084-06-07,0.012891709709381896
2084-06-08,0.012586018424515028
2084-06-09,0.01230292601693856
2084-06-10,0.012052896019249654
2084-06-11,0.011821682643716965
2084-06-12,0.011596770705207255
2084-06-13,0.011384856833084466
2084-06-14,0.011192476066926194
2084-06-15,0.01104037435037572
2084-06-16,0.010907186021484076
2084-06-17,0.011897253662444698
2084-06-18,0.010660467385833957
2084-06-19,0.012638766874858416
2084-06-20,0.010707985430264303
2084-06-21,0.010292678276728954
2084-06-22,0.010126684423669508
2084-06-23,0.009956255302735115
2084-06-24,0.009789746969644186
2084-06-25,0.009631160826814715
2084-06-26,0.009481875323314405
2084-06-27,0.009337695911723464
2084-06-28,0.00919444876141657
2084-06-29,0.009056197408101985
2084-06-30,0.008928268161305328
2084-07-01,0.01806504522677318
2084-07-02,0.017823640393631348
2084-07-03,0.017594972091197945
2084-07-04,0.01738433934182719
2084-07-05,0.017194158260605354
2084-07-06,0.0170234456905889
2084-07-07,0.016875200989651448
2084-07-08,0.016744648262208076
2084-07-09,0.01662293924620606
2084-07-10,0.016512671669410714
2084-07-11,0.016416964264320807
2084-07-12,0.016334074204843046
2084-07-13,0.016262618670992393
2084-07-14,0.01620088016648354
2084-07-15,0.016146713407114568
2084-07-16,0.016099795195481176
2084-07-17,0.0160598293561866
2084-07-18,0.016026162969958704
2084-07-19,0.015998333626686182
2084-07-20,0.015974686185776323
2084-07-21,0.015954771861801473
2084-07-22,0.01593859544743824
2084-07-23,0.015925720401940666
2084-07-24,0.015914439641247294
2084-07-25,0.01590571583946377
2084-07-26,0.016574021949050926
2084-07-27,0.015889629401176407
2084-07-28,0.016362575728584194
2084-07-29,0.015879414020610473
2084-07-30,0.015875446616805802
2084-07-31,0.01607514688836674
2084-08-01,0.01801470206098118
2084-08-02,0.017968084521280042
2084-08-03,0.017963165629986653
2084-08-04,0.017958508495479992
2084-08-05,0.01795412241537388
2084-08-06,0.017949746109551155
2084-08-07,0.01794537016507431
2084-08-08,0.01794103181596512
2084-08-09,0.017936732325653622
2084-08-10,0.017932433798931526
2084-08-11,0.01792813639468893
2084-08-12,0.01792383996300526
2084-08-13,0.01791954452694534
2084-08-14,0.017915249908399194
2084-08-15,0.017910956950506745
2084-08-16,0.01790666454232221
2084-08-17,0.017902373207924392
2084-08-18,0.01789808295500228
2084-08-19,0.017893793748958647
2084-08-20,0.017889505551352568
2084-08-21,0.017885218606925272
2084-08-22,0.017880932199391724
2084-08-23,0.01787664731284316
2084-08-24,0.017872363050321284
2084-08-25,0.01786808023190231
2084-08-26,0.017863797950377173
2084-08-27,0.017859516914342594
2084-08-28,0.01785523708151355
2084-08-29,0.01785095809951352
2084-08-30,0.01784668043347958
2084-08-31,0.01784240347091711
2084-09-01,0.013892149697412585
2084-09-02,0.013888820389870628
2084-09-03,0.013885492276835108
2084-09-04,0.013882164469162246
2084-09-05,0.013878837600529251
2084-09-06,0.013875511613057022
2084-09-07,0.013872186561630903
2084-09-08,0.013868862048081763
2084-09-09,0.01386553828796015
2084-09-10,0.01386221553872856
2084-09-11,0.01385889343115763
2084-09-12,0.013855572369403574
2084-09-13,0.013852252115962388
2084-09-14,0.01384893237245668
2084-09-15,0.013845613409321991
2084-09-16,0.013842295542898099
2084-09-17,0.013838978053686758
2084-09-18,0.013835661651207188
2084-09-19,0.013832345935294674
2084-09-20,0.01382903125521967
2084-09-21,0.013825717221795179
2084-09-22,0.013822403943793535
2084-09-23,0.013819091456142291
2084-09-24,0.013815779673020402
2084-09-25,0.013812468948688521
2084-09-26,0.013809158736287963
2084-09-27,0.013805849559725164
2084-09-28,0.01380254117650661
2084-09-29,0.016420198388882427
2084-09-30,0.0924649103957567
2084-10-01,0.014331369593082876
2084-10-02,0.013625535172301051
2084-10-03,0.013622270051661322
2084-10-04,0.01361900531755895
2084-10-05,0.013615741817022988
2084-10-06,0.013612478897279318
2084-10-07,0.013609216621435279
2084-10-08,0.013605955258687087
2084-10-09,0.013602694760717356
2084-10-10,0.013599434738030916
2084-10-11,0.013596175986381447
2084-10-12,0.01359291768437719
2084-10-13,0.013590287002523148
2084-10-14,0.01358640348735214
2084-10-15,0.013583147778697537
2084-10-16,0.013580553031003525
2084-10-17,0.013576638097847666
2084-10-18,0.013573384530924904
2084-10-19,0.013571753863355797
2084-10-20,0.5050583717705286
2084-10-21,0.475346354776757
2084-10-22,0.015404478172003612
2084-10-23,0.01356989734956122
2084-10-24,0.013577075190628101
2084-10-25,0.013584169339476423
2084-10-26,0.013590599824561508
2084-10-27,0.013596063362046263
2084-10-28,0.013600370881964478
2084-10-29,0.014118333696685671
2084-10-30,0.013606526367484618
2084-10-31,0.013608521537715104
2084-11-01,0.01068279873846336
2084-11-02,0.010683365676743089
2084-11-03,0.012058172782994479
2084-11-04,0.010683916882023803
2084-11-05,0.011708107657272347
2084-11-06,0.284890699682782
2084-11-07,0.5201364921714835
2084-11-08,0.07455800521299716
2084-11-09,0.01610641660023196
2084-11-10,0.0717227431940209
2084-11-11,0.036420110950930853
2084-11-12,0.04140330393356035
2084-11-13,0.04416056929619491
2084-11-14,0.047070176307349706
2084-11-15,0.2344000300832183
2084-11-16,0.022126043646930185
2084-11-17,1.234727759375686
2084-11-18,1.8499459336338844
2084-11-19,0.030571171585021734
2084-11-20,0.03215603550388891
2084-11-21,0.05684328892920842
2084-11-22,0.020508109263396867
2084-11-23,0.016677635693842858
2084-11-24,0.018564690258413227
2084-11-25,0.01849687768534346
2084-11-26,0.0190744442124514
2084-11-27,0.34904210156334925
2084-11-28,0.09172106854512307
2084-11-29,0.03411286110619073
2084-11-30,0.09323592914103064
2084-12-01,0.11749429848989548
2084-12-02,0.41421258858007703
2084-12-03,0.6792523721145258
2084-12-04,0.39001529071176744
2084-12-05,0.5276385218574822
2084-12-06,1.4508514145233065
2084-12-07,2.345650874971569
2084-12-08,0.2942929508920742
2084-12-09,0.1648735433144928
2084-12-10,0.7864835132097991
2084-12-11,0.5080149703551319
2084-12-12,0.3172354151129628
2084-12-13,0.03624945275263554
2084-12-14,0.08143216227328198
2084-12-15,0.0820744246819706
2084-12-16,0.10647288773773259
2084-12-17,0.24903392392363763
2084-12-18,0.04683717073278164
2084-12-19,0.037329020960842604
2084-12-20,0.10025370040977706
2084-12-21,0.033432438409689715
2084-12-22,0.03368250890562298
2084-12-23,0.05177119830221222
2084-12-24,0.10434765688312897
2084-12-25,0.16550729563181993
2084-12-26,0.13237643040637276
2084-12-27,0.06507030425164885
2084-12-28,0.09422888667555974
2084-12-29,0.07353450314082895
2084-12-30,0.06153671575951085
2084-12-31,0.14050587524741742
2085-01-01,0.03419401411473403
2085-01-02,0.034388823477101385
2085-01-03,0.03622463257861233
2085-01-04,0.03867396580664853
2085-01-05,0.037201236972313194
2085-01-06,0.040039073222379755
2085-01-07,0.03869809038533655
2085-01-08,0.04472912266970029
2085-01-09,0.04767920328790893
2085-01-10,0.038990291409345346
2085-01-11,0.041583659584755024
2085-01-12,0.054066159179630466
2085-01-13,0.06650412836094544
2085-01-14,0.08661009091513133
2085-01-15,0.12788247231156327
2085-01-16,0.2522761719086068
2085-01-17,0.41460053670887614
2085-01-18,0.11711157995837493
2085-01-19,0.11511296700144855
2085-01-20,0.14977360357816608
2085-01-21,0.16529602831934978
2085-01-22,0.16651129201486276
2085-01-23,0.14408657298594518
2085-01-24,0.143107925627228
2085-01-25,0.16554004174525622
2085-01-26,0.25969770226828376
2085-01-27,0.14829676711940967
2085-01-28,0.13805700446917873
2085-01-29,0.13225254439912387
2085-01-30,0.14113887826706037
2085-01-31,0.21726138346702675
2085-02-01,0.11501907971246668
2085-02-02,0.11210979065820481
2085-02-03,0.13447741837352256
2085-02-04,0.13501472465110984
2085-02-05,0.11239880057428205
2085-02-06,0.10801111106380494
2085-02-07,0.10850557675257995
2085-02-08,0.10780996346532146
2085-02-09,0.1008009829824356
2085-02-10,0.10251007044578353
2085-02-11,0.10427367535475443
2085-02-12,0.10414583458171979
2085-02-13,0.10682145387117793
2085-02-14,0.12060201518512127
2085-02-15,0.14147819338644319
2085-02-16,0.1752072105195939
2085-02-17,0.21435430232233124
2085-02-18,0.23533883535982347
2085-02-19,0.14751677367438568
2085-02-20,0.13337446512537507
2085-02-21,0.13702060433038235
2085-02-22,0.1288606553862699
2085-02-23,0.20451090657008883
2085-02-24,0.13957505338656873
2085-02-25,0.21408270315710629
2085-02-26,0.30829270632767025
2085-02-27,0.2732732086052595
2085-02-28,0.15365196595979974
2085-03-01,0.1757503529338464
2085-03-02,0.1724188707803667
2085-03-03,0.17585500798006676
2085-03-04,0.19092071442750363
2085-03-05,0.19921583425611603
2085-03-06,0.22873339139497173
2085-03-07,0.22792565228194483
2085-03-08,0.1949191398643637
2085-03-09,0.18430242004789574
2085-03-10,0.19218859163477078
2085-03-11,0.18247456492774936
2085-03-12,0.17920493525747117
2085-03-13,0.17382202663451643
2085-03-14,0.17180431853954747
2085-03-15,0.16495613308174434
2085-03-16,0.16171807303275265
2085-03-17,0.15566149725465198
2085-03-18,0.14724902983228674
2085-03-19,0.12270147854323478
2085-03-20,0.11510559773309376
2085-03-21,0.18881934605394537
2085-03-22,0.4569140703898475
2085-03-23,0.2942476923927759
2085-03-24,0.5565074953920229
2085-03-25,0.32098458689226667
2085-03-26,0.22100846024760626
2085-03-27,0.22961887341321946
2085-03-28,0.22477840754755563
2085-03-29,0.20995416448149284
2085-03-30,0.19026117190647998
2085-03-31,0.17268508945514016
2085-04-01,0.13726370081700262
2085-04-02,0.11855011202352261
2085-04-03,0.10554355521953973
2085-04-04,0.10508173080478388
2085-04-05,0.10385304244198992
2085-04-06,0.09221116481362426
2085-04-07,0.07894896184150688
2085-04-08,0.07689628125503149
2085-04-09,0.06255572573175198
2085-04-10,0.054701199436368926
2085-04-11,0.04794713700644271
2085-04-12,0.042312048177939786
2085-04-13,0.3201740803921248
2085-04-14,0.03830567231488461
2085-04-15,0.036555177385338915
2085-04-16,0.03376690181035373
2085-04-17,0.030400966032550384
2085-04-18,0.027502318288689463
2085-04-19,0.025221632176635377
2085-04-20,0.023461541720919618
2085-04-21,0.021891150926288468
2085-04-22,0.020373007153884827
2085-04-23,0.01913535293024215
2085-04-24,0.13995217215389605
2085-04-25,0.01772765578750942
2085-04-26,0.07287358321196459
2085-04-27,0.01742169679749749
2085-04-28,0.016670907065451285
2085-04-29,0.016345302685375422
2085-04-30,0.015934506455287847
2085-05-01,0.01748943200129259
2085-05-02,0.017053566428536303
2085-05-03,0.016663155163657344
2085-05-04,0.01634442459306454
2085-05-05,0.016118370438872053
2085-05-06,0.01586875704793727
2085-05-07,0.015637010437612713
2085-05-08,0.0153922119637159
2085-05-09,0.015138676038932066
2085-05-10,0.014868716605756591
2085-05-11,0.014845192761208811
2085-05-12,0.014299233897479875
2085-05-13,0.014001049884904849
2085-05-14,0.013709816003718489
2085-05-15,0.01342816045112503
2085-05-16,0.013150464943055185
2085-05-17,0.012867455071256516
2085-05-18,0.012571390429157952
2085-05-19,0.013623983352691462
2085-05-20,0.012011918993990121
2085-05-21,0.011753762151487795
2085-05-22,0.015956544436276174
2085-05-23,0.011315274287592818
2085-05-24,0.0140201793186211
2085-05-25,0.010884269160780625
2085-05-26,0.011514893780258438
2085-05-27,0.010458412255392076
2085-05-28,0.010255904563916852
2085-05-29,0.010040723099167478
2085-05-30,0.00983259345548471
2085-05-31,0.009639878766836113
2085-06-01,0.009918768470561308
2085-06-02,0.00974004000275016
2085-06-03,0.00965376776991862
2085-06-04,0.009407858444140637
2085-06-05,0.009246310572752351
2085-06-06,0.009109693732590001
2085-06-07,0.008967580664267808
2085-06-08,0.017924028897508878
2085-06-09,0.008757128971385338
2085-06-10,0.00867420448305431
2085-06-11,0.008594869575779237
2085-06-12,0.00856112882251387
2085-06-13,0.008479186518371285
2085-06-14,0.008409159110806258
2085-06-15,0.008333123761590386
2085-06-16,0.008260916298056534
2085-06-17,0.008195469480321743
2085-06-18,0.008134442626535695
2085-06-19,0.00807702758483607
2085-06-20,0.00802522281320196
2085-06-21,0.00797961478072081
2085-06-22,0.007939921908492985
2085-06-23,0.007905870350918274
2085-06-24,0.007876956771878961
2085-06-25,0.00785229556244502
2085-06-26,0.00783116494174062
2085-06-27,0.007813545328371788
2085-06-28,0.007799074163263636
2085-06-29,0.007786750208555682
2085-06-30,0.007776404163770014
2085-07-01,0.015934174404447367
2085-07-02,0.01591983824878359
2085-07-03,0.015908392529311335
2085-07-04,0.01589879085336147
2085-07-05,0.015890628852314265
2085-07-06,0.015884228510982264
2085-07-07,0.01587894337686937
2085-07-08,0.015873998553305887
2085-07-09,0.015869251216957998
2085-07-10,0.015864781628467387
2085-07-11,0.01586052661432156
2085-07-12,0.0158563910754733
2085-07-13,0.01585246023038774
2085-07-14,0.015848647398024596
2085-07-15,0.015844849280772393
2085-07-16,0.01584105214083241
2085-07-17,0.015837255871876916
2085-07-18,0.015833460485217055
2085-07-19,0.017930665063839543
2085-07-20,0.016245383078588
2085-07-21,0.015822080061291738
2085-07-22,0.015818288191372633
2085-07-23,0.015814497432241385
2085-07-24,0.016212110272085262
2085-07-25,0.015806918577833715
2085-07-26,0.015803130522147064
2085-07-27,0.01579934329333036
2085-07-28,0.015795557055399485
2085-07-29,0.015791771755190972
2085-07-30,0.015787987209458267
2085-07-31,0.015784203884234863
2085-08-01,0.017876117238659884
2085-08-02,0.017871833424617425
2085-08-03,0.017867550232038763
2085-08-04,0.01786326863989006
2085-08-05,0.019049193687593207
2085-08-06,0.017854707787684183
2085-08-07,0.01785042897610651
2085-08-08,0.01784615116527766
2085-08-09,0.01784187448974196
2085-08-10,0.017837598522803155
2085-08-11,0.017833324161420003
2085-08-12,0.017829050632926623
2085-08-13,0.017824777637482886
2085-08-14,0.017820505982350944
2085-08-15,0.01781623563549722
2085-08-16,0.017811966175350365
2085-08-17,0.017807697339230447
2085-08-18,0.017829332623811867
2085-08-19,0.017799163297109337
2085-08-20,0.017794898015507193
2085-08-21,0.017790633278486758
2085-08-22,0.01778636992534505
2085-08-23,0.017782107616518942
2085-08-24,0.017777845993225252
2085-08-25,0.017773585840943483
2085-08-26,0.01776932644979491
2085-08-27,0.017765068064520845
2085-08-28,0.017760810837604408
2085-08-29,0.017756554257779472
2085-08-30,0.017752299072083946
2085-08-31,0.01774804510112636
2085-09-01,0.013818681869097339
2085-09-02,0.013815370375371129
2085-09-03,0.013812059590166565
2085-09-04,0.013808749504501325
2085-09-05,0.01380544054548457
2085-09-06,0.014084835644792735
2085-09-07,0.01380618877965169
2085-09-08,0.01379551751839783
2085-09-09,0.015777847629100568
2085-09-10,0.013788906400170718
2085-09-11,0.037606624791950365
2085-09-12,0.013782298340559168
2085-09-13,0.013778995311164997
2085-09-14,0.013775693557109042
2085-09-15,0.01377239223315479
2085-09-16,0.013769091504957571
2085-09-17,0.013765791852514482
2085-09-18,0.03074391183709895
2085-09-19,0.01375919508932329
2085-09-20,0.04350881247324572
2085-09-21,0.013752601158220246
2085-09-22,0.04086302911920556
2085-09-23,0.013746010605066637
2085-09-24,0.013742716457133677
2085-09-25,0.013739422970819952
2085-09-26,0.013736130537308372
2085-09-27,0.013732838705540824
2085-09-28,0.013729547859715382
2085-09-29,0.013726257532806704
2085-09-30,0.013722968118992056
2085-10-01,0.01355672693560919
2085-10-02,0.013553477970649114
2085-10-03,0.013550230077541173
2085-10-04,0.013546982817486635
2085-10-05,0.013543736576036431
2085-10-06,0.013540490720137584
2085-10-07,0.01357956623885645
2085-10-08,0.018049156512635434
2085-10-09,0.16392434639062928
2085-10-10,0.06429164960296396
2085-10-11,0.013524274712084429
2085-10-12,0.0135210347469343
2085-10-13,0.013517796195800956
2085-10-14,0.013514558357591857
2085-10-15,0.013511927367099476
2085-10-16,0.013769034445932483
2085-10-17,0.12297405821585734
2085-10-18,0.013892957964183918
2085-10-19,0.23207921029772385
2085-10-20,0.6154891002426522
2085-10-21,0.40336217929772433
2085-10-22,0.05369082843922758
2085-10-23,0.046206136104902235
2085-10-24,0.04481530203860284
2085-10-25,0.023609201793708443
2085-10-26,0.01866840124039085
2085-10-27,0.013996456219728805
2085-10-28,0.01404102277825537
2085-10-29,0.014073483332052635
2085-10-30,0.014102232168740602
2085-10-31,0.014130490694750872
2085-11-01,1.1544101277983916
2085-11-02,3.6047815326488446
2085-11-03,6.388474092049912
2085-11-04,5.573338582595058
2085-11-05,1.550452225290869
2085-11-06,0.05307480235151522
2085-11-07,0.02757509235034376
2085-11-08,0.057759091372876034
2085-11-09,0.06823279981741126
2085-11-10,0.06366190586687673
2085-11-11,0.033444641068969425
2085-11-12,0.05151336236140554
2085-11-13,0.02622537609366698
2085-11-14,0.026096714205611618
2085-11-15,0.02674113314005391
2085-11-16,0.028019309964321944
2085-11-17,0.04340229330716161
2085-11-18,0.026849624199364975
2085-11-19,0.02719821901296528
2085-11-20,0.026444150843849108
2085-11-21,0.027409347533302965
2085-11-22,0.02788725504567384
2085-11-23,0.02793824243506129
2085-11-24,0.027964480679794426
2085-11-25,0.02968800332121582
2085-11-26,0.026601907614668987
2085-11-27,0.03850316021574072
2085-11-28,0.1315958374699842
2085-11-29,0.4067317574284856
2085-11-30,0.8859826803903322
2085-12-01,0.8516076388292441
2085-12-02,0.03840894154938064
2085-12-03,0.03143526723314718
2085-12-04,0.02873089040811126
2085-12-05,0.07198805718348952
2085-12-06,0.09603435545358827
2085-12-07,0.043899585381310405
2085-12-08,0.031867225153906206
2085-12-09,0.5202953834798422
2085-12-10,1.0004529144043381
2085-12-11,0.04049429446630916
2085-12-12,0.04801544377069634
2085-12-13,0.04028579362912049
2085-12-14,0.18830730799977266
2085-12-15,0.6157842878777342
2085-12-16,0.03483785166704977
2085-12-17,0.0356776756747428
2085-12-18,0.039700135207631236
2085-12-19,0.03762466014528326
2085-12-20,0.04254881000757213
2085-12-21,0.04311422445269175
2085-12-22,0.12702009207810874
2085-12-23,0.1523521899825483
2085-12-24,0.046264177837282434
2085-12-25,0.046777259507937465
2085-12-26,0.05105694189672913
2085-12-27,0.08767002852702376
2085-12-28,0.11447269873905168
2085-12-29,0.05334290324433746
2085-12-30,0.060210992268015524
2085-12-31,0.5014604783545008
2086-01-01,0.09102401825512867
2086-01-02,0.1720205579749098
2086-01-03,0.7652662101150671
2086-01-04,1.22188818193831
2086-01-05,1.4055204984630105
2086-01-06,2.9320111072177255
2086-01-07,1.4601723829938864
2086-01-08,1.4507768873914622
2086-01-09,1.3383574766567339
2086-01-10,1.28363536112959
2086-01-11,1.220097011231356
2086-01-12,1.199671744534183
2086-01-13,1.1236150125842947
2086-01-14,1.0514004204862943
2086-01-15,0.9462637759431196
2086-01-16,0.8642505091681756
2086-01-17,0.7991836251428662
2086-01-18,0.7406449325231326
2086-01-19,0.9720100450358584
2086-01-20,1.554621092442884
2086-01-21,1.8086464828771607
2086-01-22,3.3247975218615764
2086-01-23,2.4552311685010757
2086-01-24,1.695549034375301
2086-01-25,1.5450914760432912
2086-01-26,1.5016236885311787
2086-01-27,1.4431389171689608
2086-01-28,1.4584594769667332
2086-01-29,1.3756876269817797
2086-01-30,1.3248235902730725
2086-01-31,1.2599096297636216
2086-02-01,1.067892032639569
2086-02-02,1.0014616286115983
2086-02-03,0.9380186660247063
2086-02-04,0.9865971576378144
2086-02-05,1.919803371569332
2086-02-06,2.8473624601032936
2086-02-07,2.6837476653029935
2086-02-08,7.181801207772072
2086-02-09,3.514383020797684
2086-02-10,2.6261336899456387
2086-02-11,7.0158141732512735
2086-02-12,2.491143893207519
2086-02-13,1.5313215681180694
2086-02-14,1.5486816627290132
2086-02-15,1.554807720593981
2086-02-16,1.5790978661973119
2086-02-17,1.6473868471668358
2086-02-18,1.5558885325554248
2086-02-19,1.4604913443238878
2086-02-20,1.4079101145666308
2086-02-21,1.3710451454119614
2086-02-22,1.3194894586265684
2086-02-23,1.2617348036670115
2086-02-24,1.2097768605227597
2086-02-25,1.2126877738224482
2086-02-26,1.0871036680745865
2086-02-27,1.139844700274014
2086-02-28,1.2246462539118605
2086-03-01,1.1260328265474335
2086-03-02,1.1640378616338012
2086-03-03,1.1189086075460881
2086-03-04,1.235954276177207
2086-03-05,1.2651356664943259
2086-03-06,1.6751633347757178
2086-03-07,0.9504978698205014
2086-03-08,0.9708513079494815
2086-03-09,1.0919391760860278
2086-03-10,1.2760984067388021
2086-03-11,1.002187656071231
2086-03-12,1.0219891008581337
2086-03-13,1.048125594845736
2086-03-14,1.0860206290845238
2086-03-15,1.1268432285212218
2086-03-16,1.2033030770259496
2086-03-17,1.4024281748564018
2086-03-18,1.6258011327183053
2086-03-19,1.9794116444700125
2086-03-20,2.276827694780861
2086-03-21,2.809350024628821
2086-03-22,3.1289335657030914
2086-03-23,2.857207187803303
2086-03-24,2.5407718017541256
2086-03-25,2.137599435065812
2086-03-26,1.3925933865532165
2086-03-27,1.6174999499013993
2086-03-28,1.3939347949958478
2086-03-29,0.9884067594511652
2086-03-30,0.9637161571343607
2086-03-31,0.9030389849768565
2086-04-01,1.1371178838934453
2086-04-02,0.7793021428162898
2086-04-03,0.7625598023772718
2086-04-04,0.8374894531964435
2086-04-05,0.870285821668488
2086-04-06,0.80595553308854
2086-04-07,0.883149092079647
2086-04-08,0.7613377365500817
2086-04-09,0.8059338648003406
2086-04-10,0.8326210498878024
2086-04-11,0.8213538671053394
2086-04-12,0.7692703586480102
2086-04-13,0.8065999194760175
2086-04-14,0.7394101341859772
2086-04-15,0.8011230042950699
2086-04-16,0.9215738713771029
2086-04-17,0.9436169331267755
2086-04-18,1.321923725037893
2086-04-19,0.7885228732634083
2086-04-20,0.894893213195398
2086-04-21,0.8882165930191632
2086-04-22,0.9813751240813258
2086-04-23,1.220773857274034
2086-04-24,1.136898541747322
2086-04-25,1.217853670259497
2086-04-26,1.185527356163712
2086-04-27,0.8787350686017051
2086-04-28,0.5767982061688621
2086-04-29,0.5422746449033053
2086-04-30,0.5356085750607065
2086-05-01,0.5401990935163454
2086-05-02,0.5088557000377936
2086-05-03,0.49081063497479943
2086-05-04,0.4088975360631472
2086-05-05,0.36826857265645146
2086-05-06,0.33805630332802283
2086-05-07,0.21629968931502605
2086-05-08,0.19193254351370612
2086-05-09,0.1687125565282245
2086-05-10,0.15102571876709187
2086-05-11,0.13317645783190754
2086-05-12,0.11743859872656459
2086-05-13,0.08538748706277106
2086-05-14,0.07129206655406475
2086-05-15,0.060003122899362764
2086-05-16,0.0504623447321006
2086-05-17,0.04232111080868327
2086-05-18,0.036179789678277896
2086-05-19,0.03158594418818296
2086-05-20,0.027985313141503054
2086-05-21,0.025011153626035995
2086-05-22,0.022616342135723982
2086-05-23,0.03206322138462408
2086-05-24,0.0200168826691254
2086-05-25,0.018864671755915243
2086-05-26,0.017561319888830716
2086-05-27,0.01641144739778597
2086-05-28,0.015438237294077947
2086-05-29,0.014648553877498359
2086-05-30,0.014036064195279427
2086-05-31,0.013572914504129485
2086-06-01,0.01538860123779532
2086-06-02,0.024574621176364927
2086-06-03,0.025994289120089185
2086-06-04,0.013310062553250603
2086-06-05,0.013009173914308609
2086-06-06,0.01267338808060183
2086-06-07,0.012346439865389915
2086-06-08,0.012032004847946571
2086-06-09,0.01174678228910814
2086-06-10,0.011499966214104183
2086-06-11,0.01125530286714115
2086-06-12,0.010997212450872412
2086-06-13,0.010739203220463293
2086-06-14,0.010491680326069758
2086-06-15,0.010269787219786485
2086-06-16,0.01007292820980479
2086-06-17,0.009878506835766538
2086-06-18,0.010367983455012315
2086-06-19,0.009534878646646436
2086-06-20,0.009377529048712512
2086-06-21,0.00923878314802322
2086-06-22,0.009120383868400186
2086-06-23,0.009010379335256323
2086-06-24,0.008910714085223934
2086-06-25,0.008822075490848074
2086-06-26,0.008749563917955783
2086-06-27,0.00868496027029874
2086-06-28,0.008608354648691776
2086-06-29,0.008526291486928808
2086-06-30,0.00844997488912163
2086-07-01,0.01718315991036288
2086-07-02,0.01704114710351703
2086-07-03,0.016917254896264274
2086-07-04,0.016802630344729154
2086-07-05,0.016691726120233015
2086-07-06,0.016589365193367445
2086-07-07,0.016495844124121258
2086-07-08,0.016411095580879755
2086-07-09,0.016334990091254793
2086-07-10,0.016268238204272353
2086-07-11,0.016210362238185054
2086-07-12,0.016159775036687047
2086-07-13,0.016116092887061752
2086-07-14,0.016078031545520767
2086-07-15,0.016044096083951118
2086-07-16,0.016014411755556797
2086-07-17,0.015988677149985007
2086-07-18,0.015966186656805163
2086-07-19,0.015947197019577388
2086-07-20,0.015931681887066857
2086-07-21,0.01591851926968762
2086-07-22,0.015906712323599283
2086-07-23,0.015896481956446953
2086-07-24,0.015887712733395988
2086-07-25,0.01588007071452511
2086-07-26,0.015873639371806234
2086-07-27,0.015868029939682293
2086-07-28,0.01586311455652059
2086-07-29,0.01585861100529624
2086-07-30,0.015854251608767234
2086-07-31,0.01584998683959701
2086-08-01,0.017950116235562065
2086-08-02,0.017945361740072854
2086-08-03,0.017940714114605735
2086-08-04,0.017936236560126703
2086-08-05,0.017931865924361953
2086-08-06,0.017927492108238696
2086-08-07,0.017923136732297913
2086-08-08,0.017918820480398084
2086-08-09,0.01791452623729268
2086-08-10,0.01791023337422156
2086-08-11,0.017905941323538798
2086-08-12,0.019337823349814303
2086-08-13,0.017897359875888617
2086-08-14,0.02128133785502396
2086-08-15,0.01788878315520835
2086-08-16,0.01788449612492961
2086-08-17,0.017880210156905597
2086-08-18,0.01787592517297284
2086-08-19,0.017871641369180954
2086-08-20,0.017867358293207132
2086-08-21,0.017863076662617255
2086-08-22,0.017858795816225147
2086-08-23,0.017854515996209915
2086-08-24,0.017850237421685327
2086-08-25,0.017845959818438527
2086-08-26,0.01784168291353752
2086-08-27,0.017837407246439462
2086-08-28,0.017833132518584573
2086-08-29,0.01782885897087074
2086-08-30,0.01782458653922925
2086-08-31,0.017820314940477717
2086-09-01,0.013874951478259153
2086-09-02,0.013871626527622347
2086-09-03,0.013868302205673592
2086-09-04,0.013864978704012482
2086-09-05,0.013861655849999635
2086-09-06,0.013858334341178719
2086-09-07,0.01385501292416618
2086-09-08,0.013851692803447835
2086-09-09,0.013848373500023721
2086-09-10,0.013845054693561957
2086-09-11,0.013841736800194312
2086-09-12,0.013838419697176972
2086-09-13,0.013835103387503704
2086-09-14,0.013831788158574597
2086-09-15,0.013828473143199503
2086-09-16,0.013825159508941719
2086-09-17,0.013821846052312915
2086-09-18,0.01381853378520147
2086-09-19,0.013815222430186054
2086-09-20,0.013811911502278926
2086-09-21,0.01380860164813061
2086-09-22,0.013805292615267863
2086-09-23,0.013801984151218045
2086-09-24,0.013798676808826677
2086-09-25,0.013795370020279354
2086-09-26,0.013792063908319805
2086-09-27,0.03385392487742949
2086-09-28,0.0137854544945347
2086-09-29,0.013782150843438527
2086-09-30,0.05488033774907632
2086-10-01,0.014289827319805562
2086-10-02,0.032155780595590745
2086-10-03,0.013605406452695062
2086-10-04,0.01360214621997679
2086-10-05,0.01359888661636759
2086-10-06,0.07104934873821941
2086-10-07,0.0135945026557486
2086-10-08,0.08869650043913396
2086-10-09,0.020347086278058223
2086-10-10,0.06708375951793523
2086-10-11,0.018145248085224407
2086-10-12,0.0654704439138887
2086-10-13,0.013572843051391344
2086-10-14,0.013693668576077548
2086-10-15,0.015111390265687412
2086-10-16,0.013563102626080127
2086-10-17,0.013559857612280094
2086-10-18,0.01355661341296966
2086-10-19,0.013553369284655404
2086-10-20,0.013550125843628438
2086-10-21,0.013546882700392726
2086-10-22,0.013543639824380631
2086-10-23,0.013540397823007574
2086-10-24,0.013537156086885974
2086-10-25,0.013533914656444117
2086-10-26,0.013530674213052884
2086-10-27,0.013527433864323821
2086-10-28,0.013524194165411316
2086-10-29,0.013520955244503514
2086-10-30,0.013517716559265104
2086-10-31,0.013514478940948493
2086-11-01,0.010605427979480582
2086-11-02,0.010602887650042235
2086-11-03,0.010600347568282271
2086-11-04,0.01073506548995401
2086-11-05,0.01063001460373154
2086-11-06,0.010592731071460944
2086-11-07,0.010590193283822642
2086-11-08,0.30551033422587376
2086-11-09,0.9914523405824591
2086-11-10,0.08545612543565236
2086-11-11,0.44715258607559066
2086-11-12,2.3027366462924137
2086-11-13,6.273073775652055
2086-11-14,1.6644952828386579
2086-11-15,2.9670909645431234
2086-11-16,2.827936370933004
2086-11-17,2.7638136641976945
2086-11-18,2.8575502729165034
2086-11-19,0.040133979876038
2086-11-20,0.05334992614579972
2086-11-21,0.42451438597436997
2086-11-22,0.26564863131879785
2086-11-23,0.08721948552781393
2086-11-24,0.9116763499597739
2086-11-25,1.1689342486327787
2086-11-26,0.34677809745383814
2086-11-27,0.9676066286621837
2086-11-28,1.7722556279291204
2086-11-29,1.9430416049799313
2086-11-30,1.2488780098964045
2086-12-01,1.1359746940159556
2086-12-02,1.7285665366417509
2086-12-03,1.9146694302817688
2086-12-04,1.5184391861769613
2086-12-05,1.546860012506519
2086-12-06,1.5865232707609056
2086-12-07,1.4470817348259446
2086-12-08,1.8154608069539924
2086-12-09,2.021845315327125
2086-12-10,2.3910361871992185
2086-12-11,2.0347423822786554
2086-12-12,1.9973898672225696
2086-12-13,2.4943596536899557
2086-12-14,2.374472099380925
2086-12-15,2.9933987256402252
2086-12-16,2.9050941964506825
2086-12-17,2.9102629505673687
2086-12-18,3.0231617819662717
2086-12-19,2.8189901993742406
2086-12-20,2.715654021374863
2086-12-21,2.4918617925548987
2086-12-22,2.3128338777756365
2086-12-23,2.126893799152175
2086-12-24,1.939403903887175
2086-12-25,1.7739039275274213
2086-12-26,1.6585710869798986
2086-12-27,1.807163961018843
2086-12-28,1.828872882385972
2086-12-29,1.500342341220743
2086-12-30,1.4493244820732725
2086-12-31,1.3979574358052138
2087-01-01,0.8604157232902082
2087-01-02,0.8094292836791943
2087-01-03,0.7624813789422056
2087-01-04,0.7202154672170661
2087-01-05,0.6730312796120166
2087-01-06,0.6452770833434128
2087-01-07,0.5913245923861224
2087-01-08,0.5597318675892327
2087-01-09,0.5357319564252192
2087-01-10,0.49570964544223206
2087-01-11,0.46664108138814253
2087-01-12,0.4470370976890826
2087-01-13,0.42964852938544745
2087-01-14,0.39934300581743876
2087-01-15,0.3767959941744096
2087-01-16,0.36017942527348734
2087-01-17,0.3493019967274711
2087-01-18,1.703314076617161
2087-01-19,25.67352405616436
2087-01-20,22.359220956495477
2087-01-21,5.770168423991692
2087-01-22,2.0376282275974025
2087-01-23,2.076134806528042
2087-01-24,12.049403096458917
2087-01-25,23.12189378384078
2087-01-26,16.687141926995665
2087-01-27,4.301685087516933
2087-01-28,2.269964358771794
2087-01-29,8.145807139523118
2087-01-30,17.076156086046325
2087-01-31,6.633678449258266
2087-02-01,2.0488529955196166
2087-02-02,1.867761482862128
2087-02-03,1.8714191155811137
2087-02-04,1.9122595125659687
2087-02-05,2.0921577882281683
2087-02-06,1.9468547103942695
2087-02-07,1.8706444163653395
2087-02-08,1.773060793345495
2087-02-09,1.6959496734095616
2087-02-10,1.5947524172939789
2087-02-11,1.5416042582811371
2087-02-12,1.5140430865559404
2087-02-13,1.4496924131248752
2087-02-14,1.4317081840441095
2087-02-15,1.3841363966971765
2087-02-16,1.3345541303423616
2087-02-17,1.3830309076034044
2087-02-18,1.4671836459585388
2087-02-19,1.8954524435373676
2087-02-20,2.4175242134381922
2087-02-21,1.661265779914452
2087-02-22,1.921829326805209
2087-02-23,1.233461787660815
2087-02-24,1.263977907154897
2087-02-25,1.1702506173958165
2087-02-26,1.19615718308705
2087-02-27,1.2800776994910028
2087-02-28,1.5128887227862349
2087-03-01,2.0071910184980832
2087-03-02,2.054163837666652
2087-03-03,1.7758111976131679
2087-03-04,1.5116828795015127
2087-03-05,1.1112203366498763
2087-03-06,1.1890948057529531
2087-03-07,0.9427469460904859
2087-03-08,1.0260452183801532
2087-03-09,1.0535726280916715
2087-03-10,1.123437166058065
2087-03-11,1.2616504922476226
2087-03-12,1.4560420168417911
2087-03-13,4.313576506611726
2087-03-14,16.789271614518903
2087-03-15,4.227711812339801
2087-03-16,3.108997297531034
2087-03-17,3.3024592714418097
2087-03-18,3.426193201928501
2087-03-19,3.0822646449567976
2087-03-20,2.230601097567597
2087-03-21,2.3123292014236005
2087-03-22,2.289478201445552
2087-03-23,2.781606142635126
2087-03-24,2.5471987033807126
2087-03-25,2.367227674470649
2087-03-26,2.338605818286235
2087-03-27,2.1316452732127207
2087-03-28,1.918113540060537
2087-03-29,1.7684413481989874
2087-03-30,1.779414005725232
2087-03-31,1.6064822982037796
2087-04-01,1.3445100095050166
2087-04-02,1.2362170589227415
2087-04-03,1.2181047494282757
2087-04-04,1.1606958728053345
2087-04-05,1.0681211211961248
2087-04-06,1.216179350417687
2087-04-07,1.0266195121458797
2087-04-08,1.0538088829654264
2087-04-09,1.109815890046246
2087-04-10,1.170257187428695
2087-04-11,1.246405970515009
2087-04-12,1.322648705572828
2087-04-13,1.4395011211876636
2087-04-14,1.4216424949546245
2087-04-15,0.817659453238261
2087-04-16,0.7504739683800826
2087-04-17,0.6990821024633297
2087-04-18,0.8130385169617858
2087-04-19,0.9606382226289735
2087-04-20,1.1210884912762877
2087-04-21,1.0309236349325301
2087-04-22,1.0909363500624067
2087-04-23,1.080843679388192
2087-04-24,0.9658699456240972
2087-04-25,1.1029601110159182
2087-04-26,1.1353916814212361
2087-04-27,1.1796063247799138
2087-04-28,0.938519836224048
2087-04-29,0.9075421095900941
2087-04-30,0.8317411549922036
2087-05-01,0.6579060723791214
2087-05-02,0.9053983634754933
2087-05-03,0.49746216031236207
2087-05-04,0.5015922354313538
2087-05-05,0.6243829578014128
2087-05-06,0.6561332384837854
2087-05-07,0.7255917227150539
2087-05-08,0.7944725276183774
2087-05-09,0.7075704990065694
2087-05-10,0.6355477874268392
2087-05-11,0.41130054524970056
2087-05-12,0.3914228563072557
2087-05-13,0.3909781630350994
2087-05-14,0.4021995226014948
2087-05-15,0.35144336159143086
2087-05-16,0.2880167766104713
2087-05-17,0.24482043627203726
2087-05-18,0.23517830497146333
2087-05-19,0.2420383630422367
2087-05-20,0.2207487374458779
2087-05-21,0.19052145739431334
2087-05-22,0.1675861718128465
2087-05-23,0.17659156213971877
2087-05-24,0.17494461338620348
2087-05-25,0.1705791165589921
2087-05-26,0.15589395131597394
2087-05-27,0.13853062059726529
2087-05-28,0.10977607546449582
2087-05-29,0.10468330929028627
2087-05-30,0.10500531295690599
2087-05-31,0.14619710319664408
2087-06-01,0.1716475253288564
2087-06-02,0.156112203898491
2087-06-03,0.14480250171234593
2087-06-04,0.1291100098739308
2087-06-05,0.1495847060195642
2087-06-06,0.08516781986309502
2087-06-07,0.07633616675848609
2087-06-08,0.07420397416031549
2087-06-09,0.07001790918613526
2087-06-10,0.06305279141618533
2087-06-11,0.05169450870171533
2087-06-12,0.05729001206013928
2087-06-13,0.04396583046056893
2087-06-14,0.040198322974850036
2087-06-15,0.03629328788365335
2087-06-16,0.03266997202542399
2087-06-17,0.02922249686356918
2087-06-18,0.02597152147224846
2087-06-19,0.02306584115894776
2087-06-20,0.020660978017296956
2087-06-21,0.021685310487044297
2087-06-22,0.017360699498448796
2087-06-23,0.01597841650078681
2087-06-24,0.014714284238006949
2087-06-25,0.013642572118129031
2087-06-26,0.01274854946715703
2087-06-27,0.011964430046633789
2087-06-28,0.011292228711956709
2087-06-29,0.010802190352645728
2087-06-30,0.010487306916871228
2087-07-01,0.021031166999754346
2087-07-02,0.02062114084244174
2087-07-03,0.032318170862883834
2087-07-04,0.019976097510882605
2087-07-05,0.01969699473009671
2087-07-06,0.01940975539118666
2087-07-07,0.01969144879725576
2087-07-08,0.018890136546647847
2087-07-09,0.018641073062227422
2087-07-10,0.018401561721895967
2087-07-11,0.018174281309256184
2087-07-12,0.017961702303522384
2087-07-13,0.017763049330680673
2087-07-14,0.017577961653901797
2087-07-15,0.017412376542684824
2087-07-16,0.017267289687098984
2087-07-17,0.017136551399269506
2087-07-18,0.017019063124745156
2087-07-19,0.016911704125501203
2087-07-20,0.01681014218311316
2087-07-21,0.0167144861118041
2087-07-22,0.01662541839906722
2087-07-23,0.01654331010006871
2087-07-24,0.01646832597789802
2087-07-25,0.016399005676864156
2087-07-26,0.016335882398876202
2087-07-27,0.016279236656318134
2087-07-28,0.016229573732091773
2087-07-29,0.016185574702526836
2087-07-30,0.016145947604878533
2087-07-31,0.01610994168910377
2087-08-01,0.018212818866203236
2087-08-02,0.018180205991799436
2087-08-03,0.018150831425276095
2087-08-04,0.018125106060681795
2087-08-05,0.01810300709220984
2087-08-06,0.018083433609863947
2087-08-07,0.018065373544807146
2087-08-08,0.018048932661239515
2087-08-09,0.020165380307121256
2087-08-10,0.018022116258315388
2087-08-11,0.018009553653427653
2087-08-12,0.017997362601995723
2087-08-13,0.01798577578141779
2087-08-14,0.017975849408819453
2087-08-15,0.01796762984157026
2087-08-16,0.017960097803131934
2087-08-17,0.017953104702106655
2087-08-18,0.01794658597415174
2087-08-19,0.017940482368763357
2087-08-20,0.01793472651668252
2087-08-21,0.017929330797215093
2087-08-22,0.017924215560461882
2087-08-23,0.017919240864265416
2087-08-24,0.017914439082414153
2087-08-25,0.01790974469210273
2087-08-26,0.017905053506495357
2087-08-27,0.017900323136622348
2087-08-28,0.017895542315406163
2087-08-29,0.01789073972116707
2087-08-30,0.017886186431370604
2087-08-31,0.01788190014812967
2087-09-01,0.013922902087155475
2087-09-02,0.013919565508790172
2087-09-03,0.0139162297886333
2087-09-04,0.013912894648266567
2087-09-05,0.013909560533758313
2087-09-06,0.013906227335337765
2087-09-07,0.046983125251478054
2087-09-08,0.014389518996456194
2087-09-09,0.047175217334466196
2087-09-10,0.015911614635423954
2087-09-11,0.05184491988887497
2087-09-12,0.013886244085540955
2087-09-13,0.013882916896576588
2087-09-14,0.013879590722493753
2087-09-15,0.0138762653567237
2087-09-16,0.0546330472110445
2087-09-17,0.01386961664895939
2087-09-18,0.05737476115756143
2087-09-19,0.013862972018683932
2087-09-20,0.013859651802165612
2087-09-21,0.01385633227620577
2087-09-22,0.013853013735190116
2087-09-23,0.013849695744026573
2087-09-24,0.01384637794845474
2087-09-25,0.013843061113877283
2087-09-26,0.013839744741335053
2087-09-27,0.013836429000474364
2087-09-28,0.013833114480066213
2087-09-29,0.013829800261029207
2087-09-30,0.013826486741531705
2087-10-01,0.013658991812888691
2087-10-02,0.013655719126176595
2087-10-03,0.013652447156333337
2087-10-04,0.013649175822501563
2087-10-05,0.013645905395849398
2087-10-06,0.013642635584501052
2087-10-07,0.01363936644860691
2087-10-08,0.013636097959571337
2087-10-09,0.013632830433920391
2087-10-10,0.01362956367444149
2087-10-11,0.01362629781819769
2087-10-12,0.013623032373142897
2087-10-13,0.013619767847100107
2087-10-14,0.01361650419273819
2087-10-15,0.013613241020561799
2087-10-16,0.013609978896571978
2087-10-17,0.013606717412537973
2087-10-18,0.01360345677356094
2087-10-19,0.013600196845536585
2087-10-20,0.11589382166782089
2087-10-21,0.01909347500384839
2087-10-22,0.020052547017031356
2087-10-23,0.013587165460753258
2087-10-24,0.013583910112998194
2087-10-25,0.013580655498874859
2087-10-26,0.013577401726850763
2087-10-27,0.013574148773260176
2087-10-28,0.013570896721918089
2087-10-29,0.12361295404811952
2087-10-30,0.3984017315151321
2087-10-31,0.07145943367250154
2087-11-01,0.01225619474832438
2087-11-02,0.01064090998311679
2087-11-03,0.010639348238175611
2087-11-04,0.01063784173326745
2087-11-05,0.014371613303222619
2087-11-06,0.010868263926819149
2087-11-07,0.010633582239887118
2087-11-08,0.010632173606663964
2087-11-09,0.010630724430801456
2087-11-10,0.01062923769140711
2087-11-11,0.011268575336941143
2087-11-12,0.010626171001932097
2087-11-13,0.010624556445754867
2087-11-14,0.010622872996270417
2087-11-15,0.010621125704571265
2087-11-16,0.010619312584585539
2087-11-17,0.010617432507054606
2087-11-18,0.010615493944129103
2087-11-19,0.010613497637296597
2087-11-20,0.01061144498206993
2087-11-21,0.010609347837602938
2087-11-22,0.010607219217849745
2087-11-23,0.01060506511198448
2087-11-24,0.010602886536263206
2087-11-25,0.010600685043319843
2087-11-26,0.01059846339244709
2087-11-27,0.010596222630086487
2087-11-28,0.010593963063514024
2087-11-29,0.01059168676007062
2087-11-30,0.29958533178201685
2087-12-01,0.2686505824173516
2087-12-02,0.29542748530848106
2087-12-03,0.12184031329710626
2087-12-04,0.030005863004743838
2087-12-05,0.06624925672620925
2087-12-06,0.155116007123811
2087-12-07,0.12553332434509792
2087-12-08,0.03703080453768168
2087-12-09,0.16133084398647937
2087-12-10,0.23799886915976645
2087-12-11,0.014251675529945145
2087-12-12,0.020358693724104808
2087-12-13,0.030420953278127827
2087-12-14,0.03246314015510822
2087-12-15,0.01952631463967712
2087-12-16,0.022190930213849457
2087-12-17,0.20158004210457744
2087-12-18,0.8505713159962824
2087-12-19,0.7798396162416453
2087-12-20,0.04610736386355623
2087-12-21,0.023155517764207267
2087-12-22,0.028783584681508486
2087-12-23,0.4716603799895148
2087-12-24,0.17297353380895664
2087-12-25,0.14612582252809383
2087-12-26,0.1365435513689132
2087-12-27,0.16538695173380047
2087-12-28,0.17477473758621667
2087-12-29,0.15288717371667523
2087-12-30,0.08898866141710493
2087-12-31,0.07214739121699074
2088-01-01,0.04312103287996711
2088-01-02,0.018412948020599566
2088-01-03,0.017732606647262374
2088-01-04,0.01918740518674684
2088-01-05,0.01459316577454894
2088-01-06,0.0631444705396162
2088-01-07,0.016714116959101976
2088-01-08,0.018192106160139686
2088-01-09,0.014781969753357743
2088-01-10,0.014118453580683398
2088-01-11,0.013748775495650038
2088-01-12,0.01187378151424111
2088-01-13,0.011369384835275578
2088-01-14,0.014178784801702466
2088-01-15,0.020590488680096358
2088-01-16,0.027162562832535143
2088-01-17,0.06130902528090669
2088-01-18,1.4255762808246395
2088-01-19,1.2865379636026946
2088-01-20,0.07112862789588789
2088-01-21,0.06103695876640722
2088-01-22,0.08988790606924983
2088-01-23,0.050699473358032134
2088-01-24,0.0283712016319865
2088-01-25,0.021246715630162567
2088-01-26,0.017450855711159792
2088-01-27,0.021937988063518245
2088-01-28,0.018422350555863602
2088-01-29,0.05122448486662291
2088-01-30,0.09249564330508782
2088-01-31,0.1300885601628856
2088-02-01,0.12106163391810626
2088-02-02,0.052726581759281674
2088-02-03,0.035115220402178064
2088-02-04,0.022256411043549054
2088-02-05,0.13374917710101247
2088-02-06,0.04408616899599915
2088-02-07,0.019247032701520908
2088-02-08,0.031172538482557403
2088-02-09,0.03712997779004569
2088-02-10,0.47788059538216426
2088-02-11,0.2583250199746393
2088-02-12,0.03261677313045163
2088-02-13,0.01950783516776428
2088-02-14,0.016827007550695286
2088-02-15,0.018367130450254232
2088-02-16,0.021379975264202142
2088-02-17,0.19702062907293658
2088-02-18,0.6288761847619851
2088-02-19,1.048375257378791
2088-02-20,1.3712540580829555
2088-02-21,0.4362951833546017
2088-02-22,0.4875743042281849
2088-02-23,1.6180083687899205
2088-02-24,6.276086435222403
2088-02-25,1.4550491426889773
2088-02-26,1.2700173455293997
2088-02-27,1.234048502874934
2088-02-28,1.214254365711074
2088-02-29,1.2549459170522794
2088-03-01,1.44026021111127
2088-03-02,1.4148881551856043
2088-03-03,1.3391089553175783
2088-03-04,1.227581034697659
2088-03-05,1.120593906145662
2088-03-06,1.0126262487764075
2088-03-07,0.953344068401975
2088-03-08,0.8949368662785274
2088-03-09,0.8449300364643029
2088-03-10,0.7930646311416992
2088-03-11,0.7440707280541287
2088-03-12,0.7364824190817016
2088-03-13,0.7103775115917398
2088-03-14,0.7425937320544811
2088-03-15,0.8387487429364616
2088-03-16,0.8798947672384945
2088-03-17,0.9451195046139802
2088-03-18,0.9631389999323463
2088-03-19,1.0109610003153946
2088-03-20,1.1305646133382743
2088-03-21,0.7724174725896328
2088-03-22,0.7708232304053381
2088-03-23,1.374408607380967
2088-03-24,2.082102761505418
2088-03-25,2.175835934596018
2088-03-26,1.4921927989377726
2088-03-27,1.490585207737948
2088-03-28,1.5745409440166132
2088-03-29,1.6139685744006023
2088-03-30,1.5392577953026052
2088-03-31,1.7480020409537615
2088-04-01,1.560886753738205
2088-04-02,1.3898830980609418
2088-04-03,1.4261604363349143
2088-04-04,1.5420467966431537
2088-04-05,1.7795431146443932
2088-04-06,1.672769816778338
2088-04-07,1.6850271473695326
2088-04-08,1.7007975723232456
2088-04-09,1.8082356051662984
2088-04-10,1.5890967717391498
2088-04-11,0.8944219784169792
2088-04-12,0.7519968164956938
2088-04-13,0.9941450139311301
2088-04-14,1.1593292388244245
2088-04-15,1.0717754976624156
2088-04-16,0.661880486930466
2088-04-17,0.5943411238939496
2088-04-18,0.5689663002621349
2088-04-19,0.503798877374561
2088-04-20,0.5563410190825395
2088-04-21,0.8179700344946246
2088-04-22,0.43899822185840126
2088-04-23,0.4001110520432619
2088-04-24,0.38592531592168833
2088-04-25,0.6049730238609459
2088-04-26,0.4287690109510483
2088-04-27,0.43760025904835637
2088-04-28,0.3609406392884421
2088-04-29,0.34466083465871633
2088-04-30,0.35041913347267933
2088-05-01,0.3941674768139455
2088-05-02,0.27874817104828237
2088-05-03,0.29320021519569045
2088-05-04,0.2394002680165417
2088-05-05,0.3704541889207188
2088-05-06,0.4508406134644317
2088-05-07,0.9297925556592154
2088-05-08,0.4009704552775829
2088-05-09,0.33908212699224366
2088-05-10,0.3391879801794031
2088-05-11,0.3321585669581378
2088-05-12,0.3333860176975255
2088-05-13,0.3756134152184818
2088-05-14,0.36351958110631777
2088-05-15,0.31409655651237745
2088-05-16,0.3013529831163812
2088-05-17,0.27146844554811267
2088-05-18,0.24712715958245682
2088-05-19,0.22416998792260234
2088-05-20,0.19918102717991265
2088-05-21,0.1758184455778122
2088-05-22,0.15346890472441108
2088-05-23,0.13314627717864538
2088-05-24,0.11432527744684465
2088-05-25,0.10286407548403084
2088-05-26,0.08687264454077184
2088-05-27,0.07468904362207736
2088-05-28,0.06294490139948213
2088-05-29,0.05259075977185848
2088-05-30,0.0430320891822722
2088-05-31,0.03499236901569134
2088-06-01,0.030574511968253473
2088-06-02,0.026614735298888022
2088-06-03,0.02446545121866055
2088-06-04,0.023227741826285588
2088-06-05,0.022359643148639037
2088-06-06,0.02169579535128461
2088-06-07,0.021110236759077382
2088-06-08,0.020583065072685338
2088-06-09,0.02009679539663393
2088-06-10,0.01963782412027022
2088-06-11,0.0192186707177749
2088-06-12,0.018844531166879425
2088-06-13,0.018523025866711243
2088-06-14,0.018203196141619287
2088-06-15,0.017836152102621218
2088-06-16,0.017437654736992773
2088-06-17,0.017023236208175925
2088-06-18,0.01660639632723893
2088-06-19,0.01620617340352401
2088-06-20,0.015829134956025726
2088-06-21,0.01544978916522671
2088-06-22,0.015074157091926041
2088-06-23,0.014884472101941763
2088-06-24,0.01972910529185054
2088-06-25,0.014070378188415052
2088-06-26,0.013718607708321102
2088-06-27,0.013323439680351755
2088-06-28,0.01293449397307468
2088-06-29,0.012563377872107387
2088-06-30,0.01220836386729001
2088-07-01,0.03856712269303455
2088-07-02,0.02376859470726439
2088-07-03,0.023199062537288245
2088-07-04,0.02267432756692641
2088-07-05,0.022153933960323897
2088-07-06,0.021622603652203594
2088-07-07,0.02107774160919628
2088-07-08,0.02054943872726832
2088-07-09,0.020045659782677933
2088-07-10,0.019573964835800834
2088-07-11,0.019148731178778057
2088-07-12,0.018773278913425884
2088-07-13,0.01845263223826056
2088-07-14,0.01815666334454592
2088-07-15,0.017871816443522027
2088-07-16,0.01763031164852549
2088-07-17,0.01741746227454772
2088-07-18,0.017215848106519882
2088-07-19,0.017035006856207645
2088-07-20,0.016867726502921686
2088-07-21,0.016714940349367328
2088-07-22,0.016582279353424472
2088-07-23,0.020411096061796218
2088-07-24,0.016617432827775863
2088-07-25,0.016307876293290606
2088-07-26,0.01655156245273318
2088-07-27,0.016184736124459087
2088-07-28,0.01613631806534762
2088-07-29,0.016094890923591367
2088-07-30,0.016061504441189502
2088-07-31,0.016033855367921533
2088-08-01,0.018135999736208237
2088-08-02,0.01811210262896477
2088-08-03,0.01809204659969492
2088-08-04,0.018074888777334097
2088-08-05,0.01806003244113247
2088-08-06,0.0180477313931378
2088-08-07,0.018037478748102822
2088-08-08,0.018028473429979847
2088-08-09,0.018020375614572738
2088-08-10,0.018013283755872456
2088-08-11,0.018007264952768623
2088-08-12,0.018698722682299114
2088-08-13,0.017996876328850674
2088-08-14,0.01799194316823164
2088-08-15,0.017987246604718305
2088-08-16,0.017982780975940638
2088-08-17,0.017978325739066055
2088-08-18,0.017973873787621625
2088-08-19,0.01796947001052759
2088-08-20,0.017965140684819438
2088-08-21,0.017960835293803268
2088-08-22,0.017956531281540674
2088-08-23,0.01795222788049077
2088-08-24,0.01794792570955508
2088-08-25,0.01794362457396571
2088-08-26,0.017939324294330778
2088-08-27,0.017935025299909056
2088-08-28,0.017930727504848764
2088-08-29,0.017926430565742904
2088-08-30,0.017922134153280214
2088-08-31,0.029278243672548172
2088-09-01,0.014910248678010538
2088-09-02,0.013947541041827695
2088-09-03,0.03757187453219499
2088-09-04,0.02187487831722051
2088-09-05,0.023022237673095063
2088-09-06,0.013934175973514581
2088-09-07,0.013930836592998297
2088-09-08,0.013927498105617995
2088-09-09,0.013924160306800071
2088-09-10,0.013920823804276686
2088-09-11,0.01391748762308233
2088-09-12,0.013914152310075699
2088-09-13,0.01393667560688429
2088-09-14,0.013907484313573765
2088-09-15,0.013904151378603237
2088-09-16,0.013900819364710357
2088-09-17,0.013897487999463408
2088-09-18,0.013894157372675096
2088-09-19,0.013890827777732784
2088-09-20,0.013887499064949332
2088-09-21,0.013884171042724274
2088-09-22,0.01388084368311602
2088-09-23,0.013877517177724872
2088-09-24,0.01387419142176913
2088-09-25,0.013870866587889052
2088-09-26,0.013867542536375666
2088-09-27,0.013864219263237628
2088-09-28,0.013860896808391575
2088-09-29,0.013857575036120553
2088-09-30,0.14679629774303674
2088-10-01,0.05085839282966419
2088-10-02,0.019500215783441126
2088-10-03,0.013815448004704006
2088-10-04,0.01367658609743134
2088-10-05,0.013673309242624877
2088-10-06,0.013670033132297145
2088-10-07,0.013668525297788028
2088-10-08,0.013663482917296722
2088-10-09,0.013660209101540621
2088-10-10,0.013656936106190449
2088-10-11,0.013653663755726332
2088-10-12,0.013650392128047466
2088-10-13,0.013647121225125926
2088-10-14,0.013643851394056522
2088-10-15,0.013640581906137417
2088-10-16,0.01363731334018874
2088-10-17,0.013634045665641996
2088-10-18,0.013630778550194055
2088-10-19,0.013627512163447606
2088-10-20,0.21608316527796084
2088-10-21,0.015085911230486696
2088-10-22,0.013617723994868505
2088-10-23,0.01361446751018137
2088-10-24,0.013611212412886512
2088-10-25,0.01360795785003864
2088-10-26,0.013604703868968795
2088-10-27,0.013601449753794143
2088-10-28,0.013598196181941054
2088-10-29,0.014304486440588631
2088-10-30,0.08556371635532606
2088-10-31,0.016073150020328907
2088-11-01,0.010663470990887157
2088-11-02,0.010660921642857573
2088-11-03,0.010658373308761538
2088-11-04,0.010655825586121584
2088-11-05,0.010653278601098997
2088-11-06,0.010650732339762029
2088-11-07,0.010648186299787478
2088-11-08,0.01064564071801805
2088-11-09,0.010643095611481797
2088-11-10,0.010640551008042117
2088-11-11,0.010638006804758161
2088-11-12,0.010635462770979081
2088-11-13,0.010632919388903886
2088-11-14,0.01063037619800545
2088-11-15,0.01062783344209248
2088-11-16,0.010625291286025594
2088-11-17,0.010622749443426635
2088-11-18,0.010620208099280678
2088-11-19,0.010617667015196997
2088-11-20,0.010615126342878952
2088-11-21,0.0868908539141205
2088-11-22,0.36869079346130074
2088-11-23,0.20482175656802418
2088-11-24,0.0181910688430261
2088-11-25,0.09393065587236125
2088-11-26,0.039807955742051634
2088-11-27,0.01231841678935107
2088-11-28,0.2931792195091513
2088-11-29,0.6444232778959269
2088-11-30,0.029770567858464336
2088-12-01,0.011158096903748351
2088-12-02,0.011361585407471482
2088-12-03,0.01842230808324922
2088-12-04,0.18861933086416052
2088-12-05,1.344637603060134
2088-12-06,1.24419596867621
2088-12-07,0.06822993146492265
2088-12-08,0.01606173575424451
2088-12-09,0.015415078930143294
2088-12-10,0.0167674352070816
2088-12-11,0.026253789865420662
2088-12-12,0.03561432274860642
2088-12-13,0.01774294739547921
2088-12-14,0.0255161660818123
2088-12-15,0.018618350462386968
2088-12-16,0.019200045818505432
2088-12-17,0.026074093176817227
2088-12-18,0.04226118327142266
2088-12-19,0.05415913225187687
2088-12-20,0.07588757612757661
2088-12-21,0.1163156280774192
2088-12-22,0.1469444667675915
2088-12-23,0.14425691578217253
2088-12-24,0.14785219481958262
2088-12-25,0.15786758208834634
2088-12-26,0.13297802863605035
2088-12-27,0.0794182709582848
2088-12-28,0.050470062464196615
2088-12-29,0.0381183501994204
2088-12-30,0.046703728842415
2088-12-31,0.031641643995743034
2089-01-01,0.2945061454351752
2089-01-02,0.47166284152450827
2089-01-03,0.5877557967840376
2089-01-04,1.4612097294319824
2089-01-05,1.349722536671474
2089-01-06,1.067849827240202
2089-01-07,3.702213212776261
2089-01-08,0.6210681213294891
2089-01-09,0.04192744276319855
2089-01-10,0.04434938736987202
2089-01-11,0.3217009314044814
2089-01-12,0.33919181921274827
2089-01-13,0.4088321220499532
2089-01-14,0.8492629777217635
2089-01-15,1.08346015871566
2089-01-16,0.6225537384067736
2089-01-17,0.5229815099497904
2089-01-18,0.690327329527279
2089-01-19,0.5909707918655295
2089-01-20,0.6072428181758222
2089-01-21,0.6306487706662577
2089-01-22,0.8318329013120047
2089-01-23,1.105911782664558
2089-01-24,0.8674258001229765
2089-01-25,0.8563158080658904
2089-01-26,1.4941273869864662
2089-01-27,1.0054376617138474
2089-01-28,0.9930876722922932
2089-01-29,0.9739267419226696
2089-01-30,0.9657586475126323
2089-01-31,0.9699576605514866
2089-02-01,0.8610059853307496
2089-02-02,0.8466799489970324
2089-02-03,0.8347359666480961
2089-02-04,0.8870053925249913
2089-02-05,2.0146753637730574
2089-02-06,4.960752677170065
2089-02-07,3.6226312028278413
2089-02-08,3.7624637718571936
2089-02-09,2.955272593357993
2089-02-10,1.9339696601154521
2089-02-11,1.8027827110309338
2089-02-12,2.161912897348402
2089-02-13,2.6591008800111497
2089-02-14,2.6665784018987675
2089-02-15,2.1705820029048333
2089-02-16,1.9935648797801817
2089-02-17,2.246763691572273
2089-02-18,3.042021437788827
2089-02-19,2.513366204204788
2089-02-20,2.432516642977
2089-02-21,2.8016083412947905
2089-02-22,2.4509669794799303
2089-02-23,2.3395391673336285
2089-02-24,2.1497082249099893
2089-02-25,2.0850608587162522
2089-02-26,1.962119630443265
2089-02-27,1.745545161223702
2089-02-28,1.7201051042647306
2089-03-01,1.9890816940066063
2089-03-02,1.612406465874314
2089-03-03,1.182890166775632
2089-03-04,1.1648070150934753
2089-03-05,1.1446769923396647
2089-03-06,1.0038962954518102
2089-03-07,0.9435142487704118
2089-03-08,0.8439435455005949
2089-03-09,0.9131247841386384
2089-03-10,0.7359510126813956
2089-03-11,0.7035970777960472
2089-03-12,0.7377515823178619
2089-03-13,2.2806582994034468
2089-03-14,1.9469742717083187
2089-03-15,1.4376835300106967
2089-03-16,1.4221673257284315
2089-03-17,1.331719948499714
2089-03-18,1.2640335821065845
2089-03-19,1.251463228691014
2089-03-20,1.168427774897585
2089-03-21,1.0984358541762116
2089-03-22,1.0408411525302204
2089-03-23,1.6662313710893897
2089-03-24,1.933827926483543
2089-03-25,1.2418307887908213
2089-03-26,1.3639541701470077
2089-03-27,1.239142990313958
2089-03-28,1.159075025294783
2089-03-29,1.107172632502152
2089-03-30,1.0334777741689134
2089-03-31,0.9369597306050726
2089-04-01,0.7273288518229967
2089-04-02,0.6340822397587069
2089-04-03,0.5614813921429858
2089-04-04,0.48917710521298197
2089-04-05,0.4368412770977469
2089-04-06,0.3950905782561319
2089-04-07,0.3589188545910332
2089-04-08,0.32310826015735555
2089-04-09,0.2874516093372773
2089-04-10,0.25325098315044536
2089-04-11,0.2268375128956192
2089-04-12,0.2031771169005653
2089-04-13,0.175900545696346
2089-04-14,0.16542531946966582
2089-04-15,0.14116851660795007
2089-04-16,0.11870263910543358
2089-04-17,0.10315834037850298
2089-04-18,0.09084084315587222
2089-04-19,0.0797570131545081
2089-04-20,0.09368277129734229
2089-04-21,0.06505044319407122
2089-04-22,0.05574163493439899
2089-04-23,0.0466988195595126
2089-04-24,0.03913116073335738
2089-04-25,0.033846895129146196
2089-04-26,0.03062377726689989
2089-04-27,0.27773840385174786
2089-04-28,0.46945778758297635
2089-04-29,0.4329669246306104
2089-04-30,0.16246203497670356
2089-05-01,0.20029905024468855
2089-05-02,0.1884132080544695
2089-05-03,0.16363583165617893
2089-05-04,0.13766385915044152
2089-05-05,0.1357549053873296
2089-05-06,0.12821599827382724
2089-05-07,0.11531239561371398
2089-05-08,0.11201454530897818
2089-05-09,0.09544419958606619
2089-05-10,0.08686884123010367
2089-05-11,0.07923745099756588
2089-05-12,0.06990927980600478
2089-05-13,0.06188437394482291
2089-05-14,0.053053921518243445
2089-05-15,0.04479278591862977
2089-05-16,0.03810755939476988
2089-05-17,0.03251750704648707
2089-05-18,0.028237628654391257
2089-05-19,0.02542785884452699
2089-05-20,0.0234996833669978
2089-05-21,0.02201119863754585
2089-05-22,0.0209943355402669
2089-05-23,0.020271225259160672
2089-05-24,0.01965970046940195
2089-05-25,0.01920080782569413
2089-05-26,0.018944113912128028
2089-05-27,0.0184902999525487
2089-05-28,0.018169618760578283
2089-05-29,0.017851254131383634
2089-05-30,0.01751210426944161
2089-05-31,0.017172121022878035
2089-06-01,0.017674271182107074
2089-06-02,0.017387507983903372
2089-06-03,0.019486431749776063
2089-06-04,0.016913326205024354
2089-06-05,0.016625757524998064
2089-06-06,0.0162995264619317
2089-06-07,0.01598343844398555
2089-06-08,0.01568002768511878
2089-06-09,0.015356225571819208
2089-06-10,0.014999529410019048
2089-06-11,0.014633628270423148
2089-06-12,0.014285861359879767
2089-06-13,0.013962700909722701
2089-06-14,0.013689088788494737
2089-06-15,0.013443897631704768
2089-06-16,0.013166822561649841
2089-06-17,0.01284523804809913
2089-06-18,0.012502075568601716
2089-06-19,0.01215038040546361
2089-06-20,0.011803881925890953
2089-06-21,0.011477678522715045
2089-06-22,0.011165087154989204
2089-06-23,0.01086468079292977
2089-06-24,0.010586802184303077
2089-06-25,0.010316216760945265
2089-06-26,0.010053818572575025
2089-06-27,0.009811812141183398
2089-06-28,0.009786370594730746
2089-06-29,0.00939172622760478
2089-06-30,0.01066128005062561
2089-07-01,0.019770088145476608
2089-07-02,0.021071419957340354
2089-07-03,0.01815211563102196
2089-07-04,0.017914689379694478
2089-07-05,0.017699552944492665
2089-07-06,0.017575475604428216
2089-07-07,0.02910064447309769
2089-07-08,0.01716911236497511
2089-07-09,0.024983220918187412
2089-07-10,0.016911466321890962
2089-07-11,0.027546217472872427
2089-07-12,0.016696817826821888
2089-07-13,0.023014856313629657
2089-07-14,0.016505403221379486
2089-07-15,0.01641767731997115
2089-07-16,0.016339296389411
2089-07-17,0.016267738241162216
2089-07-18,0.01620556875889661
2089-07-19,0.016152201572201944
2089-07-20,0.016106733989513514
2089-07-21,0.016067366108116446
2089-07-22,0.01603346865766088
2089-07-23,0.016004736197511783
2089-07-24,0.015980433147458985
2089-07-25,0.015960728693382456
2089-07-26,0.01594491003074713
2089-07-27,0.015932050048754327
2089-07-28,0.015921505068484377
2089-07-29,0.016755331874906302
2089-07-30,0.015905945846067752
2089-07-31,0.015900135933708835
2089-08-01,0.018005914842120198
2089-08-02,0.018000241816452857
2089-08-03,0.01799470251830307
2089-08-04,0.017989467520954667
2089-08-05,0.017984607511131765
2089-08-06,0.017980081789989943
2089-08-07,0.01797573521449164
2089-08-08,0.017971427409376347
2089-08-09,0.017967120515314506
2089-08-10,0.01796281478473588
2089-08-11,0.017958510003651524
2089-08-12,0.017954206282259626
2089-08-13,0.017949903689753192
2089-08-14,0.017945602078775904
2089-08-15,0.017941301353224692
2089-08-16,0.01793700188341531
2089-08-17,0.0179327028415828
2089-08-18,0.017928405769214794
2089-08-19,0.01792410900821908
2089-08-20,0.017919813697733433
2089-08-21,0.017915519418749828
2089-08-22,0.017911226203302617
2089-08-23,0.0179069333966119
2089-08-24,0.017902642218541313
2089-08-25,0.01789835186823526
2089-08-26,0.017894062514834264
2089-08-27,0.017889774579908643
2089-08-28,0.017885487261321734
2089-08-29,0.01788120111646898
2089-08-30,0.4125926794899678
2089-08-31,1.7294814156310705
2089-09-01,8.432986410906267
2089-09-02,3.0651201634034972
2089-09-03,0.021036406357661158
2089-09-04,0.052440808722346396
2089-09-05,0.02190007755438224
2089-09-06,0.12896226574652966
2089-09-07,0.021758050645435616
2089-09-08,0.05473983579899484
2089-09-09,0.021360282949155228
2089-09-10,0.08105818272194426
2089-09-11,0.03202283449920885
2089-09-12,0.09638469456755876
2089-09-13,0.04224043786756225
2089-09-14,0.08637024538761504
2089-09-15,0.020466082843207747
2089-09-16,0.11075516677848213
2089-09-17,0.03071374627743141
2089-09-18,0.07876865797053834
2089-09-19,0.01965828206490281
2089-09-20,0.019386072950868263
2089-09-21,0.019112222482927602
2089-09-22,0.12699819238744514
2089-09-23,0.02053574107551559
2089-09-24,0.07965029210616828
2089-09-25,0.01837819038694798
2089-09-26,0.018203395175191584
2089-09-27,0.01801688210280936
2089-09-28,0.01783437038616399
2089-09-29,0.06328362290967979
2089-09-30,0.017878900338197255
2089-10-01,0.06550232201421739
2089-10-02,0.01715566323510988
2089-10-03,0.017025390087084463
2089-10-04,0.02401569382770144
2089-10-05,0.0168002760334032
2089-10-06,0.0166857285610601
2089-10-07,0.016559601611825864
2089-10-08,0.016425204250302028
2089-10-09,0.016287294411903686
2089-10-10,0.01615266916004304
2089-10-11,0.016018765842436795
2089-10-12,0.015892650139267613
2089-10-13,0.015787225157210497
2089-10-14,0.015707074049788345
2089-10-15,0.015646173227459512
2089-10-16,0.015599656404076807
2089-10-17,0.015552681065663446
2089-10-18,0.015491700341547551
2089-10-19,0.015429112955601091
2089-10-20,0.015366920851331137
2089-10-21,0.015302566385662004
2089-10-22,0.015240185703471947
2089-10-23,0.015188985333374663
2089-10-24,0.03184449601599856
2089-10-25,0.015574799780633952
2089-10-26,0.01574256691145494
2089-10-27,0.015124355548655674
2089-10-28,0.32990394745954105
2089-10-29,0.0283990719616778
2089-10-30,0.018351121557672233
2089-10-31,0.01721095762541282
2089-11-01,0.011823336228923398
2089-11-02,0.011797815014058731
2089-11-03,0.011768953750116565
2089-11-04,0.011741325512284973
2089-11-05,0.011717789526834249
2089-11-06,0.011699870742203387
2089-11-07,0.03019086961327466
2089-11-08,0.1420820662579946
2089-11-09,0.015996979881402914
2089-11-10,0.40244769959729126
2089-11-11,0.023220615902135353
2089-11-12,0.030307639104754192
2089-11-13,0.029631708721479195
2089-11-14,0.013898647314040637
2089-11-15,0.013576280640667201
2089-11-16,0.012882372215693473
2089-11-17,0.012278831804213013
2089-11-18,0.07628816622649559
2089-11-19,0.8526797935476863
2089-11-20,0.027492000636493034
2089-11-21,0.045202188513127343
2089-11-22,0.03763104708314178
2089-11-23,0.014670543398436807
2089-11-24,0.04168533668475217
2089-11-25,0.49617608764564025
2089-11-26,0.15800432976500373
2089-11-27,0.020920528034860872
2089-11-28,0.7031734216713753
2089-11-29,0.6451963231084491
2089-11-30,1.1541889144898525
2089-12-01,0.3743506858111076
2089-12-02,0.08647997710935974
2089-12-03,0.3198732951628348
2089-12-04,0.2582827212421674
2089-12-05,0.022500891196991078
2089-12-06,0.026362853302082493
2089-12-07,0.03490222852146692
2089-12-08,0.02046332618744792
2089-12-09,0.021950533417214507
2089-12-10,0.022287667440021353
2089-12-11,0.20839399492796729
2089-12-12,0.05385908340119497
2089-12-13,0.03312150191667579
2089-12-14,0.0202079965856017
2089-12-15,0.02039319570130776
2089-12-16,0.023443192239494863
2089-12-17,0.053051048761140356
2089-12-18,0.09941168515885604
2089-12-19,0.10668996180745519
2089-12-20,0.06825894106714828
2089-12-21,0.06232180887263921
2089-12-22,0.03801104861025425
2089-12-23,0.03385221838562811
2089-12-24,0.041748692200625416
2089-12-25,0.040391570764363595
2089-12-26,0.04349384712262575
2089-12-27,0.04267564582211338
2089-12-28,0.041975730627526464
2089-12-29,0.03808369993774191
2089-12-30,0.03429347794837024
2089-12-31,0.038983785973923275
2090-01-01,0.5006099758499738
2090-01-02,0.10560366371554186
2090-01-03,0.031387381895024755
2090-01-04,0.15204216894328887
2090-01-05,0.4510489819525696
2090-01-06,3.8605172225768962
2090-01-07,3.5634613066997938
2090-01-08,0.19677846365874002
2090-01-09,0.42376965343124084
2090-01-10,6.213479213315388
2090-01-11,20.25642115477328
2090-01-12,12.531238159011611
2090-01-13,6.767424732043651
2090-01-14,8.668048960994486
2090-01-15,9.84101806320434
2090-01-16,7.0244452949092455
2090-01-17,11.04276705488234
2090-01-18,2.706103222850909
2090-01-19,2.4348639107379224
2090-01-20,4.493172550633909
2090-01-21,3.3231147249764916
2090-01-22,5.9999735633384335
2090-01-23,5.623697650993039
2090-01-24,4.4132175037101895
2090-01-25,2.1198662406625512
2090-01-26,2.1269237107023935
2090-01-27,2.1392391640425177
2090-01-28,2.1771106167836622
2090-01-29,2.1322227295048988
2090-01-30,2.108779044957942
2090-01-31,1.9496342159238098
2090-02-01,1.634685585471337
2090-02-02,1.7254805321743256
2090-02-03,2.1943399367254353
2090-02-04,12.153817751487697
2090-02-05,5.905272870777126
2090-02-06,1.871133284005229
2090-02-07,3.021909358869285
2090-02-08,2.78377441412315
2090-02-09,1.9935036258198424
2090-02-10,1.9083222159476345
2090-02-11,2.3044423127949387
2090-02-12,2.6459388615461443
2090-02-13,2.3267683852672265
2090-02-14,2.328165543601812
2090-02-15,2.227102467080481
2090-02-16,2.8547411467087382
2090-02-17,3.174727218155528
2090-02-18,2.040696633666537
2090-02-19,1.7971164757220888
2090-02-20,1.7920895744971153
2090-02-21,1.8483323050946279
2090-02-22,1.8961980175832287
2090-02-23,1.935918618860206
2090-02-24,1.9208921147534215
2090-02-25,1.7921493380039473
2090-02-26,2.185884262293048
2090-02-27,1.9789495975775635
2090-02-28,1.7912583043055108
2090-03-01,1.9203934852591256
2090-03-02,1.6570977838324794
2090-03-03,1.483068064252536
2090-03-04,1.4465966161417576
2090-03-05,1.3480303875378452
2090-03-06,1.2015965643558826
2090-03-07,1.1654155530203472
2090-03-08,1.130102860584283
2090-03-09,1.128278730209043
2090-03-10,1.2578299188441868
2090-03-11,1.2770470051652016
2090-03-12,0.9438447855453291
2090-03-13,0.9760869649481905
2090-03-14,1.0196251281493374
2090-03-15,1.0423484565461483
2090-03-16,0.9050469763536059
2090-03-17,0.8590812986374841
2090-03-18,0.7896774662136662
2090-03-19,0.7846639914551663
2090-03-20,0.7796515084085238
2090-03-21,1.2513973123198197
2090-03-22,0.9685821402432087
2090-03-23,1.1106086249316616
2090-03-24,1.4328700361337574
2090-03-25,1.0774978924538188
2090-03-26,1.2493572902204113
2090-03-27,1.623929411208502
2090-03-28,1.3319931805417469
2090-03-29,1.897302038461894
2090-03-30,2.0202894551961768
2090-03-31,1.7707258071441936
2090-04-01,1.6855628227649309
2090-04-02,1.624159277263322
2090-04-03,1.9067310019556525
2090-04-04,1.7225842823141326
2090-04-05,1.6913835921828326
2090-04-06,1.4655610061973794
2090-04-07,1.3307344577458875
2090-04-08,0.9472625694140372
2090-04-09,0.8366364475664697
2090-04-10,0.7418015857375229
2090-04-11,0.660275131924643
2090-04-12,0.6021970466126934
2090-04-13,0.6592993791325319
2090-04-14,0.6580218424809227
2090-04-15,0.6861350701509685
2090-04-16,0.553965703378186
2090-04-17,0.5199835230399981
2090-04-18,0.6062952771239339
2090-04-19,0.753075468983334
2090-04-20,0.8544752208157647
2090-04-21,0.6031174464643231
2090-04-22,0.6209003361230793
2090-04-23,0.5873087901040986
2090-04-24,0.567078546690398
2090-04-25,0.5417447978393776
2090-04-26,0.49232419743383027
2090-04-27,0.43653135934509696
2090-04-28,0.3638822102878677
2090-04-29,0.9217802563722229
2090-04-30,1.3016434389698104
2090-05-01,0.603662442839615
2090-05-02,0.6937310724310691
2090-05-03,0.6643313997889471
2090-05-04,0.6045045144379877
2090-05-05,0.5549255172368214
2090-05-06,0.48725126577220124
2090-05-07,0.405275613456435
2090-05-08,0.303076346770603
2090-05-09,0.2670804312596632
2090-05-10,0.21756025327564135
2090-05-11,0.16970646696761754
2090-05-12,0.13893743226299993
2090-05-13,0.11297992281381448
2090-05-14,0.09235874135074233
2090-05-15,0.07585992422092613
2090-05-16,0.06342863083501521
2090-05-17,0.05441715257291199
2090-05-18,0.04658060099204923
2090-05-19,0.03965247618994847
2090-05-20,0.03462395857862368
2090-05-21,0.031044180923342986
2090-05-22,0.028589814299240877
2090-05-23,0.02689049734162364
2090-05-24,0.025519270311485542
2090-05-25,0.027157815869871146
2090-05-26,0.024403635900957454
2090-05-27,0.02268284740300728
2090-05-28,0.021744376572437454
2090-05-29,0.020801021244385393
2090-05-30,0.019919395026452073
2090-05-31,0.019127567012328
2090-06-01,0.019322289115958163
2090-06-02,0.018763244865900027
2090-06-03,0.018341909304269703
2090-06-04,0.017953980192819706
2090-06-05,0.017552949606915294
2090-06-06,0.01715465831188366
2090-06-07,0.016762507180610023
2090-06-08,0.01638335388412198
2090-06-09,0.016017523662147464
2090-06-10,0.015661969063075296
2090-06-11,0.015306835235126489
2090-06-12,0.014951320547688371
2090-06-13,0.014600184631585631
2090-06-14,0.01424273884263452
2090-06-15,0.013879193864722618
2090-06-16,0.013528689858011174
2090-06-17,0.013197648482995393
2090-06-18,0.012866728080297398
2090-06-19,0.012518992499984468
2090-06-20,0.012161169858258
2090-06-21,0.011807121674399646
2090-06-22,0.01147691048872294
2090-06-23,0.011163311624920924
2090-06-24,0.010862013560042594
2090-06-25,0.010595650489573852
2090-06-26,0.01033487106983427
2090-06-27,0.010071990306807494
2090-06-28,0.009829922547218085
2090-06-29,0.009603319168347035
2090-06-30,0.00939342002699742
2090-07-01,0.018874093759380837
2090-07-02,0.018506420957622186
2090-07-03,0.018174749844536445
2090-07-04,0.017881122956452618
2090-07-05,0.017624054544527666
2090-07-06,0.01739800226844792
2090-07-07,0.017191966147986272
2090-07-08,0.01700805008653975
2090-07-09,0.016845705675039402
2090-07-10,0.016700040682670763
2090-07-11,0.016571872223959422
2090-07-12,0.016459548578905508
2090-07-13,0.01636214993374968
2090-07-14,0.01628170188247915
2090-07-15,0.016217223919561964
2090-07-16,0.016162967766658407
2090-07-17,0.016117287299560714
2090-07-18,0.016078004635498157
2090-07-19,0.016044858790233842
2090-07-20,0.016016983259905613
2090-07-21,0.01599380782690205
2090-07-22,0.01597409944095367
2090-07-23,0.015956949188047593
2090-07-24,0.015942689102120055
2090-07-25,0.01593145772171381
2090-07-26,0.015922476420762676
2090-07-27,0.015915162299217293
2090-07-28,0.015908941431560998
2090-07-29,0.015903211409958273
2090-07-30,0.015898066952259027
2090-07-31,0.015893392405317064
2090-08-01,0.017998981164584323
2090-08-02,0.01799395818768363
2090-08-03,0.017988963281734348
2090-08-04,0.017984110424512985
2090-08-05,0.01797957668968969
2090-08-06,0.017975252895651418
2090-08-07,0.01797094483938775
2090-08-08,0.01796663834895724
2090-08-09,0.017962332660663726
2090-08-10,0.027601420770287478
2090-08-11,0.017953724250445655
2090-08-12,0.02861839445730103
2090-08-13,0.017945120403182996
2090-08-14,0.017940819789110857
2090-08-15,0.017936520524320293
2090-08-16,0.017932222175708765
2090-08-17,0.03623387003519354
2090-08-18,0.01792362806556921
2090-08-19,0.017921654005079033
2090-08-20,0.018410026627222305
2090-08-21,0.020439997883637005
2090-08-22,0.01790645310361607
2090-08-23,0.01790216196270518
2090-08-24,0.017897871520140426
2090-08-25,0.017893582733104648
2090-08-26,0.017889294739236165
2090-08-27,0.017885007277135833
2090-08-28,0.01788072146415758
2090-08-29,0.01787671468979021
2090-08-30,0.017872152382999783
2090-08-31,0.01786786922629924
2090-09-01,0.01391197737694058
2090-09-02,0.0139086435618072
2090-09-03,0.013905310270580614
2090-09-04,0.013901978052114483
2090-09-05,0.013898646547159164
2090-09-06,0.013895315813593757
2090-09-07,0.013891985831459869
2090-09-08,0.013888656787367665
2090-09-09,0.01388532833803423
2090-09-10,0.013882000903582235
2090-09-11,0.013878674044928437
2090-09-12,0.013875348194170821
2090-09-13,0.01387202292919034
2090-09-14,0.013868698461545695
2090-09-15,0.013865375214353317
2090-09-16,0.013862052169738102
2090-09-17,0.013858730386490303
2090-09-18,0.013855409047315354
2090-09-19,0.013852088606265814
2090-09-20,0.013848769156147547
2090-09-21,0.013845450402575453
2090-09-22,0.013842132344551613
2090-09-23,0.013838815180661414
2090-09-24,0.04529943204055068
2090-09-25,0.013832182957487645
2090-09-26,0.2225447915604195
2090-09-27,0.01382555479783202
2090-09-28,0.019450571057207596
2090-09-29,0.013818933877066215
2090-09-30,0.013815625240376583
2090-10-01,0.013648264772921914
2090-10-02,12.642966948739826
2090-10-03,6.683526251114577
2090-10-04,0.021833784918011547
2090-10-05,0.022538559854962656
2090-10-06,0.02264716629896708
2090-10-07,0.022592921230114762
2090-10-08,0.02244116053611493
2090-10-09,0.02224304860951846
2090-10-10,0.022057356832988165
2090-10-11,0.3024382904103546
2090-10-12,0.034466068875150094
2090-10-13,0.021871152539608838
2090-10-14,0.021726691587905213
2090-10-15,0.021560717640890216
2090-10-16,0.021383900404800885
2090-10-17,0.02118122977414902
2090-10-18,0.020956721652130895
2090-10-19,0.020864141486536467
2090-10-20,0.02055161101749284
2090-10-21,0.020347525439601895
2090-10-22,0.020144661810503447
2090-10-23,0.01992281579621263
2090-10-24,0.01970153180314972
2090-10-25,0.019513536278371373
2090-10-26,0.019341092514133528
2090-10-27,0.019171023620998377
2090-10-28,0.018998877963759236
2090-10-29,0.018850115365137386
2090-10-30,0.018805978661678123
2090-10-31,0.018696604207586835
2090-11-01,0.014626677872668983
2090-11-02,0.014570314614919727
2090-11-03,0.01450946423027258
2090-11-04,0.01443707186605929
2090-11-05,0.019064814137095685
2090-11-06,0.014310554139579112
2090-11-07,0.01426867743301468
2090-11-08,0.014221586525548927
2090-11-09,0.05171800163221257
2090-11-10,0.016235855508197724
2090-11-11,0.014128755954422487
2090-11-12,0.014073419775836017
2090-11-13,0.014022436245588547
2090-11-14,0.013993915360713495
2090-11-15,1.5646311833283764
2090-11-16,1.892514951284553
2090-11-17,0.8389829077742823
2090-11-18,0.028282525262931027
2090-11-19,0.022488704555111108
2090-11-20,0.02161301255646111
2090-11-21,0.033697544102197864
2090-11-22,0.05691249478485585
2090-11-23,0.10759786866448645
2090-11-24,0.3012142376495549
2090-11-25,0.03483619778292259
2090-11-26,0.03666611932681225
2090-11-27,0.03604914061594649
2090-11-28,0.04871983922213129
2090-11-29,0.10498304536294552
2090-11-30,0.031553633907831134
2090-12-01,0.18830969503041486
2090-12-02,2.264334367536153
2090-12-03,1.6721260458044083
2090-12-04,0.13020860740000956
2090-12-05,0.3532338066480794
2090-12-06,0.26349677603175775
2090-12-07,0.03345666974413264
2090-12-08,0.029142734462206128
2090-12-09,0.03429115890780664
2090-12-10,0.033677020659668926
2090-12-11,0.03750635306551968
2090-12-12,0.04011141926131436
2090-12-13,0.03857332299159612
2090-12-14,0.03492522602376028
2090-12-15,0.3819722988349077
2090-12-16,1.5639815860304345
2090-12-17,3.2201637333033775
2090-12-18,2.934771937830948
2090-12-19,2.498850339453884
2090-12-20,1.5881371979714325
2090-12-21,1.4355982468736581
2090-12-22,2.6126537497434694
2090-12-23,2.046129921421569
2090-12-24,1.77655990165181
2090-12-25,1.788894185364602
2090-12-26,3.5615200542151015
2090-12-27,13.011164214644479
2090-12-28,12.482370560707144
2090-12-29,8.007343751677173
2090-12-30,4.133643342156038
2090-12-31,3.7715983642999293
2091-01-01,2.6907359112236477
2091-01-02,1.959821682292028
2091-01-03,1.9653502040128135
2091-01-04,2.0141467411993172
2091-01-05,2.055524509492563
2091-01-06,2.0064922856105762
2091-01-07,1.9318570025076893
2091-01-08,1.7970990684024875
2091-01-09,1.6726947071070557
2091-01-10,1.723974426692398
2091-01-11,1.6023602271968325
2091-01-12,1.4745842402767548
2091-01-13,1.4732128382523062
2091-01-14,1.4949512186636076
2091-01-15,1.3393053835784268
2091-01-16,2.459456433862497
2091-01-17,4.665828655774127
2091-01-18,7.890166185757655
2091-01-19,7.360009662497501
2091-01-20,9.860916391928697
2091-01-21,2.5630350921000202
2091-01-22,2.082741786915094
2091-01-23,2.1164091536548626
2091-01-24,2.20068926248835
2091-01-25,2.1222910987399035
2091-01-26,2.4427802438824235
2091-01-27,4.252699702024637
2091-01-28,8.848786390000647
2091-01-29,21.829211296484402
2091-01-30,15.138546324169882
2091-01-31,21.082207329227895
2091-02-01,6.243682715592477
2091-02-02,4.333146980085591
2091-02-03,2.8140806132911957
2091-02-04,2.4459736874716946
2091-02-05,2.1046572721915258
2091-02-06,1.9299473894767853
2091-02-07,2.3797601274343223
2091-02-08,2.4334884191019515
2091-02-09,1.9658565029475101
2091-02-10,2.019034254420415
2091-02-11,2.006826095836567
2091-02-12,2.0538813490835848
2091-02-13,3.261161688360673
2091-02-14,2.2926192219359454
2091-02-15,1.821431362942138
2091-02-16,1.757909472732729
2091-02-17,2.0795696475435532
2091-02-18,3.115565795801803
2091-02-19,2.1986583977690497
2091-02-20,1.8361319271832828
2091-02-21,2.5131361660250544
2091-02-22,2.69037392812107
2091-02-23,1.63552216144248
2091-02-24,1.6864478469844704
2091-02-25,1.7417926514779083
2091-02-26,1.739127100041461
2091-02-27,1.7386208817810713
2091-02-28,1.654028172122979
2091-03-01,1.7088845942846622
2091-03-02,1.5434182625436836
2091-03-03,1.286935010030209
2091-03-04,1.0933850463976225
2091-03-05,1.04843750720866
2091-03-06,0.8416795862648714
2091-03-07,0.8826301040926032
2091-03-08,0.7459836989268022
2091-03-09,0.7059439261480311
2091-03-10,0.6639168154031775
2091-03-11,0.7803123519290377
2091-03-12,2.0858569287376842
2091-03-13,2.3398484843997625
2091-03-14,2.2546062926582744
2091-03-15,2.226808271822492
2091-03-16,1.8408406804170714
2091-03-17,1.843896334226409
2091-03-18,1.6872402088848961
2091-03-19,1.5799567262434444
2091-03-20,1.5121590916539944
2091-03-21,1.3624117603083246
2091-03-22,1.294353957163444
2091-03-23,1.191616933568472
2091-03-24,1.0757449248558884
2091-03-25,0.9514842831664273
2091-03-26,0.8285495422404946
2091-03-27,1.040507248237828
2091-03-28,0.8983138942607616
2091-03-29,0.6872554155538622
2091-03-30,0.6754450966610254
2091-03-31,0.6517825905291065
2091-04-01,0.5655885486994554
2091-04-02,0.6976219481897282
2091-04-03,0.7959516308290832
2091-04-04,0.5634824582388792
2091-04-05,0.5963399809406548
2091-04-06,0.5649612161335561
2091-04-07,0.5581805051814034
2091-04-08,0.521544254277577
2091-04-09,1.0156547513972622
2091-04-10,2.7474130241354797
2091-04-11,6.571599940365875
2091-04-12,6.964046864704336
2091-04-13,3.2261829422493404
2091-04-14,2.126309860726462
2091-04-15,2.1164791275944643
2091-04-16,2.1535062427533656
2091-04-17,2.4141210874034686
2091-04-18,2.1646255172252027
2091-04-19,1.9138144984882905
2091-04-20,1.7864928380976481
2091-04-21,1.661712807955346
2091-04-22,1.5208952649831333
2091-04-23,1.3885985180886222
2091-04-24,1.254541091778913
2091-04-25,1.1493588511528445
2091-04-26,1.028118903519914
2091-04-27,0.8543839556021691
2091-04-28,0.7348998586263707
2091-04-29,0.6578557737945759
2091-04-30,0.5651638133337141
2091-05-01,0.5462736744586473
2091-05-02,0.467012144691551
2091-05-03,0.3951440061877005
2091-05-04,0.32466124453646905
2091-05-05,0.2718930607431423
2091-05-06,0.2506986788548784
2091-05-07,0.19914176616086937
2091-05-08,0.1601568507200809
2091-05-09,0.14473851151441047
2091-05-10,0.10994895591224083
2091-05-11,0.09325208120844125
2091-05-12,0.08049885169364522
2091-05-13,0.12480386326672434
2091-05-14,0.06787523384197076
2091-05-15,0.07283841258140072
2091-05-16,0.06126600144214031
2091-05-17,0.04923899679312168
2091-05-18,0.04291718815267909
2091-05-19,0.03768806558392278
2091-05-20,0.04654008247560405
2091-05-21,0.2174364380941367
2091-05-22,0.07261347924001746
2091-05-23,0.03445990225528389
2091-05-24,0.031082815840471838
2091-05-25,0.028889443888789657
2091-05-26,0.026881466729076313
2091-05-27,0.025030403150109033
2091-05-28,0.023612996083728875
2091-05-29,0.022625035466867886
2091-05-30,0.022030445586397596
2091-05-31,0.02130597101039072
2091-06-01,0.021815672324721293
2091-06-02,0.02317299614876281
2091-06-03,0.021149811313035092
2091-06-04,0.021236839987077476
2091-06-05,0.020541922639664315
2091-06-06,0.02015105227492225
2091-06-07,0.01978420001447448
2091-06-08,0.019471124428821047
2091-06-09,0.01915219267303502
2091-06-10,0.018826993574240055
2091-06-11,0.01849189186182819
2091-06-12,0.01812537780309798
2091-06-13,0.017735603344619072
2091-06-14,0.01733691502979591
2091-06-15,0.016928626830477293
2091-06-16,0.016523152675422308
2091-06-17,0.01611526905604469
2091-06-18,0.015703775613600222
2091-06-19,0.015290133094705336
2091-06-20,0.014880871453621105
2091-06-21,0.014626511082788113
2091-06-22,0.014199119497286899
2091-06-23,0.01389892117444085
2091-06-24,0.013730583239944964
2091-06-25,0.013407357639054877
2091-06-26,0.01316243570299488
2091-06-27,0.01287358908198097
2091-06-28,0.012563889195183524
2091-06-29,0.012271938468308955
2091-06-30,0.011990977418530196
2091-07-01,0.02401905488746899
2091-07-02,0.023416378636819796
2091-07-03,0.02279453910859967
2091-07-04,0.02218601748974167
2091-07-05,0.02160135394182426
2091-07-06,0.02105657795433194
2091-07-07,0.020541731407194848
2091-07-08,0.02008043293888855
2091-07-09,0.019671320447542943
2091-07-10,0.01928811596457148
2091-07-11,0.01893557134299704
2091-07-12,0.018608066153670673
2091-07-13,0.018299848417134248
2091-07-14,0.018007913028149077
2091-07-15,0.01774072549865736
2091-07-16,0.017500078654909143
2091-07-17,0.0172867015537812
2091-07-18,0.01709684886985281
2091-07-19,0.016925032676708984
2091-07-20,0.016770437066759677
2091-07-21,0.01663417588984629
2091-07-22,0.01651475552772548
2091-07-23,0.016408053655625723
2091-07-24,0.016314342252546788
2091-07-25,0.016238054205735267
2091-07-26,0.016177828304666044
2091-07-27,0.016127649948873685
2091-07-28,0.016086317301000318
2091-07-29,0.01605199065208445
2091-07-30,0.016022987225313323
2091-07-31,0.015998249640041397
2091-08-01,0.018099282763614125
2091-08-02,0.018080227010742023
2091-08-03,0.023607973830173816
2091-08-04,0.027269389723937155
2091-08-05,0.027466952938010065
2091-08-06,0.018036553917433047
2091-08-07,0.01802908480959127
2091-08-08,0.0180214498977207
2091-08-09,0.01801440143258328
2091-08-10,0.018008173700975405
2091-08-11,0.01800269295370275
2091-08-12,0.01799760299836084
2091-08-13,0.017992650979833467
2091-08-14,0.01798770131902515
2091-08-15,0.01798302470899029
2091-08-16,0.017978628846913345
2091-08-17,0.017974270517416475
2091-08-18,0.017969956764186328
2091-08-19,0.017965650340386635
2091-08-20,0.017961344936557173
2091-08-21,0.017957040770529707
2091-08-22,0.017952737279784164
2091-08-23,0.017948435025559654
2091-08-24,0.017944133878438042
2091-08-25,0.017939833532171767
2091-08-26,0.01793553429813434
2091-08-27,0.01793123612507016
2091-08-28,0.017926939030918635
2091-08-29,0.017922642765812874
2091-08-30,0.017918347574494856
2091-08-31,0.017914053627385577
2091-09-01,0.013947936899531015
2091-09-02,0.013944594099153254
2091-09-03,0.013941252436400844
2091-09-04,0.016631608766666344
2091-09-05,0.01393457137616759
2091-09-06,0.04201416758073332
2091-09-07,0.013927893313677034
2091-09-08,0.05216080676975831
2091-09-09,0.014816952524515219
2091-09-10,0.02560609218581819
2091-09-11,0.01391454781152235
2091-09-12,0.045467546001471876
2091-09-13,0.016518268966444098
2091-09-14,0.013904551178078544
2091-09-15,0.013901222162926283
2091-09-16,0.013897893718582275
2091-09-17,0.013894565602552821
2091-09-18,0.013891238207019792
2091-09-19,0.013887910724667983
2091-09-20,0.013884584183351712
2091-09-21,0.013881257769768856
2091-09-22,0.013877932356098643
2091-09-23,0.013874607262760056
2091-09-24,0.013871283131413325
2091-09-25,0.013867959452123062
2091-09-26,0.013864636589128848
2091-09-27,0.039591362111944375
2091-09-28,0.013857993150366326
2091-09-29,0.013854672563620812
2091-09-30,0.013851352779200379
2091-10-01,0.013683556671698854
2091-10-02,0.01368027785955473
2091-10-03,0.013676999716947974
2091-10-04,0.04041167244662197
2091-10-05,0.29270330762240626
2091-10-06,0.31464934840099523
2091-10-07,0.21457771711587764
2091-10-08,0.013662624713867885
2091-10-09,0.013662342936095933
2091-10-10,0.013662313345288427
2091-10-11,0.01366217309044198
2091-10-12,0.01366185798270622
2091-10-13,0.0136612807129781
2091-10-14,0.013660353982015403
2091-10-15,0.01365907668345438
2091-10-16,0.013657456415906757
2091-10-17,0.01365553611459023
2091-10-18,0.013763933651970291
2091-10-19,0.02185815223458988
2091-10-20,0.01423430444949912
2091-10-21,0.013646923722336904
2091-10-22,0.01364469512797584
2091-10-23,0.013642371504613584
2091-10-24,0.013639912443329474
2091-10-25,0.013637343081864213
2091-10-26,0.013634695143882488
2091-10-27,0.013631981817995858
2091-10-28,0.013629205526965546
2091-10-29,0.013626350896074163
2091-10-30,0.013623424328824187
2091-10-31,0.013620449059851773
2091-11-01,0.010688794317641349
2091-11-02,0.010686427027973799
2091-11-03,0.010684046912432747
2091-11-04,0.010681645871159193
2091-11-05,0.010679231651070384
2091-11-06,0.010676829444934236
2091-11-07,0.010674426803812618
2091-11-08,0.010672014416544461
2091-11-09,0.010669592031581002
2091-11-10,0.010667159946136427
2091-11-11,0.018769532526472985
2091-11-12,0.01066226883092879
2091-11-13,0.02474513770580341
2091-11-14,0.012020562763321278
2091-11-15,0.01065494814343874
2091-11-16,0.010652492139222671
2091-11-17,0.010650029658215156
2091-11-18,0.010647561613730545
2091-11-19,0.010645088101744464
2091-11-20,0.025008068663366984
2091-11-21,0.4200835082997995
2091-11-22,0.36668244790832233
2091-11-23,0.4044932704154109
2091-11-24,0.010727543795927098
2091-11-25,0.010843461380370699
2091-11-26,0.45757340768010935
2091-11-27,0.43313621135124036
2091-11-28,0.8640472386472389
2091-11-29,0.16969324218111967
2091-11-30,0.03275438824624641
2091-12-01,0.02059098098664422
2091-12-02,0.0144158933616336
2091-12-03,0.014417974406836427
2091-12-04,0.5730800549992662
2091-12-05,0.5045391612005297
2091-12-06,0.6392524699159436
2091-12-07,1.3454018590574939
2091-12-08,0.6975233338279015
2091-12-09,0.06950827865739899
2091-12-10,0.27781035043641206
2091-12-11,0.03694680112922442
2091-12-12,0.021268782629681272
2091-12-13,0.026146910903370225
2091-12-14,0.06652209552195996
2091-12-15,0.10804780501995054
2091-12-16,0.19087723885766802
2091-12-17,0.22397239162090138
2091-12-18,0.18764772891161471
2091-12-19,0.1479224378582453
2091-12-20,0.04918354016447949
2091-12-21,0.03193912680924744
2091-12-22,0.05663075838222816
2091-12-23,0.07036669187472859
2091-12-24,0.06471033365535393
2091-12-25,0.06985980726975363
2091-12-26,0.06915811188064039
2091-12-27,0.08149937155713713
2091-12-28,0.04136524229653266
2091-12-29,0.05466103033710765
2091-12-30,1.8582860728701907
2091-12-31,0.6460423659965532
2092-01-01,0.28327368647927553
2092-01-02,1.7129172876558454
2092-01-03,5.838544169096434
2092-01-04,0.6756372863896969
2092-01-05,0.06243128493455833
2092-01-06,0.06922951066500768
2092-01-07,0.09373161199873162
2092-01-08,0.44813187793482717
2092-01-09,0.12428579561778894
2092-01-10,0.14211317506109847
2092-01-11,0.16281459354110056
2092-01-12,0.1799868579735165
2092-01-13,0.19909465648959893
2092-01-14,0.22677698495734389
2092-01-15,0.23284492178934296
2092-01-16,0.21605178746487314
2092-01-17,0.3660797838744879
2092-01-18,0.46172945369274454
2092-01-19,0.4897389716443457
2092-01-20,0.3555941495072774
2092-01-21,2.3427718591353526
2092-01-22,1.8289466014511637
2092-01-23,1.2071291954691254
2092-01-24,1.225104602977457
2092-01-25,1.1868856656074729
2092-01-26,1.11220999261793
2092-01-27,1.0372135845116737
2092-01-28,0.9654322298017192
2092-01-29,0.9048043130643159
2092-01-30,1.09870669700333
2092-01-31,0.9890612904504672
2092-02-01,0.8169871220787215
2092-02-02,1.0530884485595953
2092-02-03,1.092806090479783
2092-02-04,1.0026555531805583
2092-02-05,0.9877002909117926
2092-02-06,1.0913012877642796
2092-02-07,1.2864780299051424
2092-02-08,1.1519277780988886
2092-02-09,1.1272556939252831
2092-02-10,1.1301407544160051
2092-02-11,2.6472464796568667
2092-02-12,2.232504948516025
2092-02-13,4.980179043772932
2092-02-14,9.211772222059537
2092-02-15,6.026186109041704
2092-02-16,2.017350989287972
2092-02-17,2.2604950794506258
2092-02-18,2.8844155910347724
2092-02-19,3.8885237541344653
2092-02-20,3.998700896412778
2092-02-21,2.726749775797799
2092-02-22,1.992330813754728
2092-02-23,1.986042677083733
2092-02-24,2.0787166193013706
2092-02-25,2.100360265058273
2092-02-26,1.8999816583288922
2092-02-27,2.4460971657604937
2092-02-28,2.094150116599286
2092-02-29,2.4362590507232427
2092-03-01,3.89867260386503
2092-03-02,7.1402766341472175
2092-03-03,3.1590292065846772
2092-03-04,2.388252395979231
2092-03-05,2.3141230172205813
2092-03-06,2.3488351009846764
2092-03-07,2.906848325004973
2092-03-08,2.5670577682685782
2092-03-09,2.220628178309438
2092-03-10,2.242253024533858
2092-03-11,2.2783014771274512
2092-03-12,2.1627178161866585
2092-03-13,2.0185935004034237
2092-03-14,1.8843983032333078
2092-03-15,1.7622425813689901
2092-03-16,1.6413749130283488
2092-03-17,1.5076592365027681
2092-03-18,1.4105937770700507
2092-03-19,1.2855218384927174
2092-03-20,1.12207710946104
2092-03-21,1.0289391962559322
2092-03-22,0.9776902786662673
2092-03-23,0.8906084143872337
2092-03-24,0.7506658115666139
2092-03-25,0.6988164495183536
2092-03-26,0.6619923217443514
2092-03-27,0.6165008929000746
2092-03-28,0.5423148705062235
2092-03-29,0.4914458741799864
2092-03-30,0.39220812307496533
2092-03-31,0.33782755735170666
2092-04-01,0.2691438331281993
2092-04-02,0.2305962741954479
2092-04-03,0.19811412234120498
2092-04-04,0.16495558384699355
2092-04-05,0.13966747706661295
2092-04-06,0.12268686777591227
2092-04-07,0.10550980062662457
2092-04-08,0.09064892198423521
2092-04-09,0.13772539962871574
2092-04-10,0.0756542734014702
2092-04-11,0.0661098386316869
2092-04-12,0.05801691143865817
2092-04-13,0.05578164862871907
2092-04-14,0.048033183161632576
2092-04-15,0.043267078999040025
2092-04-16,0.03861866759799609
2092-04-17,0.03461125889007969
2092-04-18,0.03143423887919983
2092-04-19,0.028948343998841053
2092-04-20,0.027115883606687586
2092-04-21,0.2501781410990457
2092-04-22,0.20550805652709678
2092-04-23,0.3650989060848873
2092-04-24,0.632850267049473
2092-04-25,0.1435516231663342
2092-04-26,0.2106147749422119
2092-04-27,0.38105378628098235
2092-04-28,0.15023062179275992
2092-04-29,0.22482180651766032
2092-04-30,0.17593019976008134
2092-05-01,0.17936532714502515
2092-05-02,0.17926074352418228
2092-05-03,0.17314734490716502
2092-05-04,0.182714857125711
2092-05-05,0.2493344665513561
2092-05-06,0.159298781622516
2092-05-07,0.14488570153859012
2092-05-08,0.13049108447325147
2092-05-09,0.11412632678140713
2092-05-10,0.09937163993845105
2092-05-11,0.08617371754719763
2092-05-12,0.07478355790577658
2092-05-13,0.06491624672240172
2092-05-14,0.05689039708410293
2092-05-15,0.050118534602171715
2092-05-16,0.0440509874117646
2092-05-17,0.04518891298396633
2092-05-18,0.03957011410613493
2092-05-19,0.03395868982502544
2092-05-20,0.02996159670794575
2092-05-21,0.02639393167180493
2092-05-22,0.023829941409992204
2092-05-23,0.02264069214438068
2092-05-24,0.021012084326900562
2092-05-25,0.02008328274066188
2092-05-26,0.01942850597625766
2092-05-27,0.01887061837178287
2092-05-28,0.01869434414620753
2092-05-29,0.018051190877238107
2092-05-30,0.017724023892523613
2092-05-31,0.017501066694258105
2092-06-01,0.03347170341479738
2092-06-02,0.025254937458648177
2092-06-03,0.04008008933198237
2092-06-04,0.017546610066959577
2092-06-05,0.017293710575087596
2092-06-06,0.017017520522274954
2092-06-07,0.016713089459743338
2092-06-08,0.016363245042165946
2092-06-09,0.01597038874028836
2092-06-10,0.015584590416454389
2092-06-11,0.015242136193381337
2092-06-12,0.014979357061703858
2092-06-13,0.020949202170559154
2092-06-14,0.03255625955049374
2092-06-15,0.021608476500946522
2092-06-16,0.013985527032645552
2092-06-17,0.013622264123857461
2092-06-18,0.013241912816627541
2092-06-19,0.012879917374904553
2092-06-20,0.013581099215520453
2092-06-21,0.0122826159889812
2092-06-22,0.016429668660446487
2092-06-23,0.01176825691867369
2092-06-24,0.011526736670517717
2092-06-25,0.01126190623370671
2092-06-26,0.010994910516028945
2092-06-27,0.010741118034292991
2092-06-28,0.010495118691452102
2092-06-29,0.010250803548102788
2092-06-30,0.010018546394393493
2092-07-01,0.03622756535507737
2092-07-02,0.019806866963706357
2092-07-03,0.01949082878432883
2092-07-04,0.019145601209449616
2092-07-05,0.018803336714249903
2092-07-06,0.018485714390815356
2092-07-07,0.018193182348146805
2092-07-08,0.017928297744236554
2092-07-09,0.0176852145333187
2092-07-10,0.017462368486336376
2092-07-11,0.01726247069136291
2092-07-12,0.01709007430161485
2092-07-13,0.016938483436068626
2092-07-14,0.016799090424563463
2092-07-15,0.01667347992356636
2092-07-16,0.016562600593386365
2092-07-17,0.016961370248615673
2092-07-18,0.017528636402386184
2092-07-19,0.016329978094437883
2092-07-20,0.01626143690586453
2092-07-21,0.016200613369275117
2092-07-22,0.01614625586772852
2092-07-23,0.0169498633260918
2092-07-24,0.016067279094518504
2092-07-25,0.01603750590422937
2092-07-26,0.09085849401904647
2092-07-27,0.03206041690483924
2092-07-28,0.03152520490569091
2092-07-29,0.015964859510817005
2092-07-30,0.022841739258995
2092-07-31,0.01593653800483414
2092-08-01,0.018040144645367136
2092-08-02,0.018027903901162178
2092-08-03,0.018017260461633655
2092-08-04,0.018008069938273242
2092-08-05,0.017999939572248297
2092-08-06,0.0179932121015883
2092-08-07,0.01798754296487593
2092-08-08,0.017982042652379175
2092-08-09,0.017976680316419705
2092-08-10,0.017971539852072647
2092-08-11,0.017966668702027018
2092-08-12,0.017962034861528267
2092-08-13,0.01795766118379318
2092-08-14,0.017953357591819586
2092-08-15,0.0179490552466176
2092-08-16,0.017944753679206824
2092-08-17,0.017940453359849656
2092-08-18,0.017936154256511575
2092-08-19,0.017931855964280024
2092-08-20,0.01792755854081689
2092-08-21,0.01792326204762748
2092-08-22,0.017918967085674163
2092-08-23,0.01791467288997973
2092-08-24,0.017910379661718618
2092-08-25,0.017906087234313275
2092-08-26,0.01790179611646712
2092-08-27,0.017897506256925245
2092-08-28,0.017893217280246572
2092-08-29,0.02301232577335874
2092-08-30,0.026270215366444794
2092-08-31,0.017880356047177783
2092-09-01,0.013921699916516428
2092-09-02,0.013918363606590566
2092-09-03,0.013915027992213218
2092-09-04,0.013911693386729705
2092-09-05,0.013928468530992423
2092-09-06,0.013905026389142842
2092-09-07,0.013901694001030829
2092-09-08,0.013898362537988238
2092-09-09,0.013895032115772662
2092-09-10,0.01389170210669502
2092-09-11,0.013888372822104877
2092-09-12,0.016093749725224447
2092-09-13,0.016296055548476258
2092-09-14,0.058170101477309166
2092-09-15,0.014683934809153126
2092-09-16,0.013871739408998487
2092-09-17,0.013868415172870675
2092-09-18,0.013865091869795041
2092-09-19,0.013861769111582083
2092-09-20,0.013858446944135952
2092-09-21,0.013855125964211163
2092-09-22,0.07334460358172468
2092-09-23,0.013848486256660034
2092-09-24,0.013845167491113157
2092-09-25,0.013841849501945367
2092-09-26,0.013838532413896829
2092-09-27,0.013835216020398455
2092-09-28,0.013831900491096203
2092-09-29,0.024397036989271113
2092-09-30,0.013825271853438454
2092-10-01,0.013657791341565362
2092-10-02,0.019347607572978872
2092-10-03,0.013651245944475697
2092-10-04,0.013647974525842668
2092-10-05,0.01364470369786198
2092-10-06,0.013641433994980714
2092-10-07,0.02982789629798705
2092-10-08,0.013988671773517009
2092-10-09,0.013631628963713706
2092-10-10,0.01362903542394863
2092-10-11,0.013625096418987868
2092-10-12,0.01362183130919497
2092-10-13,0.013618566969518102
2092-10-14,0.01361530314456725
2092-10-15,0.16882009428129438
2092-10-16,0.01360877867472295
2092-10-17,0.5635226895992879
2092-10-18,0.9901583004520396
2092-10-19,0.6399573439709513
2092-10-20,0.07818033894254035
2092-10-21,0.031569991955240136
2092-10-22,0.023686026141603082
2092-10-23,0.0150541685444143
2092-10-24,0.017804081078426594
2092-10-25,0.01755221914550016
2092-10-26,0.015265497021931555
2092-10-27,0.015277192013312351
2092-10-28,0.015275030205095397
2092-10-29,0.015255495650445322
2092-10-30,0.015222251246421865
2092-10-31,0.015188398144824415
2092-11-01,0.011906403380038108
2092-11-02,0.02549668681641569
2092-11-03,0.011911038177468357
2092-11-04,0.011907923664381754
2092-11-05,0.011894885657479497
2092-11-06,0.011874797411693703
2092-11-07,0.011851893540331516
2092-11-08,0.011823563644948486
2092-11-09,0.011791067615478663
2092-11-10,0.011756437905875213
2092-11-11,0.011726103409527774
2092-11-12,0.011704586535128566
2092-11-13,0.011680985469845088
2092-11-14,0.011655439916703408
2092-11-15,0.01163614056313876
2092-11-16,0.011623162584977252
2092-11-17,0.011612245151374587
2092-11-18,0.011604573931549162
2092-11-19,0.15661668544476248
2092-11-20,0.022617346563875693
2092-11-21,0.019134701501653067
2092-11-22,0.013666081956592952
2092-11-23,0.011605105023792191
2092-11-24,0.011596644209731968
2092-11-25,0.6182675961866057
2092-11-26,1.0660223511411524
2092-11-27,1.8270985793903047
2092-11-28,1.0676568172101726
2092-11-29,0.3327130973983435
2092-11-30,1.3955249217679344
2092-12-01,1.2193382702948543
2092-12-02,0.6080003623850406
2092-12-03,0.575481214192492
2092-12-04,0.13141712018935414
2092-12-05,0.021869499965698858
2092-12-06,0.0221804223964177
2092-12-07,0.022391718156569176
2092-12-08,0.02255154589744814
2092-12-09,0.02267782018153033
2092-12-10,0.022779112204294218
2092-12-11,0.02285845495326815
2092-12-12,0.023405030178681948
2092-12-13,0.07605535451305583
2092-12-14,0.5466698028656894
2092-12-15,0.38183379713747423
2092-12-16,0.19722022200179773
2092-12-17,0.04604886064277827
2092-12-18,0.030738120215028805
2092-12-19,0.08166933202060449
2092-12-20,0.15588544006637942
2092-12-21,0.06072250041339964
2092-12-22,0.06802537478941939
2092-12-23,0.13595223596746436
2092-12-24,0.16006670792979438
2092-12-25,0.27797591142492534
2092-12-26,0.43523058611090937
2092-12-27,0.5881740598302967
2092-12-28,0.5368236604916096
2092-12-29,0.0799908136166068
2092-12-30,0.255028403165339
2092-12-31,0.1919395372356464
2093-01-01,0.08106860969757025
2093-01-02,0.28184605129949275
2093-01-03,0.6363369096436902
2093-01-04,0.18418842262051055
2093-01-05,0.23534470339077831
2093-01-06,0.2651110982901156
2093-01-07,0.2616315451057126
2093-01-08,0.2717081455570001
2093-01-09,0.2938097907968691
2093-01-10,0.31720742585751605
2093-01-11,0.6061727605519738
2093-01-12,0.6566497363914132
2093-01-13,0.4600687051908478
2093-01-14,0.7436101830942876
2093-01-15,1.0705468090311359
2093-01-16,0.9593978358906892
2093-01-17,1.2651251167474158
2093-01-18,1.3673422713521781
2093-01-19,1.1407730143470654
2093-01-20,1.121886283993183
2093-01-21,1.0786024260291516
2093-01-22,1.005189498045098
2093-01-23,0.9240850542082981
2093-01-24,0.8729132852373638
2093-01-25,0.7981710646032691
2093-01-26,0.7392273490317022
2093-01-27,0.694278028486207
2093-01-28,0.6515707719635202
2093-01-29,0.6036118684421345
2093-01-30,0.5577127532412195
2093-01-31,0.518199079692984
2093-02-01,0.4295536851708982
2093-02-02,0.4098923556392281
2093-02-03,0.39701384150054486
2093-02-04,0.5734506050354687
2093-02-05,1.0597615681396753
2093-02-06,1.3865082831454754
2093-02-07,0.7469221626669168
2093-02-08,0.8529115142628474
2093-02-09,2.3549546073420315
2093-02-10,1.7582604961929031
2093-02-11,1.3385562531495554
2093-02-12,1.3202379652092164
2093-02-13,1.2955991874832054
2093-02-14,1.1994674090182214
2093-02-15,1.1222899685342698
2093-02-16,1.0456455698236569
2093-02-17,1.174898671104485
2093-02-18,0.9537303038822642
2093-02-19,0.907441903821557
2093-02-20,0.8762252979264624
2093-02-21,0.8435107312738682
2093-02-22,0.7899984981780782
2093-02-23,0.780648991679818
2093-02-24,0.7030674773392686
2093-02-25,0.8784213573588394
2093-02-26,0.8806694576074532
2093-02-27,0.7509720915942042
2093-02-28,0.7417042072301844
2093-03-01,0.8931464074704124
2093-03-02,0.9070526851313645
2093-03-03,0.9775770489195494
2093-03-04,0.9341390572999546
2093-03-05,0.917089556598648
2093-03-06,0.8050269473956133
2093-03-07,0.7979441968865746
2093-03-08,0.7386285469552212
2093-03-09,0.7170274748980776
2093-03-10,0.716330842322613
2093-03-11,0.7393892297944569
2093-03-12,0.7563026404799928
2093-03-13,0.7152760984725375
2093-03-14,0.6438422367921333
2093-03-15,0.6543651341217189
2093-03-16,0.6081837910543815
2093-03-17,0.5582935941383128
2093-03-18,0.5617944942997991
2093-03-19,0.5512076434878906
2093-03-20,0.5522850358108966
2093-03-21,0.5913159281890699
2093-03-22,0.6878438171627705
2093-03-23,0.7455057673081579
2093-03-24,0.7894281670268213
2093-03-25,0.6809660981217891
2093-03-26,0.8243817170145895
2093-03-27,0.7320450386841488
2093-03-28,0.6611874118601812
2093-03-29,0.6491900334241737
2093-03-30,0.8202100005063665
2093-03-31,1.0214013892924168
2093-04-01,1.040847820030135
2093-04-02,1.2595506174734632
2093-04-03,1.0236952487659077
2093-04-04,0.6841039189384209
2093-04-05,0.737466539099407
2093-04-06,0.8785779598355388
2093-04-07,0.5939207949738905
2093-04-08,0.539784146431292
2093-04-09,0.6993806773310862
2093-04-10,0.878815270138248
2093-04-11,0.5642753671331024
2093-04-12,0.48395310900818955
2093-04-13,0.5328175668871629
2093-04-14,0.4886367714049568
2093-04-15,0.4972600344986376
2093-04-16,0.6303776085654267
2093-04-17,0.5800459798701469
2093-04-18,0.4489636137059126
2093-04-19,0.4195739541468776
2093-04-20,0.434916265405858
2093-04-21,0.4586759015881225
2093-04-22,0.45555918261214384
2093-04-23,0.43463424212737367
2093-04-24,0.4274850306905211
2093-04-25,0.4655988461110873
2093-04-26,0.4688672155806533
2093-04-27,0.4179249553812984
2093-04-28,0.4373125026653235
2093-04-29,0.38711083589654804
2093-04-30,0.3785133509904001
2093-05-01,0.39906413682168473
2093-05-02,0.3988822334807448
2093-05-03,0.40013983695955224
2093-05-04,0.37052935396023307
2093-05-05,0.36563095803007184
2093-05-06,0.3711368907053297
2093-05-07,0.4128579254645427
2093-05-08,0.45058428569327763
2093-05-09,0.48429292015536884
2093-05-10,0.44465380606477556
2093-05-11,0.47191374511918677
2093-05-12,0.5405184612032649
2093-05-13,0.45202832823479094
2093-05-14,0.45205969269433277
2093-05-15,0.43193219491563584
2093-05-16,0.3041542868691908
2093-05-17,0.3195163529235663
2093-05-18,0.3412275623414059
2093-05-19,0.33698159607013056
2093-05-20,0.32721519085763906
2093-05-21,0.28758605896130945
2093-05-22,0.27487842218702213
2093-05-23,0.2659471625277797
2093-05-24,0.25026268602702667
2093-05-25,0.23579171839521904
2093-05-26,0.21339269610315723
2093-05-27,0.1986459767040744
2093-05-28,0.11274249381566633
2093-05-29,0.09374929691700067
2093-05-30,0.07308025237413723
2093-05-31,0.06780030859694071
2093-06-01,0.06558032455380106
2093-06-02,0.05863700714612772
2093-06-03,0.051909406945899406
2093-06-04,0.04546714161601763
2093-06-05,0.03967201292824008
2093-06-06,0.03464738227543277
2093-06-07,0.030365170804539966
2093-06-08,0.02712086982975067
2093-06-09,0.031226095988807816
2093-06-10,0.02248134891728573
2093-06-11,0.04441671210893573
2093-06-12,0.019583146807232662
2093-06-13,0.04513547694499693
2093-06-14,0.017466831064590023
2093-06-15,0.04984379835477333
2093-06-16,0.01610284827517652
2093-06-17,0.03516120433139069
2093-06-18,0.014671155817117702
2093-06-19,0.013785786815487753
2093-06-20,0.013052014542196904
2093-06-21,0.01246929837211031
2093-06-22,0.012036878718089616
2093-06-23,0.011757637471640055
2093-06-24,0.011488002500797201
2093-06-25,0.011173536122243357
2093-06-26,0.010915495632738807
2093-06-27,0.010702057853940537
2093-06-28,0.0105016959073999
2093-06-29,0.01030919336934532
2093-06-30,0.010131509378376865
2093-07-01,0.020461921854183763
2093-07-02,0.020180371411710748
2093-07-03,0.019916812888246746
2093-07-04,0.0196678393357879
2093-07-05,0.019423958375607266
2093-07-06,0.019184359898382394
2093-07-07,0.01895797666522017
2093-07-08,0.018730576416446352
2093-07-09,0.018510643120953282
2093-07-10,0.0183120562626099
2093-07-11,0.01812947594614246
2093-07-12,0.01794918196922596
2093-07-13,0.01776992550659424
2093-07-14,0.01760040665907624
2093-07-15,0.01744455965276042
2093-07-16,0.01729957191971714
2093-07-17,0.01717053014536748
2093-07-18,0.018301476104752926
2093-07-19,0.01709219584753531
2093-07-20,0.01691082782476232
2093-07-21,0.01680969578214649
2093-07-22,0.016716411329935798
2093-07-23,0.016629468829171774
2093-07-24,0.01654745775577989
2093-07-25,0.01647052211514341
2093-07-26,0.016400024244411726
2093-07-27,0.016336685253012136
2093-07-28,0.01628053230321412
2093-07-29,0.016230402904659668
2093-07-30,0.016185803024850426
2093-07-31,0.01614704421149188
2093-08-01,0.01825250688641108
2093-08-02,0.018216632363989366
2093-08-03,0.018182991971282345
2093-08-04,0.01815242862872396
2093-08-05,0.018124178773627528
2093-08-06,0.018098252419891797
2093-08-07,0.01807545753476721
2093-08-08,0.01805561360154559
2093-08-09,0.018037776328123915
2093-08-10,0.018021409334702445
2093-08-11,0.01800634978362125
2093-08-12,0.017992759820601282
2093-08-13,0.01798070898425841
2093-08-14,0.01797029457791397
2093-08-15,0.017960986264704163
2093-08-16,0.017952474660636097
2093-08-17,0.017944808620467604
2093-08-18,0.017937710644511492
2093-08-19,0.017931171546633023
2093-08-20,0.017925356522211007
2093-08-21,0.01791983983381793
2093-08-22,0.01791448546412967
2093-08-23,0.017909350776194315
2093-08-24,0.017904383130090185
2093-08-25,0.01789952660815372
2093-08-26,0.01789473243250918
2093-08-27,0.01788998844680876
2093-08-28,0.017885294125691127
2093-08-29,0.017880788063313505
2093-08-30,0.01787647950219053
2093-08-31,0.017872195470315093
2093-09-01,0.013915346057297424
2093-09-02,0.013912011404911929
2093-09-03,0.013908677099801385
2093-09-04,0.013905343988199792
2093-09-05,0.07142303545897889
2093-09-06,0.013898680035257436
2093-09-07,0.013895349292710664
2093-09-08,0.013892019602966469
2093-09-09,0.013888690193636843
2093-09-10,0.013885361878024251
2093-09-11,0.013882034488478573
2093-09-12,0.013878707856351756
2093-09-13,0.013875381525596083
2093-09-14,0.013872056287559446
2093-09-15,0.013868732050433711
2093-09-16,0.013865408580705783
2093-09-17,0.013862085751640853
2093-09-18,0.013858763899536579
2093-09-19,0.013855442633209526
2093-09-20,0.013852122042472331
2093-09-21,0.013848802653227098
2093-09-22,0.01384548376593433
2093-09-23,0.013842165909489551
2093-09-24,0.013838848667761767
2093-09-25,0.013835532192434122
2093-09-26,0.013832216565336142
2093-09-27,0.013828901843348843
2093-09-28,0.013825587754040662
2093-09-29,0.013822274540903646
2093-09-30,0.013818962091173358
2093-10-01,0.013651557939206065
2093-10-02,0.013648286181366638
2093-10-03,0.013645015719215904
2093-10-04,0.013641745590355076
2093-10-05,0.01363847654320678
2093-10-06,0.013635208233634637
2093-10-07,0.013631940416108766
2093-10-08,0.01362867373354314
2093-10-09,0.06766707886362364
2093-10-10,0.013623026226017212
2093-10-11,0.013618878112289002
2093-10-12,0.01361561419267563
2093-10-13,0.013612351576639795
2093-10-14,0.013609089386583523
2093-10-15,0.013605827980448447
2093-10-16,0.013602567387816634
2093-10-17,0.01359930756825936
2093-10-18,0.013596048701240314
2093-10-19,0.013592790658571273
2093-10-20,0.013589533221345304
2093-10-21,0.013586276430978076
2093-10-22,0.013583020661187611
2093-10-23,0.013579765639819606
2093-10-24,0.013576511202201963
2093-10-25,0.015949106227854577
2093-10-26,0.01357000503272758
2093-10-27,0.013566752933068714
2093-10-28,0.013563501753407847
2093-10-29,0.01356025148092633
2093-10-30,0.01355700182769357
2093-10-31,0.013553752886398887
2093-11-01,0.01612295636237188
2093-11-02,0.01063369820138645
2093-11-03,0.010631149804596758
2093-11-04,0.010633902244306418
2093-11-05,0.010626055214581643
2093-11-06,0.010623508701696087
2093-11-07,0.01062096293416778
2093-11-08,0.010618417524225312
2093-11-09,0.010780138516246849
2093-11-10,0.010618367878629359
2093-11-11,0.010610785525055559
2093-11-12,0.010608242793910271
2093-11-13,0.01060570053722402
2093-11-14,0.010603158962427476
2093-11-15,0.010600617971223275
2093-11-16,0.010598077777233946
2093-11-17,0.010595537949344574
2093-11-18,0.010592998807214678
2093-11-19,0.010590460346200694
2093-11-20,0.010587922386735428
2093-11-21,0.010585385058850013
2093-11-22,0.014625446686345153
2093-11-23,0.010580312286209781
2093-11-24,0.01426915209636838
2093-11-25,0.010578579835867259
2093-11-26,0.010572707725167428
2093-11-27,0.01232625459537576
2093-11-28,0.016439857063513662
2093-11-29,0.013490386802037388
2093-11-30,0.010956015782570449
2093-12-01,0.01044043937557848
2093-12-02,0.03977028764401064
2093-12-03,0.07193373341847956
2093-12-04,0.010308360234021638
2093-12-05,0.010267564409988538
2093-12-06,0.010250879065447882
2093-12-07,0.032088081553823845
2093-12-08,0.010938324644070423
2093-12-09,0.0102435120361961
2093-12-10,0.010241057786519436
2093-12-11,0.01023860422137718
2093-12-12,0.010236151187313438
2093-12-13,0.010233698907742186
2093-12-14,0.0102312470938049
2093-12-15,0.010228796110335947
2093-12-16,0.010226345639891702
2093-12-17,0.010223895771988272
2093-12-18,0.0102214465299451
2093-12-19,0.11950658482413112
2093-12-20,0.08259431999286458
2093-12-21,0.011737373663908828
2093-12-22,0.011213476038236938
2093-12-23,0.013292972413827351
2093-12-24,0.010754614309763348
2093-12-25,0.0483443534524323
2093-12-26,0.015156887567682098
2093-12-27,0.013878151928929846
2093-12-28,0.015281692601414747
2093-12-29,0.0201090897196598
2093-12-30,0.03531747111356632
2093-12-31,0.31164652748759963
2094-01-01,0.43183575306941335
2094-01-02,0.8215382720335194
2094-01-03,2.3281350430582135
2094-01-04,1.0750061005321565
2094-01-05,0.5923267202195187
2094-01-06,2.4043255725162127
2094-01-07,7.093234454325272
2094-01-08,2.301716320364402
2094-01-09,3.382843123639708
2094-01-10,0.7957737800637386
2094-01-11,1.0629217045926578
2094-01-12,2.5709104412810473
2094-01-13,0.5241499049261801
2094-01-14,0.6095254558821281
2094-01-15,0.7287598744395817
2094-01-16,0.613604959622891
2094-01-17,0.5990921719902147
2094-01-18,0.5777322999874587
2094-01-19,0.5546352370441557
2094-01-20,0.5347471348130918
2094-01-21,0.5123516613227629
2094-01-22,0.4890314617196017
2094-01-23,0.7060711051717854
2094-01-24,2.4326356207216207
2094-01-25,6.136268358881402
2094-01-26,10.114510917692504
2094-01-27,2.0878166711470234
2094-01-28,2.1115663476628175
2094-01-29,2.1069236696292575
2094-01-30,2.171611925053655
2094-01-31,2.4494699137386355
2094-02-01,5.138022490221053
2094-02-02,2.2990320264221085
2094-02-03,1.871800019077323
2094-02-04,1.8515061994522148
2094-02-05,1.8141005158831613
2094-02-06,1.7288839996928496
2094-02-07,2.2298571138871583
2094-02-08,4.970738837495296
2094-02-09,8.521320592101956
2094-02-10,3.953390820619691
2094-02-11,3.9291678373861387
2094-02-12,2.1696526617150096
2094-02-13,1.971559169495908
2094-02-14,1.884230496772076
2094-02-15,2.0106080327319553
2094-02-16,3.2081089275680803
2094-02-17,6.691977762156683
2094-02-18,5.752363324003425
2094-02-19,1.8663897606255848
2094-02-20,1.863583301391748
2094-02-21,1.8612097683757087
2094-02-22,2.064708674961878
2094-02-23,3.351159190255574
2094-02-24,4.405664380403546
2094-02-25,2.1867205864205896
2094-02-26,1.8803428234357966
2094-02-27,1.8786831808611888
2094-02-28,1.9346924015371818
2094-03-01,2.318557663783279
2094-03-02,2.253714942420495
2094-03-03,2.154996736104825
2094-03-04,2.403598374490035
2094-03-05,1.984648593857633
2094-03-06,1.855139807147996
2094-03-07,1.7218862446458845
2094-03-08,1.7829767839630148
2094-03-09,2.285739299987755
2094-03-10,1.7307010178756523
2094-03-11,1.7383198906193933
2094-03-12,2.8705667389978005
2094-03-13,3.4786360132053815
2094-03-14,2.6066269124118984
2094-03-15,2.4959830216050434
2094-03-16,2.4774447394417884
2094-03-17,2.3954620340280415
2094-03-18,2.3010435035221506
2094-03-19,2.1497481170530963
2094-03-20,1.9549609254151632
2094-03-21,1.8774357679027873
2094-03-22,1.471910685253065
2094-03-23,1.5306673384996965
2094-03-24,1.4134901374767024
2094-03-25,1.336031593214161
2094-03-26,1.138231841935159
2094-03-27,1.0139697155345069
2094-03-28,0.8950520997389376
2094-03-29,0.82775600201267
2094-03-30,0.7309459411113792
2094-03-31,0.6795507737236928
2094-04-01,0.5271880945161627
2094-04-02,0.47334893548804213
2094-04-03,0.44373190569926635
2094-04-04,0.4193052687996085
2094-04-05,0.3828998134457902
2094-04-06,0.35767944347080866
2094-04-07,0.26932966748354337
2094-04-08,0.21639304931267203
2094-04-09,0.18700994534704216
2094-04-10,0.1585164247447055
2094-04-11,0.13572636292259885
2094-04-12,0.1185833134930225
2094-04-13,0.10425931550531281
2094-04-14,0.17599076380746032
2094-04-15,0.6154336675631443
2094-04-16,0.10247098295335479
2094-04-17,0.09841101081777302
2094-04-18,0.09368347703980838
2094-04-19,0.08816596066019088
2094-04-20,0.08186785633260615
2094-04-21,0.07481338949159824
2094-04-22,0.06780050454364439
2094-04-23,0.061604925868502844
2094-04-24,0.05590204010825697
2094-04-25,0.05014099628029242
2094-04-26,0.04433073169837976
2094-04-27,0.039382221551633026
2094-04-28,0.03592533481804248
2094-04-29,0.03324909947767362
2094-04-30,0.03052494396137298
2094-05-01,0.04344161087663738
2094-05-02,0.02931364032354599
2094-05-03,0.03156696645048418
2094-05-04,0.02543527825241858
2094-05-05,0.02390345064836928
2094-05-06,0.02279577525724996
2094-05-07,0.028090772350291705
2094-05-08,0.022772040853876706
2094-05-09,0.027189695190601382
2094-05-10,0.020903425971037864
2094-05-11,0.020387147594036113
2094-05-12,0.019919753275862737
2094-05-13,0.019619807532882363
2094-05-14,0.01953849752230087
2094-05-15,0.018904846742861244
2094-05-16,0.01841595945750216
2094-05-17,0.017969510212613737
2094-05-18,0.026399277206553627
2094-05-19,0.017379270131760924
2094-05-20,0.01713251601443604
2094-05-21,0.016881804872973853
2094-05-22,0.021394440303076055
2094-05-23,0.016520094760283224
2094-05-24,0.01631487926915997
2094-05-25,0.01607081054274144
2094-05-26,0.01577697324414872
2094-05-27,0.015441397795990136
2094-05-28,0.015090255246352869
2094-05-29,0.014731706448026642
2094-05-30,0.014494816822498703
2094-05-31,0.014053961412334741
2094-06-01,0.024294757847063905
2094-06-02,0.014129831767914373
2094-06-03,0.013848532588104395
2094-06-04,0.013509210693244898
2094-06-05,0.013172290665060702
2094-06-06,0.012843313585841981
2094-06-07,0.012523389169739503
2094-06-08,0.012195152793276105
2094-06-09,0.011869746495652138
2094-06-10,0.011554803352342196
2094-06-11,0.011237197261883934
2094-06-12,0.010934066540660977
2094-06-13,0.010641445495967607
2094-06-14,0.010365304575855543
2094-06-15,0.010118499057489226
2094-06-16,0.01175210446564155
2094-06-17,0.009697839133353524
2094-06-18,0.009496501551445881
2094-06-19,0.009309046790133793
2094-06-20,0.009143079434543866
2094-06-21,0.008993798239942716
2094-06-22,0.00885573109620622
2094-06-23,0.008725905435803559
2094-06-24,0.008605010268485647
2094-06-25,0.008499170641571603
2094-06-26,0.008408139759466929
2094-06-27,0.008322978736824523
2094-06-28,0.008245234639412768
2094-06-29,0.00817595414760142
2094-06-30,0.008114983053088994
2094-07-01,0.016540939161921658
2094-07-02,0.01645317882495999
2094-07-03,0.016376346886886353
2094-07-04,0.016303862248839736
2094-07-05,0.016237012963185075
2094-07-06,0.016178744926324425
2094-07-07,0.016130211822624474
2094-07-08,0.016088304654250072
2094-07-09,0.01605238873264947
2094-07-10,0.01602173684811128
2094-07-11,0.01599640995483429
2094-07-12,0.015975439157394893
2094-07-13,0.015957562609876467
2094-07-14,0.01594320766018039
2094-07-15,0.015931512767924236
2094-07-16,0.015921670486509075
2094-07-17,0.01591355856253683
2094-07-18,0.015906568952789888
2094-07-19,0.01590081184244304
2094-07-20,0.01589575946814936
2094-07-21,0.01589097469757311
2094-07-22,0.015886480919471885
2094-07-23,0.01588205937198908
2094-07-24,0.015877660385262872
2094-07-25,0.015873540085247096
2094-07-26,0.015869717065760805
2094-07-27,0.01586591374296312
2094-07-28,0.015862111590904098
2094-07-29,0.01585831033697714
2094-07-30,0.015854509721017845
2094-07-31,0.015850710357239835
2094-08-01,0.0210066085559414
2094-08-02,0.017947136117137018
2094-08-03,0.03587853449556213
2094-08-04,0.017938535295186603
2094-08-05,0.018372014358384616
2094-08-06,0.01792993828787188
2094-08-07,0.017925641784431623
2094-08-08,0.017921345732033238
2094-08-09,0.01791705106863884
2094-08-10,0.04108773043371378
2094-08-11,0.017908464530109112
2094-08-12,0.021104934542742988
2094-08-13,0.01789988258016216
2094-08-14,0.017895592712932156
2094-08-15,0.019299256973436266
2094-08-16,0.017887016602183534
2094-08-17,0.017882729819208895
2094-08-18,0.01787844457131428
2094-08-19,0.0178741601114618
2094-08-20,0.017869876813810803
2094-08-21,0.017865594196566713
2094-08-22,0.017861313086212752
2094-08-23,0.017857032523003642
2094-08-24,0.017852753301387466
2094-08-25,0.017848474989543332
2094-08-26,0.01784419752212165
2094-08-27,0.017839921292502392
2094-08-28,0.0178356462584002
2094-08-29,0.0178313719687738
2094-08-30,0.01782709852228793
2094-08-31,0.017822826475057153
2094-09-01,0.013876907018346001
2094-09-02,0.01387358138912593
2094-09-03,0.013870256649049902
2094-09-04,0.013866932905892844
2094-09-05,0.0138636096038153
2094-09-06,0.01386028734955039
2094-09-07,0.01385696587366083
2094-09-08,0.013853645188121579
2094-09-09,0.013850325006530372
2094-09-10,0.01384700600647273
2094-09-11,0.013843687651069681
2094-09-12,0.013840369894416647
2094-09-13,0.013837053390149406
2094-09-14,0.013833737259103123
2094-09-15,0.013830422214788612
2094-09-16,0.01382710778319508
2094-09-17,0.013823794187856
2094-09-18,0.013820481313012917
2094-09-19,0.013817169218541113
2094-09-20,0.013813858157910882
2094-09-21,0.013810547726966795
2094-09-22,0.013807237966622352
2094-09-23,0.013803929217168363
2094-09-24,0.050256395533442765
2094-09-25,0.013797313965568887
2094-09-26,0.013947702569661196
2094-09-27,0.013790701921274873
2094-09-28,0.013787396988853047
2094-09-29,0.013784093085283718
2094-09-30,0.013780789679675004
2094-10-01,0.013613847871236684
2094-10-02,0.01361058548199549
2094-10-03,0.013607323780041244
2094-10-04,0.013604062971461271
2094-10-05,0.01360080274170099
2094-10-06,0.013597543457576697
2094-10-07,0.01359428477297976
2094-10-08,0.01359102699950616
2094-10-09,0.013587770119406832
2094-10-10,0.013584513767838164
2094-10-11,0.013581258352044568
2094-10-12,0.013578003638328904
2094-10-13,0.01357474991659393
2094-10-14,0.013571496868341084
2094-10-15,0.013860186653166939
2094-10-16,0.01356499301217365
2094-10-17,0.013561742303851826
2094-10-18,0.013558492325217573
2094-10-19,0.013555242970762061
2094-10-20,0.013551994718726663
2094-10-21,0.013548746964653769
2094-10-22,0.013545500158188518
2094-10-23,0.013542254118881741
2094-10-24,0.013539008735307763
2094-10-25,0.01353576446401421
2094-10-26,0.01353252048558218
2094-10-27,0.013529277500116751
2094-10-28,0.013526035417886516
2094-10-29,0.013522794042664283
2094-10-30,0.013519553347826755
2094-10-31,0.01351631347635272
2094-11-01,0.010606866655324924
2094-11-02,0.010604324729908628
2094-11-03,0.010601783478641982
2094-11-04,0.010599242892237331
2094-11-05,0.010596702900260794
2094-11-06,0.010594163375003319
2094-11-07,0.015046517385973956
2094-11-08,0.01058908639569958
2094-11-09,0.01058654894397506
2094-11-10,0.010584011838226551
2094-11-11,0.010581475425977493
2094-11-12,0.010578939670850286
2094-11-13,0.010576404622380816
2094-11-14,0.010573870076234209
2094-11-15,0.010571336208881251
2094-11-16,0.010568802802829212
2094-11-17,0.010566270255137932
2094-11-18,0.010563737979119185
2094-11-19,0.01056120651502102
2094-11-20,0.010558675698756884
2094-11-21,0.010556145275682213
2094-11-22,0.010553615580937077
2094-11-23,0.010551086588205505
2094-11-24,0.04282028446592618
2094-11-25,0.011152610713716768
2094-11-26,0.010543502941285825
2094-11-27,0.010540976221003766
2094-11-28,0.010538450133850023
2094-11-29,0.01053592479824547
2094-11-30,0.010533399903044093
2094-12-01,0.010234820600343938
2094-12-02,0.010616451286175829
2094-12-03,0.08899657247605133
2094-12-04,0.03504631592150841
2094-12-05,0.03332127413951142
2094-12-06,0.11799676589423647
2094-12-07,0.4384571136241867
2094-12-08,0.07032311731659857
2094-12-09,0.19098515693714171
2094-12-10,0.6872932247472101
2094-12-11,0.5221552707609612
2094-12-12,0.02644205645716091
2094-12-13,0.03400836113561864
2094-12-14,0.0966528406510612
2094-12-15,0.01732279236983254
2094-12-16,0.019273572300845233
2094-12-17,0.012412804218437868
2094-12-18,0.012474884241299779
2094-12-19,0.020880886354756042
2094-12-20,0.058179126971441356
2094-12-21,0.08601812095672433
2094-12-22,0.09636198747942558
2094-12-23,0.1467675924254594
2094-12-24,0.1536911000481701
2094-12-25,0.4816767272796219
2094-12-26,1.0687369758658705
2094-12-27,0.3199828837337816
2094-12-28,0.05213787134626515
2094-12-29,0.06027173960592232
2094-12-30,0.2673230155014021
2094-12-31,0.06469173880394936
2095-01-01,0.062425096162608336
2095-01-02,0.04106751451849728
2095-01-03,0.04567390649721194
2095-01-04,0.038991186146574486
2095-01-05,0.02679893595026433
2095-01-06,0.30261041690107937
2095-01-07,1.902255359925269
2095-01-08,1.3792647750351552
2095-01-09,0.0215976914814926
2095-01-10,0.5671771968246087
2095-01-11,1.6687079951621526
2095-01-12,0.6874650637410339
2095-01-13,0.0944963610754389
2095-01-14,1.3897808339396285
2095-01-15,3.8319163223056414
2095-01-16,0.77104989234974
2095-01-17,2.1423845140042177
2095-01-18,1.1036818069808516
2095-01-19,0.988972272369841
2095-01-20,0.9798152981352193
2095-01-21,0.9314912325277297
2095-01-22,0.9602458378017524
2095-01-23,2.0958689351224082
2095-01-24,1.772802380198926
2095-01-25,2.6924054228488745
2095-01-26,3.561921294003026
2095-01-27,3.0410626058614803
2095-01-28,1.9298701240443306
2095-01-29,1.7875559249534132
2095-01-30,6.608585698975947
2095-01-31,4.068441446646373
2095-02-01,2.1560840651009374
2095-02-02,1.593965781552655
2095-02-03,1.5634839882208869
2095-02-04,1.5365596690110384
2095-02-05,1.5172927460035548
2095-02-06,1.497438202095576
2095-02-07,1.4521026536065382
2095-02-08,1.3569181527992602
2095-02-09,1.2351981696476746
2095-02-10,1.1244111179559926
2095-02-11,1.0238857113994704
2095-02-12,1.1087529606677782
2095-02-13,1.095774969366913
2095-02-14,0.9560263765569349
2095-02-15,0.9222979687413121
2095-02-16,0.9072418880445036
2095-02-17,0.9852189155103227
2095-02-18,0.9555783423081985
2095-02-19,0.9559501982408852
2095-02-20,0.9670076912122993
2095-02-21,1.006085033721815
2095-02-22,1.0280262461599008
2095-02-23,1.1401166058266188
2095-02-24,1.7920289410050616
2095-02-25,1.6633315327039604
2095-02-26,1.3326597743039281
2095-02-27,1.3692130390470214
2095-02-28,1.361891374669607
2095-03-01,1.5478765157465453
2095-03-02,1.5186994751259189
2095-03-03,1.6186814884477818
2095-03-04,1.465967566637237
2095-03-05,1.2625207212787344
2095-03-06,3.1776773441866273
2095-03-07,4.576872880170715
2095-03-08,5.72307601190195
2095-03-09,2.5403911601716627
2095-03-10,2.417419665673693
2095-03-11,2.3211810023932515
2095-03-12,2.278943180024734
2095-03-13,2.5136435903602297
2095-03-14,2.5158857220758133
2095-03-15,2.562892262581562
2095-03-16,2.6686819573089093
2095-03-17,2.618351895343421
2095-03-18,2.155129927802945
2095-03-19,1.9810617450033572
2095-03-20,1.6552785082322934
2095-03-21,1.2714576630144885
2095-03-22,1.18884846804715
2095-03-23,1.5666358999326768
2095-03-24,2.4649663132785657
2095-03-25,2.2530034223816924
2095-03-26,1.8739915198809698
2095-03-27,2.0086211098928306
2095-03-28,1.7257616575243604
2095-03-29,1.664254946067172
2095-03-30,1.6687211077615824
2095-03-31,1.4657195468703574
2095-04-01,1.3876057162200097
2095-04-02,1.4192743762863247
2095-04-03,1.3968821652381909
2095-04-04,1.4491394510877966
2095-04-05,1.648849823056253
2095-04-06,1.8277440221183359
2095-04-07,1.8683401124266994
2095-04-08,1.7474698576482222
2095-04-09,1.770513111387553
2095-04-10,1.7237355448659726
2095-04-11,1.386699069717487
2095-04-12,0.7308303549861292
2095-04-13,0.6437972491695851
2095-04-14,0.9590153456354111
2095-04-15,1.1301340019359536
2095-04-16,0.7380322676198972
2095-04-17,0.7408134083353557
2095-04-18,0.8391753445247164
2095-04-19,1.2894247847395788
2095-04-20,0.7586130827500766
2095-04-21,0.5594488247885409
2095-04-22,0.5229702747765905
2095-04-23,0.5101568255245573
2095-04-24,0.653588796414607
2095-04-25,1.4832206308773217
2095-04-26,1.9518886166930551
2095-04-27,1.2179229487629926
2095-04-28,1.228899700538807
2095-04-29,1.2333666778046783
2095-04-30,1.197521100646275
2095-05-01,1.2520634803474004
2095-05-02,1.2412006013638426
2095-05-03,1.2807875539310662
2095-05-04,1.296375062462951
2095-05-05,1.3008308619700772
2095-05-06,1.3647507749791172
2095-05-07,1.2408477491291616
2095-05-08,1.3301944502925485
2095-05-09,1.2100325233844076
2095-05-10,1.1538187558367472
2095-05-11,0.9701156585284734
2095-05-12,0.8086212598936251
2095-05-13,0.7904809891499339
2095-05-14,0.9092158629148714
2095-05-15,0.9148431567486469
2095-05-16,0.8014776144089417
2095-05-17,0.571992829724245
2095-05-18,0.5025365899390428
2095-05-19,0.5813744141189178
2095-05-20,0.5891758187018199
2095-05-21,0.4792466300805291
2095-05-22,0.3771643121810819
2095-05-23,0.3539820721022654
2095-05-24,0.3705755791233681
2095-05-25,0.37208379229548016
2095-05-26,0.39473785201169864
2095-05-27,0.38950178771496674
2095-05-28,0.3357116818348343
2095-05-29,0.26885025158174697
2095-05-30,0.23058124669414745
2095-05-31,0.18545073508474536
2095-06-01,0.2018133812697725
2095-06-02,0.23625624912504684
2095-06-03,0.25070335163040786
2095-06-04,0.2256833537602658
2095-06-05,0.21722303783612626
2095-06-06,0.11793158337384028
2095-06-07,0.10269556354877128
2095-06-08,0.09924963170845248
2095-06-09,0.08585796854941394
2095-06-10,0.06724734283522771
2095-06-11,0.05823693918397158
2095-06-12,0.0508287148054101
2095-06-13,0.04531486208761725
2095-06-14,0.04089403324905383
2095-06-15,0.036673895699974195
2095-06-16,0.032489308899907296
2095-06-17,0.02896259489981934
2095-06-18,0.02599009660414895
2095-06-19,0.023387816692697072
2095-06-20,0.02116805759552572
2095-06-21,0.019279454413771355
2095-06-22,0.01763488450475859
2095-06-23,0.016256369646642618
2095-06-24,0.015155454690669399
2095-06-25,0.01429025029192348
2095-06-26,0.013612971629196747
2095-06-27,0.013056786406016208
2095-06-28,0.012617202045154235
2095-06-29,0.01226368767953926
2095-06-30,0.011931831372238215
2095-07-01,0.023816653709302138
2095-07-02,0.02319052767123773
2095-07-03,0.022605919429694976
2095-07-04,0.022062487181007284
2095-07-05,0.021555360002937743
2095-07-06,0.021072546296192214
2095-07-07,0.02061723077994782
2095-07-08,0.020191167276192197
2095-07-09,0.019799579391347376
2095-07-10,0.01943645389137444
2095-07-11,0.019107466676945652
2095-07-12,0.018816246911318
2095-07-13,0.01855103525165653
2095-07-14,0.018308343777823297
2095-07-15,0.018084225512292714
2095-07-16,0.017876447547575187
2095-07-17,0.017688060639801016
2095-07-18,0.017515062266397815
2095-07-19,0.01735248601357073
2095-07-20,0.01720819546503365
2095-07-21,0.017090692192611678
2095-07-22,0.016991534605890268
2095-07-23,0.016894689121758552
2095-07-24,0.016799544922290827
2095-07-25,0.016706985755708104
2095-07-26,0.01661724855237436
2095-07-27,0.016533666641756047
2095-07-28,0.016457755967574077
2095-07-29,0.01638795774951415
2095-07-30,0.016324945546915097
2095-07-31,0.016272017069377157
2095-08-01,0.01838378577170572
2095-08-02,0.018341664493190486
2095-08-03,0.01830087885994874
2095-08-04,0.018261546573414583
2095-08-05,0.01822475518146922
2095-08-06,0.018191142975036788
2095-08-07,0.018160548392701325
2095-08-08,0.0181329684232458
2095-08-09,0.01810895372476494
2095-08-10,0.01808804655892184
2095-08-11,0.018069316772239327
2095-08-12,0.018052737783997682
2095-08-13,0.018037908222002352
2095-08-14,0.018024514522434348
2095-08-15,0.01801236761288476
2095-08-16,0.018001214966267942
2095-08-17,0.01799077264786161
2095-08-18,0.017981207530356355
2095-08-19,0.017973302543051156
2095-08-20,0.01796682092738809
2095-08-21,0.017960732558759115
2095-08-22,0.017954741867610584
2095-08-23,0.01794889925146901
2095-08-24,0.017943324235156946
2095-08-25,0.01793799906530659
2095-08-26,0.017932888201865817
2095-08-27,0.017927946963496342
2095-08-28,0.026990787550989694
2095-08-29,0.017918298636447946
2095-08-30,0.05841582792606955
2095-08-31,0.028542787329435985
2095-09-01,0.04108676283177428
2095-09-02,0.01394050404256678
2095-09-03,0.013937010491859036
2095-09-04,0.013933664678770129
2095-09-05,0.013930325293264247
2095-09-06,0.01392698735972764
2095-09-07,0.013923649776459832
2095-09-08,0.013920313078344472
2095-09-09,0.013916977281348452
2095-09-10,0.013913642427383549
2095-09-11,0.013910307890756342
2095-09-12,0.013906974472794088
2095-09-13,0.013903641720442396
2095-09-14,0.01390030998297267
2095-09-15,0.013896978898140375
2095-09-16,0.013893648445987372
2095-09-17,0.013890318952832641
2095-09-18,0.01388699025801175
2095-09-19,0.013883662422397035
2095-09-20,0.01388033514262204
2095-09-21,0.013877008962551857
2095-09-22,0.013873683233540218
2095-09-23,0.013870358736955891
2095-09-24,0.013867034520786307
2095-09-25,0.013863711580952516
2095-09-26,0.013860389150056197
2095-09-27,0.01385706757836675
2095-09-28,0.013853747031537862
2095-09-29,0.06109363273195105
2095-09-30,0.013847107873839002
2095-10-01,0.01367936271780748
2095-10-02,0.013676084443068165
2095-10-03,0.013672806846741388
2095-10-04,0.013669530515535084
2095-10-05,0.013666254619183431
2095-10-06,0.013662979510696966
2095-10-07,0.013659705323194752
2095-10-08,0.013656431807202588
2095-10-09,0.013653159212194588
2095-10-10,0.09950569193047998
2095-10-11,0.05201222493429804
2095-10-12,0.041805409476746914
2095-10-13,0.013678631740355992
2095-10-14,0.013636808364760505
2095-10-15,0.013633541037308652
2095-10-16,0.013630274797485742
2095-10-17,0.013627009365249774
2095-10-18,0.013623744562122874
2095-10-19,0.013620480442338587
2095-10-20,0.013617217257343201
2095-10-21,0.013613954704415569
2095-10-22,0.013610693080360165
2095-10-23,0.013607431908908488
2095-10-24,0.013604171458269804
2095-10-25,0.013600911937490122
2095-10-26,0.02127814776635184
2095-10-27,0.013594395146129597
2095-10-28,0.01359113779567783
2095-10-29,0.013587881270561626
2095-10-30,0.03658347091699641
2095-10-31,0.0402189161219124
2095-11-01,0.015201711711992449
2095-11-02,0.01085211939832995
2095-11-03,0.0106528159075803
2095-11-04,0.010650264949640678
2095-11-05,0.010647714884891472
2095-11-06,0.010645165625097194
2095-11-07,0.017489857204276562
2095-11-08,0.012243682483036446
2095-11-09,0.010637522110427617
2095-11-10,0.010634975675715658
2095-11-11,0.010632430015772805
2095-11-12,0.039847192131389875
2095-11-13,0.01096433385257759
2095-11-14,0.010624797693072893
2095-11-15,0.010622255122918542
2095-11-16,0.8839456645837969
2095-11-17,7.892322537918422
2095-11-18,2.406309356008227
2095-11-19,0.023542449557565893
2095-11-20,0.03810435000788682
2095-11-21,0.024376826839780624
2095-11-22,0.025990476168744
2095-11-23,0.032840722056994016
2095-11-24,0.0371609351437513
2095-11-25,0.03845486746101064
2095-11-26,0.037327908332869544
2095-11-27,0.035591483927813736
2095-11-28,0.0228367613832679
2095-11-29,0.02304191735155688
2095-11-30,0.020550187443991445
2095-12-01,0.018392234741416484
2095-12-02,0.019170688898494343
2095-12-03,0.02123759634901468
2095-12-04,0.021203422293196945
2095-12-05,0.025800781123218156
2095-12-06,0.018936313224107354
2095-12-07,0.018163068138732703
2095-12-08,0.01817416532386077
2095-12-09,0.018173545224324683
2095-12-10,0.018163288468588955
2095-12-11,0.01814766063514177
2095-12-12,0.01813049692131001
2095-12-13,0.02468787187454977
2095-12-14,0.026190577175588932
2095-12-15,0.02942061372428734
2095-12-16,0.021530776647749418
2095-12-17,0.01810587690664713
2095-12-18,0.01811010080074337
2095-12-19,0.01810794261075382
2095-12-20,0.018092522547834246
2095-12-21,0.018111980042152476
2095-12-22,0.018442613124614246
2095-12-23,0.02281795849875989
2095-12-24,0.02519717351534513
2095-12-25,0.018214462640499238
2095-12-26,0.018060686473876993
2095-12-27,0.027274404575803452
2095-12-28,0.14213117907910255
2095-12-29,0.17438090206840012
2095-12-30,0.1673099639113081
2095-12-31,0.06858429074196945
2096-01-01,1.0130929739320118
2096-01-02,7.209818148277573
2096-01-03,2.0583754970426265
2096-01-04,0.03266628028057558
2096-01-05,0.01876608829446454
2096-01-06,0.023097117062848525
2096-01-07,0.021758703760927846
2096-01-08,0.032157999517657396
2096-01-09,0.037618756622223214
2096-01-10,0.03975904794372901
2096-01-11,0.04902008723503094
2096-01-12,0.020501523060865313
2096-01-13,0.021903862795749077
2096-01-14,0.01898502967331836
2096-01-15,0.01854165600627385
2096-01-16,0.03340066732525561
2096-01-17,0.026470544792422005
2096-01-18,0.01934666804386869
2096-01-19,0.019333505081683557
2096-01-20,0.020568473499177935
2096-01-21,0.02894644796204428
2096-01-22,0.0313932621982214
2096-01-23,0.03859787731441928
2096-01-24,0.028656266636892386
2096-01-25,0.03027587018272502
2096-01-26,0.03494018140815217
2096-01-27,0.03787274171757393
2096-01-28,0.042049435558175106
2096-01-29,0.04779852831371937
2096-01-30,0.04423688202680007
2096-01-31,0.03373071868870247
2096-02-01,0.03306524779049852
2096-02-02,0.03594368032334442
2096-02-03,0.0477901863792542
2096-02-04,0.0471869584850139
2096-02-05,0.03396322321783728
2096-02-06,0.03253371645844411
2096-02-07,0.03356974541471855
2096-02-08,0.03482338829797604
2096-02-09,0.04493599471111632
2096-02-10,0.04011372220869317
2096-02-11,0.056263395318555856
2096-02-12,0.1373450502870461
2096-02-13,0.037679516323209414
2096-02-14,0.15181570572575157
2096-02-15,0.2191339399591031
2096-02-16,0.04606979629288689
2096-02-17,0.05397647628428698
2096-02-18,0.04941056269788386
2096-02-19,0.04916053610321092
2096-02-20,0.04847440886134192
2096-02-21,0.06648107668741782
2096-02-22,0.049026429437372246
2096-02-23,0.045881522642145345
2096-02-24,0.059155555642467716
2096-02-25,0.09923059161185126
2096-02-26,0.040067625659668815
2096-02-27,0.06284748969465491
2096-02-28,0.03841345538781866
2096-02-29,0.03527011360616037
2096-03-01,0.039071835474307315
2096-03-02,0.03662020376498391
2096-03-03,0.03429831788297568
2096-03-04,0.03216326049356323
2096-03-05,0.030419959743807897
2096-03-06,0.029284050837643436
2096-03-07,0.028643719820111394
2096-03-08,0.59001232267642
2096-03-09,0.3206760450543853
2096-03-10,0.09323021133534126
2096-03-11,0.097159960882243
2096-03-12,0.18810030862004976
2096-03-13,0.32110029891805014
2096-03-14,0.3424398873250303
2096-03-15,0.14519415087592732
2096-03-16,0.18296035745112232
2096-03-17,0.17211415026271767
2096-03-18,0.19231973412791678
2096-03-19,0.19557128910730204
2096-03-20,0.1802257941486603
2096-03-21,0.1610289696786869
2096-03-22,0.15448107639186232
2096-03-23,0.15767224904284213
2096-03-24,0.14098830797347087
2096-03-25,0.13014476755732138
2096-03-26,0.2156342021595798
2096-03-27,0.2733485480507192
2096-03-28,0.18561434356741105
2096-03-29,0.14061849541020607
2096-03-30,0.19223074300838203
2096-03-31,0.1530364417963396
2096-04-01,0.12780616383990778
2096-04-02,0.12405742579182501
2096-04-03,0.20065491465118446
2096-04-04,0.26260524970223187
2096-04-05,0.21167447073326895
2096-04-06,0.23409891834803712
2096-04-07,0.17153366343730503
2096-04-08,0.16681989795756968
2096-04-09,0.15891878220240932
2096-04-10,0.14877049506551396
2096-04-11,0.13570075103640278
2096-04-12,0.12141750848557394
2096-04-13,0.1063965271273076
2096-04-14,0.09232129497694982
2096-04-15,0.08051779161961951
2096-04-16,0.07070436108840422
2096-04-17,0.0623130707975858
2096-04-18,0.05500205659037445
2096-04-19,0.04871264876195017
2096-04-20,0.042881402164069694
2096-04-21,0.03719659115048123
2096-04-22,0.032368354321057745
2096-04-23,0.028970900018347078
2096-04-24,0.026395869487591355
2096-04-25,0.024068159708855792
2096-04-26,0.02200579979525444
2096-04-27,0.020198442162462683
2096-04-28,0.018872161842537306
2096-04-29,0.022440109333543803
2096-04-30,0.028565216521745238
2096-05-01,0.0505886866131999
2096-05-02,0.0291261450137857
2096-05-03,0.02023167054804676
2096-05-04,0.01725704577203354
2096-05-05,0.016288792120464222
2096-05-06,0.015561445462093754
2096-05-07,0.015041260546662012
2096-05-08,0.01491859392763084
2096-05-09,0.014455524553504446
2096-05-10,0.014208755758364219
2096-05-11,0.013952850273018865
2096-05-12,0.01372871490511994
2096-05-13,0.013437834162892244
2096-05-14,0.013170080436941433
2096-05-15,0.012915246807834395
2096-05-16,0.012669808730788889
2096-05-17,0.012423950841068006
2096-05-18,0.012173992772466183
2096-05-19,0.011932875785054621
2096-05-20,0.011719077252673538
2096-05-21,0.011510870967999073
2096-05-22,0.011293543831731352
2096-05-23,0.01108620952737673
2096-05-24,0.010898371822603881
2096-05-25,0.01074154761214727
2096-05-26,0.010594363385107124
2096-05-27,0.010431022868636373
2096-05-28,0.01026350461196908
2096-05-29,0.010115426983017659
2096-05-30,0.009977389170353597
2096-05-31,0.009834526623343307
2096-06-01,0.010147841199954663
2096-06-02,0.009979353888263856
2096-06-03,0.009813646434182054
2096-06-04,0.009649634524227622
2096-06-05,0.009489556790363866
2096-06-06,0.00933716717107727
2096-06-07,0.009200138066751804
2096-06-08,0.009079889368316774
2096-06-09,0.008970003034333573
2096-06-10,0.008860255654906368
2096-06-11,0.008758045653577894
2096-06-12,0.008677575015532703
2096-06-13,0.008609991923972849
2096-06-14,0.008536266595265865
2096-06-15,0.00845352968190975
2096-06-16,0.008371458201225108
2096-06-17,0.008294261093039322
2096-06-18,0.008224712229705439
2096-06-19,0.008163100699540826
2096-06-20,0.008105717584170896
2096-06-21,0.00805277250045915
2096-06-22,0.008005885478715623
2096-06-23,0.007963852116536116
2096-06-24,0.007927367927274671
2096-06-25,0.007896942987217083
2096-06-26,0.007872155549754777
2096-06-27,0.00785164235229092
2096-06-28,0.007833343238086024
2096-06-29,0.007816326580555633
2096-06-30,0.007800689351989771
2096-07-01,0.015974972978296635
2096-07-02,0.015953229685615654
2096-07-03,0.015933866091826662
2096-07-04,0.01591695694096022
2096-07-05,0.015902296305170083
2096-07-06,0.015890142683559944
2096-07-07,0.01588050923025557
2096-07-08,0.015872467981572318
2096-07-09,0.015865210247779496
2096-07-10,0.015858818647963086
2096-07-11,0.015852995486462074
2096-07-12,0.015847840754541306
2096-07-13,0.01584320382507338
2096-07-14,0.015838725340099787
2096-07-15,0.015834609338448154
2096-07-16,0.01583072039675883
2096-07-17,0.015826844373916148
2096-07-18,0.015822992579143307
2096-07-19,0.015819183968226454
2096-07-20,0.015815393117472154
2096-07-21,0.015811603125259536
2096-07-22,0.01580781403457234
2096-07-23,0.01580402563841025
2096-07-24,0.015800238192412885
2096-07-25,0.015796451783678635
2096-07-26,0.015792666373748505
2096-07-27,0.015788881677573273
2096-07-28,0.015785098148743
2096-07-29,0.015781315157208577
2096-07-30,0.12263502312027762
2096-07-31,0.015773752522338796
2096-08-01,0.017864281070073075
2096-08-02,0.017860000108357876
2096-08-03,0.017855720584338763
2096-08-04,0.01785144183426657
2096-08-05,0.017847164049065337
2096-08-06,0.017842887396594377
2096-08-07,0.01783861161161
2096-08-08,0.017834336888880527
2096-08-09,0.017830062917033845
2096-08-10,0.017825790423886705
2096-08-11,0.017821518539389805
2096-08-12,0.01781724804133418
2096-08-13,0.01781297809939276
2096-08-14,0.017808709465729038
2096-08-15,0.017804441832814745
2096-08-16,0.017800175048166663
2096-08-17,0.017795909479537846
2096-08-18,0.0177916446566657
2096-08-19,0.017787381267645706
2096-08-20,0.017783118528279754
2096-08-21,0.01777885691139288
2096-08-22,0.017774596156867606
2096-08-23,0.01777033681569236
2096-08-24,0.02734110142071687
2096-08-25,0.017761820931851788
2096-08-26,0.017757564299490644
2096-08-27,0.017753308701194074
2096-08-28,0.03591176705284899
2096-08-29,0.017744801045024187
2096-08-30,0.18606049643905861
2096-08-31,0.01773629770706807
2096-09-01,0.013809536403960296
2096-09-02,0.013806228395958364
2096-09-03,0.01380292117231922
2096-09-04,0.013799614474582274
2096-09-05,0.013796308702912236
2096-09-06,0.013793003594857096
2096-09-07,0.013789699071581436
2096-09-08,0.01378639521291842
2096-09-09,0.01378309215957434
2096-09-10,0.013779789609180384
2096-09-11,0.013776488168470187
2096-09-12,0.013773187070045595
2096-09-13,0.013769886774944187
2096-09-14,0.01376658737098249
2096-09-15,0.013763288484939802
2096-09-16,0.013759990563882904
2096-09-17,0.013756693223613458
2096-09-18,0.013753396789453124
2096-09-19,0.013750100954042372
2096-09-20,0.013746806101580314
2096-09-21,0.013743511915726741
2096-09-22,0.01374021846134611
2096-09-23,0.013736926001888873
2096-09-24,0.01373363400446712
2096-09-25,0.013730343166624871
2096-09-26,0.013727052649114157
2096-09-27,0.013723763183407673
2096-09-28,0.013720474370338964
2096-09-29,0.013717186590114866
2096-09-30,0.013713899259950698
2096-10-01,0.013547767948610805
2096-10-02,0.013544521435992905
2096-10-03,0.013541275576149814
2096-10-04,0.013538030530795891
2096-10-05,0.013534786239781276
2096-10-06,0.013531542742548346
2096-10-07,0.013528300122913131
2096-10-08,0.013525058296073436
2096-10-09,0.01352181705002542
2096-10-10,0.013518576846248171
2096-10-11,0.013515337308064035
2096-10-12,0.013512098395044806
2096-10-13,0.013508860418786822
2096-10-14,0.013521350399963787
2096-10-15,0.013502386618849269
2096-10-16,0.4197031324192069
2096-10-17,0.014146848857797028
2096-10-18,0.01349279595010129
2096-10-19,0.013489680597857798
2096-10-20,0.013486570454006497
2096-10-21,0.013483455224035075
2096-10-22,0.013480331043556658
2096-10-23,0.013477197663097113
2096-10-24,0.026765075749596197
2096-10-25,0.3298884331477533
2096-10-26,0.4109092395220256
2096-10-27,0.6674571528963008
2096-10-28,0.0806509940261374
2096-10-29,0.05123326033571382
2096-10-30,0.02029811343638593
2096-10-31,0.01413508482908712
2096-11-01,0.011166478776223775
2096-11-02,0.01121654010674549
2096-11-03,0.011252834950786533
2096-11-04,0.011284034169980651
2096-11-05,0.01131062707476553
2096-11-06,0.011329174390661396
2096-11-07,0.012063723914815201
2096-11-08,0.011356530308366142
2096-11-09,0.011370520925263066
2096-11-10,0.01138434794822566
2096-11-11,0.04242856409377177
2096-11-12,0.015716685417251446
2096-11-13,1.8284937560268857
2096-11-14,2.521891057633946
2096-11-15,2.3587481562426604
2096-11-16,0.28865390309660793
2096-11-17,0.06919324487486907
2096-11-18,0.08746962466930129
2096-11-19,0.12208903952899107
2096-11-20,0.11124931288026327
2096-11-21,0.09378489104472904
2096-11-22,0.07152410018273278
2096-11-23,0.03561521964503152
2096-11-24,0.04285303684568122
2096-11-25,0.033613386761131514
2096-11-26,0.03780994926564882
2096-11-27,0.03588783583748772
2096-11-28,0.03326543910344028
2096-11-29,0.030944768439995367
2096-11-30,0.026613119926486458
2096-12-01,0.02656810131384796
2096-12-02,0.03004879416659574
2096-12-03,0.03470754768906632
2096-12-04,0.08205479682881811
2096-12-05,0.6199469413767524
2096-12-06,1.6575834056072256
2096-12-07,0.78759839300475
2096-12-08,0.04662009930641685
2096-12-09,0.07149963108267288
2096-12-10,0.15261319397861023
2096-12-11,0.07811607182598775
2096-12-12,0.07106073028455998
2096-12-13,0.06386534745529107
2096-12-14,0.041798533543151224
2096-12-15,0.03984748020979249
2096-12-16,0.0361061308111606
2096-12-17,0.03919961829948034
2096-12-18,0.28497143916958145
2096-12-19,0.24757244265909484
2096-12-20,0.04153701870377974
2096-12-21,0.03803550107041768
2096-12-22,0.0399350990010028
2096-12-23,0.043470824715310094
2096-12-24,0.04410813047704275
2096-12-25,0.040161129985622476
2096-12-26,0.04978667464915364
2096-12-27,0.048713807302992
2096-12-28,0.03753647145875304
2096-12-29,0.04603990938318817
2096-12-30,0.04305558120999552
2096-12-31,0.04457687834146032
2097-01-01,0.030635085271886752
2097-01-02,0.028493061062760606
2097-01-03,0.02944984272225754
2097-01-04,0.02555054838180901
2097-01-05,0.03975679936909717
2097-01-06,0.02895826668144987
2097-01-07,0.02948641913453619
2097-01-08,0.029101366664807157
2097-01-09,0.027403428096392284
2097-01-10,0.028321729194527454
2097-01-11,0.02626548329760322
2097-01-12,0.03243233402404166
2097-01-13,0.038886500555729946
2097-01-14,0.03298766968001189
2097-01-15,0.04537482138452891
2097-01-16,0.04606720198188604
2097-01-17,0.036423299459011564
2097-01-18,0.10987208099661774
2097-01-19,0.7350091685271095
2097-01-20,0.23988559543376226
2097-01-21,0.06269847195078854
2097-01-22,0.0752704668814617
2097-01-23,0.12638949458319387
2097-01-24,1.05508429374725
2097-01-25,0.5438315894993672
2097-01-26,0.1029568376925478
2097-01-27,0.5772428385856149
2097-01-28,1.4789466264662467
2097-01-29,1.7922915116046054
2097-01-30,1.941848560727801
2097-01-31,0.5313762301561747
2097-02-01,0.8473111477442906
2097-02-02,1.1698194629197296
2097-02-03,0.8726372509907061
2097-02-04,1.3455615607457385
2097-02-05,1.6518349002171802
2097-02-06,1.2001507074846807
2097-02-07,1.2523893769694248
2097-02-08,1.2286560767929893
2097-02-09,1.2247534360992876
2097-02-10,1.1538490901611047
2097-02-11,1.1161252316656052
2097-02-12,1.057314267425647
2097-02-13,1.0724344216386048
2097-02-14,1.0493316543693627
2097-02-15,1.1102219264983566
2097-02-16,1.423626555825251
2097-02-17,1.2405246391146527
2097-02-18,1.2330768349441323
2097-02-19,1.224854137938505
2097-02-20,1.2806280846240796
2097-02-21,1.1741674534625002
2097-02-22,1.0458864883894232
2097-02-23,1.0608186236440205
2097-02-24,1.0016849928964782
2097-02-25,1.133491634254348
2097-02-26,2.331171522727989
2097-02-27,1.7565631173455356
2097-02-28,1.8790646564070115
2097-03-01,1.5789747347760528
2097-03-02,1.5905056753116982
2097-03-03,1.6988187690883152
2097-03-04,1.5454313034989933
2097-03-05,1.4842452022959083
2097-03-06,1.414592007146421
2097-03-07,1.3367157526877589
2097-03-08,1.7245818718907961
2097-03-09,1.5479005329529085
2097-03-10,1.4575145365406907
2097-03-11,1.3863263353245159
2097-03-12,2.9386579272178697
2097-03-13,2.788773597753063
2097-03-14,2.1362650140750308
2097-03-15,1.9988873404617402
2097-03-16,2.0024870840186457
2097-03-17,2.046204582134138
2097-03-18,1.9426333008300913
2097-03-19,1.8962852607839493
2097-03-20,2.473264441489464
2097-03-21,1.8160204851160848
2097-03-22,1.789074895875535
2097-03-23,1.8228510816673797
2097-03-24,1.6756014456309312
2097-03-25,1.6822028826025546
2097-03-26,1.7158378726149148
2097-03-27,1.7369029391700728
2097-03-28,1.688780122614507
2097-03-29,1.251259474459634
2097-03-30,1.1787597957710618
2097-03-31,1.0490108811362093
2097-04-01,1.0213145464593254
2097-04-02,0.9359445073881745
2097-04-03,0.8871552748877269
2097-04-04,0.8696813358102393
2097-04-05,0.8465051107161391
2097-04-06,0.8723321484888645
2097-04-07,1.0797764127063525
2097-04-08,1.0074391328806676
2097-04-09,1.0974882200093483
2097-04-10,1.1558309135422666
2097-04-11,1.22613752250091
2097-04-12,1.3655144094670715
2097-04-13,1.711548933248785
2097-04-14,1.752601483535743
2097-04-15,1.4800424069114668
2097-04-16,0.8978052024180172
2097-04-17,1.0454939784210124
2097-04-18,0.906477974873617
2097-04-19,0.9783010950161674
2097-04-20,1.0740275084186355
2097-04-21,0.6715863120961397
2097-04-22,0.624820673949228
2097-04-23,0.6313920108974171
2097-04-24,0.6697195060048293
2097-04-25,0.5423138085080773
2097-04-26,0.4780668638309095
2097-04-27,0.4071701382365068
2097-04-28,0.41532497683818914
2097-04-29,0.4208750610949584
2097-04-30,0.3428370115332904
2097-05-01,0.3672992046316994
2097-05-02,0.3848795882645282
2097-05-03,0.38379099748122203
2097-05-04,0.33165204762461187
2097-05-05,0.27743242497994824
2097-05-06,0.24764272163744375
2097-05-07,0.19739262038646932
2097-05-08,0.16969119489580523
2097-05-09,0.1913874079368211
2097-05-10,0.17795938147930312
2097-05-11,0.170855288231559
2097-05-12,0.11107630910034576
2097-05-13,0.0994868047772312
2097-05-14,0.09299405278708962
2097-05-15,0.08772698893559645
2097-05-16,0.08247241861502076
2097-05-17,0.06419244729644255
2097-05-18,0.05618524018450785
2097-05-19,0.050817551123369865
2097-05-20,0.04617368369382218
2097-05-21,0.042237481040240776
2097-05-22,0.03836378158921383
2097-05-23,0.03445611703536085
2097-05-24,0.031116029149101943
2097-05-25,0.028527695088842044
2097-05-26,0.02644890837008556
2097-05-27,0.02457562033157579
2097-05-28,0.02292463356757171
2097-05-29,0.02150716368136214
2097-05-30,0.020106713930907197
2097-05-31,0.018794111551352324
2097-06-01,0.01850763132887135
2097-06-02,0.017495242245499656
2097-06-03,0.016680471135576247
2097-06-04,0.015965938716060214
2097-06-05,0.015290720979873898
2097-06-06,0.01469243863394404
2097-06-07,0.01418276213166747
2097-06-08,0.01372472759918854
2097-06-09,0.013302099235444521
2097-06-10,0.012900936204102298
2097-06-11,0.012515973979869217
2097-06-12,0.012147016962762202
2097-06-13,0.01179915788566967
2097-06-14,0.011463901388157024
2097-06-15,0.01113914367747089
2097-06-16,0.011299394105883879
2097-06-17,0.01061891590295376
2097-06-18,0.010461354278392716
2097-06-19,0.010218198716403525
2097-06-20,0.010027971270525685
2097-06-21,0.009850127921972065
2097-06-22,0.009671231772691143
2097-06-23,0.009482448431726843
2097-06-24,0.009300576285552298
2097-06-25,0.009137373126867734
2097-06-26,0.008998300547209499
2097-06-27,0.009057087986548524
2097-06-28,0.008793384773547514
2097-06-29,0.008685981504231003
2097-06-30,0.008588412995224073
2097-07-01,0.017556905460406724
2097-07-02,0.017257464776731277
2097-07-03,0.029065900335370536
2097-07-04,0.016988690878213534
2097-07-05,0.016899063700562267
2097-07-06,0.01679756391139058
2097-07-07,0.016685158043152775
2097-07-08,0.016580872432057824
2097-07-09,0.01648720884375703
2097-07-10,0.016405568404743026
2097-07-11,0.016334913023845748
2097-07-12,0.016273830636365644
2097-07-13,0.016219370824700288
2097-07-14,0.01617929050073527
2097-07-15,0.01612726921333961
2097-07-16,0.017500598474200043
2097-07-17,0.016062832685522884
2097-07-18,0.01603939822177631
2097-07-19,0.016016306425892298
2097-07-20,0.015994023085591863
2097-07-21,0.015974400672584613
2097-07-22,0.01595700373655238
2097-07-23,0.015942311343768674
2097-07-24,0.015930091216282808
2097-07-25,0.015919046108885983
2097-07-26,0.015908786118085855
2097-07-27,0.01589951887976229
2097-07-28,0.015891811166049118
2097-07-29,0.01588541256329222
2097-07-30,0.01587956092173449
2097-07-31,0.015874120104260803
2097-08-01,0.01797647921836209
2097-08-02,0.01797111039739358
2097-08-03,0.017965949570811192
2097-08-04,0.017960959810840206
2097-08-05,0.017956077515446697
2097-08-06,0.017951282103281212
2097-08-07,0.017946538080421195
2097-08-08,0.017941910050930952
2097-08-09,0.017937477682649687
2097-08-10,0.01793311202372218
2097-08-11,0.01792877780702814
2097-08-12,0.01792448132408983
2097-08-13,0.01792018581627332
2097-08-14,0.017915891314331404
2097-08-15,0.017911597874644566
2097-08-16,0.01790730549464976
2097-08-17,0.017903014184598165
2097-08-18,0.01789872369334148
2097-08-19,0.01789443435403535
2097-08-20,0.017890145966786803
2097-08-21,0.01788585878146196
2097-08-22,0.01788157239058642
2097-08-23,0.017877287425874286
2097-08-24,0.017873002853260992
2097-08-25,0.017868720007933516
2097-08-26,0.017864437713594482
2097-08-27,0.017860156551985883
2097-08-28,0.017855876447506424
2097-08-29,0.01785159742706548
2097-08-30,0.017847319439407712
2097-08-31,0.017843042174442138
2097-09-01,0.01389264730472788
2097-09-02,0.019756128423489783
2097-09-03,0.024881894551792457
2097-09-04,0.03106411462713359
2097-09-05,0.025497113554273882
2097-09-06,0.029690155981177514
2097-09-07,0.01387268344046658
2097-09-08,0.013869358615567613
2097-09-09,0.013866035194737763
2097-09-10,0.013862712239935085
2097-09-11,0.013859389990659946
2097-09-12,0.013856068787201857
2097-09-13,0.01385274835712909
2097-09-14,0.01384942852281309
2097-09-15,0.013846109613565997
2097-09-16,0.013842791410844019
2097-09-17,0.013839474291860221
2097-09-18,0.013836157421357376
2097-09-19,0.013832841762325875
2097-09-20,0.013829526842751013
2097-09-21,0.013826212739472038
2097-09-22,0.013822899281845491
2097-09-23,0.013819586729329699
2097-09-24,0.013816274944211974
2097-09-25,0.013812964101127872
2097-09-26,0.013809653846814757
2097-09-27,0.013806344599400076
2097-09-28,0.013803035626412526
2097-09-29,0.013799728046516975
2097-09-30,0.013796420917679972
2097-10-01,0.013629289869000662
2097-10-02,0.013626023668620221
2097-10-03,0.013622758228495757
2097-10-04,0.013619493683717645
2097-10-05,0.01361622981143566
2097-10-06,0.013612966920287628
2097-10-07,0.013609704395955458
2097-10-08,0.013606443037151769
2097-10-09,0.013603182532279373
2097-10-10,0.01359992265060024
2097-10-11,0.013596663471984691
2097-10-12,0.013593404967837437
2097-10-13,0.013590147589775595
2097-10-14,0.013586890709676358
2097-10-15,0.47816760486287607
2097-10-16,0.21398346377699184
2097-10-17,0.013874337920200035
2097-10-18,0.013574780825769794
2097-10-19,0.013572190625804583
2097-10-20,0.013691015778770268
2097-10-21,0.013566919907303165
2097-10-22,0.013564211097591882
2097-10-23,0.013561452745045431
2097-10-24,0.013558638737050273
2097-10-25,0.01355576861015646
2097-10-26,0.01355284631059327
2097-10-27,0.013549877418499865
2097-10-28,0.013546866374123962
2097-10-29,0.013543818776339788
2097-10-30,0.013540740427149955
2097-10-31,0.01353763676963048
2097-11-01,0.010623695773224587
2097-11-02,0.010621233432310176
2097-11-03,0.01061876071289497
2097-11-04,0.010616278497333523
2097-11-05,0.010613788433461151
2097-11-06,0.010611291759670656
2097-11-07,0.0106104105809134
2097-11-08,0.010606286948447377
2097-11-09,0.012625824872803624
2097-11-10,0.010601274120182351
2097-11-11,0.012003321743785645
2097-11-12,0.010596257124727738
2097-11-13,0.010655398384923773
2097-11-14,0.010591236565025329
2097-11-15,0.010588725104057483
2097-11-16,0.010586212836586935
2097-11-17,0.010583699263386539
2097-11-18,0.010581185224240964
2097-11-19,0.010578670411874228
2097-11-20,0.010576155164522373
2097-11-21,0.010573639308810058
2097-11-22,0.010571123310682983
2097-11-23,0.010568607309459504
2097-11-24,0.010566091202973004
2097-11-25,0.16736602296308775
2097-11-26,0.02211058121094337
2097-11-27,0.021114518346210816
2097-11-28,0.04223629348816049
2097-11-29,0.013394107300841769
2097-11-30,0.012561367901469812
2097-12-01,0.02307379742966425
2097-12-02,0.02649365473357809
2097-12-03,0.0160662438527921
2097-12-04,0.01250113393864296
2097-12-05,0.010664878584935087
2097-12-06,0.011126446163382124
2097-12-07,0.01114091118325918
2097-12-08,0.012221004820626548
2097-12-09,0.010409577206222737
2097-12-10,0.010529691937117286
2097-12-11,0.01039502136816936
2097-12-12,0.01049494551037082
2097-12-13,0.01689290232864641
2097-12-14,0.01056919927681656
2097-12-15,0.010220202861561532
2097-12-16,0.010217988615715172
2097-12-17,0.010215771658810732
2097-12-18,0.010213549827418828
2097-12-19,0.010211323338182966
2097-12-20,0.010209094424491307
2097-12-21,0.010206863224755005
2097-12-22,0.010204627305491452
2097-12-23,0.010202387837931964
2097-12-24,0.05807231055628989
2097-12-25,0.1324356844961039
2097-12-26,0.557020955736604
2097-12-27,1.4739740711320954
2097-12-28,7.612841382006597
2097-12-29,52.05434722586726
2097-12-30,38.779961858131216
2097-12-31,2.159571375767647
2098-01-01,0.5370206337475105
2098-01-02,1.6579417092606807
2098-01-03,0.34685821252760435
2098-01-04,0.12381087306211316
2098-01-05,0.11009768492720592
2098-01-06,0.19149114525973665
2098-01-07,0.14233084367803892
2098-01-08,0.04057573121771178
2098-01-09,0.03526811648615258
2098-01-10,0.04364754375299152
2098-01-11,0.055884431920835524
2098-01-12,0.06522723988073038
2098-01-13,0.09167616071983326
2098-01-14,0.0892416494264213
2098-01-15,0.09315916973990496
2098-01-16,0.14573113390323764
2098-01-17,0.1471804049604934
2098-01-18,0.17198949934642002
2098-01-19,0.18666668412419674
2098-01-20,0.18988477823519542
2098-01-21,0.19727752058468698
2098-01-22,0.18163010299820864
2098-01-23,0.14425418649457702
2098-01-24,0.10824287129682422
2098-01-25,0.10733191385810113
2098-01-26,0.10404623469171542
2098-01-27,0.09010580298273936
2098-01-28,0.08700254142674457
2098-01-29,0.2300796238480223
2098-01-30,0.5050048336691414
2098-01-31,0.5512467929687546
2098-02-01,0.2100290794622594
2098-02-02,0.2536850221345282
2098-02-03,0.3082277403326085
2098-02-04,0.318063031962084
2098-02-05,0.2986542304636427
2098-02-06,0.5480941082739221
2098-02-07,0.4104509310352576
2098-02-08,0.35293185621116385
2098-02-09,0.379397124762768
2098-02-10,0.3970146669899921
2098-02-11,0.4107470489333698
2098-02-12,0.41002152689608046
2098-02-13,0.4300475782664587
2098-02-14,0.40845799230615876
2098-02-15,0.38917041240274697
2098-02-16,0.36541378281205067
2098-02-17,0.34744367316962477
2098-02-18,0.3638406015085176
2098-02-19,0.30497354016153844
2098-02-20,0.3029744583807627
2098-02-21,0.2611965005418923
2098-02-22,0.28560744357813617
2098-02-23,0.5486488314222119
2098-02-24,0.5325286790143343
2098-02-25,0.2822223432786494
2098-02-26,0.2878341062279751
2098-02-27,0.28136212403391336
2098-02-28,0.2703385172151591
2098-03-01,0.45874926497799245
2098-03-02,1.434471031308698
2098-03-03,3.8037558675142047
2098-03-04,1.1772001254710822
2098-03-05,1.2666625526161526
2098-03-06,1.5001279343611948
2098-03-07,2.282375471351777
2098-03-08,2.8574340528026188
2098-03-09,4.610057734597199
2098-03-10,2.249664345243922
2098-03-11,2.232019561347311
2098-03-12,2.409070245421781
2098-03-13,2.428794832001141
2098-03-14,2.343769332875093
2098-03-15,2.3075050844084024
2098-03-16,2.246930661884976
2098-03-17,2.1268596842536986
2098-03-18,1.662135768731385
2098-03-19,1.5001211281562326
2098-03-20,1.3623079137744412
2098-03-21,1.2662935721443096
2098-03-22,1.3986620225592739
2098-03-23,1.1226100812101254
2098-03-24,1.0624847548638299
2098-03-25,1.0048047184644422
2098-03-26,0.9569761039702251
2098-03-27,0.8592604655513968
2098-03-28,0.758551825863242
2098-03-29,0.6712071735474502
2098-03-30,0.5891251483072141
2098-03-31,0.5186894001779178
2098-04-01,0.42092016892115497
2098-04-02,0.37490249425875927
2098-04-03,0.32307362153434743
2098-04-04,0.275687048666675
2098-04-05,0.2291108234309862
2098-04-06,0.18775789598320589
2098-04-07,0.1518888836982839
2098-04-08,0.12243061813295002
2098-04-09,0.09923991272389614
2098-04-10,0.08186336097549361
2098-04-11,0.07087328014760201
2098-04-12,0.06260453026760313
2098-04-13,0.058259283787986456
2098-04-14,0.053098115022858626
2098-04-15,0.04574053146607276
2098-04-16,0.04349341166886006
2098-04-17,0.216987662553641
2098-04-18,0.1962020429469386
2098-04-19,0.04135079388634808
2098-04-20,0.04550654529169217
2098-04-21,0.04945922360219529
2098-04-22,0.04285492438744552
2098-04-23,0.304135966478647
2098-04-24,0.048408280710140736
2098-04-25,0.06006221381731231
2098-04-26,0.05868149281642711
2098-04-27,0.05589793945913815
2098-04-28,0.05307009336771288
2098-04-29,0.05831608093957204
2098-04-30,0.05048071387926462
2098-05-01,0.051966183978337285
2098-05-02,0.04636571820669061
2098-05-03,0.0408064237064744
2098-05-04,0.035903282086113465
2098-05-05,0.03138260352778388
2098-05-06,0.027651614114244417
2098-05-07,0.02509213194450749
2098-05-08,0.023500174646016548
2098-05-09,0.0222706279541463
2098-05-10,0.021205563870547613
2098-05-11,0.020428209782155468
2098-05-12,0.019775155126368873
2098-05-13,0.019235366189257395
2098-05-14,0.01880194779678591
2098-05-15,0.018444977746063084
2098-05-16,0.01813803627753916
2098-05-17,0.017843653380328645
2098-05-18,0.01766822793703145
2098-05-19,0.017321195630371336
2098-05-20,0.0170813677433904
2098-05-21,0.017087881604681034
2098-05-22,0.01664953543164188
2098-05-23,0.016416583565026347
2098-05-24,0.018044661188911997
2098-05-25,0.02180379538997531
2098-05-26,0.017226075753918147
2098-05-27,0.015655707847662882
2098-05-28,0.015375445763535304
2098-05-29,0.015087703992179013
2098-05-30,0.014779369621379896
2098-05-31,0.01444791766380316
2098-06-01,0.014803568344529108
2098-06-02,0.014460038163842141
2098-06-03,0.014105305910523168
2098-06-04,0.01378078598777017
2098-06-05,0.013497013773311818
2098-06-06,0.013235337663591371
2098-06-07,0.012961999798781558
2098-06-08,0.012659815751652866
2098-06-09,0.012350231582015207
2098-06-10,0.01205578547862411
2098-06-11,0.011772239610962592
2098-06-12,0.011472079023795025
2098-06-13,0.01115724315189341
2098-06-14,0.010851748697808116
2098-06-15,0.010567008816192864
2098-06-16,0.01031155425846631
2098-06-17,0.010074081926121149
2098-06-18,0.00983869589947919
2098-06-19,0.00961310130262658
2098-06-20,0.009408789565612129
2098-06-21,0.009223670900983364
2098-06-22,0.00906470206680341
2098-06-23,0.008915173533445852
2098-06-24,0.008774108533451234
2098-06-25,0.008643610587716266
2098-06-26,0.008525523307909823
2098-06-27,0.0084196394786599
2098-06-28,0.008325784955147773
2098-06-29,0.008239550456892088
2098-06-30,0.008168493043195061
2098-07-01,0.016788884153136393
2098-07-02,0.02799884759847503
2098-07-03,0.016425579947537433
2098-07-04,0.01634972734312569
2098-07-05,0.01627091310011844
2098-07-06,0.024468744629886623
2098-07-07,0.01615534492641008
2098-07-08,0.016109580384438337
2098-07-09,0.016070339499345217
2098-07-10,0.016036951943483483
2098-07-11,0.016008692198208854
2098-07-12,0.016072174808138998
2098-07-13,0.03536240224462205
2098-07-14,0.015953297657459786
2098-07-15,0.015941257650666747
2098-07-16,0.015930203802885737
2098-07-17,0.01592035057082232
2098-07-18,0.015911663793791213
2098-07-19,0.015905053831413888
2098-07-20,0.015899821370361847
2098-07-21,0.020504956873755368
2098-07-22,0.015890275265475196
2098-07-23,0.017774181619085207
2098-07-24,0.01588169271812236
2098-07-25,0.01649985404440438
2098-07-26,0.015873597144901785
2098-07-27,0.015869793319874297
2098-07-28,0.015865990111322555
2098-07-29,0.015862187731902795
2098-07-30,0.01585838659674655
2098-07-31,0.015854586347279032
2098-08-01,0.017955827421680972
2098-08-02,0.01795152467284808
2098-08-03,0.017947222507037893
2098-08-04,0.018907324612623132
2098-08-05,0.01793862154413677
2098-08-06,0.017934322682977632
2098-08-07,0.01793002478412632
2098-08-08,0.017925727624625205
2098-08-09,0.017921431825938004
2098-08-10,0.017917136808885677
2098-08-11,0.017912843375605662
2098-08-12,0.019549092941847705
2098-08-13,0.017904259006433828
2098-08-14,0.0188659876088446
2098-08-15,0.017895678553125738
2098-08-16,0.01789138982759544
2098-08-17,0.017887102013118675
2098-08-18,0.017882815749098287
2098-08-19,0.017878529923306127
2098-08-20,0.02200729601038035
2098-08-21,0.02051297316405697
2098-08-22,0.017865679634410523
2098-08-23,0.017861397732170586
2098-08-24,0.01785744096194863
2098-08-25,0.02363199842082335
2098-08-26,0.017848559720071384
2098-08-27,0.017844282613995583
2098-08-28,0.017840006408722377
2098-08-29,0.01783573100558617
2098-08-30,0.017831456885100298
2098-08-31,0.017827183384796996
2098-09-01,0.02140947204588386
2098-09-02,0.014278262257139272
2098-09-03,0.01387364742029526
2098-09-04,0.02548078684297131
2098-09-05,0.022203194771130457
2098-09-06,0.03137132171086373
2098-09-07,0.017040212112064006
2098-09-08,0.029131855497350957
2098-09-09,0.017040635973313692
2098-09-10,0.04067106457699498
2098-09-11,0.02439735664902656
2098-09-12,0.03263952136972424
2098-09-13,0.013840439261622251
2098-09-14,0.03126595906346495
2098-09-15,0.016490037411815383
2098-09-16,0.07312874212793172
2098-09-17,0.022245820454055546
2098-09-18,0.0465403707218398
2098-09-19,0.23589155732553305
2098-09-20,0.2676593774611006
2098-09-21,0.051885652000362395
2098-09-22,0.0138520686100049
2098-09-23,0.013869637836733069
2098-09-24,0.037845697592345275
2098-09-25,0.013884134350314471
2098-09-26,0.013885229295770834
2098-09-27,0.0138846149760761
2098-09-28,0.013883686882340459
2098-09-29,0.01472670992815154
2098-09-30,0.01391965219983479
2098-10-01,0.16439464495006417
2098-10-02,0.01509050175779929
2098-10-03,0.013732832458002183
2098-10-04,0.01370745922850136
2098-10-05,0.013703174182963584
2098-10-06,0.013698261549816165
2098-10-07,0.01369332474329883
2098-10-08,0.013689156757414146
2098-10-09,0.01368497517172874
2098-10-10,0.01368036685186975
2098-10-11,0.01367542297132615
2098-10-12,0.013669762861897113
2098-10-13,0.013663823438871047
2098-10-14,0.013658121372400444
2098-10-15,0.013652610408174646
2098-10-16,0.013647399491522652
2098-10-17,0.013642604484028847
2098-10-18,0.013638340945542556
2098-10-19,0.013634660838700801
2098-10-20,0.013630832933619628
2098-10-21,0.013626621482014687
2098-10-22,0.01362224466346032
2098-10-23,0.013617798093666516
2098-10-24,0.013613631867906652
2098-10-25,0.01360953755681207
2098-10-26,0.013605234186252816
2098-10-27,0.013600935573454712
2098-10-28,0.013596709197764621
2098-10-29,0.013592607601625941
2098-10-30,0.013588696253800341
2098-10-31,0.013584831257905574
2098-11-01,0.010660248469101284
2098-11-02,0.010657324588694918
2098-11-03,0.010654355006971573
2098-11-04,0.010651476324011302
2098-11-05,0.010648730712486731
2098-11-06,0.010645999345568764
2098-11-07,0.010643193579142165
2098-11-08,0.01064031352621036
2098-11-09,0.010637464590205115
2098-11-10,0.010634671677515674
2098-11-11,0.010631894398754343
2098-11-12,0.010629107727561763
2098-11-13,0.011495460988043828
2098-11-14,0.34167953696123726
2098-11-15,0.23149892891716536
2098-11-16,0.01243730393152413
2098-11-17,0.010622701190247812
2098-11-18,0.010625588675080993
2098-11-19,0.010628612619900597
2098-11-20,0.010631485171271462
2098-11-21,0.01063421300954569
2098-11-22,0.010636785737646566
2098-11-23,0.5039946309005009
2098-11-24,0.3866259497612899
2098-11-25,0.2756943434991825
2098-11-26,0.035659488592544634
2098-11-27,0.01562748865112477
2098-11-28,0.02403175889910784
2098-11-29,0.01619478526276973
2098-11-30,0.012990284727571525
2098-12-01,0.011476933576874813
2098-12-02,0.011540353980063804
2098-12-03,0.011590423641941905
2098-12-04,0.011628936911102804
2098-12-05,0.011659032505573836
2098-12-06,0.011683350687892322
2098-12-07,0.011703133111954034
2098-12-08,0.011717350674848987
2098-12-09,0.011728312859985093
2098-12-10,0.040063403718360396
2098-12-11,0.027318008063415777
2098-12-12,0.0758414004630377
2098-12-13,0.01925395202947755
2098-12-14,0.01263672267754055
2098-12-15,0.013051106264538434
2098-12-16,0.23963952032370747
2098-12-17,0.6636147906428747
2098-12-18,0.5358687257682654
2098-12-19,0.10078066539940089
2098-12-20,0.6140776178234804
2098-12-21,1.6212392918427256
2098-12-22,0.5396230876270292
2098-12-23,1.1069771916128919
2098-12-24,0.4065955915171544
2098-12-25,0.06422339991808375
2098-12-26,0.06342939762693836
2098-12-27,0.1973701035986276
2098-12-28,0.3123938623626413
2098-12-29,0.3419339144691076
2098-12-30,0.9146228917702494
2098-12-31,0.6130445899847694
2099-01-01,0.09534960502938952
2099-01-02,0.09086505788430979
2099-01-03,0.06591430885791216
2099-01-04,0.11580738708263098
2099-01-05,0.07009317997856196
2099-01-06,0.8003135548933769
2099-01-07,2.883044924032214
2099-01-08,2.661478081151777
2099-01-09,0.19825429662212257
2099-01-10,0.10873366957738773
2099-01-11,0.2694191439751618
2099-01-12,1.6245517919288082
2099-01-13,0.41086670640677164
2099-01-14,0.49702806599911986
2099-01-15,0.5692783640881165
2099-01-16,1.1022725235559394
2099-01-17,1.5121277895442293
2099-01-18,1.1134633065982849
2099-01-19,1.0865487133677225
2099-01-20,1.1788268632040795
2099-01-21,1.53911122186858
2099-01-22,1.7121663620014838
2099-01-23,1.4849194022134533
2099-01-24,1.3870746538336916
2099-01-25,1.3471853354466539
2099-01-26,1.2337322081172482
2099-01-27,1.1297580488521346
2099-01-28,1.066232976186119
2099-01-29,0.9858428466368373
2099-01-30,1.033387638525654
2099-01-31,1.6294923293694048
2099-02-01,3.845420899261056
2099-02-02,7.932175179584688
2099-02-03,4.312676815391646
2099-02-04,3.450725853457657
2099-02-05,2.501806581028089
2099-02-06,1.9816228566707128
2099-02-07,1.9086401306098224
2099-02-08,1.9653684013643646
2099-02-09,2.0902345880033955
2099-02-10,2.1750947904102715
2099-02-11,2.1851964353982445
2099-02-12,1.9869776245370276
2099-02-13,1.8669578981877883
2099-02-14,2.040688488247292
2099-02-15,1.4059124978112059
2099-02-16,1.4659902007186263
2099-02-17,1.5321784632662105
2099-02-18,1.240368423367084
2099-02-19,1.1787879364820872
2099-02-20,1.1940666175762678
2099-02-21,1.3932987361068268
2099-02-22,1.187100169335055
2099-02-23,1.0586652543317117
2099-02-24,1.3484287451291732
2099-02-25,1.49846471666816
2099-02-26,2.356452647396237
2099-02-27,5.506591787246359
2099-02-28,2.8598447863452705
2099-03-01,2.5558778123090207
2099-03-02,2.5355682854324697
2099-03-03,2.35409337304232
2099-03-04,2.0291524337773383
2099-03-05,1.8108166253500828
2099-03-06,1.7415591973068527
2099-03-07,1.4795802303362988
2099-03-08,1.2172592415770325
2099-03-09,1.0979619696100167
2099-03-10,0.9998226351389548
2099-03-11,0.9368479010796509
2099-03-12,0.8560309328589236
2099-03-13,1.0483658913590381
2099-03-14,1.2319461573850081
2099-03-15,1.184599314271008
2099-03-16,1.0689692635979944
2099-03-17,1.106739153313805
2099-03-18,0.9935464842267782
2099-03-19,0.9504601511437497
2099-03-20,0.884631912720362
2099-03-21,0.8122268930378339
2099-03-22,0.7591513309101383
2099-03-23,0.6727255383320315
2099-03-24,0.7880096247886853
2099-03-25,0.6284164329530048
2099-03-26,0.5722148427894512
2099-03-27,0.9559458515865802
2099-03-28,2.0080487943745693
2099-03-29,3.351203650495919
2099-03-30,2.223257647727408
2099-03-31,1.9887510743741232
2099-04-01,1.833063152166052
2099-04-02,1.8710629927356215
2099-04-03,1.8201042879840028
2099-04-04,1.6291468526564332
2099-04-05,1.5423295114926838
2099-04-06,1.4511149604951468
2099-04-07,1.3354358552337429
2099-04-08,1.2442249453096716
2099-04-09,1.4374860254508355
2099-04-10,1.0981771940375482
2099-04-11,1.0138032938960266
2099-04-12,0.979819068572398
2099-04-13,0.9446823166568515
2099-04-14,0.8330348970549489
2099-04-15,0.7204984814104475
2099-04-16,0.6563661804439805
2099-04-17,0.5955266070966194
2099-04-18,0.5474095948048519
2099-04-19,0.5023350339455085
2099-04-20,0.46224038052219574
2099-04-21,0.4256866828308264
2099-04-22,0.42370954387277704
2099-04-23,0.3598445382600067
2099-04-24,0.344728442504679
2099-04-25,0.370662683867998
2099-04-26,0.3292428048442324
2099-04-27,0.21235899746661924
2099-04-28,0.2171472506901976
2099-04-29,0.1616021184486537
2099-04-30,0.1472709555532296
2099-05-01,0.1460693182338104
2099-05-02,0.12727293978346646
2099-05-03,0.10786121658794046
2099-05-04,0.09005720871238733
2099-05-05,0.07602461105994461
2099-05-06,0.0651893048100773
2099-05-07,0.05584459187725252
2099-05-08,0.04906833358795578
2099-05-09,0.051366195818960785
2099-05-10,0.042124285802863155
2099-05-11,0.038510346658596255
2099-05-12,0.03529889998422333
2099-05-13,0.03243983823285509
2099-05-14,0.029928290323000577
2099-05-15,0.027875238592713212
2099-05-16,0.02632946788059866
2099-05-17,0.02505108166113033
2099-05-18,0.023925378294425353
2099-05-19,0.022942419235544857
2099-05-20,0.022116585927459288
2099-05-21,0.08597293957318788
2099-05-22,0.09165676777644585
2099-05-23,0.02121541850767582
2099-05-24,0.020800120927157228
2099-05-25,0.021478081700532153
2099-05-26,0.026532896731021008
2099-05-27,0.01975520450955044
2099-05-28,0.038040239523985976
2099-05-29,0.025066876487122892
2099-05-30,0.03279556989459421
2099-05-31,0.022783639695801668
2099-06-01,0.03382975962268411
2099-06-02,0.030807740399905192
2099-06-03,0.018278567755475043
2099-06-04,0.01804320543384458
2099-06-05,0.017803491250820574
2099-06-06,0.017551004410769157
2099-06-07,0.017371585759757273
2099-06-08,0.017217319474791416
2099-06-09,0.01771250932550909
2099-06-10,0.016763232817107274
2099-06-11,0.01644030010335833
2099-06-12,0.01610530191702055
2099-06-13,0.01576797952455423
2099-06-14,0.015426454162076957
2099-06-15,0.015092280214011275
2099-06-16,0.014763531424839611
2099-06-17,0.014448291315988319
2099-06-18,0.014157007878461011
2099-06-19,0.013875754058445055
2099-06-20,0.01357830085070926
2099-06-21,0.013241649782978582
2099-06-22,0.01290730639823136
2099-06-23,0.012603801615587568
2099-06-24,0.012318195897783447
2099-06-25,0.012032786579539885
2099-06-26,0.011759715437467306
2099-06-27,0.011497775674286852
2099-06-28,0.011218543863962746
2099-06-29,0.010928698194829478
2099-06-30,0.010641148886652508
2099-07-01,0.021264509896638393
2099-07-02,0.02073067480948752
2099-07-03,0.020241310124102085
2099-07-04,0.0197991756290234
2099-07-05,0.019388095878149804
2099-07-06,0.0190095867631709
2099-07-07,0.01866168041034404
2099-07-08,0.01834084574621692
2099-07-09,0.018051741815340906
2099-07-10,0.017793161864386994
2099-07-11,0.017558069621470388
2099-07-12,0.017344224789308554
2099-07-13,0.017154826842911242
2099-07-14,0.15245674300528475
2099-07-15,0.01692034895841463
2099-07-16,0.016801145086804328
2099-07-17,0.01666851351768956
2099-07-18,0.01655955451794868
2099-07-19,0.016469288086430736
2099-07-20,0.016394383503228357
2099-07-21,0.03780935666080621
2099-07-22,0.016267307973766472
2099-07-23,0.016207923638128466
2099-07-24,0.01615533047825043
2099-07-25,0.01611060584520479
2099-07-26,0.01607236510916834
2099-07-27,0.01603984084923145
2099-07-28,0.016012428808130322
2099-07-29,0.01598911284350007
2099-07-30,0.01596965109090696
2099-07-31,0.015953580484173793
2099-08-01,0.01805675744381213
2099-08-02,0.01804307175868032
2099-08-03,0.018031703767744555
2099-08-04,0.018022845504658293
2099-08-05,0.01801543010155609
2099-08-06,0.01800867041343432
2099-08-07,0.018002501501791193
2099-08-08,0.017996776057879058
2099-08-09,0.017991438644547362
2099-08-10,0.01798626454426273
2099-08-11,0.017981181832499915
2099-08-12,0.01797623585690916
2099-08-13,0.017971356080687357
2099-08-14,0.017966498035202928
2099-08-15,0.01796175899558698
2099-08-16,0.01795726602111281
2099-08-17,0.017952907833848217
2099-08-18,0.01794858450750956
2099-08-19,0.017944283318102668
2099-08-20,0.01793998288470364
2099-08-21,0.01793568361863168
2099-08-22,0.01793138558267393
2099-08-23,0.017927088202777306
2099-08-24,0.023051003318752438
2099-08-25,0.29784084471554145
2099-08-26,2.6033233750662843
2099-08-27,2.1534926096999145
2099-08-28,0.057612769245670326
2099-08-29,0.021223923896988347
2099-08-30,0.021462773475135113
2099-08-31,0.021444609521801522
2099-09-01,0.016615681543488553
2099-09-02,0.05333887048762722
2099-09-03,0.016449334000420583
2099-09-04,0.03913317077744981
2099-09-05,0.016260948693063763
2099-09-06,0.021928830811031894
2099-09-07,0.016005548716336252
2099-09-08,0.01588718904438516
2099-09-09,0.015756242722283088
2099-09-10,0.015619228867296692
2099-09-11,0.015494203714592479
2099-09-12,0.015382860071674494
2099-09-13,0.11122489086000048
2099-09-14,0.015188922135643393
2099-09-15,0.015088367177873598
2099-09-16,0.014991199914771049
2099-09-17,0.01490525428908983
2099-09-18,0.014830150211213474
2099-09-19,0.014758372464092872
2099-09-20,0.01468757268360559
2099-09-21,0.014620929161517304
2099-09-22,0.014561235696170505
2099-09-23,0.014510469206027063
2099-09-24,0.014470354565656561
2099-09-25,0.014440206755938666
2099-09-26,0.014411133082114275
2099-09-27,0.014378949218370702
2099-09-28,0.014347492708379329
2099-09-29,0.014316498350710445
2099-09-30,0.014285507824045036
2099-10-01,0.0140873924966021
2099-10-02,0.014063148851238319
2099-10-03,0.014042377564717825
2099-10-04,0.014024558579756775
2099-10-05,0.014009809436221363
2099-10-06,0.013996272139248556
2099-10-07,0.013983814484221709
2099-10-08,0.013974541671371186
2099-10-09,0.017096531503088822
2099-10-10,0.029902165448246126
2099-10-11,0.02821225605493228
2099-10-12,0.0498733698291505
2099-10-13,0.013949643482354276
2099-10-14,0.013941564982854565
2099-10-15,0.013932919926230717
2099-10-16,0.013924673679421929
2099-10-17,0.014051273218770071
2099-10-18,0.05386087048380086
2099-10-19,0.024264839575154566
2099-10-20,0.01856716451178699
2099-10-21,0.013899514372654981
2099-10-22,0.013895621977974107
2099-10-23,0.013891765425749162
2099-10-24,0.013887857721431519
2099-10-25,0.013884107335805666
2099-10-26,0.013880323647825727
2099-10-27,0.013876162157147355
2099-10-28,0.013871604010218683
2099-10-29,0.013866900828989186
2099-10-30,0.013862486547874944
2099-10-31,0.013858573077052731
2099-11-01,0.3259307405879427
2099-11-02,0.21089647749335708
2099-11-03,0.04991674745642133
2099-11-04,0.02998578251894354
2099-11-05,0.03081492863428311
2099-11-06,0.04672784784970772
2099-11-07,0.021438895493623912
2099-11-08,0.011095497213193584
2099-11-09,0.011038570487758944
2099-11-10,0.011060651582940931
2099-11-11,0.011078182085171731
2099-11-12,0.011090224227361419
2099-11-13,0.01109667068889238
2099-11-14,0.011100347055110678
2099-11-15,0.011103574509567591
2099-11-16,0.011107400657002936
2099-11-17,0.011112553256405646
2099-11-18,0.01111829093962998
2099-11-19,0.01112324015478269
2099-11-20,0.011127140957918736
2099-11-21,0.011129886329504717
2099-11-22,0.011131601786009915
2099-11-23,0.011131337063419374
2099-11-24,0.011128916084805042
2099-11-25,0.011124457713374314
2099-11-26,0.01111875805885303
2099-11-27,0.011113871663467528
2099-11-28,0.011110797414382005
2099-11-29,0.011108526121783239
2099-11-30,0.011105652426447515
2099-12-01,0.01079087492166284
2099-12-02,0.010788037692960502
2099-12-03,0.010784684490701501
2099-12-04,0.010781705196256925
2099-12-05,0.010778905641026189
2099-12-06,0.010776429559963066
2099-12-07,0.046511676809230844
2099-12-08,0.02563331766650695
2099-12-09,0.013515492011537894
2099-12-10,0.48302799585222794
2099-12-11,0.27054958542121643
2099-12-12,0.023966522564306834
2099-12-13,0.12177139514045501
2099-12-14,0.17938267915634928
2099-12-15,0.022991044483783557
2099-12-16,0.01709813109897317
2099-12-17,0.016472178363018383
2099-12-18,0.01573918682619632
2099-12-19,0.012453408556342934
2099-12-20,0.01177924179400871
2099-12-21,0.01162007537443338
2099-12-22,0.011645020324857945
2099-12-23,0.012681104424516029
2099-12-24,1.256510570747979
2099-12-25,1.6360501565425276
2099-12-26,2.3970080197467505
2099-12-27,0.03736293113686637
2099-12-28,0.030427876442391096
2099-12-29,0.08984522041990906
2099-12-30,2.019960558549331
2099-12-31,0.8825515142284485
2100-01-01,0.026309916022390245
2100-01-02,0.15984263821894648
2100-01-03,0.02189802952842713
2100-01-04,0.030510116139055823
2100-01-05,0.07244781197583111
2100-01-06,0.06633847473055157
2100-01-07,0.040051171107594055
2100-01-08,0.03403513699272709
2100-01-09,0.023524342461999997
2100-01-10,0.11826981696332102
2100-01-11,0.08245873338948237
2100-01-12,0.07547801471886434
2100-01-13,0.026041543197406793
2100-01-14,0.023301058263826176
2100-01-15,0.020088287360481343
2100-01-16,0.02161628948608851
2100-01-17,0.03303762493108413
2100-01-18,0.04497276665941905
2100-01-19,0.04763591297534092
2100-01-20,0.04951667166263162
2100-01-21,0.03853146239077905
2100-01-22,0.03260903192790829
2100-01-23,0.024604516301415493
2100-01-24,0.34522016023086566
2100-01-25,2.071767039882342
2100-01-26,0.9975594710417185
2100-01-27,0.4156444439097291
2100-01-28,0.19039728244203277
2100-01-29,0.3870592124963118
2100-01-30,2.515905441838158
2100-01-31,6.980960565579407
2100-02-01,1.1000194822798068
2100-02-02,1.1633759435075417
2100-02-03,1.2730823346015765
2100-02-04,1.6742221981747603
2100-02-05,1.6381254815702297
2100-02-06,1.3846652772853105
2100-02-07,1.3958543526925333
2100-02-08,1.34528385461779
2100-02-09,1.3242913879616496
2100-02-10,1.5245103965602087
2100-02-11,2.312620801655645
2100-02-12,5.254572356062681
2100-02-13,2.9449842461339992
2100-02-14,1.7843303674238284
2100-02-15,1.8775593814708054
2100-02-16,2.4813058017633525
2100-02-17,2.108552863146555
2100-02-18,2.000610721704934
2100-02-19,1.7447860539332036
2100-02-20,1.7314225766124167
2100-02-21,1.696876039343059
2100-02-22,1.5816007867979405
2100-02-23,1.4832991568618614
2100-02-24,1.451073110767799
2100-02-25,1.5327165470058117
2100-02-26,1.4727824150343611
2100-02-27,1.3605317761620903
2100-02-28,1.30148841607361
2100-03-01,1.4310595109860704
2100-03-02,1.3452274323042364
2100-03-03,1.3081890996662717
2100-03-04,1.1828394259431352
2100-03-05,1.502108696576088
2100-03-06,1.0966338719127042
2100-03-07,1.1177896410734518
2100-03-08,1.0915012398911703
2100-03-09,1.0065707468719574
2100-03-10,0.9598422434295975
2100-03-11,0.9204322122175077
2100-03-12,0.8773784748753121
2100-03-13,0.8157110591839658
2100-03-14,0.945810743089205
2100-03-15,0.7969801127442148
2100-03-16,0.7612370822317015
2100-03-17,0.7771552712686729
2100-03-18,0.7273580599326448
2100-03-19,0.73626069272141
2100-03-20,0.6957381668078266
2100-03-21,0.6216986571166486
2100-03-22,0.5856443958084564
2100-03-23,0.5516142201946288
2100-03-24,0.5136323899643002
2100-03-25,0.5036064982526054
2100-03-26,0.5018399053003078
2100-03-27,0.46001188623606565
2100-03-28,0.4313320520764363
2100-03-29,0.36899390609940363
2100-03-30,0.24764619841372082
2100-03-31,0.21853791345243748
2100-04-01,0.17469452913619568
2100-04-02,0.1518295707433152
2100-04-03,0.13158815693973178
2100-04-04,0.2859274408707668
2100-04-05,0.20847807843176477
2100-04-06,0.10756547620758145
2100-04-07,0.11948045928681514
2100-04-08,0.0973980482423233
2100-04-09,0.08624935387978745
2100-04-10,0.07651181105394216
2100-04-11,0.0677563496480916
2100-04-12,0.05991466373109105
2100-04-13,0.05364849934975344
2100-04-14,0.29470699142240175
2100-04-15,0.7764509259112709
2100-04-16,0.14224285635323156
2100-04-17,0.12365435729377815
2100-04-18,0.12399760390492083
2100-04-19,0.11932628552933011
2100-04-20,0.11089340888995555
2100-04-21,0.10090330183228666
2100-04-22,0.09063673740357178
2100-04-23,0.08288322952968691
2100-04-24,0.07291204135349792
2100-04-25,0.06648655549869052
2100-04-26,0.07913869342761232
2100-04-27,0.05909991327780457
2100-04-28,0.0518438731929758
2100-04-29,0.04692753746724137
2100-04-30,0.0407098003534747
2100-05-01,0.04005318454384813
2100-05-02,0.034997678413147555
2100-05-03,0.030913941548135638
2100-05-04,0.027832283516798097
2100-05-05,0.028709476325132634
2100-05-06,0.02433967790556851
2100-05-07,0.022923861791467912
2100-05-08,0.02316703427449638
2100-05-09,0.024634255331455402
2100-05-10,0.029213036486031047
2100-05-11,0.02223179942287704
2100-05-12,0.01977142101938404
2100-05-13,0.019189832924056897
2100-05-14,0.018701546135734166
2100-05-15,0.018305274973756752
2100-05-16,0.017990248035817124
2100-05-17,0.02571280769711293
2100-05-18,0.01753326571290166
2100-05-19,0.01725149215791213
2100-05-20,0.016921930634986752
2100-05-21,0.016587726276019538
2100-05-22,0.016257201525529976
2100-05-23,0.015942648474655687
2100-05-24,0.01562915955014522
2100-05-25,0.01528297289803201
2100-05-26,0.014920028885893825
2100-05-27,0.014556653596240476
2100-05-28,0.01419075209636358
2100-05-29,0.013832655062613294
2100-05-30,0.013474830892894446
2100-05-31,0.013108790804635298
2100-06-01,0.013349408964945351
2100-06-02,0.012967765148964472
2100-06-03,0.012600829303370812
2100-06-04,0.012246790649381568
2100-06-05,0.011908289973145796
2100-06-06,0.011592092829872908
2100-06-07,0.023015417471680524
2100-06-08,0.011087359005577738
2100-06-09,0.010857105884836744
2100-06-10,0.010588212208988727
2100-06-11,0.010326772687282704
2100-06-12,0.010085688918376877
2100-06-13,0.009868684012883397
2100-06-14,0.009674359982800935
2100-06-15,0.0094873174409861
2100-06-16,0.009308961709501276
2100-06-17,0.009145702498180896
2100-06-18,0.008992769794918271
2100-06-19,0.008849778628186483
2100-06-20,0.008719415956742228
2100-06-21,0.008601007870730462
2100-06-22,0.008498220720087159
2100-06-23,0.008413132345463708
2100-06-24,0.008565844356326149
2100-06-25,0.008265566733522007
2100-06-26,0.00819483348922159
2100-06-27,0.00812926324529073
2100-06-28,0.008074922670467373
2100-06-29,0.01177481762801934
2100-06-30,0.007996091978845833
2100-07-01,0.016334031737003905
2100-07-02,0.016269474384429525
2100-07-03,0.01620904528497597
2100-07-04,0.01615410240729676
2100-07-05,0.01610740355137318
2100-07-06,0.016068010807332403
2100-07-07,0.01603396292204474
2100-07-08,0.016005390286391252
2100-07-09,0.015981318143336358
2100-07-10,0.015961076866545094
2100-07-11,0.01594535833317433
2100-07-12,0.01593272228238677
2100-07-13,0.01592248905795361
2100-07-14,0.01591393607882237
2100-07-15,0.015906066073578924
2100-07-16,0.015899042826869096
2100-07-17,0.015893121029219165
2100-07-18,0.0158879790566534
2100-07-19,0.01588302859770815
2100-07-20,0.02233994584198099
2100-07-21,0.015874117628176858
2100-07-22,0.016141472154776477
2100-07-23,0.01586618546519229
2100-07-24,0.01586238305070701
2100-07-25,0.015858581629369768
2100-07-26,0.01585478108919753
2100-07-27,0.015850981771796707
2100-07-28,0.015847183000740502
2100-07-29,0.015843385361964155
2100-07-30,0.015839588392827727
2100-07-31,0.015835792682659305
2100-08-01,0.017934543302692407
2100-08-02,0.017930245270578855
2100-08-03,0.017925948526241322
2100-08-04,0.017921652576352563
2100-08-05,0.017917357779695837
2100-08-06,0.01791306407476541
2100-08-07,0.017908771253979744
2100-08-08,0.01790447934296621
2100-08-09,0.01790018860696796
2100-08-10,0.01789589889478371
2100-08-11,0.017891610416557516
2100-08-12,0.017887322600799352
2100-08-13,0.01788303566662298
2100-08-14,0.017878750516112575
2100-08-15,0.017874466058822716
2100-08-16,0.017870182329350396
2100-08-17,0.017865899706980968
2100-08-18,0.01786161838135683
2100-08-19,0.017857338039824287
2100-08-20,0.017853058499147513
2100-08-21,0.017848780133486026
2100-08-22,0.017844502621216177
2100-08-23,0.01784022640184785
2100-08-24,0.017835951125567063
2100-08-25,0.017831676810313207
2100-08-26,0.017827403600880955
2100-08-27,0.017823131260216674
2100-08-28,0.01781886004843847
2100-08-29,0.017814589842534943
2100-08-30,0.017810320737327495
2100-08-31,0.017806052398378753
2100-09-01,0.01386384685259187
2100-09-02,0.013860524177206185
2100-09-03,0.013857202616493862
2100-09-04,0.01385388172139184
2100-09-05,0.013850561928988137
2100-09-06,0.01497877573947696
2100-09-07,0.01385140396136495
2100-09-08,0.06638700184775899
2100-09-09,0.013844777419332635
2100-09-10,0.013833974530832113
2100-09-11,0.013830660265890702
2100-09-12,0.013827346448016156
2100-09-13,0.013824033730843996
2100-09-14,0.013820721488680203
2100-09-15,0.013817410181564774
2100-09-16,0.01381409890837854
2100-09-17,0.01381078893847176
2100-09-18,0.013807479533386147
2100-09-19,0.013804170889711163
2100-09-20,0.013800862859755163
2100-09-21,0.013797555890584838
2100-09-22,0.013794249562077168
2100-09-23,0.013790943980011586
2100-09-24,0.013787639237194045
2100-09-25,0.013784335247803682
2100-09-26,0.01378103200385766
2100-09-27,0.013777729449472021
2100-09-28,0.013774427855082665
2100-09-29,0.01377112681553492
2100-09-30,0.013767826680100369
2100-10-01,0.013601042082218188
2100-10-02,0.013597782741888022
2100-10-03,0.013594524068137739
2100-10-04,0.01359126629565005
2100-10-05,0.013588009259752598
2100-10-06,0.013584752832256991
2100-10-07,0.013581497541693629
2100-10-08,0.013578242756981447
2100-10-09,0.01357498894157038
2100-10-10,0.013571735661592215
2100-10-11,0.013568483416982056
2100-10-12,0.013565231763024325
2100-10-13,0.013561980833823843
2100-10-14,0.013558730873924563
2100-10-15,0.013555481684142182
2100-10-16,0.013552233105719376
2100-10-17,0.013548985627744427
2100-10-18,0.013545738740422081
2100-10-19,0.013542492550247425
2100-10-20,0.013539247140049546
2100-10-21,0.01353600259561639
2100-10-22,0.013532758807494702
2100-10-23,0.013529515863443904
2100-10-24,0.013526273431160786
2100-10-25,0.013523032121018833
2100-10-26,0.013519791413362223
2100-10-27,0.013516551288469987
2100-10-28,0.013513312433628548
2100-10-29,0.01351007401364159
2100-10-30,0.013506836284885738
2100-10-31,0.013503599580650717
2100-11-01,0.010596889450116722
2100-11-02,0.010594349956593014
2100-11-03,0.010591811078395508
2100-11-04,0.010589272965679105
2100-11-05,0.010586735245378455
2100-11-06,0.010771555791760704
2100-11-07,0.010581661860507996
2100-11-08,0.010579126017919537
2100-11-09,0.01348515781163663
2100-11-10,0.010574056310300036
2100-11-11,0.010571522377157453
2100-11-12,0.010568988899898078
2100-11-13,0.010566456197407719
2100-11-14,0.011025004468340276
2100-11-15,0.19593573799612496
2100-11-16,0.020424948309489543
2100-11-17,0.01960757050073011
2100-11-18,0.07557731756346255
2100-11-19,0.01456174992761623
2100-11-20,0.022539689255639064
2100-11-21,0.021048864478859033
2100-11-22,0.0220232695997556
2100-11-23,0.02057993255852188
2100-11-24,0.014976305844389798
2100-11-25,0.011781609668127677
2100-11-26,0.010533899961952042
2100-11-27,0.010531456876488699
2100-11-28,0.010529017880041526
2100-11-29,0.5446764720328318
2100-11-30,0.8119400416286301
2100-12-01,0.35976328217572123
2100-12-02,0.03471524472866195
2100-12-03,0.027661661223152115
2100-12-04,0.022508940579306393
2100-12-05,0.016482727782096966
2100-12-06,0.01328531017190593
2100-12-07,0.021303432080449287
2100-12-08,0.020622031573757704
2100-12-09,0.026346872553464133
2100-12-10,0.03175567502514342
2100-12-11,0.05748805798371052
2100-12-12,0.55832559177578
2100-12-13,0.045421912686116735
2100-12-14,0.03485947258390942
2100-12-15,0.03467046933671006
2100-12-16,0.01996036969596169
2100-12-17,0.013098121752919132
2100-12-18,0.01318159004116294
2100-12-19,0.016921294092557975
2100-12-20,0.013294207611283795
2100-12-21,0.07623867698557497
2100-12-22,0.04445242034568037
2100-12-23,0.029402324865843956
2100-12-24,0.03297831437866916
2100-12-25,0.031510760698428196
2100-12-26,0.04096151011673851
2100-12-27,0.0367973349034426
2100-12-28,0.05038012282856296
2100-12-29,0.05139890355204
2100-12-30,0.14208110915920907
2100-12-31,0.043424353113698876
